optimized states 272 speedup 1.2187169189459337 failed 0
[]
pr1-p32-c512 states 232 speedup 0.4152362502283813 failed 196
[
  {
    "config": "pr1-p32-c512",
    "group": "pr-workload",
    "state": "Device=0 min_width=0 max_width=32 num_rows=32768 workload=normal",
    "stable": "False",
    "descending": "False",
    "rounds": 3,
    "ratio": 1.8840685932798178,
    "ratio_ci_low": 1.779532441546627,
    "ratio_ci_high": 2.0338055922475675,
    "accepted": false,
    "axes": "{\"max_width\": \"32\", \"min_width\": \"0\", \"num_rows\": \"32768\", \"workload\": \"normal\"}"
  },
  {
    "config": "pr1-p32-c512",
    "group": "pr-workload",
    "state": "Device=0 min_width=0 max_width=64 num_rows=32768 workload=normal",
    "stable": "False",
    "descending": "False",
    "rounds": 3,
    "ratio": 2.032067940849577,
    "ratio_ci_low": 2.0068839534303375,
    "ratio_ci_high": 2.0542016217067456,
    "accepted": false,
    "axes": "{\"max_width\": \"64\", \"min_width\": \"0\", \"num_rows\": \"32768\", \"workload\": \"normal\"}"
  },
  {
    "config": "pr1-p32-c512",
    "group": "pr-workload",
    "state": "Device=0 min_width=0 max_width=128 num_rows=32768 workload=normal",
    "stable": "False",
    "descending": "False",
    "rounds": 3,
    "ratio": 2.1663261557590365,
    "ratio_ci_low": 2.13478826027838,
    "ratio_ci_high": 2.181880991469787,
    "accepted": false,
    "axes": "{\"max_width\": \"128\", \"min_width\": \"0\", \"num_rows\": \"32768\", \"workload\": \"normal\"}"
  },
  {
    "config": "pr1-p32-c512",
    "group": "pr-workload",
    "state": "Device=0 min_width=0 max_width=256 num_rows=32768 workload=normal",
    "stable": "False",
    "descending": "False",
    "rounds": 3,
    "ratio": 2.4033060357447056,
    "ratio_ci_low": 2.3774142881873326,
    "ratio_ci_high": 2.4140400105179287,
    "accepted": false,
    "axes": "{\"max_width\": \"256\", \"min_width\": \"0\", \"num_rows\": \"32768\", \"workload\": \"normal\"}"
  },
  {
    "config": "pr1-p32-c512",
    "group": "pr-workload",
    "state": "Device=0 min_width=0 max_width=32 num_rows=262144 workload=normal",
    "stable": "False",
    "descending": "False",
    "rounds": 3,
    "ratio": 1.2167374995660925,
    "ratio_ci_low": 1.1910229637237013,
    "ratio_ci_high": 1.24359298715003,
    "accepted": false,
    "axes": "{\"max_width\": \"32\", \"min_width\": \"0\", \"num_rows\": \"262144\", \"workload\": \"normal\"}"
  },
  {
    "config": "pr1-p32-c512",
    "group": "pr-workload",
    "state": "Device=0 min_width=0 max_width=64 num_rows=262144 workload=normal",
    "stable": "False",
    "descending": "False",
    "rounds": 3,
    "ratio": 1.317568998366115,
    "ratio_ci_low": 1.3059781606856415,
    "ratio_ci_high": 1.3331314646247667,
    "accepted": false,
    "axes": "{\"max_width\": \"64\", \"min_width\": \"0\", \"num_rows\": \"262144\", \"workload\": \"normal\"}"
  },
  {
    "config": "pr1-p32-c512",
    "group": "pr-workload",
    "state": "Device=0 min_width=0 max_width=128 num_rows=262144 workload=normal",
    "stable": "False",
    "descending": "False",
    "rounds": 3,
    "ratio": 1.401699864216206,
    "ratio_ci_low": 1.3773063444090694,
    "ratio_ci_high": 1.4182296643099397,
    "accepted": false,
    "axes": "{\"max_width\": \"128\", \"min_width\": \"0\", \"num_rows\": \"262144\", \"workload\": \"normal\"}"
  },
  {
    "config": "pr1-p32-c512",
    "group": "pr-workload",
    "state": "Device=0 min_width=0 max_width=256 num_rows=262144 workload=normal",
    "stable": "False",
    "descending": "False",
    "rounds": 3,
    "ratio": 1.7273723031989814,
    "ratio_ci_low": 1.6998633184017642,
    "ratio_ci_high": 1.7557453403645649,
    "accepted": false,
    "axes": "{\"max_width\": \"256\", \"min_width\": \"0\", \"num_rows\": \"262144\", \"workload\": \"normal\"}"
  },
  {
    "config": "pr1-p32-c512",
    "group": "pr-workload",
    "state": "Device=0 min_width=0 max_width=32 num_rows=2097152 workload=normal",
    "stable": "False",
    "descending": "False",
    "rounds": 3,
    "ratio": 1.3980977472736194,
    "ratio_ci_low": 1.3820767708799493,
    "ratio_ci_high": 1.410518973773884,
    "accepted": false,
    "axes": "{\"max_width\": \"32\", \"min_width\": \"0\", \"num_rows\": \"2097152\", \"workload\": \"normal\"}"
  },
  {
    "config": "pr1-p32-c512",
    "group": "pr-workload",
    "state": "Device=0 min_width=0 max_width=64 num_rows=2097152 workload=normal",
    "stable": "False",
    "descending": "False",
    "rounds": 3,
    "ratio": 1.8428665727110285,
    "ratio_ci_low": 1.8182422533597562,
    "ratio_ci_high": 1.8782072016487998,
    "accepted": false,
    "axes": "{\"max_width\": \"64\", \"min_width\": \"0\", \"num_rows\": \"2097152\", \"workload\": \"normal\"}"
  },
  {
    "config": "pr1-p32-c512",
    "group": "pr-workload",
    "state": "Device=0 min_width=0 max_width=128 num_rows=2097152 workload=normal",
    "stable": "False",
    "descending": "False",
    "rounds": 3,
    "ratio": 2.073722305730578,
    "ratio_ci_low": 2.0614053230150167,
    "ratio_ci_high": 2.079934997254068,
    "accepted": false,
    "axes": "{\"max_width\": \"128\", \"min_width\": \"0\", \"num_rows\": \"2097152\", \"workload\": \"normal\"}"
  },
  {
    "config": "pr1-p32-c512",
    "group": "pr-workload",
    "state": "Device=0 min_width=0 max_width=256 num_rows=2097152 workload=normal",
    "stable": "False",
    "descending": "False",
    "rounds": 3,
    "ratio": 1.8862667627693928,
    "ratio_ci_low": 1.8589111584626539,
    "ratio_ci_high": 1.9144329519759231,
    "accepted": false,
    "axes": "{\"max_width\": \"256\", \"min_width\": \"0\", \"num_rows\": \"2097152\", \"workload\": \"normal\"}"
  },
  {
    "config": "pr1-p32-c512",
    "group": "pr-workload",
    "state": "Device=0 min_width=0 max_width=32 num_rows=32768 workload=duplicates",
    "stable": "False",
    "descending": "False",
    "rounds": 3,
    "ratio": 3.150695897261455,
    "ratio_ci_low": 3.064116863671317,
    "ratio_ci_high": 3.234245287293492,
    "accepted": false,
    "axes": "{\"max_width\": \"32\", \"min_width\": \"0\", \"num_rows\": \"32768\", \"workload\": \"duplicates\"}"
  },
  {
    "config": "pr1-p32-c512",
    "group": "pr-workload",
    "state": "Device=0 min_width=0 max_width=64 num_rows=32768 workload=duplicates",
    "stable": "False",
    "descending": "False",
    "rounds": 3,
    "ratio": 4.259117364901868,
    "ratio_ci_low": 4.151804278868587,
    "ratio_ci_high": 4.343671540878067,
    "accepted": false,
    "axes": "{\"max_width\": \"64\", \"min_width\": \"0\", \"num_rows\": \"32768\", \"workload\": \"duplicates\"}"
  },
  {
    "config": "pr1-p32-c512",
    "group": "pr-workload",
    "state": "Device=0 min_width=0 max_width=128 num_rows=32768 workload=duplicates",
    "stable": "False",
    "descending": "False",
    "rounds": 3,
    "ratio": 5.210428959117099,
    "ratio_ci_low": 4.9545621300487905,
    "ratio_ci_high": 5.3729781733323865,
    "accepted": false,
    "axes": "{\"max_width\": \"128\", \"min_width\": \"0\", \"num_rows\": \"32768\", \"workload\": \"duplicates\"}"
  },
  {
    "config": "pr1-p32-c512",
    "group": "pr-workload",
    "state": "Device=0 min_width=0 max_width=256 num_rows=32768 workload=duplicates",
    "stable": "False",
    "descending": "False",
    "rounds": 3,
    "ratio": 5.527451826045503,
    "ratio_ci_low": 5.452020380564445,
    "ratio_ci_high": 5.609170600347685,
    "accepted": false,
    "axes": "{\"max_width\": \"256\", \"min_width\": \"0\", \"num_rows\": \"32768\", \"workload\": \"duplicates\"}"
  },
  {
    "config": "pr1-p32-c512",
    "group": "pr-workload",
    "state": "Device=0 min_width=0 max_width=32 num_rows=262144 workload=duplicates",
    "stable": "False",
    "descending": "False",
    "rounds": 3,
    "ratio": 1.6867516156007458,
    "ratio_ci_low": 1.6369601144439974,
    "ratio_ci_high": 1.7327035383684608,
    "accepted": false,
    "axes": "{\"max_width\": \"32\", \"min_width\": \"0\", \"num_rows\": \"262144\", \"workload\": \"duplicates\"}"
  },
  {
    "config": "pr1-p32-c512",
    "group": "pr-workload",
    "state": "Device=0 min_width=0 max_width=64 num_rows=262144 workload=duplicates",
    "stable": "False",
    "descending": "False",
    "rounds": 3,
    "ratio": 1.9813736587622,
    "ratio_ci_low": 1.8616144468500837,
    "ratio_ci_high": 2.095083989742742,
    "accepted": false,
    "axes": "{\"max_width\": \"64\", \"min_width\": \"0\", \"num_rows\": \"262144\", \"workload\": \"duplicates\"}"
  },
  {
    "config": "pr1-p32-c512",
    "group": "pr-workload",
    "state": "Device=0 min_width=0 max_width=128 num_rows=262144 workload=duplicates",
    "stable": "False",
    "descending": "False",
    "rounds": 3,
    "ratio": 2.443236599084349,
    "ratio_ci_low": 2.3587192928978,
    "ratio_ci_high": 2.5232980071575875,
    "accepted": false,
    "axes": "{\"max_width\": \"128\", \"min_width\": \"0\", \"num_rows\": \"262144\", \"workload\": \"duplicates\"}"
  },
  {
    "config": "pr1-p32-c512",
    "group": "pr-workload",
    "state": "Device=0 min_width=0 max_width=256 num_rows=262144 workload=duplicates",
    "stable": "False",
    "descending": "False",
    "rounds": 3,
    "ratio": 2.5092829568621187,
    "ratio_ci_low": 2.4162505450245706,
    "ratio_ci_high": 2.5959044711025845,
    "accepted": false,
    "axes": "{\"max_width\": \"256\", \"min_width\": \"0\", \"num_rows\": \"262144\", \"workload\": \"duplicates\"}"
  },
  {
    "config": "pr1-p32-c512",
    "group": "pr-workload",
    "state": "Device=0 min_width=0 max_width=128 num_rows=2097152 workload=duplicates",
    "stable": "False",
    "descending": "False",
    "rounds": 3,
    "ratio": 1.2345751352112562,
    "ratio_ci_low": 1.2277038371064577,
    "ratio_ci_high": 1.2400451324362147,
    "accepted": false,
    "axes": "{\"max_width\": \"128\", \"min_width\": \"0\", \"num_rows\": \"2097152\", \"workload\": \"duplicates\"}"
  },
  {
    "config": "pr1-p32-c512",
    "group": "pr-workload",
    "state": "Device=0 min_width=0 max_width=256 num_rows=2097152 workload=duplicates",
    "stable": "False",
    "descending": "False",
    "rounds": 3,
    "ratio": 1.3819572442963757,
    "ratio_ci_low": 1.3667562336725843,
    "ratio_ci_high": 1.4069296360519445,
    "accepted": false,
    "axes": "{\"max_width\": \"256\", \"min_width\": \"0\", \"num_rows\": \"2097152\", \"workload\": \"duplicates\"}"
  },
  {
    "config": "pr1-p32-c512",
    "group": "pr-workload",
    "state": "Device=0 min_width=0 max_width=32 num_rows=32768 workload=shared_prefix",
    "stable": "False",
    "descending": "False",
    "rounds": 3,
    "ratio": 2.7880439215400346,
    "ratio_ci_low": 2.749319700211992,
    "ratio_ci_high": 2.8386901742731117,
    "accepted": false,
    "axes": "{\"max_width\": \"32\", \"min_width\": \"0\", \"num_rows\": \"32768\", \"workload\": \"shared_prefix\"}"
  },
  {
    "config": "pr1-p32-c512",
    "group": "pr-workload",
    "state": "Device=0 min_width=0 max_width=64 num_rows=32768 workload=shared_prefix",
    "stable": "False",
    "descending": "False",
    "rounds": 3,
    "ratio": 3.203850412119332,
    "ratio_ci_low": 3.158920137266825,
    "ratio_ci_high": 3.2351214573423723,
    "accepted": false,
    "axes": "{\"max_width\": \"64\", \"min_width\": \"0\", \"num_rows\": \"32768\", \"workload\": \"shared_prefix\"}"
  },
  {
    "config": "pr1-p32-c512",
    "group": "pr-workload",
    "state": "Device=0 min_width=0 max_width=128 num_rows=32768 workload=shared_prefix",
    "stable": "False",
    "descending": "False",
    "rounds": 3,
    "ratio": 3.331528264097625,
    "ratio_ci_low": 3.2706846435577526,
    "ratio_ci_high": 3.3650730683134267,
    "accepted": false,
    "axes": "{\"max_width\": \"128\", \"min_width\": \"0\", \"num_rows\": \"32768\", \"workload\": \"shared_prefix\"}"
  },
  {
    "config": "pr1-p32-c512",
    "group": "pr-workload",
    "state": "Device=0 min_width=0 max_width=256 num_rows=32768 workload=shared_prefix",
    "stable": "False",
    "descending": "False",
    "rounds": 3,
    "ratio": 2.5751564945023913,
    "ratio_ci_low": 2.52545475044272,
    "ratio_ci_high": 2.609368131295824,
    "accepted": false,
    "axes": "{\"max_width\": \"256\", \"min_width\": \"0\", \"num_rows\": \"32768\", \"workload\": \"shared_prefix\"}"
  },
  {
    "config": "pr1-p32-c512",
    "group": "pr-workload",
    "state": "Device=0 min_width=0 max_width=32 num_rows=262144 workload=shared_prefix",
    "stable": "False",
    "descending": "False",
    "rounds": 3,
    "ratio": 9.386690932464072,
    "ratio_ci_low": 9.317145748966416,
    "ratio_ci_high": 9.444510117544443,
    "accepted": false,
    "axes": "{\"max_width\": \"32\", \"min_width\": \"0\", \"num_rows\": \"262144\", \"workload\": \"shared_prefix\"}"
  },
  {
    "config": "pr1-p32-c512",
    "group": "pr-workload",
    "state": "Device=0 min_width=0 max_width=64 num_rows=262144 workload=shared_prefix",
    "stable": "False",
    "descending": "False",
    "rounds": 3,
    "ratio": 10.220094266136707,
    "ratio_ci_low": 10.149315710233536,
    "ratio_ci_high": 10.270377938196495,
    "accepted": false,
    "axes": "{\"max_width\": \"64\", \"min_width\": \"0\", \"num_rows\": \"262144\", \"workload\": \"shared_prefix\"}"
  },
  {
    "config": "pr1-p32-c512",
    "group": "pr-workload",
    "state": "Device=0 min_width=0 max_width=128 num_rows=262144 workload=shared_prefix",
    "stable": "False",
    "descending": "False",
    "rounds": 3,
    "ratio": 9.22566251058672,
    "ratio_ci_low": 9.110635885540011,
    "ratio_ci_high": 9.314536481254946,
    "accepted": false,
    "axes": "{\"max_width\": \"128\", \"min_width\": \"0\", \"num_rows\": \"262144\", \"workload\": \"shared_prefix\"}"
  },
  {
    "config": "pr1-p32-c512",
    "group": "pr-workload",
    "state": "Device=0 min_width=0 max_width=256 num_rows=262144 workload=shared_prefix",
    "stable": "False",
    "descending": "False",
    "rounds": 3,
    "ratio": 6.307514127988117,
    "ratio_ci_low": 6.303744929042868,
    "ratio_ci_high": 6.311177351163167,
    "accepted": false,
    "axes": "{\"max_width\": \"256\", \"min_width\": \"0\", \"num_rows\": \"262144\", \"workload\": \"shared_prefix\"}"
  },
  {
    "config": "pr1-p32-c512",
    "group": "pr-workload",
    "state": "Device=0 min_width=0 max_width=32 num_rows=2097152 workload=shared_prefix",
    "stable": "False",
    "descending": "False",
    "rounds": 3,
    "ratio": 12.071218389846283,
    "ratio_ci_low": 12.050958718383804,
    "ratio_ci_high": 12.083895747324881,
    "accepted": false,
    "axes": "{\"max_width\": \"32\", \"min_width\": \"0\", \"num_rows\": \"2097152\", \"workload\": \"shared_prefix\"}"
  },
  {
    "config": "pr1-p32-c512",
    "group": "pr-workload",
    "state": "Device=0 min_width=0 max_width=64 num_rows=2097152 workload=shared_prefix",
    "stable": "False",
    "descending": "False",
    "rounds": 3,
    "ratio": 12.942197644461523,
    "ratio_ci_low": 12.916546546928494,
    "ratio_ci_high": 12.96616663330851,
    "accepted": false,
    "axes": "{\"max_width\": \"64\", \"min_width\": \"0\", \"num_rows\": \"2097152\", \"workload\": \"shared_prefix\"}"
  },
  {
    "config": "pr1-p32-c512",
    "group": "pr-workload",
    "state": "Device=0 min_width=0 max_width=128 num_rows=2097152 workload=shared_prefix",
    "stable": "False",
    "descending": "False",
    "rounds": 3,
    "ratio": 11.391072684309886,
    "ratio_ci_low": 11.383844528214317,
    "ratio_ci_high": 11.399918483901898,
    "accepted": false,
    "axes": "{\"max_width\": \"128\", \"min_width\": \"0\", \"num_rows\": \"2097152\", \"workload\": \"shared_prefix\"}"
  },
  {
    "config": "pr1-p32-c512",
    "group": "pr-workload",
    "state": "Device=0 min_width=0 max_width=256 num_rows=2097152 workload=shared_prefix",
    "stable": "False",
    "descending": "False",
    "rounds": 3,
    "ratio": 10.611266272890278,
    "ratio_ci_low": 10.603114872302688,
    "ratio_ci_high": 10.622551579813658,
    "accepted": false,
    "axes": "{\"max_width\": \"256\", \"min_width\": \"0\", \"num_rows\": \"2097152\", \"workload\": \"shared_prefix\"}"
  },
  {
    "config": "pr1-p32-c512",
    "group": "pr-workload",
    "state": "Device=0 min_width=0 max_width=32 num_rows=32768 workload=variable",
    "stable": "False",
    "descending": "False",
    "rounds": 3,
    "ratio": 1.6385943110298125,
    "ratio_ci_low": 1.591997633055039,
    "ratio_ci_high": 1.6773256815709034,
    "accepted": false,
    "axes": "{\"max_width\": \"32\", \"min_width\": \"0\", \"num_rows\": \"32768\", \"workload\": \"variable\"}"
  },
  {
    "config": "pr1-p32-c512",
    "group": "pr-workload",
    "state": "Device=0 min_width=0 max_width=64 num_rows=32768 workload=variable",
    "stable": "False",
    "descending": "False",
    "rounds": 3,
    "ratio": 1.6996938905575443,
    "ratio_ci_low": 1.642558182105168,
    "ratio_ci_high": 1.7643501782733355,
    "accepted": false,
    "axes": "{\"max_width\": \"64\", \"min_width\": \"0\", \"num_rows\": \"32768\", \"workload\": \"variable\"}"
  },
  {
    "config": "pr1-p32-c512",
    "group": "pr-workload",
    "state": "Device=0 min_width=0 max_width=128 num_rows=32768 workload=variable",
    "stable": "False",
    "descending": "False",
    "rounds": 3,
    "ratio": 1.969099504623356,
    "ratio_ci_low": 1.8672435294659409,
    "ratio_ci_high": 2.082128056014099,
    "accepted": false,
    "axes": "{\"max_width\": \"128\", \"min_width\": \"0\", \"num_rows\": \"32768\", \"workload\": \"variable\"}"
  },
  {
    "config": "pr1-p32-c512",
    "group": "pr-workload",
    "state": "Device=0 min_width=0 max_width=256 num_rows=32768 workload=variable",
    "stable": "False",
    "descending": "False",
    "rounds": 3,
    "ratio": 2.1288930708787976,
    "ratio_ci_low": 1.9967340969438152,
    "ratio_ci_high": 2.264186395706916,
    "accepted": false,
    "axes": "{\"max_width\": \"256\", \"min_width\": \"0\", \"num_rows\": \"32768\", \"workload\": \"variable\"}"
  },
  {
    "config": "pr1-p32-c512",
    "group": "pr-workload",
    "state": "Device=0 min_width=0 max_width=32 num_rows=262144 workload=variable",
    "stable": "False",
    "descending": "False",
    "rounds": 3,
    "ratio": 1.3322535232980752,
    "ratio_ci_low": 1.3022487308702473,
    "ratio_ci_high": 1.3607144481184426,
    "accepted": false,
    "axes": "{\"max_width\": \"32\", \"min_width\": \"0\", \"num_rows\": \"262144\", \"workload\": \"variable\"}"
  },
  {
    "config": "pr1-p32-c512",
    "group": "pr-workload",
    "state": "Device=0 min_width=0 max_width=64 num_rows=262144 workload=variable",
    "stable": "False",
    "descending": "False",
    "rounds": 3,
    "ratio": 1.3888114589582166,
    "ratio_ci_low": 1.362308453626353,
    "ratio_ci_high": 1.4068030029160716,
    "accepted": false,
    "axes": "{\"max_width\": \"64\", \"min_width\": \"0\", \"num_rows\": \"262144\", \"workload\": \"variable\"}"
  },
  {
    "config": "pr1-p32-c512",
    "group": "pr-workload",
    "state": "Device=0 min_width=0 max_width=128 num_rows=262144 workload=variable",
    "stable": "False",
    "descending": "False",
    "rounds": 3,
    "ratio": 1.4269016055478518,
    "ratio_ci_low": 1.3564029334362517,
    "ratio_ci_high": 1.5217763150623478,
    "accepted": false,
    "axes": "{\"max_width\": \"128\", \"min_width\": \"0\", \"num_rows\": \"262144\", \"workload\": \"variable\"}"
  },
  {
    "config": "pr1-p32-c512",
    "group": "pr-workload",
    "state": "Device=0 min_width=0 max_width=256 num_rows=262144 workload=variable",
    "stable": "False",
    "descending": "False",
    "rounds": 3,
    "ratio": 1.6766661235342541,
    "ratio_ci_low": 1.5553011237958174,
    "ratio_ci_high": 1.7819620954989421,
    "accepted": false,
    "axes": "{\"max_width\": \"256\", \"min_width\": \"0\", \"num_rows\": \"262144\", \"workload\": \"variable\"}"
  },
  {
    "config": "pr1-p32-c512",
    "group": "pr-workload",
    "state": "Device=0 min_width=0 max_width=32 num_rows=2097152 workload=variable",
    "stable": "False",
    "descending": "False",
    "rounds": 3,
    "ratio": 1.611257784362291,
    "ratio_ci_low": 1.569783989808136,
    "ratio_ci_high": 1.6451036932758776,
    "accepted": false,
    "axes": "{\"max_width\": \"32\", \"min_width\": \"0\", \"num_rows\": \"2097152\", \"workload\": \"variable\"}"
  },
  {
    "config": "pr1-p32-c512",
    "group": "pr-workload",
    "state": "Device=0 min_width=0 max_width=64 num_rows=2097152 workload=variable",
    "stable": "False",
    "descending": "False",
    "rounds": 3,
    "ratio": 1.5636620115240039,
    "ratio_ci_low": 1.5371095461787745,
    "ratio_ci_high": 1.5813347957393307,
    "accepted": false,
    "axes": "{\"max_width\": \"64\", \"min_width\": \"0\", \"num_rows\": \"2097152\", \"workload\": \"variable\"}"
  },
  {
    "config": "pr1-p32-c512",
    "group": "pr-workload",
    "state": "Device=0 min_width=0 max_width=128 num_rows=2097152 workload=variable",
    "stable": "False",
    "descending": "False",
    "rounds": 3,
    "ratio": 1.4944881237074643,
    "ratio_ci_low": 1.4590120006824912,
    "ratio_ci_high": 1.525462588497053,
    "accepted": false,
    "axes": "{\"max_width\": \"128\", \"min_width\": \"0\", \"num_rows\": \"2097152\", \"workload\": \"variable\"}"
  },
  {
    "config": "pr1-p32-c512",
    "group": "pr-workload",
    "state": "Device=0 min_width=0 max_width=256 num_rows=2097152 workload=variable",
    "stable": "False",
    "descending": "False",
    "rounds": 3,
    "ratio": 1.4344552384116542,
    "ratio_ci_low": 1.3981501227473232,
    "ratio_ci_high": 1.4823728160121945,
    "accepted": false,
    "axes": "{\"max_width\": \"256\", \"min_width\": \"0\", \"num_rows\": \"2097152\", \"workload\": \"variable\"}"
  },
  {
    "config": "pr1-p32-c512",
    "group": "pr-zero-collisions",
    "state": "Device=0 num_rows=32768 profile=zero_collision_pass1",
    "stable": "False",
    "descending": "False",
    "rounds": 3,
    "ratio": 2.7376666027848398,
    "ratio_ci_low": 2.580158568087763,
    "ratio_ci_high": 2.9821376441735965,
    "accepted": false,
    "axes": "{\"num_rows\": \"32768\", \"profile\": \"zero_collision_pass1\"}"
  },
  {
    "config": "pr1-p32-c512",
    "group": "pr-zero-collisions",
    "state": "Device=0 num_rows=32768 profile=zero_collision_pass2",
    "stable": "False",
    "descending": "False",
    "rounds": 3,
    "ratio": 2.9071390847499234,
    "ratio_ci_low": 2.865004923943677,
    "ratio_ci_high": 2.9774284418966444,
    "accepted": false,
    "axes": "{\"num_rows\": \"32768\", \"profile\": \"zero_collision_pass2\"}"
  },
  {
    "config": "pr1-p32-c512",
    "group": "pr-source",
    "state": "Device=0 num_rows=262144 profile=unique_32",
    "stable": "False",
    "descending": "False",
    "rounds": 3,
    "ratio": 11.696030242678349,
    "ratio_ci_low": 11.38085437558882,
    "ratio_ci_high": 11.963812834973055,
    "accepted": false,
    "axes": "{\"num_rows\": \"262144\", \"profile\": \"unique_32\"}"
  },
  {
    "config": "pr1-p32-c512",
    "group": "pr-source",
    "state": "Device=0 num_rows=2097152 profile=unique_32",
    "stable": "False",
    "descending": "False",
    "rounds": 3,
    "ratio": 20.34231825323653,
    "ratio_ci_low": 20.287191889900797,
    "ratio_ci_high": 20.381032067885,
    "accepted": false,
    "axes": "{\"num_rows\": \"2097152\", \"profile\": \"unique_32\"}"
  },
  {
    "config": "pr1-p32-c512",
    "group": "pr-source",
    "state": "Device=0 num_rows=262144 profile=duplicates_32",
    "stable": "False",
    "descending": "False",
    "rounds": 3,
    "ratio": 8.087928497037383,
    "ratio_ci_low": 7.924538406722097,
    "ratio_ci_high": 8.25294758724953,
    "accepted": false,
    "axes": "{\"num_rows\": \"262144\", \"profile\": \"duplicates_32\"}"
  },
  {
    "config": "pr1-p32-c512",
    "group": "pr-source",
    "state": "Device=0 num_rows=2097152 profile=duplicates_32",
    "stable": "False",
    "descending": "False",
    "rounds": 3,
    "ratio": 12.91097299650389,
    "ratio_ci_low": 12.874683005158815,
    "ratio_ci_high": 12.939325057110059,
    "accepted": false,
    "axes": "{\"num_rows\": \"2097152\", \"profile\": \"duplicates_32\"}"
  },
  {
    "config": "pr1-p32-c512",
    "group": "pr-source",
    "state": "Device=0 num_rows=262144 profile=shared_prefix_24",
    "stable": "False",
    "descending": "False",
    "rounds": 3,
    "ratio": 11.652320146953537,
    "ratio_ci_low": 11.514616380623393,
    "ratio_ci_high": 11.801013232462383,
    "accepted": false,
    "axes": "{\"num_rows\": \"262144\", \"profile\": \"shared_prefix_24\"}"
  },
  {
    "config": "pr1-p32-c512",
    "group": "pr-source",
    "state": "Device=0 num_rows=2097152 profile=shared_prefix_24",
    "stable": "False",
    "descending": "False",
    "rounds": 3,
    "ratio": 20.34117465259422,
    "ratio_ci_low": 20.23160333024493,
    "ratio_ci_high": 20.42565451783119,
    "accepted": false,
    "axes": "{\"num_rows\": \"2097152\", \"profile\": \"shared_prefix_24\"}"
  },
  {
    "config": "pr1-p32-c512",
    "group": "pr-source",
    "state": "Device=0 num_rows=262144 profile=raw_unique_40",
    "stable": "False",
    "descending": "False",
    "rounds": 3,
    "ratio": 1.2706961494857225,
    "ratio_ci_low": 1.181209458429864,
    "ratio_ci_high": 1.4102179901755876,
    "accepted": false,
    "axes": "{\"num_rows\": \"262144\", \"profile\": \"raw_unique_40\"}"
  },
  {
    "config": "pr1-p32-c512",
    "group": "pr-source",
    "state": "Device=0 num_rows=2097152 profile=raw_unique_40",
    "stable": "False",
    "descending": "False",
    "rounds": 3,
    "ratio": 1.1091252200512955,
    "ratio_ci_low": 1.0826006283745848,
    "ratio_ci_high": 1.1459387635787108,
    "accepted": false,
    "axes": "{\"num_rows\": \"2097152\", \"profile\": \"raw_unique_40\"}"
  },
  {
    "config": "pr1-p32-c512",
    "group": "pr-source",
    "state": "Device=0 num_rows=262144 profile=raw_duplicates_40",
    "stable": "False",
    "descending": "False",
    "rounds": 3,
    "ratio": 1.4121323912122172,
    "ratio_ci_low": 1.3260216539785474,
    "ratio_ci_high": 1.5373610032053084,
    "accepted": false,
    "axes": "{\"num_rows\": \"262144\", \"profile\": \"raw_duplicates_40\"}"
  },
  {
    "config": "pr1-p32-c512",
    "group": "pr-source",
    "state": "Device=0 num_rows=262144 profile=raw_shared_prefix_24_width_40",
    "stable": "False",
    "descending": "False",
    "rounds": 3,
    "ratio": 10.522201375947958,
    "ratio_ci_low": 10.341603339674476,
    "ratio_ci_high": 10.674775497240065,
    "accepted": false,
    "axes": "{\"num_rows\": \"262144\", \"profile\": \"raw_shared_prefix_24_width_40\"}"
  },
  {
    "config": "pr1-p32-c512",
    "group": "pr-source",
    "state": "Device=0 num_rows=2097152 profile=raw_shared_prefix_24_width_40",
    "stable": "False",
    "descending": "False",
    "rounds": 3,
    "ratio": 11.617725407194074,
    "ratio_ci_low": 11.59789434902205,
    "ratio_ci_high": 11.640264104172704,
    "accepted": false,
    "axes": "{\"num_rows\": \"2097152\", \"profile\": \"raw_shared_prefix_24_width_40\"}"
  },
  {
    "config": "pr1-p32-c512",
    "group": "constant",
    "state": "Device=0 num_rows=262144 prefix_width=32 suffix_width=0 prefix_cardinality=1",
    "stable": "False",
    "descending": "False",
    "rounds": 3,
    "ratio": 9.641658035766653,
    "ratio_ci_low": 9.51108496763551,
    "ratio_ci_high": 9.833267120474192,
    "accepted": false,
    "axes": "{\"num_rows\": \"262144\", \"prefix_cardinality\": \"1\", \"prefix_width\": \"32\", \"suffix_width\": \"0\"}"
  },
  {
    "config": "pr1-p32-c512",
    "group": "constant",
    "state": "Device=0 num_rows=2097152 prefix_width=32 suffix_width=0 prefix_cardinality=1",
    "stable": "False",
    "descending": "False",
    "rounds": 3,
    "ratio": 17.75990879188104,
    "ratio_ci_low": 17.694030768522655,
    "ratio_ci_high": 17.853154050016975,
    "accepted": false,
    "axes": "{\"num_rows\": \"2097152\", \"prefix_cardinality\": \"1\", \"prefix_width\": \"32\", \"suffix_width\": \"0\"}"
  },
  {
    "config": "pr1-p32-c512",
    "group": "target",
    "state": "Device=0 num_rows=262144 max_width=128 cardinality=1",
    "stable": "False",
    "descending": "False",
    "rounds": 3,
    "ratio": 18.98081878018573,
    "ratio_ci_low": 18.73757570623899,
    "ratio_ci_high": 19.11651744216799,
    "accepted": false,
    "axes": "{\"cardinality\": \"1\", \"max_width\": \"128\", \"num_rows\": \"262144\"}"
  },
  {
    "config": "pr1-p32-c512",
    "group": "target",
    "state": "Device=0 num_rows=2097152 max_width=128 cardinality=1",
    "stable": "False",
    "descending": "False",
    "rounds": 3,
    "ratio": 29.927095047328343,
    "ratio_ci_low": 29.83806399454333,
    "ratio_ci_high": 30.02822996161152,
    "accepted": false,
    "axes": "{\"cardinality\": \"1\", \"max_width\": \"128\", \"num_rows\": \"2097152\"}"
  },
  {
    "config": "pr1-p32-c512",
    "group": "target",
    "state": "Device=0 num_rows=262144 max_width=32 cardinality=64",
    "stable": "False",
    "descending": "False",
    "rounds": 3,
    "ratio": 1.6348229986017968,
    "ratio_ci_low": 1.5873202369559731,
    "ratio_ci_high": 1.6865140966831127,
    "accepted": false,
    "axes": "{\"cardinality\": \"64\", \"max_width\": \"32\", \"num_rows\": \"262144\"}"
  },
  {
    "config": "pr1-p32-c512",
    "group": "target",
    "state": "Device=0 num_rows=262144 max_width=128 cardinality=64",
    "stable": "False",
    "descending": "False",
    "rounds": 3,
    "ratio": 2.424258263787614,
    "ratio_ci_low": 2.3875135427512353,
    "ratio_ci_high": 2.461938001494473,
    "accepted": false,
    "axes": "{\"cardinality\": \"64\", \"max_width\": \"128\", \"num_rows\": \"262144\"}"
  },
  {
    "config": "pr1-p32-c512",
    "group": "target",
    "state": "Device=0 num_rows=2097152 max_width=128 cardinality=64",
    "stable": "False",
    "descending": "False",
    "rounds": 3,
    "ratio": 1.1450299816321996,
    "ratio_ci_low": 1.1250591300571646,
    "ratio_ci_high": 1.166263601037583,
    "accepted": false,
    "axes": "{\"cardinality\": \"64\", \"max_width\": \"128\", \"num_rows\": \"2097152\"}"
  },
  {
    "config": "pr1-p32-c512",
    "group": "target",
    "state": "Device=0 num_rows=262144 max_width=32 cardinality=0",
    "stable": "False",
    "descending": "False",
    "rounds": 3,
    "ratio": 1.309054444402775,
    "ratio_ci_low": 1.279055811176888,
    "ratio_ci_high": 1.34555804101862,
    "accepted": false,
    "axes": "{\"cardinality\": \"0\", \"max_width\": \"32\", \"num_rows\": \"262144\"}"
  },
  {
    "config": "pr1-p32-c512",
    "group": "target",
    "state": "Device=0 num_rows=2097152 max_width=32 cardinality=0",
    "stable": "False",
    "descending": "False",
    "rounds": 3,
    "ratio": 1.5931103297813243,
    "ratio_ci_low": 1.5577358650600903,
    "ratio_ci_high": 1.6252672381716444,
    "accepted": false,
    "axes": "{\"cardinality\": \"0\", \"max_width\": \"32\", \"num_rows\": \"2097152\"}"
  },
  {
    "config": "pr1-p32-c512",
    "group": "target",
    "state": "Device=0 num_rows=262144 max_width=128 cardinality=0",
    "stable": "False",
    "descending": "False",
    "rounds": 3,
    "ratio": 1.402062679454493,
    "ratio_ci_low": 1.345121173468554,
    "ratio_ci_high": 1.4554592456096798,
    "accepted": false,
    "axes": "{\"cardinality\": \"0\", \"max_width\": \"128\", \"num_rows\": \"262144\"}"
  },
  {
    "config": "pr1-p32-c512",
    "group": "target",
    "state": "Device=0 num_rows=2097152 max_width=128 cardinality=0",
    "stable": "False",
    "descending": "False",
    "rounds": 3,
    "ratio": 1.4827033968514753,
    "ratio_ci_low": 1.4460558605522782,
    "ratio_ci_high": 1.5113673261209402,
    "accepted": false,
    "axes": "{\"cardinality\": \"0\", \"max_width\": \"128\", \"num_rows\": \"2097152\"}"
  },
  {
    "config": "pr1-p32-c512",
    "group": "target",
    "state": "Device=0 num_rows=262144 prefix_width=4 suffix_width=32 prefix_cardinality=1",
    "stable": "False",
    "descending": "False",
    "rounds": 3,
    "ratio": 1.4997216867929772,
    "ratio_ci_low": 1.40498242024799,
    "ratio_ci_high": 1.5908001604800366,
    "accepted": false,
    "axes": "{\"num_rows\": \"262144\", \"prefix_cardinality\": \"1\", \"prefix_width\": \"4\", \"suffix_width\": \"32\"}"
  },
  {
    "config": "pr1-p32-c512",
    "group": "target",
    "state": "Device=0 num_rows=2097152 prefix_width=4 suffix_width=32 prefix_cardinality=1",
    "stable": "False",
    "descending": "False",
    "rounds": 3,
    "ratio": 2.4850740663527278,
    "ratio_ci_low": 2.4143935410727946,
    "ratio_ci_high": 2.5412181426881215,
    "accepted": false,
    "axes": "{\"num_rows\": \"2097152\", \"prefix_cardinality\": \"1\", \"prefix_width\": \"4\", \"suffix_width\": \"32\"}"
  },
  {
    "config": "pr1-p32-c512",
    "group": "target",
    "state": "Device=0 num_rows=262144 prefix_width=8 suffix_width=32 prefix_cardinality=1",
    "stable": "False",
    "descending": "False",
    "rounds": 3,
    "ratio": 6.99246930438731,
    "ratio_ci_low": 6.9097544247359135,
    "ratio_ci_high": 7.071745708524659,
    "accepted": false,
    "axes": "{\"num_rows\": \"262144\", \"prefix_cardinality\": \"1\", \"prefix_width\": \"8\", \"suffix_width\": \"32\"}"
  },
  {
    "config": "pr1-p32-c512",
    "group": "target",
    "state": "Device=0 num_rows=2097152 prefix_width=8 suffix_width=32 prefix_cardinality=1",
    "stable": "False",
    "descending": "False",
    "rounds": 3,
    "ratio": 8.122625254178228,
    "ratio_ci_low": 8.082508420958698,
    "ratio_ci_high": 8.175449596439195,
    "accepted": false,
    "axes": "{\"num_rows\": \"2097152\", \"prefix_cardinality\": \"1\", \"prefix_width\": \"8\", \"suffix_width\": \"32\"}"
  },
  {
    "config": "pr1-p32-c512",
    "group": "target",
    "state": "Device=0 num_rows=262144 prefix_width=10 suffix_width=32 prefix_cardinality=1",
    "stable": "False",
    "descending": "False",
    "rounds": 3,
    "ratio": 5.596478142855316,
    "ratio_ci_low": 5.559803786427228,
    "ratio_ci_high": 5.628930113901228,
    "accepted": false,
    "axes": "{\"num_rows\": \"262144\", \"prefix_cardinality\": \"1\", \"prefix_width\": \"10\", \"suffix_width\": \"32\"}"
  },
  {
    "config": "pr1-p32-c512",
    "group": "target",
    "state": "Device=0 num_rows=2097152 prefix_width=10 suffix_width=32 prefix_cardinality=1",
    "stable": "False",
    "descending": "False",
    "rounds": 3,
    "ratio": 6.70751839082979,
    "ratio_ci_low": 6.675941843845863,
    "ratio_ci_high": 6.736340744321254,
    "accepted": false,
    "axes": "{\"num_rows\": \"2097152\", \"prefix_cardinality\": \"1\", \"prefix_width\": \"10\", \"suffix_width\": \"32\"}"
  },
  {
    "config": "pr1-p32-c512",
    "group": "target",
    "state": "Device=0 num_rows=262144 prefix_width=11 suffix_width=32 prefix_cardinality=1",
    "stable": "False",
    "descending": "False",
    "rounds": 3,
    "ratio": 5.2132198321166,
    "ratio_ci_low": 5.150841682131886,
    "ratio_ci_high": 5.260752001106627,
    "accepted": false,
    "axes": "{\"num_rows\": \"262144\", \"prefix_cardinality\": \"1\", \"prefix_width\": \"11\", \"suffix_width\": \"32\"}"
  },
  {
    "config": "pr1-p32-c512",
    "group": "target",
    "state": "Device=0 num_rows=2097152 prefix_width=11 suffix_width=32 prefix_cardinality=1",
    "stable": "False",
    "descending": "False",
    "rounds": 3,
    "ratio": 6.284087805625089,
    "ratio_ci_low": 6.262077114704064,
    "ratio_ci_high": 6.309023867760124,
    "accepted": false,
    "axes": "{\"num_rows\": \"2097152\", \"prefix_cardinality\": \"1\", \"prefix_width\": \"11\", \"suffix_width\": \"32\"}"
  },
  {
    "config": "pr1-p32-c512",
    "group": "target",
    "state": "Device=0 num_rows=262144 prefix_width=12 suffix_width=32 prefix_cardinality=1",
    "stable": "False",
    "descending": "False",
    "rounds": 3,
    "ratio": 4.802427679193518,
    "ratio_ci_low": 4.746390855284874,
    "ratio_ci_high": 4.859505961030551,
    "accepted": false,
    "axes": "{\"num_rows\": \"262144\", \"prefix_cardinality\": \"1\", \"prefix_width\": \"12\", \"suffix_width\": \"32\"}"
  },
  {
    "config": "pr1-p32-c512",
    "group": "target",
    "state": "Device=0 num_rows=2097152 prefix_width=12 suffix_width=32 prefix_cardinality=1",
    "stable": "False",
    "descending": "False",
    "rounds": 3,
    "ratio": 5.90731324916106,
    "ratio_ci_low": 5.890967806297556,
    "ratio_ci_high": 5.9262705139521294,
    "accepted": false,
    "axes": "{\"num_rows\": \"2097152\", \"prefix_cardinality\": \"1\", \"prefix_width\": \"12\", \"suffix_width\": \"32\"}"
  },
  {
    "config": "pr1-p32-c512",
    "group": "target",
    "state": "Device=0 num_rows=262144 prefix_width=64 suffix_width=32 prefix_cardinality=1",
    "stable": "False",
    "descending": "False",
    "rounds": 3,
    "ratio": 9.324396103881421,
    "ratio_ci_low": 9.305215882967339,
    "ratio_ci_high": 9.349119667688276,
    "accepted": false,
    "axes": "{\"num_rows\": \"262144\", \"prefix_cardinality\": \"1\", \"prefix_width\": \"64\", \"suffix_width\": \"32\"}"
  },
  {
    "config": "pr1-p32-c512",
    "group": "target",
    "state": "Device=0 num_rows=2097152 prefix_width=64 suffix_width=32 prefix_cardinality=1",
    "stable": "False",
    "descending": "False",
    "rounds": 3,
    "ratio": 11.124783298071815,
    "ratio_ci_low": 11.121383992062027,
    "ratio_ci_high": 11.129299770179387,
    "accepted": false,
    "axes": "{\"num_rows\": \"2097152\", \"prefix_cardinality\": \"1\", \"prefix_width\": \"64\", \"suffix_width\": \"32\"}"
  },
  {
    "config": "pr1-p32-c512",
    "group": "target",
    "state": "Device=0 num_rows=262144 prefix_width=4 suffix_width=32 prefix_cardinality=64",
    "stable": "False",
    "descending": "False",
    "rounds": 3,
    "ratio": 1.692138971573845,
    "ratio_ci_low": 1.601632806188089,
    "ratio_ci_high": 1.7711177097877087,
    "accepted": false,
    "axes": "{\"num_rows\": \"262144\", \"prefix_cardinality\": \"64\", \"prefix_width\": \"4\", \"suffix_width\": \"32\"}"
  },
  {
    "config": "pr1-p32-c512",
    "group": "target",
    "state": "Device=0 num_rows=2097152 prefix_width=4 suffix_width=32 prefix_cardinality=64",
    "stable": "False",
    "descending": "False",
    "rounds": 3,
    "ratio": 1.419819644099925,
    "ratio_ci_low": 1.3904483940567032,
    "ratio_ci_high": 1.4500446195262706,
    "accepted": false,
    "axes": "{\"num_rows\": \"2097152\", \"prefix_cardinality\": \"64\", \"prefix_width\": \"4\", \"suffix_width\": \"32\"}"
  },
  {
    "config": "pr1-p32-c512",
    "group": "target",
    "state": "Device=0 num_rows=262144 prefix_width=8 suffix_width=32 prefix_cardinality=64",
    "stable": "False",
    "descending": "False",
    "rounds": 3,
    "ratio": 1.2033668735750729,
    "ratio_ci_low": 1.1752575308517477,
    "ratio_ci_high": 1.2331954360507877,
    "accepted": false,
    "axes": "{\"num_rows\": \"262144\", \"prefix_cardinality\": \"64\", \"prefix_width\": \"8\", \"suffix_width\": \"32\"}"
  },
  {
    "config": "pr1-p32-c512",
    "group": "target",
    "state": "Device=0 num_rows=262144 prefix_width=10 suffix_width=32 prefix_cardinality=64",
    "stable": "False",
    "descending": "False",
    "rounds": 3,
    "ratio": 1.1019023895058253,
    "ratio_ci_low": 1.0706395056751998,
    "ratio_ci_high": 1.126529653304055,
    "accepted": false,
    "axes": "{\"num_rows\": \"262144\", \"prefix_cardinality\": \"64\", \"prefix_width\": \"10\", \"suffix_width\": \"32\"}"
  },
  {
    "config": "pr1-p32-c512",
    "group": "target",
    "state": "Device=0 num_rows=262144 prefix_width=11 suffix_width=32 prefix_cardinality=64",
    "stable": "False",
    "descending": "False",
    "rounds": 3,
    "ratio": 1.058197676336071,
    "ratio_ci_low": 1.0238414109824,
    "ratio_ci_high": 1.0871084600494143,
    "accepted": false,
    "axes": "{\"num_rows\": \"262144\", \"prefix_cardinality\": \"64\", \"prefix_width\": \"11\", \"suffix_width\": \"32\"}"
  },
  {
    "config": "pr1-p32-c512",
    "group": "target",
    "state": "Device=0 num_rows=262144 prefix_width=64 suffix_width=32 prefix_cardinality=64",
    "stable": "False",
    "descending": "False",
    "rounds": 3,
    "ratio": 1.5888718630478993,
    "ratio_ci_low": 1.5618734653829578,
    "ratio_ci_high": 1.6209205161885296,
    "accepted": false,
    "axes": "{\"num_rows\": \"262144\", \"prefix_cardinality\": \"64\", \"prefix_width\": \"64\", \"suffix_width\": \"32\"}"
  },
  {
    "config": "pr1-p32-c512",
    "group": "end-to-end",
    "state": "Device=0 min_width=0 max_width=32 num_rows=262144 workload=normal",
    "stable": "False",
    "descending": "False",
    "rounds": 3,
    "ratio": 1.181586773709684,
    "ratio_ci_low": 1.1245598327146038,
    "ratio_ci_high": 1.2349597203928098,
    "accepted": false,
    "axes": "{\"max_width\": \"32\", \"min_width\": \"0\", \"num_rows\": \"262144\", \"workload\": \"normal\"}"
  },
  {
    "config": "pr1-p32-c512",
    "group": "end-to-end",
    "state": "Device=0 min_width=0 max_width=256 num_rows=262144 workload=normal",
    "stable": "False",
    "descending": "False",
    "rounds": 3,
    "ratio": 1.6286816749005548,
    "ratio_ci_low": 1.6028839976726563,
    "ratio_ci_high": 1.6749284591137645,
    "accepted": false,
    "axes": "{\"max_width\": \"256\", \"min_width\": \"0\", \"num_rows\": \"262144\", \"workload\": \"normal\"}"
  },
  {
    "config": "pr1-p32-c512",
    "group": "end-to-end",
    "state": "Device=0 min_width=0 max_width=32 num_rows=2097152 workload=normal",
    "stable": "False",
    "descending": "False",
    "rounds": 3,
    "ratio": 1.3277680686168032,
    "ratio_ci_low": 1.2903450605266231,
    "ratio_ci_high": 1.3536014014002848,
    "accepted": false,
    "axes": "{\"max_width\": \"32\", \"min_width\": \"0\", \"num_rows\": \"2097152\", \"workload\": \"normal\"}"
  },
  {
    "config": "pr1-p32-c512",
    "group": "end-to-end",
    "state": "Device=0 min_width=0 max_width=256 num_rows=2097152 workload=normal",
    "stable": "False",
    "descending": "False",
    "rounds": 3,
    "ratio": 1.8534867098219383,
    "ratio_ci_low": 1.8409203813108943,
    "ratio_ci_high": 1.864354431897948,
    "accepted": false,
    "axes": "{\"max_width\": \"256\", \"min_width\": \"0\", \"num_rows\": \"2097152\", \"workload\": \"normal\"}"
  },
  {
    "config": "pr1-p32-c512",
    "group": "end-to-end",
    "state": "Device=0 min_width=0 max_width=32 num_rows=262144 workload=duplicates",
    "stable": "False",
    "descending": "False",
    "rounds": 3,
    "ratio": 1.5419505295123384,
    "ratio_ci_low": 1.478595618559431,
    "ratio_ci_high": 1.5943485659235257,
    "accepted": false,
    "axes": "{\"max_width\": \"32\", \"min_width\": \"0\", \"num_rows\": \"262144\", \"workload\": \"duplicates\"}"
  },
  {
    "config": "pr1-p32-c512",
    "group": "end-to-end",
    "state": "Device=0 min_width=0 max_width=256 num_rows=262144 workload=duplicates",
    "stable": "False",
    "descending": "False",
    "rounds": 3,
    "ratio": 2.3981538740791413,
    "ratio_ci_low": 2.343451142597797,
    "ratio_ci_high": 2.439077320727872,
    "accepted": false,
    "axes": "{\"max_width\": \"256\", \"min_width\": \"0\", \"num_rows\": \"262144\", \"workload\": \"duplicates\"}"
  },
  {
    "config": "pr1-p32-c512",
    "group": "end-to-end",
    "state": "Device=0 min_width=0 max_width=256 num_rows=2097152 workload=duplicates",
    "stable": "False",
    "descending": "False",
    "rounds": 3,
    "ratio": 1.3722320039602893,
    "ratio_ci_low": 1.3613147935740169,
    "ratio_ci_high": 1.3808158427611679,
    "accepted": false,
    "axes": "{\"max_width\": \"256\", \"min_width\": \"0\", \"num_rows\": \"2097152\", \"workload\": \"duplicates\"}"
  },
  {
    "config": "pr1-p32-c512",
    "group": "end-to-end",
    "state": "Device=0 min_width=0 max_width=32 num_rows=262144 workload=shared_prefix",
    "stable": "False",
    "descending": "False",
    "rounds": 3,
    "ratio": 8.163789441451055,
    "ratio_ci_low": 8.002462180284699,
    "ratio_ci_high": 8.309448596506826,
    "accepted": false,
    "axes": "{\"max_width\": \"32\", \"min_width\": \"0\", \"num_rows\": \"262144\", \"workload\": \"shared_prefix\"}"
  },
  {
    "config": "pr1-p32-c512",
    "group": "end-to-end",
    "state": "Device=0 min_width=0 max_width=256 num_rows=262144 workload=shared_prefix",
    "stable": "False",
    "descending": "False",
    "rounds": 3,
    "ratio": 6.185914787199607,
    "ratio_ci_low": 6.143969767444336,
    "ratio_ci_high": 6.215071466686011,
    "accepted": false,
    "axes": "{\"max_width\": \"256\", \"min_width\": \"0\", \"num_rows\": \"262144\", \"workload\": \"shared_prefix\"}"
  },
  {
    "config": "pr1-p32-c512",
    "group": "end-to-end",
    "state": "Device=0 min_width=0 max_width=32 num_rows=2097152 workload=shared_prefix",
    "stable": "False",
    "descending": "False",
    "rounds": 3,
    "ratio": 11.046896453462246,
    "ratio_ci_low": 10.989944375085763,
    "ratio_ci_high": 11.095591868023645,
    "accepted": false,
    "axes": "{\"max_width\": \"32\", \"min_width\": \"0\", \"num_rows\": \"2097152\", \"workload\": \"shared_prefix\"}"
  },
  {
    "config": "pr1-p32-c512",
    "group": "end-to-end",
    "state": "Device=0 min_width=0 max_width=256 num_rows=2097152 workload=shared_prefix",
    "stable": "False",
    "descending": "False",
    "rounds": 3,
    "ratio": 10.468691267317391,
    "ratio_ci_low": 10.457412699561692,
    "ratio_ci_high": 10.478009859829907,
    "accepted": false,
    "axes": "{\"max_width\": \"256\", \"min_width\": \"0\", \"num_rows\": \"2097152\", \"workload\": \"shared_prefix\"}"
  },
  {
    "config": "pr1-p32-c512",
    "group": "end-to-end",
    "state": "Device=0 min_width=0 max_width=32 num_rows=262144 workload=variable",
    "stable": "False",
    "descending": "False",
    "rounds": 3,
    "ratio": 1.2350609657781986,
    "ratio_ci_low": 1.1494994287970708,
    "ratio_ci_high": 1.3371406616480364,
    "accepted": false,
    "axes": "{\"max_width\": \"32\", \"min_width\": \"0\", \"num_rows\": \"262144\", \"workload\": \"variable\"}"
  },
  {
    "config": "pr1-p32-c512",
    "group": "end-to-end",
    "state": "Device=0 min_width=0 max_width=256 num_rows=262144 workload=variable",
    "stable": "False",
    "descending": "False",
    "rounds": 3,
    "ratio": 1.4228262710879507,
    "ratio_ci_low": 1.3809557715955583,
    "ratio_ci_high": 1.4791610173168948,
    "accepted": false,
    "axes": "{\"max_width\": \"256\", \"min_width\": \"0\", \"num_rows\": \"262144\", \"workload\": \"variable\"}"
  },
  {
    "config": "pr1-p32-c512",
    "group": "end-to-end",
    "state": "Device=0 min_width=0 max_width=32 num_rows=2097152 workload=variable",
    "stable": "False",
    "descending": "False",
    "rounds": 3,
    "ratio": 1.3517663500711532,
    "ratio_ci_low": 1.305958289964759,
    "ratio_ci_high": 1.3857187465057408,
    "accepted": false,
    "axes": "{\"max_width\": \"32\", \"min_width\": \"0\", \"num_rows\": \"2097152\", \"workload\": \"variable\"}"
  },
  {
    "config": "pr1-p32-c512",
    "group": "end-to-end",
    "state": "Device=0 min_width=0 max_width=256 num_rows=2097152 workload=variable",
    "stable": "False",
    "descending": "False",
    "rounds": 3,
    "ratio": 1.2046702085819412,
    "ratio_ci_low": 1.175975560276205,
    "ratio_ci_high": 1.2245218171783503,
    "accepted": false,
    "axes": "{\"max_width\": \"256\", \"min_width\": \"0\", \"num_rows\": \"2097152\", \"workload\": \"variable\"}"
  },
  {
    "config": "pr1-p32-c512",
    "group": "main",
    "state": "Device=0 min_width=1 max_width=8 num_rows=32768",
    "stable": "False",
    "descending": "False",
    "rounds": 3,
    "ratio": 1.4369165806562343,
    "ratio_ci_low": 1.4224364083220855,
    "ratio_ci_high": 1.4557090428868071,
    "accepted": false,
    "axes": "{\"max_width\": \"8\", \"min_width\": \"1\", \"num_rows\": \"32768\"}"
  },
  {
    "config": "pr1-p32-c512",
    "group": "main",
    "state": "Device=0 min_width=1 max_width=32 num_rows=32768",
    "stable": "False",
    "descending": "False",
    "rounds": 3,
    "ratio": 1.8617420358882057,
    "ratio_ci_low": 1.8462629995733615,
    "ratio_ci_high": 1.870091080070955,
    "accepted": false,
    "axes": "{\"max_width\": \"32\", \"min_width\": \"1\", \"num_rows\": \"32768\"}"
  },
  {
    "config": "pr1-p32-c512",
    "group": "main",
    "state": "Device=0 min_width=1 max_width=64 num_rows=32768",
    "stable": "False",
    "descending": "False",
    "rounds": 3,
    "ratio": 1.9667211629258647,
    "ratio_ci_low": 1.9488539727933933,
    "ratio_ci_high": 1.9792415265221346,
    "accepted": false,
    "axes": "{\"max_width\": \"64\", \"min_width\": \"1\", \"num_rows\": \"32768\"}"
  },
  {
    "config": "pr1-p32-c512",
    "group": "main",
    "state": "Device=0 min_width=1 max_width=128 num_rows=32768",
    "stable": "False",
    "descending": "False",
    "rounds": 3,
    "ratio": 2.2858911168035805,
    "ratio_ci_low": 2.2796378810484637,
    "ratio_ci_high": 2.291102801401174,
    "accepted": false,
    "axes": "{\"max_width\": \"128\", \"min_width\": \"1\", \"num_rows\": \"32768\"}"
  },
  {
    "config": "pr1-p32-c512",
    "group": "main",
    "state": "Device=0 min_width=1 max_width=256 num_rows=32768",
    "stable": "False",
    "descending": "False",
    "rounds": 3,
    "ratio": 2.210442871770176,
    "ratio_ci_low": 2.179726235524713,
    "ratio_ci_high": 2.245975386282896,
    "accepted": false,
    "axes": "{\"max_width\": \"256\", \"min_width\": \"1\", \"num_rows\": \"32768\"}"
  },
  {
    "config": "pr1-p32-c512",
    "group": "main",
    "state": "Device=0 min_width=1 max_width=8 num_rows=262144",
    "stable": "False",
    "descending": "False",
    "rounds": 3,
    "ratio": 1.0562515968915178,
    "ratio_ci_low": 1.0311148933114698,
    "ratio_ci_high": 1.0760948950197262,
    "accepted": false,
    "axes": "{\"max_width\": \"8\", \"min_width\": \"1\", \"num_rows\": \"262144\"}"
  },
  {
    "config": "pr1-p32-c512",
    "group": "main",
    "state": "Device=0 min_width=1 max_width=32 num_rows=262144",
    "stable": "False",
    "descending": "False",
    "rounds": 3,
    "ratio": 1.2798082109589006,
    "ratio_ci_low": 1.2644477115679482,
    "ratio_ci_high": 1.289215289085456,
    "accepted": false,
    "axes": "{\"max_width\": \"32\", \"min_width\": \"1\", \"num_rows\": \"262144\"}"
  },
  {
    "config": "pr1-p32-c512",
    "group": "main",
    "state": "Device=0 min_width=1 max_width=64 num_rows=262144",
    "stable": "False",
    "descending": "False",
    "rounds": 3,
    "ratio": 1.3033519190341996,
    "ratio_ci_low": 1.2808012183332325,
    "ratio_ci_high": 1.3406442587376788,
    "accepted": false,
    "axes": "{\"max_width\": \"64\", \"min_width\": \"1\", \"num_rows\": \"262144\"}"
  },
  {
    "config": "pr1-p32-c512",
    "group": "main",
    "state": "Device=0 min_width=1 max_width=128 num_rows=262144",
    "stable": "False",
    "descending": "False",
    "rounds": 3,
    "ratio": 1.4559962356460225,
    "ratio_ci_low": 1.415531862034536,
    "ratio_ci_high": 1.5035617170669682,
    "accepted": false,
    "axes": "{\"max_width\": \"128\", \"min_width\": \"1\", \"num_rows\": \"262144\"}"
  },
  {
    "config": "pr1-p32-c512",
    "group": "main",
    "state": "Device=0 min_width=1 max_width=256 num_rows=262144",
    "stable": "False",
    "descending": "False",
    "rounds": 3,
    "ratio": 1.7361196601033755,
    "ratio_ci_low": 1.7230559204968232,
    "ratio_ci_high": 1.7677883539406578,
    "accepted": false,
    "axes": "{\"max_width\": \"256\", \"min_width\": \"1\", \"num_rows\": \"262144\"}"
  },
  {
    "config": "pr1-p32-c512",
    "group": "main",
    "state": "Device=0 min_width=1 max_width=32 num_rows=2097152",
    "stable": "False",
    "descending": "False",
    "rounds": 3,
    "ratio": 1.4517154684643476,
    "ratio_ci_low": 1.4436695374446091,
    "ratio_ci_high": 1.4668789141043725,
    "accepted": false,
    "axes": "{\"max_width\": \"32\", \"min_width\": \"1\", \"num_rows\": \"2097152\"}"
  },
  {
    "config": "pr1-p32-c512",
    "group": "main",
    "state": "Device=0 min_width=1 max_width=64 num_rows=2097152",
    "stable": "False",
    "descending": "False",
    "rounds": 3,
    "ratio": 1.8496839866416828,
    "ratio_ci_low": 1.8254357674313897,
    "ratio_ci_high": 1.8832621675416286,
    "accepted": false,
    "axes": "{\"max_width\": \"64\", \"min_width\": \"1\", \"num_rows\": \"2097152\"}"
  },
  {
    "config": "pr1-p32-c512",
    "group": "main",
    "state": "Device=0 min_width=1 max_width=128 num_rows=2097152",
    "stable": "False",
    "descending": "False",
    "rounds": 3,
    "ratio": 2.0619796814529336,
    "ratio_ci_low": 1.9997436303321716,
    "ratio_ci_high": 2.145339871727391,
    "accepted": false,
    "axes": "{\"max_width\": \"128\", \"min_width\": \"1\", \"num_rows\": \"2097152\"}"
  },
  {
    "config": "pr1-p32-c512",
    "group": "main",
    "state": "Device=0 min_width=1 max_width=256 num_rows=2097152",
    "stable": "False",
    "descending": "False",
    "rounds": 3,
    "ratio": 1.892866948296078,
    "ratio_ci_low": 1.8449237323959369,
    "ratio_ci_high": 1.952950091565169,
    "accepted": false,
    "axes": "{\"max_width\": \"256\", \"min_width\": \"1\", \"num_rows\": \"2097152\"}"
  },
  {
    "config": "pr1-p32-c512",
    "group": "main",
    "state": "Device=0 num_rows=262144 profile=cardinality_64_width_128",
    "stable": "False",
    "descending": "False",
    "rounds": 3,
    "ratio": 2.4232867253863453,
    "ratio_ci_low": 2.386742086294506,
    "ratio_ci_high": 2.4655235160362663,
    "accepted": false,
    "axes": "{\"num_rows\": \"262144\", \"profile\": \"cardinality_64_width_128\"}"
  },
  {
    "config": "pr1-p32-c512",
    "group": "main",
    "state": "Device=0 num_rows=2097152 profile=cardinality_64_width_128",
    "stable": "False",
    "descending": "False",
    "rounds": 3,
    "ratio": 1.1456264303991528,
    "ratio_ci_low": 1.125832212375104,
    "ratio_ci_high": 1.1625263401549983,
    "accepted": false,
    "axes": "{\"num_rows\": \"2097152\", \"profile\": \"cardinality_64_width_128\"}"
  },
  {
    "config": "pr1-p32-c512",
    "group": "main",
    "state": "Device=0 num_rows=262144 profile=shared_prefix_64",
    "stable": "False",
    "descending": "False",
    "rounds": 3,
    "ratio": 9.313489565634773,
    "ratio_ci_low": 9.276435416563663,
    "ratio_ci_high": 9.352942115415173,
    "accepted": false,
    "axes": "{\"num_rows\": \"262144\", \"profile\": \"shared_prefix_64\"}"
  },
  {
    "config": "pr1-p32-c512",
    "group": "main",
    "state": "Device=0 num_rows=2097152 profile=shared_prefix_64",
    "stable": "False",
    "descending": "False",
    "rounds": 3,
    "ratio": 11.112872514788126,
    "ratio_ci_low": 11.103659631780744,
    "ratio_ci_high": 11.123945316657611,
    "accepted": false,
    "axes": "{\"num_rows\": \"2097152\", \"profile\": \"shared_prefix_64\"}"
  },
  {
    "config": "pr1-p32-c512",
    "group": "main",
    "state": "Device=0 num_rows=262144 profile=variable_128",
    "stable": "False",
    "descending": "False",
    "rounds": 3,
    "ratio": 1.4080860657590366,
    "ratio_ci_low": 1.3842506353780086,
    "ratio_ci_high": 1.436224810979831,
    "accepted": false,
    "axes": "{\"num_rows\": \"262144\", \"profile\": \"variable_128\"}"
  },
  {
    "config": "pr1-p32-c512",
    "group": "main",
    "state": "Device=0 num_rows=2097152 profile=variable_128",
    "stable": "False",
    "descending": "False",
    "rounds": 3,
    "ratio": 1.4938509015989776,
    "ratio_ci_low": 1.47757522791231,
    "ratio_ci_high": 1.5007295872224613,
    "accepted": false,
    "axes": "{\"num_rows\": \"2097152\", \"profile\": \"variable_128\"}"
  },
  {
    "config": "pr1-p32-c512",
    "group": "main",
    "state": "Device=0 num_rows=262144 profile=fixed_8 null_percent=0",
    "stable": "False",
    "descending": "False",
    "rounds": 3,
    "ratio": 1.629577075768426,
    "ratio_ci_low": 1.5756183760720142,
    "ratio_ci_high": 1.661097079434658,
    "accepted": false,
    "axes": "{\"null_percent\": \"0\", \"num_rows\": \"262144\", \"profile\": \"fixed_8\"}"
  },
  {
    "config": "pr1-p32-c512",
    "group": "main",
    "state": "Device=0 num_rows=2097152 profile=fixed_8 null_percent=0",
    "stable": "False",
    "descending": "False",
    "rounds": 3,
    "ratio": 2.1955824535551622,
    "ratio_ci_low": 2.1621830831219153,
    "ratio_ci_high": 2.2214901399950375,
    "accepted": false,
    "axes": "{\"null_percent\": \"0\", \"num_rows\": \"2097152\", \"profile\": \"fixed_8\"}"
  },
  {
    "config": "pr1-p32-c512",
    "group": "main",
    "state": "Device=0 num_rows=262144 profile=variable_128 null_percent=0",
    "stable": "False",
    "descending": "False",
    "rounds": 3,
    "ratio": 1.4088661282406727,
    "ratio_ci_low": 1.3842557998988074,
    "ratio_ci_high": 1.434130732857511,
    "accepted": false,
    "axes": "{\"null_percent\": \"0\", \"num_rows\": \"262144\", \"profile\": \"variable_128\"}"
  },
  {
    "config": "pr1-p32-c512",
    "group": "main",
    "state": "Device=0 num_rows=2097152 profile=variable_128 null_percent=0",
    "stable": "False",
    "descending": "False",
    "rounds": 3,
    "ratio": 1.4847972862287562,
    "ratio_ci_low": 1.4755520975402863,
    "ratio_ci_high": 1.4899605810584113,
    "accepted": false,
    "axes": "{\"null_percent\": \"0\", \"num_rows\": \"2097152\", \"profile\": \"variable_128\"}"
  },
  {
    "config": "pr1-p32-c512",
    "group": "main",
    "state": "Device=0 num_rows=262144 profile=fixed_8 null_percent=50",
    "stable": "False",
    "descending": "False",
    "rounds": 3,
    "ratio": 1.7653889547531527,
    "ratio_ci_low": 1.6801499874991455,
    "ratio_ci_high": 1.8490095901425818,
    "accepted": false,
    "axes": "{\"null_percent\": \"50\", \"num_rows\": \"262144\", \"profile\": \"fixed_8\"}"
  },
  {
    "config": "pr1-p32-c512",
    "group": "main",
    "state": "Device=0 num_rows=2097152 profile=fixed_8 null_percent=50",
    "stable": "False",
    "descending": "False",
    "rounds": 3,
    "ratio": 1.239541570460603,
    "ratio_ci_low": 1.222697070587391,
    "ratio_ci_high": 1.2499686278774025,
    "accepted": false,
    "axes": "{\"null_percent\": \"50\", \"num_rows\": \"2097152\", \"profile\": \"fixed_8\"}"
  },
  {
    "config": "pr1-p32-c512",
    "group": "main",
    "state": "Device=0 num_rows=262144 profile=variable_128 null_percent=50",
    "stable": "False",
    "descending": "False",
    "rounds": 3,
    "ratio": 1.4813608234519466,
    "ratio_ci_low": 1.4664905222332236,
    "ratio_ci_high": 1.5014417647889262,
    "accepted": false,
    "axes": "{\"null_percent\": \"50\", \"num_rows\": \"262144\", \"profile\": \"variable_128\"}"
  },
  {
    "config": "pr1-p32-c512",
    "group": "segments",
    "state": "Device=0 num_rows=32768 shared_suffix=0 segment_profile=singletons",
    "stable": "False",
    "descending": "False",
    "rounds": 3,
    "ratio": 1.3730700677890428,
    "ratio_ci_low": 1.3422009171705804,
    "ratio_ci_high": 1.3970640030040204,
    "accepted": false,
    "axes": "{\"num_rows\": \"32768\", \"segment_profile\": \"singletons\", \"shared_suffix\": \"0\"}"
  },
  {
    "config": "pr1-p32-c512",
    "group": "segments",
    "state": "Device=0 num_rows=32768 shared_suffix=64 segment_profile=singletons",
    "stable": "False",
    "descending": "False",
    "rounds": 3,
    "ratio": 1.6259843137221774,
    "ratio_ci_low": 1.54428967133809,
    "ratio_ci_high": 1.6855818828037126,
    "accepted": false,
    "axes": "{\"num_rows\": \"32768\", \"segment_profile\": \"singletons\", \"shared_suffix\": \"64\"}"
  },
  {
    "config": "pr1-p32-c512",
    "group": "segments",
    "state": "Device=0 num_rows=2097152 shared_suffix=64 segment_profile=singletons",
    "stable": "False",
    "descending": "False",
    "rounds": 3,
    "ratio": 1.2246614753826368,
    "ratio_ci_low": 1.2140128743321204,
    "ratio_ci_high": 1.2346195149300776,
    "accepted": false,
    "axes": "{\"num_rows\": \"2097152\", \"segment_profile\": \"singletons\", \"shared_suffix\": \"64\"}"
  },
  {
    "config": "pr1-p32-c512",
    "group": "segments",
    "state": "Device=0 num_rows=32768 shared_suffix=0 segment_profile=pairs",
    "stable": "False",
    "descending": "False",
    "rounds": 3,
    "ratio": 3.466986944496047,
    "ratio_ci_low": 3.4423127067483783,
    "ratio_ci_high": 3.4986338600796025,
    "accepted": false,
    "axes": "{\"num_rows\": \"32768\", \"segment_profile\": \"pairs\", \"shared_suffix\": \"0\"}"
  },
  {
    "config": "pr1-p32-c512",
    "group": "segments",
    "state": "Device=0 num_rows=2097152 shared_suffix=0 segment_profile=pairs",
    "stable": "False",
    "descending": "False",
    "rounds": 3,
    "ratio": 20.58974803189139,
    "ratio_ci_low": 20.49350467899105,
    "ratio_ci_high": 20.70148645313432,
    "accepted": false,
    "axes": "{\"num_rows\": \"2097152\", \"segment_profile\": \"pairs\", \"shared_suffix\": \"0\"}"
  },
  {
    "config": "pr1-p32-c512",
    "group": "segments",
    "state": "Device=0 num_rows=32768 shared_suffix=64 segment_profile=pairs",
    "stable": "False",
    "descending": "False",
    "rounds": 3,
    "ratio": 4.105471767520968,
    "ratio_ci_low": 3.9991577845244355,
    "ratio_ci_high": 4.258997450992293,
    "accepted": false,
    "axes": "{\"num_rows\": \"32768\", \"segment_profile\": \"pairs\", \"shared_suffix\": \"64\"}"
  },
  {
    "config": "pr1-p32-c512",
    "group": "segments",
    "state": "Device=0 num_rows=2097152 shared_suffix=64 segment_profile=pairs",
    "stable": "False",
    "descending": "False",
    "rounds": 3,
    "ratio": 25.11634035441439,
    "ratio_ci_low": 24.840838834474475,
    "ratio_ci_high": 25.289971457946372,
    "accepted": false,
    "axes": "{\"num_rows\": \"2097152\", \"segment_profile\": \"pairs\", \"shared_suffix\": \"64\"}"
  },
  {
    "config": "pr1-p32-c512",
    "group": "segments",
    "state": "Device=0 num_rows=32768 shared_suffix=0 segment_profile=tiny4",
    "stable": "False",
    "descending": "False",
    "rounds": 3,
    "ratio": 3.039987253460586,
    "ratio_ci_low": 2.8450741227290073,
    "ratio_ci_high": 3.3067262050395803,
    "accepted": false,
    "axes": "{\"num_rows\": \"32768\", \"segment_profile\": \"tiny4\", \"shared_suffix\": \"0\"}"
  },
  {
    "config": "pr1-p32-c512",
    "group": "segments",
    "state": "Device=0 num_rows=2097152 shared_suffix=0 segment_profile=tiny4",
    "stable": "False",
    "descending": "False",
    "rounds": 3,
    "ratio": 14.913613174421295,
    "ratio_ci_low": 14.77647583482075,
    "ratio_ci_high": 15.04839285903121,
    "accepted": false,
    "axes": "{\"num_rows\": \"2097152\", \"segment_profile\": \"tiny4\", \"shared_suffix\": \"0\"}"
  },
  {
    "config": "pr1-p32-c512",
    "group": "segments",
    "state": "Device=0 num_rows=32768 shared_suffix=64 segment_profile=tiny4",
    "stable": "False",
    "descending": "False",
    "rounds": 3,
    "ratio": 4.145879164765666,
    "ratio_ci_low": 4.042039100367914,
    "ratio_ci_high": 4.22829535277799,
    "accepted": false,
    "axes": "{\"num_rows\": \"32768\", \"segment_profile\": \"tiny4\", \"shared_suffix\": \"64\"}"
  },
  {
    "config": "pr1-p32-c512",
    "group": "segments",
    "state": "Device=0 num_rows=2097152 shared_suffix=64 segment_profile=tiny4",
    "stable": "False",
    "descending": "False",
    "rounds": 3,
    "ratio": 23.052647909738184,
    "ratio_ci_low": 22.849765984607977,
    "ratio_ci_high": 23.22136980175737,
    "accepted": false,
    "axes": "{\"num_rows\": \"2097152\", \"segment_profile\": \"tiny4\", \"shared_suffix\": \"64\"}"
  },
  {
    "config": "pr1-p32-c512",
    "group": "segments",
    "state": "Device=0 num_rows=32768 shared_suffix=0 segment_profile=tiny8",
    "stable": "False",
    "descending": "False",
    "rounds": 3,
    "ratio": 2.2848565537223826,
    "ratio_ci_low": 2.254272351310522,
    "ratio_ci_high": 2.310029255953755,
    "accepted": false,
    "axes": "{\"num_rows\": \"32768\", \"segment_profile\": \"tiny8\", \"shared_suffix\": \"0\"}"
  },
  {
    "config": "pr1-p32-c512",
    "group": "segments",
    "state": "Device=0 num_rows=2097152 shared_suffix=0 segment_profile=tiny8",
    "stable": "False",
    "descending": "False",
    "rounds": 3,
    "ratio": 9.7248020319725,
    "ratio_ci_low": 9.562928938982699,
    "ratio_ci_high": 9.842667771068195,
    "accepted": false,
    "axes": "{\"num_rows\": \"2097152\", \"segment_profile\": \"tiny8\", \"shared_suffix\": \"0\"}"
  },
  {
    "config": "pr1-p32-c512",
    "group": "segments",
    "state": "Device=0 num_rows=32768 shared_suffix=64 segment_profile=tiny8",
    "stable": "False",
    "descending": "False",
    "rounds": 3,
    "ratio": 3.3760321272167486,
    "ratio_ci_low": 3.3382564653419666,
    "ratio_ci_high": 3.4482223344598633,
    "accepted": false,
    "axes": "{\"num_rows\": \"32768\", \"segment_profile\": \"tiny8\", \"shared_suffix\": \"64\"}"
  },
  {
    "config": "pr1-p32-c512",
    "group": "segments",
    "state": "Device=0 num_rows=2097152 shared_suffix=64 segment_profile=tiny8",
    "stable": "False",
    "descending": "False",
    "rounds": 3,
    "ratio": 16.845708577428624,
    "ratio_ci_low": 16.76048063262221,
    "ratio_ci_high": 16.903068513655715,
    "accepted": false,
    "axes": "{\"num_rows\": \"2097152\", \"segment_profile\": \"tiny8\", \"shared_suffix\": \"64\"}"
  },
  {
    "config": "pr1-p32-c512",
    "group": "segments",
    "state": "Device=0 num_rows=32768 shared_suffix=0 segment_profile=tiny16",
    "stable": "False",
    "descending": "False",
    "rounds": 3,
    "ratio": 2.0908698902165646,
    "ratio_ci_low": 1.9387490073472253,
    "ratio_ci_high": 2.195748952420148,
    "accepted": false,
    "axes": "{\"num_rows\": \"32768\", \"segment_profile\": \"tiny16\", \"shared_suffix\": \"0\"}"
  },
  {
    "config": "pr1-p32-c512",
    "group": "segments",
    "state": "Device=0 num_rows=2097152 shared_suffix=0 segment_profile=tiny16",
    "stable": "False",
    "descending": "False",
    "rounds": 3,
    "ratio": 6.472126841259652,
    "ratio_ci_low": 6.405126590711582,
    "ratio_ci_high": 6.533950627612364,
    "accepted": false,
    "axes": "{\"num_rows\": \"2097152\", \"segment_profile\": \"tiny16\", \"shared_suffix\": \"0\"}"
  },
  {
    "config": "pr1-p32-c512",
    "group": "segments",
    "state": "Device=0 num_rows=32768 shared_suffix=64 segment_profile=tiny16",
    "stable": "False",
    "descending": "False",
    "rounds": 3,
    "ratio": 3.026841909421352,
    "ratio_ci_low": 2.9738208692154746,
    "ratio_ci_high": 3.0964946555978936,
    "accepted": false,
    "axes": "{\"num_rows\": \"32768\", \"segment_profile\": \"tiny16\", \"shared_suffix\": \"64\"}"
  },
  {
    "config": "pr1-p32-c512",
    "group": "segments",
    "state": "Device=0 num_rows=2097152 shared_suffix=64 segment_profile=tiny16",
    "stable": "False",
    "descending": "False",
    "rounds": 3,
    "ratio": 12.057754060690721,
    "ratio_ci_low": 11.972698465721063,
    "ratio_ci_high": 12.126620793834668,
    "accepted": false,
    "axes": "{\"num_rows\": \"2097152\", \"segment_profile\": \"tiny16\", \"shared_suffix\": \"64\"}"
  },
  {
    "config": "pr1-p32-c512",
    "group": "segments",
    "state": "Device=0 num_rows=32768 shared_suffix=0 segment_profile=tiny32",
    "stable": "False",
    "descending": "False",
    "rounds": 3,
    "ratio": 2.0189916949254156,
    "ratio_ci_low": 1.9651188653983673,
    "ratio_ci_high": 2.0791405702249106,
    "accepted": false,
    "axes": "{\"num_rows\": \"32768\", \"segment_profile\": \"tiny32\", \"shared_suffix\": \"0\"}"
  },
  {
    "config": "pr1-p32-c512",
    "group": "segments",
    "state": "Device=0 num_rows=2097152 shared_suffix=0 segment_profile=tiny32",
    "stable": "False",
    "descending": "False",
    "rounds": 3,
    "ratio": 4.4130652793223195,
    "ratio_ci_low": 4.369469221090517,
    "ratio_ci_high": 4.46418941052415,
    "accepted": false,
    "axes": "{\"num_rows\": \"2097152\", \"segment_profile\": \"tiny32\", \"shared_suffix\": \"0\"}"
  },
  {
    "config": "pr1-p32-c512",
    "group": "segments",
    "state": "Device=0 num_rows=32768 shared_suffix=64 segment_profile=tiny32",
    "stable": "False",
    "descending": "False",
    "rounds": 3,
    "ratio": 2.675555084750075,
    "ratio_ci_low": 2.647769499989889,
    "ratio_ci_high": 2.7220857762714896,
    "accepted": false,
    "axes": "{\"num_rows\": \"32768\", \"segment_profile\": \"tiny32\", \"shared_suffix\": \"64\"}"
  },
  {
    "config": "pr1-p32-c512",
    "group": "segments",
    "state": "Device=0 num_rows=2097152 shared_suffix=64 segment_profile=tiny32",
    "stable": "False",
    "descending": "False",
    "rounds": 3,
    "ratio": 7.960193073192308,
    "ratio_ci_low": 7.924867698527904,
    "ratio_ci_high": 7.984713657443879,
    "accepted": false,
    "axes": "{\"num_rows\": \"2097152\", \"segment_profile\": \"tiny32\", \"shared_suffix\": \"64\"}"
  },
  {
    "config": "pr1-p32-c512",
    "group": "segments",
    "state": "Device=0 num_rows=32768 shared_suffix=0 segment_profile=block256",
    "stable": "False",
    "descending": "False",
    "rounds": 3,
    "ratio": 2.1257400258733563,
    "ratio_ci_low": 2.072537885125718,
    "ratio_ci_high": 2.163434115117584,
    "accepted": false,
    "axes": "{\"num_rows\": \"32768\", \"segment_profile\": \"block256\", \"shared_suffix\": \"0\"}"
  },
  {
    "config": "pr1-p32-c512",
    "group": "segments",
    "state": "Device=0 num_rows=2097152 shared_suffix=0 segment_profile=block256",
    "stable": "False",
    "descending": "False",
    "rounds": 3,
    "ratio": 1.5551053483387245,
    "ratio_ci_low": 1.545197524649306,
    "ratio_ci_high": 1.563088122595886,
    "accepted": false,
    "axes": "{\"num_rows\": \"2097152\", \"segment_profile\": \"block256\", \"shared_suffix\": \"0\"}"
  },
  {
    "config": "pr1-p32-c512",
    "group": "segments",
    "state": "Device=0 num_rows=32768 shared_suffix=64 segment_profile=block256",
    "stable": "False",
    "descending": "False",
    "rounds": 3,
    "ratio": 2.7987657397487267,
    "ratio_ci_low": 2.7412797905767734,
    "ratio_ci_high": 2.8681139579904107,
    "accepted": false,
    "axes": "{\"num_rows\": \"32768\", \"segment_profile\": \"block256\", \"shared_suffix\": \"64\"}"
  },
  {
    "config": "pr1-p32-c512",
    "group": "segments",
    "state": "Device=0 num_rows=2097152 shared_suffix=64 segment_profile=block256",
    "stable": "False",
    "descending": "False",
    "rounds": 3,
    "ratio": 3.2070288832763714,
    "ratio_ci_low": 3.1955785344867005,
    "ratio_ci_high": 3.2191487828028658,
    "accepted": false,
    "axes": "{\"num_rows\": \"2097152\", \"segment_profile\": \"block256\", \"shared_suffix\": \"64\"}"
  },
  {
    "config": "pr1-p32-c512",
    "group": "segments",
    "state": "Device=0 num_rows=32768 shared_suffix=0 segment_profile=logarithmic",
    "stable": "False",
    "descending": "False",
    "rounds": 3,
    "ratio": 1.6798393075539142,
    "ratio_ci_low": 1.6343012315359258,
    "ratio_ci_high": 1.7367219142833363,
    "accepted": false,
    "axes": "{\"num_rows\": \"32768\", \"segment_profile\": \"logarithmic\", \"shared_suffix\": \"0\"}"
  },
  {
    "config": "pr1-p32-c512",
    "group": "segments",
    "state": "Device=0 num_rows=2097152 shared_suffix=0 segment_profile=logarithmic",
    "stable": "False",
    "descending": "False",
    "rounds": 3,
    "ratio": 2.2148663629350502,
    "ratio_ci_low": 2.208100053148668,
    "ratio_ci_high": 2.2192958254590662,
    "accepted": false,
    "axes": "{\"num_rows\": \"2097152\", \"segment_profile\": \"logarithmic\", \"shared_suffix\": \"0\"}"
  },
  {
    "config": "pr1-p32-c512",
    "group": "segments",
    "state": "Device=0 num_rows=32768 shared_suffix=64 segment_profile=logarithmic",
    "stable": "False",
    "descending": "False",
    "rounds": 3,
    "ratio": 2.046744654938953,
    "ratio_ci_low": 2.0084175678119633,
    "ratio_ci_high": 2.0721279585976697,
    "accepted": false,
    "axes": "{\"num_rows\": \"32768\", \"segment_profile\": \"logarithmic\", \"shared_suffix\": \"64\"}"
  },
  {
    "config": "pr1-p32-c512",
    "group": "segments",
    "state": "Device=0 num_rows=2097152 shared_suffix=64 segment_profile=logarithmic",
    "stable": "False",
    "descending": "False",
    "rounds": 3,
    "ratio": 1.2554916572158068,
    "ratio_ci_low": 1.2533668730896685,
    "ratio_ci_high": 1.2572185486080862,
    "accepted": false,
    "axes": "{\"num_rows\": \"2097152\", \"segment_profile\": \"logarithmic\", \"shared_suffix\": \"64\"}"
  },
  {
    "config": "pr1-p32-c512",
    "group": "segments",
    "state": "Device=0 num_rows=32768 shared_suffix=0 segment_profile=tiny_plus_giant",
    "stable": "False",
    "descending": "False",
    "rounds": 3,
    "ratio": 1.7161194098845631,
    "ratio_ci_low": 1.6667334420537379,
    "ratio_ci_high": 1.7885422307790364,
    "accepted": false,
    "axes": "{\"num_rows\": \"32768\", \"segment_profile\": \"tiny_plus_giant\", \"shared_suffix\": \"0\"}"
  },
  {
    "config": "pr1-p32-c512",
    "group": "segments",
    "state": "Device=0 num_rows=2097152 shared_suffix=0 segment_profile=tiny_plus_giant",
    "stable": "False",
    "descending": "False",
    "rounds": 3,
    "ratio": 4.659931051806319,
    "ratio_ci_low": 4.617313825151169,
    "ratio_ci_high": 4.688968922127018,
    "accepted": false,
    "axes": "{\"num_rows\": \"2097152\", \"segment_profile\": \"tiny_plus_giant\", \"shared_suffix\": \"0\"}"
  },
  {
    "config": "pr1-p32-c512",
    "group": "segments",
    "state": "Device=0 num_rows=32768 shared_suffix=64 segment_profile=tiny_plus_giant",
    "stable": "False",
    "descending": "False",
    "rounds": 3,
    "ratio": 2.131653140002171,
    "ratio_ci_low": 2.1131904407405027,
    "ratio_ci_high": 2.1456608383899622,
    "accepted": false,
    "axes": "{\"num_rows\": \"32768\", \"segment_profile\": \"tiny_plus_giant\", \"shared_suffix\": \"64\"}"
  },
  {
    "config": "pr1-p32-c512",
    "group": "segments",
    "state": "Device=0 num_rows=2097152 shared_suffix=64 segment_profile=tiny_plus_giant",
    "stable": "False",
    "descending": "False",
    "rounds": 3,
    "ratio": 7.557441581922855,
    "ratio_ci_low": 7.528309470673376,
    "ratio_ci_high": 7.574889666160692,
    "accepted": false,
    "axes": "{\"num_rows\": \"2097152\", \"segment_profile\": \"tiny_plus_giant\", \"shared_suffix\": \"64\"}"
  },
  {
    "config": "pr1-p32-c512",
    "group": "segments",
    "state": "Device=0 num_rows=32768 shared_suffix=0 segment_profile=hot90",
    "stable": "False",
    "descending": "False",
    "rounds": 3,
    "ratio": 2.4300783248410047,
    "ratio_ci_low": 2.374054966324495,
    "ratio_ci_high": 2.4981973518121827,
    "accepted": false,
    "axes": "{\"num_rows\": \"32768\", \"segment_profile\": \"hot90\", \"shared_suffix\": \"0\"}"
  },
  {
    "config": "pr1-p32-c512",
    "group": "segments",
    "state": "Device=0 num_rows=2097152 shared_suffix=0 segment_profile=hot90",
    "stable": "False",
    "descending": "False",
    "rounds": 3,
    "ratio": 6.011498557302097,
    "ratio_ci_low": 6.00092519466792,
    "ratio_ci_high": 6.028142747037576,
    "accepted": false,
    "axes": "{\"num_rows\": \"2097152\", \"segment_profile\": \"hot90\", \"shared_suffix\": \"0\"}"
  },
  {
    "config": "pr1-p32-c512",
    "group": "segments",
    "state": "Device=0 num_rows=32768 shared_suffix=64 segment_profile=hot90",
    "stable": "False",
    "descending": "False",
    "rounds": 3,
    "ratio": 3.6670310258076304,
    "ratio_ci_low": 3.6644908689344495,
    "ratio_ci_high": 3.6739791450699064,
    "accepted": false,
    "axes": "{\"num_rows\": \"32768\", \"segment_profile\": \"hot90\", \"shared_suffix\": \"64\"}"
  },
  {
    "config": "pr1-p32-c512",
    "group": "segments",
    "state": "Device=0 num_rows=2097152 shared_suffix=64 segment_profile=hot90",
    "stable": "False",
    "descending": "False",
    "rounds": 3,
    "ratio": 10.383793031501645,
    "ratio_ci_low": 10.350389960775814,
    "ratio_ci_high": 10.419538401191648,
    "accepted": false,
    "axes": "{\"num_rows\": \"2097152\", \"segment_profile\": \"hot90\", \"shared_suffix\": \"64\"}"
  },
  {
    "config": "pr1-p32-c512",
    "group": "segments",
    "state": "Device=0 num_rows=32768 shared_suffix=0 segment_profile=few_giants",
    "stable": "False",
    "descending": "False",
    "rounds": 3,
    "ratio": 1.9520741214098865,
    "ratio_ci_low": 1.9432430431360799,
    "ratio_ci_high": 1.9554131889441535,
    "accepted": false,
    "axes": "{\"num_rows\": \"32768\", \"segment_profile\": \"few_giants\", \"shared_suffix\": \"0\"}"
  },
  {
    "config": "pr1-p32-c512",
    "group": "segments",
    "state": "Device=0 num_rows=2097152 shared_suffix=0 segment_profile=few_giants",
    "stable": "False",
    "descending": "False",
    "rounds": 3,
    "ratio": 4.026344075691235,
    "ratio_ci_low": 4.0007677334275655,
    "ratio_ci_high": 4.044795732246358,
    "accepted": false,
    "axes": "{\"num_rows\": \"2097152\", \"segment_profile\": \"few_giants\", \"shared_suffix\": \"0\"}"
  },
  {
    "config": "pr1-p32-c512",
    "group": "segments",
    "state": "Device=0 num_rows=32768 shared_suffix=64 segment_profile=few_giants",
    "stable": "False",
    "descending": "False",
    "rounds": 3,
    "ratio": 3.543199252571888,
    "ratio_ci_low": 3.442250096271669,
    "ratio_ci_high": 3.6447584122601357,
    "accepted": false,
    "axes": "{\"num_rows\": \"32768\", \"segment_profile\": \"few_giants\", \"shared_suffix\": \"64\"}"
  },
  {
    "config": "pr1-p32-c512",
    "group": "segments",
    "state": "Device=0 num_rows=2097152 shared_suffix=64 segment_profile=few_giants",
    "stable": "False",
    "descending": "False",
    "rounds": 3,
    "ratio": 5.053523457806168,
    "ratio_ci_low": 5.048885299855599,
    "ratio_ci_high": 5.062999805355357,
    "accepted": false,
    "axes": "{\"num_rows\": \"2097152\", \"segment_profile\": \"few_giants\", \"shared_suffix\": \"64\"}"
  },
  {
    "config": "pr1-p32-c512",
    "group": "segments",
    "state": "Device=0 num_rows=32768 shared_suffix=0 segment_profile=one_segment",
    "stable": "False",
    "descending": "False",
    "rounds": 3,
    "ratio": 2.5560444925689287,
    "ratio_ci_low": 2.5390484264461763,
    "ratio_ci_high": 2.5754524718413,
    "accepted": false,
    "axes": "{\"num_rows\": \"32768\", \"segment_profile\": \"one_segment\", \"shared_suffix\": \"0\"}"
  },
  {
    "config": "pr1-p32-c512",
    "group": "segments",
    "state": "Device=0 num_rows=2097152 shared_suffix=0 segment_profile=one_segment",
    "stable": "False",
    "descending": "False",
    "rounds": 3,
    "ratio": 6.373921187018144,
    "ratio_ci_low": 6.357522636078046,
    "ratio_ci_high": 6.388680646081909,
    "accepted": false,
    "axes": "{\"num_rows\": \"2097152\", \"segment_profile\": \"one_segment\", \"shared_suffix\": \"0\"}"
  },
  {
    "config": "pr1-p32-c512",
    "group": "segments",
    "state": "Device=0 num_rows=32768 shared_suffix=64 segment_profile=one_segment",
    "stable": "False",
    "descending": "False",
    "rounds": 3,
    "ratio": 3.9979669899770607,
    "ratio_ci_low": 3.9830198949164646,
    "ratio_ci_high": 4.024487742005891,
    "accepted": false,
    "axes": "{\"num_rows\": \"32768\", \"segment_profile\": \"one_segment\", \"shared_suffix\": \"64\"}"
  },
  {
    "config": "pr1-p32-c512",
    "group": "segments",
    "state": "Device=0 num_rows=2097152 shared_suffix=64 segment_profile=one_segment",
    "stable": "False",
    "descending": "False",
    "rounds": 3,
    "ratio": 11.272595910472768,
    "ratio_ci_low": 11.250205081817102,
    "ratio_ci_high": 11.304896180006846,
    "accepted": false,
    "axes": "{\"num_rows\": \"2097152\", \"segment_profile\": \"one_segment\", \"shared_suffix\": \"64\"}"
  },
  {
    "config": "pr1-p32-c512",
    "group": "pr-diagnostics",
    "state": "Device=0 num_rows=262144 profile=finish_257",
    "stable": "False",
    "descending": "False",
    "rounds": 3,
    "ratio": 1.5882680173813444,
    "ratio_ci_low": 1.5708526219728747,
    "ratio_ci_high": 1.6289281766328114,
    "accepted": false,
    "axes": "{\"num_rows\": \"262144\", \"profile\": \"finish_257\"}"
  },
  {
    "config": "pr1-p32-c512",
    "group": "pr-diagnostics",
    "state": "Device=0 num_rows=2097152 profile=finish_257",
    "stable": "False",
    "descending": "False",
    "rounds": 3,
    "ratio": 1.2976417418385624,
    "ratio_ci_low": 1.2947259201903303,
    "ratio_ci_high": 1.3044998233260225,
    "accepted": false,
    "axes": "{\"num_rows\": \"2097152\", \"profile\": \"finish_257\"}"
  },
  {
    "config": "pr1-p32-c512",
    "group": "pr-diagnostics",
    "state": "Device=0 num_rows=262144 profile=finish_1024",
    "stable": "False",
    "descending": "False",
    "rounds": 3,
    "ratio": 1.9413654712870885,
    "ratio_ci_low": 1.8550270076170237,
    "ratio_ci_high": 2.0055477054067112,
    "accepted": false,
    "axes": "{\"num_rows\": \"262144\", \"profile\": \"finish_1024\"}"
  },
  {
    "config": "pr1-p32-c512",
    "group": "pr-diagnostics",
    "state": "Device=0 num_rows=2097152 profile=finish_1024",
    "stable": "False",
    "descending": "False",
    "rounds": 3,
    "ratio": 1.551136100270024,
    "ratio_ci_low": 1.5263108412232547,
    "ratio_ci_high": 1.5974668813616386,
    "accepted": false,
    "axes": "{\"num_rows\": \"2097152\", \"profile\": \"finish_1024\"}"
  },
  {
    "config": "pr1-p32-c512",
    "group": "pr-diagnostics",
    "state": "Device=0 num_rows=262144 profile=finish_4096",
    "stable": "False",
    "descending": "False",
    "rounds": 3,
    "ratio": 1.8855617188452358,
    "ratio_ci_low": 1.834961249560412,
    "ratio_ci_high": 1.932675848007205,
    "accepted": false,
    "axes": "{\"num_rows\": \"262144\", \"profile\": \"finish_4096\"}"
  },
  {
    "config": "pr1-p32-c512",
    "group": "pr-diagnostics",
    "state": "Device=0 num_rows=2097152 profile=finish_4096",
    "stable": "False",
    "descending": "False",
    "rounds": 3,
    "ratio": 1.5452502520944573,
    "ratio_ci_low": 1.5112402754627015,
    "ratio_ci_high": 1.5646005091433575,
    "accepted": false,
    "axes": "{\"num_rows\": \"2097152\", \"profile\": \"finish_4096\"}"
  },
  {
    "config": "pr1-p32-c512",
    "group": "pr-diagnostics",
    "state": "Device=0 num_rows=262144 profile=active_50",
    "stable": "False",
    "descending": "False",
    "rounds": 3,
    "ratio": 4.332736302941453,
    "ratio_ci_low": 4.278122561457151,
    "ratio_ci_high": 4.414094336464164,
    "accepted": false,
    "axes": "{\"num_rows\": \"262144\", \"profile\": \"active_50\"}"
  },
  {
    "config": "pr1-p32-c512",
    "group": "pr-diagnostics",
    "state": "Device=0 num_rows=2097152 profile=active_50",
    "stable": "False",
    "descending": "False",
    "rounds": 3,
    "ratio": 12.307551594435997,
    "ratio_ci_low": 12.198283928913899,
    "ratio_ci_high": 12.396977895319168,
    "accepted": false,
    "axes": "{\"num_rows\": \"2097152\", \"profile\": \"active_50\"}"
  },
  {
    "config": "pr1-p32-c512",
    "group": "pr-diagnostics",
    "state": "Device=0 num_rows=262144 profile=active_10",
    "stable": "False",
    "descending": "False",
    "rounds": 3,
    "ratio": 1.7716071544414826,
    "ratio_ci_low": 1.7636152136699847,
    "ratio_ci_high": 1.781598625824101,
    "accepted": false,
    "axes": "{\"num_rows\": \"262144\", \"profile\": \"active_10\"}"
  },
  {
    "config": "pr1-p32-c512",
    "group": "pr-diagnostics",
    "state": "Device=0 num_rows=2097152 profile=active_10",
    "stable": "False",
    "descending": "False",
    "rounds": 3,
    "ratio": 4.4678455476623595,
    "ratio_ci_low": 4.416061111161773,
    "ratio_ci_high": 4.526842454466634,
    "accepted": false,
    "axes": "{\"num_rows\": \"2097152\", \"profile\": \"active_10\"}"
  },
  {
    "config": "pr1-p32-c512",
    "group": "pr-diagnostics",
    "state": "Device=0 num_rows=262144 profile=active_1",
    "stable": "False",
    "descending": "False",
    "rounds": 3,
    "ratio": 1.2214600357297791,
    "ratio_ci_low": 1.1758354224519674,
    "ratio_ci_high": 1.2665307344457157,
    "accepted": false,
    "axes": "{\"num_rows\": \"262144\", \"profile\": \"active_1\"}"
  },
  {
    "config": "pr1-p32-c512",
    "group": "pr-diagnostics",
    "state": "Device=0 num_rows=2097152 profile=active_1",
    "stable": "False",
    "descending": "False",
    "rounds": 3,
    "ratio": 1.3778847088206447,
    "ratio_ci_low": 1.335361477907227,
    "ratio_ci_high": 1.4473129545668277,
    "accepted": false,
    "axes": "{\"num_rows\": \"2097152\", \"profile\": \"active_1\"}"
  },
  {
    "config": "pr1-p32-c512",
    "group": "pr-diagnostics",
    "state": "Device=0 num_rows=262144 profile=active_0_1",
    "stable": "False",
    "descending": "False",
    "rounds": 3,
    "ratio": 1.431427709545004,
    "ratio_ci_low": 1.4110928959819848,
    "ratio_ci_high": 1.4730792057758777,
    "accepted": false,
    "axes": "{\"num_rows\": \"262144\", \"profile\": \"active_0_1\"}"
  },
  {
    "config": "pr1-p32-c512",
    "group": "pr-diagnostics",
    "state": "Device=0 num_rows=2097152 profile=active_0_1",
    "stable": "False",
    "descending": "False",
    "rounds": 3,
    "ratio": 1.1424949529479838,
    "ratio_ci_low": 1.13512036636704,
    "ratio_ci_high": 1.1522000970120574,
    "accepted": false,
    "axes": "{\"num_rows\": \"2097152\", \"profile\": \"active_0_1\"}"
  },
  {
    "config": "pr1-p32-c512",
    "group": "pr-diagnostics",
    "state": "Device=0 num_rows=262144 profile=duplicates_16",
    "stable": "False",
    "descending": "False",
    "rounds": 3,
    "ratio": 1.1094618691150633,
    "ratio_ci_low": 1.1008874307546797,
    "ratio_ci_high": 1.1271090315688443,
    "accepted": false,
    "axes": "{\"num_rows\": \"262144\", \"profile\": \"duplicates_16\"}"
  },
  {
    "config": "pr1-p32-c512",
    "group": "pr-diagnostics",
    "state": "Device=0 num_rows=262144 profile=duplicates_24",
    "stable": "False",
    "descending": "False",
    "rounds": 3,
    "ratio": 1.2488095527825462,
    "ratio_ci_low": 1.2299090583302033,
    "ratio_ci_high": 1.274695793854096,
    "accepted": false,
    "axes": "{\"num_rows\": \"262144\", \"profile\": \"duplicates_24\"}"
  },
  {
    "config": "pr1-p32-c512",
    "group": "pr-diagnostics",
    "state": "Device=0 num_rows=262144 profile=duplicates_32",
    "stable": "False",
    "descending": "False",
    "rounds": 3,
    "ratio": 1.4074100625282107,
    "ratio_ci_low": 1.3755541131551101,
    "ratio_ci_high": 1.4508866673890095,
    "accepted": false,
    "axes": "{\"num_rows\": \"262144\", \"profile\": \"duplicates_32\"}"
  },
  {
    "config": "pr1-p32-c512",
    "group": "pr-diagnostics",
    "state": "Device=0 num_rows=262144 profile=rle_misaligned",
    "stable": "False",
    "descending": "False",
    "rounds": 3,
    "ratio": 14.679050486215873,
    "ratio_ci_low": 14.593666348718013,
    "ratio_ci_high": 14.786687800191702,
    "accepted": false,
    "axes": "{\"num_rows\": \"262144\", \"profile\": \"rle_misaligned\"}"
  },
  {
    "config": "pr1-p32-c512",
    "group": "pr-diagnostics",
    "state": "Device=0 num_rows=2097152 profile=rle_misaligned",
    "stable": "False",
    "descending": "False",
    "rounds": 3,
    "ratio": 23.856552900118523,
    "ratio_ci_low": 23.72720237441035,
    "ratio_ci_high": 23.96910496909544,
    "accepted": false,
    "axes": "{\"num_rows\": \"2097152\", \"profile\": \"rle_misaligned\"}"
  }
]
pr2-p32-c4096 states 232 speedup 0.45666398845066836 failed 174
[
  {
    "config": "pr2-p32-c4096",
    "group": "pr-workload",
    "state": "Device=0 min_width=0 max_width=32 num_rows=32768 workload=normal",
    "stable": "False",
    "descending": "False",
    "rounds": 3,
    "ratio": 1.7032950184822433,
    "ratio_ci_low": 1.6801252145431669,
    "ratio_ci_high": 1.7358649470551009,
    "accepted": false,
    "axes": "{\"max_width\": \"32\", \"min_width\": \"0\", \"num_rows\": \"32768\", \"workload\": \"normal\"}"
  },
  {
    "config": "pr2-p32-c4096",
    "group": "pr-workload",
    "state": "Device=0 min_width=0 max_width=64 num_rows=32768 workload=normal",
    "stable": "False",
    "descending": "False",
    "rounds": 3,
    "ratio": 1.7728671510652654,
    "ratio_ci_low": 1.7472142288986225,
    "ratio_ci_high": 1.7931235198044715,
    "accepted": false,
    "axes": "{\"max_width\": \"64\", \"min_width\": \"0\", \"num_rows\": \"32768\", \"workload\": \"normal\"}"
  },
  {
    "config": "pr2-p32-c4096",
    "group": "pr-workload",
    "state": "Device=0 min_width=0 max_width=128 num_rows=32768 workload=normal",
    "stable": "False",
    "descending": "False",
    "rounds": 3,
    "ratio": 1.7453254747158418,
    "ratio_ci_low": 1.7326806549347529,
    "ratio_ci_high": 1.7501370710711952,
    "accepted": false,
    "axes": "{\"max_width\": \"128\", \"min_width\": \"0\", \"num_rows\": \"32768\", \"workload\": \"normal\"}"
  },
  {
    "config": "pr2-p32-c4096",
    "group": "pr-workload",
    "state": "Device=0 min_width=0 max_width=256 num_rows=32768 workload=normal",
    "stable": "False",
    "descending": "False",
    "rounds": 3,
    "ratio": 1.5769009241151821,
    "ratio_ci_low": 1.5508688452217056,
    "ratio_ci_high": 1.5993600020356762,
    "accepted": false,
    "axes": "{\"max_width\": \"256\", \"min_width\": \"0\", \"num_rows\": \"32768\", \"workload\": \"normal\"}"
  },
  {
    "config": "pr2-p32-c4096",
    "group": "pr-workload",
    "state": "Device=0 min_width=0 max_width=32 num_rows=32768 workload=duplicates",
    "stable": "False",
    "descending": "False",
    "rounds": 3,
    "ratio": 1.0781823508495723,
    "ratio_ci_low": 1.0416842219090459,
    "ratio_ci_high": 1.1203661965664864,
    "accepted": false,
    "axes": "{\"max_width\": \"32\", \"min_width\": \"0\", \"num_rows\": \"32768\", \"workload\": \"duplicates\"}"
  },
  {
    "config": "pr2-p32-c4096",
    "group": "pr-workload",
    "state": "Device=0 min_width=0 max_width=32 num_rows=262144 workload=duplicates",
    "stable": "False",
    "descending": "False",
    "rounds": 3,
    "ratio": 1.7246770105400477,
    "ratio_ci_low": 1.6557370106955824,
    "ratio_ci_high": 1.8061012597771047,
    "accepted": false,
    "axes": "{\"max_width\": \"32\", \"min_width\": \"0\", \"num_rows\": \"262144\", \"workload\": \"duplicates\"}"
  },
  {
    "config": "pr2-p32-c4096",
    "group": "pr-workload",
    "state": "Device=0 min_width=0 max_width=64 num_rows=262144 workload=duplicates",
    "stable": "False",
    "descending": "False",
    "rounds": 3,
    "ratio": 2.095397136425899,
    "ratio_ci_low": 2.0103549806277283,
    "ratio_ci_high": 2.2114110627595998,
    "accepted": false,
    "axes": "{\"max_width\": \"64\", \"min_width\": \"0\", \"num_rows\": \"262144\", \"workload\": \"duplicates\"}"
  },
  {
    "config": "pr2-p32-c4096",
    "group": "pr-workload",
    "state": "Device=0 min_width=0 max_width=128 num_rows=262144 workload=duplicates",
    "stable": "False",
    "descending": "False",
    "rounds": 3,
    "ratio": 2.753175790053193,
    "ratio_ci_low": 2.739711191671096,
    "ratio_ci_high": 2.7707113018438716,
    "accepted": false,
    "axes": "{\"max_width\": \"128\", \"min_width\": \"0\", \"num_rows\": \"262144\", \"workload\": \"duplicates\"}"
  },
  {
    "config": "pr2-p32-c4096",
    "group": "pr-workload",
    "state": "Device=0 min_width=0 max_width=256 num_rows=262144 workload=duplicates",
    "stable": "False",
    "descending": "False",
    "rounds": 3,
    "ratio": 2.6959744839246946,
    "ratio_ci_low": 2.6341432567358156,
    "ratio_ci_high": 2.7640925719759957,
    "accepted": false,
    "axes": "{\"max_width\": \"256\", \"min_width\": \"0\", \"num_rows\": \"262144\", \"workload\": \"duplicates\"}"
  },
  {
    "config": "pr2-p32-c4096",
    "group": "pr-workload",
    "state": "Device=0 min_width=0 max_width=128 num_rows=2097152 workload=duplicates",
    "stable": "False",
    "descending": "False",
    "rounds": 3,
    "ratio": 1.2303662706918208,
    "ratio_ci_low": 1.228420543834422,
    "ratio_ci_high": 1.2336245103884875,
    "accepted": false,
    "axes": "{\"max_width\": \"128\", \"min_width\": \"0\", \"num_rows\": \"2097152\", \"workload\": \"duplicates\"}"
  },
  {
    "config": "pr2-p32-c4096",
    "group": "pr-workload",
    "state": "Device=0 min_width=0 max_width=256 num_rows=2097152 workload=duplicates",
    "stable": "False",
    "descending": "False",
    "rounds": 3,
    "ratio": 1.3802006341408395,
    "ratio_ci_low": 1.3637917571860612,
    "ratio_ci_high": 1.406874385303905,
    "accepted": false,
    "axes": "{\"max_width\": \"256\", \"min_width\": \"0\", \"num_rows\": \"2097152\", \"workload\": \"duplicates\"}"
  },
  {
    "config": "pr2-p32-c4096",
    "group": "pr-workload",
    "state": "Device=0 min_width=0 max_width=32 num_rows=32768 workload=shared_prefix",
    "stable": "False",
    "descending": "False",
    "rounds": 3,
    "ratio": 2.772207136953289,
    "ratio_ci_low": 2.737932132195049,
    "ratio_ci_high": 2.8263481979316585,
    "accepted": false,
    "axes": "{\"max_width\": \"32\", \"min_width\": \"0\", \"num_rows\": \"32768\", \"workload\": \"shared_prefix\"}"
  },
  {
    "config": "pr2-p32-c4096",
    "group": "pr-workload",
    "state": "Device=0 min_width=0 max_width=64 num_rows=32768 workload=shared_prefix",
    "stable": "False",
    "descending": "False",
    "rounds": 3,
    "ratio": 3.1927413848347785,
    "ratio_ci_low": 3.1608551524941735,
    "ratio_ci_high": 3.2278062606099054,
    "accepted": false,
    "axes": "{\"max_width\": \"64\", \"min_width\": \"0\", \"num_rows\": \"32768\", \"workload\": \"shared_prefix\"}"
  },
  {
    "config": "pr2-p32-c4096",
    "group": "pr-workload",
    "state": "Device=0 min_width=0 max_width=128 num_rows=32768 workload=shared_prefix",
    "stable": "False",
    "descending": "False",
    "rounds": 3,
    "ratio": 3.3038084508856818,
    "ratio_ci_low": 3.2755948039903253,
    "ratio_ci_high": 3.3421569852558255,
    "accepted": false,
    "axes": "{\"max_width\": \"128\", \"min_width\": \"0\", \"num_rows\": \"32768\", \"workload\": \"shared_prefix\"}"
  },
  {
    "config": "pr2-p32-c4096",
    "group": "pr-workload",
    "state": "Device=0 min_width=0 max_width=256 num_rows=32768 workload=shared_prefix",
    "stable": "False",
    "descending": "False",
    "rounds": 3,
    "ratio": 2.562448912242362,
    "ratio_ci_low": 2.52485024530136,
    "ratio_ci_high": 2.598831584125355,
    "accepted": false,
    "axes": "{\"max_width\": \"256\", \"min_width\": \"0\", \"num_rows\": \"32768\", \"workload\": \"shared_prefix\"}"
  },
  {
    "config": "pr2-p32-c4096",
    "group": "pr-workload",
    "state": "Device=0 min_width=0 max_width=32 num_rows=262144 workload=shared_prefix",
    "stable": "False",
    "descending": "False",
    "rounds": 3,
    "ratio": 9.384582762588371,
    "ratio_ci_low": 9.311501235941668,
    "ratio_ci_high": 9.442279331553662,
    "accepted": false,
    "axes": "{\"max_width\": \"32\", \"min_width\": \"0\", \"num_rows\": \"262144\", \"workload\": \"shared_prefix\"}"
  },
  {
    "config": "pr2-p32-c4096",
    "group": "pr-workload",
    "state": "Device=0 min_width=0 max_width=64 num_rows=262144 workload=shared_prefix",
    "stable": "False",
    "descending": "False",
    "rounds": 3,
    "ratio": 10.200890480471651,
    "ratio_ci_low": 10.124938616272848,
    "ratio_ci_high": 10.259607416792953,
    "accepted": false,
    "axes": "{\"max_width\": \"64\", \"min_width\": \"0\", \"num_rows\": \"262144\", \"workload\": \"shared_prefix\"}"
  },
  {
    "config": "pr2-p32-c4096",
    "group": "pr-workload",
    "state": "Device=0 min_width=0 max_width=128 num_rows=262144 workload=shared_prefix",
    "stable": "False",
    "descending": "False",
    "rounds": 3,
    "ratio": 9.226381232575486,
    "ratio_ci_low": 9.116209498174516,
    "ratio_ci_high": 9.309482138512891,
    "accepted": false,
    "axes": "{\"max_width\": \"128\", \"min_width\": \"0\", \"num_rows\": \"262144\", \"workload\": \"shared_prefix\"}"
  },
  {
    "config": "pr2-p32-c4096",
    "group": "pr-workload",
    "state": "Device=0 min_width=0 max_width=256 num_rows=262144 workload=shared_prefix",
    "stable": "False",
    "descending": "False",
    "rounds": 3,
    "ratio": 6.304656114715416,
    "ratio_ci_low": 6.294027277088466,
    "ratio_ci_high": 6.313924493241462,
    "accepted": false,
    "axes": "{\"max_width\": \"256\", \"min_width\": \"0\", \"num_rows\": \"262144\", \"workload\": \"shared_prefix\"}"
  },
  {
    "config": "pr2-p32-c4096",
    "group": "pr-workload",
    "state": "Device=0 min_width=0 max_width=32 num_rows=2097152 workload=shared_prefix",
    "stable": "False",
    "descending": "False",
    "rounds": 3,
    "ratio": 12.070865174194148,
    "ratio_ci_low": 12.050824180082131,
    "ratio_ci_high": 12.083865004080543,
    "accepted": false,
    "axes": "{\"max_width\": \"32\", \"min_width\": \"0\", \"num_rows\": \"2097152\", \"workload\": \"shared_prefix\"}"
  },
  {
    "config": "pr2-p32-c4096",
    "group": "pr-workload",
    "state": "Device=0 min_width=0 max_width=64 num_rows=2097152 workload=shared_prefix",
    "stable": "False",
    "descending": "False",
    "rounds": 3,
    "ratio": 12.942353470089847,
    "ratio_ci_low": 12.916823395933905,
    "ratio_ci_high": 12.967384250146782,
    "accepted": false,
    "axes": "{\"max_width\": \"64\", \"min_width\": \"0\", \"num_rows\": \"2097152\", \"workload\": \"shared_prefix\"}"
  },
  {
    "config": "pr2-p32-c4096",
    "group": "pr-workload",
    "state": "Device=0 min_width=0 max_width=128 num_rows=2097152 workload=shared_prefix",
    "stable": "False",
    "descending": "False",
    "rounds": 3,
    "ratio": 11.39111060485011,
    "ratio_ci_low": 11.385852891115858,
    "ratio_ci_high": 11.398791089218042,
    "accepted": false,
    "axes": "{\"max_width\": \"128\", \"min_width\": \"0\", \"num_rows\": \"2097152\", \"workload\": \"shared_prefix\"}"
  },
  {
    "config": "pr2-p32-c4096",
    "group": "pr-workload",
    "state": "Device=0 min_width=0 max_width=256 num_rows=2097152 workload=shared_prefix",
    "stable": "False",
    "descending": "False",
    "rounds": 3,
    "ratio": 10.612212955287468,
    "ratio_ci_low": 10.60124525132695,
    "ratio_ci_high": 10.624515191120054,
    "accepted": false,
    "axes": "{\"max_width\": \"256\", \"min_width\": \"0\", \"num_rows\": \"2097152\", \"workload\": \"shared_prefix\"}"
  },
  {
    "config": "pr2-p32-c4096",
    "group": "pr-workload",
    "state": "Device=0 min_width=0 max_width=32 num_rows=32768 workload=variable",
    "stable": "False",
    "descending": "False",
    "rounds": 3,
    "ratio": 1.6584931691880964,
    "ratio_ci_low": 1.6432774907123935,
    "ratio_ci_high": 1.6752387010037713,
    "accepted": false,
    "axes": "{\"max_width\": \"32\", \"min_width\": \"0\", \"num_rows\": \"32768\", \"workload\": \"variable\"}"
  },
  {
    "config": "pr2-p32-c4096",
    "group": "pr-workload",
    "state": "Device=0 min_width=0 max_width=64 num_rows=32768 workload=variable",
    "stable": "False",
    "descending": "False",
    "rounds": 3,
    "ratio": 1.7206019913618387,
    "ratio_ci_low": 1.6760521380482256,
    "ratio_ci_high": 1.788065624312286,
    "accepted": false,
    "axes": "{\"max_width\": \"64\", \"min_width\": \"0\", \"num_rows\": \"32768\", \"workload\": \"variable\"}"
  },
  {
    "config": "pr2-p32-c4096",
    "group": "pr-workload",
    "state": "Device=0 min_width=0 max_width=128 num_rows=32768 workload=variable",
    "stable": "False",
    "descending": "False",
    "rounds": 3,
    "ratio": 1.9929380774094374,
    "ratio_ci_low": 1.8906861038268636,
    "ratio_ci_high": 2.1150935187052236,
    "accepted": false,
    "axes": "{\"max_width\": \"128\", \"min_width\": \"0\", \"num_rows\": \"32768\", \"workload\": \"variable\"}"
  },
  {
    "config": "pr2-p32-c4096",
    "group": "pr-workload",
    "state": "Device=0 min_width=0 max_width=256 num_rows=32768 workload=variable",
    "stable": "False",
    "descending": "False",
    "rounds": 3,
    "ratio": 2.163047741977144,
    "ratio_ci_low": 2.007403326370732,
    "ratio_ci_high": 2.370463601188006,
    "accepted": false,
    "axes": "{\"max_width\": \"256\", \"min_width\": \"0\", \"num_rows\": \"32768\", \"workload\": \"variable\"}"
  },
  {
    "config": "pr2-p32-c4096",
    "group": "pr-workload",
    "state": "Device=0 min_width=0 max_width=32 num_rows=262144 workload=variable",
    "stable": "False",
    "descending": "False",
    "rounds": 3,
    "ratio": 1.3238481126972663,
    "ratio_ci_low": 1.3079398126254869,
    "ratio_ci_high": 1.3389173175722127,
    "accepted": false,
    "axes": "{\"max_width\": \"32\", \"min_width\": \"0\", \"num_rows\": \"262144\", \"workload\": \"variable\"}"
  },
  {
    "config": "pr2-p32-c4096",
    "group": "pr-workload",
    "state": "Device=0 min_width=0 max_width=64 num_rows=262144 workload=variable",
    "stable": "False",
    "descending": "False",
    "rounds": 3,
    "ratio": 1.3643740790033825,
    "ratio_ci_low": 1.3426300011902907,
    "ratio_ci_high": 1.392853996986948,
    "accepted": false,
    "axes": "{\"max_width\": \"64\", \"min_width\": \"0\", \"num_rows\": \"262144\", \"workload\": \"variable\"}"
  },
  {
    "config": "pr2-p32-c4096",
    "group": "pr-workload",
    "state": "Device=0 min_width=0 max_width=128 num_rows=262144 workload=variable",
    "stable": "False",
    "descending": "False",
    "rounds": 3,
    "ratio": 1.4089157377075276,
    "ratio_ci_low": 1.3487417299592328,
    "ratio_ci_high": 1.4889369282511504,
    "accepted": false,
    "axes": "{\"max_width\": \"128\", \"min_width\": \"0\", \"num_rows\": \"262144\", \"workload\": \"variable\"}"
  },
  {
    "config": "pr2-p32-c4096",
    "group": "pr-workload",
    "state": "Device=0 min_width=0 max_width=256 num_rows=262144 workload=variable",
    "stable": "False",
    "descending": "False",
    "rounds": 3,
    "ratio": 1.7088203122560555,
    "ratio_ci_low": 1.6345697204407479,
    "ratio_ci_high": 1.7785647085862617,
    "accepted": false,
    "axes": "{\"max_width\": \"256\", \"min_width\": \"0\", \"num_rows\": \"262144\", \"workload\": \"variable\"}"
  },
  {
    "config": "pr2-p32-c4096",
    "group": "pr-workload",
    "state": "Device=0 min_width=0 max_width=32 num_rows=2097152 workload=variable",
    "stable": "False",
    "descending": "False",
    "rounds": 3,
    "ratio": 1.613083319167191,
    "ratio_ci_low": 1.5905230854327255,
    "ratio_ci_high": 1.641378886262189,
    "accepted": false,
    "axes": "{\"max_width\": \"32\", \"min_width\": \"0\", \"num_rows\": \"2097152\", \"workload\": \"variable\"}"
  },
  {
    "config": "pr2-p32-c4096",
    "group": "pr-workload",
    "state": "Device=0 min_width=0 max_width=64 num_rows=2097152 workload=variable",
    "stable": "False",
    "descending": "False",
    "rounds": 3,
    "ratio": 1.5752301808427196,
    "ratio_ci_low": 1.558608488951073,
    "ratio_ci_high": 1.5988528746872526,
    "accepted": false,
    "axes": "{\"max_width\": \"64\", \"min_width\": \"0\", \"num_rows\": \"2097152\", \"workload\": \"variable\"}"
  },
  {
    "config": "pr2-p32-c4096",
    "group": "pr-workload",
    "state": "Device=0 min_width=0 max_width=128 num_rows=2097152 workload=variable",
    "stable": "False",
    "descending": "False",
    "rounds": 3,
    "ratio": 1.5114173339871655,
    "ratio_ci_low": 1.476679533287041,
    "ratio_ci_high": 1.560110889661118,
    "accepted": false,
    "axes": "{\"max_width\": \"128\", \"min_width\": \"0\", \"num_rows\": \"2097152\", \"workload\": \"variable\"}"
  },
  {
    "config": "pr2-p32-c4096",
    "group": "pr-workload",
    "state": "Device=0 min_width=0 max_width=256 num_rows=2097152 workload=variable",
    "stable": "False",
    "descending": "False",
    "rounds": 3,
    "ratio": 1.4830198216460235,
    "ratio_ci_low": 1.4565231908138465,
    "ratio_ci_high": 1.508815020278993,
    "accepted": false,
    "axes": "{\"max_width\": \"256\", \"min_width\": \"0\", \"num_rows\": \"2097152\", \"workload\": \"variable\"}"
  },
  {
    "config": "pr2-p32-c4096",
    "group": "pr-zero-collisions",
    "state": "Device=0 num_rows=32768 profile=zero_collision_pass1",
    "stable": "False",
    "descending": "False",
    "rounds": 3,
    "ratio": 3.2669125523894227,
    "ratio_ci_low": 3.1114697590610505,
    "ratio_ci_high": 3.5440969645452136,
    "accepted": false,
    "axes": "{\"num_rows\": \"32768\", \"profile\": \"zero_collision_pass1\"}"
  },
  {
    "config": "pr2-p32-c4096",
    "group": "pr-zero-collisions",
    "state": "Device=0 num_rows=32768 profile=zero_collision_pass2",
    "stable": "False",
    "descending": "False",
    "rounds": 3,
    "ratio": 3.2935119156556723,
    "ratio_ci_low": 3.2364363207734,
    "ratio_ci_high": 3.39522790735018,
    "accepted": false,
    "axes": "{\"num_rows\": \"32768\", \"profile\": \"zero_collision_pass2\"}"
  },
  {
    "config": "pr2-p32-c4096",
    "group": "end-to-end",
    "state": "Device=0 min_width=0 max_width=32 num_rows=262144 workload=duplicates",
    "stable": "False",
    "descending": "False",
    "rounds": 3,
    "ratio": 1.5756087010817637,
    "ratio_ci_low": 1.5599936440893005,
    "ratio_ci_high": 1.5913372349812454,
    "accepted": false,
    "axes": "{\"max_width\": \"32\", \"min_width\": \"0\", \"num_rows\": \"262144\", \"workload\": \"duplicates\"}"
  },
  {
    "config": "pr2-p32-c4096",
    "group": "end-to-end",
    "state": "Device=0 min_width=0 max_width=256 num_rows=262144 workload=duplicates",
    "stable": "False",
    "descending": "False",
    "rounds": 3,
    "ratio": 2.5565967305860684,
    "ratio_ci_low": 2.5189563840328972,
    "ratio_ci_high": 2.604702867043506,
    "accepted": false,
    "axes": "{\"max_width\": \"256\", \"min_width\": \"0\", \"num_rows\": \"262144\", \"workload\": \"duplicates\"}"
  },
  {
    "config": "pr2-p32-c4096",
    "group": "end-to-end",
    "state": "Device=0 min_width=0 max_width=256 num_rows=2097152 workload=duplicates",
    "stable": "False",
    "descending": "False",
    "rounds": 3,
    "ratio": 1.3801843087349421,
    "ratio_ci_low": 1.3690474075774743,
    "ratio_ci_high": 1.3917809305932096,
    "accepted": false,
    "axes": "{\"max_width\": \"256\", \"min_width\": \"0\", \"num_rows\": \"2097152\", \"workload\": \"duplicates\"}"
  },
  {
    "config": "pr2-p32-c4096",
    "group": "end-to-end",
    "state": "Device=0 min_width=0 max_width=32 num_rows=262144 workload=shared_prefix",
    "stable": "False",
    "descending": "False",
    "rounds": 3,
    "ratio": 8.158184347755117,
    "ratio_ci_low": 8.010835055137926,
    "ratio_ci_high": 8.291886377941298,
    "accepted": false,
    "axes": "{\"max_width\": \"32\", \"min_width\": \"0\", \"num_rows\": \"262144\", \"workload\": \"shared_prefix\"}"
  },
  {
    "config": "pr2-p32-c4096",
    "group": "end-to-end",
    "state": "Device=0 min_width=0 max_width=256 num_rows=262144 workload=shared_prefix",
    "stable": "False",
    "descending": "False",
    "rounds": 3,
    "ratio": 6.177664976259769,
    "ratio_ci_low": 6.151056789533004,
    "ratio_ci_high": 6.194779615237208,
    "accepted": false,
    "axes": "{\"max_width\": \"256\", \"min_width\": \"0\", \"num_rows\": \"262144\", \"workload\": \"shared_prefix\"}"
  },
  {
    "config": "pr2-p32-c4096",
    "group": "end-to-end",
    "state": "Device=0 min_width=0 max_width=32 num_rows=2097152 workload=shared_prefix",
    "stable": "False",
    "descending": "False",
    "rounds": 3,
    "ratio": 11.04913361154296,
    "ratio_ci_low": 10.995940981432637,
    "ratio_ci_high": 11.093725710409673,
    "accepted": false,
    "axes": "{\"max_width\": \"32\", \"min_width\": \"0\", \"num_rows\": \"2097152\", \"workload\": \"shared_prefix\"}"
  },
  {
    "config": "pr2-p32-c4096",
    "group": "end-to-end",
    "state": "Device=0 min_width=0 max_width=256 num_rows=2097152 workload=shared_prefix",
    "stable": "False",
    "descending": "False",
    "rounds": 3,
    "ratio": 10.468328957266255,
    "ratio_ci_low": 10.459027173465786,
    "ratio_ci_high": 10.47655935624478,
    "accepted": false,
    "axes": "{\"max_width\": \"256\", \"min_width\": \"0\", \"num_rows\": \"2097152\", \"workload\": \"shared_prefix\"}"
  },
  {
    "config": "pr2-p32-c4096",
    "group": "end-to-end",
    "state": "Device=0 min_width=0 max_width=32 num_rows=262144 workload=variable",
    "stable": "False",
    "descending": "False",
    "rounds": 3,
    "ratio": 1.2336255510284762,
    "ratio_ci_low": 1.204691471565295,
    "ratio_ci_high": 1.2460768507652127,
    "accepted": false,
    "axes": "{\"max_width\": \"32\", \"min_width\": \"0\", \"num_rows\": \"262144\", \"workload\": \"variable\"}"
  },
  {
    "config": "pr2-p32-c4096",
    "group": "end-to-end",
    "state": "Device=0 min_width=0 max_width=256 num_rows=262144 workload=variable",
    "stable": "False",
    "descending": "False",
    "rounds": 3,
    "ratio": 1.4416135786355138,
    "ratio_ci_low": 1.425527811066858,
    "ratio_ci_high": 1.4666667091201557,
    "accepted": false,
    "axes": "{\"max_width\": \"256\", \"min_width\": \"0\", \"num_rows\": \"262144\", \"workload\": \"variable\"}"
  },
  {
    "config": "pr2-p32-c4096",
    "group": "end-to-end",
    "state": "Device=0 min_width=0 max_width=32 num_rows=2097152 workload=variable",
    "stable": "False",
    "descending": "False",
    "rounds": 3,
    "ratio": 1.3519571402898554,
    "ratio_ci_low": 1.3360467300533356,
    "ratio_ci_high": 1.3631842407205697,
    "accepted": false,
    "axes": "{\"max_width\": \"32\", \"min_width\": \"0\", \"num_rows\": \"2097152\", \"workload\": \"variable\"}"
  },
  {
    "config": "pr2-p32-c4096",
    "group": "end-to-end",
    "state": "Device=0 min_width=0 max_width=256 num_rows=2097152 workload=variable",
    "stable": "False",
    "descending": "False",
    "rounds": 3,
    "ratio": 1.2229191714651944,
    "ratio_ci_low": 1.2136321730719366,
    "ratio_ci_high": 1.228379198027616,
    "accepted": false,
    "axes": "{\"max_width\": \"256\", \"min_width\": \"0\", \"num_rows\": \"2097152\", \"workload\": \"variable\"}"
  },
  {
    "config": "pr2-p32-c4096",
    "group": "main",
    "state": "Device=0 min_width=1 max_width=8 num_rows=32768",
    "stable": "False",
    "descending": "False",
    "rounds": 3,
    "ratio": 1.444754310177122,
    "ratio_ci_low": 1.4080425587880576,
    "ratio_ci_high": 1.5063088211276665,
    "accepted": false,
    "axes": "{\"max_width\": \"8\", \"min_width\": \"1\", \"num_rows\": \"32768\"}"
  },
  {
    "config": "pr2-p32-c4096",
    "group": "main",
    "state": "Device=0 min_width=1 max_width=32 num_rows=32768",
    "stable": "False",
    "descending": "False",
    "rounds": 3,
    "ratio": 1.667591889886569,
    "ratio_ci_low": 1.6380060747868093,
    "ratio_ci_high": 1.7056868323615522,
    "accepted": false,
    "axes": "{\"max_width\": \"32\", \"min_width\": \"1\", \"num_rows\": \"32768\"}"
  },
  {
    "config": "pr2-p32-c4096",
    "group": "main",
    "state": "Device=0 min_width=1 max_width=64 num_rows=32768",
    "stable": "False",
    "descending": "False",
    "rounds": 3,
    "ratio": 1.6752860344355724,
    "ratio_ci_low": 1.6520245182418125,
    "ratio_ci_high": 1.709996756949374,
    "accepted": false,
    "axes": "{\"max_width\": \"64\", \"min_width\": \"1\", \"num_rows\": \"32768\"}"
  },
  {
    "config": "pr2-p32-c4096",
    "group": "main",
    "state": "Device=0 min_width=1 max_width=128 num_rows=32768",
    "stable": "False",
    "descending": "False",
    "rounds": 3,
    "ratio": 1.5941431877262247,
    "ratio_ci_low": 1.5586560053018803,
    "ratio_ci_high": 1.6091993363198331,
    "accepted": false,
    "axes": "{\"max_width\": \"128\", \"min_width\": \"1\", \"num_rows\": \"32768\"}"
  },
  {
    "config": "pr2-p32-c4096",
    "group": "main",
    "state": "Device=0 min_width=1 max_width=256 num_rows=32768",
    "stable": "False",
    "descending": "False",
    "rounds": 3,
    "ratio": 1.533204580351419,
    "ratio_ci_low": 1.5085759974828796,
    "ratio_ci_high": 1.5598823054339184,
    "accepted": false,
    "axes": "{\"max_width\": \"256\", \"min_width\": \"1\", \"num_rows\": \"32768\"}"
  },
  {
    "config": "pr2-p32-c4096",
    "group": "main",
    "state": "Device=0 min_width=1 max_width=8 num_rows=262144",
    "stable": "False",
    "descending": "False",
    "rounds": 3,
    "ratio": 1.0599511185798924,
    "ratio_ci_low": 1.0385883647987257,
    "ratio_ci_high": 1.0921010262610857,
    "accepted": false,
    "axes": "{\"max_width\": \"8\", \"min_width\": \"1\", \"num_rows\": \"262144\"}"
  },
  {
    "config": "pr2-p32-c4096",
    "group": "main",
    "state": "Device=0 num_rows=262144 profile=cardinality_64_width_128",
    "stable": "False",
    "descending": "False",
    "rounds": 3,
    "ratio": 2.4840740497874707,
    "ratio_ci_low": 2.4629278366243046,
    "ratio_ci_high": 2.515685855105897,
    "accepted": false,
    "axes": "{\"num_rows\": \"262144\", \"profile\": \"cardinality_64_width_128\"}"
  },
  {
    "config": "pr2-p32-c4096",
    "group": "main",
    "state": "Device=0 num_rows=2097152 profile=cardinality_64_width_128",
    "stable": "False",
    "descending": "False",
    "rounds": 3,
    "ratio": 1.1489172769293308,
    "ratio_ci_low": 1.131614758993245,
    "ratio_ci_high": 1.163280712944517,
    "accepted": false,
    "axes": "{\"num_rows\": \"2097152\", \"profile\": \"cardinality_64_width_128\"}"
  },
  {
    "config": "pr2-p32-c4096",
    "group": "main",
    "state": "Device=0 num_rows=262144 profile=shared_prefix_64",
    "stable": "False",
    "descending": "False",
    "rounds": 3,
    "ratio": 9.324172291035921,
    "ratio_ci_low": 9.291691599490811,
    "ratio_ci_high": 9.356950720516844,
    "accepted": false,
    "axes": "{\"num_rows\": \"262144\", \"profile\": \"shared_prefix_64\"}"
  },
  {
    "config": "pr2-p32-c4096",
    "group": "main",
    "state": "Device=0 num_rows=2097152 profile=shared_prefix_64",
    "stable": "False",
    "descending": "False",
    "rounds": 3,
    "ratio": 11.114389186703203,
    "ratio_ci_low": 11.104434231674041,
    "ratio_ci_high": 11.127173594766512,
    "accepted": false,
    "axes": "{\"num_rows\": \"2097152\", \"profile\": \"shared_prefix_64\"}"
  },
  {
    "config": "pr2-p32-c4096",
    "group": "main",
    "state": "Device=0 num_rows=262144 profile=variable_128",
    "stable": "False",
    "descending": "False",
    "rounds": 3,
    "ratio": 1.4354924191605265,
    "ratio_ci_low": 1.3940971077253341,
    "ratio_ci_high": 1.4728273626744603,
    "accepted": false,
    "axes": "{\"num_rows\": \"262144\", \"profile\": \"variable_128\"}"
  },
  {
    "config": "pr2-p32-c4096",
    "group": "main",
    "state": "Device=0 num_rows=2097152 profile=variable_128",
    "stable": "False",
    "descending": "False",
    "rounds": 3,
    "ratio": 1.5463748604011869,
    "ratio_ci_low": 1.5202152721018027,
    "ratio_ci_high": 1.5635743499286392,
    "accepted": false,
    "axes": "{\"num_rows\": \"2097152\", \"profile\": \"variable_128\"}"
  },
  {
    "config": "pr2-p32-c4096",
    "group": "main",
    "state": "Device=0 num_rows=262144 profile=fixed_8 null_percent=0",
    "stable": "False",
    "descending": "False",
    "rounds": 3,
    "ratio": 1.646001968695313,
    "ratio_ci_low": 1.6164139392024388,
    "ratio_ci_high": 1.6605600400416238,
    "accepted": false,
    "axes": "{\"null_percent\": \"0\", \"num_rows\": \"262144\", \"profile\": \"fixed_8\"}"
  },
  {
    "config": "pr2-p32-c4096",
    "group": "main",
    "state": "Device=0 num_rows=2097152 profile=fixed_8 null_percent=0",
    "stable": "False",
    "descending": "False",
    "rounds": 3,
    "ratio": 2.205605184195043,
    "ratio_ci_low": 2.1633383824256054,
    "ratio_ci_high": 2.23351884195206,
    "accepted": false,
    "axes": "{\"null_percent\": \"0\", \"num_rows\": \"2097152\", \"profile\": \"fixed_8\"}"
  },
  {
    "config": "pr2-p32-c4096",
    "group": "main",
    "state": "Device=0 num_rows=262144 profile=variable_128 null_percent=0",
    "stable": "False",
    "descending": "False",
    "rounds": 3,
    "ratio": 1.4472197467648136,
    "ratio_ci_low": 1.4171960583998495,
    "ratio_ci_high": 1.4698331372127995,
    "accepted": false,
    "axes": "{\"null_percent\": \"0\", \"num_rows\": \"262144\", \"profile\": \"variable_128\"}"
  },
  {
    "config": "pr2-p32-c4096",
    "group": "main",
    "state": "Device=0 num_rows=2097152 profile=variable_128 null_percent=0",
    "stable": "False",
    "descending": "False",
    "rounds": 3,
    "ratio": 1.5322168520988089,
    "ratio_ci_low": 1.5137601243813268,
    "ratio_ci_high": 1.545528884434207,
    "accepted": false,
    "axes": "{\"null_percent\": \"0\", \"num_rows\": \"2097152\", \"profile\": \"variable_128\"}"
  },
  {
    "config": "pr2-p32-c4096",
    "group": "main",
    "state": "Device=0 num_rows=262144 profile=fixed_8 null_percent=50",
    "stable": "False",
    "descending": "False",
    "rounds": 3,
    "ratio": 1.7844939173493772,
    "ratio_ci_low": 1.7055113781476379,
    "ratio_ci_high": 1.8642558926868715,
    "accepted": false,
    "axes": "{\"null_percent\": \"50\", \"num_rows\": \"262144\", \"profile\": \"fixed_8\"}"
  },
  {
    "config": "pr2-p32-c4096",
    "group": "main",
    "state": "Device=0 num_rows=2097152 profile=fixed_8 null_percent=50",
    "stable": "False",
    "descending": "False",
    "rounds": 3,
    "ratio": 1.2449897882824454,
    "ratio_ci_low": 1.234490000777316,
    "ratio_ci_high": 1.2495576140976232,
    "accepted": false,
    "axes": "{\"null_percent\": \"50\", \"num_rows\": \"2097152\", \"profile\": \"fixed_8\"}"
  },
  {
    "config": "pr2-p32-c4096",
    "group": "main",
    "state": "Device=0 num_rows=262144 profile=variable_128 null_percent=50",
    "stable": "False",
    "descending": "False",
    "rounds": 3,
    "ratio": 1.5228281974853555,
    "ratio_ci_low": 1.4971418489784458,
    "ratio_ci_high": 1.5645914859519232,
    "accepted": false,
    "axes": "{\"null_percent\": \"50\", \"num_rows\": \"262144\", \"profile\": \"variable_128\"}"
  },
  {
    "config": "pr2-p32-c4096",
    "group": "segments",
    "state": "Device=0 num_rows=32768 shared_suffix=0 segment_profile=singletons",
    "stable": "False",
    "descending": "False",
    "rounds": 3,
    "ratio": 1.3774580351760692,
    "ratio_ci_low": 1.3478267074684052,
    "ratio_ci_high": 1.3952136322350708,
    "accepted": false,
    "axes": "{\"num_rows\": \"32768\", \"segment_profile\": \"singletons\", \"shared_suffix\": \"0\"}"
  },
  {
    "config": "pr2-p32-c4096",
    "group": "segments",
    "state": "Device=0 num_rows=32768 shared_suffix=64 segment_profile=singletons",
    "stable": "False",
    "descending": "False",
    "rounds": 3,
    "ratio": 1.6244954866629249,
    "ratio_ci_low": 1.501835713298985,
    "ratio_ci_high": 1.7123021814429167,
    "accepted": false,
    "axes": "{\"num_rows\": \"32768\", \"segment_profile\": \"singletons\", \"shared_suffix\": \"64\"}"
  },
  {
    "config": "pr2-p32-c4096",
    "group": "segments",
    "state": "Device=0 num_rows=2097152 shared_suffix=64 segment_profile=singletons",
    "stable": "False",
    "descending": "False",
    "rounds": 3,
    "ratio": 1.2248589161678887,
    "ratio_ci_low": 1.2190697124371939,
    "ratio_ci_high": 1.228539294228948,
    "accepted": false,
    "axes": "{\"num_rows\": \"2097152\", \"segment_profile\": \"singletons\", \"shared_suffix\": \"64\"}"
  },
  {
    "config": "pr2-p32-c4096",
    "group": "segments",
    "state": "Device=0 num_rows=32768 shared_suffix=0 segment_profile=pairs",
    "stable": "False",
    "descending": "False",
    "rounds": 3,
    "ratio": 3.4690356817640775,
    "ratio_ci_low": 3.37165243102495,
    "ratio_ci_high": 3.5569520731982585,
    "accepted": false,
    "axes": "{\"num_rows\": \"32768\", \"segment_profile\": \"pairs\", \"shared_suffix\": \"0\"}"
  },
  {
    "config": "pr2-p32-c4096",
    "group": "segments",
    "state": "Device=0 num_rows=2097152 shared_suffix=0 segment_profile=pairs",
    "stable": "False",
    "descending": "False",
    "rounds": 3,
    "ratio": 21.128143039267847,
    "ratio_ci_low": 21.086033094185087,
    "ratio_ci_high": 21.202569382429846,
    "accepted": false,
    "axes": "{\"num_rows\": \"2097152\", \"segment_profile\": \"pairs\", \"shared_suffix\": \"0\"}"
  },
  {
    "config": "pr2-p32-c4096",
    "group": "segments",
    "state": "Device=0 num_rows=32768 shared_suffix=64 segment_profile=pairs",
    "stable": "False",
    "descending": "False",
    "rounds": 3,
    "ratio": 4.424823274971342,
    "ratio_ci_low": 4.391885874873511,
    "ratio_ci_high": 4.51300352095293,
    "accepted": false,
    "axes": "{\"num_rows\": \"32768\", \"segment_profile\": \"pairs\", \"shared_suffix\": \"64\"}"
  },
  {
    "config": "pr2-p32-c4096",
    "group": "segments",
    "state": "Device=0 num_rows=2097152 shared_suffix=64 segment_profile=pairs",
    "stable": "False",
    "descending": "False",
    "rounds": 3,
    "ratio": 30.53367631128708,
    "ratio_ci_low": 30.164920996426673,
    "ratio_ci_high": 30.779166150025365,
    "accepted": false,
    "axes": "{\"num_rows\": \"2097152\", \"segment_profile\": \"pairs\", \"shared_suffix\": \"64\"}"
  },
  {
    "config": "pr2-p32-c4096",
    "group": "segments",
    "state": "Device=0 num_rows=32768 shared_suffix=0 segment_profile=tiny4",
    "stable": "False",
    "descending": "False",
    "rounds": 3,
    "ratio": 3.0896220169092583,
    "ratio_ci_low": 2.904294935338738,
    "ratio_ci_high": 3.237249447571619,
    "accepted": false,
    "axes": "{\"num_rows\": \"32768\", \"segment_profile\": \"tiny4\", \"shared_suffix\": \"0\"}"
  },
  {
    "config": "pr2-p32-c4096",
    "group": "segments",
    "state": "Device=0 num_rows=2097152 shared_suffix=0 segment_profile=tiny4",
    "stable": "False",
    "descending": "False",
    "rounds": 3,
    "ratio": 15.339921703900972,
    "ratio_ci_low": 15.190580903943612,
    "ratio_ci_high": 15.477788411407813,
    "accepted": false,
    "axes": "{\"num_rows\": \"2097152\", \"segment_profile\": \"tiny4\", \"shared_suffix\": \"0\"}"
  },
  {
    "config": "pr2-p32-c4096",
    "group": "segments",
    "state": "Device=0 num_rows=32768 shared_suffix=64 segment_profile=tiny4",
    "stable": "False",
    "descending": "False",
    "rounds": 3,
    "ratio": 4.343649490464394,
    "ratio_ci_low": 4.188486803656738,
    "ratio_ci_high": 4.496302237479681,
    "accepted": false,
    "axes": "{\"num_rows\": \"32768\", \"segment_profile\": \"tiny4\", \"shared_suffix\": \"64\"}"
  },
  {
    "config": "pr2-p32-c4096",
    "group": "segments",
    "state": "Device=0 num_rows=2097152 shared_suffix=64 segment_profile=tiny4",
    "stable": "False",
    "descending": "False",
    "rounds": 3,
    "ratio": 26.022670215661414,
    "ratio_ci_low": 25.78745882149127,
    "ratio_ci_high": 26.221407343326607,
    "accepted": false,
    "axes": "{\"num_rows\": \"2097152\", \"segment_profile\": \"tiny4\", \"shared_suffix\": \"64\"}"
  },
  {
    "config": "pr2-p32-c4096",
    "group": "segments",
    "state": "Device=0 num_rows=32768 shared_suffix=0 segment_profile=tiny8",
    "stable": "False",
    "descending": "False",
    "rounds": 3,
    "ratio": 2.2955250496582926,
    "ratio_ci_low": 2.275935159589298,
    "ratio_ci_high": 2.3202158158284947,
    "accepted": false,
    "axes": "{\"num_rows\": \"32768\", \"segment_profile\": \"tiny8\", \"shared_suffix\": \"0\"}"
  },
  {
    "config": "pr2-p32-c4096",
    "group": "segments",
    "state": "Device=0 num_rows=2097152 shared_suffix=0 segment_profile=tiny8",
    "stable": "False",
    "descending": "False",
    "rounds": 3,
    "ratio": 9.988245586482382,
    "ratio_ci_low": 9.808817387627194,
    "ratio_ci_high": 10.131907723567826,
    "accepted": false,
    "axes": "{\"num_rows\": \"2097152\", \"segment_profile\": \"tiny8\", \"shared_suffix\": \"0\"}"
  },
  {
    "config": "pr2-p32-c4096",
    "group": "segments",
    "state": "Device=0 num_rows=32768 shared_suffix=64 segment_profile=tiny8",
    "stable": "False",
    "descending": "False",
    "rounds": 3,
    "ratio": 3.472200557139731,
    "ratio_ci_low": 3.430553742691127,
    "ratio_ci_high": 3.566119668677194,
    "accepted": false,
    "axes": "{\"num_rows\": \"32768\", \"segment_profile\": \"tiny8\", \"shared_suffix\": \"64\"}"
  },
  {
    "config": "pr2-p32-c4096",
    "group": "segments",
    "state": "Device=0 num_rows=2097152 shared_suffix=64 segment_profile=tiny8",
    "stable": "False",
    "descending": "False",
    "rounds": 3,
    "ratio": 18.3067095364988,
    "ratio_ci_low": 18.20107048007613,
    "ratio_ci_high": 18.39048354095596,
    "accepted": false,
    "axes": "{\"num_rows\": \"2097152\", \"segment_profile\": \"tiny8\", \"shared_suffix\": \"64\"}"
  },
  {
    "config": "pr2-p32-c4096",
    "group": "segments",
    "state": "Device=0 num_rows=32768 shared_suffix=0 segment_profile=tiny16",
    "stable": "False",
    "descending": "False",
    "rounds": 3,
    "ratio": 2.1058578914266772,
    "ratio_ci_low": 1.9297750681815884,
    "ratio_ci_high": 2.260763486187636,
    "accepted": false,
    "axes": "{\"num_rows\": \"32768\", \"segment_profile\": \"tiny16\", \"shared_suffix\": \"0\"}"
  },
  {
    "config": "pr2-p32-c4096",
    "group": "segments",
    "state": "Device=0 num_rows=2097152 shared_suffix=0 segment_profile=tiny16",
    "stable": "False",
    "descending": "False",
    "rounds": 3,
    "ratio": 6.664667676934906,
    "ratio_ci_low": 6.583506918128632,
    "ratio_ci_high": 6.743072706895895,
    "accepted": false,
    "axes": "{\"num_rows\": \"2097152\", \"segment_profile\": \"tiny16\", \"shared_suffix\": \"0\"}"
  },
  {
    "config": "pr2-p32-c4096",
    "group": "segments",
    "state": "Device=0 num_rows=32768 shared_suffix=64 segment_profile=tiny16",
    "stable": "False",
    "descending": "False",
    "rounds": 3,
    "ratio": 3.123400389616784,
    "ratio_ci_low": 3.0557538620755937,
    "ratio_ci_high": 3.2194643830205263,
    "accepted": false,
    "axes": "{\"num_rows\": \"32768\", \"segment_profile\": \"tiny16\", \"shared_suffix\": \"64\"}"
  },
  {
    "config": "pr2-p32-c4096",
    "group": "segments",
    "state": "Device=0 num_rows=2097152 shared_suffix=64 segment_profile=tiny16",
    "stable": "False",
    "descending": "False",
    "rounds": 3,
    "ratio": 12.829523279387754,
    "ratio_ci_low": 12.736768268706557,
    "ratio_ci_high": 12.911369525799975,
    "accepted": false,
    "axes": "{\"num_rows\": \"2097152\", \"segment_profile\": \"tiny16\", \"shared_suffix\": \"64\"}"
  },
  {
    "config": "pr2-p32-c4096",
    "group": "segments",
    "state": "Device=0 num_rows=32768 shared_suffix=0 segment_profile=tiny32",
    "stable": "False",
    "descending": "False",
    "rounds": 3,
    "ratio": 2.024110114723305,
    "ratio_ci_low": 1.9775133200408985,
    "ratio_ci_high": 2.0897862319490166,
    "accepted": false,
    "axes": "{\"num_rows\": \"32768\", \"segment_profile\": \"tiny32\", \"shared_suffix\": \"0\"}"
  },
  {
    "config": "pr2-p32-c4096",
    "group": "segments",
    "state": "Device=0 num_rows=2097152 shared_suffix=0 segment_profile=tiny32",
    "stable": "False",
    "descending": "False",
    "rounds": 3,
    "ratio": 4.547902744460836,
    "ratio_ci_low": 4.497450793180322,
    "ratio_ci_high": 4.611999925068064,
    "accepted": false,
    "axes": "{\"num_rows\": \"2097152\", \"segment_profile\": \"tiny32\", \"shared_suffix\": \"0\"}"
  },
  {
    "config": "pr2-p32-c4096",
    "group": "segments",
    "state": "Device=0 num_rows=32768 shared_suffix=64 segment_profile=tiny32",
    "stable": "False",
    "descending": "False",
    "rounds": 3,
    "ratio": 2.7285744102462757,
    "ratio_ci_low": 2.696950742249644,
    "ratio_ci_high": 2.7850892572394264,
    "accepted": false,
    "axes": "{\"num_rows\": \"32768\", \"segment_profile\": \"tiny32\", \"shared_suffix\": \"64\"}"
  },
  {
    "config": "pr2-p32-c4096",
    "group": "segments",
    "state": "Device=0 num_rows=2097152 shared_suffix=64 segment_profile=tiny32",
    "stable": "False",
    "descending": "False",
    "rounds": 3,
    "ratio": 8.357951686934705,
    "ratio_ci_low": 8.318096984188344,
    "ratio_ci_high": 8.387195475617833,
    "accepted": false,
    "axes": "{\"num_rows\": \"2097152\", \"segment_profile\": \"tiny32\", \"shared_suffix\": \"64\"}"
  },
  {
    "config": "pr2-p32-c4096",
    "group": "segments",
    "state": "Device=0 num_rows=32768 shared_suffix=0 segment_profile=block256",
    "stable": "False",
    "descending": "False",
    "rounds": 3,
    "ratio": 2.1212998413744244,
    "ratio_ci_low": 2.0567973486112807,
    "ratio_ci_high": 2.1919712197308234,
    "accepted": false,
    "axes": "{\"num_rows\": \"32768\", \"segment_profile\": \"block256\", \"shared_suffix\": \"0\"}"
  },
  {
    "config": "pr2-p32-c4096",
    "group": "segments",
    "state": "Device=0 num_rows=2097152 shared_suffix=0 segment_profile=block256",
    "stable": "False",
    "descending": "False",
    "rounds": 3,
    "ratio": 1.6431222728640318,
    "ratio_ci_low": 1.6315802559268588,
    "ratio_ci_high": 1.654436752148663,
    "accepted": false,
    "axes": "{\"num_rows\": \"2097152\", \"segment_profile\": \"block256\", \"shared_suffix\": \"0\"}"
  },
  {
    "config": "pr2-p32-c4096",
    "group": "segments",
    "state": "Device=0 num_rows=32768 shared_suffix=64 segment_profile=block256",
    "stable": "False",
    "descending": "False",
    "rounds": 3,
    "ratio": 2.8476158227000012,
    "ratio_ci_low": 2.810146687004754,
    "ratio_ci_high": 2.879830987447995,
    "accepted": false,
    "axes": "{\"num_rows\": \"32768\", \"segment_profile\": \"block256\", \"shared_suffix\": \"64\"}"
  },
  {
    "config": "pr2-p32-c4096",
    "group": "segments",
    "state": "Device=0 num_rows=2097152 shared_suffix=64 segment_profile=block256",
    "stable": "False",
    "descending": "False",
    "rounds": 3,
    "ratio": 3.3554215421478517,
    "ratio_ci_low": 3.347144578912544,
    "ratio_ci_high": 3.3605158038353506,
    "accepted": false,
    "axes": "{\"num_rows\": \"2097152\", \"segment_profile\": \"block256\", \"shared_suffix\": \"64\"}"
  },
  {
    "config": "pr2-p32-c4096",
    "group": "segments",
    "state": "Device=0 num_rows=32768 shared_suffix=0 segment_profile=logarithmic",
    "stable": "False",
    "descending": "False",
    "rounds": 3,
    "ratio": 1.8670341388562088,
    "ratio_ci_low": 1.8227967743689777,
    "ratio_ci_high": 1.9200649997904295,
    "accepted": false,
    "axes": "{\"num_rows\": \"32768\", \"segment_profile\": \"logarithmic\", \"shared_suffix\": \"0\"}"
  },
  {
    "config": "pr2-p32-c4096",
    "group": "segments",
    "state": "Device=0 num_rows=2097152 shared_suffix=0 segment_profile=logarithmic",
    "stable": "False",
    "descending": "False",
    "rounds": 3,
    "ratio": 2.145589660950074,
    "ratio_ci_low": 2.132394642138404,
    "ratio_ci_high": 2.1553827390746516,
    "accepted": false,
    "axes": "{\"num_rows\": \"2097152\", \"segment_profile\": \"logarithmic\", \"shared_suffix\": \"0\"}"
  },
  {
    "config": "pr2-p32-c4096",
    "group": "segments",
    "state": "Device=0 num_rows=32768 shared_suffix=64 segment_profile=logarithmic",
    "stable": "False",
    "descending": "False",
    "rounds": 3,
    "ratio": 2.7664412983405064,
    "ratio_ci_low": 2.756932044795926,
    "ratio_ci_high": 2.7784754577638515,
    "accepted": false,
    "axes": "{\"num_rows\": \"32768\", \"segment_profile\": \"logarithmic\", \"shared_suffix\": \"64\"}"
  },
  {
    "config": "pr2-p32-c4096",
    "group": "segments",
    "state": "Device=0 num_rows=2097152 shared_suffix=64 segment_profile=logarithmic",
    "stable": "False",
    "descending": "False",
    "rounds": 3,
    "ratio": 1.5839487426670522,
    "ratio_ci_low": 1.5746371587774368,
    "ratio_ci_high": 1.5966256337828837,
    "accepted": false,
    "axes": "{\"num_rows\": \"2097152\", \"segment_profile\": \"logarithmic\", \"shared_suffix\": \"64\"}"
  },
  {
    "config": "pr2-p32-c4096",
    "group": "segments",
    "state": "Device=0 num_rows=32768 shared_suffix=0 segment_profile=tiny_plus_giant",
    "stable": "False",
    "descending": "False",
    "rounds": 3,
    "ratio": 1.4778359797080591,
    "ratio_ci_low": 1.4765613772218698,
    "ratio_ci_high": 1.4783097967772934,
    "accepted": false,
    "axes": "{\"num_rows\": \"32768\", \"segment_profile\": \"tiny_plus_giant\", \"shared_suffix\": \"0\"}"
  },
  {
    "config": "pr2-p32-c4096",
    "group": "segments",
    "state": "Device=0 num_rows=2097152 shared_suffix=0 segment_profile=tiny_plus_giant",
    "stable": "False",
    "descending": "False",
    "rounds": 3,
    "ratio": 4.743164913763031,
    "ratio_ci_low": 4.692565565137745,
    "ratio_ci_high": 4.784217300253549,
    "accepted": false,
    "axes": "{\"num_rows\": \"2097152\", \"segment_profile\": \"tiny_plus_giant\", \"shared_suffix\": \"0\"}"
  },
  {
    "config": "pr2-p32-c4096",
    "group": "segments",
    "state": "Device=0 num_rows=32768 shared_suffix=64 segment_profile=tiny_plus_giant",
    "stable": "False",
    "descending": "False",
    "rounds": 3,
    "ratio": 1.8805180106161798,
    "ratio_ci_low": 1.8667277906494073,
    "ratio_ci_high": 1.8920996028341919,
    "accepted": false,
    "axes": "{\"num_rows\": \"32768\", \"segment_profile\": \"tiny_plus_giant\", \"shared_suffix\": \"64\"}"
  },
  {
    "config": "pr2-p32-c4096",
    "group": "segments",
    "state": "Device=0 num_rows=2097152 shared_suffix=64 segment_profile=tiny_plus_giant",
    "stable": "False",
    "descending": "False",
    "rounds": 3,
    "ratio": 7.746647556945847,
    "ratio_ci_low": 7.72032247641583,
    "ratio_ci_high": 7.76288584971784,
    "accepted": false,
    "axes": "{\"num_rows\": \"2097152\", \"segment_profile\": \"tiny_plus_giant\", \"shared_suffix\": \"64\"}"
  },
  {
    "config": "pr2-p32-c4096",
    "group": "segments",
    "state": "Device=0 num_rows=32768 shared_suffix=0 segment_profile=hot90",
    "stable": "False",
    "descending": "False",
    "rounds": 3,
    "ratio": 2.4244698139957923,
    "ratio_ci_low": 2.3654995573438025,
    "ratio_ci_high": 2.5031723712992036,
    "accepted": false,
    "axes": "{\"num_rows\": \"32768\", \"segment_profile\": \"hot90\", \"shared_suffix\": \"0\"}"
  },
  {
    "config": "pr2-p32-c4096",
    "group": "segments",
    "state": "Device=0 num_rows=2097152 shared_suffix=0 segment_profile=hot90",
    "stable": "False",
    "descending": "False",
    "rounds": 3,
    "ratio": 6.027263806824041,
    "ratio_ci_low": 6.016745101395321,
    "ratio_ci_high": 6.044910039759469,
    "accepted": false,
    "axes": "{\"num_rows\": \"2097152\", \"segment_profile\": \"hot90\", \"shared_suffix\": \"0\"}"
  },
  {
    "config": "pr2-p32-c4096",
    "group": "segments",
    "state": "Device=0 num_rows=32768 shared_suffix=64 segment_profile=hot90",
    "stable": "False",
    "descending": "False",
    "rounds": 3,
    "ratio": 3.6881246102878364,
    "ratio_ci_low": 3.6800514788323,
    "ratio_ci_high": 3.6959244214318794,
    "accepted": false,
    "axes": "{\"num_rows\": \"32768\", \"segment_profile\": \"hot90\", \"shared_suffix\": \"64\"}"
  },
  {
    "config": "pr2-p32-c4096",
    "group": "segments",
    "state": "Device=0 num_rows=2097152 shared_suffix=64 segment_profile=hot90",
    "stable": "False",
    "descending": "False",
    "rounds": 3,
    "ratio": 10.39505456724731,
    "ratio_ci_low": 10.361256750489254,
    "ratio_ci_high": 10.431047035312716,
    "accepted": false,
    "axes": "{\"num_rows\": \"2097152\", \"segment_profile\": \"hot90\", \"shared_suffix\": \"64\"}"
  },
  {
    "config": "pr2-p32-c4096",
    "group": "segments",
    "state": "Device=0 num_rows=32768 shared_suffix=0 segment_profile=few_giants",
    "stable": "False",
    "descending": "False",
    "rounds": 3,
    "ratio": 1.6544152074580285,
    "ratio_ci_low": 1.6491137677988676,
    "ratio_ci_high": 1.6689958570192087,
    "accepted": false,
    "axes": "{\"num_rows\": \"32768\", \"segment_profile\": \"few_giants\", \"shared_suffix\": \"0\"}"
  },
  {
    "config": "pr2-p32-c4096",
    "group": "segments",
    "state": "Device=0 num_rows=2097152 shared_suffix=0 segment_profile=few_giants",
    "stable": "False",
    "descending": "False",
    "rounds": 3,
    "ratio": 4.097303108452561,
    "ratio_ci_low": 4.063027213402132,
    "ratio_ci_high": 4.127081732633264,
    "accepted": false,
    "axes": "{\"num_rows\": \"2097152\", \"segment_profile\": \"few_giants\", \"shared_suffix\": \"0\"}"
  },
  {
    "config": "pr2-p32-c4096",
    "group": "segments",
    "state": "Device=0 num_rows=32768 shared_suffix=64 segment_profile=few_giants",
    "stable": "False",
    "descending": "False",
    "rounds": 3,
    "ratio": 2.2253104999821867,
    "ratio_ci_low": 2.2014999239710056,
    "ratio_ci_high": 2.2484535565975077,
    "accepted": false,
    "axes": "{\"num_rows\": \"32768\", \"segment_profile\": \"few_giants\", \"shared_suffix\": \"64\"}"
  },
  {
    "config": "pr2-p32-c4096",
    "group": "segments",
    "state": "Device=0 num_rows=2097152 shared_suffix=64 segment_profile=few_giants",
    "stable": "False",
    "descending": "False",
    "rounds": 3,
    "ratio": 5.243959255992836,
    "ratio_ci_low": 5.2200652745061,
    "ratio_ci_high": 5.268557024842312,
    "accepted": false,
    "axes": "{\"num_rows\": \"2097152\", \"segment_profile\": \"few_giants\", \"shared_suffix\": \"64\"}"
  },
  {
    "config": "pr2-p32-c4096",
    "group": "segments",
    "state": "Device=0 num_rows=32768 shared_suffix=0 segment_profile=one_segment",
    "stable": "False",
    "descending": "False",
    "rounds": 3,
    "ratio": 2.568844994329573,
    "ratio_ci_low": 2.528371770259347,
    "ratio_ci_high": 2.622054814559888,
    "accepted": false,
    "axes": "{\"num_rows\": \"32768\", \"segment_profile\": \"one_segment\", \"shared_suffix\": \"0\"}"
  },
  {
    "config": "pr2-p32-c4096",
    "group": "segments",
    "state": "Device=0 num_rows=2097152 shared_suffix=0 segment_profile=one_segment",
    "stable": "False",
    "descending": "False",
    "rounds": 3,
    "ratio": 6.388392091481517,
    "ratio_ci_low": 6.371860083390067,
    "ratio_ci_high": 6.40163487167259,
    "accepted": false,
    "axes": "{\"num_rows\": \"2097152\", \"segment_profile\": \"one_segment\", \"shared_suffix\": \"0\"}"
  },
  {
    "config": "pr2-p32-c4096",
    "group": "segments",
    "state": "Device=0 num_rows=32768 shared_suffix=64 segment_profile=one_segment",
    "stable": "False",
    "descending": "False",
    "rounds": 3,
    "ratio": 4.026307304411829,
    "ratio_ci_low": 3.995155999628438,
    "ratio_ci_high": 4.064691739598935,
    "accepted": false,
    "axes": "{\"num_rows\": \"32768\", \"segment_profile\": \"one_segment\", \"shared_suffix\": \"64\"}"
  },
  {
    "config": "pr2-p32-c4096",
    "group": "segments",
    "state": "Device=0 num_rows=2097152 shared_suffix=64 segment_profile=one_segment",
    "stable": "False",
    "descending": "False",
    "rounds": 3,
    "ratio": 11.27821140226742,
    "ratio_ci_low": 11.2543335962156,
    "ratio_ci_high": 11.311685727750323,
    "accepted": false,
    "axes": "{\"num_rows\": \"2097152\", \"segment_profile\": \"one_segment\", \"shared_suffix\": \"64\"}"
  },
  {
    "config": "pr2-p32-c4096",
    "group": "pr-source",
    "state": "Device=0 num_rows=262144 profile=unique_32",
    "stable": "False",
    "descending": "False",
    "rounds": 3,
    "ratio": 11.706159780003926,
    "ratio_ci_low": 11.42599702316786,
    "ratio_ci_high": 11.91360918571951,
    "accepted": false,
    "axes": "{\"num_rows\": \"262144\", \"profile\": \"unique_32\"}"
  },
  {
    "config": "pr2-p32-c4096",
    "group": "pr-source",
    "state": "Device=0 num_rows=2097152 profile=unique_32",
    "stable": "False",
    "descending": "False",
    "rounds": 3,
    "ratio": 20.34308921603638,
    "ratio_ci_low": 20.30329059554665,
    "ratio_ci_high": 20.368124142317296,
    "accepted": false,
    "axes": "{\"num_rows\": \"2097152\", \"profile\": \"unique_32\"}"
  },
  {
    "config": "pr2-p32-c4096",
    "group": "pr-source",
    "state": "Device=0 num_rows=262144 profile=duplicates_32",
    "stable": "False",
    "descending": "False",
    "rounds": 3,
    "ratio": 8.101238401549905,
    "ratio_ci_low": 7.989612003698617,
    "ratio_ci_high": 8.198601181602923,
    "accepted": false,
    "axes": "{\"num_rows\": \"262144\", \"profile\": \"duplicates_32\"}"
  },
  {
    "config": "pr2-p32-c4096",
    "group": "pr-source",
    "state": "Device=0 num_rows=2097152 profile=duplicates_32",
    "stable": "False",
    "descending": "False",
    "rounds": 3,
    "ratio": 12.911579582342673,
    "ratio_ci_low": 12.876906676689886,
    "ratio_ci_high": 12.935851782662079,
    "accepted": false,
    "axes": "{\"num_rows\": \"2097152\", \"profile\": \"duplicates_32\"}"
  },
  {
    "config": "pr2-p32-c4096",
    "group": "pr-source",
    "state": "Device=0 num_rows=262144 profile=shared_prefix_24",
    "stable": "False",
    "descending": "False",
    "rounds": 3,
    "ratio": 11.666721468948728,
    "ratio_ci_low": 11.560704611230705,
    "ratio_ci_high": 11.755378968950103,
    "accepted": false,
    "axes": "{\"num_rows\": \"262144\", \"profile\": \"shared_prefix_24\"}"
  },
  {
    "config": "pr2-p32-c4096",
    "group": "pr-source",
    "state": "Device=0 num_rows=2097152 profile=shared_prefix_24",
    "stable": "False",
    "descending": "False",
    "rounds": 3,
    "ratio": 20.341894991881365,
    "ratio_ci_low": 20.238152117627354,
    "ratio_ci_high": 20.418985383455915,
    "accepted": false,
    "axes": "{\"num_rows\": \"2097152\", \"profile\": \"shared_prefix_24\"}"
  },
  {
    "config": "pr2-p32-c4096",
    "group": "pr-source",
    "state": "Device=0 num_rows=262144 profile=raw_unique_40",
    "stable": "False",
    "descending": "False",
    "rounds": 3,
    "ratio": 1.2964314394073155,
    "ratio_ci_low": 1.2382835178136427,
    "ratio_ci_high": 1.37563183579375,
    "accepted": false,
    "axes": "{\"num_rows\": \"262144\", \"profile\": \"raw_unique_40\"}"
  },
  {
    "config": "pr2-p32-c4096",
    "group": "pr-source",
    "state": "Device=0 num_rows=2097152 profile=raw_unique_40",
    "stable": "False",
    "descending": "False",
    "rounds": 3,
    "ratio": 1.1132595464823531,
    "ratio_ci_low": 1.0980423290982753,
    "ratio_ci_high": 1.1243974013706166,
    "accepted": false,
    "axes": "{\"num_rows\": \"2097152\", \"profile\": \"raw_unique_40\"}"
  },
  {
    "config": "pr2-p32-c4096",
    "group": "pr-source",
    "state": "Device=0 num_rows=262144 profile=raw_duplicates_40",
    "stable": "False",
    "descending": "False",
    "rounds": 3,
    "ratio": 1.4288099666376581,
    "ratio_ci_low": 1.4059969726821477,
    "ratio_ci_high": 1.4706629595664598,
    "accepted": false,
    "axes": "{\"num_rows\": \"262144\", \"profile\": \"raw_duplicates_40\"}"
  },
  {
    "config": "pr2-p32-c4096",
    "group": "pr-source",
    "state": "Device=0 num_rows=262144 profile=raw_shared_prefix_24_width_40",
    "stable": "False",
    "descending": "False",
    "rounds": 3,
    "ratio": 10.50535162044437,
    "ratio_ci_low": 10.371677904365663,
    "ratio_ci_high": 10.614791236115526,
    "accepted": false,
    "axes": "{\"num_rows\": \"262144\", \"profile\": \"raw_shared_prefix_24_width_40\"}"
  },
  {
    "config": "pr2-p32-c4096",
    "group": "pr-source",
    "state": "Device=0 num_rows=2097152 profile=raw_shared_prefix_24_width_40",
    "stable": "False",
    "descending": "False",
    "rounds": 3,
    "ratio": 11.617214516702044,
    "ratio_ci_low": 11.594466536614881,
    "ratio_ci_high": 11.642127817662741,
    "accepted": false,
    "axes": "{\"num_rows\": \"2097152\", \"profile\": \"raw_shared_prefix_24_width_40\"}"
  },
  {
    "config": "pr2-p32-c4096",
    "group": "constant",
    "state": "Device=0 num_rows=262144 prefix_width=32 suffix_width=0 prefix_cardinality=1",
    "stable": "False",
    "descending": "False",
    "rounds": 3,
    "ratio": 9.628769429525331,
    "ratio_ci_low": 9.466207888176159,
    "ratio_ci_high": 9.85819186368552,
    "accepted": false,
    "axes": "{\"num_rows\": \"262144\", \"prefix_cardinality\": \"1\", \"prefix_width\": \"32\", \"suffix_width\": \"0\"}"
  },
  {
    "config": "pr2-p32-c4096",
    "group": "constant",
    "state": "Device=0 num_rows=2097152 prefix_width=32 suffix_width=0 prefix_cardinality=1",
    "stable": "False",
    "descending": "False",
    "rounds": 3,
    "ratio": 17.76032615509409,
    "ratio_ci_low": 17.67087786079499,
    "ratio_ci_high": 17.887162552920394,
    "accepted": false,
    "axes": "{\"num_rows\": \"2097152\", \"prefix_cardinality\": \"1\", \"prefix_width\": \"32\", \"suffix_width\": \"0\"}"
  },
  {
    "config": "pr2-p32-c4096",
    "group": "target",
    "state": "Device=0 num_rows=262144 max_width=128 cardinality=1",
    "stable": "False",
    "descending": "False",
    "rounds": 3,
    "ratio": 18.952041853963095,
    "ratio_ci_low": 18.69411248168647,
    "ratio_ci_high": 19.120736356387802,
    "accepted": false,
    "axes": "{\"cardinality\": \"1\", \"max_width\": \"128\", \"num_rows\": \"262144\"}"
  },
  {
    "config": "pr2-p32-c4096",
    "group": "target",
    "state": "Device=0 num_rows=2097152 max_width=128 cardinality=1",
    "stable": "False",
    "descending": "False",
    "rounds": 3,
    "ratio": 29.92957203268361,
    "ratio_ci_low": 29.84032360337956,
    "ratio_ci_high": 30.032164157833897,
    "accepted": false,
    "axes": "{\"cardinality\": \"1\", \"max_width\": \"128\", \"num_rows\": \"2097152\"}"
  },
  {
    "config": "pr2-p32-c4096",
    "group": "target",
    "state": "Device=0 num_rows=262144 max_width=32 cardinality=64",
    "stable": "False",
    "descending": "False",
    "rounds": 3,
    "ratio": 1.6193631668317827,
    "ratio_ci_low": 1.5748873201862466,
    "ratio_ci_high": 1.673327513259181,
    "accepted": false,
    "axes": "{\"cardinality\": \"64\", \"max_width\": \"32\", \"num_rows\": \"262144\"}"
  },
  {
    "config": "pr2-p32-c4096",
    "group": "target",
    "state": "Device=0 num_rows=262144 max_width=128 cardinality=64",
    "stable": "False",
    "descending": "False",
    "rounds": 3,
    "ratio": 2.4696463414692396,
    "ratio_ci_low": 2.4155638025952744,
    "ratio_ci_high": 2.5404855485591447,
    "accepted": false,
    "axes": "{\"cardinality\": \"64\", \"max_width\": \"128\", \"num_rows\": \"262144\"}"
  },
  {
    "config": "pr2-p32-c4096",
    "group": "target",
    "state": "Device=0 num_rows=2097152 max_width=128 cardinality=64",
    "stable": "False",
    "descending": "False",
    "rounds": 3,
    "ratio": 1.1439312185365313,
    "ratio_ci_low": 1.1345014087632976,
    "ratio_ci_high": 1.1584085143565659,
    "accepted": false,
    "axes": "{\"cardinality\": \"64\", \"max_width\": \"128\", \"num_rows\": \"2097152\"}"
  },
  {
    "config": "pr2-p32-c4096",
    "group": "target",
    "state": "Device=0 num_rows=262144 max_width=32 cardinality=0",
    "stable": "False",
    "descending": "False",
    "rounds": 3,
    "ratio": 1.3115414626169741,
    "ratio_ci_low": 1.264618416802766,
    "ratio_ci_high": 1.3769860908144378,
    "accepted": false,
    "axes": "{\"cardinality\": \"0\", \"max_width\": \"32\", \"num_rows\": \"262144\"}"
  },
  {
    "config": "pr2-p32-c4096",
    "group": "target",
    "state": "Device=0 num_rows=2097152 max_width=32 cardinality=0",
    "stable": "False",
    "descending": "False",
    "rounds": 3,
    "ratio": 1.6172314144872948,
    "ratio_ci_low": 1.5800636238240517,
    "ratio_ci_high": 1.6536912720279922,
    "accepted": false,
    "axes": "{\"cardinality\": \"0\", \"max_width\": \"32\", \"num_rows\": \"2097152\"}"
  },
  {
    "config": "pr2-p32-c4096",
    "group": "target",
    "state": "Device=0 num_rows=262144 max_width=128 cardinality=0",
    "stable": "False",
    "descending": "False",
    "rounds": 3,
    "ratio": 1.4186537885978525,
    "ratio_ci_low": 1.3270818669299846,
    "ratio_ci_high": 1.5264094631574843,
    "accepted": false,
    "axes": "{\"cardinality\": \"0\", \"max_width\": \"128\", \"num_rows\": \"262144\"}"
  },
  {
    "config": "pr2-p32-c4096",
    "group": "target",
    "state": "Device=0 num_rows=2097152 max_width=128 cardinality=0",
    "stable": "False",
    "descending": "False",
    "rounds": 3,
    "ratio": 1.5215245997536697,
    "ratio_ci_low": 1.4746601997236424,
    "ratio_ci_high": 1.5642695265035258,
    "accepted": false,
    "axes": "{\"cardinality\": \"0\", \"max_width\": \"128\", \"num_rows\": \"2097152\"}"
  },
  {
    "config": "pr2-p32-c4096",
    "group": "target",
    "state": "Device=0 num_rows=262144 prefix_width=4 suffix_width=32 prefix_cardinality=1",
    "stable": "False",
    "descending": "False",
    "rounds": 3,
    "ratio": 1.4959203825468887,
    "ratio_ci_low": 1.4049750214550547,
    "ratio_ci_high": 1.5967473941966464,
    "accepted": false,
    "axes": "{\"num_rows\": \"262144\", \"prefix_cardinality\": \"1\", \"prefix_width\": \"4\", \"suffix_width\": \"32\"}"
  },
  {
    "config": "pr2-p32-c4096",
    "group": "target",
    "state": "Device=0 num_rows=2097152 prefix_width=4 suffix_width=32 prefix_cardinality=1",
    "stable": "False",
    "descending": "False",
    "rounds": 3,
    "ratio": 2.484204515132312,
    "ratio_ci_low": 2.4068184831028274,
    "ratio_ci_high": 2.5552129554311067,
    "accepted": false,
    "axes": "{\"num_rows\": \"2097152\", \"prefix_cardinality\": \"1\", \"prefix_width\": \"4\", \"suffix_width\": \"32\"}"
  },
  {
    "config": "pr2-p32-c4096",
    "group": "target",
    "state": "Device=0 num_rows=262144 prefix_width=8 suffix_width=32 prefix_cardinality=1",
    "stable": "False",
    "descending": "False",
    "rounds": 3,
    "ratio": 6.995399931868014,
    "ratio_ci_low": 6.8963313755956435,
    "ratio_ci_high": 7.10058950505566,
    "accepted": false,
    "axes": "{\"num_rows\": \"262144\", \"prefix_cardinality\": \"1\", \"prefix_width\": \"8\", \"suffix_width\": \"32\"}"
  },
  {
    "config": "pr2-p32-c4096",
    "group": "target",
    "state": "Device=0 num_rows=2097152 prefix_width=8 suffix_width=32 prefix_cardinality=1",
    "stable": "False",
    "descending": "False",
    "rounds": 3,
    "ratio": 8.12336264085815,
    "ratio_ci_low": 8.083300106937813,
    "ratio_ci_high": 8.177570591738409,
    "accepted": false,
    "axes": "{\"num_rows\": \"2097152\", \"prefix_cardinality\": \"1\", \"prefix_width\": \"8\", \"suffix_width\": \"32\"}"
  },
  {
    "config": "pr2-p32-c4096",
    "group": "target",
    "state": "Device=0 num_rows=262144 prefix_width=10 suffix_width=32 prefix_cardinality=1",
    "stable": "False",
    "descending": "False",
    "rounds": 3,
    "ratio": 5.617158866271316,
    "ratio_ci_low": 5.576987926868834,
    "ratio_ci_high": 5.650158987719049,
    "accepted": false,
    "axes": "{\"num_rows\": \"262144\", \"prefix_cardinality\": \"1\", \"prefix_width\": \"10\", \"suffix_width\": \"32\"}"
  },
  {
    "config": "pr2-p32-c4096",
    "group": "target",
    "state": "Device=0 num_rows=2097152 prefix_width=10 suffix_width=32 prefix_cardinality=1",
    "stable": "False",
    "descending": "False",
    "rounds": 3,
    "ratio": 6.70822129644401,
    "ratio_ci_low": 6.673894123167752,
    "ratio_ci_high": 6.7408712173791985,
    "accepted": false,
    "axes": "{\"num_rows\": \"2097152\", \"prefix_cardinality\": \"1\", \"prefix_width\": \"10\", \"suffix_width\": \"32\"}"
  },
  {
    "config": "pr2-p32-c4096",
    "group": "target",
    "state": "Device=0 num_rows=262144 prefix_width=11 suffix_width=32 prefix_cardinality=1",
    "stable": "False",
    "descending": "False",
    "rounds": 3,
    "ratio": 5.219180741879301,
    "ratio_ci_low": 5.149784676746823,
    "ratio_ci_high": 5.273421321105053,
    "accepted": false,
    "axes": "{\"num_rows\": \"262144\", \"prefix_cardinality\": \"1\", \"prefix_width\": \"11\", \"suffix_width\": \"32\"}"
  },
  {
    "config": "pr2-p32-c4096",
    "group": "target",
    "state": "Device=0 num_rows=2097152 prefix_width=11 suffix_width=32 prefix_cardinality=1",
    "stable": "False",
    "descending": "False",
    "rounds": 3,
    "ratio": 6.283801240164183,
    "ratio_ci_low": 6.257732361885362,
    "ratio_ci_high": 6.314144852300171,
    "accepted": false,
    "axes": "{\"num_rows\": \"2097152\", \"prefix_cardinality\": \"1\", \"prefix_width\": \"11\", \"suffix_width\": \"32\"}"
  },
  {
    "config": "pr2-p32-c4096",
    "group": "target",
    "state": "Device=0 num_rows=262144 prefix_width=12 suffix_width=32 prefix_cardinality=1",
    "stable": "False",
    "descending": "False",
    "rounds": 3,
    "ratio": 4.806040373784197,
    "ratio_ci_low": 4.743375301608172,
    "ratio_ci_high": 4.87122230638166,
    "accepted": false,
    "axes": "{\"num_rows\": \"262144\", \"prefix_cardinality\": \"1\", \"prefix_width\": \"12\", \"suffix_width\": \"32\"}"
  },
  {
    "config": "pr2-p32-c4096",
    "group": "target",
    "state": "Device=0 num_rows=2097152 prefix_width=12 suffix_width=32 prefix_cardinality=1",
    "stable": "False",
    "descending": "False",
    "rounds": 3,
    "ratio": 5.908483228464241,
    "ratio_ci_low": 5.8926178520095975,
    "ratio_ci_high": 5.927028121918142,
    "accepted": false,
    "axes": "{\"num_rows\": \"2097152\", \"prefix_cardinality\": \"1\", \"prefix_width\": \"12\", \"suffix_width\": \"32\"}"
  },
  {
    "config": "pr2-p32-c4096",
    "group": "target",
    "state": "Device=0 num_rows=262144 prefix_width=64 suffix_width=32 prefix_cardinality=1",
    "stable": "False",
    "descending": "False",
    "rounds": 3,
    "ratio": 9.32764052522721,
    "ratio_ci_low": 9.29955739998366,
    "ratio_ci_high": 9.363500833353456,
    "accepted": false,
    "axes": "{\"num_rows\": \"262144\", \"prefix_cardinality\": \"1\", \"prefix_width\": \"64\", \"suffix_width\": \"32\"}"
  },
  {
    "config": "pr2-p32-c4096",
    "group": "target",
    "state": "Device=0 num_rows=2097152 prefix_width=64 suffix_width=32 prefix_cardinality=1",
    "stable": "False",
    "descending": "False",
    "rounds": 3,
    "ratio": 11.125485848181734,
    "ratio_ci_low": 11.120128770004703,
    "ratio_ci_high": 11.131870826327512,
    "accepted": false,
    "axes": "{\"num_rows\": \"2097152\", \"prefix_cardinality\": \"1\", \"prefix_width\": \"64\", \"suffix_width\": \"32\"}"
  },
  {
    "config": "pr2-p32-c4096",
    "group": "target",
    "state": "Device=0 num_rows=262144 prefix_width=4 suffix_width=32 prefix_cardinality=64",
    "stable": "False",
    "descending": "False",
    "rounds": 3,
    "ratio": 1.7050485171511403,
    "ratio_ci_low": 1.5753830519848078,
    "ratio_ci_high": 1.8211258137613318,
    "accepted": false,
    "axes": "{\"num_rows\": \"262144\", \"prefix_cardinality\": \"64\", \"prefix_width\": \"4\", \"suffix_width\": \"32\"}"
  },
  {
    "config": "pr2-p32-c4096",
    "group": "target",
    "state": "Device=0 num_rows=2097152 prefix_width=4 suffix_width=32 prefix_cardinality=64",
    "stable": "False",
    "descending": "False",
    "rounds": 3,
    "ratio": 1.4200535587096705,
    "ratio_ci_low": 1.3817718625659,
    "ratio_ci_high": 1.459515853496211,
    "accepted": false,
    "axes": "{\"num_rows\": \"2097152\", \"prefix_cardinality\": \"64\", \"prefix_width\": \"4\", \"suffix_width\": \"32\"}"
  },
  {
    "config": "pr2-p32-c4096",
    "group": "target",
    "state": "Device=0 num_rows=262144 prefix_width=8 suffix_width=32 prefix_cardinality=64",
    "stable": "False",
    "descending": "False",
    "rounds": 3,
    "ratio": 1.463742178117223,
    "ratio_ci_low": 1.4257197460593347,
    "ratio_ci_high": 1.4992257525028432,
    "accepted": false,
    "axes": "{\"num_rows\": \"262144\", \"prefix_cardinality\": \"64\", \"prefix_width\": \"8\", \"suffix_width\": \"32\"}"
  },
  {
    "config": "pr2-p32-c4096",
    "group": "target",
    "state": "Device=0 num_rows=262144 prefix_width=10 suffix_width=32 prefix_cardinality=64",
    "stable": "False",
    "descending": "False",
    "rounds": 3,
    "ratio": 1.507744423246849,
    "ratio_ci_low": 1.4519300339383319,
    "ratio_ci_high": 1.5596923227404589,
    "accepted": false,
    "axes": "{\"num_rows\": \"262144\", \"prefix_cardinality\": \"64\", \"prefix_width\": \"10\", \"suffix_width\": \"32\"}"
  },
  {
    "config": "pr2-p32-c4096",
    "group": "target",
    "state": "Device=0 num_rows=262144 prefix_width=11 suffix_width=32 prefix_cardinality=64",
    "stable": "False",
    "descending": "False",
    "rounds": 3,
    "ratio": 1.5629751609875466,
    "ratio_ci_low": 1.507685278078072,
    "ratio_ci_high": 1.6157068394049698,
    "accepted": false,
    "axes": "{\"num_rows\": \"262144\", \"prefix_cardinality\": \"64\", \"prefix_width\": \"11\", \"suffix_width\": \"32\"}"
  },
  {
    "config": "pr2-p32-c4096",
    "group": "target",
    "state": "Device=0 num_rows=262144 prefix_width=12 suffix_width=32 prefix_cardinality=64",
    "stable": "False",
    "descending": "False",
    "rounds": 3,
    "ratio": 1.5997504868049428,
    "ratio_ci_low": 1.5479142610732939,
    "ratio_ci_high": 1.6588159208804454,
    "accepted": false,
    "axes": "{\"num_rows\": \"262144\", \"prefix_cardinality\": \"64\", \"prefix_width\": \"12\", \"suffix_width\": \"32\"}"
  },
  {
    "config": "pr2-p32-c4096",
    "group": "target",
    "state": "Device=0 num_rows=262144 prefix_width=64 suffix_width=32 prefix_cardinality=64",
    "stable": "False",
    "descending": "False",
    "rounds": 3,
    "ratio": 4.115932137698683,
    "ratio_ci_low": 4.066780920571182,
    "ratio_ci_high": 4.170838566182845,
    "accepted": false,
    "axes": "{\"num_rows\": \"262144\", \"prefix_cardinality\": \"64\", \"prefix_width\": \"64\", \"suffix_width\": \"32\"}"
  },
  {
    "config": "pr2-p32-c4096",
    "group": "pr-diagnostics",
    "state": "Device=0 num_rows=262144 profile=finish_257",
    "stable": "False",
    "descending": "False",
    "rounds": 3,
    "ratio": 1.577935035174489,
    "ratio_ci_low": 1.5687028286654077,
    "ratio_ci_high": 1.5880794004531527,
    "accepted": false,
    "axes": "{\"num_rows\": \"262144\", \"profile\": \"finish_257\"}"
  },
  {
    "config": "pr2-p32-c4096",
    "group": "pr-diagnostics",
    "state": "Device=0 num_rows=2097152 profile=finish_257",
    "stable": "False",
    "descending": "False",
    "rounds": 3,
    "ratio": 1.3088978951934285,
    "ratio_ci_low": 1.284415188300196,
    "ratio_ci_high": 1.3245323591559217,
    "accepted": false,
    "axes": "{\"num_rows\": \"2097152\", \"profile\": \"finish_257\"}"
  },
  {
    "config": "pr2-p32-c4096",
    "group": "pr-diagnostics",
    "state": "Device=0 num_rows=262144 profile=finish_1024",
    "stable": "False",
    "descending": "False",
    "rounds": 3,
    "ratio": 1.6429619409893808,
    "ratio_ci_low": 1.51818059408061,
    "ratio_ci_high": 1.7310306600878147,
    "accepted": false,
    "axes": "{\"num_rows\": \"262144\", \"profile\": \"finish_1024\"}"
  },
  {
    "config": "pr2-p32-c4096",
    "group": "pr-diagnostics",
    "state": "Device=0 num_rows=2097152 profile=finish_1024",
    "stable": "False",
    "descending": "False",
    "rounds": 3,
    "ratio": 1.3339123164985582,
    "ratio_ci_low": 1.3247074981338696,
    "ratio_ci_high": 1.3445839122986403,
    "accepted": false,
    "axes": "{\"num_rows\": \"2097152\", \"profile\": \"finish_1024\"}"
  },
  {
    "config": "pr2-p32-c4096",
    "group": "pr-diagnostics",
    "state": "Device=0 num_rows=262144 profile=finish_4096",
    "stable": "False",
    "descending": "False",
    "rounds": 3,
    "ratio": 1.8503635887056686,
    "ratio_ci_low": 1.7933217490405033,
    "ratio_ci_high": 1.8876265686660247,
    "accepted": false,
    "axes": "{\"num_rows\": \"262144\", \"profile\": \"finish_4096\"}"
  },
  {
    "config": "pr2-p32-c4096",
    "group": "pr-diagnostics",
    "state": "Device=0 num_rows=2097152 profile=finish_4096",
    "stable": "False",
    "descending": "False",
    "rounds": 3,
    "ratio": 1.5358626621949771,
    "ratio_ci_low": 1.486279835554247,
    "ratio_ci_high": 1.556795469700017,
    "accepted": false,
    "axes": "{\"num_rows\": \"2097152\", \"profile\": \"finish_4096\"}"
  },
  {
    "config": "pr2-p32-c4096",
    "group": "pr-diagnostics",
    "state": "Device=0 num_rows=262144 profile=active_50",
    "stable": "False",
    "descending": "False",
    "rounds": 3,
    "ratio": 4.314916152544311,
    "ratio_ci_low": 4.273359730479626,
    "ratio_ci_high": 4.374245059237402,
    "accepted": false,
    "axes": "{\"num_rows\": \"262144\", \"profile\": \"active_50\"}"
  },
  {
    "config": "pr2-p32-c4096",
    "group": "pr-diagnostics",
    "state": "Device=0 num_rows=2097152 profile=active_50",
    "stable": "False",
    "descending": "False",
    "rounds": 3,
    "ratio": 12.302438508828391,
    "ratio_ci_low": 12.19059633251152,
    "ratio_ci_high": 12.390838298042643,
    "accepted": false,
    "axes": "{\"num_rows\": \"2097152\", \"profile\": \"active_50\"}"
  },
  {
    "config": "pr2-p32-c4096",
    "group": "pr-diagnostics",
    "state": "Device=0 num_rows=262144 profile=active_10",
    "stable": "False",
    "descending": "False",
    "rounds": 3,
    "ratio": 1.765490942323213,
    "ratio_ci_low": 1.7330463425577722,
    "ratio_ci_high": 1.7920037639288853,
    "accepted": false,
    "axes": "{\"num_rows\": \"262144\", \"profile\": \"active_10\"}"
  },
  {
    "config": "pr2-p32-c4096",
    "group": "pr-diagnostics",
    "state": "Device=0 num_rows=2097152 profile=active_10",
    "stable": "False",
    "descending": "False",
    "rounds": 3,
    "ratio": 4.462593932674541,
    "ratio_ci_low": 4.40911475543125,
    "ratio_ci_high": 4.517619193488753,
    "accepted": false,
    "axes": "{\"num_rows\": \"2097152\", \"profile\": \"active_10\"}"
  },
  {
    "config": "pr2-p32-c4096",
    "group": "pr-diagnostics",
    "state": "Device=0 num_rows=262144 profile=active_1",
    "stable": "False",
    "descending": "False",
    "rounds": 3,
    "ratio": 1.2985101468627651,
    "ratio_ci_low": 1.2677704281704083,
    "ratio_ci_high": 1.3165917547015002,
    "accepted": false,
    "axes": "{\"num_rows\": \"262144\", \"profile\": \"active_1\"}"
  },
  {
    "config": "pr2-p32-c4096",
    "group": "pr-diagnostics",
    "state": "Device=0 num_rows=2097152 profile=active_1",
    "stable": "False",
    "descending": "False",
    "rounds": 3,
    "ratio": 1.377661833160031,
    "ratio_ci_low": 1.2445150842440547,
    "ratio_ci_high": 1.5629958843174732,
    "accepted": false,
    "axes": "{\"num_rows\": \"2097152\", \"profile\": \"active_1\"}"
  },
  {
    "config": "pr2-p32-c4096",
    "group": "pr-diagnostics",
    "state": "Device=0 num_rows=262144 profile=active_0_1",
    "stable": "False",
    "descending": "False",
    "rounds": 3,
    "ratio": 1.4337531649193889,
    "ratio_ci_low": 1.2365985448768015,
    "ratio_ci_high": 1.8047803767938009,
    "accepted": false,
    "axes": "{\"num_rows\": \"262144\", \"profile\": \"active_0_1\"}"
  },
  {
    "config": "pr2-p32-c4096",
    "group": "pr-diagnostics",
    "state": "Device=0 num_rows=2097152 profile=active_0_1",
    "stable": "False",
    "descending": "False",
    "rounds": 3,
    "ratio": 1.1713375689052876,
    "ratio_ci_low": 1.155838830818986,
    "ratio_ci_high": 1.177689678098203,
    "accepted": false,
    "axes": "{\"num_rows\": \"2097152\", \"profile\": \"active_0_1\"}"
  },
  {
    "config": "pr2-p32-c4096",
    "group": "pr-diagnostics",
    "state": "Device=0 num_rows=262144 profile=duplicates_16",
    "stable": "False",
    "descending": "False",
    "rounds": 3,
    "ratio": 1.110894530759031,
    "ratio_ci_low": 1.0848447922157214,
    "ratio_ci_high": 1.1331605377335245,
    "accepted": false,
    "axes": "{\"num_rows\": \"262144\", \"profile\": \"duplicates_16\"}"
  },
  {
    "config": "pr2-p32-c4096",
    "group": "pr-diagnostics",
    "state": "Device=0 num_rows=262144 profile=duplicates_24",
    "stable": "False",
    "descending": "False",
    "rounds": 3,
    "ratio": 1.2480793584356051,
    "ratio_ci_low": 1.20517507311275,
    "ratio_ci_high": 1.2750060922819701,
    "accepted": false,
    "axes": "{\"num_rows\": \"262144\", \"profile\": \"duplicates_24\"}"
  },
  {
    "config": "pr2-p32-c4096",
    "group": "pr-diagnostics",
    "state": "Device=0 num_rows=262144 profile=duplicates_32",
    "stable": "False",
    "descending": "False",
    "rounds": 3,
    "ratio": 1.389470479886696,
    "ratio_ci_low": 1.3658887437818554,
    "ratio_ci_high": 1.4135295992279269,
    "accepted": false,
    "axes": "{\"num_rows\": \"262144\", \"profile\": \"duplicates_32\"}"
  },
  {
    "config": "pr2-p32-c4096",
    "group": "pr-diagnostics",
    "state": "Device=0 num_rows=262144 profile=rle_misaligned",
    "stable": "False",
    "descending": "False",
    "rounds": 3,
    "ratio": 14.352900874956791,
    "ratio_ci_low": 14.288570561548896,
    "ratio_ci_high": 14.4143353247216,
    "accepted": false,
    "axes": "{\"num_rows\": \"262144\", \"profile\": \"rle_misaligned\"}"
  },
  {
    "config": "pr2-p32-c4096",
    "group": "pr-diagnostics",
    "state": "Device=0 num_rows=2097152 profile=rle_misaligned",
    "stable": "False",
    "descending": "False",
    "rounds": 3,
    "ratio": 23.818766335245186,
    "ratio_ci_low": 23.687763339225356,
    "ratio_ci_high": 23.928518634783813,
    "accepted": false,
    "axes": "{\"num_rows\": \"2097152\", \"profile\": \"rle_misaligned\"}"
  }
]
prefix states 232 speedup 0.40940203786050217 failed 214
[
  {
    "config": "prefix",
    "group": "segments",
    "state": "Device=0 num_rows=2097152 shared_suffix=0 segment_profile=singletons",
    "stable": "False",
    "descending": "False",
    "rounds": 3,
    "ratio": 2.7291266874853917,
    "ratio_ci_low": 2.7049436495060726,
    "ratio_ci_high": 2.7583990548390815,
    "accepted": false,
    "axes": "{\"num_rows\": \"2097152\", \"segment_profile\": \"singletons\", \"shared_suffix\": \"0\"}"
  },
  {
    "config": "prefix",
    "group": "segments",
    "state": "Device=0 num_rows=2097152 shared_suffix=64 segment_profile=singletons",
    "stable": "False",
    "descending": "False",
    "rounds": 3,
    "ratio": 2.585381821225921,
    "ratio_ci_low": 2.52244952186414,
    "ratio_ci_high": 2.6457579560119093,
    "accepted": false,
    "axes": "{\"num_rows\": \"2097152\", \"segment_profile\": \"singletons\", \"shared_suffix\": \"64\"}"
  },
  {
    "config": "prefix",
    "group": "segments",
    "state": "Device=0 num_rows=32768 shared_suffix=0 segment_profile=pairs",
    "stable": "False",
    "descending": "False",
    "rounds": 3,
    "ratio": 1.4153953358229558,
    "ratio_ci_low": 1.3702076580885363,
    "ratio_ci_high": 1.4583832064546323,
    "accepted": false,
    "axes": "{\"num_rows\": \"32768\", \"segment_profile\": \"pairs\", \"shared_suffix\": \"0\"}"
  },
  {
    "config": "prefix",
    "group": "segments",
    "state": "Device=0 num_rows=2097152 shared_suffix=0 segment_profile=pairs",
    "stable": "False",
    "descending": "False",
    "rounds": 3,
    "ratio": 1.7439183460724361,
    "ratio_ci_low": 1.7333450778986543,
    "ratio_ci_high": 1.7543142383004693,
    "accepted": false,
    "axes": "{\"num_rows\": \"2097152\", \"segment_profile\": \"pairs\", \"shared_suffix\": \"0\"}"
  },
  {
    "config": "prefix",
    "group": "segments",
    "state": "Device=0 num_rows=32768 shared_suffix=64 segment_profile=pairs",
    "stable": "False",
    "descending": "False",
    "rounds": 3,
    "ratio": 4.506578969234776,
    "ratio_ci_low": 4.430032593891642,
    "ratio_ci_high": 4.623278243469213,
    "accepted": false,
    "axes": "{\"num_rows\": \"32768\", \"segment_profile\": \"pairs\", \"shared_suffix\": \"64\"}"
  },
  {
    "config": "prefix",
    "group": "segments",
    "state": "Device=0 num_rows=2097152 shared_suffix=64 segment_profile=pairs",
    "stable": "False",
    "descending": "False",
    "rounds": 3,
    "ratio": 2.2769034371418275,
    "ratio_ci_low": 2.256525377703002,
    "ratio_ci_high": 2.2860718338052286,
    "accepted": false,
    "axes": "{\"num_rows\": \"2097152\", \"segment_profile\": \"pairs\", \"shared_suffix\": \"64\"}"
  },
  {
    "config": "prefix",
    "group": "segments",
    "state": "Device=0 num_rows=32768 shared_suffix=0 segment_profile=tiny4",
    "stable": "False",
    "descending": "False",
    "rounds": 3,
    "ratio": 1.606815915612038,
    "ratio_ci_low": 1.5507640758558194,
    "ratio_ci_high": 1.652588750173628,
    "accepted": false,
    "axes": "{\"num_rows\": \"32768\", \"segment_profile\": \"tiny4\", \"shared_suffix\": \"0\"}"
  },
  {
    "config": "prefix",
    "group": "segments",
    "state": "Device=0 num_rows=2097152 shared_suffix=0 segment_profile=tiny4",
    "stable": "False",
    "descending": "False",
    "rounds": 3,
    "ratio": 2.288371632733934,
    "ratio_ci_low": 2.2641936382231838,
    "ratio_ci_high": 2.310726221508642,
    "accepted": false,
    "axes": "{\"num_rows\": \"2097152\", \"segment_profile\": \"tiny4\", \"shared_suffix\": \"0\"}"
  },
  {
    "config": "prefix",
    "group": "segments",
    "state": "Device=0 num_rows=32768 shared_suffix=64 segment_profile=tiny4",
    "stable": "False",
    "descending": "False",
    "rounds": 3,
    "ratio": 5.643387346334479,
    "ratio_ci_low": 5.48807968013406,
    "ratio_ci_high": 5.774978686207195,
    "accepted": false,
    "axes": "{\"num_rows\": \"32768\", \"segment_profile\": \"tiny4\", \"shared_suffix\": \"64\"}"
  },
  {
    "config": "prefix",
    "group": "segments",
    "state": "Device=0 num_rows=2097152 shared_suffix=64 segment_profile=tiny4",
    "stable": "False",
    "descending": "False",
    "rounds": 3,
    "ratio": 3.056783521150675,
    "ratio_ci_low": 3.030317195760833,
    "ratio_ci_high": 3.078482183533804,
    "accepted": false,
    "axes": "{\"num_rows\": \"2097152\", \"segment_profile\": \"tiny4\", \"shared_suffix\": \"64\"}"
  },
  {
    "config": "prefix",
    "group": "segments",
    "state": "Device=0 num_rows=32768 shared_suffix=0 segment_profile=tiny8",
    "stable": "False",
    "descending": "False",
    "rounds": 3,
    "ratio": 1.7896921194736817,
    "ratio_ci_low": 1.7516189951432144,
    "ratio_ci_high": 1.8222147729291887,
    "accepted": false,
    "axes": "{\"num_rows\": \"32768\", \"segment_profile\": \"tiny8\", \"shared_suffix\": \"0\"}"
  },
  {
    "config": "prefix",
    "group": "segments",
    "state": "Device=0 num_rows=2097152 shared_suffix=0 segment_profile=tiny8",
    "stable": "False",
    "descending": "False",
    "rounds": 3,
    "ratio": 2.6663411958514445,
    "ratio_ci_low": 2.6156752121554154,
    "ratio_ci_high": 2.7048997296246946,
    "accepted": false,
    "axes": "{\"num_rows\": \"2097152\", \"segment_profile\": \"tiny8\", \"shared_suffix\": \"0\"}"
  },
  {
    "config": "prefix",
    "group": "segments",
    "state": "Device=0 num_rows=32768 shared_suffix=64 segment_profile=tiny8",
    "stable": "False",
    "descending": "False",
    "rounds": 3,
    "ratio": 6.595305094663028,
    "ratio_ci_low": 6.482999276594724,
    "ratio_ci_high": 6.778502240055951,
    "accepted": false,
    "axes": "{\"num_rows\": \"32768\", \"segment_profile\": \"tiny8\", \"shared_suffix\": \"64\"}"
  },
  {
    "config": "prefix",
    "group": "segments",
    "state": "Device=0 num_rows=2097152 shared_suffix=64 segment_profile=tiny8",
    "stable": "False",
    "descending": "False",
    "rounds": 3,
    "ratio": 4.151923860485101,
    "ratio_ci_low": 4.103704680819883,
    "ratio_ci_high": 4.188695613252615,
    "accepted": false,
    "axes": "{\"num_rows\": \"2097152\", \"segment_profile\": \"tiny8\", \"shared_suffix\": \"64\"}"
  },
  {
    "config": "prefix",
    "group": "segments",
    "state": "Device=0 num_rows=32768 shared_suffix=0 segment_profile=tiny16",
    "stable": "False",
    "descending": "False",
    "rounds": 3,
    "ratio": 1.952191327868289,
    "ratio_ci_low": 1.798442624725484,
    "ratio_ci_high": 2.06422871289712,
    "accepted": false,
    "axes": "{\"num_rows\": \"32768\", \"segment_profile\": \"tiny16\", \"shared_suffix\": \"0\"}"
  },
  {
    "config": "prefix",
    "group": "segments",
    "state": "Device=0 num_rows=2097152 shared_suffix=0 segment_profile=tiny16",
    "stable": "False",
    "descending": "False",
    "rounds": 3,
    "ratio": 2.9636298567430224,
    "ratio_ci_low": 2.9236036880122085,
    "ratio_ci_high": 2.998883655988313,
    "accepted": false,
    "axes": "{\"num_rows\": \"2097152\", \"segment_profile\": \"tiny16\", \"shared_suffix\": \"0\"}"
  },
  {
    "config": "prefix",
    "group": "segments",
    "state": "Device=0 num_rows=32768 shared_suffix=64 segment_profile=tiny16",
    "stable": "False",
    "descending": "False",
    "rounds": 3,
    "ratio": 7.606967365903585,
    "ratio_ci_low": 7.478793260344071,
    "ratio_ci_high": 7.77915478150176,
    "accepted": false,
    "axes": "{\"num_rows\": \"32768\", \"segment_profile\": \"tiny16\", \"shared_suffix\": \"64\"}"
  },
  {
    "config": "prefix",
    "group": "segments",
    "state": "Device=0 num_rows=2097152 shared_suffix=64 segment_profile=tiny16",
    "stable": "False",
    "descending": "False",
    "rounds": 3,
    "ratio": 5.17277846687537,
    "ratio_ci_low": 5.138517164576838,
    "ratio_ci_high": 5.197794833561798,
    "accepted": false,
    "axes": "{\"num_rows\": \"2097152\", \"segment_profile\": \"tiny16\", \"shared_suffix\": \"64\"}"
  },
  {
    "config": "prefix",
    "group": "segments",
    "state": "Device=0 num_rows=32768 shared_suffix=0 segment_profile=tiny32",
    "stable": "False",
    "descending": "False",
    "rounds": 3,
    "ratio": 2.152431013556595,
    "ratio_ci_low": 2.0734433935932572,
    "ratio_ci_high": 2.24679422323062,
    "accepted": false,
    "axes": "{\"num_rows\": \"32768\", \"segment_profile\": \"tiny32\", \"shared_suffix\": \"0\"}"
  },
  {
    "config": "prefix",
    "group": "segments",
    "state": "Device=0 num_rows=2097152 shared_suffix=0 segment_profile=tiny32",
    "stable": "False",
    "descending": "False",
    "rounds": 3,
    "ratio": 3.2094280527562806,
    "ratio_ci_low": 3.1730281041115567,
    "ratio_ci_high": 3.2535411964459158,
    "accepted": false,
    "axes": "{\"num_rows\": \"2097152\", \"segment_profile\": \"tiny32\", \"shared_suffix\": \"0\"}"
  },
  {
    "config": "prefix",
    "group": "segments",
    "state": "Device=0 num_rows=32768 shared_suffix=64 segment_profile=tiny32",
    "stable": "False",
    "descending": "False",
    "rounds": 3,
    "ratio": 8.49468652084687,
    "ratio_ci_low": 8.369588431455131,
    "ratio_ci_high": 8.664537182938409,
    "accepted": false,
    "axes": "{\"num_rows\": \"32768\", \"segment_profile\": \"tiny32\", \"shared_suffix\": \"64\"}"
  },
  {
    "config": "prefix",
    "group": "segments",
    "state": "Device=0 num_rows=2097152 shared_suffix=64 segment_profile=tiny32",
    "stable": "False",
    "descending": "False",
    "rounds": 3,
    "ratio": 5.838822202436262,
    "ratio_ci_low": 5.796575381240031,
    "ratio_ci_high": 5.885012772472369,
    "accepted": false,
    "axes": "{\"num_rows\": \"2097152\", \"segment_profile\": \"tiny32\", \"shared_suffix\": \"64\"}"
  },
  {
    "config": "prefix",
    "group": "segments",
    "state": "Device=0 num_rows=32768 shared_suffix=0 segment_profile=block256",
    "stable": "False",
    "descending": "False",
    "rounds": 3,
    "ratio": 2.734789819325128,
    "ratio_ci_low": 2.644504375928009,
    "ratio_ci_high": 2.816066927544714,
    "accepted": false,
    "axes": "{\"num_rows\": \"32768\", \"segment_profile\": \"block256\", \"shared_suffix\": \"0\"}"
  },
  {
    "config": "prefix",
    "group": "segments",
    "state": "Device=0 num_rows=2097152 shared_suffix=0 segment_profile=block256",
    "stable": "False",
    "descending": "False",
    "rounds": 3,
    "ratio": 2.9252746413375386,
    "ratio_ci_low": 2.907113112561258,
    "ratio_ci_high": 2.9391906903001255,
    "accepted": false,
    "axes": "{\"num_rows\": \"2097152\", \"segment_profile\": \"block256\", \"shared_suffix\": \"0\"}"
  },
  {
    "config": "prefix",
    "group": "segments",
    "state": "Device=0 num_rows=32768 shared_suffix=64 segment_profile=block256",
    "stable": "False",
    "descending": "False",
    "rounds": 3,
    "ratio": 10.514183511349401,
    "ratio_ci_low": 10.404798415359885,
    "ratio_ci_high": 10.61862475940268,
    "accepted": false,
    "axes": "{\"num_rows\": \"32768\", \"segment_profile\": \"block256\", \"shared_suffix\": \"64\"}"
  },
  {
    "config": "prefix",
    "group": "segments",
    "state": "Device=0 num_rows=2097152 shared_suffix=64 segment_profile=block256",
    "stable": "False",
    "descending": "False",
    "rounds": 3,
    "ratio": 5.955959403624343,
    "ratio_ci_low": 5.931170341008112,
    "ratio_ci_high": 5.980916854874011,
    "accepted": false,
    "axes": "{\"num_rows\": \"2097152\", \"segment_profile\": \"block256\", \"shared_suffix\": \"64\"}"
  },
  {
    "config": "prefix",
    "group": "segments",
    "state": "Device=0 num_rows=32768 shared_suffix=0 segment_profile=logarithmic",
    "stable": "False",
    "descending": "False",
    "rounds": 3,
    "ratio": 1.9033206943375787,
    "ratio_ci_low": 1.873073595933538,
    "ratio_ci_high": 1.9325124362364046,
    "accepted": false,
    "axes": "{\"num_rows\": \"32768\", \"segment_profile\": \"logarithmic\", \"shared_suffix\": \"0\"}"
  },
  {
    "config": "prefix",
    "group": "segments",
    "state": "Device=0 num_rows=2097152 shared_suffix=0 segment_profile=logarithmic",
    "stable": "False",
    "descending": "False",
    "rounds": 3,
    "ratio": 1.9750935279800574,
    "ratio_ci_low": 1.9677931009769833,
    "ratio_ci_high": 1.9800587966374628,
    "accepted": false,
    "axes": "{\"num_rows\": \"2097152\", \"segment_profile\": \"logarithmic\", \"shared_suffix\": \"0\"}"
  },
  {
    "config": "prefix",
    "group": "segments",
    "state": "Device=0 num_rows=32768 shared_suffix=64 segment_profile=logarithmic",
    "stable": "False",
    "descending": "False",
    "rounds": 3,
    "ratio": 4.031737726950311,
    "ratio_ci_low": 3.9524061899582072,
    "ratio_ci_high": 4.087879870723959,
    "accepted": false,
    "axes": "{\"num_rows\": \"32768\", \"segment_profile\": \"logarithmic\", \"shared_suffix\": \"64\"}"
  },
  {
    "config": "prefix",
    "group": "segments",
    "state": "Device=0 num_rows=2097152 shared_suffix=64 segment_profile=logarithmic",
    "stable": "False",
    "descending": "False",
    "rounds": 3,
    "ratio": 3.920465848678127,
    "ratio_ci_low": 3.9179020797666597,
    "ratio_ci_high": 3.9232422250471513,
    "accepted": false,
    "axes": "{\"num_rows\": \"2097152\", \"segment_profile\": \"logarithmic\", \"shared_suffix\": \"64\"}"
  },
  {
    "config": "prefix",
    "group": "segments",
    "state": "Device=0 num_rows=32768 shared_suffix=0 segment_profile=tiny_plus_giant",
    "stable": "False",
    "descending": "False",
    "rounds": 3,
    "ratio": 1.5857716535481297,
    "ratio_ci_low": 1.5668092476029853,
    "ratio_ci_high": 1.6106018890804001,
    "accepted": false,
    "axes": "{\"num_rows\": \"32768\", \"segment_profile\": \"tiny_plus_giant\", \"shared_suffix\": \"0\"}"
  },
  {
    "config": "prefix",
    "group": "segments",
    "state": "Device=0 num_rows=2097152 shared_suffix=0 segment_profile=tiny_plus_giant",
    "stable": "False",
    "descending": "False",
    "rounds": 3,
    "ratio": 3.1688573936340028,
    "ratio_ci_low": 3.1314150030535983,
    "ratio_ci_high": 3.199990662996543,
    "accepted": false,
    "axes": "{\"num_rows\": \"2097152\", \"segment_profile\": \"tiny_plus_giant\", \"shared_suffix\": \"0\"}"
  },
  {
    "config": "prefix",
    "group": "segments",
    "state": "Device=0 num_rows=32768 shared_suffix=64 segment_profile=tiny_plus_giant",
    "stable": "False",
    "descending": "False",
    "rounds": 3,
    "ratio": 3.138504819506702,
    "ratio_ci_low": 3.1189001726624754,
    "ratio_ci_high": 3.1549926703490163,
    "accepted": false,
    "axes": "{\"num_rows\": \"32768\", \"segment_profile\": \"tiny_plus_giant\", \"shared_suffix\": \"64\"}"
  },
  {
    "config": "prefix",
    "group": "segments",
    "state": "Device=0 num_rows=2097152 shared_suffix=64 segment_profile=tiny_plus_giant",
    "stable": "False",
    "descending": "False",
    "rounds": 3,
    "ratio": 5.223447139183691,
    "ratio_ci_low": 5.211827130587476,
    "ratio_ci_high": 5.233750062968839,
    "accepted": false,
    "axes": "{\"num_rows\": \"2097152\", \"segment_profile\": \"tiny_plus_giant\", \"shared_suffix\": \"64\"}"
  },
  {
    "config": "prefix",
    "group": "segments",
    "state": "Device=0 num_rows=32768 shared_suffix=0 segment_profile=hot90",
    "stable": "False",
    "descending": "False",
    "rounds": 3,
    "ratio": 2.1883826729173506,
    "ratio_ci_low": 2.1271026325811757,
    "ratio_ci_high": 2.262316913092136,
    "accepted": false,
    "axes": "{\"num_rows\": \"32768\", \"segment_profile\": \"hot90\", \"shared_suffix\": \"0\"}"
  },
  {
    "config": "prefix",
    "group": "segments",
    "state": "Device=0 num_rows=2097152 shared_suffix=0 segment_profile=hot90",
    "stable": "False",
    "descending": "False",
    "rounds": 3,
    "ratio": 2.407609981718273,
    "ratio_ci_low": 2.397934137698717,
    "ratio_ci_high": 2.4209700730243453,
    "accepted": false,
    "axes": "{\"num_rows\": \"2097152\", \"segment_profile\": \"hot90\", \"shared_suffix\": \"0\"}"
  },
  {
    "config": "prefix",
    "group": "segments",
    "state": "Device=0 num_rows=32768 shared_suffix=64 segment_profile=hot90",
    "stable": "False",
    "descending": "False",
    "rounds": 3,
    "ratio": 5.299803046486363,
    "ratio_ci_low": 5.274126990627923,
    "ratio_ci_high": 5.340493007862619,
    "accepted": false,
    "axes": "{\"num_rows\": \"32768\", \"segment_profile\": \"hot90\", \"shared_suffix\": \"64\"}"
  },
  {
    "config": "prefix",
    "group": "segments",
    "state": "Device=0 num_rows=2097152 shared_suffix=64 segment_profile=hot90",
    "stable": "False",
    "descending": "False",
    "rounds": 3,
    "ratio": 5.164793518598691,
    "ratio_ci_low": 5.149508557130218,
    "ratio_ci_high": 5.180665941496795,
    "accepted": false,
    "axes": "{\"num_rows\": \"2097152\", \"segment_profile\": \"hot90\", \"shared_suffix\": \"64\"}"
  },
  {
    "config": "prefix",
    "group": "segments",
    "state": "Device=0 num_rows=32768 shared_suffix=0 segment_profile=few_giants",
    "stable": "False",
    "descending": "False",
    "rounds": 3,
    "ratio": 1.8187559637508983,
    "ratio_ci_low": 1.789408609032155,
    "ratio_ci_high": 1.8499855305072572,
    "accepted": false,
    "axes": "{\"num_rows\": \"32768\", \"segment_profile\": \"few_giants\", \"shared_suffix\": \"0\"}"
  },
  {
    "config": "prefix",
    "group": "segments",
    "state": "Device=0 num_rows=2097152 shared_suffix=0 segment_profile=few_giants",
    "stable": "False",
    "descending": "False",
    "rounds": 3,
    "ratio": 3.313657152149635,
    "ratio_ci_low": 3.287426955978648,
    "ratio_ci_high": 3.3398348552668087,
    "accepted": false,
    "axes": "{\"num_rows\": \"2097152\", \"segment_profile\": \"few_giants\", \"shared_suffix\": \"0\"}"
  },
  {
    "config": "prefix",
    "group": "segments",
    "state": "Device=0 num_rows=32768 shared_suffix=64 segment_profile=few_giants",
    "stable": "False",
    "descending": "False",
    "rounds": 3,
    "ratio": 5.039015273425965,
    "ratio_ci_low": 4.982535734793619,
    "ratio_ci_high": 5.0886640781908365,
    "accepted": false,
    "axes": "{\"num_rows\": \"32768\", \"segment_profile\": \"few_giants\", \"shared_suffix\": \"64\"}"
  },
  {
    "config": "prefix",
    "group": "segments",
    "state": "Device=0 num_rows=2097152 shared_suffix=64 segment_profile=few_giants",
    "stable": "False",
    "descending": "False",
    "rounds": 3,
    "ratio": 5.447082994824863,
    "ratio_ci_low": 5.407673824210405,
    "ratio_ci_high": 5.507145233782362,
    "accepted": false,
    "axes": "{\"num_rows\": \"2097152\", \"segment_profile\": \"few_giants\", \"shared_suffix\": \"64\"}"
  },
  {
    "config": "prefix",
    "group": "segments",
    "state": "Device=0 num_rows=32768 shared_suffix=0 segment_profile=one_segment",
    "stable": "False",
    "descending": "False",
    "rounds": 3,
    "ratio": 2.3391941999175807,
    "ratio_ci_low": 2.327715384329324,
    "ratio_ci_high": 2.3529818789259425,
    "accepted": false,
    "axes": "{\"num_rows\": \"32768\", \"segment_profile\": \"one_segment\", \"shared_suffix\": \"0\"}"
  },
  {
    "config": "prefix",
    "group": "segments",
    "state": "Device=0 num_rows=2097152 shared_suffix=0 segment_profile=one_segment",
    "stable": "False",
    "descending": "False",
    "rounds": 3,
    "ratio": 2.5238200456620588,
    "ratio_ci_low": 2.5126626752528822,
    "ratio_ci_high": 2.536950703117555,
    "accepted": false,
    "axes": "{\"num_rows\": \"2097152\", \"segment_profile\": \"one_segment\", \"shared_suffix\": \"0\"}"
  },
  {
    "config": "prefix",
    "group": "segments",
    "state": "Device=0 num_rows=32768 shared_suffix=64 segment_profile=one_segment",
    "stable": "False",
    "descending": "False",
    "rounds": 3,
    "ratio": 5.946856432972995,
    "ratio_ci_low": 5.940595698507823,
    "ratio_ci_high": 5.957706712124182,
    "accepted": false,
    "axes": "{\"num_rows\": \"32768\", \"segment_profile\": \"one_segment\", \"shared_suffix\": \"64\"}"
  },
  {
    "config": "prefix",
    "group": "segments",
    "state": "Device=0 num_rows=2097152 shared_suffix=64 segment_profile=one_segment",
    "stable": "False",
    "descending": "False",
    "rounds": 3,
    "ratio": 5.707272073498995,
    "ratio_ci_low": 5.689443511392031,
    "ratio_ci_high": 5.728925215196541,
    "accepted": false,
    "axes": "{\"num_rows\": \"2097152\", \"segment_profile\": \"one_segment\", \"shared_suffix\": \"64\"}"
  },
  {
    "config": "prefix",
    "group": "pr-source",
    "state": "Device=0 num_rows=262144 profile=unique_32",
    "stable": "False",
    "descending": "False",
    "rounds": 3,
    "ratio": 2.4059756114369555,
    "ratio_ci_low": 2.342446193648627,
    "ratio_ci_high": 2.4582123850027355,
    "accepted": false,
    "axes": "{\"num_rows\": \"262144\", \"profile\": \"unique_32\"}"
  },
  {
    "config": "prefix",
    "group": "pr-source",
    "state": "Device=0 num_rows=2097152 profile=unique_32",
    "stable": "False",
    "descending": "False",
    "rounds": 3,
    "ratio": 2.311611122925478,
    "ratio_ci_low": 2.280422425985106,
    "ratio_ci_high": 2.332106222773819,
    "accepted": false,
    "axes": "{\"num_rows\": \"2097152\", \"profile\": \"unique_32\"}"
  },
  {
    "config": "prefix",
    "group": "pr-source",
    "state": "Device=0 num_rows=262144 profile=duplicates_32",
    "stable": "False",
    "descending": "False",
    "rounds": 3,
    "ratio": 3.1350485210528682,
    "ratio_ci_low": 3.077731265446565,
    "ratio_ci_high": 3.1849152833525975,
    "accepted": false,
    "axes": "{\"num_rows\": \"262144\", \"profile\": \"duplicates_32\"}"
  },
  {
    "config": "prefix",
    "group": "pr-source",
    "state": "Device=0 num_rows=2097152 profile=duplicates_32",
    "stable": "False",
    "descending": "False",
    "rounds": 3,
    "ratio": 3.158342666004824,
    "ratio_ci_low": 3.142162339001278,
    "ratio_ci_high": 3.1758747435018404,
    "accepted": false,
    "axes": "{\"num_rows\": \"2097152\", \"profile\": \"duplicates_32\"}"
  },
  {
    "config": "prefix",
    "group": "pr-source",
    "state": "Device=0 num_rows=262144 profile=shared_prefix_24",
    "stable": "False",
    "descending": "False",
    "rounds": 3,
    "ratio": 2.398714016108813,
    "ratio_ci_low": 2.373958968244253,
    "ratio_ci_high": 2.4201415036554903,
    "accepted": false,
    "axes": "{\"num_rows\": \"262144\", \"profile\": \"shared_prefix_24\"}"
  },
  {
    "config": "prefix",
    "group": "pr-source",
    "state": "Device=0 num_rows=2097152 profile=shared_prefix_24",
    "stable": "False",
    "descending": "False",
    "rounds": 3,
    "ratio": 2.3100363019033208,
    "ratio_ci_low": 2.2833136838554235,
    "ratio_ci_high": 2.3287342757087006,
    "accepted": false,
    "axes": "{\"num_rows\": \"2097152\", \"profile\": \"shared_prefix_24\"}"
  },
  {
    "config": "prefix",
    "group": "pr-source",
    "state": "Device=0 num_rows=262144 profile=raw_unique_40",
    "stable": "False",
    "descending": "False",
    "rounds": 3,
    "ratio": 1.2336113494411325,
    "ratio_ci_low": 1.1776500549102382,
    "ratio_ci_high": 1.3137030855920346,
    "accepted": false,
    "axes": "{\"num_rows\": \"262144\", \"profile\": \"raw_unique_40\"}"
  },
  {
    "config": "prefix",
    "group": "pr-source",
    "state": "Device=0 num_rows=2097152 profile=raw_unique_40",
    "stable": "False",
    "descending": "False",
    "rounds": 3,
    "ratio": 2.361893979589968,
    "ratio_ci_low": 2.3556112000157006,
    "ratio_ci_high": 2.3686882856711864,
    "accepted": false,
    "axes": "{\"num_rows\": \"2097152\", \"profile\": \"raw_unique_40\"}"
  },
  {
    "config": "prefix",
    "group": "pr-source",
    "state": "Device=0 num_rows=262144 profile=raw_duplicates_40",
    "stable": "False",
    "descending": "False",
    "rounds": 3,
    "ratio": 2.598835495424064,
    "ratio_ci_low": 2.5639142098899876,
    "ratio_ci_high": 2.635313531814536,
    "accepted": false,
    "axes": "{\"num_rows\": \"262144\", \"profile\": \"raw_duplicates_40\"}"
  },
  {
    "config": "prefix",
    "group": "pr-source",
    "state": "Device=0 num_rows=2097152 profile=raw_duplicates_40",
    "stable": "False",
    "descending": "False",
    "rounds": 3,
    "ratio": 1.4749563917950692,
    "ratio_ci_low": 1.4696470697752726,
    "ratio_ci_high": 1.4801834111764078,
    "accepted": false,
    "axes": "{\"num_rows\": \"2097152\", \"profile\": \"raw_duplicates_40\"}"
  },
  {
    "config": "prefix",
    "group": "pr-source",
    "state": "Device=0 num_rows=262144 profile=raw_shared_prefix_24_width_40",
    "stable": "False",
    "descending": "False",
    "rounds": 3,
    "ratio": 2.8474743475302624,
    "ratio_ci_low": 2.8029227291340684,
    "ratio_ci_high": 2.888545542600417,
    "accepted": false,
    "axes": "{\"num_rows\": \"262144\", \"profile\": \"raw_shared_prefix_24_width_40\"}"
  },
  {
    "config": "prefix",
    "group": "pr-source",
    "state": "Device=0 num_rows=2097152 profile=raw_shared_prefix_24_width_40",
    "stable": "False",
    "descending": "False",
    "rounds": 3,
    "ratio": 3.6609303177736354,
    "ratio_ci_low": 3.650890515235249,
    "ratio_ci_high": 3.669794704003616,
    "accepted": false,
    "axes": "{\"num_rows\": \"2097152\", \"profile\": \"raw_shared_prefix_24_width_40\"}"
  },
  {
    "config": "prefix",
    "group": "pr-workload",
    "state": "Device=0 min_width=0 max_width=32 num_rows=32768 workload=normal",
    "stable": "False",
    "descending": "False",
    "rounds": 3,
    "ratio": 3.2576678564221675,
    "ratio_ci_low": 3.2405754865002745,
    "ratio_ci_high": 3.275813466233817,
    "accepted": false,
    "axes": "{\"max_width\": \"32\", \"min_width\": \"0\", \"num_rows\": \"32768\", \"workload\": \"normal\"}"
  },
  {
    "config": "prefix",
    "group": "pr-workload",
    "state": "Device=0 min_width=0 max_width=64 num_rows=32768 workload=normal",
    "stable": "False",
    "descending": "False",
    "rounds": 3,
    "ratio": 5.939969427982513,
    "ratio_ci_low": 5.929863074040932,
    "ratio_ci_high": 5.95331736146558,
    "accepted": false,
    "axes": "{\"max_width\": \"64\", \"min_width\": \"0\", \"num_rows\": \"32768\", \"workload\": \"normal\"}"
  },
  {
    "config": "prefix",
    "group": "pr-workload",
    "state": "Device=0 min_width=0 max_width=128 num_rows=32768 workload=normal",
    "stable": "False",
    "descending": "False",
    "rounds": 3,
    "ratio": 9.818970169921068,
    "ratio_ci_low": 9.708869432015888,
    "ratio_ci_high": 9.889694460338893,
    "accepted": false,
    "axes": "{\"max_width\": \"128\", \"min_width\": \"0\", \"num_rows\": \"32768\", \"workload\": \"normal\"}"
  },
  {
    "config": "prefix",
    "group": "pr-workload",
    "state": "Device=0 min_width=0 max_width=256 num_rows=32768 workload=normal",
    "stable": "False",
    "descending": "False",
    "rounds": 3,
    "ratio": 14.23543309393136,
    "ratio_ci_low": 14.141087151456738,
    "ratio_ci_high": 14.273978639288813,
    "accepted": false,
    "axes": "{\"max_width\": \"256\", \"min_width\": \"0\", \"num_rows\": \"32768\", \"workload\": \"normal\"}"
  },
  {
    "config": "prefix",
    "group": "pr-workload",
    "state": "Device=0 min_width=0 max_width=32 num_rows=262144 workload=normal",
    "stable": "False",
    "descending": "False",
    "rounds": 3,
    "ratio": 2.411902998953829,
    "ratio_ci_low": 2.3988324981628972,
    "ratio_ci_high": 2.424438903310905,
    "accepted": false,
    "axes": "{\"max_width\": \"32\", \"min_width\": \"0\", \"num_rows\": \"262144\", \"workload\": \"normal\"}"
  },
  {
    "config": "prefix",
    "group": "pr-workload",
    "state": "Device=0 min_width=0 max_width=64 num_rows=262144 workload=normal",
    "stable": "False",
    "descending": "False",
    "rounds": 3,
    "ratio": 3.754528937829212,
    "ratio_ci_low": 3.750975563772613,
    "ratio_ci_high": 3.756058627480113,
    "accepted": false,
    "axes": "{\"max_width\": \"64\", \"min_width\": \"0\", \"num_rows\": \"262144\", \"workload\": \"normal\"}"
  },
  {
    "config": "prefix",
    "group": "pr-workload",
    "state": "Device=0 min_width=0 max_width=128 num_rows=262144 workload=normal",
    "stable": "False",
    "descending": "False",
    "rounds": 3,
    "ratio": 4.6689886995561345,
    "ratio_ci_low": 4.642986897020279,
    "ratio_ci_high": 4.682526930229508,
    "accepted": false,
    "axes": "{\"max_width\": \"128\", \"min_width\": \"0\", \"num_rows\": \"262144\", \"workload\": \"normal\"}"
  },
  {
    "config": "prefix",
    "group": "pr-workload",
    "state": "Device=0 min_width=0 max_width=256 num_rows=262144 workload=normal",
    "stable": "False",
    "descending": "False",
    "rounds": 3,
    "ratio": 5.725372590414323,
    "ratio_ci_low": 5.645104699717669,
    "ratio_ci_high": 5.815968114643579,
    "accepted": false,
    "axes": "{\"max_width\": \"256\", \"min_width\": \"0\", \"num_rows\": \"262144\", \"workload\": \"normal\"}"
  },
  {
    "config": "prefix",
    "group": "pr-workload",
    "state": "Device=0 min_width=0 max_width=32 num_rows=2097152 workload=normal",
    "stable": "False",
    "descending": "False",
    "rounds": 3,
    "ratio": 2.0821572411626743,
    "ratio_ci_low": 2.077705524537579,
    "ratio_ci_high": 2.085270796075187,
    "accepted": false,
    "axes": "{\"max_width\": \"32\", \"min_width\": \"0\", \"num_rows\": \"2097152\", \"workload\": \"normal\"}"
  },
  {
    "config": "prefix",
    "group": "pr-workload",
    "state": "Device=0 min_width=0 max_width=64 num_rows=2097152 workload=normal",
    "stable": "False",
    "descending": "False",
    "rounds": 3,
    "ratio": 2.425457249727726,
    "ratio_ci_low": 2.4007737560303406,
    "ratio_ci_high": 2.465504365662582,
    "accepted": false,
    "axes": "{\"max_width\": \"64\", \"min_width\": \"0\", \"num_rows\": \"2097152\", \"workload\": \"normal\"}"
  },
  {
    "config": "prefix",
    "group": "pr-workload",
    "state": "Device=0 min_width=0 max_width=128 num_rows=2097152 workload=normal",
    "stable": "False",
    "descending": "False",
    "rounds": 3,
    "ratio": 2.589268831672643,
    "ratio_ci_low": 2.580424084038005,
    "ratio_ci_high": 2.595471024159122,
    "accepted": false,
    "axes": "{\"max_width\": \"128\", \"min_width\": \"0\", \"num_rows\": \"2097152\", \"workload\": \"normal\"}"
  },
  {
    "config": "prefix",
    "group": "pr-workload",
    "state": "Device=0 min_width=0 max_width=256 num_rows=2097152 workload=normal",
    "stable": "False",
    "descending": "False",
    "rounds": 3,
    "ratio": 2.3905361127791833,
    "ratio_ci_low": 2.3680835462959022,
    "ratio_ci_high": 2.419926321504907,
    "accepted": false,
    "axes": "{\"max_width\": \"256\", \"min_width\": \"0\", \"num_rows\": \"2097152\", \"workload\": \"normal\"}"
  },
  {
    "config": "prefix",
    "group": "pr-workload",
    "state": "Device=0 min_width=0 max_width=32 num_rows=32768 workload=duplicates",
    "stable": "False",
    "descending": "False",
    "rounds": 3,
    "ratio": 3.109553160034258,
    "ratio_ci_low": 3.03864480293122,
    "ratio_ci_high": 3.1915325922069986,
    "accepted": false,
    "axes": "{\"max_width\": \"32\", \"min_width\": \"0\", \"num_rows\": \"32768\", \"workload\": \"duplicates\"}"
  },
  {
    "config": "prefix",
    "group": "pr-workload",
    "state": "Device=0 min_width=0 max_width=64 num_rows=32768 workload=duplicates",
    "stable": "False",
    "descending": "False",
    "rounds": 3,
    "ratio": 5.011137335459331,
    "ratio_ci_low": 4.912181892386228,
    "ratio_ci_high": 5.103361885716261,
    "accepted": false,
    "axes": "{\"max_width\": \"64\", \"min_width\": \"0\", \"num_rows\": \"32768\", \"workload\": \"duplicates\"}"
  },
  {
    "config": "prefix",
    "group": "pr-workload",
    "state": "Device=0 min_width=0 max_width=128 num_rows=32768 workload=duplicates",
    "stable": "False",
    "descending": "False",
    "rounds": 3,
    "ratio": 7.042521942746832,
    "ratio_ci_low": 6.6755218478313685,
    "ratio_ci_high": 7.302585488682972,
    "accepted": false,
    "axes": "{\"max_width\": \"128\", \"min_width\": \"0\", \"num_rows\": \"32768\", \"workload\": \"duplicates\"}"
  },
  {
    "config": "prefix",
    "group": "pr-workload",
    "state": "Device=0 min_width=0 max_width=256 num_rows=32768 workload=duplicates",
    "stable": "False",
    "descending": "False",
    "rounds": 3,
    "ratio": 7.593482898195076,
    "ratio_ci_low": 7.557388214802771,
    "ratio_ci_high": 7.649449440595456,
    "accepted": false,
    "axes": "{\"max_width\": \"256\", \"min_width\": \"0\", \"num_rows\": \"32768\", \"workload\": \"duplicates\"}"
  },
  {
    "config": "prefix",
    "group": "pr-workload",
    "state": "Device=0 min_width=0 max_width=32 num_rows=262144 workload=duplicates",
    "stable": "False",
    "descending": "False",
    "rounds": 3,
    "ratio": 2.6372799477897213,
    "ratio_ci_low": 2.591950963738082,
    "ratio_ci_high": 2.6920474882673915,
    "accepted": false,
    "axes": "{\"max_width\": \"32\", \"min_width\": \"0\", \"num_rows\": \"262144\", \"workload\": \"duplicates\"}"
  },
  {
    "config": "prefix",
    "group": "pr-workload",
    "state": "Device=0 min_width=0 max_width=64 num_rows=262144 workload=duplicates",
    "stable": "False",
    "descending": "False",
    "rounds": 3,
    "ratio": 3.857585753722685,
    "ratio_ci_low": 3.7813271342803345,
    "ratio_ci_high": 3.9789562148996565,
    "accepted": false,
    "axes": "{\"max_width\": \"64\", \"min_width\": \"0\", \"num_rows\": \"262144\", \"workload\": \"duplicates\"}"
  },
  {
    "config": "prefix",
    "group": "pr-workload",
    "state": "Device=0 min_width=0 max_width=128 num_rows=262144 workload=duplicates",
    "stable": "False",
    "descending": "False",
    "rounds": 3,
    "ratio": 5.187283649337977,
    "ratio_ci_low": 5.111630481463451,
    "ratio_ci_high": 5.298481635989429,
    "accepted": false,
    "axes": "{\"max_width\": \"128\", \"min_width\": \"0\", \"num_rows\": \"262144\", \"workload\": \"duplicates\"}"
  },
  {
    "config": "prefix",
    "group": "pr-workload",
    "state": "Device=0 min_width=0 max_width=256 num_rows=262144 workload=duplicates",
    "stable": "False",
    "descending": "False",
    "rounds": 3,
    "ratio": 6.057613429085893,
    "ratio_ci_low": 5.989614793463676,
    "ratio_ci_high": 6.146053903197146,
    "accepted": false,
    "axes": "{\"max_width\": \"256\", \"min_width\": \"0\", \"num_rows\": \"262144\", \"workload\": \"duplicates\"}"
  },
  {
    "config": "prefix",
    "group": "pr-workload",
    "state": "Device=0 min_width=0 max_width=32 num_rows=2097152 workload=duplicates",
    "stable": "False",
    "descending": "False",
    "rounds": 3,
    "ratio": 1.4507111838119027,
    "ratio_ci_low": 1.4391232797628815,
    "ratio_ci_high": 1.458551369858877,
    "accepted": false,
    "axes": "{\"max_width\": \"32\", \"min_width\": \"0\", \"num_rows\": \"2097152\", \"workload\": \"duplicates\"}"
  },
  {
    "config": "prefix",
    "group": "pr-workload",
    "state": "Device=0 min_width=0 max_width=64 num_rows=2097152 workload=duplicates",
    "stable": "False",
    "descending": "False",
    "rounds": 3,
    "ratio": 1.8015103609582233,
    "ratio_ci_low": 1.7805120740321407,
    "ratio_ci_high": 1.8167375972617676,
    "accepted": false,
    "axes": "{\"max_width\": \"64\", \"min_width\": \"0\", \"num_rows\": \"2097152\", \"workload\": \"duplicates\"}"
  },
  {
    "config": "prefix",
    "group": "pr-workload",
    "state": "Device=0 min_width=0 max_width=128 num_rows=2097152 workload=duplicates",
    "stable": "False",
    "descending": "False",
    "rounds": 3,
    "ratio": 2.1606731229372125,
    "ratio_ci_low": 2.154617736873384,
    "ratio_ci_high": 2.165613725497341,
    "accepted": false,
    "axes": "{\"max_width\": \"128\", \"min_width\": \"0\", \"num_rows\": \"2097152\", \"workload\": \"duplicates\"}"
  },
  {
    "config": "prefix",
    "group": "pr-workload",
    "state": "Device=0 min_width=0 max_width=256 num_rows=2097152 workload=duplicates",
    "stable": "False",
    "descending": "False",
    "rounds": 3,
    "ratio": 2.321411697234279,
    "ratio_ci_low": 2.292361183587303,
    "ratio_ci_high": 2.3663847326631124,
    "accepted": false,
    "axes": "{\"max_width\": \"256\", \"min_width\": \"0\", \"num_rows\": \"2097152\", \"workload\": \"duplicates\"}"
  },
  {
    "config": "prefix",
    "group": "pr-workload",
    "state": "Device=0 min_width=0 max_width=32 num_rows=32768 workload=shared_prefix",
    "stable": "False",
    "descending": "False",
    "rounds": 3,
    "ratio": 3.5184584349654013,
    "ratio_ci_low": 3.485553861865092,
    "ratio_ci_high": 3.5691145207800585,
    "accepted": false,
    "axes": "{\"max_width\": \"32\", \"min_width\": \"0\", \"num_rows\": \"32768\", \"workload\": \"shared_prefix\"}"
  },
  {
    "config": "prefix",
    "group": "pr-workload",
    "state": "Device=0 min_width=0 max_width=64 num_rows=32768 workload=shared_prefix",
    "stable": "False",
    "descending": "False",
    "rounds": 3,
    "ratio": 5.484769046634964,
    "ratio_ci_low": 5.477734474960691,
    "ratio_ci_high": 5.497750445866978,
    "accepted": false,
    "axes": "{\"max_width\": \"64\", \"min_width\": \"0\", \"num_rows\": \"32768\", \"workload\": \"shared_prefix\"}"
  },
  {
    "config": "prefix",
    "group": "pr-workload",
    "state": "Device=0 min_width=0 max_width=128 num_rows=32768 workload=shared_prefix",
    "stable": "False",
    "descending": "False",
    "rounds": 3,
    "ratio": 6.7394053030275,
    "ratio_ci_low": 6.690442842611731,
    "ratio_ci_high": 6.78532236188894,
    "accepted": false,
    "axes": "{\"max_width\": \"128\", \"min_width\": \"0\", \"num_rows\": \"32768\", \"workload\": \"shared_prefix\"}"
  },
  {
    "config": "prefix",
    "group": "pr-workload",
    "state": "Device=0 min_width=0 max_width=256 num_rows=32768 workload=shared_prefix",
    "stable": "False",
    "descending": "False",
    "rounds": 3,
    "ratio": 5.73427609829585,
    "ratio_ci_low": 5.724996208021797,
    "ratio_ci_high": 5.7427751092317525,
    "accepted": false,
    "axes": "{\"max_width\": \"256\", \"min_width\": \"0\", \"num_rows\": \"32768\", \"workload\": \"shared_prefix\"}"
  },
  {
    "config": "prefix",
    "group": "pr-workload",
    "state": "Device=0 min_width=0 max_width=32 num_rows=262144 workload=shared_prefix",
    "stable": "False",
    "descending": "False",
    "rounds": 3,
    "ratio": 3.113839846804791,
    "ratio_ci_low": 3.0961231127719726,
    "ratio_ci_high": 3.1261212221986376,
    "accepted": false,
    "axes": "{\"max_width\": \"32\", \"min_width\": \"0\", \"num_rows\": \"262144\", \"workload\": \"shared_prefix\"}"
  },
  {
    "config": "prefix",
    "group": "pr-workload",
    "state": "Device=0 min_width=0 max_width=64 num_rows=262144 workload=shared_prefix",
    "stable": "False",
    "descending": "False",
    "rounds": 3,
    "ratio": 4.454111862157914,
    "ratio_ci_low": 4.423567117134852,
    "ratio_ci_high": 4.475216478127129,
    "accepted": false,
    "axes": "{\"max_width\": \"64\", \"min_width\": \"0\", \"num_rows\": \"262144\", \"workload\": \"shared_prefix\"}"
  },
  {
    "config": "prefix",
    "group": "pr-workload",
    "state": "Device=0 min_width=0 max_width=128 num_rows=262144 workload=shared_prefix",
    "stable": "False",
    "descending": "False",
    "rounds": 3,
    "ratio": 4.95871699068457,
    "ratio_ci_low": 4.8920654988417756,
    "ratio_ci_high": 5.021370782973995,
    "accepted": false,
    "axes": "{\"max_width\": \"128\", \"min_width\": \"0\", \"num_rows\": \"262144\", \"workload\": \"shared_prefix\"}"
  },
  {
    "config": "prefix",
    "group": "pr-workload",
    "state": "Device=0 min_width=0 max_width=256 num_rows=262144 workload=shared_prefix",
    "stable": "False",
    "descending": "False",
    "rounds": 3,
    "ratio": 5.069766457461253,
    "ratio_ci_low": 5.064775523141766,
    "ratio_ci_high": 5.0722212708361205,
    "accepted": false,
    "axes": "{\"max_width\": \"256\", \"min_width\": \"0\", \"num_rows\": \"262144\", \"workload\": \"shared_prefix\"}"
  },
  {
    "config": "prefix",
    "group": "pr-workload",
    "state": "Device=0 min_width=0 max_width=32 num_rows=2097152 workload=shared_prefix",
    "stable": "False",
    "descending": "False",
    "rounds": 3,
    "ratio": 3.4731488438380476,
    "ratio_ci_low": 3.4603044167703865,
    "ratio_ci_high": 3.4895300364412796,
    "accepted": false,
    "axes": "{\"max_width\": \"32\", \"min_width\": \"0\", \"num_rows\": \"2097152\", \"workload\": \"shared_prefix\"}"
  },
  {
    "config": "prefix",
    "group": "pr-workload",
    "state": "Device=0 min_width=0 max_width=64 num_rows=2097152 workload=shared_prefix",
    "stable": "False",
    "descending": "False",
    "rounds": 3,
    "ratio": 5.12265167990553,
    "ratio_ci_low": 5.117183704622993,
    "ratio_ci_high": 5.129975561289712,
    "accepted": false,
    "axes": "{\"max_width\": \"64\", \"min_width\": \"0\", \"num_rows\": \"2097152\", \"workload\": \"shared_prefix\"}"
  },
  {
    "config": "prefix",
    "group": "pr-workload",
    "state": "Device=0 min_width=0 max_width=128 num_rows=2097152 workload=shared_prefix",
    "stable": "False",
    "descending": "False",
    "rounds": 3,
    "ratio": 5.262952630887035,
    "ratio_ci_low": 5.2520890785271614,
    "ratio_ci_high": 5.273498169931748,
    "accepted": false,
    "axes": "{\"max_width\": \"128\", \"min_width\": \"0\", \"num_rows\": \"2097152\", \"workload\": \"shared_prefix\"}"
  },
  {
    "config": "prefix",
    "group": "pr-workload",
    "state": "Device=0 min_width=0 max_width=256 num_rows=2097152 workload=shared_prefix",
    "stable": "False",
    "descending": "False",
    "rounds": 3,
    "ratio": 5.404947949981382,
    "ratio_ci_low": 5.397366760204562,
    "ratio_ci_high": 5.412079601108776,
    "accepted": false,
    "axes": "{\"max_width\": \"256\", \"min_width\": \"0\", \"num_rows\": \"2097152\", \"workload\": \"shared_prefix\"}"
  },
  {
    "config": "prefix",
    "group": "pr-workload",
    "state": "Device=0 min_width=0 max_width=32 num_rows=262144 workload=variable",
    "stable": "False",
    "descending": "False",
    "rounds": 3,
    "ratio": 1.0711761585440964,
    "ratio_ci_low": 1.064756838495071,
    "ratio_ci_high": 1.0755542361734804,
    "accepted": false,
    "axes": "{\"max_width\": \"32\", \"min_width\": \"0\", \"num_rows\": \"262144\", \"workload\": \"variable\"}"
  },
  {
    "config": "prefix",
    "group": "pr-workload",
    "state": "Device=0 min_width=0 max_width=64 num_rows=262144 workload=variable",
    "stable": "False",
    "descending": "False",
    "rounds": 3,
    "ratio": 1.123549716168233,
    "ratio_ci_low": 1.1089616346859639,
    "ratio_ci_high": 1.1413781671755665,
    "accepted": false,
    "axes": "{\"max_width\": \"64\", \"min_width\": \"0\", \"num_rows\": \"262144\", \"workload\": \"variable\"}"
  },
  {
    "config": "prefix",
    "group": "pr-workload",
    "state": "Device=0 min_width=0 max_width=128 num_rows=262144 workload=variable",
    "stable": "False",
    "descending": "False",
    "rounds": 3,
    "ratio": 1.1568156652579933,
    "ratio_ci_low": 1.1365614648589482,
    "ratio_ci_high": 1.1870681123418958,
    "accepted": false,
    "axes": "{\"max_width\": \"128\", \"min_width\": \"0\", \"num_rows\": \"262144\", \"workload\": \"variable\"}"
  },
  {
    "config": "prefix",
    "group": "pr-workload",
    "state": "Device=0 min_width=0 max_width=256 num_rows=262144 workload=variable",
    "stable": "False",
    "descending": "False",
    "rounds": 3,
    "ratio": 1.3350410362193614,
    "ratio_ci_low": 1.323828642714625,
    "ratio_ci_high": 1.3577254575419937,
    "accepted": false,
    "axes": "{\"max_width\": \"256\", \"min_width\": \"0\", \"num_rows\": \"262144\", \"workload\": \"variable\"}"
  },
  {
    "config": "prefix",
    "group": "pr-workload",
    "state": "Device=0 min_width=0 max_width=32 num_rows=2097152 workload=variable",
    "stable": "False",
    "descending": "False",
    "rounds": 3,
    "ratio": 2.083880790394378,
    "ratio_ci_low": 2.0775012084183597,
    "ratio_ci_high": 2.0872283398713676,
    "accepted": false,
    "axes": "{\"max_width\": \"32\", \"min_width\": \"0\", \"num_rows\": \"2097152\", \"workload\": \"variable\"}"
  },
  {
    "config": "prefix",
    "group": "pr-workload",
    "state": "Device=0 min_width=0 max_width=64 num_rows=2097152 workload=variable",
    "stable": "False",
    "descending": "False",
    "rounds": 3,
    "ratio": 2.1454800197570276,
    "ratio_ci_low": 2.1321324665602006,
    "ratio_ci_high": 2.159454150935946,
    "accepted": false,
    "axes": "{\"max_width\": \"64\", \"min_width\": \"0\", \"num_rows\": \"2097152\", \"workload\": \"variable\"}"
  },
  {
    "config": "prefix",
    "group": "pr-workload",
    "state": "Device=0 min_width=0 max_width=128 num_rows=2097152 workload=variable",
    "stable": "False",
    "descending": "False",
    "rounds": 3,
    "ratio": 2.139875548206449,
    "ratio_ci_low": 2.1233940027158007,
    "ratio_ci_high": 2.16179321178746,
    "accepted": false,
    "axes": "{\"max_width\": \"128\", \"min_width\": \"0\", \"num_rows\": \"2097152\", \"workload\": \"variable\"}"
  },
  {
    "config": "prefix",
    "group": "pr-workload",
    "state": "Device=0 min_width=0 max_width=256 num_rows=2097152 workload=variable",
    "stable": "False",
    "descending": "False",
    "rounds": 3,
    "ratio": 2.2674069944071564,
    "ratio_ci_low": 2.266781117508572,
    "ratio_ci_high": 2.26831493974669,
    "accepted": false,
    "axes": "{\"max_width\": \"256\", \"min_width\": \"0\", \"num_rows\": \"2097152\", \"workload\": \"variable\"}"
  },
  {
    "config": "prefix",
    "group": "pr-diagnostics",
    "state": "Device=0 num_rows=262144 profile=finish_257",
    "stable": "False",
    "descending": "False",
    "rounds": 3,
    "ratio": 2.2488372526321863,
    "ratio_ci_low": 2.1917291632693026,
    "ratio_ci_high": 2.32562234702626,
    "accepted": false,
    "axes": "{\"num_rows\": \"262144\", \"profile\": \"finish_257\"}"
  },
  {
    "config": "prefix",
    "group": "pr-diagnostics",
    "state": "Device=0 num_rows=2097152 profile=finish_257",
    "stable": "False",
    "descending": "False",
    "rounds": 3,
    "ratio": 1.894790311785315,
    "ratio_ci_low": 1.8621392235393484,
    "ratio_ci_high": 1.9161746305577818,
    "accepted": false,
    "axes": "{\"num_rows\": \"2097152\", \"profile\": \"finish_257\"}"
  },
  {
    "config": "prefix",
    "group": "pr-diagnostics",
    "state": "Device=0 num_rows=262144 profile=finish_1024",
    "stable": "False",
    "descending": "False",
    "rounds": 3,
    "ratio": 2.5047230255193256,
    "ratio_ci_low": 2.4204900804414846,
    "ratio_ci_high": 2.5537234414566266,
    "accepted": false,
    "axes": "{\"num_rows\": \"262144\", \"profile\": \"finish_1024\"}"
  },
  {
    "config": "prefix",
    "group": "pr-diagnostics",
    "state": "Device=0 num_rows=2097152 profile=finish_1024",
    "stable": "False",
    "descending": "False",
    "rounds": 3,
    "ratio": 2.10688589294206,
    "ratio_ci_low": 2.0664171851464865,
    "ratio_ci_high": 2.159616174368364,
    "accepted": false,
    "axes": "{\"num_rows\": \"2097152\", \"profile\": \"finish_1024\"}"
  },
  {
    "config": "prefix",
    "group": "pr-diagnostics",
    "state": "Device=0 num_rows=262144 profile=finish_4096",
    "stable": "False",
    "descending": "False",
    "rounds": 3,
    "ratio": 3.284031905832132,
    "ratio_ci_low": 3.2041389969405403,
    "ratio_ci_high": 3.3331330549680187,
    "accepted": false,
    "axes": "{\"num_rows\": \"262144\", \"profile\": \"finish_4096\"}"
  },
  {
    "config": "prefix",
    "group": "pr-diagnostics",
    "state": "Device=0 num_rows=2097152 profile=finish_4096",
    "stable": "False",
    "descending": "False",
    "rounds": 3,
    "ratio": 2.551984715441357,
    "ratio_ci_low": 2.452396622008323,
    "ratio_ci_high": 2.6398356491958532,
    "accepted": false,
    "axes": "{\"num_rows\": \"2097152\", \"profile\": \"finish_4096\"}"
  },
  {
    "config": "prefix",
    "group": "pr-diagnostics",
    "state": "Device=0 num_rows=262144 profile=active_50",
    "stable": "False",
    "descending": "False",
    "rounds": 3,
    "ratio": 1.909256335744719,
    "ratio_ci_low": 1.8747586922029242,
    "ratio_ci_high": 1.951797078862272,
    "accepted": false,
    "axes": "{\"num_rows\": \"262144\", \"profile\": \"active_50\"}"
  },
  {
    "config": "prefix",
    "group": "pr-diagnostics",
    "state": "Device=0 num_rows=2097152 profile=active_50",
    "stable": "False",
    "descending": "False",
    "rounds": 3,
    "ratio": 1.557603502191502,
    "ratio_ci_low": 1.5360020636206726,
    "ratio_ci_high": 1.5777351093841556,
    "accepted": false,
    "axes": "{\"num_rows\": \"2097152\", \"profile\": \"active_50\"}"
  },
  {
    "config": "prefix",
    "group": "pr-diagnostics",
    "state": "Device=0 num_rows=262144 profile=active_10",
    "stable": "False",
    "descending": "False",
    "rounds": 3,
    "ratio": 1.8476592348612342,
    "ratio_ci_low": 1.8151308225138445,
    "ratio_ci_high": 1.8938340129002962,
    "accepted": false,
    "axes": "{\"num_rows\": \"262144\", \"profile\": \"active_10\"}"
  },
  {
    "config": "prefix",
    "group": "pr-diagnostics",
    "state": "Device=0 num_rows=2097152 profile=active_10",
    "stable": "False",
    "descending": "False",
    "rounds": 3,
    "ratio": 1.704527746306943,
    "ratio_ci_low": 1.684183366770015,
    "ratio_ci_high": 1.7270635193851642,
    "accepted": false,
    "axes": "{\"num_rows\": \"2097152\", \"profile\": \"active_10\"}"
  },
  {
    "config": "prefix",
    "group": "pr-diagnostics",
    "state": "Device=0 num_rows=262144 profile=active_1",
    "stable": "False",
    "descending": "False",
    "rounds": 3,
    "ratio": 1.3884674639064354,
    "ratio_ci_low": 1.36776991517783,
    "ratio_ci_high": 1.4201228499510359,
    "accepted": false,
    "axes": "{\"num_rows\": \"262144\", \"profile\": \"active_1\"}"
  },
  {
    "config": "prefix",
    "group": "pr-diagnostics",
    "state": "Device=0 num_rows=2097152 profile=active_1",
    "stable": "False",
    "descending": "False",
    "rounds": 3,
    "ratio": 1.6729869797012205,
    "ratio_ci_low": 1.6165780312111795,
    "ratio_ci_high": 1.705950113502322,
    "accepted": false,
    "axes": "{\"num_rows\": \"2097152\", \"profile\": \"active_1\"}"
  },
  {
    "config": "prefix",
    "group": "pr-diagnostics",
    "state": "Device=0 num_rows=262144 profile=active_0_1",
    "stable": "False",
    "descending": "False",
    "rounds": 3,
    "ratio": 1.4167838704777749,
    "ratio_ci_low": 1.3925830087709037,
    "ratio_ci_high": 1.4516356176886978,
    "accepted": false,
    "axes": "{\"num_rows\": \"262144\", \"profile\": \"active_0_1\"}"
  },
  {
    "config": "prefix",
    "group": "pr-diagnostics",
    "state": "Device=0 num_rows=2097152 profile=active_0_1",
    "stable": "False",
    "descending": "False",
    "rounds": 3,
    "ratio": 1.5323947366940758,
    "ratio_ci_low": 1.5058446585270993,
    "ratio_ci_high": 1.5566580496749005,
    "accepted": false,
    "axes": "{\"num_rows\": \"2097152\", \"profile\": \"active_0_1\"}"
  },
  {
    "config": "prefix",
    "group": "pr-diagnostics",
    "state": "Device=0 num_rows=262144 profile=duplicates_6",
    "stable": "False",
    "descending": "False",
    "rounds": 3,
    "ratio": 1.246422515077477,
    "ratio_ci_low": 1.1905369183036683,
    "ratio_ci_high": 1.3158223136968743,
    "accepted": false,
    "axes": "{\"num_rows\": \"262144\", \"profile\": \"duplicates_6\"}"
  },
  {
    "config": "prefix",
    "group": "pr-diagnostics",
    "state": "Device=0 num_rows=262144 profile=duplicates_8",
    "stable": "False",
    "descending": "False",
    "rounds": 3,
    "ratio": 1.2474759934128974,
    "ratio_ci_low": 1.1848274930195113,
    "ratio_ci_high": 1.3200841451677754,
    "accepted": false,
    "axes": "{\"num_rows\": \"262144\", \"profile\": \"duplicates_8\"}"
  },
  {
    "config": "prefix",
    "group": "pr-diagnostics",
    "state": "Device=0 num_rows=262144 profile=duplicates_12",
    "stable": "False",
    "descending": "False",
    "rounds": 3,
    "ratio": 1.2926158882142775,
    "ratio_ci_low": 1.2766041515990623,
    "ratio_ci_high": 1.3068231751650212,
    "accepted": false,
    "axes": "{\"num_rows\": \"262144\", \"profile\": \"duplicates_12\"}"
  },
  {
    "config": "prefix",
    "group": "pr-diagnostics",
    "state": "Device=0 num_rows=262144 profile=duplicates_16",
    "stable": "False",
    "descending": "False",
    "rounds": 3,
    "ratio": 1.879007694358109,
    "ratio_ci_low": 1.827005769207288,
    "ratio_ci_high": 1.9287737275860573,
    "accepted": false,
    "axes": "{\"num_rows\": \"262144\", \"profile\": \"duplicates_16\"}"
  },
  {
    "config": "prefix",
    "group": "pr-diagnostics",
    "state": "Device=0 num_rows=2097152 profile=duplicates_16",
    "stable": "False",
    "descending": "False",
    "rounds": 3,
    "ratio": 1.2133918543564783,
    "ratio_ci_low": 1.204339543751673,
    "ratio_ci_high": 1.2202469300979442,
    "accepted": false,
    "axes": "{\"num_rows\": \"2097152\", \"profile\": \"duplicates_16\"}"
  },
  {
    "config": "prefix",
    "group": "pr-diagnostics",
    "state": "Device=0 num_rows=262144 profile=duplicates_24",
    "stable": "False",
    "descending": "False",
    "rounds": 3,
    "ratio": 2.1836675685220253,
    "ratio_ci_low": 2.1582285780709194,
    "ratio_ci_high": 2.222247234535505,
    "accepted": false,
    "axes": "{\"num_rows\": \"262144\", \"profile\": \"duplicates_24\"}"
  },
  {
    "config": "prefix",
    "group": "pr-diagnostics",
    "state": "Device=0 num_rows=2097152 profile=duplicates_24",
    "stable": "False",
    "descending": "False",
    "rounds": 3,
    "ratio": 1.3531907614070318,
    "ratio_ci_low": 1.3409578283829937,
    "ratio_ci_high": 1.3618974819613883,
    "accepted": false,
    "axes": "{\"num_rows\": \"2097152\", \"profile\": \"duplicates_24\"}"
  },
  {
    "config": "prefix",
    "group": "pr-diagnostics",
    "state": "Device=0 num_rows=262144 profile=duplicates_32",
    "stable": "False",
    "descending": "False",
    "rounds": 3,
    "ratio": 2.4293750353403905,
    "ratio_ci_low": 2.402053825422703,
    "ratio_ci_high": 2.464378351573803,
    "accepted": false,
    "axes": "{\"num_rows\": \"262144\", \"profile\": \"duplicates_32\"}"
  },
  {
    "config": "prefix",
    "group": "pr-diagnostics",
    "state": "Device=0 num_rows=2097152 profile=duplicates_32",
    "stable": "False",
    "descending": "False",
    "rounds": 3,
    "ratio": 1.4162451986288034,
    "ratio_ci_low": 1.4104647910142034,
    "ratio_ci_high": 1.4223374762554732,
    "accepted": false,
    "axes": "{\"num_rows\": \"2097152\", \"profile\": \"duplicates_32\"}"
  },
  {
    "config": "prefix",
    "group": "pr-diagnostics",
    "state": "Device=0 num_rows=262144 profile=rle_misaligned",
    "stable": "False",
    "descending": "False",
    "rounds": 3,
    "ratio": 4.355613176685829,
    "ratio_ci_low": 4.329591372688405,
    "ratio_ci_high": 4.388122406639425,
    "accepted": false,
    "axes": "{\"num_rows\": \"262144\", \"profile\": \"rle_misaligned\"}"
  },
  {
    "config": "prefix",
    "group": "pr-diagnostics",
    "state": "Device=0 num_rows=2097152 profile=rle_misaligned",
    "stable": "False",
    "descending": "False",
    "rounds": 3,
    "ratio": 3.535914437658587,
    "ratio_ci_low": 3.518487739221796,
    "ratio_ci_high": 3.551297299838894,
    "accepted": false,
    "axes": "{\"num_rows\": \"2097152\", \"profile\": \"rle_misaligned\"}"
  },
  {
    "config": "prefix",
    "group": "end-to-end",
    "state": "Device=0 min_width=0 max_width=32 num_rows=262144 workload=normal",
    "stable": "False",
    "descending": "False",
    "rounds": 3,
    "ratio": 2.134229025678618,
    "ratio_ci_low": 2.0675413920817607,
    "ratio_ci_high": 2.195147588683736,
    "accepted": false,
    "axes": "{\"max_width\": \"32\", \"min_width\": \"0\", \"num_rows\": \"262144\", \"workload\": \"normal\"}"
  },
  {
    "config": "prefix",
    "group": "end-to-end",
    "state": "Device=0 min_width=0 max_width=256 num_rows=262144 workload=normal",
    "stable": "False",
    "descending": "False",
    "rounds": 3,
    "ratio": 5.281419369848945,
    "ratio_ci_low": 5.199374468060438,
    "ratio_ci_high": 5.430408245871477,
    "accepted": false,
    "axes": "{\"max_width\": \"256\", \"min_width\": \"0\", \"num_rows\": \"262144\", \"workload\": \"normal\"}"
  },
  {
    "config": "prefix",
    "group": "end-to-end",
    "state": "Device=0 min_width=0 max_width=32 num_rows=2097152 workload=normal",
    "stable": "False",
    "descending": "False",
    "rounds": 3,
    "ratio": 1.8897258443691458,
    "ratio_ci_low": 1.8642564405645496,
    "ratio_ci_high": 1.9085521581320193,
    "accepted": false,
    "axes": "{\"max_width\": \"32\", \"min_width\": \"0\", \"num_rows\": \"2097152\", \"workload\": \"normal\"}"
  },
  {
    "config": "prefix",
    "group": "end-to-end",
    "state": "Device=0 min_width=0 max_width=256 num_rows=2097152 workload=normal",
    "stable": "False",
    "descending": "False",
    "rounds": 3,
    "ratio": 2.311454782808917,
    "ratio_ci_low": 2.2978657401845903,
    "ratio_ci_high": 2.3251399984040155,
    "accepted": false,
    "axes": "{\"max_width\": \"256\", \"min_width\": \"0\", \"num_rows\": \"2097152\", \"workload\": \"normal\"}"
  },
  {
    "config": "prefix",
    "group": "end-to-end",
    "state": "Device=0 min_width=0 max_width=32 num_rows=262144 workload=duplicates",
    "stable": "False",
    "descending": "False",
    "rounds": 3,
    "ratio": 2.3235797799275604,
    "ratio_ci_low": 2.2667092151764625,
    "ratio_ci_high": 2.369078017085615,
    "accepted": false,
    "axes": "{\"max_width\": \"32\", \"min_width\": \"0\", \"num_rows\": \"262144\", \"workload\": \"duplicates\"}"
  },
  {
    "config": "prefix",
    "group": "end-to-end",
    "state": "Device=0 min_width=0 max_width=256 num_rows=262144 workload=duplicates",
    "stable": "False",
    "descending": "False",
    "rounds": 3,
    "ratio": 5.698094293271205,
    "ratio_ci_low": 5.619882257313254,
    "ratio_ci_high": 5.7709851836292305,
    "accepted": false,
    "axes": "{\"max_width\": \"256\", \"min_width\": \"0\", \"num_rows\": \"262144\", \"workload\": \"duplicates\"}"
  },
  {
    "config": "prefix",
    "group": "end-to-end",
    "state": "Device=0 min_width=0 max_width=32 num_rows=2097152 workload=duplicates",
    "stable": "False",
    "descending": "False",
    "rounds": 3,
    "ratio": 1.3818274494109697,
    "ratio_ci_low": 1.3770284240371087,
    "ratio_ci_high": 1.3878943870045581,
    "accepted": false,
    "axes": "{\"max_width\": \"32\", \"min_width\": \"0\", \"num_rows\": \"2097152\", \"workload\": \"duplicates\"}"
  },
  {
    "config": "prefix",
    "group": "end-to-end",
    "state": "Device=0 min_width=0 max_width=256 num_rows=2097152 workload=duplicates",
    "stable": "False",
    "descending": "False",
    "rounds": 3,
    "ratio": 2.2697475129235642,
    "ratio_ci_low": 2.2600102710938432,
    "ratio_ci_high": 2.2777677433638326,
    "accepted": false,
    "axes": "{\"max_width\": \"256\", \"min_width\": \"0\", \"num_rows\": \"2097152\", \"workload\": \"duplicates\"}"
  },
  {
    "config": "prefix",
    "group": "end-to-end",
    "state": "Device=0 min_width=0 max_width=32 num_rows=262144 workload=shared_prefix",
    "stable": "False",
    "descending": "False",
    "rounds": 3,
    "ratio": 2.807543797017201,
    "ratio_ci_low": 2.7537981158718465,
    "ratio_ci_high": 2.856395906763021,
    "accepted": false,
    "axes": "{\"max_width\": \"32\", \"min_width\": \"0\", \"num_rows\": \"262144\", \"workload\": \"shared_prefix\"}"
  },
  {
    "config": "prefix",
    "group": "end-to-end",
    "state": "Device=0 min_width=0 max_width=256 num_rows=262144 workload=shared_prefix",
    "stable": "False",
    "descending": "False",
    "rounds": 3,
    "ratio": 4.962648467481276,
    "ratio_ci_low": 4.938870794658732,
    "ratio_ci_high": 4.980503393577702,
    "accepted": false,
    "axes": "{\"max_width\": \"256\", \"min_width\": \"0\", \"num_rows\": \"262144\", \"workload\": \"shared_prefix\"}"
  },
  {
    "config": "prefix",
    "group": "end-to-end",
    "state": "Device=0 min_width=0 max_width=32 num_rows=2097152 workload=shared_prefix",
    "stable": "False",
    "descending": "False",
    "rounds": 3,
    "ratio": 3.2428084860786006,
    "ratio_ci_low": 3.2275978869834523,
    "ratio_ci_high": 3.254121961230034,
    "accepted": false,
    "axes": "{\"max_width\": \"32\", \"min_width\": \"0\", \"num_rows\": \"2097152\", \"workload\": \"shared_prefix\"}"
  },
  {
    "config": "prefix",
    "group": "end-to-end",
    "state": "Device=0 min_width=0 max_width=256 num_rows=2097152 workload=shared_prefix",
    "stable": "False",
    "descending": "False",
    "rounds": 3,
    "ratio": 5.3441661895959385,
    "ratio_ci_low": 5.337806171207234,
    "ratio_ci_high": 5.349513620026439,
    "accepted": false,
    "axes": "{\"max_width\": \"256\", \"min_width\": \"0\", \"num_rows\": \"2097152\", \"workload\": \"shared_prefix\"}"
  },
  {
    "config": "prefix",
    "group": "end-to-end",
    "state": "Device=0 min_width=0 max_width=32 num_rows=262144 workload=variable",
    "stable": "False",
    "descending": "False",
    "rounds": 3,
    "ratio": 1.0523157766256326,
    "ratio_ci_low": 1.0249622355266126,
    "ratio_ci_high": 1.0653927935143173,
    "accepted": false,
    "axes": "{\"max_width\": \"32\", \"min_width\": \"0\", \"num_rows\": \"262144\", \"workload\": \"variable\"}"
  },
  {
    "config": "prefix",
    "group": "end-to-end",
    "state": "Device=0 min_width=0 max_width=256 num_rows=262144 workload=variable",
    "stable": "False",
    "descending": "False",
    "rounds": 3,
    "ratio": 1.2135737592459253,
    "ratio_ci_low": 1.1821026917327715,
    "ratio_ci_high": 1.2542953711702283,
    "accepted": false,
    "axes": "{\"max_width\": \"256\", \"min_width\": \"0\", \"num_rows\": \"262144\", \"workload\": \"variable\"}"
  },
  {
    "config": "prefix",
    "group": "end-to-end",
    "state": "Device=0 min_width=0 max_width=32 num_rows=2097152 workload=variable",
    "stable": "False",
    "descending": "False",
    "rounds": 3,
    "ratio": 1.6253273495242695,
    "ratio_ci_low": 1.5929783718762338,
    "ratio_ci_high": 1.6556387409403877,
    "accepted": false,
    "axes": "{\"max_width\": \"32\", \"min_width\": \"0\", \"num_rows\": \"2097152\", \"workload\": \"variable\"}"
  },
  {
    "config": "prefix",
    "group": "end-to-end",
    "state": "Device=0 min_width=0 max_width=256 num_rows=2097152 workload=variable",
    "stable": "False",
    "descending": "False",
    "rounds": 3,
    "ratio": 1.596661204758958,
    "ratio_ci_low": 1.5710561922317803,
    "ratio_ci_high": 1.6149352451407344,
    "accepted": false,
    "axes": "{\"max_width\": \"256\", \"min_width\": \"0\", \"num_rows\": \"2097152\", \"workload\": \"variable\"}"
  },
  {
    "config": "prefix",
    "group": "pr-zero-collisions",
    "state": "Device=0 num_rows=32768 profile=zero_collision_pass2",
    "stable": "False",
    "descending": "False",
    "rounds": 3,
    "ratio": 1.8466566704363696,
    "ratio_ci_low": 1.8144051165899235,
    "ratio_ci_high": 1.8961008993481006,
    "accepted": false,
    "axes": "{\"num_rows\": \"32768\", \"profile\": \"zero_collision_pass2\"}"
  },
  {
    "config": "prefix",
    "group": "main",
    "state": "Device=0 min_width=1 max_width=8 num_rows=32768",
    "stable": "False",
    "descending": "False",
    "rounds": 3,
    "ratio": 1.1374195179041908,
    "ratio_ci_low": 1.107947471648077,
    "ratio_ci_high": 1.1617374307883557,
    "accepted": false,
    "axes": "{\"max_width\": \"8\", \"min_width\": \"1\", \"num_rows\": \"32768\"}"
  },
  {
    "config": "prefix",
    "group": "main",
    "state": "Device=0 min_width=1 max_width=32 num_rows=32768",
    "stable": "False",
    "descending": "False",
    "rounds": 3,
    "ratio": 3.3973372883801747,
    "ratio_ci_low": 3.3173331070004024,
    "ratio_ci_high": 3.459474232578054,
    "accepted": false,
    "axes": "{\"max_width\": \"32\", \"min_width\": \"1\", \"num_rows\": \"32768\"}"
  },
  {
    "config": "prefix",
    "group": "main",
    "state": "Device=0 min_width=1 max_width=64 num_rows=32768",
    "stable": "False",
    "descending": "False",
    "rounds": 3,
    "ratio": 5.974607956331209,
    "ratio_ci_low": 5.9041828211760015,
    "ratio_ci_high": 6.024709793135959,
    "accepted": false,
    "axes": "{\"max_width\": \"64\", \"min_width\": \"1\", \"num_rows\": \"32768\"}"
  },
  {
    "config": "prefix",
    "group": "main",
    "state": "Device=0 min_width=1 max_width=128 num_rows=32768",
    "stable": "False",
    "descending": "False",
    "rounds": 3,
    "ratio": 9.50111452293298,
    "ratio_ci_low": 9.319220701026653,
    "ratio_ci_high": 9.618366546659077,
    "accepted": false,
    "axes": "{\"max_width\": \"128\", \"min_width\": \"1\", \"num_rows\": \"32768\"}"
  },
  {
    "config": "prefix",
    "group": "main",
    "state": "Device=0 min_width=1 max_width=256 num_rows=32768",
    "stable": "False",
    "descending": "False",
    "rounds": 3,
    "ratio": 13.024999260322517,
    "ratio_ci_low": 12.773835761531796,
    "ratio_ci_high": 13.280865584704872,
    "accepted": false,
    "axes": "{\"max_width\": \"256\", \"min_width\": \"1\", \"num_rows\": \"32768\"}"
  },
  {
    "config": "prefix",
    "group": "main",
    "state": "Device=0 min_width=1 max_width=8 num_rows=262144",
    "stable": "False",
    "descending": "False",
    "rounds": 3,
    "ratio": 1.1772792547761022,
    "ratio_ci_low": 1.1337242564484717,
    "ratio_ci_high": 1.216487715631447,
    "accepted": false,
    "axes": "{\"max_width\": \"8\", \"min_width\": \"1\", \"num_rows\": \"262144\"}"
  },
  {
    "config": "prefix",
    "group": "main",
    "state": "Device=0 min_width=1 max_width=32 num_rows=262144",
    "stable": "False",
    "descending": "False",
    "rounds": 3,
    "ratio": 2.5745331949969765,
    "ratio_ci_low": 2.5465501611710533,
    "ratio_ci_high": 2.5954812590244867,
    "accepted": false,
    "axes": "{\"max_width\": \"32\", \"min_width\": \"1\", \"num_rows\": \"262144\"}"
  },
  {
    "config": "prefix",
    "group": "main",
    "state": "Device=0 min_width=1 max_width=64 num_rows=262144",
    "stable": "False",
    "descending": "False",
    "rounds": 3,
    "ratio": 3.7431649453921536,
    "ratio_ci_low": 3.696557084066502,
    "ratio_ci_high": 3.785267193567059,
    "accepted": false,
    "axes": "{\"max_width\": \"64\", \"min_width\": \"1\", \"num_rows\": \"262144\"}"
  },
  {
    "config": "prefix",
    "group": "main",
    "state": "Device=0 min_width=1 max_width=128 num_rows=262144",
    "stable": "False",
    "descending": "False",
    "rounds": 3,
    "ratio": 4.756531066978122,
    "ratio_ci_low": 4.6790439345444685,
    "ratio_ci_high": 4.857545066903996,
    "accepted": false,
    "axes": "{\"max_width\": \"128\", \"min_width\": \"1\", \"num_rows\": \"262144\"}"
  },
  {
    "config": "prefix",
    "group": "main",
    "state": "Device=0 min_width=1 max_width=256 num_rows=262144",
    "stable": "False",
    "descending": "False",
    "rounds": 3,
    "ratio": 5.632122752205921,
    "ratio_ci_low": 5.539732197334659,
    "ratio_ci_high": 5.78220074065821,
    "accepted": false,
    "axes": "{\"max_width\": \"256\", \"min_width\": \"1\", \"num_rows\": \"262144\"}"
  },
  {
    "config": "prefix",
    "group": "main",
    "state": "Device=0 min_width=1 max_width=8 num_rows=2097152",
    "stable": "False",
    "descending": "False",
    "rounds": 3,
    "ratio": 1.798515383834839,
    "ratio_ci_low": 1.770504292220173,
    "ratio_ci_high": 1.8221711402712315,
    "accepted": false,
    "axes": "{\"max_width\": \"8\", \"min_width\": \"1\", \"num_rows\": \"2097152\"}"
  },
  {
    "config": "prefix",
    "group": "main",
    "state": "Device=0 min_width=1 max_width=32 num_rows=2097152",
    "stable": "False",
    "descending": "False",
    "rounds": 3,
    "ratio": 2.123231570530927,
    "ratio_ci_low": 2.116205568588567,
    "ratio_ci_high": 2.1364121426235423,
    "accepted": false,
    "axes": "{\"max_width\": \"32\", \"min_width\": \"1\", \"num_rows\": \"2097152\"}"
  },
  {
    "config": "prefix",
    "group": "main",
    "state": "Device=0 min_width=1 max_width=64 num_rows=2097152",
    "stable": "False",
    "descending": "False",
    "rounds": 3,
    "ratio": 2.5017512414095013,
    "ratio_ci_low": 2.474560147498809,
    "ratio_ci_high": 2.542830998698893,
    "accepted": false,
    "axes": "{\"max_width\": \"64\", \"min_width\": \"1\", \"num_rows\": \"2097152\"}"
  },
  {
    "config": "prefix",
    "group": "main",
    "state": "Device=0 min_width=1 max_width=128 num_rows=2097152",
    "stable": "False",
    "descending": "False",
    "rounds": 3,
    "ratio": 2.602920997496974,
    "ratio_ci_low": 2.5636668272561476,
    "ratio_ci_high": 2.659125180883139,
    "accepted": false,
    "axes": "{\"max_width\": \"128\", \"min_width\": \"1\", \"num_rows\": \"2097152\"}"
  },
  {
    "config": "prefix",
    "group": "main",
    "state": "Device=0 min_width=1 max_width=256 num_rows=2097152",
    "stable": "False",
    "descending": "False",
    "rounds": 3,
    "ratio": 2.442015440855967,
    "ratio_ci_low": 2.404378389826633,
    "ratio_ci_high": 2.4826682042784936,
    "accepted": false,
    "axes": "{\"max_width\": \"256\", \"min_width\": \"1\", \"num_rows\": \"2097152\"}"
  },
  {
    "config": "prefix",
    "group": "main",
    "state": "Device=0 min_width=1 max_width=8 num_rows=16777216",
    "stable": "False",
    "descending": "False",
    "rounds": 3,
    "ratio": 2.372973225235903,
    "ratio_ci_low": 2.361340151145793,
    "ratio_ci_high": 2.3818911319799336,
    "accepted": false,
    "axes": "{\"max_width\": \"8\", \"min_width\": \"1\", \"num_rows\": \"16777216\"}"
  },
  {
    "config": "prefix",
    "group": "main",
    "state": "Device=0 min_width=1 max_width=32 num_rows=16777216",
    "stable": "False",
    "descending": "False",
    "rounds": 3,
    "ratio": 2.534303252464314,
    "ratio_ci_low": 2.5182272064386337,
    "ratio_ci_high": 2.5491000646763067,
    "accepted": false,
    "axes": "{\"max_width\": \"32\", \"min_width\": \"1\", \"num_rows\": \"16777216\"}"
  },
  {
    "config": "prefix",
    "group": "main",
    "state": "Device=0 min_width=1 max_width=64 num_rows=16777216",
    "stable": "False",
    "descending": "False",
    "rounds": 3,
    "ratio": 2.3650682995643333,
    "ratio_ci_low": 2.3533001470723693,
    "ratio_ci_high": 2.373841930438128,
    "accepted": false,
    "axes": "{\"max_width\": \"64\", \"min_width\": \"1\", \"num_rows\": \"16777216\"}"
  },
  {
    "config": "prefix",
    "group": "main",
    "state": "Device=0 min_width=1 max_width=128 num_rows=16777216",
    "stable": "False",
    "descending": "False",
    "rounds": 3,
    "ratio": 2.1970735297765973,
    "ratio_ci_low": 2.1873463971397022,
    "ratio_ci_high": 2.209739729307406,
    "accepted": false,
    "axes": "{\"max_width\": \"128\", \"min_width\": \"1\", \"num_rows\": \"16777216\"}"
  },
  {
    "config": "prefix",
    "group": "main",
    "state": "Device=0 min_width=1 max_width=256 num_rows=16777216",
    "stable": "False",
    "descending": "False",
    "rounds": 3,
    "ratio": 2.512988222064359,
    "ratio_ci_low": 2.5065359413437096,
    "ratio_ci_high": 2.520351363598383,
    "accepted": false,
    "axes": "{\"max_width\": \"256\", \"min_width\": \"1\", \"num_rows\": \"16777216\"}"
  },
  {
    "config": "prefix",
    "group": "main",
    "state": "Device=0 num_rows=262144 profile=cardinality_64_width_128",
    "stable": "False",
    "descending": "False",
    "rounds": 3,
    "ratio": 5.303625901826047,
    "ratio_ci_low": 5.295202480323242,
    "ratio_ci_high": 5.3149146779550875,
    "accepted": false,
    "axes": "{\"num_rows\": \"262144\", \"profile\": \"cardinality_64_width_128\"}"
  },
  {
    "config": "prefix",
    "group": "main",
    "state": "Device=0 num_rows=2097152 profile=cardinality_64_width_128",
    "stable": "False",
    "descending": "False",
    "rounds": 3,
    "ratio": 2.0861820872213697,
    "ratio_ci_low": 2.0547302002733647,
    "ratio_ci_high": 2.1155115739622268,
    "accepted": false,
    "axes": "{\"num_rows\": \"2097152\", \"profile\": \"cardinality_64_width_128\"}"
  },
  {
    "config": "prefix",
    "group": "main",
    "state": "Device=0 num_rows=262144 profile=shared_prefix_64",
    "stable": "False",
    "descending": "False",
    "rounds": 3,
    "ratio": 4.265004968597798,
    "ratio_ci_low": 4.2448303053684695,
    "ratio_ci_high": 4.280685367047636,
    "accepted": false,
    "axes": "{\"num_rows\": \"262144\", \"profile\": \"shared_prefix_64\"}"
  },
  {
    "config": "prefix",
    "group": "main",
    "state": "Device=0 num_rows=2097152 profile=shared_prefix_64",
    "stable": "False",
    "descending": "False",
    "rounds": 3,
    "ratio": 4.776646706415744,
    "ratio_ci_low": 4.767137956317218,
    "ratio_ci_high": 4.790040340334565,
    "accepted": false,
    "axes": "{\"num_rows\": \"2097152\", \"profile\": \"shared_prefix_64\"}"
  },
  {
    "config": "prefix",
    "group": "main",
    "state": "Device=0 num_rows=262144 profile=variable_128",
    "stable": "False",
    "descending": "False",
    "rounds": 3,
    "ratio": 1.1624888099912458,
    "ratio_ci_low": 1.1150394271706243,
    "ratio_ci_high": 1.2044550768251834,
    "accepted": false,
    "axes": "{\"num_rows\": \"262144\", \"profile\": \"variable_128\"}"
  },
  {
    "config": "prefix",
    "group": "main",
    "state": "Device=0 num_rows=2097152 profile=variable_128",
    "stable": "False",
    "descending": "False",
    "rounds": 3,
    "ratio": 2.1656568867774513,
    "ratio_ci_low": 2.0933790376561765,
    "ratio_ci_high": 2.216900863562478,
    "accepted": false,
    "axes": "{\"num_rows\": \"2097152\", \"profile\": \"variable_128\"}"
  },
  {
    "config": "prefix",
    "group": "main",
    "state": "Device=0 num_rows=262144 profile=fixed_8 null_percent=0",
    "stable": "False",
    "descending": "False",
    "rounds": 3,
    "ratio": 1.2826045025354325,
    "ratio_ci_low": 1.199240553066112,
    "ratio_ci_high": 1.3406618678685651,
    "accepted": false,
    "axes": "{\"null_percent\": \"0\", \"num_rows\": \"262144\", \"profile\": \"fixed_8\"}"
  },
  {
    "config": "prefix",
    "group": "main",
    "state": "Device=0 num_rows=2097152 profile=fixed_8 null_percent=0",
    "stable": "False",
    "descending": "False",
    "rounds": 3,
    "ratio": 2.492245095169457,
    "ratio_ci_low": 2.4255863203508246,
    "ratio_ci_high": 2.542798341120835,
    "accepted": false,
    "axes": "{\"null_percent\": \"0\", \"num_rows\": \"2097152\", \"profile\": \"fixed_8\"}"
  },
  {
    "config": "prefix",
    "group": "main",
    "state": "Device=0 num_rows=262144 profile=variable_128 null_percent=0",
    "stable": "False",
    "descending": "False",
    "rounds": 3,
    "ratio": 1.1813281832817766,
    "ratio_ci_low": 1.111368929295297,
    "ratio_ci_high": 1.234996032587726,
    "accepted": false,
    "axes": "{\"null_percent\": \"0\", \"num_rows\": \"262144\", \"profile\": \"variable_128\"}"
  },
  {
    "config": "prefix",
    "group": "main",
    "state": "Device=0 num_rows=2097152 profile=variable_128 null_percent=0",
    "stable": "False",
    "descending": "False",
    "rounds": 3,
    "ratio": 2.1362117859638348,
    "ratio_ci_low": 2.09737908914466,
    "ratio_ci_high": 2.1696413071911396,
    "accepted": false,
    "axes": "{\"null_percent\": \"0\", \"num_rows\": \"2097152\", \"profile\": \"variable_128\"}"
  },
  {
    "config": "prefix",
    "group": "main",
    "state": "Device=0 num_rows=262144 profile=fixed_8 null_percent=50",
    "stable": "False",
    "descending": "False",
    "rounds": 3,
    "ratio": 1.6402330479184166,
    "ratio_ci_low": 1.5089369133528616,
    "ratio_ci_high": 1.7601586160572966,
    "accepted": false,
    "axes": "{\"null_percent\": \"50\", \"num_rows\": \"262144\", \"profile\": \"fixed_8\"}"
  },
  {
    "config": "prefix",
    "group": "main",
    "state": "Device=0 num_rows=2097152 profile=fixed_8 null_percent=50",
    "stable": "False",
    "descending": "False",
    "rounds": 3,
    "ratio": 1.5976406456592684,
    "ratio_ci_low": 1.5588362154912299,
    "ratio_ci_high": 1.6272297491827548,
    "accepted": false,
    "axes": "{\"null_percent\": \"50\", \"num_rows\": \"2097152\", \"profile\": \"fixed_8\"}"
  },
  {
    "config": "prefix",
    "group": "main",
    "state": "Device=0 num_rows=262144 profile=variable_128 null_percent=50",
    "stable": "False",
    "descending": "False",
    "rounds": 3,
    "ratio": 1.4126956016979848,
    "ratio_ci_low": 1.3509528019149417,
    "ratio_ci_high": 1.4642387308071778,
    "accepted": false,
    "axes": "{\"null_percent\": \"50\", \"num_rows\": \"262144\", \"profile\": \"variable_128\"}"
  },
  {
    "config": "prefix",
    "group": "main",
    "state": "Device=0 num_rows=2097152 profile=variable_128 null_percent=50",
    "stable": "False",
    "descending": "False",
    "rounds": 3,
    "ratio": 1.5714515799949202,
    "ratio_ci_low": 1.5392359273753982,
    "ratio_ci_high": 1.5943609525217028,
    "accepted": false,
    "axes": "{\"null_percent\": \"50\", \"num_rows\": \"2097152\", \"profile\": \"variable_128\"}"
  },
  {
    "config": "prefix",
    "group": "target",
    "state": "Device=0 num_rows=262144 max_width=128 cardinality=1",
    "stable": "False",
    "descending": "False",
    "rounds": 3,
    "ratio": 4.047790335259325,
    "ratio_ci_low": 3.9941241199498894,
    "ratio_ci_high": 4.079120135024496,
    "accepted": false,
    "axes": "{\"cardinality\": \"1\", \"max_width\": \"128\", \"num_rows\": \"262144\"}"
  },
  {
    "config": "prefix",
    "group": "target",
    "state": "Device=0 num_rows=2097152 max_width=128 cardinality=1",
    "stable": "False",
    "descending": "False",
    "rounds": 3,
    "ratio": 4.988975672177512,
    "ratio_ci_low": 4.972982651035904,
    "ratio_ci_high": 5.008380774888142,
    "accepted": false,
    "axes": "{\"cardinality\": \"1\", \"max_width\": \"128\", \"num_rows\": \"2097152\"}"
  },
  {
    "config": "prefix",
    "group": "target",
    "state": "Device=0 num_rows=262144 max_width=32 cardinality=64",
    "stable": "False",
    "descending": "False",
    "rounds": 3,
    "ratio": 2.7423818744230437,
    "ratio_ci_low": 2.6766283510264492,
    "ratio_ci_high": 2.8164152662022737,
    "accepted": false,
    "axes": "{\"cardinality\": \"64\", \"max_width\": \"32\", \"num_rows\": \"262144\"}"
  },
  {
    "config": "prefix",
    "group": "target",
    "state": "Device=0 num_rows=2097152 max_width=32 cardinality=64",
    "stable": "False",
    "descending": "False",
    "rounds": 3,
    "ratio": 1.543469569325241,
    "ratio_ci_low": 1.5259620154220201,
    "ratio_ci_high": 1.5586197143157252,
    "accepted": false,
    "axes": "{\"cardinality\": \"64\", \"max_width\": \"32\", \"num_rows\": \"2097152\"}"
  },
  {
    "config": "prefix",
    "group": "target",
    "state": "Device=0 num_rows=262144 max_width=128 cardinality=64",
    "stable": "False",
    "descending": "False",
    "rounds": 3,
    "ratio": 5.354978425253845,
    "ratio_ci_low": 5.324467444414772,
    "ratio_ci_high": 5.380973571717953,
    "accepted": false,
    "axes": "{\"cardinality\": \"64\", \"max_width\": \"128\", \"num_rows\": \"262144\"}"
  },
  {
    "config": "prefix",
    "group": "target",
    "state": "Device=0 num_rows=2097152 max_width=128 cardinality=64",
    "stable": "False",
    "descending": "False",
    "rounds": 3,
    "ratio": 2.093315987165094,
    "ratio_ci_low": 2.0720512288905653,
    "ratio_ci_high": 2.12117266431516,
    "accepted": false,
    "axes": "{\"cardinality\": \"64\", \"max_width\": \"128\", \"num_rows\": \"2097152\"}"
  },
  {
    "config": "prefix",
    "group": "target",
    "state": "Device=0 num_rows=262144 max_width=32 cardinality=0",
    "stable": "False",
    "descending": "False",
    "rounds": 3,
    "ratio": 1.0626813438362757,
    "ratio_ci_low": 1.0423488925625923,
    "ratio_ci_high": 1.0918549895981338,
    "accepted": false,
    "axes": "{\"cardinality\": \"0\", \"max_width\": \"32\", \"num_rows\": \"262144\"}"
  },
  {
    "config": "prefix",
    "group": "target",
    "state": "Device=0 num_rows=2097152 max_width=32 cardinality=0",
    "stable": "False",
    "descending": "False",
    "rounds": 3,
    "ratio": 2.0870876388178727,
    "ratio_ci_low": 2.047496630236701,
    "ratio_ci_high": 2.1181862140985324,
    "accepted": false,
    "axes": "{\"cardinality\": \"0\", \"max_width\": \"32\", \"num_rows\": \"2097152\"}"
  },
  {
    "config": "prefix",
    "group": "target",
    "state": "Device=0 num_rows=262144 max_width=128 cardinality=0",
    "stable": "False",
    "descending": "False",
    "rounds": 3,
    "ratio": 1.1695291067080582,
    "ratio_ci_low": 1.123318686011109,
    "ratio_ci_high": 1.21218634112011,
    "accepted": false,
    "axes": "{\"cardinality\": \"0\", \"max_width\": \"128\", \"num_rows\": \"262144\"}"
  },
  {
    "config": "prefix",
    "group": "target",
    "state": "Device=0 num_rows=2097152 max_width=128 cardinality=0",
    "stable": "False",
    "descending": "False",
    "rounds": 3,
    "ratio": 2.145206180895373,
    "ratio_ci_low": 2.096863937151967,
    "ratio_ci_high": 2.1824415791347027,
    "accepted": false,
    "axes": "{\"cardinality\": \"0\", \"max_width\": \"128\", \"num_rows\": \"2097152\"}"
  },
  {
    "config": "prefix",
    "group": "target",
    "state": "Device=0 num_rows=262144 prefix_width=4 suffix_width=32 prefix_cardinality=1",
    "stable": "False",
    "descending": "False",
    "rounds": 3,
    "ratio": 1.2312344709240264,
    "ratio_ci_low": 1.1730148290720799,
    "ratio_ci_high": 1.2846731391142836,
    "accepted": false,
    "axes": "{\"num_rows\": \"262144\", \"prefix_cardinality\": \"1\", \"prefix_width\": \"4\", \"suffix_width\": \"32\"}"
  },
  {
    "config": "prefix",
    "group": "target",
    "state": "Device=0 num_rows=2097152 prefix_width=4 suffix_width=32 prefix_cardinality=1",
    "stable": "False",
    "descending": "False",
    "rounds": 3,
    "ratio": 2.3266711392063923,
    "ratio_ci_low": 2.270574271580101,
    "ratio_ci_high": 2.367959937797027,
    "accepted": false,
    "axes": "{\"num_rows\": \"2097152\", \"prefix_cardinality\": \"1\", \"prefix_width\": \"4\", \"suffix_width\": \"32\"}"
  },
  {
    "config": "prefix",
    "group": "target",
    "state": "Device=0 num_rows=262144 prefix_width=8 suffix_width=32 prefix_cardinality=1",
    "stable": "False",
    "descending": "False",
    "rounds": 3,
    "ratio": 1.293721871237167,
    "ratio_ci_low": 1.2793801139782675,
    "ratio_ci_high": 1.307918334346232,
    "accepted": false,
    "axes": "{\"num_rows\": \"262144\", \"prefix_cardinality\": \"1\", \"prefix_width\": \"8\", \"suffix_width\": \"32\"}"
  },
  {
    "config": "prefix",
    "group": "target",
    "state": "Device=0 num_rows=2097152 prefix_width=8 suffix_width=32 prefix_cardinality=1",
    "stable": "False",
    "descending": "False",
    "rounds": 3,
    "ratio": 1.5205865156051428,
    "ratio_ci_low": 1.514255162642369,
    "ratio_ci_high": 1.528828399282317,
    "accepted": false,
    "axes": "{\"num_rows\": \"2097152\", \"prefix_cardinality\": \"1\", \"prefix_width\": \"8\", \"suffix_width\": \"32\"}"
  },
  {
    "config": "prefix",
    "group": "target",
    "state": "Device=0 num_rows=262144 prefix_width=10 suffix_width=32 prefix_cardinality=1",
    "stable": "False",
    "descending": "False",
    "rounds": 3,
    "ratio": 1.5562129449760282,
    "ratio_ci_low": 1.546239868606588,
    "ratio_ci_high": 1.5646047325566148,
    "accepted": false,
    "axes": "{\"num_rows\": \"262144\", \"prefix_cardinality\": \"1\", \"prefix_width\": \"10\", \"suffix_width\": \"32\"}"
  },
  {
    "config": "prefix",
    "group": "target",
    "state": "Device=0 num_rows=2097152 prefix_width=10 suffix_width=32 prefix_cardinality=1",
    "stable": "False",
    "descending": "False",
    "rounds": 3,
    "ratio": 1.7820499902571965,
    "ratio_ci_low": 1.7681648943844248,
    "ratio_ci_high": 1.7943771219197018,
    "accepted": false,
    "axes": "{\"num_rows\": \"2097152\", \"prefix_cardinality\": \"1\", \"prefix_width\": \"10\", \"suffix_width\": \"32\"}"
  },
  {
    "config": "prefix",
    "group": "target",
    "state": "Device=0 num_rows=262144 prefix_width=11 suffix_width=32 prefix_cardinality=1",
    "stable": "False",
    "descending": "False",
    "rounds": 3,
    "ratio": 1.701435626968993,
    "ratio_ci_low": 1.680844843996729,
    "ratio_ci_high": 1.717606213523688,
    "accepted": false,
    "axes": "{\"num_rows\": \"262144\", \"prefix_cardinality\": \"1\", \"prefix_width\": \"11\", \"suffix_width\": \"32\"}"
  },
  {
    "config": "prefix",
    "group": "target",
    "state": "Device=0 num_rows=2097152 prefix_width=11 suffix_width=32 prefix_cardinality=1",
    "stable": "False",
    "descending": "False",
    "rounds": 3,
    "ratio": 1.9169026462785297,
    "ratio_ci_low": 1.9063602601242493,
    "ratio_ci_high": 1.930026344791475,
    "accepted": false,
    "axes": "{\"num_rows\": \"2097152\", \"prefix_cardinality\": \"1\", \"prefix_width\": \"11\", \"suffix_width\": \"32\"}"
  },
  {
    "config": "prefix",
    "group": "target",
    "state": "Device=0 num_rows=262144 prefix_width=12 suffix_width=32 prefix_cardinality=1",
    "stable": "False",
    "descending": "False",
    "rounds": 3,
    "ratio": 1.8316328117407301,
    "ratio_ci_low": 1.8071015612321777,
    "ratio_ci_high": 1.8612616250051925,
    "accepted": false,
    "axes": "{\"num_rows\": \"262144\", \"prefix_cardinality\": \"1\", \"prefix_width\": \"12\", \"suffix_width\": \"32\"}"
  },
  {
    "config": "prefix",
    "group": "target",
    "state": "Device=0 num_rows=2097152 prefix_width=12 suffix_width=32 prefix_cardinality=1",
    "stable": "False",
    "descending": "False",
    "rounds": 3,
    "ratio": 2.07583076601828,
    "ratio_ci_low": 2.0716206918593763,
    "ratio_ci_high": 2.0803821132533917,
    "accepted": false,
    "axes": "{\"num_rows\": \"2097152\", \"prefix_cardinality\": \"1\", \"prefix_width\": \"12\", \"suffix_width\": \"32\"}"
  },
  {
    "config": "prefix",
    "group": "target",
    "state": "Device=0 num_rows=262144 prefix_width=64 suffix_width=32 prefix_cardinality=1",
    "stable": "False",
    "descending": "False",
    "rounds": 3,
    "ratio": 4.27149431953773,
    "ratio_ci_low": 4.25596722347468,
    "ratio_ci_high": 4.27928579395083,
    "accepted": false,
    "axes": "{\"num_rows\": \"262144\", \"prefix_cardinality\": \"1\", \"prefix_width\": \"64\", \"suffix_width\": \"32\"}"
  },
  {
    "config": "prefix",
    "group": "target",
    "state": "Device=0 num_rows=2097152 prefix_width=64 suffix_width=32 prefix_cardinality=1",
    "stable": "False",
    "descending": "False",
    "rounds": 3,
    "ratio": 4.783672625830865,
    "ratio_ci_low": 4.782046024362406,
    "ratio_ci_high": 4.7858540805473675,
    "accepted": false,
    "axes": "{\"num_rows\": \"2097152\", \"prefix_cardinality\": \"1\", \"prefix_width\": \"64\", \"suffix_width\": \"32\"}"
  },
  {
    "config": "prefix",
    "group": "target",
    "state": "Device=0 num_rows=262144 prefix_width=4 suffix_width=32 prefix_cardinality=64",
    "stable": "False",
    "descending": "False",
    "rounds": 3,
    "ratio": 1.28371917325707,
    "ratio_ci_low": 1.2191921254467897,
    "ratio_ci_high": 1.3325759694228105,
    "accepted": false,
    "axes": "{\"num_rows\": \"262144\", \"prefix_cardinality\": \"64\", \"prefix_width\": \"4\", \"suffix_width\": \"32\"}"
  },
  {
    "config": "prefix",
    "group": "target",
    "state": "Device=0 num_rows=2097152 prefix_width=4 suffix_width=32 prefix_cardinality=64",
    "stable": "False",
    "descending": "False",
    "rounds": 3,
    "ratio": 2.523872365611442,
    "ratio_ci_low": 2.4762649999034814,
    "ratio_ci_high": 2.566483347025415,
    "accepted": false,
    "axes": "{\"num_rows\": \"2097152\", \"prefix_cardinality\": \"64\", \"prefix_width\": \"4\", \"suffix_width\": \"32\"}"
  },
  {
    "config": "prefix",
    "group": "target",
    "state": "Device=0 num_rows=262144 prefix_width=8 suffix_width=32 prefix_cardinality=64",
    "stable": "False",
    "descending": "False",
    "rounds": 3,
    "ratio": 1.261501850016067,
    "ratio_ci_low": 1.2364288970417476,
    "ratio_ci_high": 1.28125517395807,
    "accepted": false,
    "axes": "{\"num_rows\": \"262144\", \"prefix_cardinality\": \"64\", \"prefix_width\": \"8\", \"suffix_width\": \"32\"}"
  },
  {
    "config": "prefix",
    "group": "target",
    "state": "Device=0 num_rows=2097152 prefix_width=8 suffix_width=32 prefix_cardinality=64",
    "stable": "False",
    "descending": "False",
    "rounds": 3,
    "ratio": 1.0828493832192028,
    "ratio_ci_low": 1.0794877643311924,
    "ratio_ci_high": 1.086329503360055,
    "accepted": false,
    "axes": "{\"num_rows\": \"2097152\", \"prefix_cardinality\": \"64\", \"prefix_width\": \"8\", \"suffix_width\": \"32\"}"
  },
  {
    "config": "prefix",
    "group": "target",
    "state": "Device=0 num_rows=262144 prefix_width=10 suffix_width=32 prefix_cardinality=64",
    "stable": "False",
    "descending": "False",
    "rounds": 3,
    "ratio": 1.4635242956675465,
    "ratio_ci_low": 1.4209029770651693,
    "ratio_ci_high": 1.499095954807066,
    "accepted": false,
    "axes": "{\"num_rows\": \"262144\", \"prefix_cardinality\": \"64\", \"prefix_width\": \"10\", \"suffix_width\": \"32\"}"
  },
  {
    "config": "prefix",
    "group": "target",
    "state": "Device=0 num_rows=2097152 prefix_width=10 suffix_width=32 prefix_cardinality=64",
    "stable": "False",
    "descending": "False",
    "rounds": 3,
    "ratio": 1.208073322773259,
    "ratio_ci_low": 1.2036088548304924,
    "ratio_ci_high": 1.2134920360705452,
    "accepted": false,
    "axes": "{\"num_rows\": \"2097152\", \"prefix_cardinality\": \"64\", \"prefix_width\": \"10\", \"suffix_width\": \"32\"}"
  },
  {
    "config": "prefix",
    "group": "target",
    "state": "Device=0 num_rows=262144 prefix_width=11 suffix_width=32 prefix_cardinality=64",
    "stable": "False",
    "descending": "False",
    "rounds": 3,
    "ratio": 1.557972755793635,
    "ratio_ci_low": 1.512620079987223,
    "ratio_ci_high": 1.599147457445404,
    "accepted": false,
    "axes": "{\"num_rows\": \"262144\", \"prefix_cardinality\": \"64\", \"prefix_width\": \"11\", \"suffix_width\": \"32\"}"
  },
  {
    "config": "prefix",
    "group": "target",
    "state": "Device=0 num_rows=2097152 prefix_width=11 suffix_width=32 prefix_cardinality=64",
    "stable": "False",
    "descending": "False",
    "rounds": 3,
    "ratio": 1.3065227605364178,
    "ratio_ci_low": 1.3028481298258592,
    "ratio_ci_high": 1.3106103235231543,
    "accepted": false,
    "axes": "{\"num_rows\": \"2097152\", \"prefix_cardinality\": \"64\", \"prefix_width\": \"11\", \"suffix_width\": \"32\"}"
  },
  {
    "config": "prefix",
    "group": "target",
    "state": "Device=0 num_rows=262144 prefix_width=12 suffix_width=32 prefix_cardinality=64",
    "stable": "False",
    "descending": "False",
    "rounds": 3,
    "ratio": 1.6654920799376376,
    "ratio_ci_low": 1.6343896168340912,
    "ratio_ci_high": 1.692377334401446,
    "accepted": false,
    "axes": "{\"num_rows\": \"262144\", \"prefix_cardinality\": \"64\", \"prefix_width\": \"12\", \"suffix_width\": \"32\"}"
  },
  {
    "config": "prefix",
    "group": "target",
    "state": "Device=0 num_rows=2097152 prefix_width=12 suffix_width=32 prefix_cardinality=64",
    "stable": "False",
    "descending": "False",
    "rounds": 3,
    "ratio": 1.410624128418972,
    "ratio_ci_low": 1.4072590281686177,
    "ratio_ci_high": 1.413478912258927,
    "accepted": false,
    "axes": "{\"num_rows\": \"2097152\", \"prefix_cardinality\": \"64\", \"prefix_width\": \"12\", \"suffix_width\": \"32\"}"
  },
  {
    "config": "prefix",
    "group": "target",
    "state": "Device=0 num_rows=262144 prefix_width=64 suffix_width=32 prefix_cardinality=64",
    "stable": "False",
    "descending": "False",
    "rounds": 3,
    "ratio": 4.16317125529861,
    "ratio_ci_low": 4.139276100352134,
    "ratio_ci_high": 4.182390454946225,
    "accepted": false,
    "axes": "{\"num_rows\": \"262144\", \"prefix_cardinality\": \"64\", \"prefix_width\": \"64\", \"suffix_width\": \"32\"}"
  },
  {
    "config": "prefix",
    "group": "target",
    "state": "Device=0 num_rows=2097152 prefix_width=64 suffix_width=32 prefix_cardinality=64",
    "stable": "False",
    "descending": "False",
    "rounds": 3,
    "ratio": 3.1782460109744273,
    "ratio_ci_low": 3.1715011629421346,
    "ratio_ci_high": 3.184689500098096,
    "accepted": false,
    "axes": "{\"num_rows\": \"2097152\", \"prefix_cardinality\": \"64\", \"prefix_width\": \"64\", \"suffix_width\": \"32\"}"
  },
  {
    "config": "prefix",
    "group": "constant",
    "state": "Device=0 num_rows=262144 prefix_width=32 suffix_width=0 prefix_cardinality=1",
    "stable": "False",
    "descending": "False",
    "rounds": 3,
    "ratio": 2.437712749422868,
    "ratio_ci_low": 2.3893494014423395,
    "ratio_ci_high": 2.4956628668596474,
    "accepted": false,
    "axes": "{\"num_rows\": \"262144\", \"prefix_cardinality\": \"1\", \"prefix_width\": \"32\", \"suffix_width\": \"0\"}"
  },
  {
    "config": "prefix",
    "group": "constant",
    "state": "Device=0 num_rows=2097152 prefix_width=32 suffix_width=0 prefix_cardinality=1",
    "stable": "False",
    "descending": "False",
    "rounds": 3,
    "ratio": 2.354061180586416,
    "ratio_ci_low": 2.3482506857661667,
    "ratio_ci_high": 2.3638582615067176,
    "accepted": false,
    "axes": "{\"num_rows\": \"2097152\", \"prefix_cardinality\": \"1\", \"prefix_width\": \"32\", \"suffix_width\": \"0\"}"
  }
]
