config,group,state,stable,descending,rounds,ratio,ratio_ci_low,ratio_ci_high,accepted,axes
pr2-p32-c4096,pr-workload,Device=0 min_width=0 max_width=32 num_rows=32768 workload=normal,False,False,3,1.7032950184822433,1.6801252145431669,1.7358649470551009,False,"{""max_width"": ""32"", ""min_width"": ""0"", ""num_rows"": ""32768"", ""workload"": ""normal""}"
pr2-p32-c4096,pr-workload,Device=0 min_width=0 max_width=64 num_rows=32768 workload=normal,False,False,3,1.7728671510652654,1.7472142288986225,1.7931235198044715,False,"{""max_width"": ""64"", ""min_width"": ""0"", ""num_rows"": ""32768"", ""workload"": ""normal""}"
pr2-p32-c4096,pr-workload,Device=0 min_width=0 max_width=128 num_rows=32768 workload=normal,False,False,3,1.7453254747158418,1.7326806549347529,1.7501370710711952,False,"{""max_width"": ""128"", ""min_width"": ""0"", ""num_rows"": ""32768"", ""workload"": ""normal""}"
pr2-p32-c4096,pr-workload,Device=0 min_width=0 max_width=256 num_rows=32768 workload=normal,False,False,3,1.5769009241151821,1.5508688452217056,1.5993600020356762,False,"{""max_width"": ""256"", ""min_width"": ""0"", ""num_rows"": ""32768"", ""workload"": ""normal""}"
pr2-p32-c4096,pr-workload,Device=0 min_width=0 max_width=32 num_rows=262144 workload=normal,False,False,3,1.001224215882962,0.9969230277235486,1.0050222913913855,True,"{""max_width"": ""32"", ""min_width"": ""0"", ""num_rows"": ""262144"", ""workload"": ""normal""}"
pr2-p32-c4096,pr-workload,Device=0 min_width=0 max_width=64 num_rows=262144 workload=normal,False,False,3,0.9168556887395042,0.8852254804328696,0.9657461359099714,True,"{""max_width"": ""64"", ""min_width"": ""0"", ""num_rows"": ""262144"", ""workload"": ""normal""}"
pr2-p32-c4096,pr-workload,Device=0 min_width=0 max_width=128 num_rows=262144 workload=normal,False,False,3,0.7341517833830938,0.7279344271008189,0.7409526004924906,True,"{""max_width"": ""128"", ""min_width"": ""0"", ""num_rows"": ""262144"", ""workload"": ""normal""}"
pr2-p32-c4096,pr-workload,Device=0 min_width=0 max_width=256 num_rows=262144 workload=normal,False,False,3,0.6583572244173497,0.6523202156895068,0.6639593893945068,True,"{""max_width"": ""256"", ""min_width"": ""0"", ""num_rows"": ""262144"", ""workload"": ""normal""}"
pr2-p32-c4096,pr-workload,Device=0 min_width=0 max_width=32 num_rows=2097152 workload=normal,False,False,3,0.6577373784385545,0.65368178375391,0.6607525399052753,True,"{""max_width"": ""32"", ""min_width"": ""0"", ""num_rows"": ""2097152"", ""workload"": ""normal""}"
pr2-p32-c4096,pr-workload,Device=0 min_width=0 max_width=64 num_rows=2097152 workload=normal,False,False,3,0.5250764535538491,0.5155918198731263,0.540235931938337,True,"{""max_width"": ""64"", ""min_width"": ""0"", ""num_rows"": ""2097152"", ""workload"": ""normal""}"
pr2-p32-c4096,pr-workload,Device=0 min_width=0 max_width=128 num_rows=2097152 workload=normal,False,False,3,0.4689130456445399,0.46658615204788134,0.4706627246642599,True,"{""max_width"": ""128"", ""min_width"": ""0"", ""num_rows"": ""2097152"", ""workload"": ""normal""}"
pr2-p32-c4096,pr-workload,Device=0 min_width=0 max_width=256 num_rows=2097152 workload=normal,False,False,3,0.4383517037979731,0.4353588036461988,0.4425141521934715,True,"{""max_width"": ""256"", ""min_width"": ""0"", ""num_rows"": ""2097152"", ""workload"": ""normal""}"
pr2-p32-c4096,pr-workload,Device=0 min_width=0 max_width=32 num_rows=32768 workload=duplicates,False,False,3,1.0781823508495723,1.0416842219090459,1.1203661965664864,False,"{""max_width"": ""32"", ""min_width"": ""0"", ""num_rows"": ""32768"", ""workload"": ""duplicates""}"
pr2-p32-c4096,pr-workload,Device=0 min_width=0 max_width=64 num_rows=32768 workload=duplicates,False,False,3,0.8936380939447718,0.8485533125720498,0.9565988527308106,True,"{""max_width"": ""64"", ""min_width"": ""0"", ""num_rows"": ""32768"", ""workload"": ""duplicates""}"
pr2-p32-c4096,pr-workload,Device=0 min_width=0 max_width=128 num_rows=32768 workload=duplicates,False,False,3,0.7132019726317996,0.6895360021359737,0.7275594992666667,True,"{""max_width"": ""128"", ""min_width"": ""0"", ""num_rows"": ""32768"", ""workload"": ""duplicates""}"
pr2-p32-c4096,pr-workload,Device=0 min_width=0 max_width=256 num_rows=32768 workload=duplicates,False,False,3,0.47451184924880335,0.46007612361365596,0.4905113982133807,True,"{""max_width"": ""256"", ""min_width"": ""0"", ""num_rows"": ""32768"", ""workload"": ""duplicates""}"
pr2-p32-c4096,pr-workload,Device=0 min_width=0 max_width=32 num_rows=262144 workload=duplicates,False,False,3,1.7246770105400477,1.6557370106955824,1.8061012597771047,False,"{""max_width"": ""32"", ""min_width"": ""0"", ""num_rows"": ""262144"", ""workload"": ""duplicates""}"
pr2-p32-c4096,pr-workload,Device=0 min_width=0 max_width=64 num_rows=262144 workload=duplicates,False,False,3,2.095397136425899,2.0103549806277283,2.2114110627595998,False,"{""max_width"": ""64"", ""min_width"": ""0"", ""num_rows"": ""262144"", ""workload"": ""duplicates""}"
pr2-p32-c4096,pr-workload,Device=0 min_width=0 max_width=128 num_rows=262144 workload=duplicates,False,False,3,2.753175790053193,2.739711191671096,2.7707113018438716,False,"{""max_width"": ""128"", ""min_width"": ""0"", ""num_rows"": ""262144"", ""workload"": ""duplicates""}"
pr2-p32-c4096,pr-workload,Device=0 min_width=0 max_width=256 num_rows=262144 workload=duplicates,False,False,3,2.6959744839246946,2.6341432567358156,2.7640925719759957,False,"{""max_width"": ""256"", ""min_width"": ""0"", ""num_rows"": ""262144"", ""workload"": ""duplicates""}"
pr2-p32-c4096,pr-workload,Device=0 min_width=0 max_width=32 num_rows=2097152 workload=duplicates,False,False,3,0.7975181270703873,0.7900360303250507,0.8045563597913766,True,"{""max_width"": ""32"", ""min_width"": ""0"", ""num_rows"": ""2097152"", ""workload"": ""duplicates""}"
pr2-p32-c4096,pr-workload,Device=0 min_width=0 max_width=64 num_rows=2097152 workload=duplicates,False,False,3,0.996724780059358,0.9836839311141042,1.0068068045847525,True,"{""max_width"": ""64"", ""min_width"": ""0"", ""num_rows"": ""2097152"", ""workload"": ""duplicates""}"
pr2-p32-c4096,pr-workload,Device=0 min_width=0 max_width=128 num_rows=2097152 workload=duplicates,False,False,3,1.2303662706918208,1.228420543834422,1.2336245103884875,False,"{""max_width"": ""128"", ""min_width"": ""0"", ""num_rows"": ""2097152"", ""workload"": ""duplicates""}"
pr2-p32-c4096,pr-workload,Device=0 min_width=0 max_width=256 num_rows=2097152 workload=duplicates,False,False,3,1.3802006341408395,1.3637917571860612,1.406874385303905,False,"{""max_width"": ""256"", ""min_width"": ""0"", ""num_rows"": ""2097152"", ""workload"": ""duplicates""}"
pr2-p32-c4096,pr-workload,Device=0 min_width=0 max_width=32 num_rows=32768 workload=shared_prefix,False,False,3,2.772207136953289,2.737932132195049,2.8263481979316585,False,"{""max_width"": ""32"", ""min_width"": ""0"", ""num_rows"": ""32768"", ""workload"": ""shared_prefix""}"
pr2-p32-c4096,pr-workload,Device=0 min_width=0 max_width=64 num_rows=32768 workload=shared_prefix,False,False,3,3.1927413848347785,3.1608551524941735,3.2278062606099054,False,"{""max_width"": ""64"", ""min_width"": ""0"", ""num_rows"": ""32768"", ""workload"": ""shared_prefix""}"
pr2-p32-c4096,pr-workload,Device=0 min_width=0 max_width=128 num_rows=32768 workload=shared_prefix,False,False,3,3.3038084508856818,3.2755948039903253,3.3421569852558255,False,"{""max_width"": ""128"", ""min_width"": ""0"", ""num_rows"": ""32768"", ""workload"": ""shared_prefix""}"
pr2-p32-c4096,pr-workload,Device=0 min_width=0 max_width=256 num_rows=32768 workload=shared_prefix,False,False,3,2.562448912242362,2.52485024530136,2.598831584125355,False,"{""max_width"": ""256"", ""min_width"": ""0"", ""num_rows"": ""32768"", ""workload"": ""shared_prefix""}"
pr2-p32-c4096,pr-workload,Device=0 min_width=0 max_width=32 num_rows=262144 workload=shared_prefix,False,False,3,9.384582762588371,9.311501235941668,9.442279331553662,False,"{""max_width"": ""32"", ""min_width"": ""0"", ""num_rows"": ""262144"", ""workload"": ""shared_prefix""}"
pr2-p32-c4096,pr-workload,Device=0 min_width=0 max_width=64 num_rows=262144 workload=shared_prefix,False,False,3,10.200890480471651,10.124938616272848,10.259607416792953,False,"{""max_width"": ""64"", ""min_width"": ""0"", ""num_rows"": ""262144"", ""workload"": ""shared_prefix""}"
pr2-p32-c4096,pr-workload,Device=0 min_width=0 max_width=128 num_rows=262144 workload=shared_prefix,False,False,3,9.226381232575486,9.116209498174516,9.309482138512891,False,"{""max_width"": ""128"", ""min_width"": ""0"", ""num_rows"": ""262144"", ""workload"": ""shared_prefix""}"
pr2-p32-c4096,pr-workload,Device=0 min_width=0 max_width=256 num_rows=262144 workload=shared_prefix,False,False,3,6.304656114715416,6.294027277088466,6.313924493241462,False,"{""max_width"": ""256"", ""min_width"": ""0"", ""num_rows"": ""262144"", ""workload"": ""shared_prefix""}"
pr2-p32-c4096,pr-workload,Device=0 min_width=0 max_width=32 num_rows=2097152 workload=shared_prefix,False,False,3,12.070865174194148,12.050824180082131,12.083865004080543,False,"{""max_width"": ""32"", ""min_width"": ""0"", ""num_rows"": ""2097152"", ""workload"": ""shared_prefix""}"
pr2-p32-c4096,pr-workload,Device=0 min_width=0 max_width=64 num_rows=2097152 workload=shared_prefix,False,False,3,12.942353470089847,12.916823395933905,12.967384250146782,False,"{""max_width"": ""64"", ""min_width"": ""0"", ""num_rows"": ""2097152"", ""workload"": ""shared_prefix""}"
pr2-p32-c4096,pr-workload,Device=0 min_width=0 max_width=128 num_rows=2097152 workload=shared_prefix,False,False,3,11.39111060485011,11.385852891115858,11.398791089218042,False,"{""max_width"": ""128"", ""min_width"": ""0"", ""num_rows"": ""2097152"", ""workload"": ""shared_prefix""}"
pr2-p32-c4096,pr-workload,Device=0 min_width=0 max_width=256 num_rows=2097152 workload=shared_prefix,False,False,3,10.612212955287468,10.60124525132695,10.624515191120054,False,"{""max_width"": ""256"", ""min_width"": ""0"", ""num_rows"": ""2097152"", ""workload"": ""shared_prefix""}"
pr2-p32-c4096,pr-workload,Device=0 min_width=0 max_width=32 num_rows=32768 workload=variable,False,False,3,1.6584931691880964,1.6432774907123935,1.6752387010037713,False,"{""max_width"": ""32"", ""min_width"": ""0"", ""num_rows"": ""32768"", ""workload"": ""variable""}"
pr2-p32-c4096,pr-workload,Device=0 min_width=0 max_width=64 num_rows=32768 workload=variable,False,False,3,1.7206019913618387,1.6760521380482256,1.788065624312286,False,"{""max_width"": ""64"", ""min_width"": ""0"", ""num_rows"": ""32768"", ""workload"": ""variable""}"
pr2-p32-c4096,pr-workload,Device=0 min_width=0 max_width=128 num_rows=32768 workload=variable,False,False,3,1.9929380774094374,1.8906861038268636,2.1150935187052236,False,"{""max_width"": ""128"", ""min_width"": ""0"", ""num_rows"": ""32768"", ""workload"": ""variable""}"
pr2-p32-c4096,pr-workload,Device=0 min_width=0 max_width=256 num_rows=32768 workload=variable,False,False,3,2.163047741977144,2.007403326370732,2.370463601188006,False,"{""max_width"": ""256"", ""min_width"": ""0"", ""num_rows"": ""32768"", ""workload"": ""variable""}"
pr2-p32-c4096,pr-workload,Device=0 min_width=0 max_width=32 num_rows=262144 workload=variable,False,False,3,1.3238481126972663,1.3079398126254869,1.3389173175722127,False,"{""max_width"": ""32"", ""min_width"": ""0"", ""num_rows"": ""262144"", ""workload"": ""variable""}"
pr2-p32-c4096,pr-workload,Device=0 min_width=0 max_width=64 num_rows=262144 workload=variable,False,False,3,1.3643740790033825,1.3426300011902907,1.392853996986948,False,"{""max_width"": ""64"", ""min_width"": ""0"", ""num_rows"": ""262144"", ""workload"": ""variable""}"
pr2-p32-c4096,pr-workload,Device=0 min_width=0 max_width=128 num_rows=262144 workload=variable,False,False,3,1.4089157377075276,1.3487417299592328,1.4889369282511504,False,"{""max_width"": ""128"", ""min_width"": ""0"", ""num_rows"": ""262144"", ""workload"": ""variable""}"
pr2-p32-c4096,pr-workload,Device=0 min_width=0 max_width=256 num_rows=262144 workload=variable,False,False,3,1.7088203122560555,1.6345697204407479,1.7785647085862617,False,"{""max_width"": ""256"", ""min_width"": ""0"", ""num_rows"": ""262144"", ""workload"": ""variable""}"
pr2-p32-c4096,pr-workload,Device=0 min_width=0 max_width=32 num_rows=2097152 workload=variable,False,False,3,1.613083319167191,1.5905230854327255,1.641378886262189,False,"{""max_width"": ""32"", ""min_width"": ""0"", ""num_rows"": ""2097152"", ""workload"": ""variable""}"
pr2-p32-c4096,pr-workload,Device=0 min_width=0 max_width=64 num_rows=2097152 workload=variable,False,False,3,1.5752301808427196,1.558608488951073,1.5988528746872526,False,"{""max_width"": ""64"", ""min_width"": ""0"", ""num_rows"": ""2097152"", ""workload"": ""variable""}"
pr2-p32-c4096,pr-workload,Device=0 min_width=0 max_width=128 num_rows=2097152 workload=variable,False,False,3,1.5114173339871655,1.476679533287041,1.560110889661118,False,"{""max_width"": ""128"", ""min_width"": ""0"", ""num_rows"": ""2097152"", ""workload"": ""variable""}"
pr2-p32-c4096,pr-workload,Device=0 min_width=0 max_width=256 num_rows=2097152 workload=variable,False,False,3,1.4830198216460235,1.4565231908138465,1.508815020278993,False,"{""max_width"": ""256"", ""min_width"": ""0"", ""num_rows"": ""2097152"", ""workload"": ""variable""}"
pr1-p32-c512,pr-workload,Device=0 min_width=0 max_width=32 num_rows=32768 workload=normal,False,False,3,1.8840685932798178,1.779532441546627,2.0338055922475675,False,"{""max_width"": ""32"", ""min_width"": ""0"", ""num_rows"": ""32768"", ""workload"": ""normal""}"
pr1-p32-c512,pr-workload,Device=0 min_width=0 max_width=64 num_rows=32768 workload=normal,False,False,3,2.032067940849577,2.0068839534303375,2.0542016217067456,False,"{""max_width"": ""64"", ""min_width"": ""0"", ""num_rows"": ""32768"", ""workload"": ""normal""}"
pr1-p32-c512,pr-workload,Device=0 min_width=0 max_width=128 num_rows=32768 workload=normal,False,False,3,2.1663261557590365,2.13478826027838,2.181880991469787,False,"{""max_width"": ""128"", ""min_width"": ""0"", ""num_rows"": ""32768"", ""workload"": ""normal""}"
pr1-p32-c512,pr-workload,Device=0 min_width=0 max_width=256 num_rows=32768 workload=normal,False,False,3,2.4033060357447056,2.3774142881873326,2.4140400105179287,False,"{""max_width"": ""256"", ""min_width"": ""0"", ""num_rows"": ""32768"", ""workload"": ""normal""}"
pr1-p32-c512,pr-workload,Device=0 min_width=0 max_width=32 num_rows=262144 workload=normal,False,False,3,1.2167374995660925,1.1910229637237013,1.24359298715003,False,"{""max_width"": ""32"", ""min_width"": ""0"", ""num_rows"": ""262144"", ""workload"": ""normal""}"
pr1-p32-c512,pr-workload,Device=0 min_width=0 max_width=64 num_rows=262144 workload=normal,False,False,3,1.317568998366115,1.3059781606856415,1.3331314646247667,False,"{""max_width"": ""64"", ""min_width"": ""0"", ""num_rows"": ""262144"", ""workload"": ""normal""}"
pr1-p32-c512,pr-workload,Device=0 min_width=0 max_width=128 num_rows=262144 workload=normal,False,False,3,1.401699864216206,1.3773063444090694,1.4182296643099397,False,"{""max_width"": ""128"", ""min_width"": ""0"", ""num_rows"": ""262144"", ""workload"": ""normal""}"
pr1-p32-c512,pr-workload,Device=0 min_width=0 max_width=256 num_rows=262144 workload=normal,False,False,3,1.7273723031989814,1.6998633184017642,1.7557453403645649,False,"{""max_width"": ""256"", ""min_width"": ""0"", ""num_rows"": ""262144"", ""workload"": ""normal""}"
pr1-p32-c512,pr-workload,Device=0 min_width=0 max_width=32 num_rows=2097152 workload=normal,False,False,3,1.3980977472736194,1.3820767708799493,1.410518973773884,False,"{""max_width"": ""32"", ""min_width"": ""0"", ""num_rows"": ""2097152"", ""workload"": ""normal""}"
pr1-p32-c512,pr-workload,Device=0 min_width=0 max_width=64 num_rows=2097152 workload=normal,False,False,3,1.8428665727110285,1.8182422533597562,1.8782072016487998,False,"{""max_width"": ""64"", ""min_width"": ""0"", ""num_rows"": ""2097152"", ""workload"": ""normal""}"
pr1-p32-c512,pr-workload,Device=0 min_width=0 max_width=128 num_rows=2097152 workload=normal,False,False,3,2.073722305730578,2.0614053230150167,2.079934997254068,False,"{""max_width"": ""128"", ""min_width"": ""0"", ""num_rows"": ""2097152"", ""workload"": ""normal""}"
pr1-p32-c512,pr-workload,Device=0 min_width=0 max_width=256 num_rows=2097152 workload=normal,False,False,3,1.8862667627693928,1.8589111584626539,1.9144329519759231,False,"{""max_width"": ""256"", ""min_width"": ""0"", ""num_rows"": ""2097152"", ""workload"": ""normal""}"
pr1-p32-c512,pr-workload,Device=0 min_width=0 max_width=32 num_rows=32768 workload=duplicates,False,False,3,3.150695897261455,3.064116863671317,3.234245287293492,False,"{""max_width"": ""32"", ""min_width"": ""0"", ""num_rows"": ""32768"", ""workload"": ""duplicates""}"
pr1-p32-c512,pr-workload,Device=0 min_width=0 max_width=64 num_rows=32768 workload=duplicates,False,False,3,4.259117364901868,4.151804278868587,4.343671540878067,False,"{""max_width"": ""64"", ""min_width"": ""0"", ""num_rows"": ""32768"", ""workload"": ""duplicates""}"
pr1-p32-c512,pr-workload,Device=0 min_width=0 max_width=128 num_rows=32768 workload=duplicates,False,False,3,5.210428959117099,4.9545621300487905,5.3729781733323865,False,"{""max_width"": ""128"", ""min_width"": ""0"", ""num_rows"": ""32768"", ""workload"": ""duplicates""}"
pr1-p32-c512,pr-workload,Device=0 min_width=0 max_width=256 num_rows=32768 workload=duplicates,False,False,3,5.527451826045503,5.452020380564445,5.609170600347685,False,"{""max_width"": ""256"", ""min_width"": ""0"", ""num_rows"": ""32768"", ""workload"": ""duplicates""}"
pr1-p32-c512,pr-workload,Device=0 min_width=0 max_width=32 num_rows=262144 workload=duplicates,False,False,3,1.6867516156007458,1.6369601144439974,1.7327035383684608,False,"{""max_width"": ""32"", ""min_width"": ""0"", ""num_rows"": ""262144"", ""workload"": ""duplicates""}"
pr1-p32-c512,pr-workload,Device=0 min_width=0 max_width=64 num_rows=262144 workload=duplicates,False,False,3,1.9813736587622,1.8616144468500837,2.095083989742742,False,"{""max_width"": ""64"", ""min_width"": ""0"", ""num_rows"": ""262144"", ""workload"": ""duplicates""}"
pr1-p32-c512,pr-workload,Device=0 min_width=0 max_width=128 num_rows=262144 workload=duplicates,False,False,3,2.443236599084349,2.3587192928978,2.5232980071575875,False,"{""max_width"": ""128"", ""min_width"": ""0"", ""num_rows"": ""262144"", ""workload"": ""duplicates""}"
pr1-p32-c512,pr-workload,Device=0 min_width=0 max_width=256 num_rows=262144 workload=duplicates,False,False,3,2.5092829568621187,2.4162505450245706,2.5959044711025845,False,"{""max_width"": ""256"", ""min_width"": ""0"", ""num_rows"": ""262144"", ""workload"": ""duplicates""}"
pr1-p32-c512,pr-workload,Device=0 min_width=0 max_width=32 num_rows=2097152 workload=duplicates,False,False,3,0.7985099907566512,0.7911523100656533,0.8054861132527034,True,"{""max_width"": ""32"", ""min_width"": ""0"", ""num_rows"": ""2097152"", ""workload"": ""duplicates""}"
pr1-p32-c512,pr-workload,Device=0 min_width=0 max_width=64 num_rows=2097152 workload=duplicates,False,False,3,1.0068818087323248,0.9963670968948287,1.0133866038584558,True,"{""max_width"": ""64"", ""min_width"": ""0"", ""num_rows"": ""2097152"", ""workload"": ""duplicates""}"
pr1-p32-c512,pr-workload,Device=0 min_width=0 max_width=128 num_rows=2097152 workload=duplicates,False,False,3,1.2345751352112562,1.2277038371064577,1.2400451324362147,False,"{""max_width"": ""128"", ""min_width"": ""0"", ""num_rows"": ""2097152"", ""workload"": ""duplicates""}"
pr1-p32-c512,pr-workload,Device=0 min_width=0 max_width=256 num_rows=2097152 workload=duplicates,False,False,3,1.3819572442963757,1.3667562336725843,1.4069296360519445,False,"{""max_width"": ""256"", ""min_width"": ""0"", ""num_rows"": ""2097152"", ""workload"": ""duplicates""}"
pr1-p32-c512,pr-workload,Device=0 min_width=0 max_width=32 num_rows=32768 workload=shared_prefix,False,False,3,2.7880439215400346,2.749319700211992,2.8386901742731117,False,"{""max_width"": ""32"", ""min_width"": ""0"", ""num_rows"": ""32768"", ""workload"": ""shared_prefix""}"
pr1-p32-c512,pr-workload,Device=0 min_width=0 max_width=64 num_rows=32768 workload=shared_prefix,False,False,3,3.203850412119332,3.158920137266825,3.2351214573423723,False,"{""max_width"": ""64"", ""min_width"": ""0"", ""num_rows"": ""32768"", ""workload"": ""shared_prefix""}"
pr1-p32-c512,pr-workload,Device=0 min_width=0 max_width=128 num_rows=32768 workload=shared_prefix,False,False,3,3.331528264097625,3.2706846435577526,3.3650730683134267,False,"{""max_width"": ""128"", ""min_width"": ""0"", ""num_rows"": ""32768"", ""workload"": ""shared_prefix""}"
pr1-p32-c512,pr-workload,Device=0 min_width=0 max_width=256 num_rows=32768 workload=shared_prefix,False,False,3,2.5751564945023913,2.52545475044272,2.609368131295824,False,"{""max_width"": ""256"", ""min_width"": ""0"", ""num_rows"": ""32768"", ""workload"": ""shared_prefix""}"
pr1-p32-c512,pr-workload,Device=0 min_width=0 max_width=32 num_rows=262144 workload=shared_prefix,False,False,3,9.386690932464072,9.317145748966416,9.444510117544443,False,"{""max_width"": ""32"", ""min_width"": ""0"", ""num_rows"": ""262144"", ""workload"": ""shared_prefix""}"
pr1-p32-c512,pr-workload,Device=0 min_width=0 max_width=64 num_rows=262144 workload=shared_prefix,False,False,3,10.220094266136707,10.149315710233536,10.270377938196495,False,"{""max_width"": ""64"", ""min_width"": ""0"", ""num_rows"": ""262144"", ""workload"": ""shared_prefix""}"
pr1-p32-c512,pr-workload,Device=0 min_width=0 max_width=128 num_rows=262144 workload=shared_prefix,False,False,3,9.22566251058672,9.110635885540011,9.314536481254946,False,"{""max_width"": ""128"", ""min_width"": ""0"", ""num_rows"": ""262144"", ""workload"": ""shared_prefix""}"
pr1-p32-c512,pr-workload,Device=0 min_width=0 max_width=256 num_rows=262144 workload=shared_prefix,False,False,3,6.307514127988117,6.303744929042868,6.311177351163167,False,"{""max_width"": ""256"", ""min_width"": ""0"", ""num_rows"": ""262144"", ""workload"": ""shared_prefix""}"
pr1-p32-c512,pr-workload,Device=0 min_width=0 max_width=32 num_rows=2097152 workload=shared_prefix,False,False,3,12.071218389846283,12.050958718383804,12.083895747324881,False,"{""max_width"": ""32"", ""min_width"": ""0"", ""num_rows"": ""2097152"", ""workload"": ""shared_prefix""}"
pr1-p32-c512,pr-workload,Device=0 min_width=0 max_width=64 num_rows=2097152 workload=shared_prefix,False,False,3,12.942197644461523,12.916546546928494,12.96616663330851,False,"{""max_width"": ""64"", ""min_width"": ""0"", ""num_rows"": ""2097152"", ""workload"": ""shared_prefix""}"
pr1-p32-c512,pr-workload,Device=0 min_width=0 max_width=128 num_rows=2097152 workload=shared_prefix,False,False,3,11.391072684309886,11.383844528214317,11.399918483901898,False,"{""max_width"": ""128"", ""min_width"": ""0"", ""num_rows"": ""2097152"", ""workload"": ""shared_prefix""}"
pr1-p32-c512,pr-workload,Device=0 min_width=0 max_width=256 num_rows=2097152 workload=shared_prefix,False,False,3,10.611266272890278,10.603114872302688,10.622551579813658,False,"{""max_width"": ""256"", ""min_width"": ""0"", ""num_rows"": ""2097152"", ""workload"": ""shared_prefix""}"
pr1-p32-c512,pr-workload,Device=0 min_width=0 max_width=32 num_rows=32768 workload=variable,False,False,3,1.6385943110298125,1.591997633055039,1.6773256815709034,False,"{""max_width"": ""32"", ""min_width"": ""0"", ""num_rows"": ""32768"", ""workload"": ""variable""}"
pr1-p32-c512,pr-workload,Device=0 min_width=0 max_width=64 num_rows=32768 workload=variable,False,False,3,1.6996938905575443,1.642558182105168,1.7643501782733355,False,"{""max_width"": ""64"", ""min_width"": ""0"", ""num_rows"": ""32768"", ""workload"": ""variable""}"
pr1-p32-c512,pr-workload,Device=0 min_width=0 max_width=128 num_rows=32768 workload=variable,False,False,3,1.969099504623356,1.8672435294659409,2.082128056014099,False,"{""max_width"": ""128"", ""min_width"": ""0"", ""num_rows"": ""32768"", ""workload"": ""variable""}"
pr1-p32-c512,pr-workload,Device=0 min_width=0 max_width=256 num_rows=32768 workload=variable,False,False,3,2.1288930708787976,1.9967340969438152,2.264186395706916,False,"{""max_width"": ""256"", ""min_width"": ""0"", ""num_rows"": ""32768"", ""workload"": ""variable""}"
pr1-p32-c512,pr-workload,Device=0 min_width=0 max_width=32 num_rows=262144 workload=variable,False,False,3,1.3322535232980752,1.3022487308702473,1.3607144481184426,False,"{""max_width"": ""32"", ""min_width"": ""0"", ""num_rows"": ""262144"", ""workload"": ""variable""}"
pr1-p32-c512,pr-workload,Device=0 min_width=0 max_width=64 num_rows=262144 workload=variable,False,False,3,1.3888114589582166,1.362308453626353,1.4068030029160716,False,"{""max_width"": ""64"", ""min_width"": ""0"", ""num_rows"": ""262144"", ""workload"": ""variable""}"
pr1-p32-c512,pr-workload,Device=0 min_width=0 max_width=128 num_rows=262144 workload=variable,False,False,3,1.4269016055478518,1.3564029334362517,1.5217763150623478,False,"{""max_width"": ""128"", ""min_width"": ""0"", ""num_rows"": ""262144"", ""workload"": ""variable""}"
pr1-p32-c512,pr-workload,Device=0 min_width=0 max_width=256 num_rows=262144 workload=variable,False,False,3,1.6766661235342541,1.5553011237958174,1.7819620954989421,False,"{""max_width"": ""256"", ""min_width"": ""0"", ""num_rows"": ""262144"", ""workload"": ""variable""}"
pr1-p32-c512,pr-workload,Device=0 min_width=0 max_width=32 num_rows=2097152 workload=variable,False,False,3,1.611257784362291,1.569783989808136,1.6451036932758776,False,"{""max_width"": ""32"", ""min_width"": ""0"", ""num_rows"": ""2097152"", ""workload"": ""variable""}"
pr1-p32-c512,pr-workload,Device=0 min_width=0 max_width=64 num_rows=2097152 workload=variable,False,False,3,1.5636620115240039,1.5371095461787745,1.5813347957393307,False,"{""max_width"": ""64"", ""min_width"": ""0"", ""num_rows"": ""2097152"", ""workload"": ""variable""}"
pr1-p32-c512,pr-workload,Device=0 min_width=0 max_width=128 num_rows=2097152 workload=variable,False,False,3,1.4944881237074643,1.4590120006824912,1.525462588497053,False,"{""max_width"": ""128"", ""min_width"": ""0"", ""num_rows"": ""2097152"", ""workload"": ""variable""}"
pr1-p32-c512,pr-workload,Device=0 min_width=0 max_width=256 num_rows=2097152 workload=variable,False,False,3,1.4344552384116542,1.3981501227473232,1.4823728160121945,False,"{""max_width"": ""256"", ""min_width"": ""0"", ""num_rows"": ""2097152"", ""workload"": ""variable""}"
pr2-p32-c4096,pr-zero-collisions,Device=0 num_rows=32768 profile=zero_collision_pass1,False,False,3,3.2669125523894227,3.1114697590610505,3.5440969645452136,False,"{""num_rows"": ""32768"", ""profile"": ""zero_collision_pass1""}"
pr2-p32-c4096,pr-zero-collisions,Device=0 num_rows=32768 profile=zero_collision_pass2,False,False,3,3.2935119156556723,3.2364363207734,3.39522790735018,False,"{""num_rows"": ""32768"", ""profile"": ""zero_collision_pass2""}"
pr1-p32-c512,pr-zero-collisions,Device=0 num_rows=32768 profile=zero_collision_pass1,False,False,3,2.7376666027848398,2.580158568087763,2.9821376441735965,False,"{""num_rows"": ""32768"", ""profile"": ""zero_collision_pass1""}"
pr1-p32-c512,pr-zero-collisions,Device=0 num_rows=32768 profile=zero_collision_pass2,False,False,3,2.9071390847499234,2.865004923943677,2.9774284418966444,False,"{""num_rows"": ""32768"", ""profile"": ""zero_collision_pass2""}"
optimized,pr-diagnostics,Device=0 num_rows=262144 profile=finish_257,False,False,3,0.9827313827038038,0.9736627443174114,0.9968037944067365,True,"{""num_rows"": ""262144"", ""profile"": ""finish_257""}"
optimized,pr-diagnostics,Device=0 num_rows=2097152 profile=finish_257,False,False,3,0.9955797566632324,0.9750012932544008,1.0122911251108775,True,"{""num_rows"": ""2097152"", ""profile"": ""finish_257""}"
optimized,pr-diagnostics,Device=0 num_rows=262144 profile=finish_1024,False,False,3,0.9816986937997643,0.9227411187974425,1.031368674970633,True,"{""num_rows"": ""262144"", ""profile"": ""finish_1024""}"
optimized,pr-diagnostics,Device=0 num_rows=2097152 profile=finish_1024,False,False,3,0.9869091763455324,0.9754928884661784,1.0064182456928048,True,"{""num_rows"": ""2097152"", ""profile"": ""finish_1024""}"
optimized,pr-diagnostics,Device=0 num_rows=262144 profile=finish_4096,False,False,3,0.9868056886002848,0.951682905972231,1.0224503810475234,True,"{""num_rows"": ""262144"", ""profile"": ""finish_4096""}"
optimized,pr-diagnostics,Device=0 num_rows=2097152 profile=finish_4096,False,False,3,0.9879226099081455,0.9501813533984989,1.0220378082858954,True,"{""num_rows"": ""2097152"", ""profile"": ""finish_4096""}"
optimized,pr-diagnostics,Device=0 num_rows=262144 profile=active_50,False,False,3,0.9852653132370495,0.9629615615657116,1.0153400274265352,True,"{""num_rows"": ""262144"", ""profile"": ""active_50""}"
optimized,pr-diagnostics,Device=0 num_rows=2097152 profile=active_50,False,False,3,0.9751584001965128,0.9602749536919272,0.9933009098963168,True,"{""num_rows"": ""2097152"", ""profile"": ""active_50""}"
optimized,pr-diagnostics,Device=0 num_rows=262144 profile=active_10,False,False,3,0.979080042826641,0.9490601630988056,1.008531694810224,True,"{""num_rows"": ""262144"", ""profile"": ""active_10""}"
optimized,pr-diagnostics,Device=0 num_rows=2097152 profile=active_10,False,False,3,0.9894909677155267,0.9707071922955021,1.0155452650840453,True,"{""num_rows"": ""2097152"", ""profile"": ""active_10""}"
optimized,pr-diagnostics,Device=0 num_rows=262144 profile=active_1,False,False,3,0.9737860471999783,0.9581497990356571,0.9984233415333305,True,"{""num_rows"": ""262144"", ""profile"": ""active_1""}"
optimized,pr-diagnostics,Device=0 num_rows=2097152 profile=active_1,False,False,3,0.9945886886063161,0.952827531829948,1.0262289818421328,True,"{""num_rows"": ""2097152"", ""profile"": ""active_1""}"
optimized,pr-diagnostics,Device=0 num_rows=262144 profile=active_0_1,False,False,3,0.9793474125116619,0.9719879919404354,0.998634698702335,True,"{""num_rows"": ""262144"", ""profile"": ""active_0_1""}"
optimized,pr-diagnostics,Device=0 num_rows=2097152 profile=active_0_1,False,False,3,0.9886651780189465,0.9695747490488619,1.0093991315373705,True,"{""num_rows"": ""2097152"", ""profile"": ""active_0_1""}"
optimized,pr-diagnostics,Device=0 num_rows=262144 profile=duplicates_6,False,False,3,0.9657299959127543,0.918005556443432,1.0483114123976551,True,"{""num_rows"": ""262144"", ""profile"": ""duplicates_6""}"
optimized,pr-diagnostics,Device=0 num_rows=2097152 profile=duplicates_6,False,False,3,0.9723083733487162,0.9607198440689069,0.9856390070956713,True,"{""num_rows"": ""2097152"", ""profile"": ""duplicates_6""}"
optimized,pr-diagnostics,Device=0 num_rows=262144 profile=duplicates_8,False,False,3,0.9654983672917519,0.9140962798018117,1.0463928590712546,True,"{""num_rows"": ""262144"", ""profile"": ""duplicates_8""}"
optimized,pr-diagnostics,Device=0 num_rows=2097152 profile=duplicates_8,False,False,3,0.9708734993747231,0.9580946858250368,0.9858804327305443,True,"{""num_rows"": ""2097152"", ""profile"": ""duplicates_8""}"
optimized,pr-diagnostics,Device=0 num_rows=262144 profile=duplicates_12,False,False,3,0.9850956874976486,0.955765504312956,1.0215938059332383,True,"{""num_rows"": ""262144"", ""profile"": ""duplicates_12""}"
optimized,pr-diagnostics,Device=0 num_rows=2097152 profile=duplicates_12,False,False,3,0.9981743558518996,0.9933878307899455,1.001034948777263,True,"{""num_rows"": ""2097152"", ""profile"": ""duplicates_12""}"
optimized,pr-diagnostics,Device=0 num_rows=262144 profile=duplicates_16,False,False,3,0.9801665998214573,0.9392348435428354,1.0333993564264095,True,"{""num_rows"": ""262144"", ""profile"": ""duplicates_16""}"
optimized,pr-diagnostics,Device=0 num_rows=2097152 profile=duplicates_16,False,False,3,0.9820676913430011,0.9751486289262196,0.987257478708601,True,"{""num_rows"": ""2097152"", ""profile"": ""duplicates_16""}"
optimized,pr-diagnostics,Device=0 num_rows=262144 profile=duplicates_24,False,False,3,0.9806609736802502,0.9693752974254837,0.9995563079225839,True,"{""num_rows"": ""262144"", ""profile"": ""duplicates_24""}"
optimized,pr-diagnostics,Device=0 num_rows=2097152 profile=duplicates_24,False,False,3,0.9861345896735059,0.9748085322223988,1.0005556868670331,True,"{""num_rows"": ""2097152"", ""profile"": ""duplicates_24""}"
optimized,pr-diagnostics,Device=0 num_rows=262144 profile=duplicates_32,False,False,3,0.9868480064440913,0.9801858102263213,0.9983750036505529,True,"{""num_rows"": ""262144"", ""profile"": ""duplicates_32""}"
optimized,pr-diagnostics,Device=0 num_rows=2097152 profile=duplicates_32,False,False,3,0.9873090473621101,0.9821426484325088,0.9943942302016665,True,"{""num_rows"": ""2097152"", ""profile"": ""duplicates_32""}"
optimized,pr-diagnostics,Device=0 num_rows=262144 profile=rle_misaligned,False,False,3,0.687496653247179,0.6782874570211508,0.7032202048789814,True,"{""num_rows"": ""262144"", ""profile"": ""rle_misaligned""}"
optimized,pr-diagnostics,Device=0 num_rows=2097152 profile=rle_misaligned,False,False,3,0.6089389874571641,0.6052576865403848,0.612905304549392,True,"{""num_rows"": ""2097152"", ""profile"": ""rle_misaligned""}"
pr2-p32-c4096,end-to-end,Device=0 min_width=0 max_width=32 num_rows=262144 workload=normal,False,False,3,0.9973443952545028,0.9893268080690645,1.0111898700910937,True,"{""max_width"": ""32"", ""min_width"": ""0"", ""num_rows"": ""262144"", ""workload"": ""normal""}"
pr2-p32-c4096,end-to-end,Device=0 min_width=0 max_width=256 num_rows=262144 workload=normal,False,False,3,0.6832634135233604,0.6754976538013883,0.6973435780135794,True,"{""max_width"": ""256"", ""min_width"": ""0"", ""num_rows"": ""262144"", ""workload"": ""normal""}"
pr2-p32-c4096,end-to-end,Device=0 min_width=0 max_width=32 num_rows=2097152 workload=normal,False,False,3,0.7286760111199033,0.7233712548058816,0.7306774618663787,True,"{""max_width"": ""32"", ""min_width"": ""0"", ""num_rows"": ""2097152"", ""workload"": ""normal""}"
pr2-p32-c4096,end-to-end,Device=0 min_width=0 max_width=256 num_rows=2097152 workload=normal,False,False,3,0.47844448803353024,0.4757581955280259,0.4813781933031691,True,"{""max_width"": ""256"", ""min_width"": ""0"", ""num_rows"": ""2097152"", ""workload"": ""normal""}"
pr2-p32-c4096,end-to-end,Device=0 min_width=0 max_width=32 num_rows=262144 workload=duplicates,False,False,3,1.5756087010817637,1.5599936440893005,1.5913372349812454,False,"{""max_width"": ""32"", ""min_width"": ""0"", ""num_rows"": ""262144"", ""workload"": ""duplicates""}"
pr2-p32-c4096,end-to-end,Device=0 min_width=0 max_width=256 num_rows=262144 workload=duplicates,False,False,3,2.5565967305860684,2.5189563840328972,2.604702867043506,False,"{""max_width"": ""256"", ""min_width"": ""0"", ""num_rows"": ""262144"", ""workload"": ""duplicates""}"
pr2-p32-c4096,end-to-end,Device=0 min_width=0 max_width=32 num_rows=2097152 workload=duplicates,False,False,3,0.8279535042415231,0.8240366867468465,0.8357685836202526,True,"{""max_width"": ""32"", ""min_width"": ""0"", ""num_rows"": ""2097152"", ""workload"": ""duplicates""}"
pr2-p32-c4096,end-to-end,Device=0 min_width=0 max_width=256 num_rows=2097152 workload=duplicates,False,False,3,1.3801843087349421,1.3690474075774743,1.3917809305932096,False,"{""max_width"": ""256"", ""min_width"": ""0"", ""num_rows"": ""2097152"", ""workload"": ""duplicates""}"
pr2-p32-c4096,end-to-end,Device=0 min_width=0 max_width=32 num_rows=262144 workload=shared_prefix,False,False,3,8.158184347755117,8.010835055137926,8.291886377941298,False,"{""max_width"": ""32"", ""min_width"": ""0"", ""num_rows"": ""262144"", ""workload"": ""shared_prefix""}"
pr2-p32-c4096,end-to-end,Device=0 min_width=0 max_width=256 num_rows=262144 workload=shared_prefix,False,False,3,6.177664976259769,6.151056789533004,6.194779615237208,False,"{""max_width"": ""256"", ""min_width"": ""0"", ""num_rows"": ""262144"", ""workload"": ""shared_prefix""}"
pr2-p32-c4096,end-to-end,Device=0 min_width=0 max_width=32 num_rows=2097152 workload=shared_prefix,False,False,3,11.04913361154296,10.995940981432637,11.093725710409673,False,"{""max_width"": ""32"", ""min_width"": ""0"", ""num_rows"": ""2097152"", ""workload"": ""shared_prefix""}"
pr2-p32-c4096,end-to-end,Device=0 min_width=0 max_width=256 num_rows=2097152 workload=shared_prefix,False,False,3,10.468328957266255,10.459027173465786,10.47655935624478,False,"{""max_width"": ""256"", ""min_width"": ""0"", ""num_rows"": ""2097152"", ""workload"": ""shared_prefix""}"
pr2-p32-c4096,end-to-end,Device=0 min_width=0 max_width=32 num_rows=262144 workload=variable,False,False,3,1.2336255510284762,1.204691471565295,1.2460768507652127,False,"{""max_width"": ""32"", ""min_width"": ""0"", ""num_rows"": ""262144"", ""workload"": ""variable""}"
pr2-p32-c4096,end-to-end,Device=0 min_width=0 max_width=256 num_rows=262144 workload=variable,False,False,3,1.4416135786355138,1.425527811066858,1.4666667091201557,False,"{""max_width"": ""256"", ""min_width"": ""0"", ""num_rows"": ""262144"", ""workload"": ""variable""}"
pr2-p32-c4096,end-to-end,Device=0 min_width=0 max_width=32 num_rows=2097152 workload=variable,False,False,3,1.3519571402898554,1.3360467300533356,1.3631842407205697,False,"{""max_width"": ""32"", ""min_width"": ""0"", ""num_rows"": ""2097152"", ""workload"": ""variable""}"
pr2-p32-c4096,end-to-end,Device=0 min_width=0 max_width=256 num_rows=2097152 workload=variable,False,False,3,1.2229191714651944,1.2136321730719366,1.228379198027616,False,"{""max_width"": ""256"", ""min_width"": ""0"", ""num_rows"": ""2097152"", ""workload"": ""variable""}"
optimized,target,Device=0 num_rows=262144 max_width=32 cardinality=1,False,False,3,0.9997735108917939,0.919781367492926,1.0681929366964986,True,"{""cardinality"": ""1"", ""max_width"": ""32"", ""num_rows"": ""262144""}"
optimized,target,Device=0 num_rows=2097152 max_width=32 cardinality=1,False,False,3,0.9576874039873492,0.9126144352279142,1.0289317862126854,True,"{""cardinality"": ""1"", ""max_width"": ""32"", ""num_rows"": ""2097152""}"
optimized,target,Device=0 num_rows=262144 max_width=128 cardinality=1,False,False,3,0.20176365424387693,0.19962132253945444,0.20274709552610365,True,"{""cardinality"": ""1"", ""max_width"": ""128"", ""num_rows"": ""262144""}"
optimized,target,Device=0 num_rows=2097152 max_width=128 cardinality=1,False,False,3,0.07178198579250802,0.0715178105038792,0.07209706489479807,True,"{""cardinality"": ""1"", ""max_width"": ""128"", ""num_rows"": ""2097152""}"
optimized,target,Device=0 num_rows=262144 max_width=32 cardinality=64,False,False,3,0.9873261766646361,0.9742246821285736,0.9984025574394821,True,"{""cardinality"": ""64"", ""max_width"": ""32"", ""num_rows"": ""262144""}"
optimized,target,Device=0 num_rows=2097152 max_width=32 cardinality=64,False,False,3,0.6424964731233124,0.623815889950205,0.6565740803362943,True,"{""cardinality"": ""64"", ""max_width"": ""32"", ""num_rows"": ""2097152""}"
optimized,target,Device=0 num_rows=262144 max_width=128 cardinality=64,False,False,3,1.0013048700652698,0.9877778074066383,1.0105057633406864,True,"{""cardinality"": ""64"", ""max_width"": ""128"", ""num_rows"": ""262144""}"
optimized,target,Device=0 num_rows=2097152 max_width=128 cardinality=64,False,False,3,0.5769075403437441,0.5730702402129119,0.582648787131718,True,"{""cardinality"": ""64"", ""max_width"": ""128"", ""num_rows"": ""2097152""}"
optimized,target,Device=0 num_rows=262144 max_width=32 cardinality=0,False,False,3,0.9824141192253436,0.9702277843511912,0.9960563905323278,True,"{""cardinality"": ""0"", ""max_width"": ""32"", ""num_rows"": ""262144""}"
optimized,target,Device=0 num_rows=2097152 max_width=32 cardinality=0,False,False,3,0.9519372379317993,0.9412987206581552,0.958880336255446,True,"{""cardinality"": ""0"", ""max_width"": ""32"", ""num_rows"": ""2097152""}"
optimized,target,Device=0 num_rows=262144 max_width=128 cardinality=0,False,False,3,0.977026741431431,0.9570092450486799,1.0031278377321848,True,"{""cardinality"": ""0"", ""max_width"": ""128"", ""num_rows"": ""262144""}"
optimized,target,Device=0 num_rows=2097152 max_width=128 cardinality=0,False,False,3,0.9892782685794796,0.973553658191516,1.0006132991627086,True,"{""cardinality"": ""0"", ""max_width"": ""128"", ""num_rows"": ""2097152""}"
optimized,target,Device=0 num_rows=262144 prefix_width=4 suffix_width=32 prefix_cardinality=1,False,False,3,0.9709132638255832,0.9376841606019594,1.037123830621037,True,"{""num_rows"": ""262144"", ""prefix_cardinality"": ""1"", ""prefix_width"": ""4"", ""suffix_width"": ""32""}"
optimized,target,Device=0 num_rows=2097152 prefix_width=4 suffix_width=32 prefix_cardinality=1,False,False,3,0.9134779522591707,0.8924261455399944,0.9290767693878413,True,"{""num_rows"": ""2097152"", ""prefix_cardinality"": ""1"", ""prefix_width"": ""4"", ""suffix_width"": ""32""}"
optimized,target,Device=0 num_rows=262144 prefix_width=8 suffix_width=32 prefix_cardinality=1,False,False,3,0.9825415197406844,0.9721317784519079,0.993010944670852,True,"{""num_rows"": ""262144"", ""prefix_cardinality"": ""1"", ""prefix_width"": ""8"", ""suffix_width"": ""32""}"
optimized,target,Device=0 num_rows=2097152 prefix_width=8 suffix_width=32 prefix_cardinality=1,False,False,3,0.9787745401612462,0.9762362030535565,0.9831292394839262,True,"{""num_rows"": ""2097152"", ""prefix_cardinality"": ""1"", ""prefix_width"": ""8"", ""suffix_width"": ""32""}"
optimized,target,Device=0 num_rows=262144 prefix_width=10 suffix_width=32 prefix_cardinality=1,False,False,3,0.9869740602411613,0.9811871343514231,0.9908260383867027,True,"{""num_rows"": ""262144"", ""prefix_cardinality"": ""1"", ""prefix_width"": ""10"", ""suffix_width"": ""32""}"
optimized,target,Device=0 num_rows=2097152 prefix_width=10 suffix_width=32 prefix_cardinality=1,False,False,3,0.9848928871003487,0.9816764475029689,0.9864860568038623,True,"{""num_rows"": ""2097152"", ""prefix_cardinality"": ""1"", ""prefix_width"": ""10"", ""suffix_width"": ""32""}"
optimized,target,Device=0 num_rows=262144 prefix_width=11 suffix_width=32 prefix_cardinality=1,False,False,3,0.985295903732428,0.9742764321207504,0.9944799184460845,True,"{""num_rows"": ""262144"", ""prefix_cardinality"": ""1"", ""prefix_width"": ""11"", ""suffix_width"": ""32""}"
optimized,target,Device=0 num_rows=2097152 prefix_width=11 suffix_width=32 prefix_cardinality=1,False,False,3,0.9832645517458583,0.9805418383759456,0.9867426048724012,True,"{""num_rows"": ""2097152"", ""prefix_cardinality"": ""1"", ""prefix_width"": ""11"", ""suffix_width"": ""32""}"
optimized,target,Device=0 num_rows=262144 prefix_width=12 suffix_width=32 prefix_cardinality=1,False,False,3,0.987077298164442,0.9788639151103774,0.9925483406127634,True,"{""num_rows"": ""262144"", ""prefix_cardinality"": ""1"", ""prefix_width"": ""12"", ""suffix_width"": ""32""}"
optimized,target,Device=0 num_rows=2097152 prefix_width=12 suffix_width=32 prefix_cardinality=1,False,False,3,0.9833013300203578,0.9811477959584292,0.986485446598382,True,"{""num_rows"": ""2097152"", ""prefix_cardinality"": ""1"", ""prefix_width"": ""12"", ""suffix_width"": ""32""}"
optimized,target,Device=0 num_rows=262144 prefix_width=64 suffix_width=32 prefix_cardinality=1,False,False,3,0.4397476908809559,0.4389814087769361,0.44054253321606374,True,"{""num_rows"": ""262144"", ""prefix_cardinality"": ""1"", ""prefix_width"": ""64"", ""suffix_width"": ""32""}"
optimized,target,Device=0 num_rows=2097152 prefix_width=64 suffix_width=32 prefix_cardinality=1,False,False,3,0.38661724110248546,0.3857807105512386,0.3873147048358519,True,"{""num_rows"": ""2097152"", ""prefix_cardinality"": ""1"", ""prefix_width"": ""64"", ""suffix_width"": ""32""}"
optimized,target,Device=0 num_rows=262144 prefix_width=4 suffix_width=32 prefix_cardinality=64,False,False,3,0.9850585007621474,0.9359776771521764,1.0211373500634324,True,"{""num_rows"": ""262144"", ""prefix_cardinality"": ""64"", ""prefix_width"": ""4"", ""suffix_width"": ""32""}"
optimized,target,Device=0 num_rows=2097152 prefix_width=4 suffix_width=32 prefix_cardinality=64,False,False,3,0.9880312429401765,0.9694378160889583,1.002765016796128,True,"{""num_rows"": ""2097152"", ""prefix_cardinality"": ""64"", ""prefix_width"": ""4"", ""suffix_width"": ""32""}"
optimized,target,Device=0 num_rows=262144 prefix_width=8 suffix_width=32 prefix_cardinality=64,False,False,3,0.9815498638662474,0.9630704340325676,0.9970916022262363,True,"{""num_rows"": ""262144"", ""prefix_cardinality"": ""64"", ""prefix_width"": ""8"", ""suffix_width"": ""32""}"
optimized,target,Device=0 num_rows=2097152 prefix_width=8 suffix_width=32 prefix_cardinality=64,False,False,3,0.9938633365030969,0.9902287031666541,0.9979955152576504,True,"{""num_rows"": ""2097152"", ""prefix_cardinality"": ""64"", ""prefix_width"": ""8"", ""suffix_width"": ""32""}"
optimized,target,Device=0 num_rows=262144 prefix_width=10 suffix_width=32 prefix_cardinality=64,False,False,3,0.9823007875988682,0.9582690819836425,1.0010400824589798,True,"{""num_rows"": ""262144"", ""prefix_cardinality"": ""64"", ""prefix_width"": ""10"", ""suffix_width"": ""32""}"
optimized,target,Device=0 num_rows=2097152 prefix_width=10 suffix_width=32 prefix_cardinality=64,False,False,3,0.9964767407350128,0.9919433636031253,1.0006698432825227,True,"{""num_rows"": ""2097152"", ""prefix_cardinality"": ""64"", ""prefix_width"": ""10"", ""suffix_width"": ""32""}"
optimized,target,Device=0 num_rows=262144 prefix_width=11 suffix_width=32 prefix_cardinality=64,False,False,3,0.9836943184239042,0.9670798639716005,0.9974929041926826,True,"{""num_rows"": ""262144"", ""prefix_cardinality"": ""64"", ""prefix_width"": ""11"", ""suffix_width"": ""32""}"
optimized,target,Device=0 num_rows=2097152 prefix_width=11 suffix_width=32 prefix_cardinality=64,False,False,3,0.9966030268490886,0.9903739564267462,1.0034825148620674,True,"{""num_rows"": ""2097152"", ""prefix_cardinality"": ""64"", ""prefix_width"": ""11"", ""suffix_width"": ""32""}"
optimized,target,Device=0 num_rows=262144 prefix_width=12 suffix_width=32 prefix_cardinality=64,False,False,3,0.9795546495513995,0.965160949370159,0.9931538453222829,True,"{""num_rows"": ""262144"", ""prefix_cardinality"": ""64"", ""prefix_width"": ""12"", ""suffix_width"": ""32""}"
optimized,target,Device=0 num_rows=2097152 prefix_width=12 suffix_width=32 prefix_cardinality=64,False,False,3,0.9964071752546576,0.9941045694559688,0.9984342181951786,True,"{""num_rows"": ""2097152"", ""prefix_cardinality"": ""64"", ""prefix_width"": ""12"", ""suffix_width"": ""32""}"
optimized,target,Device=0 num_rows=262144 prefix_width=64 suffix_width=32 prefix_cardinality=64,False,False,3,0.9917638677461625,0.9875979191309696,0.9946530673748812,True,"{""num_rows"": ""262144"", ""prefix_cardinality"": ""64"", ""prefix_width"": ""64"", ""suffix_width"": ""32""}"
optimized,target,Device=0 num_rows=2097152 prefix_width=64 suffix_width=32 prefix_cardinality=64,False,False,3,0.7217536217676869,0.7207007079234169,0.7225821167614086,True,"{""num_rows"": ""2097152"", ""prefix_cardinality"": ""64"", ""prefix_width"": ""64"", ""suffix_width"": ""32""}"
optimized,stable-warps-1,Device=0 num_rows=32768 shared_suffix=0 segment_profile=pairs,True,True,3,0.985181557788556,0.9292499611649061,1.0405907618668802,True,"{""num_rows"": ""32768"", ""segment_profile"": ""pairs"", ""shared_suffix"": ""0""}"
optimized,stable-warps-1,Device=0 num_rows=2097152 shared_suffix=0 segment_profile=pairs,True,True,3,0.9920453517096857,0.9709803593907878,1.0092524612638698,True,"{""num_rows"": ""2097152"", ""segment_profile"": ""pairs"", ""shared_suffix"": ""0""}"
optimized,stable-warps-1,Device=0 num_rows=32768 shared_suffix=64 segment_profile=pairs,True,True,3,1.0020202435890257,0.9593400043461187,1.0234538720894906,True,"{""num_rows"": ""32768"", ""segment_profile"": ""pairs"", ""shared_suffix"": ""64""}"
optimized,stable-warps-1,Device=0 num_rows=2097152 shared_suffix=64 segment_profile=pairs,True,True,3,0.9547734606896138,0.9452477010792889,0.9582927078014499,True,"{""num_rows"": ""2097152"", ""segment_profile"": ""pairs"", ""shared_suffix"": ""64""}"
optimized,stable-warps-1,Device=0 num_rows=32768 shared_suffix=0 segment_profile=tiny4,True,True,3,0.9879918308539289,0.8992451171897532,1.0432355687128259,True,"{""num_rows"": ""32768"", ""segment_profile"": ""tiny4"", ""shared_suffix"": ""0""}"
optimized,stable-warps-1,Device=0 num_rows=2097152 shared_suffix=0 segment_profile=tiny4,True,True,3,0.9227871028849008,0.913678446988338,0.9321021480176171,True,"{""num_rows"": ""2097152"", ""segment_profile"": ""tiny4"", ""shared_suffix"": ""0""}"
optimized,stable-warps-1,Device=0 num_rows=32768 shared_suffix=64 segment_profile=tiny4,True,True,3,0.958075817662222,0.8999071662022303,1.0007454275362362,True,"{""num_rows"": ""32768"", ""segment_profile"": ""tiny4"", ""shared_suffix"": ""64""}"
optimized,stable-warps-1,Device=0 num_rows=2097152 shared_suffix=64 segment_profile=tiny4,True,True,3,0.8554277027608725,0.8457315520037129,0.8622012094001915,True,"{""num_rows"": ""2097152"", ""segment_profile"": ""tiny4"", ""shared_suffix"": ""64""}"
optimized,stable-warps-1,Device=0 num_rows=32768 shared_suffix=0 segment_profile=tiny8,True,True,3,0.9475091880641514,0.864410050608926,1.004520000432655,True,"{""num_rows"": ""32768"", ""segment_profile"": ""tiny8"", ""shared_suffix"": ""0""}"
optimized,stable-warps-1,Device=0 num_rows=2097152 shared_suffix=0 segment_profile=tiny8,True,True,3,0.8171404620357843,0.8121169784298775,0.8220126476153221,True,"{""num_rows"": ""2097152"", ""segment_profile"": ""tiny8"", ""shared_suffix"": ""0""}"
optimized,stable-warps-1,Device=0 num_rows=32768 shared_suffix=64 segment_profile=tiny8,True,True,3,0.9177289461285102,0.8936380487209254,0.9378070922063884,True,"{""num_rows"": ""32768"", ""segment_profile"": ""tiny8"", ""shared_suffix"": ""64""}"
optimized,stable-warps-1,Device=0 num_rows=2097152 shared_suffix=64 segment_profile=tiny8,True,True,3,0.7567000395151371,0.754440895444849,0.757856071067875,True,"{""num_rows"": ""2097152"", ""segment_profile"": ""tiny8"", ""shared_suffix"": ""64""}"
optimized,stable-warps-1,Device=0 num_rows=32768 shared_suffix=0 segment_profile=tiny16,True,True,3,0.9215513998337577,0.9134635935140141,0.9286861917477861,True,"{""num_rows"": ""32768"", ""segment_profile"": ""tiny16"", ""shared_suffix"": ""0""}"
optimized,stable-warps-1,Device=0 num_rows=2097152 shared_suffix=0 segment_profile=tiny16,True,True,3,0.7531664134123967,0.7462106741884423,0.7583334511494857,True,"{""num_rows"": ""2097152"", ""segment_profile"": ""tiny16"", ""shared_suffix"": ""0""}"
optimized,stable-warps-1,Device=0 num_rows=32768 shared_suffix=64 segment_profile=tiny16,True,True,3,0.8799142877383779,0.8280990829014792,0.9120621168199422,True,"{""num_rows"": ""32768"", ""segment_profile"": ""tiny16"", ""shared_suffix"": ""64""}"
optimized,stable-warps-1,Device=0 num_rows=2097152 shared_suffix=64 segment_profile=tiny16,True,True,3,0.6772525677401194,0.6741019365750263,0.6812474413388072,True,"{""num_rows"": ""2097152"", ""segment_profile"": ""tiny16"", ""shared_suffix"": ""64""}"
optimized,stable-warps-1,Device=0 num_rows=32768 shared_suffix=0 segment_profile=tiny32,True,True,3,0.917824758562397,0.9074683287629826,0.9236597563642704,True,"{""num_rows"": ""32768"", ""segment_profile"": ""tiny32"", ""shared_suffix"": ""0""}"
optimized,stable-warps-1,Device=0 num_rows=2097152 shared_suffix=0 segment_profile=tiny32,True,True,3,0.7049204715053315,0.7011901755270035,0.7091796270547996,True,"{""num_rows"": ""2097152"", ""segment_profile"": ""tiny32"", ""shared_suffix"": ""0""}"
optimized,stable-warps-1,Device=0 num_rows=32768 shared_suffix=64 segment_profile=tiny32,True,True,3,0.8554446551799886,0.8410366093836662,0.8663173331894343,True,"{""num_rows"": ""32768"", ""segment_profile"": ""tiny32"", ""shared_suffix"": ""64""}"
optimized,stable-warps-1,Device=0 num_rows=2097152 shared_suffix=64 segment_profile=tiny32,True,True,3,0.6492033169167477,0.6472543831237111,0.6509486918761771,True,"{""num_rows"": ""2097152"", ""segment_profile"": ""tiny32"", ""shared_suffix"": ""64""}"
pr2-p32-c4096,main,Device=0 min_width=1 max_width=8 num_rows=32768,False,False,3,1.444754310177122,1.4080425587880576,1.5063088211276665,False,"{""max_width"": ""8"", ""min_width"": ""1"", ""num_rows"": ""32768""}"
pr2-p32-c4096,main,Device=0 min_width=1 max_width=32 num_rows=32768,False,False,3,1.667591889886569,1.6380060747868093,1.7056868323615522,False,"{""max_width"": ""32"", ""min_width"": ""1"", ""num_rows"": ""32768""}"
pr2-p32-c4096,main,Device=0 min_width=1 max_width=64 num_rows=32768,False,False,3,1.6752860344355724,1.6520245182418125,1.709996756949374,False,"{""max_width"": ""64"", ""min_width"": ""1"", ""num_rows"": ""32768""}"
pr2-p32-c4096,main,Device=0 min_width=1 max_width=128 num_rows=32768,False,False,3,1.5941431877262247,1.5586560053018803,1.6091993363198331,False,"{""max_width"": ""128"", ""min_width"": ""1"", ""num_rows"": ""32768""}"
pr2-p32-c4096,main,Device=0 min_width=1 max_width=256 num_rows=32768,False,False,3,1.533204580351419,1.5085759974828796,1.5598823054339184,False,"{""max_width"": ""256"", ""min_width"": ""1"", ""num_rows"": ""32768""}"
pr2-p32-c4096,main,Device=0 min_width=1 max_width=8 num_rows=262144,False,False,3,1.0599511185798924,1.0385883647987257,1.0921010262610857,False,"{""max_width"": ""8"", ""min_width"": ""1"", ""num_rows"": ""262144""}"
pr2-p32-c4096,main,Device=0 min_width=1 max_width=32 num_rows=262144,False,False,3,1.021443943091701,0.9957738871725897,1.0573286552221919,True,"{""max_width"": ""32"", ""min_width"": ""1"", ""num_rows"": ""262144""}"
pr2-p32-c4096,main,Device=0 min_width=1 max_width=64 num_rows=262144,False,False,3,0.9163428989107513,0.9062012580781178,0.9333926415240884,True,"{""max_width"": ""64"", ""min_width"": ""1"", ""num_rows"": ""262144""}"
pr2-p32-c4096,main,Device=0 min_width=1 max_width=128 num_rows=262144,False,False,3,0.7944917491019742,0.7897338802448641,0.8074208283651079,True,"{""max_width"": ""128"", ""min_width"": ""1"", ""num_rows"": ""262144""}"
pr2-p32-c4096,main,Device=0 min_width=1 max_width=256 num_rows=262144,False,False,3,0.734573635583669,0.7251647519519191,0.75281442109365,True,"{""max_width"": ""256"", ""min_width"": ""1"", ""num_rows"": ""262144""}"
pr2-p32-c4096,main,Device=0 min_width=1 max_width=8 num_rows=2097152,False,False,3,0.9195700997696523,0.9172847755141524,0.9238938470502758,True,"{""max_width"": ""8"", ""min_width"": ""1"", ""num_rows"": ""2097152""}"
pr2-p32-c4096,main,Device=0 min_width=1 max_width=32 num_rows=2097152,False,False,3,0.6279842817670687,0.6255851423481082,0.6336008564433772,True,"{""max_width"": ""32"", ""min_width"": ""1"", ""num_rows"": ""2097152""}"
pr2-p32-c4096,main,Device=0 min_width=1 max_width=64 num_rows=2097152,False,False,3,0.5071174955627968,0.5007604455060226,0.5171681453659331,True,"{""max_width"": ""64"", ""min_width"": ""1"", ""num_rows"": ""2097152""}"
pr2-p32-c4096,main,Device=0 min_width=1 max_width=128 num_rows=2097152,False,False,3,0.5377884719289513,0.5309695211722658,0.5499725860037978,True,"{""max_width"": ""128"", ""min_width"": ""1"", ""num_rows"": ""2097152""}"
pr2-p32-c4096,main,Device=0 min_width=1 max_width=256 num_rows=2097152,False,False,3,0.47178779033286866,0.46445844623848476,0.4790486375499027,True,"{""max_width"": ""256"", ""min_width"": ""1"", ""num_rows"": ""2097152""}"
pr2-p32-c4096,main,Device=0 min_width=1 max_width=8 num_rows=16777216,False,False,3,0.49777280435039134,0.4965132235007255,0.49823552169437485,True,"{""max_width"": ""8"", ""min_width"": ""1"", ""num_rows"": ""16777216""}"
pr2-p32-c4096,main,Device=0 min_width=1 max_width=32 num_rows=16777216,False,False,3,0.6559128818509887,0.652418694443652,0.6586278627590945,True,"{""max_width"": ""32"", ""min_width"": ""1"", ""num_rows"": ""16777216""}"
pr2-p32-c4096,main,Device=0 min_width=1 max_width=64 num_rows=16777216,False,False,3,0.8142981748222955,0.8098755402202231,0.8177676945070439,True,"{""max_width"": ""64"", ""min_width"": ""1"", ""num_rows"": ""16777216""}"
pr2-p32-c4096,main,Device=0 min_width=1 max_width=128 num_rows=16777216,False,False,3,0.8808737324393807,0.8769817802615455,0.8859066248003623,True,"{""max_width"": ""128"", ""min_width"": ""1"", ""num_rows"": ""16777216""}"
pr2-p32-c4096,main,Device=0 min_width=1 max_width=256 num_rows=16777216,False,False,3,0.900000478560417,0.8968683783946482,0.9044080043725848,True,"{""max_width"": ""256"", ""min_width"": ""1"", ""num_rows"": ""16777216""}"
pr2-p32-c4096,main,Device=0 num_rows=262144 profile=cardinality_1_width_32,False,False,3,0.9419895731323121,0.8530179518596019,1.1140886102287972,True,"{""num_rows"": ""262144"", ""profile"": ""cardinality_1_width_32""}"
pr2-p32-c4096,main,Device=0 num_rows=2097152 profile=cardinality_1_width_32,False,False,3,1.0261363640121883,0.9702420939233937,1.0679284935689157,True,"{""num_rows"": ""2097152"", ""profile"": ""cardinality_1_width_32""}"
pr2-p32-c4096,main,Device=0 num_rows=262144 profile=cardinality_64_width_128,False,False,3,2.4840740497874707,2.4629278366243046,2.515685855105897,False,"{""num_rows"": ""262144"", ""profile"": ""cardinality_64_width_128""}"
pr2-p32-c4096,main,Device=0 num_rows=2097152 profile=cardinality_64_width_128,False,False,3,1.1489172769293308,1.131614758993245,1.163280712944517,False,"{""num_rows"": ""2097152"", ""profile"": ""cardinality_64_width_128""}"
pr2-p32-c4096,main,Device=0 num_rows=262144 profile=shared_prefix_64,False,False,3,9.324172291035921,9.291691599490811,9.356950720516844,False,"{""num_rows"": ""262144"", ""profile"": ""shared_prefix_64""}"
pr2-p32-c4096,main,Device=0 num_rows=2097152 profile=shared_prefix_64,False,False,3,11.114389186703203,11.104434231674041,11.127173594766512,False,"{""num_rows"": ""2097152"", ""profile"": ""shared_prefix_64""}"
pr2-p32-c4096,main,Device=0 num_rows=262144 profile=variable_128,False,False,3,1.4354924191605265,1.3940971077253341,1.4728273626744603,False,"{""num_rows"": ""262144"", ""profile"": ""variable_128""}"
pr2-p32-c4096,main,Device=0 num_rows=2097152 profile=variable_128,False,False,3,1.5463748604011869,1.5202152721018027,1.5635743499286392,False,"{""num_rows"": ""2097152"", ""profile"": ""variable_128""}"
pr2-p32-c4096,main,Device=0 num_rows=262144 profile=fixed_8 null_percent=0,False,False,3,1.646001968695313,1.6164139392024388,1.6605600400416238,False,"{""null_percent"": ""0"", ""num_rows"": ""262144"", ""profile"": ""fixed_8""}"
pr2-p32-c4096,main,Device=0 num_rows=2097152 profile=fixed_8 null_percent=0,False,False,3,2.205605184195043,2.1633383824256054,2.23351884195206,False,"{""null_percent"": ""0"", ""num_rows"": ""2097152"", ""profile"": ""fixed_8""}"
pr2-p32-c4096,main,Device=0 num_rows=262144 profile=variable_128 null_percent=0,False,False,3,1.4472197467648136,1.4171960583998495,1.4698331372127995,False,"{""null_percent"": ""0"", ""num_rows"": ""262144"", ""profile"": ""variable_128""}"
pr2-p32-c4096,main,Device=0 num_rows=2097152 profile=variable_128 null_percent=0,False,False,3,1.5322168520988089,1.5137601243813268,1.545528884434207,False,"{""null_percent"": ""0"", ""num_rows"": ""2097152"", ""profile"": ""variable_128""}"
pr2-p32-c4096,main,Device=0 num_rows=262144 profile=fixed_8 null_percent=50,False,False,3,1.7844939173493772,1.7055113781476379,1.8642558926868715,False,"{""null_percent"": ""50"", ""num_rows"": ""262144"", ""profile"": ""fixed_8""}"
pr2-p32-c4096,main,Device=0 num_rows=2097152 profile=fixed_8 null_percent=50,False,False,3,1.2449897882824454,1.234490000777316,1.2495576140976232,False,"{""null_percent"": ""50"", ""num_rows"": ""2097152"", ""profile"": ""fixed_8""}"
pr2-p32-c4096,main,Device=0 num_rows=262144 profile=variable_128 null_percent=50,False,False,3,1.5228281974853555,1.4971418489784458,1.5645914859519232,False,"{""null_percent"": ""50"", ""num_rows"": ""262144"", ""profile"": ""variable_128""}"
pr2-p32-c4096,main,Device=0 num_rows=2097152 profile=variable_128 null_percent=50,False,False,3,0.7754884014340498,0.7653645678334594,0.7823056385631935,True,"{""null_percent"": ""50"", ""num_rows"": ""2097152"", ""profile"": ""variable_128""}"
pr2-p32-c4096,main,Device=0 num_rows=262144 profile=fixed_8 null_percent=100,False,False,3,1.0137647905098939,0.9472866953371067,1.1437052064028614,True,"{""null_percent"": ""100"", ""num_rows"": ""262144"", ""profile"": ""fixed_8""}"
pr2-p32-c4096,main,Device=0 num_rows=2097152 profile=fixed_8 null_percent=100,False,False,3,1.0137347026242893,0.9382550487944528,1.0859879851229477,True,"{""null_percent"": ""100"", ""num_rows"": ""2097152"", ""profile"": ""fixed_8""}"
pr2-p32-c4096,main,Device=0 num_rows=262144 profile=variable_128 null_percent=100,False,False,3,1.0549210215223814,0.8475223734762147,1.2735551672036522,True,"{""null_percent"": ""100"", ""num_rows"": ""262144"", ""profile"": ""variable_128""}"
pr2-p32-c4096,main,Device=0 num_rows=2097152 profile=variable_128 null_percent=100,False,False,3,1.026639346439874,0.9492039166329715,1.0844250298715141,True,"{""null_percent"": ""100"", ""num_rows"": ""2097152"", ""profile"": ""variable_128""}"
prefix,segments,Device=0 num_rows=32768 shared_suffix=0 segment_profile=singletons,False,False,3,0.9722601533102672,0.9340883396630866,1.002699067773559,True,"{""num_rows"": ""32768"", ""segment_profile"": ""singletons"", ""shared_suffix"": ""0""}"
prefix,segments,Device=0 num_rows=2097152 shared_suffix=0 segment_profile=singletons,False,False,3,2.7291266874853917,2.7049436495060726,2.7583990548390815,False,"{""num_rows"": ""2097152"", ""segment_profile"": ""singletons"", ""shared_suffix"": ""0""}"
prefix,segments,Device=0 num_rows=32768 shared_suffix=64 segment_profile=singletons,False,False,3,0.975678983447026,0.8884715445989764,1.0431169500135866,True,"{""num_rows"": ""32768"", ""segment_profile"": ""singletons"", ""shared_suffix"": ""64""}"
prefix,segments,Device=0 num_rows=2097152 shared_suffix=64 segment_profile=singletons,False,False,3,2.585381821225921,2.52244952186414,2.6457579560119093,False,"{""num_rows"": ""2097152"", ""segment_profile"": ""singletons"", ""shared_suffix"": ""64""}"
prefix,segments,Device=0 num_rows=32768 shared_suffix=0 segment_profile=pairs,False,False,3,1.4153953358229558,1.3702076580885363,1.4583832064546323,False,"{""num_rows"": ""32768"", ""segment_profile"": ""pairs"", ""shared_suffix"": ""0""}"
prefix,segments,Device=0 num_rows=2097152 shared_suffix=0 segment_profile=pairs,False,False,3,1.7439183460724361,1.7333450778986543,1.7543142383004693,False,"{""num_rows"": ""2097152"", ""segment_profile"": ""pairs"", ""shared_suffix"": ""0""}"
prefix,segments,Device=0 num_rows=32768 shared_suffix=64 segment_profile=pairs,False,False,3,4.506578969234776,4.430032593891642,4.623278243469213,False,"{""num_rows"": ""32768"", ""segment_profile"": ""pairs"", ""shared_suffix"": ""64""}"
prefix,segments,Device=0 num_rows=2097152 shared_suffix=64 segment_profile=pairs,False,False,3,2.2769034371418275,2.256525377703002,2.2860718338052286,False,"{""num_rows"": ""2097152"", ""segment_profile"": ""pairs"", ""shared_suffix"": ""64""}"
prefix,segments,Device=0 num_rows=32768 shared_suffix=0 segment_profile=tiny4,False,False,3,1.606815915612038,1.5507640758558194,1.652588750173628,False,"{""num_rows"": ""32768"", ""segment_profile"": ""tiny4"", ""shared_suffix"": ""0""}"
prefix,segments,Device=0 num_rows=2097152 shared_suffix=0 segment_profile=tiny4,False,False,3,2.288371632733934,2.2641936382231838,2.310726221508642,False,"{""num_rows"": ""2097152"", ""segment_profile"": ""tiny4"", ""shared_suffix"": ""0""}"
prefix,segments,Device=0 num_rows=32768 shared_suffix=64 segment_profile=tiny4,False,False,3,5.643387346334479,5.48807968013406,5.774978686207195,False,"{""num_rows"": ""32768"", ""segment_profile"": ""tiny4"", ""shared_suffix"": ""64""}"
prefix,segments,Device=0 num_rows=2097152 shared_suffix=64 segment_profile=tiny4,False,False,3,3.056783521150675,3.030317195760833,3.078482183533804,False,"{""num_rows"": ""2097152"", ""segment_profile"": ""tiny4"", ""shared_suffix"": ""64""}"
prefix,segments,Device=0 num_rows=32768 shared_suffix=0 segment_profile=tiny8,False,False,3,1.7896921194736817,1.7516189951432144,1.8222147729291887,False,"{""num_rows"": ""32768"", ""segment_profile"": ""tiny8"", ""shared_suffix"": ""0""}"
prefix,segments,Device=0 num_rows=2097152 shared_suffix=0 segment_profile=tiny8,False,False,3,2.6663411958514445,2.6156752121554154,2.7048997296246946,False,"{""num_rows"": ""2097152"", ""segment_profile"": ""tiny8"", ""shared_suffix"": ""0""}"
prefix,segments,Device=0 num_rows=32768 shared_suffix=64 segment_profile=tiny8,False,False,3,6.595305094663028,6.482999276594724,6.778502240055951,False,"{""num_rows"": ""32768"", ""segment_profile"": ""tiny8"", ""shared_suffix"": ""64""}"
prefix,segments,Device=0 num_rows=2097152 shared_suffix=64 segment_profile=tiny8,False,False,3,4.151923860485101,4.103704680819883,4.188695613252615,False,"{""num_rows"": ""2097152"", ""segment_profile"": ""tiny8"", ""shared_suffix"": ""64""}"
prefix,segments,Device=0 num_rows=32768 shared_suffix=0 segment_profile=tiny16,False,False,3,1.952191327868289,1.798442624725484,2.06422871289712,False,"{""num_rows"": ""32768"", ""segment_profile"": ""tiny16"", ""shared_suffix"": ""0""}"
prefix,segments,Device=0 num_rows=2097152 shared_suffix=0 segment_profile=tiny16,False,False,3,2.9636298567430224,2.9236036880122085,2.998883655988313,False,"{""num_rows"": ""2097152"", ""segment_profile"": ""tiny16"", ""shared_suffix"": ""0""}"
prefix,segments,Device=0 num_rows=32768 shared_suffix=64 segment_profile=tiny16,False,False,3,7.606967365903585,7.478793260344071,7.77915478150176,False,"{""num_rows"": ""32768"", ""segment_profile"": ""tiny16"", ""shared_suffix"": ""64""}"
prefix,segments,Device=0 num_rows=2097152 shared_suffix=64 segment_profile=tiny16,False,False,3,5.17277846687537,5.138517164576838,5.197794833561798,False,"{""num_rows"": ""2097152"", ""segment_profile"": ""tiny16"", ""shared_suffix"": ""64""}"
prefix,segments,Device=0 num_rows=32768 shared_suffix=0 segment_profile=tiny32,False,False,3,2.152431013556595,2.0734433935932572,2.24679422323062,False,"{""num_rows"": ""32768"", ""segment_profile"": ""tiny32"", ""shared_suffix"": ""0""}"
prefix,segments,Device=0 num_rows=2097152 shared_suffix=0 segment_profile=tiny32,False,False,3,3.2094280527562806,3.1730281041115567,3.2535411964459158,False,"{""num_rows"": ""2097152"", ""segment_profile"": ""tiny32"", ""shared_suffix"": ""0""}"
prefix,segments,Device=0 num_rows=32768 shared_suffix=64 segment_profile=tiny32,False,False,3,8.49468652084687,8.369588431455131,8.664537182938409,False,"{""num_rows"": ""32768"", ""segment_profile"": ""tiny32"", ""shared_suffix"": ""64""}"
prefix,segments,Device=0 num_rows=2097152 shared_suffix=64 segment_profile=tiny32,False,False,3,5.838822202436262,5.796575381240031,5.885012772472369,False,"{""num_rows"": ""2097152"", ""segment_profile"": ""tiny32"", ""shared_suffix"": ""64""}"
prefix,segments,Device=0 num_rows=32768 shared_suffix=0 segment_profile=block256,False,False,3,2.734789819325128,2.644504375928009,2.816066927544714,False,"{""num_rows"": ""32768"", ""segment_profile"": ""block256"", ""shared_suffix"": ""0""}"
prefix,segments,Device=0 num_rows=2097152 shared_suffix=0 segment_profile=block256,False,False,3,2.9252746413375386,2.907113112561258,2.9391906903001255,False,"{""num_rows"": ""2097152"", ""segment_profile"": ""block256"", ""shared_suffix"": ""0""}"
prefix,segments,Device=0 num_rows=32768 shared_suffix=64 segment_profile=block256,False,False,3,10.514183511349401,10.404798415359885,10.61862475940268,False,"{""num_rows"": ""32768"", ""segment_profile"": ""block256"", ""shared_suffix"": ""64""}"
prefix,segments,Device=0 num_rows=2097152 shared_suffix=64 segment_profile=block256,False,False,3,5.955959403624343,5.931170341008112,5.980916854874011,False,"{""num_rows"": ""2097152"", ""segment_profile"": ""block256"", ""shared_suffix"": ""64""}"
prefix,segments,Device=0 num_rows=32768 shared_suffix=0 segment_profile=logarithmic,False,False,3,1.9033206943375787,1.873073595933538,1.9325124362364046,False,"{""num_rows"": ""32768"", ""segment_profile"": ""logarithmic"", ""shared_suffix"": ""0""}"
prefix,segments,Device=0 num_rows=2097152 shared_suffix=0 segment_profile=logarithmic,False,False,3,1.9750935279800574,1.9677931009769833,1.9800587966374628,False,"{""num_rows"": ""2097152"", ""segment_profile"": ""logarithmic"", ""shared_suffix"": ""0""}"
prefix,segments,Device=0 num_rows=32768 shared_suffix=64 segment_profile=logarithmic,False,False,3,4.031737726950311,3.9524061899582072,4.087879870723959,False,"{""num_rows"": ""32768"", ""segment_profile"": ""logarithmic"", ""shared_suffix"": ""64""}"
prefix,segments,Device=0 num_rows=2097152 shared_suffix=64 segment_profile=logarithmic,False,False,3,3.920465848678127,3.9179020797666597,3.9232422250471513,False,"{""num_rows"": ""2097152"", ""segment_profile"": ""logarithmic"", ""shared_suffix"": ""64""}"
prefix,segments,Device=0 num_rows=32768 shared_suffix=0 segment_profile=tiny_plus_giant,False,False,3,1.5857716535481297,1.5668092476029853,1.6106018890804001,False,"{""num_rows"": ""32768"", ""segment_profile"": ""tiny_plus_giant"", ""shared_suffix"": ""0""}"
prefix,segments,Device=0 num_rows=2097152 shared_suffix=0 segment_profile=tiny_plus_giant,False,False,3,3.1688573936340028,3.1314150030535983,3.199990662996543,False,"{""num_rows"": ""2097152"", ""segment_profile"": ""tiny_plus_giant"", ""shared_suffix"": ""0""}"
prefix,segments,Device=0 num_rows=32768 shared_suffix=64 segment_profile=tiny_plus_giant,False,False,3,3.138504819506702,3.1189001726624754,3.1549926703490163,False,"{""num_rows"": ""32768"", ""segment_profile"": ""tiny_plus_giant"", ""shared_suffix"": ""64""}"
prefix,segments,Device=0 num_rows=2097152 shared_suffix=64 segment_profile=tiny_plus_giant,False,False,3,5.223447139183691,5.211827130587476,5.233750062968839,False,"{""num_rows"": ""2097152"", ""segment_profile"": ""tiny_plus_giant"", ""shared_suffix"": ""64""}"
prefix,segments,Device=0 num_rows=32768 shared_suffix=0 segment_profile=hot90,False,False,3,2.1883826729173506,2.1271026325811757,2.262316913092136,False,"{""num_rows"": ""32768"", ""segment_profile"": ""hot90"", ""shared_suffix"": ""0""}"
prefix,segments,Device=0 num_rows=2097152 shared_suffix=0 segment_profile=hot90,False,False,3,2.407609981718273,2.397934137698717,2.4209700730243453,False,"{""num_rows"": ""2097152"", ""segment_profile"": ""hot90"", ""shared_suffix"": ""0""}"
prefix,segments,Device=0 num_rows=32768 shared_suffix=64 segment_profile=hot90,False,False,3,5.299803046486363,5.274126990627923,5.340493007862619,False,"{""num_rows"": ""32768"", ""segment_profile"": ""hot90"", ""shared_suffix"": ""64""}"
prefix,segments,Device=0 num_rows=2097152 shared_suffix=64 segment_profile=hot90,False,False,3,5.164793518598691,5.149508557130218,5.180665941496795,False,"{""num_rows"": ""2097152"", ""segment_profile"": ""hot90"", ""shared_suffix"": ""64""}"
prefix,segments,Device=0 num_rows=32768 shared_suffix=0 segment_profile=few_giants,False,False,3,1.8187559637508983,1.789408609032155,1.8499855305072572,False,"{""num_rows"": ""32768"", ""segment_profile"": ""few_giants"", ""shared_suffix"": ""0""}"
prefix,segments,Device=0 num_rows=2097152 shared_suffix=0 segment_profile=few_giants,False,False,3,3.313657152149635,3.287426955978648,3.3398348552668087,False,"{""num_rows"": ""2097152"", ""segment_profile"": ""few_giants"", ""shared_suffix"": ""0""}"
prefix,segments,Device=0 num_rows=32768 shared_suffix=64 segment_profile=few_giants,False,False,3,5.039015273425965,4.982535734793619,5.0886640781908365,False,"{""num_rows"": ""32768"", ""segment_profile"": ""few_giants"", ""shared_suffix"": ""64""}"
prefix,segments,Device=0 num_rows=2097152 shared_suffix=64 segment_profile=few_giants,False,False,3,5.447082994824863,5.407673824210405,5.507145233782362,False,"{""num_rows"": ""2097152"", ""segment_profile"": ""few_giants"", ""shared_suffix"": ""64""}"
prefix,segments,Device=0 num_rows=32768 shared_suffix=0 segment_profile=one_segment,False,False,3,2.3391941999175807,2.327715384329324,2.3529818789259425,False,"{""num_rows"": ""32768"", ""segment_profile"": ""one_segment"", ""shared_suffix"": ""0""}"
prefix,segments,Device=0 num_rows=2097152 shared_suffix=0 segment_profile=one_segment,False,False,3,2.5238200456620588,2.5126626752528822,2.536950703117555,False,"{""num_rows"": ""2097152"", ""segment_profile"": ""one_segment"", ""shared_suffix"": ""0""}"
prefix,segments,Device=0 num_rows=32768 shared_suffix=64 segment_profile=one_segment,False,False,3,5.946856432972995,5.940595698507823,5.957706712124182,False,"{""num_rows"": ""32768"", ""segment_profile"": ""one_segment"", ""shared_suffix"": ""64""}"
prefix,segments,Device=0 num_rows=2097152 shared_suffix=64 segment_profile=one_segment,False,False,3,5.707272073498995,5.689443511392031,5.728925215196541,False,"{""num_rows"": ""2097152"", ""segment_profile"": ""one_segment"", ""shared_suffix"": ""64""}"
pr1-p32-c512,pr-source,Device=0 num_rows=262144 profile=unique_32,False,False,3,11.696030242678349,11.38085437558882,11.963812834973055,False,"{""num_rows"": ""262144"", ""profile"": ""unique_32""}"
pr1-p32-c512,pr-source,Device=0 num_rows=2097152 profile=unique_32,False,False,3,20.34231825323653,20.287191889900797,20.381032067885,False,"{""num_rows"": ""2097152"", ""profile"": ""unique_32""}"
pr1-p32-c512,pr-source,Device=0 num_rows=262144 profile=duplicates_32,False,False,3,8.087928497037383,7.924538406722097,8.25294758724953,False,"{""num_rows"": ""262144"", ""profile"": ""duplicates_32""}"
pr1-p32-c512,pr-source,Device=0 num_rows=2097152 profile=duplicates_32,False,False,3,12.91097299650389,12.874683005158815,12.939325057110059,False,"{""num_rows"": ""2097152"", ""profile"": ""duplicates_32""}"
pr1-p32-c512,pr-source,Device=0 num_rows=262144 profile=shared_prefix_24,False,False,3,11.652320146953537,11.514616380623393,11.801013232462383,False,"{""num_rows"": ""262144"", ""profile"": ""shared_prefix_24""}"
pr1-p32-c512,pr-source,Device=0 num_rows=2097152 profile=shared_prefix_24,False,False,3,20.34117465259422,20.23160333024493,20.42565451783119,False,"{""num_rows"": ""2097152"", ""profile"": ""shared_prefix_24""}"
pr1-p32-c512,pr-source,Device=0 num_rows=262144 profile=raw_unique_40,False,False,3,1.2706961494857225,1.181209458429864,1.4102179901755876,False,"{""num_rows"": ""262144"", ""profile"": ""raw_unique_40""}"
pr1-p32-c512,pr-source,Device=0 num_rows=2097152 profile=raw_unique_40,False,False,3,1.1091252200512955,1.0826006283745848,1.1459387635787108,False,"{""num_rows"": ""2097152"", ""profile"": ""raw_unique_40""}"
pr1-p32-c512,pr-source,Device=0 num_rows=262144 profile=raw_duplicates_40,False,False,3,1.4121323912122172,1.3260216539785474,1.5373610032053084,False,"{""num_rows"": ""262144"", ""profile"": ""raw_duplicates_40""}"
pr1-p32-c512,pr-source,Device=0 num_rows=2097152 profile=raw_duplicates_40,False,False,3,0.7874665563858116,0.7790304881646789,0.7971379876130359,True,"{""num_rows"": ""2097152"", ""profile"": ""raw_duplicates_40""}"
pr1-p32-c512,pr-source,Device=0 num_rows=262144 profile=raw_shared_prefix_24_width_40,False,False,3,10.522201375947958,10.341603339674476,10.674775497240065,False,"{""num_rows"": ""262144"", ""profile"": ""raw_shared_prefix_24_width_40""}"
pr1-p32-c512,pr-source,Device=0 num_rows=2097152 profile=raw_shared_prefix_24_width_40,False,False,3,11.617725407194074,11.59789434902205,11.640264104172704,False,"{""num_rows"": ""2097152"", ""profile"": ""raw_shared_prefix_24_width_40""}"
prefix,pr-source,Device=0 num_rows=262144 profile=unique_32,False,False,3,2.4059756114369555,2.342446193648627,2.4582123850027355,False,"{""num_rows"": ""262144"", ""profile"": ""unique_32""}"
prefix,pr-source,Device=0 num_rows=2097152 profile=unique_32,False,False,3,2.311611122925478,2.280422425985106,2.332106222773819,False,"{""num_rows"": ""2097152"", ""profile"": ""unique_32""}"
prefix,pr-source,Device=0 num_rows=262144 profile=duplicates_32,False,False,3,3.1350485210528682,3.077731265446565,3.1849152833525975,False,"{""num_rows"": ""262144"", ""profile"": ""duplicates_32""}"
prefix,pr-source,Device=0 num_rows=2097152 profile=duplicates_32,False,False,3,3.158342666004824,3.142162339001278,3.1758747435018404,False,"{""num_rows"": ""2097152"", ""profile"": ""duplicates_32""}"
prefix,pr-source,Device=0 num_rows=262144 profile=shared_prefix_24,False,False,3,2.398714016108813,2.373958968244253,2.4201415036554903,False,"{""num_rows"": ""262144"", ""profile"": ""shared_prefix_24""}"
prefix,pr-source,Device=0 num_rows=2097152 profile=shared_prefix_24,False,False,3,2.3100363019033208,2.2833136838554235,2.3287342757087006,False,"{""num_rows"": ""2097152"", ""profile"": ""shared_prefix_24""}"
prefix,pr-source,Device=0 num_rows=262144 profile=raw_unique_40,False,False,3,1.2336113494411325,1.1776500549102382,1.3137030855920346,False,"{""num_rows"": ""262144"", ""profile"": ""raw_unique_40""}"
prefix,pr-source,Device=0 num_rows=2097152 profile=raw_unique_40,False,False,3,2.361893979589968,2.3556112000157006,2.3686882856711864,False,"{""num_rows"": ""2097152"", ""profile"": ""raw_unique_40""}"
prefix,pr-source,Device=0 num_rows=262144 profile=raw_duplicates_40,False,False,3,2.598835495424064,2.5639142098899876,2.635313531814536,False,"{""num_rows"": ""262144"", ""profile"": ""raw_duplicates_40""}"
prefix,pr-source,Device=0 num_rows=2097152 profile=raw_duplicates_40,False,False,3,1.4749563917950692,1.4696470697752726,1.4801834111764078,False,"{""num_rows"": ""2097152"", ""profile"": ""raw_duplicates_40""}"
prefix,pr-source,Device=0 num_rows=262144 profile=raw_shared_prefix_24_width_40,False,False,3,2.8474743475302624,2.8029227291340684,2.888545542600417,False,"{""num_rows"": ""262144"", ""profile"": ""raw_shared_prefix_24_width_40""}"
prefix,pr-source,Device=0 num_rows=2097152 profile=raw_shared_prefix_24_width_40,False,False,3,3.6609303177736354,3.650890515235249,3.669794704003616,False,"{""num_rows"": ""2097152"", ""profile"": ""raw_shared_prefix_24_width_40""}"
prefix,pr-workload,Device=0 min_width=0 max_width=32 num_rows=32768 workload=normal,False,False,3,3.2576678564221675,3.2405754865002745,3.275813466233817,False,"{""max_width"": ""32"", ""min_width"": ""0"", ""num_rows"": ""32768"", ""workload"": ""normal""}"
prefix,pr-workload,Device=0 min_width=0 max_width=64 num_rows=32768 workload=normal,False,False,3,5.939969427982513,5.929863074040932,5.95331736146558,False,"{""max_width"": ""64"", ""min_width"": ""0"", ""num_rows"": ""32768"", ""workload"": ""normal""}"
prefix,pr-workload,Device=0 min_width=0 max_width=128 num_rows=32768 workload=normal,False,False,3,9.818970169921068,9.708869432015888,9.889694460338893,False,"{""max_width"": ""128"", ""min_width"": ""0"", ""num_rows"": ""32768"", ""workload"": ""normal""}"
prefix,pr-workload,Device=0 min_width=0 max_width=256 num_rows=32768 workload=normal,False,False,3,14.23543309393136,14.141087151456738,14.273978639288813,False,"{""max_width"": ""256"", ""min_width"": ""0"", ""num_rows"": ""32768"", ""workload"": ""normal""}"
prefix,pr-workload,Device=0 min_width=0 max_width=32 num_rows=262144 workload=normal,False,False,3,2.411902998953829,2.3988324981628972,2.424438903310905,False,"{""max_width"": ""32"", ""min_width"": ""0"", ""num_rows"": ""262144"", ""workload"": ""normal""}"
prefix,pr-workload,Device=0 min_width=0 max_width=64 num_rows=262144 workload=normal,False,False,3,3.754528937829212,3.750975563772613,3.756058627480113,False,"{""max_width"": ""64"", ""min_width"": ""0"", ""num_rows"": ""262144"", ""workload"": ""normal""}"
prefix,pr-workload,Device=0 min_width=0 max_width=128 num_rows=262144 workload=normal,False,False,3,4.6689886995561345,4.642986897020279,4.682526930229508,False,"{""max_width"": ""128"", ""min_width"": ""0"", ""num_rows"": ""262144"", ""workload"": ""normal""}"
prefix,pr-workload,Device=0 min_width=0 max_width=256 num_rows=262144 workload=normal,False,False,3,5.725372590414323,5.645104699717669,5.815968114643579,False,"{""max_width"": ""256"", ""min_width"": ""0"", ""num_rows"": ""262144"", ""workload"": ""normal""}"
prefix,pr-workload,Device=0 min_width=0 max_width=32 num_rows=2097152 workload=normal,False,False,3,2.0821572411626743,2.077705524537579,2.085270796075187,False,"{""max_width"": ""32"", ""min_width"": ""0"", ""num_rows"": ""2097152"", ""workload"": ""normal""}"
prefix,pr-workload,Device=0 min_width=0 max_width=64 num_rows=2097152 workload=normal,False,False,3,2.425457249727726,2.4007737560303406,2.465504365662582,False,"{""max_width"": ""64"", ""min_width"": ""0"", ""num_rows"": ""2097152"", ""workload"": ""normal""}"
prefix,pr-workload,Device=0 min_width=0 max_width=128 num_rows=2097152 workload=normal,False,False,3,2.589268831672643,2.580424084038005,2.595471024159122,False,"{""max_width"": ""128"", ""min_width"": ""0"", ""num_rows"": ""2097152"", ""workload"": ""normal""}"
prefix,pr-workload,Device=0 min_width=0 max_width=256 num_rows=2097152 workload=normal,False,False,3,2.3905361127791833,2.3680835462959022,2.419926321504907,False,"{""max_width"": ""256"", ""min_width"": ""0"", ""num_rows"": ""2097152"", ""workload"": ""normal""}"
prefix,pr-workload,Device=0 min_width=0 max_width=32 num_rows=32768 workload=duplicates,False,False,3,3.109553160034258,3.03864480293122,3.1915325922069986,False,"{""max_width"": ""32"", ""min_width"": ""0"", ""num_rows"": ""32768"", ""workload"": ""duplicates""}"
prefix,pr-workload,Device=0 min_width=0 max_width=64 num_rows=32768 workload=duplicates,False,False,3,5.011137335459331,4.912181892386228,5.103361885716261,False,"{""max_width"": ""64"", ""min_width"": ""0"", ""num_rows"": ""32768"", ""workload"": ""duplicates""}"
prefix,pr-workload,Device=0 min_width=0 max_width=128 num_rows=32768 workload=duplicates,False,False,3,7.042521942746832,6.6755218478313685,7.302585488682972,False,"{""max_width"": ""128"", ""min_width"": ""0"", ""num_rows"": ""32768"", ""workload"": ""duplicates""}"
prefix,pr-workload,Device=0 min_width=0 max_width=256 num_rows=32768 workload=duplicates,False,False,3,7.593482898195076,7.557388214802771,7.649449440595456,False,"{""max_width"": ""256"", ""min_width"": ""0"", ""num_rows"": ""32768"", ""workload"": ""duplicates""}"
prefix,pr-workload,Device=0 min_width=0 max_width=32 num_rows=262144 workload=duplicates,False,False,3,2.6372799477897213,2.591950963738082,2.6920474882673915,False,"{""max_width"": ""32"", ""min_width"": ""0"", ""num_rows"": ""262144"", ""workload"": ""duplicates""}"
prefix,pr-workload,Device=0 min_width=0 max_width=64 num_rows=262144 workload=duplicates,False,False,3,3.857585753722685,3.7813271342803345,3.9789562148996565,False,"{""max_width"": ""64"", ""min_width"": ""0"", ""num_rows"": ""262144"", ""workload"": ""duplicates""}"
prefix,pr-workload,Device=0 min_width=0 max_width=128 num_rows=262144 workload=duplicates,False,False,3,5.187283649337977,5.111630481463451,5.298481635989429,False,"{""max_width"": ""128"", ""min_width"": ""0"", ""num_rows"": ""262144"", ""workload"": ""duplicates""}"
prefix,pr-workload,Device=0 min_width=0 max_width=256 num_rows=262144 workload=duplicates,False,False,3,6.057613429085893,5.989614793463676,6.146053903197146,False,"{""max_width"": ""256"", ""min_width"": ""0"", ""num_rows"": ""262144"", ""workload"": ""duplicates""}"
prefix,pr-workload,Device=0 min_width=0 max_width=32 num_rows=2097152 workload=duplicates,False,False,3,1.4507111838119027,1.4391232797628815,1.458551369858877,False,"{""max_width"": ""32"", ""min_width"": ""0"", ""num_rows"": ""2097152"", ""workload"": ""duplicates""}"
prefix,pr-workload,Device=0 min_width=0 max_width=64 num_rows=2097152 workload=duplicates,False,False,3,1.8015103609582233,1.7805120740321407,1.8167375972617676,False,"{""max_width"": ""64"", ""min_width"": ""0"", ""num_rows"": ""2097152"", ""workload"": ""duplicates""}"
prefix,pr-workload,Device=0 min_width=0 max_width=128 num_rows=2097152 workload=duplicates,False,False,3,2.1606731229372125,2.154617736873384,2.165613725497341,False,"{""max_width"": ""128"", ""min_width"": ""0"", ""num_rows"": ""2097152"", ""workload"": ""duplicates""}"
prefix,pr-workload,Device=0 min_width=0 max_width=256 num_rows=2097152 workload=duplicates,False,False,3,2.321411697234279,2.292361183587303,2.3663847326631124,False,"{""max_width"": ""256"", ""min_width"": ""0"", ""num_rows"": ""2097152"", ""workload"": ""duplicates""}"
prefix,pr-workload,Device=0 min_width=0 max_width=32 num_rows=32768 workload=shared_prefix,False,False,3,3.5184584349654013,3.485553861865092,3.5691145207800585,False,"{""max_width"": ""32"", ""min_width"": ""0"", ""num_rows"": ""32768"", ""workload"": ""shared_prefix""}"
prefix,pr-workload,Device=0 min_width=0 max_width=64 num_rows=32768 workload=shared_prefix,False,False,3,5.484769046634964,5.477734474960691,5.497750445866978,False,"{""max_width"": ""64"", ""min_width"": ""0"", ""num_rows"": ""32768"", ""workload"": ""shared_prefix""}"
prefix,pr-workload,Device=0 min_width=0 max_width=128 num_rows=32768 workload=shared_prefix,False,False,3,6.7394053030275,6.690442842611731,6.78532236188894,False,"{""max_width"": ""128"", ""min_width"": ""0"", ""num_rows"": ""32768"", ""workload"": ""shared_prefix""}"
prefix,pr-workload,Device=0 min_width=0 max_width=256 num_rows=32768 workload=shared_prefix,False,False,3,5.73427609829585,5.724996208021797,5.7427751092317525,False,"{""max_width"": ""256"", ""min_width"": ""0"", ""num_rows"": ""32768"", ""workload"": ""shared_prefix""}"
prefix,pr-workload,Device=0 min_width=0 max_width=32 num_rows=262144 workload=shared_prefix,False,False,3,3.113839846804791,3.0961231127719726,3.1261212221986376,False,"{""max_width"": ""32"", ""min_width"": ""0"", ""num_rows"": ""262144"", ""workload"": ""shared_prefix""}"
prefix,pr-workload,Device=0 min_width=0 max_width=64 num_rows=262144 workload=shared_prefix,False,False,3,4.454111862157914,4.423567117134852,4.475216478127129,False,"{""max_width"": ""64"", ""min_width"": ""0"", ""num_rows"": ""262144"", ""workload"": ""shared_prefix""}"
prefix,pr-workload,Device=0 min_width=0 max_width=128 num_rows=262144 workload=shared_prefix,False,False,3,4.95871699068457,4.8920654988417756,5.021370782973995,False,"{""max_width"": ""128"", ""min_width"": ""0"", ""num_rows"": ""262144"", ""workload"": ""shared_prefix""}"
prefix,pr-workload,Device=0 min_width=0 max_width=256 num_rows=262144 workload=shared_prefix,False,False,3,5.069766457461253,5.064775523141766,5.0722212708361205,False,"{""max_width"": ""256"", ""min_width"": ""0"", ""num_rows"": ""262144"", ""workload"": ""shared_prefix""}"
prefix,pr-workload,Device=0 min_width=0 max_width=32 num_rows=2097152 workload=shared_prefix,False,False,3,3.4731488438380476,3.4603044167703865,3.4895300364412796,False,"{""max_width"": ""32"", ""min_width"": ""0"", ""num_rows"": ""2097152"", ""workload"": ""shared_prefix""}"
prefix,pr-workload,Device=0 min_width=0 max_width=64 num_rows=2097152 workload=shared_prefix,False,False,3,5.12265167990553,5.117183704622993,5.129975561289712,False,"{""max_width"": ""64"", ""min_width"": ""0"", ""num_rows"": ""2097152"", ""workload"": ""shared_prefix""}"
prefix,pr-workload,Device=0 min_width=0 max_width=128 num_rows=2097152 workload=shared_prefix,False,False,3,5.262952630887035,5.2520890785271614,5.273498169931748,False,"{""max_width"": ""128"", ""min_width"": ""0"", ""num_rows"": ""2097152"", ""workload"": ""shared_prefix""}"
prefix,pr-workload,Device=0 min_width=0 max_width=256 num_rows=2097152 workload=shared_prefix,False,False,3,5.404947949981382,5.397366760204562,5.412079601108776,False,"{""max_width"": ""256"", ""min_width"": ""0"", ""num_rows"": ""2097152"", ""workload"": ""shared_prefix""}"
prefix,pr-workload,Device=0 min_width=0 max_width=32 num_rows=32768 workload=variable,False,False,3,0.8710375670565097,0.8647303705913205,0.8797371552664134,True,"{""max_width"": ""32"", ""min_width"": ""0"", ""num_rows"": ""32768"", ""workload"": ""variable""}"
prefix,pr-workload,Device=0 min_width=0 max_width=64 num_rows=32768 workload=variable,False,False,3,0.9112405476073815,0.9010683032988983,0.9289318645000344,True,"{""max_width"": ""64"", ""min_width"": ""0"", ""num_rows"": ""32768"", ""workload"": ""variable""}"
prefix,pr-workload,Device=0 min_width=0 max_width=128 num_rows=32768 workload=variable,False,False,3,0.9905717815347406,0.9737667423796135,1.0121442655769615,True,"{""max_width"": ""128"", ""min_width"": ""0"", ""num_rows"": ""32768"", ""workload"": ""variable""}"
prefix,pr-workload,Device=0 min_width=0 max_width=256 num_rows=32768 workload=variable,False,False,3,1.0020408970955645,0.958341797047162,1.044491231327855,True,"{""max_width"": ""256"", ""min_width"": ""0"", ""num_rows"": ""32768"", ""workload"": ""variable""}"
prefix,pr-workload,Device=0 min_width=0 max_width=32 num_rows=262144 workload=variable,False,False,3,1.0711761585440964,1.064756838495071,1.0755542361734804,False,"{""max_width"": ""32"", ""min_width"": ""0"", ""num_rows"": ""262144"", ""workload"": ""variable""}"
prefix,pr-workload,Device=0 min_width=0 max_width=64 num_rows=262144 workload=variable,False,False,3,1.123549716168233,1.1089616346859639,1.1413781671755665,False,"{""max_width"": ""64"", ""min_width"": ""0"", ""num_rows"": ""262144"", ""workload"": ""variable""}"
prefix,pr-workload,Device=0 min_width=0 max_width=128 num_rows=262144 workload=variable,False,False,3,1.1568156652579933,1.1365614648589482,1.1870681123418958,False,"{""max_width"": ""128"", ""min_width"": ""0"", ""num_rows"": ""262144"", ""workload"": ""variable""}"
prefix,pr-workload,Device=0 min_width=0 max_width=256 num_rows=262144 workload=variable,False,False,3,1.3350410362193614,1.323828642714625,1.3577254575419937,False,"{""max_width"": ""256"", ""min_width"": ""0"", ""num_rows"": ""262144"", ""workload"": ""variable""}"
prefix,pr-workload,Device=0 min_width=0 max_width=32 num_rows=2097152 workload=variable,False,False,3,2.083880790394378,2.0775012084183597,2.0872283398713676,False,"{""max_width"": ""32"", ""min_width"": ""0"", ""num_rows"": ""2097152"", ""workload"": ""variable""}"
prefix,pr-workload,Device=0 min_width=0 max_width=64 num_rows=2097152 workload=variable,False,False,3,2.1454800197570276,2.1321324665602006,2.159454150935946,False,"{""max_width"": ""64"", ""min_width"": ""0"", ""num_rows"": ""2097152"", ""workload"": ""variable""}"
prefix,pr-workload,Device=0 min_width=0 max_width=128 num_rows=2097152 workload=variable,False,False,3,2.139875548206449,2.1233940027158007,2.16179321178746,False,"{""max_width"": ""128"", ""min_width"": ""0"", ""num_rows"": ""2097152"", ""workload"": ""variable""}"
prefix,pr-workload,Device=0 min_width=0 max_width=256 num_rows=2097152 workload=variable,False,False,3,2.2674069944071564,2.266781117508572,2.26831493974669,False,"{""max_width"": ""256"", ""min_width"": ""0"", ""num_rows"": ""2097152"", ""workload"": ""variable""}"
optimized,pr-workload,Device=0 min_width=0 max_width=32 num_rows=32768 workload=normal,False,False,3,0.9957357790342284,0.9821519951619413,1.0175028943847848,True,"{""max_width"": ""32"", ""min_width"": ""0"", ""num_rows"": ""32768"", ""workload"": ""normal""}"
optimized,pr-workload,Device=0 min_width=0 max_width=64 num_rows=32768 workload=normal,False,False,3,1.0077979696840083,0.964371724361011,1.0677003340062596,True,"{""max_width"": ""64"", ""min_width"": ""0"", ""num_rows"": ""32768"", ""workload"": ""normal""}"
optimized,pr-workload,Device=0 min_width=0 max_width=128 num_rows=32768 workload=normal,False,False,3,1.0030245240705773,0.9911074765030916,1.0129672346435474,True,"{""max_width"": ""128"", ""min_width"": ""0"", ""num_rows"": ""32768"", ""workload"": ""normal""}"
optimized,pr-workload,Device=0 min_width=0 max_width=256 num_rows=32768 workload=normal,False,False,3,1.0057979604256129,0.9842768402414112,1.0217092510662273,True,"{""max_width"": ""256"", ""min_width"": ""0"", ""num_rows"": ""32768"", ""workload"": ""normal""}"
optimized,pr-workload,Device=0 min_width=0 max_width=32 num_rows=262144 workload=normal,False,False,3,0.988377715882454,0.9795716204731184,0.9924404967325153,True,"{""max_width"": ""32"", ""min_width"": ""0"", ""num_rows"": ""262144"", ""workload"": ""normal""}"
optimized,pr-workload,Device=0 min_width=0 max_width=64 num_rows=262144 workload=normal,False,False,3,0.993699947634166,0.9853574402749009,1.0037818245960994,True,"{""max_width"": ""64"", ""min_width"": ""0"", ""num_rows"": ""262144"", ""workload"": ""normal""}"
optimized,pr-workload,Device=0 min_width=0 max_width=128 num_rows=262144 workload=normal,False,False,3,0.9955522188166863,0.9826331474672415,1.013996523783907,True,"{""max_width"": ""128"", ""min_width"": ""0"", ""num_rows"": ""262144"", ""workload"": ""normal""}"
optimized,pr-workload,Device=0 min_width=0 max_width=256 num_rows=262144 workload=normal,False,False,3,1.0000191020857971,0.9962968421228383,1.0028269297894492,True,"{""max_width"": ""256"", ""min_width"": ""0"", ""num_rows"": ""262144"", ""workload"": ""normal""}"
optimized,pr-workload,Device=0 min_width=0 max_width=32 num_rows=2097152 workload=normal,False,False,3,0.9794664994351902,0.9709754875990949,0.9862340074007604,True,"{""max_width"": ""32"", ""min_width"": ""0"", ""num_rows"": ""2097152"", ""workload"": ""normal""}"
optimized,pr-workload,Device=0 min_width=0 max_width=64 num_rows=2097152 workload=normal,False,False,3,0.9845807355098322,0.9667276033031396,1.013291674272378,True,"{""max_width"": ""64"", ""min_width"": ""0"", ""num_rows"": ""2097152"", ""workload"": ""normal""}"
optimized,pr-workload,Device=0 min_width=0 max_width=128 num_rows=2097152 workload=normal,False,False,3,0.9972973864380729,0.985912305272133,1.0046990480468672,True,"{""max_width"": ""128"", ""min_width"": ""0"", ""num_rows"": ""2097152"", ""workload"": ""normal""}"
optimized,pr-workload,Device=0 min_width=0 max_width=256 num_rows=2097152 workload=normal,False,False,3,0.9922088370267661,0.9854532754137717,0.9961683667876882,True,"{""max_width"": ""256"", ""min_width"": ""0"", ""num_rows"": ""2097152"", ""workload"": ""normal""}"
optimized,pr-workload,Device=0 min_width=0 max_width=32 num_rows=32768 workload=duplicates,False,False,3,0.9942193298301968,0.9634470313745337,1.0309714673662245,True,"{""max_width"": ""32"", ""min_width"": ""0"", ""num_rows"": ""32768"", ""workload"": ""duplicates""}"
optimized,pr-workload,Device=0 min_width=0 max_width=64 num_rows=32768 workload=duplicates,False,False,3,0.9953807723592324,0.9686942718750268,1.0254103716186223,True,"{""max_width"": ""64"", ""min_width"": ""0"", ""num_rows"": ""32768"", ""workload"": ""duplicates""}"
optimized,pr-workload,Device=0 min_width=0 max_width=128 num_rows=32768 workload=duplicates,False,False,3,0.9951943009027873,0.952521098786237,1.020780266445168,True,"{""max_width"": ""128"", ""min_width"": ""0"", ""num_rows"": ""32768"", ""workload"": ""duplicates""}"
optimized,pr-workload,Device=0 min_width=0 max_width=256 num_rows=32768 workload=duplicates,False,False,3,0.9977050704287983,0.9886991516524897,1.0086860156162143,True,"{""max_width"": ""256"", ""min_width"": ""0"", ""num_rows"": ""32768"", ""workload"": ""duplicates""}"
optimized,pr-workload,Device=0 min_width=0 max_width=32 num_rows=262144 workload=duplicates,False,False,3,1.0010906006149591,0.9630582948565553,1.039228817862919,True,"{""max_width"": ""32"", ""min_width"": ""0"", ""num_rows"": ""262144"", ""workload"": ""duplicates""}"
optimized,pr-workload,Device=0 min_width=0 max_width=64 num_rows=262144 workload=duplicates,False,False,3,0.9933252221410113,0.9720103299953506,1.0266179473303483,True,"{""max_width"": ""64"", ""min_width"": ""0"", ""num_rows"": ""262144"", ""workload"": ""duplicates""}"
optimized,pr-workload,Device=0 min_width=0 max_width=128 num_rows=262144 workload=duplicates,False,False,3,0.9946712970232875,0.9786167093846428,1.0171894484333943,True,"{""max_width"": ""128"", ""min_width"": ""0"", ""num_rows"": ""262144"", ""workload"": ""duplicates""}"
optimized,pr-workload,Device=0 min_width=0 max_width=256 num_rows=262144 workload=duplicates,False,False,3,1.0004170473510532,0.9832661423715404,1.0189684842651598,True,"{""max_width"": ""256"", ""min_width"": ""0"", ""num_rows"": ""262144"", ""workload"": ""duplicates""}"
optimized,pr-workload,Device=0 min_width=0 max_width=32 num_rows=2097152 workload=duplicates,False,False,3,0.6733161754038114,0.6578389962579936,0.6826219361566572,True,"{""max_width"": ""32"", ""min_width"": ""0"", ""num_rows"": ""2097152"", ""workload"": ""duplicates""}"
optimized,pr-workload,Device=0 min_width=0 max_width=64 num_rows=2097152 workload=duplicates,False,False,3,0.6432507189863627,0.633159320505698,0.6520674192407935,True,"{""max_width"": ""64"", ""min_width"": ""0"", ""num_rows"": ""2097152"", ""workload"": ""duplicates""}"
optimized,pr-workload,Device=0 min_width=0 max_width=128 num_rows=2097152 workload=duplicates,False,False,3,0.5941285135688288,0.5905862591650342,0.5969993330767377,True,"{""max_width"": ""128"", ""min_width"": ""0"", ""num_rows"": ""2097152"", ""workload"": ""duplicates""}"
optimized,pr-workload,Device=0 min_width=0 max_width=256 num_rows=2097152 workload=duplicates,False,False,3,0.5707762000984146,0.56300347473063,0.5831203316271947,True,"{""max_width"": ""256"", ""min_width"": ""0"", ""num_rows"": ""2097152"", ""workload"": ""duplicates""}"
optimized,pr-workload,Device=0 min_width=0 max_width=32 num_rows=32768 workload=shared_prefix,False,False,3,0.9904615246195155,0.9724169416104999,1.0145388254072103,True,"{""max_width"": ""32"", ""min_width"": ""0"", ""num_rows"": ""32768"", ""workload"": ""shared_prefix""}"
optimized,pr-workload,Device=0 min_width=0 max_width=64 num_rows=32768 workload=shared_prefix,False,False,3,0.9922566760124046,0.9894135625474828,0.9966327627868601,True,"{""max_width"": ""64"", ""min_width"": ""0"", ""num_rows"": ""32768"", ""workload"": ""shared_prefix""}"
optimized,pr-workload,Device=0 min_width=0 max_width=128 num_rows=32768 workload=shared_prefix,False,False,3,1.0016686397914296,1.000179182645752,1.002216437792268,True,"{""max_width"": ""128"", ""min_width"": ""0"", ""num_rows"": ""32768"", ""workload"": ""shared_prefix""}"
optimized,pr-workload,Device=0 min_width=0 max_width=256 num_rows=32768 workload=shared_prefix,False,False,3,0.9987745513110855,0.9956418533537498,1.0014311258155888,True,"{""max_width"": ""256"", ""min_width"": ""0"", ""num_rows"": ""32768"", ""workload"": ""shared_prefix""}"
optimized,pr-workload,Device=0 min_width=0 max_width=32 num_rows=262144 workload=shared_prefix,False,False,3,0.7118722776664297,0.6996041351815677,0.7216124725271928,True,"{""max_width"": ""32"", ""min_width"": ""0"", ""num_rows"": ""262144"", ""workload"": ""shared_prefix""}"
optimized,pr-workload,Device=0 min_width=0 max_width=64 num_rows=262144 workload=shared_prefix,False,False,3,0.4403979684491427,0.42943669488183067,0.45038633567955905,True,"{""max_width"": ""64"", ""min_width"": ""0"", ""num_rows"": ""262144"", ""workload"": ""shared_prefix""}"
optimized,pr-workload,Device=0 min_width=0 max_width=128 num_rows=262144 workload=shared_prefix,False,False,3,0.23199660409520648,0.23000501131718026,0.23273027925215684,True,"{""max_width"": ""128"", ""min_width"": ""0"", ""num_rows"": ""262144"", ""workload"": ""shared_prefix""}"
optimized,pr-workload,Device=0 min_width=0 max_width=256 num_rows=262144 workload=shared_prefix,False,False,3,0.0899185511743069,0.08823894919935277,0.09243318554581544,True,"{""max_width"": ""256"", ""min_width"": ""0"", ""num_rows"": ""262144"", ""workload"": ""shared_prefix""}"
optimized,pr-workload,Device=0 min_width=0 max_width=32 num_rows=2097152 workload=shared_prefix,False,False,3,0.6502244234191461,0.6482385117318363,0.6512060015997447,True,"{""max_width"": ""32"", ""min_width"": ""0"", ""num_rows"": ""2097152"", ""workload"": ""shared_prefix""}"
optimized,pr-workload,Device=0 min_width=0 max_width=64 num_rows=2097152 workload=shared_prefix,False,False,3,0.3837839185443922,0.38255736508251487,0.3854550969997317,True,"{""max_width"": ""64"", ""min_width"": ""0"", ""num_rows"": ""2097152"", ""workload"": ""shared_prefix""}"
optimized,pr-workload,Device=0 min_width=0 max_width=128 num_rows=2097152 workload=shared_prefix,False,False,3,0.2037865236709247,0.20359113474348262,0.2040460817712107,True,"{""max_width"": ""128"", ""min_width"": ""0"", ""num_rows"": ""2097152"", ""workload"": ""shared_prefix""}"
optimized,pr-workload,Device=0 min_width=0 max_width=256 num_rows=2097152 workload=shared_prefix,False,False,3,0.10240755478729423,0.10237445531772245,0.10249769573759648,True,"{""max_width"": ""256"", ""min_width"": ""0"", ""num_rows"": ""2097152"", ""workload"": ""shared_prefix""}"
optimized,pr-workload,Device=0 min_width=0 max_width=32 num_rows=32768 workload=variable,False,False,3,0.9892022894275807,0.9573913719462486,1.022515379257394,True,"{""max_width"": ""32"", ""min_width"": ""0"", ""num_rows"": ""32768"", ""workload"": ""variable""}"
optimized,pr-workload,Device=0 min_width=0 max_width=64 num_rows=32768 workload=variable,False,False,3,0.9966414501239718,0.9673540761930064,1.0403299919638727,True,"{""max_width"": ""64"", ""min_width"": ""0"", ""num_rows"": ""32768"", ""workload"": ""variable""}"
optimized,pr-workload,Device=0 min_width=0 max_width=128 num_rows=32768 workload=variable,False,False,3,1.0107407526284848,0.9773152069641707,1.0529482745064978,True,"{""max_width"": ""128"", ""min_width"": ""0"", ""num_rows"": ""32768"", ""workload"": ""variable""}"
optimized,pr-workload,Device=0 min_width=0 max_width=256 num_rows=32768 workload=variable,False,False,3,1.0322069661463642,0.9406090191659991,1.116245987967937,True,"{""max_width"": ""256"", ""min_width"": ""0"", ""num_rows"": ""32768"", ""workload"": ""variable""}"
optimized,pr-workload,Device=0 min_width=0 max_width=32 num_rows=262144 workload=variable,False,False,3,0.9984845766203186,0.9913050627644766,1.001812297290888,True,"{""max_width"": ""32"", ""min_width"": ""0"", ""num_rows"": ""262144"", ""workload"": ""variable""}"
optimized,pr-workload,Device=0 min_width=0 max_width=64 num_rows=262144 workload=variable,False,False,3,1.000049568078407,0.9699335402856095,1.0362099746406155,True,"{""max_width"": ""64"", ""min_width"": ""0"", ""num_rows"": ""262144"", ""workload"": ""variable""}"
optimized,pr-workload,Device=0 min_width=0 max_width=128 num_rows=262144 workload=variable,False,False,3,1.0014588067203543,0.9644002415664877,1.047767939552276,True,"{""max_width"": ""128"", ""min_width"": ""0"", ""num_rows"": ""262144"", ""workload"": ""variable""}"
optimized,pr-workload,Device=0 min_width=0 max_width=256 num_rows=262144 workload=variable,False,False,3,1.008382680207309,0.9828562514631828,1.0331495566153004,True,"{""max_width"": ""256"", ""min_width"": ""0"", ""num_rows"": ""262144"", ""workload"": ""variable""}"
optimized,pr-workload,Device=0 min_width=0 max_width=32 num_rows=2097152 workload=variable,False,False,3,0.9696167801888456,0.95902991664188,0.9786972467011117,True,"{""max_width"": ""32"", ""min_width"": ""0"", ""num_rows"": ""2097152"", ""workload"": ""variable""}"
optimized,pr-workload,Device=0 min_width=0 max_width=64 num_rows=2097152 workload=variable,False,False,3,1.003805577673166,0.9921954208120243,1.0139465323907635,True,"{""max_width"": ""64"", ""min_width"": ""0"", ""num_rows"": ""2097152"", ""workload"": ""variable""}"
optimized,pr-workload,Device=0 min_width=0 max_width=128 num_rows=2097152 workload=variable,False,False,3,0.9996198686780442,0.9822232809795475,1.0162204661989855,True,"{""max_width"": ""128"", ""min_width"": ""0"", ""num_rows"": ""2097152"", ""workload"": ""variable""}"
optimized,pr-workload,Device=0 min_width=0 max_width=256 num_rows=2097152 workload=variable,False,False,3,1.0034357719349687,0.995646568319583,1.0105980707325564,True,"{""max_width"": ""256"", ""min_width"": ""0"", ""num_rows"": ""2097152"", ""workload"": ""variable""}"
pr2-p32-c4096,segments,Device=0 num_rows=32768 shared_suffix=0 segment_profile=singletons,False,False,3,1.3774580351760692,1.3478267074684052,1.3952136322350708,False,"{""num_rows"": ""32768"", ""segment_profile"": ""singletons"", ""shared_suffix"": ""0""}"
pr2-p32-c4096,segments,Device=0 num_rows=2097152 shared_suffix=0 segment_profile=singletons,False,False,3,1.1143076967493843,0.6703066757666887,2.5107665432210284,True,"{""num_rows"": ""2097152"", ""segment_profile"": ""singletons"", ""shared_suffix"": ""0""}"
pr2-p32-c4096,segments,Device=0 num_rows=32768 shared_suffix=64 segment_profile=singletons,False,False,3,1.6244954866629249,1.501835713298985,1.7123021814429167,False,"{""num_rows"": ""32768"", ""segment_profile"": ""singletons"", ""shared_suffix"": ""64""}"
pr2-p32-c4096,segments,Device=0 num_rows=2097152 shared_suffix=64 segment_profile=singletons,False,False,3,1.2248589161678887,1.2190697124371939,1.228539294228948,False,"{""num_rows"": ""2097152"", ""segment_profile"": ""singletons"", ""shared_suffix"": ""64""}"
pr2-p32-c4096,segments,Device=0 num_rows=32768 shared_suffix=0 segment_profile=pairs,False,False,3,3.4690356817640775,3.37165243102495,3.5569520731982585,False,"{""num_rows"": ""32768"", ""segment_profile"": ""pairs"", ""shared_suffix"": ""0""}"
pr2-p32-c4096,segments,Device=0 num_rows=2097152 shared_suffix=0 segment_profile=pairs,False,False,3,21.128143039267847,21.086033094185087,21.202569382429846,False,"{""num_rows"": ""2097152"", ""segment_profile"": ""pairs"", ""shared_suffix"": ""0""}"
pr2-p32-c4096,segments,Device=0 num_rows=32768 shared_suffix=64 segment_profile=pairs,False,False,3,4.424823274971342,4.391885874873511,4.51300352095293,False,"{""num_rows"": ""32768"", ""segment_profile"": ""pairs"", ""shared_suffix"": ""64""}"
pr2-p32-c4096,segments,Device=0 num_rows=2097152 shared_suffix=64 segment_profile=pairs,False,False,3,30.53367631128708,30.164920996426673,30.779166150025365,False,"{""num_rows"": ""2097152"", ""segment_profile"": ""pairs"", ""shared_suffix"": ""64""}"
pr2-p32-c4096,segments,Device=0 num_rows=32768 shared_suffix=0 segment_profile=tiny4,False,False,3,3.0896220169092583,2.904294935338738,3.237249447571619,False,"{""num_rows"": ""32768"", ""segment_profile"": ""tiny4"", ""shared_suffix"": ""0""}"
pr2-p32-c4096,segments,Device=0 num_rows=2097152 shared_suffix=0 segment_profile=tiny4,False,False,3,15.339921703900972,15.190580903943612,15.477788411407813,False,"{""num_rows"": ""2097152"", ""segment_profile"": ""tiny4"", ""shared_suffix"": ""0""}"
pr2-p32-c4096,segments,Device=0 num_rows=32768 shared_suffix=64 segment_profile=tiny4,False,False,3,4.343649490464394,4.188486803656738,4.496302237479681,False,"{""num_rows"": ""32768"", ""segment_profile"": ""tiny4"", ""shared_suffix"": ""64""}"
pr2-p32-c4096,segments,Device=0 num_rows=2097152 shared_suffix=64 segment_profile=tiny4,False,False,3,26.022670215661414,25.78745882149127,26.221407343326607,False,"{""num_rows"": ""2097152"", ""segment_profile"": ""tiny4"", ""shared_suffix"": ""64""}"
pr2-p32-c4096,segments,Device=0 num_rows=32768 shared_suffix=0 segment_profile=tiny8,False,False,3,2.2955250496582926,2.275935159589298,2.3202158158284947,False,"{""num_rows"": ""32768"", ""segment_profile"": ""tiny8"", ""shared_suffix"": ""0""}"
pr2-p32-c4096,segments,Device=0 num_rows=2097152 shared_suffix=0 segment_profile=tiny8,False,False,3,9.988245586482382,9.808817387627194,10.131907723567826,False,"{""num_rows"": ""2097152"", ""segment_profile"": ""tiny8"", ""shared_suffix"": ""0""}"
pr2-p32-c4096,segments,Device=0 num_rows=32768 shared_suffix=64 segment_profile=tiny8,False,False,3,3.472200557139731,3.430553742691127,3.566119668677194,False,"{""num_rows"": ""32768"", ""segment_profile"": ""tiny8"", ""shared_suffix"": ""64""}"
pr2-p32-c4096,segments,Device=0 num_rows=2097152 shared_suffix=64 segment_profile=tiny8,False,False,3,18.3067095364988,18.20107048007613,18.39048354095596,False,"{""num_rows"": ""2097152"", ""segment_profile"": ""tiny8"", ""shared_suffix"": ""64""}"
pr2-p32-c4096,segments,Device=0 num_rows=32768 shared_suffix=0 segment_profile=tiny16,False,False,3,2.1058578914266772,1.9297750681815884,2.260763486187636,False,"{""num_rows"": ""32768"", ""segment_profile"": ""tiny16"", ""shared_suffix"": ""0""}"
pr2-p32-c4096,segments,Device=0 num_rows=2097152 shared_suffix=0 segment_profile=tiny16,False,False,3,6.664667676934906,6.583506918128632,6.743072706895895,False,"{""num_rows"": ""2097152"", ""segment_profile"": ""tiny16"", ""shared_suffix"": ""0""}"
pr2-p32-c4096,segments,Device=0 num_rows=32768 shared_suffix=64 segment_profile=tiny16,False,False,3,3.123400389616784,3.0557538620755937,3.2194643830205263,False,"{""num_rows"": ""32768"", ""segment_profile"": ""tiny16"", ""shared_suffix"": ""64""}"
pr2-p32-c4096,segments,Device=0 num_rows=2097152 shared_suffix=64 segment_profile=tiny16,False,False,3,12.829523279387754,12.736768268706557,12.911369525799975,False,"{""num_rows"": ""2097152"", ""segment_profile"": ""tiny16"", ""shared_suffix"": ""64""}"
pr2-p32-c4096,segments,Device=0 num_rows=32768 shared_suffix=0 segment_profile=tiny32,False,False,3,2.024110114723305,1.9775133200408985,2.0897862319490166,False,"{""num_rows"": ""32768"", ""segment_profile"": ""tiny32"", ""shared_suffix"": ""0""}"
pr2-p32-c4096,segments,Device=0 num_rows=2097152 shared_suffix=0 segment_profile=tiny32,False,False,3,4.547902744460836,4.497450793180322,4.611999925068064,False,"{""num_rows"": ""2097152"", ""segment_profile"": ""tiny32"", ""shared_suffix"": ""0""}"
pr2-p32-c4096,segments,Device=0 num_rows=32768 shared_suffix=64 segment_profile=tiny32,False,False,3,2.7285744102462757,2.696950742249644,2.7850892572394264,False,"{""num_rows"": ""32768"", ""segment_profile"": ""tiny32"", ""shared_suffix"": ""64""}"
pr2-p32-c4096,segments,Device=0 num_rows=2097152 shared_suffix=64 segment_profile=tiny32,False,False,3,8.357951686934705,8.318096984188344,8.387195475617833,False,"{""num_rows"": ""2097152"", ""segment_profile"": ""tiny32"", ""shared_suffix"": ""64""}"
pr2-p32-c4096,segments,Device=0 num_rows=32768 shared_suffix=0 segment_profile=block256,False,False,3,2.1212998413744244,2.0567973486112807,2.1919712197308234,False,"{""num_rows"": ""32768"", ""segment_profile"": ""block256"", ""shared_suffix"": ""0""}"
pr2-p32-c4096,segments,Device=0 num_rows=2097152 shared_suffix=0 segment_profile=block256,False,False,3,1.6431222728640318,1.6315802559268588,1.654436752148663,False,"{""num_rows"": ""2097152"", ""segment_profile"": ""block256"", ""shared_suffix"": ""0""}"
pr2-p32-c4096,segments,Device=0 num_rows=32768 shared_suffix=64 segment_profile=block256,False,False,3,2.8476158227000012,2.810146687004754,2.879830987447995,False,"{""num_rows"": ""32768"", ""segment_profile"": ""block256"", ""shared_suffix"": ""64""}"
pr2-p32-c4096,segments,Device=0 num_rows=2097152 shared_suffix=64 segment_profile=block256,False,False,3,3.3554215421478517,3.347144578912544,3.3605158038353506,False,"{""num_rows"": ""2097152"", ""segment_profile"": ""block256"", ""shared_suffix"": ""64""}"
pr2-p32-c4096,segments,Device=0 num_rows=32768 shared_suffix=0 segment_profile=logarithmic,False,False,3,1.8670341388562088,1.8227967743689777,1.9200649997904295,False,"{""num_rows"": ""32768"", ""segment_profile"": ""logarithmic"", ""shared_suffix"": ""0""}"
pr2-p32-c4096,segments,Device=0 num_rows=2097152 shared_suffix=0 segment_profile=logarithmic,False,False,3,2.145589660950074,2.132394642138404,2.1553827390746516,False,"{""num_rows"": ""2097152"", ""segment_profile"": ""logarithmic"", ""shared_suffix"": ""0""}"
pr2-p32-c4096,segments,Device=0 num_rows=32768 shared_suffix=64 segment_profile=logarithmic,False,False,3,2.7664412983405064,2.756932044795926,2.7784754577638515,False,"{""num_rows"": ""32768"", ""segment_profile"": ""logarithmic"", ""shared_suffix"": ""64""}"
pr2-p32-c4096,segments,Device=0 num_rows=2097152 shared_suffix=64 segment_profile=logarithmic,False,False,3,1.5839487426670522,1.5746371587774368,1.5966256337828837,False,"{""num_rows"": ""2097152"", ""segment_profile"": ""logarithmic"", ""shared_suffix"": ""64""}"
pr2-p32-c4096,segments,Device=0 num_rows=32768 shared_suffix=0 segment_profile=tiny_plus_giant,False,False,3,1.4778359797080591,1.4765613772218698,1.4783097967772934,False,"{""num_rows"": ""32768"", ""segment_profile"": ""tiny_plus_giant"", ""shared_suffix"": ""0""}"
pr2-p32-c4096,segments,Device=0 num_rows=2097152 shared_suffix=0 segment_profile=tiny_plus_giant,False,False,3,4.743164913763031,4.692565565137745,4.784217300253549,False,"{""num_rows"": ""2097152"", ""segment_profile"": ""tiny_plus_giant"", ""shared_suffix"": ""0""}"
pr2-p32-c4096,segments,Device=0 num_rows=32768 shared_suffix=64 segment_profile=tiny_plus_giant,False,False,3,1.8805180106161798,1.8667277906494073,1.8920996028341919,False,"{""num_rows"": ""32768"", ""segment_profile"": ""tiny_plus_giant"", ""shared_suffix"": ""64""}"
pr2-p32-c4096,segments,Device=0 num_rows=2097152 shared_suffix=64 segment_profile=tiny_plus_giant,False,False,3,7.746647556945847,7.72032247641583,7.76288584971784,False,"{""num_rows"": ""2097152"", ""segment_profile"": ""tiny_plus_giant"", ""shared_suffix"": ""64""}"
pr2-p32-c4096,segments,Device=0 num_rows=32768 shared_suffix=0 segment_profile=hot90,False,False,3,2.4244698139957923,2.3654995573438025,2.5031723712992036,False,"{""num_rows"": ""32768"", ""segment_profile"": ""hot90"", ""shared_suffix"": ""0""}"
pr2-p32-c4096,segments,Device=0 num_rows=2097152 shared_suffix=0 segment_profile=hot90,False,False,3,6.027263806824041,6.016745101395321,6.044910039759469,False,"{""num_rows"": ""2097152"", ""segment_profile"": ""hot90"", ""shared_suffix"": ""0""}"
pr2-p32-c4096,segments,Device=0 num_rows=32768 shared_suffix=64 segment_profile=hot90,False,False,3,3.6881246102878364,3.6800514788323,3.6959244214318794,False,"{""num_rows"": ""32768"", ""segment_profile"": ""hot90"", ""shared_suffix"": ""64""}"
pr2-p32-c4096,segments,Device=0 num_rows=2097152 shared_suffix=64 segment_profile=hot90,False,False,3,10.39505456724731,10.361256750489254,10.431047035312716,False,"{""num_rows"": ""2097152"", ""segment_profile"": ""hot90"", ""shared_suffix"": ""64""}"
pr2-p32-c4096,segments,Device=0 num_rows=32768 shared_suffix=0 segment_profile=few_giants,False,False,3,1.6544152074580285,1.6491137677988676,1.6689958570192087,False,"{""num_rows"": ""32768"", ""segment_profile"": ""few_giants"", ""shared_suffix"": ""0""}"
pr2-p32-c4096,segments,Device=0 num_rows=2097152 shared_suffix=0 segment_profile=few_giants,False,False,3,4.097303108452561,4.063027213402132,4.127081732633264,False,"{""num_rows"": ""2097152"", ""segment_profile"": ""few_giants"", ""shared_suffix"": ""0""}"
pr2-p32-c4096,segments,Device=0 num_rows=32768 shared_suffix=64 segment_profile=few_giants,False,False,3,2.2253104999821867,2.2014999239710056,2.2484535565975077,False,"{""num_rows"": ""32768"", ""segment_profile"": ""few_giants"", ""shared_suffix"": ""64""}"
pr2-p32-c4096,segments,Device=0 num_rows=2097152 shared_suffix=64 segment_profile=few_giants,False,False,3,5.243959255992836,5.2200652745061,5.268557024842312,False,"{""num_rows"": ""2097152"", ""segment_profile"": ""few_giants"", ""shared_suffix"": ""64""}"
pr2-p32-c4096,segments,Device=0 num_rows=32768 shared_suffix=0 segment_profile=one_segment,False,False,3,2.568844994329573,2.528371770259347,2.622054814559888,False,"{""num_rows"": ""32768"", ""segment_profile"": ""one_segment"", ""shared_suffix"": ""0""}"
pr2-p32-c4096,segments,Device=0 num_rows=2097152 shared_suffix=0 segment_profile=one_segment,False,False,3,6.388392091481517,6.371860083390067,6.40163487167259,False,"{""num_rows"": ""2097152"", ""segment_profile"": ""one_segment"", ""shared_suffix"": ""0""}"
pr2-p32-c4096,segments,Device=0 num_rows=32768 shared_suffix=64 segment_profile=one_segment,False,False,3,4.026307304411829,3.995155999628438,4.064691739598935,False,"{""num_rows"": ""32768"", ""segment_profile"": ""one_segment"", ""shared_suffix"": ""64""}"
pr2-p32-c4096,segments,Device=0 num_rows=2097152 shared_suffix=64 segment_profile=one_segment,False,False,3,11.27821140226742,11.2543335962156,11.311685727750323,False,"{""num_rows"": ""2097152"", ""segment_profile"": ""one_segment"", ""shared_suffix"": ""64""}"
pr1-p32-c512,constant,Device=0 num_rows=262144 prefix_width=32 suffix_width=0 prefix_cardinality=1,False,False,3,9.641658035766653,9.51108496763551,9.833267120474192,False,"{""num_rows"": ""262144"", ""prefix_cardinality"": ""1"", ""prefix_width"": ""32"", ""suffix_width"": ""0""}"
pr1-p32-c512,constant,Device=0 num_rows=2097152 prefix_width=32 suffix_width=0 prefix_cardinality=1,False,False,3,17.75990879188104,17.694030768522655,17.853154050016975,False,"{""num_rows"": ""2097152"", ""prefix_cardinality"": ""1"", ""prefix_width"": ""32"", ""suffix_width"": ""0""}"
prefix,pr-diagnostics,Device=0 num_rows=262144 profile=finish_257,False,False,3,2.2488372526321863,2.1917291632693026,2.32562234702626,False,"{""num_rows"": ""262144"", ""profile"": ""finish_257""}"
prefix,pr-diagnostics,Device=0 num_rows=2097152 profile=finish_257,False,False,3,1.894790311785315,1.8621392235393484,1.9161746305577818,False,"{""num_rows"": ""2097152"", ""profile"": ""finish_257""}"
prefix,pr-diagnostics,Device=0 num_rows=262144 profile=finish_1024,False,False,3,2.5047230255193256,2.4204900804414846,2.5537234414566266,False,"{""num_rows"": ""262144"", ""profile"": ""finish_1024""}"
prefix,pr-diagnostics,Device=0 num_rows=2097152 profile=finish_1024,False,False,3,2.10688589294206,2.0664171851464865,2.159616174368364,False,"{""num_rows"": ""2097152"", ""profile"": ""finish_1024""}"
prefix,pr-diagnostics,Device=0 num_rows=262144 profile=finish_4096,False,False,3,3.284031905832132,3.2041389969405403,3.3331330549680187,False,"{""num_rows"": ""262144"", ""profile"": ""finish_4096""}"
prefix,pr-diagnostics,Device=0 num_rows=2097152 profile=finish_4096,False,False,3,2.551984715441357,2.452396622008323,2.6398356491958532,False,"{""num_rows"": ""2097152"", ""profile"": ""finish_4096""}"
prefix,pr-diagnostics,Device=0 num_rows=262144 profile=active_50,False,False,3,1.909256335744719,1.8747586922029242,1.951797078862272,False,"{""num_rows"": ""262144"", ""profile"": ""active_50""}"
prefix,pr-diagnostics,Device=0 num_rows=2097152 profile=active_50,False,False,3,1.557603502191502,1.5360020636206726,1.5777351093841556,False,"{""num_rows"": ""2097152"", ""profile"": ""active_50""}"
prefix,pr-diagnostics,Device=0 num_rows=262144 profile=active_10,False,False,3,1.8476592348612342,1.8151308225138445,1.8938340129002962,False,"{""num_rows"": ""262144"", ""profile"": ""active_10""}"
prefix,pr-diagnostics,Device=0 num_rows=2097152 profile=active_10,False,False,3,1.704527746306943,1.684183366770015,1.7270635193851642,False,"{""num_rows"": ""2097152"", ""profile"": ""active_10""}"
prefix,pr-diagnostics,Device=0 num_rows=262144 profile=active_1,False,False,3,1.3884674639064354,1.36776991517783,1.4201228499510359,False,"{""num_rows"": ""262144"", ""profile"": ""active_1""}"
prefix,pr-diagnostics,Device=0 num_rows=2097152 profile=active_1,False,False,3,1.6729869797012205,1.6165780312111795,1.705950113502322,False,"{""num_rows"": ""2097152"", ""profile"": ""active_1""}"
prefix,pr-diagnostics,Device=0 num_rows=262144 profile=active_0_1,False,False,3,1.4167838704777749,1.3925830087709037,1.4516356176886978,False,"{""num_rows"": ""262144"", ""profile"": ""active_0_1""}"
prefix,pr-diagnostics,Device=0 num_rows=2097152 profile=active_0_1,False,False,3,1.5323947366940758,1.5058446585270993,1.5566580496749005,False,"{""num_rows"": ""2097152"", ""profile"": ""active_0_1""}"
prefix,pr-diagnostics,Device=0 num_rows=262144 profile=duplicates_6,False,False,3,1.246422515077477,1.1905369183036683,1.3158223136968743,False,"{""num_rows"": ""262144"", ""profile"": ""duplicates_6""}"
prefix,pr-diagnostics,Device=0 num_rows=2097152 profile=duplicates_6,False,False,3,0.9151665778887694,0.9048608384957288,0.9250892853627376,True,"{""num_rows"": ""2097152"", ""profile"": ""duplicates_6""}"
prefix,pr-diagnostics,Device=0 num_rows=262144 profile=duplicates_8,False,False,3,1.2474759934128974,1.1848274930195113,1.3200841451677754,False,"{""num_rows"": ""262144"", ""profile"": ""duplicates_8""}"
prefix,pr-diagnostics,Device=0 num_rows=2097152 profile=duplicates_8,False,False,3,0.9143940174715792,0.9056014322433269,0.9219311856951622,True,"{""num_rows"": ""2097152"", ""profile"": ""duplicates_8""}"
prefix,pr-diagnostics,Device=0 num_rows=262144 profile=duplicates_12,False,False,3,1.2926158882142775,1.2766041515990623,1.3068231751650212,False,"{""num_rows"": ""262144"", ""profile"": ""duplicates_12""}"
prefix,pr-diagnostics,Device=0 num_rows=2097152 profile=duplicates_12,False,False,3,0.7311474207591758,0.7239564163085005,0.7389940465486157,True,"{""num_rows"": ""2097152"", ""profile"": ""duplicates_12""}"
prefix,pr-diagnostics,Device=0 num_rows=262144 profile=duplicates_16,False,False,3,1.879007694358109,1.827005769207288,1.9287737275860573,False,"{""num_rows"": ""262144"", ""profile"": ""duplicates_16""}"
prefix,pr-diagnostics,Device=0 num_rows=2097152 profile=duplicates_16,False,False,3,1.2133918543564783,1.204339543751673,1.2202469300979442,False,"{""num_rows"": ""2097152"", ""profile"": ""duplicates_16""}"
prefix,pr-diagnostics,Device=0 num_rows=262144 profile=duplicates_24,False,False,3,2.1836675685220253,2.1582285780709194,2.222247234535505,False,"{""num_rows"": ""262144"", ""profile"": ""duplicates_24""}"
prefix,pr-diagnostics,Device=0 num_rows=2097152 profile=duplicates_24,False,False,3,1.3531907614070318,1.3409578283829937,1.3618974819613883,False,"{""num_rows"": ""2097152"", ""profile"": ""duplicates_24""}"
prefix,pr-diagnostics,Device=0 num_rows=262144 profile=duplicates_32,False,False,3,2.4293750353403905,2.402053825422703,2.464378351573803,False,"{""num_rows"": ""262144"", ""profile"": ""duplicates_32""}"
prefix,pr-diagnostics,Device=0 num_rows=2097152 profile=duplicates_32,False,False,3,1.4162451986288034,1.4104647910142034,1.4223374762554732,False,"{""num_rows"": ""2097152"", ""profile"": ""duplicates_32""}"
prefix,pr-diagnostics,Device=0 num_rows=262144 profile=rle_misaligned,False,False,3,4.355613176685829,4.329591372688405,4.388122406639425,False,"{""num_rows"": ""262144"", ""profile"": ""rle_misaligned""}"
prefix,pr-diagnostics,Device=0 num_rows=2097152 profile=rle_misaligned,False,False,3,3.535914437658587,3.518487739221796,3.551297299838894,False,"{""num_rows"": ""2097152"", ""profile"": ""rle_misaligned""}"
optimized,stable-warps-0,Device=0 num_rows=32768 shared_suffix=0 segment_profile=pairs,True,False,3,0.9796074805747681,0.9091400738708509,1.0639388397719969,True,"{""num_rows"": ""32768"", ""segment_profile"": ""pairs"", ""shared_suffix"": ""0""}"
optimized,stable-warps-0,Device=0 num_rows=2097152 shared_suffix=0 segment_profile=pairs,True,False,3,0.9891492687030021,0.9770172196444702,1.0025459311967113,True,"{""num_rows"": ""2097152"", ""segment_profile"": ""pairs"", ""shared_suffix"": ""0""}"
optimized,stable-warps-0,Device=0 num_rows=32768 shared_suffix=64 segment_profile=pairs,True,False,3,0.9612651559017696,0.8944675857639834,1.0419467350855185,True,"{""num_rows"": ""32768"", ""segment_profile"": ""pairs"", ""shared_suffix"": ""64""}"
optimized,stable-warps-0,Device=0 num_rows=2097152 shared_suffix=64 segment_profile=pairs,True,False,3,0.9514437620776877,0.9397278042991202,0.9648496574193509,True,"{""num_rows"": ""2097152"", ""segment_profile"": ""pairs"", ""shared_suffix"": ""64""}"
optimized,stable-warps-0,Device=0 num_rows=32768 shared_suffix=0 segment_profile=tiny4,True,False,3,0.9800314775488075,0.9657769341681586,1.0000004094801687,True,"{""num_rows"": ""32768"", ""segment_profile"": ""tiny4"", ""shared_suffix"": ""0""}"
optimized,stable-warps-0,Device=0 num_rows=2097152 shared_suffix=0 segment_profile=tiny4,True,False,3,0.9164546848104735,0.903138221195718,0.9318397674360976,True,"{""num_rows"": ""2097152"", ""segment_profile"": ""tiny4"", ""shared_suffix"": ""0""}"
optimized,stable-warps-0,Device=0 num_rows=32768 shared_suffix=64 segment_profile=tiny4,True,False,3,0.9570841899805083,0.9500697616115329,0.9661968922316836,True,"{""num_rows"": ""32768"", ""segment_profile"": ""tiny4"", ""shared_suffix"": ""64""}"
optimized,stable-warps-0,Device=0 num_rows=2097152 shared_suffix=64 segment_profile=tiny4,True,False,3,0.849030332454615,0.8438031245406301,0.8559535916570038,True,"{""num_rows"": ""2097152"", ""segment_profile"": ""tiny4"", ""shared_suffix"": ""64""}"
optimized,stable-warps-0,Device=0 num_rows=32768 shared_suffix=0 segment_profile=tiny8,True,False,3,0.9399139954528677,0.9027010644888579,0.9661730050195483,True,"{""num_rows"": ""32768"", ""segment_profile"": ""tiny8"", ""shared_suffix"": ""0""}"
optimized,stable-warps-0,Device=0 num_rows=2097152 shared_suffix=0 segment_profile=tiny8,True,False,3,0.8120939333178786,0.7977743695303203,0.8297190816788605,True,"{""num_rows"": ""2097152"", ""segment_profile"": ""tiny8"", ""shared_suffix"": ""0""}"
optimized,stable-warps-0,Device=0 num_rows=32768 shared_suffix=64 segment_profile=tiny8,True,False,3,0.9047954562482784,0.8963685641971202,0.9219447575010311,True,"{""num_rows"": ""32768"", ""segment_profile"": ""tiny8"", ""shared_suffix"": ""64""}"
optimized,stable-warps-0,Device=0 num_rows=2097152 shared_suffix=64 segment_profile=tiny8,True,False,3,0.7525868553557733,0.7478263161136438,0.7583643365018845,True,"{""num_rows"": ""2097152"", ""segment_profile"": ""tiny8"", ""shared_suffix"": ""64""}"
optimized,stable-warps-0,Device=0 num_rows=32768 shared_suffix=0 segment_profile=tiny16,True,False,3,0.9105479944368947,0.8435674118656354,0.9634070367330836,True,"{""num_rows"": ""32768"", ""segment_profile"": ""tiny16"", ""shared_suffix"": ""0""}"
optimized,stable-warps-0,Device=0 num_rows=2097152 shared_suffix=0 segment_profile=tiny16,True,False,3,0.7493379645980953,0.7412622729123025,0.7596585221043428,True,"{""num_rows"": ""2097152"", ""segment_profile"": ""tiny16"", ""shared_suffix"": ""0""}"
optimized,stable-warps-0,Device=0 num_rows=32768 shared_suffix=64 segment_profile=tiny16,True,False,3,0.8798908124626001,0.8553112535804263,0.9236794442510038,True,"{""num_rows"": ""32768"", ""segment_profile"": ""tiny16"", ""shared_suffix"": ""64""}"
optimized,stable-warps-0,Device=0 num_rows=2097152 shared_suffix=64 segment_profile=tiny16,True,False,3,0.6753590655968328,0.6726644794441906,0.6791383019748487,True,"{""num_rows"": ""2097152"", ""segment_profile"": ""tiny16"", ""shared_suffix"": ""64""}"
optimized,stable-warps-0,Device=0 num_rows=32768 shared_suffix=0 segment_profile=tiny32,True,False,3,0.9052276560989774,0.8662488566963698,0.9599693526857898,True,"{""num_rows"": ""32768"", ""segment_profile"": ""tiny32"", ""shared_suffix"": ""0""}"
optimized,stable-warps-0,Device=0 num_rows=2097152 shared_suffix=0 segment_profile=tiny32,True,False,3,0.7025699464767448,0.6936738758811221,0.7135457326560773,True,"{""num_rows"": ""2097152"", ""segment_profile"": ""tiny32"", ""shared_suffix"": ""0""}"
optimized,stable-warps-0,Device=0 num_rows=32768 shared_suffix=64 segment_profile=tiny32,True,False,3,0.8520070725261576,0.825517340781991,0.8788727469108544,True,"{""num_rows"": ""32768"", ""segment_profile"": ""tiny32"", ""shared_suffix"": ""64""}"
optimized,stable-warps-0,Device=0 num_rows=2097152 shared_suffix=64 segment_profile=tiny32,True,False,3,0.6483014190110217,0.6460791113098516,0.6510357876531498,True,"{""num_rows"": ""2097152"", ""segment_profile"": ""tiny32"", ""shared_suffix"": ""64""}"
optimized,pr-zero-collisions,Device=0 num_rows=32768 profile=zero_collision_pass1,False,False,3,0.9511525253030345,0.89796976655211,1.0386444498747203,True,"{""num_rows"": ""32768"", ""profile"": ""zero_collision_pass1""}"
optimized,pr-zero-collisions,Device=0 num_rows=32768 profile=zero_collision_pass2,False,False,3,0.9600382248565306,0.9366655203877559,0.9918988238929626,True,"{""num_rows"": ""32768"", ""profile"": ""zero_collision_pass2""}"
prefix,end-to-end,Device=0 min_width=0 max_width=32 num_rows=262144 workload=normal,False,False,3,2.134229025678618,2.0675413920817607,2.195147588683736,False,"{""max_width"": ""32"", ""min_width"": ""0"", ""num_rows"": ""262144"", ""workload"": ""normal""}"
prefix,end-to-end,Device=0 min_width=0 max_width=256 num_rows=262144 workload=normal,False,False,3,5.281419369848945,5.199374468060438,5.430408245871477,False,"{""max_width"": ""256"", ""min_width"": ""0"", ""num_rows"": ""262144"", ""workload"": ""normal""}"
prefix,end-to-end,Device=0 min_width=0 max_width=32 num_rows=2097152 workload=normal,False,False,3,1.8897258443691458,1.8642564405645496,1.9085521581320193,False,"{""max_width"": ""32"", ""min_width"": ""0"", ""num_rows"": ""2097152"", ""workload"": ""normal""}"
prefix,end-to-end,Device=0 min_width=0 max_width=256 num_rows=2097152 workload=normal,False,False,3,2.311454782808917,2.2978657401845903,2.3251399984040155,False,"{""max_width"": ""256"", ""min_width"": ""0"", ""num_rows"": ""2097152"", ""workload"": ""normal""}"
prefix,end-to-end,Device=0 min_width=0 max_width=32 num_rows=262144 workload=duplicates,False,False,3,2.3235797799275604,2.2667092151764625,2.369078017085615,False,"{""max_width"": ""32"", ""min_width"": ""0"", ""num_rows"": ""262144"", ""workload"": ""duplicates""}"
prefix,end-to-end,Device=0 min_width=0 max_width=256 num_rows=262144 workload=duplicates,False,False,3,5.698094293271205,5.619882257313254,5.7709851836292305,False,"{""max_width"": ""256"", ""min_width"": ""0"", ""num_rows"": ""262144"", ""workload"": ""duplicates""}"
prefix,end-to-end,Device=0 min_width=0 max_width=32 num_rows=2097152 workload=duplicates,False,False,3,1.3818274494109697,1.3770284240371087,1.3878943870045581,False,"{""max_width"": ""32"", ""min_width"": ""0"", ""num_rows"": ""2097152"", ""workload"": ""duplicates""}"
prefix,end-to-end,Device=0 min_width=0 max_width=256 num_rows=2097152 workload=duplicates,False,False,3,2.2697475129235642,2.2600102710938432,2.2777677433638326,False,"{""max_width"": ""256"", ""min_width"": ""0"", ""num_rows"": ""2097152"", ""workload"": ""duplicates""}"
prefix,end-to-end,Device=0 min_width=0 max_width=32 num_rows=262144 workload=shared_prefix,False,False,3,2.807543797017201,2.7537981158718465,2.856395906763021,False,"{""max_width"": ""32"", ""min_width"": ""0"", ""num_rows"": ""262144"", ""workload"": ""shared_prefix""}"
prefix,end-to-end,Device=0 min_width=0 max_width=256 num_rows=262144 workload=shared_prefix,False,False,3,4.962648467481276,4.938870794658732,4.980503393577702,False,"{""max_width"": ""256"", ""min_width"": ""0"", ""num_rows"": ""262144"", ""workload"": ""shared_prefix""}"
prefix,end-to-end,Device=0 min_width=0 max_width=32 num_rows=2097152 workload=shared_prefix,False,False,3,3.2428084860786006,3.2275978869834523,3.254121961230034,False,"{""max_width"": ""32"", ""min_width"": ""0"", ""num_rows"": ""2097152"", ""workload"": ""shared_prefix""}"
prefix,end-to-end,Device=0 min_width=0 max_width=256 num_rows=2097152 workload=shared_prefix,False,False,3,5.3441661895959385,5.337806171207234,5.349513620026439,False,"{""max_width"": ""256"", ""min_width"": ""0"", ""num_rows"": ""2097152"", ""workload"": ""shared_prefix""}"
prefix,end-to-end,Device=0 min_width=0 max_width=32 num_rows=262144 workload=variable,False,False,3,1.0523157766256326,1.0249622355266126,1.0653927935143173,False,"{""max_width"": ""32"", ""min_width"": ""0"", ""num_rows"": ""262144"", ""workload"": ""variable""}"
prefix,end-to-end,Device=0 min_width=0 max_width=256 num_rows=262144 workload=variable,False,False,3,1.2135737592459253,1.1821026917327715,1.2542953711702283,False,"{""max_width"": ""256"", ""min_width"": ""0"", ""num_rows"": ""262144"", ""workload"": ""variable""}"
prefix,end-to-end,Device=0 min_width=0 max_width=32 num_rows=2097152 workload=variable,False,False,3,1.6253273495242695,1.5929783718762338,1.6556387409403877,False,"{""max_width"": ""32"", ""min_width"": ""0"", ""num_rows"": ""2097152"", ""workload"": ""variable""}"
prefix,end-to-end,Device=0 min_width=0 max_width=256 num_rows=2097152 workload=variable,False,False,3,1.596661204758958,1.5710561922317803,1.6149352451407344,False,"{""max_width"": ""256"", ""min_width"": ""0"", ""num_rows"": ""2097152"", ""workload"": ""variable""}"
pr1-p32-c512,target,Device=0 num_rows=262144 max_width=32 cardinality=1,False,False,3,1.0022650097386758,0.9164861943800044,1.0931327367229717,True,"{""cardinality"": ""1"", ""max_width"": ""32"", ""num_rows"": ""262144""}"
pr1-p32-c512,target,Device=0 num_rows=2097152 max_width=32 cardinality=1,False,False,3,0.956593109508049,0.8740655414757021,1.0879115323030621,True,"{""cardinality"": ""1"", ""max_width"": ""32"", ""num_rows"": ""2097152""}"
pr1-p32-c512,target,Device=0 num_rows=262144 max_width=128 cardinality=1,False,False,3,18.98081878018573,18.73757570623899,19.11651744216799,False,"{""cardinality"": ""1"", ""max_width"": ""128"", ""num_rows"": ""262144""}"
pr1-p32-c512,target,Device=0 num_rows=2097152 max_width=128 cardinality=1,False,False,3,29.927095047328343,29.83806399454333,30.02822996161152,False,"{""cardinality"": ""1"", ""max_width"": ""128"", ""num_rows"": ""2097152""}"
pr1-p32-c512,target,Device=0 num_rows=262144 max_width=32 cardinality=64,False,False,3,1.6348229986017968,1.5873202369559731,1.6865140966831127,False,"{""cardinality"": ""64"", ""max_width"": ""32"", ""num_rows"": ""262144""}"
pr1-p32-c512,target,Device=0 num_rows=2097152 max_width=32 cardinality=64,False,False,3,0.8015913225306044,0.7912647496760302,0.8114023329089514,True,"{""cardinality"": ""64"", ""max_width"": ""32"", ""num_rows"": ""2097152""}"
pr1-p32-c512,target,Device=0 num_rows=262144 max_width=128 cardinality=64,False,False,3,2.424258263787614,2.3875135427512353,2.461938001494473,False,"{""cardinality"": ""64"", ""max_width"": ""128"", ""num_rows"": ""262144""}"
pr1-p32-c512,target,Device=0 num_rows=2097152 max_width=128 cardinality=64,False,False,3,1.1450299816321996,1.1250591300571646,1.166263601037583,False,"{""cardinality"": ""64"", ""max_width"": ""128"", ""num_rows"": ""2097152""}"
pr1-p32-c512,target,Device=0 num_rows=262144 max_width=32 cardinality=0,False,False,3,1.309054444402775,1.279055811176888,1.34555804101862,False,"{""cardinality"": ""0"", ""max_width"": ""32"", ""num_rows"": ""262144""}"
pr1-p32-c512,target,Device=0 num_rows=2097152 max_width=32 cardinality=0,False,False,3,1.5931103297813243,1.5577358650600903,1.6252672381716444,False,"{""cardinality"": ""0"", ""max_width"": ""32"", ""num_rows"": ""2097152""}"
pr1-p32-c512,target,Device=0 num_rows=262144 max_width=128 cardinality=0,False,False,3,1.402062679454493,1.345121173468554,1.4554592456096798,False,"{""cardinality"": ""0"", ""max_width"": ""128"", ""num_rows"": ""262144""}"
pr1-p32-c512,target,Device=0 num_rows=2097152 max_width=128 cardinality=0,False,False,3,1.4827033968514753,1.4460558605522782,1.5113673261209402,False,"{""cardinality"": ""0"", ""max_width"": ""128"", ""num_rows"": ""2097152""}"
pr1-p32-c512,target,Device=0 num_rows=262144 prefix_width=4 suffix_width=32 prefix_cardinality=1,False,False,3,1.4997216867929772,1.40498242024799,1.5908001604800366,False,"{""num_rows"": ""262144"", ""prefix_cardinality"": ""1"", ""prefix_width"": ""4"", ""suffix_width"": ""32""}"
pr1-p32-c512,target,Device=0 num_rows=2097152 prefix_width=4 suffix_width=32 prefix_cardinality=1,False,False,3,2.4850740663527278,2.4143935410727946,2.5412181426881215,False,"{""num_rows"": ""2097152"", ""prefix_cardinality"": ""1"", ""prefix_width"": ""4"", ""suffix_width"": ""32""}"
pr1-p32-c512,target,Device=0 num_rows=262144 prefix_width=8 suffix_width=32 prefix_cardinality=1,False,False,3,6.99246930438731,6.9097544247359135,7.071745708524659,False,"{""num_rows"": ""262144"", ""prefix_cardinality"": ""1"", ""prefix_width"": ""8"", ""suffix_width"": ""32""}"
pr1-p32-c512,target,Device=0 num_rows=2097152 prefix_width=8 suffix_width=32 prefix_cardinality=1,False,False,3,8.122625254178228,8.082508420958698,8.175449596439195,False,"{""num_rows"": ""2097152"", ""prefix_cardinality"": ""1"", ""prefix_width"": ""8"", ""suffix_width"": ""32""}"
pr1-p32-c512,target,Device=0 num_rows=262144 prefix_width=10 suffix_width=32 prefix_cardinality=1,False,False,3,5.596478142855316,5.559803786427228,5.628930113901228,False,"{""num_rows"": ""262144"", ""prefix_cardinality"": ""1"", ""prefix_width"": ""10"", ""suffix_width"": ""32""}"
pr1-p32-c512,target,Device=0 num_rows=2097152 prefix_width=10 suffix_width=32 prefix_cardinality=1,False,False,3,6.70751839082979,6.675941843845863,6.736340744321254,False,"{""num_rows"": ""2097152"", ""prefix_cardinality"": ""1"", ""prefix_width"": ""10"", ""suffix_width"": ""32""}"
pr1-p32-c512,target,Device=0 num_rows=262144 prefix_width=11 suffix_width=32 prefix_cardinality=1,False,False,3,5.2132198321166,5.150841682131886,5.260752001106627,False,"{""num_rows"": ""262144"", ""prefix_cardinality"": ""1"", ""prefix_width"": ""11"", ""suffix_width"": ""32""}"
pr1-p32-c512,target,Device=0 num_rows=2097152 prefix_width=11 suffix_width=32 prefix_cardinality=1,False,False,3,6.284087805625089,6.262077114704064,6.309023867760124,False,"{""num_rows"": ""2097152"", ""prefix_cardinality"": ""1"", ""prefix_width"": ""11"", ""suffix_width"": ""32""}"
pr1-p32-c512,target,Device=0 num_rows=262144 prefix_width=12 suffix_width=32 prefix_cardinality=1,False,False,3,4.802427679193518,4.746390855284874,4.859505961030551,False,"{""num_rows"": ""262144"", ""prefix_cardinality"": ""1"", ""prefix_width"": ""12"", ""suffix_width"": ""32""}"
pr1-p32-c512,target,Device=0 num_rows=2097152 prefix_width=12 suffix_width=32 prefix_cardinality=1,False,False,3,5.90731324916106,5.890967806297556,5.9262705139521294,False,"{""num_rows"": ""2097152"", ""prefix_cardinality"": ""1"", ""prefix_width"": ""12"", ""suffix_width"": ""32""}"
pr1-p32-c512,target,Device=0 num_rows=262144 prefix_width=64 suffix_width=32 prefix_cardinality=1,False,False,3,9.324396103881421,9.305215882967339,9.349119667688276,False,"{""num_rows"": ""262144"", ""prefix_cardinality"": ""1"", ""prefix_width"": ""64"", ""suffix_width"": ""32""}"
pr1-p32-c512,target,Device=0 num_rows=2097152 prefix_width=64 suffix_width=32 prefix_cardinality=1,False,False,3,11.124783298071815,11.121383992062027,11.129299770179387,False,"{""num_rows"": ""2097152"", ""prefix_cardinality"": ""1"", ""prefix_width"": ""64"", ""suffix_width"": ""32""}"
pr1-p32-c512,target,Device=0 num_rows=262144 prefix_width=4 suffix_width=32 prefix_cardinality=64,False,False,3,1.692138971573845,1.601632806188089,1.7711177097877087,False,"{""num_rows"": ""262144"", ""prefix_cardinality"": ""64"", ""prefix_width"": ""4"", ""suffix_width"": ""32""}"
pr1-p32-c512,target,Device=0 num_rows=2097152 prefix_width=4 suffix_width=32 prefix_cardinality=64,False,False,3,1.419819644099925,1.3904483940567032,1.4500446195262706,False,"{""num_rows"": ""2097152"", ""prefix_cardinality"": ""64"", ""prefix_width"": ""4"", ""suffix_width"": ""32""}"
pr1-p32-c512,target,Device=0 num_rows=262144 prefix_width=8 suffix_width=32 prefix_cardinality=64,False,False,3,1.2033668735750729,1.1752575308517477,1.2331954360507877,False,"{""num_rows"": ""262144"", ""prefix_cardinality"": ""64"", ""prefix_width"": ""8"", ""suffix_width"": ""32""}"
pr1-p32-c512,target,Device=0 num_rows=2097152 prefix_width=8 suffix_width=32 prefix_cardinality=64,False,False,3,0.366418308976939,0.36377665021963496,0.36965350250487233,True,"{""num_rows"": ""2097152"", ""prefix_cardinality"": ""64"", ""prefix_width"": ""8"", ""suffix_width"": ""32""}"
pr1-p32-c512,target,Device=0 num_rows=262144 prefix_width=10 suffix_width=32 prefix_cardinality=64,False,False,3,1.1019023895058253,1.0706395056751998,1.126529653304055,False,"{""num_rows"": ""262144"", ""prefix_cardinality"": ""64"", ""prefix_width"": ""10"", ""suffix_width"": ""32""}"
pr1-p32-c512,target,Device=0 num_rows=2097152 prefix_width=10 suffix_width=32 prefix_cardinality=64,False,False,3,0.32396374769306346,0.32230159561981103,0.32542947593427346,True,"{""num_rows"": ""2097152"", ""prefix_cardinality"": ""64"", ""prefix_width"": ""10"", ""suffix_width"": ""32""}"
pr1-p32-c512,target,Device=0 num_rows=262144 prefix_width=11 suffix_width=32 prefix_cardinality=64,False,False,3,1.058197676336071,1.0238414109824,1.0871084600494143,False,"{""num_rows"": ""262144"", ""prefix_cardinality"": ""64"", ""prefix_width"": ""11"", ""suffix_width"": ""32""}"
pr1-p32-c512,target,Device=0 num_rows=2097152 prefix_width=11 suffix_width=32 prefix_cardinality=64,False,False,3,0.31433567532969625,0.3138750607898544,0.3147155629686989,True,"{""num_rows"": ""2097152"", ""prefix_cardinality"": ""64"", ""prefix_width"": ""11"", ""suffix_width"": ""32""}"
pr1-p32-c512,target,Device=0 num_rows=262144 prefix_width=12 suffix_width=32 prefix_cardinality=64,False,False,3,1.029781618443348,0.9858524739664821,1.0705651932639408,True,"{""num_rows"": ""262144"", ""prefix_cardinality"": ""64"", ""prefix_width"": ""12"", ""suffix_width"": ""32""}"
pr1-p32-c512,target,Device=0 num_rows=2097152 prefix_width=12 suffix_width=32 prefix_cardinality=64,False,False,3,0.30620316096185,0.3060164846605288,0.3063218811589134,True,"{""num_rows"": ""2097152"", ""prefix_cardinality"": ""64"", ""prefix_width"": ""12"", ""suffix_width"": ""32""}"
pr1-p32-c512,target,Device=0 num_rows=262144 prefix_width=64 suffix_width=32 prefix_cardinality=64,False,False,3,1.5888718630478993,1.5618734653829578,1.6209205161885296,False,"{""num_rows"": ""262144"", ""prefix_cardinality"": ""64"", ""prefix_width"": ""64"", ""suffix_width"": ""32""}"
pr1-p32-c512,target,Device=0 num_rows=2097152 prefix_width=64 suffix_width=32 prefix_cardinality=64,False,False,3,0.5146773672431014,0.5141263190869892,0.515149243434523,True,"{""num_rows"": ""2097152"", ""prefix_cardinality"": ""64"", ""prefix_width"": ""64"", ""suffix_width"": ""32""}"
pr1-p32-c512,end-to-end,Device=0 min_width=0 max_width=32 num_rows=262144 workload=normal,False,False,3,1.181586773709684,1.1245598327146038,1.2349597203928098,False,"{""max_width"": ""32"", ""min_width"": ""0"", ""num_rows"": ""262144"", ""workload"": ""normal""}"
pr1-p32-c512,end-to-end,Device=0 min_width=0 max_width=256 num_rows=262144 workload=normal,False,False,3,1.6286816749005548,1.6028839976726563,1.6749284591137645,False,"{""max_width"": ""256"", ""min_width"": ""0"", ""num_rows"": ""262144"", ""workload"": ""normal""}"
pr1-p32-c512,end-to-end,Device=0 min_width=0 max_width=32 num_rows=2097152 workload=normal,False,False,3,1.3277680686168032,1.2903450605266231,1.3536014014002848,False,"{""max_width"": ""32"", ""min_width"": ""0"", ""num_rows"": ""2097152"", ""workload"": ""normal""}"
pr1-p32-c512,end-to-end,Device=0 min_width=0 max_width=256 num_rows=2097152 workload=normal,False,False,3,1.8534867098219383,1.8409203813108943,1.864354431897948,False,"{""max_width"": ""256"", ""min_width"": ""0"", ""num_rows"": ""2097152"", ""workload"": ""normal""}"
pr1-p32-c512,end-to-end,Device=0 min_width=0 max_width=32 num_rows=262144 workload=duplicates,False,False,3,1.5419505295123384,1.478595618559431,1.5943485659235257,False,"{""max_width"": ""32"", ""min_width"": ""0"", ""num_rows"": ""262144"", ""workload"": ""duplicates""}"
pr1-p32-c512,end-to-end,Device=0 min_width=0 max_width=256 num_rows=262144 workload=duplicates,False,False,3,2.3981538740791413,2.343451142597797,2.439077320727872,False,"{""max_width"": ""256"", ""min_width"": ""0"", ""num_rows"": ""262144"", ""workload"": ""duplicates""}"
pr1-p32-c512,end-to-end,Device=0 min_width=0 max_width=32 num_rows=2097152 workload=duplicates,False,False,3,0.8328492480676306,0.8216260329942413,0.8419105955555624,True,"{""max_width"": ""32"", ""min_width"": ""0"", ""num_rows"": ""2097152"", ""workload"": ""duplicates""}"
pr1-p32-c512,end-to-end,Device=0 min_width=0 max_width=256 num_rows=2097152 workload=duplicates,False,False,3,1.3722320039602893,1.3613147935740169,1.3808158427611679,False,"{""max_width"": ""256"", ""min_width"": ""0"", ""num_rows"": ""2097152"", ""workload"": ""duplicates""}"
pr1-p32-c512,end-to-end,Device=0 min_width=0 max_width=32 num_rows=262144 workload=shared_prefix,False,False,3,8.163789441451055,8.002462180284699,8.309448596506826,False,"{""max_width"": ""32"", ""min_width"": ""0"", ""num_rows"": ""262144"", ""workload"": ""shared_prefix""}"
pr1-p32-c512,end-to-end,Device=0 min_width=0 max_width=256 num_rows=262144 workload=shared_prefix,False,False,3,6.185914787199607,6.143969767444336,6.215071466686011,False,"{""max_width"": ""256"", ""min_width"": ""0"", ""num_rows"": ""262144"", ""workload"": ""shared_prefix""}"
pr1-p32-c512,end-to-end,Device=0 min_width=0 max_width=32 num_rows=2097152 workload=shared_prefix,False,False,3,11.046896453462246,10.989944375085763,11.095591868023645,False,"{""max_width"": ""32"", ""min_width"": ""0"", ""num_rows"": ""2097152"", ""workload"": ""shared_prefix""}"
pr1-p32-c512,end-to-end,Device=0 min_width=0 max_width=256 num_rows=2097152 workload=shared_prefix,False,False,3,10.468691267317391,10.457412699561692,10.478009859829907,False,"{""max_width"": ""256"", ""min_width"": ""0"", ""num_rows"": ""2097152"", ""workload"": ""shared_prefix""}"
pr1-p32-c512,end-to-end,Device=0 min_width=0 max_width=32 num_rows=262144 workload=variable,False,False,3,1.2350609657781986,1.1494994287970708,1.3371406616480364,False,"{""max_width"": ""32"", ""min_width"": ""0"", ""num_rows"": ""262144"", ""workload"": ""variable""}"
pr1-p32-c512,end-to-end,Device=0 min_width=0 max_width=256 num_rows=262144 workload=variable,False,False,3,1.4228262710879507,1.3809557715955583,1.4791610173168948,False,"{""max_width"": ""256"", ""min_width"": ""0"", ""num_rows"": ""262144"", ""workload"": ""variable""}"
pr1-p32-c512,end-to-end,Device=0 min_width=0 max_width=32 num_rows=2097152 workload=variable,False,False,3,1.3517663500711532,1.305958289964759,1.3857187465057408,False,"{""max_width"": ""32"", ""min_width"": ""0"", ""num_rows"": ""2097152"", ""workload"": ""variable""}"
pr1-p32-c512,end-to-end,Device=0 min_width=0 max_width=256 num_rows=2097152 workload=variable,False,False,3,1.2046702085819412,1.175975560276205,1.2245218171783503,False,"{""max_width"": ""256"", ""min_width"": ""0"", ""num_rows"": ""2097152"", ""workload"": ""variable""}"
pr1-p32-c512,main,Device=0 min_width=1 max_width=8 num_rows=32768,False,False,3,1.4369165806562343,1.4224364083220855,1.4557090428868071,False,"{""max_width"": ""8"", ""min_width"": ""1"", ""num_rows"": ""32768""}"
pr1-p32-c512,main,Device=0 min_width=1 max_width=32 num_rows=32768,False,False,3,1.8617420358882057,1.8462629995733615,1.870091080070955,False,"{""max_width"": ""32"", ""min_width"": ""1"", ""num_rows"": ""32768""}"
pr1-p32-c512,main,Device=0 min_width=1 max_width=64 num_rows=32768,False,False,3,1.9667211629258647,1.9488539727933933,1.9792415265221346,False,"{""max_width"": ""64"", ""min_width"": ""1"", ""num_rows"": ""32768""}"
pr1-p32-c512,main,Device=0 min_width=1 max_width=128 num_rows=32768,False,False,3,2.2858911168035805,2.2796378810484637,2.291102801401174,False,"{""max_width"": ""128"", ""min_width"": ""1"", ""num_rows"": ""32768""}"
pr1-p32-c512,main,Device=0 min_width=1 max_width=256 num_rows=32768,False,False,3,2.210442871770176,2.179726235524713,2.245975386282896,False,"{""max_width"": ""256"", ""min_width"": ""1"", ""num_rows"": ""32768""}"
pr1-p32-c512,main,Device=0 min_width=1 max_width=8 num_rows=262144,False,False,3,1.0562515968915178,1.0311148933114698,1.0760948950197262,False,"{""max_width"": ""8"", ""min_width"": ""1"", ""num_rows"": ""262144""}"
pr1-p32-c512,main,Device=0 min_width=1 max_width=32 num_rows=262144,False,False,3,1.2798082109589006,1.2644477115679482,1.289215289085456,False,"{""max_width"": ""32"", ""min_width"": ""1"", ""num_rows"": ""262144""}"
pr1-p32-c512,main,Device=0 min_width=1 max_width=64 num_rows=262144,False,False,3,1.3033519190341996,1.2808012183332325,1.3406442587376788,False,"{""max_width"": ""64"", ""min_width"": ""1"", ""num_rows"": ""262144""}"
pr1-p32-c512,main,Device=0 min_width=1 max_width=128 num_rows=262144,False,False,3,1.4559962356460225,1.415531862034536,1.5035617170669682,False,"{""max_width"": ""128"", ""min_width"": ""1"", ""num_rows"": ""262144""}"
pr1-p32-c512,main,Device=0 min_width=1 max_width=256 num_rows=262144,False,False,3,1.7361196601033755,1.7230559204968232,1.7677883539406578,False,"{""max_width"": ""256"", ""min_width"": ""1"", ""num_rows"": ""262144""}"
pr1-p32-c512,main,Device=0 min_width=1 max_width=8 num_rows=2097152,False,False,3,0.916145884225401,0.9061128270309154,0.9215696700739313,True,"{""max_width"": ""8"", ""min_width"": ""1"", ""num_rows"": ""2097152""}"
pr1-p32-c512,main,Device=0 min_width=1 max_width=32 num_rows=2097152,False,False,3,1.4517154684643476,1.4436695374446091,1.4668789141043725,False,"{""max_width"": ""32"", ""min_width"": ""1"", ""num_rows"": ""2097152""}"
pr1-p32-c512,main,Device=0 min_width=1 max_width=64 num_rows=2097152,False,False,3,1.8496839866416828,1.8254357674313897,1.8832621675416286,False,"{""max_width"": ""64"", ""min_width"": ""1"", ""num_rows"": ""2097152""}"
pr1-p32-c512,main,Device=0 min_width=1 max_width=128 num_rows=2097152,False,False,3,2.0619796814529336,1.9997436303321716,2.145339871727391,False,"{""max_width"": ""128"", ""min_width"": ""1"", ""num_rows"": ""2097152""}"
pr1-p32-c512,main,Device=0 min_width=1 max_width=256 num_rows=2097152,False,False,3,1.892866948296078,1.8449237323959369,1.952950091565169,False,"{""max_width"": ""256"", ""min_width"": ""1"", ""num_rows"": ""2097152""}"
pr1-p32-c512,main,Device=0 min_width=1 max_width=8 num_rows=16777216,False,False,3,0.4966531608382565,0.49604276787776064,0.49708547026342587,True,"{""max_width"": ""8"", ""min_width"": ""1"", ""num_rows"": ""16777216""}"
pr1-p32-c512,main,Device=0 min_width=1 max_width=32 num_rows=16777216,False,False,3,0.6670038474389955,0.6646277516341762,0.668783874467395,True,"{""max_width"": ""32"", ""min_width"": ""1"", ""num_rows"": ""16777216""}"
pr1-p32-c512,main,Device=0 min_width=1 max_width=64 num_rows=16777216,False,False,3,0.8342873666299604,0.828798538997533,0.8390125515066684,True,"{""max_width"": ""64"", ""min_width"": ""1"", ""num_rows"": ""16777216""}"
pr1-p32-c512,main,Device=0 min_width=1 max_width=128 num_rows=16777216,False,False,3,0.9064292816962866,0.902467134315129,0.9116237508395173,True,"{""max_width"": ""128"", ""min_width"": ""1"", ""num_rows"": ""16777216""}"
pr1-p32-c512,main,Device=0 min_width=1 max_width=256 num_rows=16777216,False,False,3,0.9266681168634948,0.9241465092825347,0.9298999500650419,True,"{""max_width"": ""256"", ""min_width"": ""1"", ""num_rows"": ""16777216""}"
pr1-p32-c512,main,Device=0 num_rows=262144 profile=cardinality_1_width_32,False,False,3,0.9340584627761037,0.9182022664320642,0.9610364036786954,True,"{""num_rows"": ""262144"", ""profile"": ""cardinality_1_width_32""}"
pr1-p32-c512,main,Device=0 num_rows=2097152 profile=cardinality_1_width_32,False,False,3,1.0179924177907744,0.9648790069827491,1.0558387814830732,True,"{""num_rows"": ""2097152"", ""profile"": ""cardinality_1_width_32""}"
pr1-p32-c512,main,Device=0 num_rows=262144 profile=cardinality_64_width_128,False,False,3,2.4232867253863453,2.386742086294506,2.4655235160362663,False,"{""num_rows"": ""262144"", ""profile"": ""cardinality_64_width_128""}"
pr1-p32-c512,main,Device=0 num_rows=2097152 profile=cardinality_64_width_128,False,False,3,1.1456264303991528,1.125832212375104,1.1625263401549983,False,"{""num_rows"": ""2097152"", ""profile"": ""cardinality_64_width_128""}"
pr1-p32-c512,main,Device=0 num_rows=262144 profile=shared_prefix_64,False,False,3,9.313489565634773,9.276435416563663,9.352942115415173,False,"{""num_rows"": ""262144"", ""profile"": ""shared_prefix_64""}"
pr1-p32-c512,main,Device=0 num_rows=2097152 profile=shared_prefix_64,False,False,3,11.112872514788126,11.103659631780744,11.123945316657611,False,"{""num_rows"": ""2097152"", ""profile"": ""shared_prefix_64""}"
pr1-p32-c512,main,Device=0 num_rows=262144 profile=variable_128,False,False,3,1.4080860657590366,1.3842506353780086,1.436224810979831,False,"{""num_rows"": ""262144"", ""profile"": ""variable_128""}"
pr1-p32-c512,main,Device=0 num_rows=2097152 profile=variable_128,False,False,3,1.4938509015989776,1.47757522791231,1.5007295872224613,False,"{""num_rows"": ""2097152"", ""profile"": ""variable_128""}"
pr1-p32-c512,main,Device=0 num_rows=262144 profile=fixed_8 null_percent=0,False,False,3,1.629577075768426,1.5756183760720142,1.661097079434658,False,"{""null_percent"": ""0"", ""num_rows"": ""262144"", ""profile"": ""fixed_8""}"
pr1-p32-c512,main,Device=0 num_rows=2097152 profile=fixed_8 null_percent=0,False,False,3,2.1955824535551622,2.1621830831219153,2.2214901399950375,False,"{""null_percent"": ""0"", ""num_rows"": ""2097152"", ""profile"": ""fixed_8""}"
pr1-p32-c512,main,Device=0 num_rows=262144 profile=variable_128 null_percent=0,False,False,3,1.4088661282406727,1.3842557998988074,1.434130732857511,False,"{""null_percent"": ""0"", ""num_rows"": ""262144"", ""profile"": ""variable_128""}"
pr1-p32-c512,main,Device=0 num_rows=2097152 profile=variable_128 null_percent=0,False,False,3,1.4847972862287562,1.4755520975402863,1.4899605810584113,False,"{""null_percent"": ""0"", ""num_rows"": ""2097152"", ""profile"": ""variable_128""}"
pr1-p32-c512,main,Device=0 num_rows=262144 profile=fixed_8 null_percent=50,False,False,3,1.7653889547531527,1.6801499874991455,1.8490095901425818,False,"{""null_percent"": ""50"", ""num_rows"": ""262144"", ""profile"": ""fixed_8""}"
pr1-p32-c512,main,Device=0 num_rows=2097152 profile=fixed_8 null_percent=50,False,False,3,1.239541570460603,1.222697070587391,1.2499686278774025,False,"{""null_percent"": ""50"", ""num_rows"": ""2097152"", ""profile"": ""fixed_8""}"
pr1-p32-c512,main,Device=0 num_rows=262144 profile=variable_128 null_percent=50,False,False,3,1.4813608234519466,1.4664905222332236,1.5014417647889262,False,"{""null_percent"": ""50"", ""num_rows"": ""262144"", ""profile"": ""variable_128""}"
pr1-p32-c512,main,Device=0 num_rows=2097152 profile=variable_128 null_percent=50,False,False,3,0.7511484891259541,0.745087189457985,0.757639483064151,True,"{""null_percent"": ""50"", ""num_rows"": ""2097152"", ""profile"": ""variable_128""}"
pr1-p32-c512,main,Device=0 num_rows=262144 profile=fixed_8 null_percent=100,False,False,3,0.9859937236018779,0.9171846925130749,1.1200177589488929,True,"{""null_percent"": ""100"", ""num_rows"": ""262144"", ""profile"": ""fixed_8""}"
pr1-p32-c512,main,Device=0 num_rows=2097152 profile=fixed_8 null_percent=100,False,False,3,0.9909689527565706,0.9365244084453184,1.0323168585189921,True,"{""null_percent"": ""100"", ""num_rows"": ""2097152"", ""profile"": ""fixed_8""}"
pr1-p32-c512,main,Device=0 num_rows=262144 profile=variable_128 null_percent=100,False,False,3,1.0223572301254407,0.8257968131445615,1.173461778855565,True,"{""null_percent"": ""100"", ""num_rows"": ""262144"", ""profile"": ""variable_128""}"
pr1-p32-c512,main,Device=0 num_rows=2097152 profile=variable_128 null_percent=100,False,False,3,0.9998137094612324,0.96684972511475,1.0389613820816042,True,"{""null_percent"": ""100"", ""num_rows"": ""2097152"", ""profile"": ""variable_128""}"
optimized,segments,Device=0 num_rows=32768 shared_suffix=0 segment_profile=singletons,False,False,3,0.9967557120458046,0.9683545571178498,1.0187726700030852,True,"{""num_rows"": ""32768"", ""segment_profile"": ""singletons"", ""shared_suffix"": ""0""}"
optimized,segments,Device=0 num_rows=2097152 shared_suffix=0 segment_profile=singletons,False,False,3,1.0008778199894466,0.5505869575346861,2.5588574233934906,True,"{""num_rows"": ""2097152"", ""segment_profile"": ""singletons"", ""shared_suffix"": ""0""}"
optimized,segments,Device=0 num_rows=32768 shared_suffix=64 segment_profile=singletons,False,False,3,1.0067810520360663,0.9180221213895868,1.0503065798561784,True,"{""num_rows"": ""32768"", ""segment_profile"": ""singletons"", ""shared_suffix"": ""64""}"
optimized,segments,Device=0 num_rows=2097152 shared_suffix=64 segment_profile=singletons,False,False,3,0.9988112332394555,0.9958109416621954,1.004451970403676,True,"{""num_rows"": ""2097152"", ""segment_profile"": ""singletons"", ""shared_suffix"": ""64""}"
optimized,segments,Device=0 num_rows=32768 shared_suffix=0 segment_profile=pairs,False,False,3,1.0103058413399564,0.996095212109014,1.0196747251338776,True,"{""num_rows"": ""32768"", ""segment_profile"": ""pairs"", ""shared_suffix"": ""0""}"
optimized,segments,Device=0 num_rows=2097152 shared_suffix=0 segment_profile=pairs,False,False,3,1.0012685174413514,0.9945898032192154,1.0098035923811033,True,"{""num_rows"": ""2097152"", ""segment_profile"": ""pairs"", ""shared_suffix"": ""0""}"
optimized,segments,Device=0 num_rows=32768 shared_suffix=64 segment_profile=pairs,False,False,3,0.9785576501374978,0.9636705784020155,1.006356095011929,True,"{""num_rows"": ""32768"", ""segment_profile"": ""pairs"", ""shared_suffix"": ""64""}"
optimized,segments,Device=0 num_rows=2097152 shared_suffix=64 segment_profile=pairs,False,False,3,1.0046916887811705,0.9957994980554423,1.0079796973136095,True,"{""num_rows"": ""2097152"", ""segment_profile"": ""pairs"", ""shared_suffix"": ""64""}"
optimized,segments,Device=0 num_rows=32768 shared_suffix=0 segment_profile=tiny4,False,False,3,0.999342454552119,0.9762538590893496,1.0178065385579844,True,"{""num_rows"": ""32768"", ""segment_profile"": ""tiny4"", ""shared_suffix"": ""0""}"
optimized,segments,Device=0 num_rows=2097152 shared_suffix=0 segment_profile=tiny4,False,False,3,1.000458156629458,0.9987030120698701,1.0038536564814236,True,"{""num_rows"": ""2097152"", ""segment_profile"": ""tiny4"", ""shared_suffix"": ""0""}"
optimized,segments,Device=0 num_rows=32768 shared_suffix=64 segment_profile=tiny4,False,False,3,1.0020933317380392,0.9704947003476894,1.0273859750004564,True,"{""num_rows"": ""32768"", ""segment_profile"": ""tiny4"", ""shared_suffix"": ""64""}"
optimized,segments,Device=0 num_rows=2097152 shared_suffix=64 segment_profile=tiny4,False,False,3,1.0069079476505092,0.9990819287709862,1.0097864396367513,True,"{""num_rows"": ""2097152"", ""segment_profile"": ""tiny4"", ""shared_suffix"": ""64""}"
optimized,segments,Device=0 num_rows=32768 shared_suffix=0 segment_profile=tiny8,False,False,3,0.9973404099862769,0.9815614648865166,1.0124507821314745,True,"{""num_rows"": ""32768"", ""segment_profile"": ""tiny8"", ""shared_suffix"": ""0""}"
optimized,segments,Device=0 num_rows=2097152 shared_suffix=0 segment_profile=tiny8,False,False,3,0.9929619293715937,0.978462074852741,1.0020377488278978,True,"{""num_rows"": ""2097152"", ""segment_profile"": ""tiny8"", ""shared_suffix"": ""0""}"
optimized,segments,Device=0 num_rows=32768 shared_suffix=64 segment_profile=tiny8,False,False,3,0.9849887670457899,0.9691263817660847,1.0127893413086684,True,"{""num_rows"": ""32768"", ""segment_profile"": ""tiny8"", ""shared_suffix"": ""64""}"
optimized,segments,Device=0 num_rows=2097152 shared_suffix=64 segment_profile=tiny8,False,False,3,0.9944532587751556,0.9929210005761298,0.9966852318119284,True,"{""num_rows"": ""2097152"", ""segment_profile"": ""tiny8"", ""shared_suffix"": ""64""}"
optimized,segments,Device=0 num_rows=32768 shared_suffix=0 segment_profile=tiny16,False,False,3,0.9887589853895096,0.9309451540919943,1.0265843045756855,True,"{""num_rows"": ""32768"", ""segment_profile"": ""tiny16"", ""shared_suffix"": ""0""}"
optimized,segments,Device=0 num_rows=2097152 shared_suffix=0 segment_profile=tiny16,False,False,3,0.9849643606693805,0.9792566437449669,0.9921119888741449,True,"{""num_rows"": ""2097152"", ""segment_profile"": ""tiny16"", ""shared_suffix"": ""0""}"
optimized,segments,Device=0 num_rows=32768 shared_suffix=64 segment_profile=tiny16,False,False,3,0.9875730403229442,0.9765641168049216,1.0076821383013863,True,"{""num_rows"": ""32768"", ""segment_profile"": ""tiny16"", ""shared_suffix"": ""64""}"
optimized,segments,Device=0 num_rows=2097152 shared_suffix=64 segment_profile=tiny16,False,False,3,0.9953099009706656,0.9913105545819538,0.9991889829099696,True,"{""num_rows"": ""2097152"", ""segment_profile"": ""tiny16"", ""shared_suffix"": ""64""}"
optimized,segments,Device=0 num_rows=32768 shared_suffix=0 segment_profile=tiny32,False,False,3,0.9915278210612367,0.9136326277677665,1.06296040783347,True,"{""num_rows"": ""32768"", ""segment_profile"": ""tiny32"", ""shared_suffix"": ""0""}"
optimized,segments,Device=0 num_rows=2097152 shared_suffix=0 segment_profile=tiny32,False,False,3,0.9772086065397125,0.9687889390296259,0.9919924754205638,True,"{""num_rows"": ""2097152"", ""segment_profile"": ""tiny32"", ""shared_suffix"": ""0""}"
optimized,segments,Device=0 num_rows=32768 shared_suffix=64 segment_profile=tiny32,False,False,3,0.9956035450295406,0.9691469976437336,1.0218822630117184,True,"{""num_rows"": ""32768"", ""segment_profile"": ""tiny32"", ""shared_suffix"": ""64""}"
optimized,segments,Device=0 num_rows=2097152 shared_suffix=64 segment_profile=tiny32,False,False,3,0.995926146947613,0.9935198428428103,0.9971619197360815,True,"{""num_rows"": ""2097152"", ""segment_profile"": ""tiny32"", ""shared_suffix"": ""64""}"
optimized,segments,Device=0 num_rows=32768 shared_suffix=0 segment_profile=block256,False,False,3,0.9891741379502188,0.9706869906654279,1.0088463028194548,True,"{""num_rows"": ""32768"", ""segment_profile"": ""block256"", ""shared_suffix"": ""0""}"
optimized,segments,Device=0 num_rows=2097152 shared_suffix=0 segment_profile=block256,False,False,3,0.9714395531706318,0.9649402143770285,0.973996906051449,True,"{""num_rows"": ""2097152"", ""segment_profile"": ""block256"", ""shared_suffix"": ""0""}"
optimized,segments,Device=0 num_rows=32768 shared_suffix=64 segment_profile=block256,False,False,3,0.995339574423587,0.9930482544110385,1.0001304386134913,True,"{""num_rows"": ""32768"", ""segment_profile"": ""block256"", ""shared_suffix"": ""64""}"
optimized,segments,Device=0 num_rows=2097152 shared_suffix=64 segment_profile=block256,False,False,3,0.9945238746566912,0.9923436993601051,0.9963197132089434,True,"{""num_rows"": ""2097152"", ""segment_profile"": ""block256"", ""shared_suffix"": ""64""}"
optimized,segments,Device=0 num_rows=32768 shared_suffix=0 segment_profile=logarithmic,False,False,3,0.9835349235531522,0.9698139429224454,0.9969948317199715,True,"{""num_rows"": ""32768"", ""segment_profile"": ""logarithmic"", ""shared_suffix"": ""0""}"
optimized,segments,Device=0 num_rows=2097152 shared_suffix=0 segment_profile=logarithmic,False,False,3,0.9925406789008678,0.9915830660361429,0.9940326491934044,True,"{""num_rows"": ""2097152"", ""segment_profile"": ""logarithmic"", ""shared_suffix"": ""0""}"
optimized,segments,Device=0 num_rows=32768 shared_suffix=64 segment_profile=logarithmic,False,False,3,0.9946391279271827,0.979336437006979,1.003566999646892,True,"{""num_rows"": ""32768"", ""segment_profile"": ""logarithmic"", ""shared_suffix"": ""64""}"
optimized,segments,Device=0 num_rows=2097152 shared_suffix=64 segment_profile=logarithmic,False,False,3,0.9985575380368676,0.9978938629512648,0.9988657050344646,True,"{""num_rows"": ""2097152"", ""segment_profile"": ""logarithmic"", ""shared_suffix"": ""64""}"
optimized,segments,Device=0 num_rows=32768 shared_suffix=0 segment_profile=tiny_plus_giant,False,False,3,0.9874642382047903,0.9546375785781194,1.01646547549416,True,"{""num_rows"": ""32768"", ""segment_profile"": ""tiny_plus_giant"", ""shared_suffix"": ""0""}"
optimized,segments,Device=0 num_rows=2097152 shared_suffix=0 segment_profile=tiny_plus_giant,False,False,3,0.9842359541596221,0.9825252665587882,0.9857487944086554,True,"{""num_rows"": ""2097152"", ""segment_profile"": ""tiny_plus_giant"", ""shared_suffix"": ""0""}"
optimized,segments,Device=0 num_rows=32768 shared_suffix=64 segment_profile=tiny_plus_giant,False,False,3,0.9954852422058077,0.9891506989229919,1.0004982356756382,True,"{""num_rows"": ""32768"", ""segment_profile"": ""tiny_plus_giant"", ""shared_suffix"": ""64""}"
optimized,segments,Device=0 num_rows=2097152 shared_suffix=64 segment_profile=tiny_plus_giant,False,False,3,0.6289865776937278,0.6274225537813957,0.6305101649959016,True,"{""num_rows"": ""2097152"", ""segment_profile"": ""tiny_plus_giant"", ""shared_suffix"": ""64""}"
optimized,segments,Device=0 num_rows=32768 shared_suffix=0 segment_profile=hot90,False,False,3,0.9725202281111877,0.9532840325223646,1.0020299729834723,True,"{""num_rows"": ""32768"", ""segment_profile"": ""hot90"", ""shared_suffix"": ""0""}"
optimized,segments,Device=0 num_rows=2097152 shared_suffix=0 segment_profile=hot90,False,False,3,0.9809167469613754,0.97932561660613,0.9841427513941706,True,"{""num_rows"": ""2097152"", ""segment_profile"": ""hot90"", ""shared_suffix"": ""0""}"
optimized,segments,Device=0 num_rows=32768 shared_suffix=64 segment_profile=hot90,False,False,3,0.9861913323658248,0.9741126434103197,1.003253857728929,True,"{""num_rows"": ""32768"", ""segment_profile"": ""hot90"", ""shared_suffix"": ""64""}"
optimized,segments,Device=0 num_rows=2097152 shared_suffix=64 segment_profile=hot90,False,False,3,0.3494727820952183,0.3475167174348796,0.3518994466059528,True,"{""num_rows"": ""2097152"", ""segment_profile"": ""hot90"", ""shared_suffix"": ""64""}"
optimized,segments,Device=0 num_rows=32768 shared_suffix=0 segment_profile=few_giants,False,False,3,0.9906939359140575,0.9733352197446478,1.0059518298589483,True,"{""num_rows"": ""32768"", ""segment_profile"": ""few_giants"", ""shared_suffix"": ""0""}"
optimized,segments,Device=0 num_rows=2097152 shared_suffix=0 segment_profile=few_giants,False,False,3,0.9781532664081952,0.9740953543132806,0.985537200854583,True,"{""num_rows"": ""2097152"", ""segment_profile"": ""few_giants"", ""shared_suffix"": ""0""}"
optimized,segments,Device=0 num_rows=32768 shared_suffix=64 segment_profile=few_giants,False,False,3,0.993439367928704,0.9730362314071559,1.009806157165194,True,"{""num_rows"": ""32768"", ""segment_profile"": ""few_giants"", ""shared_suffix"": ""64""}"
optimized,segments,Device=0 num_rows=2097152 shared_suffix=64 segment_profile=few_giants,False,False,3,0.995075897137272,0.994670326247716,0.9961859222073032,True,"{""num_rows"": ""2097152"", ""segment_profile"": ""few_giants"", ""shared_suffix"": ""64""}"
optimized,segments,Device=0 num_rows=32768 shared_suffix=0 segment_profile=one_segment,False,False,3,0.9744714246309386,0.9525442555120297,0.992390456513913,True,"{""num_rows"": ""32768"", ""segment_profile"": ""one_segment"", ""shared_suffix"": ""0""}"
optimized,segments,Device=0 num_rows=2097152 shared_suffix=0 segment_profile=one_segment,False,False,3,0.17089452014692338,0.16866194622598074,0.17427942445710398,True,"{""num_rows"": ""2097152"", ""segment_profile"": ""one_segment"", ""shared_suffix"": ""0""}"
optimized,segments,Device=0 num_rows=32768 shared_suffix=64 segment_profile=one_segment,False,False,3,0.9852639046168826,0.9772032496572847,0.9961989459528902,True,"{""num_rows"": ""32768"", ""segment_profile"": ""one_segment"", ""shared_suffix"": ""64""}"
optimized,segments,Device=0 num_rows=2097152 shared_suffix=64 segment_profile=one_segment,False,False,3,0.05956076326684943,0.05876478547486348,0.06078126611559716,True,"{""num_rows"": ""2097152"", ""segment_profile"": ""one_segment"", ""shared_suffix"": ""64""}"
pr2-p32-c4096,pr-source,Device=0 num_rows=262144 profile=unique_32,False,False,3,11.706159780003926,11.42599702316786,11.91360918571951,False,"{""num_rows"": ""262144"", ""profile"": ""unique_32""}"
pr2-p32-c4096,pr-source,Device=0 num_rows=2097152 profile=unique_32,False,False,3,20.34308921603638,20.30329059554665,20.368124142317296,False,"{""num_rows"": ""2097152"", ""profile"": ""unique_32""}"
pr2-p32-c4096,pr-source,Device=0 num_rows=262144 profile=duplicates_32,False,False,3,8.101238401549905,7.989612003698617,8.198601181602923,False,"{""num_rows"": ""262144"", ""profile"": ""duplicates_32""}"
pr2-p32-c4096,pr-source,Device=0 num_rows=2097152 profile=duplicates_32,False,False,3,12.911579582342673,12.876906676689886,12.935851782662079,False,"{""num_rows"": ""2097152"", ""profile"": ""duplicates_32""}"
pr2-p32-c4096,pr-source,Device=0 num_rows=262144 profile=shared_prefix_24,False,False,3,11.666721468948728,11.560704611230705,11.755378968950103,False,"{""num_rows"": ""262144"", ""profile"": ""shared_prefix_24""}"
pr2-p32-c4096,pr-source,Device=0 num_rows=2097152 profile=shared_prefix_24,False,False,3,20.341894991881365,20.238152117627354,20.418985383455915,False,"{""num_rows"": ""2097152"", ""profile"": ""shared_prefix_24""}"
pr2-p32-c4096,pr-source,Device=0 num_rows=262144 profile=raw_unique_40,False,False,3,1.2964314394073155,1.2382835178136427,1.37563183579375,False,"{""num_rows"": ""262144"", ""profile"": ""raw_unique_40""}"
pr2-p32-c4096,pr-source,Device=0 num_rows=2097152 profile=raw_unique_40,False,False,3,1.1132595464823531,1.0980423290982753,1.1243974013706166,False,"{""num_rows"": ""2097152"", ""profile"": ""raw_unique_40""}"
pr2-p32-c4096,pr-source,Device=0 num_rows=262144 profile=raw_duplicates_40,False,False,3,1.4288099666376581,1.4059969726821477,1.4706629595664598,False,"{""num_rows"": ""262144"", ""profile"": ""raw_duplicates_40""}"
pr2-p32-c4096,pr-source,Device=0 num_rows=2097152 profile=raw_duplicates_40,False,False,3,0.7898178618156433,0.7854476456438904,0.7946680176279209,True,"{""num_rows"": ""2097152"", ""profile"": ""raw_duplicates_40""}"
pr2-p32-c4096,pr-source,Device=0 num_rows=262144 profile=raw_shared_prefix_24_width_40,False,False,3,10.50535162044437,10.371677904365663,10.614791236115526,False,"{""num_rows"": ""262144"", ""profile"": ""raw_shared_prefix_24_width_40""}"
pr2-p32-c4096,pr-source,Device=0 num_rows=2097152 profile=raw_shared_prefix_24_width_40,False,False,3,11.617214516702044,11.594466536614881,11.642127817662741,False,"{""num_rows"": ""2097152"", ""profile"": ""raw_shared_prefix_24_width_40""}"
pr2-p32-c4096,constant,Device=0 num_rows=262144 prefix_width=32 suffix_width=0 prefix_cardinality=1,False,False,3,9.628769429525331,9.466207888176159,9.85819186368552,False,"{""num_rows"": ""262144"", ""prefix_cardinality"": ""1"", ""prefix_width"": ""32"", ""suffix_width"": ""0""}"
pr2-p32-c4096,constant,Device=0 num_rows=2097152 prefix_width=32 suffix_width=0 prefix_cardinality=1,False,False,3,17.76032615509409,17.67087786079499,17.887162552920394,False,"{""num_rows"": ""2097152"", ""prefix_cardinality"": ""1"", ""prefix_width"": ""32"", ""suffix_width"": ""0""}"
prefix,pr-zero-collisions,Device=0 num_rows=32768 profile=zero_collision_pass1,False,False,3,0.8625424122154722,0.8133530000591368,0.9375177182648762,True,"{""num_rows"": ""32768"", ""profile"": ""zero_collision_pass1""}"
prefix,pr-zero-collisions,Device=0 num_rows=32768 profile=zero_collision_pass2,False,False,3,1.8466566704363696,1.8144051165899235,1.8961008993481006,False,"{""num_rows"": ""32768"", ""profile"": ""zero_collision_pass2""}"
pr2-p32-c4096,target,Device=0 num_rows=262144 max_width=32 cardinality=1,False,False,3,1.0167610575637251,0.9494344247797544,1.0721700964087604,True,"{""cardinality"": ""1"", ""max_width"": ""32"", ""num_rows"": ""262144""}"
pr2-p32-c4096,target,Device=0 num_rows=2097152 max_width=32 cardinality=1,False,False,3,0.9589640764565223,0.9225754820470534,1.0115453432889951,True,"{""cardinality"": ""1"", ""max_width"": ""32"", ""num_rows"": ""2097152""}"
pr2-p32-c4096,target,Device=0 num_rows=262144 max_width=128 cardinality=1,False,False,3,18.952041853963095,18.69411248168647,19.120736356387802,False,"{""cardinality"": ""1"", ""max_width"": ""128"", ""num_rows"": ""262144""}"
pr2-p32-c4096,target,Device=0 num_rows=2097152 max_width=128 cardinality=1,False,False,3,29.92957203268361,29.84032360337956,30.032164157833897,False,"{""cardinality"": ""1"", ""max_width"": ""128"", ""num_rows"": ""2097152""}"
pr2-p32-c4096,target,Device=0 num_rows=262144 max_width=32 cardinality=64,False,False,3,1.6193631668317827,1.5748873201862466,1.673327513259181,False,"{""cardinality"": ""64"", ""max_width"": ""32"", ""num_rows"": ""262144""}"
pr2-p32-c4096,target,Device=0 num_rows=2097152 max_width=32 cardinality=64,False,False,3,0.8002987226421419,0.7853238091688193,0.8175436544442427,True,"{""cardinality"": ""64"", ""max_width"": ""32"", ""num_rows"": ""2097152""}"
pr2-p32-c4096,target,Device=0 num_rows=262144 max_width=128 cardinality=64,False,False,3,2.4696463414692396,2.4155638025952744,2.5404855485591447,False,"{""cardinality"": ""64"", ""max_width"": ""128"", ""num_rows"": ""262144""}"
pr2-p32-c4096,target,Device=0 num_rows=2097152 max_width=128 cardinality=64,False,False,3,1.1439312185365313,1.1345014087632976,1.1584085143565659,False,"{""cardinality"": ""64"", ""max_width"": ""128"", ""num_rows"": ""2097152""}"
pr2-p32-c4096,target,Device=0 num_rows=262144 max_width=32 cardinality=0,False,False,3,1.3115414626169741,1.264618416802766,1.3769860908144378,False,"{""cardinality"": ""0"", ""max_width"": ""32"", ""num_rows"": ""262144""}"
pr2-p32-c4096,target,Device=0 num_rows=2097152 max_width=32 cardinality=0,False,False,3,1.6172314144872948,1.5800636238240517,1.6536912720279922,False,"{""cardinality"": ""0"", ""max_width"": ""32"", ""num_rows"": ""2097152""}"
pr2-p32-c4096,target,Device=0 num_rows=262144 max_width=128 cardinality=0,False,False,3,1.4186537885978525,1.3270818669299846,1.5264094631574843,False,"{""cardinality"": ""0"", ""max_width"": ""128"", ""num_rows"": ""262144""}"
pr2-p32-c4096,target,Device=0 num_rows=2097152 max_width=128 cardinality=0,False,False,3,1.5215245997536697,1.4746601997236424,1.5642695265035258,False,"{""cardinality"": ""0"", ""max_width"": ""128"", ""num_rows"": ""2097152""}"
pr2-p32-c4096,target,Device=0 num_rows=262144 prefix_width=4 suffix_width=32 prefix_cardinality=1,False,False,3,1.4959203825468887,1.4049750214550547,1.5967473941966464,False,"{""num_rows"": ""262144"", ""prefix_cardinality"": ""1"", ""prefix_width"": ""4"", ""suffix_width"": ""32""}"
pr2-p32-c4096,target,Device=0 num_rows=2097152 prefix_width=4 suffix_width=32 prefix_cardinality=1,False,False,3,2.484204515132312,2.4068184831028274,2.5552129554311067,False,"{""num_rows"": ""2097152"", ""prefix_cardinality"": ""1"", ""prefix_width"": ""4"", ""suffix_width"": ""32""}"
pr2-p32-c4096,target,Device=0 num_rows=262144 prefix_width=8 suffix_width=32 prefix_cardinality=1,False,False,3,6.995399931868014,6.8963313755956435,7.10058950505566,False,"{""num_rows"": ""262144"", ""prefix_cardinality"": ""1"", ""prefix_width"": ""8"", ""suffix_width"": ""32""}"
pr2-p32-c4096,target,Device=0 num_rows=2097152 prefix_width=8 suffix_width=32 prefix_cardinality=1,False,False,3,8.12336264085815,8.083300106937813,8.177570591738409,False,"{""num_rows"": ""2097152"", ""prefix_cardinality"": ""1"", ""prefix_width"": ""8"", ""suffix_width"": ""32""}"
pr2-p32-c4096,target,Device=0 num_rows=262144 prefix_width=10 suffix_width=32 prefix_cardinality=1,False,False,3,5.617158866271316,5.576987926868834,5.650158987719049,False,"{""num_rows"": ""262144"", ""prefix_cardinality"": ""1"", ""prefix_width"": ""10"", ""suffix_width"": ""32""}"
pr2-p32-c4096,target,Device=0 num_rows=2097152 prefix_width=10 suffix_width=32 prefix_cardinality=1,False,False,3,6.70822129644401,6.673894123167752,6.7408712173791985,False,"{""num_rows"": ""2097152"", ""prefix_cardinality"": ""1"", ""prefix_width"": ""10"", ""suffix_width"": ""32""}"
pr2-p32-c4096,target,Device=0 num_rows=262144 prefix_width=11 suffix_width=32 prefix_cardinality=1,False,False,3,5.219180741879301,5.149784676746823,5.273421321105053,False,"{""num_rows"": ""262144"", ""prefix_cardinality"": ""1"", ""prefix_width"": ""11"", ""suffix_width"": ""32""}"
pr2-p32-c4096,target,Device=0 num_rows=2097152 prefix_width=11 suffix_width=32 prefix_cardinality=1,False,False,3,6.283801240164183,6.257732361885362,6.314144852300171,False,"{""num_rows"": ""2097152"", ""prefix_cardinality"": ""1"", ""prefix_width"": ""11"", ""suffix_width"": ""32""}"
pr2-p32-c4096,target,Device=0 num_rows=262144 prefix_width=12 suffix_width=32 prefix_cardinality=1,False,False,3,4.806040373784197,4.743375301608172,4.87122230638166,False,"{""num_rows"": ""262144"", ""prefix_cardinality"": ""1"", ""prefix_width"": ""12"", ""suffix_width"": ""32""}"
pr2-p32-c4096,target,Device=0 num_rows=2097152 prefix_width=12 suffix_width=32 prefix_cardinality=1,False,False,3,5.908483228464241,5.8926178520095975,5.927028121918142,False,"{""num_rows"": ""2097152"", ""prefix_cardinality"": ""1"", ""prefix_width"": ""12"", ""suffix_width"": ""32""}"
pr2-p32-c4096,target,Device=0 num_rows=262144 prefix_width=64 suffix_width=32 prefix_cardinality=1,False,False,3,9.32764052522721,9.29955739998366,9.363500833353456,False,"{""num_rows"": ""262144"", ""prefix_cardinality"": ""1"", ""prefix_width"": ""64"", ""suffix_width"": ""32""}"
pr2-p32-c4096,target,Device=0 num_rows=2097152 prefix_width=64 suffix_width=32 prefix_cardinality=1,False,False,3,11.125485848181734,11.120128770004703,11.131870826327512,False,"{""num_rows"": ""2097152"", ""prefix_cardinality"": ""1"", ""prefix_width"": ""64"", ""suffix_width"": ""32""}"
pr2-p32-c4096,target,Device=0 num_rows=262144 prefix_width=4 suffix_width=32 prefix_cardinality=64,False,False,3,1.7050485171511403,1.5753830519848078,1.8211258137613318,False,"{""num_rows"": ""262144"", ""prefix_cardinality"": ""64"", ""prefix_width"": ""4"", ""suffix_width"": ""32""}"
pr2-p32-c4096,target,Device=0 num_rows=2097152 prefix_width=4 suffix_width=32 prefix_cardinality=64,False,False,3,1.4200535587096705,1.3817718625659,1.459515853496211,False,"{""num_rows"": ""2097152"", ""prefix_cardinality"": ""64"", ""prefix_width"": ""4"", ""suffix_width"": ""32""}"
pr2-p32-c4096,target,Device=0 num_rows=262144 prefix_width=8 suffix_width=32 prefix_cardinality=64,False,False,3,1.463742178117223,1.4257197460593347,1.4992257525028432,False,"{""num_rows"": ""262144"", ""prefix_cardinality"": ""64"", ""prefix_width"": ""8"", ""suffix_width"": ""32""}"
pr2-p32-c4096,target,Device=0 num_rows=2097152 prefix_width=8 suffix_width=32 prefix_cardinality=64,False,False,3,0.36650015111403517,0.3626971088359414,0.3707865782852643,True,"{""num_rows"": ""2097152"", ""prefix_cardinality"": ""64"", ""prefix_width"": ""8"", ""suffix_width"": ""32""}"
pr2-p32-c4096,target,Device=0 num_rows=262144 prefix_width=10 suffix_width=32 prefix_cardinality=64,False,False,3,1.507744423246849,1.4519300339383319,1.5596923227404589,False,"{""num_rows"": ""262144"", ""prefix_cardinality"": ""64"", ""prefix_width"": ""10"", ""suffix_width"": ""32""}"
pr2-p32-c4096,target,Device=0 num_rows=2097152 prefix_width=10 suffix_width=32 prefix_cardinality=64,False,False,3,0.32388591026059427,0.32130993976809613,0.3269464349098965,True,"{""num_rows"": ""2097152"", ""prefix_cardinality"": ""64"", ""prefix_width"": ""10"", ""suffix_width"": ""32""}"
pr2-p32-c4096,target,Device=0 num_rows=262144 prefix_width=11 suffix_width=32 prefix_cardinality=64,False,False,3,1.5629751609875466,1.507685278078072,1.6157068394049698,False,"{""num_rows"": ""262144"", ""prefix_cardinality"": ""64"", ""prefix_width"": ""11"", ""suffix_width"": ""32""}"
pr2-p32-c4096,target,Device=0 num_rows=2097152 prefix_width=11 suffix_width=32 prefix_cardinality=64,False,False,3,0.31473432618159114,0.3114737331991606,0.31838824182799924,True,"{""num_rows"": ""2097152"", ""prefix_cardinality"": ""64"", ""prefix_width"": ""11"", ""suffix_width"": ""32""}"
pr2-p32-c4096,target,Device=0 num_rows=262144 prefix_width=12 suffix_width=32 prefix_cardinality=64,False,False,3,1.5997504868049428,1.5479142610732939,1.6588159208804454,False,"{""num_rows"": ""262144"", ""prefix_cardinality"": ""64"", ""prefix_width"": ""12"", ""suffix_width"": ""32""}"
pr2-p32-c4096,target,Device=0 num_rows=2097152 prefix_width=12 suffix_width=32 prefix_cardinality=64,False,False,3,0.3086481993857192,0.30375194788754944,0.3127786622138001,True,"{""num_rows"": ""2097152"", ""prefix_cardinality"": ""64"", ""prefix_width"": ""12"", ""suffix_width"": ""32""}"
pr2-p32-c4096,target,Device=0 num_rows=262144 prefix_width=64 suffix_width=32 prefix_cardinality=64,False,False,3,4.115932137698683,4.066780920571182,4.170838566182845,False,"{""num_rows"": ""262144"", ""prefix_cardinality"": ""64"", ""prefix_width"": ""64"", ""suffix_width"": ""32""}"
pr2-p32-c4096,target,Device=0 num_rows=2097152 prefix_width=64 suffix_width=32 prefix_cardinality=64,False,False,3,0.5141399342537963,0.5122533140165443,0.5165402126848867,True,"{""num_rows"": ""2097152"", ""prefix_cardinality"": ""64"", ""prefix_width"": ""64"", ""suffix_width"": ""32""}"
pr1-p32-c512,segments,Device=0 num_rows=32768 shared_suffix=0 segment_profile=singletons,False,False,3,1.3730700677890428,1.3422009171705804,1.3970640030040204,False,"{""num_rows"": ""32768"", ""segment_profile"": ""singletons"", ""shared_suffix"": ""0""}"
pr1-p32-c512,segments,Device=0 num_rows=2097152 shared_suffix=0 segment_profile=singletons,False,False,3,1.1126380081516682,0.652204884727269,2.6067659351695016,True,"{""num_rows"": ""2097152"", ""segment_profile"": ""singletons"", ""shared_suffix"": ""0""}"
pr1-p32-c512,segments,Device=0 num_rows=32768 shared_suffix=64 segment_profile=singletons,False,False,3,1.6259843137221774,1.54428967133809,1.6855818828037126,False,"{""num_rows"": ""32768"", ""segment_profile"": ""singletons"", ""shared_suffix"": ""64""}"
pr1-p32-c512,segments,Device=0 num_rows=2097152 shared_suffix=64 segment_profile=singletons,False,False,3,1.2246614753826368,1.2140128743321204,1.2346195149300776,False,"{""num_rows"": ""2097152"", ""segment_profile"": ""singletons"", ""shared_suffix"": ""64""}"
pr1-p32-c512,segments,Device=0 num_rows=32768 shared_suffix=0 segment_profile=pairs,False,False,3,3.466986944496047,3.4423127067483783,3.4986338600796025,False,"{""num_rows"": ""32768"", ""segment_profile"": ""pairs"", ""shared_suffix"": ""0""}"
pr1-p32-c512,segments,Device=0 num_rows=2097152 shared_suffix=0 segment_profile=pairs,False,False,3,20.58974803189139,20.49350467899105,20.70148645313432,False,"{""num_rows"": ""2097152"", ""segment_profile"": ""pairs"", ""shared_suffix"": ""0""}"
pr1-p32-c512,segments,Device=0 num_rows=32768 shared_suffix=64 segment_profile=pairs,False,False,3,4.105471767520968,3.9991577845244355,4.258997450992293,False,"{""num_rows"": ""32768"", ""segment_profile"": ""pairs"", ""shared_suffix"": ""64""}"
pr1-p32-c512,segments,Device=0 num_rows=2097152 shared_suffix=64 segment_profile=pairs,False,False,3,25.11634035441439,24.840838834474475,25.289971457946372,False,"{""num_rows"": ""2097152"", ""segment_profile"": ""pairs"", ""shared_suffix"": ""64""}"
pr1-p32-c512,segments,Device=0 num_rows=32768 shared_suffix=0 segment_profile=tiny4,False,False,3,3.039987253460586,2.8450741227290073,3.3067262050395803,False,"{""num_rows"": ""32768"", ""segment_profile"": ""tiny4"", ""shared_suffix"": ""0""}"
pr1-p32-c512,segments,Device=0 num_rows=2097152 shared_suffix=0 segment_profile=tiny4,False,False,3,14.913613174421295,14.77647583482075,15.04839285903121,False,"{""num_rows"": ""2097152"", ""segment_profile"": ""tiny4"", ""shared_suffix"": ""0""}"
pr1-p32-c512,segments,Device=0 num_rows=32768 shared_suffix=64 segment_profile=tiny4,False,False,3,4.145879164765666,4.042039100367914,4.22829535277799,False,"{""num_rows"": ""32768"", ""segment_profile"": ""tiny4"", ""shared_suffix"": ""64""}"
pr1-p32-c512,segments,Device=0 num_rows=2097152 shared_suffix=64 segment_profile=tiny4,False,False,3,23.052647909738184,22.849765984607977,23.22136980175737,False,"{""num_rows"": ""2097152"", ""segment_profile"": ""tiny4"", ""shared_suffix"": ""64""}"
pr1-p32-c512,segments,Device=0 num_rows=32768 shared_suffix=0 segment_profile=tiny8,False,False,3,2.2848565537223826,2.254272351310522,2.310029255953755,False,"{""num_rows"": ""32768"", ""segment_profile"": ""tiny8"", ""shared_suffix"": ""0""}"
pr1-p32-c512,segments,Device=0 num_rows=2097152 shared_suffix=0 segment_profile=tiny8,False,False,3,9.7248020319725,9.562928938982699,9.842667771068195,False,"{""num_rows"": ""2097152"", ""segment_profile"": ""tiny8"", ""shared_suffix"": ""0""}"
pr1-p32-c512,segments,Device=0 num_rows=32768 shared_suffix=64 segment_profile=tiny8,False,False,3,3.3760321272167486,3.3382564653419666,3.4482223344598633,False,"{""num_rows"": ""32768"", ""segment_profile"": ""tiny8"", ""shared_suffix"": ""64""}"
pr1-p32-c512,segments,Device=0 num_rows=2097152 shared_suffix=64 segment_profile=tiny8,False,False,3,16.845708577428624,16.76048063262221,16.903068513655715,False,"{""num_rows"": ""2097152"", ""segment_profile"": ""tiny8"", ""shared_suffix"": ""64""}"
pr1-p32-c512,segments,Device=0 num_rows=32768 shared_suffix=0 segment_profile=tiny16,False,False,3,2.0908698902165646,1.9387490073472253,2.195748952420148,False,"{""num_rows"": ""32768"", ""segment_profile"": ""tiny16"", ""shared_suffix"": ""0""}"
pr1-p32-c512,segments,Device=0 num_rows=2097152 shared_suffix=0 segment_profile=tiny16,False,False,3,6.472126841259652,6.405126590711582,6.533950627612364,False,"{""num_rows"": ""2097152"", ""segment_profile"": ""tiny16"", ""shared_suffix"": ""0""}"
pr1-p32-c512,segments,Device=0 num_rows=32768 shared_suffix=64 segment_profile=tiny16,False,False,3,3.026841909421352,2.9738208692154746,3.0964946555978936,False,"{""num_rows"": ""32768"", ""segment_profile"": ""tiny16"", ""shared_suffix"": ""64""}"
pr1-p32-c512,segments,Device=0 num_rows=2097152 shared_suffix=64 segment_profile=tiny16,False,False,3,12.057754060690721,11.972698465721063,12.126620793834668,False,"{""num_rows"": ""2097152"", ""segment_profile"": ""tiny16"", ""shared_suffix"": ""64""}"
pr1-p32-c512,segments,Device=0 num_rows=32768 shared_suffix=0 segment_profile=tiny32,False,False,3,2.0189916949254156,1.9651188653983673,2.0791405702249106,False,"{""num_rows"": ""32768"", ""segment_profile"": ""tiny32"", ""shared_suffix"": ""0""}"
pr1-p32-c512,segments,Device=0 num_rows=2097152 shared_suffix=0 segment_profile=tiny32,False,False,3,4.4130652793223195,4.369469221090517,4.46418941052415,False,"{""num_rows"": ""2097152"", ""segment_profile"": ""tiny32"", ""shared_suffix"": ""0""}"
pr1-p32-c512,segments,Device=0 num_rows=32768 shared_suffix=64 segment_profile=tiny32,False,False,3,2.675555084750075,2.647769499989889,2.7220857762714896,False,"{""num_rows"": ""32768"", ""segment_profile"": ""tiny32"", ""shared_suffix"": ""64""}"
pr1-p32-c512,segments,Device=0 num_rows=2097152 shared_suffix=64 segment_profile=tiny32,False,False,3,7.960193073192308,7.924867698527904,7.984713657443879,False,"{""num_rows"": ""2097152"", ""segment_profile"": ""tiny32"", ""shared_suffix"": ""64""}"
pr1-p32-c512,segments,Device=0 num_rows=32768 shared_suffix=0 segment_profile=block256,False,False,3,2.1257400258733563,2.072537885125718,2.163434115117584,False,"{""num_rows"": ""32768"", ""segment_profile"": ""block256"", ""shared_suffix"": ""0""}"
pr1-p32-c512,segments,Device=0 num_rows=2097152 shared_suffix=0 segment_profile=block256,False,False,3,1.5551053483387245,1.545197524649306,1.563088122595886,False,"{""num_rows"": ""2097152"", ""segment_profile"": ""block256"", ""shared_suffix"": ""0""}"
pr1-p32-c512,segments,Device=0 num_rows=32768 shared_suffix=64 segment_profile=block256,False,False,3,2.7987657397487267,2.7412797905767734,2.8681139579904107,False,"{""num_rows"": ""32768"", ""segment_profile"": ""block256"", ""shared_suffix"": ""64""}"
pr1-p32-c512,segments,Device=0 num_rows=2097152 shared_suffix=64 segment_profile=block256,False,False,3,3.2070288832763714,3.1955785344867005,3.2191487828028658,False,"{""num_rows"": ""2097152"", ""segment_profile"": ""block256"", ""shared_suffix"": ""64""}"
pr1-p32-c512,segments,Device=0 num_rows=32768 shared_suffix=0 segment_profile=logarithmic,False,False,3,1.6798393075539142,1.6343012315359258,1.7367219142833363,False,"{""num_rows"": ""32768"", ""segment_profile"": ""logarithmic"", ""shared_suffix"": ""0""}"
pr1-p32-c512,segments,Device=0 num_rows=2097152 shared_suffix=0 segment_profile=logarithmic,False,False,3,2.2148663629350502,2.208100053148668,2.2192958254590662,False,"{""num_rows"": ""2097152"", ""segment_profile"": ""logarithmic"", ""shared_suffix"": ""0""}"
pr1-p32-c512,segments,Device=0 num_rows=32768 shared_suffix=64 segment_profile=logarithmic,False,False,3,2.046744654938953,2.0084175678119633,2.0721279585976697,False,"{""num_rows"": ""32768"", ""segment_profile"": ""logarithmic"", ""shared_suffix"": ""64""}"
pr1-p32-c512,segments,Device=0 num_rows=2097152 shared_suffix=64 segment_profile=logarithmic,False,False,3,1.2554916572158068,1.2533668730896685,1.2572185486080862,False,"{""num_rows"": ""2097152"", ""segment_profile"": ""logarithmic"", ""shared_suffix"": ""64""}"
pr1-p32-c512,segments,Device=0 num_rows=32768 shared_suffix=0 segment_profile=tiny_plus_giant,False,False,3,1.7161194098845631,1.6667334420537379,1.7885422307790364,False,"{""num_rows"": ""32768"", ""segment_profile"": ""tiny_plus_giant"", ""shared_suffix"": ""0""}"
pr1-p32-c512,segments,Device=0 num_rows=2097152 shared_suffix=0 segment_profile=tiny_plus_giant,False,False,3,4.659931051806319,4.617313825151169,4.688968922127018,False,"{""num_rows"": ""2097152"", ""segment_profile"": ""tiny_plus_giant"", ""shared_suffix"": ""0""}"
pr1-p32-c512,segments,Device=0 num_rows=32768 shared_suffix=64 segment_profile=tiny_plus_giant,False,False,3,2.131653140002171,2.1131904407405027,2.1456608383899622,False,"{""num_rows"": ""32768"", ""segment_profile"": ""tiny_plus_giant"", ""shared_suffix"": ""64""}"
pr1-p32-c512,segments,Device=0 num_rows=2097152 shared_suffix=64 segment_profile=tiny_plus_giant,False,False,3,7.557441581922855,7.528309470673376,7.574889666160692,False,"{""num_rows"": ""2097152"", ""segment_profile"": ""tiny_plus_giant"", ""shared_suffix"": ""64""}"
pr1-p32-c512,segments,Device=0 num_rows=32768 shared_suffix=0 segment_profile=hot90,False,False,3,2.4300783248410047,2.374054966324495,2.4981973518121827,False,"{""num_rows"": ""32768"", ""segment_profile"": ""hot90"", ""shared_suffix"": ""0""}"
pr1-p32-c512,segments,Device=0 num_rows=2097152 shared_suffix=0 segment_profile=hot90,False,False,3,6.011498557302097,6.00092519466792,6.028142747037576,False,"{""num_rows"": ""2097152"", ""segment_profile"": ""hot90"", ""shared_suffix"": ""0""}"
pr1-p32-c512,segments,Device=0 num_rows=32768 shared_suffix=64 segment_profile=hot90,False,False,3,3.6670310258076304,3.6644908689344495,3.6739791450699064,False,"{""num_rows"": ""32768"", ""segment_profile"": ""hot90"", ""shared_suffix"": ""64""}"
pr1-p32-c512,segments,Device=0 num_rows=2097152 shared_suffix=64 segment_profile=hot90,False,False,3,10.383793031501645,10.350389960775814,10.419538401191648,False,"{""num_rows"": ""2097152"", ""segment_profile"": ""hot90"", ""shared_suffix"": ""64""}"
pr1-p32-c512,segments,Device=0 num_rows=32768 shared_suffix=0 segment_profile=few_giants,False,False,3,1.9520741214098865,1.9432430431360799,1.9554131889441535,False,"{""num_rows"": ""32768"", ""segment_profile"": ""few_giants"", ""shared_suffix"": ""0""}"
pr1-p32-c512,segments,Device=0 num_rows=2097152 shared_suffix=0 segment_profile=few_giants,False,False,3,4.026344075691235,4.0007677334275655,4.044795732246358,False,"{""num_rows"": ""2097152"", ""segment_profile"": ""few_giants"", ""shared_suffix"": ""0""}"
pr1-p32-c512,segments,Device=0 num_rows=32768 shared_suffix=64 segment_profile=few_giants,False,False,3,3.543199252571888,3.442250096271669,3.6447584122601357,False,"{""num_rows"": ""32768"", ""segment_profile"": ""few_giants"", ""shared_suffix"": ""64""}"
pr1-p32-c512,segments,Device=0 num_rows=2097152 shared_suffix=64 segment_profile=few_giants,False,False,3,5.053523457806168,5.048885299855599,5.062999805355357,False,"{""num_rows"": ""2097152"", ""segment_profile"": ""few_giants"", ""shared_suffix"": ""64""}"
pr1-p32-c512,segments,Device=0 num_rows=32768 shared_suffix=0 segment_profile=one_segment,False,False,3,2.5560444925689287,2.5390484264461763,2.5754524718413,False,"{""num_rows"": ""32768"", ""segment_profile"": ""one_segment"", ""shared_suffix"": ""0""}"
pr1-p32-c512,segments,Device=0 num_rows=2097152 shared_suffix=0 segment_profile=one_segment,False,False,3,6.373921187018144,6.357522636078046,6.388680646081909,False,"{""num_rows"": ""2097152"", ""segment_profile"": ""one_segment"", ""shared_suffix"": ""0""}"
pr1-p32-c512,segments,Device=0 num_rows=32768 shared_suffix=64 segment_profile=one_segment,False,False,3,3.9979669899770607,3.9830198949164646,4.024487742005891,False,"{""num_rows"": ""32768"", ""segment_profile"": ""one_segment"", ""shared_suffix"": ""64""}"
pr1-p32-c512,segments,Device=0 num_rows=2097152 shared_suffix=64 segment_profile=one_segment,False,False,3,11.272595910472768,11.250205081817102,11.304896180006846,False,"{""num_rows"": ""2097152"", ""segment_profile"": ""one_segment"", ""shared_suffix"": ""64""}"
pr2-p32-c4096,pr-diagnostics,Device=0 num_rows=262144 profile=finish_257,False,False,3,1.577935035174489,1.5687028286654077,1.5880794004531527,False,"{""num_rows"": ""262144"", ""profile"": ""finish_257""}"
pr2-p32-c4096,pr-diagnostics,Device=0 num_rows=2097152 profile=finish_257,False,False,3,1.3088978951934285,1.284415188300196,1.3245323591559217,False,"{""num_rows"": ""2097152"", ""profile"": ""finish_257""}"
pr2-p32-c4096,pr-diagnostics,Device=0 num_rows=262144 profile=finish_1024,False,False,3,1.6429619409893808,1.51818059408061,1.7310306600878147,False,"{""num_rows"": ""262144"", ""profile"": ""finish_1024""}"
pr2-p32-c4096,pr-diagnostics,Device=0 num_rows=2097152 profile=finish_1024,False,False,3,1.3339123164985582,1.3247074981338696,1.3445839122986403,False,"{""num_rows"": ""2097152"", ""profile"": ""finish_1024""}"
pr2-p32-c4096,pr-diagnostics,Device=0 num_rows=262144 profile=finish_4096,False,False,3,1.8503635887056686,1.7933217490405033,1.8876265686660247,False,"{""num_rows"": ""262144"", ""profile"": ""finish_4096""}"
pr2-p32-c4096,pr-diagnostics,Device=0 num_rows=2097152 profile=finish_4096,False,False,3,1.5358626621949771,1.486279835554247,1.556795469700017,False,"{""num_rows"": ""2097152"", ""profile"": ""finish_4096""}"
pr2-p32-c4096,pr-diagnostics,Device=0 num_rows=262144 profile=active_50,False,False,3,4.314916152544311,4.273359730479626,4.374245059237402,False,"{""num_rows"": ""262144"", ""profile"": ""active_50""}"
pr2-p32-c4096,pr-diagnostics,Device=0 num_rows=2097152 profile=active_50,False,False,3,12.302438508828391,12.19059633251152,12.390838298042643,False,"{""num_rows"": ""2097152"", ""profile"": ""active_50""}"
pr2-p32-c4096,pr-diagnostics,Device=0 num_rows=262144 profile=active_10,False,False,3,1.765490942323213,1.7330463425577722,1.7920037639288853,False,"{""num_rows"": ""262144"", ""profile"": ""active_10""}"
pr2-p32-c4096,pr-diagnostics,Device=0 num_rows=2097152 profile=active_10,False,False,3,4.462593932674541,4.40911475543125,4.517619193488753,False,"{""num_rows"": ""2097152"", ""profile"": ""active_10""}"
pr2-p32-c4096,pr-diagnostics,Device=0 num_rows=262144 profile=active_1,False,False,3,1.2985101468627651,1.2677704281704083,1.3165917547015002,False,"{""num_rows"": ""262144"", ""profile"": ""active_1""}"
pr2-p32-c4096,pr-diagnostics,Device=0 num_rows=2097152 profile=active_1,False,False,3,1.377661833160031,1.2445150842440547,1.5629958843174732,False,"{""num_rows"": ""2097152"", ""profile"": ""active_1""}"
pr2-p32-c4096,pr-diagnostics,Device=0 num_rows=262144 profile=active_0_1,False,False,3,1.4337531649193889,1.2365985448768015,1.8047803767938009,False,"{""num_rows"": ""262144"", ""profile"": ""active_0_1""}"
pr2-p32-c4096,pr-diagnostics,Device=0 num_rows=2097152 profile=active_0_1,False,False,3,1.1713375689052876,1.155838830818986,1.177689678098203,False,"{""num_rows"": ""2097152"", ""profile"": ""active_0_1""}"
pr2-p32-c4096,pr-diagnostics,Device=0 num_rows=262144 profile=duplicates_6,False,False,3,0.9143113217796233,0.897913462095344,0.9363656787089071,True,"{""num_rows"": ""262144"", ""profile"": ""duplicates_6""}"
pr2-p32-c4096,pr-diagnostics,Device=0 num_rows=2097152 profile=duplicates_6,False,False,3,0.3861889344516427,0.38481791543523286,0.3882035252529798,True,"{""num_rows"": ""2097152"", ""profile"": ""duplicates_6""}"
pr2-p32-c4096,pr-diagnostics,Device=0 num_rows=262144 profile=duplicates_8,False,False,3,0.9115570862577272,0.887764366156292,0.9264703995619341,True,"{""num_rows"": ""262144"", ""profile"": ""duplicates_8""}"
pr2-p32-c4096,pr-diagnostics,Device=0 num_rows=2097152 profile=duplicates_8,False,False,3,0.39108015295187865,0.3807793448816862,0.3967558060716179,True,"{""num_rows"": ""2097152"", ""profile"": ""duplicates_8""}"
pr2-p32-c4096,pr-diagnostics,Device=0 num_rows=262144 profile=duplicates_12,False,False,3,0.9453417151642535,0.9210850887729078,0.9681492599082939,True,"{""num_rows"": ""262144"", ""profile"": ""duplicates_12""}"
pr2-p32-c4096,pr-diagnostics,Device=0 num_rows=2097152 profile=duplicates_12,False,False,3,0.44460735814978325,0.44193747921034354,0.4456358093901629,True,"{""num_rows"": ""2097152"", ""profile"": ""duplicates_12""}"
pr2-p32-c4096,pr-diagnostics,Device=0 num_rows=262144 profile=duplicates_16,False,False,3,1.110894530759031,1.0848447922157214,1.1331605377335245,False,"{""num_rows"": ""262144"", ""profile"": ""duplicates_16""}"
pr2-p32-c4096,pr-diagnostics,Device=0 num_rows=2097152 profile=duplicates_16,False,False,3,0.5741256638544086,0.5577027185428001,0.5897684803520307,True,"{""num_rows"": ""2097152"", ""profile"": ""duplicates_16""}"
pr2-p32-c4096,pr-diagnostics,Device=0 num_rows=262144 profile=duplicates_24,False,False,3,1.2480793584356051,1.20517507311275,1.2750060922819701,False,"{""num_rows"": ""262144"", ""profile"": ""duplicates_24""}"
pr2-p32-c4096,pr-diagnostics,Device=0 num_rows=2097152 profile=duplicates_24,False,False,3,0.7046328648279716,0.6916195613568484,0.7118615966075403,True,"{""num_rows"": ""2097152"", ""profile"": ""duplicates_24""}"
pr2-p32-c4096,pr-diagnostics,Device=0 num_rows=262144 profile=duplicates_32,False,False,3,1.389470479886696,1.3658887437818554,1.4135295992279269,False,"{""num_rows"": ""262144"", ""profile"": ""duplicates_32""}"
pr2-p32-c4096,pr-diagnostics,Device=0 num_rows=2097152 profile=duplicates_32,False,False,3,0.8054378237100975,0.7937628376485172,0.8174213977365482,True,"{""num_rows"": ""2097152"", ""profile"": ""duplicates_32""}"
pr2-p32-c4096,pr-diagnostics,Device=0 num_rows=262144 profile=rle_misaligned,False,False,3,14.352900874956791,14.288570561548896,14.4143353247216,False,"{""num_rows"": ""262144"", ""profile"": ""rle_misaligned""}"
pr2-p32-c4096,pr-diagnostics,Device=0 num_rows=2097152 profile=rle_misaligned,False,False,3,23.818766335245186,23.687763339225356,23.928518634783813,False,"{""num_rows"": ""2097152"", ""profile"": ""rle_misaligned""}"
prefix,main,Device=0 min_width=1 max_width=8 num_rows=32768,False,False,3,1.1374195179041908,1.107947471648077,1.1617374307883557,False,"{""max_width"": ""8"", ""min_width"": ""1"", ""num_rows"": ""32768""}"
prefix,main,Device=0 min_width=1 max_width=32 num_rows=32768,False,False,3,3.3973372883801747,3.3173331070004024,3.459474232578054,False,"{""max_width"": ""32"", ""min_width"": ""1"", ""num_rows"": ""32768""}"
prefix,main,Device=0 min_width=1 max_width=64 num_rows=32768,False,False,3,5.974607956331209,5.9041828211760015,6.024709793135959,False,"{""max_width"": ""64"", ""min_width"": ""1"", ""num_rows"": ""32768""}"
prefix,main,Device=0 min_width=1 max_width=128 num_rows=32768,False,False,3,9.50111452293298,9.319220701026653,9.618366546659077,False,"{""max_width"": ""128"", ""min_width"": ""1"", ""num_rows"": ""32768""}"
prefix,main,Device=0 min_width=1 max_width=256 num_rows=32768,False,False,3,13.024999260322517,12.773835761531796,13.280865584704872,False,"{""max_width"": ""256"", ""min_width"": ""1"", ""num_rows"": ""32768""}"
prefix,main,Device=0 min_width=1 max_width=8 num_rows=262144,False,False,3,1.1772792547761022,1.1337242564484717,1.216487715631447,False,"{""max_width"": ""8"", ""min_width"": ""1"", ""num_rows"": ""262144""}"
prefix,main,Device=0 min_width=1 max_width=32 num_rows=262144,False,False,3,2.5745331949969765,2.5465501611710533,2.5954812590244867,False,"{""max_width"": ""32"", ""min_width"": ""1"", ""num_rows"": ""262144""}"
prefix,main,Device=0 min_width=1 max_width=64 num_rows=262144,False,False,3,3.7431649453921536,3.696557084066502,3.785267193567059,False,"{""max_width"": ""64"", ""min_width"": ""1"", ""num_rows"": ""262144""}"
prefix,main,Device=0 min_width=1 max_width=128 num_rows=262144,False,False,3,4.756531066978122,4.6790439345444685,4.857545066903996,False,"{""max_width"": ""128"", ""min_width"": ""1"", ""num_rows"": ""262144""}"
prefix,main,Device=0 min_width=1 max_width=256 num_rows=262144,False,False,3,5.632122752205921,5.539732197334659,5.78220074065821,False,"{""max_width"": ""256"", ""min_width"": ""1"", ""num_rows"": ""262144""}"
prefix,main,Device=0 min_width=1 max_width=8 num_rows=2097152,False,False,3,1.798515383834839,1.770504292220173,1.8221711402712315,False,"{""max_width"": ""8"", ""min_width"": ""1"", ""num_rows"": ""2097152""}"
prefix,main,Device=0 min_width=1 max_width=32 num_rows=2097152,False,False,3,2.123231570530927,2.116205568588567,2.1364121426235423,False,"{""max_width"": ""32"", ""min_width"": ""1"", ""num_rows"": ""2097152""}"
prefix,main,Device=0 min_width=1 max_width=64 num_rows=2097152,False,False,3,2.5017512414095013,2.474560147498809,2.542830998698893,False,"{""max_width"": ""64"", ""min_width"": ""1"", ""num_rows"": ""2097152""}"
prefix,main,Device=0 min_width=1 max_width=128 num_rows=2097152,False,False,3,2.602920997496974,2.5636668272561476,2.659125180883139,False,"{""max_width"": ""128"", ""min_width"": ""1"", ""num_rows"": ""2097152""}"
prefix,main,Device=0 min_width=1 max_width=256 num_rows=2097152,False,False,3,2.442015440855967,2.404378389826633,2.4826682042784936,False,"{""max_width"": ""256"", ""min_width"": ""1"", ""num_rows"": ""2097152""}"
prefix,main,Device=0 min_width=1 max_width=8 num_rows=16777216,False,False,3,2.372973225235903,2.361340151145793,2.3818911319799336,False,"{""max_width"": ""8"", ""min_width"": ""1"", ""num_rows"": ""16777216""}"
prefix,main,Device=0 min_width=1 max_width=32 num_rows=16777216,False,False,3,2.534303252464314,2.5182272064386337,2.5491000646763067,False,"{""max_width"": ""32"", ""min_width"": ""1"", ""num_rows"": ""16777216""}"
prefix,main,Device=0 min_width=1 max_width=64 num_rows=16777216,False,False,3,2.3650682995643333,2.3533001470723693,2.373841930438128,False,"{""max_width"": ""64"", ""min_width"": ""1"", ""num_rows"": ""16777216""}"
prefix,main,Device=0 min_width=1 max_width=128 num_rows=16777216,False,False,3,2.1970735297765973,2.1873463971397022,2.209739729307406,False,"{""max_width"": ""128"", ""min_width"": ""1"", ""num_rows"": ""16777216""}"
prefix,main,Device=0 min_width=1 max_width=256 num_rows=16777216,False,False,3,2.512988222064359,2.5065359413437096,2.520351363598383,False,"{""max_width"": ""256"", ""min_width"": ""1"", ""num_rows"": ""16777216""}"
prefix,main,Device=0 num_rows=262144 profile=cardinality_1_width_32,False,False,3,1.0215273047200824,0.9306835249441249,1.1069163939271076,True,"{""num_rows"": ""262144"", ""profile"": ""cardinality_1_width_32""}"
prefix,main,Device=0 num_rows=2097152 profile=cardinality_1_width_32,False,False,3,1.0253787824919738,0.9936079832520013,1.0404820301655926,True,"{""num_rows"": ""2097152"", ""profile"": ""cardinality_1_width_32""}"
prefix,main,Device=0 num_rows=262144 profile=cardinality_64_width_128,False,False,3,5.303625901826047,5.295202480323242,5.3149146779550875,False,"{""num_rows"": ""262144"", ""profile"": ""cardinality_64_width_128""}"
prefix,main,Device=0 num_rows=2097152 profile=cardinality_64_width_128,False,False,3,2.0861820872213697,2.0547302002733647,2.1155115739622268,False,"{""num_rows"": ""2097152"", ""profile"": ""cardinality_64_width_128""}"
prefix,main,Device=0 num_rows=262144 profile=shared_prefix_64,False,False,3,4.265004968597798,4.2448303053684695,4.280685367047636,False,"{""num_rows"": ""262144"", ""profile"": ""shared_prefix_64""}"
prefix,main,Device=0 num_rows=2097152 profile=shared_prefix_64,False,False,3,4.776646706415744,4.767137956317218,4.790040340334565,False,"{""num_rows"": ""2097152"", ""profile"": ""shared_prefix_64""}"
prefix,main,Device=0 num_rows=262144 profile=variable_128,False,False,3,1.1624888099912458,1.1150394271706243,1.2044550768251834,False,"{""num_rows"": ""262144"", ""profile"": ""variable_128""}"
prefix,main,Device=0 num_rows=2097152 profile=variable_128,False,False,3,2.1656568867774513,2.0933790376561765,2.216900863562478,False,"{""num_rows"": ""2097152"", ""profile"": ""variable_128""}"
prefix,main,Device=0 num_rows=262144 profile=fixed_8 null_percent=0,False,False,3,1.2826045025354325,1.199240553066112,1.3406618678685651,False,"{""null_percent"": ""0"", ""num_rows"": ""262144"", ""profile"": ""fixed_8""}"
prefix,main,Device=0 num_rows=2097152 profile=fixed_8 null_percent=0,False,False,3,2.492245095169457,2.4255863203508246,2.542798341120835,False,"{""null_percent"": ""0"", ""num_rows"": ""2097152"", ""profile"": ""fixed_8""}"
prefix,main,Device=0 num_rows=262144 profile=variable_128 null_percent=0,False,False,3,1.1813281832817766,1.111368929295297,1.234996032587726,False,"{""null_percent"": ""0"", ""num_rows"": ""262144"", ""profile"": ""variable_128""}"
prefix,main,Device=0 num_rows=2097152 profile=variable_128 null_percent=0,False,False,3,2.1362117859638348,2.09737908914466,2.1696413071911396,False,"{""null_percent"": ""0"", ""num_rows"": ""2097152"", ""profile"": ""variable_128""}"
prefix,main,Device=0 num_rows=262144 profile=fixed_8 null_percent=50,False,False,3,1.6402330479184166,1.5089369133528616,1.7601586160572966,False,"{""null_percent"": ""50"", ""num_rows"": ""262144"", ""profile"": ""fixed_8""}"
prefix,main,Device=0 num_rows=2097152 profile=fixed_8 null_percent=50,False,False,3,1.5976406456592684,1.5588362154912299,1.6272297491827548,False,"{""null_percent"": ""50"", ""num_rows"": ""2097152"", ""profile"": ""fixed_8""}"
prefix,main,Device=0 num_rows=262144 profile=variable_128 null_percent=50,False,False,3,1.4126956016979848,1.3509528019149417,1.4642387308071778,False,"{""null_percent"": ""50"", ""num_rows"": ""262144"", ""profile"": ""variable_128""}"
prefix,main,Device=0 num_rows=2097152 profile=variable_128 null_percent=50,False,False,3,1.5714515799949202,1.5392359273753982,1.5943609525217028,False,"{""null_percent"": ""50"", ""num_rows"": ""2097152"", ""profile"": ""variable_128""}"
prefix,main,Device=0 num_rows=262144 profile=fixed_8 null_percent=100,False,False,3,0.9966191764801636,0.9097814143605476,1.1152559407327092,True,"{""null_percent"": ""100"", ""num_rows"": ""262144"", ""profile"": ""fixed_8""}"
prefix,main,Device=0 num_rows=2097152 profile=fixed_8 null_percent=100,False,False,3,1.012982126305586,0.905140260530778,1.1493765394786146,True,"{""null_percent"": ""100"", ""num_rows"": ""2097152"", ""profile"": ""fixed_8""}"
prefix,main,Device=0 num_rows=262144 profile=variable_128 null_percent=100,False,False,3,1.0060753450359,0.9114014045748404,1.0562108576177403,True,"{""null_percent"": ""100"", ""num_rows"": ""262144"", ""profile"": ""variable_128""}"
prefix,main,Device=0 num_rows=2097152 profile=variable_128 null_percent=100,False,False,3,0.9962742163332822,0.9233021675837477,1.0681290937326338,True,"{""null_percent"": ""100"", ""num_rows"": ""2097152"", ""profile"": ""variable_128""}"
optimized,constant,Device=0 num_rows=262144 prefix_width=32 suffix_width=0 prefix_cardinality=1,False,False,3,0.3759194205008147,0.3709750692007121,0.3805942883331669,True,"{""num_rows"": ""262144"", ""prefix_cardinality"": ""1"", ""prefix_width"": ""32"", ""suffix_width"": ""0""}"
optimized,constant,Device=0 num_rows=2097152 prefix_width=32 suffix_width=0 prefix_cardinality=1,False,False,3,0.14039151096290636,0.13825755471359655,0.14342391254709766,True,"{""num_rows"": ""2097152"", ""prefix_cardinality"": ""1"", ""prefix_width"": ""32"", ""suffix_width"": ""0""}"
prefix,target,Device=0 num_rows=262144 max_width=32 cardinality=1,False,False,3,1.0151755382217873,0.9186628325832021,1.1637608721632573,True,"{""cardinality"": ""1"", ""max_width"": ""32"", ""num_rows"": ""262144""}"
prefix,target,Device=0 num_rows=2097152 max_width=32 cardinality=1,False,False,3,0.9686303275483009,0.8788835163554249,1.0916186817210152,True,"{""cardinality"": ""1"", ""max_width"": ""32"", ""num_rows"": ""2097152""}"
prefix,target,Device=0 num_rows=262144 max_width=128 cardinality=1,False,False,3,4.047790335259325,3.9941241199498894,4.079120135024496,False,"{""cardinality"": ""1"", ""max_width"": ""128"", ""num_rows"": ""262144""}"
prefix,target,Device=0 num_rows=2097152 max_width=128 cardinality=1,False,False,3,4.988975672177512,4.972982651035904,5.008380774888142,False,"{""cardinality"": ""1"", ""max_width"": ""128"", ""num_rows"": ""2097152""}"
prefix,target,Device=0 num_rows=262144 max_width=32 cardinality=64,False,False,3,2.7423818744230437,2.6766283510264492,2.8164152662022737,False,"{""cardinality"": ""64"", ""max_width"": ""32"", ""num_rows"": ""262144""}"
prefix,target,Device=0 num_rows=2097152 max_width=32 cardinality=64,False,False,3,1.543469569325241,1.5259620154220201,1.5586197143157252,False,"{""cardinality"": ""64"", ""max_width"": ""32"", ""num_rows"": ""2097152""}"
prefix,target,Device=0 num_rows=262144 max_width=128 cardinality=64,False,False,3,5.354978425253845,5.324467444414772,5.380973571717953,False,"{""cardinality"": ""64"", ""max_width"": ""128"", ""num_rows"": ""262144""}"
prefix,target,Device=0 num_rows=2097152 max_width=128 cardinality=64,False,False,3,2.093315987165094,2.0720512288905653,2.12117266431516,False,"{""cardinality"": ""64"", ""max_width"": ""128"", ""num_rows"": ""2097152""}"
prefix,target,Device=0 num_rows=262144 max_width=32 cardinality=0,False,False,3,1.0626813438362757,1.0423488925625923,1.0918549895981338,False,"{""cardinality"": ""0"", ""max_width"": ""32"", ""num_rows"": ""262144""}"
prefix,target,Device=0 num_rows=2097152 max_width=32 cardinality=0,False,False,3,2.0870876388178727,2.047496630236701,2.1181862140985324,False,"{""cardinality"": ""0"", ""max_width"": ""32"", ""num_rows"": ""2097152""}"
prefix,target,Device=0 num_rows=262144 max_width=128 cardinality=0,False,False,3,1.1695291067080582,1.123318686011109,1.21218634112011,False,"{""cardinality"": ""0"", ""max_width"": ""128"", ""num_rows"": ""262144""}"
prefix,target,Device=0 num_rows=2097152 max_width=128 cardinality=0,False,False,3,2.145206180895373,2.096863937151967,2.1824415791347027,False,"{""cardinality"": ""0"", ""max_width"": ""128"", ""num_rows"": ""2097152""}"
prefix,target,Device=0 num_rows=262144 prefix_width=4 suffix_width=32 prefix_cardinality=1,False,False,3,1.2312344709240264,1.1730148290720799,1.2846731391142836,False,"{""num_rows"": ""262144"", ""prefix_cardinality"": ""1"", ""prefix_width"": ""4"", ""suffix_width"": ""32""}"
prefix,target,Device=0 num_rows=2097152 prefix_width=4 suffix_width=32 prefix_cardinality=1,False,False,3,2.3266711392063923,2.270574271580101,2.367959937797027,False,"{""num_rows"": ""2097152"", ""prefix_cardinality"": ""1"", ""prefix_width"": ""4"", ""suffix_width"": ""32""}"
prefix,target,Device=0 num_rows=262144 prefix_width=8 suffix_width=32 prefix_cardinality=1,False,False,3,1.293721871237167,1.2793801139782675,1.307918334346232,False,"{""num_rows"": ""262144"", ""prefix_cardinality"": ""1"", ""prefix_width"": ""8"", ""suffix_width"": ""32""}"
prefix,target,Device=0 num_rows=2097152 prefix_width=8 suffix_width=32 prefix_cardinality=1,False,False,3,1.5205865156051428,1.514255162642369,1.528828399282317,False,"{""num_rows"": ""2097152"", ""prefix_cardinality"": ""1"", ""prefix_width"": ""8"", ""suffix_width"": ""32""}"
prefix,target,Device=0 num_rows=262144 prefix_width=10 suffix_width=32 prefix_cardinality=1,False,False,3,1.5562129449760282,1.546239868606588,1.5646047325566148,False,"{""num_rows"": ""262144"", ""prefix_cardinality"": ""1"", ""prefix_width"": ""10"", ""suffix_width"": ""32""}"
prefix,target,Device=0 num_rows=2097152 prefix_width=10 suffix_width=32 prefix_cardinality=1,False,False,3,1.7820499902571965,1.7681648943844248,1.7943771219197018,False,"{""num_rows"": ""2097152"", ""prefix_cardinality"": ""1"", ""prefix_width"": ""10"", ""suffix_width"": ""32""}"
prefix,target,Device=0 num_rows=262144 prefix_width=11 suffix_width=32 prefix_cardinality=1,False,False,3,1.701435626968993,1.680844843996729,1.717606213523688,False,"{""num_rows"": ""262144"", ""prefix_cardinality"": ""1"", ""prefix_width"": ""11"", ""suffix_width"": ""32""}"
prefix,target,Device=0 num_rows=2097152 prefix_width=11 suffix_width=32 prefix_cardinality=1,False,False,3,1.9169026462785297,1.9063602601242493,1.930026344791475,False,"{""num_rows"": ""2097152"", ""prefix_cardinality"": ""1"", ""prefix_width"": ""11"", ""suffix_width"": ""32""}"
prefix,target,Device=0 num_rows=262144 prefix_width=12 suffix_width=32 prefix_cardinality=1,False,False,3,1.8316328117407301,1.8071015612321777,1.8612616250051925,False,"{""num_rows"": ""262144"", ""prefix_cardinality"": ""1"", ""prefix_width"": ""12"", ""suffix_width"": ""32""}"
prefix,target,Device=0 num_rows=2097152 prefix_width=12 suffix_width=32 prefix_cardinality=1,False,False,3,2.07583076601828,2.0716206918593763,2.0803821132533917,False,"{""num_rows"": ""2097152"", ""prefix_cardinality"": ""1"", ""prefix_width"": ""12"", ""suffix_width"": ""32""}"
prefix,target,Device=0 num_rows=262144 prefix_width=64 suffix_width=32 prefix_cardinality=1,False,False,3,4.27149431953773,4.25596722347468,4.27928579395083,False,"{""num_rows"": ""262144"", ""prefix_cardinality"": ""1"", ""prefix_width"": ""64"", ""suffix_width"": ""32""}"
prefix,target,Device=0 num_rows=2097152 prefix_width=64 suffix_width=32 prefix_cardinality=1,False,False,3,4.783672625830865,4.782046024362406,4.7858540805473675,False,"{""num_rows"": ""2097152"", ""prefix_cardinality"": ""1"", ""prefix_width"": ""64"", ""suffix_width"": ""32""}"
prefix,target,Device=0 num_rows=262144 prefix_width=4 suffix_width=32 prefix_cardinality=64,False,False,3,1.28371917325707,1.2191921254467897,1.3325759694228105,False,"{""num_rows"": ""262144"", ""prefix_cardinality"": ""64"", ""prefix_width"": ""4"", ""suffix_width"": ""32""}"
prefix,target,Device=0 num_rows=2097152 prefix_width=4 suffix_width=32 prefix_cardinality=64,False,False,3,2.523872365611442,2.4762649999034814,2.566483347025415,False,"{""num_rows"": ""2097152"", ""prefix_cardinality"": ""64"", ""prefix_width"": ""4"", ""suffix_width"": ""32""}"
prefix,target,Device=0 num_rows=262144 prefix_width=8 suffix_width=32 prefix_cardinality=64,False,False,3,1.261501850016067,1.2364288970417476,1.28125517395807,False,"{""num_rows"": ""262144"", ""prefix_cardinality"": ""64"", ""prefix_width"": ""8"", ""suffix_width"": ""32""}"
prefix,target,Device=0 num_rows=2097152 prefix_width=8 suffix_width=32 prefix_cardinality=64,False,False,3,1.0828493832192028,1.0794877643311924,1.086329503360055,False,"{""num_rows"": ""2097152"", ""prefix_cardinality"": ""64"", ""prefix_width"": ""8"", ""suffix_width"": ""32""}"
prefix,target,Device=0 num_rows=262144 prefix_width=10 suffix_width=32 prefix_cardinality=64,False,False,3,1.4635242956675465,1.4209029770651693,1.499095954807066,False,"{""num_rows"": ""262144"", ""prefix_cardinality"": ""64"", ""prefix_width"": ""10"", ""suffix_width"": ""32""}"
prefix,target,Device=0 num_rows=2097152 prefix_width=10 suffix_width=32 prefix_cardinality=64,False,False,3,1.208073322773259,1.2036088548304924,1.2134920360705452,False,"{""num_rows"": ""2097152"", ""prefix_cardinality"": ""64"", ""prefix_width"": ""10"", ""suffix_width"": ""32""}"
prefix,target,Device=0 num_rows=262144 prefix_width=11 suffix_width=32 prefix_cardinality=64,False,False,3,1.557972755793635,1.512620079987223,1.599147457445404,False,"{""num_rows"": ""262144"", ""prefix_cardinality"": ""64"", ""prefix_width"": ""11"", ""suffix_width"": ""32""}"
prefix,target,Device=0 num_rows=2097152 prefix_width=11 suffix_width=32 prefix_cardinality=64,False,False,3,1.3065227605364178,1.3028481298258592,1.3106103235231543,False,"{""num_rows"": ""2097152"", ""prefix_cardinality"": ""64"", ""prefix_width"": ""11"", ""suffix_width"": ""32""}"
prefix,target,Device=0 num_rows=262144 prefix_width=12 suffix_width=32 prefix_cardinality=64,False,False,3,1.6654920799376376,1.6343896168340912,1.692377334401446,False,"{""num_rows"": ""262144"", ""prefix_cardinality"": ""64"", ""prefix_width"": ""12"", ""suffix_width"": ""32""}"
prefix,target,Device=0 num_rows=2097152 prefix_width=12 suffix_width=32 prefix_cardinality=64,False,False,3,1.410624128418972,1.4072590281686177,1.413478912258927,False,"{""num_rows"": ""2097152"", ""prefix_cardinality"": ""64"", ""prefix_width"": ""12"", ""suffix_width"": ""32""}"
prefix,target,Device=0 num_rows=262144 prefix_width=64 suffix_width=32 prefix_cardinality=64,False,False,3,4.16317125529861,4.139276100352134,4.182390454946225,False,"{""num_rows"": ""262144"", ""prefix_cardinality"": ""64"", ""prefix_width"": ""64"", ""suffix_width"": ""32""}"
prefix,target,Device=0 num_rows=2097152 prefix_width=64 suffix_width=32 prefix_cardinality=64,False,False,3,3.1782460109744273,3.1715011629421346,3.184689500098096,False,"{""num_rows"": ""2097152"", ""prefix_cardinality"": ""64"", ""prefix_width"": ""64"", ""suffix_width"": ""32""}"
pr1-p32-c512,pr-diagnostics,Device=0 num_rows=262144 profile=finish_257,False,False,3,1.5882680173813444,1.5708526219728747,1.6289281766328114,False,"{""num_rows"": ""262144"", ""profile"": ""finish_257""}"
pr1-p32-c512,pr-diagnostics,Device=0 num_rows=2097152 profile=finish_257,False,False,3,1.2976417418385624,1.2947259201903303,1.3044998233260225,False,"{""num_rows"": ""2097152"", ""profile"": ""finish_257""}"
pr1-p32-c512,pr-diagnostics,Device=0 num_rows=262144 profile=finish_1024,False,False,3,1.9413654712870885,1.8550270076170237,2.0055477054067112,False,"{""num_rows"": ""262144"", ""profile"": ""finish_1024""}"
pr1-p32-c512,pr-diagnostics,Device=0 num_rows=2097152 profile=finish_1024,False,False,3,1.551136100270024,1.5263108412232547,1.5974668813616386,False,"{""num_rows"": ""2097152"", ""profile"": ""finish_1024""}"
pr1-p32-c512,pr-diagnostics,Device=0 num_rows=262144 profile=finish_4096,False,False,3,1.8855617188452358,1.834961249560412,1.932675848007205,False,"{""num_rows"": ""262144"", ""profile"": ""finish_4096""}"
pr1-p32-c512,pr-diagnostics,Device=0 num_rows=2097152 profile=finish_4096,False,False,3,1.5452502520944573,1.5112402754627015,1.5646005091433575,False,"{""num_rows"": ""2097152"", ""profile"": ""finish_4096""}"
pr1-p32-c512,pr-diagnostics,Device=0 num_rows=262144 profile=active_50,False,False,3,4.332736302941453,4.278122561457151,4.414094336464164,False,"{""num_rows"": ""262144"", ""profile"": ""active_50""}"
pr1-p32-c512,pr-diagnostics,Device=0 num_rows=2097152 profile=active_50,False,False,3,12.307551594435997,12.198283928913899,12.396977895319168,False,"{""num_rows"": ""2097152"", ""profile"": ""active_50""}"
pr1-p32-c512,pr-diagnostics,Device=0 num_rows=262144 profile=active_10,False,False,3,1.7716071544414826,1.7636152136699847,1.781598625824101,False,"{""num_rows"": ""262144"", ""profile"": ""active_10""}"
pr1-p32-c512,pr-diagnostics,Device=0 num_rows=2097152 profile=active_10,False,False,3,4.4678455476623595,4.416061111161773,4.526842454466634,False,"{""num_rows"": ""2097152"", ""profile"": ""active_10""}"
pr1-p32-c512,pr-diagnostics,Device=0 num_rows=262144 profile=active_1,False,False,3,1.2214600357297791,1.1758354224519674,1.2665307344457157,False,"{""num_rows"": ""262144"", ""profile"": ""active_1""}"
pr1-p32-c512,pr-diagnostics,Device=0 num_rows=2097152 profile=active_1,False,False,3,1.3778847088206447,1.335361477907227,1.4473129545668277,False,"{""num_rows"": ""2097152"", ""profile"": ""active_1""}"
pr1-p32-c512,pr-diagnostics,Device=0 num_rows=262144 profile=active_0_1,False,False,3,1.431427709545004,1.4110928959819848,1.4730792057758777,False,"{""num_rows"": ""262144"", ""profile"": ""active_0_1""}"
pr1-p32-c512,pr-diagnostics,Device=0 num_rows=2097152 profile=active_0_1,False,False,3,1.1424949529479838,1.13512036636704,1.1522000970120574,False,"{""num_rows"": ""2097152"", ""profile"": ""active_0_1""}"
pr1-p32-c512,pr-diagnostics,Device=0 num_rows=262144 profile=duplicates_6,False,False,3,0.9398120235284961,0.9061997688429866,0.987029218432169,True,"{""num_rows"": ""262144"", ""profile"": ""duplicates_6""}"
pr1-p32-c512,pr-diagnostics,Device=0 num_rows=2097152 profile=duplicates_6,False,False,3,0.3871631927085754,0.3852704447350764,0.39076485709648506,True,"{""num_rows"": ""2097152"", ""profile"": ""duplicates_6""}"
pr1-p32-c512,pr-diagnostics,Device=0 num_rows=262144 profile=duplicates_8,False,False,3,0.9183288211526623,0.9018653831716849,0.946149986587254,True,"{""num_rows"": ""262144"", ""profile"": ""duplicates_8""}"
pr1-p32-c512,pr-diagnostics,Device=0 num_rows=2097152 profile=duplicates_8,False,False,3,0.38952751657470813,0.379665271842817,0.40270624538387106,True,"{""num_rows"": ""2097152"", ""profile"": ""duplicates_8""}"
pr1-p32-c512,pr-diagnostics,Device=0 num_rows=262144 profile=duplicates_12,False,False,3,0.9526066708862537,0.9440694124600293,0.9701373664106827,True,"{""num_rows"": ""262144"", ""profile"": ""duplicates_12""}"
pr1-p32-c512,pr-diagnostics,Device=0 num_rows=2097152 profile=duplicates_12,False,False,3,0.4439002318900025,0.43884031468309015,0.44940211199268265,True,"{""num_rows"": ""2097152"", ""profile"": ""duplicates_12""}"
pr1-p32-c512,pr-diagnostics,Device=0 num_rows=262144 profile=duplicates_16,False,False,3,1.1094618691150633,1.1008874307546797,1.1271090315688443,False,"{""num_rows"": ""262144"", ""profile"": ""duplicates_16""}"
pr1-p32-c512,pr-diagnostics,Device=0 num_rows=2097152 profile=duplicates_16,False,False,3,0.5739138031689144,0.5678011436939752,0.5767643611056276,True,"{""num_rows"": ""2097152"", ""profile"": ""duplicates_16""}"
pr1-p32-c512,pr-diagnostics,Device=0 num_rows=262144 profile=duplicates_24,False,False,3,1.2488095527825462,1.2299090583302033,1.274695793854096,False,"{""num_rows"": ""262144"", ""profile"": ""duplicates_24""}"
pr1-p32-c512,pr-diagnostics,Device=0 num_rows=2097152 profile=duplicates_24,False,False,3,0.7026320973669012,0.6969453625600084,0.7055400927618434,True,"{""num_rows"": ""2097152"", ""profile"": ""duplicates_24""}"
pr1-p32-c512,pr-diagnostics,Device=0 num_rows=262144 profile=duplicates_32,False,False,3,1.4074100625282107,1.3755541131551101,1.4508866673890095,False,"{""num_rows"": ""262144"", ""profile"": ""duplicates_32""}"
pr1-p32-c512,pr-diagnostics,Device=0 num_rows=2097152 profile=duplicates_32,False,False,3,0.8078318478087744,0.7948719900835359,0.8169152590599875,True,"{""num_rows"": ""2097152"", ""profile"": ""duplicates_32""}"
pr1-p32-c512,pr-diagnostics,Device=0 num_rows=262144 profile=rle_misaligned,False,False,3,14.679050486215873,14.593666348718013,14.786687800191702,False,"{""num_rows"": ""262144"", ""profile"": ""rle_misaligned""}"
pr1-p32-c512,pr-diagnostics,Device=0 num_rows=2097152 profile=rle_misaligned,False,False,3,23.856552900118523,23.72720237441035,23.96910496909544,False,"{""num_rows"": ""2097152"", ""profile"": ""rle_misaligned""}"
optimized,end-to-end,Device=0 min_width=0 max_width=32 num_rows=262144 workload=normal,False,False,3,0.9946416558311639,0.966046902363287,1.02012076691578,True,"{""max_width"": ""32"", ""min_width"": ""0"", ""num_rows"": ""262144"", ""workload"": ""normal""}"
optimized,end-to-end,Device=0 min_width=0 max_width=256 num_rows=262144 workload=normal,False,False,3,0.9944937972243821,0.9823905896697581,1.0141615562532962,True,"{""max_width"": ""256"", ""min_width"": ""0"", ""num_rows"": ""262144"", ""workload"": ""normal""}"
optimized,end-to-end,Device=0 min_width=0 max_width=32 num_rows=2097152 workload=normal,False,False,3,0.9865833467894357,0.972343287905245,0.9999562571359959,True,"{""max_width"": ""32"", ""min_width"": ""0"", ""num_rows"": ""2097152"", ""workload"": ""normal""}"
optimized,end-to-end,Device=0 min_width=0 max_width=256 num_rows=2097152 workload=normal,False,False,3,0.9913192564941747,0.9847342592312514,0.996304177192057,True,"{""max_width"": ""256"", ""min_width"": ""0"", ""num_rows"": ""2097152"", ""workload"": ""normal""}"
optimized,end-to-end,Device=0 min_width=0 max_width=32 num_rows=262144 workload=duplicates,False,False,3,0.9999154945289733,0.9649036636241329,1.0365015546521497,True,"{""max_width"": ""32"", ""min_width"": ""0"", ""num_rows"": ""262144"", ""workload"": ""duplicates""}"
optimized,end-to-end,Device=0 min_width=0 max_width=256 num_rows=262144 workload=duplicates,False,False,3,0.9986713400140979,0.9880004145874208,1.0101685183048597,True,"{""max_width"": ""256"", ""min_width"": ""0"", ""num_rows"": ""262144"", ""workload"": ""duplicates""}"
optimized,end-to-end,Device=0 min_width=0 max_width=32 num_rows=2097152 workload=duplicates,False,False,3,0.7197106977721505,0.7144010187946697,0.7241853615053964,True,"{""max_width"": ""32"", ""min_width"": ""0"", ""num_rows"": ""2097152"", ""workload"": ""duplicates""}"
optimized,end-to-end,Device=0 min_width=0 max_width=256 num_rows=2097152 workload=duplicates,False,False,3,0.5998428797365825,0.5953128612661818,0.6044671157130093,True,"{""max_width"": ""256"", ""min_width"": ""0"", ""num_rows"": ""2097152"", ""workload"": ""duplicates""}"
optimized,end-to-end,Device=0 min_width=0 max_width=32 num_rows=262144 workload=shared_prefix,False,False,3,0.7546592237672339,0.737964607440561,0.7720204313802744,True,"{""max_width"": ""32"", ""min_width"": ""0"", ""num_rows"": ""262144"", ""workload"": ""shared_prefix""}"
optimized,end-to-end,Device=0 min_width=0 max_width=256 num_rows=262144 workload=shared_prefix,False,False,3,0.10772251319710612,0.1072202416754691,0.10799708309735727,True,"{""max_width"": ""256"", ""min_width"": ""0"", ""num_rows"": ""262144"", ""workload"": ""shared_prefix""}"
optimized,end-to-end,Device=0 min_width=0 max_width=32 num_rows=2097152 workload=shared_prefix,False,False,3,0.6827071336177822,0.6776625182286821,0.6878178346929115,True,"{""max_width"": ""32"", ""min_width"": ""0"", ""num_rows"": ""2097152"", ""workload"": ""shared_prefix""}"
optimized,end-to-end,Device=0 min_width=0 max_width=256 num_rows=2097152 workload=shared_prefix,False,False,3,0.11546547023123896,0.1150168119602596,0.11588748003777188,True,"{""max_width"": ""256"", ""min_width"": ""0"", ""num_rows"": ""2097152"", ""workload"": ""shared_prefix""}"
optimized,end-to-end,Device=0 min_width=0 max_width=32 num_rows=262144 workload=variable,False,False,3,0.9987226340157046,0.9655839139700585,1.0220138460353827,True,"{""max_width"": ""32"", ""min_width"": ""0"", ""num_rows"": ""262144"", ""workload"": ""variable""}"
optimized,end-to-end,Device=0 min_width=0 max_width=256 num_rows=262144 workload=variable,False,False,3,1.0008254484416528,0.9619907248749535,1.0464322627588865,True,"{""max_width"": ""256"", ""min_width"": ""0"", ""num_rows"": ""262144"", ""workload"": ""variable""}"
optimized,end-to-end,Device=0 min_width=0 max_width=32 num_rows=2097152 workload=variable,False,False,3,0.9853384490946038,0.9619180084832345,1.0096309188448571,True,"{""max_width"": ""32"", ""min_width"": ""0"", ""num_rows"": ""2097152"", ""workload"": ""variable""}"
optimized,end-to-end,Device=0 min_width=0 max_width=256 num_rows=2097152 workload=variable,False,False,3,1.0039088678734382,0.9877772630777352,1.0153524075962554,True,"{""max_width"": ""256"", ""min_width"": ""0"", ""num_rows"": ""2097152"", ""workload"": ""variable""}"
optimized,pr-source,Device=0 num_rows=262144 profile=unique_32,False,False,3,0.5036813690102485,0.48158335124479074,0.5157691468030525,True,"{""num_rows"": ""262144"", ""profile"": ""unique_32""}"
optimized,pr-source,Device=0 num_rows=2097152 profile=unique_32,False,False,3,0.20644644340110146,0.2041358190052828,0.20869350011882484,True,"{""num_rows"": ""2097152"", ""profile"": ""unique_32""}"
optimized,pr-source,Device=0 num_rows=262144 profile=duplicates_32,False,False,3,0.34450310378232385,0.3345294867273877,0.3507342439970841,True,"{""num_rows"": ""262144"", ""profile"": ""duplicates_32""}"
optimized,pr-source,Device=0 num_rows=2097152 profile=duplicates_32,False,False,3,0.12407755196963217,0.12264205727219035,0.1255267749586002,True,"{""num_rows"": ""2097152"", ""profile"": ""duplicates_32""}"
optimized,pr-source,Device=0 num_rows=262144 profile=shared_prefix_24,False,False,3,0.5070012461187027,0.4732230764292259,0.5291246541978069,True,"{""num_rows"": ""262144"", ""profile"": ""shared_prefix_24""}"
optimized,pr-source,Device=0 num_rows=2097152 profile=shared_prefix_24,False,False,3,0.20637036574485018,0.20380977576802004,0.20892256322303052,True,"{""num_rows"": ""2097152"", ""profile"": ""shared_prefix_24""}"
optimized,pr-source,Device=0 num_rows=262144 profile=raw_unique_40,False,False,3,1.0073254988581368,0.9125949457193807,1.0986243736979575,True,"{""num_rows"": ""262144"", ""profile"": ""raw_unique_40""}"
optimized,pr-source,Device=0 num_rows=2097152 profile=raw_unique_40,False,False,3,1.0043852307011556,0.9824251181750051,1.0201516832668664,True,"{""num_rows"": ""2097152"", ""profile"": ""raw_unique_40""}"
optimized,pr-source,Device=0 num_rows=262144 profile=raw_duplicates_40,False,False,3,0.9962588343486264,0.985337130548851,1.0024357686780858,True,"{""num_rows"": ""262144"", ""profile"": ""raw_duplicates_40""}"
optimized,pr-source,Device=0 num_rows=2097152 profile=raw_duplicates_40,False,False,3,0.9929918666520087,0.9874558164214066,0.9999450943401517,True,"{""num_rows"": ""2097152"", ""profile"": ""raw_duplicates_40""}"
optimized,pr-source,Device=0 num_rows=262144 profile=raw_shared_prefix_24_width_40,False,False,3,0.7992217548036942,0.7905492451347526,0.8031526425380342,True,"{""num_rows"": ""262144"", ""profile"": ""raw_shared_prefix_24_width_40""}"
optimized,pr-source,Device=0 num_rows=2097152 profile=raw_shared_prefix_24_width_40,False,False,3,0.6766831081322774,0.6735356872423046,0.6805332133293778,True,"{""num_rows"": ""2097152"", ""profile"": ""raw_shared_prefix_24_width_40""}"
prefix,constant,Device=0 num_rows=262144 prefix_width=32 suffix_width=0 prefix_cardinality=1,False,False,3,2.437712749422868,2.3893494014423395,2.4956628668596474,False,"{""num_rows"": ""262144"", ""prefix_cardinality"": ""1"", ""prefix_width"": ""32"", ""suffix_width"": ""0""}"
prefix,constant,Device=0 num_rows=2097152 prefix_width=32 suffix_width=0 prefix_cardinality=1,False,False,3,2.354061180586416,2.3482506857661667,2.3638582615067176,False,"{""num_rows"": ""2097152"", ""prefix_cardinality"": ""1"", ""prefix_width"": ""32"", ""suffix_width"": ""0""}"
optimized,main,Device=0 min_width=1 max_width=8 num_rows=32768,False,False,3,1.0036595542377822,0.9632443406611128,1.0269267623298528,True,"{""max_width"": ""8"", ""min_width"": ""1"", ""num_rows"": ""32768""}"
optimized,main,Device=0 min_width=1 max_width=32 num_rows=32768,False,False,3,1.0027917884874944,0.9795262011154445,1.0214197402838656,True,"{""max_width"": ""32"", ""min_width"": ""1"", ""num_rows"": ""32768""}"
optimized,main,Device=0 min_width=1 max_width=64 num_rows=32768,False,False,3,1.0024411552747503,0.9758750539955006,1.0353288022486178,True,"{""max_width"": ""64"", ""min_width"": ""1"", ""num_rows"": ""32768""}"
optimized,main,Device=0 min_width=1 max_width=128 num_rows=32768,False,False,3,0.9988586382888259,0.9827455750949093,1.0077853640804795,True,"{""max_width"": ""128"", ""min_width"": ""1"", ""num_rows"": ""32768""}"
optimized,main,Device=0 min_width=1 max_width=256 num_rows=32768,False,False,3,0.991555194915201,0.9701117542171005,1.012846291641076,True,"{""max_width"": ""256"", ""min_width"": ""1"", ""num_rows"": ""32768""}"
optimized,main,Device=0 min_width=1 max_width=8 num_rows=262144,False,False,3,0.9656533697334599,0.9600195572937714,0.9681005428428991,True,"{""max_width"": ""8"", ""min_width"": ""1"", ""num_rows"": ""262144""}"
optimized,main,Device=0 min_width=1 max_width=32 num_rows=262144,False,False,3,0.9847741141947133,0.9738702768826776,0.990724441981478,True,"{""max_width"": ""32"", ""min_width"": ""1"", ""num_rows"": ""262144""}"
optimized,main,Device=0 min_width=1 max_width=64 num_rows=262144,False,False,3,0.9862097697405029,0.9776764579072691,0.9936613251876198,True,"{""max_width"": ""64"", ""min_width"": ""1"", ""num_rows"": ""262144""}"
optimized,main,Device=0 min_width=1 max_width=128 num_rows=262144,False,False,3,0.9883341910222602,0.9718069071222473,1.0106207808630396,True,"{""max_width"": ""128"", ""min_width"": ""1"", ""num_rows"": ""262144""}"
optimized,main,Device=0 min_width=1 max_width=256 num_rows=262144,False,False,3,0.9936969078726148,0.9689776872182276,1.0258606669394332,True,"{""max_width"": ""256"", ""min_width"": ""1"", ""num_rows"": ""262144""}"
optimized,main,Device=0 min_width=1 max_width=8 num_rows=2097152,False,False,3,0.9433018266867451,0.931835702080797,0.9507813112867316,True,"{""max_width"": ""8"", ""min_width"": ""1"", ""num_rows"": ""2097152""}"
optimized,main,Device=0 min_width=1 max_width=32 num_rows=2097152,False,False,3,0.9818932947058249,0.9771594035955602,0.9849005849494646,True,"{""max_width"": ""32"", ""min_width"": ""1"", ""num_rows"": ""2097152""}"
optimized,main,Device=0 min_width=1 max_width=64 num_rows=2097152,False,False,3,0.9844259259513657,0.9689162454483385,1.006188380002537,True,"{""max_width"": ""64"", ""min_width"": ""1"", ""num_rows"": ""2097152""}"
optimized,main,Device=0 min_width=1 max_width=128 num_rows=2097152,False,False,3,0.9889957759955805,0.963842965987445,1.0167048565589434,True,"{""max_width"": ""128"", ""min_width"": ""1"", ""num_rows"": ""2097152""}"
optimized,main,Device=0 min_width=1 max_width=256 num_rows=2097152,False,False,3,0.995244370815193,0.9763613573782425,1.0166199250101216,True,"{""max_width"": ""256"", ""min_width"": ""1"", ""num_rows"": ""2097152""}"
optimized,main,Device=0 min_width=1 max_width=8 num_rows=16777216,False,False,3,0.9494081642973554,0.9459579315325601,0.9522012429634539,True,"{""max_width"": ""8"", ""min_width"": ""1"", ""num_rows"": ""16777216""}"
optimized,main,Device=0 min_width=1 max_width=32 num_rows=16777216,False,False,3,0.9801944109267869,0.9728711122580345,0.9859762348561577,True,"{""max_width"": ""32"", ""min_width"": ""1"", ""num_rows"": ""16777216""}"
optimized,main,Device=0 min_width=1 max_width=64 num_rows=16777216,False,False,3,0.9902307619876843,0.9826571881216151,0.9963040014524642,True,"{""max_width"": ""64"", ""min_width"": ""1"", ""num_rows"": ""16777216""}"
optimized,main,Device=0 min_width=1 max_width=128 num_rows=16777216,False,False,3,0.9909586442004379,0.9870461726184487,0.9960528913644199,True,"{""max_width"": ""128"", ""min_width"": ""1"", ""num_rows"": ""16777216""}"
optimized,main,Device=0 min_width=1 max_width=256 num_rows=16777216,False,False,3,0.9929388523849676,0.9902817415077995,0.9968839109262138,True,"{""max_width"": ""256"", ""min_width"": ""1"", ""num_rows"": ""16777216""}"
optimized,main,Device=0 num_rows=262144 profile=cardinality_1_width_32,False,False,3,0.9943349126948239,0.9357043897028126,1.0603924790674424,True,"{""num_rows"": ""262144"", ""profile"": ""cardinality_1_width_32""}"
optimized,main,Device=0 num_rows=2097152 profile=cardinality_1_width_32,False,False,3,1.0263257483680632,0.9637258598716899,1.0897879720823385,True,"{""num_rows"": ""2097152"", ""profile"": ""cardinality_1_width_32""}"
optimized,main,Device=0 num_rows=262144 profile=cardinality_64_width_128,False,False,3,0.9956203355096775,0.9796199874412168,1.007828913970446,True,"{""num_rows"": ""262144"", ""profile"": ""cardinality_64_width_128""}"
optimized,main,Device=0 num_rows=2097152 profile=cardinality_64_width_128,False,False,3,0.5782635842471356,0.5711527838269681,0.5840108670298256,True,"{""num_rows"": ""2097152"", ""profile"": ""cardinality_64_width_128""}"
optimized,main,Device=0 num_rows=262144 profile=shared_prefix_64,False,False,3,0.44175015468480777,0.4367550300130308,0.4453082561249182,True,"{""num_rows"": ""262144"", ""profile"": ""shared_prefix_64""}"
optimized,main,Device=0 num_rows=2097152 profile=shared_prefix_64,False,False,3,0.38692223835680223,0.3863702415698802,0.38781773972069317,True,"{""num_rows"": ""2097152"", ""profile"": ""shared_prefix_64""}"
optimized,main,Device=0 num_rows=262144 profile=variable_128,False,False,3,0.9812194277432701,0.9671239836939558,0.9998025697147404,True,"{""num_rows"": ""262144"", ""profile"": ""variable_128""}"
optimized,main,Device=0 num_rows=2097152 profile=variable_128,False,False,3,0.9985623745458669,0.9772742722698169,1.0130023523345086,True,"{""num_rows"": ""2097152"", ""profile"": ""variable_128""}"
optimized,main,Device=0 num_rows=262144 profile=fixed_8 null_percent=0,False,False,3,1.000271558247129,0.9942207600341993,1.0054127838974307,True,"{""null_percent"": ""0"", ""num_rows"": ""262144"", ""profile"": ""fixed_8""}"
optimized,main,Device=0 num_rows=2097152 profile=fixed_8 null_percent=0,False,False,3,1.0046176635837263,0.9811091584718953,1.0221808773496488,True,"{""null_percent"": ""0"", ""num_rows"": ""2097152"", ""profile"": ""fixed_8""}"
optimized,main,Device=0 num_rows=262144 profile=variable_128 null_percent=0,False,False,3,0.9913279364396179,0.9596915680677103,1.0150259085450513,True,"{""null_percent"": ""0"", ""num_rows"": ""262144"", ""profile"": ""variable_128""}"
optimized,main,Device=0 num_rows=2097152 profile=variable_128 null_percent=0,False,False,3,0.9940040187274187,0.9776336330336124,1.006568413938017,True,"{""null_percent"": ""0"", ""num_rows"": ""2097152"", ""profile"": ""variable_128""}"
optimized,main,Device=0 num_rows=262144 profile=fixed_8 null_percent=50,False,False,3,0.9906245630010511,0.9430861449439377,1.0314035731077316,True,"{""null_percent"": ""50"", ""num_rows"": ""262144"", ""profile"": ""fixed_8""}"
optimized,main,Device=0 num_rows=2097152 profile=fixed_8 null_percent=50,False,False,3,0.996793656760003,0.9810958187315231,1.0076789096833751,True,"{""null_percent"": ""50"", ""num_rows"": ""2097152"", ""profile"": ""fixed_8""}"
optimized,main,Device=0 num_rows=262144 profile=variable_128 null_percent=50,False,False,3,0.9829010804859147,0.9614275177359447,1.0023743763957473,True,"{""null_percent"": ""50"", ""num_rows"": ""262144"", ""profile"": ""variable_128""}"
optimized,main,Device=0 num_rows=2097152 profile=variable_128 null_percent=50,False,False,3,0.9925200971023365,0.9805140977775104,0.9994057439573147,True,"{""null_percent"": ""50"", ""num_rows"": ""2097152"", ""profile"": ""variable_128""}"
optimized,main,Device=0 num_rows=262144 profile=fixed_8 null_percent=100,False,False,3,0.9821299142491584,0.9783296318428778,0.9861919409078315,True,"{""null_percent"": ""100"", ""num_rows"": ""262144"", ""profile"": ""fixed_8""}"
optimized,main,Device=0 num_rows=2097152 profile=fixed_8 null_percent=100,False,False,3,0.9951081854810383,0.9189302761639434,1.0758345943707817,True,"{""null_percent"": ""100"", ""num_rows"": ""2097152"", ""profile"": ""fixed_8""}"
optimized,main,Device=0 num_rows=262144 profile=variable_128 null_percent=100,False,False,3,1.00753341865011,0.9193231545690228,1.0506944699926262,True,"{""null_percent"": ""100"", ""num_rows"": ""262144"", ""profile"": ""variable_128""}"
optimized,main,Device=0 num_rows=2097152 profile=variable_128 null_percent=100,False,False,3,0.9966467811456367,0.9404094403236368,1.0505896752021677,True,"{""null_percent"": ""100"", ""num_rows"": ""2097152"", ""profile"": ""variable_128""}"
