config,group,benchmark,state,stable,descending,gpu_ms,round_min_ms,round_max_ms,noise_max_pct,peak_MiB,axes
pr2-p32-c4096,pr-workload,sorted_order_strings_workload,Device=0 min_width=0 max_width=32 num_rows=32768 workload=normal,False,False,0.3348896026611328,0.33358080089092246,0.3382991969585419,1.093942331201974,1.3583993911743164,"{""max_width"": ""32"", ""min_width"": ""0"", ""num_rows"": ""32768"", ""workload"": ""normal""}"
pr2-p32-c4096,pr-workload,sorted_order_strings_workload,Device=0 min_width=0 max_width=64 num_rows=32768 workload=normal,False,False,0.39176959991455074,0.39036000072956084,0.39234239906072627,1.361903789991359,1.3583993911743164,"{""max_width"": ""64"", ""min_width"": ""0"", ""num_rows"": ""32768"", ""workload"": ""normal""}"
pr2-p32-c4096,pr-workload,sorted_order_strings_workload,Device=0 min_width=0 max_width=128 num_rows=32768 workload=normal,False,False,0.4865744024515153,0.4845295965671539,0.4881472006440161,0.8792642471285799,1.3583993911743164,"{""max_width"": ""128"", ""min_width"": ""0"", ""num_rows"": ""32768"", ""workload"": ""normal""}"
pr2-p32-c4096,pr-workload,sorted_order_strings_workload,Device=0 min_width=0 max_width=256 num_rows=32768 workload=normal,False,False,0.6309823989868163,0.6284207969903947,0.633627200126648,1.0616427007423541,1.3583993911743164,"{""max_width"": ""256"", ""min_width"": ""0"", ""num_rows"": ""32768"", ""workload"": ""normal""}"
pr2-p32-c4096,pr-workload,sorted_order_strings_workload,Device=0 min_width=0 max_width=32 num_rows=262144 workload=normal,False,False,0.41088639795780174,0.41021760255098344,0.4114559978246689,1.125267115724319,10.804566383361816,"{""max_width"": ""32"", ""min_width"": ""0"", ""num_rows"": ""262144"", ""workload"": ""normal""}"
pr2-p32-c4096,pr-workload,sorted_order_strings_workload,Device=0 min_width=0 max_width=64 num_rows=262144 workload=normal,False,False,0.48246559798717514,0.48087680190801624,0.496473602950573,7.033134668212063,10.804566383361816,"{""max_width"": ""64"", ""min_width"": ""0"", ""num_rows"": ""262144"", ""workload"": ""normal""}"
pr2-p32-c4096,pr-workload,sorted_order_strings_workload,Device=0 min_width=0 max_width=128 num_rows=262144 workload=normal,False,False,0.6343600004911423,0.634011197090149,0.6367760092020035,0.5323688586883923,10.804566383361816,"{""max_width"": ""128"", ""min_width"": ""0"", ""num_rows"": ""262144"", ""workload"": ""normal""}"
pr2-p32-c4096,pr-workload,sorted_order_strings_workload,Device=0 min_width=0 max_width=256 num_rows=262144 workload=normal,False,False,0.9924255937337875,0.9877904117107394,0.9945472002029419,0.6810076276931749,10.804566383361816,"{""max_width"": ""256"", ""min_width"": ""0"", ""num_rows"": ""262144"", ""workload"": ""normal""}"
pr2-p32-c4096,pr-workload,sorted_order_strings_workload,Device=0 min_width=0 max_width=32 num_rows=2097152 workload=normal,False,False,0.9082848012447358,0.9053151935338973,0.9097456008195879,1.9332814509730432,86.37292575836182,"{""max_width"": ""32"", ""min_width"": ""0"", ""num_rows"": ""2097152"", ""workload"": ""normal""}"
pr2-p32-c4096,pr-workload,sorted_order_strings_workload,Device=0 min_width=0 max_width=64 num_rows=2097152 workload=normal,False,False,1.0889968037605284,1.0884320080280303,1.0953248023986817,0.8424761988112437,86.37292575836182,"{""max_width"": ""64"", ""min_width"": ""0"", ""num_rows"": ""2097152"", ""workload"": ""normal""}"
pr2-p32-c4096,pr-workload,sorted_order_strings_workload,Device=0 min_width=0 max_width=128 num_rows=2097152 workload=normal,False,False,1.7344815969467162,1.7334319949150085,1.7351792097091672,0.9132231676742877,86.37292575836182,"{""max_width"": ""128"", ""min_width"": ""0"", ""num_rows"": ""2097152"", ""workload"": ""normal""}"
pr2-p32-c4096,pr-workload,sorted_order_strings_workload,Device=0 min_width=0 max_width=256 num_rows=2097152 workload=normal,False,False,3.523844826221466,3.519841599464417,3.5274688124656675,1.0412332060215885,86.37292575836182,"{""max_width"": ""256"", ""min_width"": ""0"", ""num_rows"": ""2097152"", ""workload"": ""normal""}"
pr2-p32-c4096,pr-workload,sorted_order_strings_workload,Device=0 min_width=0 max_width=32 num_rows=32768 workload=duplicates,False,False,0.24679680094122888,0.2456847980618477,0.2492448002099991,2.0201315925883265,1.3583993911743164,"{""max_width"": ""32"", ""min_width"": ""0"", ""num_rows"": ""32768"", ""workload"": ""duplicates""}"
pr2-p32-c4096,pr-workload,sorted_order_strings_workload,Device=0 min_width=0 max_width=64 num_rows=32768 workload=duplicates,False,False,0.2627967998385429,0.26221120208501814,0.2704335987567902,0.883262407370736,1.3583993911743164,"{""max_width"": ""64"", ""min_width"": ""0"", ""num_rows"": ""32768"", ""workload"": ""duplicates""}"
pr2-p32-c4096,pr-workload,sorted_order_strings_workload,Device=0 min_width=0 max_width=128 num_rows=32768 workload=duplicates,False,False,0.3082128003239631,0.30626879930496215,0.3117616012692451,1.8003694897557905,1.3583993911743164,"{""max_width"": ""128"", ""min_width"": ""0"", ""num_rows"": ""32768"", ""workload"": ""duplicates""}"
pr2-p32-c4096,pr-workload,sorted_order_strings_workload,Device=0 min_width=0 max_width=256 num_rows=32768 workload=duplicates,False,False,0.3827647969126701,0.3786639973521233,0.3865663975477219,1.3140385983884986,1.3583993911743164,"{""max_width"": ""256"", ""min_width"": ""0"", ""num_rows"": ""32768"", ""workload"": ""duplicates""}"
pr2-p32-c4096,pr-workload,sorted_order_strings_workload,Device=0 min_width=0 max_width=32 num_rows=262144 workload=duplicates,False,False,0.7413599997758864,0.734137597680092,0.7504048019647599,2.288552305329003,10.804566383361816,"{""max_width"": ""32"", ""min_width"": ""0"", ""num_rows"": ""262144"", ""workload"": ""duplicates""}"
pr2-p32-c4096,pr-workload,sorted_order_strings_workload,Device=0 min_width=0 max_width=64 num_rows=262144 workload=duplicates,False,False,1.2446591854095461,1.2363535940647126,1.2573040008544922,1.028310017319433,10.804566383361816,"{""max_width"": ""64"", ""min_width"": ""0"", ""num_rows"": ""262144"", ""workload"": ""duplicates""}"
pr2-p32-c4096,pr-workload,sorted_order_strings_workload,Device=0 min_width=0 max_width=128 num_rows=262144 workload=duplicates,False,False,2.538705599308014,2.5180767893791196,2.539852774143218,21.595979615236153,10.804566383361816,"{""max_width"": ""128"", ""min_width"": ""0"", ""num_rows"": ""262144"", ""workload"": ""duplicates""}"
pr2-p32-c4096,pr-workload,sorted_order_strings_workload,Device=0 min_width=0 max_width=256 num_rows=262144 workload=duplicates,False,False,4.68556478023529,4.656249594688416,4.700684762001037,0.5884603047873772,10.804566383361816,"{""max_width"": ""256"", ""min_width"": ""0"", ""num_rows"": ""262144"", ""workload"": ""duplicates""}"
pr2-p32-c4096,pr-workload,sorted_order_strings_workload,Device=0 min_width=0 max_width=32 num_rows=2097152 workload=duplicates,False,False,1.761241579055786,1.7598944127559666,1.7652352035045626,0.6542501825764563,86.37292575836182,"{""max_width"": ""32"", ""min_width"": ""0"", ""num_rows"": ""2097152"", ""workload"": ""duplicates""}"
pr2-p32-c4096,pr-workload,sorted_order_strings_workload,Device=0 min_width=0 max_width=64 num_rows=2097152 workload=duplicates,False,False,3.2969056129455567,3.294027209281922,3.3006703853607178,0.8899992293515905,86.37292575836182,"{""max_width"": ""64"", ""min_width"": ""0"", ""num_rows"": ""2097152"", ""workload"": ""duplicates""}"
pr2-p32-c4096,pr-workload,sorted_order_strings_workload,Device=0 min_width=0 max_width=128 num_rows=2097152 workload=duplicates,False,False,6.7132288217544565,6.705743980407713,6.734891152381897,0.37329537582912936,86.37292575836182,"{""max_width"": ""128"", ""min_width"": ""0"", ""num_rows"": ""2097152"", ""workload"": ""duplicates""}"
pr2-p32-c4096,pr-workload,sorted_order_strings_workload,Device=0 min_width=0 max_width=256 num_rows=2097152 workload=duplicates,False,False,13.642556810379029,13.626963186264037,13.661004877090456,0.43206907339272455,86.37292575836182,"{""max_width"": ""256"", ""min_width"": ""0"", ""num_rows"": ""2097152"", ""workload"": ""duplicates""}"
pr2-p32-c4096,pr-workload,sorted_order_strings_workload,Device=0 min_width=0 max_width=32 num_rows=32768 workload=shared_prefix,False,False,1.290881586074829,1.2903727948665618,1.2948015987873076,0.42213594154023193,1.3583993911743164,"{""max_width"": ""32"", ""min_width"": ""0"", ""num_rows"": ""32768"", ""workload"": ""shared_prefix""}"
pr2-p32-c4096,pr-workload,sorted_order_strings_workload,Device=0 min_width=0 max_width=64 num_rows=32768 workload=shared_prefix,False,False,2.3373727917671205,2.3270560145378116,2.348918378353119,0.3855527110512148,1.3583993911743164,"{""max_width"": ""64"", ""min_width"": ""0"", ""num_rows"": ""32768"", ""workload"": ""shared_prefix""}"
pr2-p32-c4096,pr-workload,sorted_order_strings_workload,Device=0 min_width=0 max_width=128 num_rows=32768 workload=shared_prefix,False,False,4.419211220741274,4.40613124370575,4.456654453277588,0.598951719158967,1.3583993911743164,"{""max_width"": ""128"", ""min_width"": ""0"", ""num_rows"": ""32768"", ""workload"": ""shared_prefix""}"
pr2-p32-c4096,pr-workload,sorted_order_strings_workload,Device=0 min_width=0 max_width=256 num_rows=32768 workload=shared_prefix,False,False,8.594982528686522,8.545199966430665,8.636252784729002,0.556645622367222,1.3583993911743164,"{""max_width"": ""256"", ""min_width"": ""0"", ""num_rows"": ""32768"", ""workload"": ""shared_prefix""}"
pr2-p32-c4096,pr-workload,sorted_order_strings_workload,Device=0 min_width=0 max_width=32 num_rows=262144 workload=shared_prefix,False,False,6.915716814994813,6.914323210716248,6.916339206695557,0.11288928463716176,10.804566383361816,"{""max_width"": ""32"", ""min_width"": ""0"", ""num_rows"": ""262144"", ""workload"": ""shared_prefix""}"
pr2-p32-c4096,pr-workload,sorted_order_strings_workload,Device=0 min_width=0 max_width=64 num_rows=262144 workload=shared_prefix,False,False,12.798739099502562,12.797121572494508,12.801767921447757,0.05819337108941416,10.804566383361816,"{""max_width"": ""64"", ""min_width"": ""0"", ""num_rows"": ""262144"", ""workload"": ""shared_prefix""}"
pr2-p32-c4096,pr-workload,sorted_order_strings_workload,Device=0 min_width=0 max_width=128 num_rows=262144 workload=shared_prefix,False,False,24.871888065338133,24.87188320159913,24.876401615142825,0.047093626957774734,10.804566383361816,"{""max_width"": ""128"", ""min_width"": ""0"", ""num_rows"": ""262144"", ""workload"": ""shared_prefix""}"
pr2-p32-c4096,pr-workload,sorted_order_strings_workload,Device=0 min_width=0 max_width=256 num_rows=262144 workload=shared_prefix,False,False,48.99795169830322,48.982844924926766,49.01954135894776,0.052364396277221746,10.804566383361816,"{""max_width"": ""256"", ""min_width"": ""0"", ""num_rows"": ""262144"", ""workload"": ""shared_prefix""}"
pr2-p32-c4096,pr-workload,sorted_order_strings_workload,Device=0 min_width=0 max_width=32 num_rows=2097152 workload=shared_prefix,False,False,67.24188423156738,67.23830833435059,67.24263839721681,0.026151892144433687,86.37292575836182,"{""max_width"": ""32"", ""min_width"": ""0"", ""num_rows"": ""2097152"", ""workload"": ""shared_prefix""}"
pr2-p32-c4096,pr-workload,sorted_order_strings_workload,Device=0 min_width=0 max_width=64 num_rows=2097152 workload=shared_prefix,False,False,133.38793334960937,133.38364028930664,133.4003562927246,0.016043872958819302,86.37292575836182,"{""max_width"": ""64"", ""min_width"": ""0"", ""num_rows"": ""2097152"", ""workload"": ""shared_prefix""}"
pr2-p32-c4096,pr-workload,sorted_order_strings_workload,Device=0 min_width=0 max_width=128 num_rows=2097152 workload=shared_prefix,False,False,265.85180664062506,265.8467590332031,265.8574813842774,0.01569888427825238,86.37292575836182,"{""max_width"": ""128"", ""min_width"": ""0"", ""num_rows"": ""2097152"", ""workload"": ""shared_prefix""}"
pr2-p32-c4096,pr-workload,sorted_order_strings_workload,Device=0 min_width=0 max_width=256 num_rows=2097152 workload=shared_prefix,False,False,531.0743835449217,531.0485809326171,531.0843536376952,0.01693461750115325,86.37292575836182,"{""max_width"": ""256"", ""min_width"": ""0"", ""num_rows"": ""2097152"", ""workload"": ""shared_prefix""}"
pr2-p32-c4096,pr-workload,sorted_order_strings_workload,Device=0 min_width=0 max_width=32 num_rows=32768 workload=variable,False,False,0.31751520037651065,0.31703519970178606,0.3179583996534347,1.1910592764510035,1.3583993911743164,"{""max_width"": ""32"", ""min_width"": ""0"", ""num_rows"": ""32768"", ""workload"": ""variable""}"
pr2-p32-c4096,pr-workload,sorted_order_strings_workload,Device=0 min_width=0 max_width=64 num_rows=32768 workload=variable,False,False,0.32377599924802786,0.32343840003013613,0.3273903995752335,1.2560552505051408,1.3583993911743164,"{""max_width"": ""64"", ""min_width"": ""0"", ""num_rows"": ""32768"", ""workload"": ""variable""}"
pr2-p32-c4096,pr-workload,sorted_order_strings_workload,Device=0 min_width=0 max_width=128 num_rows=32768 workload=variable,False,False,0.34497279971837996,0.3413087993860245,0.3510031998157501,1.4742637305347972,1.3583993911743164,"{""max_width"": ""128"", ""min_width"": ""0"", ""num_rows"": ""32768"", ""workload"": ""variable""}"
pr2-p32-c4096,pr-workload,sorted_order_strings_workload,Device=0 min_width=0 max_width=256 num_rows=32768 workload=variable,False,False,0.371372801065445,0.37099999785423277,0.3849007993936539,9.04969417487029,1.3583993911743164,"{""max_width"": ""256"", ""min_width"": ""0"", ""num_rows"": ""32768"", ""workload"": ""variable""}"
pr2-p32-c4096,pr-workload,sorted_order_strings_workload,Device=0 min_width=0 max_width=32 num_rows=262144 workload=variable,False,False,0.3452384024858474,0.3449919998645782,0.34672160297632215,1.5929878457128697,10.804566383361816,"{""max_width"": ""32"", ""min_width"": ""0"", ""num_rows"": ""262144"", ""workload"": ""variable""}"
pr2-p32-c4096,pr-workload,sorted_order_strings_workload,Device=0 min_width=0 max_width=64 num_rows=262144 workload=variable,False,False,0.3524079993367195,0.35194239765405655,0.35525919795036304,1.302683755528801,10.804566383361816,"{""max_width"": ""64"", ""min_width"": ""0"", ""num_rows"": ""262144"", ""workload"": ""variable""}"
pr2-p32-c4096,pr-workload,sorted_order_strings_workload,Device=0 min_width=0 max_width=128 num_rows=262144 workload=variable,False,False,0.3708672001957893,0.36719200015068054,0.37646400183439255,1.5758615080671736,10.804566383361816,"{""max_width"": ""128"", ""min_width"": ""0"", ""num_rows"": ""262144"", ""workload"": ""variable""}"
pr2-p32-c4096,pr-workload,sorted_order_strings_workload,Device=0 min_width=0 max_width=256 num_rows=262144 workload=variable,False,False,0.4210751995444297,0.4178479999303817,0.42383839786052696,0.9451573868069073,10.804566383361816,"{""max_width"": ""256"", ""min_width"": ""0"", ""num_rows"": ""262144"", ""workload"": ""variable""}"
pr2-p32-c4096,pr-workload,sorted_order_strings_workload,Device=0 min_width=0 max_width=32 num_rows=2097152 workload=variable,False,False,0.8525184035301208,0.8513471990823747,0.8597135961055755,0.6378685121708628,86.37292575836182,"{""max_width"": ""32"", ""min_width"": ""0"", ""num_rows"": ""2097152"", ""workload"": ""variable""}"
pr2-p32-c4096,pr-workload,sorted_order_strings_workload,Device=0 min_width=0 max_width=64 num_rows=2097152 workload=variable,False,False,0.8152736008167268,0.8138192027807234,0.8233615934848786,0.7262693456035579,86.37292575836182,"{""max_width"": ""64"", ""min_width"": ""0"", ""num_rows"": ""2097152"", ""workload"": ""variable""}"
pr2-p32-c4096,pr-workload,sorted_order_strings_workload,Device=0 min_width=0 max_width=128 num_rows=2097152 workload=variable,False,False,0.80793599486351,0.8055423974990844,0.8177840054035187,0.6638845683914744,86.37292575836182,"{""max_width"": ""128"", ""min_width"": ""0"", ""num_rows"": ""2097152"", ""workload"": ""variable""}"
pr2-p32-c4096,pr-workload,sorted_order_strings_workload,Device=0 min_width=0 max_width=256 num_rows=2097152 workload=variable,False,False,0.7824815958738327,0.7775744020938874,0.7875727981328965,0.718366944488952,86.37292575836182,"{""max_width"": ""256"", ""min_width"": ""0"", ""num_rows"": ""2097152"", ""workload"": ""variable""}"
pr1-p32-c512,pr-workload,sorted_order_strings_workload,Device=0 min_width=0 max_width=32 num_rows=32768 workload=normal,False,False,0.37043200135231025,0.3659152001142502,0.38543520122766495,19.6052085234724,1.377981185913086,"{""max_width"": ""32"", ""min_width"": ""0"", ""num_rows"": ""32768"", ""workload"": ""normal""}"
pr1-p32-c512,pr-workload,sorted_order_strings_workload,Device=0 min_width=0 max_width=64 num_rows=32768 workload=normal,False,False,0.4490479975938798,0.4480000033974648,0.4501984030008316,1.0780022572295667,1.3805561065673828,"{""max_width"": ""64"", ""min_width"": ""0"", ""num_rows"": ""32768"", ""workload"": ""normal""}"
pr1-p32-c512,pr-workload,sorted_order_strings_workload,Device=0 min_width=0 max_width=128 num_rows=32768 workload=normal,False,False,0.6039440035820007,0.6001232028007506,0.6044720023870468,0.9281015239551275,1.3809566497802734,"{""max_width"": ""128"", ""min_width"": ""0"", ""num_rows"": ""32768"", ""workload"": ""normal""}"
pr1-p32-c512,pr-workload,sorted_order_strings_workload,Device=0 min_width=0 max_width=256 num_rows=32768 workload=normal,False,False,0.961660802364349,0.9560624033212661,0.96180160343647,0.40057181861858715,1.381052017211914,"{""max_width"": ""256"", ""min_width"": ""0"", ""num_rows"": ""32768"", ""workload"": ""normal""}"
pr1-p32-c512,pr-workload,sorted_order_strings_workload,Device=0 min_width=0 max_width=32 num_rows=262144 workload=normal,False,False,0.4993296012282373,0.4958127975463868,0.5034960001707077,5.741988329428263,10.811402320861816,"{""max_width"": ""32"", ""min_width"": ""0"", ""num_rows"": ""262144"", ""workload"": ""normal""}"
pr1-p32-c512,pr-workload,sorted_order_strings_workload,Device=0 min_width=0 max_width=64 num_rows=262144 workload=normal,False,False,0.6933279931545259,0.6925040066242218,0.6972256034612654,2.2046751553452952,10.811402320861816,"{""max_width"": ""64"", ""min_width"": ""0"", ""num_rows"": ""262144"", ""workload"": ""normal""}"
pr1-p32-c512,pr-workload,sorted_order_strings_workload,Device=0 min_width=0 max_width=128 num_rows=262144 workload=normal,False,False,1.21116960644722,1.2027840077877043,1.2116256058216095,4.673416751720512,10.811402320861816,"{""max_width"": ""128"", ""min_width"": ""0"", ""num_rows"": ""262144"", ""workload"": ""normal""}"
pr1-p32-c512,pr-workload,sorted_order_strings_workload,Device=0 min_width=0 max_width=256 num_rows=262144 workload=normal,False,False,2.603888010978698,2.598980784416199,2.605988824367523,4.705670342627815,10.811402320861816,"{""max_width"": ""256"", ""min_width"": ""0"", ""num_rows"": ""262144"", ""workload"": ""normal""}"
pr1-p32-c512,pr-workload,sorted_order_strings_workload,Device=0 min_width=0 max_width=32 num_rows=2097152 workload=normal,False,False,1.9306656062602998,1.9207951962947842,1.9342495918273928,0.7293140959230944,86.42761325836182,"{""max_width"": ""32"", ""min_width"": ""0"", ""num_rows"": ""2097152"", ""workload"": ""normal""}"
pr1-p32-c512,pr-workload,sorted_order_strings_workload,Device=0 min_width=0 max_width=64 num_rows=2097152 workload=normal,False,False,3.822063994407654,3.8140208005905163,3.8233888030052183,0.8558534292934562,86.42761325836182,"{""max_width"": ""64"", ""min_width"": ""0"", ""num_rows"": ""2097152"", ""workload"": ""normal""}"
pr1-p32-c512,pr-workload,sorted_order_strings_workload,Device=0 min_width=0 max_width=128 num_rows=2097152 workload=normal,False,False,7.670576047897339,7.644788789749145,7.675110340118407,7.785804770398058,86.42761325836182,"{""max_width"": ""128"", ""min_width"": ""0"", ""num_rows"": ""2097152"", ""workload"": ""normal""}"
pr1-p32-c512,pr-workload,sorted_order_strings_workload,Device=0 min_width=0 max_width=256 num_rows=2097152 workload=normal,False,False,15.163420867919923,15.077723121643066,15.193456077575684,0.7660708182341418,86.42761325836182,"{""max_width"": ""256"", ""min_width"": ""0"", ""num_rows"": ""2097152"", ""workload"": ""normal""}"
pr1-p32-c512,pr-workload,sorted_order_strings_workload,Device=0 min_width=0 max_width=32 num_rows=32768 workload=duplicates,False,False,0.7211968064308167,0.7168671995401381,0.7233103960752488,0.7065808061576523,1.3592538833618164,"{""max_width"": ""32"", ""min_width"": ""0"", ""num_rows"": ""32768"", ""workload"": ""duplicates""}"
pr1-p32-c512,pr-workload,sorted_order_strings_workload,Device=0 min_width=0 max_width=64 num_rows=32768 workload=duplicates,False,False,1.2525007843971252,1.2392192006111147,1.2572831988334658,1.1289247121510577,1.3592538833618164,"{""max_width"": ""64"", ""min_width"": ""0"", ""num_rows"": ""32768"", ""workload"": ""duplicates""}"
pr1-p32-c512,pr-workload,sorted_order_strings_workload,Device=0 min_width=0 max_width=128 num_rows=32768 workload=duplicates,False,False,2.251705634593964,2.241838383674622,2.2534736037254333,0.5463002924237182,1.3592538833618164,"{""max_width"": ""128"", ""min_width"": ""0"", ""num_rows"": ""32768"", ""workload"": ""duplicates""}"
pr1-p32-c512,pr-workload,sorted_order_strings_workload,Device=0 min_width=0 max_width=256 num_rows=32768 workload=duplicates,False,False,4.458716845512389,4.4374607563018795,4.467161631584168,0.559975687442064,1.3592538833618164,"{""max_width"": ""256"", ""min_width"": ""0"", ""num_rows"": ""32768"", ""workload"": ""duplicates""}"
pr1-p32-c512,pr-workload,sorted_order_strings_workload,Device=0 min_width=0 max_width=32 num_rows=262144 workload=duplicates,False,False,0.7250576019287108,0.7165184050798415,0.7261824041604997,0.659964405959424,10.811402320861816,"{""max_width"": ""32"", ""min_width"": ""0"", ""num_rows"": ""262144"", ""workload"": ""duplicates""}"
pr1-p32-c512,pr-workload,sorted_order_strings_workload,Device=0 min_width=0 max_width=64 num_rows=262144 workload=duplicates,False,False,1.1769296050071716,1.1471535980701448,1.1775647819042205,2.0908668960189782,10.811402320861816,"{""max_width"": ""64"", ""min_width"": ""0"", ""num_rows"": ""262144"", ""workload"": ""duplicates""}"
pr1-p32-c512,pr-workload,sorted_order_strings_workload,Device=0 min_width=0 max_width=128 num_rows=262144 workload=duplicates,False,False,2.2529104232788084,2.2179456233978274,2.25589120388031,1.063723303117663,10.811402320861816,"{""max_width"": ""128"", ""min_width"": ""0"", ""num_rows"": ""262144"", ""workload"": ""duplicates""}"
pr1-p32-c512,pr-workload,sorted_order_strings_workload,Device=0 min_width=0 max_width=256 num_rows=262144 workload=duplicates,False,False,4.361097598075867,4.29953761100769,4.373204779624939,1.0575895259103532,10.811402320861816,"{""max_width"": ""256"", ""min_width"": ""0"", ""num_rows"": ""262144"", ""workload"": ""duplicates""}"
pr1-p32-c512,pr-workload,sorted_order_strings_workload,Device=0 min_width=0 max_width=32 num_rows=2097152 workload=duplicates,False,False,1.763432013988495,1.7629471957683565,1.7667792022228237,1.3760273524943438,86.42761325836182,"{""max_width"": ""32"", ""min_width"": ""0"", ""num_rows"": ""2097152"", ""workload"": ""duplicates""}"
pr1-p32-c512,pr-workload,sorted_order_strings_workload,Device=0 min_width=0 max_width=64 num_rows=2097152 workload=duplicates,False,False,3.330502414703369,3.325476765632629,3.3316656231880195,0.7659432930274034,86.42761325836182,"{""max_width"": ""64"", ""min_width"": ""0"", ""num_rows"": ""2097152"", ""workload"": ""duplicates""}"
pr1-p32-c512,pr-workload,sorted_order_strings_workload,Device=0 min_width=0 max_width=128 num_rows=2097152 workload=duplicates,False,False,6.736193585395812,6.717582416534425,6.74656958580017,0.6046080804987266,86.42761325836182,"{""max_width"": ""128"", ""min_width"": ""0"", ""num_rows"": ""2097152"", ""workload"": ""duplicates""}"
pr1-p32-c512,pr-workload,sorted_order_strings_workload,Device=0 min_width=0 max_width=256 num_rows=2097152 workload=duplicates,False,False,13.659919977188114,13.653012895584109,13.662838363647461,0.43951295332423357,86.42761325836182,"{""max_width"": ""256"", ""min_width"": ""0"", ""num_rows"": ""2097152"", ""workload"": ""duplicates""}"
pr1-p32-c512,pr-workload,sorted_order_strings_workload,Device=0 min_width=0 max_width=32 num_rows=32768 workload=shared_prefix,False,False,1.2982560038566588,1.2918784081935881,1.3024623990058901,0.6060313880730815,1.3592538833618164,"{""max_width"": ""32"", ""min_width"": ""0"", ""num_rows"": ""32768"", ""workload"": ""shared_prefix""}"
pr1-p32-c512,pr-workload,sorted_order_strings_workload,Device=0 min_width=0 max_width=64 num_rows=32768 workload=shared_prefix,False,False,2.3455055952072144,2.327851188182831,2.3457775950431827,0.41628734706546194,1.3592538833618164,"{""max_width"": ""64"", ""min_width"": ""0"", ""num_rows"": ""32768"", ""workload"": ""shared_prefix""}"
pr1-p32-c512,pr-workload,sorted_order_strings_workload,Device=0 min_width=0 max_width=128 num_rows=32768 workload=shared_prefix,False,False,4.456289553642272,4.399987125396728,4.461291193962097,0.45536879150818904,1.3592538833618164,"{""max_width"": ""128"", ""min_width"": ""0"", ""num_rows"": ""32768"", ""workload"": ""shared_prefix""}"
pr1-p32-c512,pr-workload,sorted_order_strings_workload,Device=0 min_width=0 max_width=256 num_rows=32768 workload=shared_prefix,False,False,8.637606382369997,8.545334434509277,8.648919963836672,0.34524251372750403,1.3592538833618164,"{""max_width"": ""256"", ""min_width"": ""0"", ""num_rows"": ""32768"", ""workload"": ""shared_prefix""}"
pr1-p32-c512,pr-workload,sorted_order_strings_workload,Device=0 min_width=0 max_width=32 num_rows=262144 workload=shared_prefix,False,False,6.917270374298096,6.916758370399474,6.921089601516726,0.12122923357114322,10.811402320861816,"{""max_width"": ""32"", ""min_width"": ""0"", ""num_rows"": ""262144"", ""workload"": ""shared_prefix""}"
pr1-p32-c512,pr-workload,sorted_order_strings_workload,Device=0 min_width=0 max_width=64 num_rows=262144 workload=shared_prefix,False,False,12.822833490371707,12.812480068206785,12.828689527511598,0.8681274557832331,10.811402320861816,"{""max_width"": ""64"", ""min_width"": ""0"", ""num_rows"": ""262144"", ""workload"": ""shared_prefix""}"
pr1-p32-c512,pr-workload,sorted_order_strings_workload,Device=0 min_width=0 max_width=128 num_rows=262144 workload=shared_prefix,False,False,24.869950580596925,24.863510417938233,24.884148979187017,0.07363501154947819,10.811402320861816,"{""max_width"": ""128"", ""min_width"": ""0"", ""num_rows"": ""262144"", ""workload"": ""shared_prefix""}"
pr1-p32-c512,pr-workload,sorted_order_strings_workload,Device=0 min_width=0 max_width=256 num_rows=262144 workload=shared_prefix,False,False,49.02016334533692,49.00611877441406,49.055491256713864,0.07493935007785704,10.811402320861816,"{""max_width"": ""256"", ""min_width"": ""0"", ""num_rows"": ""262144"", ""workload"": ""shared_prefix""}"
pr1-p32-c512,pr-workload,sorted_order_strings_workload,Device=0 min_width=0 max_width=32 num_rows=2097152 workload=shared_prefix,False,False,67.243851852417,67.23396034240723,67.24640197753905,0.05398861855374331,86.42761325836182,"{""max_width"": ""32"", ""min_width"": ""0"", ""num_rows"": ""2097152"", ""workload"": ""shared_prefix""}"
pr1-p32-c512,pr-workload,sorted_order_strings_workload,Device=0 min_width=0 max_width=64 num_rows=2097152 workload=shared_prefix,False,False,133.38632736206057,133.37420196533205,133.3883239746094,0.025889032604071403,86.42761325836182,"{""max_width"": ""64"", ""min_width"": ""0"", ""num_rows"": ""2097152"", ""workload"": ""shared_prefix""}"
pr1-p32-c512,pr-workload,sorted_order_strings_workload,Device=0 min_width=0 max_width=128 num_rows=2097152 workload=shared_prefix,False,False,265.8509216308594,265.81339263916016,265.8608276367188,0.021053991554858993,86.42761325836182,"{""max_width"": ""128"", ""min_width"": ""0"", ""num_rows"": ""2097152"", ""workload"": ""shared_prefix""}"
pr1-p32-c512,pr-workload,sorted_order_strings_workload,Device=0 min_width=0 max_width=256 num_rows=2097152 workload=shared_prefix,False,False,531.0270080566405,531.0024566650391,531.1711029052735,0.017520165541200266,86.42761325836182,"{""max_width"": ""256"", ""min_width"": ""0"", ""num_rows"": ""2097152"", ""workload"": ""shared_prefix""}"
pr1-p32-c512,pr-workload,sorted_order_strings_workload,Device=0 min_width=0 max_width=32 num_rows=32768 workload=variable,False,False,0.31370560377836226,0.3097295984625816,0.31469919830560683,8.280233441722265,1.3592538833618164,"{""max_width"": ""32"", ""min_width"": ""0"", ""num_rows"": ""32768"", ""workload"": ""variable""}"
pr1-p32-c512,pr-workload,sorted_order_strings_workload,Device=0 min_width=0 max_width=64 num_rows=32768 workload=variable,False,False,0.3198415964841842,0.3165903985500335,0.32197439968585967,1.6277892947629597,1.3592538833618164,"{""max_width"": ""64"", ""min_width"": ""0"", ""num_rows"": ""32768"", ""workload"": ""variable""}"
pr1-p32-c512,pr-workload,sorted_order_strings_workload,Device=0 min_width=0 max_width=128 num_rows=32768 workload=variable,False,False,0.34084639996290206,0.33560480028390877,0.34633439779281616,1.7060036295639367,1.3592538833618164,"{""max_width"": ""128"", ""min_width"": ""0"", ""num_rows"": ""32768"", ""workload"": ""variable""}"
pr1-p32-c512,pr-workload,sorted_order_strings_workload,Device=0 min_width=0 max_width=256 num_rows=32768 workload=variable,False,False,0.3655087992548942,0.3611040040850639,0.372091194987297,1.615881474563521,1.3592538833618164,"{""max_width"": ""256"", ""min_width"": ""0"", ""num_rows"": ""32768"", ""workload"": ""variable""}"
pr1-p32-c512,pr-workload,sorted_order_strings_workload,Device=0 min_width=0 max_width=32 num_rows=262144 workload=variable,False,False,0.34743039906024936,0.34567200243473045,0.3499904021620751,1.5282695099904293,10.811402320861816,"{""max_width"": ""32"", ""min_width"": ""0"", ""num_rows"": ""262144"", ""workload"": ""variable""}"
pr1-p32-c512,pr-workload,sorted_order_strings_workload,Device=0 min_width=0 max_width=64 num_rows=262144 workload=variable,False,False,0.3587199985980987,0.35507040321826927,0.3588911995291709,2.18317725534885,10.811402320861816,"{""max_width"": ""64"", ""min_width"": ""0"", ""num_rows"": ""262144"", ""workload"": ""variable""}"
pr1-p32-c512,pr-workload,sorted_order_strings_workload,Device=0 min_width=0 max_width=128 num_rows=262144 workload=variable,False,False,0.37560159862041476,0.3713856011629105,0.3829872041940689,9.35124926027327,10.811402320861816,"{""max_width"": ""128"", ""min_width"": ""0"", ""num_rows"": ""262144"", ""workload"": ""variable""}"
pr1-p32-c512,pr-workload,sorted_order_strings_workload,Device=0 min_width=0 max_width=256 num_rows=262144 workload=variable,False,False,0.4131519958376885,0.40380160361528394,0.4160639971494675,1.372674745825711,10.811402320861816,"{""max_width"": ""256"", ""min_width"": ""0"", ""num_rows"": ""262144"", ""workload"": ""variable""}"
pr1-p32-c512,pr-workload,sorted_order_strings_workload,Device=0 min_width=0 max_width=32 num_rows=2097152 workload=variable,False,False,0.8515536040067673,0.8426495939493179,0.8555232018232345,0.6177555028819569,86.42761325836182,"{""max_width"": ""32"", ""min_width"": ""0"", ""num_rows"": ""2097152"", ""workload"": ""variable""}"
pr1-p32-c512,pr-workload,sorted_order_strings_workload,Device=0 min_width=0 max_width=64 num_rows=2097152 workload=variable,False,False,0.8092863976955414,0.8017552018165588,0.8110591948032378,0.5682332863954815,86.42761325836182,"{""max_width"": ""64"", ""min_width"": ""0"", ""num_rows"": ""2097152"", ""workload"": ""variable""}"
pr1-p32-c512,pr-workload,sorted_order_strings_workload,Device=0 min_width=0 max_width=128 num_rows=2097152 workload=variable,False,False,0.7988863974809647,0.7893600016832352,0.8014416009187699,1.846691751466395,86.42761325836182,"{""max_width"": ""128"", ""min_width"": ""0"", ""num_rows"": ""2097152"", ""workload"": ""variable""}"
pr1-p32-c512,pr-workload,sorted_order_strings_workload,Device=0 min_width=0 max_width=256 num_rows=2097152 workload=variable,False,False,0.7568576008081436,0.7541680037975313,0.7688848108053208,3.742044430444788,86.42761325836182,"{""max_width"": ""256"", ""min_width"": ""0"", ""num_rows"": ""2097152"", ""workload"": ""variable""}"
pr2-p32-c4096,pr-zero-collisions,sorted_order_strings_segmented_diagnostics,Device=0 num_rows=32768 profile=zero_collision_pass1,False,False,0.7099968045949937,0.7099664062261583,0.7176096022129057,0.5707147518167305,1.2343807220458984,"{""num_rows"": ""32768"", ""profile"": ""zero_collision_pass1""}"
pr2-p32-c4096,pr-zero-collisions,sorted_order_strings_segmented_diagnostics,Device=0 num_rows=32768 profile=zero_collision_pass2,False,False,0.9763391971588135,0.9754784077405928,0.9854399949312213,0.5586839906576485,1.2343807220458984,"{""num_rows"": ""32768"", ""profile"": ""zero_collision_pass2""}"
pr1-p32-c512,pr-zero-collisions,sorted_order_strings_segmented_diagnostics,Device=0 num_rows=32768 profile=zero_collision_pass1,False,False,0.5949759930372238,0.5945936024188995,0.5959600031375885,0.6278433993102281,1.2352352142333984,"{""num_rows"": ""32768"", ""profile"": ""zero_collision_pass1""}"
pr1-p32-c512,pr-zero-collisions,sorted_order_strings_segmented_diagnostics,Device=0 num_rows=32768 profile=zero_collision_pass2,False,False,0.8618016004562378,0.8603519976139067,0.8657872051000597,0.6612489129921187,1.2352352142333984,"{""num_rows"": ""32768"", ""profile"": ""zero_collision_pass2""}"
optimized,pr-diagnostics,sorted_order_strings_segmented_diagnostics,Device=0 num_rows=262144 profile=finish_257,False,False,0.21197280064225196,0.20937119945883756,0.21357760205864906,1.60830821173496,9.053221702575684,"{""num_rows"": ""262144"", ""profile"": ""finish_257""}"
optimized,pr-diagnostics,sorted_order_strings_segmented_diagnostics,Device=0 num_rows=2097152 profile=finish_257,False,False,0.41082240194082253,0.4086255997419358,0.41309760212898256,0.9471101061605277,72.36474514007568,"{""num_rows"": ""2097152"", ""profile"": ""finish_257""}"
optimized,pr-diagnostics,sorted_order_strings_segmented_diagnostics,Device=0 num_rows=262144 profile=finish_1024,False,False,0.23662079945206643,0.2345440000295639,0.23934719935059554,1.9186642075067932,9.053221702575684,"{""num_rows"": ""262144"", ""profile"": ""finish_1024""}"
optimized,pr-diagnostics,sorted_order_strings_segmented_diagnostics,Device=0 num_rows=2097152 profile=finish_1024,False,False,0.4336399972438811,0.43061759918928133,0.4376944050192832,0.95601324838629,72.36474514007568,"{""num_rows"": ""2097152"", ""profile"": ""finish_1024""}"
optimized,pr-diagnostics,sorted_order_strings_segmented_diagnostics,Device=0 num_rows=262144 profile=finish_4096,False,False,0.27618559896945954,0.27507680058479317,0.2788864016532898,1.2475502129015297,9.053221702575684,"{""num_rows"": ""262144"", ""profile"": ""finish_4096""}"
optimized,pr-diagnostics,sorted_order_strings_segmented_diagnostics,Device=0 num_rows=2097152 profile=finish_4096,False,False,0.47482880204916006,0.47336800098419196,0.4791759997606278,0.9303981836545315,72.36474514007568,"{""num_rows"": ""2097152"", ""profile"": ""finish_4096""}"
optimized,pr-diagnostics,sorted_order_strings_segmented_diagnostics,Device=0 num_rows=262144 profile=active_50,False,False,0.3300559982657432,0.3282671988010407,0.333118399977684,1.0486268982683844,9.053221702575684,"{""num_rows"": ""262144"", ""profile"": ""active_50""}"
optimized,pr-diagnostics,sorted_order_strings_segmented_diagnostics,Device=0 num_rows=2097152 profile=active_50,False,False,0.8611615985631944,0.8604623943567277,0.8681391924619675,0.5033281029085571,72.36474514007568,"{""num_rows"": ""2097152"", ""profile"": ""active_50""}"
optimized,pr-diagnostics,sorted_order_strings_segmented_diagnostics,Device=0 num_rows=262144 profile=active_10,False,False,0.2912160009145737,0.28725120127201076,0.2927503943443299,1.2574000985862916,9.053221702575684,"{""num_rows"": ""262144"", ""profile"": ""active_10""}"
optimized,pr-diagnostics,sorted_order_strings_segmented_diagnostics,Device=0 num_rows=2097152 profile=active_10,False,False,0.538724797964096,0.5367855995893479,0.5456927955150604,0.7528019282569628,72.36474514007568,"{""num_rows"": ""2097152"", ""profile"": ""active_10""}"
optimized,pr-diagnostics,sorted_order_strings_segmented_diagnostics,Device=0 num_rows=262144 profile=active_1,False,False,0.23394080027937883,0.23308639824390412,0.23599520102143287,1.5168260745975803,9.053221702575684,"{""num_rows"": ""262144"", ""profile"": ""active_1""}"
optimized,pr-diagnostics,sorted_order_strings_segmented_diagnostics,Device=0 num_rows=2097152 profile=active_1,False,False,0.48552000224590297,0.48156160265207293,0.4904048010706903,0.9559909873469536,72.36474514007568,"{""num_rows"": ""2097152"", ""profile"": ""active_1""}"
optimized,pr-diagnostics,sorted_order_strings_segmented_diagnostics,Device=0 num_rows=262144 profile=active_0_1,False,False,0.1927152007818222,0.19266559854149817,0.19497599899768828,1.4638576806753998,9.053221702575684,"{""num_rows"": ""262144"", ""profile"": ""active_0_1""}"
optimized,pr-diagnostics,sorted_order_strings_segmented_diagnostics,Device=0 num_rows=2097152 profile=active_0_1,False,False,0.4161615997552872,0.412534399330616,0.4202656000852585,0.9744474513082515,72.36474514007568,"{""num_rows"": ""2097152"", ""profile"": ""active_0_1""}"
optimized,pr-diagnostics,sorted_order_strings_segmented_diagnostics,Device=0 num_rows=262144 profile=duplicates_6,False,False,0.22589119896292684,0.22570240050554277,0.23486400097608567,0.7865351039669439,9.053221702575684,"{""num_rows"": ""262144"", ""profile"": ""duplicates_6""}"
optimized,pr-diagnostics,sorted_order_strings_segmented_diagnostics,Device=0 num_rows=2097152 profile=duplicates_6,False,False,0.9580799996852876,0.9570384085178376,0.9632640033960342,0.4363889314513078,72.36474514007568,"{""num_rows"": ""2097152"", ""profile"": ""duplicates_6""}"
optimized,pr-diagnostics,sorted_order_strings_segmented_diagnostics,Device=0 num_rows=262144 profile=duplicates_8,False,False,0.2258431985974312,0.2251744002103805,0.23416800051927564,0.6583182216278903,9.053221702575684,"{""num_rows"": ""262144"", ""profile"": ""duplicates_8""}"
optimized,pr-diagnostics,sorted_order_strings_segmented_diagnostics,Device=0 num_rows=2097152 profile=duplicates_8,False,False,0.9564703971147537,0.9554255962371828,0.9619391947984696,0.40491806514243983,72.36474514007568,"{""num_rows"": ""2097152"", ""profile"": ""duplicates_8""}"
optimized,pr-diagnostics,sorted_order_strings_segmented_diagnostics,Device=0 num_rows=262144 profile=duplicates_12,False,False,0.3451727986335755,0.34221120029687885,0.35163680315017715,2.6437239859430353,9.053221702575684,"{""num_rows"": ""262144"", ""profile"": ""duplicates_12""}"
optimized,pr-diagnostics,sorted_order_strings_segmented_diagnostics,Device=0 num_rows=2097152 profile=duplicates_12,False,False,2.0575360178947455,2.0493072152137755,2.0587696075439452,1.0297797308849668,72.36474514007568,"{""num_rows"": ""2097152"", ""profile"": ""duplicates_12""}"
optimized,pr-diagnostics,sorted_order_strings_segmented_diagnostics,Device=0 num_rows=262144 profile=duplicates_16,False,False,0.2944640025496482,0.29334399849176407,0.30107840150594706,1.4490644291995527,9.053221702575684,"{""num_rows"": ""262144"", ""profile"": ""duplicates_16""}"
optimized,pr-diagnostics,sorted_order_strings_segmented_diagnostics,Device=0 num_rows=2097152 profile=duplicates_16,False,False,1.5723328113555908,1.5705840110778808,1.574739199876785,0.3787565107812399,72.36474514007568,"{""num_rows"": ""2097152"", ""profile"": ""duplicates_16""}"
optimized,pr-diagnostics,sorted_order_strings_segmented_diagnostics,Device=0 num_rows=262144 profile=duplicates_24,False,False,0.35455680191516875,0.35339200049638747,0.35776960104703903,1.0262378627364592,9.053221702575684,"{""num_rows"": ""262144"", ""profile"": ""duplicates_24""}"
optimized,pr-diagnostics,sorted_order_strings_segmented_diagnostics,Device=0 num_rows=2097152 profile=duplicates_24,False,False,2.0401168107986454,2.039343976974487,2.054838395118713,2.727571299284483,72.36474514007568,"{""num_rows"": ""2097152"", ""profile"": ""duplicates_24""}"
optimized,pr-diagnostics,sorted_order_strings_segmented_diagnostics,Device=0 num_rows=262144 profile=duplicates_32,False,False,0.39774079769849785,0.3952095985412598,0.40113279968500143,1.0294171447577714,9.053221702575684,"{""num_rows"": ""262144"", ""profile"": ""duplicates_32""}"
optimized,pr-diagnostics,sorted_order_strings_segmented_diagnostics,Device=0 num_rows=2097152 profile=duplicates_32,False,False,2.4764127492904664,2.4760975956916815,2.4850415945053093,0.19220861562943525,72.36474514007568,"{""num_rows"": ""2097152"", ""profile"": ""duplicates_32""}"
optimized,pr-diagnostics,sorted_order_strings_segmented_diagnostics,Device=0 num_rows=262144 profile=rle_misaligned,False,False,0.43068640232086186,0.4306543990969658,0.4359663978219032,1.3520367063242806,9.053221702575684,"{""num_rows"": ""262144"", ""profile"": ""rle_misaligned""}"
optimized,pr-diagnostics,sorted_order_strings_segmented_diagnostics,Device=0 num_rows=2097152 profile=rle_misaligned,False,False,2.3443439841270446,2.3442127823829653,2.3487519860267643,0.2628825037141956,72.36474514007568,"{""num_rows"": ""2097152"", ""profile"": ""rle_misaligned""}"
pr2-p32-c4096,end-to-end,sort_strings_workload,Device=0 min_width=0 max_width=32 num_rows=262144 workload=normal,False,False,0.5077599972486496,0.5073872029781341,0.5159168004989624,1.0789515662914617,10.804566383361816,"{""max_width"": ""32"", ""min_width"": ""0"", ""num_rows"": ""262144"", ""workload"": ""normal""}"
pr2-p32-c4096,end-to-end,sort_strings_workload,Device=0 min_width=0 max_width=256 num_rows=262144 workload=normal,False,False,1.1334848046302795,1.12871521115303,1.1356079936027526,2.0679001277097777,33.687255859375,"{""max_width"": ""256"", ""min_width"": ""0"", ""num_rows"": ""262144"", ""workload"": ""normal""}"
pr2-p32-c4096,end-to-end,sort_strings_workload,Device=0 min_width=0 max_width=32 num_rows=2097152 workload=normal,False,False,1.2550704002380373,1.2484080016613006,1.2599727988243103,1.5780209173268551,95.72902488708496,"{""max_width"": ""32"", ""min_width"": ""0"", ""num_rows"": ""2097152"", ""workload"": ""normal""}"
pr2-p32-c4096,end-to-end,sort_strings_workload,Device=0 min_width=0 max_width=256 num_rows=2097152 workload=normal,False,False,4.100688004493714,4.098531174659729,4.110457611083984,1.1296233699926135,269.3055658340454,"{""max_width"": ""256"", ""min_width"": ""0"", ""num_rows"": ""2097152"", ""workload"": ""normal""}"
pr2-p32-c4096,end-to-end,sort_strings_workload,Device=0 min_width=0 max_width=32 num_rows=262144 workload=duplicates,False,False,0.8352768003940583,0.8351695984601973,0.8420159965753555,2.0221271770148532,10.804566383361816,"{""max_width"": ""32"", ""min_width"": ""0"", ""num_rows"": ""262144"", ""workload"": ""duplicates""}"
pr2-p32-c4096,end-to-end,sort_strings_workload,Device=0 min_width=0 max_width=256 num_rows=262144 workload=duplicates,False,False,4.799705600738525,4.79166877269745,4.836355209350587,0.7213029446192927,34.63582420349121,"{""max_width"": ""256"", ""min_width"": ""0"", ""num_rows"": ""262144"", ""workload"": ""duplicates""}"
pr2-p32-c4096,end-to-end,sort_strings_workload,Device=0 min_width=0 max_width=32 num_rows=2097152 workload=duplicates,False,False,2.165510404109955,2.1650960087776183,2.179076790809632,0.9635807185556677,96.68649291992188,"{""max_width"": ""32"", ""min_width"": ""0"", ""num_rows"": ""2097152"", ""workload"": ""duplicates""}"
pr2-p32-c4096,end-to-end,sort_strings_workload,Device=0 min_width=0 max_width=256 num_rows=2097152 workload=duplicates,False,False,14.327558517456055,14.305849504470824,14.369724702835086,3.89589547172236,277.07898902893066,"{""max_width"": ""256"", ""min_width"": ""0"", ""num_rows"": ""2097152"", ""workload"": ""duplicates""}"
pr2-p32-c4096,end-to-end,sort_strings_workload,Device=0 min_width=0 max_width=32 num_rows=262144 workload=shared_prefix,False,False,7.035422372817994,7.033417606353761,7.0376688003540036,0.0646803010658145,10.804566383361816,"{""max_width"": ""32"", ""min_width"": ""0"", ""num_rows"": ""262144"", ""workload"": ""shared_prefix""}"
pr2-p32-c4096,end-to-end,sort_strings_workload,Device=0 min_width=0 max_width=256 num_rows=262144 workload=shared_prefix,False,False,49.22105484008789,49.20362091064454,49.226447868347165,0.1585980080160529,65.03126335144043,"{""max_width"": ""256"", ""min_width"": ""0"", ""num_rows"": ""262144"", ""workload"": ""shared_prefix""}"
pr2-p32-c4096,end-to-end,sort_strings_workload,Device=0 min_width=0 max_width=32 num_rows=2097152 workload=shared_prefix,False,False,67.80683555603026,67.79703521728516,67.80704269409179,0.052227917159615674,120.06652927398682,"{""max_width"": ""32"", ""min_width"": ""0"", ""num_rows"": ""2097152"", ""workload"": ""shared_prefix""}"
pr2-p32-c4096,end-to-end,sort_strings_workload,Device=0 min_width=0 max_width=256 num_rows=2097152 workload=shared_prefix,False,False,531.7853546142577,531.781134033203,531.8524261474608,0.01889846567370643,520.2527341842651,"{""max_width"": ""256"", ""min_width"": ""0"", ""num_rows"": ""2097152"", ""workload"": ""shared_prefix""}"
pr2-p32-c4096,end-to-end,sort_strings_workload,Device=0 min_width=0 max_width=32 num_rows=262144 workload=variable,False,False,0.44964959919452663,0.4459136009216308,0.4497855946421623,3.4415154635564082,10.804566383361816,"{""max_width"": ""32"", ""min_width"": ""0"", ""num_rows"": ""262144"", ""workload"": ""variable""}"
pr2-p32-c4096,end-to-end,sort_strings_workload,Device=0 min_width=0 max_width=256 num_rows=262144 workload=variable,False,False,0.5588639944791794,0.554663997888565,0.5641519963741303,0.9453642119845282,34.01968002319336,"{""max_width"": ""256"", ""min_width"": ""0"", ""num_rows"": ""262144"", ""workload"": ""variable""}"
pr2-p32-c4096,end-to-end,sort_strings_workload,Device=0 min_width=0 max_width=32 num_rows=2097152 workload=variable,False,False,1.247283208370209,1.2429280042648314,1.2519984006881715,0.6187743203786001,96.05874729156494,"{""max_width"": ""32"", ""min_width"": ""0"", ""num_rows"": ""2097152"", ""workload"": ""variable""}"
pr2-p32-c4096,end-to-end,sort_strings_workload,Device=0 min_width=0 max_width=256 num_rows=2097152 workload=variable,False,False,1.379075199365616,1.3779279947280885,1.3850464046001436,0.9407514914097028,272.17790508270264,"{""max_width"": ""256"", ""min_width"": ""0"", ""num_rows"": ""2097152"", ""workload"": ""variable""}"
baseline,pr-workload,sorted_order_strings_workload,Device=0 min_width=0 max_width=32 num_rows=32768 workload=normal,False,False,0.19661279991269112,0.1962815999984741,0.19661920070648195,1.5606791413099774,1.1391592025756836,"{""max_width"": ""32"", ""min_width"": ""0"", ""num_rows"": ""32768"", ""workload"": ""normal""}"
baseline,pr-workload,sorted_order_strings_workload,Device=0 min_width=0 max_width=64 num_rows=32768 workload=normal,False,False,0.2209807991981506,0.2207248009741306,0.22183040156960487,0.8544807514470744,1.1391592025756836,"{""max_width"": ""64"", ""min_width"": ""0"", ""num_rows"": ""32768"", ""workload"": ""normal""}"
baseline,pr-workload,sorted_order_strings_workload,Device=0 min_width=0 max_width=128 num_rows=32768 workload=normal,False,False,0.27878720015287406,0.27842079997062685,0.280775997042656,1.9929339380394504,1.1391592025756836,"{""max_width"": ""128"", ""min_width"": ""0"", ""num_rows"": ""32768"", ""workload"": ""normal""}"
baseline,pr-workload,sorted_order_strings_workload,Device=0 min_width=0 max_width=256 num_rows=32768 workload=normal,False,False,0.40014080107212063,0.4001248002052308,0.4017087996006012,0.8597169478253563,1.1391592025756836,"{""max_width"": ""256"", ""min_width"": ""0"", ""num_rows"": ""32768"", ""workload"": ""normal""}"
baseline,pr-workload,sorted_order_strings_workload,Device=0 min_width=0 max_width=32 num_rows=262144 workload=normal,False,False,0.41038399934768677,0.4097519993782043,0.4112367987632751,1.306565026489301,9.053221702575684,"{""max_width"": ""32"", ""min_width"": ""0"", ""num_rows"": ""262144"", ""workload"": ""normal""}"
baseline,pr-workload,sorted_order_strings_workload,Device=0 min_width=0 max_width=64 num_rows=262144 workload=normal,False,False,0.5262175977230072,0.5258911997079849,0.5265744000673295,1.702889045333907,9.053221702575684,"{""max_width"": ""64"", ""min_width"": ""0"", ""num_rows"": ""262144"", ""workload"": ""normal""}"
baseline,pr-workload,sorted_order_strings_workload,Device=0 min_width=0 max_width=128 num_rows=262144 workload=normal,False,False,0.8640720009803771,0.863558405637741,0.8664704054594039,1.7984303412986993,9.053221702575684,"{""max_width"": ""128"", ""min_width"": ""0"", ""num_rows"": ""262144"", ""workload"": ""normal""}"
baseline,pr-workload,sorted_order_strings_workload,Device=0 min_width=0 max_width=256 num_rows=262144 workload=normal,False,False,1.5074272096157073,1.498587203025818,1.5141407907009121,2.8068378550795594,9.053221702575684,"{""max_width"": ""256"", ""min_width"": ""0"", ""num_rows"": ""262144"", ""workload"": ""normal""}"
baseline,pr-workload,sorted_order_strings_workload,Device=0 min_width=0 max_width=32 num_rows=2097152 workload=normal,False,False,1.3809231936931607,1.3808015942573548,1.3820799946784974,2.287917766195634,72.36474514007568,"{""max_width"": ""32"", ""min_width"": ""0"", ""num_rows"": ""2097152"", ""workload"": ""normal""}"
baseline,pr-workload,sorted_order_strings_workload,Device=0 min_width=0 max_width=64 num_rows=2097152 workload=normal,False,False,2.073977601528168,2.052996814250946,2.0741696119308473,1.7742986100919227,72.36474514007568,"{""max_width"": ""64"", ""min_width"": ""0"", ""num_rows"": ""2097152"", ""workload"": ""normal""}"
baseline,pr-workload,sorted_order_strings_workload,Device=0 min_width=0 max_width=128 num_rows=2097152 workload=normal,False,False,3.6989408016204823,3.6963023900985714,3.707776021957397,2.318580131865377,72.36474514007568,"{""max_width"": ""128"", ""min_width"": ""0"", ""num_rows"": ""2097152"", ""workload"": ""normal""}"
baseline,pr-workload,sorted_order_strings_workload,Device=0 min_width=0 max_width=256 num_rows=2097152 workload=normal,False,False,8.03885281085968,7.989419198036193,8.0562335729599,3.6427595104068478,72.36474514007568,"{""max_width"": ""256"", ""min_width"": ""0"", ""num_rows"": ""2097152"", ""workload"": ""normal""}"
baseline,pr-workload,sorted_order_strings_workload,Device=0 min_width=0 max_width=32 num_rows=32768 workload=duplicates,False,False,0.22890079841017721,0.22715839967131615,0.23052800148725508,1.396339900824449,1.1391592025756836,"{""max_width"": ""32"", ""min_width"": ""0"", ""num_rows"": ""32768"", ""workload"": ""duplicates""}"
baseline,pr-workload,sorted_order_strings_workload,Device=0 min_width=0 max_width=64 num_rows=32768 workload=duplicates,False,False,0.2940751984715461,0.29199840128421783,0.2967424005270004,1.6934665782532068,1.1391592025756836,"{""max_width"": ""64"", ""min_width"": ""0"", ""num_rows"": ""32768"", ""workload"": ""duplicates""}"
baseline,pr-workload,sorted_order_strings_workload,Device=0 min_width=0 max_width=128 num_rows=32768 workload=duplicates,False,False,0.4321536004543305,0.4306032001972198,0.44506400227546683,13.367429771409398,1.1391592025756836,"{""max_width"": ""128"", ""min_width"": ""0"", ""num_rows"": ""32768"", ""workload"": ""duplicates""}"
baseline,pr-workload,sorted_order_strings_workload,Device=0 min_width=0 max_width=256 num_rows=32768 workload=duplicates,False,False,0.8066496074199677,0.8028896003961564,0.8069583982229231,1.1538818992511326,1.1391592025756836,"{""max_width"": ""256"", ""min_width"": ""0"", ""num_rows"": ""32768"", ""workload"": ""duplicates""}"
baseline,pr-workload,sorted_order_strings_workload,Device=0 min_width=0 max_width=32 num_rows=262144 workload=duplicates,False,False,0.42985439896583566,0.4259103983640671,0.4313824012875557,2.007329093847323,9.053221702575684,"{""max_width"": ""32"", ""min_width"": ""0"", ""num_rows"": ""262144"", ""workload"": ""duplicates""}"
baseline,pr-workload,sorted_order_strings_workload,Device=0 min_width=0 max_width=64 num_rows=262144 workload=duplicates,False,False,0.5939967960119248,0.58330560028553,0.595716804265976,2.567166408450819,9.053221702575684,"{""max_width"": ""64"", ""min_width"": ""0"", ""num_rows"": ""262144"", ""workload"": ""duplicates""}"
baseline,pr-workload,sorted_order_strings_workload,Device=0 min_width=0 max_width=128 num_rows=262144 workload=duplicates,False,False,0.9221008002758025,0.911630403995514,0.9235248029232023,2.849907419648684,9.053221702575684,"{""max_width"": ""128"", ""min_width"": ""0"", ""num_rows"": ""262144"", ""workload"": ""duplicates""}"
baseline,pr-workload,sorted_order_strings_workload,Device=0 min_width=0 max_width=256 num_rows=262144 workload=duplicates,False,False,1.7379855811595915,1.7229583859443665,1.7432128071784974,1.248129609903848,9.053221702575684,"{""max_width"": ""256"", ""min_width"": ""0"", ""num_rows"": ""262144"", ""workload"": ""duplicates""}"
baseline,pr-workload,sorted_order_strings_workload,Device=0 min_width=0 max_width=32 num_rows=2097152 workload=duplicates,False,False,2.208403193950653,2.2055552005767822,2.2166992187499996,1.6311279882684822,72.36474514007568,"{""max_width"": ""32"", ""min_width"": ""0"", ""num_rows"": ""2097152"", ""workload"": ""duplicates""}"
baseline,pr-workload,sorted_order_strings_workload,Device=0 min_width=0 max_width=64 num_rows=2097152 workload=duplicates,False,False,3.3077391862869265,3.3044063925743106,3.327427196502686,1.3424839921942051,72.36474514007568,"{""max_width"": ""64"", ""min_width"": ""0"", ""num_rows"": ""2097152"", ""workload"": ""duplicates""}"
baseline,pr-workload,sorted_order_strings_workload,Device=0 min_width=0 max_width=128 num_rows=2097152 workload=duplicates,False,False,5.456284832954406,5.449761605262756,5.465619206428529,2.067525071087082,72.36474514007568,"{""max_width"": ""128"", ""min_width"": ""0"", ""num_rows"": ""2097152"", ""workload"": ""duplicates""}"
baseline,pr-workload,sorted_order_strings_workload,Device=0 min_width=0 max_width=256 num_rows=2097152 workload=duplicates,False,False,9.884473657608032,9.77964472770691,9.88543529510498,2.9144009064832854,72.36474514007568,"{""max_width"": ""256"", ""min_width"": ""0"", ""num_rows"": ""2097152"", ""workload"": ""duplicates""}"
baseline,pr-workload,sorted_order_strings_workload,Device=0 min_width=0 max_width=32 num_rows=32768 workload=shared_prefix,False,False,0.4656512022018433,0.46203359663486476,0.4656911998987198,0.821406080558703,1.1391592025756836,"{""max_width"": ""32"", ""min_width"": ""0"", ""num_rows"": ""32768"", ""workload"": ""shared_prefix""}"
baseline,pr-workload,sorted_order_strings_workload,Device=0 min_width=0 max_width=64 num_rows=32768 workload=shared_prefix,False,False,0.7320896089076997,0.731374391913414,0.732201600074768,0.4681685663706166,1.1391592025756836,"{""max_width"": ""64"", ""min_width"": ""0"", ""num_rows"": ""32768"", ""workload"": ""shared_prefix""}"
baseline,pr-workload,sorted_order_strings_workload,Device=0 min_width=0 max_width=128 num_rows=32768 workload=shared_prefix,False,False,1.337611210346222,1.3343327879905702,1.3422751963138582,0.44952924971985037,1.1391592025756836,"{""max_width"": ""128"", ""min_width"": ""0"", ""num_rows"": ""32768"", ""workload"": ""shared_prefix""}"
baseline,pr-workload,sorted_order_strings_workload,Device=0 min_width=0 max_width=256 num_rows=32768 workload=shared_prefix,False,False,3.354206395149231,3.3525216221809386,3.355911993980407,0.2670254717286472,1.1391592025756836,"{""max_width"": ""256"", ""min_width"": ""0"", ""num_rows"": ""32768"", ""workload"": ""shared_prefix""}"
baseline,pr-workload,sorted_order_strings_workload,Device=0 min_width=0 max_width=32 num_rows=262144 workload=shared_prefix,False,False,0.7369232058525085,0.7359263986349105,0.7397103995084762,0.5626488832913364,9.053221702575684,"{""max_width"": ""32"", ""min_width"": ""0"", ""num_rows"": ""262144"", ""workload"": ""shared_prefix""}"
baseline,pr-workload,sorted_order_strings_workload,Device=0 min_width=0 max_width=64 num_rows=262144 workload=shared_prefix,False,False,1.2546688079833983,1.253336000442505,1.2594128012657164,2.1696391953082172,9.053221702575684,"{""max_width"": ""64"", ""min_width"": ""0"", ""num_rows"": ""262144"", ""workload"": ""shared_prefix""}"
baseline,pr-workload,sorted_order_strings_workload,Device=0 min_width=0 max_width=128 num_rows=262144 workload=shared_prefix,False,False,2.6957360029220583,2.691478383541108,2.712857604026795,1.355729934571239,9.053221702575684,"{""max_width"": ""128"", ""min_width"": ""0"", ""num_rows"": ""262144"", ""workload"": ""shared_prefix""}"
baseline,pr-workload,sorted_order_strings_workload,Device=0 min_width=0 max_width=256 num_rows=262144 workload=shared_prefix,False,False,7.7717088460922215,7.771424055099488,7.775566458702087,0.19368326974536726,9.053221702575684,"{""max_width"": ""256"", ""min_width"": ""0"", ""num_rows"": ""262144"", ""workload"": ""shared_prefix""}"
baseline,pr-workload,sorted_order_strings_workload,Device=0 min_width=0 max_width=32 num_rows=2097152 workload=shared_prefix,False,False,5.570593595504761,5.570076751708984,5.575769615173341,0.5050545427056443,72.36474514007568,"{""max_width"": ""32"", ""min_width"": ""0"", ""num_rows"": ""2097152"", ""workload"": ""shared_prefix""}"
baseline,pr-workload,sorted_order_strings_workload,Device=0 min_width=0 max_width=64 num_rows=2097152 workload=shared_prefix,False,False,10.306312036514282,10.299083185195922,10.314830446243288,0.35856701822392734,72.36474514007568,"{""max_width"": ""64"", ""min_width"": ""0"", ""num_rows"": ""2097152"", ""workload"": ""shared_prefix""}"
baseline,pr-workload,sorted_order_strings_workload,Device=0 min_width=0 max_width=128 num_rows=2097152 workload=shared_prefix,False,False,23.3385326385498,23.32989912033081,23.339788722991937,0.2006064248871308,72.36474514007568,"{""max_width"": ""128"", ""min_width"": ""0"", ""num_rows"": ""2097152"", ""workload"": ""shared_prefix""}"
baseline,pr-workload,sorted_order_strings_workload,Device=0 min_width=0 max_width=256 num_rows=2097152 workload=shared_prefix,False,False,50.04369831085205,50.0150671005249,50.06149959564209,0.18171006531379144,72.36474514007568,"{""max_width"": ""256"", ""min_width"": ""0"", ""num_rows"": ""2097152"", ""workload"": ""shared_prefix""}"
baseline,pr-workload,sorted_order_strings_workload,Device=0 min_width=0 max_width=32 num_rows=32768 workload=variable,False,False,0.1914480000734329,0.19078239798545837,0.1918544001877308,1.7738187017986973,1.1391592025756836,"{""max_width"": ""32"", ""min_width"": ""0"", ""num_rows"": ""32768"", ""workload"": ""variable""}"
baseline,pr-workload,sorted_order_strings_workload,Device=0 min_width=0 max_width=64 num_rows=32768 workload=variable,False,False,0.18817599937319757,0.18629600107669833,0.18850719928741452,2.6795821172230534,1.1391592025756836,"{""max_width"": ""64"", ""min_width"": ""0"", ""num_rows"": ""32768"", ""workload"": ""variable""}"
baseline,pr-workload,sorted_order_strings_workload,Device=0 min_width=0 max_width=128 num_rows=32768 workload=variable,False,False,0.17309760078787803,0.1713471978902817,0.17424159944057463,2.2388548531669676,1.1391592025756836,"{""max_width"": ""128"", ""min_width"": ""0"", ""num_rows"": ""32768"", ""workload"": ""variable""}"
baseline,pr-workload,sorted_order_strings_workload,Device=0 min_width=0 max_width=256 num_rows=32768 workload=variable,False,False,0.17168959975242618,0.1700095996260643,0.17503039985895158,11.842064973411443,1.1391592025756836,"{""max_width"": ""256"", ""min_width"": ""0"", ""num_rows"": ""32768"", ""workload"": ""variable""}"
baseline,pr-workload,sorted_order_strings_workload,Device=0 min_width=0 max_width=32 num_rows=262144 workload=variable,False,False,0.2607839971780777,0.2606783986091613,0.2621264010667801,1.0343467311304482,9.053221702575684,"{""max_width"": ""32"", ""min_width"": ""0"", ""num_rows"": ""262144"", ""workload"": ""variable""}"
baseline,pr-workload,sorted_order_strings_workload,Device=0 min_width=0 max_width=64 num_rows=262144 workload=variable,False,False,0.25829279869794847,0.2576463967561721,0.2589008003473282,1.1745422794713891,9.053221702575684,"{""max_width"": ""64"", ""min_width"": ""0"", ""num_rows"": ""262144"", ""workload"": ""variable""}"
baseline,pr-workload,sorted_order_strings_workload,Device=0 min_width=0 max_width=128 num_rows=262144 workload=variable,False,False,0.26322880089282985,0.25978080034255985,0.263443198800087,1.5952164869197125,9.053221702575684,"{""max_width"": ""128"", ""min_width"": ""0"", ""num_rows"": ""262144"", ""workload"": ""variable""}"
baseline,pr-workload,sorted_order_strings_workload,Device=0 min_width=0 max_width=256 num_rows=262144 workload=variable,False,False,0.2464128009974956,0.24388640001416206,0.25033280253410334,6.042205159251161,9.053221702575684,"{""max_width"": ""256"", ""min_width"": ""0"", ""num_rows"": ""262144"", ""workload"": ""variable""}"
baseline,pr-workload,sorted_order_strings_workload,Device=0 min_width=0 max_width=32 num_rows=2097152 workload=variable,False,False,0.5285023987293244,0.5281263917684554,0.5299760043621065,0.7505273582067592,72.36474514007568,"{""max_width"": ""32"", ""min_width"": ""0"", ""num_rows"": ""2097152"", ""workload"": ""variable""}"
baseline,pr-workload,sorted_order_strings_workload,Device=0 min_width=0 max_width=64 num_rows=2097152 workload=variable,False,False,0.5175583928823471,0.5174256056547164,0.5185568034648895,0.8150428390713088,72.36474514007568,"{""max_width"": ""64"", ""min_width"": ""0"", ""num_rows"": ""2097152"", ""workload"": ""variable""}"
baseline,pr-workload,sorted_order_strings_workload,Device=0 min_width=0 max_width=128 num_rows=2097152 workload=variable,False,False,0.5345551997423174,0.5320672005414964,0.5351583927869797,0.698116487220705,72.36474514007568,"{""max_width"": ""128"", ""min_width"": ""0"", ""num_rows"": ""2097152"", ""workload"": ""variable""}"
baseline,pr-workload,sorted_order_strings_workload,Device=0 min_width=0 max_width=256 num_rows=2097152 workload=variable,False,False,0.5276271998882294,0.5270992100238799,0.5288800060749054,0.7017243656703197,72.36474514007568,"{""max_width"": ""256"", ""min_width"": ""0"", ""num_rows"": ""2097152"", ""workload"": ""variable""}"
optimized,target,sorted_order_strings_cardinality,Device=0 num_rows=262144 max_width=32 cardinality=1,False,False,0.007062400039285421,0.00687519998755306,0.0072463999968022125,6.334041880788738,1.0,"{""cardinality"": ""1"", ""max_width"": ""32"", ""num_rows"": ""262144""}"
optimized,target,sorted_order_strings_cardinality,Device=0 num_rows=2097152 max_width=32 cardinality=1,False,False,0.008401599992066622,0.008307200064882638,0.008713599923066797,19.77662198192221,8.0,"{""cardinality"": ""1"", ""max_width"": ""32"", ""num_rows"": ""2097152""}"
optimized,target,sorted_order_strings_cardinality,Device=0 num_rows=262144 max_width=128 cardinality=1,False,False,0.20753280222415926,0.20625279992818832,0.20855359956622124,1.7570561740379471,9.053221702575684,"{""cardinality"": ""1"", ""max_width"": ""128"", ""num_rows"": ""262144""}"
optimized,target,sorted_order_strings_cardinality,Device=0 num_rows=2097152 max_width=128 cardinality=1,False,False,0.5123471975326539,0.5122800067067147,0.5126304030418397,1.0066307022427476,72.36474514007568,"{""cardinality"": ""1"", ""max_width"": ""128"", ""num_rows"": ""2097152""}"
optimized,target,sorted_order_strings_cardinality,Device=0 num_rows=262144 max_width=32 cardinality=64,False,False,0.4451055973768234,0.4395439967513085,0.4465439975261689,1.9559352430746655,9.053221702575684,"{""cardinality"": ""64"", ""max_width"": ""32"", ""num_rows"": ""262144""}"
optimized,target,sorted_order_strings_cardinality,Device=0 num_rows=2097152 max_width=32 cardinality=64,False,False,1.3758512020111084,1.3623279929161074,1.377662396430969,2.0809090629431184,72.36474514007568,"{""cardinality"": ""64"", ""max_width"": ""32"", ""num_rows"": ""2097152""}"
optimized,target,sorted_order_strings_cardinality,Device=0 num_rows=262144 max_width=128 cardinality=64,False,False,0.9871311962604522,0.9800479948520657,0.9873376041650773,2.668390812195268,9.053221702575684,"{""cardinality"": ""64"", ""max_width"": ""128"", ""num_rows"": ""262144""}"
optimized,target,sorted_order_strings_cardinality,Device=0 num_rows=2097152 max_width=128 cardinality=64,False,False,3.5308864235877984,3.5254351973533624,3.5453951835632327,1.050587882732594,72.36474514007568,"{""cardinality"": ""64"", ""max_width"": ""128"", ""num_rows"": ""2097152""}"
optimized,target,sorted_order_strings_cardinality,Device=0 num_rows=262144 max_width=32 cardinality=0,False,False,0.2578672021627426,0.2562527969479561,0.2582320049405098,1.3228590931477915,9.053221702575684,"{""cardinality"": ""0"", ""max_width"": ""32"", ""num_rows"": ""262144""}"
optimized,target,sorted_order_strings_cardinality,Device=0 num_rows=2097152 max_width=32 cardinality=0,False,False,0.5008575960993766,0.5005696058273315,0.5026735991239548,0.89352815064136,72.36474514007568,"{""cardinality"": ""0"", ""max_width"": ""32"", ""num_rows"": ""2097152""}"
optimized,target,sorted_order_strings_cardinality,Device=0 num_rows=262144 max_width=128 cardinality=0,False,False,0.25449279844760897,0.2527072012424469,0.26054880172014233,1.543267090132581,9.053221702575684,"{""cardinality"": ""0"", ""max_width"": ""128"", ""num_rows"": ""262144""}"
optimized,target,sorted_order_strings_cardinality,Device=0 num_rows=2097152 max_width=128 cardinality=0,False,False,0.5267424017190934,0.5259792029857636,0.5285695999860764,0.6853650533085637,72.36474514007568,"{""cardinality"": ""0"", ""max_width"": ""128"", ""num_rows"": ""2097152""}"
optimized,target,sorted_order_strings_prefixes,Device=0 num_rows=262144 prefix_width=4 suffix_width=32 prefix_cardinality=1,False,False,0.22885280027985572,0.22781439796090128,0.2429391980171204,19.593357695986192,9.053221702575684,"{""num_rows"": ""262144"", ""prefix_cardinality"": ""1"", ""prefix_width"": ""4"", ""suffix_width"": ""32""}"
optimized,target,sorted_order_strings_prefixes,Device=0 num_rows=2097152 prefix_width=4 suffix_width=32 prefix_cardinality=1,False,False,0.43364479541778567,0.4327087998390198,0.4342511966824532,0.6414880036918563,72.36474514007568,"{""num_rows"": ""2097152"", ""prefix_cardinality"": ""1"", ""prefix_width"": ""4"", ""suffix_width"": ""32""}"
optimized,target,sorted_order_strings_prefixes,Device=0 num_rows=262144 prefix_width=8 suffix_width=32 prefix_cardinality=1,False,False,0.5659392058849334,0.5655072033405303,0.5666943997144699,0.3726204388495129,9.053221702575684,"{""num_rows"": ""262144"", ""prefix_cardinality"": ""1"", ""prefix_width"": ""8"", ""suffix_width"": ""32""}"
optimized,target,sorted_order_strings_prefixes,Device=0 num_rows=2097152 prefix_width=8 suffix_width=32 prefix_cardinality=1,False,False,4.157860851287842,4.154800057411193,4.1626112222671505,0.4509472391749889,72.36474514007568,"{""num_rows"": ""2097152"", ""prefix_cardinality"": ""1"", ""prefix_width"": ""8"", ""suffix_width"": ""32""}"
optimized,target,sorted_order_strings_prefixes,Device=0 num_rows=262144 prefix_width=10 suffix_width=32 prefix_cardinality=1,False,False,0.6050687968730927,0.6033616006374359,0.6062895983457565,0.7455936646365434,9.053221702575684,"{""num_rows"": ""262144"", ""prefix_cardinality"": ""1"", ""prefix_width"": ""10"", ""suffix_width"": ""32""}"
optimized,target,sorted_order_strings_prefixes,Device=0 num_rows=2097152 prefix_width=10 suffix_width=32 prefix_cardinality=1,False,False,4.387086391448975,4.378171229362487,4.388252782821655,0.5383883840044884,72.36474514007568,"{""num_rows"": ""2097152"", ""prefix_cardinality"": ""1"", ""prefix_width"": ""10"", ""suffix_width"": ""32""}"
optimized,target,sorted_order_strings_prefixes,Device=0 num_rows=262144 prefix_width=11 suffix_width=32 prefix_cardinality=1,False,False,0.6119728028774262,0.611905601620674,0.6125008046627044,0.5006883231349415,9.053221702575684,"{""num_rows"": ""262144"", ""prefix_cardinality"": ""1"", ""prefix_width"": ""11"", ""suffix_width"": ""32""}"
optimized,target,sorted_order_strings_prefixes,Device=0 num_rows=2097152 prefix_width=11 suffix_width=32 prefix_cardinality=1,False,False,4.441099214553834,4.440372800827026,4.443708825111388,0.29648747170270906,72.36474514007568,"{""num_rows"": ""2097152"", ""prefix_cardinality"": ""1"", ""prefix_width"": ""11"", ""suffix_width"": ""32""}"
optimized,target,sorted_order_strings_prefixes,Device=0 num_rows=262144 prefix_width=12 suffix_width=32 prefix_cardinality=1,False,False,0.624264007806778,0.62151520550251,0.6244959980249404,0.6198585384361254,9.053221702575684,"{""num_rows"": ""262144"", ""prefix_cardinality"": ""1"", ""prefix_width"": ""12"", ""suffix_width"": ""32""}"
optimized,target,sorted_order_strings_prefixes,Device=0 num_rows=2097152 prefix_width=12 suffix_width=32 prefix_cardinality=1,False,False,4.4991919755935665,4.496228861808777,4.506304025650024,0.3228461542305971,72.36474514007568,"{""num_rows"": ""2097152"", ""prefix_cardinality"": ""1"", ""prefix_width"": ""12"", ""suffix_width"": ""32""}"
optimized,target,sorted_order_strings_prefixes,Device=0 num_rows=262144 prefix_width=64 suffix_width=32 prefix_cardinality=1,False,False,0.6757360070943832,0.6745984017848968,0.6762800008058547,0.7804735284996701,9.053221702575684,"{""num_rows"": ""262144"", ""prefix_cardinality"": ""1"", ""prefix_width"": ""64"", ""suffix_width"": ""32""}"
optimized,target,sorted_order_strings_prefixes,Device=0 num_rows=2097152 prefix_width=64 suffix_width=32 prefix_cardinality=1,False,False,5.2204128265380865,5.215257620811464,5.2216352224349984,0.2426224789383082,72.36474514007568,"{""num_rows"": ""2097152"", ""prefix_cardinality"": ""1"", ""prefix_width"": ""64"", ""suffix_width"": ""32""}"
optimized,target,sorted_order_strings_prefixes,Device=0 num_rows=262144 prefix_width=4 suffix_width=32 prefix_cardinality=64,False,False,0.19546239972114562,0.19437759965658188,0.19577119797468184,1.4455740712756846,9.053221702575684,"{""num_rows"": ""262144"", ""prefix_cardinality"": ""64"", ""prefix_width"": ""4"", ""suffix_width"": ""32""}"
optimized,target,sorted_order_strings_prefixes,Device=0 num_rows=2097152 prefix_width=4 suffix_width=32 prefix_cardinality=64,False,False,0.4122255995869637,0.4119071990251541,0.4123407959938049,0.8905861640566562,72.36474514007568,"{""num_rows"": ""2097152"", ""prefix_cardinality"": ""64"", ""prefix_width"": ""4"", ""suffix_width"": ""32""}"
optimized,target,sorted_order_strings_prefixes,Device=0 num_rows=262144 prefix_width=8 suffix_width=32 prefix_cardinality=64,False,False,0.44611519873142247,0.4453216046094894,0.4466496005654335,0.7290576931647421,9.053221702575684,"{""num_rows"": ""262144"", ""prefix_cardinality"": ""64"", ""prefix_width"": ""8"", ""suffix_width"": ""32""}"
optimized,target,sorted_order_strings_prefixes,Device=0 num_rows=2097152 prefix_width=8 suffix_width=32 prefix_cardinality=64,False,False,3.8667119979858406,3.865833568572998,3.8687871932983398,0.37680872729106824,72.36474514007568,"{""num_rows"": ""2097152"", ""prefix_cardinality"": ""64"", ""prefix_width"": ""8"", ""suffix_width"": ""32""}"
optimized,target,sorted_order_strings_prefixes,Device=0 num_rows=262144 prefix_width=10 suffix_width=32 prefix_cardinality=64,False,False,0.47925119549036027,0.47855360209941866,0.4803711995482444,0.6357117989376058,9.053221702575684,"{""num_rows"": ""262144"", ""prefix_cardinality"": ""64"", ""prefix_width"": ""10"", ""suffix_width"": ""32""}"
optimized,target,sorted_order_strings_prefixes,Device=0 num_rows=2097152 prefix_width=10 suffix_width=32 prefix_cardinality=64,False,False,4.178593635559081,4.1759344100952145,4.18102240562439,0.2975162394361593,72.36474514007568,"{""num_rows"": ""2097152"", ""prefix_cardinality"": ""64"", ""prefix_width"": ""10"", ""suffix_width"": ""32""}"
optimized,target,sorted_order_strings_prefixes,Device=0 num_rows=262144 prefix_width=11 suffix_width=32 prefix_cardinality=64,False,False,0.49334079921245577,0.4922623991966248,0.4959296032786369,0.7586091539856823,9.053221702575684,"{""num_rows"": ""262144"", ""prefix_cardinality"": ""64"", ""prefix_width"": ""11"", ""suffix_width"": ""32""}"
optimized,target,sorted_order_strings_prefixes,Device=0 num_rows=2097152 prefix_width=11 suffix_width=32 prefix_cardinality=64,False,False,4.243911981582641,4.239804792404175,4.248372793197631,0.3861743064602133,72.36474514007568,"{""num_rows"": ""2097152"", ""prefix_cardinality"": ""64"", ""prefix_width"": ""11"", ""suffix_width"": ""32""}"
optimized,target,sorted_order_strings_prefixes,Device=0 num_rows=262144 prefix_width=12 suffix_width=32 prefix_cardinality=64,False,False,0.5012624070048332,0.5008000001311301,0.5034127995371819,0.9240429924609035,9.053221702575684,"{""num_rows"": ""262144"", ""prefix_cardinality"": ""64"", ""prefix_width"": ""12"", ""suffix_width"": ""32""}"
optimized,target,sorted_order_strings_prefixes,Device=0 num_rows=2097152 prefix_width=12 suffix_width=32 prefix_cardinality=64,False,False,4.300180816650392,4.297099208831787,4.302830386161806,0.3751182979267405,72.36474514007568,"{""num_rows"": ""2097152"", ""prefix_cardinality"": ""64"", ""prefix_width"": ""12"", ""suffix_width"": ""32""}"
optimized,target,sorted_order_strings_prefixes,Device=0 num_rows=262144 prefix_width=64 suffix_width=32 prefix_cardinality=64,False,False,1.074113589525223,1.0730192065238953,1.074387204647064,0.3215345546511674,9.053221702575684,"{""num_rows"": ""262144"", ""prefix_cardinality"": ""64"", ""prefix_width"": ""64"", ""suffix_width"": ""32""}"
optimized,target,sorted_order_strings_prefixes,Device=0 num_rows=2097152 prefix_width=64 suffix_width=32 prefix_cardinality=64,False,False,8.405825614929197,8.403188800811767,8.40695524215698,0.4504061785021052,72.36474514007568,"{""num_rows"": ""2097152"", ""prefix_cardinality"": ""64"", ""prefix_width"": ""64"", ""suffix_width"": ""32""}"
baseline,constant,sorted_order_strings_prefixes,Device=0 num_rows=262144 prefix_width=32 suffix_width=0 prefix_cardinality=1,False,False,0.4794304028153419,0.47381920218467705,0.4806784003973007,0.7404244863981929,9.053221702575684,"{""num_rows"": ""262144"", ""prefix_cardinality"": ""1"", ""prefix_width"": ""32"", ""suffix_width"": ""0""}"
baseline,constant,sorted_order_strings_prefixes,Device=0 num_rows=2097152 prefix_width=32 suffix_width=0 prefix_cardinality=1,False,False,2.8027791619300846,2.7980319976806642,2.804174387454986,0.294038817466917,72.36474514007568,"{""num_rows"": ""2097152"", ""prefix_cardinality"": ""1"", ""prefix_width"": ""32"", ""suffix_width"": ""0""}"
optimized,stable-warps-1,sorted_order_strings_segments,Device=0 num_rows=32768 shared_suffix=0 segment_profile=pairs,True,True,0.1544544003903866,0.15091359987854958,0.1580751992762089,2.536282510867725,1.1391592025756836,"{""num_rows"": ""32768"", ""segment_profile"": ""pairs"", ""shared_suffix"": ""0""}"
optimized,stable-warps-1,sorted_order_strings_segments,Device=0 num_rows=2097152 shared_suffix=0 segment_profile=pairs,True,True,0.650500801205635,0.645889601111412,0.6541504025459292,1.3029722930583783,72.36474514007568,"{""num_rows"": ""2097152"", ""segment_profile"": ""pairs"", ""shared_suffix"": ""0""}"
optimized,stable-warps-1,sorted_order_strings_segments,Device=0 num_rows=32768 shared_suffix=64 segment_profile=pairs,True,True,0.16189119964838025,0.1565279997885227,0.16477759778499607,2.6585128132813756,1.1391592025756836,"{""num_rows"": ""32768"", ""segment_profile"": ""pairs"", ""shared_suffix"": ""64""}"
optimized,stable-warps-1,sorted_order_strings_segments,Device=0 num_rows=2097152 shared_suffix=64 segment_profile=pairs,True,True,0.8219744026660917,0.8171183973550795,0.8221424072980882,0.9957102566231177,72.36474514007568,"{""num_rows"": ""2097152"", ""segment_profile"": ""pairs"", ""shared_suffix"": ""64""}"
optimized,stable-warps-1,sorted_order_strings_segments,Device=0 num_rows=32768 shared_suffix=0 segment_profile=tiny4,True,True,0.15744479969143865,0.15430880039930342,0.15847360119223597,2.3909600834482805,1.1391592025756836,"{""num_rows"": ""32768"", ""segment_profile"": ""tiny4"", ""shared_suffix"": ""0""}"
optimized,stable-warps-1,sorted_order_strings_segments,Device=0 num_rows=2097152 shared_suffix=0 segment_profile=tiny4,True,True,0.5760863959789276,0.572041603922844,0.5785615950822829,1.1474573979509366,72.36474514007568,"{""num_rows"": ""2097152"", ""segment_profile"": ""tiny4"", ""shared_suffix"": ""0""}"
optimized,stable-warps-1,sorted_order_strings_segments,Device=0 num_rows=32768 shared_suffix=64 segment_profile=tiny4,True,True,0.16815840080380437,0.16705919951200485,0.168656001240015,2.178115388239553,1.1391592025756836,"{""num_rows"": ""32768"", ""segment_profile"": ""tiny4"", ""shared_suffix"": ""64""}"
optimized,stable-warps-1,sorted_order_strings_segments,Device=0 num_rows=2097152 shared_suffix=64 segment_profile=tiny4,True,True,0.9101695984601975,0.9094528049230575,0.9109903961420062,0.5596471465705671,72.36474514007568,"{""num_rows"": ""2097152"", ""segment_profile"": ""tiny4"", ""shared_suffix"": ""64""}"
optimized,stable-warps-1,sorted_order_strings_segments,Device=0 num_rows=32768 shared_suffix=0 segment_profile=tiny8,True,True,0.15870399847626684,0.15844160094857215,0.15887839943170548,2.5215615499457167,1.1391592025756836,"{""num_rows"": ""32768"", ""segment_profile"": ""tiny8"", ""shared_suffix"": ""0""}"
optimized,stable-warps-1,sorted_order_strings_segments,Device=0 num_rows=2097152 shared_suffix=0 segment_profile=tiny8,True,True,0.5815216034650803,0.5784239977598191,0.5829088002443312,1.0065083808330106,72.36474514007568,"{""num_rows"": ""2097152"", ""segment_profile"": ""tiny8"", ""shared_suffix"": ""0""}"
optimized,stable-warps-1,sorted_order_strings_segments,Device=0 num_rows=32768 shared_suffix=64 segment_profile=tiny8,True,True,0.17762240022420883,0.17552000135183332,0.17777120023965837,2.5529914775629674,1.1391592025756836,"{""num_rows"": ""32768"", ""segment_profile"": ""tiny8"", ""shared_suffix"": ""64""}"
optimized,stable-warps-1,sorted_order_strings_segments,Device=0 num_rows=2097152 shared_suffix=64 segment_profile=tiny8,True,True,1.138838404417038,1.1367647945880892,1.139827197790146,0.43115078083829395,72.36474514007568,"{""num_rows"": ""2097152"", ""segment_profile"": ""tiny8"", ""shared_suffix"": ""64""}"
optimized,stable-warps-1,sorted_order_strings_segments,Device=0 num_rows=32768 shared_suffix=0 segment_profile=tiny16,True,True,0.15947999879717828,0.15854400023818016,0.16127040088176728,1.54448291433686,1.1391592025756836,"{""num_rows"": ""32768"", ""segment_profile"": ""tiny16"", ""shared_suffix"": ""0""}"
optimized,stable-warps-1,sorted_order_strings_segments,Device=0 num_rows=2097152 shared_suffix=0 segment_profile=tiny16,True,True,0.604643201828003,0.6025696009397506,0.6061519980430603,0.5357395343915662,72.36474514007568,"{""num_rows"": ""2097152"", ""segment_profile"": ""tiny16"", ""shared_suffix"": ""0""}"
optimized,stable-warps-1,sorted_order_strings_segments,Device=0 num_rows=32768 shared_suffix=64 segment_profile=tiny16,True,True,0.18331359922885895,0.18180639892816544,0.18369919955730438,2.0403463645195705,1.1391592025756836,"{""num_rows"": ""32768"", ""segment_profile"": ""tiny16"", ""shared_suffix"": ""64""}"
optimized,stable-warps-1,sorted_order_strings_segments,Device=0 num_rows=2097152 shared_suffix=64 segment_profile=tiny16,True,True,1.346107202768326,1.3453024029731753,1.3497887909412385,0.32246981728769875,72.36474514007568,"{""num_rows"": ""2097152"", ""segment_profile"": ""tiny16"", ""shared_suffix"": ""64""}"
optimized,stable-warps-1,sorted_order_strings_segments,Device=0 num_rows=32768 shared_suffix=0 segment_profile=tiny32,True,True,0.1617823995649815,0.15886719822883602,0.16306880041956903,2.393421166841127,1.1391592025756836,"{""num_rows"": ""32768"", ""segment_profile"": ""tiny32"", ""shared_suffix"": ""0""}"
optimized,stable-warps-1,sorted_order_strings_segments,Device=0 num_rows=2097152 shared_suffix=0 segment_profile=tiny32,True,True,0.6587103992700576,0.6563327997922899,0.6605759918689728,0.5708177203197091,72.36474514007568,"{""num_rows"": ""2097152"", ""segment_profile"": ""tiny32"", ""shared_suffix"": ""0""}"
optimized,stable-warps-1,sorted_order_strings_segments,Device=0 num_rows=32768 shared_suffix=64 segment_profile=tiny32,True,True,0.19251200258731843,0.19078719988465312,0.19395679906010624,2.5191314498700454,1.1391592025756836,"{""num_rows"": ""32768"", ""segment_profile"": ""tiny32"", ""shared_suffix"": ""64""}"
optimized,stable-warps-1,sorted_order_strings_segments,Device=0 num_rows=2097152 shared_suffix=64 segment_profile=tiny32,True,True,1.6418143987655636,1.6398911893367765,1.6433727920055392,0.350138735404833,72.36474514007568,"{""num_rows"": ""2097152"", ""segment_profile"": ""tiny32"", ""shared_suffix"": ""64""}"
pr2-p32-c4096,main,sorted_order_strings,Device=0 min_width=1 max_width=8 num_rows=32768,False,False,0.23624160066246983,0.2352719984948635,0.24282720014452935,1.5859930691289135,1.3583993911743164,"{""max_width"": ""8"", ""min_width"": ""1"", ""num_rows"": ""32768""}"
pr2-p32-c4096,main,sorted_order_strings,Device=0 min_width=1 max_width=32 num_rows=32768,False,False,0.3306768015027046,0.3288127973675728,0.33801920115947726,1.4604450205615376,1.3583993911743164,"{""max_width"": ""32"", ""min_width"": ""1"", ""num_rows"": ""32768""}"
pr2-p32-c4096,main,sorted_order_strings,Device=0 min_width=1 max_width=64 num_rows=32768,False,False,0.38540960103273386,0.38464639931917183,0.3922848030924797,1.116136121679174,1.3583993911743164,"{""max_width"": ""64"", ""min_width"": ""1"", ""num_rows"": ""32768""}"
pr2-p32-c4096,main,sorted_order_strings,Device=0 min_width=1 max_width=128 num_rows=32768,False,False,0.475998404622078,0.47165440022945404,0.4760224014520644,1.0060818155377103,1.3583993911743164,"{""max_width"": ""128"", ""min_width"": ""1"", ""num_rows"": ""32768""}"
pr2-p32-c4096,main,sorted_order_strings,Device=0 min_width=1 max_width=256 num_rows=32768,False,False,0.6809071958065034,0.6773504018783569,0.6856480032205581,0.6502030642123541,1.3583993911743164,"{""max_width"": ""256"", ""min_width"": ""1"", ""num_rows"": ""32768""}"
pr2-p32-c4096,main,sorted_order_strings,Device=0 min_width=1 max_width=8 num_rows=262144,False,False,0.27275680005550385,0.27106720060110095,0.28047199994325644,0.9626347068344923,10.804566383361816,"{""max_width"": ""8"", ""min_width"": ""1"", ""num_rows"": ""262144""}"
pr2-p32-c4096,main,sorted_order_strings,Device=0 min_width=1 max_width=32 num_rows=262144,False,False,0.4018720015883445,0.399596793949604,0.411411201953888,0.9391750843670976,10.804566383361816,"{""max_width"": ""32"", ""min_width"": ""1"", ""num_rows"": ""262144""}"
pr2-p32-c4096,main,sorted_order_strings,Device=0 min_width=1 max_width=64 num_rows=262144,False,False,0.4883183985948563,0.4876511991024018,0.49530880004167566,1.0198927673198723,10.804566383361816,"{""max_width"": ""64"", ""min_width"": ""1"", ""num_rows"": ""262144""}"
pr2-p32-c4096,main,sorted_order_strings,Device=0 min_width=1 max_width=128 num_rows=262144,False,False,0.6863823980093003,0.6849248051643373,0.6928303986787795,0.9507700686623507,10.804566383361816,"{""max_width"": ""128"", ""min_width"": ""1"", ""num_rows"": ""262144""}"
pr2-p32-c4096,main,sorted_order_strings,Device=0 min_width=1 max_width=256 num_rows=262144,False,False,1.1456527948379516,1.1448511838912965,1.1501984000205996,0.790023234263613,10.804566383361816,"{""max_width"": ""256"", ""min_width"": ""1"", ""num_rows"": ""262144""}"
pr2-p32-c4096,main,sorted_order_strings,Device=0 min_width=1 max_width=8 num_rows=2097152,False,False,0.6067088097333908,0.6065248012542724,0.6121120005846024,1.0210255775138621,86.37292575836182,"{""max_width"": ""8"", ""min_width"": ""1"", ""num_rows"": ""2097152""}"
pr2-p32-c4096,main,sorted_order_strings,Device=0 min_width=1 max_width=32 num_rows=2097152,False,False,0.8623440027236938,0.8614976018667221,0.8669679999351503,0.9242192214112743,86.37292575836182,"{""max_width"": ""32"", ""min_width"": ""1"", ""num_rows"": ""2097152""}"
pr2-p32-c4096,main,sorted_order_strings,Device=0 min_width=1 max_width=64 num_rows=2097152,False,False,1.056143993139267,1.0522927999496459,1.0623008131980896,0.894584733513641,86.37292575836182,"{""max_width"": ""64"", ""min_width"": ""1"", ""num_rows"": ""2097152""}"
pr2-p32-c4096,main,sorted_order_strings,Device=0 min_width=1 max_width=128 num_rows=2097152,False,False,2.0228719830513,2.0176959931850433,2.038633608818054,1.621392332978126,86.37292575836182,"{""max_width"": ""128"", ""min_width"": ""1"", ""num_rows"": ""2097152""}"
pr2-p32-c4096,main,sorted_order_strings,Device=0 min_width=1 max_width=256 num_rows=2097152,False,False,3.78698399066925,3.777340805530548,3.7906767845153806,0.7318876921391504,86.37292575836182,"{""max_width"": ""256"", ""min_width"": ""1"", ""num_rows"": ""2097152""}"
pr2-p32-c4096,main,sorted_order_strings,Device=0 min_width=1 max_width=8 num_rows=16777216,False,False,2.3359983921051026,2.3313215970993038,2.337011229991913,0.39633998234708584,690.9158945083618,"{""max_width"": ""8"", ""min_width"": ""1"", ""num_rows"": ""16777216""}"
pr2-p32-c4096,main,sorted_order_strings,Device=0 min_width=1 max_width=32 num_rows=16777216,False,False,6.8152256250381456,6.809726428985595,6.815827178955078,0.5794865682369943,690.9158945083618,"{""max_width"": ""32"", ""min_width"": ""1"", ""num_rows"": ""16777216""}"
pr2-p32-c4096,main,sorted_order_strings,Device=0 min_width=1 max_width=64 num_rows=16777216,False,False,12.962425565719606,12.957931184768675,12.965956783294676,0.3593812999207225,690.9158945083618,"{""max_width"": ""64"", ""min_width"": ""1"", ""num_rows"": ""16777216""}"
pr2-p32-c4096,main,sorted_order_strings,Device=0 min_width=1 max_width=128 num_rows=16777216,False,False,25.94835996627808,25.931048011779783,25.97261600494385,0.18085389953181444,690.9158945083618,"{""max_width"": ""128"", ""min_width"": ""1"", ""num_rows"": ""16777216""}"
pr2-p32-c4096,main,sorted_order_strings,Device=0 min_width=1 max_width=256 num_rows=16777216,False,False,52.98055992126464,52.97105140686035,53.04102840423584,0.2292947858024923,690.9158945083618,"{""max_width"": ""256"", ""min_width"": ""1"", ""num_rows"": ""16777216""}"
pr2-p32-c4096,main,sorted_order_strings_distribution,Device=0 num_rows=262144 profile=cardinality_1_width_32,False,False,0.006651199981570245,0.006599999964237212,0.007425599987618625,5.711056708251021,1.0,"{""num_rows"": ""262144"", ""profile"": ""cardinality_1_width_32""}"
pr2-p32-c4096,main,sorted_order_strings_distribution,Device=0 num_rows=2097152 profile=cardinality_1_width_32,False,False,0.008668800070881848,0.008612799923866987,0.008710400015115737,6.108922936494274,8.0,"{""num_rows"": ""2097152"", ""profile"": ""cardinality_1_width_32""}"
pr2-p32-c4096,main,sorted_order_strings_distribution,Device=0 num_rows=262144 profile=cardinality_64_width_128,False,False,2.4692928075790412,2.468451189994812,2.4835375905036923,0.8042494793100338,10.804566383361816,"{""num_rows"": ""262144"", ""profile"": ""cardinality_64_width_128""}"
pr2-p32-c4096,main,sorted_order_strings_distribution,Device=0 num_rows=2097152 profile=cardinality_64_width_128,False,False,7.0529072284698495,7.039406418800354,7.063043212890624,0.3575074068102321,86.37292575836182,"{""num_rows"": ""2097152"", ""profile"": ""cardinality_64_width_128""}"
pr2-p32-c4096,main,sorted_order_strings_distribution,Device=0 num_rows=262144 profile=shared_prefix_64,False,False,14.349244785308839,14.338607978820797,14.365803194046022,0.2200188964868136,10.804566383361816,"{""num_rows"": ""262144"", ""profile"": ""shared_prefix_64""}"
pr2-p32-c4096,main,sorted_order_strings_distribution,Device=0 num_rows=2097152 profile=shared_prefix_64,False,False,150.25064392089843,150.24512939453123,150.26788635253905,0.029263501776426188,86.37292575836182,"{""num_rows"": ""2097152"", ""profile"": ""shared_prefix_64""}"
pr2-p32-c4096,main,sorted_order_strings_distribution,Device=0 num_rows=262144 profile=variable_128,False,False,0.377038399875164,0.3724943965673446,0.3807680010795594,1.443994312943178,10.804566383361816,"{""num_rows"": ""262144"", ""profile"": ""variable_128""}"
pr2-p32-c4096,main,sorted_order_strings_distribution,Device=0 num_rows=2097152 profile=variable_128,False,False,0.8192223995923996,0.817204800248146,0.8240416020154955,0.6553474731057018,86.37292575836182,"{""num_rows"": ""2097152"", ""profile"": ""variable_128""}"
pr2-p32-c4096,main,sorted_order_strings_nulls,Device=0 num_rows=262144 profile=fixed_8 null_percent=0,False,False,0.30064160078763963,0.29900640100240705,0.3053519994020462,2.0403311623404585,10.804566383361816,"{""null_percent"": ""0"", ""num_rows"": ""262144"", ""profile"": ""fixed_8""}"
pr2-p32-c4096,main,sorted_order_strings_nulls,Device=0 num_rows=2097152 profile=fixed_8 null_percent=0,False,False,0.8605248034000398,0.8578208029270172,0.8622927963733674,1.2097327011226588,86.37292575836182,"{""null_percent"": ""0"", ""num_rows"": ""2097152"", ""profile"": ""fixed_8""}"
pr2-p32-c4096,main,sorted_order_strings_nulls,Device=0 num_rows=262144 profile=variable_128 null_percent=0,False,False,0.3746192008256913,0.37297760099172583,0.37972959876060486,1.1965018468657371,10.804566383361816,"{""null_percent"": ""0"", ""num_rows"": ""262144"", ""profile"": ""variable_128""}"
pr2-p32-c4096,main,sorted_order_strings_nulls,Device=0 num_rows=2097152 profile=variable_128 null_percent=0,False,False,0.8181376010179521,0.8157071918249131,0.8202736049890518,2.4078246014156206,86.37292575836182,"{""null_percent"": ""0"", ""num_rows"": ""2097152"", ""profile"": ""variable_128""}"
pr2-p32-c4096,main,sorted_order_strings_nulls,Device=0 num_rows=262144 profile=fixed_8 null_percent=50,False,False,0.354788801074028,0.3539296016097069,0.35958560258150096,1.7674383233282547,6.538372993469238,"{""null_percent"": ""50"", ""num_rows"": ""262144"", ""profile"": ""fixed_8""}"
pr2-p32-c4096,main,sorted_order_strings_nulls,Device=0 num_rows=2097152 profile=fixed_8 null_percent=50,False,False,0.7765808075666427,0.7734127938747406,0.7819215983152388,0.7329651595555092,52.20299243927002,"{""null_percent"": ""50"", ""num_rows"": ""2097152"", ""profile"": ""fixed_8""}"
pr2-p32-c4096,main,sorted_order_strings_nulls,Device=0 num_rows=262144 profile=variable_128 null_percent=50,False,False,0.39784799963235856,0.39444960057735434,0.4099216029047967,1.0227540093429224,6.538372993469238,"{""null_percent"": ""50"", ""num_rows"": ""262144"", ""profile"": ""variable_128""}"
pr2-p32-c4096,main,sorted_order_strings_nulls,Device=0 num_rows=2097152 profile=variable_128 null_percent=50,False,False,0.5550399988889694,0.5510224044322969,0.5596880048513413,1.7677775584199793,52.20299243927002,"{""null_percent"": ""50"", ""num_rows"": ""2097152"", ""profile"": ""variable_128""}"
pr2-p32-c4096,main,sorted_order_strings_nulls,Device=0 num_rows=262144 profile=fixed_8 null_percent=100,False,False,0.006716799992136657,0.006710400013253093,0.007222400046885013,7.8540836699921135,1.0,"{""null_percent"": ""100"", ""num_rows"": ""262144"", ""profile"": ""fixed_8""}"
pr2-p32-c4096,main,sorted_order_strings_nulls,Device=0 num_rows=2097152 profile=fixed_8 null_percent=100,False,False,0.008620799938216805,0.008523199986666442,0.00881119999103248,4.816185569707825,8.0,"{""null_percent"": ""100"", ""num_rows"": ""2097152"", ""profile"": ""fixed_8""}"
pr2-p32-c4096,main,sorted_order_strings_nulls,Device=0 num_rows=262144 profile=variable_128 null_percent=100,False,False,0.006945600011385976,0.006735999998636544,0.0073520000325515865,17.62354430468194,1.0,"{""null_percent"": ""100"", ""num_rows"": ""262144"", ""profile"": ""variable_128""}"
pr2-p32-c4096,main,sorted_order_strings_nulls,Device=0 num_rows=2097152 profile=variable_128 null_percent=100,False,False,0.00881760003976524,0.008559999894350767,0.008827200066298245,5.400435878872291,8.0,"{""null_percent"": ""100"", ""num_rows"": ""2097152"", ""profile"": ""variable_128""}"
prefix,segments,sorted_order_strings_segments,Device=0 num_rows=32768 shared_suffix=0 segment_profile=singletons,False,False,0.1332991994917393,0.13244479969143869,0.13356959819793704,0.39895799812852395,0.5005626678466797,"{""num_rows"": ""32768"", ""segment_profile"": ""singletons"", ""shared_suffix"": ""0""}"
prefix,segments,sorted_order_strings_segments,Device=0 num_rows=2097152 shared_suffix=0 segment_profile=singletons,False,False,0.9650191962718963,0.9639359951019285,0.9655808031558993,1.2070637560008277,32.00227165222168,"{""num_rows"": ""2097152"", ""segment_profile"": ""singletons"", ""shared_suffix"": ""0""}"
prefix,segments,sorted_order_strings_segments,Device=0 num_rows=32768 shared_suffix=64 segment_profile=singletons,False,False,0.1342144005000591,0.1333008013665676,0.13476480022072793,0.5533651492358482,0.5005626678466797,"{""num_rows"": ""32768"", ""segment_profile"": ""singletons"", ""shared_suffix"": ""64""}"
prefix,segments,sorted_order_strings_segments,Device=0 num_rows=2097152 shared_suffix=64 segment_profile=singletons,False,False,1.0056432008743286,1.002996802330017,1.0106895983219149,0.639575739012665,32.00227165222168,"{""num_rows"": ""2097152"", ""segment_profile"": ""singletons"", ""shared_suffix"": ""64""}"
prefix,segments,sorted_order_strings_segments,Device=0 num_rows=32768 shared_suffix=0 segment_profile=pairs,False,False,0.217764800041914,0.2175455987453461,0.21849760040640834,1.0162192981969023,0.5005626678466797,"{""num_rows"": ""32768"", ""segment_profile"": ""pairs"", ""shared_suffix"": ""0""}"
prefix,segments,sorted_order_strings_segments,Device=0 num_rows=2097152 shared_suffix=0 segment_profile=pairs,False,False,1.1306032001972195,1.128812801837921,1.1308704018592834,0.40406381254244095,32.00227165222168,"{""num_rows"": ""2097152"", ""segment_profile"": ""pairs"", ""shared_suffix"": ""0""}"
prefix,segments,sorted_order_strings_segments,Device=0 num_rows=32768 shared_suffix=64 segment_profile=pairs,False,False,0.7293807983398439,0.7282816022634506,0.7295823931694031,0.4076870262323829,0.5005626678466797,"{""num_rows"": ""32768"", ""segment_profile"": ""pairs"", ""shared_suffix"": ""64""}"
prefix,segments,sorted_order_strings_segments,Device=0 num_rows=2097152 shared_suffix=64 segment_profile=pairs,False,False,1.8643503963947292,1.8597488045692445,1.8668063938617705,1.1337580685021391,32.00227165222168,"{""num_rows"": ""2097152"", ""segment_profile"": ""pairs"", ""shared_suffix"": ""64""}"
prefix,segments,sorted_order_strings_segments,Device=0 num_rows=32768 shared_suffix=0 segment_profile=tiny4,False,False,0.250228799879551,0.24926400184631348,0.2508063964545727,0.8475727891422962,0.5005626678466797,"{""num_rows"": ""32768"", ""segment_profile"": ""tiny4"", ""shared_suffix"": ""0""}"
prefix,segments,sorted_order_strings_segments,Device=0 num_rows=2097152 shared_suffix=0 segment_profile=tiny4,False,False,1.3186000049114228,1.3179583907127381,1.3195423960685733,0.4629027654688339,32.00227165222168,"{""num_rows"": ""2097152"", ""segment_profile"": ""tiny4"", ""shared_suffix"": ""0""}"
prefix,segments,sorted_order_strings_segments,Device=0 num_rows=32768 shared_suffix=64 segment_profile=tiny4,False,False,0.9403328001499177,0.9398864001035689,0.941686409711838,0.43516089267408326,0.5005626678466797,"{""num_rows"": ""32768"", ""segment_profile"": ""tiny4"", ""shared_suffix"": ""64""}"
prefix,segments,sorted_order_strings_segments,Device=0 num_rows=2097152 shared_suffix=64 segment_profile=tiny4,False,False,2.7767968058586123,2.7725983977317803,2.7810927987098695,0.9348923133654322,32.00227165222168,"{""num_rows"": ""2097152"", ""segment_profile"": ""tiny4"", ""shared_suffix"": ""64""}"
prefix,segments,sorted_order_strings_segments,Device=0 num_rows=32768 shared_suffix=0 segment_profile=tiny8,False,False,0.28424319922924046,0.2832527995109557,0.2845151975750923,0.7406376869334506,0.5005626678466797,"{""num_rows"": ""32768"", ""segment_profile"": ""tiny8"", ""shared_suffix"": ""0""}"
prefix,segments,sorted_order_strings_segments,Device=0 num_rows=2097152 shared_suffix=0 segment_profile=tiny8,False,False,1.5729663848876954,1.571326404809952,1.573691201210022,0.3714687453774779,32.00227165222168,"{""num_rows"": ""2097152"", ""segment_profile"": ""tiny8"", ""shared_suffix"": ""0""}"
prefix,segments,sorted_order_strings_segments,Device=0 num_rows=32768 shared_suffix=64 segment_profile=tiny8,False,False,1.179588794708252,1.1795008003711702,1.1797071993350987,0.5057419173184697,0.5005626678466797,"{""num_rows"": ""32768"", ""segment_profile"": ""tiny8"", ""shared_suffix"": ""64""}"
prefix,segments,sorted_order_strings_segments,Device=0 num_rows=2097152 shared_suffix=64 segment_profile=tiny8,False,False,4.772646403312684,4.756775999069214,4.780163264274598,0.6440724623136465,32.00227165222168,"{""num_rows"": ""2097152"", ""segment_profile"": ""tiny8"", ""shared_suffix"": ""64""}"
prefix,segments,sorted_order_strings_segments,Device=0 num_rows=32768 shared_suffix=0 segment_profile=tiny16,False,False,0.31843519955873495,0.3174832001328468,0.31881920397281655,0.6192554318762552,0.5005626678466797,"{""num_rows"": ""32768"", ""segment_profile"": ""tiny16"", ""shared_suffix"": ""0""}"
prefix,segments,sorted_order_strings_segments,Device=0 num_rows=2097152 shared_suffix=0 segment_profile=tiny16,False,False,1.8692063987255092,1.8661375999450687,1.8698111951351164,0.2235961660409562,32.00227165222168,"{""num_rows"": ""2097152"", ""segment_profile"": ""tiny16"", ""shared_suffix"": ""0""}"
prefix,segments,sorted_order_strings_segments,Device=0 num_rows=32768 shared_suffix=64 segment_profile=tiny16,False,False,1.4142751991748808,1.411873596906662,1.414865589141846,0.4078155690150683,0.5005626678466797,"{""num_rows"": ""32768"", ""segment_profile"": ""tiny16"", ""shared_suffix"": ""64""}"
prefix,segments,sorted_order_strings_segments,Device=0 num_rows=2097152 shared_suffix=64 segment_profile=tiny16,False,False,7.079828763008118,7.06709122657776,7.086446380615234,0.5496095410820573,32.00227165222168,"{""num_rows"": ""2097152"", ""segment_profile"": ""tiny16"", ""shared_suffix"": ""64""}"
prefix,segments,sorted_order_strings_segments,Device=0 num_rows=32768 shared_suffix=0 segment_profile=tiny32,False,False,0.353243201971054,0.35228160172700884,0.3535152018070222,0.6253693339221792,0.5005626678466797,"{""num_rows"": ""32768"", ""segment_profile"": ""tiny32"", ""shared_suffix"": ""0""}"
prefix,segments,sorted_order_strings_segments,Device=0 num_rows=2097152 shared_suffix=0 segment_profile=tiny32,False,False,2.1956288099288943,2.195468771457672,2.1971039772033696,0.2406213314955418,32.00227165222168,"{""num_rows"": ""2097152"", ""segment_profile"": ""tiny32"", ""shared_suffix"": ""0""}"
prefix,segments,sorted_order_strings_segments,Device=0 num_rows=32768 shared_suffix=64 segment_profile=tiny32,False,False,1.6601199865341187,1.6590479850769044,1.6603103995323178,0.4414655111394047,0.5005626678466797,"{""num_rows"": ""32768"", ""segment_profile"": ""tiny32"", ""shared_suffix"": ""64""}"
prefix,segments,sorted_order_strings_segments,Device=0 num_rows=2097152 shared_suffix=64 segment_profile=tiny32,False,False,9.686419200897218,9.685083198547364,9.717841577529908,0.7294110750300817,32.00227165222168,"{""num_rows"": ""2097152"", ""segment_profile"": ""tiny32"", ""shared_suffix"": ""64""}"
prefix,segments,sorted_order_strings_segments,Device=0 num_rows=32768 shared_suffix=0 segment_profile=block256,False,False,0.4700688004493713,0.4691776022315025,0.4701903983950615,0.52665172140942,0.5005626678466797,"{""num_rows"": ""32768"", ""segment_profile"": ""block256"", ""shared_suffix"": ""0""}"
prefix,segments,sorted_order_strings_segments,Device=0 num_rows=2097152 shared_suffix=0 segment_profile=block256,False,False,3.3706512212753292,3.3703903913497917,3.370673584938049,0.18976651412596462,32.00227165222168,"{""num_rows"": ""2097152"", ""segment_profile"": ""block256"", ""shared_suffix"": ""0""}"
prefix,segments,sorted_order_strings_segments,Device=0 num_rows=32768 shared_suffix=64 segment_profile=block256,False,False,2.4943007946014406,2.492300820350647,2.496612799167633,0.4000156111319493,0.5005626678466797,"{""num_rows"": ""32768"", ""segment_profile"": ""block256"", ""shared_suffix"": ""64""}"
prefix,segments,sorted_order_strings_segments,Device=0 num_rows=2097152 shared_suffix=64 segment_profile=block256,False,False,19.211761856079104,19.202913570404053,19.233567905426025,0.49003568951896254,32.00227165222168,"{""num_rows"": ""2097152"", ""segment_profile"": ""block256"", ""shared_suffix"": ""64""}"
prefix,segments,sorted_order_strings_segments,Device=0 num_rows=32768 shared_suffix=0 segment_profile=logarithmic,False,False,0.6823024034500123,0.6806176036596299,0.6825007975101471,0.49888902948157976,0.5005626678466797,"{""num_rows"": ""32768"", ""segment_profile"": ""logarithmic"", ""shared_suffix"": ""0""}"
prefix,segments,sorted_order_strings_segments,Device=0 num_rows=2097152 shared_suffix=0 segment_profile=logarithmic,False,False,5.08043041229248,5.078540778160097,5.080571269989013,0.16491126919971316,32.00227165222168,"{""num_rows"": ""2097152"", ""segment_profile"": ""logarithmic"", ""shared_suffix"": ""0""}"
prefix,segments,sorted_order_strings_segments,Device=0 num_rows=32768 shared_suffix=64 segment_profile=logarithmic,False,False,3.6821248054504387,3.6773344039916984,3.6878991961479186,0.3062567451806647,0.5005626678466797,"{""num_rows"": ""32768"", ""segment_profile"": ""logarithmic"", ""shared_suffix"": ""64""}"
prefix,segments,sorted_order_strings_segments,Device=0 num_rows=2097152 shared_suffix=64 segment_profile=logarithmic,False,False,32.86721611022949,32.85839843750001,32.892535972595205,0.3581966810364516,32.00227165222168,"{""num_rows"": ""2097152"", ""segment_profile"": ""logarithmic"", ""shared_suffix"": ""64""}"
prefix,segments,sorted_order_strings_segments,Device=0 num_rows=32768 shared_suffix=0 segment_profile=tiny_plus_giant,False,False,0.43981440067291255,0.43952160030603404,0.4413296014070511,0.4452774899413728,0.5005626678466797,"{""num_rows"": ""32768"", ""segment_profile"": ""tiny_plus_giant"", ""shared_suffix"": ""0""}"
prefix,segments,sorted_order_strings_segments,Device=0 num_rows=2097152 shared_suffix=0 segment_profile=tiny_plus_giant,False,False,3.4542928218841547,3.4510432004928586,3.4634736180305485,1.2363019429043105,32.00227165222168,"{""num_rows"": ""2097152"", ""segment_profile"": ""tiny_plus_giant"", ""shared_suffix"": ""0""}"
prefix,segments,sorted_order_strings_segments,Device=0 num_rows=32768 shared_suffix=64 segment_profile=tiny_plus_giant,False,False,2.146672010421753,2.145147204399109,2.1494176149368287,0.3165460844555419,0.5005626678466797,"{""num_rows"": ""32768"", ""segment_profile"": ""tiny_plus_giant"", ""shared_suffix"": ""64""}"
prefix,segments,sorted_order_strings_segments,Device=0 num_rows=2097152 shared_suffix=64 segment_profile=tiny_plus_giant,False,False,16.731996726989745,16.714440059661865,16.778876686096197,1.5556583714792738,32.00227165222168,"{""num_rows"": ""2097152"", ""segment_profile"": ""tiny_plus_giant"", ""shared_suffix"": ""64""}"
prefix,segments,sorted_order_strings_segments,Device=0 num_rows=32768 shared_suffix=0 segment_profile=hot90,False,False,0.7591552019119263,0.7577759921550751,0.762355202436447,0.4551310916826821,0.5005626678466797,"{""num_rows"": ""32768"", ""segment_profile"": ""hot90"", ""shared_suffix"": ""0""}"
prefix,segments,sorted_order_strings_segments,Device=0 num_rows=2097152 shared_suffix=0 segment_profile=hot90,False,False,9.116070413589478,9.111032009124758,9.126388788223267,0.443951293257922,32.00227165222168,"{""num_rows"": ""2097152"", ""segment_profile"": ""hot90"", ""shared_suffix"": ""0""}"
prefix,segments,sorted_order_strings_segments,Device=0 num_rows=32768 shared_suffix=64 segment_profile=hot90,False,False,4.165950465202331,4.163065624237061,4.169067239761353,0.3075738088897881,0.5005626678466797,"{""num_rows"": ""32768"", ""segment_profile"": ""hot90"", ""shared_suffix"": ""64""}"
prefix,segments,sorted_order_strings_segments,Device=0 num_rows=2097152 shared_suffix=64 segment_profile=hot90,False,False,68.682804107666,68.66522178649903,68.69460983276366,0.33342516543161893,32.00227165222168,"{""num_rows"": ""2097152"", ""segment_profile"": ""hot90"", ""shared_suffix"": ""64""}"
prefix,segments,sorted_order_strings_segments,Device=0 num_rows=32768 shared_suffix=0 segment_profile=few_giants,False,False,0.4086991995573044,0.40778879821300507,0.4095727980136871,0.748558696504955,0.5005626678466797,"{""num_rows"": ""32768"", ""segment_profile"": ""few_giants"", ""shared_suffix"": ""0""}"
prefix,segments,sorted_order_strings_segments,Device=0 num_rows=2097152 shared_suffix=0 segment_profile=few_giants,False,False,3.371606397628784,3.368409585952759,3.3807519912719735,0.9577438171885971,32.00227165222168,"{""num_rows"": ""2097152"", ""segment_profile"": ""few_giants"", ""shared_suffix"": ""0""}"
prefix,segments,sorted_order_strings_segments,Device=0 num_rows=32768 shared_suffix=64 segment_profile=few_giants,False,False,1.9896048009395597,1.9866415917873383,1.9900064051151285,0.5345366590954227,0.5005626678466797,"{""num_rows"": ""32768"", ""segment_profile"": ""few_giants"", ""shared_suffix"": ""64""}"
prefix,segments,sorted_order_strings_segments,Device=0 num_rows=2097152 shared_suffix=64 segment_profile=few_giants,False,False,16.64974555969238,16.64711208343506,16.731745529174805,1.4973946492468375,32.00227165222168,"{""num_rows"": ""2097152"", ""segment_profile"": ""few_giants"", ""shared_suffix"": ""64""}"
prefix,segments,sorted_order_strings_segments,Device=0 num_rows=32768 shared_suffix=0 segment_profile=one_segment,False,False,0.7748272061347963,0.774062392115593,0.7750512033700945,0.5538036619900455,0.5005626678466797,"{""num_rows"": ""32768"", ""segment_profile"": ""one_segment"", ""shared_suffix"": ""0""}"
prefix,segments,sorted_order_strings_segments,Device=0 num_rows=2097152 shared_suffix=0 segment_profile=one_segment,False,False,9.948700761795045,9.94777593612671,9.967763137817382,0.4863739230002296,32.00227165222168,"{""num_rows"": ""2097152"", ""segment_profile"": ""one_segment"", ""shared_suffix"": ""0""}"
prefix,segments,sorted_order_strings_segments,Device=0 num_rows=32768 shared_suffix=64 segment_profile=one_segment,False,False,4.371329593658447,4.368750429153442,4.375892758369446,0.3588390817165859,0.5005626678466797,"{""num_rows"": ""32768"", ""segment_profile"": ""one_segment"", ""shared_suffix"": ""64""}"
prefix,segments,sorted_order_strings_segments,Device=0 num_rows=2097152 shared_suffix=64 segment_profile=one_segment,False,False,78.19069557189941,78.14340438842774,78.21577644348145,0.23576151192861156,32.00227165222168,"{""num_rows"": ""2097152"", ""segment_profile"": ""one_segment"", ""shared_suffix"": ""64""}"
pr1-p32-c512,pr-source,sorted_order_strings_source_parity,Device=0 num_rows=262144 profile=unique_32,False,False,5.566262412071229,5.56262083053589,5.582923150062561,0.09545707928559491,9.81140422821045,"{""num_rows"": ""262144"", ""profile"": ""unique_32""}"
pr1-p32-c512,pr-source,sorted_order_strings_source_parity,Device=0 num_rows=2097152 profile=unique_32,False,False,57.100496292114265,57.100321578979504,57.11318702697754,0.038795237579480696,78.42761516571045,"{""num_rows"": ""2097152"", ""profile"": ""unique_32""}"
pr1-p32-c512,pr-source,sorted_order_strings_source_parity,Device=0 num_rows=262144 profile=duplicates_32,False,False,4.990627145767212,4.986607933044434,5.015046381950378,0.11796813657797398,10.811402320861816,"{""num_rows"": ""262144"", ""profile"": ""duplicates_32""}"
pr1-p32-c512,pr-source,sorted_order_strings_source_parity,Device=0 num_rows=2097152 profile=duplicates_32,False,False,52.58157901763916,52.580123329162596,52.593728065490716,0.04207275595912322,86.42761325836182,"{""num_rows"": ""2097152"", ""profile"": ""duplicates_32""}"
pr1-p32-c512,pr-source,sorted_order_strings_source_parity,Device=0 num_rows=262144 profile=shared_prefix_24,False,False,5.5641599655151355,5.559564781188965,5.586227178573608,0.1967771960937465,9.81140422821045,"{""num_rows"": ""262144"", ""profile"": ""shared_prefix_24""}"
pr1-p32-c512,pr-source,sorted_order_strings_source_parity,Device=0 num_rows=2097152 profile=shared_prefix_24,False,False,57.10272178649902,57.09693126678468,57.11602096557618,0.04987166039396041,78.42761516571045,"{""num_rows"": ""2097152"", ""profile"": ""shared_prefix_24""}"
pr1-p32-c512,pr-source,sorted_order_strings_source_parity,Device=0 num_rows=262144 profile=raw_unique_40,False,False,0.22230879962444303,0.21996160000562665,0.23164319992065432,1.1935816628595575,9.811159133911133,"{""num_rows"": ""262144"", ""profile"": ""raw_unique_40""}"
pr1-p32-c512,pr-source,sorted_order_strings_source_parity,Device=0 num_rows=2097152 profile=raw_unique_40,False,False,0.45971199870109547,0.45846879929304113,0.46771679967641827,0.7519554201343577,78.42737007141113,"{""num_rows"": ""2097152"", ""profile"": ""raw_unique_40""}"
pr1-p32-c512,pr-source,sorted_order_strings_source_parity,Device=0 num_rows=262144 profile=raw_duplicates_40,False,False,0.680631998181343,0.675848001241684,0.7093343943357469,0.698513699167184,10.811402320861816,"{""num_rows"": ""262144"", ""profile"": ""raw_duplicates_40""}"
pr1-p32-c512,pr-source,sorted_order_strings_source_parity,Device=0 num_rows=2097152 profile=raw_duplicates_40,False,False,2.504563212394714,2.495964801311492,2.51761759519577,0.6049704306610223,86.42761325836182,"{""num_rows"": ""2097152"", ""profile"": ""raw_duplicates_40""}"
pr1-p32-c512,pr-source,sorted_order_strings_source_parity,Device=0 num_rows=262144 profile=raw_shared_prefix_24_width_40,False,False,6.905156803131104,6.893929648399353,6.913865590095521,0.5910179377769172,9.81140422821045,"{""num_rows"": ""262144"", ""profile"": ""raw_shared_prefix_24_width_40""}"
pr1-p32-c512,pr-source,sorted_order_strings_source_parity,Device=0 num_rows=2097152 profile=raw_shared_prefix_24_width_40,False,False,66.57815399169922,66.57651367187502,66.5868621826172,0.027724127206745396,78.42761516571045,"{""num_rows"": ""2097152"", ""profile"": ""raw_shared_prefix_24_width_40""}"
prefix,pr-source,sorted_order_strings_source_parity,Device=0 num_rows=262144 profile=unique_32,False,False,1.1450288116931913,1.1444448113441468,1.1472560048103333,0.5246720535264123,4.00056266784668,"{""num_rows"": ""262144"", ""profile"": ""unique_32""}"
prefix,pr-source,sorted_order_strings_source_parity,Device=0 num_rows=2097152 profile=unique_32,False,False,6.488647985458375,6.449110388755797,6.491336011886594,1.5035686015629217,32.00227165222168,"{""num_rows"": ""2097152"", ""profile"": ""unique_32""}"
prefix,pr-source,sorted_order_strings_source_parity,Device=0 num_rows=262144 profile=duplicates_32,False,False,1.934470397233963,1.9341296076774595,1.9355567991733553,0.39733942914330544,4.00056266784668,"{""num_rows"": ""262144"", ""profile"": ""duplicates_32""}"
prefix,pr-source,sorted_order_strings_source_parity,Device=0 num_rows=2097152 profile=duplicates_32,False,False,12.862752056121824,12.855607986450195,12.892240142822263,0.857770551548459,32.00227165222168,"{""num_rows"": ""2097152"", ""profile"": ""duplicates_32""}"
prefix,pr-source,sorted_order_strings_source_parity,Device=0 num_rows=262144 profile=shared_prefix_24,False,False,1.1454223990440369,1.144710409641266,1.1458175957202912,0.3494061125838005,4.00056266784668,"{""num_rows"": ""262144"", ""profile"": ""shared_prefix_24""}"
prefix,pr-source,sorted_order_strings_source_parity,Device=0 num_rows=2097152 profile=shared_prefix_24,False,False,6.484844779968263,6.461528038978575,6.48651683330536,1.3610784014458548,32.00227165222168,"{""num_rows"": ""2097152"", ""profile"": ""shared_prefix_24""}"
prefix,pr-source,sorted_order_strings_source_parity,Device=0 num_rows=262144 profile=raw_unique_40,False,False,0.21582079902291296,0.2155167989432812,0.21797120273113255,0.6312915774626792,4.00056266784668,"{""num_rows"": ""262144"", ""profile"": ""raw_unique_40""}"
prefix,pr-source,sorted_order_strings_source_parity,Device=0 num_rows=2097152 profile=raw_unique_40,False,False,0.9789616018533708,0.9779855966567993,0.9820943981409076,0.5948954639426651,32.00227165222168,"{""num_rows"": ""2097152"", ""profile"": ""raw_unique_40""}"
prefix,pr-source,sorted_order_strings_source_parity,Device=0 num_rows=262144 profile=raw_duplicates_40,False,False,1.2526096045970916,1.2518367886543276,1.2556335866451263,0.4752303830733855,4.00056266784668,"{""num_rows"": ""262144"", ""profile"": ""raw_duplicates_40""}"
prefix,pr-source,sorted_order_strings_source_parity,Device=0 num_rows=2097152 profile=raw_duplicates_40,False,False,4.691147184371949,4.6869744062423715,4.692988777160644,0.3700867628218845,32.00227165222168,"{""num_rows"": ""2097152"", ""profile"": ""raw_duplicates_40""}"
prefix,pr-source,sorted_order_strings_source_parity,Device=0 num_rows=262144 profile=raw_shared_prefix_24_width_40,False,False,1.8686447978019711,1.868094402551651,1.872627198696137,0.6383379106409833,4.00056266784668,"{""num_rows"": ""262144"", ""profile"": ""raw_shared_prefix_24_width_40""}"
prefix,pr-source,sorted_order_strings_source_parity,Device=0 num_rows=2097152 profile=raw_shared_prefix_24_width_40,False,False,20.979836750030515,20.943014240264894,21.00138568878174,0.3568600271476992,32.00227165222168,"{""num_rows"": ""2097152"", ""profile"": ""raw_shared_prefix_24_width_40""}"
prefix,pr-workload,sorted_order_strings_workload,Device=0 min_width=0 max_width=32 num_rows=32768 workload=normal,False,False,0.640499198436737,0.639020797610283,0.641203197836876,0.5152636445158175,0.5005626678466797,"{""max_width"": ""32"", ""min_width"": ""0"", ""num_rows"": ""32768"", ""workload"": ""normal""}"
prefix,pr-workload,sorted_order_strings_workload,Device=0 min_width=0 max_width=64 num_rows=32768 workload=normal,False,False,1.3126191914081573,1.3121312022209168,1.3176991820335386,0.40025047299714833,0.5005626678466797,"{""max_width"": ""64"", ""min_width"": ""0"", ""num_rows"": ""32768"", ""workload"": ""normal""}"
prefix,pr-workload,sorted_order_strings_workload,Device=0 min_width=0 max_width=128 num_rows=32768 workload=normal,False,False,2.7374032020568846,2.7334927797317508,2.7403440117835998,0.9328187603719525,0.5005626678466797,"{""max_width"": ""128"", ""min_width"": ""0"", ""num_rows"": ""32768"", ""workload"": ""normal""}"
prefix,pr-workload,sorted_order_strings_workload,Device=0 min_width=0 max_width=256 num_rows=32768 workload=normal,False,False,5.696177601814271,5.6836111545562735,5.697095966339111,1.0790002739914382,0.5005626678466797,"{""max_width"": ""256"", ""min_width"": ""0"", ""num_rows"": ""32768"", ""workload"": ""normal""}"
prefix,pr-workload,sorted_order_strings_workload,Device=0 min_width=0 max_width=32 num_rows=262144 workload=normal,False,False,0.9898063987493518,0.9895632058382035,0.9902079910039902,0.5863000995796417,4.00056266784668,"{""max_width"": ""32"", ""min_width"": ""0"", ""num_rows"": ""262144"", ""workload"": ""normal""}"
prefix,pr-workload,sorted_order_strings_workload,Device=0 min_width=0 max_width=64 num_rows=262144 workload=normal,False,False,1.9756991982460022,1.973951989412308,1.975961595773697,0.44044837736469544,4.00056266784668,"{""max_width"": ""64"", ""min_width"": ""0"", ""num_rows"": ""262144"", ""workload"": ""normal""}"
prefix,pr-workload,sorted_order_strings_workload,Device=0 min_width=0 max_width=128 num_rows=262144 workload=normal,False,False,4.034342408180238,4.026241612434387,4.034961605072022,0.2941438189984563,4.00056266784668,"{""max_width"": ""128"", ""min_width"": ""0"", ""num_rows"": ""262144"", ""workload"": ""normal""}"
prefix,pr-workload,sorted_order_strings_workload,Device=0 min_width=0 max_width=256 num_rows=262144 workload=normal,False,False,8.630582427978517,8.6260479927063,8.643182468414308,1.0980955491445012,4.00056266784668,"{""max_width"": ""256"", ""min_width"": ""0"", ""num_rows"": ""262144"", ""workload"": ""normal""}"
prefix,pr-workload,sorted_order_strings_workload,Device=0 min_width=0 max_width=32 num_rows=2097152 workload=normal,False,False,2.8752992272377007,2.871943986415863,2.878025615215301,0.3749419888269104,32.00227165222168,"{""max_width"": ""32"", ""min_width"": ""0"", ""num_rows"": ""2097152"", ""workload"": ""normal""}"
prefix,pr-workload,sorted_order_strings_workload,Device=0 min_width=0 max_width=64 num_rows=2097152 workload=normal,False,False,5.030344009399415,5.0257600069046005,5.0306336164474486,0.3126273589672646,32.00227165222168,"{""max_width"": ""64"", ""min_width"": ""0"", ""num_rows"": ""2097152"", ""workload"": ""normal""}"
prefix,pr-workload,sorted_order_strings_workload,Device=0 min_width=0 max_width=128 num_rows=2097152 workload=normal,False,False,9.577552127838135,9.571415853500369,9.584921550750735,0.31696170918516836,32.00227165222168,"{""max_width"": ""128"", ""min_width"": ""0"", ""num_rows"": ""2097152"", ""workload"": ""normal""}"
prefix,pr-workload,sorted_order_strings_workload,Device=0 min_width=0 max_width=256 num_rows=2097152 workload=normal,False,False,19.21716794967651,19.213145637512202,19.224374580383298,0.4087991089879594,32.00227165222168,"{""max_width"": ""256"", ""min_width"": ""0"", ""num_rows"": ""2097152"", ""workload"": ""normal""}"
prefix,pr-workload,sorted_order_strings_workload,Device=0 min_width=0 max_width=32 num_rows=32768 workload=duplicates,False,False,0.7117792010307312,0.7114256024360657,0.7148976027965547,0.5059249817754384,0.5005626678466797,"{""max_width"": ""32"", ""min_width"": ""0"", ""num_rows"": ""32768"", ""workload"": ""duplicates""}"
prefix,pr-workload,sorted_order_strings_workload,Device=0 min_width=0 max_width=64 num_rows=32768 workload=duplicates,False,False,1.4736512064933776,1.4723759949207305,1.4740127980709077,0.42395555665706247,0.5005626678466797,"{""max_width"": ""64"", ""min_width"": ""0"", ""num_rows"": ""32768"", ""workload"": ""duplicates""}"
prefix,pr-workload,sorted_order_strings_workload,Device=0 min_width=0 max_width=128 num_rows=32768 workload=duplicates,False,False,3.04345121383667,3.041950368881226,3.0448240160942084,0.2228444437836016,0.5005626678466797,"{""max_width"": ""128"", ""min_width"": ""0"", ""num_rows"": ""32768"", ""workload"": ""duplicates""}"
prefix,pr-workload,sorted_order_strings_workload,Device=0 min_width=0 max_width=256 num_rows=32768 workload=duplicates,False,False,6.125279998779297,6.121686410903929,6.126292753219605,0.1842943303031691,0.5005626678466797,"{""max_width"": ""256"", ""min_width"": ""0"", ""num_rows"": ""32768"", ""workload"": ""duplicates""}"
prefix,pr-workload,sorted_order_strings_workload,Device=0 min_width=0 max_width=32 num_rows=262144 workload=duplicates,False,False,1.1336463868618012,1.1319056034088137,1.1344320058822628,0.8173817242668514,4.00056266784668,"{""max_width"": ""32"", ""min_width"": ""0"", ""num_rows"": ""262144"", ""workload"": ""duplicates""}"
prefix,pr-workload,sorted_order_strings_workload,Device=0 min_width=0 max_width=64 num_rows=262144 workload=duplicates,False,False,2.2913935780525208,2.289499199390412,2.2961488008499145,0.4064830522849592,4.00056266784668,"{""max_width"": ""64"", ""min_width"": ""0"", ""num_rows"": ""262144"", ""workload"": ""duplicates""}"
prefix,pr-workload,sorted_order_strings_workload,Device=0 min_width=0 max_width=128 num_rows=262144 workload=duplicates,False,False,4.7831984043121345,4.77945921421051,4.786465525627136,0.3081307247043589,4.00056266784668,"{""max_width"": ""128"", ""min_width"": ""0"", ""num_rows"": ""262144"", ""workload"": ""duplicates""}"
prefix,pr-workload,sorted_order_strings_workload,Device=0 min_width=0 max_width=256 num_rows=262144 workload=duplicates,False,False,10.528044795989992,10.512694454193117,10.53422245979309,0.6663934213137833,4.00056266784668,"{""max_width"": ""256"", ""min_width"": ""0"", ""num_rows"": ""262144"", ""workload"": ""duplicates""}"
prefix,pr-workload,sorted_order_strings_workload,Device=0 min_width=0 max_width=32 num_rows=2097152 workload=duplicates,False,False,3.2037552118301384,3.1980495929718016,3.204705595970154,0.5644420630162245,32.00227165222168,"{""max_width"": ""32"", ""min_width"": ""0"", ""num_rows"": ""2097152"", ""workload"": ""duplicates""}"
prefix,pr-workload,sorted_order_strings_workload,Device=0 min_width=0 max_width=64 num_rows=2097152 workload=duplicates,False,False,5.958926415443421,5.956635212898255,5.961011195182801,0.32871325507714,32.00227165222168,"{""max_width"": ""64"", ""min_width"": ""0"", ""num_rows"": ""2097152"", ""workload"": ""duplicates""}"
prefix,pr-workload,sorted_order_strings_workload,Device=0 min_width=0 max_width=128 num_rows=2097152 workload=duplicates,False,False,11.789247989654543,11.782307291030886,11.793000030517575,0.8426023285775494,32.00227165222168,"{""max_width"": ""128"", ""min_width"": ""0"", ""num_rows"": ""2097152"", ""workload"": ""duplicates""}"
prefix,pr-workload,sorted_order_strings_workload,Device=0 min_width=0 max_width=256 num_rows=2097152 workload=duplicates,False,False,22.945932769775386,22.928252696990967,22.948185348510744,0.27054994446569103,32.00227165222168,"{""max_width"": ""256"", ""min_width"": ""0"", ""num_rows"": ""2097152"", ""workload"": ""duplicates""}"
prefix,pr-workload,sorted_order_strings_workload,Device=0 min_width=0 max_width=32 num_rows=32768 workload=shared_prefix,False,False,1.6383744001388552,1.636302399635315,1.639849597215652,0.5403589722404006,0.5005626678466797,"{""max_width"": ""32"", ""min_width"": ""0"", ""num_rows"": ""32768"", ""workload"": ""shared_prefix""}"
prefix,pr-workload,sorted_order_strings_workload,Device=0 min_width=0 max_width=64 num_rows=32768 workload=shared_prefix,False,False,4.015342426300048,4.0147232055664075,4.01916160583496,0.27719695842350794,0.5005626678466797,"{""max_width"": ""64"", ""min_width"": ""0"", ""num_rows"": ""32768"", ""workload"": ""shared_prefix""}"
prefix,pr-workload,sorted_order_strings_workload,Device=0 min_width=0 max_width=128 num_rows=32768 workload=shared_prefix,False,False,9.014704084396362,9.014635229110716,9.017248010635376,0.10193394904446658,0.5005626678466797,"{""max_width"": ""128"", ""min_width"": ""0"", ""num_rows"": ""32768"", ""workload"": ""shared_prefix""}"
prefix,pr-workload,sorted_order_strings_workload,Device=0 min_width=0 max_width=256 num_rows=32768 workload=shared_prefix,False,False,19.23394556045532,19.229777526855464,19.23423023223877,0.08908137825528777,0.5005626678466797,"{""max_width"": ""256"", ""min_width"": ""0"", ""num_rows"": ""32768"", ""workload"": ""shared_prefix""}"
prefix,pr-workload,sorted_order_strings_workload,Device=0 min_width=0 max_width=32 num_rows=262144 workload=shared_prefix,False,False,2.2946608424186707,2.2926016092300414,2.2961872220039368,0.27741420218349394,4.00056266784668,"{""max_width"": ""32"", ""min_width"": ""0"", ""num_rows"": ""262144"", ""workload"": ""shared_prefix""}"
prefix,pr-workload,sorted_order_strings_workload,Device=0 min_width=0 max_width=64 num_rows=262144 workload=shared_prefix,False,False,5.5884352207183845,5.584350347518921,5.589614343643188,0.527612814228266,4.00056266784668,"{""max_width"": ""64"", ""min_width"": ""0"", ""num_rows"": ""262144"", ""workload"": ""shared_prefix""}"
prefix,pr-workload,sorted_order_strings_workload,Device=0 min_width=0 max_width=128 num_rows=262144 workload=shared_prefix,False,False,13.36739192008972,13.360064029693605,13.418743896484374,1.11077582076943,4.00056266784668,"{""max_width"": ""128"", ""min_width"": ""0"", ""num_rows"": ""262144"", ""workload"": ""shared_prefix""}"
prefix,pr-workload,sorted_order_strings_workload,Device=0 min_width=0 max_width=256 num_rows=262144 workload=shared_prefix,False,False,39.400748825073244,39.38764324188233,39.4023645401001,0.13718151620742197,4.00056266784668,"{""max_width"": ""256"", ""min_width"": ""0"", ""num_rows"": ""262144"", ""workload"": ""shared_prefix""}"
prefix,pr-workload,sorted_order_strings_workload,Device=0 min_width=0 max_width=32 num_rows=2097152 workload=shared_prefix,False,False,19.347500705718993,19.347057628631593,19.393203353881837,0.5890976637858707,32.00227165222168,"{""max_width"": ""32"", ""min_width"": ""0"", ""num_rows"": ""2097152"", ""workload"": ""shared_prefix""}"
prefix,pr-workload,sorted_order_strings_workload,Device=0 min_width=0 max_width=64 num_rows=2097152 workload=shared_prefix,False,False,52.79564666748047,52.77976169586183,52.846698951721194,0.35945065191277126,32.00227165222168,"{""max_width"": ""64"", ""min_width"": ""0"", ""num_rows"": ""2097152"", ""workload"": ""shared_prefix""}"
prefix,pr-workload,sorted_order_strings_workload,Device=0 min_width=0 max_width=128 num_rows=2097152 workload=shared_prefix,False,False,122.82959175109862,122.67778587341311,122.93080215454103,0.3276176811651891,32.00227165222168,"{""max_width"": ""128"", ""min_width"": ""0"", ""num_rows"": ""2097152"", ""workload"": ""shared_prefix""}"
prefix,pr-workload,sorted_order_strings_workload,Device=0 min_width=0 max_width=256 num_rows=2097152 workload=shared_prefix,False,False,270.48358459472655,270.35403289794925,270.5200759887696,0.22693884546125662,32.00227165222168,"{""max_width"": ""256"", ""min_width"": ""0"", ""num_rows"": ""2097152"", ""workload"": ""shared_prefix""}"
prefix,pr-workload,sorted_order_strings_workload,Device=0 min_width=0 max_width=32 num_rows=32768 workload=variable,False,False,0.1667584002017975,0.16639840081334117,0.16756160184741017,1.244405820083809,0.5005626678466797,"{""max_width"": ""32"", ""min_width"": ""0"", ""num_rows"": ""32768"", ""workload"": ""variable""}"
prefix,pr-workload,sorted_order_strings_workload,Device=0 min_width=0 max_width=64 num_rows=32768 workload=variable,False,False,0.17147360071539883,0.17109439969062806,0.172494401037693,0.4400959948655069,0.5005626678466797,"{""max_width"": ""64"", ""min_width"": ""0"", ""num_rows"": ""32768"", ""workload"": ""variable""}"
prefix,pr-workload,sorted_order_strings_workload,Device=0 min_width=0 max_width=128 num_rows=32768 workload=variable,False,False,0.17146559879183765,0.17112320140004159,0.17233760058879852,0.48833005740823815,0.5005626678466797,"{""max_width"": ""128"", ""min_width"": ""0"", ""num_rows"": ""32768"", ""workload"": ""variable""}"
prefix,pr-workload,sorted_order_strings_workload,Device=0 min_width=0 max_width=256 num_rows=32768 workload=variable,False,False,0.17204000055789953,0.17165920063853266,0.17324959933757783,0.49693428223898695,0.5005626678466797,"{""max_width"": ""256"", ""min_width"": ""0"", ""num_rows"": ""32768"", ""workload"": ""variable""}"
prefix,pr-workload,sorted_order_strings_workload,Device=0 min_width=0 max_width=32 num_rows=262144 workload=variable,False,False,0.27934560030698774,0.2784255996346474,0.2807823970913887,0.7086606887079673,4.00056266784668,"{""max_width"": ""32"", ""min_width"": ""0"", ""num_rows"": ""262144"", ""workload"": ""variable""}"
prefix,pr-workload,sorted_order_strings_workload,Device=0 min_width=0 max_width=64 num_rows=262144 workload=variable,False,False,0.29020480066537857,0.28944960087537763,0.29208640307188033,0.4372622573633196,4.00056266784668,"{""max_width"": ""64"", ""min_width"": ""0"", ""num_rows"": ""262144"", ""workload"": ""variable""}"
prefix,pr-workload,sorted_order_strings_workload,Device=0 min_width=0 max_width=128 num_rows=262144 workload=variable,False,False,0.3045072004199028,0.3032112002372742,0.30576480180025095,0.3775370646574436,4.00056266784668,"{""max_width"": ""128"", ""min_width"": ""0"", ""num_rows"": ""262144"", ""workload"": ""variable""}"
prefix,pr-workload,sorted_order_strings_workload,Device=0 min_width=0 max_width=256 num_rows=262144 workload=variable,False,False,0.3289712011814118,0.3288255989551544,0.33512799739837645,5.241597189868708,4.00056266784668,"{""max_width"": ""256"", ""min_width"": ""0"", ""num_rows"": ""262144"", ""workload"": ""variable""}"
prefix,pr-workload,sorted_order_strings_workload,Device=0 min_width=0 max_width=32 num_rows=2097152 workload=variable,False,False,1.1013359963893892,1.1001119852066041,1.1024304032325742,0.4647275209913062,32.00227165222168,"{""max_width"": ""32"", ""min_width"": ""0"", ""num_rows"": ""2097152"", ""workload"": ""variable""}"
prefix,pr-workload,sorted_order_strings_workload,Device=0 min_width=0 max_width=64 num_rows=2097152 workload=variable,False,False,1.1104111909866334,1.1096415936946868,1.1134591996669767,0.5932620950263794,32.00227165222168,"{""max_width"": ""64"", ""min_width"": ""0"", ""num_rows"": ""2097152"", ""workload"": ""variable""}"
prefix,pr-workload,sorted_order_strings_workload,Device=0 min_width=0 max_width=128 num_rows=2097152 workload=variable,False,False,1.1438816010951993,1.142281597852707,1.1456560015678408,0.559339435454749,32.00227165222168,"{""max_width"": ""128"", ""min_width"": ""0"", ""num_rows"": ""2097152"", ""workload"": ""variable""}"
prefix,pr-workload,sorted_order_strings_workload,Device=0 min_width=0 max_width=256 num_rows=2097152 workload=variable,False,False,1.196345603466034,1.195110386610031,1.1994479894638062,0.38038468255435626,32.00227165222168,"{""max_width"": ""256"", ""min_width"": ""0"", ""num_rows"": ""2097152"", ""workload"": ""variable""}"
optimized,pr-workload,sorted_order_strings_workload,Device=0 min_width=0 max_width=32 num_rows=32768 workload=normal,False,False,0.19577439948916436,0.1953807979822159,0.19817600026726725,0.9040192428784772,1.1391592025756836,"{""max_width"": ""32"", ""min_width"": ""0"", ""num_rows"": ""32768"", ""workload"": ""normal""}"
optimized,pr-workload,sorted_order_strings_workload,Device=0 min_width=0 max_width=64 num_rows=32768 workload=normal,False,False,0.22270400077104568,0.22129279896616932,0.2293887995183468,19.083736141512762,1.1391592025756836,"{""max_width"": ""64"", ""min_width"": ""0"", ""num_rows"": ""32768"", ""workload"": ""normal""}"
optimized,pr-workload,sorted_order_strings_workload,Device=0 min_width=0 max_width=128 num_rows=32768 workload=normal,False,False,0.27963039875030526,0.2776303991675377,0.28239520043134686,1.8511055335718853,1.1391592025756836,"{""max_width"": ""128"", ""min_width"": ""0"", ""num_rows"": ""32768"", ""workload"": ""normal""}"
optimized,pr-workload,sorted_order_strings_workload,Device=0 min_width=0 max_width=256 num_rows=32768 workload=normal,False,False,0.40246080160140985,0.399414399266243,0.4034960016608239,0.9741409359896194,1.1391592025756836,"{""max_width"": ""256"", ""min_width"": ""0"", ""num_rows"": ""32768"", ""workload"": ""normal""}"
optimized,pr-workload,sorted_order_strings_workload,Device=0 min_width=0 max_width=32 num_rows=262144 workload=normal,False,False,0.40561439990997317,0.4028864026069641,0.4056191995739936,1.1166167642866127,9.053221702575684,"{""max_width"": ""32"", ""min_width"": ""0"", ""num_rows"": ""262144"", ""workload"": ""normal""}"
optimized,pr-workload,sorted_order_strings_workload,Device=0 min_width=0 max_width=64 num_rows=262144 workload=normal,False,False,0.5229023993015289,0.5213199973106384,0.5258303940296172,2.3961895646976865,9.053221702575684,"{""max_width"": ""64"", ""min_width"": ""0"", ""num_rows"": ""262144"", ""workload"": ""normal""}"
optimized,pr-workload,sorted_order_strings_workload,Device=0 min_width=0 max_width=128 num_rows=262144 workload=normal,False,False,0.8602287977933883,0.8580672025680542,0.8711680054664609,1.7327371822951885,9.053221702575684,"{""max_width"": ""128"", ""min_width"": ""0"", ""num_rows"": ""262144"", ""workload"": ""normal""}"
optimized,pr-workload,sorted_order_strings_workload,Device=0 min_width=0 max_width=256 num_rows=262144 workload=normal,False,False,1.5074560046195984,1.499452781677246,1.5112255990505217,2.3521857110513174,9.053221702575684,"{""max_width"": ""256"", ""min_width"": ""0"", ""num_rows"": ""262144"", ""workload"": ""normal""}"
optimized,pr-workload,sorted_order_strings_workload,Device=0 min_width=0 max_width=32 num_rows=2097152 workload=normal,False,False,1.3525680065155032,1.3470544099807737,1.355414402484894,1.5578300145607458,72.36474514007568,"{""max_width"": ""32"", ""min_width"": ""0"", ""num_rows"": ""2097152"", ""workload"": ""normal""}"
optimized,pr-workload,sorted_order_strings_workload,Device=0 min_width=0 max_width=64 num_rows=2097152 workload=normal,False,False,2.041998392343521,2.0411935925483697,2.054257601499558,2.331783824931021,72.36474514007568,"{""max_width"": ""64"", ""min_width"": ""0"", ""num_rows"": ""2097152"", ""workload"": ""normal""}"
optimized,pr-workload,sorted_order_strings_workload,Device=0 min_width=0 max_width=128 num_rows=2097152 workload=normal,False,False,3.6889439940452573,3.665494406223297,3.6960272073745744,2.628733889120365,72.36474514007568,"{""max_width"": ""128"", ""min_width"": ""0"", ""num_rows"": ""2097152"", ""workload"": ""normal""}"
optimized,pr-workload,sorted_order_strings_workload,Device=0 min_width=0 max_width=256 num_rows=2097152 workload=normal,False,False,7.976220798492433,7.902332830429078,7.984395217895507,2.6309791211407836,72.36474514007568,"{""max_width"": ""256"", ""min_width"": ""0"", ""num_rows"": ""2097152"", ""workload"": ""normal""}"
optimized,pr-workload,sorted_order_strings_workload,Device=0 min_width=0 max_width=32 num_rows=32768 workload=duplicates,False,False,0.22757759839296338,0.22674239948391917,0.2299584001302719,0.9153341769761859,1.1391592025756836,"{""max_width"": ""32"", ""min_width"": ""0"", ""num_rows"": ""32768"", ""workload"": ""duplicates""}"
optimized,pr-workload,sorted_order_strings_workload,Device=0 min_width=0 max_width=64 num_rows=32768 workload=duplicates,False,False,0.29271679818630214,0.29249600023031236,0.2946304008364678,0.6761635675828546,1.1391592025756836,"{""max_width"": ""64"", ""min_width"": ""0"", ""num_rows"": ""32768"", ""workload"": ""duplicates""}"
optimized,pr-workload,sorted_order_strings_workload,Device=0 min_width=0 max_width=128 num_rows=32768 workload=duplicates,False,False,0.43007680028676987,0.42698719799518586,0.43240160048007964,0.9812217223770112,1.1391592025756836,"{""max_width"": ""128"", ""min_width"": ""0"", ""num_rows"": ""32768"", ""workload"": ""duplicates""}"
optimized,pr-workload,sorted_order_strings_workload,Device=0 min_width=0 max_width=256 num_rows=32768 workload=duplicates,False,False,0.8047984033823014,0.8030672013759614,0.8053471982479096,0.9942896008659207,1.1391592025756836,"{""max_width"": ""256"", ""min_width"": ""0"", ""num_rows"": ""32768"", ""workload"": ""duplicates""}"
optimized,pr-workload,sorted_order_strings_workload,Device=0 min_width=0 max_width=32 num_rows=262144 workload=duplicates,False,False,0.43032319843769073,0.4248640045523643,0.43251679986715325,1.7564056124207295,9.053221702575684,"{""max_width"": ""32"", ""min_width"": ""0"", ""num_rows"": ""262144"", ""workload"": ""duplicates""}"
optimized,pr-workload,sorted_order_strings_workload,Device=0 min_width=0 max_width=64 num_rows=262144 workload=duplicates,False,False,0.5900319993495942,0.5899679958820343,0.5910655945539475,2.5738468838003024,9.053221702575684,"{""max_width"": ""64"", ""min_width"": ""0"", ""num_rows"": ""262144"", ""workload"": ""duplicates""}"
optimized,pr-workload,sorted_order_strings_workload,Device=0 min_width=0 max_width=128 num_rows=262144 workload=duplicates,False,False,0.9171871989965439,0.91496639251709,0.9187647968530654,2.7147355522094867,9.053221702575684,"{""max_width"": ""128"", ""min_width"": ""0"", ""num_rows"": ""262144"", ""workload"": ""duplicates""}"
optimized,pr-workload,sorted_order_strings_workload,Device=0 min_width=0 max_width=256 num_rows=262144 workload=duplicates,False,False,1.7387104034423828,1.7314639985561373,1.738915193080902,1.4994209280209774,9.053221702575684,"{""max_width"": ""256"", ""min_width"": ""0"", ""num_rows"": ""262144"", ""workload"": ""duplicates""}"
optimized,pr-workload,sorted_order_strings_workload,Device=0 min_width=0 max_width=32 num_rows=2097152 workload=duplicates,False,False,1.4869535923004151,1.4676400005817412,1.488798403739929,2.268749556354167,72.36474514007568,"{""max_width"": ""32"", ""min_width"": ""0"", ""num_rows"": ""2097152"", ""workload"": ""duplicates""}"
optimized,pr-workload,sorted_order_strings_workload,Device=0 min_width=0 max_width=64 num_rows=2097152 workload=duplicates,False,False,2.1277056097984315,2.124388802051544,2.134499168395997,1.0910972748977423,72.36474514007568,"{""max_width"": ""64"", ""min_width"": ""0"", ""num_rows"": ""2097152"", ""workload"": ""duplicates""}"
optimized,pr-workload,sorted_order_strings_workload,Device=0 min_width=0 max_width=128 num_rows=2097152 workload=duplicates,False,False,3.2417343974113466,3.2375408053398136,3.2419551730155938,1.46876897607636,72.36474514007568,"{""max_width"": ""128"", ""min_width"": ""0"", ""num_rows"": ""2097152"", ""workload"": ""duplicates""}"
optimized,pr-workload,sorted_order_strings_workload,Device=0 min_width=0 max_width=256 num_rows=2097152 workload=duplicates,False,False,5.64182231426239,5.639723205566406,5.649358296394348,0.6156858342684117,72.36474514007568,"{""max_width"": ""256"", ""min_width"": ""0"", ""num_rows"": ""2097152"", ""workload"": ""duplicates""}"
optimized,pr-workload,sorted_order_strings_workload,Device=0 min_width=0 max_width=32 num_rows=32768 workload=shared_prefix,False,False,0.461209599673748,0.45942879915237433,0.4633376002311707,0.5904841926120458,1.1391592025756836,"{""max_width"": ""32"", ""min_width"": ""0"", ""num_rows"": ""32768"", ""workload"": ""shared_prefix""}"
optimized,pr-workload,sorted_order_strings_workload,Device=0 min_width=0 max_width=64 num_rows=32768 workload=shared_prefix,False,False,0.7264208018779754,0.7257087975740433,0.7282047957181931,0.36325042069348223,1.1391592025756836,"{""max_width"": ""64"", ""min_width"": ""0"", ""num_rows"": ""32768"", ""workload"": ""shared_prefix""}"
optimized,pr-workload,sorted_order_strings_workload,Device=0 min_width=0 max_width=128 num_rows=32768 workload=shared_prefix,False,False,1.339843201637268,1.3355631947517395,1.343619203567505,0.4660757772771748,1.1391592025756836,"{""max_width"": ""128"", ""min_width"": ""0"", ""num_rows"": ""32768"", ""workload"": ""shared_prefix""}"
optimized,pr-workload,sorted_order_strings_workload,Device=0 min_width=0 max_width=256 num_rows=32768 workload=shared_prefix,False,False,3.3500959873199467,3.3464832305908216,3.3512928128242496,0.23401380219131787,1.1391592025756836,"{""max_width"": ""256"", ""min_width"": ""0"", ""num_rows"": ""32768"", ""workload"": ""shared_prefix""}"
optimized,pr-workload,sorted_order_strings_workload,Device=0 min_width=0 max_width=32 num_rows=262144 workload=shared_prefix,False,False,0.5245952010154724,0.5198512047529221,0.5276544064283372,0.6334219843685407,9.053221702575684,"{""max_width"": ""32"", ""min_width"": ""0"", ""num_rows"": ""262144"", ""workload"": ""shared_prefix""}"
optimized,pr-workload,sorted_order_strings_workload,Device=0 min_width=0 max_width=64 num_rows=262144 workload=shared_prefix,False,False,0.5525535941123961,0.5482495963573457,0.5560816019773483,1.0410914928737705,9.053221702575684,"{""max_width"": ""64"", ""min_width"": ""0"", ""num_rows"": ""262144"", ""workload"": ""shared_prefix""}"
optimized,pr-workload,sorted_order_strings_workload,Device=0 min_width=0 max_width=128 num_rows=262144 workload=shared_prefix,False,False,0.6254015982151031,0.6219520062208175,0.6267071902751923,0.7717729693265062,9.053221702575684,"{""max_width"": ""128"", ""min_width"": ""0"", ""num_rows"": ""262144"", ""workload"": ""shared_prefix""}"
optimized,pr-workload,sorted_order_strings_workload,Device=0 min_width=0 max_width=256 num_rows=262144 workload=shared_prefix,False,False,0.6988207995891571,0.6977455973625182,0.7094448029994967,5.076568370743492,9.053221702575684,"{""max_width"": ""256"", ""min_width"": ""0"", ""num_rows"": ""262144"", ""workload"": ""shared_prefix""}"
optimized,pr-workload,sorted_order_strings_workload,Device=0 min_width=0 max_width=32 num_rows=2097152 workload=shared_prefix,False,False,3.622136008739471,3.6159807920455935,3.6229007959365847,0.47239058505126064,72.36474514007568,"{""max_width"": ""32"", ""min_width"": ""0"", ""num_rows"": ""2097152"", ""workload"": ""shared_prefix""}"
optimized,pr-workload,sorted_order_strings_workload,Device=0 min_width=0 max_width=64 num_rows=2097152 workload=shared_prefix,False,False,3.9553968191146858,3.954679977893829,3.9634016156196594,0.4396342170356173,72.36474514007568,"{""max_width"": ""64"", ""min_width"": ""0"", ""num_rows"": ""2097152"", ""workload"": ""shared_prefix""}"
optimized,pr-workload,sorted_order_strings_workload,Device=0 min_width=0 max_width=128 num_rows=2097152 workload=shared_prefix,False,False,4.756078433990478,4.754625606536864,4.758265590667725,0.3008753655038539,72.36474514007568,"{""max_width"": ""128"", ""min_width"": ""0"", ""num_rows"": ""2097152"", ""workload"": ""shared_prefix""}"
optimized,pr-workload,sorted_order_strings_workload,Device=0 min_width=0 max_width=256 num_rows=2097152 workload=shared_prefix,False,False,5.124852776527405,5.124179244041444,5.128696036338805,0.29080791055637467,72.36474514007568,"{""max_width"": ""256"", ""min_width"": ""0"", ""num_rows"": ""2097152"", ""workload"": ""shared_prefix""}"
optimized,pr-workload,sorted_order_strings_workload,Device=0 min_width=0 max_width=32 num_rows=32768 workload=variable,False,False,0.18938079997897148,0.187347199767828,0.19130079969763755,1.2618765689708829,1.1391592025756836,"{""max_width"": ""32"", ""min_width"": ""0"", ""num_rows"": ""32768"", ""workload"": ""variable""}"
optimized,pr-workload,sorted_order_strings_workload,Device=0 min_width=0 max_width=64 num_rows=32768 workload=variable,False,False,0.18754400089383122,0.18715679869055749,0.19007359892129896,1.6929562375097227,1.1391592025756836,"{""max_width"": ""64"", ""min_width"": ""0"", ""num_rows"": ""32768"", ""workload"": ""variable""}"
optimized,pr-workload,sorted_order_strings_workload,Device=0 min_width=0 max_width=128 num_rows=32768 workload=variable,False,False,0.17495679929852487,0.17449920102953914,0.1767087996006012,1.1988438040849148,1.1391592025756836,"{""max_width"": ""128"", ""min_width"": ""0"", ""num_rows"": ""32768"", ""workload"": ""variable""}"
optimized,pr-workload,sorted_order_strings_workload,Device=0 min_width=0 max_width=256 num_rows=32768 workload=variable,False,False,0.1772192008793354,0.17274240031838414,0.17954560071229933,2.194831994707484,1.1391592025756836,"{""max_width"": ""256"", ""min_width"": ""0"", ""num_rows"": ""32768"", ""workload"": ""variable""}"
optimized,pr-workload,sorted_order_strings_workload,Device=0 min_width=0 max_width=32 num_rows=262144 workload=variable,False,False,0.2603887990117073,0.2591903999447823,0.2613040015101432,1.781746015239163,9.053221702575684,"{""max_width"": ""32"", ""min_width"": ""0"", ""num_rows"": ""262144"", ""workload"": ""variable""}"
optimized,pr-workload,sorted_order_strings_workload,Device=0 min_width=0 max_width=64 num_rows=262144 workload=variable,False,False,0.25830560177564627,0.2561199977993966,0.26240799874067305,0.909377260457097,9.053221702575684,"{""max_width"": ""64"", ""min_width"": ""0"", ""num_rows"": ""262144"", ""workload"": ""variable""}"
optimized,pr-workload,sorted_order_strings_workload,Device=0 min_width=0 max_width=128 num_rows=262144 workload=variable,False,False,0.2636128008365631,0.26094239950180054,0.26601120084524155,1.2088475525730156,9.053221702575684,"{""max_width"": ""128"", ""min_width"": ""0"", ""num_rows"": ""262144"", ""workload"": ""variable""}"
optimized,pr-workload,sorted_order_strings_workload,Device=0 min_width=0 max_width=256 num_rows=262144 workload=variable,False,False,0.2484784007072449,0.24773759841918952,0.2500735968351364,0.7945880175541702,9.053221702575684,"{""max_width"": ""256"", ""min_width"": ""0"", ""num_rows"": ""262144"", ""workload"": ""variable""}"
optimized,pr-workload,sorted_order_strings_workload,Device=0 min_width=0 max_width=32 num_rows=2097152 workload=variable,False,False,0.5124447941780089,0.5102560013532637,0.5144303888082505,0.5900518675107674,72.36474514007568,"{""max_width"": ""32"", ""min_width"": ""0"", ""num_rows"": ""2097152"", ""workload"": ""variable""}"
optimized,pr-workload,sorted_order_strings_workload,Device=0 min_width=0 max_width=64 num_rows=2097152 workload=variable,False,False,0.5195280015468599,0.5166351974010467,0.5220703959465027,0.6446651110918411,72.36474514007568,"{""max_width"": ""64"", ""min_width"": ""0"", ""num_rows"": ""2097152"", ""workload"": ""variable""}"
optimized,pr-workload,sorted_order_strings_workload,Device=0 min_width=0 max_width=128 num_rows=2097152 workload=variable,False,False,0.534351998567581,0.5308800011873244,0.5350752025842667,0.7619060959566342,72.36474514007568,"{""max_width"": ""128"", ""min_width"": ""0"", ""num_rows"": ""2097152"", ""workload"": ""variable""}"
optimized,pr-workload,sorted_order_strings_workload,Device=0 min_width=0 max_width=256 num_rows=2097152 workload=variable,False,False,0.5294400066137315,0.5285120069980621,0.5305552005767822,0.8441676871872736,72.36474514007568,"{""max_width"": ""256"", ""min_width"": ""0"", ""num_rows"": ""2097152"", ""workload"": ""variable""}"
pr2-p32-c4096,segments,sorted_order_strings_segments,Device=0 num_rows=32768 shared_suffix=0 segment_profile=singletons,False,False,0.1888528011739254,0.1877840004861355,0.18917439952492715,2.043989919381714,1.2331562042236328,"{""num_rows"": ""32768"", ""segment_profile"": ""singletons"", ""shared_suffix"": ""0""}"
pr2-p32-c4096,segments,sorted_order_strings_segments,Device=0 num_rows=2097152 shared_suffix=0 segment_profile=singletons,False,False,0.3940192013978958,0.3937935993075371,0.6201311886310579,162.00131453347865,78.37268257141113,"{""num_rows"": ""2097152"", ""segment_profile"": ""singletons"", ""shared_suffix"": ""0""}"
pr2-p32-c4096,segments,sorted_order_strings_segments,Device=0 num_rows=32768 shared_suffix=64 segment_profile=singletons,False,False,0.2234655983746052,0.22277599871158602,0.2238560013473034,1.3640690116824141,1.2331562042236328,"{""num_rows"": ""32768"", ""segment_profile"": ""singletons"", ""shared_suffix"": ""64""}"
pr2-p32-c4096,segments,sorted_order_strings_segments,Device=0 num_rows=2097152 shared_suffix=64 segment_profile=singletons,False,False,0.47643679976463305,0.4748448029160498,0.47903999686241155,0.7148372711433332,78.37268257141113,"{""num_rows"": ""2097152"", ""segment_profile"": ""singletons"", ""shared_suffix"": ""64""}"
pr2-p32-c4096,segments,sorted_order_strings_segments,Device=0 num_rows=32768 shared_suffix=0 segment_profile=pairs,False,False,0.5337264031171799,0.5329695940017701,0.5350048065185548,0.6613253230407018,1.6567440032958984,"{""num_rows"": ""32768"", ""segment_profile"": ""pairs"", ""shared_suffix"": ""0""}"
pr2-p32-c4096,segments,sorted_order_strings_segments,Device=0 num_rows=2097152 shared_suffix=0 segment_profile=pairs,False,False,13.697628784179688,13.691433620452882,13.719462347030639,0.0932138368066626,106.0081844329834,"{""num_rows"": ""2097152"", ""segment_profile"": ""pairs"", ""shared_suffix"": ""0""}"
pr2-p32-c4096,segments,sorted_order_strings_segments,Device=0 num_rows=32768 shared_suffix=64 segment_profile=pairs,False,False,0.7161488026380539,0.7125424027442931,0.7230255991220474,0.9016399049116521,1.6567440032958984,"{""num_rows"": ""32768"", ""segment_profile"": ""pairs"", ""shared_suffix"": ""64""}"
pr2-p32-c4096,segments,sorted_order_strings_segments,Device=0 num_rows=2097152 shared_suffix=64 segment_profile=pairs,False,False,25.001267337799078,24.993132591247555,25.01161937713623,0.04623675294524386,106.0081844329834,"{""num_rows"": ""2097152"", ""segment_profile"": ""pairs"", ""shared_suffix"": ""64""}"
pr2-p32-c4096,segments,sorted_order_strings_segments,Device=0 num_rows=32768 shared_suffix=0 segment_profile=tiny4,False,False,0.4811456009745597,0.47243519872426987,0.48358880281448363,4.706956921436855,1.5004940032958984,"{""num_rows"": ""32768"", ""segment_profile"": ""tiny4"", ""shared_suffix"": ""0""}"
pr2-p32-c4096,segments,sorted_order_strings_segments,Device=0 num_rows=2097152 shared_suffix=0 segment_profile=tiny4,False,False,8.839132833480836,8.836052799224852,8.845084810256958,0.07293895240224976,96.0081844329834,"{""num_rows"": ""2097152"", ""segment_profile"": ""tiny4"", ""shared_suffix"": ""0""}"
pr2-p32-c4096,segments,sorted_order_strings_segments,Device=0 num_rows=32768 shared_suffix=64 segment_profile=tiny4,False,False,0.7237632006406783,0.7216191977262497,0.7299136042594911,0.8137350426978653,1.5004940032958984,"{""num_rows"": ""32768"", ""segment_profile"": ""tiny4"", ""shared_suffix"": ""64""}"
pr2-p32-c4096,segments,sorted_order_strings_segments,Device=0 num_rows=2097152 shared_suffix=64 segment_profile=tiny4,False,False,23.63911838531494,23.637215995788573,23.647142314910887,0.039295802199866066,96.0081844329834,"{""num_rows"": ""2097152"", ""segment_profile"": ""tiny4"", ""shared_suffix"": ""64""}"
pr2-p32-c4096,segments,sorted_order_strings_segments,Device=0 num_rows=32768 shared_suffix=0 segment_profile=tiny8,False,False,0.36458079963922496,0.3633936002850532,0.36793600022792816,5.257007020037439,1.4223690032958984,"{""num_rows"": ""32768"", ""segment_profile"": ""tiny8"", ""shared_suffix"": ""0""}"
pr2-p32-c4096,segments,sorted_order_strings_segments,Device=0 num_rows=2097152 shared_suffix=0 segment_profile=tiny8,False,False,5.892409634590149,5.889843273162842,5.900217604637145,0.08473469092778642,91.0081844329834,"{""num_rows"": ""2097152"", ""segment_profile"": ""tiny8"", ""shared_suffix"": ""0""}"
pr2-p32-c4096,segments,sorted_order_strings_segments,Device=0 num_rows=32768 shared_suffix=64 segment_profile=tiny8,False,False,0.6210127979516982,0.6209680050611496,0.6251856029033661,1.012128885656829,1.4223690032958984,"{""num_rows"": ""32768"", ""segment_profile"": ""tiny8"", ""shared_suffix"": ""64""}"
pr2-p32-c4096,segments,sorted_order_strings_segments,Device=0 num_rows=2097152 shared_suffix=64 segment_profile=tiny8,False,False,21.043606376647944,21.03972311019897,21.062371444702148,0.119985849797447,91.0081844329834,"{""num_rows"": ""2097152"", ""segment_profile"": ""tiny8"", ""shared_suffix"": ""64""}"
pr2-p32-c4096,segments,sorted_order_strings_segments,Device=0 num_rows=32768 shared_suffix=0 segment_profile=tiny16,False,False,0.34350079745054246,0.3422896012663842,0.3492415964603424,2.182304933852082,1.3833065032958984,"{""num_rows"": ""32768"", ""segment_profile"": ""tiny16"", ""shared_suffix"": ""0""}"
pr2-p32-c4096,segments,sorted_order_strings_segments,Device=0 num_rows=2097152 shared_suffix=0 segment_profile=tiny16,False,False,4.203507208824158,4.199956846237183,4.209180831909179,0.15771002969451653,88.5081844329834,"{""num_rows"": ""2097152"", ""segment_profile"": ""tiny16"", ""shared_suffix"": ""0""}"
pr2-p32-c4096,segments,sorted_order_strings_segments,Device=0 num_rows=32768 shared_suffix=64 segment_profile=tiny16,False,False,0.5806976020336151,0.5795952022075653,0.5836831986904144,2.122560375074445,1.3833065032958984,"{""num_rows"": ""32768"", ""segment_profile"": ""tiny16"", ""shared_suffix"": ""64""}"
pr2-p32-c4096,segments,sorted_order_strings_segments,Device=0 num_rows=2097152 shared_suffix=64 segment_profile=tiny16,False,False,17.55938873291016,17.556278610229494,17.57162876129151,0.04753432086158042,88.5081844329834,"{""num_rows"": ""2097152"", ""segment_profile"": ""tiny16"", ""shared_suffix"": ""64""}"
pr2-p32-c4096,segments,sorted_order_strings_segments,Device=0 num_rows=32768 shared_suffix=0 segment_profile=tiny32,False,False,0.3321839973330498,0.33111199885606774,0.334169602394104,1.9851367977417784,1.3637752532958984,"{""num_rows"": ""32768"", ""segment_profile"": ""tiny32"", ""shared_suffix"": ""0""}"
pr2-p32-c4096,segments,sorted_order_strings_segments,Device=0 num_rows=2097152 shared_suffix=0 segment_profile=tiny32,False,False,3.111303985118866,3.108673620223999,3.118584001064301,0.19814172793806806,87.2581844329834,"{""num_rows"": ""2097152"", ""segment_profile"": ""tiny32"", ""shared_suffix"": ""0""}"
pr2-p32-c4096,segments,sorted_order_strings_segments,Device=0 num_rows=32768 shared_suffix=64 segment_profile=tiny32,False,False,0.5332463890314104,0.5314336001873016,0.5379039973020554,1.5576425252464352,1.3637752532958984,"{""num_rows"": ""32768"", ""segment_profile"": ""tiny32"", ""shared_suffix"": ""64""}"
pr2-p32-c4096,segments,sorted_order_strings_segments,Device=0 num_rows=2097152 shared_suffix=64 segment_profile=tiny32,False,False,13.865574407577515,13.863761520385745,13.870759963989256,0.050767717373148405,87.2581844329834,"{""num_rows"": ""2097152"", ""segment_profile"": ""tiny32"", ""shared_suffix"": ""64""}"
pr2-p32-c4096,segments,sorted_order_strings_segments,Device=0 num_rows=32768 shared_suffix=0 segment_profile=block256,False,False,0.36461919844150537,0.3645791992545128,0.36745119988918307,2.2343665758331124,1.3583993911743164,"{""num_rows"": ""32768"", ""segment_profile"": ""block256"", ""shared_suffix"": ""0""}"
pr2-p32-c4096,segments,sorted_order_strings_segments,Device=0 num_rows=2097152 shared_suffix=0 segment_profile=block256,False,False,1.8932896137237545,1.8926271915435793,1.8975008070468904,0.35392148965255577,86.37292575836182,"{""num_rows"": ""2097152"", ""segment_profile"": ""block256"", ""shared_suffix"": ""0""}"
pr2-p32-c4096,segments,sorted_order_strings_segments,Device=0 num_rows=32768 shared_suffix=64 segment_profile=block256,False,False,0.6755456000566482,0.6739504098892211,0.6757856041193009,1.8218067307591286,1.3583993911743164,"{""num_rows"": ""32768"", ""segment_profile"": ""block256"", ""shared_suffix"": ""64""}"
pr2-p32-c4096,segments,sorted_order_strings_segments,Device=0 num_rows=2097152 shared_suffix=64 segment_profile=block256,False,False,10.82337121963501,10.813974332809446,10.824420785903934,0.23131704870456601,86.37292575836182,"{""num_rows"": ""2097152"", ""segment_profile"": ""block256"", ""shared_suffix"": ""64""}"
pr2-p32-c4096,segments,sorted_order_strings_segments,Device=0 num_rows=32768 shared_suffix=0 segment_profile=logarithmic,False,False,0.6692943990230559,0.666862404346466,0.6751423984766005,1.6378957070193905,1.444742202758789,"{""num_rows"": ""32768"", ""segment_profile"": ""logarithmic"", ""shared_suffix"": ""0""}"
pr2-p32-c4096,segments,sorted_order_strings_segments,Device=0 num_rows=2097152 shared_suffix=0 segment_profile=logarithmic,False,False,5.518988752365113,5.5100239515304565,5.522563242912291,0.25849427727909674,92.43879127502441,"{""num_rows"": ""2097152"", ""segment_profile"": ""logarithmic"", ""shared_suffix"": ""0""}"
pr2-p32-c4096,segments,sorted_order_strings_segments,Device=0 num_rows=32768 shared_suffix=64 segment_profile=logarithmic,False,False,2.5265488028526306,2.5240176081657406,2.5562304019927975,5.9467767699145195,1.444742202758789,"{""num_rows"": ""32768"", ""segment_profile"": ""logarithmic"", ""shared_suffix"": ""64""}"
pr2-p32-c4096,segments,sorted_order_strings_segments,Device=0 num_rows=2097152 shared_suffix=64 segment_profile=logarithmic,False,False,13.279030513763429,13.270678281784058,13.334431982040405,1.8472366047645497,92.43879127502441,"{""num_rows"": ""2097152"", ""segment_profile"": ""logarithmic"", ""shared_suffix"": ""64""}"
pr2-p32-c4096,segments,sorted_order_strings_segments,Device=0 num_rows=32768 shared_suffix=0 segment_profile=tiny_plus_giant,False,False,0.4098783984780311,0.4078447982668877,0.41056479960680015,1.8535160710514573,1.3619632720947266,"{""num_rows"": ""32768"", ""segment_profile"": ""tiny_plus_giant"", ""shared_suffix"": ""0""}"
pr2-p32-c4096,segments,sorted_order_strings_segments,Device=0 num_rows=2097152 shared_suffix=0 segment_profile=tiny_plus_giant,False,False,5.17040638923645,5.169558405876161,5.180136036872862,0.19773167865654098,87.32393074035645,"{""num_rows"": ""2097152"", ""segment_profile"": ""tiny_plus_giant"", ""shared_suffix"": ""0""}"
pr2-p32-c4096,segments,sorted_order_strings_segments,Device=0 num_rows=32768 shared_suffix=64 segment_profile=tiny_plus_giant,False,False,1.2862352013587948,1.28335040807724,1.2894832074642184,1.2625469663055033,1.3619632720947266,"{""num_rows"": ""32768"", ""segment_profile"": ""tiny_plus_giant"", ""shared_suffix"": ""64""}"
pr2-p32-c4096,segments,sorted_order_strings_segments,Device=0 num_rows=2097152 shared_suffix=64 segment_profile=tiny_plus_giant,False,False,24.81443347930908,24.81218566894531,24.820846462249765,0.09948347471335985,87.32393074035645,"{""num_rows"": ""2097152"", ""segment_profile"": ""tiny_plus_giant"", ""shared_suffix"": ""64""}"
pr2-p32-c4096,segments,sorted_order_strings_segments,Device=0 num_rows=32768 shared_suffix=0 segment_profile=hot90,False,False,0.8410543978214264,0.8404720067977905,0.8468159973621366,0.5206145290709366,1.4971752166748047,"{""num_rows"": ""32768"", ""segment_profile"": ""hot90"", ""shared_suffix"": ""0""}"
pr2-p32-c4096,segments,sorted_order_strings_segments,Device=0 num_rows=2097152 shared_suffix=0 segment_profile=hot90,False,False,22.82137126922608,22.81714086532593,22.827503871917727,0.08199960068318198,86.37292575836182,"{""num_rows"": ""2097152"", ""segment_profile"": ""hot90"", ""shared_suffix"": ""0""}"
pr2-p32-c4096,segments,sorted_order_strings_segments,Device=0 num_rows=32768 shared_suffix=64 segment_profile=hot90,False,False,2.899078381061554,2.8843935847282416,2.9014784097671504,0.5845800766072545,1.4971752166748047,"{""num_rows"": ""32768"", ""segment_profile"": ""hot90"", ""shared_suffix"": ""64""}"
pr2-p32-c4096,segments,sorted_order_strings_segments,Device=0 num_rows=2097152 shared_suffix=64 segment_profile=hot90,False,False,138.23621292114257,138.23251724243164,138.24801712036134,0.02485928201833758,86.37292575836182,"{""num_rows"": ""2097152"", ""segment_profile"": ""hot90"", ""shared_suffix"": ""64""}"
pr2-p32-c4096,segments,sorted_order_strings_segments,Device=0 num_rows=32768 shared_suffix=0 segment_profile=few_giants,False,False,0.3717695966362953,0.37145440131425855,0.37474240362644184,1.0451473813012666,1.3614864349365234,"{""num_rows"": ""32768"", ""segment_profile"": ""few_giants"", ""shared_suffix"": ""0""}"
pr2-p32-c4096,segments,sorted_order_strings_segments,Device=0 num_rows=2097152 shared_suffix=0 segment_profile=few_giants,False,False,4.168956756591798,4.166232013702392,4.172263979911804,0.2206814279534491,88.38283348083496,"{""num_rows"": ""2097152"", ""segment_profile"": ""few_giants"", ""shared_suffix"": ""0""}"
pr2-p32-c4096,segments,sorted_order_strings_segments,Device=0 num_rows=32768 shared_suffix=64 segment_profile=few_giants,False,False,0.8786416023969651,0.877596801519394,0.8799471944570543,0.8988455524481316,1.3614864349365234,"{""num_rows"": ""32768"", ""segment_profile"": ""few_giants"", ""shared_suffix"": ""64""}"
pr2-p32-c4096,segments,sorted_order_strings_segments,Device=0 num_rows=2097152 shared_suffix=64 segment_profile=few_giants,False,False,16.028870391845704,16.006371212005615,16.041236972808832,0.19073449455548414,88.38283348083496,"{""num_rows"": ""2097152"", ""segment_profile"": ""few_giants"", ""shared_suffix"": ""64""}"
pr2-p32-c4096,segments,sorted_order_strings_segments,Device=0 num_rows=32768 shared_suffix=0 segment_profile=one_segment,False,False,0.8508960008621215,0.848569604754448,0.8573312014341355,0.697428780510774,1.504232406616211,"{""num_rows"": ""32768"", ""segment_profile"": ""one_segment"", ""shared_suffix"": ""0""}"
pr2-p32-c4096,segments,sorted_order_strings_segments,Device=0 num_rows=2097152 shared_suffix=0 segment_profile=one_segment,False,False,25.18254079818725,25.17860813140869,25.184027099609374,0.04977029691283605,86.37292575836182,"{""num_rows"": ""2097152"", ""segment_profile"": ""one_segment"", ""shared_suffix"": ""0""}"
pr2-p32-c4096,segments,sorted_order_strings_segments,Device=0 num_rows=32768 shared_suffix=64 segment_profile=one_segment,False,False,2.959599995613098,2.9520543932914736,2.9727504014968873,2.7915677240425607,1.504232406616211,"{""num_rows"": ""32768"", ""segment_profile"": ""one_segment"", ""shared_suffix"": ""64""}"
pr2-p32-c4096,segments,sorted_order_strings_segments,Device=0 num_rows=2097152 shared_suffix=64 segment_profile=one_segment,False,False,154.51360702514648,154.5031303405762,154.52331237792967,0.051640457557448755,86.37292575836182,"{""num_rows"": ""2097152"", ""segment_profile"": ""one_segment"", ""shared_suffix"": ""64""}"
pr1-p32-c512,constant,sorted_order_strings_prefixes,Device=0 num_rows=262144 prefix_width=32 suffix_width=0 prefix_cardinality=1,False,False,4.622503995895385,4.61757116317749,4.6269391775131234,0.9533632727148429,9.81140422821045,"{""num_rows"": ""262144"", ""prefix_cardinality"": ""1"", ""prefix_width"": ""32"", ""suffix_width"": ""0""}"
pr1-p32-c512,constant,sorted_order_strings_prefixes,Device=0 num_rows=2097152 prefix_width=32 suffix_width=0 prefix_cardinality=1,False,False,49.777102279663076,49.775142478942875,49.833001708984376,0.274922938631589,78.42761516571045,"{""num_rows"": ""2097152"", ""prefix_cardinality"": ""1"", ""prefix_width"": ""32"", ""suffix_width"": ""0""}"
prefix,pr-diagnostics,sorted_order_strings_segmented_diagnostics,Device=0 num_rows=262144 profile=finish_257,False,False,0.4850687980651856,0.483107203245163,0.48681919872760787,0.2563969184644745,4.00056266784668,"{""num_rows"": ""262144"", ""profile"": ""finish_257""}"
prefix,pr-diagnostics,sorted_order_strings_segmented_diagnostics,Device=0 num_rows=2097152 profile=finish_257,False,False,0.7818783998489379,0.7788015961647033,0.7828368008136749,0.7340333449929548,32.00227165222168,"{""num_rows"": ""2097152"", ""profile"": ""finish_257""}"
prefix,pr-diagnostics,sorted_order_strings_segmented_diagnostics,Device=0 num_rows=262144 profile=finish_1024,False,False,0.6037184000015258,0.6017296016216278,0.605264002084732,0.2105008543236311,4.00056266784668,"{""num_rows"": ""262144"", ""profile"": ""finish_1024""}"
prefix,pr-diagnostics,sorted_order_strings_segmented_diagnostics,Device=0 num_rows=2097152 profile=finish_1024,False,False,0.9257488071918489,0.9242000013589858,0.9258079975843428,0.6521143380695595,32.00227165222168,"{""num_rows"": ""2097152"", ""profile"": ""finish_1024""}"
prefix,pr-diagnostics,sorted_order_strings_segmented_diagnostics,Device=0 num_rows=262144 profile=finish_4096,False,False,0.919129601120949,0.909224009513855,0.9218896031379699,1.1570146986689158,4.00056266784668,"{""num_rows"": ""262144"", ""profile"": ""finish_4096""}"
prefix,pr-diagnostics,sorted_order_strings_segmented_diagnostics,Device=0 num_rows=2097152 profile=finish_4096,False,False,1.2265696048736572,1.2264751970767975,1.232313597202301,0.879007948082473,32.00227165222168,"{""num_rows"": ""2097152"", ""profile"": ""finish_4096""}"
prefix,pr-diagnostics,sorted_order_strings_segmented_diagnostics,Device=0 num_rows=262144 profile=active_50,False,False,0.6395855993032455,0.6384303957223891,0.6399423897266387,0.9002909495898591,4.00056266784668,"{""num_rows"": ""262144"", ""profile"": ""active_50""}"
prefix,pr-diagnostics,sorted_order_strings_segmented_diagnostics,Device=0 num_rows=2097152 profile=active_50,False,False,1.375518399477005,1.3720511972904204,1.3803632020950318,0.682074409241238,32.00227165222168,"{""num_rows"": ""2097152"", ""profile"": ""active_50""}"
prefix,pr-diagnostics,sorted_order_strings_segmented_diagnostics,Device=0 num_rows=262144 profile=active_10,False,False,0.5495648056268693,0.5486368060112001,0.55280319750309,0.9769236121320801,4.00056266784668,"{""num_rows"": ""262144"", ""profile"": ""active_10""}"
prefix,pr-diagnostics,sorted_order_strings_segmented_diagnostics,Device=0 num_rows=2097152 profile=active_10,False,False,0.9280239999294282,0.9269072026014327,0.9297920018434526,0.544937588608778,32.00227165222168,"{""num_rows"": ""2097152"", ""profile"": ""active_10""}"
prefix,pr-diagnostics,sorted_order_strings_segmented_diagnostics,Device=0 num_rows=262144 profile=active_1,False,False,0.3335631996393204,0.33245759904384614,0.3357360020279883,1.2234371191125,4.00056266784668,"{""num_rows"": ""262144"", ""profile"": ""active_1""}"
prefix,pr-diagnostics,sorted_order_strings_segmented_diagnostics,Device=0 num_rows=2097152 profile=active_1,False,False,0.8166879951953887,0.8140111982822419,0.8169279962778091,0.738877093750602,32.00227165222168,"{""num_rows"": ""2097152"", ""profile"": ""active_1""}"
prefix,pr-diagnostics,sorted_order_strings_segmented_diagnostics,Device=0 num_rows=262144 profile=active_0_1,False,False,0.2787935972213745,0.2786096051335335,0.2801167994737626,0.371918847299716,4.00056266784668,"{""num_rows"": ""262144"", ""profile"": ""active_0_1""}"
prefix,pr-diagnostics,sorted_order_strings_segmented_diagnostics,Device=0 num_rows=2097152 profile=active_0_1,False,False,0.6450352042913435,0.642507201433182,0.6453247994184493,0.5875145311432376,32.00227165222168,"{""num_rows"": ""2097152"", ""profile"": ""active_0_1""}"
prefix,pr-diagnostics,sorted_order_strings_segmented_diagnostics,Device=0 num_rows=262144 profile=duplicates_6,False,False,0.2915472000837326,0.29151999950408936,0.2926048025488854,0.5282503822254118,4.00056266784668,"{""num_rows"": ""262144"", ""profile"": ""duplicates_6""}"
prefix,pr-diagnostics,sorted_order_strings_segmented_diagnostics,Device=0 num_rows=2097152 profile=duplicates_6,False,False,0.9017743945121766,0.9016992062330247,0.9028031915426256,0.48299210675552434,32.00227165222168,"{""num_rows"": ""2097152"", ""profile"": ""duplicates_6""}"
prefix,pr-diagnostics,sorted_order_strings_segmented_diagnostics,Device=0 num_rows=262144 profile=duplicates_8,False,False,0.29180160015821455,0.29155360013246534,0.29268640130758283,0.6756716456402906,4.00056266784668,"{""num_rows"": ""262144"", ""profile"": ""duplicates_8""}"
prefix,pr-diagnostics,sorted_order_strings_segmented_diagnostics,Device=0 num_rows=2097152 profile=duplicates_8,False,False,0.9008287996053697,0.9001231998205184,0.9008991986513137,0.4920832343342486,32.00227165222168,"{""num_rows"": ""2097152"", ""profile"": ""duplicates_8""}"
prefix,pr-diagnostics,sorted_order_strings_segmented_diagnostics,Device=0 num_rows=262144 profile=duplicates_12,False,False,0.4529264003038406,0.45213440358638757,0.45299679785966873,0.8344307841497013,4.00056266784668,"{""num_rows"": ""262144"", ""profile"": ""duplicates_12""}"
prefix,pr-diagnostics,sorted_order_strings_segmented_diagnostics,Device=0 num_rows=2097152 profile=duplicates_12,False,False,1.5071136057376862,1.5066639959812165,1.508612811565399,0.34996008936953277,32.00227165222168,"{""num_rows"": ""2097152"", ""profile"": ""duplicates_12""}"
prefix,pr-diagnostics,sorted_order_strings_segmented_diagnostics,Device=0 num_rows=262144 profile=duplicates_16,False,False,0.5644960016012192,0.5639743953943253,0.565115201473236,0.5188323895234412,4.00056266784668,"{""num_rows"": ""262144"", ""profile"": ""duplicates_16""}"
prefix,pr-diagnostics,sorted_order_strings_segmented_diagnostics,Device=0 num_rows=2097152 profile=duplicates_16,False,False,1.9426927924156192,1.941775995492935,1.944259214401245,0.2508756423763507,32.00227165222168,"{""num_rows"": ""2097152"", ""profile"": ""duplicates_16""}"
prefix,pr-diagnostics,sorted_order_strings_segmented_diagnostics,Device=0 num_rows=262144 profile=duplicates_24,False,False,0.7895023971796038,0.7893824011087418,0.7921200037002563,0.5241347345536482,4.00056266784668,"{""num_rows"": ""262144"", ""profile"": ""duplicates_24""}"
prefix,pr-diagnostics,sorted_order_strings_segmented_diagnostics,Device=0 num_rows=2097152 profile=duplicates_24,False,False,2.799483203887939,2.793384027481079,2.8009999752044683,0.3746738032433536,32.00227165222168,"{""num_rows"": ""2097152"", ""profile"": ""duplicates_24""}"
prefix,pr-diagnostics,sorted_order_strings_segmented_diagnostics,Device=0 num_rows=262144 profile=duplicates_32,False,False,0.9791391968727108,0.9782287955284118,0.9794063925743101,0.3379080095277342,4.00056266784668,"{""num_rows"": ""262144"", ""profile"": ""duplicates_32""}"
prefix,pr-diagnostics,sorted_order_strings_segmented_diagnostics,Device=0 num_rows=2097152 profile=duplicates_32,False,False,3.5522896051406865,3.5514064073562612,3.55601282119751,0.30213648634230017,32.00227165222168,"{""num_rows"": ""2097152"", ""profile"": ""duplicates_32""}"
prefix,pr-diagnostics,sorted_order_strings_segmented_diagnostics,Device=0 num_rows=262144 profile=rle_misaligned,False,False,2.728600001335144,2.7277360200881957,2.7310624241828916,0.46432783457924043,4.00056266784668,"{""num_rows"": ""262144"", ""profile"": ""rle_misaligned""}"
prefix,pr-diagnostics,sorted_order_strings_segmented_diagnostics,Device=0 num_rows=2097152 profile=rle_misaligned,False,False,13.612857627868651,13.610195255279539,13.619336080551149,0.3869411403056866,32.00227165222168,"{""num_rows"": ""2097152"", ""profile"": ""rle_misaligned""}"
optimized,stable-warps-0,sorted_order_strings_segments,Device=0 num_rows=32768 shared_suffix=0 segment_profile=pairs,True,False,0.15525759831070898,0.1522191986441612,0.1577824011445046,2.1796694116379225,1.1391592025756836,"{""num_rows"": ""32768"", ""segment_profile"": ""pairs"", ""shared_suffix"": ""0""}"
optimized,stable-warps-0,sorted_order_strings_segments,Device=0 num_rows=2097152 shared_suffix=0 segment_profile=pairs,True,False,0.6506608009338378,0.6483055949211121,0.6520336002111433,1.6123417020645279,72.36474514007568,"{""num_rows"": ""2097152"", ""segment_profile"": ""pairs"", ""shared_suffix"": ""0""}"
optimized,stable-warps-0,sorted_order_strings_segments,Device=0 num_rows=32768 shared_suffix=64 segment_profile=pairs,True,False,0.15886560007929804,0.15539520010352134,0.16080479994416236,2.046708251176341,1.1391592025756836,"{""num_rows"": ""32768"", ""segment_profile"": ""pairs"", ""shared_suffix"": ""64""}"
optimized,stable-warps-0,sorted_order_strings_segments,Device=0 num_rows=2097152 shared_suffix=64 segment_profile=pairs,True,False,0.8212207973003389,0.8191472023725511,0.8232432037591937,0.7628547909525046,72.36474514007568,"{""num_rows"": ""2097152"", ""segment_profile"": ""pairs"", ""shared_suffix"": ""64""}"
optimized,stable-warps-0,sorted_order_strings_segments,Device=0 num_rows=32768 shared_suffix=0 segment_profile=tiny4,True,False,0.15540320053696635,0.15504959896206852,0.15583199858665467,1.814167566800447,1.1391592025756836,"{""num_rows"": ""32768"", ""segment_profile"": ""tiny4"", ""shared_suffix"": ""0""}"
optimized,stable-warps-0,sorted_order_strings_segments,Device=0 num_rows=2097152 shared_suffix=0 segment_profile=tiny4,True,False,0.5724000006914138,0.5708415985107421,0.5734335988759993,0.8908316868361275,72.36474514007568,"{""num_rows"": ""2097152"", ""segment_profile"": ""tiny4"", ""shared_suffix"": ""0""}"
optimized,stable-warps-0,sorted_order_strings_segments,Device=0 num_rows=32768 shared_suffix=64 segment_profile=tiny4,True,False,0.16631520092487334,0.166057600826025,0.1670159995555877,1.396810316836472,1.1391592025756836,"{""num_rows"": ""32768"", ""segment_profile"": ""tiny4"", ""shared_suffix"": ""64""}"
optimized,stable-warps-0,sorted_order_strings_segments,Device=0 num_rows=2097152 shared_suffix=64 segment_profile=tiny4,True,False,0.907104003429413,0.9064367979764937,0.9078703939914702,0.6300845759551374,72.36474514007568,"{""num_rows"": ""2097152"", ""segment_profile"": ""tiny4"", ""shared_suffix"": ""64""}"
optimized,stable-warps-0,sorted_order_strings_segments,Device=0 num_rows=32768 shared_suffix=0 segment_profile=tiny8,True,False,0.15737919956445695,0.15611520260572434,0.15780320093035696,1.9983136152758252,1.1391592025756836,"{""num_rows"": ""32768"", ""segment_profile"": ""tiny8"", ""shared_suffix"": ""0""}"
optimized,stable-warps-0,sorted_order_strings_segments,Device=0 num_rows=2097152 shared_suffix=0 segment_profile=tiny8,True,False,0.5777600020170212,0.5749136060476302,0.5806720018386841,0.7596234039387942,72.36474514007568,"{""num_rows"": ""2097152"", ""segment_profile"": ""tiny8"", ""shared_suffix"": ""0""}"
optimized,stable-warps-0,sorted_order_strings_segments,Device=0 num_rows=32768 shared_suffix=64 segment_profile=tiny8,True,False,0.17463999986648562,0.17448000013828277,0.17686879932880403,3.9230529147588107,1.1391592025756836,"{""num_rows"": ""32768"", ""segment_profile"": ""tiny8"", ""shared_suffix"": ""64""}"
optimized,stable-warps-0,sorted_order_strings_segments,Device=0 num_rows=2097152 shared_suffix=64 segment_profile=tiny8,True,False,1.1351983964443206,1.1334911942481993,1.136840009689331,0.460926083412586,72.36474514007568,"{""num_rows"": ""2097152"", ""segment_profile"": ""tiny8"", ""shared_suffix"": ""64""}"
optimized,stable-warps-0,sorted_order_strings_segments,Device=0 num_rows=32768 shared_suffix=0 segment_profile=tiny16,True,False,0.15879519879817963,0.1572608008980751,0.15903840139508243,2.383684644776274,1.1391592025756836,"{""num_rows"": ""32768"", ""segment_profile"": ""tiny16"", ""shared_suffix"": ""0""}"
optimized,stable-warps-0,sorted_order_strings_segments,Device=0 num_rows=2097152 shared_suffix=0 segment_profile=tiny16,True,False,0.6053295969963073,0.603851208090782,0.6056431949138641,0.8902043710376627,72.36474514007568,"{""num_rows"": ""2097152"", ""segment_profile"": ""tiny16"", ""shared_suffix"": ""0""}"
optimized,stable-warps-0,sorted_order_strings_segments,Device=0 num_rows=32768 shared_suffix=64 segment_profile=tiny16,True,False,0.18310879915952677,0.18228480070829395,0.18977919965982437,17.29427302736223,1.1391592025756836,"{""num_rows"": ""32768"", ""segment_profile"": ""tiny16"", ""shared_suffix"": ""64""}"
optimized,stable-warps-0,sorted_order_strings_segments,Device=0 num_rows=2097152 shared_suffix=64 segment_profile=tiny16,True,False,1.3451855838298794,1.3444512009620664,1.3468591928482054,0.3302407154841393,72.36474514007568,"{""num_rows"": ""2097152"", ""segment_profile"": ""tiny16"", ""shared_suffix"": ""64""}"
optimized,stable-warps-0,sorted_order_strings_segments,Device=0 num_rows=32768 shared_suffix=0 segment_profile=tiny32,True,False,0.15977919921278952,0.15938880145549772,0.16276159957051278,3.4858605420428423,1.1391592025756836,"{""num_rows"": ""32768"", ""segment_profile"": ""tiny32"", ""shared_suffix"": ""0""}"
optimized,stable-warps-0,sorted_order_strings_segments,Device=0 num_rows=2097152 shared_suffix=0 segment_profile=tiny32,True,False,0.6576864033937454,0.6567408025264738,0.6578447997570037,0.4999382641003355,72.36474514007568,"{""num_rows"": ""2097152"", ""segment_profile"": ""tiny32"", ""shared_suffix"": ""0""}"
optimized,stable-warps-0,sorted_order_strings_segments,Device=0 num_rows=32768 shared_suffix=64 segment_profile=tiny32,True,False,0.19126400128006932,0.18978400081396107,0.19284000024199485,2.215363604372886,1.1391592025756836,"{""num_rows"": ""32768"", ""segment_profile"": ""tiny32"", ""shared_suffix"": ""64""}"
optimized,stable-warps-0,sorted_order_strings_segments,Device=0 num_rows=2097152 shared_suffix=64 segment_profile=tiny32,True,False,1.6387503981590266,1.637683200836182,1.6406031966209413,0.2932197802469917,72.36474514007568,"{""num_rows"": ""2097152"", ""segment_profile"": ""tiny32"", ""shared_suffix"": ""64""}"
baseline,pr-zero-collisions,sorted_order_strings_segmented_diagnostics,Device=0 num_rows=32768 profile=zero_collision_pass1,False,False,0.21732960194349293,0.20777440145611767,0.21875840127468107,1.4883662703537206,1.1391592025756836,"{""num_rows"": ""32768"", ""profile"": ""zero_collision_pass1""}"
baseline,pr-zero-collisions,sorted_order_strings_segmented_diagnostics,Device=0 num_rows=32768 profile=zero_collision_pass2,False,False,0.29644319564104077,0.2919504031538963,0.29771040081977845,6.4071067339006404,1.1391592025756836,"{""num_rows"": ""32768"", ""profile"": ""zero_collision_pass2""}"
baseline,main,sorted_order_strings,Device=0 min_width=1 max_width=8 num_rows=32768,False,False,0.1635167993605137,0.1626336015760899,0.16430719867348673,1.8964137764933588,1.1391592025756836,"{""max_width"": ""8"", ""min_width"": ""1"", ""num_rows"": ""32768""}"
baseline,main,sorted_order_strings,Device=0 min_width=1 max_width=32 num_rows=32768,False,False,0.19829600006341933,0.19804319962859157,0.20039999932050703,1.449728568592341,1.1391592025756836,"{""max_width"": ""32"", ""min_width"": ""1"", ""num_rows"": ""32768""}"
baseline,main,sorted_order_strings,Device=0 min_width=1 max_width=64 num_rows=32768,False,False,0.23005599826574322,0.22993280068039898,0.2315439999103546,1.0090416886809643,1.1391592025756836,"{""max_width"": ""64"", ""min_width"": ""1"", ""num_rows"": ""32768""}"
baseline,main,sorted_order_strings,Device=0 min_width=1 max_width=128 num_rows=32768,False,False,0.2985920011997223,0.29836480170488355,0.30198880136013034,0.9004196872699087,1.1391592025756836,"{""max_width"": ""128"", ""min_width"": ""1"", ""num_rows"": ""32768""}"
baseline,main,sorted_order_strings,Device=0 min_width=1 max_width=256 num_rows=32768,False,False,0.44410720169544216,0.44060159921646114,0.44769279956817626,4.11017104638904,1.1391592025756836,"{""max_width"": ""256"", ""min_width"": ""1"", ""num_rows"": ""32768""}"
baseline,main,sorted_order_strings,Device=0 min_width=1 max_width=8 num_rows=262144,False,False,0.25732960253953935,0.2555871985852718,0.26100800037384037,1.4542305052967583,9.053221702575684,"{""max_width"": ""8"", ""min_width"": ""1"", ""num_rows"": ""262144""}"
baseline,main,sorted_order_strings,Device=0 min_width=1 max_width=32 num_rows=262144,False,False,0.39343519955873496,0.39287200123071675,0.3956448003649712,0.9859750231563281,9.053221702575684,"{""max_width"": ""32"", ""min_width"": ""1"", ""num_rows"": ""262144""}"
baseline,main,sorted_order_strings,Device=0 min_width=1 max_width=64 num_rows=262144,False,False,0.5328992009162903,0.5317807972431183,0.5350287973880767,1.3099772337176905,9.053221702575684,"{""max_width"": ""64"", ""min_width"": ""1"", ""num_rows"": ""262144""}"
baseline,main,sorted_order_strings,Device=0 min_width=1 max_width=128 num_rows=262144,False,False,0.8639264017343522,0.8548960030078888,0.8661135971546173,2.1463824321980725,9.053221702575684,"{""max_width"": ""128"", ""min_width"": ""1"", ""num_rows"": ""262144""}"
baseline,main,sorted_order_strings,Device=0 min_width=1 max_width=256 num_rows=262144,False,False,1.5596159994602203,1.5366959929466246,1.560566395521164,2.911694971425552,9.053221702575684,"{""max_width"": ""256"", ""min_width"": ""1"", ""num_rows"": ""262144""}"
baseline,main,sorted_order_strings,Device=0 min_width=1 max_width=8 num_rows=2097152,False,False,0.6597743988037109,0.65909920334816,0.6639327973127366,0.6692083192337652,72.36474514007568,"{""max_width"": ""8"", ""min_width"": ""1"", ""num_rows"": ""2097152""}"
baseline,main,sorted_order_strings,Device=0 min_width=1 max_width=32 num_rows=2097152,False,False,1.373193609714508,1.3684336125850678,1.3735007762908935,1.7237185032405,72.36474514007568,"{""max_width"": ""32"", ""min_width"": ""1"", ""num_rows"": ""2097152""}"
baseline,main,sorted_order_strings,Device=0 min_width=1 max_width=64 num_rows=2097152,False,False,2.0826416015625,2.063980782032013,2.0839840054512018,1.815256091561038,72.36474514007568,"{""max_width"": ""64"", ""min_width"": ""1"", ""num_rows"": ""2097152""}"
baseline,main,sorted_order_strings,Device=0 min_width=1 max_width=128 num_rows=2097152,False,False,3.7614640116691587,3.7182832002639783,3.770057582855225,3.541284165468681,72.36474514007568,"{""max_width"": ""128"", ""min_width"": ""1"", ""num_rows"": ""2097152""}"
baseline,main,sorted_order_strings,Device=0 min_width=1 max_width=256 num_rows=2097152,False,False,8.026880025863647,7.979719972610474,8.066260814666748,3.570046596189927,72.36474514007568,"{""max_width"": ""256"", ""min_width"": ""1"", ""num_rows"": ""2097152""}"
baseline,main,sorted_order_strings,Device=0 min_width=1 max_width=8 num_rows=16777216,False,False,4.6929008007049555,4.6894015789031975,4.700331258773804,0.2173065487729897,578.8530263900757,"{""max_width"": ""8"", ""min_width"": ""1"", ""num_rows"": ""16777216""}"
baseline,main,sorted_order_strings,Device=0 min_width=1 max_width=32 num_rows=16777216,False,False,10.390443325042728,10.372462415695189,10.419881534576417,0.9767343526686746,578.8530263900757,"{""max_width"": ""32"", ""min_width"": ""1"", ""num_rows"": ""16777216""}"
baseline,main,sorted_order_strings,Device=0 min_width=1 max_width=64 num_rows=16777216,False,False,15.918524646759032,15.90348949432373,15.960956907272339,0.8079741579408455,578.8530263900757,"{""max_width"": ""64"", ""min_width"": ""1"", ""num_rows"": ""16777216""}"
baseline,main,sorted_order_strings,Device=0 min_width=1 max_width=128 num_rows=16777216,False,False,29.457524967193606,29.369782543182378,29.49720811843872,1.0577758000579045,578.8530263900757,"{""max_width"": ""128"", ""min_width"": ""1"", ""num_rows"": ""16777216""}"
baseline,main,sorted_order_strings,Device=0 min_width=1 max_width=256 num_rows=16777216,False,False,58.86725749969483,58.742593193054205,58.92512207031251,1.071053533893826,578.8530263900757,"{""max_width"": ""256"", ""min_width"": ""1"", ""num_rows"": ""16777216""}"
baseline,main,sorted_order_strings_distribution,Device=0 num_rows=262144 profile=cardinality_1_width_32,False,False,0.007060800003819167,0.006950399931520224,0.00716959999408573,9.03219934802286,1.0,"{""num_rows"": ""262144"", ""profile"": ""cardinality_1_width_32""}"
baseline,main,sorted_order_strings_distribution,Device=0 num_rows=2097152 profile=cardinality_1_width_32,False,False,0.008448000065982342,0.008436800073832275,0.00865119993686676,6.454040368722795,8.0,"{""num_rows"": ""2097152"", ""profile"": ""cardinality_1_width_32""}"
baseline,main,sorted_order_strings_distribution,Device=0 num_rows=262144 profile=cardinality_64_width_128,False,False,0.9940495967864991,0.9928368002176284,0.9945344030857087,2.753233130805682,9.053221702575684,"{""num_rows"": ""262144"", ""profile"": ""cardinality_64_width_128""}"
baseline,main,sorted_order_strings_distribution,Device=0 num_rows=2097152 profile=cardinality_64_width_128,False,False,6.138742423057557,6.120390439033509,6.179635214805604,1.799966265275354,72.36474514007568,"{""num_rows"": ""2097152"", ""profile"": ""cardinality_64_width_128""}"
baseline,main,sorted_order_strings_distribution,Device=0 num_rows=262144 profile=shared_prefix_64,False,False,1.538929605484009,1.5356016039848326,1.5428543984889984,0.697297692295063,9.053221702575684,"{""num_rows"": ""262144"", ""profile"": ""shared_prefix_64""}"
baseline,main,sorted_order_strings_distribution,Device=0 num_rows=2097152 profile=shared_prefix_64,False,False,13.518569612503052,13.511212873458861,13.521843147277831,0.31702033372670246,72.36474514007568,"{""num_rows"": ""2097152"", ""profile"": ""shared_prefix_64""}"
baseline,main,sorted_order_strings_distribution,Device=0 num_rows=262144 profile=variable_128,False,False,0.26265439987182615,0.26007519960403436,0.2660816013813019,1.4913619817035,9.053221702575684,"{""num_rows"": ""262144"", ""profile"": ""variable_128""}"
baseline,main,sorted_order_strings_distribution,Device=0 num_rows=2097152 profile=variable_128,False,False,0.5297696053981782,0.5285136073827744,0.5376544088125229,0.7459931686137108,72.36474514007568,"{""num_rows"": ""2097152"", ""profile"": ""variable_128""}"
baseline,main,sorted_order_strings_nulls,Device=0 num_rows=262144 profile=fixed_8 null_percent=0,False,False,0.18264959976077078,0.1822720006108284,0.187491200119257,2.137196639541316,9.053221702575684,"{""null_percent"": ""0"", ""num_rows"": ""262144"", ""profile"": ""fixed_8""}"
baseline,main,sorted_order_strings_nulls,Device=0 num_rows=2097152 profile=fixed_8 null_percent=0,False,False,0.39015360027551654,0.38901759982109063,0.3948559999465941,1.1333072236018837,72.36474514007568,"{""null_percent"": ""0"", ""num_rows"": ""2097152"", ""profile"": ""fixed_8""}"
baseline,main,sorted_order_strings_nulls,Device=0 num_rows=262144 profile=variable_128 null_percent=0,False,False,0.2588544011116028,0.2569855988025665,0.26529919952154163,1.3959631488360122,9.053221702575684,"{""null_percent"": ""0"", ""num_rows"": ""262144"", ""profile"": ""variable_128""}"
baseline,main,sorted_order_strings_nulls,Device=0 num_rows=2097152 profile=variable_128 null_percent=0,False,False,0.5339567959308624,0.5323967963457107,0.5381167978048323,0.7496877698482434,72.36474514007568,"{""null_percent"": ""0"", ""num_rows"": ""2097152"", ""profile"": ""variable_128""}"
baseline,main,sorted_order_strings_nulls,Device=0 num_rows=262144 profile=fixed_8 null_percent=50,False,False,0.1988176017999649,0.19504319950938226,0.2053823992609978,1.9609565263792526,15.104979515075684,"{""null_percent"": ""50"", ""num_rows"": ""262144"", ""profile"": ""fixed_8""}"
baseline,main,sorted_order_strings_nulls,Device=0 num_rows=2097152 profile=fixed_8 null_percent=50,False,False,0.6237648010253906,0.6226688027381897,0.631128004193306,0.6904054791959312,120.77197170257568,"{""null_percent"": ""50"", ""num_rows"": ""2097152"", ""profile"": ""fixed_8""}"
baseline,main,sorted_order_strings_nulls,Device=0 num_rows=262144 profile=variable_128 null_percent=50,False,False,0.2612559974193573,0.2590752005577087,0.26510720103979113,1.5364689674058387,15.104979515075684,"{""null_percent"": ""50"", ""num_rows"": ""262144"", ""profile"": ""variable_128""}"
baseline,main,sorted_order_strings_nulls,Device=0 num_rows=2097152 profile=variable_128 null_percent=50,False,False,0.7157295942306519,0.7152255982160569,0.721739199757576,0.4983374487564504,120.77197170257568,"{""null_percent"": ""50"", ""num_rows"": ""2097152"", ""profile"": ""variable_128""}"
baseline,main,sorted_order_strings_nulls,Device=0 num_rows=262144 profile=fixed_8 null_percent=100,False,False,0.006625599996186793,0.00655680000782013,0.006644799979403615,4.05746018395597,1.0,"{""null_percent"": ""100"", ""num_rows"": ""262144"", ""profile"": ""fixed_8""}"
baseline,main,sorted_order_strings_nulls,Device=0 num_rows=2097152 profile=fixed_8 null_percent=100,False,False,0.008504000026732683,0.008451199950650334,0.00875840005464852,4.571087239233669,8.0,"{""null_percent"": ""100"", ""num_rows"": ""2097152"", ""profile"": ""fixed_8""}"
baseline,main,sorted_order_strings_nulls,Device=0 num_rows=262144 profile=variable_128 null_percent=100,False,False,0.00658400000538677,0.0065727999433875086,0.007088000024668872,35.949026033252046,1.0,"{""null_percent"": ""100"", ""num_rows"": ""262144"", ""profile"": ""variable_128""}"
baseline,main,sorted_order_strings_nulls,Device=0 num_rows=2097152 profile=variable_128 null_percent=100,False,False,0.00858880002051592,0.008427199907600878,0.00881440001539886,5.204610213886491,8.0,"{""null_percent"": ""100"", ""num_rows"": ""2097152"", ""profile"": ""variable_128""}"
optimized,pr-zero-collisions,sorted_order_strings_segmented_diagnostics,Device=0 num_rows=32768 profile=zero_collision_pass1,False,False,0.2067135997116566,0.20526239946484565,0.20969599857926366,1.3255153214350506,1.1391592025756836,"{""num_rows"": ""32768"", ""profile"": ""zero_collision_pass1""}"
optimized,pr-zero-collisions,sorted_order_strings_segmented_diagnostics,Device=0 num_rows=32768 profile=zero_collision_pass2,False,False,0.284596799314022,0.2835999995470046,0.28588159680366515,1.4042338657697622,1.1391592025756836,"{""num_rows"": ""32768"", ""profile"": ""zero_collision_pass2""}"
prefix,end-to-end,sort_strings_workload,Device=0 min_width=0 max_width=32 num_rows=262144 workload=normal,False,False,1.0865616023540496,1.0855344057083132,1.0889248073101043,1.697418700522197,5.9611005783081055,"{""max_width"": ""32"", ""min_width"": ""0"", ""num_rows"": ""262144"", ""workload"": ""normal""}"
prefix,end-to-end,sort_strings_workload,Device=0 min_width=0 max_width=256 num_rows=262144 workload=normal,False,False,8.761494445800782,8.758086395263673,8.786390399932861,1.0936238484160774,33.687255859375,"{""max_width"": ""256"", ""min_width"": ""0"", ""num_rows"": ""262144"", ""workload"": ""normal""}"
prefix,end-to-end,sort_strings_workload,Device=0 min_width=0 max_width=32 num_rows=2097152 workload=normal,False,False,3.254860782623292,3.253713619709014,3.255803215503692,0.3288407363016934,95.72902488708496,"{""max_width"": ""32"", ""min_width"": ""0"", ""num_rows"": ""2097152"", ""workload"": ""normal""}"
prefix,end-to-end,sort_strings_workload,Device=0 min_width=0 max_width=256 num_rows=2097152 workload=normal,False,False,19.811190509796145,19.802628803253175,19.842359924316405,0.34749630482095384,269.3055658340454,"{""max_width"": ""256"", ""min_width"": ""0"", ""num_rows"": ""2097152"", ""workload"": ""normal""}"
prefix,end-to-end,sort_strings_workload,Device=0 min_width=0 max_width=32 num_rows=262144 workload=duplicates,False,False,1.2317984044551848,1.229574406147003,1.233860796689987,0.49043813068673614,6.077927589416504,"{""max_width"": ""32"", ""min_width"": ""0"", ""num_rows"": ""262144"", ""workload"": ""duplicates""}"
prefix,end-to-end,sort_strings_workload,Device=0 min_width=0 max_width=256 num_rows=262144 workload=duplicates,False,False,10.697492790222167,10.672943925857544,10.706582307815554,0.696280974646244,34.63582420349121,"{""max_width"": ""256"", ""min_width"": ""0"", ""num_rows"": ""262144"", ""workload"": ""duplicates""}"
prefix,end-to-end,sort_strings_workload,Device=0 min_width=0 max_width=32 num_rows=2097152 workload=duplicates,False,False,3.6141663789749146,3.607606387138367,3.6222863793373103,0.5331243338821797,96.68649291992188,"{""max_width"": ""32"", ""min_width"": ""0"", ""num_rows"": ""2097152"", ""workload"": ""duplicates""}"
prefix,end-to-end,sort_strings_workload,Device=0 min_width=0 max_width=256 num_rows=2097152 workload=duplicates,False,False,23.562027263641358,23.555257701873785,23.565654182434084,0.22996511054952226,277.07898902893066,"{""max_width"": ""256"", ""min_width"": ""0"", ""num_rows"": ""2097152"", ""workload"": ""duplicates""}"
prefix,end-to-end,sort_strings_workload,Device=0 min_width=0 max_width=32 num_rows=262144 workload=shared_prefix,False,False,2.421158385276794,2.4201872110366818,2.421822416782379,0.2647351518797007,9.03126335144043,"{""max_width"": ""32"", ""min_width"": ""0"", ""num_rows"": ""262144"", ""workload"": ""shared_prefix""}"
prefix,end-to-end,sort_strings_workload,Device=0 min_width=0 max_width=256 num_rows=262144 workload=shared_prefix,False,False,39.54031066894532,39.53933753967286,39.55168361663817,0.1314228978201409,65.03126335144043,"{""max_width"": ""256"", ""min_width"": ""0"", ""num_rows"": ""262144"", ""workload"": ""shared_prefix""}"
prefix,end-to-end,sort_strings_workload,Device=0 min_width=0 max_width=32 num_rows=2097152 workload=shared_prefix,False,False,19.90061750411988,19.870449447631835,19.915438652038574,0.3803057491115303,120.06652927398682,"{""max_width"": ""32"", ""min_width"": ""0"", ""num_rows"": ""2097152"", ""workload"": ""shared_prefix""}"
prefix,end-to-end,sort_strings_workload,Device=0 min_width=0 max_width=256 num_rows=2097152 workload=shared_prefix,False,False,271.4807037353516,271.4672393798828,271.4905654907226,0.17550769446701958,520.2527341842651,"{""max_width"": ""256"", ""min_width"": ""0"", ""num_rows"": ""2097152"", ""workload"": ""shared_prefix""}"
prefix,end-to-end,sort_strings_workload,Device=0 min_width=0 max_width=32 num_rows=262144 workload=variable,False,False,0.3835632026195527,0.3797728002071381,0.3841184005141258,1.6318790751973393,6.002902030944824,"{""max_width"": ""32"", ""min_width"": ""0"", ""num_rows"": ""262144"", ""workload"": ""variable""}"
prefix,end-to-end,sort_strings_workload,Device=0 min_width=0 max_width=256 num_rows=262144 workload=variable,False,False,0.47046080082654956,0.4702095985412599,0.47210559695959087,0.540207702844473,34.01968002319336,"{""max_width"": ""256"", ""min_width"": ""0"", ""num_rows"": ""262144"", ""workload"": ""variable""}"
prefix,end-to-end,sort_strings_workload,Device=0 min_width=0 max_width=32 num_rows=2097152 workload=variable,False,False,1.4994880020618437,1.4979391992092133,1.5058320045471192,1.5449543865438586,96.05874729156494,"{""max_width"": ""32"", ""min_width"": ""0"", ""num_rows"": ""2097152"", ""workload"": ""variable""}"
prefix,end-to-end,sort_strings_workload,Device=0 min_width=0 max_width=256 num_rows=2097152 workload=variable,False,False,1.8005408048629759,1.800230395793915,1.8027631998062135,0.41954085845002487,272.17790508270264,"{""max_width"": ""256"", ""min_width"": ""0"", ""num_rows"": ""2097152"", ""workload"": ""variable""}"
pr1-p32-c512,target,sorted_order_strings_cardinality,Device=0 num_rows=262144 max_width=32 cardinality=1,False,False,0.007079999987035989,0.0068031999748200175,0.007521600043401122,15.137255392804857,1.0,"{""cardinality"": ""1"", ""max_width"": ""32"", ""num_rows"": ""262144""}"
pr1-p32-c512,target,sorted_order_strings_cardinality,Device=0 num_rows=2097152 max_width=32 cardinality=1,False,False,0.008391999965533614,0.00839040018618107,0.008801600057631729,9.163180370646701,8.0,"{""cardinality"": ""1"", ""max_width"": ""32"", ""num_rows"": ""2097152""}"
pr1-p32-c512,target,sorted_order_strings_cardinality,Device=0 num_rows=262144 max_width=128 cardinality=1,False,False,19.52354860305786,19.49930553436279,19.52393274307251,2.691958904269185,9.81140422821045,"{""cardinality"": ""1"", ""max_width"": ""128"", ""num_rows"": ""262144""}"
pr1-p32-c512,target,sorted_order_strings_cardinality,Device=0 num_rows=2097152 max_width=128 cardinality=1,False,False,213.60600585937502,213.60020599365237,213.60620956420897,0.023148255560754553,78.42761516571045,"{""cardinality"": ""1"", ""max_width"": ""128"", ""num_rows"": ""2097152""}"
pr1-p32-c512,target,sorted_order_strings_cardinality,Device=0 num_rows=262144 max_width=32 cardinality=64,False,False,0.737009596824646,0.7326239913702011,0.7387712031602861,1.1682489125525795,10.811402320861816,"{""cardinality"": ""64"", ""max_width"": ""32"", ""num_rows"": ""262144""}"
pr1-p32-c512,target,sorted_order_strings_cardinality,Device=0 num_rows=2097152 max_width=32 cardinality=64,False,False,1.716539204120636,1.715649592876434,1.7208399891853337,0.5835593654075264,86.42761325836182,"{""cardinality"": ""64"", ""max_width"": ""32"", ""num_rows"": ""2097152""}"
pr1-p32-c512,target,sorted_order_strings_cardinality,Device=0 num_rows=262144 max_width=128 cardinality=64,False,False,2.389942395687103,2.3785599946975715,2.4011743783950803,0.7831044234005793,10.811402320861816,"{""cardinality"": ""64"", ""max_width"": ""128"", ""num_rows"": ""262144""}"
pr1-p32-c512,target,sorted_order_strings_cardinality,Device=0 num_rows=2097152 max_width=128 cardinality=64,False,False,7.008004808425904,6.98951997756958,7.018680024147035,0.6245114682042968,86.42761325836182,"{""cardinality"": ""64"", ""max_width"": ""128"", ""num_rows"": ""2097152""}"
pr1-p32-c512,target,sorted_order_strings_cardinality,Device=0 num_rows=262144 max_width=32 cardinality=0,False,False,0.3436048001050949,0.34285439252853395,0.3442368000745773,1.1967425117924557,10.811402320861816,"{""cardinality"": ""0"", ""max_width"": ""32"", ""num_rows"": ""262144""}"
pr1-p32-c512,target,sorted_order_strings_cardinality,Device=0 num_rows=2097152 max_width=32 cardinality=0,False,False,0.8382080018520356,0.8372607946395872,0.8436112016439437,0.5295096281421033,86.42761325836182,"{""cardinality"": ""0"", ""max_width"": ""32"", ""num_rows"": ""2097152""}"
pr1-p32-c512,target,sorted_order_strings_cardinality,Device=0 num_rows=262144 max_width=128 cardinality=0,False,False,0.3652047991752625,0.3647727981209755,0.3663168013095856,1.390205941734068,10.811402320861816,"{""cardinality"": ""0"", ""max_width"": ""128"", ""num_rows"": ""262144""}"
pr1-p32-c512,target,sorted_order_strings_cardinality,Device=0 num_rows=2097152 max_width=128 cardinality=0,False,False,0.7894672036170959,0.7886223971843718,0.7904223948717117,1.834387253518042,86.42761325836182,"{""cardinality"": ""0"", ""max_width"": ""128"", ""num_rows"": ""2097152""}"
pr1-p32-c512,target,sorted_order_strings_prefixes,Device=0 num_rows=262144 prefix_width=4 suffix_width=32 prefix_cardinality=1,False,False,0.3534975990653038,0.35143199861049645,0.35522719472646713,1.0595376677774,10.823320388793945,"{""num_rows"": ""262144"", ""prefix_cardinality"": ""1"", ""prefix_width"": ""4"", ""suffix_width"": ""32""}"
pr1-p32-c512,target,sorted_order_strings_prefixes,Device=0 num_rows=2097152 prefix_width=4 suffix_width=32 prefix_cardinality=1,False,False,1.179710394144058,1.1775551974773408,1.1807375967502596,0.38821732186412444,86.90658760070801,"{""num_rows"": ""2097152"", ""prefix_cardinality"": ""1"", ""prefix_width"": ""4"", ""suffix_width"": ""32""}"
pr1-p32-c512,target,sorted_order_strings_prefixes,Device=0 num_rows=262144 prefix_width=8 suffix_width=32 prefix_cardinality=1,False,False,4.027628803253173,4.025579166412354,4.0285071849823,0.15798283476905112,10.811402320861816,"{""num_rows"": ""262144"", ""prefix_cardinality"": ""1"", ""prefix_width"": ""8"", ""suffix_width"": ""32""}"
pr1-p32-c512,target,sorted_order_strings_prefixes,Device=0 num_rows=2097152 prefix_width=8 suffix_width=32 prefix_cardinality=1,False,False,34.50513286590576,34.5008113861084,34.50732955932617,0.03733094357654469,86.42761325836182,"{""num_rows"": ""2097152"", ""prefix_cardinality"": ""1"", ""prefix_width"": ""8"", ""suffix_width"": ""32""}"
pr1-p32-c512,target,sorted_order_strings_prefixes,Device=0 num_rows=262144 prefix_width=10 suffix_width=32 prefix_cardinality=1,False,False,3.430945587158203,3.429932796955109,3.4353200078010557,0.22085561274403806,10.811402320861816,"{""num_rows"": ""262144"", ""prefix_cardinality"": ""1"", ""prefix_width"": ""10"", ""suffix_width"": ""32""}"
pr1-p32-c512,target,sorted_order_strings_prefixes,Device=0 num_rows=2097152 prefix_width=10 suffix_width=32 prefix_cardinality=1,False,False,29.877830410003657,29.87555351257324,29.8821231842041,0.04542742336460916,86.45393562316895,"{""num_rows"": ""2097152"", ""prefix_cardinality"": ""1"", ""prefix_width"": ""10"", ""suffix_width"": ""32""}"
pr1-p32-c512,target,sorted_order_strings_prefixes,Device=0 num_rows=262144 prefix_width=11 suffix_width=32 prefix_cardinality=1,False,False,3.2379600286483767,3.2331391930580136,3.2404031991958617,0.7200210863164529,10.812276840209961,"{""num_rows"": ""262144"", ""prefix_cardinality"": ""1"", ""prefix_width"": ""11"", ""suffix_width"": ""32""}"
pr1-p32-c512,target,sorted_order_strings_prefixes,Device=0 num_rows=2097152 prefix_width=11 suffix_width=32 prefix_cardinality=1,False,False,28.383264064788822,28.379614353179935,28.385891246795655,0.041103020585099556,86.49570655822754,"{""num_rows"": ""2097152"", ""prefix_cardinality"": ""1"", ""prefix_width"": ""11"", ""suffix_width"": ""32""}"
pr1-p32-c512,target,sorted_order_strings_prefixes,Device=0 num_rows=262144 prefix_width=12 suffix_width=32 prefix_cardinality=1,False,False,3.0372319936752317,3.0360159516334537,3.039416003227234,0.14788840720148397,10.823320388793945,"{""num_rows"": ""262144"", ""prefix_cardinality"": ""1"", ""prefix_width"": ""12"", ""suffix_width"": ""32""}"
pr1-p32-c512,target,sorted_order_strings_prefixes,Device=0 num_rows=2097152 prefix_width=12 suffix_width=32 prefix_cardinality=1,False,False,27.029492950439455,27.02861270904542,27.030636787414547,0.0355436839124637,86.90658760070801,"{""num_rows"": ""2097152"", ""prefix_cardinality"": ""1"", ""prefix_width"": ""12"", ""suffix_width"": ""32""}"
pr1-p32-c512,target,sorted_order_strings_prefixes,Device=0 num_rows=262144 prefix_width=64 suffix_width=32 prefix_cardinality=1,False,False,14.328284883499146,14.325096035003666,14.330190467834468,0.12600970195005154,10.811402320861816,"{""num_rows"": ""262144"", ""prefix_cardinality"": ""1"", ""prefix_width"": ""64"", ""suffix_width"": ""32""}"
pr1-p32-c512,target,sorted_order_strings_prefixes,Device=0 num_rows=2097152 prefix_width=64 suffix_width=32 prefix_cardinality=1,False,False,150.2156532287598,150.20597076416016,150.21663513183597,0.01647986149094605,86.42761325836182,"{""num_rows"": ""2097152"", ""prefix_cardinality"": ""1"", ""prefix_width"": ""64"", ""suffix_width"": ""32""}"
pr1-p32-c512,target,sorted_order_strings_prefixes,Device=0 num_rows=262144 prefix_width=4 suffix_width=32 prefix_cardinality=64,False,False,0.3357663974165917,0.33399680107831947,0.3391327992081642,1.6604219614943576,10.811402320861816,"{""num_rows"": ""262144"", ""prefix_cardinality"": ""64"", ""prefix_width"": ""4"", ""suffix_width"": ""32""}"
pr1-p32-c512,target,sorted_order_strings_prefixes,Device=0 num_rows=2097152 prefix_width=4 suffix_width=32 prefix_cardinality=64,False,False,0.5923760086297989,0.5920544058084488,0.5962895959615708,3.0410606588253666,86.42761325836182,"{""num_rows"": ""2097152"", ""prefix_cardinality"": ""64"", ""prefix_width"": ""4"", ""suffix_width"": ""32""}"
pr1-p32-c512,target,sorted_order_strings_prefixes,Device=0 num_rows=262144 prefix_width=8 suffix_width=32 prefix_cardinality=64,False,False,0.5469312071800233,0.5456799983978272,0.5512832015752793,1.799585961509587,10.811402320861816,"{""num_rows"": ""262144"", ""prefix_cardinality"": ""64"", ""prefix_width"": ""8"", ""suffix_width"": ""32""}"
pr1-p32-c512,target,sorted_order_strings_prefixes,Device=0 num_rows=2097152 prefix_width=8 suffix_width=32 prefix_cardinality=64,False,False,1.4255823910236356,1.4248239874839783,1.4290736019611363,1.9311058464252178,86.42761325836182,"{""num_rows"": ""2097152"", ""prefix_cardinality"": ""64"", ""prefix_width"": ""8"", ""suffix_width"": ""32""}"
pr1-p32-c512,target,sorted_order_strings_prefixes,Device=0 num_rows=262144 prefix_width=10 suffix_width=32 prefix_cardinality=64,False,False,0.5376031905412675,0.5363168030977248,0.5387135982513428,0.8780406163271457,10.811402320861816,"{""num_rows"": ""262144"", ""prefix_cardinality"": ""64"", ""prefix_width"": ""10"", ""suffix_width"": ""32""}"
pr1-p32-c512,target,sorted_order_strings_prefixes,Device=0 num_rows=2097152 prefix_width=10 suffix_width=32 prefix_cardinality=64,False,False,1.3584991991519928,1.3569152057170868,1.3594607949256898,0.4225892186663587,86.42761325836182,"{""num_rows"": ""2097152"", ""prefix_cardinality"": ""64"", ""prefix_width"": ""10"", ""suffix_width"": ""32""}"
pr1-p32-c512,target,sorted_order_strings_prefixes,Device=0 num_rows=262144 prefix_width=11 suffix_width=32 prefix_cardinality=64,False,False,0.5307056039571761,0.5290639996528625,0.5316207975149154,0.6251452317600235,10.811402320861816,"{""num_rows"": ""262144"", ""prefix_cardinality"": ""64"", ""prefix_width"": ""11"", ""suffix_width"": ""32""}"
pr1-p32-c512,target,sorted_order_strings_prefixes,Device=0 num_rows=2097152 prefix_width=11 suffix_width=32 prefix_cardinality=64,False,False,1.338559991121292,1.3362767934799196,1.3392128109931942,1.3631812901169933,86.42761325836182,"{""num_rows"": ""2097152"", ""prefix_cardinality"": ""64"", ""prefix_width"": ""11"", ""suffix_width"": ""32""}"
pr1-p32-c512,target,sorted_order_strings_prefixes,Device=0 num_rows=262144 prefix_width=12 suffix_width=32 prefix_cardinality=64,False,False,0.5269647926092148,0.5218752026557923,0.5309072017669677,5.838938550136296,10.811402320861816,"{""num_rows"": ""262144"", ""prefix_cardinality"": ""64"", ""prefix_width"": ""12"", ""suffix_width"": ""32""}"
pr1-p32-c512,target,sorted_order_strings_prefixes,Device=0 num_rows=2097152 prefix_width=12 suffix_width=32 prefix_cardinality=64,False,False,1.3214767932891849,1.320944005250931,1.321993589401245,0.6622765755025701,86.42761325836182,"{""num_rows"": ""2097152"", ""prefix_cardinality"": ""64"", ""prefix_width"": ""12"", ""suffix_width"": ""32""}"
pr1-p32-c512,target,sorted_order_strings_prefixes,Device=0 num_rows=262144 prefix_width=64 suffix_width=32 prefix_cardinality=64,False,False,1.7208016097545624,1.7148511946201324,1.736180806159973,1.9200525326243598,10.811402320861816,"{""num_rows"": ""262144"", ""prefix_cardinality"": ""64"", ""prefix_width"": ""64"", ""suffix_width"": ""32""}"
pr1-p32-c512,target,sorted_order_strings_prefixes,Device=0 num_rows=2097152 prefix_width=64 suffix_width=32 prefix_cardinality=64,False,False,5.994134378433227,5.993761658668518,5.994851183891296,0.283406051913887,86.42761325836182,"{""num_rows"": ""2097152"", ""prefix_cardinality"": ""64"", ""prefix_width"": ""64"", ""suffix_width"": ""32""}"
pr1-p32-c512,end-to-end,sort_strings_workload,Device=0 min_width=0 max_width=32 num_rows=262144 workload=normal,False,False,0.6015600025653839,0.5966000050306322,0.6057727962732316,0.9357206816627807,10.811402320861816,"{""max_width"": ""32"", ""min_width"": ""0"", ""num_rows"": ""262144"", ""workload"": ""normal""}"
pr1-p32-c512,end-to-end,sort_strings_workload,Device=0 min_width=0 max_width=256 num_rows=262144 workload=normal,False,False,2.7018656253814695,2.6999119758605956,2.7099215984344482,3.3733842800758316,33.687255859375,"{""max_width"": ""256"", ""min_width"": ""0"", ""num_rows"": ""262144"", ""workload"": ""normal""}"
pr1-p32-c512,end-to-end,sort_strings_workload,Device=0 min_width=0 max_width=32 num_rows=2097152 workload=normal,False,False,2.286945605278015,2.266804790496826,2.287601613998413,0.6731246581579212,95.72902488708496,"{""max_width"": ""32"", ""min_width"": ""0"", ""num_rows"": ""2097152"", ""workload"": ""normal""}"
pr1-p32-c512,end-to-end,sort_strings_workload,Device=0 min_width=0 max_width=256 num_rows=2097152 workload=normal,False,False,15.886003303527831,15.831913709640503,15.935411167144773,3.206851336474074,269.3055658340454,"{""max_width"": ""256"", ""min_width"": ""0"", ""num_rows"": ""2097152"", ""workload"": ""normal""}"
pr1-p32-c512,end-to-end,sort_strings_workload,Device=0 min_width=0 max_width=32 num_rows=262144 workload=duplicates,False,False,0.8174336075782775,0.8100112050771714,0.8209248036146167,1.3311009143728503,10.811402320861816,"{""max_width"": ""32"", ""min_width"": ""0"", ""num_rows"": ""262144"", ""workload"": ""duplicates""}"
pr1-p32-c512,end-to-end,sort_strings_workload,Device=0 min_width=0 max_width=256 num_rows=262144 workload=duplicates,False,False,4.502248024940492,4.448540806770325,4.515715146064759,1.2060927322104926,34.63582420349121,"{""max_width"": ""256"", ""min_width"": ""0"", ""num_rows"": ""262144"", ""workload"": ""duplicates""}"
pr1-p32-c512,end-to-end,sort_strings_workload,Device=0 min_width=0 max_width=32 num_rows=2097152 workload=duplicates,False,False,2.1783152103424075,2.1646591901779173,2.1810271978378295,0.7422785725209118,96.68649291992188,"{""max_width"": ""32"", ""min_width"": ""0"", ""num_rows"": ""2097152"", ""workload"": ""duplicates""}"
pr1-p32-c512,end-to-end,sort_strings_workload,Device=0 min_width=0 max_width=256 num_rows=2097152 workload=duplicates,False,False,14.24500641822815,14.202347135543821,14.264907264709473,0.29845488121006464,277.07898902893066,"{""max_width"": ""256"", ""min_width"": ""0"", ""num_rows"": ""2097152"", ""workload"": ""duplicates""}"
pr1-p32-c512,end-to-end,sort_strings_workload,Device=0 min_width=0 max_width=32 num_rows=262144 workload=shared_prefix,False,False,7.040256071090697,7.035684800148009,7.041863942146301,0.1731198159374771,10.811402320861816,"{""max_width"": ""32"", ""min_width"": ""0"", ""num_rows"": ""262144"", ""workload"": ""shared_prefix""}"
pr1-p32-c512,end-to-end,sort_strings_workload,Device=0 min_width=0 max_width=256 num_rows=262144 workload=shared_prefix,False,False,49.28678588867187,49.22886238098145,49.291902542114265,0.05546898222236671,65.03126335144043,"{""max_width"": ""256"", ""min_width"": ""0"", ""num_rows"": ""262144"", ""workload"": ""shared_prefix""}"
pr1-p32-c512,end-to-end,sort_strings_workload,Device=0 min_width=0 max_width=32 num_rows=2097152 workload=shared_prefix,False,False,67.7931064605713,67.78359794616699,67.79584007263185,0.028329302813452157,120.06652927398682,"{""max_width"": ""32"", ""min_width"": ""0"", ""num_rows"": ""2097152"", ""workload"": ""shared_prefix""}"
pr1-p32-c512,end-to-end,sort_strings_workload,Device=0 min_width=0 max_width=256 num_rows=2097152 workload=shared_prefix,False,False,531.8037597656252,531.7822753906249,531.8201690673827,0.013506562743609387,520.2527341842651,"{""max_width"": ""256"", ""min_width"": ""0"", ""num_rows"": ""2097152"", ""workload"": ""shared_prefix""}"
pr1-p32-c512,end-to-end,sort_strings_workload,Device=0 min_width=0 max_width=32 num_rows=262144 workload=variable,False,False,0.45017279982566827,0.4450480014085769,0.4663824006915092,3.9269349645981304,10.811402320861816,"{""max_width"": ""32"", ""min_width"": ""0"", ""num_rows"": ""262144"", ""workload"": ""variable""}"
pr1-p32-c512,end-to-end,sort_strings_workload,Device=0 min_width=0 max_width=256 num_rows=262144 workload=variable,False,False,0.5515808016061782,0.5514400005340576,0.5552096039056778,5.61966306593148,34.01968002319336,"{""max_width"": ""256"", ""min_width"": ""0"", ""num_rows"": ""262144"", ""workload"": ""variable""}"
pr1-p32-c512,end-to-end,sort_strings_workload,Device=0 min_width=0 max_width=32 num_rows=2097152 workload=variable,False,False,1.2471071898937227,1.2345568060874939,1.2486544013023377,0.9810082141194866,96.05874729156494,"{""max_width"": ""32"", ""min_width"": ""0"", ""num_rows"": ""2097152"", ""workload"": ""variable""}"
pr1-p32-c512,end-to-end,sort_strings_workload,Device=0 min_width=0 max_width=256 num_rows=2097152 workload=variable,False,False,1.3584960043430327,1.352350407838821,1.3600320041179657,0.3036927709897107,272.17790508270264,"{""max_width"": ""256"", ""min_width"": ""0"", ""num_rows"": ""2097152"", ""workload"": ""variable""}"
baseline,pr-source,sorted_order_strings_source_parity,Device=0 num_rows=262144 profile=unique_32,False,False,0.47591039836406707,0.4740447983145714,0.48227360099554073,0.8266443855618959,9.053221702575684,"{""num_rows"": ""262144"", ""profile"": ""unique_32""}"
baseline,pr-source,sorted_order_strings_source_parity,Device=0 num_rows=2097152 profile=unique_32,False,False,2.806980776786804,2.8068943858146667,2.8111055850982667,0.26553934791508255,72.36474514007568,"{""num_rows"": ""2097152"", ""profile"": ""unique_32""}"
baseline,pr-source,sorted_order_strings_source_parity,Device=0 num_rows=262144 profile=duplicates_32,False,False,0.6170463979244233,0.6143744051456451,0.6224575996398927,0.5530793455692385,9.053221702575684,"{""num_rows"": ""262144"", ""profile"": ""duplicates_32""}"
baseline,pr-source,sorted_order_strings_source_parity,Device=0 num_rows=2097152 profile=duplicates_32,False,False,4.072627139091493,4.071361613273621,4.078520035743714,0.12274873309414365,72.36474514007568,"{""num_rows"": ""2097152"", ""profile"": ""duplicates_32""}"
baseline,pr-source,sorted_order_strings_source_parity,Device=0 num_rows=262144 profile=shared_prefix_24,False,False,0.477515198290348,0.47633280307054515,0.47963199913501736,0.6600616098190702,9.053221702575684,"{""num_rows"": ""262144"", ""profile"": ""shared_prefix_24""}"
baseline,pr-source,sorted_order_strings_source_parity,Device=0 num_rows=2097152 profile=shared_prefix_24,False,False,2.8072479963302612,2.8052511930465696,2.814916777610779,0.35704414106176474,72.36474514007568,"{""num_rows"": ""2097152"", ""profile"": ""shared_prefix_24""}"
baseline,pr-source,sorted_order_strings_source_parity,Device=0 num_rows=262144 profile=raw_unique_40,False,False,0.17495039999485013,0.16964960023760794,0.17751520127058026,1.5209153982523433,9.053221702575684,"{""num_rows"": ""262144"", ""profile"": ""raw_unique_40""}"
baseline,pr-source,sorted_order_strings_source_parity,Device=0 num_rows=2097152 profile=raw_unique_40,False,False,0.41448160260915756,0.41354399770498274,0.41620480120182035,0.7965902680017317,72.36474514007568,"{""num_rows"": ""2097152"", ""profile"": ""raw_unique_40""}"
baseline,pr-source,sorted_order_strings_source_parity,Device=0 num_rows=262144 profile=raw_duplicates_40,False,False,0.4819888010621071,0.480342398583889,0.4842111989855766,0.8227983213716341,9.053221702575684,"{""num_rows"": ""262144"", ""profile"": ""raw_duplicates_40""}"
baseline,pr-source,sorted_order_strings_source_parity,Device=0 num_rows=2097152 profile=raw_duplicates_40,False,False,3.180532801151275,3.1773743987083436,3.1824384093284612,0.2443273675798622,72.36474514007568,"{""num_rows"": ""2097152"", ""profile"": ""raw_duplicates_40""}"
baseline,pr-source,sorted_order_strings_source_parity,Device=0 num_rows=262144 profile=raw_shared_prefix_24_width_40,False,False,0.6562464028596877,0.6544063985347748,0.6607343912124635,0.6900136982857187,9.053221702575684,"{""num_rows"": ""262144"", ""profile"": ""raw_shared_prefix_24_width_40""}"
baseline,pr-source,sorted_order_strings_source_parity,Device=0 num_rows=2097152 profile=raw_shared_prefix_24_width_40,False,False,5.730739164352418,5.725782394409181,5.734332799911498,0.47765795925036836,72.36474514007568,"{""num_rows"": ""2097152"", ""profile"": ""raw_shared_prefix_24_width_40""}"
pr1-p32-c512,main,sorted_order_strings,Device=0 min_width=1 max_width=8 num_rows=32768,False,False,0.23496000021696084,0.23314560055732725,0.23766719996929164,1.4195297705241647,1.3592538833618164,"{""max_width"": ""8"", ""min_width"": ""1"", ""num_rows"": ""32768""}"
pr1-p32-c512,main,sorted_order_strings,Device=0 min_width=1 max_width=32 num_rows=32768,False,False,0.36917599886655805,0.3669151976704597,0.3727407991886139,0.6025272848124823,1.3793163299560547,"{""max_width"": ""32"", ""min_width"": ""1"", ""num_rows"": ""32768""}"
pr1-p32-c512,main,sorted_order_strings,Device=0 min_width=1 max_width=64 num_rows=32768,False,False,0.45245600044727324,0.4499776005744934,0.4557408034801482,0.6638146631406623,1.380880355834961,"{""max_width"": ""64"", ""min_width"": ""1"", ""num_rows"": ""32768""}"
pr1-p32-c512,main,sorted_order_strings,Device=0 min_width=1 max_width=128 num_rows=32768,False,False,0.6825488030910493,0.6816911995410919,0.6901776015758514,0.7599337386047286,1.3813190460205078,"{""max_width"": ""128"", ""min_width"": ""1"", ""num_rows"": ""32768""}"
pr1-p32-c512,main,sorted_order_strings,Device=0 min_width=1 max_width=256 num_rows=32768,False,False,0.98167359828949,0.9795391947031019,0.9868144065141677,0.4135423918593429,1.381338119506836,"{""max_width"": ""256"", ""min_width"": ""1"", ""num_rows"": ""32768""}"
pr1-p32-c512,main,sorted_order_strings,Device=0 min_width=1 max_width=8 num_rows=262144,False,False,0.271804803609848,0.27041919976472856,0.2729759976267815,1.257099136325856,10.811402320861816,"{""max_width"": ""8"", ""min_width"": ""1"", ""num_rows"": ""262144""}"
pr1-p32-c512,main,sorted_order_strings,Device=0 min_width=1 max_width=32 num_rows=262144,False,False,0.5035215988755226,0.5003248006105422,0.5052415996789933,0.7412634238060776,10.811402320861816,"{""max_width"": ""32"", ""min_width"": ""1"", ""num_rows"": ""262144""}"
pr1-p32-c512,main,sorted_order_strings,Device=0 min_width=1 max_width=64 num_rows=262144,False,False,0.6945551961660384,0.6931983947753906,0.7085711926221848,1.380687298138552,10.811402320861816,"{""max_width"": ""64"", ""min_width"": ""1"", ""num_rows"": ""262144""}"
pr1-p32-c512,main,sorted_order_strings,Device=0 min_width=1 max_width=128 num_rows=262144,False,False,1.2578735888004302,1.2496976077556607,1.2635263860225674,3.8128109209158554,10.811402320861816,"{""max_width"": ""128"", ""min_width"": ""1"", ""num_rows"": ""262144""}"
pr1-p32-c512,main,sorted_order_strings,Device=0 min_width=1 max_width=256 num_rows=262144,False,False,2.707679998874664,2.6875087857246402,2.732342410087585,4.831153785585552,10.811402320861816,"{""max_width"": ""256"", ""min_width"": ""1"", ""num_rows"": ""262144""}"
pr1-p32-c512,main,sorted_order_strings,Device=0 min_width=1 max_width=8 num_rows=2097152,False,False,0.6044495999813081,0.6009824007749558,0.6064768075942992,0.9113625909940964,86.42761325836182,"{""max_width"": ""8"", ""min_width"": ""1"", ""num_rows"": ""2097152""}"
pr1-p32-c512,main,sorted_order_strings,Device=0 min_width=1 max_width=32 num_rows=2097152,False,False,1.9934864044189458,1.9889439940452571,2.006049621105195,0.987827523706403,86.42761325836182,"{""max_width"": ""32"", ""min_width"": ""1"", ""num_rows"": ""2097152""}"
pr1-p32-c512,main,sorted_order_strings,Device=0 min_width=1 max_width=64 num_rows=2097152,False,False,3.852228820323944,3.8388015627861027,3.8612048029899593,1.3325121681561916,86.42761325836182,"{""max_width"": ""64"", ""min_width"": ""1"", ""num_rows"": ""2097152""}"
pr1-p32-c512,main,sorted_order_strings,Device=0 min_width=1 max_width=128 num_rows=2097152,False,False,7.756062364578246,7.720628738403319,7.82454400062561,6.279174071937775,86.42761325836182,"{""max_width"": ""128"", ""min_width"": ""1"", ""num_rows"": ""2097152""}"
pr1-p32-c512,main,sorted_order_strings,Device=0 min_width=1 max_width=256 num_rows=2097152,False,False,15.193815898895267,15.15324492454529,15.347531175613405,1.251722534208924,86.42761325836182,"{""max_width"": ""256"", ""min_width"": ""1"", ""num_rows"": ""2097152""}"
pr1-p32-c512,main,sorted_order_strings,Device=0 min_width=1 max_width=8 num_rows=16777216,False,False,2.330744016170501,2.329292809963226,2.3328879952430728,0.28595424843114736,691.3533945083618,"{""max_width"": ""8"", ""min_width"": ""1"", ""num_rows"": ""16777216""}"
pr1-p32-c512,main,sorted_order_strings,Device=0 min_width=1 max_width=32 num_rows=16777216,False,False,6.930465674400329,6.9220320224761975,6.937118363380431,0.2288727804754065,691.3533945083618,"{""max_width"": ""32"", ""min_width"": ""1"", ""num_rows"": ""16777216""}"
pr1-p32-c512,main,sorted_order_strings,Device=0 min_width=1 max_width=64 num_rows=16777216,False,False,13.280624008178712,13.274209642410279,13.290862464904782,0.33427500159630547,691.3533945083618,"{""max_width"": ""64"", ""min_width"": ""1"", ""num_rows"": ""16777216""}"
pr1-p32-c512,main,sorted_order_strings,Device=0 min_width=1 max_width=128 num_rows=16777216,False,False,26.701163196563726,26.69666376113891,26.715374374389643,0.11625147852689165,691.3533945083618,"{""max_width"": ""128"", ""min_width"": ""1"", ""num_rows"": ""16777216""}"
pr1-p32-c512,main,sorted_order_strings,Device=0 min_width=1 max_width=256 num_rows=16777216,False,False,54.55041065216065,54.51511554718017,54.5855920791626,0.20485594480575484,691.3533945083618,"{""max_width"": ""256"", ""min_width"": ""1"", ""num_rows"": ""16777216""}"
pr1-p32-c512,main,sorted_order_strings_distribution,Device=0 num_rows=262144 profile=cardinality_1_width_32,False,False,0.006595199997536838,0.006580799981020391,0.006719999946653843,4.736289235187353,1.0,"{""num_rows"": ""262144"", ""profile"": ""cardinality_1_width_32""}"
pr1-p32-c512,main,sorted_order_strings_distribution,Device=0 num_rows=2097152 profile=cardinality_1_width_32,False,False,0.008600000012665986,0.00855200006626546,0.008620799984782934,11.375787615829275,8.0,"{""num_rows"": ""2097152"", ""profile"": ""cardinality_1_width_32""}"
pr1-p32-c512,main,sorted_order_strings_distribution,Device=0 num_rows=262144 profile=cardinality_64_width_128,False,False,2.408867192268372,2.3982367753982534,2.425340819358826,1.286558157186773,10.811402320861816,"{""num_rows"": ""262144"", ""profile"": ""cardinality_64_width_128""}"
pr1-p32-c512,main,sorted_order_strings_distribution,Device=0 num_rows=2097152 profile=cardinality_64_width_128,False,False,7.032705569267275,7.009156823158263,7.052577614784242,0.39352495757303974,86.42761325836182,"{""num_rows"": ""2097152"", ""profile"": ""cardinality_64_width_128""}"
pr1-p32-c512,main,sorted_order_strings_distribution,Device=0 num_rows=262144 profile=shared_prefix_64,False,False,14.332804822921755,14.328009605407713,14.348260784149172,0.08671326587254366,10.811402320861816,"{""num_rows"": ""262144"", ""profile"": ""shared_prefix_64""}"
pr1-p32-c512,main,sorted_order_strings_distribution,Device=0 num_rows=2097152 profile=shared_prefix_64,False,False,150.23014068603513,150.22071990966796,150.23168487548827,0.018105633304966832,86.42761325836182,"{""num_rows"": ""2097152"", ""profile"": ""shared_prefix_64""}"
pr1-p32-c512,main,sorted_order_strings_distribution,Device=0 num_rows=262144 profile=variable_128,False,False,0.36984000056982047,0.3690784007310868,0.3732687994837761,6.308350718355624,10.811402320861816,"{""num_rows"": ""262144"", ""profile"": ""variable_128""}"
pr1-p32-c512,main,sorted_order_strings_distribution,Device=0 num_rows=2097152 profile=variable_128,False,False,0.7913968026638031,0.7869311958551407,0.7981663942337036,0.5178606225312491,86.42761325836182,"{""num_rows"": ""2097152"", ""profile"": ""variable_128""}"
pr1-p32-c512,main,sorted_order_strings_nulls,Device=0 num_rows=262144 profile=fixed_8 null_percent=0,False,False,0.29764160066843026,0.2961551964282989,0.29983039945364,0.9358798712965306,10.811402320861816,"{""null_percent"": ""0"", ""num_rows"": ""262144"", ""profile"": ""fixed_8""}"
pr1-p32-c512,main,sorted_order_strings_nulls,Device=0 num_rows=2097152 profile=fixed_8 null_percent=0,False,False,0.8566143989562987,0.8562751948833466,0.8601024001836778,0.5106673168106083,86.42761325836182,"{""null_percent"": ""0"", ""num_rows"": ""2097152"", ""profile"": ""fixed_8""}"
pr1-p32-c512,main,sorted_order_strings_nulls,Device=0 num_rows=262144 profile=variable_128 null_percent=0,False,False,0.3646911978721619,0.3646880000829697,0.3711600005626678,1.285349995295675,10.811402320861816,"{""null_percent"": ""0"", ""num_rows"": ""262144"", ""profile"": ""variable_128""}"
pr1-p32-c512,main,sorted_order_strings_nulls,Device=0 num_rows=2097152 profile=variable_128 null_percent=0,False,False,0.7928176015615463,0.7876415997743605,0.7985647976398468,0.5455987719577958,86.42761325836182,"{""null_percent"": ""0"", ""num_rows"": ""2097152"", ""profile"": ""variable_128""}"
pr1-p32-c512,main,sorted_order_strings_nulls,Device=0 num_rows=262144 profile=fixed_8 null_percent=50,False,False,0.3509903982281686,0.34921600073575976,0.3557872012257575,1.318172033225902,6.541790962219238,"{""null_percent"": ""50"", ""num_rows"": ""262144"", ""profile"": ""fixed_8""}"
pr1-p32-c512,main,sorted_order_strings_nulls,Device=0 num_rows=2097152 profile=fixed_8 null_percent=50,False,False,0.7731824010610582,0.7716848015785217,0.7762479960918426,0.672339186526878,52.23033618927002,"{""null_percent"": ""50"", ""num_rows"": ""2097152"", ""profile"": ""fixed_8""}"
pr1-p32-c512,main,sorted_order_strings_nulls,Device=0 num_rows=262144 profile=variable_128 null_percent=50,False,False,0.38701439946889876,0.3830256015062332,0.39549439996480934,1.0898214013292449,6.541790962219238,"{""null_percent"": ""50"", ""num_rows"": ""262144"", ""profile"": ""variable_128""}"
pr1-p32-c512,main,sorted_order_strings_nulls,Device=0 num_rows=2097152 profile=variable_128 null_percent=50,False,False,0.5376192033290863,0.535839992761612,0.5439599990844726,0.714334813051816,52.23033618927002,"{""null_percent"": ""50"", ""num_rows"": ""2097152"", ""profile"": ""variable_128""}"
pr1-p32-c512,main,sorted_order_strings_nulls,Device=0 num_rows=262144 profile=fixed_8 null_percent=100,False,False,0.006532800011336804,0.006523199961520733,0.007052799989469349,12.680612440571682,1.0,"{""null_percent"": ""100"", ""num_rows"": ""262144"", ""profile"": ""fixed_8""}"
pr1-p32-c512,main,sorted_order_strings_nulls,Device=0 num_rows=2097152 profile=fixed_8 null_percent=100,False,False,0.008427200000733135,0.008404799923300744,0.008448000065982344,4.257523531366846,8.0,"{""null_percent"": ""100"", ""num_rows"": ""2097152"", ""profile"": ""fixed_8""}"
pr1-p32-c512,main,sorted_order_strings_nulls,Device=0 num_rows=262144 profile=variable_128 null_percent=100,False,False,0.006731200008653104,0.006430399953387677,0.006759999948553741,3.385351118580371,1.0,"{""null_percent"": ""100"", ""num_rows"": ""262144"", ""profile"": ""variable_128""}"
pr1-p32-c512,main,sorted_order_strings_nulls,Device=0 num_rows=2097152 profile=variable_128 null_percent=100,False,False,0.00858720000833273,0.008520000101998448,0.008779199933633207,13.734201001807754,8.0,"{""null_percent"": ""100"", ""num_rows"": ""2097152"", ""profile"": ""variable_128""}"
optimized,segments,sorted_order_strings_segments,Device=0 num_rows=32768 shared_suffix=0 segment_profile=singletons,False,False,0.13665759935975078,0.13463039994239812,0.13855520188808443,2.5113058982370586,1.1391592025756836,"{""num_rows"": ""32768"", ""segment_profile"": ""singletons"", ""shared_suffix"": ""0""}"
optimized,segments,sorted_order_strings_segments,Device=0 num_rows=2097152 shared_suffix=0 segment_profile=singletons,False,False,0.3539103969931603,0.34911039918661113,0.5964879870414734,181.87220331687712,72.36474514007568,"{""num_rows"": ""2097152"", ""segment_profile"": ""singletons"", ""shared_suffix"": ""0""}"
optimized,segments,sorted_order_strings_segments,Device=0 num_rows=32768 shared_suffix=64 segment_profile=singletons,False,False,0.138492801040411,0.13246559947729108,0.1394656002521515,1.3470614022781835,1.1391592025756836,"{""num_rows"": ""32768"", ""segment_profile"": ""singletons"", ""shared_suffix"": ""64""}"
optimized,segments,sorted_order_strings_segments,Device=0 num_rows=2097152 shared_suffix=64 segment_profile=singletons,False,False,0.388510400056839,0.3884624004364014,0.39193120151758193,0.7408613626673901,72.36474514007568,"{""num_rows"": ""2097152"", ""segment_profile"": ""singletons"", ""shared_suffix"": ""64""}"
optimized,segments,sorted_order_strings_segments,Device=0 num_rows=32768 shared_suffix=0 segment_profile=pairs,False,False,0.15543999895453453,0.15430879890918736,0.15638239905238152,1.5457160413868338,1.1391592025756836,"{""num_rows"": ""32768"", ""segment_profile"": ""pairs"", ""shared_suffix"": ""0""}"
optimized,segments,sorted_order_strings_segments,Device=0 num_rows=2097152 shared_suffix=0 segment_profile=pairs,False,False,0.649134400486946,0.6473023980855941,0.6519824028015136,1.1216157051245434,72.36474514007568,"{""num_rows"": ""2097152"", ""segment_profile"": ""pairs"", ""shared_suffix"": ""0""}"
optimized,segments,sorted_order_strings_segments,Device=0 num_rows=32768 shared_suffix=64 segment_profile=pairs,False,False,0.15837759971618653,0.15836959928274155,0.15920159965753555,1.7905315825369652,1.1391592025756836,"{""num_rows"": ""32768"", ""segment_profile"": ""pairs"", ""shared_suffix"": ""64""}"
optimized,segments,sorted_order_strings_segments,Device=0 num_rows=2097152 shared_suffix=64 segment_profile=pairs,False,False,0.8226512014865875,0.8188880056142808,0.8246720016002655,0.9621705631728675,72.36474514007568,"{""num_rows"": ""2097152"", ""segment_profile"": ""pairs"", ""shared_suffix"": ""64""}"
optimized,segments,sorted_order_strings_segments,Device=0 num_rows=32768 shared_suffix=0 segment_profile=tiny4,False,False,0.15562720075249672,0.15547359958291057,0.15608800128102304,1.9817962016056,1.1391592025756836,"{""num_rows"": ""32768"", ""segment_profile"": ""tiny4"", ""shared_suffix"": ""0""}"
optimized,segments,sorted_order_strings_segments,Device=0 num_rows=2097152 shared_suffix=0 segment_profile=tiny4,False,False,0.5764815956354142,0.5760752052068709,0.5792160004377366,0.9462126480508801,72.36474514007568,"{""num_rows"": ""2097152"", ""segment_profile"": ""tiny4"", ""shared_suffix"": ""0""}"
optimized,segments,sorted_order_strings_segments,Device=0 num_rows=32768 shared_suffix=64 segment_profile=tiny4,False,False,0.16697440221905713,0.16609279960393905,0.1674543991684914,1.5981428033200173,1.1391592025756836,"{""num_rows"": ""32768"", ""segment_profile"": ""tiny4"", ""shared_suffix"": ""64""}"
optimized,segments,sorted_order_strings_segments,Device=0 num_rows=2097152 shared_suffix=64 segment_profile=tiny4,False,False,0.9146800071001054,0.9096047967672349,0.9152368038892748,2.1305292289723643,72.36474514007568,"{""num_rows"": ""2097152"", ""segment_profile"": ""tiny4"", ""shared_suffix"": ""64""}"
optimized,segments,sorted_order_strings_segments,Device=0 num_rows=32768 shared_suffix=0 segment_profile=tiny8,False,False,0.1583999983966351,0.1583056002855301,0.1587071992456913,1.5347733238303134,1.1391592025756836,"{""num_rows"": ""32768"", ""segment_profile"": ""tiny8"", ""shared_suffix"": ""0""}"
optimized,segments,sorted_order_strings_segments,Device=0 num_rows=2097152 shared_suffix=0 segment_profile=tiny8,False,False,0.5857823967933653,0.5836703985929489,0.5868687987327577,0.8271584765985062,72.36474514007568,"{""num_rows"": ""2097152"", ""segment_profile"": ""tiny8"", ""shared_suffix"": ""0""}"
optimized,segments,sorted_order_strings_segments,Device=0 num_rows=32768 shared_suffix=64 segment_profile=tiny8,False,False,0.17616800069808963,0.17582400143146515,0.17688159868121148,1.510532579487491,1.1391592025756836,"{""num_rows"": ""32768"", ""segment_profile"": ""tiny8"", ""shared_suffix"": ""64""}"
optimized,segments,sorted_order_strings_segments,Device=0 num_rows=2097152 shared_suffix=64 segment_profile=tiny8,False,False,1.1431263983249664,1.142624008655548,1.1477407932281496,0.43744735625132647,72.36474514007568,"{""num_rows"": ""2097152"", ""segment_profile"": ""tiny8"", ""shared_suffix"": ""64""}"
optimized,segments,sorted_order_strings_segments,Device=0 num_rows=32768 shared_suffix=0 segment_profile=tiny16,False,False,0.16128320023417475,0.16055519953370093,0.1625807993113995,2.7135719001891103,1.1391592025756836,"{""num_rows"": ""32768"", ""segment_profile"": ""tiny16"", ""shared_suffix"": ""0""}"
optimized,segments,sorted_order_strings_segments,Device=0 num_rows=2097152 shared_suffix=0 segment_profile=tiny16,False,False,0.6212319940328598,0.6201872020959853,0.6244400113821029,0.5794466522999608,72.36474514007568,"{""num_rows"": ""2097152"", ""segment_profile"": ""tiny16"", ""shared_suffix"": ""0""}"
optimized,segments,sorted_order_strings_segments,Device=0 num_rows=32768 shared_suffix=64 segment_profile=tiny16,False,False,0.18360799923539164,0.18336479961872099,0.1845984004437923,1.6645448608759026,1.1391592025756836,"{""num_rows"": ""32768"", ""segment_profile"": ""tiny16"", ""shared_suffix"": ""64""}"
optimized,segments,sorted_order_strings_segments,Device=0 num_rows=2097152 shared_suffix=64 segment_profile=tiny16,False,False,1.3622511982917784,1.3619503855705262,1.3648159980773928,0.3403524949500112,72.36474514007568,"{""num_rows"": ""2097152"", ""segment_profile"": ""tiny16"", ""shared_suffix"": ""64""}"
optimized,segments,sorted_order_strings_segments,Device=0 num_rows=32768 shared_suffix=0 segment_profile=tiny32,False,False,0.16272320002317428,0.15798240005970002,0.16287840083241462,2.1120391651642394,1.1391592025756836,"{""num_rows"": ""32768"", ""segment_profile"": ""tiny32"", ""shared_suffix"": ""0""}"
optimized,segments,sorted_order_strings_segments,Device=0 num_rows=2097152 shared_suffix=0 segment_profile=tiny32,False,False,0.6685263961553572,0.6669776022434233,0.6746335983276368,0.5722590607569739,72.36474514007568,"{""num_rows"": ""2097152"", ""segment_profile"": ""tiny32"", ""shared_suffix"": ""0""}"
optimized,segments,sorted_order_strings_segments,Device=0 num_rows=32768 shared_suffix=64 segment_profile=tiny32,False,False,0.19457119926810265,0.19261440038681032,0.19472959935665132,2.161768789580262,1.1391592025756836,"{""num_rows"": ""32768"", ""segment_profile"": ""tiny32"", ""shared_suffix"": ""64""}"
optimized,segments,sorted_order_strings_segments,Device=0 num_rows=2097152 shared_suffix=64 segment_profile=tiny32,False,False,1.6522096097469328,1.6505728125572205,1.6545183897018432,0.2828211945548092,72.36474514007568,"{""num_rows"": ""2097152"", ""segment_profile"": ""tiny32"", ""shared_suffix"": ""64""}"
optimized,segments,sorted_order_strings_segments,Device=0 num_rows=32768 shared_suffix=0 segment_profile=block256,False,False,0.1700239986181259,0.16900800019502646,0.1720799997448921,2.1110187151836124,1.1391592025756836,"{""num_rows"": ""32768"", ""segment_profile"": ""block256"", ""shared_suffix"": ""0""}"
optimized,segments,sorted_order_strings_segments,Device=0 num_rows=2097152 shared_suffix=0 segment_profile=block256,False,False,1.119342392683029,1.1147616028785703,1.1194848060607911,1.9300389172084063,72.36474514007568,"{""num_rows"": ""2097152"", ""segment_profile"": ""block256"", ""shared_suffix"": ""0""}"
optimized,segments,sorted_order_strings_segments,Device=0 num_rows=32768 shared_suffix=64 segment_profile=block256,False,False,0.23612639904022215,0.2356127992272377,0.23776319846510888,1.279351267335394,1.1391592025756836,"{""num_rows"": ""32768"", ""segment_profile"": ""block256"", ""shared_suffix"": ""64""}"
optimized,segments,sorted_order_strings_segments,Device=0 num_rows=2097152 shared_suffix=64 segment_profile=block256,False,False,3.207972812652588,3.2071967959403995,3.208979225158692,0.2556701397845419,72.36474514007568,"{""num_rows"": ""2097152"", ""segment_profile"": ""block256"", ""shared_suffix"": ""64""}"
optimized,segments,sorted_order_strings_segments,Device=0 num_rows=32768 shared_suffix=0 segment_profile=logarithmic,False,False,0.35257759988307946,0.3517439976334572,0.35282399803400044,0.8808620041721547,1.1391592025756836,"{""num_rows"": ""32768"", ""segment_profile"": ""logarithmic"", ""shared_suffix"": ""0""}"
optimized,segments,sorted_order_strings_segments,Device=0 num_rows=2097152 shared_suffix=0 segment_profile=logarithmic,False,False,2.5530607938766474,2.552548801898956,2.5593232035636904,0.33452132791518213,72.36474514007568,"{""num_rows"": ""2097152"", ""segment_profile"": ""logarithmic"", ""shared_suffix"": ""0""}"
optimized,segments,sorted_order_strings_segments,Device=0 num_rows=32768 shared_suffix=64 segment_profile=logarithmic,False,False,0.9083888024091722,0.907396799325943,0.9089071929454804,0.2835556877572422,1.1391592025756836,"{""num_rows"": ""32768"", ""segment_profile"": ""logarithmic"", ""shared_suffix"": ""64""}"
optimized,segments,sorted_order_strings_segments,Device=0 num_rows=2097152 shared_suffix=64 segment_profile=logarithmic,False,False,8.37140474319458,8.369558572769167,8.372302436828614,0.26393208169304916,72.36474514007568,"{""num_rows"": ""2097152"", ""segment_profile"": ""logarithmic"", ""shared_suffix"": ""64""}"
optimized,segments,sorted_order_strings_segments,Device=0 num_rows=32768 shared_suffix=0 segment_profile=tiny_plus_giant,False,False,0.27387360036373143,0.2692543983459473,0.2758607998490334,1.398530417793674,1.1391592025756836,"{""num_rows"": ""32768"", ""segment_profile"": ""tiny_plus_giant"", ""shared_suffix"": ""0""}"
optimized,segments,sorted_order_strings_segments,Device=0 num_rows=2097152 shared_suffix=0 segment_profile=tiny_plus_giant,False,False,1.0728911936283112,1.0726975977420805,1.0780016005039217,0.3955982324489231,72.36474514007568,"{""num_rows"": ""2097152"", ""segment_profile"": ""tiny_plus_giant"", ""shared_suffix"": ""0""}"
optimized,segments,sorted_order_strings_segments,Device=0 num_rows=32768 shared_suffix=64 segment_profile=tiny_plus_giant,False,False,0.6808911979198455,0.6786543935537339,0.6831808000802994,0.7186254404091761,1.1391592025756836,"{""num_rows"": ""32768"", ""segment_profile"": ""tiny_plus_giant"", ""shared_suffix"": ""64""}"
optimized,segments,sorted_order_strings_segments,Device=0 num_rows=2097152 shared_suffix=64 segment_profile=tiny_plus_giant,False,False,2.0148000121116634,2.0125935673713693,2.021102392673493,0.22552170359259396,72.36474514007568,"{""num_rows"": ""2097152"", ""segment_profile"": ""tiny_plus_giant"", ""shared_suffix"": ""64""}"
optimized,segments,sorted_order_strings_segments,Device=0 num_rows=32768 shared_suffix=0 segment_profile=hot90,False,False,0.3373696014285088,0.33537119925022124,0.3427983999252319,1.1950121134660299,1.1391592025756836,"{""num_rows"": ""32768"", ""segment_profile"": ""hot90"", ""shared_suffix"": ""0""}"
optimized,segments,sorted_order_strings_segments,Device=0 num_rows=2097152 shared_suffix=0 segment_profile=hot90,False,False,3.7141007900238026,3.713571178913116,3.7176335930824282,0.20205911880914112,72.36474514007568,"{""num_rows"": ""2097152"", ""segment_profile"": ""hot90"", ""shared_suffix"": ""0""}"
optimized,segments,sorted_order_strings_segments,Device=0 num_rows=32768 shared_suffix=64 segment_profile=hot90,False,False,0.7752031922340392,0.7719871968030929,0.7808592081069946,0.7986264531827612,1.1391592025756836,"{""num_rows"": ""32768"", ""segment_profile"": ""hot90"", ""shared_suffix"": ""64""}"
optimized,segments,sorted_order_strings_segments,Device=0 num_rows=2097152 shared_suffix=64 segment_profile=hot90,False,False,4.647382426261901,4.64578082561493,4.656983995437622,0.21869874678309714,72.36474514007568,"{""num_rows"": ""2097152"", ""segment_profile"": ""hot90"", ""shared_suffix"": ""64""}"
optimized,segments,sorted_order_strings_segments,Device=0 num_rows=32768 shared_suffix=0 segment_profile=few_giants,False,False,0.2226224005222321,0.21964320167899135,0.22455679997801783,1.7906416399510707,1.1391592025756836,"{""num_rows"": ""32768"", ""segment_profile"": ""few_giants"", ""shared_suffix"": ""0""}"
optimized,segments,sorted_order_strings_segments,Device=0 num_rows=2097152 shared_suffix=0 segment_profile=few_giants,False,False,0.9952592134475708,0.9942927956581118,1.00314719080925,0.378395450489821,72.36474514007568,"{""num_rows"": ""2097152"", ""segment_profile"": ""few_giants"", ""shared_suffix"": ""0""}"
optimized,segments,sorted_order_strings_segments,Device=0 num_rows=32768 shared_suffix=64 segment_profile=few_giants,False,False,0.3922496020793916,0.3896496012806893,0.39262079894542695,1.0945263273498222,1.1391592025756836,"{""num_rows"": ""32768"", ""segment_profile"": ""few_giants"", ""shared_suffix"": ""64""}"
optimized,segments,sorted_order_strings_segments,Device=0 num_rows=2097152 shared_suffix=64 segment_profile=few_giants,False,False,3.041584002971649,3.039595210552215,3.044359982013702,0.1658882880135621,72.36474514007568,"{""num_rows"": ""2097152"", ""segment_profile"": ""few_giants"", ""shared_suffix"": ""64""}"
optimized,segments,sorted_order_strings_segments,Device=0 num_rows=32768 shared_suffix=0 segment_profile=one_segment,False,False,0.3227807983756065,0.31825760304927825,0.3244543999433518,1.2113827725231046,1.1391592025756836,"{""num_rows"": ""32768"", ""segment_profile"": ""one_segment"", ""shared_suffix"": ""0""}"
optimized,segments,sorted_order_strings_segments,Device=0 num_rows=2097152 shared_suffix=0 segment_profile=one_segment,False,False,0.6736528009176255,0.6734080016613007,0.68092799782753,0.6075311732513211,72.36474514007568,"{""num_rows"": ""2097152"", ""segment_profile"": ""one_segment"", ""shared_suffix"": ""0""}"
optimized,segments,sorted_order_strings_segments,Device=0 num_rows=32768 shared_suffix=64 segment_profile=one_segment,False,False,0.7242336034774779,0.7225663989782333,0.7284736067056656,0.6084937623075389,1.1391592025756836,"{""num_rows"": ""32768"", ""segment_profile"": ""one_segment"", ""shared_suffix"": ""64""}"
optimized,segments,sorted_order_strings_segments,Device=0 num_rows=2097152 shared_suffix=64 segment_profile=one_segment,False,False,0.8159936040639876,0.8154015958309173,0.8239472061395645,0.7244926381765006,72.36474514007568,"{""num_rows"": ""2097152"", ""segment_profile"": ""one_segment"", ""shared_suffix"": ""64""}"
pr2-p32-c4096,pr-source,sorted_order_strings_source_parity,Device=0 num_rows=262144 profile=unique_32,False,False,5.571083164215088,5.563470387458801,5.5751791954040515,0.1355105705500859,9.80456829071045,"{""num_rows"": ""262144"", ""profile"": ""unique_32""}"
pr2-p32-c4096,pr-source,sorted_order_strings_source_parity,Device=0 num_rows=2097152 profile=unique_32,False,False,57.10266036987305,57.10158557891846,57.123440170288085,0.0479110514839204,78.37292766571045,"{""num_rows"": ""2097152"", ""profile"": ""unique_32""}"
pr2-p32-c4096,pr-source,sorted_order_strings_source_parity,Device=0 num_rows=262144 profile=duplicates_32,False,False,4.998839974403381,4.992919969558716,5.012276792526245,0.46175669516370305,10.804566383361816,"{""num_rows"": ""262144"", ""profile"": ""duplicates_32""}"
pr2-p32-c4096,pr-source,sorted_order_strings_source_parity,Device=0 num_rows=2097152 profile=duplicates_32,False,False,52.584049415588375,52.57956771850586,52.58425903320313,0.03373599012538871,86.37292575836182,"{""num_rows"": ""2097152"", ""profile"": ""duplicates_32""}"
pr2-p32-c4096,pr-source,sorted_order_strings_source_parity,Device=0 num_rows=262144 profile=shared_prefix_24,False,False,5.571036815643311,5.567792057991028,5.572091150283812,0.2757473965361629,9.80456829071045,"{""num_rows"": ""262144"", ""profile"": ""shared_prefix_24""}"
pr2-p32-c4096,pr-source,sorted_order_strings_source_parity,Device=0 num_rows=2097152 profile=shared_prefix_24,False,False,57.10474395751954,57.10371208190917,57.10696601867675,0.03801717745976283,78.37292766571045,"{""num_rows"": ""2097152"", ""profile"": ""shared_prefix_24""}"
pr2-p32-c4096,pr-source,sorted_order_strings_source_parity,Device=0 num_rows=262144 profile=raw_unique_40,False,False,0.22681119889020915,0.226731201261282,0.22777759954333304,1.2732908423434428,9.804323196411133,"{""num_rows"": ""262144"", ""profile"": ""raw_unique_40""}"
pr2-p32-c4096,pr-source,sorted_order_strings_source_parity,Device=0 num_rows=2097152 profile=raw_unique_40,False,False,0.46142560094594964,0.459059202671051,0.4620319992303848,1.251883549204523,78.37268257141113,"{""num_rows"": ""2097152"", ""profile"": ""raw_unique_40""}"
pr2-p32-c4096,pr-source,sorted_order_strings_source_parity,Device=0 num_rows=262144 profile=raw_duplicates_40,False,False,0.6886704027652741,0.6881152004003526,0.7033904045820235,2.02119394972605,10.804566383361816,"{""num_rows"": ""262144"", ""profile"": ""raw_duplicates_40""}"
pr2-p32-c4096,pr-source,sorted_order_strings_source_parity,Device=0 num_rows=2097152 profile=raw_duplicates_40,False,False,2.5120416164398187,2.5087615966796872,2.5164976000785826,1.4286720796998504,86.37292575836182,"{""num_rows"": ""2097152"", ""profile"": ""raw_duplicates_40""}"
pr2-p32-c4096,pr-source,sorted_order_strings_source_parity,Device=0 num_rows=262144 profile=raw_shared_prefix_24_width_40,False,False,6.89409921169281,6.89312002658844,6.8974527359008775,0.08582631703963321,9.80456829071045,"{""num_rows"": ""262144"", ""profile"": ""raw_shared_prefix_24_width_40""}"
pr2-p32-c4096,pr-source,sorted_order_strings_source_parity,Device=0 num_rows=2097152 profile=raw_shared_prefix_24_width_40,False,False,66.57522621154784,66.56902770996093,66.58374404907227,0.02887799276455366,78.37292766571045,"{""num_rows"": ""2097152"", ""profile"": ""raw_shared_prefix_24_width_40""}"
pr2-p32-c4096,constant,sorted_order_strings_prefixes,Device=0 num_rows=262144 prefix_width=32 suffix_width=0 prefix_cardinality=1,False,False,4.616324806213379,4.615366387367248,4.620088028907775,1.0433199936867963,9.80456829071045,"{""num_rows"": ""262144"", ""prefix_cardinality"": ""1"", ""prefix_width"": ""32"", ""suffix_width"": ""0""}"
pr2-p32-c4096,constant,sorted_order_strings_prefixes,Device=0 num_rows=2097152 prefix_width=32 suffix_width=0 prefix_cardinality=1,False,False,49.77827205657958,49.765376472473136,49.88601722717286,1.169193443617918,78.37292766571045,"{""num_rows"": ""2097152"", ""prefix_cardinality"": ""1"", ""prefix_width"": ""32"", ""suffix_width"": ""0""}"
baseline,segments,sorted_order_strings_segments,Device=0 num_rows=32768 shared_suffix=0 segment_profile=singletons,False,False,0.13710239902138716,0.13645279929041862,0.13906080052256584,1.681646378786228,1.1391592025756836,"{""num_rows"": ""32768"", ""segment_profile"": ""singletons"", ""shared_suffix"": ""0""}"
baseline,segments,sorted_order_strings_segments,Device=0 num_rows=2097152 shared_suffix=0 segment_profile=singletons,False,False,0.353599999845028,0.3516880035400391,0.3543887987732887,0.9911547336850306,72.36474514007568,"{""num_rows"": ""2097152"", ""segment_profile"": ""singletons"", ""shared_suffix"": ""0""}"
baseline,segments,sorted_order_strings_segments,Device=0 num_rows=32768 shared_suffix=64 segment_profile=singletons,False,False,0.137559999525547,0.13674399852752683,0.1436624005436897,13.07245443367415,1.1391592025756836,"{""num_rows"": ""32768"", ""segment_profile"": ""singletons"", ""shared_suffix"": ""64""}"
baseline,segments,sorted_order_strings_segments,Device=0 num_rows=2097152 shared_suffix=64 segment_profile=singletons,False,False,0.3889727979898453,0.38764960169792173,0.39214239865541467,0.8569773035234522,72.36474514007568,"{""num_rows"": ""2097152"", ""segment_profile"": ""singletons"", ""shared_suffix"": ""64""}"
baseline,segments,sorted_order_strings_segments,Device=0 num_rows=32768 shared_suffix=0 segment_profile=pairs,False,False,0.15385439991950986,0.15265919864177707,0.15601440072059633,1.0678453600000075,1.1391592025756836,"{""num_rows"": ""32768"", ""segment_profile"": ""pairs"", ""shared_suffix"": ""0""}"
baseline,segments,sorted_order_strings_segments,Device=0 num_rows=2097152 shared_suffix=0 segment_profile=pairs,False,False,0.6483120054006578,0.6467024028301239,0.6491839975118637,1.2596786604973942,72.36474514007568,"{""num_rows"": ""2097152"", ""segment_profile"": ""pairs"", ""shared_suffix"": ""0""}"
baseline,segments,sorted_order_strings_segments,Device=0 num_rows=32768 shared_suffix=64 segment_profile=pairs,False,False,0.16184800118207934,0.15934559926390648,0.16212319955229756,13.33011764219862,1.1391592025756836,"{""num_rows"": ""32768"", ""segment_profile"": ""pairs"", ""shared_suffix"": ""64""}"
baseline,segments,sorted_order_strings_segments,Device=0 num_rows=2097152 shared_suffix=64 segment_profile=pairs,False,False,0.8188096016645433,0.8187071979045867,0.8240895926952362,0.8224882000853614,72.36474514007568,"{""num_rows"": ""2097152"", ""segment_profile"": ""pairs"", ""shared_suffix"": ""64""}"
baseline,segments,sorted_order_strings_segments,Device=0 num_rows=32768 shared_suffix=0 segment_profile=tiny4,False,False,0.15572960004210473,0.1549567997455597,0.1580112002789974,1.9955514744959522,1.1391592025756836,"{""num_rows"": ""32768"", ""segment_profile"": ""tiny4"", ""shared_suffix"": ""0""}"
baseline,segments,sorted_order_strings_segments,Device=0 num_rows=2097152 shared_suffix=0 segment_profile=tiny4,False,False,0.5762175977230071,0.5746720016002655,0.5786800056695938,0.8918375103416581,72.36474514007568,"{""num_rows"": ""2097152"", ""segment_profile"": ""tiny4"", ""shared_suffix"": ""0""}"
baseline,segments,sorted_order_strings_segments,Device=0 num_rows=32768 shared_suffix=64 segment_profile=tiny4,False,False,0.16662559956312184,0.16566079929471014,0.16898399963974955,1.7820527829901844,1.1391592025756836,"{""num_rows"": ""32768"", ""segment_profile"": ""tiny4"", ""shared_suffix"": ""64""}"
baseline,segments,sorted_order_strings_segments,Device=0 num_rows=2097152 shared_suffix=64 segment_profile=tiny4,False,False,0.9084047943353653,0.9066320061683656,0.9124287962913513,0.7904939211079586,72.36474514007568,"{""num_rows"": ""2097152"", ""segment_profile"": ""tiny4"", ""shared_suffix"": ""64""}"
baseline,segments,sorted_order_strings_segments,Device=0 num_rows=32768 shared_suffix=0 segment_profile=tiny8,False,False,0.158822400867939,0.15815199986100195,0.15992799922823908,2.2206909341090255,1.1391592025756836,"{""num_rows"": ""32768"", ""segment_profile"": ""tiny8"", ""shared_suffix"": ""0""}"
baseline,segments,sorted_order_strings_segments,Device=0 num_rows=2097152 shared_suffix=0 segment_profile=tiny8,False,False,0.5899343967437742,0.5885567992925643,0.5952656000852585,0.7872780082520856,72.36474514007568,"{""num_rows"": ""2097152"", ""segment_profile"": ""tiny8"", ""shared_suffix"": ""0""}"
baseline,segments,sorted_order_strings_segments,Device=0 num_rows=32768 shared_suffix=64 segment_profile=tiny8,False,False,0.17885280176997184,0.17610720023512844,0.17888160049915316,4.4068977406267535,1.1391592025756836,"{""num_rows"": ""32768"", ""segment_profile"": ""tiny8"", ""shared_suffix"": ""64""}"
baseline,segments,sorted_order_strings_segments,Device=0 num_rows=2097152 shared_suffix=64 segment_profile=tiny8,False,False,1.1495023906230928,1.1491968095302583,1.1527311980724333,0.470466000202816,72.36474514007568,"{""num_rows"": ""2097152"", ""segment_profile"": ""tiny8"", ""shared_suffix"": ""64""}"
baseline,segments,sorted_order_strings_segments,Device=0 num_rows=32768 shared_suffix=0 segment_profile=tiny16,False,False,0.1631167985498905,0.1623776018619537,0.17012959793210028,14.925308188270359,1.1391592025756836,"{""num_rows"": ""32768"", ""segment_profile"": ""tiny16"", ""shared_suffix"": ""0""}"
baseline,segments,sorted_order_strings_segments,Device=0 num_rows=2097152 shared_suffix=0 segment_profile=tiny16,False,False,0.630715200304985,0.6285008043050766,0.6337855964899063,0.7664587575784786,72.36474514007568,"{""num_rows"": ""2097152"", ""segment_profile"": ""tiny16"", ""shared_suffix"": ""0""}"
baseline,segments,sorted_order_strings_segments,Device=0 num_rows=32768 shared_suffix=64 segment_profile=tiny16,False,False,0.18591839969158167,0.18384799957275394,0.1862592004239559,2.0495642874758326,1.1391592025756836,"{""num_rows"": ""32768"", ""segment_profile"": ""tiny16"", ""shared_suffix"": ""64""}"
baseline,segments,sorted_order_strings_segments,Device=0 num_rows=2097152 shared_suffix=64 segment_profile=tiny16,False,False,1.3686703979969024,1.3663311958312987,1.3735727965831754,0.340338910770136,72.36474514007568,"{""num_rows"": ""2097152"", ""segment_profile"": ""tiny16"", ""shared_suffix"": ""64""}"
baseline,segments,sorted_order_strings_segments,Device=0 num_rows=32768 shared_suffix=0 segment_profile=tiny32,False,False,0.16411359980702397,0.16083519905805588,0.16575360149145124,2.283457997177164,1.1391592025756836,"{""num_rows"": ""32768"", ""segment_profile"": ""tiny32"", ""shared_suffix"": ""0""}"
baseline,segments,sorted_order_strings_segments,Device=0 num_rows=2097152 shared_suffix=0 segment_profile=tiny32,False,False,0.6841184079647064,0.6800527989864349,0.6863056004047394,0.3568680377674579,72.36474514007568,"{""num_rows"": ""2097152"", ""segment_profile"": ""tiny32"", ""shared_suffix"": ""0""}"
baseline,segments,sorted_order_strings_segments,Device=0 num_rows=32768 shared_suffix=64 segment_profile=tiny32,False,False,0.1954304002225399,0.19329280108213426,0.1960224010050297,3.2235780267686858,1.1391592025756836,"{""num_rows"": ""32768"", ""segment_profile"": ""tiny32"", ""shared_suffix"": ""64""}"
baseline,segments,sorted_order_strings_segments,Device=0 num_rows=2097152 shared_suffix=64 segment_profile=tiny32,False,False,1.65896800160408,1.6585360050201416,1.6630111873149875,0.3304983511885822,72.36474514007568,"{""num_rows"": ""2097152"", ""segment_profile"": ""tiny32"", ""shared_suffix"": ""64""}"
baseline,segments,sorted_order_strings_segments,Device=0 num_rows=32768 shared_suffix=0 segment_profile=block256,False,False,0.17188479974865914,0.17033760100603101,0.17427839934825898,3.1624184415404164,1.1391592025756836,"{""num_rows"": ""32768"", ""segment_profile"": ""block256"", ""shared_suffix"": ""0""}"
baseline,segments,sorted_order_strings_segments,Device=0 num_rows=2097152 shared_suffix=0 segment_profile=block256,False,False,1.1522512018680573,1.15103839635849,1.155950403213501,0.36583267683929876,72.36474514007568,"{""num_rows"": ""2097152"", ""segment_profile"": ""block256"", ""shared_suffix"": ""0""}"
baseline,segments,sorted_order_strings_segments,Device=0 num_rows=32768 shared_suffix=64 segment_profile=block256,False,False,0.23723200112581252,0.23649440035223956,0.23820640072226523,1.024151787866908,1.1391592025756836,"{""num_rows"": ""32768"", ""segment_profile"": ""block256"", ""shared_suffix"": ""64""}"
baseline,segments,sorted_order_strings_segments,Device=0 num_rows=2097152 shared_suffix=64 segment_profile=block256,False,False,3.225636804103851,3.2232639908790586,3.2301343917846688,0.2548072800556036,72.36474514007568,"{""num_rows"": ""2097152"", ""segment_profile"": ""block256"", ""shared_suffix"": ""64""}"
baseline,segments,sorted_order_strings_segments,Device=0 num_rows=32768 shared_suffix=0 segment_profile=logarithmic,False,False,0.35848000049591067,0.356553602218628,0.3600624009966851,1.0834715786830027,1.1391592025756836,"{""num_rows"": ""32768"", ""segment_profile"": ""logarithmic"", ""shared_suffix"": ""0""}"
baseline,segments,sorted_order_strings_segments,Device=0 num_rows=2097152 shared_suffix=0 segment_profile=logarithmic,False,False,2.572248017787934,2.5716896057128906,2.5765248060226447,0.2991317180794525,72.36474514007568,"{""num_rows"": ""2097152"", ""segment_profile"": ""logarithmic"", ""shared_suffix"": ""0""}"
baseline,segments,sorted_order_strings_segments,Device=0 num_rows=32768 shared_suffix=64 segment_profile=logarithmic,False,False,0.9132848054170609,0.9131407916545868,0.9219919979572297,1.4704907316460503,1.1391592025756836,"{""num_rows"": ""32768"", ""segment_profile"": ""logarithmic"", ""shared_suffix"": ""64""}"
baseline,segments,sorted_order_strings_segments,Device=0 num_rows=2097152 shared_suffix=64 segment_profile=logarithmic,False,False,8.383497619628905,8.383200025558473,8.387326431274415,0.2964715887159638,72.36474514007568,"{""num_rows"": ""2097152"", ""segment_profile"": ""logarithmic"", ""shared_suffix"": ""64""}"
baseline,segments,sorted_order_strings_segments,Device=0 num_rows=32768 shared_suffix=0 segment_profile=tiny_plus_giant,False,False,0.2773503988981247,0.2760976016521454,0.27791680097579957,1.799070894350801,1.1391592025756836,"{""num_rows"": ""32768"", ""segment_profile"": ""tiny_plus_giant"", ""shared_suffix"": ""0""}"
baseline,segments,sorted_order_strings_segments,Device=0 num_rows=2097152 shared_suffix=0 segment_profile=tiny_plus_giant,False,False,1.0900751888751985,1.0894288003444674,1.0960544109344483,0.3181824109042383,72.36474514007568,"{""num_rows"": ""2097152"", ""segment_profile"": ""tiny_plus_giant"", ""shared_suffix"": ""0""}"
baseline,segments,sorted_order_strings_segments,Device=0 num_rows=32768 shared_suffix=64 segment_profile=tiny_plus_giant,False,False,0.6839791983366011,0.6838255971670152,0.6855760008096695,0.6777966393567215,1.1391592025756836,"{""num_rows"": ""32768"", ""segment_profile"": ""tiny_plus_giant"", ""shared_suffix"": ""64""}"
baseline,segments,sorted_order_strings_segments,Device=0 num_rows=2097152 shared_suffix=64 segment_profile=tiny_plus_giant,False,False,3.203248023986816,3.203070390224457,3.210265588760376,0.38428416667228177,72.36474514007568,"{""num_rows"": ""2097152"", ""segment_profile"": ""tiny_plus_giant"", ""shared_suffix"": ""64""}"
baseline,segments,sorted_order_strings_segments,Device=0 num_rows=32768 shared_suffix=0 segment_profile=hot90,False,False,0.34690240025520325,0.34214080125093455,0.35002879947423937,0.9471701910208096,1.1391592025756836,"{""num_rows"": ""32768"", ""segment_profile"": ""hot90"", ""shared_suffix"": ""0""}"
baseline,segments,sorted_order_strings_segments,Device=0 num_rows=2097152 shared_suffix=0 segment_profile=hot90,False,False,3.786356794834138,3.779427194595337,3.786924815177918,0.22667578557964235,72.36474514007568,"{""num_rows"": ""2097152"", ""segment_profile"": ""hot90"", ""shared_suffix"": ""0""}"
baseline,segments,sorted_order_strings_segments,Device=0 num_rows=32768 shared_suffix=64 segment_profile=hot90,False,False,0.78605760037899,0.7827839940786362,0.7860895991325378,0.8172420671829276,1.1391592025756836,"{""num_rows"": ""32768"", ""segment_profile"": ""hot90"", ""shared_suffix"": ""64""}"
baseline,segments,sorted_order_strings_segments,Device=0 num_rows=2097152 shared_suffix=64 segment_profile=hot90,False,False,13.29826717376709,13.278889513015747,13.314462375640874,0.28827610909666945,72.36474514007568,"{""num_rows"": ""2097152"", ""segment_profile"": ""hot90"", ""shared_suffix"": ""64""}"
baseline,segments,sorted_order_strings_segments,Device=0 num_rows=32768 shared_suffix=0 segment_profile=few_giants,False,False,0.22471359968185425,0.22356480062007902,0.22559040263295177,1.1179217229550036,1.1391592025756836,"{""num_rows"": ""32768"", ""segment_profile"": ""few_giants"", ""shared_suffix"": ""0""}"
baseline,segments,sorted_order_strings_segments,Device=0 num_rows=2097152 shared_suffix=0 segment_profile=few_giants,False,False,1.0174880027770996,1.0158111989498138,1.0210831880569455,0.44400416411317833,72.36474514007568,"{""num_rows"": ""2097152"", ""segment_profile"": ""few_giants"", ""shared_suffix"": ""0""}"
baseline,segments,sorted_order_strings_segments,Device=0 num_rows=32768 shared_suffix=64 segment_profile=few_giants,False,False,0.3948400020599366,0.39367199540138254,0.39637279957532884,0.9505753818638002,1.1391592025756836,"{""num_rows"": ""32768"", ""segment_profile"": ""few_giants"", ""shared_suffix"": ""64""}"
baseline,segments,sorted_order_strings_segments,Device=0 num_rows=2097152 shared_suffix=64 segment_profile=few_giants,False,False,3.0566351890563968,3.0530496001243588,3.05776960849762,0.2261539656786935,72.36474514007568,"{""num_rows"": ""2097152"", ""segment_profile"": ""few_giants"", ""shared_suffix"": ""64""}"
baseline,segments,sorted_order_strings_segments,Device=0 num_rows=32768 shared_suffix=0 segment_profile=one_segment,False,False,0.3312368020415306,0.33025279790163037,0.33151520043611526,0.5299426361993467,1.1391592025756836,"{""num_rows"": ""32768"", ""segment_profile"": ""one_segment"", ""shared_suffix"": ""0""}"
baseline,segments,sorted_order_strings_segments,Device=0 num_rows=2097152 shared_suffix=0 segment_profile=one_segment,False,False,3.941921603679656,3.9397040009498605,3.946836817264556,0.42241436566342355,72.36474514007568,"{""num_rows"": ""2097152"", ""segment_profile"": ""one_segment"", ""shared_suffix"": ""0""}"
baseline,segments,sorted_order_strings_segments,Device=0 num_rows=32768 shared_suffix=64 segment_profile=one_segment,False,False,0.7350656002759933,0.7345184028148651,0.7350975990295411,0.38750408172785306,1.1391592025756836,"{""num_rows"": ""32768"", ""segment_profile"": ""one_segment"", ""shared_suffix"": ""64""}"
baseline,segments,sorted_order_strings_segments,Device=0 num_rows=2097152 shared_suffix=64 segment_profile=one_segment,False,False,13.700187158584596,13.679171228408816,13.703801679611205,0.9329107905818481,72.36474514007568,"{""num_rows"": ""2097152"", ""segment_profile"": ""one_segment"", ""shared_suffix"": ""64""}"
prefix,pr-zero-collisions,sorted_order_strings_segmented_diagnostics,Device=0 num_rows=32768 profile=zero_collision_pass1,False,False,0.18745599910616878,0.18713279962539675,0.18750559985637666,0.5529088947734715,0.5005626678466797,"{""num_rows"": ""32768"", ""profile"": ""zero_collision_pass1""}"
prefix,pr-zero-collisions,sorted_order_strings_segmented_diagnostics,Device=0 num_rows=32768 profile=zero_collision_pass2,False,False,0.5474288046360016,0.5470640033483506,0.5490000039339065,0.5451799543213153,0.5005626678466797,"{""num_rows"": ""32768"", ""profile"": ""zero_collision_pass2""}"
baseline,pr-diagnostics,sorted_order_strings_segmented_diagnostics,Device=0 num_rows=262144 profile=finish_257,False,False,0.21569759994745255,0.21268960013985633,0.21608959957957266,1.468817715561578,9.053221702575684,"{""num_rows"": ""262144"", ""profile"": ""finish_257""}"
baseline,pr-diagnostics,sorted_order_strings_segmented_diagnostics,Device=0 num_rows=2097152 profile=finish_257,False,False,0.41264639943838116,0.41138560324907303,0.41661920100450517,1.0008830490814533,72.36474514007568,"{""num_rows"": ""2097152"", ""profile"": ""finish_257""}"
baseline,pr-diagnostics,sorted_order_strings_segmented_diagnostics,Device=0 num_rows=262144 profile=finish_1024,False,False,0.24103199988603596,0.24083039984107016,0.2464784011244774,13.626605198114886,9.053221702575684,"{""num_rows"": ""262144"", ""profile"": ""finish_1024""}"
baseline,pr-diagnostics,sorted_order_strings_segmented_diagnostics,Device=0 num_rows=2097152 profile=finish_1024,False,False,0.4393920004367827,0.4339120015501976,0.440691202878952,1.0274919017108821,72.36474514007568,"{""num_rows"": ""2097152"", ""profile"": ""finish_1024""}"
baseline,pr-diagnostics,sorted_order_strings_segmented_diagnostics,Device=0 num_rows=262144 profile=finish_4096,False,False,0.2798784017562866,0.2781920030713081,0.28350879848003396,1.2180305653937553,9.053221702575684,"{""num_rows"": ""262144"", ""profile"": ""finish_4096""}"
baseline,pr-diagnostics,sorted_order_strings_segmented_diagnostics,Device=0 num_rows=2097152 profile=finish_4096,False,False,0.48063360154628754,0.47801920026540756,0.4898480013012886,4.335979027716417,72.36474514007568,"{""num_rows"": ""2097152"", ""profile"": ""finish_4096""}"
baseline,pr-diagnostics,sorted_order_strings_segmented_diagnostics,Device=0 num_rows=262144 profile=active_50,False,False,0.3349920004606247,0.3315824031829834,0.33609119951725,1.8340277134521754,9.053221702575684,"{""num_rows"": ""262144"", ""profile"": ""active_50""}"
baseline,pr-diagnostics,sorted_order_strings_segmented_diagnostics,Device=0 num_rows=2097152 profile=active_50,False,False,0.8830991953611373,0.8813136041164397,0.8872608065605164,0.5181345621185779,72.36474514007568,"{""num_rows"": ""2097152"", ""profile"": ""active_50""}"
baseline,pr-diagnostics,sorted_order_strings_segmented_diagnostics,Device=0 num_rows=262144 profile=active_10,False,False,0.29743839949369427,0.2952703967690468,0.2977711990475655,1.163793049633507,9.053221702575684,"{""num_rows"": ""262144"", ""profile"": ""active_10""}"
baseline,pr-diagnostics,sorted_order_strings_segmented_diagnostics,Device=0 num_rows=2097152 profile=active_10,False,False,0.5444464027881621,0.5410431981086731,0.5473280042409896,0.6721071071538732,72.36474514007568,"{""num_rows"": ""2097152"", ""profile"": ""active_10""}"
baseline,pr-diagnostics,sorted_order_strings_segmented_diagnostics,Device=0 num_rows=262144 profile=active_1,False,False,0.2402383983135223,0.23716000244021415,0.24139040112495427,2.165996447912359,9.053221702575684,"{""num_rows"": ""262144"", ""profile"": ""active_1""}"
baseline,pr-diagnostics,sorted_order_strings_segmented_diagnostics,Device=0 num_rows=2097152 profile=active_1,False,False,0.4881615966558457,0.4879248008131981,0.4978623986244201,4.385139130542267,72.36474514007568,"{""num_rows"": ""2097152"", ""profile"": ""active_1""}"
baseline,pr-diagnostics,sorted_order_strings_segmented_diagnostics,Device=0 num_rows=262144 profile=active_0_1,False,False,0.19677920043468475,0.19512800052762036,0.19715200066566466,1.5457975725458348,9.053221702575684,"{""num_rows"": ""262144"", ""profile"": ""active_0_1""}"
baseline,pr-diagnostics,sorted_order_strings_segmented_diagnostics,Device=0 num_rows=2097152 profile=active_0_1,False,False,0.42093279808759687,0.41827839761972413,0.42325439751148225,1.0595173522080903,72.36474514007568,"{""num_rows"": ""2097152"", ""profile"": ""active_0_1""}"
baseline,pr-diagnostics,sorted_order_strings_segmented_diagnostics,Device=0 num_rows=262144 profile=duplicates_6,False,False,0.2339071996510029,0.2287199981510639,0.2370831996202469,1.6035852280639626,9.053221702575684,"{""num_rows"": ""262144"", ""profile"": ""duplicates_6""}"
baseline,pr-diagnostics,sorted_order_strings_segmented_diagnostics,Device=0 num_rows=2097152 profile=duplicates_6,False,False,0.9853663980960846,0.9825152009725572,0.990073600411415,0.35827412483381826,72.36474514007568,"{""num_rows"": ""2097152"", ""profile"": ""duplicates_6""}"
baseline,pr-diagnostics,sorted_order_strings_segmented_diagnostics,Device=0 num_rows=262144 profile=duplicates_8,False,False,0.23391359969973566,0.22873120084404946,0.23792639970779422,1.4451926907399713,9.053221702575684,"{""num_rows"": ""262144"", ""profile"": ""duplicates_8""}"
baseline,pr-diagnostics,sorted_order_strings_segmented_diagnostics,Device=0 num_rows=2097152 profile=duplicates_8,False,False,0.9851648002862932,0.9823904007673263,0.989404797554016,0.4320943240201481,72.36474514007568,"{""num_rows"": ""2097152"", ""profile"": ""duplicates_8""}"
baseline,pr-diagnostics,sorted_order_strings_segmented_diagnostics,Device=0 num_rows=262144 profile=duplicates_12,False,False,0.3503951981663704,0.34892640411853787,0.35211840122938154,1.2549452533577488,9.053221702575684,"{""num_rows"": ""262144"", ""profile"": ""duplicates_12""}"
baseline,pr-diagnostics,sorted_order_strings_segmented_diagnostics,Device=0 num_rows=2097152 profile=duplicates_12,False,False,2.061299216747284,2.0533951997756956,2.0682192206382757,1.2552776278880433,72.36474514007568,"{""num_rows"": ""2097152"", ""profile"": ""duplicates_12""}"
baseline,pr-diagnostics,sorted_order_strings_segmented_diagnostics,Device=0 num_rows=262144 profile=duplicates_16,False,False,0.3004224002361297,0.29778080135583884,0.3040160000324249,1.2891405707867394,9.053221702575684,"{""num_rows"": ""262144"", ""profile"": ""duplicates_16""}"
baseline,pr-diagnostics,sorted_order_strings_segmented_diagnostics,Device=0 num_rows=2097152 profile=duplicates_16,False,False,1.6010432124137879,1.6005327999591827,1.606551992893219,0.3356791459436714,72.36474514007568,"{""num_rows"": ""2097152"", ""profile"": ""duplicates_16""}"
baseline,pr-diagnostics,sorted_order_strings_segmented_diagnostics,Device=0 num_rows=262144 profile=duplicates_24,False,False,0.36154880374670023,0.3592575997114182,0.3618464037775993,0.8494507777779443,9.053221702575684,"{""num_rows"": ""262144"", ""profile"": ""duplicates_24""}"
baseline,pr-diagnostics,sorted_order_strings_segmented_diagnostics,Device=0 num_rows=2097152 profile=duplicates_24,False,False,2.0688015937805173,2.0679935932159426,2.074504017829895,0.19676677536269246,72.36474514007568,"{""num_rows"": ""2097152"", ""profile"": ""duplicates_24""}"
baseline,pr-diagnostics,sorted_order_strings_segmented_diagnostics,Device=0 num_rows=262144 profile=duplicates_32,False,False,0.4030415982007979,0.400244802236557,0.4037728011608125,0.9312416590096746,9.053221702575684,"{""num_rows"": ""262144"", ""profile"": ""duplicates_32""}"
baseline,pr-diagnostics,sorted_order_strings_segmented_diagnostics,Device=0 num_rows=2097152 profile=duplicates_32,False,False,2.50824476480484,2.5060176253318787,2.5117167830467224,0.1706877035944123,72.36474514007568,"{""num_rows"": ""2097152"", ""profile"": ""duplicates_32""}"
baseline,pr-diagnostics,sorted_order_strings_segmented_diagnostics,Device=0 num_rows=262144 profile=rle_misaligned,False,False,0.6264559984207153,0.6240863978862763,0.6278415977954865,3.7922963099508054,9.053221702575684,"{""num_rows"": ""262144"", ""profile"": ""rle_misaligned""}"
baseline,pr-diagnostics,sorted_order_strings_segmented_diagnostics,Device=0 num_rows=2097152 profile=rle_misaligned,False,False,3.8498832106590277,3.844059181213379,3.860267186164856,1.175223419519667,72.36474514007568,"{""num_rows"": ""2097152"", ""profile"": ""rle_misaligned""}"
pr2-p32-c4096,target,sorted_order_strings_cardinality,Device=0 num_rows=262144 max_width=32 cardinality=1,False,False,0.0071824000682681795,0.007063999981619416,0.007313599996268749,17.055225306616485,1.0,"{""cardinality"": ""1"", ""max_width"": ""32"", ""num_rows"": ""262144""}"
pr2-p32-c4096,target,sorted_order_strings_cardinality,Device=0 num_rows=2097152 max_width=32 cardinality=1,False,False,0.00841279998421669,0.008398399921134113,0.00852799997664988,4.299708913567199,8.0,"{""cardinality"": ""1"", ""max_width"": ""32"", ""num_rows"": ""2097152""}"
pr2-p32-c4096,target,sorted_order_strings_cardinality,Device=0 num_rows=262144 max_width=128 cardinality=1,False,False,19.493948841094973,19.472724819183348,19.518641471862793,1.8775607561435894,9.80456829071045,"{""cardinality"": ""1"", ""max_width"": ""128"", ""num_rows"": ""262144""}"
pr2-p32-c4096,target,sorted_order_strings_cardinality,Device=0 num_rows=2097152 max_width=128 cardinality=1,False,False,213.62368545532223,213.61002502441403,213.64495468139648,0.050095075939509424,78.37292766571045,"{""cardinality"": ""1"", ""max_width"": ""128"", ""num_rows"": ""2097152""}"
pr2-p32-c4096,target,sorted_order_strings_cardinality,Device=0 num_rows=262144 max_width=32 cardinality=64,False,False,0.7300400078296662,0.7266624003648758,0.734427198767662,1.8529866231937455,10.804566383361816,"{""cardinality"": ""64"", ""max_width"": ""32"", ""num_rows"": ""262144""}"
pr2-p32-c4096,target,sorted_order_strings_cardinality,Device=0 num_rows=2097152 max_width=32 cardinality=64,False,False,1.7137712121009827,1.7125087916851043,1.7267903923988341,0.6899848794426311,86.37292575836182,"{""cardinality"": ""64"", ""max_width"": ""32"", ""num_rows"": ""2097152""}"
pr2-p32-c4096,target,sorted_order_strings_cardinality,Device=0 num_rows=262144 max_width=128 cardinality=64,False,False,2.4346879959106444,2.418207979202271,2.4731855988502507,1.9600006096169822,10.804566383361816,"{""cardinality"": ""64"", ""max_width"": ""128"", ""num_rows"": ""262144""}"
pr2-p32-c4096,target,sorted_order_strings_cardinality,Device=0 num_rows=2097152 max_width=128 cardinality=64,False,False,7.001279973983763,6.999398398399352,7.032359957695006,0.39911983488264086,86.37292575836182,"{""cardinality"": ""64"", ""max_width"": ""128"", ""num_rows"": ""2097152""}"
pr2-p32-c4096,target,sorted_order_strings_cardinality,Device=0 num_rows=262144 max_width=32 cardinality=0,False,False,0.3442576006054878,0.3436735972762108,0.3488528028130531,1.17104941348664,10.804566383361816,"{""cardinality"": ""0"", ""max_width"": ""32"", ""num_rows"": ""262144""}"
pr2-p32-c4096,target,sorted_order_strings_cardinality,Device=0 num_rows=2097152 max_width=32 cardinality=0,False,False,0.8508992046117783,0.8505599975585938,0.8577040046453475,0.6985163102595554,86.37292575836182,"{""cardinality"": ""0"", ""max_width"": ""32"", ""num_rows"": ""2097152""}"
pr2-p32-c4096,target,sorted_order_strings_cardinality,Device=0 num_rows=262144 max_width=128 cardinality=0,False,False,0.3695263981819153,0.3676559984683991,0.3780416011810302,1.9077978403537428,10.804566383361816,"{""cardinality"": ""0"", ""max_width"": ""128"", ""num_rows"": ""262144""}"
pr2-p32-c4096,target,sorted_order_strings_cardinality,Device=0 num_rows=2097152 max_width=128 cardinality=0,False,False,0.81013759970665,0.8065040051937101,0.8167135983705522,1.5636473315653532,86.37292575836182,"{""cardinality"": ""0"", ""max_width"": ""128"", ""num_rows"": ""2097152""}"
pr2-p32-c4096,target,sorted_order_strings_prefixes,Device=0 num_rows=262144 prefix_width=4 suffix_width=32 prefix_cardinality=1,False,False,0.35260159820318215,0.35251200050115583,0.35702879875898363,3.4848669297267794,10.814481735229492,"{""num_rows"": ""262144"", ""prefix_cardinality"": ""1"", ""prefix_width"": ""4"", ""suffix_width"": ""32""}"
pr2-p32-c4096,target,sorted_order_strings_prefixes,Device=0 num_rows=2097152 prefix_width=4 suffix_width=32 prefix_cardinality=1,False,False,1.179297602176666,1.1759007990360257,1.1869887888431552,0.5196917538141961,86.83736610412598,"{""num_rows"": ""2097152"", ""prefix_cardinality"": ""1"", ""prefix_width"": ""4"", ""suffix_width"": ""32""}"
pr2-p32-c4096,target,sorted_order_strings_prefixes,Device=0 num_rows=262144 prefix_width=8 suffix_width=32 prefix_cardinality=1,False,False,4.0293168306350715,4.028227186203003,4.037025547027588,0.13869417312017396,10.804566383361816,"{""num_rows"": ""262144"", ""prefix_cardinality"": ""1"", ""prefix_width"": ""8"", ""suffix_width"": ""32""}"
pr2-p32-c4096,target,sorted_order_strings_prefixes,Device=0 num_rows=2097152 prefix_width=8 suffix_width=32 prefix_cardinality=1,False,False,34.50826530456544,34.50815010070801,34.515355300903316,0.03630168021953439,86.37292575836182,"{""num_rows"": ""2097152"", ""prefix_cardinality"": ""1"", ""prefix_width"": ""8"", ""suffix_width"": ""32""}"
pr2-p32-c4096,target,sorted_order_strings_prefixes,Device=0 num_rows=262144 prefix_width=10 suffix_width=32 prefix_cardinality=1,False,False,3.4436239957809445,3.4411584019660957,3.446742403507233,0.25522697932192767,10.804566383361816,"{""num_rows"": ""262144"", ""prefix_cardinality"": ""1"", ""prefix_width"": ""10"", ""suffix_width"": ""32""}"
pr2-p32-c4096,target,sorted_order_strings_prefixes,Device=0 num_rows=2097152 prefix_width=10 suffix_width=32 prefix_cardinality=1,False,False,29.88096141815186,29.87891511917114,29.892015933990482,0.033914881317251136,86.38603019714355,"{""num_rows"": ""2097152"", ""prefix_cardinality"": ""1"", ""prefix_width"": ""10"", ""suffix_width"": ""32""}"
pr2-p32-c4096,target,sorted_order_strings_prefixes,Device=0 num_rows=262144 prefix_width=11 suffix_width=32 prefix_cardinality=1,False,False,3.2416623830795284,3.237279999256134,3.2432479977607738,0.15856886042908216,10.804566383361816,"{""num_rows"": ""262144"", ""prefix_cardinality"": ""1"", ""prefix_width"": ""11"", ""suffix_width"": ""32""}"
pr2-p32-c4096,target,sorted_order_strings_prefixes,Device=0 num_rows=2097152 prefix_width=11 suffix_width=32 prefix_cardinality=1,False,False,28.381969738006585,28.38005599975586,28.39173917770385,0.038958533726415785,86.42692375183105,"{""num_rows"": ""2097152"", ""prefix_cardinality"": ""1"", ""prefix_width"": ""11"", ""suffix_width"": ""32""}"
pr2-p32-c4096,target,sorted_order_strings_prefixes,Device=0 num_rows=262144 prefix_width=12 suffix_width=32 prefix_cardinality=1,False,False,3.039516794681549,3.0390271782875056,3.0421999812126153,0.36248028107488983,10.814481735229492,"{""num_rows"": ""262144"", ""prefix_cardinality"": ""1"", ""prefix_width"": ""12"", ""suffix_width"": ""32""}"
pr2-p32-c4096,target,sorted_order_strings_prefixes,Device=0 num_rows=2097152 prefix_width=12 suffix_width=32 prefix_cardinality=1,False,False,27.03484630584717,27.034299373626705,27.036136054992674,0.04847609548496978,86.83736610412598,"{""num_rows"": ""2097152"", ""prefix_cardinality"": ""1"", ""prefix_width"": ""12"", ""suffix_width"": ""32""}"
pr2-p32-c4096,target,sorted_order_strings_prefixes,Device=0 num_rows=262144 prefix_width=64 suffix_width=32 prefix_cardinality=1,False,False,14.333270406723026,14.331196832656861,14.33907046318054,0.13388148918740173,10.804566383361816,"{""num_rows"": ""262144"", ""prefix_cardinality"": ""1"", ""prefix_width"": ""64"", ""suffix_width"": ""32""}"
pr2-p32-c4096,target,sorted_order_strings_prefixes,Device=0 num_rows=2097152 prefix_width=64 suffix_width=32 prefix_cardinality=1,False,False,150.22513961791992,150.2139045715332,150.225830078125,0.022785501734687887,86.37292575836182,"{""num_rows"": ""2097152"", ""prefix_cardinality"": ""1"", ""prefix_width"": ""64"", ""suffix_width"": ""32""}"
pr2-p32-c4096,target,sorted_order_strings_prefixes,Device=0 num_rows=262144 prefix_width=4 suffix_width=32 prefix_cardinality=64,False,False,0.3383280023932457,0.3347088009119034,0.3416000008583069,1.208114968880282,10.804566383361816,"{""num_rows"": ""262144"", ""prefix_cardinality"": ""64"", ""prefix_width"": ""4"", ""suffix_width"": ""32""}"
pr2-p32-c4096,target,sorted_order_strings_prefixes,Device=0 num_rows=2097152 prefix_width=4 suffix_width=32 prefix_cardinality=64,False,False,0.5924736022949219,0.5909792006015778,0.5975007981061935,0.8589465301840592,86.37292575836182,"{""num_rows"": ""2097152"", ""prefix_cardinality"": ""64"", ""prefix_width"": ""4"", ""suffix_width"": ""32""}"
pr2-p32-c4096,target,sorted_order_strings_prefixes,Device=0 num_rows=262144 prefix_width=8 suffix_width=32 prefix_cardinality=64,False,False,0.6652719914913177,0.6635343998670579,0.6675552040338516,0.6623570837706175,10.804566383361816,"{""num_rows"": ""262144"", ""prefix_cardinality"": ""64"", ""prefix_width"": ""8"", ""suffix_width"": ""32""}"
pr2-p32-c4096,target,sorted_order_strings_prefixes,Device=0 num_rows=2097152 prefix_width=8 suffix_width=32 prefix_cardinality=64,False,False,1.4259008049964903,1.4229727983474734,1.4308032095432284,0.6118211147537966,86.37292575836182,"{""num_rows"": ""2097152"", ""prefix_cardinality"": ""64"", ""prefix_width"": ""8"", ""suffix_width"": ""32""}"
pr2-p32-c4096,target,sorted_order_strings_prefixes,Device=0 num_rows=262144 prefix_width=10 suffix_width=32 prefix_cardinality=64,False,False,0.7356079995632172,0.7326335966587068,0.7414912015199662,0.8424103190865639,10.804566383361816,"{""num_rows"": ""262144"", ""prefix_cardinality"": ""64"", ""prefix_width"": ""10"", ""suffix_width"": ""32""}"
pr2-p32-c4096,target,sorted_order_strings_prefixes,Device=0 num_rows=2097152 prefix_width=10 suffix_width=32 prefix_cardinality=64,False,False,1.3581727981567382,1.3565023958683016,1.3634063959121705,0.3472355250297233,86.37292575836182,"{""num_rows"": ""2097152"", ""prefix_cardinality"": ""64"", ""prefix_width"": ""10"", ""suffix_width"": ""32""}"
pr2-p32-c4096,target,sorted_order_strings_prefixes,Device=0 num_rows=262144 prefix_width=11 suffix_width=32 prefix_cardinality=64,False,False,0.7838607996702194,0.780462396144867,0.789995202422142,1.84947432255588,10.804566383361816,"{""num_rows"": ""262144"", ""prefix_cardinality"": ""64"", ""prefix_width"": ""11"", ""suffix_width"": ""32""}"
pr2-p32-c4096,target,sorted_order_strings_prefixes,Device=0 num_rows=2097152 prefix_width=11 suffix_width=32 prefix_cardinality=64,False,False,1.3402575969696044,1.3366527974605562,1.345030403137207,0.49477174207056307,86.37292575836182,"{""num_rows"": ""2097152"", ""prefix_cardinality"": ""64"", ""prefix_width"": ""11"", ""suffix_width"": ""32""}"
pr2-p32-c4096,target,sorted_order_strings_prefixes,Device=0 num_rows=262144 prefix_width=12 suffix_width=32 prefix_cardinality=64,False,False,0.8186319977045058,0.8177808046340941,0.827601596713066,0.6971111730210533,10.804566383361816,"{""num_rows"": ""262144"", ""prefix_cardinality"": ""64"", ""prefix_width"": ""12"", ""suffix_width"": ""32""}"
pr2-p32-c4096,target,sorted_order_strings_prefixes,Device=0 num_rows=2097152 prefix_width=12 suffix_width=32 prefix_cardinality=64,False,False,1.3320288121700286,1.3221584022045139,1.3369840025901794,4.1017766285803035,86.37292575836182,"{""num_rows"": ""2097152"", ""prefix_cardinality"": ""64"", ""prefix_width"": ""12"", ""suffix_width"": ""32""}"
pr2-p32-c4096,target,sorted_order_strings_prefixes,Device=0 num_rows=262144 prefix_width=64 suffix_width=32 prefix_cardinality=64,False,False,4.457692790031433,4.447033572196961,4.481996774673462,0.5644938717124826,10.804566383361816,"{""num_rows"": ""262144"", ""prefix_cardinality"": ""64"", ""prefix_width"": ""64"", ""suffix_width"": ""32""}"
pr2-p32-c4096,target,sorted_order_strings_prefixes,Device=0 num_rows=2097152 prefix_width=64 suffix_width=32 prefix_cardinality=64,False,False,5.98787522315979,5.984598398208619,6.001718378067016,0.2641341389842232,86.37292575836182,"{""num_rows"": ""2097152"", ""prefix_cardinality"": ""64"", ""prefix_width"": ""64"", ""suffix_width"": ""32""}"
pr1-p32-c512,segments,sorted_order_strings_segments,Device=0 num_rows=32768 shared_suffix=0 segment_profile=singletons,False,False,0.18825120031833648,0.1879487991333008,0.18880160003900523,1.5802720914084067,1.2340106964111328,"{""num_rows"": ""32768"", ""segment_profile"": ""singletons"", ""shared_suffix"": ""0""}"
pr1-p32-c512,segments,sorted_order_strings_segments,Device=0 num_rows=2097152 shared_suffix=0 segment_profile=singletons,False,False,0.39342879951000215,0.3924464002251625,0.6327503964304924,166.22063883891337,78.42737007141113,"{""num_rows"": ""2097152"", ""segment_profile"": ""singletons"", ""shared_suffix"": ""0""}"
pr1-p32-c512,segments,sorted_order_strings_segments,Device=0 num_rows=32768 shared_suffix=64 segment_profile=singletons,False,False,0.2236704014241696,0.22337279990315437,0.22715520188212396,4.046518707943939,1.2340106964111328,"{""num_rows"": ""32768"", ""segment_profile"": ""singletons"", ""shared_suffix"": ""64""}"
pr1-p32-c512,segments,sorted_order_strings_segments,Device=0 num_rows=2097152 shared_suffix=64 segment_profile=singletons,False,False,0.47636000066995626,0.4758143961429596,0.4787008002400399,0.6871109141609081,78.42737007141113,"{""num_rows"": ""2097152"", ""segment_profile"": ""singletons"", ""shared_suffix"": ""64""}"
pr1-p32-c512,segments,sorted_order_strings_segments,Device=0 num_rows=32768 shared_suffix=0 segment_profile=pairs,False,False,0.5334111958742144,0.5317151993513108,0.5399824023246764,0.9784068031864956,1.6575984954833984,"{""num_rows"": ""32768"", ""segment_profile"": ""pairs"", ""shared_suffix"": ""0""}"
pr1-p32-c512,segments,sorted_order_strings_segments,Device=0 num_rows=2097152 shared_suffix=0 segment_profile=pairs,False,False,13.348580837249754,13.346222400665287,13.350254344940183,0.1090937074643639,106.0628719329834,"{""num_rows"": ""2097152"", ""segment_profile"": ""pairs"", ""shared_suffix"": ""0""}"
pr1-p32-c512,segments,sorted_order_strings_segments,Device=0 num_rows=32768 shared_suffix=64 segment_profile=pairs,False,False,0.664462399482727,0.6629535973072052,0.6671952068805694,0.6846866727360171,1.6575984954833984,"{""num_rows"": ""32768"", ""segment_profile"": ""pairs"", ""shared_suffix"": ""64""}"
pr1-p32-c512,segments,sorted_order_strings_segments,Device=0 num_rows=2097152 shared_suffix=64 segment_profile=pairs,False,False,20.565500640869143,20.563420677185064,20.569475269317632,0.057358503155360493,106.0628719329834,"{""num_rows"": ""2097152"", ""segment_profile"": ""pairs"", ""shared_suffix"": ""64""}"
pr1-p32-c512,segments,sorted_order_strings_segments,Device=0 num_rows=32768 shared_suffix=0 segment_profile=tiny4,False,False,0.4734159991145135,0.4725775986909866,0.49180320054292687,1.1680086321787575,1.5013484954833984,"{""num_rows"": ""32768"", ""segment_profile"": ""tiny4"", ""shared_suffix"": ""0""}"
pr1-p32-c512,segments,sorted_order_strings_segments,Device=0 num_rows=2097152 shared_suffix=0 segment_profile=tiny4,False,False,8.593486356735228,8.593406343460085,8.604027223587035,0.40982757821258053,96.0628719329834,"{""num_rows"": ""2097152"", ""segment_profile"": ""tiny4"", ""shared_suffix"": ""0""}"
pr1-p32-c512,segments,sorted_order_strings_segments,Device=0 num_rows=32768 shared_suffix=64 segment_profile=tiny4,False,False,0.6908096015453339,0.689392000436783,0.6920399993658064,0.36738769346717354,1.5013484954833984,"{""num_rows"": ""32768"", ""segment_profile"": ""tiny4"", ""shared_suffix"": ""64""}"
pr1-p32-c512,segments,sorted_order_strings_segments,Device=0 num_rows=2097152 shared_suffix=64 segment_profile=tiny4,False,False,20.941135883331302,20.93801622390747,20.94730072021484,0.1347596267068388,96.0628719329834,"{""num_rows"": ""2097152"", ""segment_profile"": ""tiny4"", ""shared_suffix"": ""64""}"
pr1-p32-c512,segments,sorted_order_strings_segments,Device=0 num_rows=32768 shared_suffix=0 segment_profile=tiny8,False,False,0.36288640350103385,0.36195039898157116,0.36343520134687424,0.9925187926797432,1.4232234954833984,"{""num_rows"": ""32768"", ""segment_profile"": ""tiny8"", ""shared_suffix"": ""0""}"
pr1-p32-c512,segments,sorted_order_strings_segments,Device=0 num_rows=2097152 shared_suffix=0 segment_profile=tiny8,False,False,5.736995220184326,5.73391523361206,5.737500834465026,0.13496966784769784,91.0628719329834,"{""num_rows"": ""2097152"", ""segment_profile"": ""tiny8"", ""shared_suffix"": ""0""}"
pr1-p32-c512,segments,sorted_order_strings_segments,Device=0 num_rows=32768 shared_suffix=64 segment_profile=tiny8,False,False,0.6038128048181535,0.6019007951021195,0.6054576009511947,0.704654511981134,1.4232234954833984,"{""num_rows"": ""32768"", ""segment_profile"": ""tiny8"", ""shared_suffix"": ""64""}"
pr1-p32-c512,segments,sorted_order_strings_segments,Device=0 num_rows=2097152 shared_suffix=64 segment_profile=tiny8,False,False,19.36418228149414,19.362422370910647,19.366516780853274,0.03194232228527221,91.0628719329834,"{""num_rows"": ""2097152"", ""segment_profile"": ""tiny8"", ""shared_suffix"": ""64""}"
pr1-p32-c512,segments,sorted_order_strings_segments,Device=0 num_rows=32768 shared_suffix=0 segment_profile=tiny16,False,False,0.341056002676487,0.3402063995599747,0.3411087974905968,0.5054256828963313,1.3841609954833984,"{""num_rows"": ""32768"", ""segment_profile"": ""tiny16"", ""shared_suffix"": ""0""}"
pr1-p32-c512,segments,sorted_order_strings_segments,Device=0 num_rows=2097152 shared_suffix=0 segment_profile=tiny16,False,False,4.082068777084351,4.0812415599823,4.082857584953309,0.1867727730558185,88.5628719329834,"{""num_rows"": ""2097152"", ""segment_profile"": ""tiny16"", ""shared_suffix"": ""0""}"
pr1-p32-c512,segments,sorted_order_strings_segments,Device=0 num_rows=32768 shared_suffix=64 segment_profile=tiny16,False,False,0.5627456039190292,0.5613535970449447,0.5631552070379258,0.43311993855871456,1.3841609954833984,"{""num_rows"": ""32768"", ""segment_profile"": ""tiny16"", ""shared_suffix"": ""64""}"
pr1-p32-c512,segments,sorted_order_strings_segments,Device=0 num_rows=2097152 shared_suffix=64 segment_profile=tiny16,False,False,16.503091049194335,16.49899339675904,16.503709030151366,0.05630168638643862,88.5628719329834,"{""num_rows"": ""2097152"", ""segment_profile"": ""tiny16"", ""shared_suffix"": ""64""}"
pr1-p32-c512,segments,sorted_order_strings_segments,Device=0 num_rows=32768 shared_suffix=0 segment_profile=tiny32,False,False,0.3313439950346947,0.328889599442482,0.3315648004412651,0.9388903026433628,1.3646297454833984,"{""num_rows"": ""32768"", ""segment_profile"": ""tiny32"", ""shared_suffix"": ""0""}"
pr1-p32-c512,segments,sorted_order_strings_segments,Device=0 num_rows=2097152 shared_suffix=0 segment_profile=tiny32,False,False,3.0190591931343076,3.0173024177551273,3.0196591854095454,0.2132288856198259,87.3128719329834,"{""num_rows"": ""2097152"", ""segment_profile"": ""tiny32"", ""shared_suffix"": ""0""}"
pr1-p32-c512,segments,sorted_order_strings_segments,Device=0 num_rows=32768 shared_suffix=64 segment_profile=tiny32,False,False,0.5228848010301589,0.5204607993364333,0.5264927983283997,1.6441828613351743,1.3646297454833984,"{""num_rows"": ""32768"", ""segment_profile"": ""tiny32"", ""shared_suffix"": ""64""}"
pr1-p32-c512,segments,sorted_order_strings_segments,Device=0 num_rows=2097152 shared_suffix=64 segment_profile=tiny32,False,False,13.205705595016482,13.205022525787351,13.207918405532839,0.04121920339251967,87.3128719329834,"{""num_rows"": ""2097152"", ""segment_profile"": ""tiny32"", ""shared_suffix"": ""64""}"
pr1-p32-c512,segments,sorted_order_strings_segments,Device=0 num_rows=32768 shared_suffix=0 segment_profile=block256,False,False,0.36538239866495137,0.3627312019467354,0.36553439795970916,1.6067139417306433,1.3592538833618164,"{""num_rows"": ""32768"", ""segment_profile"": ""block256"", ""shared_suffix"": ""0""}"
pr1-p32-c512,segments,sorted_order_strings_segments,Device=0 num_rows=2097152 shared_suffix=0 segment_profile=block256,False,False,1.7918720066547391,1.7899936079978942,1.7941920042037964,0.41704790197206093,86.42761325836182,"{""num_rows"": ""2097152"", ""segment_profile"": ""block256"", ""shared_suffix"": ""0""}"
pr1-p32-c512,segments,sorted_order_strings_segments,Device=0 num_rows=32768 shared_suffix=64 segment_profile=block256,False,False,0.6639567971229554,0.6621951997280122,0.6701104074716568,1.6176654698797108,1.3592538833618164,"{""num_rows"": ""32768"", ""segment_profile"": ""block256"", ""shared_suffix"": ""64""}"
pr1-p32-c512,segments,sorted_order_strings_segments,Device=0 num_rows=2097152 shared_suffix=64 segment_profile=block256,False,False,10.344710397720336,10.34264163970947,10.356617498397828,0.17039567948166134,86.42761325836182,"{""num_rows"": ""2097152"", ""segment_profile"": ""block256"", ""shared_suffix"": ""64""}"
pr1-p32-c512,segments,sorted_order_strings_segments,Device=0 num_rows=32768 shared_suffix=0 segment_profile=logarithmic,False,False,0.6021887958049774,0.5998448014259339,0.6092416018247604,7.056025652125234,1.4554004669189453,"{""num_rows"": ""32768"", ""segment_profile"": ""logarithmic"", ""shared_suffix"": ""0""}"
pr1-p32-c512,segments,sorted_order_strings_segments,Device=0 num_rows=2097152 shared_suffix=0 segment_profile=logarithmic,False,False,5.697185611724853,5.694556760787964,5.69896960258484,0.29611716440229957,93.0735034942627,"{""num_rows"": ""2097152"", ""segment_profile"": ""logarithmic"", ""shared_suffix"": ""0""}"
pr1-p32-c512,segments,sorted_order_strings_segments,Device=0 num_rows=32768 shared_suffix=64 segment_profile=logarithmic,False,False,1.8692607939243313,1.8628112077713013,1.8747279822826386,0.49708591044479583,1.4554004669189453,"{""num_rows"": ""32768"", ""segment_profile"": ""logarithmic"", ""shared_suffix"": ""64""}"
pr1-p32-c512,segments,sorted_order_strings_segments,Device=0 num_rows=2097152 shared_suffix=64 segment_profile=logarithmic,False,False,10.525411319732665,10.516456031799317,10.533764886856082,0.5727155896419979,93.0735034942627,"{""num_rows"": ""2097152"", ""segment_profile"": ""logarithmic"", ""shared_suffix"": ""64""}"
pr1-p32-c512,segments,sorted_order_strings_segments,Device=0 num_rows=32768 shared_suffix=0 segment_profile=tiny_plus_giant,False,False,0.47596640288829795,0.47499359995126716,0.48449600189924236,9.501012891638515,1.3711719512939453,"{""num_rows"": ""32768"", ""segment_profile"": ""tiny_plus_giant"", ""shared_suffix"": ""0""}"
pr1-p32-c512,segments,sorted_order_strings_segments,Device=0 num_rows=2097152 shared_suffix=0 segment_profile=tiny_plus_giant,False,False,5.079675221443175,5.079641604423522,5.081811189651489,0.12262626581649007,87.37861824035645,"{""num_rows"": ""2097152"", ""segment_profile"": ""tiny_plus_giant"", ""shared_suffix"": ""0""}"
pr1-p32-c512,segments,sorted_order_strings_segments,Device=0 num_rows=32768 shared_suffix=64 segment_profile=tiny_plus_giant,False,False,1.4580064058303837,1.452854400873184,1.4615440070629118,2.3771763520467903,1.3711719512939453,"{""num_rows"": ""32768"", ""segment_profile"": ""tiny_plus_giant"", ""shared_suffix"": ""64""}"
pr1-p32-c512,segments,sorted_order_strings_segments,Device=0 num_rows=2097152 shared_suffix=64 segment_profile=tiny_plus_giant,False,False,24.20835981369018,24.199870491027834,24.21197786331177,0.1412229274212937,87.37861824035645,"{""num_rows"": ""2097152"", ""segment_profile"": ""tiny_plus_giant"", ""shared_suffix"": ""64""}"
pr1-p32-c512,segments,sorted_order_strings_segments,Device=0 num_rows=32768 shared_suffix=0 segment_profile=hot90,False,False,0.843000003695488,0.8425840020179749,0.8447951972484589,0.6269005646152502,1.4980297088623047,"{""num_rows"": ""32768"", ""segment_profile"": ""hot90"", ""shared_suffix"": ""0""}"
pr1-p32-c512,segments,sorted_order_strings_segments,Device=0 num_rows=2097152 shared_suffix=0 segment_profile=hot90,False,False,22.761678409576415,22.755345535278323,22.76402721405029,0.04754274247689084,86.42761325836182,"{""num_rows"": ""2097152"", ""segment_profile"": ""hot90"", ""shared_suffix"": ""0""}"
pr1-p32-c512,segments,sorted_order_strings_segments,Device=0 num_rows=32768 shared_suffix=64 segment_profile=hot90,False,False,2.882497608661652,2.8731616020202635,2.8851263999938963,0.8727010003329887,1.4980297088623047,"{""num_rows"": ""32768"", ""segment_profile"": ""hot90"", ""shared_suffix"": ""64""}"
pr1-p32-c512,segments,sorted_order_strings_segments,Device=0 num_rows=2097152 shared_suffix=64 segment_profile=hot90,False,False,138.0864540100098,138.08581695556637,138.0982208251953,0.019688303044571927,86.42761325836182,"{""num_rows"": ""2097152"", ""segment_profile"": ""hot90"", ""shared_suffix"": ""64""}"
pr1-p32-c512,segments,sorted_order_strings_segments,Device=0 num_rows=32768 shared_suffix=0 segment_profile=few_giants,False,False,0.43865760266780857,0.43536639660596843,0.43956320285797124,1.4046494768857938,1.3643245697021484,"{""num_rows"": ""32768"", ""segment_profile"": ""few_giants"", ""shared_suffix"": ""0""}"
pr1-p32-c512,segments,sorted_order_strings_segments,Device=0 num_rows=2097152 shared_suffix=0 segment_profile=few_giants,False,False,4.096756792068482,4.092910432815551,4.097235202789307,0.6181428534229685,88.43752098083496,"{""num_rows"": ""2097152"", ""segment_profile"": ""few_giants"", ""shared_suffix"": ""0""}"
pr1-p32-c512,segments,sorted_order_strings_segments,Device=0 num_rows=32768 shared_suffix=64 segment_profile=few_giants,False,False,1.3989968001842499,1.387695997953415,1.4103120148181914,1.2966735490597356,1.3643245697021484,"{""num_rows"": ""32768"", ""segment_profile"": ""few_giants"", ""shared_suffix"": ""64""}"
pr1-p32-c512,segments,sorted_order_strings_segments,Device=0 num_rows=2097152 shared_suffix=64 segment_profile=few_giants,False,False,15.446777629852294,15.445587205886843,15.457705640792847,0.0874860824779305,88.43752098083496,"{""num_rows"": ""2097152"", ""segment_profile"": ""few_giants"", ""shared_suffix"": ""64""}"
pr1-p32-c512,segments,sorted_order_strings_segments,Device=0 num_rows=32768 shared_suffix=0 segment_profile=one_segment,False,False,0.8466560035943987,0.8451120048761369,0.8475280046463012,0.4646915389875674,1.505086898803711,"{""num_rows"": ""32768"", ""segment_profile"": ""one_segment"", ""shared_suffix"": ""0""}"
pr1-p32-c512,segments,sorted_order_strings_segments,Device=0 num_rows=2097152 shared_suffix=0 segment_profile=one_segment,False,False,25.125497627258298,25.125209522247317,25.133040142059322,0.05458885155588699,86.42761325836182,"{""num_rows"": ""2097152"", ""segment_profile"": ""one_segment"", ""shared_suffix"": ""0""}"
pr1-p32-c512,segments,sorted_order_strings_segments,Device=0 num_rows=32768 shared_suffix=64 segment_profile=one_segment,False,False,2.9387680053710943,2.937974417209625,2.950156795978547,0.8595959230294985,1.505086898803711,"{""num_rows"": ""32768"", ""segment_profile"": ""one_segment"", ""shared_suffix"": ""64""}"
pr1-p32-c512,segments,sorted_order_strings_segments,Device=0 num_rows=2097152 shared_suffix=64 segment_profile=one_segment,False,False,154.43667373657226,154.4263900756836,154.45284729003905,0.01964997380777493,86.42761325836182,"{""num_rows"": ""2097152"", ""segment_profile"": ""one_segment"", ""shared_suffix"": ""64""}"
baseline,stable-warps-0,sorted_order_strings_segments,Device=0 num_rows=32768 shared_suffix=0 segment_profile=pairs,True,False,0.15848960056900976,0.15515359938144688,0.15940319895744326,1.9728530052681799,1.1391592025756836,"{""num_rows"": ""32768"", ""segment_profile"": ""pairs"", ""shared_suffix"": ""0""}"
baseline,stable-warps-0,sorted_order_strings_segments,Device=0 num_rows=2097152 shared_suffix=0 segment_profile=pairs,True,False,0.6577983945608138,0.6550031960010527,0.6585039973258972,1.2472591474235655,72.36474514007568,"{""num_rows"": ""2097152"", ""segment_profile"": ""pairs"", ""shared_suffix"": ""0""}"
baseline,stable-warps-0,sorted_order_strings_segments,Device=0 num_rows=32768 shared_suffix=64 segment_profile=pairs,True,False,0.1652671992778778,0.16122079938650127,0.1655936010181904,2.848357964199112,1.1391592025756836,"{""num_rows"": ""32768"", ""segment_profile"": ""pairs"", ""shared_suffix"": ""64""}"
baseline,stable-warps-0,sorted_order_strings_segments,Device=0 num_rows=2097152 shared_suffix=64 segment_profile=pairs,True,False,0.8631312012672424,0.8587551891803743,0.8653887987136842,0.9406919466501215,72.36474514007568,"{""num_rows"": ""2097152"", ""segment_profile"": ""pairs"", ""shared_suffix"": ""64""}"
baseline,stable-warps-0,sorted_order_strings_segments,Device=0 num_rows=32768 shared_suffix=0 segment_profile=tiny4,True,False,0.15856960117816926,0.15687200054526326,0.15904000028967855,0.9434398713444571,1.1391592025756836,"{""num_rows"": ""32768"", ""segment_profile"": ""tiny4"", ""shared_suffix"": ""0""}"
baseline,stable-warps-0,sorted_order_strings_segments,Device=0 num_rows=2097152 shared_suffix=0 segment_profile=tiny4,True,False,0.6245808005332947,0.6208815932273865,0.6258320003747939,0.8651887017016255,72.36474514007568,"{""num_rows"": ""2097152"", ""segment_profile"": ""tiny4"", ""shared_suffix"": ""0""}"
baseline,stable-warps-0,sorted_order_strings_segments,Device=0 num_rows=32768 shared_suffix=64 segment_profile=tiny4,True,False,0.17377280145883559,0.17266400083899497,0.17479680106043816,1.026971704234741,1.1391592025756836,"{""num_rows"": ""32768"", ""segment_profile"": ""tiny4"", ""shared_suffix"": ""64""}"
baseline,stable-warps-0,sorted_order_strings_segments,Device=0 num_rows=2097152 shared_suffix=64 segment_profile=tiny4,True,False,1.0683999955654144,1.0647199928760531,1.0690848052501678,0.6453838205125759,72.36474514007568,"{""num_rows"": ""2097152"", ""segment_profile"": ""tiny4"", ""shared_suffix"": ""64""}"
baseline,stable-warps-0,sorted_order_strings_segments,Device=0 num_rows=32768 shared_suffix=0 segment_profile=tiny8,True,False,0.16744000017642974,0.16741119921207426,0.169811201095581,1.9013338064269307,1.1391592025756836,"{""num_rows"": ""32768"", ""segment_profile"": ""tiny8"", ""shared_suffix"": ""0""}"
baseline,stable-warps-0,sorted_order_strings_segments,Device=0 num_rows=2097152 shared_suffix=0 segment_profile=tiny8,True,False,0.7114447951316835,0.7075488030910491,0.7114863991737365,0.5594543512523686,72.36474514007568,"{""num_rows"": ""2097152"", ""segment_profile"": ""tiny8"", ""shared_suffix"": ""0""}"
baseline,stable-warps-0,sorted_order_strings_segments,Device=0 num_rows=32768 shared_suffix=64 segment_profile=tiny8,True,False,0.19301600009202954,0.19223520159721377,0.19334239736199377,1.3425140796678,1.1391592025756836,"{""num_rows"": ""32768"", ""segment_profile"": ""tiny8"", ""shared_suffix"": ""64""}"
baseline,stable-warps-0,sorted_order_strings_segments,Device=0 num_rows=2097152 shared_suffix=64 segment_profile=tiny8,True,False,1.5083951950073242,1.5049439966678624,1.5088144063949587,0.33559204090775685,72.36474514007568,"{""num_rows"": ""2097152"", ""segment_profile"": ""tiny8"", ""shared_suffix"": ""64""}"
baseline,stable-warps-0,sorted_order_strings_segments,Device=0 num_rows=32768 shared_suffix=0 segment_profile=tiny16,True,False,0.17439519912004472,0.1715232007205486,0.18122079968452454,17.970721087020696,1.1391592025756836,"{""num_rows"": ""32768"", ""segment_profile"": ""tiny16"", ""shared_suffix"": ""0""}"
baseline,stable-warps-0,sorted_order_strings_segments,Device=0 num_rows=2097152 shared_suffix=0 segment_profile=tiny16,True,False,0.8078192025423049,0.8022015959024429,0.8084544003009797,0.4591166470346816,72.36474514007568,"{""num_rows"": ""2097152"", ""segment_profile"": ""tiny16"", ""shared_suffix"": ""0""}"
baseline,stable-warps-0,sorted_order_strings_segments,Device=0 num_rows=32768 shared_suffix=64 segment_profile=tiny16,True,False,0.20810400173068044,0.20633440017700194,0.21008159890770914,1.3115951637878913,1.1391592025756836,"{""num_rows"": ""32768"", ""segment_profile"": ""tiny16"", ""shared_suffix"": ""64""}"
baseline,stable-warps-0,sorted_order_strings_segments,Device=0 num_rows=2097152 shared_suffix=64 segment_profile=tiny16,True,False,1.9918079912662505,1.9883104085922239,1.9919696033000944,0.31691448050909643,72.36474514007568,"{""num_rows"": ""2097152"", ""segment_profile"": ""tiny16"", ""shared_suffix"": ""64""}"
baseline,stable-warps-0,sorted_order_strings_segments,Device=0 num_rows=32768 shared_suffix=0 segment_profile=tiny32,True,False,0.17650720030069353,0.17436640039086343,0.1776048012077808,2.1298870635484817,1.1391592025756836,"{""num_rows"": ""32768"", ""segment_profile"": ""tiny32"", ""shared_suffix"": ""0""}"
baseline,stable-warps-0,sorted_order_strings_segments,Device=0 num_rows=2097152 shared_suffix=0 segment_profile=tiny32,True,False,0.9361151963472366,0.9289519995450974,0.938313600420952,0.39822613958324043,72.36474514007568,"{""num_rows"": ""2097152"", ""segment_profile"": ""tiny32"", ""shared_suffix"": ""0""}"
baseline,stable-warps-0,sorted_order_strings_segments,Device=0 num_rows=32768 shared_suffix=64 segment_profile=tiny32,True,False,0.2244864009320736,0.22359199970960617,0.22566560134291647,1.2262052418117462,1.1391592025756836,"{""num_rows"": ""32768"", ""segment_profile"": ""tiny32"", ""shared_suffix"": ""64""}"
baseline,stable-warps-0,sorted_order_strings_segments,Device=0 num_rows=2097152 shared_suffix=64 segment_profile=tiny32,True,False,2.5277600049972535,2.5253535985946653,2.5284384131431574,0.284852019588665,72.36474514007568,"{""num_rows"": ""2097152"", ""segment_profile"": ""tiny32"", ""shared_suffix"": ""64""}"
pr2-p32-c4096,pr-diagnostics,sorted_order_strings_segmented_diagnostics,Device=0 num_rows=262144 profile=finish_257,False,False,0.3403567999601364,0.33492159992456444,0.3419536009430886,1.2495880518983935,9.804346084594727,"{""num_rows"": ""262144"", ""profile"": ""finish_257""}"
pr2-p32-c4096,pr-diagnostics,sorted_order_strings_segmented_diagnostics,Device=0 num_rows=2097152 profile=finish_257,False,False,0.5401120036840439,0.536460793018341,0.5416224062442778,1.1033850532627276,78.37270545959473,"{""num_rows"": ""2097152"", ""profile"": ""finish_257""}"
pr2-p32-c4096,pr-diagnostics,sorted_order_strings_segmented_diagnostics,Device=0 num_rows=262144 profile=finish_1024,False,False,0.39600640237331386,0.3875791981816293,0.39714079946279524,2.089292954272555,9.804365158081055,"{""num_rows"": ""262144"", ""profile"": ""finish_1024""}"
pr2-p32-c4096,pr-diagnostics,sorted_order_strings_segmented_diagnostics,Device=0 num_rows=2097152 profile=finish_1024,False,False,0.5861104011535644,0.5809728026390075,0.5865632057189941,0.7159348287540218,78.37272453308105,"{""num_rows"": ""2097152"", ""profile"": ""finish_1024""}"
pr2-p32-c4096,pr-diagnostics,sorted_order_strings_segmented_diagnostics,Device=0 num_rows=262144 profile=finish_4096,False,False,0.5178768038749694,0.5094800084829331,0.5210608065128326,1.1093027378650175,9.80456829071045,"{""num_rows"": ""262144"", ""profile"": ""finish_4096""}"
pr2-p32-c4096,pr-diagnostics,sorted_order_strings_segmented_diagnostics,Device=0 num_rows=2097152 profile=finish_4096,False,False,0.7381872028112411,0.726652804017067,0.7384575963020326,1.8819503813555398,78.37292766571045,"{""num_rows"": ""2097152"", ""profile"": ""finish_4096""}"
pr2-p32-c4096,pr-diagnostics,sorted_order_strings_segmented_diagnostics,Device=0 num_rows=262144 profile=active_50,False,False,1.4454623937606808,1.4413087964057925,1.4481983959674836,0.32754329526305603,9.80456829071045,"{""num_rows"": ""262144"", ""profile"": ""active_50""}"
pr2-p32-c4096,pr-diagnostics,sorted_order_strings_segmented_diagnostics,Device=0 num_rows=2097152 profile=active_50,False,False,10.864273548126222,10.858628892898562,10.866859149932859,0.08073569825613854,78.37292766571045,"{""num_rows"": ""2097152"", ""profile"": ""active_50""}"
pr2-p32-c4096,pr-diagnostics,sorted_order_strings_segmented_diagnostics,Device=0 num_rows=262144 profile=active_10,False,False,0.5251248002052306,0.5166895985603333,0.5275103986263276,1.0433416497297578,9.80456829071045,"{""num_rows"": ""262144"", ""profile"": ""active_10""}"
pr2-p32-c4096,pr-diagnostics,sorted_order_strings_segmented_diagnostics,Device=0 num_rows=2097152 profile=active_10,False,False,2.429643213748932,2.4248303771018986,2.4327776074409493,0.9084887409714317,78.37292766571045,"{""num_rows"": ""2097152"", ""profile"": ""active_10""}"
pr2-p32-c4096,pr-diagnostics,sorted_order_strings_segmented_diagnostics,Device=0 num_rows=262144 profile=active_1,False,False,0.31195199787616734,0.3037311971187592,0.31301439851522456,1.5093318087418415,9.804441452026367,"{""num_rows"": ""262144"", ""profile"": ""active_1""}"
pr2-p32-c4096,pr-diagnostics,sorted_order_strings_segmented_diagnostics,Device=0 num_rows=2097152 profile=active_1,False,False,0.6725216001272201,0.6666448026895523,0.7175664007663728,29.198854095883682,78.37292766571045,"{""num_rows"": ""2097152"", ""profile"": ""active_1""}"
pr2-p32-c4096,pr-diagnostics,sorted_order_strings_segmented_diagnostics,Device=0 num_rows=262144 profile=active_0_1,False,False,0.282132801413536,0.28109119832515717,0.3182576000690461,63.31352435664145,9.804346084594727,"{""num_rows"": ""262144"", ""profile"": ""active_0_1""}"
pr2-p32-c4096,pr-diagnostics,sorted_order_strings_segmented_diagnostics,Device=0 num_rows=2097152 profile=active_0_1,False,False,0.49305440038442605,0.4862816020846366,0.4936159983277321,1.4255832158972204,78.37278175354004,"{""num_rows"": ""2097152"", ""profile"": ""active_0_1""}"
pr2-p32-c4096,pr-diagnostics,sorted_order_strings_segmented_diagnostics,Device=0 num_rows=262144 profile=duplicates_6,False,False,0.2138640008866787,0.20833599939942357,0.2194655992090702,2.373510663883902,10.804566383361816,"{""num_rows"": ""262144"", ""profile"": ""duplicates_6""}"
pr2-p32-c4096,pr-diagnostics,sorted_order_strings_segmented_diagnostics,Device=0 num_rows=2097152 profile=duplicates_6,False,False,0.3805375993251801,0.38051839619874955,0.38221120238304146,7.863339380393369,86.37292575836182,"{""num_rows"": ""2097152"", ""profile"": ""duplicates_6""}"
pr2-p32-c4096,pr-diagnostics,sorted_order_strings_segmented_diagnostics,Device=0 num_rows=262144 profile=duplicates_8,False,False,0.21322559937834742,0.20539199933409688,0.21681760102510453,2.0611314629762423,10.804566383361816,"{""num_rows"": ""262144"", ""profile"": ""duplicates_8""}"
pr2-p32-c4096,pr-diagnostics,sorted_order_strings_segmented_diagnostics,Device=0 num_rows=2097152 profile=duplicates_8,False,False,0.3852784007787705,0.3784047991037369,0.38568319827318187,0.9052474046205692,86.37292575836182,"{""num_rows"": ""2097152"", ""profile"": ""duplicates_8""}"
pr2-p32-c4096,pr-diagnostics,sorted_order_strings_segmented_diagnostics,Device=0 num_rows=262144 profile=duplicates_12,False,False,0.33124319761991505,0.3270208030939102,0.3346736013889312,1.738052016421445,10.804566383361816,"{""num_rows"": ""262144"", ""profile"": ""duplicates_12""}"
pr2-p32-c4096,pr-diagnostics,sorted_order_strings_segmented_diagnostics,Device=0 num_rows=2097152 profile=duplicates_12,False,False,0.9164687991142274,0.9099807947874067,0.9174272030591963,0.9025160862570127,86.37292575836182,"{""num_rows"": ""2097152"", ""profile"": ""duplicates_12""}"
pr2-p32-c4096,pr-diagnostics,sorted_order_strings_segmented_diagnostics,Device=0 num_rows=262144 profile=duplicates_16,False,False,0.3337376013398171,0.33235039561986923,0.33420479893684385,2.0238005412020383,10.804566383361816,"{""num_rows"": ""262144"", ""profile"": ""duplicates_16""}"
pr2-p32-c4096,pr-diagnostics,sorted_order_strings_segmented_diagnostics,Device=0 num_rows=2097152 profile=duplicates_16,False,False,0.9191999971866609,0.9072032034397124,0.9312672019004823,7.863188992700368,86.37292575836182,"{""num_rows"": ""2097152"", ""profile"": ""duplicates_16""}"
pr2-p32-c4096,pr-diagnostics,sorted_order_strings_segmented_diagnostics,Device=0 num_rows=262144 profile=duplicates_24,False,False,0.4512415990233421,0.4395456001162528,0.4513648003339768,3.337631152220937,10.804566383361816,"{""num_rows"": ""262144"", ""profile"": ""duplicates_24""}"
pr2-p32-c4096,pr-diagnostics,sorted_order_strings_segmented_diagnostics,Device=0 num_rows=2097152 profile=duplicates_24,False,False,1.4577455937862396,1.4414671957492828,1.4591168045997618,1.4319183607849375,86.37292575836182,"{""num_rows"": ""2097152"", ""profile"": ""duplicates_24""}"
pr2-p32-c4096,pr-diagnostics,sorted_order_strings_segmented_diagnostics,Device=0 num_rows=262144 profile=duplicates_32,False,False,0.5600144028663635,0.5523247927427292,0.5649359971284865,1.0217413613324284,10.804566383361816,"{""num_rows"": ""262144"", ""profile"": ""duplicates_32""}"
pr2-p32-c4096,pr-diagnostics,sorted_order_strings_segmented_diagnostics,Device=0 num_rows=2097152 profile=duplicates_32,False,False,2.0202352046966556,2.006798404455185,2.0352800130844115,2.332205232666644,86.37292575836182,"{""num_rows"": ""2097152"", ""profile"": ""duplicates_32""}"
pr2-p32-c4096,pr-diagnostics,sorted_order_strings_segmented_diagnostics,Device=0 num_rows=262144 profile=rle_misaligned,False,False,8.991460847854615,8.97175211906433,8.994001579284669,0.3557770681521254,10.829473495483398,"{""num_rows"": ""262144"", ""profile"": ""rle_misaligned""}"
pr2-p32-c4096,pr-diagnostics,sorted_order_strings_segmented_diagnostics,Device=0 num_rows=2097152 profile=rle_misaligned,False,False,91.6994686126709,91.68054847717288,91.70030212402344,0.022607231432445023,86.37292575836182,"{""num_rows"": ""2097152"", ""profile"": ""rle_misaligned""}"
baseline,target,sorted_order_strings_cardinality,Device=0 num_rows=262144 max_width=32 cardinality=1,False,False,0.007063999958336353,0.007022400037385524,0.007283199974335729,6.899711451715418,1.0,"{""cardinality"": ""1"", ""max_width"": ""32"", ""num_rows"": ""262144""}"
baseline,target,sorted_order_strings_cardinality,Device=0 num_rows=2097152 max_width=32 cardinality=1,False,False,0.008772799931466579,0.008582399971783164,0.00887679997831583,12.442682204267985,8.0,"{""cardinality"": ""1"", ""max_width"": ""32"", ""num_rows"": ""2097152""}"
baseline,target,sorted_order_strings_cardinality,Device=0 num_rows=262144 max_width=128 cardinality=1,False,False,1.0285935938358304,1.0285520017147063,1.036315202713013,0.42610939076122734,9.053221702575684,"{""cardinality"": ""1"", ""max_width"": ""128"", ""num_rows"": ""262144""}"
baseline,target,sorted_order_strings_cardinality,Device=0 num_rows=2097152 max_width=128 cardinality=1,False,False,7.137545609474184,7.126401638984681,7.144292831420897,0.43542269632457925,72.36474514007568,"{""cardinality"": ""1"", ""max_width"": ""128"", ""num_rows"": ""2097152""}"
baseline,target,sorted_order_strings_cardinality,Device=0 num_rows=262144 max_width=32 cardinality=64,False,False,0.45081920027732836,0.44521120339632037,0.453747197985649,2.204544103101945,9.053221702575684,"{""cardinality"": ""64"", ""max_width"": ""32"", ""num_rows"": ""262144""}"
baseline,target,sorted_order_strings_cardinality,Device=0 num_rows=2097152 max_width=32 cardinality=64,False,False,2.1414144039154057,2.135988795757294,2.1537039875984187,2.0229235889201913,72.36474514007568,"{""cardinality"": ""64"", ""max_width"": ""32"", ""num_rows"": ""2097152""}"
baseline,target,sorted_order_strings_cardinality,Device=0 num_rows=262144 max_width=128 cardinality=64,False,False,0.9858447968959807,0.9842671990394595,0.9871184051036839,2.8043973261440787,9.053221702575684,"{""cardinality"": ""64"", ""max_width"": ""128"", ""num_rows"": ""262144""}"
baseline,target,sorted_order_strings_cardinality,Device=0 num_rows=2097152 max_width=128 cardinality=64,False,False,6.120367956161498,6.077700781822204,6.149251174926757,1.9208078725434306,72.36474514007568,"{""cardinality"": ""64"", ""max_width"": ""128"", ""num_rows"": ""2097152""}"
baseline,target,sorted_order_strings_cardinality,Device=0 num_rows=262144 max_width=32 cardinality=0,False,False,0.26248320043087014,0.2592176005244255,0.2639807999134064,1.3810398737826939,9.053221702575684,"{""cardinality"": ""0"", ""max_width"": ""32"", ""num_rows"": ""262144""}"
baseline,target,sorted_order_strings_cardinality,Device=0 num_rows=2097152 max_width=32 cardinality=0,False,False,0.5261456072330476,0.5257104009389877,0.5313424050807953,0.8769442065963582,72.36474514007568,"{""cardinality"": ""0"", ""max_width"": ""32"", ""num_rows"": ""2097152""}"
baseline,target,sorted_order_strings_cardinality,Device=0 num_rows=262144 max_width=128 cardinality=0,False,False,0.2604767993092537,0.25740959942340846,0.26569280028343195,1.1814609648326413,9.053221702575684,"{""cardinality"": ""0"", ""max_width"": ""128"", ""num_rows"": ""262144""}"
baseline,target,sorted_order_strings_cardinality,Device=0 num_rows=2097152 max_width=128 cardinality=0,False,False,0.5324512004852296,0.5307935982942582,0.5389200001955031,0.7087585285011988,72.36474514007568,"{""cardinality"": ""0"", ""max_width"": ""128"", ""num_rows"": ""2097152""}"
baseline,target,sorted_order_strings_prefixes,Device=0 num_rows=262144 prefix_width=4 suffix_width=32 prefix_cardinality=1,False,False,0.2357087999582291,0.23214239925146102,0.24136480167508126,1.77012559033306,9.053221702575684,"{""num_rows"": ""262144"", ""prefix_cardinality"": ""1"", ""prefix_width"": ""4"", ""suffix_width"": ""32""}"
baseline,target,sorted_order_strings_prefixes,Device=0 num_rows=2097152 prefix_width=4 suffix_width=32 prefix_cardinality=1,False,False,0.4747184038162232,0.4726607978343963,0.48100479692220677,0.6282578829864871,72.36474514007568,"{""num_rows"": ""2097152"", ""prefix_cardinality"": ""1"", ""prefix_width"": ""4"", ""suffix_width"": ""32""}"
baseline,target,sorted_order_strings_prefixes,Device=0 num_rows=262144 prefix_width=8 suffix_width=32 prefix_cardinality=1,False,False,0.5759952068328857,0.5733680009841919,0.5790095925331117,0.6896528947687897,9.053221702575684,"{""num_rows"": ""262144"", ""prefix_cardinality"": ""1"", ""prefix_width"": ""8"", ""suffix_width"": ""32""}"
baseline,target,sorted_order_strings_prefixes,Device=0 num_rows=2097152 prefix_width=8 suffix_width=32 prefix_cardinality=1,False,False,4.248027181625366,4.234081625938415,4.251979231834411,0.437220748687457,72.36474514007568,"{""num_rows"": ""2097152"", ""prefix_cardinality"": ""1"", ""prefix_width"": ""8"", ""suffix_width"": ""32""}"
baseline,target,sorted_order_strings_prefixes,Device=0 num_rows=262144 prefix_width=10 suffix_width=32 prefix_cardinality=1,False,False,0.6130544066429139,0.6123887985944748,0.6150528013706207,0.7838056733750509,9.053221702575684,"{""num_rows"": ""262144"", ""prefix_cardinality"": ""1"", ""prefix_width"": ""10"", ""suffix_width"": ""32""}"
baseline,target,sorted_order_strings_prefixes,Device=0 num_rows=2097152 prefix_width=10 suffix_width=32 prefix_cardinality=1,False,False,4.454379200935364,4.447849583625793,4.464104008674622,0.37761880963047517,72.36474514007568,"{""num_rows"": ""2097152"", ""prefix_cardinality"": ""1"", ""prefix_width"": ""10"", ""suffix_width"": ""32""}"
baseline,target,sorted_order_strings_prefixes,Device=0 num_rows=262144 prefix_width=11 suffix_width=32 prefix_cardinality=1,False,False,0.6211055994033815,0.61944639980793,0.6250815987586975,0.6234578007045068,9.053221702575684,"{""num_rows"": ""262144"", ""prefix_cardinality"": ""1"", ""prefix_width"": ""11"", ""suffix_width"": ""32""}"
baseline,target,sorted_order_strings_prefixes,Device=0 num_rows=2097152 prefix_width=11 suffix_width=32 prefix_cardinality=1,False,False,4.516688013076783,4.507854390144348,4.522311949729919,0.3544650571134197,72.36474514007568,"{""num_rows"": ""2097152"", ""prefix_cardinality"": ""1"", ""prefix_width"": ""11"", ""suffix_width"": ""32""}"
baseline,target,sorted_order_strings_prefixes,Device=0 num_rows=262144 prefix_width=12 suffix_width=32 prefix_cardinality=1,False,False,0.6324368000030519,0.6294064044952393,0.635609593987465,0.7375327435235258,9.053221702575684,"{""num_rows"": ""262144"", ""prefix_cardinality"": ""1"", ""prefix_width"": ""12"", ""suffix_width"": ""32""}"
baseline,target,sorted_order_strings_prefixes,Device=0 num_rows=2097152 prefix_width=12 suffix_width=32 prefix_cardinality=1,False,False,4.57559838294983,4.5687552213668825,4.579520010948181,0.3348719161482359,72.36474514007568,"{""num_rows"": ""2097152"", ""prefix_cardinality"": ""1"", ""prefix_width"": ""12"", ""suffix_width"": ""32""}"
baseline,target,sorted_order_strings_prefixes,Device=0 num_rows=262144 prefix_width=64 suffix_width=32 prefix_cardinality=1,False,False,1.5366448104381558,1.5342240035533905,1.5375728011131287,1.3202735738749392,9.053221702575684,"{""num_rows"": ""262144"", ""prefix_cardinality"": ""1"", ""prefix_width"": ""64"", ""suffix_width"": ""32""}"
baseline,target,sorted_order_strings_prefixes,Device=0 num_rows=2097152 prefix_width=64 suffix_width=32 prefix_cardinality=1,False,False,13.502793645858764,13.499065589904786,13.50370879173279,0.25149934417189257,72.36474514007568,"{""num_rows"": ""2097152"", ""prefix_cardinality"": ""1"", ""prefix_width"": ""64"", ""suffix_width"": ""32""}"
baseline,target,sorted_order_strings_prefixes,Device=0 num_rows=262144 prefix_width=4 suffix_width=32 prefix_cardinality=64,False,False,0.19842719957232474,0.19663840010762215,0.20401599854230879,1.5746521383615253,9.053221702575684,"{""num_rows"": ""262144"", ""prefix_cardinality"": ""64"", ""prefix_width"": ""4"", ""suffix_width"": ""32""}"
baseline,target,sorted_order_strings_prefixes,Device=0 num_rows=2097152 prefix_width=4 suffix_width=32 prefix_cardinality=64,False,False,0.4172191947698593,0.4156928017735481,0.42118719965219503,0.8773082805536347,72.36474514007568,"{""num_rows"": ""2097152"", ""prefix_cardinality"": ""64"", ""prefix_width"": ""4"", ""suffix_width"": ""32""}"
baseline,target,sorted_order_strings_prefixes,Device=0 num_rows=262144 prefix_width=8 suffix_width=32 prefix_cardinality=64,False,False,0.4545008003711701,0.45171519815921773,0.4593024015426635,0.6805125180138137,9.053221702575684,"{""num_rows"": ""262144"", ""prefix_cardinality"": ""64"", ""prefix_width"": ""8"", ""suffix_width"": ""32""}"
baseline,target,sorted_order_strings_prefixes,Device=0 num_rows=2097152 prefix_width=8 suffix_width=32 prefix_cardinality=64,False,False,3.8905872225761415,3.8833007931709287,3.89625598192215,1.004393875684344,72.36474514007568,"{""num_rows"": ""2097152"", ""prefix_cardinality"": ""64"", ""prefix_width"": ""8"", ""suffix_width"": ""32""}"
baseline,target,sorted_order_strings_prefixes,Device=0 num_rows=262144 prefix_width=10 suffix_width=32 prefix_cardinality=64,False,False,0.4878864005208016,0.4852271974086761,0.49533440321683897,0.6493771798087272,9.053221702575684,"{""num_rows"": ""262144"", ""prefix_cardinality"": ""64"", ""prefix_width"": ""10"", ""suffix_width"": ""32""}"
baseline,target,sorted_order_strings_prefixes,Device=0 num_rows=2097152 prefix_width=10 suffix_width=32 prefix_cardinality=64,False,False,4.193367958068848,4.18957760334015,4.199199986457824,0.3203460726251877,72.36474514007568,"{""num_rows"": ""2097152"", ""prefix_cardinality"": ""64"", ""prefix_width"": ""10"", ""suffix_width"": ""32""}"
baseline,target,sorted_order_strings_prefixes,Device=0 num_rows=262144 prefix_width=11 suffix_width=32 prefix_cardinality=64,False,False,0.5015183985233307,0.4985456004738808,0.508409595489502,0.7730956208382185,9.053221702575684,"{""num_rows"": ""262144"", ""prefix_cardinality"": ""64"", ""prefix_width"": ""11"", ""suffix_width"": ""32""}"
baseline,target,sorted_order_strings_prefixes,Device=0 num_rows=2097152 prefix_width=11 suffix_width=32 prefix_cardinality=64,False,False,4.258377575874329,4.2497008562088014,4.263524770736694,0.3291264145078743,72.36474514007568,"{""num_rows"": ""2097152"", ""prefix_cardinality"": ""64"", ""prefix_width"": ""11"", ""suffix_width"": ""32""}"
baseline,target,sorted_order_strings_prefixes,Device=0 num_rows=262144 prefix_width=12 suffix_width=32 prefix_cardinality=64,False,False,0.5117247998714448,0.5089471995830537,0.51703519821167,0.7613104307670293,9.053221702575684,"{""num_rows"": ""262144"", ""prefix_cardinality"": ""64"", ""prefix_width"": ""12"", ""suffix_width"": ""32""}"
baseline,target,sorted_order_strings_prefixes,Device=0 num_rows=2097152 prefix_width=12 suffix_width=32 prefix_cardinality=64,False,False,4.3156863212585455,4.31542558670044,4.31733283996582,0.39403995754826804,72.36474514007568,"{""num_rows"": ""2097152"", ""prefix_cardinality"": ""64"", ""prefix_width"": ""12"", ""suffix_width"": ""32""}"
baseline,target,sorted_order_strings_prefixes,Device=0 num_rows=262144 prefix_width=64 suffix_width=32 prefix_cardinality=64,False,False,1.0830335974693297,1.0818255960941316,1.0855295836925505,0.49695608460341306,9.053221702575684,"{""num_rows"": ""262144"", ""prefix_cardinality"": ""64"", ""prefix_width"": ""64"", ""suffix_width"": ""32""}"
baseline,target,sorted_order_strings_prefixes,Device=0 num_rows=2097152 prefix_width=64 suffix_width=32 prefix_cardinality=64,False,False,11.646392011642455,11.644544029235838,11.651614427566532,0.34128097072014135,72.36474514007568,"{""num_rows"": ""2097152"", ""prefix_cardinality"": ""64"", ""prefix_width"": ""64"", ""suffix_width"": ""32""}"
prefix,main,sorted_order_strings,Device=0 min_width=1 max_width=8 num_rows=32768,False,False,0.18598719909787179,0.18444960191845894,0.18599839732050896,0.598599536099429,0.5005626678466797,"{""max_width"": ""8"", ""min_width"": ""1"", ""num_rows"": ""32768""}"
prefix,main,sorted_order_strings,Device=0 min_width=1 max_width=32 num_rows=32768,False,False,0.6736783951520919,0.6724671959877013,0.6753776043653488,0.509541808778545,0.5005626678466797,"{""max_width"": ""32"", ""min_width"": ""1"", ""num_rows"": ""32768""}"
prefix,main,sorted_order_strings,Device=0 min_width=1 max_width=64 num_rows=32768,False,False,1.3744943976402282,1.3743936002254487,1.375491201877594,0.34766727821608295,0.5005626678466797,"{""max_width"": ""64"", ""min_width"": ""1"", ""num_rows"": ""32768""}"
prefix,main,sorted_order_strings,Device=0 min_width=1 max_width=128 num_rows=32768,False,False,2.836956799030303,2.8354800105094906,2.838302397727966,0.2077109419532267,0.5005626678466797,"{""max_width"": ""128"", ""min_width"": ""1"", ""num_rows"": ""32768""}"
prefix,main,sorted_order_strings,Device=0 min_width=1 max_width=256 num_rows=32768,False,False,5.7844959735870365,5.782678413391114,5.786833596229553,0.23317316900689522,0.5005626678466797,"{""max_width"": ""256"", ""min_width"": ""1"", ""num_rows"": ""32768""}"
prefix,main,sorted_order_strings,Device=0 min_width=1 max_width=8 num_rows=262144,False,False,0.30294880270957947,0.3015584006905555,0.30434399992227557,1.126214989860275,4.00056266784668,"{""max_width"": ""8"", ""min_width"": ""1"", ""num_rows"": ""262144""}"
prefix,main,sorted_order_strings,Device=0 min_width=1 max_width=32 num_rows=262144,False,False,1.012911981344223,1.0127424001693726,1.0130112111568452,0.6458889144027727,4.00056266784668,"{""max_width"": ""32"", ""min_width"": ""1"", ""num_rows"": ""262144""}"
prefix,main,sorted_order_strings,Device=0 min_width=1 max_width=64 num_rows=262144,False,False,1.994729608297348,1.9912271976470948,1.9979792118072515,0.29328151348269377,4.00056266784668,"{""max_width"": ""64"", ""min_width"": ""1"", ""num_rows"": ""262144""}"
prefix,main,sorted_order_strings,Device=0 min_width=1 max_width=128 num_rows=262144,False,False,4.109292769432067,4.102022457122803,4.1120720386505125,0.6690649159147688,4.00056266784668,"{""max_width"": ""128"", ""min_width"": ""1"", ""num_rows"": ""262144""}"
prefix,main,sorted_order_strings,Device=0 min_width=1 max_width=256 num_rows=262144,False,False,8.783948755264285,8.777406454086304,8.79437117576599,0.585589972525806,4.00056266784668,"{""max_width"": ""256"", ""min_width"": ""1"", ""num_rows"": ""262144""}"
prefix,main,sorted_order_strings,Device=0 min_width=1 max_width=8 num_rows=2097152,False,False,1.1866144061088564,1.1849952042102814,1.1897984027862547,0.4494874573432555,32.00227165222168,"{""max_width"": ""8"", ""min_width"": ""1"", ""num_rows"": ""2097152""}"
prefix,main,sorted_order_strings,Device=0 min_width=1 max_width=32 num_rows=2097152,False,False,2.915608024597168,2.9153184294700614,2.9189967870712286,0.5418986666540578,32.00227165222168,"{""max_width"": ""32"", ""min_width"": ""1"", ""num_rows"": ""2097152""}"
prefix,main,sorted_order_strings,Device=0 min_width=1 max_width=64 num_rows=2097152,False,False,5.210251212120056,5.206788825988769,5.212057638168335,0.5245548144487395,32.00227165222168,"{""max_width"": ""64"", ""min_width"": ""1"", ""num_rows"": ""2097152""}"
prefix,main,sorted_order_strings,Device=0 min_width=1 max_width=128 num_rows=2097152,False,False,9.790793657302856,9.785948848724365,9.795510387420656,0.3656101041389507,32.00227165222168,"{""max_width"": ""128"", ""min_width"": ""1"", ""num_rows"": ""2097152""}"
prefix,main,sorted_order_strings,Device=0 min_width=1 max_width=256 num_rows=2097152,False,False,19.60176496505737,19.585943889617923,19.62678871154785,0.3292072048619536,32.00227165222168,"{""max_width"": ""256"", ""min_width"": ""1"", ""num_rows"": ""2097152""}"
prefix,main,sorted_order_strings,Device=0 min_width=1 max_width=8 num_rows=16777216,False,False,11.136127948760988,11.125441551208498,11.136699104309082,0.40356609438572466,256.0152111053467,"{""max_width"": ""8"", ""min_width"": ""1"", ""num_rows"": ""16777216""}"
prefix,main,sorted_order_strings,Device=0 min_width=1 max_width=32 num_rows=16777216,False,False,26.332534313201908,26.331388854980467,26.341166114807123,0.11737064648376669,256.0152111053467,"{""max_width"": ""32"", ""min_width"": ""1"", ""num_rows"": ""16777216""}"
prefix,main,sorted_order_strings,Device=0 min_width=1 max_width=64 num_rows=16777216,False,False,37.64839801788331,37.625274848938,37.663585472106924,0.20629168809736553,256.0152111053467,"{""max_width"": ""64"", ""min_width"": ""1"", ""num_rows"": ""16777216""}"
prefix,main,sorted_order_strings,Device=0 min_width=1 max_width=128 num_rows=16777216,False,False,64.7203483581543,64.70530204772949,64.7567756652832,0.23726449287514417,256.0152111053467,"{""max_width"": ""128"", ""min_width"": ""1"", ""num_rows"": ""16777216""}"
prefix,main,sorted_order_strings,Device=0 min_width=1 max_width=256 num_rows=16777216,False,False,147.9327247619629,147.82059326171876,147.95537643432615,0.29542131559340534,256.0152111053467,"{""max_width"": ""256"", ""min_width"": ""1"", ""num_rows"": ""16777216""}"
prefix,main,sorted_order_strings_distribution,Device=0 num_rows=262144 profile=cardinality_1_width_32,False,False,0.00721279999706894,0.007007999974302948,0.007278399984352289,14.611379249803116,1.0,"{""num_rows"": ""262144"", ""profile"": ""cardinality_1_width_32""}"
prefix,main,sorted_order_strings_distribution,Device=0 num_rows=2097152 profile=cardinality_1_width_32,False,False,0.008662400022149087,0.008580800052732228,0.00871999994851649,4.795832872475438,8.0,"{""num_rows"": ""2097152"", ""profile"": ""cardinality_1_width_32""}"
prefix,main,sorted_order_strings_distribution,Device=0 num_rows=262144 profile=cardinality_64_width_128,False,False,5.272067189216615,5.271500754356385,5.273012781143188,0.38959398901127634,4.00056266784668,"{""num_rows"": ""262144"", ""profile"": ""cardinality_64_width_128""}"
prefix,main,sorted_order_strings_distribution,Device=0 num_rows=2097152 profile=cardinality_64_width_128,False,False,12.806534481048581,12.802859163284303,12.833292770385743,0.5787932568424948,32.00227165222168,"{""num_rows"": ""2097152"", ""profile"": ""cardinality_64_width_128""}"
prefix,main,sorted_order_strings_distribution,Device=0 num_rows=262144 profile=shared_prefix_64,False,False,6.563542413711547,6.5547488212585465,6.564299178123474,0.6261874617459142,4.00056266784668,"{""num_rows"": ""262144"", ""profile"": ""shared_prefix_64""}"
prefix,main,sorted_order_strings_distribution,Device=0 num_rows=2097152 profile=shared_prefix_64,False,False,64.57343101501466,64.57011680603028,64.63546447753906,0.18727520851503668,32.00227165222168,"{""num_rows"": ""2097152"", ""profile"": ""shared_prefix_64""}"
prefix,main,sorted_order_strings_distribution,Device=0 num_rows=262144 profile=variable_128,False,False,0.30533280074596403,0.3032079979777337,0.3055664002895356,0.41437306017881886,4.00056266784668,"{""num_rows"": ""262144"", ""profile"": ""variable_128""}"
prefix,main,sorted_order_strings_distribution,Device=0 num_rows=2097152 profile=variable_128,False,False,1.1472991943359374,1.1429743945598603,1.1476896047592167,0.39554243727320665,32.00227165222168,"{""num_rows"": ""2097152"", ""profile"": ""variable_128""}"
prefix,main,sorted_order_strings_nulls,Device=0 num_rows=262144 profile=fixed_8 null_percent=0,False,False,0.23426719903945925,0.23165760040283195,0.2344768010079861,0.6731200488216854,4.00056266784668,"{""null_percent"": ""0"", ""num_rows"": ""262144"", ""profile"": ""fixed_8""}"
prefix,main,sorted_order_strings_nulls,Device=0 num_rows=2097152 profile=fixed_8 null_percent=0,False,False,0.9723583966493609,0.9699856013059616,0.9732959926128388,0.4958544538067419,32.00227165222168,"{""null_percent"": ""0"", ""num_rows"": ""2097152"", ""profile"": ""fixed_8""}"
prefix,main,sorted_order_strings_nulls,Device=0 num_rows=262144 profile=variable_128 null_percent=0,False,False,0.305791999399662,0.30340320020914074,0.3058720007538795,0.43681752862599965,4.00056266784668,"{""null_percent"": ""0"", ""num_rows"": ""262144"", ""profile"": ""variable_128""}"
prefix,main,sorted_order_strings_nulls,Device=0 num_rows=2097152 profile=variable_128 null_percent=0,False,False,1.1406448006629946,1.1389279901981353,1.1430591940879824,0.48665039954043277,32.00227165222168,"{""null_percent"": ""0"", ""num_rows"": ""2097152"", ""profile"": ""variable_128""}"
prefix,main,sorted_order_strings_nulls,Device=0 num_rows=262144 profile=fixed_8 null_percent=50,False,False,0.32610720098018653,0.3236207991838456,0.32665279954671855,0.545712382791608,4.00056266784668,"{""null_percent"": ""50"", ""num_rows"": ""262144"", ""profile"": ""fixed_8""}"
prefix,main,sorted_order_strings_nulls,Device=0 num_rows=2097152 profile=fixed_8 null_percent=50,False,False,0.99655199944973,0.9954047977924346,0.998319998383522,0.5568886071314336,32.00227165222168,"{""null_percent"": ""50"", ""num_rows"": ""2097152"", ""profile"": ""fixed_8""}"
prefix,main,sorted_order_strings_nulls,Device=0 num_rows=262144 profile=variable_128 null_percent=50,False,False,0.36907519847154613,0.3661295980215072,0.3694384008646011,0.5193849914137032,4.00056266784668,"{""null_percent"": ""50"", ""num_rows"": ""262144"", ""profile"": ""variable_128""}"
prefix,main,sorted_order_strings_nulls,Device=0 num_rows=2097152 profile=variable_128 null_percent=50,False,False,1.124734401702881,1.1214432001113892,1.1261151969432834,0.4115371099876408,32.00227165222168,"{""null_percent"": ""50"", ""num_rows"": ""2097152"", ""profile"": ""variable_128""}"
prefix,main,sorted_order_strings_nulls,Device=0 num_rows=262144 profile=fixed_8 null_percent=100,False,False,0.006603200011886657,0.0064655999885872015,0.0069103999994695195,5.6942176494055134,1.0,"{""null_percent"": ""100"", ""num_rows"": ""262144"", ""profile"": ""fixed_8""}"
prefix,main,sorted_order_strings_nulls,Device=0 num_rows=2097152 profile=fixed_8 null_percent=100,False,False,0.008614400029182434,0.008516799891367555,0.009103999938815832,4.188172280586615,8.0,"{""null_percent"": ""100"", ""num_rows"": ""2097152"", ""profile"": ""fixed_8""}"
prefix,main,sorted_order_strings_nulls,Device=0 num_rows=262144 profile=variable_128 null_percent=100,False,False,0.006624000077135861,0.006492799939587713,0.0067359999986365444,5.621442945762432,1.0,"{""null_percent"": ""100"", ""num_rows"": ""262144"", ""profile"": ""variable_128""}"
prefix,main,sorted_order_strings_nulls,Device=0 num_rows=2097152 profile=variable_128 null_percent=100,False,False,0.008556800009682775,0.008467199932783841,0.008623999962583182,5.1210470158186245,8.0,"{""null_percent"": ""100"", ""num_rows"": ""2097152"", ""profile"": ""variable_128""}"
optimized,constant,sorted_order_strings_prefixes,Device=0 num_rows=262144 prefix_width=32 suffix_width=0 prefix_cardinality=1,False,False,0.18022719919681549,0.17708799988031387,0.18150719925761222,2.4931288709178934,9.053221702575684,"{""num_rows"": ""262144"", ""prefix_cardinality"": ""1"", ""prefix_width"": ""32"", ""suffix_width"": ""0""}"
optimized,constant,sorted_order_strings_prefixes,Device=0 num_rows=2097152 prefix_width=32 suffix_width=0 prefix_cardinality=1,False,False,0.393486401438713,0.3918927997350693,0.3982128024101257,2.5549756195004627,72.36474514007568,"{""num_rows"": ""2097152"", ""prefix_cardinality"": ""1"", ""prefix_width"": ""32"", ""suffix_width"": ""0""}"
prefix,target,sorted_order_strings_cardinality,Device=0 num_rows=262144 max_width=32 cardinality=1,False,False,0.007171199959702789,0.007006400055252014,0.007948800013400613,8.258009909586276,1.0,"{""cardinality"": ""1"", ""max_width"": ""32"", ""num_rows"": ""262144""}"
prefix,target,sorted_order_strings_cardinality,Device=0 num_rows=2097152 max_width=32 cardinality=1,False,False,0.008497600071132184,0.008379200054332615,0.008820800110697745,5.265428269651553,8.0,"{""cardinality"": ""1"", ""max_width"": ""32"", ""num_rows"": ""2097152""}"
prefix,target,sorted_order_strings_cardinality,Device=0 num_rows=262144 max_width=128 cardinality=1,False,False,4.16353120803833,4.15595841407776,4.1668800592422475,0.941927496655387,4.00056266784668,"{""cardinality"": ""1"", ""max_width"": ""128"", ""num_rows"": ""262144""}"
prefix,target,sorted_order_strings_cardinality,Device=0 num_rows=2097152 max_width=128 cardinality=1,False,False,35.60904140472412,35.598848342895515,35.63310222625733,0.329472566030873,32.00227165222168,"{""cardinality"": ""1"", ""max_width"": ""128"", ""num_rows"": ""2097152""}"
prefix,target,sorted_order_strings_cardinality,Device=0 num_rows=262144 max_width=32 cardinality=64,False,False,1.2363184034824373,1.2328671991825102,1.2366960048675537,0.8394168052796139,4.00056266784668,"{""cardinality"": ""64"", ""max_width"": ""32"", ""num_rows"": ""262144""}"
prefix,target,sorted_order_strings_cardinality,Device=0 num_rows=2097152 max_width=32 cardinality=64,False,False,3.3052079677581787,3.30343679189682,3.3093807935714716,0.5752574635753208,32.00227165222168,"{""cardinality"": ""64"", ""max_width"": ""32"", ""num_rows"": ""2097152""}"
prefix,target,sorted_order_strings_cardinality,Device=0 num_rows=262144 max_width=128 cardinality=64,False,False,5.279177618026735,5.268633627891541,5.2811936140060425,0.4505422145919992,4.00056266784668,"{""cardinality"": ""64"", ""max_width"": ""128"", ""num_rows"": ""262144""}"
prefix,target,sorted_order_strings_cardinality,Device=0 num_rows=2097152 max_width=128 cardinality=64,False,False,12.811864089965816,12.809214401245116,12.843075275421144,0.6288305062634469,32.00227165222168,"{""cardinality"": ""64"", ""max_width"": ""128"", ""num_rows"": ""2097152""}"
prefix,target,sorted_order_strings_cardinality,Device=0 num_rows=262144 max_width=32 cardinality=0,False,False,0.2789360001683236,0.2788415998220444,0.2803775995969773,0.7605569095861153,4.00056266784668,"{""cardinality"": ""0"", ""max_width"": ""32"", ""num_rows"": ""262144""}"
prefix,target,sorted_order_strings_cardinality,Device=0 num_rows=2097152 max_width=32 cardinality=0,False,False,1.0981119930744172,1.0981040000915527,1.1008239924907686,0.4072843703952918,32.00227165222168,"{""cardinality"": ""0"", ""max_width"": ""32"", ""num_rows"": ""2097152""}"
prefix,target,sorted_order_strings_cardinality,Device=0 num_rows=262144 max_width=128 cardinality=0,False,False,0.3046351984143256,0.30354719907045374,0.3061087995767594,0.4658634610432118,4.00056266784668,"{""cardinality"": ""0"", ""max_width"": ""128"", ""num_rows"": ""262144""}"
prefix,target,sorted_order_strings_cardinality,Device=0 num_rows=2097152 max_width=128 cardinality=0,False,False,1.142217606306076,1.1402960062026974,1.1448079884052274,0.4000531118238299,32.00227165222168,"{""cardinality"": ""0"", ""max_width"": ""128"", ""num_rows"": ""2097152""}"
prefix,target,sorted_order_strings_prefixes,Device=0 num_rows=262144 prefix_width=4 suffix_width=32 prefix_cardinality=1,False,False,0.2902127996087074,0.28895839750766755,0.29133760035038,0.5542999989958963,4.00056266784668,"{""num_rows"": ""262144"", ""prefix_cardinality"": ""1"", ""prefix_width"": ""4"", ""suffix_width"": ""32""}"
prefix,target,sorted_order_strings_prefixes,Device=0 num_rows=2097152 prefix_width=4 suffix_width=32 prefix_cardinality=1,False,False,1.1045136094093322,1.101801609992981,1.1056703925132751,0.4858474026908338,32.00227165222168,"{""num_rows"": ""2097152"", ""prefix_cardinality"": ""1"", ""prefix_width"": ""4"", ""suffix_width"": ""32""}"
prefix,target,sorted_order_strings_prefixes,Device=0 num_rows=262144 prefix_width=8 suffix_width=32 prefix_cardinality=1,False,False,0.74517759680748,0.7439071983098984,0.746671998500824,0.46882006103613155,4.00056266784668,"{""num_rows"": ""262144"", ""prefix_cardinality"": ""1"", ""prefix_width"": ""8"", ""suffix_width"": ""32""}"
prefix,target,sorted_order_strings_prefixes,Device=0 num_rows=2097152 prefix_width=8 suffix_width=32 prefix_cardinality=1,False,False,6.45949285030365,6.456191968917846,6.459508848190307,0.2944635985002874,32.00227165222168,"{""num_rows"": ""2097152"", ""prefix_cardinality"": ""1"", ""prefix_width"": ""8"", ""suffix_width"": ""32""}"
prefix,target,sorted_order_strings_prefixes,Device=0 num_rows=262144 prefix_width=10 suffix_width=32 prefix_cardinality=1,False,False,0.9540432035923005,0.9535695970058442,0.9550816029310231,0.42418317871978073,4.00056266784668,"{""num_rows"": ""262144"", ""prefix_cardinality"": ""1"", ""prefix_width"": ""10"", ""suffix_width"": ""32""}"
prefix,target,sorted_order_strings_prefixes,Device=0 num_rows=2097152 prefix_width=10 suffix_width=32 prefix_cardinality=1,False,False,7.937926411628724,7.92642560005188,7.9440479516983045,0.3476196321157419,32.00227165222168,"{""num_rows"": ""2097152"", ""prefix_cardinality"": ""1"", ""prefix_width"": ""10"", ""suffix_width"": ""32""}"
prefix,target,sorted_order_strings_prefixes,Device=0 num_rows=262144 prefix_width=11 suffix_width=32 prefix_cardinality=1,False,False,1.0567711949348446,1.0549567878246306,1.0581983923912048,0.3909409305447327,4.00056266784668,"{""num_rows"": ""262144"", ""prefix_cardinality"": ""1"", ""prefix_width"": ""11"", ""suffix_width"": ""32""}"
prefix,target,sorted_order_strings_prefixes,Device=0 num_rows=2097152 prefix_width=11 suffix_width=32 prefix_cardinality=1,False,False,8.6580512046814,8.655820894241332,8.671104049682617,0.3387784080833717,32.00227165222168,"{""num_rows"": ""2097152"", ""prefix_cardinality"": ""1"", ""prefix_width"": ""11"", ""suffix_width"": ""32""}"
prefix,target,sorted_order_strings_prefixes,Device=0 num_rows=262144 prefix_width=12 suffix_width=32 prefix_cardinality=1,False,False,1.1583919942378997,1.1577247977256773,1.163758397102356,0.34179466798846764,4.00056266784668,"{""num_rows"": ""262144"", ""prefix_cardinality"": ""1"", ""prefix_width"": ""12"", ""suffix_width"": ""32""}"
prefix,target,sorted_order_strings_prefixes,Device=0 num_rows=2097152 prefix_width=12 suffix_width=32 prefix_cardinality=1,False,False,9.49816789627075,9.48677453994751,9.505771160125732,0.2820835610026703,32.00227165222168,"{""num_rows"": ""2097152"", ""prefix_cardinality"": ""1"", ""prefix_width"": ""12"", ""suffix_width"": ""32""}"
prefix,target,sorted_order_strings_prefixes,Device=0 num_rows=262144 prefix_width=64 suffix_width=32 prefix_cardinality=1,False,False,6.563769578933715,6.539473605155945,6.563812804222106,0.6990773511559767,4.00056266784668,"{""num_rows"": ""262144"", ""prefix_cardinality"": ""1"", ""prefix_width"": ""64"", ""suffix_width"": ""32""}"
prefix,target,sorted_order_strings_prefixes,Device=0 num_rows=2097152 prefix_width=64 suffix_width=32 prefix_cardinality=1,False,False,64.5929443359375,64.59050102233887,64.59315147399904,0.14360106730283825,32.00227165222168,"{""num_rows"": ""2097152"", ""prefix_cardinality"": ""1"", ""prefix_width"": ""64"", ""suffix_width"": ""32""}"
prefix,target,sorted_order_strings_prefixes,Device=0 num_rows=262144 prefix_width=4 suffix_width=32 prefix_cardinality=64,False,False,0.2547248005867004,0.25323040038347244,0.25555999875068663,0.5367325250039678,4.00056266784668,"{""num_rows"": ""262144"", ""prefix_cardinality"": ""64"", ""prefix_width"": ""4"", ""suffix_width"": ""32""}"
prefix,target,sorted_order_strings_prefixes,Device=0 num_rows=2097152 prefix_width=4 suffix_width=32 prefix_cardinality=64,False,False,1.0530079960823058,1.0524368107318878,1.0560575962066647,0.4341630748554006,32.00227165222168,"{""num_rows"": ""2097152"", ""prefix_cardinality"": ""64"", ""prefix_width"": ""4"", ""suffix_width"": ""32""}"
prefix,target,sorted_order_strings_prefixes,Device=0 num_rows=262144 prefix_width=8 suffix_width=32 prefix_cardinality=64,False,False,0.5733536005020142,0.5712784051895142,0.5740303933620453,0.5155397508306814,4.00056266784668,"{""num_rows"": ""262144"", ""prefix_cardinality"": ""64"", ""prefix_width"": ""8"", ""suffix_width"": ""32""}"
prefix,target,sorted_order_strings_prefixes,Device=0 num_rows=2097152 prefix_width=8 suffix_width=32 prefix_cardinality=64,False,False,4.212919974327086,4.210691189765931,4.214014410972595,0.4603273393886094,32.00227165222168,"{""num_rows"": ""2097152"", ""prefix_cardinality"": ""64"", ""prefix_width"": ""8"", ""suffix_width"": ""32""}"
prefix,target,sorted_order_strings_prefixes,Device=0 num_rows=262144 prefix_width=10 suffix_width=32 prefix_cardinality=64,False,False,0.7140336006879807,0.7133823990821837,0.7156688034534456,0.46808644127453336,4.00056266784668,"{""num_rows"": ""262144"", ""prefix_cardinality"": ""64"", ""prefix_width"": ""10"", ""suffix_width"": ""32""}"
prefix,target,sorted_order_strings_prefixes,Device=0 num_rows=2097152 prefix_width=10 suffix_width=32 prefix_cardinality=64,False,False,5.065895962715149,5.06480803489685,5.075326323509215,0.45968583632284815,32.00227165222168,"{""num_rows"": ""2097152"", ""prefix_cardinality"": ""64"", ""prefix_width"": ""10"", ""suffix_width"": ""32""}"
prefix,target,sorted_order_strings_prefixes,Device=0 num_rows=262144 prefix_width=11 suffix_width=32 prefix_cardinality=64,False,False,0.781352001428604,0.780627194046974,0.7840479999780655,0.4858112260403701,4.00056266784668,"{""num_rows"": ""262144"", ""prefix_cardinality"": ""64"", ""prefix_width"": ""11"", ""suffix_width"": ""32""}"
prefix,target,sorted_order_strings_prefixes,Device=0 num_rows=2097152 prefix_width=11 suffix_width=32 prefix_cardinality=64,False,False,5.563667225837707,5.558060789108274,5.567214393615722,0.18431033760746332,32.00227165222168,"{""num_rows"": ""2097152"", ""prefix_cardinality"": ""64"", ""prefix_width"": ""11"", ""suffix_width"": ""32""}"
prefix,target,sorted_order_strings_prefixes,Device=0 num_rows=262144 prefix_width=12 suffix_width=32 prefix_cardinality=64,False,False,0.852273601293564,0.8513216048479082,0.8537600010633467,0.4897241163463636,4.00056266784668,"{""num_rows"": ""262144"", ""prefix_cardinality"": ""64"", ""prefix_width"": ""12"", ""suffix_width"": ""32""}"
prefix,target,sorted_order_strings_prefixes,Device=0 num_rows=2097152 prefix_width=12 suffix_width=32 prefix_cardinality=64,False,False,6.087811255455016,6.081632018089293,6.092601633071899,0.18054862711689176,32.00227165222168,"{""num_rows"": ""2097152"", ""prefix_cardinality"": ""64"", ""prefix_width"": ""12"", ""suffix_width"": ""32""}"
prefix,target,sorted_order_strings_prefixes,Device=0 num_rows=262144 prefix_width=64 suffix_width=32 prefix_cardinality=64,False,False,4.508854341506959,4.503603196144104,4.51167676448822,0.47754866819946723,4.00056266784668,"{""num_rows"": ""262144"", ""prefix_cardinality"": ""64"", ""prefix_width"": ""64"", ""suffix_width"": ""32""}"
prefix,target,sorted_order_strings_prefixes,Device=0 num_rows=2097152 prefix_width=64 suffix_width=32 prefix_cardinality=64,False,False,37.01509895324707,36.98663330078124,37.04880771636963,0.40716731544023843,32.00227165222168,"{""num_rows"": ""2097152"", ""prefix_cardinality"": ""64"", ""prefix_width"": ""64"", ""suffix_width"": ""32""}"
baseline,end-to-end,sort_strings_workload,Device=0 min_width=0 max_width=32 num_rows=262144 workload=normal,False,False,0.5091119974851608,0.505174393951893,0.5164927989244462,1.176839799566042,9.053221702575684,"{""max_width"": ""32"", ""min_width"": ""0"", ""num_rows"": ""262144"", ""workload"": ""normal""}"
baseline,end-to-end,sort_strings_workload,Device=0 min_width=0 max_width=256 num_rows=262144 workload=normal,False,False,1.6589279949665068,1.6325360000133515,1.6593280017375949,1.8619153048702293,33.687255859375,"{""max_width"": ""256"", ""min_width"": ""0"", ""num_rows"": ""262144"", ""workload"": ""normal""}"
baseline,end-to-end,sort_strings_workload,Device=0 min_width=0 max_width=32 num_rows=2097152 workload=normal,False,False,1.7223984062671662,1.7198703944683078,1.7343071997165678,2.1200406247983197,95.72902488708496,"{""max_width"": ""32"", ""min_width"": ""0"", ""num_rows"": ""2097152"", ""workload"": ""normal""}"
baseline,end-to-end,sort_strings_workload,Device=0 min_width=0 max_width=256 num_rows=2097152 workload=normal,False,False,8.570875215530396,8.560879945755005,8.590580844879149,1.6682363931330424,269.3055658340454,"{""max_width"": ""256"", ""min_width"": ""0"", ""num_rows"": ""2097152"", ""workload"": ""normal""}"
baseline,end-to-end,sort_strings_workload,Device=0 min_width=0 max_width=32 num_rows=262144 workload=duplicates,False,False,0.5301295936107635,0.5279887974262237,0.5365264058113097,2.2727813019306646,9.053221702575684,"{""max_width"": ""32"", ""min_width"": ""0"", ""num_rows"": ""262144"", ""workload"": ""duplicates""}"
baseline,end-to-end,sort_strings_workload,Device=0 min_width=0 max_width=256 num_rows=262144 workload=duplicates,False,False,1.877380794286728,1.8705664098262789,1.8846288025379185,1.380026408118078,34.63582420349121,"{""max_width"": ""256"", ""min_width"": ""0"", ""num_rows"": ""262144"", ""workload"": ""duplicates""}"
baseline,end-to-end,sort_strings_workload,Device=0 min_width=0 max_width=32 num_rows=2097152 workload=duplicates,False,False,2.6154976010322577,2.611128008365631,2.617451214790344,1.2997299158939604,96.68649291992188,"{""max_width"": ""32"", ""min_width"": ""0"", ""num_rows"": ""2097152"", ""workload"": ""duplicates""}"
baseline,end-to-end,sort_strings_workload,Device=0 min_width=0 max_width=256 num_rows=2097152 workload=duplicates,False,False,10.380902338027953,10.37069602012634,10.40176954269409,1.6120103672209007,277.07898902893066,"{""max_width"": ""256"", ""min_width"": ""0"", ""num_rows"": ""2097152"", ""workload"": ""duplicates""}"
baseline,end-to-end,sort_strings_workload,Device=0 min_width=0 max_width=32 num_rows=262144 workload=shared_prefix,False,False,0.8623759984970095,0.8575792014598845,0.8697968006134031,0.6707502174244828,9.053221702575684,"{""max_width"": ""32"", ""min_width"": ""0"", ""num_rows"": ""262144"", ""workload"": ""shared_prefix""}"
baseline,end-to-end,sort_strings_workload,Device=0 min_width=0 max_width=256 num_rows=262144 workload=shared_prefix,False,False,7.967582416534424,7.964001607894896,7.987763166427613,0.31744312547618075,65.03126335144043,"{""max_width"": ""256"", ""min_width"": ""0"", ""num_rows"": ""262144"", ""workload"": ""shared_prefix""}"
baseline,end-to-end,sort_strings_workload,Device=0 min_width=0 max_width=32 num_rows=2097152 workload=shared_prefix,False,False,6.136846375465393,6.128923225402832,6.151270341873169,0.46612616355659175,120.06652927398682,"{""max_width"": ""32"", ""min_width"": ""0"", ""num_rows"": ""2097152"", ""workload"": ""shared_prefix""}"
baseline,end-to-end,sort_strings_workload,Device=0 min_width=0 max_width=256 num_rows=2097152 workload=shared_prefix,False,False,50.79945011138916,50.78600177764891,50.82676334381103,0.1859412003289552,520.2527341842651,"{""max_width"": ""256"", ""min_width"": ""0"", ""num_rows"": ""2097152"", ""workload"": ""shared_prefix""}"
baseline,end-to-end,sort_strings_workload,Device=0 min_width=0 max_width=32 num_rows=262144 workload=variable,False,False,0.3644943952560425,0.3639840006828309,0.36959520429372783,4.007861849216076,9.053221702575684,"{""max_width"": ""32"", ""min_width"": ""0"", ""num_rows"": ""262144"", ""workload"": ""variable""}"
baseline,end-to-end,sort_strings_workload,Device=0 min_width=0 max_width=256 num_rows=262144 workload=variable,False,False,0.3876656010746956,0.381073597073555,0.39156640022993094,1.0050098549960393,34.01968002319336,"{""max_width"": ""256"", ""min_width"": ""0"", ""num_rows"": ""262144"", ""workload"": ""variable""}"
baseline,end-to-end,sort_strings_workload,Device=0 min_width=0 max_width=32 num_rows=2097152 workload=variable,False,False,0.9225759983062742,0.9199615955352782,0.9304192036390305,0.622632674646009,96.05874729156494,"{""max_width"": ""32"", ""min_width"": ""0"", ""num_rows"": ""2097152"", ""workload"": ""variable""}"
baseline,end-to-end,sort_strings_workload,Device=0 min_width=0 max_width=256 num_rows=2097152 workload=variable,False,False,1.1276912093162537,1.1271695971488953,1.1375487923622132,0.3179249505209889,272.17790508270264,"{""max_width"": ""256"", ""min_width"": ""0"", ""num_rows"": ""2097152"", ""workload"": ""variable""}"
pr1-p32-c512,pr-diagnostics,sorted_order_strings_segmented_diagnostics,Device=0 num_rows=262144 profile=finish_257,False,False,0.3425855994224548,0.34010560214519503,0.34825600087642666,1.1933437448045938,9.811182022094727,"{""num_rows"": ""262144"", ""profile"": ""finish_257""}"
pr1-p32-c512,pr-diagnostics,sorted_order_strings_segmented_diagnostics,Device=0 num_rows=2097152 profile=finish_257,False,False,0.5354671925306321,0.5354496002197267,0.5414367944002152,0.6914402949332412,78.42739295959473,"{""num_rows"": ""2097152"", ""profile"": ""finish_257""}"
pr1-p32-c512,pr-diagnostics,sorted_order_strings_segmented_diagnostics,Device=0 num_rows=262144 profile=finish_1024,False,False,0.46793120205402366,0.46466879844665526,0.4721872031688689,2.8236826613918,9.81140422821045,"{""num_rows"": ""262144"", ""profile"": ""finish_1024""}"
pr1-p32-c512,pr-diagnostics,sorted_order_strings_segmented_diagnostics,Device=0 num_rows=2097152 profile=finish_1024,False,False,0.6815567940473558,0.6788927972316743,0.6913488030433655,1.0820310358501353,78.42761516571045,"{""num_rows"": ""2097152"", ""profile"": ""finish_1024""}"
pr1-p32-c512,pr-diagnostics,sorted_order_strings_segmented_diagnostics,Device=0 num_rows=262144 profile=finish_4096,False,False,0.5277280002832412,0.5207968026399612,0.5363903999328612,4.31677722784195,9.81140422821045,"{""num_rows"": ""262144"", ""profile"": ""finish_4096""}"
pr1-p32-c512,pr-diagnostics,sorted_order_strings_segmented_diagnostics,Device=0 num_rows=2097152 profile=finish_4096,False,False,0.7426991939544678,0.7373199969530105,0.7472352057695387,2.246805924750294,78.42761516571045,"{""num_rows"": ""2097152"", ""profile"": ""finish_4096""}"
pr1-p32-c512,pr-diagnostics,sorted_order_strings_segmented_diagnostics,Device=0 num_rows=262144 profile=active_50,False,False,1.4514320015907287,1.4503840029239654,1.4552767992019655,0.5111638395882291,9.81140422821045,"{""num_rows"": ""262144"", ""profile"": ""active_50""}"
pr1-p32-c512,pr-diagnostics,sorted_order_strings_segmented_diagnostics,Device=0 num_rows=2097152 profile=active_50,False,False,10.868788909912112,10.866979217529295,10.87234230041504,0.07526622729553294,78.42761516571045,"{""num_rows"": ""2097152"", ""profile"": ""active_50""}"
pr1-p32-c512,pr-diagnostics,sorted_order_strings_segmented_diagnostics,Device=0 num_rows=262144 profile=active_10,False,False,0.5269439965486526,0.5224975943565368,0.5290192008018494,0.9491247067899772,9.81140422821045,"{""num_rows"": ""262144"", ""profile"": ""active_10""}"
pr1-p32-c512,pr-diagnostics,sorted_order_strings_segmented_diagnostics,Device=0 num_rows=2097152 profile=active_10,False,False,2.432502436637878,2.4319455981254574,2.435977578163147,0.27208202892193734,78.42761516571045,"{""num_rows"": ""2097152"", ""profile"": ""active_10""}"
pr1-p32-c512,pr-diagnostics,sorted_order_strings_segmented_diagnostics,Device=0 num_rows=262144 profile=active_1,False,False,0.29344160258769986,0.289937600493431,0.2937792032957077,2.1772380217680296,9.81140422821045,"{""num_rows"": ""262144"", ""profile"": ""active_1""}"
pr1-p32-c512,pr-diagnostics,sorted_order_strings_segmented_diagnostics,Device=0 num_rows=2097152 profile=active_1,False,False,0.6726303994655609,0.6717056065797804,0.7052000045776367,17.13544067266354,78.42761516571045,"{""num_rows"": ""2097152"", ""profile"": ""active_1""}"
pr1-p32-c512,pr-diagnostics,sorted_order_strings_segmented_diagnostics,Device=0 num_rows=262144 profile=active_0_1,False,False,0.2816752001643181,0.28163999915122995,0.28597599864006046,1.4620648852157125,9.811182022094727,"{""num_rows"": ""262144"", ""profile"": ""active_0_1""}"
pr1-p32-c512,pr-diagnostics,sorted_order_strings_segmented_diagnostics,Device=0 num_rows=2097152 profile=active_0_1,False,False,0.48091359734535216,0.4799728035926818,0.4828927993774413,0.9777730896664526,78.42761516571045,"{""num_rows"": ""2097152"", ""profile"": ""active_0_1""}"
pr1-p32-c512,pr-diagnostics,sorted_order_strings_segmented_diagnostics,Device=0 num_rows=262144 profile=duplicates_6,False,False,0.21982879862189297,0.21348480135202408,0.228627198189497,18.286926101097947,10.811402320861816,"{""num_rows"": ""262144"", ""profile"": ""duplicates_6""}"
pr1-p32-c512,pr-diagnostics,sorted_order_strings_segmented_diagnostics,Device=0 num_rows=2097152 profile=duplicates_6,False,False,0.38149760067462923,0.3811312004923821,0.3850879982113838,1.306262758600557,86.42761325836182,"{""num_rows"": ""2097152"", ""profile"": ""duplicates_6""}"
pr1-p32-c512,pr-diagnostics,sorted_order_strings_segmented_diagnostics,Device=0 num_rows=262144 profile=duplicates_8,False,False,0.214809600263834,0.21365439891815183,0.21863039880990984,2.3505756654700347,10.811402320861816,"{""num_rows"": ""262144"", ""profile"": ""duplicates_8""}"
pr1-p32-c512,pr-diagnostics,sorted_order_strings_segmented_diagnostics,Device=0 num_rows=2097152 profile=duplicates_8,False,False,0.3837487980723381,0.3805055990815163,0.39205119907855995,1.2595281946094463,86.42761325836182,"{""num_rows"": ""2097152"", ""profile"": ""duplicates_8""}"
pr1-p32-c512,pr-diagnostics,sorted_order_strings_segmented_diagnostics,Device=0 num_rows=262144 profile=duplicates_12,False,False,0.33378880321979526,0.33344639986753466,0.3390304014086723,1.655342602821046,10.811402320861816,"{""num_rows"": ""262144"", ""profile"": ""duplicates_12""}"
pr1-p32-c512,pr-diagnostics,sorted_order_strings_segmented_diagnostics,Device=0 num_rows=2097152 profile=duplicates_12,False,False,0.9150112003087999,0.9104303985834122,0.9203424006700514,0.8458141855842781,86.42761325836182,"{""num_rows"": ""2097152"", ""profile"": ""duplicates_12""}"
pr1-p32-c512,pr-diagnostics,sorted_order_strings_segmented_diagnostics,Device=0 num_rows=262144 profile=duplicates_16,False,False,0.3333071976900101,0.3330943986773491,0.3385919973254204,1.4581338256998586,10.811402320861816,"{""num_rows"": ""262144"", ""profile"": ""duplicates_16""}"
pr1-p32-c512,pr-diagnostics,sorted_order_strings_segmented_diagnostics,Device=0 num_rows=2097152 profile=duplicates_16,False,False,0.9188607990741731,0.9128479987382885,0.9198271960020065,0.9466761165745327,86.42761325836182,"{""num_rows"": ""2097152"", ""profile"": ""duplicates_16""}"
pr1-p32-c512,pr-diagnostics,sorted_order_strings_segmented_diagnostics,Device=0 num_rows=262144 profile=duplicates_24,False,False,0.45150559991598127,0.44932479858398433,0.4547711998224259,1.2347534829826465,10.811402320861816,"{""num_rows"": ""262144"", ""profile"": ""duplicates_24""}"
pr1-p32-c512,pr-diagnostics,sorted_order_strings_segmented_diagnostics,Device=0 num_rows=2097152 profile=duplicates_24,False,False,1.453606402873993,1.4461456120014191,1.4558080136775968,0.6757611468758568,86.42761325836182,"{""num_rows"": ""2097152"", ""profile"": ""duplicates_24""}"
pr1-p32-c512,pr-diagnostics,sorted_order_strings_segmented_diagnostics,Device=0 num_rows=262144 profile=duplicates_32,False,False,0.5672448009252549,0.5636320024728777,0.574398398399353,1.0419532392438697,10.811402320861816,"{""num_rows"": ""262144"", ""profile"": ""duplicates_32""}"
pr1-p32-c512,pr-diagnostics,sorted_order_strings_segmented_diagnostics,Device=0 num_rows=2097152 profile=duplicates_32,False,False,2.0262400031089784,2.007361608743668,2.0310448169708253,1.6901653547951545,86.42761325836182,"{""num_rows"": ""2097152"", ""profile"": ""duplicates_32""}"
pr1-p32-c512,pr-diagnostics,sorted_order_strings_segmented_diagnostics,Device=0 num_rows=262144 profile=rle_misaligned,False,False,9.195779228210451,9.188575887680056,9.208769607543944,0.11514866978661092,10.914434432983398,"{""num_rows"": ""262144"", ""profile"": ""rle_misaligned""}"
pr1-p32-c512,pr-diagnostics,sorted_order_strings_segmented_diagnostics,Device=0 num_rows=2097152 profile=rle_misaligned,False,False,91.84494247436524,91.84085159301758,91.85681114196778,0.022322275358034292,86.42761325836182,"{""num_rows"": ""2097152"", ""profile"": ""rle_misaligned""}"
optimized,end-to-end,sort_strings_workload,Device=0 min_width=0 max_width=32 num_rows=262144 workload=normal,False,False,0.5063840001821517,0.5056127935647965,0.5075696006417274,1.6687948857878887,9.053221702575684,"{""max_width"": ""32"", ""min_width"": ""0"", ""num_rows"": ""262144"", ""workload"": ""normal""}"
optimized,end-to-end,sort_strings_workload,Device=0 min_width=0 max_width=256 num_rows=262144 workload=normal,False,False,1.649793601036072,1.64160640835762,1.6501024067401884,1.8877143270993535,33.687255859375,"{""max_width"": ""256"", ""min_width"": ""0"", ""num_rows"": ""262144"", ""workload"": ""normal""}"
optimized,end-to-end,sort_strings_workload,Device=0 min_width=0 max_width=32 num_rows=2097152 workload=normal,False,False,1.699289584159851,1.6991999864578247,1.7058640062808994,1.9778433349882274,95.72902488708496,"{""max_width"": ""32"", ""min_width"": ""0"", ""num_rows"": ""2097152"", ""workload"": ""normal""}"
optimized,end-to-end,sort_strings_workload,Device=0 min_width=0 max_width=256 num_rows=2097152 workload=normal,False,False,8.496473646163942,8.469070434570312,8.512520027160644,2.0191989249288467,269.3055658340454,"{""max_width"": ""256"", ""min_width"": ""0"", ""num_rows"": ""2097152"", ""workload"": ""normal""}"
optimized,end-to-end,sort_strings_workload,Device=0 min_width=0 max_width=32 num_rows=262144 workload=duplicates,False,False,0.5300847947597502,0.5280671954154966,0.536591997742653,6.384336247477597,9.053221702575684,"{""max_width"": ""32"", ""min_width"": ""0"", ""num_rows"": ""262144"", ""workload"": ""duplicates""}"
optimized,end-to-end,sort_strings_workload,Device=0 min_width=0 max_width=256 num_rows=262144 workload=duplicates,False,False,1.874886393547058,1.8678383886814114,1.8843583941459654,1.3165642920815208,34.63582420349121,"{""max_width"": ""256"", ""min_width"": ""0"", ""num_rows"": ""262144"", ""workload"": ""duplicates""}"
optimized,end-to-end,sort_strings_workload,Device=0 min_width=0 max_width=32 num_rows=2097152 workload=duplicates,False,False,1.8824016034603117,1.8762623965740202,1.883401608467102,1.7677789272507405,96.68649291992188,"{""max_width"": ""32"", ""min_width"": ""0"", ""num_rows"": ""2097152"", ""workload"": ""duplicates""}"
optimized,end-to-end,sort_strings_workload,Device=0 min_width=0 max_width=256 num_rows=2097152 workload=duplicates,False,False,6.226910352706909,6.220756793022156,6.24038405418396,0.6821511433453513,277.07898902893066,"{""max_width"": ""256"", ""min_width"": ""0"", ""num_rows"": ""2097152"", ""workload"": ""duplicates""}"
optimized,end-to-end,sort_strings_workload,Device=0 min_width=0 max_width=32 num_rows=262144 workload=shared_prefix,False,False,0.6508000016212465,0.650519996881485,0.6533967971801757,1.4530647147102662,9.053221702575684,"{""max_width"": ""32"", ""min_width"": ""0"", ""num_rows"": ""262144"", ""workload"": ""shared_prefix""}"
optimized,end-to-end,sort_strings_workload,Device=0 min_width=0 max_width=256 num_rows=262144 workload=shared_prefix,False,False,0.8582880020141601,0.8572640091180801,0.8583584010601042,0.47155254765394106,65.03126335144043,"{""max_width"": ""256"", ""min_width"": ""0"", ""num_rows"": ""262144"", ""workload"": ""shared_prefix""}"
optimized,end-to-end,sort_strings_workload,Device=0 min_width=0 max_width=32 num_rows=2097152 workload=shared_prefix,False,False,4.189668798446655,4.185267210006715,4.198766374588012,0.42920419158944273,120.06652927398682,"{""max_width"": ""32"", ""min_width"": ""0"", ""num_rows"": ""2097152"", ""workload"": ""shared_prefix""}"
optimized,end-to-end,sort_strings_workload,Device=0 min_width=0 max_width=256 num_rows=2097152 workload=shared_prefix,False,False,5.865582394599914,5.85588641166687,5.8747375965118405,0.9889295829051233,520.2527341842651,"{""max_width"": ""256"", ""min_width"": ""0"", ""num_rows"": ""2097152"", ""workload"": ""shared_prefix""}"
optimized,end-to-end,sort_strings_workload,Device=0 min_width=0 max_width=32 num_rows=262144 workload=variable,False,False,0.3640288025140761,0.36236800253391266,0.3644048005342484,1.0251590599164746,9.053221702575684,"{""max_width"": ""32"", ""min_width"": ""0"", ""num_rows"": ""262144"", ""workload"": ""variable""}"
optimized,end-to-end,sort_strings_workload,Device=0 min_width=0 max_width=256 num_rows=262144 workload=variable,False,False,0.38798559904098506,0.3868063986301422,0.38930080085992813,0.9319241120875026,34.01968002319336,"{""max_width"": ""256"", ""min_width"": ""0"", ""num_rows"": ""262144"", ""workload"": ""variable""}"
optimized,end-to-end,sort_strings_workload,Device=0 min_width=0 max_width=32 num_rows=2097152 workload=variable,False,False,0.9090496033430101,0.9070608049631118,0.9165951997041701,2.118072671755852,96.05874729156494,"{""max_width"": ""32"", ""min_width"": ""0"", ""num_rows"": ""2097152"", ""workload"": ""variable""}"
optimized,end-to-end,sort_strings_workload,Device=0 min_width=0 max_width=256 num_rows=2097152 workload=variable,False,False,1.1320992052555088,1.1320191979408263,1.1332479953765868,0.6609088925417312,272.17790508270264,"{""max_width"": ""256"", ""min_width"": ""0"", ""num_rows"": ""2097152"", ""workload"": ""variable""}"
optimized,pr-source,sorted_order_strings_source_parity,Device=0 num_rows=262144 profile=unique_32,False,False,0.23970720097422601,0.2341280005872249,0.2399903990328312,1.6376247958007923,9.053221702575684,"{""num_rows"": ""262144"", ""profile"": ""unique_32""}"
optimized,pr-source,sorted_order_strings_source_parity,Device=0 num_rows=2097152 profile=unique_32,False,False,0.5794911980628967,0.577219197154045,0.582233601808548,0.85865103403455,72.36474514007568,"{""num_rows"": ""2097152"", ""profile"": ""unique_32""}"
optimized,pr-source,sorted_order_strings_source_parity,Device=0 num_rows=262144 profile=duplicates_32,False,False,0.2125743992626667,0.209748800098896,0.21270080134272573,1.1658433447550822,9.053221702575684,"{""num_rows"": ""262144"", ""profile"": ""duplicates_32""}"
optimized,pr-source,sorted_order_strings_source_parity,Device=0 num_rows=2097152 profile=duplicates_32,False,False,0.5053216055035591,0.5034015998244286,0.507806396484375,0.9412855864758518,72.36474514007568,"{""num_rows"": ""2097152"", ""profile"": ""duplicates_32""}"
optimized,pr-source,sorted_order_strings_source_parity,Device=0 num_rows=262144 profile=shared_prefix_24,False,False,0.24210080057382585,0.23292480185627937,0.24239839911460878,1.1781168526267336,9.053221702575684,"{""num_rows"": ""262144"", ""profile"": ""shared_prefix_24""}"
optimized,pr-source,sorted_order_strings_source_parity,Device=0 num_rows=2097152 profile=shared_prefix_24,False,False,0.5793327957391738,0.5774720013141633,0.5822031944990158,0.811149632498755,72.36474514007568,"{""num_rows"": ""2097152"", ""profile"": ""shared_prefix_24""}"
optimized,pr-source,sorted_order_strings_source_parity,Device=0 num_rows=262144 profile=raw_unique_40,False,False,0.176231998950243,0.16960640177130695,0.1769567996263504,1.8437863701285602,9.053221702575684,"{""num_rows"": ""262144"", ""profile"": ""raw_unique_40""}"
optimized,pr-source,sorted_order_strings_source_parity,Device=0 num_rows=2097152 profile=raw_unique_40,False,False,0.4162992000579834,0.4120047986507416,0.4173231989145279,0.8660307684324636,72.36474514007568,"{""num_rows"": ""2097152"", ""profile"": ""raw_unique_40""}"
optimized,pr-source,sorted_order_strings_source_parity,Device=0 num_rows=262144 profile=raw_duplicates_40,False,False,0.4801856011152268,0.4765232011675834,0.4809407994151115,0.9004542460235733,9.053221702575684,"{""num_rows"": ""262144"", ""profile"": ""raw_duplicates_40""}"
optimized,pr-source,sorted_order_strings_source_parity,Device=0 num_rows=2097152 profile=raw_duplicates_40,False,False,3.1582432031631464,3.15531198978424,3.166512012481688,0.9825584007831727,72.36474514007568,"{""num_rows"": ""2097152"", ""profile"": ""raw_duplicates_40""}"
optimized,pr-source,sorted_order_strings_source_parity,Device=0 num_rows=262144 profile=raw_shared_prefix_24_width_40,False,False,0.5244864016771317,0.5197104036808015,0.5266672015190124,0.9899511333723737,9.053221702575684,"{""num_rows"": ""262144"", ""profile"": ""raw_shared_prefix_24_width_40""}"
optimized,pr-source,sorted_order_strings_source_parity,Device=0 num_rows=2097152 profile=raw_shared_prefix_24_width_40,False,False,3.8778943896293643,3.8749391794204713,3.8858176231384283,0.2877212962171959,72.36474514007568,"{""num_rows"": ""2097152"", ""profile"": ""raw_shared_prefix_24_width_40""}"
prefix,constant,sorted_order_strings_prefixes,Device=0 num_rows=262144 prefix_width=32 suffix_width=0 prefix_cardinality=1,False,False,1.1687136054039002,1.1636575996875762,1.16911678314209,0.6616995901958244,4.00056266784668,"{""num_rows"": ""262144"", ""prefix_cardinality"": ""1"", ""prefix_width"": ""32"", ""suffix_width"": ""0""}"
prefix,constant,sorted_order_strings_prefixes,Device=0 num_rows=2097152 prefix_width=32 suffix_width=0 prefix_cardinality=1,False,False,6.59791362285614,6.592350363731384,6.61223840713501,1.1256974807365574,32.00227165222168,"{""num_rows"": ""2097152"", ""prefix_cardinality"": ""1"", ""prefix_width"": ""32"", ""suffix_width"": ""0""}"
baseline,stable-warps-1,sorted_order_strings_segments,Device=0 num_rows=32768 shared_suffix=0 segment_profile=pairs,True,True,0.15677760019898412,0.15432319939136507,0.16016159877181055,2.695301284924089,1.1391592025756836,"{""num_rows"": ""32768"", ""segment_profile"": ""pairs"", ""shared_suffix"": ""0""}"
baseline,stable-warps-1,sorted_order_strings_segments,Device=0 num_rows=2097152 shared_suffix=0 segment_profile=pairs,True,True,0.655716797709465,0.6549055904150008,0.6597407966852189,1.3461311756723369,72.36474514007568,"{""num_rows"": ""2097152"", ""segment_profile"": ""pairs"", ""shared_suffix"": ""0""}"
baseline,stable-warps-1,sorted_order_strings_segments,Device=0 num_rows=32768 shared_suffix=64 segment_profile=pairs,True,True,0.16156479939818383,0.16024319976568224,0.165777599811554,2.692613398037829,1.1391592025756836,"{""num_rows"": ""32768"", ""segment_profile"": ""pairs"", ""shared_suffix"": ""64""}"
baseline,stable-warps-1,sorted_order_strings_segments,Device=0 num_rows=2097152 shared_suffix=64 segment_profile=pairs,True,True,0.8609104007482529,0.8597088009119035,0.8653968006372452,0.8925171595631368,72.36474514007568,"{""num_rows"": ""2097152"", ""segment_profile"": ""pairs"", ""shared_suffix"": ""64""}"
baseline,stable-warps-1,sorted_order_strings_segments,Device=0 num_rows=32768 shared_suffix=0 segment_profile=tiny4,True,True,0.15935840234160428,0.1570191994309425,0.16933920085430146,22.65813010640106,1.1391592025756836,"{""num_rows"": ""32768"", ""segment_profile"": ""tiny4"", ""shared_suffix"": ""0""}"
baseline,stable-warps-1,sorted_order_strings_segments,Device=0 num_rows=2097152 shared_suffix=0 segment_profile=tiny4,True,True,0.6242896050214768,0.6223440021276474,0.6243999958038329,1.894616723613275,72.36474514007568,"{""num_rows"": ""2097152"", ""segment_profile"": ""tiny4"", ""shared_suffix"": ""0""}"
baseline,stable-warps-1,sorted_order_strings_segments,Device=0 num_rows=32768 shared_suffix=64 segment_profile=tiny4,True,True,0.17551679909229279,0.17504960000514982,0.18043839856982233,15.954134666979142,1.1391592025756836,"{""num_rows"": ""32768"", ""segment_profile"": ""tiny4"", ""shared_suffix"": ""64""}"
baseline,stable-warps-1,sorted_order_strings_segments,Device=0 num_rows=2097152 shared_suffix=64 segment_profile=tiny4,True,True,1.0639935970306396,1.063950395584106,1.06977921128273,0.7163969962761451,72.36474514007568,"{""num_rows"": ""2097152"", ""segment_profile"": ""tiny4"", ""shared_suffix"": ""64""}"
baseline,stable-warps-1,sorted_order_strings_segments,Device=0 num_rows=32768 shared_suffix=0 segment_profile=tiny8,True,True,0.16749599948525432,0.16742239966988562,0.17607040032744406,15.143751924423018,1.1391592025756836,"{""num_rows"": ""32768"", ""segment_profile"": ""tiny8"", ""shared_suffix"": ""0""}"
baseline,stable-warps-1,sorted_order_strings_segments,Device=0 num_rows=2097152 shared_suffix=0 segment_profile=tiny8,True,True,0.7116543978452682,0.7096271991729737,0.7118159949779509,0.6330772085870894,72.36474514007568,"{""num_rows"": ""2097152"", ""segment_profile"": ""tiny8"", ""shared_suffix"": ""0""}"
baseline,stable-warps-1,sorted_order_strings_segments,Device=0 num_rows=32768 shared_suffix=64 segment_profile=tiny8,True,True,0.193545600771904,0.1922624006867409,0.19413120076060295,1.1713017857897823,1.1391592025756836,"{""num_rows"": ""32768"", ""segment_profile"": ""tiny8"", ""shared_suffix"": ""64""}"
baseline,stable-warps-1,sorted_order_strings_segments,Device=0 num_rows=2097152 shared_suffix=64 segment_profile=tiny8,True,True,1.505006402730942,1.5029360055923464,1.5089504003524776,0.3798445067046252,72.36474514007568,"{""num_rows"": ""2097152"", ""segment_profile"": ""tiny8"", ""shared_suffix"": ""64""}"
baseline,stable-warps-1,sorted_order_strings_segments,Device=0 num_rows=32768 shared_suffix=0 segment_profile=tiny16,True,True,0.17305599972605706,0.172750398516655,0.1745679996907711,1.3069695956461551,1.1391592025756836,"{""num_rows"": ""32768"", ""segment_profile"": ""tiny16"", ""shared_suffix"": ""0""}"
baseline,stable-warps-1,sorted_order_strings_segments,Device=0 num_rows=2097152 shared_suffix=0 segment_profile=tiny16,True,True,0.8028016000986097,0.8027936011552811,0.804995208978653,0.48316893401406885,72.36474514007568,"{""num_rows"": ""2097152"", ""segment_profile"": ""tiny16"", ""shared_suffix"": ""0""}"
baseline,stable-warps-1,sorted_order_strings_segments,Device=0 num_rows=32768 shared_suffix=64 segment_profile=tiny16,True,True,0.2083311997354031,0.20761760100722315,0.2156416013836861,9.348284686370407,1.1391592025756836,"{""num_rows"": ""32768"", ""segment_profile"": ""tiny16"", ""shared_suffix"": ""64""}"
baseline,stable-warps-1,sorted_order_strings_segments,Device=0 num_rows=2097152 shared_suffix=64 segment_profile=tiny16,True,True,1.9875999987125403,1.9852016031742097,1.9906095802783965,0.31765644897559026,72.36474514007568,"{""num_rows"": ""2097152"", ""segment_profile"": ""tiny16"", ""shared_suffix"": ""64""}"
baseline,stable-warps-1,sorted_order_strings_segments,Device=0 num_rows=32768 shared_suffix=0 segment_profile=tiny32,True,True,0.17626719921827316,0.17423359975218772,0.17783519849181179,2.2972526287227035,1.1391592025756836,"{""num_rows"": ""32768"", ""segment_profile"": ""tiny32"", ""shared_suffix"": ""0""}"
baseline,stable-warps-1,sorted_order_strings_segments,Device=0 num_rows=2097152 shared_suffix=0 segment_profile=tiny32,True,True,0.9344464033842086,0.932627201080322,0.9345247954130171,0.4078767633650055,72.36474514007568,"{""num_rows"": ""2097152"", ""segment_profile"": ""tiny32"", ""shared_suffix"": ""0""}"
baseline,stable-warps-1,sorted_order_strings_segments,Device=0 num_rows=32768 shared_suffix=64 segment_profile=tiny32,True,True,0.22504319995641708,0.22494399994611733,0.22627360150218007,1.9855256209271595,1.1391592025756836,"{""num_rows"": ""32768"", ""segment_profile"": ""tiny32"", ""shared_suffix"": ""64""}"
baseline,stable-warps-1,sorted_order_strings_segments,Device=0 num_rows=2097152 shared_suffix=64 segment_profile=tiny32,True,True,2.528967976570129,2.5262383580207826,2.5323567748069764,0.37478689425613415,72.36474514007568,"{""num_rows"": ""2097152"", ""segment_profile"": ""tiny32"", ""shared_suffix"": ""64""}"
optimized,main,sorted_order_strings,Device=0 min_width=1 max_width=8 num_rows=32768,False,False,0.16411519795656204,0.1593840017914772,0.16434240117669108,1.828117991951907,1.1391592025756836,"{""max_width"": ""8"", ""min_width"": ""1"", ""num_rows"": ""32768""}"
optimized,main,sorted_order_strings,Device=0 min_width=1 max_width=32 num_rows=32768,False,False,0.19884960055351258,0.1985744014382362,0.1994592010974884,1.3131963198461236,1.1391592025756836,"{""max_width"": ""32"", ""min_width"": ""1"", ""num_rows"": ""32768""}"
optimized,main,sorted_order_strings,Device=0 min_width=1 max_width=64 num_rows=32768,False,False,0.2306176006793976,0.23027039989829065,0.2342319995164871,1.0163387385384575,1.1391592025756836,"{""max_width"": ""64"", ""min_width"": ""1"", ""num_rows"": ""32768""}"
optimized,main,sorted_order_strings,Device=0 min_width=1 max_width=128 num_rows=32768,False,False,0.2982511997222901,0.2975504010915756,0.2988048017024994,1.0771712257361516,1.1391592025756836,"{""max_width"": ""128"", ""min_width"": ""1"", ""num_rows"": ""32768""}"
optimized,main,sorted_order_strings,Device=0 min_width=1 max_width=256 num_rows=32768,False,False,0.44035680294036866,0.43987520039081573,0.4404815986752511,0.7066107613353945,1.1391592025756836,"{""max_width"": ""256"", ""min_width"": ""1"", ""num_rows"": ""32768""}"
optimized,main,sorted_order_strings,Device=0 min_width=1 max_width=8 num_rows=262144,False,False,0.2484911978244781,0.2459775991737843,0.25163839980959896,1.2504595229478723,9.053221702575684,"{""max_width"": ""8"", ""min_width"": ""1"", ""num_rows"": ""262144""}"
optimized,main,sorted_order_strings,Device=0 min_width=1 max_width=32 num_rows=262144,False,False,0.3874448001384735,0.385630401968956,0.3879088029265404,1.2562553493496773,9.053221702575684,"{""max_width"": ""32"", ""min_width"": ""1"", ""num_rows"": ""262144""}"
optimized,main,sorted_order_strings,Device=0 min_width=1 max_width=64 num_rows=262144,False,False,0.5255503982305526,0.5254063993692398,0.5257695943117141,1.3328201584136248,9.053221702575684,"{""max_width"": ""64"", ""min_width"": ""1"", ""num_rows"": ""262144""}"
optimized,main,sorted_order_strings,Device=0 min_width=1 max_width=128 num_rows=262144,False,False,0.8538480013608931,0.8515247970819475,0.8563263982534408,2.135516710278832,9.053221702575684,"{""max_width"": ""128"", ""min_width"": ""1"", ""num_rows"": ""262144""}"
optimized,main,sorted_order_strings,Device=0 min_width=1 max_width=256 num_rows=262144,False,False,1.5497855961322786,1.541039991378784,1.552049595117569,2.332807767420915,9.053221702575684,"{""max_width"": ""256"", ""min_width"": ""1"", ""num_rows"": ""262144""}"
optimized,main,sorted_order_strings,Device=0 min_width=1 max_width=8 num_rows=2097152,False,False,0.6223663955926896,0.6211040019989013,0.6228591948747636,0.5852348768948763,72.36474514007568,"{""max_width"": ""8"", ""min_width"": ""1"", ""num_rows"": ""2097152""}"
optimized,main,sorted_order_strings,Device=0 min_width=1 max_width=32 num_rows=2097152,False,False,1.348329597711563,1.3400048136711125,1.348710399866104,2.2753263216153434,72.36474514007568,"{""max_width"": ""32"", ""min_width"": ""1"", ""num_rows"": ""2097152""}"
optimized,main,sorted_order_strings,Device=0 min_width=1 max_width=64 num_rows=2097152,False,False,2.050206387042999,2.046094435453415,2.0556047677993776,1.9214000784427567,72.36474514007568,"{""max_width"": ""64"", ""min_width"": ""1"", ""num_rows"": ""2097152""}"
optimized,main,sorted_order_strings,Device=0 min_width=1 max_width=128 num_rows=2097152,False,False,3.720072019100189,3.6910399794578552,3.725195181369781,1.8913902907404097,72.36474514007568,"{""max_width"": ""128"", ""min_width"": ""1"", ""num_rows"": ""2097152""}"
optimized,main,sorted_order_strings,Device=0 min_width=1 max_width=256 num_rows=2097152,False,False,7.988707160949706,7.975806355476381,8.01879997253418,3.538706370188055,72.36474514007568,"{""max_width"": ""256"", ""min_width"": ""1"", ""num_rows"": ""2097152""}"
optimized,main,sorted_order_strings,Device=0 min_width=1 max_width=8 num_rows=16777216,False,False,4.455478334426881,4.453153586387632,4.456830382347107,0.20884473111346322,578.8530263900757,"{""max_width"": ""8"", ""min_width"": ""1"", ""num_rows"": ""16777216""}"
optimized,main,sorted_order_strings,Device=0 min_width=1 max_width=32 num_rows=16777216,False,False,10.184654474258423,10.148276805877686,10.20757918357849,0.7985223864335713,578.8530263900757,"{""max_width"": ""32"", ""min_width"": ""1"", ""num_rows"": ""16777216""}"
optimized,main,sorted_order_strings,Device=0 min_width=1 max_width=64 num_rows=16777216,False,False,15.76301279067993,15.74219512939453,15.773951864242557,0.7973697994296501,578.8530263900757,"{""max_width"": ""64"", ""min_width"": ""1"", ""num_rows"": ""16777216""}"
optimized,main,sorted_order_strings,Device=0 min_width=1 max_width=128 num_rows=16777216,False,False,29.191189002990725,29.17091989517212,29.214993381500236,0.974634792217966,578.8530263900757,"{""max_width"": ""128"", ""min_width"": ""1"", ""num_rows"": ""16777216""}"
optimized,main,sorted_order_strings,Device=0 min_width=1 max_width=256 num_rows=16777216,False,False,58.45158710479736,58.4232063293457,58.526257133483874,0.9256984346602064,578.8530263900757,"{""max_width"": ""256"", ""min_width"": ""1"", ""num_rows"": ""16777216""}"
optimized,main,sorted_order_strings_distribution,Device=0 num_rows=262144 profile=cardinality_1_width_32,False,False,0.007020799955353143,0.006950399978086352,0.007126399967819452,6.268057274589828,1.0,"{""num_rows"": ""262144"", ""profile"": ""cardinality_1_width_32""}"
optimized,main,sorted_order_strings_distribution,Device=0 num_rows=2097152 profile=cardinality_1_width_32,False,False,0.008670399989932775,0.008643199875950816,0.008856000052765012,4.883792490157516,8.0,"{""num_rows"": ""2097152"", ""profile"": ""cardinality_1_width_32""}"
optimized,main,sorted_order_strings_distribution,Device=0 num_rows=262144 profile=cardinality_64_width_128,False,False,0.9896959930658339,0.9801680028438566,0.9925904095172884,2.8526016748792924,9.053221702575684,"{""num_rows"": ""262144"", ""profile"": ""cardinality_64_width_128""}"
optimized,main,sorted_order_strings_distribution,Device=0 num_rows=2097152 profile=cardinality_64_width_128,False,False,3.549811196327209,3.5480127930641174,3.5513280034065255,1.102608493484135,72.36474514007568,"{""num_rows"": ""2097152"", ""profile"": ""cardinality_64_width_128""}"
optimized,main,sorted_order_strings_distribution,Device=0 num_rows=262144 profile=shared_prefix_64,False,False,0.6798223912715912,0.6763855963945389,0.6801119923591614,0.6896901848936062,9.053221702575684,"{""num_rows"": ""262144"", ""profile"": ""shared_prefix_64""}"
optimized,main,sorted_order_strings_distribution,Device=0 num_rows=2097152 profile=shared_prefix_64,False,False,5.230635213851929,5.229462361335755,5.237168025970459,0.2262146341675621,72.36474514007568,"{""num_rows"": ""2097152"", ""profile"": ""shared_prefix_64""}"
optimized,main,sorted_order_strings_distribution,Device=0 num_rows=262144 profile=variable_128,False,False,0.2577215999364853,0.25730240195989607,0.2606144011020661,1.505788661795272,9.053221702575684,"{""num_rows"": ""262144"", ""profile"": ""variable_128""}"
optimized,main,sorted_order_strings_distribution,Device=0 num_rows=2097152 profile=variable_128,False,False,0.5290079951286317,0.5281983971595764,0.5306736052036285,1.2473580995682512,72.36474514007568,"{""num_rows"": ""2097152"", ""profile"": ""variable_128""}"
optimized,main,sorted_order_strings_nulls,Device=0 num_rows=262144 profile=fixed_8 null_percent=0,False,False,0.18269919976592064,0.1824703998863697,0.18712480068206785,1.7275963144478033,9.053221702575684,"{""null_percent"": ""0"", ""num_rows"": ""262144"", ""profile"": ""fixed_8""}"
optimized,main,sorted_order_strings_nulls,Device=0 num_rows=2097152 profile=fixed_8 null_percent=0,False,False,0.3919551983475685,0.39120160043239594,0.39253119975328454,1.0822781797884007,72.36474514007568,"{""null_percent"": ""0"", ""num_rows"": ""2097152"", ""profile"": ""fixed_8""}"
optimized,main,sorted_order_strings_nulls,Device=0 num_rows=262144 profile=variable_128 null_percent=0,False,False,0.25660959929227833,0.25578080117702484,0.25850720256567,1.4564318707355368,9.053221702575684,"{""null_percent"": ""0"", ""num_rows"": ""262144"", ""profile"": ""variable_128""}"
optimized,main,sorted_order_strings_nulls,Device=0 num_rows=2097152 profile=variable_128 null_percent=0,False,False,0.5307552009820935,0.5295471996068953,0.531310397386551,0.7327438044871742,72.36474514007568,"{""null_percent"": ""0"", ""num_rows"": ""2097152"", ""profile"": ""variable_128""}"
optimized,main,sorted_order_strings_nulls,Device=0 num_rows=262144 profile=fixed_8 null_percent=50,False,False,0.19695359990000721,0.195347198843956,0.19858559817075727,2.1038480611577146,15.104979515075684,"{""null_percent"": ""50"", ""num_rows"": ""262144"", ""profile"": ""fixed_8""}"
optimized,main,sorted_order_strings_nulls,Device=0 num_rows=2097152 profile=fixed_8 null_percent=50,False,False,0.6217647969722747,0.6213952004909516,0.6236655980348587,0.5955947124986342,120.77197170257568,"{""null_percent"": ""50"", ""num_rows"": ""2097152"", ""profile"": ""fixed_8""}"
optimized,main,sorted_order_strings_nulls,Device=0 num_rows=262144 profile=variable_128 null_percent=50,False,False,0.25678880214691163,0.25550719797611243,0.25873439908027646,1.3950457580804991,15.104979515075684,"{""null_percent"": ""50"", ""num_rows"": ""262144"", ""profile"": ""variable_128""}"
optimized,main,sorted_order_strings_nulls,Device=0 num_rows=2097152 profile=variable_128 null_percent=50,False,False,0.7103760063648225,0.709126403927803,0.7114655941724777,0.4895221132643119,120.77197170257568,"{""null_percent"": ""50"", ""num_rows"": ""2097152"", ""profile"": ""variable_128""}"
optimized,main,sorted_order_strings_nulls,Device=0 num_rows=262144 profile=fixed_8 null_percent=100,False,False,0.006507199956104159,0.006451199972070754,0.006516799982637167,4.273040097542776,1.0,"{""null_percent"": ""100"", ""num_rows"": ""262144"", ""profile"": ""fixed_8""}"
optimized,main,sorted_order_strings_nulls,Device=0 num_rows=2097152 profile=fixed_8 null_percent=100,False,False,0.008462400035932661,0.008409599959850312,0.008694400032982231,4.5954892749924925,8.0,"{""null_percent"": ""100"", ""num_rows"": ""2097152"", ""profile"": ""fixed_8""}"
optimized,main,sorted_order_strings_nulls,Device=0 num_rows=262144 profile=variable_128 null_percent=100,False,False,0.0066336000338196735,0.006475200015120207,0.006779199955053627,13.219804071622008,1.0,"{""null_percent"": ""100"", ""num_rows"": ""262144"", ""profile"": ""variable_128""}"
optimized,main,sorted_order_strings_nulls,Device=0 num_rows=2097152 profile=variable_128 null_percent=100,False,False,0.00855999989435077,0.008547199936583635,0.008563199918717146,5.218185221214692,8.0,"{""null_percent"": ""100"", ""num_rows"": ""2097152"", ""profile"": ""variable_128""}"
