phase,config,group,benchmark,state,gpu_ms,round_min_ms,round_max_ms,noise_max_pct,peak_MiB,axes
main,prefix,segments,sorted_order_strings_segments,Device=0 num_rows=32768 shared_suffix=0 segment_profile=singletons,0.13540639951825142,0.13539839908480644,0.13576479852199558,0.6363841860397601,0.5005626678466797,"{""num_rows"": ""32768"", ""segment_profile"": ""singletons"", ""shared_suffix"": ""0""}"
main,prefix,segments,sorted_order_strings_segments,Device=0 num_rows=2097152 shared_suffix=0 segment_profile=singletons,0.9699215978384018,0.9680048018693923,0.9708368003368377,1.1671123419623954,32.00227165222168,"{""num_rows"": ""2097152"", ""segment_profile"": ""singletons"", ""shared_suffix"": ""0""}"
main,prefix,segments,sorted_order_strings_segments,Device=0 num_rows=32768 shared_suffix=64 segment_profile=singletons,0.1370783992111683,0.136243200302124,0.1371760010719299,2.07898917722377,0.5005626678466797,"{""num_rows"": ""32768"", ""segment_profile"": ""singletons"", ""shared_suffix"": ""64""}"
main,prefix,segments,sorted_order_strings_segments,Device=0 num_rows=2097152 shared_suffix=64 segment_profile=singletons,1.0102864027023313,1.007035195827484,1.0103056073188783,0.7029961902001091,32.00227165222168,"{""num_rows"": ""2097152"", ""segment_profile"": ""singletons"", ""shared_suffix"": ""64""}"
main,prefix,segments,sorted_order_strings_segments,Device=0 num_rows=32768 shared_suffix=0 segment_profile=pairs,0.22093600034713745,0.22092959880828855,0.22094239890575407,1.0846135017081684,0.5005626678466797,"{""num_rows"": ""32768"", ""segment_profile"": ""pairs"", ""shared_suffix"": ""0""}"
main,prefix,segments,sorted_order_strings_segments,Device=0 num_rows=2097152 shared_suffix=0 segment_profile=pairs,1.1338416099548339,1.132784003019333,1.1359440147876738,0.6905448030085599,32.00227165222168,"{""num_rows"": ""2097152"", ""segment_profile"": ""pairs"", ""shared_suffix"": ""0""}"
main,prefix,segments,sorted_order_strings_segments,Device=0 num_rows=32768 shared_suffix=64 segment_profile=pairs,0.731286397576332,0.7305743992328644,0.7320736050605775,0.4672372559835351,0.5005626678466797,"{""num_rows"": ""32768"", ""segment_profile"": ""pairs"", ""shared_suffix"": ""64""}"
main,prefix,segments,sorted_order_strings_segments,Device=0 num_rows=2097152 shared_suffix=64 segment_profile=pairs,1.8680207967758176,1.8675712108612061,1.8717392146587373,0.35524338638489117,32.00227165222168,"{""num_rows"": ""2097152"", ""segment_profile"": ""pairs"", ""shared_suffix"": ""64""}"
main,prefix,segments,sorted_order_strings_segments,Device=0 num_rows=32768 shared_suffix=0 segment_profile=tiny4,0.25167680084705346,0.25153759941458703,0.2537216007709503,0.6363232350459304,0.5005626678466797,"{""num_rows"": ""32768"", ""segment_profile"": ""tiny4"", ""shared_suffix"": ""0""}"
main,prefix,segments,sorted_order_strings_segments,Device=0 num_rows=2097152 shared_suffix=0 segment_profile=tiny4,1.3224175930023192,1.321648007631302,1.3241904139518739,0.6075478001331768,32.00227165222168,"{""num_rows"": ""2097152"", ""segment_profile"": ""tiny4"", ""shared_suffix"": ""0""}"
main,prefix,segments,sorted_order_strings_segments,Device=0 num_rows=32768 shared_suffix=64 segment_profile=tiny4,0.9440000027418136,0.9431712001562118,0.9445680081844332,0.40062809938217725,0.5005626678466797,"{""num_rows"": ""32768"", ""segment_profile"": ""tiny4"", ""shared_suffix"": ""64""}"
main,prefix,segments,sorted_order_strings_segments,Device=0 num_rows=2097152 shared_suffix=64 segment_profile=tiny4,2.7823535919189455,2.7822160005569456,2.7831936001777655,0.8509970668334785,32.00227165222168,"{""num_rows"": ""2097152"", ""segment_profile"": ""tiny4"", ""shared_suffix"": ""64""}"
main,prefix,segments,sorted_order_strings_segments,Device=0 num_rows=32768 shared_suffix=0 segment_profile=tiny8,0.2858751997351646,0.28564480096101763,0.2867456004023552,0.925347958740798,0.5005626678466797,"{""num_rows"": ""32768"", ""segment_profile"": ""tiny8"", ""shared_suffix"": ""0""}"
main,prefix,segments,sorted_order_strings_segments,Device=0 num_rows=2097152 shared_suffix=0 segment_profile=tiny8,1.576401597261429,1.5759231925010677,1.5798415958881382,0.4132010913917116,32.00227165222168,"{""num_rows"": ""2097152"", ""segment_profile"": ""tiny8"", ""shared_suffix"": ""0""}"
main,prefix,segments,sorted_order_strings_segments,Device=0 num_rows=32768 shared_suffix=64 segment_profile=tiny8,1.1827344059944154,1.1805616080760954,1.1886751949787142,2.8828339757486674,0.5005626678466797,"{""num_rows"": ""32768"", ""segment_profile"": ""tiny8"", ""shared_suffix"": ""64""}"
main,prefix,segments,sorted_order_strings_segments,Device=0 num_rows=2097152 shared_suffix=64 segment_profile=tiny8,4.771417570114137,4.754624009132384,4.771505570411682,0.7111005407419451,32.00227165222168,"{""num_rows"": ""2097152"", ""segment_profile"": ""tiny8"", ""shared_suffix"": ""64""}"
main,prefix,segments,sorted_order_strings_segments,Device=0 num_rows=32768 shared_suffix=0 segment_profile=tiny16,0.31988800019025804,0.3196879982948303,0.32064640223979946,0.7256885622752124,0.5005626678466797,"{""num_rows"": ""32768"", ""segment_profile"": ""tiny16"", ""shared_suffix"": ""0""}"
main,prefix,segments,sorted_order_strings_segments,Device=0 num_rows=2097152 shared_suffix=0 segment_profile=tiny16,1.8741279959678647,1.8740480065345764,1.8756927847862244,0.2357864844046509,32.00227165222168,"{""num_rows"": ""2097152"", ""segment_profile"": ""tiny16"", ""shared_suffix"": ""0""}"
main,prefix,segments,sorted_order_strings_segments,Device=0 num_rows=32768 shared_suffix=64 segment_profile=tiny16,1.4155424058437347,1.4150144100189213,1.4173840045928956,0.37137566768577907,0.5005626678466797,"{""num_rows"": ""32768"", ""segment_profile"": ""tiny16"", ""shared_suffix"": ""64""}"
main,prefix,segments,sorted_order_strings_segments,Device=0 num_rows=2097152 shared_suffix=64 segment_profile=tiny16,7.0913951635360695,7.080508756637574,7.102302384376526,0.6570876293948836,32.00227165222168,"{""num_rows"": ""2097152"", ""segment_profile"": ""tiny16"", ""shared_suffix"": ""64""}"
main,prefix,segments,sorted_order_strings_segments,Device=0 num_rows=32768 shared_suffix=0 segment_profile=tiny32,0.35590080022811893,0.35511839836835857,0.35590720325708386,0.5976138632234224,0.5005626678466797,"{""num_rows"": ""32768"", ""segment_profile"": ""tiny32"", ""shared_suffix"": ""0""}"
main,prefix,segments,sorted_order_strings_segments,Device=0 num_rows=2097152 shared_suffix=0 segment_profile=tiny32,2.201537609100342,2.201087999343872,2.2038719892501826,0.24474383265650151,32.00227165222168,"{""num_rows"": ""2097152"", ""segment_profile"": ""tiny32"", ""shared_suffix"": ""0""}"
main,prefix,segments,sorted_order_strings_segments,Device=0 num_rows=32768 shared_suffix=64 segment_profile=tiny32,1.661899197101593,1.661161595582962,1.6622799932956696,0.3942018176307913,0.5005626678466797,"{""num_rows"": ""32768"", ""segment_profile"": ""tiny32"", ""shared_suffix"": ""64""}"
main,prefix,segments,sorted_order_strings_segments,Device=0 num_rows=2097152 shared_suffix=64 segment_profile=tiny32,9.68232159614563,9.680939292907716,9.7014639377594,0.7134724845692297,32.00227165222168,"{""num_rows"": ""2097152"", ""segment_profile"": ""tiny32"", ""shared_suffix"": ""64""}"
main,prefix,segments,sorted_order_strings_segments,Device=0 num_rows=32768 shared_suffix=0 segment_profile=block256,0.47275039702653887,0.47181439697742455,0.47312960177659985,0.4999685428638005,0.5005626678466797,"{""num_rows"": ""32768"", ""segment_profile"": ""block256"", ""shared_suffix"": ""0""}"
main,prefix,segments,sorted_order_strings_segments,Device=0 num_rows=2097152 shared_suffix=0 segment_profile=block256,3.3752527952194216,3.3735344290733345,3.3787152290344236,0.21193319549695144,32.00227165222168,"{""num_rows"": ""2097152"", ""segment_profile"": ""block256"", ""shared_suffix"": ""0""}"
main,prefix,segments,sorted_order_strings_segments,Device=0 num_rows=32768 shared_suffix=64 segment_profile=block256,2.4968512058258057,2.4931647777557377,2.498928010463715,0.45493982490437307,0.5005626678466797,"{""num_rows"": ""32768"", ""segment_profile"": ""block256"", ""shared_suffix"": ""64""}"
main,prefix,segments,sorted_order_strings_segments,Device=0 num_rows=2097152 shared_suffix=64 segment_profile=block256,19.21627531051636,19.204406547546384,19.2293888092041,0.44026153290875847,32.00227165222168,"{""num_rows"": ""2097152"", ""segment_profile"": ""block256"", ""shared_suffix"": ""64""}"
main,prefix,segments,sorted_order_strings_segments,Device=0 num_rows=32768 shared_suffix=0 segment_profile=logarithmic,0.684523206949234,0.6844895988702774,0.6866367995738982,0.5305298048657827,0.5005626678466797,"{""num_rows"": ""32768"", ""segment_profile"": ""logarithmic"", ""shared_suffix"": ""0""}"
main,prefix,segments,sorted_order_strings_segments,Device=0 num_rows=2097152 shared_suffix=0 segment_profile=logarithmic,5.0844384193420415,5.0837391853332505,5.084712004661559,0.17392486537528218,32.00227165222168,"{""num_rows"": ""2097152"", ""segment_profile"": ""logarithmic"", ""shared_suffix"": ""0""}"
main,prefix,segments,sorted_order_strings_segments,Device=0 num_rows=32768 shared_suffix=64 segment_profile=logarithmic,3.6863519787788395,3.682473599910737,3.687545609474182,0.3694289483762266,0.5005626678466797,"{""num_rows"": ""32768"", ""segment_profile"": ""logarithmic"", ""shared_suffix"": ""64""}"
main,prefix,segments,sorted_order_strings_segments,Device=0 num_rows=2097152 shared_suffix=64 segment_profile=logarithmic,32.874929428100586,32.86880397796631,32.8933759689331,0.3712208648959622,32.00227165222168,"{""num_rows"": ""2097152"", ""segment_profile"": ""logarithmic"", ""shared_suffix"": ""64""}"
main,prefix,segments,sorted_order_strings_segments,Device=0 num_rows=32768 shared_suffix=0 segment_profile=tiny_plus_giant,0.44295839816331867,0.4425455987453461,0.44299519956111905,0.48248290537057925,0.5005626678466797,"{""num_rows"": ""32768"", ""segment_profile"": ""tiny_plus_giant"", ""shared_suffix"": ""0""}"
main,prefix,segments,sorted_order_strings_segments,Device=0 num_rows=2097152 shared_suffix=0 segment_profile=tiny_plus_giant,3.4592303752899167,3.4511679887771614,3.4706672072410587,0.9725543780173986,32.00227165222168,"{""num_rows"": ""2097152"", ""segment_profile"": ""tiny_plus_giant"", ""shared_suffix"": ""0""}"
main,prefix,segments,sorted_order_strings_segments,Device=0 num_rows=32768 shared_suffix=64 segment_profile=tiny_plus_giant,2.150907206535339,2.1489455938339233,2.1532800078392027,0.393020138732796,0.5005626678466797,"{""num_rows"": ""32768"", ""segment_profile"": ""tiny_plus_giant"", ""shared_suffix"": ""64""}"
main,prefix,segments,sorted_order_strings_segments,Device=0 num_rows=2097152 shared_suffix=64 segment_profile=tiny_plus_giant,16.736585712432863,16.68289909362793,16.769763183593753,1.6072334727677096,32.00227165222168,"{""num_rows"": ""2097152"", ""segment_profile"": ""tiny_plus_giant"", ""shared_suffix"": ""64""}"
main,prefix,segments,sorted_order_strings_segments,Device=0 num_rows=32768 shared_suffix=0 segment_profile=hot90,0.7621248036623002,0.7620111972093584,0.7643743932247161,0.36998809184763587,0.5005626678466797,"{""num_rows"": ""32768"", ""segment_profile"": ""hot90"", ""shared_suffix"": ""0""}"
main,prefix,segments,sorted_order_strings_segments,Device=0 num_rows=2097152 shared_suffix=0 segment_profile=hot90,9.116184139251711,9.114555168151854,9.12833914756775,0.48430754763386363,32.00227165222168,"{""num_rows"": ""2097152"", ""segment_profile"": ""hot90"", ""shared_suffix"": ""0""}"
main,prefix,segments,sorted_order_strings_segments,Device=0 num_rows=32768 shared_suffix=64 segment_profile=hot90,4.16910080909729,4.163100814819335,4.170566368103026,0.30474660564891237,0.5005626678466797,"{""num_rows"": ""32768"", ""segment_profile"": ""hot90"", ""shared_suffix"": ""64""}"
main,prefix,segments,sorted_order_strings_segments,Device=0 num_rows=2097152 shared_suffix=64 segment_profile=hot90,68.64238891601562,68.62044830322266,68.80602493286132,0.4203846222459378,32.00227165222168,"{""num_rows"": ""2097152"", ""segment_profile"": ""hot90"", ""shared_suffix"": ""64""}"
main,prefix,segments,sorted_order_strings_segments,Device=0 num_rows=32768 shared_suffix=0 segment_profile=few_giants,0.4104736030101777,0.41034240275621414,0.41276480257511144,0.5856267680412899,0.5005626678466797,"{""num_rows"": ""32768"", ""segment_profile"": ""few_giants"", ""shared_suffix"": ""0""}"
main,prefix,segments,sorted_order_strings_segments,Device=0 num_rows=2097152 shared_suffix=0 segment_profile=few_giants,3.3679775953292848,3.3554736256599424,3.3790735960006715,0.9572458682438842,32.00227165222168,"{""num_rows"": ""2097152"", ""segment_profile"": ""few_giants"", ""shared_suffix"": ""0""}"
main,prefix,segments,sorted_order_strings_segments,Device=0 num_rows=32768 shared_suffix=64 segment_profile=few_giants,1.9905887901782984,1.9892832100391389,1.9908704042434695,0.5497384334778835,0.5005626678466797,"{""num_rows"": ""32768"", ""segment_profile"": ""few_giants"", ""shared_suffix"": ""64""}"
main,prefix,segments,sorted_order_strings_segments,Device=0 num_rows=2097152 shared_suffix=64 segment_profile=few_giants,16.74018087387085,16.618201541900632,16.748284912109373,1.4552338209212643,32.00227165222168,"{""num_rows"": ""2097152"", ""segment_profile"": ""few_giants"", ""shared_suffix"": ""64""}"
main,prefix,segments,sorted_order_strings_segments,Device=0 num_rows=32768 shared_suffix=0 segment_profile=one_segment,0.7773920059204102,0.7772080034017561,0.7795887917280199,0.3259050423058171,0.5005626678466797,"{""num_rows"": ""32768"", ""segment_profile"": ""one_segment"", ""shared_suffix"": ""0""}"
main,prefix,segments,sorted_order_strings_segments,Device=0 num_rows=2097152 shared_suffix=0 segment_profile=one_segment,9.962636756896973,9.959231996536253,9.968638324737547,0.5043741134503484,32.00227165222168,"{""num_rows"": ""2097152"", ""segment_profile"": ""one_segment"", ""shared_suffix"": ""0""}"
main,prefix,segments,sorted_order_strings_segments,Device=0 num_rows=32768 shared_suffix=64 segment_profile=one_segment,4.3759520053863525,4.371257591247559,4.3827887773513785,0.4365965087099756,0.5005626678466797,"{""num_rows"": ""32768"", ""segment_profile"": ""one_segment"", ""shared_suffix"": ""64""}"
main,prefix,segments,sorted_order_strings_segments,Device=0 num_rows=2097152 shared_suffix=64 segment_profile=one_segment,78.18814582824707,78.16687622070313,78.23337860107424,0.22473528719868263,32.00227165222168,"{""num_rows"": ""2097152"", ""segment_profile"": ""one_segment"", ""shared_suffix"": ""64""}"
main,pr2-p32-c128,end-to-end,sort_strings_workload,Device=0 min_width=0 max_width=32 num_rows=262144 workload=normal,0.9886575996875763,0.9884975969791411,0.9920495986938476,0.7902102294810047,10.834839820861816,"{""max_width"": ""32"", ""min_width"": ""0"", ""num_rows"": ""262144"", ""workload"": ""normal""}"
main,pr2-p32-c128,end-to-end,sort_strings_workload,Device=0 min_width=0 max_width=256 num_rows=262144 workload=normal,6.10969762802124,6.089761638641357,6.114443230628967,0.3475565159169213,33.687255859375,"{""max_width"": ""256"", ""min_width"": ""0"", ""num_rows"": ""262144"", ""workload"": ""normal""}"
main,pr2-p32-c128,end-to-end,sort_strings_workload,Device=0 min_width=0 max_width=32 num_rows=2097152 workload=normal,2.13238080739975,2.127793598175048,2.133080017566681,0.7707502417022886,95.72902488708496,"{""max_width"": ""32"", ""min_width"": ""0"", ""num_rows"": ""2097152"", ""workload"": ""normal""}"
main,pr2-p32-c128,end-to-end,sort_strings_workload,Device=0 min_width=0 max_width=256 num_rows=2097152 workload=normal,14.518265485763552,14.493539237976075,14.53181281089783,4.526835109701082,269.3055658340454,"{""max_width"": ""256"", ""min_width"": ""0"", ""num_rows"": ""2097152"", ""workload"": ""normal""}"
main,pr2-p32-c128,end-to-end,sort_strings_workload,Device=0 min_width=0 max_width=32 num_rows=262144 workload=duplicates,0.8344959974288942,0.8326544046401978,0.8355040043592452,2.456699967549156,10.834839820861816,"{""max_width"": ""32"", ""min_width"": ""0"", ""num_rows"": ""262144"", ""workload"": ""duplicates""}"
main,pr2-p32-c128,end-to-end,sort_strings_workload,Device=0 min_width=0 max_width=256 num_rows=262144 workload=duplicates,4.529443192481995,4.523252844810487,4.539328050613404,0.7992488709398369,34.63582420349121,"{""max_width"": ""256"", ""min_width"": ""0"", ""num_rows"": ""262144"", ""workload"": ""duplicates""}"
main,pr2-p32-c128,end-to-end,sort_strings_workload,Device=0 min_width=0 max_width=32 num_rows=2097152 workload=duplicates,2.1873343944549557,2.186041617393493,2.193556785583496,0.38362470068966786,96.68649291992188,"{""max_width"": ""32"", ""min_width"": ""0"", ""num_rows"": ""2097152"", ""workload"": ""duplicates""}"
main,pr2-p32-c128,end-to-end,sort_strings_workload,Device=0 min_width=0 max_width=256 num_rows=2097152 workload=duplicates,14.298249578475952,14.297196674346921,14.303004789352416,0.2918116917187738,277.07898902893066,"{""max_width"": ""256"", ""min_width"": ""0"", ""num_rows"": ""2097152"", ""workload"": ""duplicates""}"
main,pr2-p32-c128,end-to-end,sort_strings_workload,Device=0 min_width=0 max_width=32 num_rows=262144 workload=shared_prefix,7.056963205337524,7.056025600433351,7.059737658500672,0.09139551717396423,10.834839820861816,"{""max_width"": ""32"", ""min_width"": ""0"", ""num_rows"": ""262144"", ""workload"": ""shared_prefix""}"
main,pr2-p32-c128,end-to-end,sort_strings_workload,Device=0 min_width=0 max_width=256 num_rows=262144 workload=shared_prefix,49.30178089141847,49.288829040527354,49.30853118896484,0.11689562675373415,65.03126335144043,"{""max_width"": ""256"", ""min_width"": ""0"", ""num_rows"": ""262144"", ""workload"": ""shared_prefix""}"
main,pr2-p32-c128,end-to-end,sort_strings_workload,Device=0 min_width=0 max_width=32 num_rows=2097152 workload=shared_prefix,67.81457672119139,67.8116928100586,67.81721267700196,0.028835276810389318,120.06652927398682,"{""max_width"": ""32"", ""min_width"": ""0"", ""num_rows"": ""2097152"", ""workload"": ""shared_prefix""}"
main,pr2-p32-c128,end-to-end,sort_strings_workload,Device=0 min_width=0 max_width=256 num_rows=2097152 workload=shared_prefix,531.8827880859374,531.877786254883,531.9123992919922,0.013532865174119647,520.2527341842651,"{""max_width"": ""256"", ""min_width"": ""0"", ""num_rows"": ""2097152"", ""workload"": ""shared_prefix""}"
main,pr2-p32-c128,end-to-end,sort_strings_workload,Device=0 min_width=0 max_width=32 num_rows=262144 workload=variable,0.4577119976282121,0.4571887984871865,0.4591903984546661,1.3086142377275891,10.834839820861816,"{""max_width"": ""32"", ""min_width"": ""0"", ""num_rows"": ""262144"", ""workload"": ""variable""}"
main,pr2-p32-c128,end-to-end,sort_strings_workload,Device=0 min_width=0 max_width=256 num_rows=262144 workload=variable,0.5736992001533509,0.5728607952594758,0.5785040050745011,0.6476453806779694,34.01968002319336,"{""max_width"": ""256"", ""min_width"": ""0"", ""num_rows"": ""262144"", ""workload"": ""variable""}"
main,pr2-p32-c128,end-to-end,sort_strings_workload,Device=0 min_width=0 max_width=32 num_rows=2097152 workload=variable,1.2641296029090878,1.2631967902183532,1.2709391951560975,2.7867543325853545,96.05874729156494,"{""max_width"": ""32"", ""min_width"": ""0"", ""num_rows"": ""2097152"", ""workload"": ""variable""}"
main,pr2-p32-c128,end-to-end,sort_strings_workload,Device=0 min_width=0 max_width=256 num_rows=2097152 workload=variable,1.3903679966926576,1.3896943926811218,1.3943168103694912,0.3765345668494252,272.17790508270264,"{""max_width"": ""256"", ""min_width"": ""0"", ""num_rows"": ""2097152"", ""workload"": ""variable""}"
main,pr1-p32-c128,constant,sorted_order_strings_prefixes,Device=0 num_rows=262144 prefix_width=32 suffix_width=0 prefix_cardinality=1,4.631065583229065,4.622252845764161,4.63444004058838,0.38570861732098105,9.83484172821045,"{""num_rows"": ""262144"", ""prefix_cardinality"": ""1"", ""prefix_width"": ""32"", ""suffix_width"": ""0""}"
main,pr1-p32-c128,constant,sorted_order_strings_prefixes,Device=0 num_rows=2097152 prefix_width=32 suffix_width=0 prefix_cardinality=1,49.78289260864258,49.76988639831542,49.784903717041026,0.07277340434650918,78.61511516571045,"{""num_rows"": ""2097152"", ""prefix_cardinality"": ""1"", ""prefix_width"": ""32"", ""suffix_width"": ""0""}"
control,radix-lrb,target,sorted_order_strings_cardinality,Device=0 num_rows=262144 max_width=32 cardinality=1,0.00790879991836846,0.007724799937568604,0.008182399999350309,8.264273198681272,1.0,"{""cardinality"": ""1"", ""max_width"": ""32"", ""num_rows"": ""262144""}"
control,radix-lrb,target,sorted_order_strings_cardinality,Device=0 num_rows=2097152 max_width=32 cardinality=1,0.008705600071698428,0.008524799952283503,0.008806400001049042,3.670646586455744,8.0,"{""cardinality"": ""1"", ""max_width"": ""32"", ""num_rows"": ""2097152""}"
control,radix-lrb,target,sorted_order_strings_cardinality,Device=0 num_rows=262144 max_width=128 cardinality=1,1.0363151907920838,1.027942395210266,1.0378319919109344,0.3830840751115306,9.053221702575684,"{""cardinality"": ""1"", ""max_width"": ""128"", ""num_rows"": ""262144""}"
control,radix-lrb,target,sorted_order_strings_cardinality,Device=0 num_rows=2097152 max_width=128 cardinality=1,7.135918402671813,7.131742429733275,7.1363455772399895,0.33245664692889165,72.36474514007568,"{""cardinality"": ""1"", ""max_width"": ""128"", ""num_rows"": ""2097152""}"
control,radix-lrb,target,sorted_order_strings_cardinality,Device=0 num_rows=262144 max_width=32 cardinality=64,0.44999359995126714,0.44555360078811646,0.45579999983310704,2.058585347206836,9.053221702575684,"{""cardinality"": ""64"", ""max_width"": ""32"", ""num_rows"": ""262144""}"
control,radix-lrb,target,sorted_order_strings_cardinality,Device=0 num_rows=2097152 max_width=32 cardinality=64,2.145681619644165,2.137851190567017,2.148086380958557,1.8114153277611622,72.36474514007568,"{""cardinality"": ""64"", ""max_width"": ""32"", ""num_rows"": ""2097152""}"
control,radix-lrb,target,sorted_order_strings_cardinality,Device=0 num_rows=262144 max_width=128 cardinality=64,0.9996112078428268,0.987065601348877,1.0003296107053758,2.6950932067347133,9.053221702575684,"{""cardinality"": ""64"", ""max_width"": ""128"", ""num_rows"": ""262144""}"
control,radix-lrb,target,sorted_order_strings_cardinality,Device=0 num_rows=2097152 max_width=128 cardinality=64,6.139201593399047,6.124044799804688,6.16237440109253,2.1775566923134417,72.36474514007568,"{""cardinality"": ""64"", ""max_width"": ""128"", ""num_rows"": ""2097152""}"
control,radix-lrb,target,sorted_order_strings_cardinality,Device=0 num_rows=262144 max_width=32 cardinality=0,0.26556799858808516,0.2607984006404877,0.26601280122995374,1.136613866211725,9.053221702575684,"{""cardinality"": ""0"", ""max_width"": ""32"", ""num_rows"": ""262144""}"
control,radix-lrb,target,sorted_order_strings_cardinality,Device=0 num_rows=2097152 max_width=32 cardinality=0,0.5356303989887238,0.5284944117069245,0.6174320071935653,60.33437800554216,72.36474514007568,"{""cardinality"": ""0"", ""max_width"": ""32"", ""num_rows"": ""2097152""}"
control,radix-lrb,target,sorted_order_strings_cardinality,Device=0 num_rows=262144 max_width=128 cardinality=0,0.26601599901914597,0.25977439731359486,0.26620159745216365,1.4258573781839317,9.053221702575684,"{""cardinality"": ""0"", ""max_width"": ""128"", ""num_rows"": ""262144""}"
control,radix-lrb,target,sorted_order_strings_cardinality,Device=0 num_rows=2097152 max_width=128 cardinality=0,0.5384432017803192,0.5332559973001482,0.5415632009506226,0.7630779749418463,72.36474514007568,"{""cardinality"": ""0"", ""max_width"": ""128"", ""num_rows"": ""2097152""}"
control,radix-lrb,target,sorted_order_strings_prefixes,Device=0 num_rows=262144 prefix_width=4 suffix_width=32 prefix_cardinality=1,0.2407999984920025,0.2330016009509563,0.24176159799098967,1.7434797918234757,9.053221702575684,"{""num_rows"": ""262144"", ""prefix_cardinality"": ""1"", ""prefix_width"": ""4"", ""suffix_width"": ""32""}"
control,radix-lrb,target,sorted_order_strings_prefixes,Device=0 num_rows=2097152 prefix_width=4 suffix_width=32 prefix_cardinality=1,0.4811680004000663,0.47263039797544476,0.48623040169477466,0.6813983391983539,72.36474514007568,"{""num_rows"": ""2097152"", ""prefix_cardinality"": ""1"", ""prefix_width"": ""4"", ""suffix_width"": ""32""}"
control,radix-lrb,target,sorted_order_strings_prefixes,Device=0 num_rows=262144 prefix_width=8 suffix_width=32 prefix_cardinality=1,0.5802671998739243,0.5742847979068755,0.5805599898099899,0.36483156449841,9.053221702575684,"{""num_rows"": ""262144"", ""prefix_cardinality"": ""1"", ""prefix_width"": ""8"", ""suffix_width"": ""32""}"
control,radix-lrb,target,sorted_order_strings_prefixes,Device=0 num_rows=2097152 prefix_width=8 suffix_width=32 prefix_cardinality=1,4.2454992055892955,4.2408559799194325,4.25160641670227,0.4721889390959702,72.36474514007568,"{""num_rows"": ""2097152"", ""prefix_cardinality"": ""1"", ""prefix_width"": ""8"", ""suffix_width"": ""32""}"
control,radix-lrb,target,sorted_order_strings_prefixes,Device=0 num_rows=262144 prefix_width=10 suffix_width=32 prefix_cardinality=1,0.6149936020374297,0.6122000038623809,0.6173583894968033,0.4483595905314738,9.053221702575684,"{""num_rows"": ""262144"", ""prefix_cardinality"": ""1"", ""prefix_width"": ""10"", ""suffix_width"": ""32""}"
control,radix-lrb,target,sorted_order_strings_prefixes,Device=0 num_rows=2097152 prefix_width=10 suffix_width=32 prefix_cardinality=1,4.457540774345398,4.454444766044617,4.467785573005676,0.3815408655413066,72.36474514007568,"{""num_rows"": ""2097152"", ""prefix_cardinality"": ""1"", ""prefix_width"": ""10"", ""suffix_width"": ""32""}"
control,radix-lrb,target,sorted_order_strings_prefixes,Device=0 num_rows=262144 prefix_width=11 suffix_width=32 prefix_cardinality=1,0.6250016003847122,0.620103996992111,0.6251392036676408,0.44747832025851514,9.053221702575684,"{""num_rows"": ""262144"", ""prefix_cardinality"": ""1"", ""prefix_width"": ""11"", ""suffix_width"": ""32""}"
control,radix-lrb,target,sorted_order_strings_prefixes,Device=0 num_rows=2097152 prefix_width=11 suffix_width=32 prefix_cardinality=1,4.518897557258606,4.517689633369446,4.53055202960968,0.3058107800003259,72.36474514007568,"{""num_rows"": ""2097152"", ""prefix_cardinality"": ""1"", ""prefix_width"": ""11"", ""suffix_width"": ""32""}"
control,radix-lrb,target,sorted_order_strings_prefixes,Device=0 num_rows=262144 prefix_width=12 suffix_width=32 prefix_cardinality=1,0.6368415951728822,0.6293936043977738,0.6387008011341095,0.6822102869010956,9.053221702575684,"{""num_rows"": ""262144"", ""prefix_cardinality"": ""1"", ""prefix_width"": ""12"", ""suffix_width"": ""32""}"
control,radix-lrb,target,sorted_order_strings_prefixes,Device=0 num_rows=2097152 prefix_width=12 suffix_width=32 prefix_cardinality=1,4.573401546478272,4.56917278766632,4.579415917396545,0.2673867396666509,72.36474514007568,"{""num_rows"": ""2097152"", ""prefix_cardinality"": ""1"", ""prefix_width"": ""12"", ""suffix_width"": ""32""}"
control,radix-lrb,target,sorted_order_strings_prefixes,Device=0 num_rows=262144 prefix_width=64 suffix_width=32 prefix_cardinality=1,1.5399664103984831,1.5363584101200103,1.5411471903324123,0.7952543694233745,9.053221702575684,"{""num_rows"": ""262144"", ""prefix_cardinality"": ""1"", ""prefix_width"": ""64"", ""suffix_width"": ""32""}"
control,radix-lrb,target,sorted_order_strings_prefixes,Device=0 num_rows=2097152 prefix_width=64 suffix_width=32 prefix_cardinality=1,13.498659133911136,13.495273637771607,13.505697584152223,0.25675343097127884,72.36474514007568,"{""num_rows"": ""2097152"", ""prefix_cardinality"": ""1"", ""prefix_width"": ""64"", ""suffix_width"": ""32""}"
control,radix-lrb,target,sorted_order_strings_prefixes,Device=0 num_rows=262144 prefix_width=4 suffix_width=32 prefix_cardinality=64,0.2056336000561714,0.19653119891881943,0.2068992011249065,2.2029260340953667,9.053221702575684,"{""num_rows"": ""262144"", ""prefix_cardinality"": ""64"", ""prefix_width"": ""4"", ""suffix_width"": ""32""}"
control,radix-lrb,target,sorted_order_strings_prefixes,Device=0 num_rows=2097152 prefix_width=4 suffix_width=32 prefix_cardinality=64,0.4216895997524261,0.4162320017814636,0.42441120296716695,0.7841270516577105,72.36474514007568,"{""num_rows"": ""2097152"", ""prefix_cardinality"": ""64"", ""prefix_width"": ""4"", ""suffix_width"": ""32""}"
control,radix-lrb,target,sorted_order_strings_prefixes,Device=0 num_rows=262144 prefix_width=8 suffix_width=32 prefix_cardinality=64,0.45999520123004917,0.4531199991703033,0.46160800158977516,0.7819818773883176,9.053221702575684,"{""num_rows"": ""262144"", ""prefix_cardinality"": ""64"", ""prefix_width"": ""8"", ""suffix_width"": ""32""}"
control,radix-lrb,target,sorted_order_strings_prefixes,Device=0 num_rows=2097152 prefix_width=8 suffix_width=32 prefix_cardinality=64,3.889348816871643,3.881732785701751,3.8893519997596746,0.29852829224034677,72.36474514007568,"{""num_rows"": ""2097152"", ""prefix_cardinality"": ""64"", ""prefix_width"": ""8"", ""suffix_width"": ""32""}"
control,radix-lrb,target,sorted_order_strings_prefixes,Device=0 num_rows=262144 prefix_width=10 suffix_width=32 prefix_cardinality=64,0.49523840099573135,0.4877039983868599,0.4968959987163543,0.7285454202394641,9.053221702575684,"{""num_rows"": ""262144"", ""prefix_cardinality"": ""64"", ""prefix_width"": ""10"", ""suffix_width"": ""32""}"
control,radix-lrb,target,sorted_order_strings_prefixes,Device=0 num_rows=2097152 prefix_width=10 suffix_width=32 prefix_cardinality=64,4.200772786140442,4.197603249549866,4.206462407112122,0.31963953655926064,72.36474514007568,"{""num_rows"": ""2097152"", ""prefix_cardinality"": ""64"", ""prefix_width"": ""10"", ""suffix_width"": ""32""}"
control,radix-lrb,target,sorted_order_strings_prefixes,Device=0 num_rows=262144 prefix_width=11 suffix_width=32 prefix_cardinality=64,0.5075071930885316,0.5034304052591324,0.5078543961048126,0.7440470925873627,9.053221702575684,"{""num_rows"": ""262144"", ""prefix_cardinality"": ""64"", ""prefix_width"": ""11"", ""suffix_width"": ""32""}"
control,radix-lrb,target,sorted_order_strings_prefixes,Device=0 num_rows=2097152 prefix_width=11 suffix_width=32 prefix_cardinality=64,4.262508773803712,4.247795248031616,4.2634240150451665,0.3939303815626314,72.36474514007568,"{""num_rows"": ""2097152"", ""prefix_cardinality"": ""64"", ""prefix_width"": ""11"", ""suffix_width"": ""32""}"
control,radix-lrb,target,sorted_order_strings_prefixes,Device=0 num_rows=262144 prefix_width=12 suffix_width=32 prefix_cardinality=64,0.5180303990840911,0.5122527986764908,0.5181824058294296,0.9244037059179684,9.053221702575684,"{""num_rows"": ""262144"", ""prefix_cardinality"": ""64"", ""prefix_width"": ""12"", ""suffix_width"": ""32""}"
control,radix-lrb,target,sorted_order_strings_prefixes,Device=0 num_rows=2097152 prefix_width=12 suffix_width=32 prefix_cardinality=64,4.326011276245118,4.309184002876282,4.326860785484313,0.481112694233524,72.36474514007568,"{""num_rows"": ""2097152"", ""prefix_cardinality"": ""64"", ""prefix_width"": ""12"", ""suffix_width"": ""32""}"
control,radix-lrb,target,sorted_order_strings_prefixes,Device=0 num_rows=262144 prefix_width=64 suffix_width=32 prefix_cardinality=64,1.0870672047138217,1.0802991926670074,1.0879887878894805,0.47268383331268937,9.053221702575684,"{""num_rows"": ""262144"", ""prefix_cardinality"": ""64"", ""prefix_width"": ""64"", ""suffix_width"": ""32""}"
control,radix-lrb,target,sorted_order_strings_prefixes,Device=0 num_rows=2097152 prefix_width=64 suffix_width=32 prefix_cardinality=64,11.641297674179077,11.627433729171752,11.657545566558838,0.3286021694618981,72.36474514007568,"{""num_rows"": ""2097152"", ""prefix_cardinality"": ""64"", ""prefix_width"": ""64"", ""suffix_width"": ""32""}"
main,prefix,main,sorted_order_strings,Device=0 min_width=1 max_width=8 num_rows=32768,0.18743840083479882,0.18703359887003898,0.18776159957051278,0.5624680403735278,0.5005626678466797,"{""max_width"": ""8"", ""min_width"": ""1"", ""num_rows"": ""32768""}"
main,prefix,main,sorted_order_strings,Device=0 min_width=1 max_width=32 num_rows=32768,0.6770416021347044,0.6755023986101151,0.6774944007396698,0.6972894036609749,0.5005626678466797,"{""max_width"": ""32"", ""min_width"": ""1"", ""num_rows"": ""32768""}"
main,prefix,main,sorted_order_strings,Device=0 min_width=1 max_width=64 num_rows=32768,1.3742320001125334,1.3735247969627375,1.378623992204666,0.25626546201932127,0.5005626678466797,"{""max_width"": ""64"", ""min_width"": ""1"", ""num_rows"": ""32768""}"
main,prefix,main,sorted_order_strings,Device=0 min_width=1 max_width=128 num_rows=32768,2.8358896017074584,2.8354175925254816,2.8368943810462954,0.24671416946868135,0.5005626678466797,"{""max_width"": ""128"", ""min_width"": ""1"", ""num_rows"": ""32768""}"
main,prefix,main,sorted_order_strings,Device=0 min_width=1 max_width=256 num_rows=32768,5.786897540092469,5.786494421958924,5.789043235778808,0.20238813534789982,0.5005626678466797,"{""max_width"": ""256"", ""min_width"": ""1"", ""num_rows"": ""32768""}"
main,prefix,main,sorted_order_strings,Device=0 min_width=1 max_width=8 num_rows=262144,0.3040031984448433,0.3031360000371933,0.30517759770154945,0.7274388977230146,4.00056266784668,"{""max_width"": ""8"", ""min_width"": ""1"", ""num_rows"": ""262144""}"
main,prefix,main,sorted_order_strings,Device=0 min_width=1 max_width=32 num_rows=262144,1.0135327994823455,1.0117919921875,1.0136608123779296,0.4356771480119488,4.00056266784668,"{""max_width"": ""32"", ""min_width"": ""1"", ""num_rows"": ""262144""}"
main,prefix,main,sorted_order_strings,Device=0 min_width=1 max_width=64 num_rows=262144,1.9973856091499336,1.995985597372055,1.9989039778709412,0.31388687698807993,4.00056266784668,"{""max_width"": ""64"", ""min_width"": ""1"", ""num_rows"": ""262144""}"
main,prefix,main,sorted_order_strings,Device=0 min_width=1 max_width=128 num_rows=262144,4.117891240119935,4.111593580245971,4.119607973098756,0.7267126146010506,4.00056266784668,"{""max_width"": ""128"", ""min_width"": ""1"", ""num_rows"": ""262144""}"
main,prefix,main,sorted_order_strings,Device=0 min_width=1 max_width=256 num_rows=262144,8.788575887680052,8.781668853759767,8.790990400314332,0.5143808130340782,4.00056266784668,"{""max_width"": ""256"", ""min_width"": ""1"", ""num_rows"": ""262144""}"
main,prefix,main,sorted_order_strings,Device=0 min_width=1 max_width=8 num_rows=2097152,1.1890784025192263,1.1885391950607298,1.1897647976875305,0.41605231905419576,32.00227165222168,"{""max_width"": ""8"", ""min_width"": ""1"", ""num_rows"": ""2097152""}"
main,prefix,main,sorted_order_strings,Device=0 min_width=1 max_width=32 num_rows=2097152,2.920054388046265,2.9178592085838315,2.9206655979156495,0.5532716150113028,32.00227165222168,"{""max_width"": ""32"", ""min_width"": ""1"", ""num_rows"": ""2097152""}"
main,prefix,main,sorted_order_strings,Device=0 min_width=1 max_width=64 num_rows=2097152,5.210102367401123,5.209892773628237,5.21605761051178,0.45826704692927717,32.00227165222168,"{""max_width"": ""64"", ""min_width"": ""1"", ""num_rows"": ""2097152""}"
main,prefix,main,sorted_order_strings,Device=0 min_width=1 max_width=128 num_rows=2097152,9.795180988311765,9.78671202659607,9.796961593627929,0.3135720392430542,32.00227165222168,"{""max_width"": ""128"", ""min_width"": ""1"", ""num_rows"": ""2097152""}"
main,prefix,main,sorted_order_strings,Device=0 min_width=1 max_width=256 num_rows=2097152,19.60787372589111,19.607726478576662,19.611121654510494,0.37874878772923404,32.00227165222168,"{""max_width"": ""256"", ""min_width"": ""1"", ""num_rows"": ""2097152""}"
main,prefix,main,sorted_order_strings,Device=0 min_width=1 max_width=8 num_rows=16777216,11.145369529724121,11.142129516601562,11.149716806411744,0.4033032117476926,256.0152111053467,"{""max_width"": ""8"", ""min_width"": ""1"", ""num_rows"": ""16777216""}"
main,prefix,main,sorted_order_strings,Device=0 min_width=1 max_width=32 num_rows=16777216,26.341331100463872,26.333678245544434,26.347679901123044,0.15309656398139623,256.0152111053467,"{""max_width"": ""32"", ""min_width"": ""1"", ""num_rows"": ""16777216""}"
main,prefix,main,sorted_order_strings,Device=0 min_width=1 max_width=64 num_rows=16777216,37.63082237243652,37.61408634185791,37.64724788665772,0.11780340379171493,256.0152111053467,"{""max_width"": ""64"", ""min_width"": ""1"", ""num_rows"": ""16777216""}"
main,prefix,main,sorted_order_strings,Device=0 min_width=1 max_width=128 num_rows=16777216,64.7179859161377,64.70926094055177,64.75655937194824,0.2913566767296006,256.0152111053467,"{""max_width"": ""128"", ""min_width"": ""1"", ""num_rows"": ""16777216""}"
main,prefix,main,sorted_order_strings,Device=0 min_width=1 max_width=256 num_rows=16777216,147.9044548034668,147.7368194580078,148.09846496582028,0.31539147213803614,256.0152111053467,"{""max_width"": ""256"", ""min_width"": ""1"", ""num_rows"": ""16777216""}"
main,prefix,main,sorted_order_strings_distribution,Device=0 num_rows=262144 profile=cardinality_1_width_32,0.007971200020983817,0.007806400000117721,0.008379199961200356,7.247315764423893,1.0,"{""num_rows"": ""262144"", ""profile"": ""cardinality_1_width_32""}"
main,prefix,main,sorted_order_strings_distribution,Device=0 num_rows=2097152 profile=cardinality_1_width_32,0.008636799873784186,0.008532800059765578,0.009025599947199224,7.201384104470828,8.0,"{""num_rows"": ""2097152"", ""profile"": ""cardinality_1_width_32""}"
main,prefix,main,sorted_order_strings_distribution,Device=0 num_rows=262144 profile=cardinality_64_width_128,5.2771104097366335,5.275352025032044,5.2795615911483775,0.42983236451222784,4.00056266784668,"{""num_rows"": ""262144"", ""profile"": ""cardinality_64_width_128""}"
main,prefix,main,sorted_order_strings_distribution,Device=0 num_rows=2097152 profile=cardinality_64_width_128,12.83419518470764,12.80101909637451,12.834353637695312,0.5961812826001084,32.00227165222168,"{""num_rows"": ""2097152"", ""profile"": ""cardinality_64_width_128""}"
main,prefix,main,sorted_order_strings_distribution,Device=0 num_rows=262144 profile=shared_prefix_64,6.562951970100403,6.548107218742372,6.566014456748964,0.6994171465232834,4.00056266784668,"{""num_rows"": ""262144"", ""profile"": ""shared_prefix_64""}"
main,prefix,main,sorted_order_strings_distribution,Device=0 num_rows=2097152 profile=shared_prefix_64,64.57733459472657,64.57463912963868,64.60198249816897,0.18258494855251134,32.00227165222168,"{""num_rows"": ""2097152"", ""profile"": ""shared_prefix_64""}"
main,prefix,main,sorted_order_strings_distribution,Device=0 num_rows=262144 profile=variable_128,0.3070127978920937,0.30695999860763545,0.30716479867696767,0.7106356047647356,4.00056266784668,"{""num_rows"": ""262144"", ""profile"": ""variable_128""}"
main,prefix,main,sorted_order_strings_distribution,Device=0 num_rows=2097152 profile=variable_128,1.1494656085968018,1.1493967950344088,1.1496111929416657,0.40018042695103273,32.00227165222168,"{""num_rows"": ""2097152"", ""profile"": ""variable_128""}"
main,prefix,main,sorted_order_strings_nulls,Device=0 num_rows=262144 profile=fixed_8 null_percent=0,0.23569119945168496,0.2353215999901295,0.23589279949665073,0.8325350135998111,4.00056266784668,"{""null_percent"": ""0"", ""num_rows"": ""262144"", ""profile"": ""fixed_8""}"
main,prefix,main,sorted_order_strings_nulls,Device=0 num_rows=2097152 profile=fixed_8 null_percent=0,0.9758720010519027,0.9758079946041109,0.9771359980106351,0.5588086880613786,32.00227165222168,"{""null_percent"": ""0"", ""num_rows"": ""2097152"", ""profile"": ""fixed_8""}"
main,prefix,main,sorted_order_strings_nulls,Device=0 num_rows=262144 profile=variable_128 null_percent=0,0.3075503990054131,0.30700159966945645,0.3076399981975556,0.3471516444338699,4.00056266784668,"{""null_percent"": ""0"", ""num_rows"": ""262144"", ""profile"": ""variable_128""}"
main,prefix,main,sorted_order_strings_nulls,Device=0 num_rows=2097152 profile=variable_128 null_percent=0,1.1444271981716159,1.1439375936985017,1.147092807292938,0.9397551665687436,32.00227165222168,"{""null_percent"": ""0"", ""num_rows"": ""2097152"", ""profile"": ""variable_128""}"
main,prefix,main,sorted_order_strings_nulls,Device=0 num_rows=262144 profile=fixed_8 null_percent=50,0.3282495975494385,0.3280239999294281,0.3282543987035752,0.63807060687354,4.00056266784668,"{""null_percent"": ""50"", ""num_rows"": ""262144"", ""profile"": ""fixed_8""}"
main,prefix,main,sorted_order_strings_nulls,Device=0 num_rows=2097152 profile=fixed_8 null_percent=50,0.9993216007947923,0.9972879946231843,1.0012911915779117,0.6904320254216448,32.00227165222168,"{""null_percent"": ""50"", ""num_rows"": ""2097152"", ""profile"": ""fixed_8""}"
main,prefix,main,sorted_order_strings_nulls,Device=0 num_rows=262144 profile=variable_128 null_percent=50,0.37024639695882805,0.36962239891290666,0.371755200624466,0.7881941155224691,4.00056266784668,"{""null_percent"": ""50"", ""num_rows"": ""262144"", ""profile"": ""variable_128""}"
main,prefix,main,sorted_order_strings_nulls,Device=0 num_rows=2097152 profile=variable_128 null_percent=50,1.1266831934452055,1.125411194562912,1.1282576024532318,0.5259313036142093,32.00227165222168,"{""null_percent"": ""50"", ""num_rows"": ""2097152"", ""profile"": ""variable_128""}"
main,prefix,main,sorted_order_strings_nulls,Device=0 num_rows=262144 profile=fixed_8 null_percent=100,0.007435200014151632,0.007222399930469691,0.007729599974118174,20.38146671846538,1.0,"{""null_percent"": ""100"", ""num_rows"": ""262144"", ""profile"": ""fixed_8""}"
main,prefix,main,sorted_order_strings_nulls,Device=0 num_rows=2097152 profile=fixed_8 null_percent=100,0.008649599924683572,0.008619199972599745,0.0086943999864161,8.968707377651056,8.0,"{""null_percent"": ""100"", ""num_rows"": ""2097152"", ""profile"": ""fixed_8""}"
main,prefix,main,sorted_order_strings_nulls,Device=0 num_rows=262144 profile=variable_128 null_percent=100,0.0074767999351024635,0.007353599998168648,0.007697600033134223,20.7657681071531,1.0,"{""null_percent"": ""100"", ""num_rows"": ""262144"", ""profile"": ""variable_128""}"
main,prefix,main,sorted_order_strings_nulls,Device=0 num_rows=2097152 profile=variable_128 null_percent=100,0.00876159998588264,0.00864799995906651,0.008774399990215898,12.10902326435186,8.0,"{""null_percent"": ""100"", ""num_rows"": ""2097152"", ""profile"": ""variable_128""}"
main,pr1-p32-c128,pr-diagnostics,sorted_order_strings_segmented_diagnostics,Device=0 num_rows=262144 profile=finish_257,0.47445600330829607,0.461355198919773,0.4822383984923363,10.887158510559845,9.83484172821045,"{""num_rows"": ""262144"", ""profile"": ""finish_257""}"
main,pr1-p32-c128,pr-diagnostics,sorted_order_strings_segmented_diagnostics,Device=0 num_rows=2097152 profile=finish_257,0.6803583979606628,0.668555200099945,0.6828863978385925,1.3333110858756383,78.61511516571045,"{""num_rows"": ""2097152"", ""profile"": ""finish_257""}"
main,pr1-p32-c128,pr-diagnostics,sorted_order_strings_segmented_diagnostics,Device=0 num_rows=262144 profile=finish_1024,0.4743248015642167,0.4620016008615493,0.47521919906139376,1.4717726977276933,9.83484172821045,"{""num_rows"": ""262144"", ""profile"": ""finish_1024""}"
main,pr1-p32-c128,pr-diagnostics,sorted_order_strings_segmented_diagnostics,Device=0 num_rows=2097152 profile=finish_1024,0.6885152012109754,0.6797823995351793,0.6960176020860671,3.8651001132028746,78.61511516571045,"{""num_rows"": ""2097152"", ""profile"": ""finish_1024""}"
main,pr1-p32-c128,pr-diagnostics,sorted_order_strings_segmented_diagnostics,Device=0 num_rows=262144 profile=finish_4096,0.535278397798538,0.5313440054655075,0.5418015956878662,15.11516331202197,9.83484172821045,"{""num_rows"": ""262144"", ""profile"": ""finish_4096""}"
main,pr1-p32-c128,pr-diagnostics,sorted_order_strings_segmented_diagnostics,Device=0 num_rows=2097152 profile=finish_4096,0.7424735963344573,0.7335488080978394,0.7439935982227326,0.8080094409522438,78.61511516571045,"{""num_rows"": ""2097152"", ""profile"": ""finish_4096""}"
main,pr1-p32-c128,pr-diagnostics,sorted_order_strings_segmented_diagnostics,Device=0 num_rows=262144 profile=active_50,1.4572975933551788,1.450457602739334,1.457731205224991,0.36210321957029784,9.83484172821045,"{""num_rows"": ""262144"", ""profile"": ""active_50""}"
main,pr1-p32-c128,pr-diagnostics,sorted_order_strings_segmented_diagnostics,Device=0 num_rows=2097152 profile=active_50,10.9565055847168,10.954929637908938,10.95740327835083,0.1930330903152549,78.61511516571045,"{""num_rows"": ""2097152"", ""profile"": ""active_50""}"
main,pr1-p32-c128,pr-diagnostics,sorted_order_strings_segmented_diagnostics,Device=0 num_rows=262144 profile=active_10,0.5306879937648773,0.5233759939670564,0.5314511984586716,0.7618011284179095,9.83484172821045,"{""num_rows"": ""262144"", ""profile"": ""active_10""}"
main,pr1-p32-c128,pr-diagnostics,sorted_order_strings_segmented_diagnostics,Device=0 num_rows=2097152 profile=active_10,2.4376576066017153,2.4343472003936766,2.4384047985076904,0.3880118253318151,78.61511516571045,"{""num_rows"": ""2097152"", ""profile"": ""active_10""}"
main,pr1-p32-c128,pr-diagnostics,sorted_order_strings_segmented_diagnostics,Device=0 num_rows=262144 profile=active_1,0.29402879923582076,0.28889919966459277,0.2944703981280326,1.372177473158285,9.83484172821045,"{""num_rows"": ""262144"", ""profile"": ""active_1""}"
main,pr1-p32-c128,pr-diagnostics,sorted_order_strings_segmented_diagnostics,Device=0 num_rows=2097152 profile=active_1,0.6853567957878111,0.6795263975858687,0.6971472024917601,12.225679161176258,78.61511516571045,"{""num_rows"": ""2097152"", ""profile"": ""active_1""}"
main,pr1-p32-c128,pr-diagnostics,sorted_order_strings_segmented_diagnostics,Device=0 num_rows=262144 profile=active_0_1,0.28667999953031537,0.28257439732551576,0.2876623973250389,1.6915475836375968,9.83484172821045,"{""num_rows"": ""262144"", ""profile"": ""active_0_1""}"
main,pr1-p32-c128,pr-diagnostics,sorted_order_strings_segmented_diagnostics,Device=0 num_rows=2097152 profile=active_0_1,0.48386240005493175,0.47515040040016177,0.48441919535398487,1.0036860926535538,78.61511516571045,"{""num_rows"": ""2097152"", ""profile"": ""active_0_1""}"
main,pr1-p32-c128,pr-diagnostics,sorted_order_strings_segmented_diagnostics,Device=0 num_rows=262144 profile=duplicates_6,0.21743520125746726,0.214529599994421,0.21930879950523374,0.9619726579984534,10.834839820861816,"{""num_rows"": ""262144"", ""profile"": ""duplicates_6""}"
main,pr1-p32-c128,pr-diagnostics,sorted_order_strings_segmented_diagnostics,Device=0 num_rows=2097152 profile=duplicates_6,0.3858224019408226,0.38176800012588497,0.3879216030240059,1.679277607678069,86.61511325836182,"{""num_rows"": ""2097152"", ""profile"": ""duplicates_6""}"
main,pr1-p32-c128,pr-diagnostics,sorted_order_strings_segmented_diagnostics,Device=0 num_rows=262144 profile=duplicates_8,0.21669440045952792,0.2137711986899376,0.21797279939055442,2.965215031754967,10.834839820861816,"{""num_rows"": ""262144"", ""profile"": ""duplicates_8""}"
main,pr1-p32-c128,pr-diagnostics,sorted_order_strings_segmented_diagnostics,Device=0 num_rows=2097152 profile=duplicates_8,0.38417439907789236,0.37751839905977247,0.3865311995148658,1.467264990604265,86.61511325836182,"{""num_rows"": ""2097152"", ""profile"": ""duplicates_8""}"
main,pr1-p32-c128,pr-diagnostics,sorted_order_strings_segmented_diagnostics,Device=0 num_rows=262144 profile=duplicates_12,0.33358560204505927,0.33039359748363495,0.33551680147647855,0.8732407600364103,10.834839820861816,"{""num_rows"": ""262144"", ""profile"": ""duplicates_12""}"
main,pr1-p32-c128,pr-diagnostics,sorted_order_strings_segmented_diagnostics,Device=0 num_rows=2097152 profile=duplicates_12,0.9121264040470124,0.90179360806942,0.9164176017045975,1.437820835490526,86.61511325836182,"{""num_rows"": ""2097152"", ""profile"": ""duplicates_12""}"
main,pr1-p32-c128,pr-diagnostics,sorted_order_strings_segmented_diagnostics,Device=0 num_rows=262144 profile=duplicates_16,0.33481599837541576,0.32916320115327835,0.33550400137901304,1.4658253004833326,10.834839820861816,"{""num_rows"": ""262144"", ""profile"": ""duplicates_16""}"
main,pr1-p32-c128,pr-diagnostics,sorted_order_strings_segmented_diagnostics,Device=0 num_rows=2097152 profile=duplicates_16,0.9150608003139495,0.9130272030830383,0.9172815978527069,3.7473818637623832,86.61511325836182,"{""num_rows"": ""2097152"", ""profile"": ""duplicates_16""}"
main,pr1-p32-c128,pr-diagnostics,sorted_order_strings_segmented_diagnostics,Device=0 num_rows=262144 profile=duplicates_24,0.4573455974459648,0.4485200017690658,0.457491199672222,1.3270493633193996,10.834839820861816,"{""num_rows"": ""262144"", ""profile"": ""duplicates_24""}"
main,pr1-p32-c128,pr-diagnostics,sorted_order_strings_segmented_diagnostics,Device=0 num_rows=2097152 profile=duplicates_24,1.4455903887748718,1.4406592071056363,1.4478880107402803,1.611843720447924,86.61511325836182,"{""num_rows"": ""2097152"", ""profile"": ""duplicates_24""}"
main,pr1-p32-c128,pr-diagnostics,sorted_order_strings_segmented_diagnostics,Device=0 num_rows=262144 profile=duplicates_32,0.5699263960123062,0.5617599993944168,0.5809920012950897,5.150969571140264,10.834839820861816,"{""num_rows"": ""262144"", ""profile"": ""duplicates_32""}"
main,pr1-p32-c128,pr-diagnostics,sorted_order_strings_segmented_diagnostics,Device=0 num_rows=2097152 profile=duplicates_32,2.031412780284882,2.024040001630784,2.041062402725219,2.3818859192550383,86.61511325836182,"{""num_rows"": ""2097152"", ""profile"": ""duplicates_32""}"
main,pr1-p32-c128,pr-diagnostics,sorted_order_strings_segmented_diagnostics,Device=0 num_rows=262144 profile=rle_misaligned,9.203867387771608,9.19157905578613,9.242043256759644,1.0639911970238694,10.937871932983398,"{""num_rows"": ""262144"", ""profile"": ""rle_misaligned""}"
main,pr1-p32-c128,pr-diagnostics,sorted_order_strings_segmented_diagnostics,Device=0 num_rows=2097152 profile=rle_misaligned,91.10180702209472,91.08181991577149,91.11744651794434,0.05925740450019486,86.61511325836182,"{""num_rows"": ""2097152"", ""profile"": ""rle_misaligned""}"
main,prefix,end-to-end,sort_strings_workload,Device=0 min_width=0 max_width=32 num_rows=262144 workload=normal,1.089659196138382,1.0879791915416719,1.0913199961185454,0.5506598254122088,5.9611005783081055,"{""max_width"": ""32"", ""min_width"": ""0"", ""num_rows"": ""262144"", ""workload"": ""normal""}"
main,prefix,end-to-end,sort_strings_workload,Device=0 min_width=0 max_width=256 num_rows=262144 workload=normal,8.757761621475222,8.739035081863403,8.771727895736694,0.9317245899832873,33.687255859375,"{""max_width"": ""256"", ""min_width"": ""0"", ""num_rows"": ""262144"", ""workload"": ""normal""}"
main,prefix,end-to-end,sort_strings_workload,Device=0 min_width=0 max_width=32 num_rows=2097152 workload=normal,3.259662389755249,3.2562080144882204,3.26165601015091,0.2052399909539977,95.72902488708496,"{""max_width"": ""32"", ""min_width"": ""0"", ""num_rows"": ""2097152"", ""workload"": ""normal""}"
main,prefix,end-to-end,sort_strings_workload,Device=0 min_width=0 max_width=256 num_rows=2097152 workload=normal,19.796108627319327,19.79389448165894,19.805144023895263,0.4095996149868135,269.3055658340454,"{""max_width"": ""256"", ""min_width"": ""0"", ""num_rows"": ""2097152"", ""workload"": ""normal""}"
main,prefix,end-to-end,sort_strings_workload,Device=0 min_width=0 max_width=32 num_rows=262144 workload=duplicates,1.237028795480728,1.2345584034919737,1.2384368062019346,0.6267091954543854,6.077927589416504,"{""max_width"": ""32"", ""min_width"": ""0"", ""num_rows"": ""262144"", ""workload"": ""duplicates""}"
main,prefix,end-to-end,sort_strings_workload,Device=0 min_width=0 max_width=256 num_rows=262144 workload=duplicates,10.674515151977538,10.657256078720092,10.685555267333983,0.7027499754676193,34.63582420349121,"{""max_width"": ""256"", ""min_width"": ""0"", ""num_rows"": ""262144"", ""workload"": ""duplicates""}"
main,prefix,end-to-end,sort_strings_workload,Device=0 min_width=0 max_width=32 num_rows=2097152 workload=duplicates,3.6219552159309396,3.617006385326386,3.6259488105773916,0.5999400519275565,96.68649291992188,"{""max_width"": ""32"", ""min_width"": ""0"", ""num_rows"": ""2097152"", ""workload"": ""duplicates""}"
main,prefix,end-to-end,sort_strings_workload,Device=0 min_width=0 max_width=256 num_rows=2097152 workload=duplicates,23.56826267242431,23.559372520446775,23.569135951995843,0.222652506448068,277.07898902893066,"{""max_width"": ""256"", ""min_width"": ""0"", ""num_rows"": ""2097152"", ""workload"": ""duplicates""}"
main,prefix,end-to-end,sort_strings_workload,Device=0 min_width=0 max_width=32 num_rows=262144 workload=shared_prefix,2.4250303864479066,2.4242975950241097,2.42720799446106,0.2817789174732549,9.03126335144043,"{""max_width"": ""32"", ""min_width"": ""0"", ""num_rows"": ""262144"", ""workload"": ""shared_prefix""}"
main,prefix,end-to-end,sort_strings_workload,Device=0 min_width=0 max_width=256 num_rows=262144 workload=shared_prefix,39.539151763916024,39.53204212188721,39.5517168045044,0.13574971411648934,65.03126335144043,"{""max_width"": ""256"", ""min_width"": ""0"", ""num_rows"": ""262144"", ""workload"": ""shared_prefix""}"
main,prefix,end-to-end,sort_strings_workload,Device=0 min_width=0 max_width=32 num_rows=2097152 workload=shared_prefix,19.889187240600588,19.882569599151612,19.903588867187498,0.2757558740110653,120.06652927398682,"{""max_width"": ""32"", ""min_width"": ""0"", ""num_rows"": ""2097152"", ""workload"": ""shared_prefix""}"
main,prefix,end-to-end,sort_strings_workload,Device=0 min_width=0 max_width=256 num_rows=2097152 workload=shared_prefix,271.24056243896484,271.21036987304694,271.3125305175781,0.2120992056825544,520.2527341842651,"{""max_width"": ""256"", ""min_width"": ""0"", ""num_rows"": ""2097152"", ""workload"": ""shared_prefix""}"
main,prefix,end-to-end,sort_strings_workload,Device=0 min_width=0 max_width=32 num_rows=262144 workload=variable,0.38620000034570695,0.38264320343732827,0.38780319839715965,1.4772454289165875,6.002902030944824,"{""max_width"": ""32"", ""min_width"": ""0"", ""num_rows"": ""262144"", ""workload"": ""variable""}"
main,prefix,end-to-end,sort_strings_workload,Device=0 min_width=0 max_width=256 num_rows=262144 workload=variable,0.47607520073652265,0.47370239794254304,0.4776240020990371,0.676857134711178,34.01968002319336,"{""max_width"": ""256"", ""min_width"": ""0"", ""num_rows"": ""262144"", ""workload"": ""variable""}"
main,prefix,end-to-end,sort_strings_workload,Device=0 min_width=0 max_width=32 num_rows=2097152 workload=variable,1.505675184726715,1.5039439976215363,1.5073520064353942,1.906589713979091,96.05874729156494,"{""max_width"": ""32"", ""min_width"": ""0"", ""num_rows"": ""2097152"", ""workload"": ""variable""}"
main,prefix,end-to-end,sort_strings_workload,Device=0 min_width=0 max_width=256 num_rows=2097152 workload=variable,1.8048863947391514,1.8034175872802736,1.8085871994495388,0.38605488555589973,272.17790508270264,"{""max_width"": ""256"", ""min_width"": ""0"", ""num_rows"": ""2097152"", ""workload"": ""variable""}"
main,pr2-p32-c4096,pr-diagnostics,sorted_order_strings_segmented_diagnostics,Device=0 num_rows=262144 profile=finish_257,0.3443904012441635,0.3422943994402885,0.3489600032567977,1.2686556601217431,9.804346084594727,"{""num_rows"": ""262144"", ""profile"": ""finish_257""}"
main,pr2-p32-c4096,pr-diagnostics,sorted_order_strings_segmented_diagnostics,Device=0 num_rows=2097152 profile=finish_257,0.5430000007152558,0.5423776000738144,0.5479072034358979,0.7306514678259602,78.37270545959473,"{""num_rows"": ""2097152"", ""profile"": ""finish_257""}"
main,pr2-p32-c4096,pr-diagnostics,sorted_order_strings_segmented_diagnostics,Device=0 num_rows=262144 profile=finish_1024,0.3999728009104728,0.39496960341930387,0.40244639962911605,1.7401588786862696,9.804365158081055,"{""num_rows"": ""262144"", ""profile"": ""finish_1024""}"
main,pr2-p32-c4096,pr-diagnostics,sorted_order_strings_segmented_diagnostics,Device=0 num_rows=2097152 profile=finish_1024,0.5887904047966004,0.5872880041599274,0.592305600643158,0.5785222195272981,78.37272453308105,"{""num_rows"": ""2097152"", ""profile"": ""finish_1024""}"
main,pr2-p32-c4096,pr-diagnostics,sorted_order_strings_segmented_diagnostics,Device=0 num_rows=262144 profile=finish_4096,0.5306015998125077,0.5277231991291047,0.5349519908428191,2.6439201824111325,9.80456829071045,"{""num_rows"": ""262144"", ""profile"": ""finish_4096""}"
main,pr2-p32-c4096,pr-diagnostics,sorted_order_strings_segmented_diagnostics,Device=0 num_rows=2097152 profile=finish_4096,0.7423663973808288,0.7352943986654282,0.746396803855896,0.868190989720029,78.37292766571045,"{""num_rows"": ""2097152"", ""profile"": ""finish_4096""}"
main,pr2-p32-c4096,pr-diagnostics,sorted_order_strings_segmented_diagnostics,Device=0 num_rows=262144 profile=active_50,1.4527776002883912,1.450199997425079,1.4558368027210236,0.20098017907384325,9.80456829071045,"{""num_rows"": ""262144"", ""profile"": ""active_50""}"
main,pr2-p32-c4096,pr-diagnostics,sorted_order_strings_segmented_diagnostics,Device=0 num_rows=2097152 profile=active_50,10.867888021469115,10.86374249458313,10.870476865768431,0.07484212580764313,78.37292766571045,"{""num_rows"": ""2097152"", ""profile"": ""active_50""}"
main,pr2-p32-c4096,pr-diagnostics,sorted_order_strings_segmented_diagnostics,Device=0 num_rows=262144 profile=active_10,0.5289343923330307,0.5270351916551591,0.5289359986782074,1.6533541490844523,9.80456829071045,"{""num_rows"": ""262144"", ""profile"": ""active_10""}"
main,pr2-p32-c4096,pr-diagnostics,sorted_order_strings_segmented_diagnostics,Device=0 num_rows=2097152 profile=active_10,2.4297744035720825,2.4286303877830506,2.434656000137329,0.3297415650173316,78.37292766571045,"{""num_rows"": ""2097152"", ""profile"": ""active_10""}"
main,pr2-p32-c4096,pr-diagnostics,sorted_order_strings_segmented_diagnostics,Device=0 num_rows=262144 profile=active_1,0.31596319973468784,0.3136512011289597,0.317816001176834,3.0016364244196705,9.804441452026367,"{""num_rows"": ""262144"", ""profile"": ""active_1""}"
main,pr2-p32-c4096,pr-diagnostics,sorted_order_strings_segmented_diagnostics,Device=0 num_rows=2097152 profile=active_1,0.6758191972970963,0.6729039996862413,0.6775679975748062,1.216084338486936,78.37292766571045,"{""num_rows"": ""2097152"", ""profile"": ""active_1""}"
main,pr2-p32-c4096,pr-diagnostics,sorted_order_strings_segmented_diagnostics,Device=0 num_rows=262144 profile=active_0_1,0.28313280344009406,0.2796847999095918,0.2839552015066147,1.17747688530015,9.804346084594727,"{""num_rows"": ""262144"", ""profile"": ""active_0_1""}"
main,pr2-p32-c4096,pr-diagnostics,sorted_order_strings_segmented_diagnostics,Device=0 num_rows=2097152 profile=active_0_1,0.49358880221843715,0.49223679900169365,0.49671360105276124,1.6563874741339468,78.37278175354004,"{""num_rows"": ""2097152"", ""profile"": ""active_0_1""}"
main,pr2-p32-c4096,pr-diagnostics,sorted_order_strings_segmented_diagnostics,Device=0 num_rows=262144 profile=duplicates_6,0.21776799932122226,0.21718719974160192,0.2188511990010739,5.580510323192196,10.804566383361816,"{""num_rows"": ""262144"", ""profile"": ""duplicates_6""}"
main,pr2-p32-c4096,pr-diagnostics,sorted_order_strings_segmented_diagnostics,Device=0 num_rows=2097152 profile=duplicates_6,0.38076959848403924,0.3798223957419395,0.3854671970009803,1.1752763746915684,86.37292575836182,"{""num_rows"": ""2097152"", ""profile"": ""duplicates_6""}"
main,pr2-p32-c4096,pr-diagnostics,sorted_order_strings_segmented_diagnostics,Device=0 num_rows=262144 profile=duplicates_8,0.21602559834718701,0.2159776017069817,0.21858560070395472,1.2048442962721668,10.804566383361816,"{""num_rows"": ""262144"", ""profile"": ""duplicates_8""}"
main,pr2-p32-c4096,pr-diagnostics,sorted_order_strings_segmented_diagnostics,Device=0 num_rows=2097152 profile=duplicates_8,0.3852464005351067,0.38199360370635993,0.3943200021982192,3.5505567707302483,86.37292575836182,"{""num_rows"": ""2097152"", ""profile"": ""duplicates_8""}"
main,pr2-p32-c4096,pr-diagnostics,sorted_order_strings_segmented_diagnostics,Device=0 num_rows=262144 profile=duplicates_12,0.33046240061521537,0.3293664008378982,0.3349343970417976,1.5260032986301506,10.804566383361816,"{""num_rows"": ""262144"", ""profile"": ""duplicates_12""}"
main,pr2-p32-c4096,pr-diagnostics,sorted_order_strings_segmented_diagnostics,Device=0 num_rows=2097152 profile=duplicates_12,0.9174160033464434,0.9164384007453917,0.9207711964845655,2.537665318214904,86.37292575836182,"{""num_rows"": ""2097152"", ""profile"": ""duplicates_12""}"
main,pr2-p32-c4096,pr-diagnostics,sorted_order_strings_segmented_diagnostics,Device=0 num_rows=262144 profile=duplicates_16,0.33058240115642545,0.3305632010102272,0.3372656017541885,1.838776109521973,10.804566383361816,"{""num_rows"": ""262144"", ""profile"": ""duplicates_16""}"
main,pr2-p32-c4096,pr-diagnostics,sorted_order_strings_segmented_diagnostics,Device=0 num_rows=2097152 profile=duplicates_16,0.9133376032114031,0.9122223913669585,0.9198080033063887,0.8873111203450184,86.37292575836182,"{""num_rows"": ""2097152"", ""profile"": ""duplicates_16""}"
main,pr2-p32-c4096,pr-diagnostics,sorted_order_strings_segmented_diagnostics,Device=0 num_rows=262144 profile=duplicates_24,0.4531856000423432,0.45271840095520016,0.4572623983025551,1.0461414570124754,10.804566383361816,"{""num_rows"": ""262144"", ""profile"": ""duplicates_24""}"
main,pr2-p32-c4096,pr-diagnostics,sorted_order_strings_segmented_diagnostics,Device=0 num_rows=2097152 profile=duplicates_24,1.4498479902744292,1.4448864102363583,1.4545728027820588,0.6978278839132118,86.37292575836182,"{""num_rows"": ""2097152"", ""profile"": ""duplicates_24""}"
main,pr2-p32-c4096,pr-diagnostics,sorted_order_strings_segmented_diagnostics,Device=0 num_rows=262144 profile=duplicates_32,0.5665679931640625,0.5646447986364365,0.5711120039224625,0.9695238037792228,10.804566383361816,"{""num_rows"": ""262144"", ""profile"": ""duplicates_32""}"
main,pr2-p32-c4096,pr-diagnostics,sorted_order_strings_segmented_diagnostics,Device=0 num_rows=2097152 profile=duplicates_32,2.019987171888352,2.0145328044891357,2.0203168034553527,1.2894924415438915,86.37292575836182,"{""num_rows"": ""2097152"", ""profile"": ""duplicates_32""}"
main,pr2-p32-c4096,pr-diagnostics,sorted_order_strings_segmented_diagnostics,Device=0 num_rows=262144 profile=rle_misaligned,8.999052715301515,8.994364833831789,9.008387327194212,0.08716079382422212,10.829473495483398,"{""num_rows"": ""262144"", ""profile"": ""rle_misaligned""}"
main,pr2-p32-c4096,pr-diagnostics,sorted_order_strings_segmented_diagnostics,Device=0 num_rows=2097152 profile=rle_misaligned,91.70483169555662,91.69603462219236,91.71249961853026,0.026257195094557807,86.37292575836182,"{""num_rows"": ""2097152"", ""profile"": ""rle_misaligned""}"
main,pr2-p32-c128,pr-source,sorted_order_strings_source_parity,Device=0 num_rows=262144 profile=unique_32,5.574534392356871,5.570924782752989,5.580366396903992,0.11828931885475807,9.83484172821045,"{""num_rows"": ""262144"", ""profile"": ""unique_32""}"
main,pr2-p32-c128,pr-source,sorted_order_strings_source_parity,Device=0 num_rows=2097152 profile=unique_32,57.11817111968993,57.115804481506345,57.1217264175415,0.031057221399313627,78.61511516571045,"{""num_rows"": ""2097152"", ""profile"": ""unique_32""}"
main,pr2-p32-c128,pr-source,sorted_order_strings_source_parity,Device=0 num_rows=262144 profile=duplicates_32,5.00526876449585,5.000049567222595,5.012883210182189,0.17657254489604768,10.834839820861816,"{""num_rows"": ""262144"", ""profile"": ""duplicates_32""}"
main,pr2-p32-c128,pr-source,sorted_order_strings_source_parity,Device=0 num_rows=2097152 profile=duplicates_32,52.5916015625,52.58904018402098,52.6224817276001,0.1645216914863375,86.61511325836182,"{""num_rows"": ""2097152"", ""profile"": ""duplicates_32""}"
main,pr2-p32-c128,pr-source,sorted_order_strings_source_parity,Device=0 num_rows=262144 profile=shared_prefix_24,5.574635243415832,5.571259188652038,5.597116804122925,1.1329453496254824,9.83484172821045,"{""num_rows"": ""262144"", ""profile"": ""shared_prefix_24""}"
main,pr2-p32-c128,pr-source,sorted_order_strings_source_parity,Device=0 num_rows=2097152 profile=shared_prefix_24,57.115638351440424,57.10827350616456,57.25349750518797,0.5752287373501934,78.61511516571045,"{""num_rows"": ""2097152"", ""profile"": ""shared_prefix_24""}"
main,pr2-p32-c128,pr-source,sorted_order_strings_source_parity,Device=0 num_rows=262144 profile=raw_unique_40,0.22940960004925726,0.2290783993899822,0.22981120049953463,1.091371548904101,9.834596633911133,"{""num_rows"": ""262144"", ""profile"": ""raw_unique_40""}"
main,pr2-p32-c128,pr-source,sorted_order_strings_source_parity,Device=0 num_rows=2097152 profile=raw_unique_40,0.46376800090074544,0.4611375957727431,0.4674272000789642,0.7227421835877066,78.61487007141113,"{""num_rows"": ""2097152"", ""profile"": ""raw_unique_40""}"
main,pr2-p32-c128,pr-source,sorted_order_strings_source_parity,Device=0 num_rows=262144 profile=raw_duplicates_40,0.7033183991909029,0.7024416029453278,0.7042399913072586,0.71560923570257,10.834839820861816,"{""num_rows"": ""262144"", ""profile"": ""raw_duplicates_40""}"
main,pr2-p32-c128,pr-source,sorted_order_strings_source_parity,Device=0 num_rows=2097152 profile=raw_duplicates_40,2.5022592067718503,2.498532783985138,2.508339202404022,0.6412186999172435,86.61511325836182,"{""num_rows"": ""2097152"", ""profile"": ""raw_duplicates_40""}"
main,pr2-p32-c128,pr-source,sorted_order_strings_source_parity,Device=0 num_rows=262144 profile=raw_shared_prefix_24_width_40,6.903692770004273,6.902022409439088,6.909918403625488,0.10702492554838879,9.83484172821045,"{""num_rows"": ""262144"", ""profile"": ""raw_shared_prefix_24_width_40""}"
main,pr2-p32-c128,pr-source,sorted_order_strings_source_parity,Device=0 num_rows=2097152 profile=raw_shared_prefix_24_width_40,66.580562210083,66.57973899841309,66.5882755279541,0.026812815024952176,78.61511516571045,"{""num_rows"": ""2097152"", ""profile"": ""raw_shared_prefix_24_width_40""}"
main,pr2-p32-c4096,segments,sorted_order_strings_segments,Device=0 num_rows=32768 shared_suffix=0 segment_profile=singletons,0.18830560073256492,0.18743679970502852,0.19222719967365268,1.4162417614730325,1.2331562042236328,"{""num_rows"": ""32768"", ""segment_profile"": ""singletons"", ""shared_suffix"": ""0""}"
main,pr2-p32-c4096,segments,sorted_order_strings_segments,Device=0 num_rows=2097152 shared_suffix=0 segment_profile=singletons,0.39481119960546496,0.3918272018432616,0.3982735991477967,1.3592402277327482,78.37268257141113,"{""num_rows"": ""2097152"", ""segment_profile"": ""singletons"", ""shared_suffix"": ""0""}"
main,pr2-p32-c4096,segments,sorted_order_strings_segments,Device=0 num_rows=32768 shared_suffix=64 segment_profile=singletons,0.22412799894809723,0.22406240031123162,0.22580160126090057,1.4315037654541913,1.2331562042236328,"{""num_rows"": ""32768"", ""segment_profile"": ""singletons"", ""shared_suffix"": ""64""}"
main,pr2-p32-c4096,segments,sorted_order_strings_segments,Device=0 num_rows=2097152 shared_suffix=64 segment_profile=singletons,0.4774288028478622,0.47539839893579483,0.4821360036730765,0.9222304924597999,78.37268257141113,"{""num_rows"": ""2097152"", ""segment_profile"": ""singletons"", ""shared_suffix"": ""64""}"
main,pr2-p32-c4096,segments,sorted_order_strings_segments,Device=0 num_rows=32768 shared_suffix=0 segment_profile=pairs,0.5327440023422241,0.5327311992645264,0.5413343995809554,0.798052465574288,1.6567440032958984,"{""num_rows"": ""32768"", ""segment_profile"": ""pairs"", ""shared_suffix"": ""0""}"
main,pr2-p32-c4096,segments,sorted_order_strings_segments,Device=0 num_rows=2097152 shared_suffix=0 segment_profile=pairs,13.69976954460144,13.692796850204466,13.703057527542116,0.08136625274565382,106.0081844329834,"{""num_rows"": ""2097152"", ""segment_profile"": ""pairs"", ""shared_suffix"": ""0""}"
main,pr2-p32-c4096,segments,sorted_order_strings_segments,Device=0 num_rows=32768 shared_suffix=64 segment_profile=pairs,0.715760001540184,0.7102656006813048,0.729355204105377,1.1318780107468347,1.6567440032958984,"{""num_rows"": ""32768"", ""segment_profile"": ""pairs"", ""shared_suffix"": ""64""}"
main,pr2-p32-c4096,segments,sorted_order_strings_segments,Device=0 num_rows=2097152 shared_suffix=64 segment_profile=pairs,24.998798465728758,24.994430351257332,25.009062385559076,0.05537227067487499,106.0081844329834,"{""num_rows"": ""2097152"", ""segment_profile"": ""pairs"", ""shared_suffix"": ""64""}"
main,pr2-p32-c4096,segments,sorted_order_strings_segments,Device=0 num_rows=32768 shared_suffix=0 segment_profile=tiny4,0.4723264023661614,0.47167360037565237,0.47934879511594775,0.9742751120753118,1.5004940032958984,"{""num_rows"": ""32768"", ""segment_profile"": ""tiny4"", ""shared_suffix"": ""0""}"
main,pr2-p32-c4096,segments,sorted_order_strings_segments,Device=0 num_rows=2097152 shared_suffix=0 segment_profile=tiny4,8.838254451751709,8.836401653289798,8.844702339172363,0.08588624346550434,96.0081844329834,"{""num_rows"": ""2097152"", ""segment_profile"": ""tiny4"", ""shared_suffix"": ""0""}"
main,pr2-p32-c4096,segments,sorted_order_strings_segments,Device=0 num_rows=32768 shared_suffix=64 segment_profile=tiny4,0.7215519994497299,0.7202591955661773,0.7346303939819336,0.500569807651472,1.5004940032958984,"{""num_rows"": ""32768"", ""segment_profile"": ""tiny4"", ""shared_suffix"": ""64""}"
main,pr2-p32-c4096,segments,sorted_order_strings_segments,Device=0 num_rows=2097152 shared_suffix=64 segment_profile=tiny4,23.634727859497065,23.634384155273434,23.644807815551754,0.026522174912522414,96.0081844329834,"{""num_rows"": ""2097152"", ""segment_profile"": ""tiny4"", ""shared_suffix"": ""64""}"
main,pr2-p32-c4096,segments,sorted_order_strings_segments,Device=0 num_rows=32768 shared_suffix=0 segment_profile=tiny8,0.3636816009879113,0.3634895980358124,0.3674783989787101,0.6047169011076565,1.4223690032958984,"{""num_rows"": ""32768"", ""segment_profile"": ""tiny8"", ""shared_suffix"": ""0""}"
main,pr2-p32-c4096,segments,sorted_order_strings_segments,Device=0 num_rows=2097152 shared_suffix=0 segment_profile=tiny8,5.892484784126282,5.891182446479797,5.902734375000001,0.1465100959565961,91.0081844329834,"{""num_rows"": ""2097152"", ""segment_profile"": ""tiny8"", ""shared_suffix"": ""0""}"
main,pr2-p32-c4096,segments,sorted_order_strings_segments,Device=0 num_rows=32768 shared_suffix=64 segment_profile=tiny8,0.6295375972986221,0.6209600031375886,0.861918404698372,124.66387350796661,1.4223690032958984,"{""num_rows"": ""32768"", ""segment_profile"": ""tiny8"", ""shared_suffix"": ""64""}"
main,pr2-p32-c4096,segments,sorted_order_strings_segments,Device=0 num_rows=2097152 shared_suffix=64 segment_profile=tiny8,21.03936805725098,21.03830718994141,21.04918708801269,0.03194094620953597,91.0081844329834,"{""num_rows"": ""2097152"", ""segment_profile"": ""tiny8"", ""shared_suffix"": ""64""}"
main,pr2-p32-c4096,segments,sorted_order_strings_segments,Device=0 num_rows=32768 shared_suffix=0 segment_profile=tiny16,0.34336000233888614,0.3432847991585732,0.3473087996244431,1.381694894989425,1.3833065032958984,"{""num_rows"": ""32768"", ""segment_profile"": ""tiny16"", ""shared_suffix"": ""0""}"
main,pr2-p32-c4096,segments,sorted_order_strings_segments,Device=0 num_rows=2097152 shared_suffix=0 segment_profile=tiny16,4.206120014190674,4.200715255737305,4.208867216110229,0.3308028062602588,88.5081844329834,"{""num_rows"": ""2097152"", ""segment_profile"": ""tiny16"", ""shared_suffix"": ""0""}"
main,pr2-p32-c4096,segments,sorted_order_strings_segments,Device=0 num_rows=32768 shared_suffix=64 segment_profile=tiny16,0.5789279997348786,0.5786656022071838,0.5854656010866165,0.6506721492492945,1.3833065032958984,"{""num_rows"": ""32768"", ""segment_profile"": ""tiny16"", ""shared_suffix"": ""64""}"
main,pr2-p32-c4096,segments,sorted_order_strings_segments,Device=0 num_rows=2097152 shared_suffix=64 segment_profile=tiny16,17.56658239364624,17.55789747238159,17.567257499694822,0.2578037109908318,88.5081844329834,"{""num_rows"": ""2097152"", ""segment_profile"": ""tiny16"", ""shared_suffix"": ""64""}"
main,pr2-p32-c4096,segments,sorted_order_strings_segments,Device=0 num_rows=32768 shared_suffix=0 segment_profile=tiny32,0.33349600136280055,0.33173279911279685,0.3372735992074013,0.9596968482613683,1.3637752532958984,"{""num_rows"": ""32768"", ""segment_profile"": ""tiny32"", ""shared_suffix"": ""0""}"
main,pr2-p32-c4096,segments,sorted_order_strings_segments,Device=0 num_rows=2097152 shared_suffix=0 segment_profile=tiny32,3.112641608715057,3.109726417064667,3.1195680022239682,0.3329815977968987,87.2581844329834,"{""num_rows"": ""2097152"", ""segment_profile"": ""tiny32"", ""shared_suffix"": ""0""}"
main,pr2-p32-c4096,segments,sorted_order_strings_segments,Device=0 num_rows=32768 shared_suffix=64 segment_profile=tiny32,0.5318032026290893,0.5316272020339966,0.5323280006647111,1.5376799218132904,1.3637752532958984,"{""num_rows"": ""32768"", ""segment_profile"": ""tiny32"", ""shared_suffix"": ""64""}"
main,pr2-p32-c4096,segments,sorted_order_strings_segments,Device=0 num_rows=2097152 shared_suffix=64 segment_profile=tiny32,13.861508846282959,13.860388898849486,13.870831918716432,0.040797745706934105,87.2581844329834,"{""num_rows"": ""2097152"", ""segment_profile"": ""tiny32"", ""shared_suffix"": ""64""}"
main,pr2-p32-c4096,segments,sorted_order_strings_segments,Device=0 num_rows=32768 shared_suffix=0 segment_profile=block256,0.3663248017430305,0.36259520053863525,0.3711280032992363,1.8906181661370147,1.3583993911743164,"{""num_rows"": ""32768"", ""segment_profile"": ""block256"", ""shared_suffix"": ""0""}"
main,pr2-p32-c4096,segments,sorted_order_strings_segments,Device=0 num_rows=2097152 shared_suffix=0 segment_profile=block256,1.8929903984069822,1.8911856055259704,1.9006223976612093,0.457664932437875,86.37292575836182,"{""num_rows"": ""2097152"", ""segment_profile"": ""block256"", ""shared_suffix"": ""0""}"
main,pr2-p32-c4096,segments,sorted_order_strings_segments,Device=0 num_rows=32768 shared_suffix=64 segment_profile=block256,0.6765408009290694,0.6737072020769118,0.6805104017257689,2.032932535155146,1.3583993911743164,"{""num_rows"": ""32768"", ""segment_profile"": ""block256"", ""shared_suffix"": ""64""}"
main,pr2-p32-c4096,segments,sorted_order_strings_segments,Device=0 num_rows=2097152 shared_suffix=64 segment_profile=block256,10.817278385162357,10.815249633789062,10.82711033821106,0.1987029874952163,86.37292575836182,"{""num_rows"": ""2097152"", ""segment_profile"": ""block256"", ""shared_suffix"": ""64""}"
main,pr2-p32-c4096,segments,sorted_order_strings_segments,Device=0 num_rows=32768 shared_suffix=0 segment_profile=logarithmic,0.6788512021303178,0.6716832011938094,0.6857088029384614,9.04928459528904,1.444742202758789,"{""num_rows"": ""32768"", ""segment_profile"": ""logarithmic"", ""shared_suffix"": ""0""}"
main,pr2-p32-c4096,segments,sorted_order_strings_segments,Device=0 num_rows=2097152 shared_suffix=0 segment_profile=logarithmic,5.517187166213988,5.507068800926209,5.527393603324889,0.3235724555380343,92.43879127502441,"{""num_rows"": ""2097152"", ""segment_profile"": ""logarithmic"", ""shared_suffix"": ""0""}"
main,pr2-p32-c4096,segments,sorted_order_strings_segments,Device=0 num_rows=32768 shared_suffix=64 segment_profile=logarithmic,2.6080592393875124,2.5515615940093994,2.649608016014099,6.981687703972099,1.444742202758789,"{""num_rows"": ""32768"", ""segment_profile"": ""logarithmic"", ""shared_suffix"": ""64""}"
main,pr2-p32-c4096,segments,sorted_order_strings_segments,Device=0 num_rows=2097152 shared_suffix=64 segment_profile=logarithmic,13.284465503692628,13.213097524642942,13.33480472564697,1.5639124222070768,92.43879127502441,"{""num_rows"": ""2097152"", ""segment_profile"": ""logarithmic"", ""shared_suffix"": ""64""}"
main,pr2-p32-c4096,segments,sorted_order_strings_segments,Device=0 num_rows=32768 shared_suffix=0 segment_profile=tiny_plus_giant,0.4080799996852875,0.4063743993639946,0.4206688001751899,8.444296855848,1.3619632720947266,"{""num_rows"": ""32768"", ""segment_profile"": ""tiny_plus_giant"", ""shared_suffix"": ""0""}"
main,pr2-p32-c4096,segments,sorted_order_strings_segments,Device=0 num_rows=2097152 shared_suffix=0 segment_profile=tiny_plus_giant,5.177812767028808,5.165470385551452,5.177920007705689,0.9291311573304338,87.32393074035645,"{""num_rows"": ""2097152"", ""segment_profile"": ""tiny_plus_giant"", ""shared_suffix"": ""0""}"
main,pr2-p32-c4096,segments,sorted_order_strings_segments,Device=0 num_rows=32768 shared_suffix=64 segment_profile=tiny_plus_giant,1.2867408096790312,1.2834288001060483,1.2877200007438658,1.5162527173058258,1.3619632720947266,"{""num_rows"": ""32768"", ""segment_profile"": ""tiny_plus_giant"", ""shared_suffix"": ""64""}"
main,pr2-p32-c4096,segments,sorted_order_strings_segments,Device=0 num_rows=2097152 shared_suffix=64 segment_profile=tiny_plus_giant,24.819865703582764,24.814699459075925,24.857278537750243,0.21955978771458382,87.32393074035645,"{""num_rows"": ""2097152"", ""segment_profile"": ""tiny_plus_giant"", ""shared_suffix"": ""64""}"
main,pr2-p32-c4096,segments,sorted_order_strings_segments,Device=0 num_rows=32768 shared_suffix=0 segment_profile=hot90,0.8450832009315489,0.8440640032291414,0.8520864039659497,2.4991129969576518,1.4971752166748047,"{""num_rows"": ""32768"", ""segment_profile"": ""hot90"", ""shared_suffix"": ""0""}"
main,pr2-p32-c4096,segments,sorted_order_strings_segments,Device=0 num_rows=2097152 shared_suffix=0 segment_profile=hot90,22.814476871490474,22.813086509704593,22.82459335327148,0.0595008261422282,86.37292575836182,"{""num_rows"": ""2097152"", ""segment_profile"": ""hot90"", ""shared_suffix"": ""0""}"
main,pr2-p32-c4096,segments,sorted_order_strings_segments,Device=0 num_rows=32768 shared_suffix=64 segment_profile=hot90,2.896175992488861,2.8956384062767033,2.9176911950111384,0.8824303110825463,1.4971752166748047,"{""num_rows"": ""32768"", ""segment_profile"": ""hot90"", ""shared_suffix"": ""64""}"
main,pr2-p32-c4096,segments,sorted_order_strings_segments,Device=0 num_rows=2097152 shared_suffix=64 segment_profile=hot90,138.2602813720703,138.23369522094725,138.26291656494138,0.062669872673445,86.37292575836182,"{""num_rows"": ""2097152"", ""segment_profile"": ""hot90"", ""shared_suffix"": ""64""}"
main,pr2-p32-c4096,segments,sorted_order_strings_segments,Device=0 num_rows=32768 shared_suffix=0 segment_profile=few_giants,0.3724800005555153,0.37232479900121684,0.37641760259866713,0.6997967810352039,1.3614864349365234,"{""num_rows"": ""32768"", ""segment_profile"": ""few_giants"", ""shared_suffix"": ""0""}"
main,pr2-p32-c4096,segments,sorted_order_strings_segments,Device=0 num_rows=2097152 shared_suffix=0 segment_profile=few_giants,4.170651197433471,4.166174411773682,4.187100815773011,1.4700016884530398,88.38283348083496,"{""num_rows"": ""2097152"", ""segment_profile"": ""few_giants"", ""shared_suffix"": ""0""}"
main,pr2-p32-c4096,segments,sorted_order_strings_segments,Device=0 num_rows=32768 shared_suffix=64 segment_profile=few_giants,0.877291202545166,0.8754159927368164,0.8854687988758088,0.862994529894621,1.3614864349365234,"{""num_rows"": ""32768"", ""segment_profile"": ""few_giants"", ""shared_suffix"": ""64""}"
main,pr2-p32-c4096,segments,sorted_order_strings_segments,Device=0 num_rows=2097152 shared_suffix=64 segment_profile=few_giants,16.024606180191036,16.017472124099733,16.060144042968744,0.4241531225841806,88.38283348083496,"{""num_rows"": ""2097152"", ""segment_profile"": ""few_giants"", ""shared_suffix"": ""64""}"
main,pr2-p32-c4096,segments,sorted_order_strings_segments,Device=0 num_rows=32768 shared_suffix=0 segment_profile=one_segment,0.8486464083194731,0.8479935973882673,0.8647184014320372,0.6127519792411525,1.504232406616211,"{""num_rows"": ""32768"", ""segment_profile"": ""one_segment"", ""shared_suffix"": ""0""}"
main,pr2-p32-c4096,segments,sorted_order_strings_segments,Device=0 num_rows=2097152 shared_suffix=0 segment_profile=one_segment,25.174817657470705,25.17433605194091,25.190851211547848,0.04679428660712196,86.37292575836182,"{""num_rows"": ""2097152"", ""segment_profile"": ""one_segment"", ""shared_suffix"": ""0""}"
main,pr2-p32-c4096,segments,sorted_order_strings_segments,Device=0 num_rows=32768 shared_suffix=64 segment_profile=one_segment,2.9554848074913025,2.951444804668426,2.973187184333802,0.7116469676543717,1.504232406616211,"{""num_rows"": ""32768"", ""segment_profile"": ""one_segment"", ""shared_suffix"": ""64""}"
main,pr2-p32-c4096,segments,sorted_order_strings_segments,Device=0 num_rows=2097152 shared_suffix=64 segment_profile=one_segment,154.52483978271485,154.51459655761715,154.54380035400388,0.027796437215870343,86.37292575836182,"{""num_rows"": ""2097152"", ""segment_profile"": ""one_segment"", ""shared_suffix"": ""64""}"
main,pr1-p32-c128,pr-source,sorted_order_strings_source_parity,Device=0 num_rows=262144 profile=unique_32,5.572438454627991,5.567798399925231,5.580238461494446,0.13433311652455135,9.83484172821045,"{""num_rows"": ""262144"", ""profile"": ""unique_32""}"
main,pr1-p32-c128,pr-source,sorted_order_strings_source_parity,Device=0 num_rows=2097152 profile=unique_32,57.11583042144775,57.11420383453368,57.16772937774659,0.1708338986851232,78.61511516571045,"{""num_rows"": ""2097152"", ""profile"": ""unique_32""}"
main,pr1-p32-c128,pr-source,sorted_order_strings_source_parity,Device=0 num_rows=262144 profile=duplicates_32,5.00211522579193,5.001337575912475,5.012342405319215,0.17787909414758002,10.834839820861816,"{""num_rows"": ""262144"", ""profile"": ""duplicates_32""}"
main,pr1-p32-c128,pr-source,sorted_order_strings_source_parity,Device=0 num_rows=2097152 profile=duplicates_32,52.583510589599605,52.58275699615478,52.60305767059327,0.030590577145251357,86.61511325836182,"{""num_rows"": ""2097152"", ""profile"": ""duplicates_32""}"
main,pr1-p32-c128,pr-source,sorted_order_strings_source_parity,Device=0 num_rows=262144 profile=shared_prefix_24,5.573667168617248,5.571316742897033,5.580006408691406,0.3592201253161586,9.83484172821045,"{""num_rows"": ""262144"", ""profile"": ""shared_prefix_24""}"
main,pr1-p32-c128,pr-source,sorted_order_strings_source_parity,Device=0 num_rows=2097152 profile=shared_prefix_24,57.10708503723146,57.10399532318115,57.12385635375975,0.11422977563095987,78.61511516571045,"{""num_rows"": ""2097152"", ""profile"": ""shared_prefix_24""}"
main,pr1-p32-c128,pr-source,sorted_order_strings_source_parity,Device=0 num_rows=262144 profile=raw_unique_40,0.23040960058569906,0.2268144004046917,0.23083200082182884,1.2696834551870957,9.834596633911133,"{""num_rows"": ""262144"", ""profile"": ""raw_unique_40""}"
main,pr1-p32-c128,pr-source,sorted_order_strings_source_parity,Device=0 num_rows=2097152 profile=raw_unique_40,0.46337279975414275,0.46302240043878556,0.46610399931669244,0.9101779529321558,78.61487007141113,"{""num_rows"": ""2097152"", ""profile"": ""raw_unique_40""}"
main,pr1-p32-c128,pr-source,sorted_order_strings_source_parity,Device=0 num_rows=262144 profile=raw_duplicates_40,0.7068767994642259,0.6964863955974578,0.7109535962343216,3.5950288459766533,10.834839820861816,"{""num_rows"": ""262144"", ""profile"": ""raw_duplicates_40""}"
main,pr1-p32-c128,pr-source,sorted_order_strings_source_parity,Device=0 num_rows=2097152 profile=raw_duplicates_40,2.5018783688545234,2.497484767436981,2.5114799737930302,0.7790288512241392,86.61511325836182,"{""num_rows"": ""2097152"", ""profile"": ""raw_duplicates_40""}"
main,pr1-p32-c128,pr-source,sorted_order_strings_source_parity,Device=0 num_rows=262144 profile=raw_shared_prefix_24_width_40,6.9039184093475345,6.900003218650819,6.9094112396240215,0.11212652947281769,9.83484172821045,"{""num_rows"": ""262144"", ""profile"": ""raw_shared_prefix_24_width_40""}"
main,pr1-p32-c128,pr-source,sorted_order_strings_source_parity,Device=0 num_rows=2097152 profile=raw_shared_prefix_24_width_40,66.58700752258301,66.57953720092775,66.58722724914549,0.026228237458982794,78.61511516571045,"{""num_rows"": ""2097152"", ""profile"": ""raw_shared_prefix_24_width_40""}"
control,old-r8-control,segments,sorted_order_strings_segments,Device=0 num_rows=32768 shared_suffix=0 segment_profile=singletons,0.13841120079159736,0.13823519870638845,0.1398528002202511,1.132152157634378,1.1391592025756836,"{""num_rows"": ""32768"", ""segment_profile"": ""singletons"", ""shared_suffix"": ""0""}"
control,old-r8-control,segments,sorted_order_strings_segments,Device=0 num_rows=2097152 shared_suffix=0 segment_profile=singletons,0.35599360018968584,0.35236319899559015,0.3564352020621299,1.1177440550074202,72.36474514007568,"{""num_rows"": ""2097152"", ""segment_profile"": ""singletons"", ""shared_suffix"": ""0""}"
control,old-r8-control,segments,sorted_order_strings_segments,Device=0 num_rows=32768 shared_suffix=64 segment_profile=singletons,0.13895999938249587,0.13848160132765772,0.14066240042448044,1.4894317925535732,1.1391592025756836,"{""num_rows"": ""32768"", ""segment_profile"": ""singletons"", ""shared_suffix"": ""64""}"
control,old-r8-control,segments,sorted_order_strings_segments,Device=0 num_rows=2097152 shared_suffix=64 segment_profile=singletons,0.39232640266418456,0.3895808026194573,0.3924047991633416,0.9597124051031195,72.36474514007568,"{""num_rows"": ""2097152"", ""segment_profile"": ""singletons"", ""shared_suffix"": ""64""}"
control,old-r8-control,segments,sorted_order_strings_segments,Device=0 num_rows=32768 shared_suffix=0 segment_profile=pairs,0.15845599845051764,0.15551519915461542,0.15925600156188008,3.6665685961033216,1.1391592025756836,"{""num_rows"": ""32768"", ""segment_profile"": ""pairs"", ""shared_suffix"": ""0""}"
control,old-r8-control,segments,sorted_order_strings_segments,Device=0 num_rows=2097152 shared_suffix=0 segment_profile=pairs,0.6489168047904967,0.6477599948644639,0.6528480023145675,1.2638701952047875,72.36474514007568,"{""num_rows"": ""2097152"", ""segment_profile"": ""pairs"", ""shared_suffix"": ""0""}"
control,old-r8-control,segments,sorted_order_strings_segments,Device=0 num_rows=32768 shared_suffix=64 segment_profile=pairs,0.1609696000814438,0.15823840126395225,0.16487680003046987,1.9947095955399001,1.1391592025756836,"{""num_rows"": ""32768"", ""segment_profile"": ""pairs"", ""shared_suffix"": ""64""}"
control,old-r8-control,segments,sorted_order_strings_segments,Device=0 num_rows=2097152 shared_suffix=64 segment_profile=pairs,0.8186672002077103,0.8178944021463395,0.8225439965724943,0.942011567345957,72.36474514007568,"{""num_rows"": ""2097152"", ""segment_profile"": ""pairs"", ""shared_suffix"": ""64""}"
control,old-r8-control,segments,sorted_order_strings_segments,Device=0 num_rows=32768 shared_suffix=0 segment_profile=tiny4,0.15737440064549446,0.15576160028576852,0.1612064003944397,2.1728259424272505,1.1391592025756836,"{""num_rows"": ""32768"", ""segment_profile"": ""tiny4"", ""shared_suffix"": ""0""}"
control,old-r8-control,segments,sorted_order_strings_segments,Device=0 num_rows=2097152 shared_suffix=0 segment_profile=tiny4,0.5806720048189163,0.5790176004171372,0.5835696011781693,4.129357903910714,72.36474514007568,"{""num_rows"": ""2097152"", ""segment_profile"": ""tiny4"", ""shared_suffix"": ""0""}"
control,old-r8-control,segments,sorted_order_strings_segments,Device=0 num_rows=32768 shared_suffix=64 segment_profile=tiny4,0.16938400045037272,0.1666704013943672,0.17189439833164216,2.1820371568049786,1.1391592025756836,"{""num_rows"": ""32768"", ""segment_profile"": ""tiny4"", ""shared_suffix"": ""64""}"
control,old-r8-control,segments,sorted_order_strings_segments,Device=0 num_rows=2097152 shared_suffix=64 segment_profile=tiny4,0.911923199892044,0.9092672049999235,0.9142543971538545,0.6300331426048951,72.36474514007568,"{""num_rows"": ""2097152"", ""segment_profile"": ""tiny4"", ""shared_suffix"": ""64""}"
control,old-r8-control,segments,sorted_order_strings_segments,Device=0 num_rows=32768 shared_suffix=0 segment_profile=tiny8,0.16025760024785995,0.15986720025539397,0.1633200004696846,2.9210993937210814,1.1391592025756836,"{""num_rows"": ""32768"", ""segment_profile"": ""tiny8"", ""shared_suffix"": ""0""}"
control,old-r8-control,segments,sorted_order_strings_segments,Device=0 num_rows=2097152 shared_suffix=0 segment_profile=tiny8,0.595019197463989,0.5913776010274887,0.5952080011367799,2.3520325677871297,72.36474514007568,"{""num_rows"": ""2097152"", ""segment_profile"": ""tiny8"", ""shared_suffix"": ""0""}"
control,old-r8-control,segments,sorted_order_strings_segments,Device=0 num_rows=32768 shared_suffix=64 segment_profile=tiny8,0.17785920053720472,0.17696639969944952,0.18156159967184068,1.654650406797568,1.1391592025756836,"{""num_rows"": ""32768"", ""segment_profile"": ""tiny8"", ""shared_suffix"": ""64""}"
control,old-r8-control,segments,sorted_order_strings_segments,Device=0 num_rows=2097152 shared_suffix=64 segment_profile=tiny8,1.1549232125282285,1.1494000017642976,1.1551984012126926,0.3901557623588724,72.36474514007568,"{""num_rows"": ""2097152"", ""segment_profile"": ""tiny8"", ""shared_suffix"": ""64""}"
control,old-r8-control,segments,sorted_order_strings_segments,Device=0 num_rows=32768 shared_suffix=0 segment_profile=tiny16,0.16434559896588327,0.16368160024285314,0.1650784008204937,2.497634892965671,1.1391592025756836,"{""num_rows"": ""32768"", ""segment_profile"": ""tiny16"", ""shared_suffix"": ""0""}"
control,old-r8-control,segments,sorted_order_strings_segments,Device=0 num_rows=2097152 shared_suffix=0 segment_profile=tiny16,0.6333216011524199,0.6303519934415818,0.635038396716118,0.5042169078303121,72.36474514007568,"{""num_rows"": ""2097152"", ""segment_profile"": ""tiny16"", ""shared_suffix"": ""0""}"
control,old-r8-control,segments,sorted_order_strings_segments,Device=0 num_rows=32768 shared_suffix=64 segment_profile=tiny16,0.186572802066803,0.1848175995051861,0.18845600113272665,1.6752188388637415,1.1391592025756836,"{""num_rows"": ""32768"", ""segment_profile"": ""tiny16"", ""shared_suffix"": ""64""}"
control,old-r8-control,segments,sorted_order_strings_segments,Device=0 num_rows=2097152 shared_suffix=64 segment_profile=tiny16,1.370699214935303,1.3669663965702052,1.3709279954433444,0.4206412898025656,72.36474514007568,"{""num_rows"": ""2097152"", ""segment_profile"": ""tiny16"", ""shared_suffix"": ""64""}"
control,old-r8-control,segments,sorted_order_strings_segments,Device=0 num_rows=32768 shared_suffix=0 segment_profile=tiny32,0.1632415980100632,0.16306559890508648,0.16431679800152774,1.537234449930353,1.1391592025756836,"{""num_rows"": ""32768"", ""segment_profile"": ""tiny32"", ""shared_suffix"": ""0""}"
control,old-r8-control,segments,sorted_order_strings_segments,Device=0 num_rows=2097152 shared_suffix=0 segment_profile=tiny32,0.6860511988401413,0.6847632020711899,0.6875264048576355,0.5367800689690979,72.36474514007568,"{""num_rows"": ""2097152"", ""segment_profile"": ""tiny32"", ""shared_suffix"": ""0""}"
control,old-r8-control,segments,sorted_order_strings_segments,Device=0 num_rows=32768 shared_suffix=64 segment_profile=tiny32,0.19587200134992597,0.19412479922175407,0.1964768007397652,2.034954648758651,1.1391592025756836,"{""num_rows"": ""32768"", ""segment_profile"": ""tiny32"", ""shared_suffix"": ""64""}"
control,old-r8-control,segments,sorted_order_strings_segments,Device=0 num_rows=2097152 shared_suffix=64 segment_profile=tiny32,1.6612560033798216,1.6573967933654783,1.662356799840927,0.25265961115305713,72.36474514007568,"{""num_rows"": ""2097152"", ""segment_profile"": ""tiny32"", ""shared_suffix"": ""64""}"
control,old-r8-control,segments,sorted_order_strings_segments,Device=0 num_rows=32768 shared_suffix=0 segment_profile=block256,0.17404800131916998,0.17303839921951292,0.17423680052161222,1.7440196779079105,1.1391592025756836,"{""num_rows"": ""32768"", ""segment_profile"": ""block256"", ""shared_suffix"": ""0""}"
control,old-r8-control,segments,sorted_order_strings_segments,Device=0 num_rows=2097152 shared_suffix=0 segment_profile=block256,1.1572591960430145,1.1525296092033386,1.1577920079231265,0.30941261404171716,72.36474514007568,"{""num_rows"": ""2097152"", ""segment_profile"": ""block256"", ""shared_suffix"": ""0""}"
control,old-r8-control,segments,sorted_order_strings_segments,Device=0 num_rows=32768 shared_suffix=64 segment_profile=block256,0.239011200517416,0.2385551989078521,0.2411792002618313,4.924220601048075,1.1391592025756836,"{""num_rows"": ""32768"", ""segment_profile"": ""block256"", ""shared_suffix"": ""64""}"
control,old-r8-control,segments,sorted_order_strings_segments,Device=0 num_rows=2097152 shared_suffix=64 segment_profile=block256,3.227467215061188,3.227430415153503,3.23134880065918,0.2947010208725981,72.36474514007568,"{""num_rows"": ""2097152"", ""segment_profile"": ""block256"", ""shared_suffix"": ""64""}"
control,old-r8-control,segments,sorted_order_strings_segments,Device=0 num_rows=32768 shared_suffix=0 segment_profile=logarithmic,0.359952001273632,0.3570463970303536,0.3621311992406845,1.1883432478538334,1.1391592025756836,"{""num_rows"": ""32768"", ""segment_profile"": ""logarithmic"", ""shared_suffix"": ""0""}"
control,old-r8-control,segments,sorted_order_strings_segments,Device=0 num_rows=2097152 shared_suffix=0 segment_profile=logarithmic,2.575804781913758,2.5739904165267946,2.5770591974258426,0.35894329729690044,72.36474514007568,"{""num_rows"": ""2097152"", ""segment_profile"": ""logarithmic"", ""shared_suffix"": ""0""}"
control,old-r8-control,segments,sorted_order_strings_segments,Device=0 num_rows=32768 shared_suffix=64 segment_profile=logarithmic,0.9161536008119581,0.9128016024827956,0.9183248043060303,0.4321177450432748,1.1391592025756836,"{""num_rows"": ""32768"", ""segment_profile"": ""logarithmic"", ""shared_suffix"": ""64""}"
control,old-r8-control,segments,sorted_order_strings_segments,Device=0 num_rows=2097152 shared_suffix=64 segment_profile=logarithmic,8.3888608455658,8.386353588104248,8.394044876098631,0.28334424179411866,72.36474514007568,"{""num_rows"": ""2097152"", ""segment_profile"": ""logarithmic"", ""shared_suffix"": ""64""}"
control,old-r8-control,segments,sorted_order_strings_segments,Device=0 num_rows=32768 shared_suffix=0 segment_profile=tiny_plus_giant,0.2794128015637398,0.27899040132761005,0.27944319844245913,1.0970746379130063,1.1391592025756836,"{""num_rows"": ""32768"", ""segment_profile"": ""tiny_plus_giant"", ""shared_suffix"": ""0""}"
control,old-r8-control,segments,sorted_order_strings_segments,Device=0 num_rows=2097152 shared_suffix=0 segment_profile=tiny_plus_giant,1.0956447899341581,1.0909440100193026,1.0965039908885954,0.4550849096803684,72.36474514007568,"{""num_rows"": ""2097152"", ""segment_profile"": ""tiny_plus_giant"", ""shared_suffix"": ""0""}"
control,old-r8-control,segments,sorted_order_strings_segments,Device=0 num_rows=32768 shared_suffix=64 segment_profile=tiny_plus_giant,0.6867872029542924,0.6861728012561797,0.6888191998004913,0.5556567651826292,1.1391592025756836,"{""num_rows"": ""32768"", ""segment_profile"": ""tiny_plus_giant"", ""shared_suffix"": ""64""}"
control,old-r8-control,segments,sorted_order_strings_segments,Device=0 num_rows=2097152 shared_suffix=64 segment_profile=tiny_plus_giant,3.210987198352814,3.2024512052536007,3.2124192118644714,0.34543897940590435,72.36474514007568,"{""num_rows"": ""2097152"", ""segment_profile"": ""tiny_plus_giant"", ""shared_suffix"": ""64""}"
control,old-r8-control,segments,sorted_order_strings_segments,Device=0 num_rows=32768 shared_suffix=0 segment_profile=hot90,0.34983039796352383,0.34954400211572645,0.35155840069055566,1.0301261974643146,1.1391592025756836,"{""num_rows"": ""32768"", ""segment_profile"": ""hot90"", ""shared_suffix"": ""0""}"
control,old-r8-control,segments,sorted_order_strings_segments,Device=0 num_rows=2097152 shared_suffix=0 segment_profile=hot90,3.786075222492218,3.7824895858764647,3.7873327970504764,0.21097361631647912,72.36474514007568,"{""num_rows"": ""2097152"", ""segment_profile"": ""hot90"", ""shared_suffix"": ""0""}"
control,old-r8-control,segments,sorted_order_strings_segments,Device=0 num_rows=32768 shared_suffix=64 segment_profile=hot90,0.7851088047027587,0.7826335966587066,0.7909248054027557,0.5081124968320142,1.1391592025756836,"{""num_rows"": ""32768"", ""segment_profile"": ""hot90"", ""shared_suffix"": ""64""}"
control,old-r8-control,segments,sorted_order_strings_segments,Device=0 num_rows=2097152 shared_suffix=64 segment_profile=hot90,13.286198472976688,13.280788850784306,13.287828874588012,0.3477265598016872,72.36474514007568,"{""num_rows"": ""2097152"", ""segment_profile"": ""hot90"", ""shared_suffix"": ""64""}"
control,old-r8-control,segments,sorted_order_strings_segments,Device=0 num_rows=32768 shared_suffix=0 segment_profile=few_giants,0.22650720104575153,0.22593440040946006,0.22655679956078528,1.569374273170341,1.1391592025756836,"{""num_rows"": ""32768"", ""segment_profile"": ""few_giants"", ""shared_suffix"": ""0""}"
control,old-r8-control,segments,sorted_order_strings_segments,Device=0 num_rows=2097152 shared_suffix=0 segment_profile=few_giants,1.0212255954742433,1.0177471995353697,1.0216944038867952,0.40040099553006053,72.36474514007568,"{""num_rows"": ""2097152"", ""segment_profile"": ""few_giants"", ""shared_suffix"": ""0""}"
control,old-r8-control,segments,sorted_order_strings_segments,Device=0 num_rows=32768 shared_suffix=64 segment_profile=few_giants,0.39536159932613374,0.39446400254964836,0.3961584016680717,0.9555673326979781,1.1391592025756836,"{""num_rows"": ""32768"", ""segment_profile"": ""few_giants"", ""shared_suffix"": ""64""}"
control,old-r8-control,segments,sorted_order_strings_segments,Device=0 num_rows=2097152 shared_suffix=64 segment_profile=few_giants,3.0602096199989317,3.0550224065780642,3.0606256127357483,0.2665855598544161,72.36474514007568,"{""num_rows"": ""2097152"", ""segment_profile"": ""few_giants"", ""shared_suffix"": ""64""}"
control,old-r8-control,segments,sorted_order_strings_segments,Device=0 num_rows=32768 shared_suffix=0 segment_profile=one_segment,0.33032640218734743,0.33004480153322224,0.33263359963893885,0.6996553772405373,1.1391592025756836,"{""num_rows"": ""32768"", ""segment_profile"": ""one_segment"", ""shared_suffix"": ""0""}"
control,old-r8-control,segments,sorted_order_strings_segments,Device=0 num_rows=2097152 shared_suffix=0 segment_profile=one_segment,3.9491664052009585,3.9435567855834965,3.9517872095108038,0.48097213656202603,72.36474514007568,"{""num_rows"": ""2097152"", ""segment_profile"": ""one_segment"", ""shared_suffix"": ""0""}"
control,old-r8-control,segments,sorted_order_strings_segments,Device=0 num_rows=32768 shared_suffix=64 segment_profile=one_segment,0.7359728008508681,0.7339103996753692,0.7365215986967087,0.5170357445954235,1.1391592025756836,"{""num_rows"": ""32768"", ""segment_profile"": ""one_segment"", ""shared_suffix"": ""64""}"
control,old-r8-control,segments,sorted_order_strings_segments,Device=0 num_rows=2097152 shared_suffix=64 segment_profile=one_segment,13.70767674446106,13.697340822219847,13.72558879852295,0.968949565401527,72.36474514007568,"{""num_rows"": ""2097152"", ""segment_profile"": ""one_segment"", ""shared_suffix"": ""64""}"
main,pr1-p32-c128,pr-workload,sorted_order_strings_workload,Device=0 min_width=0 max_width=32 num_rows=32768 workload=normal,0.3786144033074379,0.37628800123929984,0.3805408000946044,1.1587267055462935,1.380910873413086,"{""max_width"": ""32"", ""min_width"": ""0"", ""num_rows"": ""32768"", ""workload"": ""normal""}"
main,pr1-p32-c128,pr-workload,sorted_order_strings_workload,Device=0 min_width=0 max_width=64 num_rows=32768 workload=normal,0.4592223986983299,0.4580368012189866,0.4597840026021004,0.793929801649445,1.3834857940673828,"{""max_width"": ""64"", ""min_width"": ""0"", ""num_rows"": ""32768"", ""workload"": ""normal""}"
main,pr1-p32-c128,pr-workload,sorted_order_strings_workload,Device=0 min_width=0 max_width=128 num_rows=32768 workload=normal,0.613008004426956,0.6128479927778244,0.6137807995080949,2.9245663497220042,1.3838863372802734,"{""max_width"": ""128"", ""min_width"": ""0"", ""num_rows"": ""32768"", ""workload"": ""normal""}"
main,pr1-p32-c128,pr-workload,sorted_order_strings_workload,Device=0 min_width=0 max_width=256 num_rows=32768 workload=normal,0.9673343986272813,0.966016000509262,0.9677120029926298,0.45173983306142856,1.383981704711914,"{""max_width"": ""256"", ""min_width"": ""0"", ""num_rows"": ""32768"", ""workload"": ""normal""}"
main,pr1-p32-c128,pr-workload,sorted_order_strings_workload,Device=0 min_width=0 max_width=32 num_rows=262144 workload=normal,0.9495007961988448,0.9478320032358168,0.9532207965850831,0.8394175518745738,10.834839820861816,"{""max_width"": ""32"", ""min_width"": ""0"", ""num_rows"": ""262144"", ""workload"": ""normal""}"
main,pr1-p32-c128,pr-workload,sorted_order_strings_workload,Device=0 min_width=0 max_width=64 num_rows=262144 workload=normal,1.7711263954639436,1.7701423943042751,1.771454411745072,0.5550476064972852,10.834839820861816,"{""max_width"": ""64"", ""min_width"": ""0"", ""num_rows"": ""262144"", ""workload"": ""normal""}"
main,pr1-p32-c128,pr-workload,sorted_order_strings_workload,Device=0 min_width=0 max_width=128 num_rows=262144 workload=normal,3.374643194675445,3.374438393115997,3.3938799619674676,1.4567744943297813,10.834839820861816,"{""max_width"": ""128"", ""min_width"": ""0"", ""num_rows"": ""262144"", ""workload"": ""normal""}"
main,pr1-p32-c128,pr-workload,sorted_order_strings_workload,Device=0 min_width=0 max_width=256 num_rows=262144 workload=normal,6.717414379119872,6.71669602394104,6.724608016014098,0.6779196795537534,10.834839820861816,"{""max_width"": ""256"", ""min_width"": ""0"", ""num_rows"": ""262144"", ""workload"": ""normal""}"
main,pr1-p32-c128,pr-workload,sorted_order_strings_workload,Device=0 min_width=0 max_width=32 num_rows=2097152 workload=normal,1.781257593631744,1.7802096009254458,1.784884810447693,0.5897477178140365,86.61511325836182,"{""max_width"": ""32"", ""min_width"": ""0"", ""num_rows"": ""2097152"", ""workload"": ""normal""}"
main,pr1-p32-c128,pr-workload,sorted_order_strings_workload,Device=0 min_width=0 max_width=64 num_rows=2097152 workload=normal,3.5305327773094177,3.528675162792206,3.658121573925018,16.797758595555294,86.61511325836182,"{""max_width"": ""64"", ""min_width"": ""0"", ""num_rows"": ""2097152"", ""workload"": ""normal""}"
main,pr1-p32-c128,pr-workload,sorted_order_strings_workload,Device=0 min_width=0 max_width=128 num_rows=2097152 workload=normal,6.920148801803588,6.9152895450592045,6.940047979354859,1.7048349066323087,86.61511325836182,"{""max_width"": ""128"", ""min_width"": ""0"", ""num_rows"": ""2097152"", ""workload"": ""normal""}"
main,pr1-p32-c128,pr-workload,sorted_order_strings_workload,Device=0 min_width=0 max_width=256 num_rows=2097152 workload=normal,13.763356781005857,13.735639953613283,13.76977286338806,0.3996315381792937,86.61511325836182,"{""max_width"": ""256"", ""min_width"": ""0"", ""num_rows"": ""2097152"", ""workload"": ""normal""}"
main,pr1-p32-c128,pr-workload,sorted_order_strings_workload,Device=0 min_width=0 max_width=32 num_rows=32768 workload=duplicates,0.5789711952209473,0.5769423991441727,0.5801024049520495,1.5754910547191021,1.3621835708618164,"{""max_width"": ""32"", ""min_width"": ""0"", ""num_rows"": ""32768"", ""workload"": ""duplicates""}"
main,pr1-p32-c128,pr-workload,sorted_order_strings_workload,Device=0 min_width=0 max_width=64 num_rows=32768 workload=duplicates,0.9309584051370621,0.9294703960418702,0.9312911927700044,2.9495569985698014,1.3621835708618164,"{""max_width"": ""64"", ""min_width"": ""0"", ""num_rows"": ""32768"", ""workload"": ""duplicates""}"
main,pr1-p32-c128,pr-workload,sorted_order_strings_workload,Device=0 min_width=0 max_width=128 num_rows=32768 workload=duplicates,1.727364808320999,1.7107919931411744,1.7351664125919344,0.8356534266450192,1.3621835708618164,"{""max_width"": ""128"", ""min_width"": ""0"", ""num_rows"": ""32768"", ""workload"": ""duplicates""}"
main,pr1-p32-c128,pr-workload,sorted_order_strings_workload,Device=0 min_width=0 max_width=256 num_rows=32768 workload=duplicates,3.3060464024543763,3.2939759850502015,3.3161712050437933,1.0901461079421757,1.3621835708618164,"{""max_width"": ""256"", ""min_width"": ""0"", ""num_rows"": ""32768"", ""workload"": ""duplicates""}"
main,pr1-p32-c128,pr-workload,sorted_order_strings_workload,Device=0 min_width=0 max_width=32 num_rows=262144 workload=duplicates,0.7382384002208711,0.7346415966749189,0.7426495999097824,4.166962181726007,10.834839820861816,"{""max_width"": ""32"", ""min_width"": ""0"", ""num_rows"": ""262144"", ""workload"": ""duplicates""}"
main,pr1-p32-c128,pr-workload,sorted_order_strings_workload,Device=0 min_width=0 max_width=64 num_rows=262144 workload=duplicates,1.1831696093082427,1.181067204475403,1.1844719946384428,0.8964821912516642,10.834839820861816,"{""max_width"": ""64"", ""min_width"": ""0"", ""num_rows"": ""262144"", ""workload"": ""duplicates""}"
main,pr1-p32-c128,pr-workload,sorted_order_strings_workload,Device=0 min_width=0 max_width=128 num_rows=262144 workload=duplicates,2.2582272052764893,2.251908814907074,2.2591216206550597,0.9294457501969848,10.834839820861816,"{""max_width"": ""128"", ""min_width"": ""0"", ""num_rows"": ""262144"", ""workload"": ""duplicates""}"
main,pr1-p32-c128,pr-workload,sorted_order_strings_workload,Device=0 min_width=0 max_width=256 num_rows=262144 workload=duplicates,4.402732801437377,4.39379358291626,4.407867193222047,0.9599552710988557,10.834839820861816,"{""max_width"": ""256"", ""min_width"": ""0"", ""num_rows"": ""262144"", ""workload"": ""duplicates""}"
main,pr1-p32-c128,pr-workload,sorted_order_strings_workload,Device=0 min_width=0 max_width=32 num_rows=2097152 workload=duplicates,1.7778367877006531,1.7767584085464476,1.7806959986686703,0.7596072206134767,86.61511325836182,"{""max_width"": ""32"", ""min_width"": ""0"", ""num_rows"": ""2097152"", ""workload"": ""duplicates""}"
main,pr1-p32-c128,pr-workload,sorted_order_strings_workload,Device=0 min_width=0 max_width=64 num_rows=2097152 workload=duplicates,3.350856006145477,3.349416017532348,3.36107679605484,1.1838116249600308,86.61511325836182,"{""max_width"": ""64"", ""min_width"": ""0"", ""num_rows"": ""2097152"", ""workload"": ""duplicates""}"
main,pr1-p32-c128,pr-workload,sorted_order_strings_workload,Device=0 min_width=0 max_width=128 num_rows=2097152 workload=duplicates,6.76062557697296,6.760227227210998,6.7756400108337385,0.6712286171436664,86.61511325836182,"{""max_width"": ""128"", ""min_width"": ""0"", ""num_rows"": ""2097152"", ""workload"": ""duplicates""}"
main,pr1-p32-c128,pr-workload,sorted_order_strings_workload,Device=0 min_width=0 max_width=256 num_rows=2097152 workload=duplicates,13.790708780288698,13.784064054489138,13.79263048171997,0.37518170419732577,86.61511325836182,"{""max_width"": ""256"", ""min_width"": ""0"", ""num_rows"": ""2097152"", ""workload"": ""duplicates""}"
main,pr1-p32-c128,pr-workload,sorted_order_strings_workload,Device=0 min_width=0 max_width=32 num_rows=32768 workload=shared_prefix,1.3144800007343294,1.3135920107364656,1.3184912085533138,2.563716511298162,1.3621835708618164,"{""max_width"": ""32"", ""min_width"": ""0"", ""num_rows"": ""32768"", ""workload"": ""shared_prefix""}"
main,pr1-p32-c128,pr-workload,sorted_order_strings_workload,Device=0 min_width=0 max_width=64 num_rows=32768 workload=shared_prefix,2.364068818092346,2.3560160040855407,2.3694256067276003,0.767633017877254,1.3621835708618164,"{""max_width"": ""64"", ""min_width"": ""0"", ""num_rows"": ""32768"", ""workload"": ""shared_prefix""}"
main,pr1-p32-c128,pr-workload,sorted_order_strings_workload,Device=0 min_width=0 max_width=128 num_rows=32768 workload=shared_prefix,4.466214394569397,4.445849585533143,4.471190404891968,0.12756669649326607,1.3621835708618164,"{""max_width"": ""128"", ""min_width"": ""0"", ""num_rows"": ""32768"", ""workload"": ""shared_prefix""}"
main,pr1-p32-c128,pr-workload,sorted_order_strings_workload,Device=0 min_width=0 max_width=256 num_rows=32768 workload=shared_prefix,8.675528049468992,8.630412769317626,8.68714566230774,0.5356219015370282,1.3621835708618164,"{""max_width"": ""256"", ""min_width"": ""0"", ""num_rows"": ""32768"", ""workload"": ""shared_prefix""}"
main,pr1-p32-c128,pr-workload,sorted_order_strings_workload,Device=0 min_width=0 max_width=32 num_rows=262144 workload=shared_prefix,6.932548832893372,6.9312240123748765,6.9400799751281745,0.20752484219993803,10.834839820861816,"{""max_width"": ""32"", ""min_width"": ""0"", ""num_rows"": ""262144"", ""workload"": ""shared_prefix""}"
main,pr1-p32-c128,pr-workload,sorted_order_strings_workload,Device=0 min_width=0 max_width=64 num_rows=262144 workload=shared_prefix,12.847207975387573,12.836830472946165,12.853814458847046,0.437080159893512,10.834839820861816,"{""max_width"": ""64"", ""min_width"": ""0"", ""num_rows"": ""262144"", ""workload"": ""shared_prefix""}"
main,pr1-p32-c128,pr-workload,sorted_order_strings_workload,Device=0 min_width=0 max_width=128 num_rows=262144 workload=shared_prefix,24.913571071624762,24.899470424652097,24.923769474029545,0.42738406614651475,10.834839820861816,"{""max_width"": ""128"", ""min_width"": ""0"", ""num_rows"": ""262144"", ""workload"": ""shared_prefix""}"
main,pr1-p32-c128,pr-workload,sorted_order_strings_workload,Device=0 min_width=0 max_width=256 num_rows=262144 workload=shared_prefix,49.08245105743408,49.0724178314209,49.08294048309325,0.053221255483185834,10.834839820861816,"{""max_width"": ""256"", ""min_width"": ""0"", ""num_rows"": ""262144"", ""workload"": ""shared_prefix""}"
main,pr1-p32-c128,pr-workload,sorted_order_strings_workload,Device=0 min_width=0 max_width=32 num_rows=2097152 workload=shared_prefix,67.25419692993165,67.25005111694335,67.25661735534668,0.04147269745478711,86.61511325836182,"{""max_width"": ""32"", ""min_width"": ""0"", ""num_rows"": ""2097152"", ""workload"": ""shared_prefix""}"
main,pr1-p32-c128,pr-workload,sorted_order_strings_workload,Device=0 min_width=0 max_width=64 num_rows=2097152 workload=shared_prefix,133.40616836547852,133.40588836669923,133.40868911743166,0.02776529718249004,86.61511325836182,"{""max_width"": ""64"", ""min_width"": ""0"", ""num_rows"": ""2097152"", ""workload"": ""shared_prefix""}"
main,pr1-p32-c128,pr-workload,sorted_order_strings_workload,Device=0 min_width=0 max_width=128 num_rows=2097152 workload=shared_prefix,265.89413757324223,265.8929779052734,265.92202301025395,0.044619999014547225,86.61511325836182,"{""max_width"": ""128"", ""min_width"": ""0"", ""num_rows"": ""2097152"", ""workload"": ""shared_prefix""}"
main,pr1-p32-c128,pr-workload,sorted_order_strings_workload,Device=0 min_width=0 max_width=256 num_rows=2097152 workload=shared_prefix,531.1320495605469,531.1126892089843,531.1362304687499,0.011989867611936813,86.61511325836182,"{""max_width"": ""256"", ""min_width"": ""0"", ""num_rows"": ""2097152"", ""workload"": ""shared_prefix""}"
main,pr1-p32-c128,pr-workload,sorted_order_strings_workload,Device=0 min_width=0 max_width=32 num_rows=32768 workload=variable,0.32060959786176685,0.3201552003622055,0.325345602631569,7.006650999506148,1.3621835708618164,"{""max_width"": ""32"", ""min_width"": ""0"", ""num_rows"": ""32768"", ""workload"": ""variable""}"
main,pr1-p32-c128,pr-workload,sorted_order_strings_workload,Device=0 min_width=0 max_width=64 num_rows=32768 workload=variable,0.3312639996409416,0.33062879890203484,0.33499839752912514,6.361190563333125,1.3621835708618164,"{""max_width"": ""64"", ""min_width"": ""0"", ""num_rows"": ""32768"", ""workload"": ""variable""}"
main,pr1-p32-c128,pr-workload,sorted_order_strings_workload,Device=0 min_width=0 max_width=128 num_rows=32768 workload=variable,0.34719680100679395,0.3457712024450302,0.3479823991656303,1.0847380438365195,1.3621835708618164,"{""max_width"": ""128"", ""min_width"": ""0"", ""num_rows"": ""32768"", ""workload"": ""variable""}"
main,pr1-p32-c128,pr-workload,sorted_order_strings_workload,Device=0 min_width=0 max_width=256 num_rows=32768 workload=variable,0.3745456010103226,0.3730351984500886,0.37523200064897533,1.300777918911166,1.3621835708618164,"{""max_width"": ""256"", ""min_width"": ""0"", ""num_rows"": ""32768"", ""workload"": ""variable""}"
main,pr1-p32-c128,pr-workload,sorted_order_strings_workload,Device=0 min_width=0 max_width=32 num_rows=262144 workload=variable,0.3567408010363578,0.3552400037646294,0.3586175993084908,1.2174493437545209,10.834839820861816,"{""max_width"": ""32"", ""min_width"": ""0"", ""num_rows"": ""262144"", ""workload"": ""variable""}"
main,pr1-p32-c128,pr-workload,sorted_order_strings_workload,Device=0 min_width=0 max_width=64 num_rows=262144 workload=variable,0.36667679846286766,0.36545440107584,0.36701439619064324,0.7191856401377149,10.834839820861816,"{""max_width"": ""64"", ""min_width"": ""0"", ""num_rows"": ""262144"", ""workload"": ""variable""}"
main,pr1-p32-c128,pr-workload,sorted_order_strings_workload,Device=0 min_width=0 max_width=128 num_rows=262144 workload=variable,0.3758112013339997,0.37388639897108084,0.3789727985858917,2.0135173999825198,10.834839820861816,"{""max_width"": ""128"", ""min_width"": ""0"", ""num_rows"": ""262144"", ""workload"": ""variable""}"
main,pr1-p32-c128,pr-workload,sorted_order_strings_workload,Device=0 min_width=0 max_width=256 num_rows=262144 workload=variable,0.41692800074815745,0.4144687995314597,0.41920960247516637,1.9666609715039727,10.834839820861816,"{""max_width"": ""256"", ""min_width"": ""0"", ""num_rows"": ""262144"", ""workload"": ""variable""}"
main,pr1-p32-c128,pr-workload,sorted_order_strings_workload,Device=0 min_width=0 max_width=32 num_rows=2097152 workload=variable,0.8588304013013838,0.8569056004285813,0.8601423978805541,0.7128714287471588,86.61511325836182,"{""max_width"": ""32"", ""min_width"": ""0"", ""num_rows"": ""2097152"", ""workload"": ""variable""}"
main,pr1-p32-c128,pr-workload,sorted_order_strings_workload,Device=0 min_width=0 max_width=64 num_rows=2097152 workload=variable,0.823337596654892,0.815684798359871,0.8239279985427858,2.9108260194028346,86.61511325836182,"{""max_width"": ""64"", ""min_width"": ""0"", ""num_rows"": ""2097152"", ""workload"": ""variable""}"
main,pr1-p32-c128,pr-workload,sorted_order_strings_workload,Device=0 min_width=0 max_width=128 num_rows=2097152 workload=variable,0.8048592001199721,0.8031119912862776,0.8079279959201814,0.6799678463145516,86.61511325836182,"{""max_width"": ""128"", ""min_width"": ""0"", ""num_rows"": ""2097152"", ""workload"": ""variable""}"
main,pr1-p32-c128,pr-workload,sorted_order_strings_workload,Device=0 min_width=0 max_width=256 num_rows=2097152 workload=variable,0.7696128010749816,0.7665008008480073,0.7717584013938905,3.492915538992658,86.61511325836182,"{""max_width"": ""256"", ""min_width"": ""0"", ""num_rows"": ""2097152"", ""workload"": ""variable""}"
main,pr1-p32-c128,main,sorted_order_strings,Device=0 min_width=1 max_width=8 num_rows=32768,0.24448159933090213,0.2399631999433041,0.2449583992362022,1.895378150832662,1.3621835708618164,"{""max_width"": ""8"", ""min_width"": ""1"", ""num_rows"": ""32768""}"
main,pr1-p32-c128,main,sorted_order_strings,Device=0 min_width=1 max_width=32 num_rows=32768,0.3795759990811348,0.37541920393705375,0.38013599961996086,1.032142336801411,1.3822460174560547,"{""max_width"": ""32"", ""min_width"": ""1"", ""num_rows"": ""32768""}"
main,pr1-p32-c128,main,sorted_order_strings,Device=0 min_width=1 max_width=64 num_rows=32768,0.46534559875726694,0.4582256004214286,0.4654544025659561,1.4241894241696804,1.383810043334961,"{""max_width"": ""64"", ""min_width"": ""1"", ""num_rows"": ""32768""}"
main,pr1-p32-c128,main,sorted_order_strings,Device=0 min_width=1 max_width=128 num_rows=32768,0.6935648024082185,0.6916512072086335,0.6970079958438872,0.5400707313481089,1.3842487335205078,"{""max_width"": ""128"", ""min_width"": ""1"", ""num_rows"": ""32768""}"
main,pr1-p32-c128,main,sorted_order_strings,Device=0 min_width=1 max_width=256 num_rows=32768,0.9894832015037536,0.9877312004566191,0.9967231929302214,0.5264420978016465,1.384267807006836,"{""max_width"": ""256"", ""min_width"": ""1"", ""num_rows"": ""32768""}"
main,pr1-p32-c128,main,sorted_order_strings,Device=0 min_width=1 max_width=8 num_rows=262144,0.28010240346193316,0.2747712016105651,0.28104160130023953,1.705064210004821,10.834839820861816,"{""max_width"": ""8"", ""min_width"": ""1"", ""num_rows"": ""262144""}"
main,pr1-p32-c128,main,sorted_order_strings,Device=0 min_width=1 max_width=32 num_rows=262144,0.9611088037490845,0.9533984035253525,0.965496003627777,2.156366400163921,10.834839820861816,"{""max_width"": ""32"", ""min_width"": ""1"", ""num_rows"": ""262144""}"
main,pr1-p32-c128,main,sorted_order_strings,Device=0 min_width=1 max_width=64 num_rows=262144,1.7737760066986081,1.7703184008598327,1.7747663974761962,0.6742759426696064,10.834839820861816,"{""max_width"": ""64"", ""min_width"": ""1"", ""num_rows"": ""262144""}"
main,pr1-p32-c128,main,sorted_order_strings,Device=0 min_width=1 max_width=128 num_rows=262144,3.3895616054534914,3.3881504178047184,3.3923023939132686,0.8442781833609766,10.834839820861816,"{""max_width"": ""128"", ""min_width"": ""1"", ""num_rows"": ""262144""}"
main,pr1-p32-c128,main,sorted_order_strings,Device=0 min_width=1 max_width=256 num_rows=262144,6.79882068634033,6.795035171508789,6.824668788909912,0.8178687795427343,10.834839820861816,"{""max_width"": ""256"", ""min_width"": ""1"", ""num_rows"": ""262144""}"
main,pr1-p32-c128,main,sorted_order_strings,Device=0 min_width=1 max_width=8 num_rows=2097152,0.6102127969264984,0.6081327974796294,0.6129088044166564,3.0099603189320363,86.61511325836182,"{""max_width"": ""8"", ""min_width"": ""1"", ""num_rows"": ""2097152""}"
main,pr1-p32-c128,main,sorted_order_strings,Device=0 min_width=1 max_width=32 num_rows=2097152,1.9308239996433259,1.9297231912612915,1.9571600079536433,30.761205662898096,86.61511325836182,"{""max_width"": ""32"", ""min_width"": ""1"", ""num_rows"": ""2097152""}"
main,pr1-p32-c128,main,sorted_order_strings,Device=0 min_width=1 max_width=64 num_rows=2097152,3.5147199869155883,3.5090144038200375,3.516667211055756,1.044132238825707,86.61511325836182,"{""max_width"": ""64"", ""min_width"": ""1"", ""num_rows"": ""2097152""}"
main,pr1-p32-c128,main,sorted_order_strings,Device=0 min_width=1 max_width=128 num_rows=2097152,6.897196817398071,6.894105553627015,6.921366405487062,0.4302779764021017,86.61511325836182,"{""max_width"": ""128"", ""min_width"": ""1"", ""num_rows"": ""2097152""}"
main,pr1-p32-c128,main,sorted_order_strings,Device=0 min_width=1 max_width=256 num_rows=2097152,13.602375984191898,13.592463874816893,13.61814875602722,0.5062024565607276,86.61511325836182,"{""max_width"": ""256"", ""min_width"": ""1"", ""num_rows"": ""2097152""}"
main,pr1-p32-c128,main,sorted_order_strings,Device=0 min_width=1 max_width=8 num_rows=16777216,2.33813282251358,2.3379823803901676,2.339600026607514,0.34512140038313033,692.8533945083618,"{""max_width"": ""8"", ""min_width"": ""1"", ""num_rows"": ""16777216""}"
main,pr1-p32-c128,main,sorted_order_strings,Device=0 min_width=1 max_width=32 num_rows=16777216,6.941841626167299,6.935759997367859,6.946478390693666,0.34151701280080754,692.8533945083618,"{""max_width"": ""32"", ""min_width"": ""1"", ""num_rows"": ""16777216""}"
main,pr1-p32-c128,main,sorted_order_strings,Device=0 min_width=1 max_width=64 num_rows=16777216,13.31028790473938,13.299169635772703,13.315561628341678,0.13098921137534192,692.8533945083618,"{""max_width"": ""64"", ""min_width"": ""1"", ""num_rows"": ""16777216""}"
main,pr1-p32-c128,main,sorted_order_strings,Device=0 min_width=1 max_width=128 num_rows=16777216,26.747839927673333,26.724067306518556,26.755838680267335,0.12495211763591083,692.8533945083618,"{""max_width"": ""128"", ""min_width"": ""1"", ""num_rows"": ""16777216""}"
main,pr1-p32-c128,main,sorted_order_strings,Device=0 min_width=1 max_width=256 num_rows=16777216,54.634632301330576,54.60599708557129,54.66043453216553,0.1528322655626451,692.8533945083618,"{""max_width"": ""256"", ""min_width"": ""1"", ""num_rows"": ""16777216""}"
main,pr1-p32-c128,main,sorted_order_strings_distribution,Device=0 num_rows=262144 profile=cardinality_1_width_32,0.008723200019448995,0.007902399986051023,0.008902399940416215,17.74540845811485,1.0,"{""num_rows"": ""262144"", ""profile"": ""cardinality_1_width_32""}"
main,pr1-p32-c128,main,sorted_order_strings_distribution,Device=0 num_rows=2097152 profile=cardinality_1_width_32,0.008671999862417581,0.008524799952283503,0.010108799859881402,59.35267149704371,8.0,"{""num_rows"": ""2097152"", ""profile"": ""cardinality_1_width_32""}"
main,pr1-p32-c128,main,sorted_order_strings_distribution,Device=0 num_rows=262144 profile=cardinality_64_width_128,2.4198127865791323,2.4102432131767264,2.434539198875427,1.9769371084138465,10.834839820861816,"{""num_rows"": ""262144"", ""profile"": ""cardinality_64_width_128""}"
main,pr1-p32-c128,main,sorted_order_strings_distribution,Device=0 num_rows=2097152 profile=cardinality_64_width_128,7.059307146072388,7.050686407089233,7.071831941604616,0.3657103775923622,86.61511325836182,"{""num_rows"": ""2097152"", ""profile"": ""cardinality_64_width_128""}"
main,pr1-p32-c128,main,sorted_order_strings_distribution,Device=0 num_rows=262144 profile=shared_prefix_64,14.371617603302004,14.366263961791992,14.376095914840699,0.08902571656898636,10.834839820861816,"{""num_rows"": ""262144"", ""profile"": ""shared_prefix_64""}"
main,pr1-p32-c128,main,sorted_order_strings_distribution,Device=0 num_rows=2097152 profile=shared_prefix_64,150.25791931152338,150.23666763305664,150.25924377441407,0.019290950195937382,86.61511325836182,"{""num_rows"": ""2097152"", ""profile"": ""shared_prefix_64""}"
main,pr1-p32-c128,main,sorted_order_strings_distribution,Device=0 num_rows=262144 profile=variable_128,0.3752352014183998,0.3729568004608154,0.3757839992642402,1.4101673788522051,10.834839820861816,"{""num_rows"": ""262144"", ""profile"": ""variable_128""}"
main,pr1-p32-c128,main,sorted_order_strings_distribution,Device=0 num_rows=2097152 profile=variable_128,0.8037888079881668,0.7990368038415909,0.8043872028589248,1.0041813589940676,86.61511325836182,"{""num_rows"": ""2097152"", ""profile"": ""variable_128""}"
main,pr1-p32-c128,main,sorted_order_strings_nulls,Device=0 num_rows=262144 profile=fixed_8 null_percent=0,0.3069760009646415,0.3042319998145103,0.30925600230693817,1.2098943475864374,10.834839820861816,"{""null_percent"": ""0"", ""num_rows"": ""262144"", ""profile"": ""fixed_8""}"
main,pr1-p32-c128,main,sorted_order_strings_nulls,Device=0 num_rows=2097152 profile=fixed_8 null_percent=0,0.8625119924545288,0.8621327966451646,0.8718352019786831,4.605389488225985,86.61511325836182,"{""null_percent"": ""0"", ""num_rows"": ""2097152"", ""profile"": ""fixed_8""}"
main,pr1-p32-c128,main,sorted_order_strings_nulls,Device=0 num_rows=262144 profile=variable_128 null_percent=0,0.3745200008153915,0.36808640062808995,0.3753264009952545,0.9591832665334868,10.834839820861816,"{""null_percent"": ""0"", ""num_rows"": ""262144"", ""profile"": ""variable_128""}"
main,pr1-p32-c128,main,sorted_order_strings_nulls,Device=0 num_rows=2097152 profile=variable_128 null_percent=0,0.801787203550339,0.8002799987792969,0.8020848006010054,0.48857070926682483,86.61511325836182,"{""null_percent"": ""0"", ""num_rows"": ""2097152"", ""profile"": ""variable_128""}"
main,pr1-p32-c128,main,sorted_order_strings_nulls,Device=0 num_rows=262144 profile=fixed_8 null_percent=50,0.35770399570465095,0.35708160251379006,0.3661760002374648,8.337542801223508,6.553524971008301,"{""null_percent"": ""50"", ""num_rows"": ""262144"", ""profile"": ""fixed_8""}"
main,pr1-p32-c128,main,sorted_order_strings_nulls,Device=0 num_rows=2097152 profile=fixed_8 null_percent=50,0.7821887940168383,0.7807903945446016,0.7844191968441009,0.6136530732444626,52.324116706848145,"{""null_percent"": ""50"", ""num_rows"": ""2097152"", ""profile"": ""fixed_8""}"
main,pr1-p32-c128,main,sorted_order_strings_nulls,Device=0 num_rows=262144 profile=variable_128 null_percent=50,0.40105920135974893,0.39574720114469536,0.40325440168380744,1.0358111869615514,6.553524971008301,"{""null_percent"": ""50"", ""num_rows"": ""262144"", ""profile"": ""variable_128""}"
main,pr1-p32-c128,main,sorted_order_strings_nulls,Device=0 num_rows=2097152 profile=variable_128 null_percent=50,0.5469471991062165,0.545604792237282,0.549809592962265,0.7937117461916773,52.324116706848145,"{""null_percent"": ""50"", ""num_rows"": ""2097152"", ""profile"": ""variable_128""}"
main,pr1-p32-c128,main,sorted_order_strings_nulls,Device=0 num_rows=262144 profile=fixed_8 null_percent=100,0.0085296000353992,0.008147200033999977,0.008535999921150506,8.508641345059578,1.0,"{""null_percent"": ""100"", ""num_rows"": ""262144"", ""profile"": ""fixed_8""}"
main,pr1-p32-c128,main,sorted_order_strings_nulls,Device=0 num_rows=2097152 profile=fixed_8 null_percent=100,0.008953599957749248,0.008702399954199792,0.009015999967232345,5.350421242837745,8.0,"{""null_percent"": ""100"", ""num_rows"": ""2097152"", ""profile"": ""fixed_8""}"
main,pr1-p32-c128,main,sorted_order_strings_nulls,Device=0 num_rows=262144 profile=variable_128 null_percent=100,0.008452800032682718,0.008388799987733363,0.008796800021082163,17.22189256232429,1.0,"{""null_percent"": ""100"", ""num_rows"": ""262144"", ""profile"": ""variable_128""}"
main,pr1-p32-c128,main,sorted_order_strings_nulls,Device=0 num_rows=2097152 profile=variable_128 null_percent=100,0.009193600062280894,0.0089391999412328,0.00921440008096397,15.56120759157411,8.0,"{""null_percent"": ""100"", ""num_rows"": ""2097152"", ""profile"": ""variable_128""}"
main,pr2-p32-c512,end-to-end,sort_strings_workload,Device=0 min_width=0 max_width=32 num_rows=262144 workload=normal,0.5186143994331359,0.5140624016523361,0.5217471987009048,1.2340502910136948,10.811402320861816,"{""max_width"": ""32"", ""min_width"": ""0"", ""num_rows"": ""262144"", ""workload"": ""normal""}"
main,pr2-p32-c512,end-to-end,sort_strings_workload,Device=0 min_width=0 max_width=256 num_rows=262144 workload=normal,1.1452207922935487,1.1395999908447265,1.1452879965305331,0.9306010704411533,33.687255859375,"{""max_width"": ""256"", ""min_width"": ""0"", ""num_rows"": ""262144"", ""workload"": ""normal""}"
main,pr2-p32-c512,end-to-end,sort_strings_workload,Device=0 min_width=0 max_width=32 num_rows=2097152 workload=normal,2.0958927989006044,2.089238405227661,2.1039503931999217,0.5410100818710105,95.72902488708496,"{""max_width"": ""32"", ""min_width"": ""0"", ""num_rows"": ""2097152"", ""workload"": ""normal""}"
main,pr2-p32-c512,end-to-end,sort_strings_workload,Device=0 min_width=0 max_width=256 num_rows=2097152 workload=normal,14.007470369338987,13.940679931640627,14.0212064743042,0.6024532043192012,269.3055658340454,"{""max_width"": ""256"", ""min_width"": ""0"", ""num_rows"": ""2097152"", ""workload"": ""normal""}"
main,pr2-p32-c512,end-to-end,sort_strings_workload,Device=0 min_width=0 max_width=32 num_rows=262144 workload=duplicates,0.8299968034029008,0.8209808021783831,0.831831994652748,1.3267095139697598,10.811402320861816,"{""max_width"": ""32"", ""min_width"": ""0"", ""num_rows"": ""262144"", ""workload"": ""duplicates""}"
main,pr2-p32-c512,end-to-end,sort_strings_workload,Device=0 min_width=0 max_width=256 num_rows=262144 workload=duplicates,4.526275229454041,4.497131133079529,4.552630424499512,0.48843097878638997,34.63582420349121,"{""max_width"": ""256"", ""min_width"": ""0"", ""num_rows"": ""262144"", ""workload"": ""duplicates""}"
main,pr2-p32-c512,end-to-end,sort_strings_workload,Device=0 min_width=0 max_width=32 num_rows=2097152 workload=duplicates,2.1899920105934148,2.1840271949768066,2.1919567942619325,0.4839019756056042,96.68649291992188,"{""max_width"": ""32"", ""min_width"": ""0"", ""num_rows"": ""2097152"", ""workload"": ""duplicates""}"
main,pr2-p32-c512,end-to-end,sort_strings_workload,Device=0 min_width=0 max_width=256 num_rows=2097152 workload=duplicates,14.311687946319577,14.257227134704596,14.323700761795044,0.32678704584212337,277.07898902893066,"{""max_width"": ""256"", ""min_width"": ""0"", ""num_rows"": ""2097152"", ""workload"": ""duplicates""}"
main,pr2-p32-c512,end-to-end,sort_strings_workload,Device=0 min_width=0 max_width=32 num_rows=262144 workload=shared_prefix,7.057003188133239,7.053846406936646,7.057668828964234,0.15144515191352806,10.811402320861816,"{""max_width"": ""32"", ""min_width"": ""0"", ""num_rows"": ""262144"", ""workload"": ""shared_prefix""}"
main,pr2-p32-c512,end-to-end,sort_strings_workload,Device=0 min_width=0 max_width=256 num_rows=262144 workload=shared_prefix,49.30076351165771,49.272995185852054,49.341604423522945,0.09615473345577395,65.03126335144043,"{""max_width"": ""256"", ""min_width"": ""0"", ""num_rows"": ""262144"", ""workload"": ""shared_prefix""}"
main,pr2-p32-c512,end-to-end,sort_strings_workload,Device=0 min_width=0 max_width=32 num_rows=2097152 workload=shared_prefix,67.81618881225585,67.81289329528809,67.81906776428224,0.06410644728930304,120.06652927398682,"{""max_width"": ""32"", ""min_width"": ""0"", ""num_rows"": ""2097152"", ""workload"": ""shared_prefix""}"
main,pr2-p32-c512,end-to-end,sort_strings_workload,Device=0 min_width=0 max_width=256 num_rows=2097152 workload=shared_prefix,531.8874237060547,531.8420166015625,531.9568481445312,0.0303283451647693,520.2527341842651,"{""max_width"": ""256"", ""min_width"": ""0"", ""num_rows"": ""2097152"", ""workload"": ""shared_prefix""}"
main,pr2-p32-c512,end-to-end,sort_strings_workload,Device=0 min_width=0 max_width=32 num_rows=262144 workload=variable,0.4602527990937232,0.4600592032074929,0.46110240370035166,8.02173216267153,10.811402320861816,"{""max_width"": ""32"", ""min_width"": ""0"", ""num_rows"": ""262144"", ""workload"": ""variable""}"
main,pr2-p32-c512,end-to-end,sort_strings_workload,Device=0 min_width=0 max_width=256 num_rows=262144 workload=variable,0.5724208056926726,0.5687471956014633,0.5730159997940063,0.9250853077514734,34.01968002319336,"{""max_width"": ""256"", ""min_width"": ""0"", ""num_rows"": ""262144"", ""workload"": ""variable""}"
main,pr2-p32-c512,end-to-end,sort_strings_workload,Device=0 min_width=0 max_width=32 num_rows=2097152 workload=variable,1.2588192045688626,1.2513871967792511,1.2633727967739103,0.6270336268391221,96.05874729156494,"{""max_width"": ""32"", ""min_width"": ""0"", ""num_rows"": ""2097152"", ""workload"": ""variable""}"
main,pr2-p32-c512,end-to-end,sort_strings_workload,Device=0 min_width=0 max_width=256 num_rows=2097152 workload=variable,1.3914031982421877,1.387604784965515,1.3942495942115785,0.6983463414499158,272.17790508270264,"{""max_width"": ""256"", ""min_width"": ""0"", ""num_rows"": ""2097152"", ""workload"": ""variable""}"
main,pr1-p32-c128,target,sorted_order_strings_cardinality,Device=0 num_rows=262144 max_width=32 cardinality=1,0.008177599939517676,0.008102400018833578,0.009075199859216811,10.57545584971643,1.0,"{""cardinality"": ""1"", ""max_width"": ""32"", ""num_rows"": ""262144""}"
main,pr1-p32-c128,target,sorted_order_strings_cardinality,Device=0 num_rows=2097152 max_width=32 cardinality=1,0.008759999927133324,0.008659199951216579,0.009497599955648185,18.61402731950981,8.0,"{""cardinality"": ""1"", ""max_width"": ""32"", ""num_rows"": ""2097152""}"
main,pr1-p32-c128,target,sorted_order_strings_cardinality,Device=0 num_rows=262144 max_width=128 cardinality=1,19.551915264129633,19.520126533508304,19.564078521728515,2.1374028873401785,9.83484172821045,"{""cardinality"": ""1"", ""max_width"": ""128"", ""num_rows"": ""262144""}"
main,pr1-p32-c128,target,sorted_order_strings_cardinality,Device=0 num_rows=2097152 max_width=128 cardinality=1,213.66736221313474,213.65390548706054,213.69087142944338,0.02111781401829423,78.61511516571045,"{""cardinality"": ""1"", ""max_width"": ""128"", ""num_rows"": ""2097152""}"
main,pr1-p32-c128,target,sorted_order_strings_cardinality,Device=0 num_rows=262144 max_width=32 cardinality=64,0.7466592013835908,0.7431263983249664,0.7509632021188736,1.4097543520933926,10.834839820861816,"{""cardinality"": ""64"", ""max_width"": ""32"", ""num_rows"": ""262144""}"
main,pr1-p32-c128,target,sorted_order_strings_cardinality,Device=0 num_rows=2097152 max_width=32 cardinality=64,1.7375760078430174,1.7353392004966732,1.7392527878284456,0.5003314864830962,86.61511325836182,"{""cardinality"": ""64"", ""max_width"": ""32"", ""num_rows"": ""2097152""}"
main,pr1-p32-c128,target,sorted_order_strings_cardinality,Device=0 num_rows=262144 max_width=128 cardinality=64,2.4252175807952883,2.421070408821106,2.4298879981040953,1.5772478380190704,10.834839820861816,"{""cardinality"": ""64"", ""max_width"": ""128"", ""num_rows"": ""262144""}"
main,pr1-p32-c128,target,sorted_order_strings_cardinality,Device=0 num_rows=2097152 max_width=128 cardinality=64,7.047739195823669,7.045652818679808,7.060201644897462,0.35201287291638006,86.61511325836182,"{""cardinality"": ""64"", ""max_width"": ""128"", ""num_rows"": ""2097152""}"
main,pr1-p32-c128,target,sorted_order_strings_cardinality,Device=0 num_rows=262144 max_width=32 cardinality=0,0.362604795396328,0.3601951971650124,0.3717984020709991,11.451268885060284,10.834839820861816,"{""cardinality"": ""0"", ""max_width"": ""32"", ""num_rows"": ""262144""}"
main,pr1-p32-c128,target,sorted_order_strings_cardinality,Device=0 num_rows=2097152 max_width=32 cardinality=0,0.8600128024816511,0.8569680064916612,0.8716416001319889,5.672133116092427,86.61511325836182,"{""cardinality"": ""0"", ""max_width"": ""32"", ""num_rows"": ""2097152""}"
main,pr1-p32-c128,target,sorted_order_strings_cardinality,Device=0 num_rows=262144 max_width=128 cardinality=0,0.3769728019833565,0.3744191929697991,0.3954160019755364,11.776428107247776,10.834839820861816,"{""cardinality"": ""0"", ""max_width"": ""128"", ""num_rows"": ""262144""}"
main,pr1-p32-c128,target,sorted_order_strings_cardinality,Device=0 num_rows=2097152 max_width=128 cardinality=0,0.8058208018541336,0.8001504004001616,0.8211087971925736,6.496271317520881,86.61511325836182,"{""cardinality"": ""0"", ""max_width"": ""128"", ""num_rows"": ""2097152""}"
main,pr1-p32-c128,target,sorted_order_strings_prefixes,Device=0 num_rows=262144 prefix_width=4 suffix_width=32 prefix_cardinality=1,0.3665567994117736,0.3583568006753921,0.3800207987427712,11.944336288662237,10.846757888793945,"{""num_rows"": ""262144"", ""prefix_cardinality"": ""1"", ""prefix_width"": ""4"", ""suffix_width"": ""32""}"
main,pr1-p32-c128,target,sorted_order_strings_prefixes,Device=0 num_rows=2097152 prefix_width=4 suffix_width=32 prefix_cardinality=1,1.1981184065341948,1.1942192018032074,1.2055024027824401,1.9434484520823057,87.09408760070801,"{""num_rows"": ""2097152"", ""prefix_cardinality"": ""1"", ""prefix_width"": ""4"", ""suffix_width"": ""32""}"
main,pr1-p32-c128,target,sorted_order_strings_prefixes,Device=0 num_rows=262144 prefix_width=8 suffix_width=32 prefix_cardinality=1,4.044440031051635,4.04286243915558,4.047257590293883,0.27640418625428803,10.834839820861816,"{""num_rows"": ""262144"", ""prefix_cardinality"": ""1"", ""prefix_width"": ""8"", ""suffix_width"": ""32""}"
main,pr1-p32-c128,target,sorted_order_strings_prefixes,Device=0 num_rows=2097152 prefix_width=8 suffix_width=32 prefix_cardinality=1,34.52858715057373,34.526052474975586,34.533314895629886,0.038988355137433914,86.61511325836182,"{""num_rows"": ""2097152"", ""prefix_cardinality"": ""1"", ""prefix_width"": ""8"", ""suffix_width"": ""32""}"
main,pr1-p32-c128,target,sorted_order_strings_prefixes,Device=0 num_rows=262144 prefix_width=10 suffix_width=32 prefix_cardinality=1,3.4470495700836175,3.4468496203422543,3.4474816083908078,0.13338582619825268,10.834839820861816,"{""num_rows"": ""262144"", ""prefix_cardinality"": ""1"", ""prefix_width"": ""10"", ""suffix_width"": ""32""}"
main,pr1-p32-c128,target,sorted_order_strings_prefixes,Device=0 num_rows=2097152 prefix_width=10 suffix_width=32 prefix_cardinality=1,29.901550579071046,29.90123529434204,29.907616043090815,0.03877901607720134,86.64143562316895,"{""num_rows"": ""2097152"", ""prefix_cardinality"": ""1"", ""prefix_width"": ""10"", ""suffix_width"": ""32""}"
main,pr1-p32-c128,target,sorted_order_strings_prefixes,Device=0 num_rows=262144 prefix_width=11 suffix_width=32 prefix_cardinality=1,3.2499904036521907,3.2490928053855894,3.2514576315879826,0.15107475491982555,10.835714340209961,"{""num_rows"": ""262144"", ""prefix_cardinality"": ""1"", ""prefix_width"": ""11"", ""suffix_width"": ""32""}"
main,pr1-p32-c128,target,sorted_order_strings_prefixes,Device=0 num_rows=2097152 prefix_width=11 suffix_width=32 prefix_cardinality=1,28.40435361862183,28.40080318450928,28.404767990112305,0.03853963034533908,86.68320655822754,"{""num_rows"": ""2097152"", ""prefix_cardinality"": ""1"", ""prefix_width"": ""11"", ""suffix_width"": ""32""}"
main,pr1-p32-c128,target,sorted_order_strings_prefixes,Device=0 num_rows=262144 prefix_width=12 suffix_width=32 prefix_cardinality=1,3.052809584140777,3.0491840004920956,3.053198409080505,0.20774411277129984,10.846757888793945,"{""num_rows"": ""262144"", ""prefix_cardinality"": ""1"", ""prefix_width"": ""12"", ""suffix_width"": ""32""}"
main,pr1-p32-c128,target,sorted_order_strings_prefixes,Device=0 num_rows=2097152 prefix_width=12 suffix_width=32 prefix_cardinality=1,27.052894401550294,27.048611354827884,27.0587568283081,0.10825942270571201,87.09408760070801,"{""num_rows"": ""2097152"", ""prefix_cardinality"": ""1"", ""prefix_width"": ""12"", ""suffix_width"": ""32""}"
main,pr1-p32-c128,target,sorted_order_strings_prefixes,Device=0 num_rows=262144 prefix_width=64 suffix_width=32 prefix_cardinality=1,14.370239973068239,14.369582223892213,14.372687911987304,0.13937830181931593,10.834839820861816,"{""num_rows"": ""262144"", ""prefix_cardinality"": ""1"", ""prefix_width"": ""64"", ""suffix_width"": ""32""}"
main,pr1-p32-c128,target,sorted_order_strings_prefixes,Device=0 num_rows=2097152 prefix_width=64 suffix_width=32 prefix_cardinality=1,150.26462326049798,150.25773544311522,150.26898803710935,0.018508946570248427,86.61511325836182,"{""num_rows"": ""2097152"", ""prefix_cardinality"": ""1"", ""prefix_width"": ""64"", ""suffix_width"": ""32""}"
main,pr1-p32-c128,target,sorted_order_strings_prefixes,Device=0 num_rows=262144 prefix_width=4 suffix_width=32 prefix_cardinality=64,0.3503519997000694,0.34916159957647325,0.3583343997597695,8.23828951265914,10.834839820861816,"{""num_rows"": ""262144"", ""prefix_cardinality"": ""64"", ""prefix_width"": ""4"", ""suffix_width"": ""32""}"
main,pr1-p32-c128,target,sorted_order_strings_prefixes,Device=0 num_rows=2097152 prefix_width=4 suffix_width=32 prefix_cardinality=64,0.604815998673439,0.6025392025709152,0.6072335958480835,0.6383638817984456,86.61511325836182,"{""num_rows"": ""2097152"", ""prefix_cardinality"": ""64"", ""prefix_width"": ""4"", ""suffix_width"": ""32""}"
main,pr1-p32-c128,target,sorted_order_strings_prefixes,Device=0 num_rows=262144 prefix_width=8 suffix_width=32 prefix_cardinality=64,0.5628976047039032,0.5627968043088912,0.5654608011245729,1.0647986821521802,10.834839820861816,"{""num_rows"": ""262144"", ""prefix_cardinality"": ""64"", ""prefix_width"": ""8"", ""suffix_width"": ""32""}"
main,pr1-p32-c128,target,sorted_order_strings_prefixes,Device=0 num_rows=2097152 prefix_width=8 suffix_width=32 prefix_cardinality=64,1.44064159989357,1.439625608921051,1.4462399959564212,0.34606597158705793,86.61511325836182,"{""num_rows"": ""2097152"", ""prefix_cardinality"": ""64"", ""prefix_width"": ""8"", ""suffix_width"": ""32""}"
main,pr1-p32-c128,target,sorted_order_strings_prefixes,Device=0 num_rows=262144 prefix_width=10 suffix_width=32 prefix_cardinality=64,0.552948796749115,0.5472463995218277,0.5557920038700103,0.905134520379268,10.834839820861816,"{""num_rows"": ""262144"", ""prefix_cardinality"": ""64"", ""prefix_width"": ""10"", ""suffix_width"": ""32""}"
main,pr1-p32-c128,target,sorted_order_strings_prefixes,Device=0 num_rows=2097152 prefix_width=10 suffix_width=32 prefix_cardinality=64,1.378351992368698,1.3747535943984985,1.379265600442886,0.3707173707649549,86.61511325836182,"{""num_rows"": ""2097152"", ""prefix_cardinality"": ""64"", ""prefix_width"": ""10"", ""suffix_width"": ""32""}"
main,pr1-p32-c128,target,sorted_order_strings_prefixes,Device=0 num_rows=262144 prefix_width=11 suffix_width=32 prefix_cardinality=64,0.5485071957111358,0.545915198326111,0.5500943928956986,1.2022179610415045,10.834839820861816,"{""num_rows"": ""262144"", ""prefix_cardinality"": ""64"", ""prefix_width"": ""11"", ""suffix_width"": ""32""}"
main,pr1-p32-c128,target,sorted_order_strings_prefixes,Device=0 num_rows=2097152 prefix_width=11 suffix_width=32 prefix_cardinality=64,1.3579472005367283,1.3574143946170805,1.3612688124179837,0.6385129571419039,86.61511325836182,"{""num_rows"": ""2097152"", ""prefix_cardinality"": ""64"", ""prefix_width"": ""11"", ""suffix_width"": ""32""}"
main,pr1-p32-c128,target,sorted_order_strings_prefixes,Device=0 num_rows=262144 prefix_width=12 suffix_width=32 prefix_cardinality=64,0.5426048070192336,0.5422911942005155,0.5438064038753511,1.0621367117180536,10.834839820861816,"{""num_rows"": ""262144"", ""prefix_cardinality"": ""64"", ""prefix_width"": ""12"", ""suffix_width"": ""32""}"
main,pr1-p32-c128,target,sorted_order_strings_prefixes,Device=0 num_rows=2097152 prefix_width=12 suffix_width=32 prefix_cardinality=64,1.3410112023353578,1.3381648004055022,1.343868798017502,0.9775940946884347,86.61511325836182,"{""num_rows"": ""2097152"", ""prefix_cardinality"": ""64"", ""prefix_width"": ""12"", ""suffix_width"": ""32""}"
main,pr1-p32-c128,target,sorted_order_strings_prefixes,Device=0 num_rows=262144 prefix_width=64 suffix_width=32 prefix_cardinality=64,1.7685359954833988,1.7423936009407046,1.7691472053527835,1.245132978951788,10.834839820861816,"{""num_rows"": ""262144"", ""prefix_cardinality"": ""64"", ""prefix_width"": ""64"", ""suffix_width"": ""32""}"
main,pr1-p32-c128,target,sorted_order_strings_prefixes,Device=0 num_rows=2097152 prefix_width=64 suffix_width=32 prefix_cardinality=64,6.034260773658752,6.028851199150085,6.037355232238769,0.3742764942977851,86.61511325836182,"{""num_rows"": ""2097152"", ""prefix_cardinality"": ""64"", ""prefix_width"": ""64"", ""suffix_width"": ""32""}"
main,prefix,pr-zero-collisions,sorted_order_strings_segmented_diagnostics,Device=0 num_rows=32768 profile=zero_collision_pass1,0.1882719986140728,0.18735840022563932,0.18874399960041044,0.7463578976613009,0.5005626678466797,"{""num_rows"": ""32768"", ""profile"": ""zero_collision_pass1""}"
main,prefix,pr-zero-collisions,sorted_order_strings_segmented_diagnostics,Device=0 num_rows=32768 profile=zero_collision_pass2,0.5497007936239242,0.5489728033542631,0.5509232014417648,0.9414383135871449,0.5005626678466797,"{""num_rows"": ""32768"", ""profile"": ""zero_collision_pass2""}"
main,pr2-p32-c128,constant,sorted_order_strings_prefixes,Device=0 num_rows=262144 prefix_width=32 suffix_width=0 prefix_cardinality=1,4.6182767868042,4.616539192199707,4.630060768127441,0.14791639245703003,9.83484172821045,"{""num_rows"": ""262144"", ""prefix_cardinality"": ""1"", ""prefix_width"": ""32"", ""suffix_width"": ""0""}"
main,pr2-p32-c128,constant,sorted_order_strings_prefixes,Device=0 num_rows=2097152 prefix_width=32 suffix_width=0 prefix_cardinality=1,49.821552467346194,49.785157966613774,49.8584192276001,0.7230452251654995,78.61511516571045,"{""num_rows"": ""2097152"", ""prefix_cardinality"": ""1"", ""prefix_width"": ""32"", ""suffix_width"": ""0""}"
main,pr2-p32-c512,target,sorted_order_strings_cardinality,Device=0 num_rows=262144 max_width=32 cardinality=1,0.008971200021915138,0.008319999999366702,0.009230399969965218,60.295296819157706,1.0,"{""cardinality"": ""1"", ""max_width"": ""32"", ""num_rows"": ""262144""}"
main,pr2-p32-c512,target,sorted_order_strings_cardinality,Device=0 num_rows=2097152 max_width=32 cardinality=1,0.008572799991816283,0.00855039996095002,0.008625599928200245,3.5202078175944393,8.0,"{""cardinality"": ""1"", ""max_width"": ""32"", ""num_rows"": ""2097152""}"
main,pr2-p32-c512,target,sorted_order_strings_cardinality,Device=0 num_rows=262144 max_width=128 cardinality=1,19.539968013763428,19.505606269836424,19.58427200317383,2.422629211629415,9.81140422821045,"{""cardinality"": ""1"", ""max_width"": ""128"", ""num_rows"": ""262144""}"
main,pr2-p32-c512,target,sorted_order_strings_cardinality,Device=0 num_rows=2097152 max_width=128 cardinality=1,213.66116561889646,213.6492805480957,213.67289581298832,0.020568591633716278,78.42761516571045,"{""cardinality"": ""1"", ""max_width"": ""128"", ""num_rows"": ""2097152""}"
main,pr2-p32-c512,target,sorted_order_strings_cardinality,Device=0 num_rows=262144 max_width=32 cardinality=64,0.7418144047260284,0.739817601442337,0.7466208070516586,1.325803996577045,10.811402320861816,"{""cardinality"": ""64"", ""max_width"": ""32"", ""num_rows"": ""262144""}"
main,pr2-p32-c512,target,sorted_order_strings_cardinality,Device=0 num_rows=2097152 max_width=32 cardinality=64,1.7366479873657226,1.7320480048656464,1.7371039986610413,0.7470617188656264,86.42761325836182,"{""cardinality"": ""64"", ""max_width"": ""32"", ""num_rows"": ""2097152""}"
main,pr2-p32-c512,target,sorted_order_strings_cardinality,Device=0 num_rows=262144 max_width=128 cardinality=64,2.429899168014526,2.417644774913787,2.4300240159034727,0.7268722224165183,10.811402320861816,"{""cardinality"": ""64"", ""max_width"": ""128"", ""num_rows"": ""262144""}"
main,pr2-p32-c512,target,sorted_order_strings_cardinality,Device=0 num_rows=2097152 max_width=128 cardinality=64,7.053928017616273,7.043073630332947,7.0587056159973125,0.3924111361642092,86.42761325836182,"{""cardinality"": ""64"", ""max_width"": ""128"", ""num_rows"": ""2097152""}"
main,pr2-p32-c512,target,sorted_order_strings_cardinality,Device=0 num_rows=262144 max_width=32 cardinality=0,0.35765600055456176,0.35632160007953645,0.358830401301384,5.322412708283361,10.811402320861816,"{""cardinality"": ""0"", ""max_width"": ""32"", ""num_rows"": ""262144""}"
main,pr2-p32-c512,target,sorted_order_strings_cardinality,Device=0 num_rows=2097152 max_width=32 cardinality=0,0.863239997625351,0.8605760008096695,0.8655631989240644,0.6233706598890806,86.42761325836182,"{""cardinality"": ""0"", ""max_width"": ""32"", ""num_rows"": ""2097152""}"
main,pr2-p32-c512,target,sorted_order_strings_cardinality,Device=0 num_rows=262144 max_width=128 cardinality=0,0.3817359998822212,0.3817215979099274,0.3841151997447014,0.684822390032495,10.811402320861816,"{""cardinality"": ""0"", ""max_width"": ""128"", ""num_rows"": ""262144""}"
main,pr2-p32-c512,target,sorted_order_strings_cardinality,Device=0 num_rows=2097152 max_width=128 cardinality=0,0.8217999964952469,0.8209311991930007,0.8224800020456312,1.4649446259273327,86.42761325836182,"{""cardinality"": ""0"", ""max_width"": ""128"", ""num_rows"": ""2097152""}"
main,pr2-p32-c512,target,sorted_order_strings_prefixes,Device=0 num_rows=262144 prefix_width=4 suffix_width=32 prefix_cardinality=1,0.36171360164880756,0.36053439974784846,0.36293919980525974,1.2547071084513202,10.821317672729492,"{""num_rows"": ""262144"", ""prefix_cardinality"": ""1"", ""prefix_width"": ""4"", ""suffix_width"": ""32""}"
main,pr2-p32-c512,target,sorted_order_strings_prefixes,Device=0 num_rows=2097152 prefix_width=4 suffix_width=32 prefix_cardinality=1,1.190502393245697,1.188342386484146,1.1916655898094177,0.35644673742570515,86.89205360412598,"{""num_rows"": ""2097152"", ""prefix_cardinality"": ""1"", ""prefix_width"": ""4"", ""suffix_width"": ""32""}"
main,pr2-p32-c512,target,sorted_order_strings_prefixes,Device=0 num_rows=262144 prefix_width=8 suffix_width=32 prefix_cardinality=1,4.044815969467163,4.042095994949341,4.045860743522643,0.11822336989994912,10.811402320861816,"{""num_rows"": ""262144"", ""prefix_cardinality"": ""1"", ""prefix_width"": ""8"", ""suffix_width"": ""32""}"
main,pr2-p32-c512,target,sorted_order_strings_prefixes,Device=0 num_rows=2097152 prefix_width=8 suffix_width=32 prefix_cardinality=1,34.52532634735108,34.522186851501466,34.52846717834472,0.030477081536451962,86.42761325836182,"{""num_rows"": ""2097152"", ""prefix_cardinality"": ""1"", ""prefix_width"": ""8"", ""suffix_width"": ""32""}"
main,pr2-p32-c512,target,sorted_order_strings_prefixes,Device=0 num_rows=262144 prefix_width=10 suffix_width=32 prefix_cardinality=1,3.4474575877189637,3.4472975969314565,3.455569624900817,0.1932188622929657,10.811402320861816,"{""num_rows"": ""262144"", ""prefix_cardinality"": ""1"", ""prefix_width"": ""10"", ""suffix_width"": ""32""}"
main,pr2-p32-c512,target,sorted_order_strings_prefixes,Device=0 num_rows=2097152 prefix_width=10 suffix_width=32 prefix_cardinality=1,29.895953750610346,29.891470241546628,29.897668743133544,0.038767715177578356,86.44071769714355,"{""num_rows"": ""2097152"", ""prefix_cardinality"": ""1"", ""prefix_width"": ""10"", ""suffix_width"": ""32""}"
main,pr2-p32-c512,target,sorted_order_strings_prefixes,Device=0 num_rows=262144 prefix_width=11 suffix_width=32 prefix_cardinality=1,3.2546799659729,3.2517568230628964,3.2562064051628115,0.16170303848923304,10.811402320861816,"{""num_rows"": ""262144"", ""prefix_cardinality"": ""1"", ""prefix_width"": ""11"", ""suffix_width"": ""32""}"
main,pr2-p32-c512,target,sorted_order_strings_prefixes,Device=0 num_rows=2097152 prefix_width=11 suffix_width=32 prefix_cardinality=1,28.403307342529292,28.395609664916993,28.408656024932856,0.03847214232084293,86.48161125183105,"{""num_rows"": ""2097152"", ""prefix_cardinality"": ""1"", ""prefix_width"": ""11"", ""suffix_width"": ""32""}"
main,pr2-p32-c512,target,sorted_order_strings_prefixes,Device=0 num_rows=262144 prefix_width=12 suffix_width=32 prefix_cardinality=1,3.0516528129577636,3.0483471870422365,3.0554544210433963,0.19990898045306474,10.821317672729492,"{""num_rows"": ""262144"", ""prefix_cardinality"": ""1"", ""prefix_width"": ""12"", ""suffix_width"": ""32""}"
main,pr2-p32-c512,target,sorted_order_strings_prefixes,Device=0 num_rows=2097152 prefix_width=12 suffix_width=32 prefix_cardinality=1,27.045396614074708,27.04505453109741,27.05597772598267,0.05548696979489296,86.89205360412598,"{""num_rows"": ""2097152"", ""prefix_cardinality"": ""1"", ""prefix_width"": ""12"", ""suffix_width"": ""32""}"
main,pr2-p32-c512,target,sorted_order_strings_prefixes,Device=0 num_rows=262144 prefix_width=64 suffix_width=32 prefix_cardinality=1,14.376748847961428,14.373214387893675,14.383188772201539,0.060584435312421796,10.811402320861816,"{""num_rows"": ""262144"", ""prefix_cardinality"": ""1"", ""prefix_width"": ""64"", ""suffix_width"": ""32""}"
main,pr2-p32-c512,target,sorted_order_strings_prefixes,Device=0 num_rows=2097152 prefix_width=64 suffix_width=32 prefix_cardinality=1,150.2648536682129,150.25719604492187,150.2682090759277,0.021833367467132162,86.42761325836182,"{""num_rows"": ""2097152"", ""prefix_cardinality"": ""1"", ""prefix_width"": ""64"", ""suffix_width"": ""32""}"
main,pr2-p32-c512,target,sorted_order_strings_prefixes,Device=0 num_rows=262144 prefix_width=4 suffix_width=32 prefix_cardinality=64,0.34849600195884706,0.3482304006814958,0.3632767975330352,6.208463090107289,10.811402320861816,"{""num_rows"": ""262144"", ""prefix_cardinality"": ""64"", ""prefix_width"": ""4"", ""suffix_width"": ""32""}"
main,pr2-p32-c512,target,sorted_order_strings_prefixes,Device=0 num_rows=2097152 prefix_width=4 suffix_width=32 prefix_cardinality=64,0.6047376036643982,0.6040240049362182,0.607503992319107,0.7419344030746063,86.42761325836182,"{""num_rows"": ""2097152"", ""prefix_cardinality"": ""64"", ""prefix_width"": ""4"", ""suffix_width"": ""32""}"
main,pr2-p32-c512,target,sorted_order_strings_prefixes,Device=0 num_rows=262144 prefix_width=8 suffix_width=32 prefix_cardinality=64,0.5674607992172243,0.5599199950695037,0.5693759977817536,3.7105662554430965,10.811402320861816,"{""num_rows"": ""262144"", ""prefix_cardinality"": ""64"", ""prefix_width"": ""8"", ""suffix_width"": ""32""}"
main,pr2-p32-c512,target,sorted_order_strings_prefixes,Device=0 num_rows=2097152 prefix_width=8 suffix_width=32 prefix_cardinality=64,1.4417344033718111,1.4410016059875488,1.4423903942108154,0.5987260980618578,86.42761325836182,"{""num_rows"": ""2097152"", ""prefix_cardinality"": ""64"", ""prefix_width"": ""8"", ""suffix_width"": ""32""}"
main,pr2-p32-c512,target,sorted_order_strings_prefixes,Device=0 num_rows=262144 prefix_width=10 suffix_width=32 prefix_cardinality=64,0.5555136024951934,0.5504031985998153,0.558055993914604,0.8571465032448365,10.811402320861816,"{""num_rows"": ""262144"", ""prefix_cardinality"": ""64"", ""prefix_width"": ""10"", ""suffix_width"": ""32""}"
main,pr2-p32-c512,target,sorted_order_strings_prefixes,Device=0 num_rows=2097152 prefix_width=10 suffix_width=32 prefix_cardinality=64,1.3762336194515228,1.3736384093761445,1.3775535881519319,0.48214652009520653,86.42761325836182,"{""num_rows"": ""2097152"", ""prefix_cardinality"": ""64"", ""prefix_width"": ""10"", ""suffix_width"": ""32""}"
main,pr2-p32-c512,target,sorted_order_strings_prefixes,Device=0 num_rows=262144 prefix_width=11 suffix_width=32 prefix_cardinality=64,0.5511680006980895,0.5498144090175628,0.5542352020740509,1.0317427933964192,10.811402320861816,"{""num_rows"": ""262144"", ""prefix_cardinality"": ""64"", ""prefix_width"": ""11"", ""suffix_width"": ""32""}"
main,pr2-p32-c512,target,sorted_order_strings_prefixes,Device=0 num_rows=2097152 prefix_width=11 suffix_width=32 prefix_cardinality=64,1.3567088007926942,1.3520447969436646,1.360439997911453,0.4633654479918475,86.42761325836182,"{""num_rows"": ""2097152"", ""prefix_cardinality"": ""64"", ""prefix_width"": ""11"", ""suffix_width"": ""32""}"
main,pr2-p32-c512,target,sorted_order_strings_prefixes,Device=0 num_rows=262144 prefix_width=12 suffix_width=32 prefix_cardinality=64,0.543499207496643,0.5388879895210267,0.5505088001489639,0.973256322700097,10.811402320861816,"{""num_rows"": ""262144"", ""prefix_cardinality"": ""64"", ""prefix_width"": ""12"", ""suffix_width"": ""32""}"
main,pr2-p32-c512,target,sorted_order_strings_prefixes,Device=0 num_rows=2097152 prefix_width=12 suffix_width=32 prefix_cardinality=64,1.3403823852539065,1.3375407934188843,1.343334412574768,1.2444415841767738,86.42761325836182,"{""num_rows"": ""2097152"", ""prefix_cardinality"": ""64"", ""prefix_width"": ""12"", ""suffix_width"": ""32""}"
main,pr2-p32-c512,target,sorted_order_strings_prefixes,Device=0 num_rows=262144 prefix_width=64 suffix_width=32 prefix_cardinality=64,1.7613391816616062,1.7448448061943054,1.7618160068988797,1.4017879454333537,10.811402320861816,"{""num_rows"": ""262144"", ""prefix_cardinality"": ""64"", ""prefix_width"": ""64"", ""suffix_width"": ""32""}"
main,pr2-p32-c512,target,sorted_order_strings_prefixes,Device=0 num_rows=2097152 prefix_width=64 suffix_width=32 prefix_cardinality=64,6.032124805450438,6.021251249313353,6.0353999614715566,0.301970035126978,86.42761325836182,"{""num_rows"": ""2097152"", ""prefix_cardinality"": ""64"", ""prefix_width"": ""64"", ""suffix_width"": ""32""}"
main,pr2-p32-c512,pr-diagnostics,sorted_order_strings_segmented_diagnostics,Device=0 num_rows=262144 profile=finish_257,0.3473039999604225,0.3471663996577264,0.3514559984207154,1.638580197144532,9.811182022094727,"{""num_rows"": ""262144"", ""profile"": ""finish_257""}"
main,pr2-p32-c512,pr-diagnostics,sorted_order_strings_segmented_diagnostics,Device=0 num_rows=2097152 profile=finish_257,0.5465440034866335,0.5449776023626328,0.5499343991279602,0.7878897951862744,78.42739295959473,"{""num_rows"": ""2097152"", ""profile"": ""finish_257""}"
main,pr2-p32-c512,pr-diagnostics,sorted_order_strings_segmented_diagnostics,Device=0 num_rows=262144 profile=finish_1024,0.47233440130949017,0.46989919841289524,0.4743728011846542,1.4424688850108651,9.81140422821045,"{""num_rows"": ""262144"", ""profile"": ""finish_1024""}"
main,pr2-p32-c512,pr-diagnostics,sorted_order_strings_segmented_diagnostics,Device=0 num_rows=2097152 profile=finish_1024,0.6898864030838011,0.6884399980306625,0.6925776004791258,0.9641733782773205,78.42761516571045,"{""num_rows"": ""2097152"", ""profile"": ""finish_1024""}"
main,pr2-p32-c512,pr-diagnostics,sorted_order_strings_segmented_diagnostics,Device=0 num_rows=262144 profile=finish_4096,0.5303504019975662,0.53016799390316,0.5340656012296677,0.993965591426501,9.81140422821045,"{""num_rows"": ""262144"", ""profile"": ""finish_4096""}"
main,pr2-p32-c512,pr-diagnostics,sorted_order_strings_segmented_diagnostics,Device=0 num_rows=2097152 profile=finish_4096,0.7468639940023424,0.7453151971101762,0.7551519989967348,2.974921945948939,78.42761516571045,"{""num_rows"": ""2097152"", ""profile"": ""finish_4096""}"
main,pr2-p32-c512,pr-diagnostics,sorted_order_strings_segmented_diagnostics,Device=0 num_rows=262144 profile=active_50,1.4565840065479276,1.45352321267128,1.4572368085384368,0.46148825502819785,9.81140422821045,"{""num_rows"": ""262144"", ""profile"": ""active_50""}"
main,pr2-p32-c512,pr-diagnostics,sorted_order_strings_segmented_diagnostics,Device=0 num_rows=2097152 profile=active_50,10.871763181686402,10.867278528213502,10.875780820846556,0.30274048835621886,78.42761516571045,"{""num_rows"": ""2097152"", ""profile"": ""active_50""}"
main,pr2-p32-c512,pr-diagnostics,sorted_order_strings_segmented_diagnostics,Device=0 num_rows=262144 profile=active_10,0.5312319993972778,0.5301551967859268,0.5318783998489379,3.6751143427430475,9.81140422821045,"{""num_rows"": ""262144"", ""profile"": ""active_10""}"
main,pr2-p32-c512,pr-diagnostics,sorted_order_strings_segmented_diagnostics,Device=0 num_rows=2097152 profile=active_10,2.435174393653869,2.4346800208091737,2.438755178451538,0.2720715235965067,78.42761516571045,"{""num_rows"": ""2097152"", ""profile"": ""active_10""}"
main,pr2-p32-c512,pr-diagnostics,sorted_order_strings_segmented_diagnostics,Device=0 num_rows=262144 profile=active_1,0.2938048020005226,0.2910832002758979,0.29566559940576553,1.2896851654367576,9.81140422821045,"{""num_rows"": ""262144"", ""profile"": ""active_1""}"
main,pr2-p32-c512,pr-diagnostics,sorted_order_strings_segmented_diagnostics,Device=0 num_rows=2097152 profile=active_1,0.6790256053209305,0.6776288062334062,0.7075232028961183,16.546207888874704,78.42761516571045,"{""num_rows"": ""2097152"", ""profile"": ""active_1""}"
main,pr2-p32-c512,pr-diagnostics,sorted_order_strings_segmented_diagnostics,Device=0 num_rows=262144 profile=active_0_1,0.2836208000779152,0.28264639824628834,0.28530720025300976,1.4114963588869829,9.811182022094727,"{""num_rows"": ""262144"", ""profile"": ""active_0_1""}"
main,pr2-p32-c512,pr-diagnostics,sorted_order_strings_segmented_diagnostics,Device=0 num_rows=2097152 profile=active_0_1,0.4813407987356186,0.48039840161800385,0.4820383980870246,0.8791836431572195,78.42761516571045,"{""num_rows"": ""2097152"", ""profile"": ""active_0_1""}"
main,pr2-p32-c512,pr-diagnostics,sorted_order_strings_segmented_diagnostics,Device=0 num_rows=262144 profile=duplicates_6,0.21906079947948456,0.21814879998564726,0.21989440247416495,2.2571967811422344,10.811402320861816,"{""num_rows"": ""262144"", ""profile"": ""duplicates_6""}"
main,pr2-p32-c512,pr-diagnostics,sorted_order_strings_segmented_diagnostics,Device=0 num_rows=2097152 profile=duplicates_6,0.3846960037946702,0.3841567978262902,0.3859296008944511,1.1802790209883716,86.42761325836182,"{""num_rows"": ""2097152"", ""profile"": ""duplicates_6""}"
main,pr2-p32-c512,pr-diagnostics,sorted_order_strings_segmented_diagnostics,Device=0 num_rows=262144 profile=duplicates_8,0.218097598105669,0.2171903997659683,0.21948959976434707,1.1629647881518945,10.811402320861816,"{""num_rows"": ""262144"", ""profile"": ""duplicates_8""}"
main,pr2-p32-c512,pr-diagnostics,sorted_order_strings_segmented_diagnostics,Device=0 num_rows=2097152 profile=duplicates_8,0.38777280002832404,0.38703520298004146,0.39092480391263973,2.301680178123572,86.42761325836182,"{""num_rows"": ""2097152"", ""profile"": ""duplicates_8""}"
main,pr2-p32-c512,pr-diagnostics,sorted_order_strings_segmented_diagnostics,Device=0 num_rows=262144 profile=duplicates_12,0.3349935963749886,0.3346976011991501,0.33860639780759816,2.134948969925008,10.811402320861816,"{""num_rows"": ""262144"", ""profile"": ""duplicates_12""}"
main,pr2-p32-c512,pr-diagnostics,sorted_order_strings_segmented_diagnostics,Device=0 num_rows=2097152 profile=duplicates_12,0.9215183973312376,0.9195728063583375,0.9298400074243546,3.855567001313144,86.42761325836182,"{""num_rows"": ""2097152"", ""profile"": ""duplicates_12""}"
main,pr2-p32-c512,pr-diagnostics,sorted_order_strings_segmented_diagnostics,Device=0 num_rows=262144 profile=duplicates_16,0.3373024001717568,0.3359023988246918,0.3408624038100243,2.690099841392743,10.811402320861816,"{""num_rows"": ""262144"", ""profile"": ""duplicates_16""}"
main,pr2-p32-c512,pr-diagnostics,sorted_order_strings_segmented_diagnostics,Device=0 num_rows=2097152 profile=duplicates_16,0.9214095950126647,0.9194751888513565,0.9229615956544877,1.0439224242602245,86.42761325836182,"{""num_rows"": ""2097152"", ""profile"": ""duplicates_16""}"
main,pr2-p32-c512,pr-diagnostics,sorted_order_strings_segmented_diagnostics,Device=0 num_rows=262144 profile=duplicates_24,0.4565663993358612,0.45501279979944226,0.4603519991040229,1.5003465224393453,10.811402320861816,"{""num_rows"": ""262144"", ""profile"": ""duplicates_24""}"
main,pr2-p32-c512,pr-diagnostics,sorted_order_strings_segmented_diagnostics,Device=0 num_rows=2097152 profile=duplicates_24,1.4536176085472106,1.449483197927475,1.4567984104156495,0.7123177903126823,86.42761325836182,"{""num_rows"": ""2097152"", ""profile"": ""duplicates_24""}"
main,pr2-p32-c512,pr-diagnostics,sorted_order_strings_segmented_diagnostics,Device=0 num_rows=262144 profile=duplicates_32,0.5738352000713347,0.5730320036411286,0.5792607992887499,2.946440836246113,10.811402320861816,"{""num_rows"": ""262144"", ""profile"": ""duplicates_32""}"
main,pr2-p32-c512,pr-diagnostics,sorted_order_strings_segmented_diagnostics,Device=0 num_rows=2097152 profile=duplicates_32,2.0280016064643864,2.0220912218093874,2.029752004146576,0.9067146549326962,86.42761325836182,"{""num_rows"": ""2097152"", ""profile"": ""duplicates_32""}"
main,pr2-p32-c512,pr-diagnostics,sorted_order_strings_segmented_diagnostics,Device=0 num_rows=262144 profile=rle_misaligned,9.008732843399047,9.00363039970398,9.010750436782837,0.24268971389095817,10.836309432983398,"{""num_rows"": ""262144"", ""profile"": ""rle_misaligned""}"
main,pr2-p32-c512,pr-diagnostics,sorted_order_strings_segmented_diagnostics,Device=0 num_rows=2097152 profile=rle_misaligned,91.7265148162842,91.71711044311523,91.72883834838868,0.039298029450933136,86.42761325836182,"{""num_rows"": ""2097152"", ""profile"": ""rle_misaligned""}"
main,pr2-p32-c512,constant,sorted_order_strings_prefixes,Device=0 num_rows=262144 prefix_width=32 suffix_width=0 prefix_cardinality=1,4.623611164093017,4.621107172966002,4.636643171310425,0.24862554855507596,9.81140422821045,"{""num_rows"": ""262144"", ""prefix_cardinality"": ""1"", ""prefix_width"": ""32"", ""suffix_width"": ""0""}"
main,pr2-p32-c512,constant,sorted_order_strings_prefixes,Device=0 num_rows=2097152 prefix_width=32 suffix_width=0 prefix_cardinality=1,49.787500572204586,49.78625755310058,49.78833122253418,0.18102489832199628,78.42761516571045,"{""num_rows"": ""2097152"", ""prefix_cardinality"": ""1"", ""prefix_width"": ""32"", ""suffix_width"": ""0""}"
main,pr2-p32-c512,pr-source,sorted_order_strings_source_parity,Device=0 num_rows=262144 profile=unique_32,5.581006383895875,5.5756288290023805,5.585916757583619,0.11080608692468333,9.81140422821045,"{""num_rows"": ""262144"", ""profile"": ""unique_32""}"
main,pr2-p32-c512,pr-source,sorted_order_strings_source_parity,Device=0 num_rows=2097152 profile=unique_32,57.1145523071289,57.11447677612305,57.11665706634522,0.053297191040540634,78.42761516571045,"{""num_rows"": ""2097152"", ""profile"": ""unique_32""}"
main,pr2-p32-c512,pr-source,sorted_order_strings_source_parity,Device=0 num_rows=262144 profile=duplicates_32,5.0097808122634895,5.0014159917831424,5.013227200508117,0.12284876517801564,10.811402320861816,"{""num_rows"": ""262144"", ""profile"": ""duplicates_32""}"
main,pr2-p32-c512,pr-source,sorted_order_strings_source_parity,Device=0 num_rows=2097152 profile=duplicates_32,52.59756431579589,52.592468452453616,52.598664093017575,0.040379393137820976,86.42761325836182,"{""num_rows"": ""2097152"", ""profile"": ""duplicates_32""}"
main,pr2-p32-c512,pr-source,sorted_order_strings_source_parity,Device=0 num_rows=262144 profile=shared_prefix_24,5.579352021217345,5.572310471534729,5.587060880661011,0.28655325841119117,9.81140422821045,"{""num_rows"": ""262144"", ""profile"": ""shared_prefix_24""}"
main,pr2-p32-c512,pr-source,sorted_order_strings_source_parity,Device=0 num_rows=2097152 profile=shared_prefix_24,57.11420345306397,57.09991226196289,57.115921974182136,0.0303608962813426,78.42761516571045,"{""num_rows"": ""2097152"", ""profile"": ""shared_prefix_24""}"
main,pr2-p32-c512,pr-source,sorted_order_strings_source_parity,Device=0 num_rows=262144 profile=raw_unique_40,0.22930239960551263,0.22685920149087907,0.23185279965400699,1.7290919454486415,9.811159133911133,"{""num_rows"": ""262144"", ""profile"": ""raw_unique_40""}"
main,pr2-p32-c512,pr-source,sorted_order_strings_source_parity,Device=0 num_rows=2097152 profile=raw_unique_40,0.46852159798145293,0.4619727998971939,0.4698255956172944,1.23514397769896,78.42737007141113,"{""num_rows"": ""2097152"", ""profile"": ""raw_unique_40""}"
main,pr2-p32-c512,pr-source,sorted_order_strings_source_parity,Device=0 num_rows=262144 profile=raw_duplicates_40,0.704416000843048,0.688833600282669,0.7101599991321562,0.5841966361116722,10.811402320861816,"{""num_rows"": ""262144"", ""profile"": ""raw_duplicates_40""}"
main,pr2-p32-c512,pr-source,sorted_order_strings_source_parity,Device=0 num_rows=2097152 profile=raw_duplicates_40,2.518441569805145,2.5126944065093992,2.523204803466797,1.7154284588230804,86.42761325836182,"{""num_rows"": ""2097152"", ""profile"": ""raw_duplicates_40""}"
main,pr2-p32-c512,pr-source,sorted_order_strings_source_parity,Device=0 num_rows=262144 profile=raw_shared_prefix_24_width_40,6.911368012428284,6.900214433670043,6.913852787017821,0.17176651051480316,9.81140422821045,"{""num_rows"": ""262144"", ""profile"": ""raw_shared_prefix_24_width_40""}"
main,pr2-p32-c512,pr-source,sorted_order_strings_source_parity,Device=0 num_rows=2097152 profile=raw_shared_prefix_24_width_40,66.58524131774902,66.58410301208495,66.58970756530762,0.03147702065988278,78.42761516571045,"{""num_rows"": ""2097152"", ""profile"": ""raw_shared_prefix_24_width_40""}"
control,old-r8-control,constant,sorted_order_strings_prefixes,Device=0 num_rows=262144 prefix_width=32 suffix_width=0 prefix_cardinality=1,0.4790799990296365,0.4741408020257949,0.48080639690160754,0.5110587156501515,9.053221702575684,"{""num_rows"": ""262144"", ""prefix_cardinality"": ""1"", ""prefix_width"": ""32"", ""suffix_width"": ""0""}"
control,old-r8-control,constant,sorted_order_strings_prefixes,Device=0 num_rows=2097152 prefix_width=32 suffix_width=0 prefix_cardinality=1,2.8037823915481566,2.802531218528748,2.8054559946060182,0.3577332627685452,72.36474514007568,"{""num_rows"": ""2097152"", ""prefix_cardinality"": ""1"", ""prefix_width"": ""32"", ""suffix_width"": ""0""}"
main,pr2-p32-c4096,pr-source,sorted_order_strings_source_parity,Device=0 num_rows=262144 profile=unique_32,5.584196734428405,5.581452775001527,5.584508824348449,0.8239911200927578,9.80456829071045,"{""num_rows"": ""262144"", ""profile"": ""unique_32""}"
main,pr2-p32-c4096,pr-source,sorted_order_strings_source_parity,Device=0 num_rows=2097152 profile=unique_32,57.11277751922609,57.1125602722168,57.11449584960937,0.047737561913598354,78.37292766571045,"{""num_rows"": ""2097152"", ""profile"": ""unique_32""}"
main,pr2-p32-c4096,pr-source,sorted_order_strings_source_parity,Device=0 num_rows=262144 profile=duplicates_32,5.010159993171691,5.009939217567446,5.01334400177002,0.8852518065781886,10.804566383361816,"{""num_rows"": ""262144"", ""profile"": ""duplicates_32""}"
main,pr2-p32-c4096,pr-source,sorted_order_strings_source_parity,Device=0 num_rows=2097152 profile=duplicates_32,52.59235687255859,52.58747386932373,52.59936351776122,0.0319374185600486,86.37292575836182,"{""num_rows"": ""2097152"", ""profile"": ""duplicates_32""}"
main,pr2-p32-c4096,pr-source,sorted_order_strings_source_parity,Device=0 num_rows=262144 profile=shared_prefix_24,5.586782383918761,5.578190398216247,5.590286350250244,0.892637316261476,9.80456829071045,"{""num_rows"": ""262144"", ""profile"": ""shared_prefix_24""}"
main,pr2-p32-c4096,pr-source,sorted_order_strings_source_parity,Device=0 num_rows=2097152 profile=shared_prefix_24,57.114444732666,57.10999221801758,57.142785453796385,0.0839176992884925,78.37292766571045,"{""num_rows"": ""2097152"", ""profile"": ""shared_prefix_24""}"
main,pr2-p32-c4096,pr-source,sorted_order_strings_source_parity,Device=0 num_rows=262144 profile=raw_unique_40,0.22893440052866934,0.22886080071330064,0.22901760041713712,0.9702193529653177,9.804323196411133,"{""num_rows"": ""262144"", ""profile"": ""raw_unique_40""}"
main,pr2-p32-c4096,pr-source,sorted_order_strings_source_parity,Device=0 num_rows=2097152 profile=raw_unique_40,0.4643839985132217,0.4623008027672768,0.4658351957798003,0.8935313976607474,78.37268257141113,"{""num_rows"": ""2097152"", ""profile"": ""raw_unique_40""}"
main,pr2-p32-c4096,pr-source,sorted_order_strings_source_parity,Device=0 num_rows=262144 profile=raw_duplicates_40,0.7012192010879515,0.7011151969432831,0.7031232059001924,0.8152890807423707,10.804566383361816,"{""num_rows"": ""262144"", ""profile"": ""raw_duplicates_40""}"
main,pr2-p32-c4096,pr-source,sorted_order_strings_source_parity,Device=0 num_rows=2097152 profile=raw_duplicates_40,2.5201248288154603,2.503782391548156,2.5218144178390505,0.7533500421010219,86.37292575836182,"{""num_rows"": ""2097152"", ""profile"": ""raw_duplicates_40""}"
main,pr2-p32-c4096,pr-source,sorted_order_strings_source_parity,Device=0 num_rows=262144 profile=raw_shared_prefix_24_width_40,6.90717921257019,6.903603196144104,6.910927987098694,0.08378706981791481,9.80456829071045,"{""num_rows"": ""262144"", ""profile"": ""raw_shared_prefix_24_width_40""}"
main,pr2-p32-c4096,pr-source,sorted_order_strings_source_parity,Device=0 num_rows=2097152 profile=raw_shared_prefix_24_width_40,66.58650550842286,66.5848918914795,66.59412536621093,0.03971564119541819,78.37292766571045,"{""num_rows"": ""2097152"", ""profile"": ""raw_shared_prefix_24_width_40""}"
main,pr2-p32-c4096,pr-zero-collisions,sorted_order_strings_segmented_diagnostics,Device=0 num_rows=32768 profile=zero_collision_pass1,0.7176527947187424,0.7150176048278808,0.7225679993629456,0.6584107373151736,1.2343807220458984,"{""num_rows"": ""32768"", ""profile"": ""zero_collision_pass1""}"
main,pr2-p32-c4096,pr-zero-collisions,sorted_order_strings_segmented_diagnostics,Device=0 num_rows=32768 profile=zero_collision_pass2,0.9892704039812089,0.9886607974767686,0.9917600035667419,0.4619981967228016,1.2343807220458984,"{""num_rows"": ""32768"", ""profile"": ""zero_collision_pass2""}"
control,radix-lrb,main,sorted_order_strings,Device=0 min_width=1 max_width=8 num_rows=32768,0.164180800318718,0.16325599998235701,0.164206400513649,1.733678918526428,1.1391592025756836,"{""max_width"": ""8"", ""min_width"": ""1"", ""num_rows"": ""32768""}"
control,radix-lrb,main,sorted_order_strings,Device=0 min_width=1 max_width=32 num_rows=32768,0.1986095994710922,0.19799359813332554,0.19872959926724434,1.3175011547901898,1.1391592025756836,"{""max_width"": ""32"", ""min_width"": ""1"", ""num_rows"": ""32768""}"
control,radix-lrb,main,sorted_order_strings,Device=0 min_width=1 max_width=64 num_rows=32768,0.2308640003204346,0.2303151980042457,0.2310160011053085,1.040128204660725,1.1391592025756836,"{""max_width"": ""64"", ""min_width"": ""1"", ""num_rows"": ""32768""}"
control,radix-lrb,main,sorted_order_strings,Device=0 min_width=1 max_width=128 num_rows=32768,0.29881919920444483,0.2986640021204948,0.30136160254478456,1.4959392315882205,1.1391592025756836,"{""max_width"": ""128"", ""min_width"": ""1"", ""num_rows"": ""32768""}"
control,radix-lrb,main,sorted_order_strings,Device=0 min_width=1 max_width=256 num_rows=32768,0.44187679588794704,0.4403615981340408,0.44481439739465717,1.0058275365635174,1.1391592025756836,"{""max_width"": ""256"", ""min_width"": ""1"", ""num_rows"": ""32768""}"
control,radix-lrb,main,sorted_order_strings,Device=0 min_width=1 max_width=8 num_rows=262144,0.26002880185842525,0.25927360206842426,0.26054560095071794,0.7620447068910622,9.053221702575684,"{""max_width"": ""8"", ""min_width"": ""1"", ""num_rows"": ""262144""}"
control,radix-lrb,main,sorted_order_strings,Device=0 min_width=1 max_width=32 num_rows=262144,0.39304480254650115,0.39292479753494264,0.3932367965579032,1.3112384906131074,9.053221702575684,"{""max_width"": ""32"", ""min_width"": ""1"", ""num_rows"": ""262144""}"
control,radix-lrb,main,sorted_order_strings,Device=0 min_width=1 max_width=64 num_rows=262144,0.5321439981460573,0.5301871955394744,0.5341504007577897,1.3488748000057453,9.053221702575684,"{""max_width"": ""64"", ""min_width"": ""1"", ""num_rows"": ""262144""}"
control,radix-lrb,main,sorted_order_strings,Device=0 min_width=1 max_width=128 num_rows=262144,0.8595071971416475,0.8538463950157165,0.8619712024927138,2.1655115926984574,9.053221702575684,"{""max_width"": ""128"", ""min_width"": ""1"", ""num_rows"": ""262144""}"
control,radix-lrb,main,sorted_order_strings,Device=0 min_width=1 max_width=256 num_rows=262144,1.5601727902889253,1.546383994817734,1.5618592023849485,3.5873677610559174,9.053221702575684,"{""max_width"": ""256"", ""min_width"": ""1"", ""num_rows"": ""262144""}"
control,radix-lrb,main,sorted_order_strings,Device=0 min_width=1 max_width=8 num_rows=2097152,0.6610432028770448,0.6607904016971586,0.6621856003999709,0.6924661895639376,72.36474514007568,"{""max_width"": ""8"", ""min_width"": ""1"", ""num_rows"": ""2097152""}"
control,radix-lrb,main,sorted_order_strings,Device=0 min_width=1 max_width=32 num_rows=2097152,1.3736288011074067,1.3731616020202637,1.3773695945739746,1.7027260971578109,72.36474514007568,"{""max_width"": ""32"", ""min_width"": ""1"", ""num_rows"": ""2097152""}"
control,radix-lrb,main,sorted_order_strings,Device=0 min_width=1 max_width=64 num_rows=2097152,2.060577595233917,2.0567167878150943,2.0634032011032106,1.9401578837033897,72.36474514007568,"{""max_width"": ""64"", ""min_width"": ""1"", ""num_rows"": ""2097152""}"
control,radix-lrb,main,sorted_order_strings,Device=0 min_width=1 max_width=128 num_rows=2097152,3.742241585254669,3.7308784127235417,3.748681592941284,2.641224269318555,72.36474514007568,"{""max_width"": ""128"", ""min_width"": ""1"", ""num_rows"": ""2097152""}"
control,radix-lrb,main,sorted_order_strings,Device=0 min_width=1 max_width=256 num_rows=2097152,8.018488097190858,8.013155198097227,8.04904637336731,2.5307314776813117,72.36474514007568,"{""max_width"": ""256"", ""min_width"": ""1"", ""num_rows"": ""2097152""}"
control,radix-lrb,main,sorted_order_strings,Device=0 min_width=1 max_width=8 num_rows=16777216,4.695948839187622,4.693729591369628,4.696740818023681,0.23551330323989908,578.8530263900757,"{""max_width"": ""8"", ""min_width"": ""1"", ""num_rows"": ""16777216""}"
control,radix-lrb,main,sorted_order_strings,Device=0 min_width=1 max_width=32 num_rows=16777216,10.379651165008545,10.37473440170288,10.393289613723756,0.859750258818477,578.8530263900757,"{""max_width"": ""32"", ""min_width"": ""1"", ""num_rows"": ""16777216""}"
control,radix-lrb,main,sorted_order_strings,Device=0 min_width=1 max_width=64 num_rows=16777216,15.950971126556398,15.938035249710083,15.971089601516725,0.7988916570932117,578.8530263900757,"{""max_width"": ""64"", ""min_width"": ""1"", ""num_rows"": ""16777216""}"
control,radix-lrb,main,sorted_order_strings,Device=0 min_width=1 max_width=128 num_rows=16777216,29.387550354003903,29.350329589843746,29.408319854736327,1.0357324731347195,578.8530263900757,"{""max_width"": ""128"", ""min_width"": ""1"", ""num_rows"": ""16777216""}"
control,radix-lrb,main,sorted_order_strings,Device=0 min_width=1 max_width=256 num_rows=16777216,59.01919193267822,58.93021144866941,59.046017456054685,1.4003672797474205,578.8530263900757,"{""max_width"": ""256"", ""min_width"": ""1"", ""num_rows"": ""16777216""}"
control,radix-lrb,main,sorted_order_strings_distribution,Device=0 num_rows=262144 profile=cardinality_1_width_32,0.00779680006671697,0.007707200082950295,0.00794719993136823,6.427992953216369,1.0,"{""num_rows"": ""262144"", ""profile"": ""cardinality_1_width_32""}"
control,radix-lrb,main,sorted_order_strings_distribution,Device=0 num_rows=2097152 profile=cardinality_1_width_32,0.008545599970966577,0.00849599991925061,0.008575999969616532,5.767292382608921,8.0,"{""num_rows"": ""2097152"", ""profile"": ""cardinality_1_width_32""}"
control,radix-lrb,main,sorted_order_strings_distribution,Device=0 num_rows=262144 profile=cardinality_64_width_128,0.9900416076183318,0.9738368034362794,0.9951552003622055,2.7940299255400403,9.053221702575684,"{""num_rows"": ""262144"", ""profile"": ""cardinality_64_width_128""}"
control,radix-lrb,main,sorted_order_strings_distribution,Device=0 num_rows=2097152 profile=cardinality_64_width_128,6.150430417060852,6.150196862220764,6.170588803291321,1.8428057228845804,72.36474514007568,"{""num_rows"": ""2097152"", ""profile"": ""cardinality_64_width_128""}"
control,radix-lrb,main,sorted_order_strings_distribution,Device=0 num_rows=262144 profile=shared_prefix_64,1.54024640917778,1.5359471976757049,1.5416399955749516,0.752432332865588,9.053221702575684,"{""num_rows"": ""262144"", ""profile"": ""shared_prefix_64""}"
control,radix-lrb,main,sorted_order_strings_distribution,Device=0 num_rows=2097152 profile=shared_prefix_64,13.51222882270813,13.511910295486452,13.515567970275884,0.32897789973681363,72.36474514007568,"{""num_rows"": ""2097152"", ""profile"": ""shared_prefix_64""}"
control,radix-lrb,main,sorted_order_strings_distribution,Device=0 num_rows=262144 profile=variable_128,0.2648032009601593,0.2616799980401993,0.2654128000140189,0.7557842011801293,9.053221702575684,"{""num_rows"": ""262144"", ""profile"": ""variable_128""}"
control,radix-lrb,main,sorted_order_strings_distribution,Device=0 num_rows=2097152 profile=variable_128,0.5328431963920593,0.5318304061889647,0.5349887996912003,0.6939926634838961,72.36474514007568,"{""num_rows"": ""2097152"", ""profile"": ""variable_128""}"
control,radix-lrb,main,sorted_order_strings_nulls,Device=0 num_rows=262144 profile=fixed_8 null_percent=0,0.1865631990134716,0.18635679930448532,0.18677440136671067,1.630278701117908,9.053221702575684,"{""null_percent"": ""0"", ""num_rows"": ""262144"", ""profile"": ""fixed_8""}"
control,radix-lrb,main,sorted_order_strings_nulls,Device=0 num_rows=2097152 profile=fixed_8 null_percent=0,0.3928944006562233,0.3919328033924104,0.39349440336227415,0.95642714676965,72.36474514007568,"{""null_percent"": ""0"", ""num_rows"": ""2097152"", ""profile"": ""fixed_8""}"
control,radix-lrb,main,sorted_order_strings_nulls,Device=0 num_rows=262144 profile=variable_128 null_percent=0,0.26213439702987673,0.2585552006959915,0.26422400027513504,1.289124537379927,9.053221702575684,"{""null_percent"": ""0"", ""num_rows"": ""262144"", ""profile"": ""variable_128""}"
control,radix-lrb,main,sorted_order_strings_nulls,Device=0 num_rows=2097152 profile=variable_128 null_percent=0,0.5352207988500596,0.5340719997882842,0.5356463998556137,0.7715694870824076,72.36474514007568,"{""null_percent"": ""0"", ""num_rows"": ""2097152"", ""profile"": ""variable_128""}"
control,radix-lrb,main,sorted_order_strings_nulls,Device=0 num_rows=262144 profile=fixed_8 null_percent=50,0.20061280056834213,0.20029280036687852,0.2008767992258072,1.1977421331816964,15.104979515075684,"{""null_percent"": ""50"", ""num_rows"": ""262144"", ""profile"": ""fixed_8""}"
control,radix-lrb,main,sorted_order_strings_nulls,Device=0 num_rows=2097152 profile=fixed_8 null_percent=50,0.6251792013645173,0.6243775993585589,0.6299456000328064,1.4468629597081917,120.77197170257568,"{""null_percent"": ""50"", ""num_rows"": ""2097152"", ""profile"": ""fixed_8""}"
control,radix-lrb,main,sorted_order_strings_nulls,Device=0 num_rows=262144 profile=variable_128 null_percent=50,0.2633087992668151,0.2588047981262207,0.26496799737215043,1.2283454807011964,15.104979515075684,"{""null_percent"": ""50"", ""num_rows"": ""262144"", ""profile"": ""variable_128""}"
control,radix-lrb,main,sorted_order_strings_nulls,Device=0 num_rows=2097152 profile=variable_128 null_percent=50,0.7165968000888823,0.7162383973598481,0.7204799979925157,0.5517898904151154,120.77197170257568,"{""null_percent"": ""50"", ""num_rows"": ""2097152"", ""profile"": ""variable_128""}"
control,radix-lrb,main,sorted_order_strings_nulls,Device=0 num_rows=262144 profile=fixed_8 null_percent=100,0.007206399994902314,0.007185600022785365,0.0072239999892190114,5.594930998661412,1.0,"{""null_percent"": ""100"", ""num_rows"": ""262144"", ""profile"": ""fixed_8""}"
control,radix-lrb,main,sorted_order_strings_nulls,Device=0 num_rows=2097152 profile=fixed_8 null_percent=100,0.008454399975016715,0.008431999990716577,0.008767999988049268,11.231466454540485,8.0,"{""null_percent"": ""100"", ""num_rows"": ""2097152"", ""profile"": ""fixed_8""}"
control,radix-lrb,main,sorted_order_strings_nulls,Device=0 num_rows=262144 profile=variable_128 null_percent=100,0.007332799979485571,0.007219200022518636,0.007361599965952336,7.978535235346068,1.0,"{""null_percent"": ""100"", ""num_rows"": ""262144"", ""profile"": ""variable_128""}"
control,radix-lrb,main,sorted_order_strings_nulls,Device=0 num_rows=2097152 profile=variable_128 null_percent=100,0.008491199929267166,0.008401599945500495,0.008527999976649879,4.830726252187153,8.0,"{""null_percent"": ""100"", ""num_rows"": ""2097152"", ""profile"": ""variable_128""}"
main,pr1-p32-c512,pr-zero-collisions,sorted_order_strings_segmented_diagnostics,Device=0 num_rows=32768 profile=zero_collision_pass1,0.6073487967252733,0.6066336035728455,0.6107215970754625,0.9466399803585488,1.2352352142333984,"{""num_rows"": ""32768"", ""profile"": ""zero_collision_pass1""}"
main,pr1-p32-c512,pr-zero-collisions,sorted_order_strings_segmented_diagnostics,Device=0 num_rows=32768 profile=zero_collision_pass2,0.8799760103225708,0.8724527955055238,0.8806416064500806,0.4768263224980623,1.2352352142333984,"{""num_rows"": ""32768"", ""profile"": ""zero_collision_pass2""}"
main,pr1-p32-c512,main,sorted_order_strings,Device=0 min_width=1 max_width=8 num_rows=32768,0.24232960045337681,0.24229920208454137,0.24725279882550238,4.4757841157498115,1.3592538833618164,"{""max_width"": ""8"", ""min_width"": ""1"", ""num_rows"": ""32768""}"
main,pr1-p32-c512,main,sorted_order_strings,Device=0 min_width=1 max_width=32 num_rows=32768,0.377887998521328,0.3761359974741936,0.378236797451973,1.1210528524986936,1.3793163299560547,"{""max_width"": ""32"", ""min_width"": ""1"", ""num_rows"": ""32768""}"
main,pr1-p32-c512,main,sorted_order_strings,Device=0 min_width=1 max_width=64 num_rows=32768,0.46212640404701233,0.46176320016384137,0.4649264007806778,1.3477947704772337,1.380880355834961,"{""max_width"": ""64"", ""min_width"": ""1"", ""num_rows"": ""32768""}"
main,pr1-p32-c512,main,sorted_order_strings,Device=0 min_width=1 max_width=128 num_rows=32768,0.6937472045421601,0.6922031998634338,0.696273598074913,0.632517236844405,1.3813190460205078,"{""max_width"": ""128"", ""min_width"": ""1"", ""num_rows"": ""32768""}"
main,pr1-p32-c512,main,sorted_order_strings,Device=0 min_width=1 max_width=256 num_rows=32768,0.9909952074289322,0.9883727997541428,0.9914160013198852,0.9484536894125684,1.381338119506836,"{""max_width"": ""256"", ""min_width"": ""1"", ""num_rows"": ""32768""}"
main,pr1-p32-c512,main,sorted_order_strings,Device=0 min_width=1 max_width=8 num_rows=262144,0.2775088012218475,0.27468159943819054,0.2795760020613671,1.6619757237382446,10.811402320861816,"{""max_width"": ""8"", ""min_width"": ""1"", ""num_rows"": ""262144""}"
main,pr1-p32-c512,main,sorted_order_strings,Device=0 min_width=1 max_width=32 num_rows=262144,0.5134751975536346,0.5118176013231277,0.5141472041606903,1.0837867848223097,10.811402320861816,"{""max_width"": ""32"", ""min_width"": ""1"", ""num_rows"": ""262144""}"
main,pr1-p32-c512,main,sorted_order_strings,Device=0 min_width=1 max_width=64 num_rows=262144,0.7055216014385223,0.699364796280861,0.7063104003667833,1.752772957168383,10.811402320861816,"{""max_width"": ""64"", ""min_width"": ""1"", ""num_rows"": ""262144""}"
main,pr1-p32-c512,main,sorted_order_strings,Device=0 min_width=1 max_width=128 num_rows=262144,1.2652447819709778,1.264908802509308,1.2711280047893523,5.035329298108501,10.811402320861816,"{""max_width"": ""128"", ""min_width"": ""1"", ""num_rows"": ""262144""}"
main,pr1-p32-c512,main,sorted_order_strings,Device=0 min_width=1 max_width=256 num_rows=262144,2.7234128117561336,2.7164768099784853,2.7633024096488947,4.157378014270708,10.811402320861816,"{""max_width"": ""256"", ""min_width"": ""1"", ""num_rows"": ""262144""}"
main,pr1-p32-c512,main,sorted_order_strings,Device=0 min_width=1 max_width=8 num_rows=2097152,0.6101007968187333,0.608820801973343,0.6117247968912124,0.9768763259714061,86.42761325836182,"{""max_width"": ""8"", ""min_width"": ""1"", ""num_rows"": ""2097152""}"
main,pr1-p32-c512,main,sorted_order_strings,Device=0 min_width=1 max_width=32 num_rows=2097152,2.0030400156974797,2.0004112064838404,2.009839993715286,1.6095525252001772,86.42761325836182,"{""max_width"": ""32"", ""min_width"": ""1"", ""num_rows"": ""2097152""}"
main,pr1-p32-c512,main,sorted_order_strings,Device=0 min_width=1 max_width=64 num_rows=2097152,3.88180958032608,3.877764797210693,3.887190401554107,1.321704528637261,86.42761325836182,"{""max_width"": ""64"", ""min_width"": ""1"", ""num_rows"": ""2097152""}"
main,pr1-p32-c512,main,sorted_order_strings,Device=0 min_width=1 max_width=128 num_rows=2097152,7.883048009872437,7.874356770515442,7.885833525657655,7.726648521513854,86.42761325836182,"{""max_width"": ""128"", ""min_width"": ""1"", ""num_rows"": ""2097152""}"
main,pr1-p32-c512,main,sorted_order_strings,Device=0 min_width=1 max_width=256 num_rows=2097152,15.302723217010493,15.226747226715085,15.318699073791501,1.292007685028123,86.42761325836182,"{""max_width"": ""256"", ""min_width"": ""1"", ""num_rows"": ""2097152""}"
main,pr1-p32-c512,main,sorted_order_strings,Device=0 min_width=1 max_width=8 num_rows=16777216,2.337275230884552,2.3339872121810914,2.346118414402008,1.7276575363170759,691.3533945083618,"{""max_width"": ""8"", ""min_width"": ""1"", ""num_rows"": ""16777216""}"
main,pr1-p32-c512,main,sorted_order_strings,Device=0 min_width=1 max_width=32 num_rows=16777216,6.94118559360504,6.93888475894928,6.946115159988403,0.4181146077151447,691.3533945083618,"{""max_width"": ""32"", ""min_width"": ""1"", ""num_rows"": ""16777216""}"
main,pr1-p32-c512,main,sorted_order_strings,Device=0 min_width=1 max_width=64 num_rows=16777216,13.31235842704773,13.298844766616824,13.313326501846316,0.3073143785472982,691.3533945083618,"{""max_width"": ""64"", ""min_width"": ""1"", ""num_rows"": ""16777216""}"
main,pr1-p32-c512,main,sorted_order_strings,Device=0 min_width=1 max_width=128 num_rows=16777216,26.7422384262085,26.721686553955077,26.744700622558597,0.16509753766756688,691.3533945083618,"{""max_width"": ""128"", ""min_width"": ""1"", ""num_rows"": ""16777216""}"
main,pr1-p32-c512,main,sorted_order_strings,Device=0 min_width=1 max_width=256 num_rows=16777216,54.62120170593262,54.59486560821532,54.6317455291748,0.1904299048716902,691.3533945083618,"{""max_width"": ""256"", ""min_width"": ""1"", ""num_rows"": ""16777216""}"
main,pr1-p32-c512,main,sorted_order_strings_distribution,Device=0 num_rows=262144 profile=cardinality_1_width_32,0.007521600020118056,0.007144000008702279,0.007996800029650331,26.453894803664586,1.0,"{""num_rows"": ""262144"", ""profile"": ""cardinality_1_width_32""}"
main,pr1-p32-c512,main,sorted_order_strings_distribution,Device=0 num_rows=2097152 profile=cardinality_1_width_32,0.00858879988081753,0.008483199961483478,0.008739199955016375,3.0011456432690404,8.0,"{""num_rows"": ""2097152"", ""profile"": ""cardinality_1_width_32""}"
main,pr1-p32-c512,main,sorted_order_strings_distribution,Device=0 num_rows=262144 profile=cardinality_64_width_128,2.423956775665283,2.409184014797211,2.4243440032005306,0.5402334982538429,10.811402320861816,"{""num_rows"": ""262144"", ""profile"": ""cardinality_64_width_128""}"
main,pr1-p32-c512,main,sorted_order_strings_distribution,Device=0 num_rows=2097152 profile=cardinality_64_width_128,7.065464043617249,7.052860808372498,7.0742320060729975,0.6084356813374611,86.42761325836182,"{""num_rows"": ""2097152"", ""profile"": ""cardinality_64_width_128""}"
main,pr1-p32-c512,main,sorted_order_strings_distribution,Device=0 num_rows=262144 profile=shared_prefix_64,14.367568016052244,14.365572929382324,14.378715229034421,0.06977838819592388,10.811402320861816,"{""num_rows"": ""262144"", ""profile"": ""shared_prefix_64""}"
main,pr1-p32-c512,main,sorted_order_strings_distribution,Device=0 num_rows=2097152 profile=shared_prefix_64,150.2465133666992,150.24642105102538,150.25945892333985,0.01943771841338857,86.42761325836182,"{""num_rows"": ""2097152"", ""profile"": ""shared_prefix_64""}"
main,pr1-p32-c512,main,sorted_order_strings_distribution,Device=0 num_rows=262144 profile=variable_128,0.3744399979710579,0.37275680154561996,0.37872959971427916,1.1664413321025773,10.811402320861816,"{""num_rows"": ""262144"", ""profile"": ""variable_128""}"
main,pr1-p32-c512,main,sorted_order_strings_distribution,Device=0 num_rows=2097152 profile=variable_128,0.8042320013046266,0.7984031945466995,0.8061231940984726,0.6465639428209563,86.42761325836182,"{""num_rows"": ""2097152"", ""profile"": ""variable_128""}"
main,pr1-p32-c512,main,sorted_order_strings_nulls,Device=0 num_rows=262144 profile=fixed_8 null_percent=0,0.30589759796857824,0.30421600043773656,0.3107455983757973,4.895695478114115,10.811402320861816,"{""null_percent"": ""0"", ""num_rows"": ""262144"", ""profile"": ""fixed_8""}"
main,pr1-p32-c512,main,sorted_order_strings_nulls,Device=0 num_rows=2097152 profile=fixed_8 null_percent=0,0.8628431946039199,0.8604512006044389,0.8647775977849961,0.6717918755899184,86.42761325836182,"{""null_percent"": ""0"", ""num_rows"": ""2097152"", ""profile"": ""fixed_8""}"
main,pr1-p32-c512,main,sorted_order_strings_nulls,Device=0 num_rows=262144 profile=variable_128 null_percent=0,0.37373279780149465,0.3731616005301475,0.37721280008554464,1.2476736206155792,10.811402320861816,"{""null_percent"": ""0"", ""num_rows"": ""262144"", ""profile"": ""variable_128""}"
main,pr1-p32-c512,main,sorted_order_strings_nulls,Device=0 num_rows=2097152 profile=variable_128 null_percent=0,0.8015519976615905,0.7987263977527618,0.8117935985326766,2.9094982351439813,86.42761325836182,"{""null_percent"": ""0"", ""num_rows"": ""2097152"", ""profile"": ""variable_128""}"
main,pr1-p32-c512,main,sorted_order_strings_nulls,Device=0 num_rows=262144 profile=fixed_8 null_percent=50,0.3570448011159897,0.3543328002095222,0.3587200000882149,1.3755507890119372,6.541790962219238,"{""null_percent"": ""50"", ""num_rows"": ""262144"", ""profile"": ""fixed_8""}"
main,pr1-p32-c512,main,sorted_order_strings_nulls,Device=0 num_rows=2097152 profile=fixed_8 null_percent=50,0.7820096015930178,0.7815504103899004,0.7834096014499664,0.6650647876269086,52.23033618927002,"{""null_percent"": ""50"", ""num_rows"": ""2097152"", ""profile"": ""fixed_8""}"
main,pr1-p32-c512,main,sorted_order_strings_nulls,Device=0 num_rows=262144 profile=variable_128 null_percent=50,0.3981472000479698,0.39456319808959955,0.39953280091285714,1.919185986640379,6.541790962219238,"{""null_percent"": ""50"", ""num_rows"": ""262144"", ""profile"": ""variable_128""}"
main,pr1-p32-c512,main,sorted_order_strings_nulls,Device=0 num_rows=2097152 profile=variable_128 null_percent=50,0.5501823961734772,0.5460911989212037,0.554982402920723,2.4809548538076145,52.23033618927002,"{""null_percent"": ""50"", ""num_rows"": ""2097152"", ""profile"": ""variable_128""}"
main,pr1-p32-c512,main,sorted_order_strings_nulls,Device=0 num_rows=262144 profile=fixed_8 null_percent=100,0.007472000061534347,0.007334400084801019,0.007489600032567978,11.865596236319478,1.0,"{""null_percent"": ""100"", ""num_rows"": ""262144"", ""profile"": ""fixed_8""}"
main,pr1-p32-c512,main,sorted_order_strings_nulls,Device=0 num_rows=2097152 profile=fixed_8 null_percent=100,0.008582400064915419,0.008503999933600424,0.008924799924716351,23.615996593116577,8.0,"{""null_percent"": ""100"", ""num_rows"": ""2097152"", ""profile"": ""fixed_8""}"
main,pr1-p32-c512,main,sorted_order_strings_nulls,Device=0 num_rows=262144 profile=variable_128 null_percent=100,0.007510400004684925,0.007318399986252191,0.007552000018768014,17.993054501692242,1.0,"{""null_percent"": ""100"", ""num_rows"": ""262144"", ""profile"": ""variable_128""}"
main,pr1-p32-c512,main,sorted_order_strings_nulls,Device=0 num_rows=2097152 profile=variable_128 null_percent=100,0.008531199861317873,0.008440000051632524,0.008662399975582958,6.33195297027586,8.0,"{""null_percent"": ""100"", ""num_rows"": ""2097152"", ""profile"": ""variable_128""}"
main,radix-lrb,pr-source,sorted_order_strings_source_parity,Device=0 num_rows=262144 profile=unique_32,0.4790352031588554,0.4779231995344162,0.4820703998208046,0.8574436743477986,9.053221702575684,"{""num_rows"": ""262144"", ""profile"": ""unique_32""}"
main,radix-lrb,pr-source,sorted_order_strings_source_parity,Device=0 num_rows=2097152 profile=unique_32,2.810328018665314,2.8071503877639774,2.81107360124588,0.3421064259660962,72.36474514007568,"{""num_rows"": ""2097152"", ""profile"": ""unique_32""}"
main,radix-lrb,pr-source,sorted_order_strings_source_parity,Device=0 num_rows=262144 profile=duplicates_32,0.6261744022369385,0.6198224008083343,0.815888011455536,106.13369577563361,9.053221702575684,"{""num_rows"": ""262144"", ""profile"": ""duplicates_32""}"
main,radix-lrb,pr-source,sorted_order_strings_source_parity,Device=0 num_rows=2097152 profile=duplicates_32,4.076388788223267,4.074073624610901,4.079444742202759,0.11380222646648885,72.36474514007568,"{""num_rows"": ""2097152"", ""profile"": ""duplicates_32""}"
main,radix-lrb,pr-source,sorted_order_strings_source_parity,Device=0 num_rows=262144 profile=shared_prefix_24,0.4785216003656388,0.4774703994393349,0.4808943957090378,0.9253443770126512,9.053221702575684,"{""num_rows"": ""262144"", ""profile"": ""shared_prefix_24""}"
main,radix-lrb,pr-source,sorted_order_strings_source_parity,Device=0 num_rows=2097152 profile=shared_prefix_24,2.814438390731812,2.80893759727478,2.8149407982826227,0.29996373340828214,72.36474514007568,"{""num_rows"": ""2097152"", ""profile"": ""shared_prefix_24""}"
main,radix-lrb,pr-source,sorted_order_strings_source_parity,Device=0 num_rows=262144 profile=raw_unique_40,0.17594560012221336,0.17536480054259304,0.17633439972996712,1.6809575754334123,9.053221702575684,"{""num_rows"": ""262144"", ""profile"": ""raw_unique_40""}"
main,radix-lrb,pr-source,sorted_order_strings_source_parity,Device=0 num_rows=2097152 profile=raw_unique_40,0.41641120165586465,0.4159327998757362,0.41837600022554394,0.874838272354353,72.36474514007568,"{""num_rows"": ""2097152"", ""profile"": ""raw_unique_40""}"
main,radix-lrb,pr-source,sorted_order_strings_source_parity,Device=0 num_rows=262144 profile=raw_duplicates_40,0.4821887999773026,0.48099040091037765,0.4920432016253471,4.666191006817286,9.053221702575684,"{""num_rows"": ""262144"", ""profile"": ""raw_duplicates_40""}"
main,radix-lrb,pr-source,sorted_order_strings_source_parity,Device=0 num_rows=2097152 profile=raw_duplicates_40,3.183947193622589,3.1813152074813833,3.1854511737823485,0.27768405610535174,72.36474514007568,"{""num_rows"": ""2097152"", ""profile"": ""raw_duplicates_40""}"
main,radix-lrb,pr-source,sorted_order_strings_source_parity,Device=0 num_rows=262144 profile=raw_shared_prefix_24_width_40,0.6563919961452486,0.6541888028383256,0.6635583937168119,0.6111356051391912,9.053221702575684,"{""num_rows"": ""262144"", ""profile"": ""raw_shared_prefix_24_width_40""}"
main,radix-lrb,pr-source,sorted_order_strings_source_parity,Device=0 num_rows=2097152 profile=raw_shared_prefix_24_width_40,5.728422451019287,5.718520021438598,5.7313103675842285,0.4772331349958704,72.36474514007568,"{""num_rows"": ""2097152"", ""profile"": ""raw_shared_prefix_24_width_40""}"
main,pr1-p32-c512,end-to-end,sort_strings_workload,Device=0 min_width=0 max_width=32 num_rows=262144 workload=normal,0.6057359993457795,0.6053248047828673,0.6286991953849793,1.1102663698218105,10.811402320861816,"{""max_width"": ""32"", ""min_width"": ""0"", ""num_rows"": ""262144"", ""workload"": ""normal""}"
main,pr1-p32-c512,end-to-end,sort_strings_workload,Device=0 min_width=0 max_width=256 num_rows=262144 workload=normal,2.7112320184707643,2.7028736233711244,2.7437888026237482,4.590657273822213,33.687255859375,"{""max_width"": ""256"", ""min_width"": ""0"", ""num_rows"": ""262144"", ""workload"": ""normal""}"
main,pr1-p32-c512,end-to-end,sort_strings_workload,Device=0 min_width=0 max_width=32 num_rows=2097152 workload=normal,2.2896143913269045,2.286196792125702,2.319849598407745,0.5519250919978266,95.72902488708496,"{""max_width"": ""32"", ""min_width"": ""0"", ""num_rows"": ""2097152"", ""workload"": ""normal""}"
main,pr1-p32-c512,end-to-end,sort_strings_workload,Device=0 min_width=0 max_width=256 num_rows=2097152 workload=normal,15.899070453643798,15.867358350753785,16.01667833328247,5.80659099380928,269.3055658340454,"{""max_width"": ""256"", ""min_width"": ""0"", ""num_rows"": ""2097152"", ""workload"": ""normal""}"
main,pr1-p32-c512,end-to-end,sort_strings_workload,Device=0 min_width=0 max_width=32 num_rows=262144 workload=duplicates,0.8267135918140414,0.821931204199791,0.8358511984348296,2.3723736404264693,10.811402320861816,"{""max_width"": ""32"", ""min_width"": ""0"", ""num_rows"": ""262144"", ""workload"": ""duplicates""}"
main,pr1-p32-c512,end-to-end,sort_strings_workload,Device=0 min_width=0 max_width=256 num_rows=262144 workload=duplicates,4.499571204185486,4.499179196357728,4.591838383674622,0.8107052585287156,34.63582420349121,"{""max_width"": ""256"", ""min_width"": ""0"", ""num_rows"": ""262144"", ""workload"": ""duplicates""}"
main,pr1-p32-c512,end-to-end,sort_strings_workload,Device=0 min_width=0 max_width=32 num_rows=2097152 workload=duplicates,2.1844751954078667,2.181875240802765,2.205467176437378,0.6266400931161092,96.68649291992188,"{""max_width"": ""32"", ""min_width"": ""0"", ""num_rows"": ""2097152"", ""workload"": ""duplicates""}"
main,pr1-p32-c512,end-to-end,sort_strings_workload,Device=0 min_width=0 max_width=256 num_rows=2097152 workload=duplicates,14.281510400772097,14.269347190856934,14.28180637359619,0.3326154425643533,277.07898902893066,"{""max_width"": ""256"", ""min_width"": ""0"", ""num_rows"": ""2097152"", ""workload"": ""duplicates""}"
main,pr1-p32-c512,end-to-end,sort_strings_workload,Device=0 min_width=0 max_width=32 num_rows=262144 workload=shared_prefix,7.054401612281799,7.049008035659792,7.056881618499757,0.41366888180901784,10.811402320861816,"{""max_width"": ""32"", ""min_width"": ""0"", ""num_rows"": ""262144"", ""workload"": ""shared_prefix""}"
main,pr1-p32-c512,end-to-end,sort_strings_workload,Device=0 min_width=0 max_width=256 num_rows=262144 workload=shared_prefix,49.27484970092773,49.265083312988274,49.27618103027345,0.05192406152860535,65.03126335144043,"{""max_width"": ""256"", ""min_width"": ""0"", ""num_rows"": ""262144"", ""workload"": ""shared_prefix""}"
main,pr1-p32-c512,end-to-end,sort_strings_workload,Device=0 min_width=0 max_width=32 num_rows=2097152 workload=shared_prefix,67.80730476379394,67.80017051696777,67.83133201599121,0.025602089349730038,120.06652927398682,"{""max_width"": ""32"", ""min_width"": ""0"", ""num_rows"": ""2097152"", ""workload"": ""shared_prefix""}"
main,pr1-p32-c512,end-to-end,sort_strings_workload,Device=0 min_width=0 max_width=256 num_rows=2097152 workload=shared_prefix,531.8784393310547,531.8336791992186,532.0250915527345,0.014471254238767781,520.2527341842651,"{""max_width"": ""256"", ""min_width"": ""0"", ""num_rows"": ""2097152"", ""workload"": ""shared_prefix""}"
main,pr1-p32-c512,end-to-end,sort_strings_workload,Device=0 min_width=0 max_width=32 num_rows=262144 workload=variable,0.45709599852561955,0.45195199996233,0.4710896000266076,1.3010362651588054,10.811402320861816,"{""max_width"": ""32"", ""min_width"": ""0"", ""num_rows"": ""262144"", ""workload"": ""variable""}"
main,pr1-p32-c512,end-to-end,sort_strings_workload,Device=0 min_width=0 max_width=256 num_rows=262144 workload=variable,0.5565247982740401,0.5515935957431793,0.5720608055591584,2.201921991128651,34.01968002319336,"{""max_width"": ""256"", ""min_width"": ""0"", ""num_rows"": ""262144"", ""workload"": ""variable""}"
main,pr1-p32-c512,end-to-end,sort_strings_workload,Device=0 min_width=0 max_width=32 num_rows=2097152 workload=variable,1.2453791856765748,1.2445407986640933,1.2792608082294463,3.8751811247020247,96.05874729156494,"{""max_width"": ""32"", ""min_width"": ""0"", ""num_rows"": ""2097152"", ""workload"": ""variable""}"
main,pr1-p32-c512,end-to-end,sort_strings_workload,Device=0 min_width=0 max_width=256 num_rows=2097152 workload=variable,1.3679888010025023,1.364678388834,1.3826063930988315,1.618833971945633,272.17790508270264,"{""max_width"": ""256"", ""min_width"": ""0"", ""num_rows"": ""2097152"", ""workload"": ""variable""}"
main,pr1-p32-c4096,pr-diagnostics,sorted_order_strings_segmented_diagnostics,Device=0 num_rows=262144 profile=finish_257,0.34190080165863046,0.34054560065269474,0.3435072004795074,1.11392781888404,9.804346084594727,"{""num_rows"": ""262144"", ""profile"": ""finish_257""}"
main,pr1-p32-c4096,pr-diagnostics,sorted_order_strings_segmented_diagnostics,Device=0 num_rows=2097152 profile=finish_257,0.5367007970809937,0.5321055978536606,0.5376208007335664,1.146629783085842,78.37270545959473,"{""num_rows"": ""2097152"", ""profile"": ""finish_257""}"
main,pr1-p32-c4096,pr-diagnostics,sorted_order_strings_segmented_diagnostics,Device=0 num_rows=262144 profile=finish_1024,0.38836479932069784,0.38790080100297925,0.3910559982061385,1.5051732219250302,9.804365158081055,"{""num_rows"": ""262144"", ""profile"": ""finish_1024""}"
main,pr1-p32-c4096,pr-diagnostics,sorted_order_strings_segmented_diagnostics,Device=0 num_rows=2097152 profile=finish_1024,0.5807920008897781,0.5767264038324357,0.5823215991258621,1.3824777344290977,78.37272453308105,"{""num_rows"": ""2097152"", ""profile"": ""finish_1024""}"
main,pr1-p32-c4096,pr-diagnostics,sorted_order_strings_segmented_diagnostics,Device=0 num_rows=262144 profile=finish_4096,0.5269295990467072,0.5150960028171538,0.5365984052419663,4.983596719153902,9.80456829071045,"{""num_rows"": ""262144"", ""profile"": ""finish_4096""}"
main,pr1-p32-c4096,pr-diagnostics,sorted_order_strings_segmented_diagnostics,Device=0 num_rows=2097152 profile=finish_4096,0.7349087923765183,0.7348527967929839,0.7425567954778671,1.5702833501647842,78.37292766571045,"{""num_rows"": ""2097152"", ""profile"": ""finish_4096""}"
main,pr1-p32-c4096,pr-diagnostics,sorted_order_strings_segmented_diagnostics,Device=0 num_rows=262144 profile=active_50,1.4488111972808837,1.4487504005432128,1.4516960084438326,0.3065232911572278,9.80456829071045,"{""num_rows"": ""262144"", ""profile"": ""active_50""}"
main,pr1-p32-c4096,pr-diagnostics,sorted_order_strings_segmented_diagnostics,Device=0 num_rows=2097152 profile=active_50,10.865468788146973,10.865257549285888,10.866089582443237,0.10137278276582924,78.37292766571045,"{""num_rows"": ""2097152"", ""profile"": ""active_50""}"
main,pr1-p32-c4096,pr-diagnostics,sorted_order_strings_segmented_diagnostics,Device=0 num_rows=262144 profile=active_10,0.5270576000213623,0.5224128007888793,0.5286720037460327,1.183348945306176,9.80456829071045,"{""num_rows"": ""262144"", ""profile"": ""active_10""}"
main,pr1-p32-c4096,pr-diagnostics,sorted_order_strings_segmented_diagnostics,Device=0 num_rows=2097152 profile=active_10,2.430219197273255,2.429489600658417,2.4337279915809633,0.2778524168352522,78.37292766571045,"{""num_rows"": ""2097152"", ""profile"": ""active_10""}"
main,pr1-p32-c4096,pr-diagnostics,sorted_order_strings_segmented_diagnostics,Device=0 num_rows=262144 profile=active_1,0.3056400001049041,0.30432800054550174,0.30665600150823596,3.4372427610905874,9.804441452026367,"{""num_rows"": ""262144"", ""profile"": ""active_1""}"
main,pr1-p32-c4096,pr-diagnostics,sorted_order_strings_segmented_diagnostics,Device=0 num_rows=2097152 profile=active_1,0.6773663997650146,0.6731472015380858,0.7046336054801942,20.025474726335606,78.37292766571045,"{""num_rows"": ""2097152"", ""profile"": ""active_1""}"
main,pr1-p32-c4096,pr-diagnostics,sorted_order_strings_segmented_diagnostics,Device=0 num_rows=262144 profile=active_0_1,0.2824975997209549,0.27717440277338024,0.2833279997110367,1.5627495250076635,9.804346084594727,"{""num_rows"": ""262144"", ""profile"": ""active_0_1""}"
main,pr1-p32-c4096,pr-diagnostics,sorted_order_strings_segmented_diagnostics,Device=0 num_rows=2097152 profile=active_0_1,0.48124479949474336,0.47891519963741297,0.49118559807538986,7.604698493256937,78.37278175354004,"{""num_rows"": ""2097152"", ""profile"": ""active_0_1""}"
main,pr1-p32-c4096,pr-diagnostics,sorted_order_strings_segmented_diagnostics,Device=0 num_rows=262144 profile=duplicates_6,0.21670080199837688,0.21208160072565083,0.22170399874448773,4.061503770312604,10.804566383361816,"{""num_rows"": ""262144"", ""profile"": ""duplicates_6""}"
main,pr1-p32-c4096,pr-diagnostics,sorted_order_strings_segmented_diagnostics,Device=0 num_rows=2097152 profile=duplicates_6,0.38085920214653,0.3806367993354798,0.3821359992027283,1.4053434932230526,86.37292575836182,"{""num_rows"": ""2097152"", ""profile"": ""duplicates_6""}"
main,pr1-p32-c4096,pr-diagnostics,sorted_order_strings_segmented_diagnostics,Device=0 num_rows=262144 profile=duplicates_8,0.21679999828338617,0.21332800164818763,0.2170383989810944,2.1373715965500697,10.804566383361816,"{""num_rows"": ""262144"", ""profile"": ""duplicates_8""}"
main,pr1-p32-c4096,pr-diagnostics,sorted_order_strings_segmented_diagnostics,Device=0 num_rows=2097152 profile=duplicates_8,0.3853679999709128,0.3849984019994736,0.38565120100975037,1.3902811840866118,86.37292575836182,"{""num_rows"": ""2097152"", ""profile"": ""duplicates_8""}"
main,pr1-p32-c4096,pr-diagnostics,sorted_order_strings_segmented_diagnostics,Device=0 num_rows=262144 profile=duplicates_12,0.3328512012958526,0.33174559921026237,0.33412959575653073,1.1027741717918786,10.804566383361816,"{""num_rows"": ""262144"", ""profile"": ""duplicates_12""}"
main,pr1-p32-c4096,pr-diagnostics,sorted_order_strings_segmented_diagnostics,Device=0 num_rows=2097152 profile=duplicates_12,0.9142912030220031,0.9112911999225616,0.9177008002996445,0.9458812722784093,86.37292575836182,"{""num_rows"": ""2097152"", ""profile"": ""duplicates_12""}"
main,pr1-p32-c4096,pr-diagnostics,sorted_order_strings_segmented_diagnostics,Device=0 num_rows=262144 profile=duplicates_16,0.33408479988574985,0.33235840052366256,0.3345376014709472,0.9709157479422326,10.804566383361816,"{""num_rows"": ""262144"", ""profile"": ""duplicates_16""}"
main,pr1-p32-c4096,pr-diagnostics,sorted_order_strings_segmented_diagnostics,Device=0 num_rows=2097152 profile=duplicates_16,0.9154991984367371,0.9128559947013855,0.9167263954877855,1.0722515122481062,86.37292575836182,"{""num_rows"": ""2097152"", ""profile"": ""duplicates_16""}"
main,pr1-p32-c4096,pr-diagnostics,sorted_order_strings_segmented_diagnostics,Device=0 num_rows=262144 profile=duplicates_24,0.4510080009698868,0.44694400131702405,0.4565855965018272,1.2736488255142617,10.804566383361816,"{""num_rows"": ""262144"", ""profile"": ""duplicates_24""}"
main,pr1-p32-c4096,pr-diagnostics,sorted_order_strings_segmented_diagnostics,Device=0 num_rows=2097152 profile=duplicates_24,1.4510127961635588,1.4442528069019318,1.4525439918041234,0.6680101317906205,86.37292575836182,"{""num_rows"": ""2097152"", ""profile"": ""duplicates_24""}"
main,pr1-p32-c4096,pr-diagnostics,sorted_order_strings_segmented_diagnostics,Device=0 num_rows=262144 profile=duplicates_32,0.5670239984989165,0.5574047952890395,0.5679984033107758,0.7063406519714799,10.804566383361816,"{""num_rows"": ""262144"", ""profile"": ""duplicates_32""}"
main,pr1-p32-c4096,pr-diagnostics,sorted_order_strings_segmented_diagnostics,Device=0 num_rows=2097152 profile=duplicates_32,2.019467210769653,2.015417587757111,2.022523188591003,2.2346017799683047,86.37292575836182,"{""num_rows"": ""2097152"", ""profile"": ""duplicates_32""}"
main,pr1-p32-c4096,pr-diagnostics,sorted_order_strings_segmented_diagnostics,Device=0 num_rows=262144 profile=rle_misaligned,9.191569566726686,9.183259201049804,9.19680962562561,0.08495181428013637,10.907598495483398,"{""num_rows"": ""262144"", ""profile"": ""rle_misaligned""}"
main,pr1-p32-c4096,pr-diagnostics,sorted_order_strings_segmented_diagnostics,Device=0 num_rows=2097152 profile=rle_misaligned,91.85361595153812,91.8510025024414,91.85371818542482,0.04563957734030451,86.37292575836182,"{""num_rows"": ""2097152"", ""profile"": ""rle_misaligned""}"
main,pr2-p32-c4096,constant,sorted_order_strings_prefixes,Device=0 num_rows=262144 prefix_width=32 suffix_width=0 prefix_cardinality=1,4.617603158950805,4.617543983459473,4.620542359352111,0.3223735731533774,9.80456829071045,"{""num_rows"": ""262144"", ""prefix_cardinality"": ""1"", ""prefix_width"": ""32"", ""suffix_width"": ""0""}"
main,pr2-p32-c4096,constant,sorted_order_strings_prefixes,Device=0 num_rows=2097152 prefix_width=32 suffix_width=0 prefix_cardinality=1,49.78126735687256,49.77630691528321,49.862962913513186,0.8089494400424335,78.37292766571045,"{""num_rows"": ""2097152"", ""prefix_cardinality"": ""1"", ""prefix_width"": ""32"", ""suffix_width"": ""0""}"
main,pr2-p32-c128,pr-workload,sorted_order_strings_workload,Device=0 min_width=0 max_width=32 num_rows=32768 workload=normal,0.3405024021863936,0.3404671981930733,0.343427200615406,2.0254908849169797,1.3621835708618164,"{""max_width"": ""32"", ""min_width"": ""0"", ""num_rows"": ""32768"", ""workload"": ""normal""}"
main,pr2-p32-c128,pr-workload,sorted_order_strings_workload,Device=0 min_width=0 max_width=64 num_rows=32768 workload=normal,0.3967823997139931,0.3947727978229522,0.4033007994294167,2.4707338122273046,1.3621835708618164,"{""max_width"": ""64"", ""min_width"": ""0"", ""num_rows"": ""32768"", ""workload"": ""normal""}"
main,pr2-p32-c128,pr-workload,sorted_order_strings_workload,Device=0 min_width=0 max_width=128 num_rows=32768 workload=normal,0.49451680183410646,0.48863839805126186,0.49623839855194096,0.9704990491113501,1.3621835708618164,"{""max_width"": ""128"", ""min_width"": ""0"", ""num_rows"": ""32768"", ""workload"": ""normal""}"
main,pr2-p32-c128,pr-workload,sorted_order_strings_workload,Device=0 min_width=0 max_width=256 num_rows=32768 workload=normal,0.6329231917858124,0.6321839958429336,0.634595200419426,0.9294532833945272,1.3621835708618164,"{""max_width"": ""256"", ""min_width"": ""0"", ""num_rows"": ""32768"", ""workload"": ""normal""}"
main,pr2-p32-c128,pr-workload,sorted_order_strings_workload,Device=0 min_width=0 max_width=32 num_rows=262144 workload=normal,0.8771359980106354,0.8718640059232711,0.8791295975446702,3.4577018703048643,10.834839820861816,"{""max_width"": ""32"", ""min_width"": ""0"", ""num_rows"": ""262144"", ""workload"": ""normal""}"
main,pr2-p32-c128,pr-workload,sorted_order_strings_workload,Device=0 min_width=0 max_width=64 num_rows=262144 workload=normal,1.5399168014526368,1.5378752112388605,1.5430208086967465,0.8821635653218227,10.834839820861816,"{""max_width"": ""64"", ""min_width"": ""0"", ""num_rows"": ""262144"", ""workload"": ""normal""}"
main,pr2-p32-c128,pr-workload,sorted_order_strings_workload,Device=0 min_width=0 max_width=128 num_rows=262144 workload=normal,2.9670927882194515,2.9621920228004455,2.967888009548187,1.7182621897178796,10.834839820861816,"{""max_width"": ""128"", ""min_width"": ""0"", ""num_rows"": ""262144"", ""workload"": ""normal""}"
main,pr2-p32-c128,pr-workload,sorted_order_strings_workload,Device=0 min_width=0 max_width=256 num_rows=262144 workload=normal,5.892860794067383,5.8901087760925295,5.900524830818177,0.7940395965523953,10.834839820861816,"{""max_width"": ""256"", ""min_width"": ""0"", ""num_rows"": ""262144"", ""workload"": ""normal""}"
main,pr2-p32-c128,pr-workload,sorted_order_strings_workload,Device=0 min_width=0 max_width=32 num_rows=2097152 workload=normal,1.7729599952697752,1.7693376004695887,1.7780736148357394,1.576771378142243,86.61511325836182,"{""max_width"": ""32"", ""min_width"": ""0"", ""num_rows"": ""2097152"", ""workload"": ""normal""}"
main,pr2-p32-c128,pr-workload,sorted_order_strings_workload,Device=0 min_width=0 max_width=64 num_rows=2097152 workload=normal,3.6308143973350524,3.6264752030372622,3.6314127802848817,14.547648990960353,86.61511325836182,"{""max_width"": ""64"", ""min_width"": ""0"", ""num_rows"": ""2097152"", ""workload"": ""normal""}"
main,pr2-p32-c128,pr-workload,sorted_order_strings_workload,Device=0 min_width=0 max_width=128 num_rows=2097152 workload=normal,6.886031985282898,6.876391983032228,6.894822430610656,0.4585045295976158,86.61511325836182,"{""max_width"": ""128"", ""min_width"": ""0"", ""num_rows"": ""2097152"", ""workload"": ""normal""}"
main,pr2-p32-c128,pr-workload,sorted_order_strings_workload,Device=0 min_width=0 max_width=256 num_rows=2097152 workload=normal,13.704263925552368,13.69677906036377,13.715591859817504,0.627683577971878,86.61511325836182,"{""max_width"": ""256"", ""min_width"": ""0"", ""num_rows"": ""2097152"", ""workload"": ""normal""}"
main,pr2-p32-c128,pr-workload,sorted_order_strings_workload,Device=0 min_width=0 max_width=32 num_rows=32768 workload=duplicates,0.5719199895858764,0.571377605199814,0.5753760039806366,2.4663721020023073,1.3621835708618164,"{""max_width"": ""32"", ""min_width"": ""0"", ""num_rows"": ""32768"", ""workload"": ""duplicates""}"
main,pr2-p32-c128,pr-workload,sorted_order_strings_workload,Device=0 min_width=0 max_width=64 num_rows=32768 workload=duplicates,0.9239679962396621,0.921532800793648,0.9349536001682281,5.838043855143961,1.3621835708618164,"{""max_width"": ""64"", ""min_width"": ""0"", ""num_rows"": ""32768"", ""workload"": ""duplicates""}"
main,pr2-p32-c128,pr-workload,sorted_order_strings_workload,Device=0 min_width=0 max_width=128 num_rows=32768 workload=duplicates,1.7175471961498259,1.7126047968864442,1.7230319857597347,1.8053308323594517,1.3621835708618164,"{""max_width"": ""128"", ""min_width"": ""0"", ""num_rows"": ""32768"", ""workload"": ""duplicates""}"
main,pr2-p32-c128,pr-workload,sorted_order_strings_workload,Device=0 min_width=0 max_width=256 num_rows=32768 workload=duplicates,3.2830864071846007,3.282436788082123,3.2889440059661865,1.1778180721647704,1.3621835708618164,"{""max_width"": ""256"", ""min_width"": ""0"", ""num_rows"": ""32768"", ""workload"": ""duplicates""}"
main,pr2-p32-c128,pr-workload,sorted_order_strings_workload,Device=0 min_width=0 max_width=32 num_rows=262144 workload=duplicates,0.7285695940256119,0.7267631947994233,0.7298432022333146,0.9070231038764512,10.834839820861816,"{""max_width"": ""32"", ""min_width"": ""0"", ""num_rows"": ""262144"", ""workload"": ""duplicates""}"
main,pr2-p32-c128,pr-workload,sorted_order_strings_workload,Device=0 min_width=0 max_width=64 num_rows=262144 workload=duplicates,1.1695935964584352,1.1671536087989811,1.172630399465561,1.0360759691243313,10.834839820861816,"{""max_width"": ""64"", ""min_width"": ""0"", ""num_rows"": ""262144"", ""workload"": ""duplicates""}"
main,pr2-p32-c128,pr-workload,sorted_order_strings_workload,Device=0 min_width=0 max_width=128 num_rows=262144 workload=duplicates,2.2162879943847655,2.203884792327881,2.2199024319648744,0.9472665975684222,10.834839820861816,"{""max_width"": ""128"", ""min_width"": ""0"", ""num_rows"": ""262144"", ""workload"": ""duplicates""}"
main,pr2-p32-c128,pr-workload,sorted_order_strings_workload,Device=0 min_width=0 max_width=256 num_rows=262144 workload=duplicates,4.367940831184388,4.354259204864502,4.36816954612732,1.282754313518061,10.834839820861816,"{""max_width"": ""256"", ""min_width"": ""0"", ""num_rows"": ""262144"", ""workload"": ""duplicates""}"
main,pr2-p32-c128,pr-workload,sorted_order_strings_workload,Device=0 min_width=0 max_width=32 num_rows=2097152 workload=duplicates,1.7717375934123991,1.767331200838089,1.7738031923770905,0.7469595873112824,86.61511325836182,"{""max_width"": ""32"", ""min_width"": ""0"", ""num_rows"": ""2097152"", ""workload"": ""duplicates""}"
main,pr2-p32-c128,pr-workload,sorted_order_strings_workload,Device=0 min_width=0 max_width=64 num_rows=2097152 workload=duplicates,3.3454447865486148,3.3420304179191596,3.3481040000915536,1.5502136522925187,86.61511325836182,"{""max_width"": ""64"", ""min_width"": ""0"", ""num_rows"": ""2097152"", ""workload"": ""duplicates""}"
main,pr2-p32-c128,pr-workload,sorted_order_strings_workload,Device=0 min_width=0 max_width=128 num_rows=2097152 workload=duplicates,6.738271975517271,6.7349839925766,6.744623970985413,0.4001453060362279,86.61511325836182,"{""max_width"": ""128"", ""min_width"": ""0"", ""num_rows"": ""2097152"", ""workload"": ""duplicates""}"
main,pr2-p32-c128,pr-workload,sorted_order_strings_workload,Device=0 min_width=0 max_width=256 num_rows=2097152 workload=duplicates,13.75169439315796,13.745239973068239,13.76189441680908,0.44870947057468896,86.61511325836182,"{""max_width"": ""256"", ""min_width"": ""0"", ""num_rows"": ""2097152"", ""workload"": ""duplicates""}"
main,pr2-p32-c128,pr-workload,sorted_order_strings_workload,Device=0 min_width=0 max_width=32 num_rows=32768 workload=shared_prefix,1.30272319316864,1.3020976126194,1.3037312030792239,0.46073888996657597,1.3621835708618164,"{""max_width"": ""32"", ""min_width"": ""0"", ""num_rows"": ""32768"", ""workload"": ""shared_prefix""}"
main,pr2-p32-c128,pr-workload,sorted_order_strings_workload,Device=0 min_width=0 max_width=64 num_rows=32768 workload=shared_prefix,2.3534224033355717,2.352470374107361,2.355983972549438,0.24298286989518442,1.3621835708618164,"{""max_width"": ""64"", ""min_width"": ""0"", ""num_rows"": ""32768"", ""workload"": ""shared_prefix""}"
main,pr2-p32-c128,pr-workload,sorted_order_strings_workload,Device=0 min_width=0 max_width=128 num_rows=32768 workload=shared_prefix,4.459587168693543,4.458884859085083,4.466385650634766,0.7212695422135734,1.3621835708618164,"{""max_width"": ""128"", ""min_width"": ""0"", ""num_rows"": ""32768"", ""workload"": ""shared_prefix""}"
main,pr2-p32-c128,pr-workload,sorted_order_strings_workload,Device=0 min_width=0 max_width=256 num_rows=32768 workload=shared_prefix,8.652604675292968,8.650990390777588,8.656468772888182,0.38666820381491557,1.3621835708618164,"{""max_width"": ""256"", ""min_width"": ""0"", ""num_rows"": ""32768"", ""workload"": ""shared_prefix""}"
main,pr2-p32-c128,pr-workload,sorted_order_strings_workload,Device=0 min_width=0 max_width=32 num_rows=262144 workload=shared_prefix,6.925132822990417,6.924651193618773,6.929502391815186,0.2798391409600195,10.834839820861816,"{""max_width"": ""32"", ""min_width"": ""0"", ""num_rows"": ""262144"", ""workload"": ""shared_prefix""}"
main,pr2-p32-c128,pr-workload,sorted_order_strings_workload,Device=0 min_width=0 max_width=64 num_rows=262144 workload=shared_prefix,12.834376049041746,12.832795190811158,12.834707307815552,0.23957018444959963,10.834839820861816,"{""max_width"": ""64"", ""min_width"": ""0"", ""num_rows"": ""262144"", ""workload"": ""shared_prefix""}"
main,pr2-p32-c128,pr-workload,sorted_order_strings_workload,Device=0 min_width=0 max_width=128 num_rows=262144 workload=shared_prefix,24.905401420593265,24.901033782958987,24.91057929992676,0.13857122775227182,10.834839820861816,"{""max_width"": ""128"", ""min_width"": ""0"", ""num_rows"": ""262144"", ""workload"": ""shared_prefix""}"
main,pr2-p32-c128,pr-workload,sorted_order_strings_workload,Device=0 min_width=0 max_width=256 num_rows=262144 workload=shared_prefix,49.09035358428955,49.080397033691405,49.096235084533696,0.14488928336430104,10.834839820861816,"{""max_width"": ""256"", ""min_width"": ""0"", ""num_rows"": ""262144"", ""workload"": ""shared_prefix""}"
main,pr2-p32-c128,pr-workload,sorted_order_strings_workload,Device=0 min_width=0 max_width=32 num_rows=2097152 workload=shared_prefix,67.25162582397459,67.24680252075197,67.25849609375001,0.058761100286739,86.61511325836182,"{""max_width"": ""32"", ""min_width"": ""0"", ""num_rows"": ""2097152"", ""workload"": ""shared_prefix""}"
main,pr2-p32-c128,pr-workload,sorted_order_strings_workload,Device=0 min_width=0 max_width=64 num_rows=2097152 workload=shared_prefix,133.40068588256838,133.39276962280275,133.40077896118166,0.027886788876933036,86.61511325836182,"{""max_width"": ""64"", ""min_width"": ""0"", ""num_rows"": ""2097152"", ""workload"": ""shared_prefix""}"
main,pr2-p32-c128,pr-workload,sorted_order_strings_workload,Device=0 min_width=0 max_width=128 num_rows=2097152 workload=shared_prefix,265.8855209350587,265.8776947021485,265.8875915527343,0.014877290357396681,86.61511325836182,"{""max_width"": ""128"", ""min_width"": ""0"", ""num_rows"": ""2097152"", ""workload"": ""shared_prefix""}"
main,pr2-p32-c128,pr-workload,sorted_order_strings_workload,Device=0 min_width=0 max_width=256 num_rows=2097152 workload=shared_prefix,531.0895416259765,531.0771392822265,531.1122528076171,0.010244465734207378,86.61511325836182,"{""max_width"": ""256"", ""min_width"": ""0"", ""num_rows"": ""2097152"", ""workload"": ""shared_prefix""}"
main,pr2-p32-c128,pr-workload,sorted_order_strings_workload,Device=0 min_width=0 max_width=32 num_rows=32768 workload=variable,0.3178479984402656,0.31576479971408855,0.3194800019264221,4.010944195334807,1.3621835708618164,"{""max_width"": ""32"", ""min_width"": ""0"", ""num_rows"": ""32768"", ""workload"": ""variable""}"
main,pr2-p32-c128,pr-workload,sorted_order_strings_workload,Device=0 min_width=0 max_width=64 num_rows=32768 workload=variable,0.3299167975783348,0.32919040024280544,0.33041440099477765,1.3846644335846903,1.3621835708618164,"{""max_width"": ""64"", ""min_width"": ""0"", ""num_rows"": ""32768"", ""workload"": ""variable""}"
main,pr2-p32-c128,pr-workload,sorted_order_strings_workload,Device=0 min_width=0 max_width=128 num_rows=32768 workload=variable,0.35306880027055737,0.3523936033248902,0.35404480397701266,0.7211268909309886,1.3621835708618164,"{""max_width"": ""128"", ""min_width"": ""0"", ""num_rows"": ""32768"", ""workload"": ""variable""}"
main,pr2-p32-c128,pr-workload,sorted_order_strings_workload,Device=0 min_width=0 max_width=256 num_rows=32768 workload=variable,0.37992639839649206,0.3791040003299714,0.3799967989325524,0.8380742157123804,1.3621835708618164,"{""max_width"": ""256"", ""min_width"": ""0"", ""num_rows"": ""32768"", ""workload"": ""variable""}"
main,pr2-p32-c128,pr-workload,sorted_order_strings_workload,Device=0 min_width=0 max_width=32 num_rows=262144 workload=variable,0.34875679910182955,0.34785279780626294,0.3491711989045143,0.9751018485284051,10.834839820861816,"{""max_width"": ""32"", ""min_width"": ""0"", ""num_rows"": ""262144"", ""workload"": ""variable""}"
main,pr2-p32-c128,pr-workload,sorted_order_strings_workload,Device=0 min_width=0 max_width=64 num_rows=262144 workload=variable,0.35598399639129646,0.35582240223884587,0.3564352005720139,0.842392612473324,10.834839820861816,"{""max_width"": ""64"", ""min_width"": ""0"", ""num_rows"": ""262144"", ""workload"": ""variable""}"
main,pr2-p32-c128,pr-workload,sorted_order_strings_workload,Device=0 min_width=0 max_width=128 num_rows=262144 workload=variable,0.3754655972123146,0.3740383997559547,0.3759440004825592,1.1533017771547214,10.834839820861816,"{""max_width"": ""128"", ""min_width"": ""0"", ""num_rows"": ""262144"", ""workload"": ""variable""}"
main,pr2-p32-c128,pr-workload,sorted_order_strings_workload,Device=0 min_width=0 max_width=256 num_rows=262144 workload=variable,0.42464960068464286,0.4228016018867493,0.4269567996263504,0.8854216695071467,10.834839820861816,"{""max_width"": ""256"", ""min_width"": ""0"", ""num_rows"": ""262144"", ""workload"": ""variable""}"
main,pr2-p32-c128,pr-workload,sorted_order_strings_workload,Device=0 min_width=0 max_width=32 num_rows=2097152 workload=variable,0.8571583956480027,0.8570544004440307,0.8581072002649308,1.0325220451704027,86.61511325836182,"{""max_width"": ""32"", ""min_width"": ""0"", ""num_rows"": ""2097152"", ""workload"": ""variable""}"
main,pr2-p32-c128,pr-workload,sorted_order_strings_workload,Device=0 min_width=0 max_width=64 num_rows=2097152 workload=variable,0.8228831976652143,0.8210031986236573,0.8233856081962586,0.878645886453071,86.61511325836182,"{""max_width"": ""64"", ""min_width"": ""0"", ""num_rows"": ""2097152"", ""workload"": ""variable""}"
main,pr2-p32-c128,pr-workload,sorted_order_strings_workload,Device=0 min_width=0 max_width=128 num_rows=2097152 workload=variable,0.8109743982553482,0.8104656010866166,0.8118224024772647,0.6936459019332544,86.61511325836182,"{""max_width"": ""128"", ""min_width"": ""0"", ""num_rows"": ""2097152"", ""workload"": ""variable""}"
main,pr2-p32-c128,pr-workload,sorted_order_strings_workload,Device=0 min_width=0 max_width=256 num_rows=2097152 workload=variable,0.7824095964431763,0.7820960015058519,0.7838479936122893,0.5350116771473677,86.61511325836182,"{""max_width"": ""256"", ""min_width"": ""0"", ""num_rows"": ""2097152"", ""workload"": ""variable""}"
control,old-r8-control,main,sorted_order_strings,Device=0 min_width=1 max_width=8 num_rows=32768,0.16874560117721557,0.16113280057907103,0.1691344000399113,2.23420941301956,1.1391592025756836,"{""max_width"": ""8"", ""min_width"": ""1"", ""num_rows"": ""32768""}"
control,old-r8-control,main,sorted_order_strings,Device=0 min_width=1 max_width=32 num_rows=32768,0.20292159840464588,0.19805439859628673,0.20344480127096173,2.36255620973495,1.1391592025756836,"{""max_width"": ""32"", ""min_width"": ""1"", ""num_rows"": ""32768""}"
control,old-r8-control,main,sorted_order_strings,Device=0 min_width=1 max_width=64 num_rows=32768,0.23391520082950598,0.23027519881725314,0.23474080115556717,2.135297298843124,1.1391592025756836,"{""max_width"": ""64"", ""min_width"": ""1"", ""num_rows"": ""32768""}"
control,old-r8-control,main,sorted_order_strings,Device=0 min_width=1 max_width=128 num_rows=32768,0.3029104024171829,0.29925920218229296,0.30319839864969256,0.5549807193102726,1.1391592025756836,"{""max_width"": ""128"", ""min_width"": ""1"", ""num_rows"": ""32768""}"
control,old-r8-control,main,sorted_order_strings,Device=0 min_width=1 max_width=256 num_rows=32768,0.44779680222272883,0.44012959748506547,0.44934560209512725,1.0166442920855658,1.1391592025756836,"{""max_width"": ""256"", ""min_width"": ""1"", ""num_rows"": ""32768""}"
control,old-r8-control,main,sorted_order_strings,Device=0 min_width=1 max_width=8 num_rows=262144,0.2637471988797188,0.2597375988960266,0.2643504038453102,1.0704710501268082,9.053221702575684,"{""max_width"": ""8"", ""min_width"": ""1"", ""num_rows"": ""262144""}"
control,old-r8-control,main,sorted_order_strings,Device=0 min_width=1 max_width=32 num_rows=262144,0.39681919962167744,0.39220800101757053,0.39701599925756453,1.1523789236481352,9.053221702575684,"{""max_width"": ""32"", ""min_width"": ""1"", ""num_rows"": ""262144""}"
control,old-r8-control,main,sorted_order_strings,Device=0 min_width=1 max_width=64 num_rows=262144,0.5367184042930603,0.5280559986829758,0.5371327936649323,1.3807426720245035,9.053221702575684,"{""max_width"": ""64"", ""min_width"": ""1"", ""num_rows"": ""262144""}"
control,old-r8-control,main,sorted_order_strings,Device=0 min_width=1 max_width=128 num_rows=262144,0.8662288010120391,0.863288003206253,0.8682160079479216,2.187396557510023,9.053221702575684,"{""max_width"": ""128"", ""min_width"": ""1"", ""num_rows"": ""262144""}"
control,old-r8-control,main,sorted_order_strings,Device=0 min_width=1 max_width=256 num_rows=262144,1.5546016097068784,1.5467647910118105,1.556038403511047,2.0744949374967385,9.053221702575684,"{""max_width"": ""256"", ""min_width"": ""1"", ""num_rows"": ""262144""}"
control,old-r8-control,main,sorted_order_strings,Device=0 min_width=1 max_width=8 num_rows=2097152,0.6648543983697891,0.6612207949161529,0.6660480082035065,0.5887372374626724,72.36474514007568,"{""max_width"": ""8"", ""min_width"": ""1"", ""num_rows"": ""2097152""}"
control,old-r8-control,main,sorted_order_strings,Device=0 min_width=1 max_width=32 num_rows=2097152,1.375475198030472,1.3727824032306672,1.3913376092910767,2.0119823632380114,72.36474514007568,"{""max_width"": ""32"", ""min_width"": ""1"", ""num_rows"": ""2097152""}"
control,old-r8-control,main,sorted_order_strings,Device=0 min_width=1 max_width=64 num_rows=2097152,2.0788128137588506,2.0570991992950445,2.084297597408295,2.3468774156989487,72.36474514007568,"{""max_width"": ""64"", ""min_width"": ""1"", ""num_rows"": ""2097152""}"
control,old-r8-control,main,sorted_order_strings,Device=0 min_width=1 max_width=128 num_rows=2097152,3.7563199996948247,3.753100824356079,3.7801887989044194,3.395286760496269,72.36474514007568,"{""max_width"": ""128"", ""min_width"": ""1"", ""num_rows"": ""2097152""}"
control,old-r8-control,main,sorted_order_strings,Device=0 min_width=1 max_width=256 num_rows=2097152,8.031374382972718,8.013332819938658,8.101489520072937,3.0769879202131656,72.36474514007568,"{""max_width"": ""256"", ""min_width"": ""1"", ""num_rows"": ""2097152""}"
control,old-r8-control,main,sorted_order_strings,Device=0 min_width=1 max_width=8 num_rows=16777216,4.701337623596192,4.69923038482666,4.701505613327027,0.23535094039957025,578.8530263900757,"{""max_width"": ""8"", ""min_width"": ""1"", ""num_rows"": ""16777216""}"
control,old-r8-control,main,sorted_order_strings,Device=0 min_width=1 max_width=32 num_rows=16777216,10.382547187805176,10.363531255722046,10.385636854171754,0.8858313084355276,578.8530263900757,"{""max_width"": ""32"", ""min_width"": ""1"", ""num_rows"": ""16777216""}"
control,old-r8-control,main,sorted_order_strings,Device=0 min_width=1 max_width=64 num_rows=16777216,15.957900667190554,15.91535210609436,15.964755249023442,0.9166944336850308,578.8530263900757,"{""max_width"": ""64"", ""min_width"": ""1"", ""num_rows"": ""16777216""}"
control,old-r8-control,main,sorted_order_strings,Device=0 min_width=1 max_width=128 num_rows=16777216,29.408787250518802,29.323902416229252,29.458681583404545,1.0090012938791646,578.8530263900757,"{""max_width"": ""128"", ""min_width"": ""1"", ""num_rows"": ""16777216""}"
control,old-r8-control,main,sorted_order_strings,Device=0 min_width=1 max_width=256 num_rows=16777216,58.888536262512204,58.715876960754386,59.048583984375,0.8823667129601082,578.8530263900757,"{""max_width"": ""256"", ""min_width"": ""1"", ""num_rows"": ""16777216""}"
control,old-r8-control,main,sorted_order_strings_distribution,Device=0 num_rows=262144 profile=cardinality_1_width_32,0.007931199995800853,0.007668799976818266,0.008128000027500094,8.765680946982904,1.0,"{""num_rows"": ""262144"", ""profile"": ""cardinality_1_width_32""}"
control,old-r8-control,main,sorted_order_strings_distribution,Device=0 num_rows=2097152 profile=cardinality_1_width_32,0.008812799863517285,0.008619199972599747,0.008920000120997432,10.781447675838404,8.0,"{""num_rows"": ""2097152"", ""profile"": ""cardinality_1_width_32""}"
control,old-r8-control,main,sorted_order_strings_distribution,Device=0 num_rows=262144 profile=cardinality_64_width_128,0.9923776090145111,0.9906527876853942,0.9987871915102006,2.830883233195474,9.053221702575684,"{""num_rows"": ""262144"", ""profile"": ""cardinality_64_width_128""}"
control,old-r8-control,main,sorted_order_strings_distribution,Device=0 num_rows=2097152 profile=cardinality_64_width_128,6.116999983787537,6.113979172706602,6.160800004005432,1.8223047784386701,72.36474514007568,"{""num_rows"": ""2097152"", ""profile"": ""cardinality_64_width_128""}"
control,old-r8-control,main,sorted_order_strings_distribution,Device=0 num_rows=262144 profile=shared_prefix_64,1.5391200065612796,1.5382799983024598,1.544270408153534,0.8583782174651056,9.053221702575684,"{""num_rows"": ""262144"", ""profile"": ""shared_prefix_64""}"
control,old-r8-control,main,sorted_order_strings_distribution,Device=0 num_rows=2097152 profile=shared_prefix_64,13.519571304321289,13.508118534088139,13.521452808380129,0.2998004351102497,72.36474514007568,"{""num_rows"": ""2097152"", ""profile"": ""shared_prefix_64""}"
control,old-r8-control,main,sorted_order_strings_distribution,Device=0 num_rows=262144 profile=variable_128,0.26656159609556196,0.26428800076246256,0.2690719947218895,0.8103753089995601,9.053221702575684,"{""num_rows"": ""262144"", ""profile"": ""variable_128""}"
control,old-r8-control,main,sorted_order_strings_distribution,Device=0 num_rows=2097152 profile=variable_128,0.5383136004209518,0.5314703941345214,0.5424607932567598,2.3412511795903295,72.36474514007568,"{""num_rows"": ""2097152"", ""profile"": ""variable_128""}"
control,old-r8-control,main,sorted_order_strings_nulls,Device=0 num_rows=262144 profile=fixed_8 null_percent=0,0.18955200016498566,0.18588640019297598,0.18980639800429347,1.3576265311206248,9.053221702575684,"{""null_percent"": ""0"", ""num_rows"": ""262144"", ""profile"": ""fixed_8""}"
control,old-r8-control,main,sorted_order_strings_nulls,Device=0 num_rows=2097152 profile=fixed_8 null_percent=0,0.3950832009315491,0.39385440051555637,0.396763201057911,1.1896714824352856,72.36474514007568,"{""null_percent"": ""0"", ""num_rows"": ""2097152"", ""profile"": ""fixed_8""}"
control,old-r8-control,main,sorted_order_strings_nulls,Device=0 num_rows=262144 profile=variable_128 null_percent=0,0.266780798137188,0.2598639994859695,0.2748303979635239,12.530020054588242,9.053221702575684,"{""null_percent"": ""0"", ""num_rows"": ""262144"", ""profile"": ""variable_128""}"
control,old-r8-control,main,sorted_order_strings_nulls,Device=0 num_rows=2097152 profile=variable_128 null_percent=0,0.5384800016880035,0.5328319996595382,0.5395247936248779,0.5761996907699984,72.36474514007568,"{""null_percent"": ""0"", ""num_rows"": ""2097152"", ""profile"": ""variable_128""}"
control,old-r8-control,main,sorted_order_strings_nulls,Device=0 num_rows=262144 profile=fixed_8 null_percent=50,0.20356159955263134,0.1997584015130997,0.20429920032620427,1.8388584166562243,15.104979515075684,"{""null_percent"": ""50"", ""num_rows"": ""262144"", ""profile"": ""fixed_8""}"
control,old-r8-control,main,sorted_order_strings_nulls,Device=0 num_rows=2097152 profile=fixed_8 null_percent=50,0.6305935949087143,0.6238223910331725,0.6312288045883179,0.8105403055808187,120.77197170257568,"{""null_percent"": ""50"", ""num_rows"": ""2097152"", ""profile"": ""fixed_8""}"
control,old-r8-control,main,sorted_order_strings_nulls,Device=0 num_rows=262144 profile=variable_128 null_percent=50,0.2674208030104637,0.26241119801998136,0.26768640130758287,0.6890165856555556,15.104979515075684,"{""null_percent"": ""50"", ""num_rows"": ""262144"", ""profile"": ""variable_128""}"
control,old-r8-control,main,sorted_order_strings_nulls,Device=0 num_rows=2097152 profile=variable_128 null_percent=50,0.7206783980131151,0.7169648021459579,0.7214304059743881,0.508980412442121,120.77197170257568,"{""null_percent"": ""50"", ""num_rows"": ""2097152"", ""profile"": ""variable_128""}"
control,old-r8-control,main,sorted_order_strings_nulls,Device=0 num_rows=262144 profile=fixed_8 null_percent=100,0.007449600077234209,0.007438399991951882,0.007577600004151464,9.826300421991126,1.0,"{""null_percent"": ""100"", ""num_rows"": ""262144"", ""profile"": ""fixed_8""}"
control,old-r8-control,main,sorted_order_strings_nulls,Device=0 num_rows=2097152 profile=fixed_8 null_percent=100,0.008583999983966351,0.008582400018349293,0.008619199972599743,5.5218746328432635,8.0,"{""null_percent"": ""100"", ""num_rows"": ""2097152"", ""profile"": ""fixed_8""}"
control,old-r8-control,main,sorted_order_strings_nulls,Device=0 num_rows=262144 profile=variable_128 null_percent=100,0.007350400020368397,0.007276799972169103,0.007416000007651746,7.002885060034281,1.0,"{""null_percent"": ""100"", ""num_rows"": ""262144"", ""profile"": ""variable_128""}"
control,old-r8-control,main,sorted_order_strings_nulls,Device=0 num_rows=2097152 profile=variable_128 null_percent=100,0.008503999887034297,0.008444799855351445,0.00895999995991588,15.090132844429235,8.0,"{""null_percent"": ""100"", ""num_rows"": ""2097152"", ""profile"": ""variable_128""}"
main,pr2-p32-c512,main,sorted_order_strings,Device=0 min_width=1 max_width=8 num_rows=32768,0.24249439984560012,0.23842400014400492,0.245542399585247,1.0679439028043927,1.3592538833618164,"{""max_width"": ""8"", ""min_width"": ""1"", ""num_rows"": ""32768""}"
main,pr2-p32-c512,main,sorted_order_strings,Device=0 min_width=1 max_width=32 num_rows=32768,0.3391279980540275,0.3319984018802642,0.34030559808015814,1.2059894882594517,1.3592538833618164,"{""max_width"": ""32"", ""min_width"": ""1"", ""num_rows"": ""32768""}"
main,pr2-p32-c512,main,sorted_order_strings,Device=0 min_width=1 max_width=64 num_rows=32768,0.3927791982889175,0.38570239841938025,0.39659360200166704,0.8062683911857419,1.3592538833618164,"{""max_width"": ""64"", ""min_width"": ""1"", ""num_rows"": ""32768""}"
main,pr2-p32-c512,main,sorted_order_strings,Device=0 min_width=1 max_width=128 num_rows=32768,0.47561440020799634,0.47255840152502065,0.47774720340967175,0.922439388790967,1.3592538833618164,"{""max_width"": ""128"", ""min_width"": ""1"", ""num_rows"": ""32768""}"
main,pr2-p32-c512,main,sorted_order_strings,Device=0 min_width=1 max_width=256 num_rows=32768,0.6835199952125549,0.6800640046596527,0.6837807983160019,0.6772328283113522,1.3592538833618164,"{""max_width"": ""256"", ""min_width"": ""1"", ""num_rows"": ""32768""}"
main,pr2-p32-c512,main,sorted_order_strings,Device=0 min_width=1 max_width=8 num_rows=262144,0.2770096004009246,0.27403359711170194,0.2810880005359649,1.9349035940131931,10.811402320861816,"{""max_width"": ""8"", ""min_width"": ""1"", ""num_rows"": ""262144""}"
main,pr2-p32-c512,main,sorted_order_strings,Device=0 min_width=1 max_width=32 num_rows=262144,0.4124944001436233,0.41000800132751464,0.41460800170898443,13.866012773327183,10.811402320861816,"{""max_width"": ""32"", ""min_width"": ""1"", ""num_rows"": ""262144""}"
main,pr2-p32-c512,main,sorted_order_strings,Device=0 min_width=1 max_width=64 num_rows=262144,0.4931584000587464,0.48544640094041824,0.49502879977226266,1.0469260439549866,10.811402320861816,"{""max_width"": ""64"", ""min_width"": ""1"", ""num_rows"": ""262144""}"
main,pr2-p32-c512,main,sorted_order_strings,Device=0 min_width=1 max_width=128 num_rows=262144,0.6964783996343612,0.6853776007890702,0.7054464012384415,8.066058081843536,10.811402320861816,"{""max_width"": ""128"", ""min_width"": ""1"", ""num_rows"": ""262144""}"
main,pr2-p32-c512,main,sorted_order_strings,Device=0 min_width=1 max_width=256 num_rows=262144,1.152297592163086,1.1497024118900299,1.1524015963077547,0.72343797462911,10.811402320861816,"{""max_width"": ""256"", ""min_width"": ""1"", ""num_rows"": ""262144""}"
main,pr2-p32-c512,main,sorted_order_strings,Device=0 min_width=1 max_width=8 num_rows=2097152,0.6107760071754457,0.6056288003921508,0.6143151909112929,1.0174182741301916,86.42761325836182,"{""max_width"": ""8"", ""min_width"": ""1"", ""num_rows"": ""2097152""}"
main,pr2-p32-c512,main,sorted_order_strings,Device=0 min_width=1 max_width=32 num_rows=2097152,1.7786079943180086,1.7713151991367344,1.7868656098842615,0.5413646076224312,86.42761325836182,"{""max_width"": ""32"", ""min_width"": ""1"", ""num_rows"": ""2097152""}"
main,pr2-p32-c512,main,sorted_order_strings,Device=0 min_width=1 max_width=64 num_rows=2097152,3.4037920117378238,3.3955999970436093,3.4130576133728026,0.5199972307237857,86.42761325836182,"{""max_width"": ""64"", ""min_width"": ""1"", ""num_rows"": ""2097152""}"
main,pr2-p32-c512,main,sorted_order_strings,Device=0 min_width=1 max_width=128 num_rows=2097152,6.755228757858276,6.664172744750976,6.797483205795289,7.768061771861731,86.42761325836182,"{""max_width"": ""128"", ""min_width"": ""1"", ""num_rows"": ""2097152""}"
main,pr2-p32-c512,main,sorted_order_strings,Device=0 min_width=1 max_width=256 num_rows=2097152,13.146231985092161,13.097670364379884,13.174079895019533,0.4327209162739806,86.42761325836182,"{""max_width"": ""256"", ""min_width"": ""1"", ""num_rows"": ""2097152""}"
main,pr2-p32-c512,main,sorted_order_strings,Device=0 min_width=1 max_width=8 num_rows=16777216,2.3376543879508973,2.331307196617126,2.3383440256118777,0.3316349217019453,691.3533945083618,"{""max_width"": ""8"", ""min_width"": ""1"", ""num_rows"": ""16777216""}"
main,pr2-p32-c512,main,sorted_order_strings,Device=0 min_width=1 max_width=32 num_rows=16777216,6.947220754623412,6.9295343399047855,6.947723150253296,0.46518565057113287,691.3533945083618,"{""max_width"": ""32"", ""min_width"": ""1"", ""num_rows"": ""16777216""}"
main,pr2-p32-c512,main,sorted_order_strings,Device=0 min_width=1 max_width=64 num_rows=16777216,13.303832054138185,13.28677282333374,13.309403228759765,0.13337016817050776,691.3533945083618,"{""max_width"": ""64"", ""min_width"": ""1"", ""num_rows"": ""16777216""}"
main,pr2-p32-c512,main,sorted_order_strings,Device=0 min_width=1 max_width=128 num_rows=16777216,26.74176797866821,26.703894329071044,26.75177431106568,0.12228890701804838,691.3533945083618,"{""max_width"": ""128"", ""min_width"": ""1"", ""num_rows"": ""16777216""}"
main,pr2-p32-c512,main,sorted_order_strings,Device=0 min_width=1 max_width=256 num_rows=16777216,54.64985752105712,54.56674613952637,54.6565788269043,0.21451950408604942,691.3533945083618,"{""max_width"": ""256"", ""min_width"": ""1"", ""num_rows"": ""16777216""}"
main,pr2-p32-c512,main,sorted_order_strings_distribution,Device=0 num_rows=262144 profile=cardinality_1_width_32,0.007273599947802721,0.007156799943186343,0.00738400004338473,7.013202104384414,1.0,"{""num_rows"": ""262144"", ""profile"": ""cardinality_1_width_32""}"
main,pr2-p32-c512,main,sorted_order_strings_distribution,Device=0 num_rows=2097152 profile=cardinality_1_width_32,0.008731199940666557,0.008646400040015578,0.00888000000268221,4.929241181604098,8.0,"{""num_rows"": ""2097152"", ""profile"": ""cardinality_1_width_32""}"
main,pr2-p32-c512,main,sorted_order_strings_distribution,Device=0 num_rows=262144 profile=cardinality_64_width_128,2.4286991953849792,2.398524796962738,2.428963196277619,0.5733456411671265,10.811402320861816,"{""num_rows"": ""262144"", ""profile"": ""cardinality_64_width_128""}"
main,pr2-p32-c512,main,sorted_order_strings_distribution,Device=0 num_rows=2097152 profile=cardinality_64_width_128,7.06799042224884,7.031206393241882,7.070531249046326,0.3710063892448066,86.42761325836182,"{""num_rows"": ""2097152"", ""profile"": ""cardinality_64_width_128""}"
main,pr2-p32-c512,main,sorted_order_strings_distribution,Device=0 num_rows=262144 profile=shared_prefix_64,14.371191883087155,14.358563137054446,14.380628871917725,0.07220864701471272,10.811402320861816,"{""num_rows"": ""262144"", ""profile"": ""shared_prefix_64""}"
main,pr2-p32-c512,main,sorted_order_strings_distribution,Device=0 num_rows=2097152 profile=shared_prefix_64,150.25715713500975,150.24493103027342,150.27656021118167,0.019534845746312524,86.42761325836182,"{""num_rows"": ""2097152"", ""profile"": ""shared_prefix_64""}"
main,pr2-p32-c512,main,sorted_order_strings_distribution,Device=0 num_rows=262144 profile=variable_128,0.3833360001444817,0.38051840215921395,0.38537439852952954,10.896842108205956,10.811402320861816,"{""num_rows"": ""262144"", ""profile"": ""variable_128""}"
main,pr2-p32-c512,main,sorted_order_strings_distribution,Device=0 num_rows=2097152 profile=variable_128,0.8227216094732281,0.8107567936182022,0.826571199297905,3.2303674129589908,86.42761325836182,"{""num_rows"": ""2097152"", ""profile"": ""variable_128""}"
main,pr2-p32-c512,main,sorted_order_strings_nulls,Device=0 num_rows=262144 profile=fixed_8 null_percent=0,0.3064815998077392,0.3000112012028694,0.30852639973163604,0.6721864145008095,10.811402320861816,"{""null_percent"": ""0"", ""num_rows"": ""262144"", ""profile"": ""fixed_8""}"
main,pr2-p32-c512,main,sorted_order_strings_nulls,Device=0 num_rows=2097152 profile=fixed_8 null_percent=0,0.86570560336113,0.861958396434784,0.8664544016122818,0.5791709241186586,86.42761325836182,"{""null_percent"": ""0"", ""num_rows"": ""2097152"", ""profile"": ""fixed_8""}"
main,pr2-p32-c512,main,sorted_order_strings_nulls,Device=0 num_rows=262144 profile=variable_128 null_percent=0,0.381353597342968,0.3728911966085435,0.38376800119876864,0.9397048282597344,10.811402320861816,"{""null_percent"": ""0"", ""num_rows"": ""262144"", ""profile"": ""variable_128""}"
main,pr2-p32-c512,main,sorted_order_strings_nulls,Device=0 num_rows=2097152 profile=variable_128 null_percent=0,0.819004800915718,0.8141232043504716,0.825976002216339,2.699118328467686,86.42761325836182,"{""null_percent"": ""0"", ""num_rows"": ""2097152"", ""profile"": ""variable_128""}"
main,pr2-p32-c512,main,sorted_order_strings_nulls,Device=0 num_rows=262144 profile=fixed_8 null_percent=50,0.3579023987054824,0.35373920202255243,0.35830720216035844,1.7230420771072321,6.541790962219238,"{""null_percent"": ""50"", ""num_rows"": ""262144"", ""profile"": ""fixed_8""}"
main,pr2-p32-c512,main,sorted_order_strings_nulls,Device=0 num_rows=2097152 profile=fixed_8 null_percent=50,0.7832272052764893,0.7793904036283493,0.7847695976495742,0.6871266590754391,52.23033618927002,"{""null_percent"": ""50"", ""num_rows"": ""2097152"", ""profile"": ""fixed_8""}"
main,pr2-p32-c512,main,sorted_order_strings_nulls,Device=0 num_rows=262144 profile=variable_128 null_percent=50,0.40587680041790014,0.40179520100355154,0.40720800012350084,1.0604274380500418,6.541790962219238,"{""null_percent"": ""50"", ""num_rows"": ""262144"", ""profile"": ""variable_128""}"
main,pr2-p32-c512,main,sorted_order_strings_nulls,Device=0 num_rows=2097152 profile=variable_128 null_percent=50,0.5644271999597549,0.553652799129486,0.5645823955535889,0.9516313870862951,52.23033618927002,"{""null_percent"": ""50"", ""num_rows"": ""2097152"", ""profile"": ""variable_128""}"
main,pr2-p32-c512,main,sorted_order_strings_nulls,Device=0 num_rows=262144 profile=fixed_8 null_percent=100,0.007223999965935946,0.007123200013302268,0.007436800026334822,5.106297378910582,1.0,"{""null_percent"": ""100"", ""num_rows"": ""262144"", ""profile"": ""fixed_8""}"
main,pr2-p32-c512,main,sorted_order_strings_nulls,Device=0 num_rows=2097152 profile=fixed_8 null_percent=100,0.00865439996123314,0.008649600017815827,0.008692800020799038,3.6848226657884,8.0,"{""null_percent"": ""100"", ""num_rows"": ""2097152"", ""profile"": ""fixed_8""}"
main,pr2-p32-c512,main,sorted_order_strings_nulls,Device=0 num_rows=262144 profile=variable_128 null_percent=100,0.0072880000108853,0.007273600017651916,0.0073391999816522,5.038331666590723,1.0,"{""null_percent"": ""100"", ""num_rows"": ""262144"", ""profile"": ""variable_128""}"
main,pr2-p32-c512,main,sorted_order_strings_nulls,Device=0 num_rows=2097152 profile=variable_128 null_percent=100,0.008871999988332394,0.008761599985882638,0.008902400126680733,18.16859557076953,8.0,"{""null_percent"": ""100"", ""num_rows"": ""2097152"", ""profile"": ""variable_128""}"
main,radix-lrb,pr-workload,sorted_order_strings_workload,Device=0 min_width=0 max_width=32 num_rows=32768 workload=normal,0.19732800126075747,0.19542239978909498,0.19916159957647325,2.2996831408089453,1.1391592025756836,"{""max_width"": ""32"", ""min_width"": ""0"", ""num_rows"": ""32768"", ""workload"": ""normal""}"
main,radix-lrb,pr-workload,sorted_order_strings_workload,Device=0 min_width=0 max_width=64 num_rows=32768 workload=normal,0.22247680127620695,0.22021439969539644,0.2234912000596523,2.126455010035224,1.1391592025756836,"{""max_width"": ""64"", ""min_width"": ""0"", ""num_rows"": ""32768"", ""workload"": ""normal""}"
main,radix-lrb,pr-workload,sorted_order_strings_workload,Device=0 min_width=0 max_width=128 num_rows=32768 workload=normal,0.27865279614925387,0.2777039989829063,0.28320319652557374,1.3348804197621198,1.1391592025756836,"{""max_width"": ""128"", ""min_width"": ""0"", ""num_rows"": ""32768"", ""workload"": ""normal""}"
main,radix-lrb,pr-workload,sorted_order_strings_workload,Device=0 min_width=0 max_width=256 num_rows=32768 workload=normal,0.4030368015170097,0.4001776039600372,0.40572159886360176,1.0321980202222896,1.1391592025756836,"{""max_width"": ""256"", ""min_width"": ""0"", ""num_rows"": ""32768"", ""workload"": ""normal""}"
main,radix-lrb,pr-workload,sorted_order_strings_workload,Device=0 min_width=0 max_width=32 num_rows=262144 workload=normal,0.41556160002946857,0.411318400502205,0.417094399034977,8.79375848959163,9.053221702575684,"{""max_width"": ""32"", ""min_width"": ""0"", ""num_rows"": ""262144"", ""workload"": ""normal""}"
main,radix-lrb,pr-workload,sorted_order_strings_workload,Device=0 min_width=0 max_width=64 num_rows=262144 workload=normal,0.5278512030839919,0.525848001241684,0.5331039935350417,1.3743742458733614,9.053221702575684,"{""max_width"": ""64"", ""min_width"": ""0"", ""num_rows"": ""262144"", ""workload"": ""normal""}"
main,radix-lrb,pr-workload,sorted_order_strings_workload,Device=0 min_width=0 max_width=128 num_rows=262144 workload=normal,0.8645551979541779,0.8621552020311354,0.8754047989845276,2.2619763061893092,9.053221702575684,"{""max_width"": ""128"", ""min_width"": ""0"", ""num_rows"": ""262144"", ""workload"": ""normal""}"
main,radix-lrb,pr-workload,sorted_order_strings_workload,Device=0 min_width=0 max_width=256 num_rows=262144 workload=normal,1.5032608032226564,1.5027791917324065,1.5047760009765625,1.998400062896189,9.053221702575684,"{""max_width"": ""256"", ""min_width"": ""0"", ""num_rows"": ""262144"", ""workload"": ""normal""}"
main,radix-lrb,pr-workload,sorted_order_strings_workload,Device=0 min_width=0 max_width=32 num_rows=2097152 workload=normal,1.383588790893555,1.3744719982147218,1.384935986995697,1.8178750360902056,72.36474514007568,"{""max_width"": ""32"", ""min_width"": ""0"", ""num_rows"": ""2097152"", ""workload"": ""normal""}"
main,radix-lrb,pr-workload,sorted_order_strings_workload,Device=0 min_width=0 max_width=64 num_rows=2097152 workload=normal,2.057715207338333,2.0575087904930123,2.0596592187881466,2.322260662467394,72.36474514007568,"{""max_width"": ""64"", ""min_width"": ""0"", ""num_rows"": ""2097152"", ""workload"": ""normal""}"
main,radix-lrb,pr-workload,sorted_order_strings_workload,Device=0 min_width=0 max_width=128 num_rows=2097152 workload=normal,3.7272031664848324,3.706665575504303,3.732032001018524,2.390404990885995,72.36474514007568,"{""max_width"": ""128"", ""min_width"": ""0"", ""num_rows"": ""2097152"", ""workload"": ""normal""}"
main,radix-lrb,pr-workload,sorted_order_strings_workload,Device=0 min_width=0 max_width=256 num_rows=2097152 workload=normal,7.998911976814269,7.988580799102783,8.029763126373293,2.6421828788878052,72.36474514007568,"{""max_width"": ""256"", ""min_width"": ""0"", ""num_rows"": ""2097152"", ""workload"": ""normal""}"
main,radix-lrb,pr-workload,sorted_order_strings_workload,Device=0 min_width=0 max_width=32 num_rows=32768 workload=duplicates,0.2290367998182774,0.22821760028600693,0.23058560043573378,1.7701993061198893,1.1391592025756836,"{""max_width"": ""32"", ""min_width"": ""0"", ""num_rows"": ""32768"", ""workload"": ""duplicates""}"
main,radix-lrb,pr-workload,sorted_order_strings_workload,Device=0 min_width=0 max_width=64 num_rows=32768 workload=duplicates,0.29399199932813636,0.2938464015722274,0.29523839801549917,1.0891431829436697,1.1391592025756836,"{""max_width"": ""64"", ""min_width"": ""0"", ""num_rows"": ""32768"", ""workload"": ""duplicates""}"
main,radix-lrb,pr-workload,sorted_order_strings_workload,Device=0 min_width=0 max_width=128 num_rows=32768 workload=duplicates,0.4325744003057481,0.4284736022353172,0.43414400070905684,1.024685073719713,1.1391592025756836,"{""max_width"": ""128"", ""min_width"": ""0"", ""num_rows"": ""32768"", ""workload"": ""duplicates""}"
main,radix-lrb,pr-workload,sorted_order_strings_workload,Device=0 min_width=0 max_width=256 num_rows=32768 workload=duplicates,0.8063472002744673,0.8054624021053313,0.8066991984844208,1.186331279777945,1.1391592025756836,"{""max_width"": ""256"", ""min_width"": ""0"", ""num_rows"": ""32768"", ""workload"": ""duplicates""}"
main,radix-lrb,pr-workload,sorted_order_strings_workload,Device=0 min_width=0 max_width=32 num_rows=262144 workload=duplicates,0.43288799673318856,0.42947199940681463,0.43348159939050684,1.5839145537321904,9.053221702575684,"{""max_width"": ""32"", ""min_width"": ""0"", ""num_rows"": ""262144"", ""workload"": ""duplicates""}"
main,radix-lrb,pr-workload,sorted_order_strings_workload,Device=0 min_width=0 max_width=64 num_rows=262144 workload=duplicates,0.5934159964323045,0.5931312024593354,0.5937423974275587,2.7629667728303904,9.053221702575684,"{""max_width"": ""64"", ""min_width"": ""0"", ""num_rows"": ""262144"", ""workload"": ""duplicates""}"
main,radix-lrb,pr-workload,sorted_order_strings_workload,Device=0 min_width=0 max_width=128 num_rows=262144 workload=duplicates,0.9237152010202409,0.9159312069416048,0.9303535997867584,2.7235742258638873,9.053221702575684,"{""max_width"": ""128"", ""min_width"": ""0"", ""num_rows"": ""262144"", ""workload"": ""duplicates""}"
main,radix-lrb,pr-workload,sorted_order_strings_workload,Device=0 min_width=0 max_width=256 num_rows=262144 workload=duplicates,1.7449999988079075,1.7247120022773743,1.7455888032913205,1.2562995130512573,9.053221702575684,"{""max_width"": ""256"", ""min_width"": ""0"", ""num_rows"": ""262144"", ""workload"": ""duplicates""}"
main,radix-lrb,pr-workload,sorted_order_strings_workload,Device=0 min_width=0 max_width=32 num_rows=2097152 workload=duplicates,2.229420781135559,2.222412812709808,2.237896001338959,1.4015518348383706,72.36474514007568,"{""max_width"": ""32"", ""min_width"": ""0"", ""num_rows"": ""2097152"", ""workload"": ""duplicates""}"
main,radix-lrb,pr-workload,sorted_order_strings_workload,Device=0 min_width=0 max_width=64 num_rows=2097152 workload=duplicates,3.31931836605072,3.3138271927833562,3.326436793804168,1.2219201432515292,72.36474514007568,"{""max_width"": ""64"", ""min_width"": ""0"", ""num_rows"": ""2097152"", ""workload"": ""duplicates""}"
main,radix-lrb,pr-workload,sorted_order_strings_workload,Device=0 min_width=0 max_width=128 num_rows=2097152 workload=duplicates,5.498652839660644,5.459099221229553,5.524548792839051,2.3273668529879608,72.36474514007568,"{""max_width"": ""128"", ""min_width"": ""0"", ""num_rows"": ""2097152"", ""workload"": ""duplicates""}"
main,radix-lrb,pr-workload,sorted_order_strings_workload,Device=0 min_width=0 max_width=256 num_rows=2097152 workload=duplicates,9.852657556533813,9.814017724990842,9.859897708892822,2.3780242919736776,72.36474514007568,"{""max_width"": ""256"", ""min_width"": ""0"", ""num_rows"": ""2097152"", ""workload"": ""duplicates""}"
main,radix-lrb,pr-workload,sorted_order_strings_workload,Device=0 min_width=0 max_width=32 num_rows=32768 workload=shared_prefix,0.46675680279731746,0.465436801314354,0.46827359646558764,0.972610930132583,1.1391592025756836,"{""max_width"": ""32"", ""min_width"": ""0"", ""num_rows"": ""32768"", ""workload"": ""shared_prefix""}"
main,radix-lrb,pr-workload,sorted_order_strings_workload,Device=0 min_width=0 max_width=64 num_rows=32768 workload=shared_prefix,0.7328127980232239,0.730148795247078,0.734316799044609,0.6975494909920557,1.1391592025756836,"{""max_width"": ""64"", ""min_width"": ""0"", ""num_rows"": ""32768"", ""workload"": ""shared_prefix""}"
main,radix-lrb,pr-workload,sorted_order_strings_workload,Device=0 min_width=0 max_width=128 num_rows=32768 workload=shared_prefix,1.3411503970623015,1.3385936081409457,1.352811199426651,0.895768977098346,1.1391592025756836,"{""max_width"": ""128"", ""min_width"": ""0"", ""num_rows"": ""32768"", ""workload"": ""shared_prefix""}"
main,radix-lrb,pr-workload,sorted_order_strings_workload,Device=0 min_width=0 max_width=256 num_rows=32768 workload=shared_prefix,3.354764771461487,3.352481615543365,3.3591551899909975,0.20887552619150385,1.1391592025756836,"{""max_width"": ""256"", ""min_width"": ""0"", ""num_rows"": ""32768"", ""workload"": ""shared_prefix""}"
main,radix-lrb,pr-workload,sorted_order_strings_workload,Device=0 min_width=0 max_width=32 num_rows=262144 workload=shared_prefix,0.740132799744606,0.7386880040168763,0.7416527986526489,0.5438779177096716,9.053221702575684,"{""max_width"": ""32"", ""min_width"": ""0"", ""num_rows"": ""262144"", ""workload"": ""shared_prefix""}"
main,radix-lrb,pr-workload,sorted_order_strings_workload,Device=0 min_width=0 max_width=64 num_rows=262144 workload=shared_prefix,1.2516991972923281,1.2498047947883608,1.2604991912841796,1.7861141320173908,9.053221702575684,"{""max_width"": ""64"", ""min_width"": ""0"", ""num_rows"": ""262144"", ""workload"": ""shared_prefix""}"
main,radix-lrb,pr-workload,sorted_order_strings_workload,Device=0 min_width=0 max_width=128 num_rows=262144 workload=shared_prefix,2.6917983889579773,2.682972812652588,2.6952463984489445,0.9106266815558067,9.053221702575684,"{""max_width"": ""128"", ""min_width"": ""0"", ""num_rows"": ""262144"", ""workload"": ""shared_prefix""}"
main,radix-lrb,pr-workload,sorted_order_strings_workload,Device=0 min_width=0 max_width=256 num_rows=262144 workload=shared_prefix,7.771937608718874,7.767320013046265,7.777916789054871,0.12054247178318955,9.053221702575684,"{""max_width"": ""256"", ""min_width"": ""0"", ""num_rows"": ""262144"", ""workload"": ""shared_prefix""}"
main,radix-lrb,pr-workload,sorted_order_strings_workload,Device=0 min_width=0 max_width=32 num_rows=2097152 workload=shared_prefix,5.579436802864075,5.5658287763595595,5.584406447410583,0.49213156843502326,72.36474514007568,"{""max_width"": ""32"", ""min_width"": ""0"", ""num_rows"": ""2097152"", ""workload"": ""shared_prefix""}"
main,radix-lrb,pr-workload,sorted_order_strings_workload,Device=0 min_width=0 max_width=64 num_rows=2097152 workload=shared_prefix,10.31493582725525,10.309112071990967,10.315172815322876,0.3874138124874128,72.36474514007568,"{""max_width"": ""64"", ""min_width"": ""0"", ""num_rows"": ""2097152"", ""workload"": ""shared_prefix""}"
main,radix-lrb,pr-workload,sorted_order_strings_workload,Device=0 min_width=0 max_width=128 num_rows=2097152 workload=shared_prefix,23.365827178955083,23.352480030059816,23.371819019317627,0.1735256539452352,72.36474514007568,"{""max_width"": ""128"", ""min_width"": ""0"", ""num_rows"": ""2097152"", ""workload"": ""shared_prefix""}"
main,radix-lrb,pr-workload,sorted_order_strings_workload,Device=0 min_width=0 max_width=256 num_rows=2097152 workload=shared_prefix,50.04199218749999,50.038816070556635,50.05838394165039,0.16173000612887548,72.36474514007568,"{""max_width"": ""256"", ""min_width"": ""0"", ""num_rows"": ""2097152"", ""workload"": ""shared_prefix""}"
main,radix-lrb,pr-workload,sorted_order_strings_workload,Device=0 min_width=0 max_width=32 num_rows=32768 workload=variable,0.19116160050034525,0.18989120125770567,0.19296159967780113,1.8373091007153797,1.1391592025756836,"{""max_width"": ""32"", ""min_width"": ""0"", ""num_rows"": ""32768"", ""workload"": ""variable""}"
main,radix-lrb,pr-workload,sorted_order_strings_workload,Device=0 min_width=0 max_width=64 num_rows=32768 workload=variable,0.1887200005352497,0.18849279955029488,0.18936159908771513,1.6695995434231343,1.1391592025756836,"{""max_width"": ""64"", ""min_width"": ""0"", ""num_rows"": ""32768"", ""workload"": ""variable""}"
main,radix-lrb,pr-workload,sorted_order_strings_workload,Device=0 min_width=0 max_width=128 num_rows=32768 workload=variable,0.17464319989085195,0.17386720031499864,0.1756688006222248,1.706973536223861,1.1391592025756836,"{""max_width"": ""128"", ""min_width"": ""0"", ""num_rows"": ""32768"", ""workload"": ""variable""}"
main,radix-lrb,pr-workload,sorted_order_strings_workload,Device=0 min_width=0 max_width=256 num_rows=32768 workload=variable,0.17676480039954182,0.17534720152616504,0.17751519754529002,1.4766666735750216,1.1391592025756836,"{""max_width"": ""256"", ""min_width"": ""0"", ""num_rows"": ""32768"", ""workload"": ""variable""}"
main,radix-lrb,pr-workload,sorted_order_strings_workload,Device=0 min_width=0 max_width=32 num_rows=262144 workload=variable,0.26376480162143695,0.25977119952440264,0.26613760143518456,1.4240009453693274,9.053221702575684,"{""max_width"": ""32"", ""min_width"": ""0"", ""num_rows"": ""262144"", ""workload"": ""variable""}"
main,radix-lrb,pr-workload,sorted_order_strings_workload,Device=0 min_width=0 max_width=64 num_rows=262144 workload=variable,0.26087520122528085,0.25792800188064574,0.26591839641332626,1.35960060896185,9.053221702575684,"{""max_width"": ""64"", ""min_width"": ""0"", ""num_rows"": ""262144"", ""workload"": ""variable""}"
main,radix-lrb,pr-workload,sorted_order_strings_workload,Device=0 min_width=0 max_width=128 num_rows=262144 workload=variable,0.26615359634160995,0.26332319974899293,0.2665344014763832,0.9011834664558867,9.053221702575684,"{""max_width"": ""128"", ""min_width"": ""0"", ""num_rows"": ""262144"", ""workload"": ""variable""}"
main,radix-lrb,pr-workload,sorted_order_strings_workload,Device=0 min_width=0 max_width=256 num_rows=262144 workload=variable,0.24807359725236888,0.24727999866008757,0.2488832019269467,1.315765332870537,9.053221702575684,"{""max_width"": ""256"", ""min_width"": ""0"", ""num_rows"": ""262144"", ""workload"": ""variable""}"
main,radix-lrb,pr-workload,sorted_order_strings_workload,Device=0 min_width=0 max_width=32 num_rows=2097152 workload=variable,0.5329535990953446,0.5314096003770828,0.5344528049230575,0.602752908385339,72.36474514007568,"{""max_width"": ""32"", ""min_width"": ""0"", ""num_rows"": ""2097152"", ""workload"": ""variable""}"
main,radix-lrb,pr-workload,sorted_order_strings_workload,Device=0 min_width=0 max_width=64 num_rows=2097152 workload=variable,0.5213983982801438,0.5161759972572327,0.5224847912788392,0.7859375902850052,72.36474514007568,"{""max_width"": ""64"", ""min_width"": ""0"", ""num_rows"": ""2097152"", ""workload"": ""variable""}"
main,radix-lrb,pr-workload,sorted_order_strings_workload,Device=0 min_width=0 max_width=128 num_rows=2097152 workload=variable,0.537654396891594,0.5355567961931228,0.5383760005235673,1.6172234617292356,72.36474514007568,"{""max_width"": ""128"", ""min_width"": ""0"", ""num_rows"": ""2097152"", ""workload"": ""variable""}"
main,radix-lrb,pr-workload,sorted_order_strings_workload,Device=0 min_width=0 max_width=256 num_rows=2097152 workload=variable,0.5325087994337083,0.5276047974824906,0.5338160067796707,0.6859052470840281,72.36474514007568,"{""max_width"": ""256"", ""min_width"": ""0"", ""num_rows"": ""2097152"", ""workload"": ""variable""}"
main,radix-lrb,pr-zero-collisions,sorted_order_strings_segmented_diagnostics,Device=0 num_rows=32768 profile=zero_collision_pass1,0.21693599969148636,0.21116959974169733,0.21792640089988702,1.1189177978055171,1.1391592025756836,"{""num_rows"": ""32768"", ""profile"": ""zero_collision_pass1""}"
main,radix-lrb,pr-zero-collisions,sorted_order_strings_segmented_diagnostics,Device=0 num_rows=32768 profile=zero_collision_pass2,0.29675999730825425,0.29106240272521966,0.2967887967824936,0.815220674308376,1.1391592025756836,"{""num_rows"": ""32768"", ""profile"": ""zero_collision_pass2""}"
main,pr2-p32-c512,pr-workload,sorted_order_strings_workload,Device=0 min_width=0 max_width=32 num_rows=32768 workload=normal,0.34831680059432985,0.33687359988689425,0.36729280054569236,1.2417845878700968,1.3592538833618164,"{""max_width"": ""32"", ""min_width"": ""0"", ""num_rows"": ""32768"", ""workload"": ""normal""}"
main,pr2-p32-c512,pr-workload,sorted_order_strings_workload,Device=0 min_width=0 max_width=64 num_rows=32768 workload=normal,0.40167680084705354,0.3931039974093437,0.41284639984369287,0.9144409165712603,1.3592538833618164,"{""max_width"": ""64"", ""min_width"": ""0"", ""num_rows"": ""32768"", ""workload"": ""normal""}"
main,pr2-p32-c512,pr-workload,sorted_order_strings_workload,Device=0 min_width=0 max_width=128 num_rows=32768 workload=normal,0.49980319887399666,0.4891583994030953,0.5155840009450913,0.92971675924194,1.3592538833618164,"{""max_width"": ""128"", ""min_width"": ""0"", ""num_rows"": ""32768"", ""workload"": ""normal""}"
main,pr2-p32-c512,pr-workload,sorted_order_strings_workload,Device=0 min_width=0 max_width=256 num_rows=32768 workload=normal,0.6364032030105592,0.6336784064769744,0.6552159994840622,1.2001812389329665,1.3592538833618164,"{""max_width"": ""256"", ""min_width"": ""0"", ""num_rows"": ""32768"", ""workload"": ""normal""}"
main,pr2-p32-c512,pr-workload,sorted_order_strings_workload,Device=0 min_width=0 max_width=32 num_rows=262144 workload=normal,0.41563999801874163,0.40857919901609413,0.4305535957217217,4.300964215166543,10.811402320861816,"{""max_width"": ""32"", ""min_width"": ""0"", ""num_rows"": ""262144"", ""workload"": ""normal""}"
main,pr2-p32-c512,pr-workload,sorted_order_strings_workload,Device=0 min_width=0 max_width=64 num_rows=262144 workload=normal,0.4901807963848114,0.4842863976955413,0.5143344014883041,1.0712307511469927,10.811402320861816,"{""max_width"": ""64"", ""min_width"": ""0"", ""num_rows"": ""262144"", ""workload"": ""normal""}"
main,pr2-p32-c512,pr-workload,sorted_order_strings_workload,Device=0 min_width=0 max_width=128 num_rows=262144 workload=normal,0.6415232002735137,0.63537919819355,0.6465104043483735,0.9309043633554819,10.811402320861816,"{""max_width"": ""128"", ""min_width"": ""0"", ""num_rows"": ""262144"", ""workload"": ""normal""}"
main,pr2-p32-c512,pr-workload,sorted_order_strings_workload,Device=0 min_width=0 max_width=256 num_rows=262144 workload=normal,0.9979984015226363,0.9920223981142046,1.0009727925062184,2.7237010930455248,10.811402320861816,"{""max_width"": ""256"", ""min_width"": ""0"", ""num_rows"": ""262144"", ""workload"": ""normal""}"
main,pr2-p32-c512,pr-workload,sorted_order_strings_workload,Device=0 min_width=0 max_width=32 num_rows=2097152 workload=normal,1.7410047948360443,1.7408208072185516,1.74585599899292,1.1280802712184643,86.42761325836182,"{""max_width"": ""32"", ""min_width"": ""0"", ""num_rows"": ""2097152"", ""workload"": ""normal""}"
main,pr2-p32-c512,pr-workload,sorted_order_strings_workload,Device=0 min_width=0 max_width=64 num_rows=2097152 workload=normal,3.422649586200714,3.4200288176536553,3.4307184100151056,0.5134397675151013,86.42761325836182,"{""max_width"": ""64"", ""min_width"": ""0"", ""num_rows"": ""2097152"", ""workload"": ""normal""}"
main,pr2-p32-c512,pr-workload,sorted_order_strings_workload,Device=0 min_width=0 max_width=128 num_rows=2097152 workload=normal,6.6335264205932605,6.61911201477051,6.663319993019104,0.40797105468441214,86.42761325836182,"{""max_width"": ""128"", ""min_width"": ""0"", ""num_rows"": ""2097152"", ""workload"": ""normal""}"
main,pr2-p32-c512,pr-workload,sorted_order_strings_workload,Device=0 min_width=0 max_width=256 num_rows=2097152 workload=normal,13.330167961120603,13.315929651260378,13.377806377410892,0.47495624766033995,86.42761325836182,"{""max_width"": ""256"", ""min_width"": ""0"", ""num_rows"": ""2097152"", ""workload"": ""normal""}"
main,pr2-p32-c512,pr-workload,sorted_order_strings_workload,Device=0 min_width=0 max_width=32 num_rows=32768 workload=duplicates,0.5549503982067107,0.5480655968189239,0.560774400830269,1.0660532876810127,1.3592538833618164,"{""max_width"": ""32"", ""min_width"": ""0"", ""num_rows"": ""32768"", ""workload"": ""duplicates""}"
main,pr2-p32-c512,pr-workload,sorted_order_strings_workload,Device=0 min_width=0 max_width=64 num_rows=32768 workload=duplicates,0.8919471979141237,0.8897471934556962,0.9040816009044647,2.667832538560586,1.3592538833618164,"{""max_width"": ""64"", ""min_width"": ""0"", ""num_rows"": ""32768"", ""workload"": ""duplicates""}"
main,pr2-p32-c512,pr-workload,sorted_order_strings_workload,Device=0 min_width=0 max_width=128 num_rows=32768 workload=duplicates,1.6606415987014775,1.656267207860947,1.684260791540146,3.4247053472879583,1.3592538833618164,"{""max_width"": ""128"", ""min_width"": ""0"", ""num_rows"": ""32768"", ""workload"": ""duplicates""}"
main,pr2-p32-c512,pr-workload,sorted_order_strings_workload,Device=0 min_width=0 max_width=256 num_rows=32768 workload=duplicates,3.0614991784095764,3.0383648037910462,3.0921007990837093,0.6328162265289788,1.3592538833618164,"{""max_width"": ""256"", ""min_width"": ""0"", ""num_rows"": ""32768"", ""workload"": ""duplicates""}"
main,pr2-p32-c512,pr-workload,sorted_order_strings_workload,Device=0 min_width=0 max_width=32 num_rows=262144 workload=duplicates,0.7226224035024642,0.7216528058052063,0.7276607990264893,2.997647608126366,10.811402320861816,"{""max_width"": ""32"", ""min_width"": ""0"", ""num_rows"": ""262144"", ""workload"": ""duplicates""}"
main,pr2-p32-c512,pr-workload,sorted_order_strings_workload,Device=0 min_width=0 max_width=64 num_rows=262144 workload=duplicates,1.1669919967651368,1.16149440407753,1.1788223922252652,0.6799400502841262,10.811402320861816,"{""max_width"": ""64"", ""min_width"": ""0"", ""num_rows"": ""262144"", ""workload"": ""duplicates""}"
main,pr2-p32-c512,pr-workload,sorted_order_strings_workload,Device=0 min_width=0 max_width=128 num_rows=262144 workload=duplicates,2.2146095871925353,2.198339188098908,2.2508575797080996,0.8935029399844058,10.811402320861816,"{""max_width"": ""128"", ""min_width"": ""0"", ""num_rows"": ""262144"", ""workload"": ""duplicates""}"
main,pr2-p32-c512,pr-workload,sorted_order_strings_workload,Device=0 min_width=0 max_width=256 num_rows=262144 workload=duplicates,4.3689231872558585,4.331281566619873,4.404267191886902,0.7292679642020601,10.811402320861816,"{""max_width"": ""256"", ""min_width"": ""0"", ""num_rows"": ""262144"", ""workload"": ""duplicates""}"
main,pr2-p32-c512,pr-workload,sorted_order_strings_workload,Device=0 min_width=0 max_width=32 num_rows=2097152 workload=duplicates,1.7743007898330687,1.767558407783508,1.7821343898773196,1.1601633352976801,86.42761325836182,"{""max_width"": ""32"", ""min_width"": ""0"", ""num_rows"": ""2097152"", ""workload"": ""duplicates""}"
main,pr2-p32-c512,pr-workload,sorted_order_strings_workload,Device=0 min_width=0 max_width=64 num_rows=2097152 workload=duplicates,3.3398768067359925,3.3324367880821226,3.3475759863853454,0.4623000116038633,86.42761325836182,"{""max_width"": ""64"", ""min_width"": ""0"", ""num_rows"": ""2097152"", ""workload"": ""duplicates""}"
main,pr2-p32-c512,pr-workload,sorted_order_strings_workload,Device=0 min_width=0 max_width=128 num_rows=2097152 workload=duplicates,6.740179252624512,6.722963213920593,6.763155150413513,0.348151908409366,86.42761325836182,"{""max_width"": ""128"", ""min_width"": ""0"", ""num_rows"": ""2097152"", ""workload"": ""duplicates""}"
main,pr2-p32-c512,pr-workload,sorted_order_strings_workload,Device=0 min_width=0 max_width=256 num_rows=2097152 workload=duplicates,13.683302402496336,13.678043174743655,13.729961538314818,0.3072141855182981,86.42761325836182,"{""max_width"": ""256"", ""min_width"": ""0"", ""num_rows"": ""2097152"", ""workload"": ""duplicates""}"
main,pr2-p32-c512,pr-workload,sorted_order_strings_workload,Device=0 min_width=0 max_width=32 num_rows=32768 workload=shared_prefix,1.3075360119342803,1.3000576078891755,1.3199952006340026,1.829384020048836,1.3592538833618164,"{""max_width"": ""32"", ""min_width"": ""0"", ""num_rows"": ""32768"", ""workload"": ""shared_prefix""}"
main,pr2-p32-c512,pr-workload,sorted_order_strings_workload,Device=0 min_width=0 max_width=64 num_rows=32768 workload=shared_prefix,2.3574031710624697,2.3460031986236576,2.3615728020668025,0.44647499849197947,1.3592538833618164,"{""max_width"": ""64"", ""min_width"": ""0"", ""num_rows"": ""32768"", ""workload"": ""shared_prefix""}"
main,pr2-p32-c512,pr-workload,sorted_order_strings_workload,Device=0 min_width=0 max_width=128 num_rows=32768 workload=shared_prefix,4.461712074279785,4.458612823486328,4.4729056596755985,0.9717636985896844,1.3592538833618164,"{""max_width"": ""128"", ""min_width"": ""0"", ""num_rows"": ""32768"", ""workload"": ""shared_prefix""}"
main,pr2-p32-c512,pr-workload,sorted_order_strings_workload,Device=0 min_width=0 max_width=256 num_rows=32768 workload=shared_prefix,8.668492746353149,8.631385612487794,8.669745540618896,0.195098111495164,1.3592538833618164,"{""max_width"": ""256"", ""min_width"": ""0"", ""num_rows"": ""32768"", ""workload"": ""shared_prefix""}"
main,pr2-p32-c512,pr-workload,sorted_order_strings_workload,Device=0 min_width=0 max_width=32 num_rows=262144 workload=shared_prefix,6.931316804885864,6.9272495985031135,6.936033558845521,0.2458998535719195,10.811402320861816,"{""max_width"": ""32"", ""min_width"": ""0"", ""num_rows"": ""262144"", ""workload"": ""shared_prefix""}"
main,pr2-p32-c512,pr-workload,sorted_order_strings_workload,Device=0 min_width=0 max_width=64 num_rows=262144 workload=shared_prefix,12.831103992462156,12.828075218200683,12.836672019958495,0.16281831370334107,10.811402320861816,"{""max_width"": ""64"", ""min_width"": ""0"", ""num_rows"": ""262144"", ""workload"": ""shared_prefix""}"
main,pr2-p32-c512,pr-workload,sorted_order_strings_workload,Device=0 min_width=0 max_width=128 num_rows=262144 workload=shared_prefix,24.91177749633789,24.904646015167238,24.927145671844485,0.05780000254298766,10.811402320861816,"{""max_width"": ""128"", ""min_width"": ""0"", ""num_rows"": ""262144"", ""workload"": ""shared_prefix""}"
main,pr2-p32-c512,pr-workload,sorted_order_strings_workload,Device=0 min_width=0 max_width=256 num_rows=262144 workload=shared_prefix,49.069382476806645,49.061127853393565,49.09814205169677,0.04046335113901979,10.811402320861816,"{""max_width"": ""256"", ""min_width"": ""0"", ""num_rows"": ""262144"", ""workload"": ""shared_prefix""}"
main,pr2-p32-c512,pr-workload,sorted_order_strings_workload,Device=0 min_width=0 max_width=32 num_rows=2097152 workload=shared_prefix,67.24780273437499,67.24483680725098,67.27443313598633,0.16856463300138005,86.42761325836182,"{""max_width"": ""32"", ""min_width"": ""0"", ""num_rows"": ""2097152"", ""workload"": ""shared_prefix""}"
main,pr2-p32-c512,pr-workload,sorted_order_strings_workload,Device=0 min_width=0 max_width=64 num_rows=2097152 workload=shared_prefix,133.40246734619143,133.3923141479492,133.41115112304686,0.028502945373081345,86.42761325836182,"{""max_width"": ""64"", ""min_width"": ""0"", ""num_rows"": ""2097152"", ""workload"": ""shared_prefix""}"
main,pr2-p32-c512,pr-workload,sorted_order_strings_workload,Device=0 min_width=0 max_width=128 num_rows=2097152 workload=shared_prefix,265.86866760253906,265.8607070922852,265.8895584106445,0.01691428068442801,86.42761325836182,"{""max_width"": ""128"", ""min_width"": ""0"", ""num_rows"": ""2097152"", ""workload"": ""shared_prefix""}"
main,pr2-p32-c512,pr-workload,sorted_order_strings_workload,Device=0 min_width=0 max_width=256 num_rows=2097152 workload=shared_prefix,531.0731506347656,531.059048461914,531.098294067383,0.011394643313715723,86.42761325836182,"{""max_width"": ""256"", ""min_width"": ""0"", ""num_rows"": ""2097152"", ""workload"": ""shared_prefix""}"
main,pr2-p32-c512,pr-workload,sorted_order_strings_workload,Device=0 min_width=0 max_width=32 num_rows=32768 workload=variable,0.32041759938001635,0.3157743990421295,0.32552480250597,1.649778913424137,1.3592538833618164,"{""max_width"": ""32"", ""min_width"": ""0"", ""num_rows"": ""32768"", ""workload"": ""variable""}"
main,pr2-p32-c512,pr-workload,sorted_order_strings_workload,Device=0 min_width=0 max_width=64 num_rows=32768 workload=variable,0.3311007991433143,0.3282992005348206,0.33862240165472024,0.7509396552951013,1.3592538833618164,"{""max_width"": ""64"", ""min_width"": ""0"", ""num_rows"": ""32768"", ""workload"": ""variable""}"
main,pr2-p32-c512,pr-workload,sorted_order_strings_workload,Device=0 min_width=0 max_width=128 num_rows=32768 workload=variable,0.35469119846820824,0.350822401046753,0.3556687995791435,0.9533500903516181,1.3592538833618164,"{""max_width"": ""128"", ""min_width"": ""0"", ""num_rows"": ""32768"", ""workload"": ""variable""}"
main,pr2-p32-c512,pr-workload,sorted_order_strings_workload,Device=0 min_width=0 max_width=256 num_rows=32768 workload=variable,0.380479995906353,0.37760159522295,0.3816175997257233,1.010836763077725,1.3592538833618164,"{""max_width"": ""256"", ""min_width"": ""0"", ""num_rows"": ""32768"", ""workload"": ""variable""}"
main,pr2-p32-c512,pr-workload,sorted_order_strings_workload,Device=0 min_width=0 max_width=32 num_rows=262144 workload=variable,0.3498975977301598,0.34946720153093336,0.35258079916238777,1.5911347268495235,10.811402320861816,"{""max_width"": ""32"", ""min_width"": ""0"", ""num_rows"": ""262144"", ""workload"": ""variable""}"
main,pr2-p32-c512,pr-workload,sorted_order_strings_workload,Device=0 min_width=0 max_width=64 num_rows=262144 workload=variable,0.3586464002728462,0.35656320452690127,0.36553759872913366,1.186681586607608,10.811402320861816,"{""max_width"": ""64"", ""min_width"": ""0"", ""num_rows"": ""262144"", ""workload"": ""variable""}"
main,pr2-p32-c512,pr-workload,sorted_order_strings_workload,Device=0 min_width=0 max_width=128 num_rows=262144 workload=variable,0.3745904028415679,0.370539203286171,0.3818255990743637,0.7858248960758556,10.811402320861816,"{""max_width"": ""128"", ""min_width"": ""0"", ""num_rows"": ""262144"", ""workload"": ""variable""}"
main,pr2-p32-c512,pr-workload,sorted_order_strings_workload,Device=0 min_width=0 max_width=256 num_rows=262144 workload=variable,0.4242096021771431,0.42272479981184,0.43162239938974384,1.5857200841870842,10.811402320861816,"{""max_width"": ""256"", ""min_width"": ""0"", ""num_rows"": ""262144"", ""workload"": ""variable""}"
main,pr2-p32-c512,pr-workload,sorted_order_strings_workload,Device=0 min_width=0 max_width=32 num_rows=2097152 workload=variable,0.8599824011325836,0.8563423961400985,0.8625551968812943,2.3005070673332075,86.42761325836182,"{""max_width"": ""32"", ""min_width"": ""0"", ""num_rows"": ""2097152"", ""workload"": ""variable""}"
main,pr2-p32-c512,pr-workload,sorted_order_strings_workload,Device=0 min_width=0 max_width=64 num_rows=2097152 workload=variable,0.8234800040721896,0.818156799674034,0.828841596841812,0.6974327400630479,86.42761325836182,"{""max_width"": ""64"", ""min_width"": ""0"", ""num_rows"": ""2097152"", ""workload"": ""variable""}"
main,pr2-p32-c512,pr-workload,sorted_order_strings_workload,Device=0 min_width=0 max_width=128 num_rows=2097152 workload=variable,0.8101584017276762,0.8075327992439271,0.8209919989109037,0.7471726507663103,86.42761325836182,"{""max_width"": ""128"", ""min_width"": ""0"", ""num_rows"": ""2097152"", ""workload"": ""variable""}"
main,pr2-p32-c512,pr-workload,sorted_order_strings_workload,Device=0 min_width=0 max_width=256 num_rows=2097152 workload=variable,0.7822704017162324,0.7817375957965851,0.7882912009954454,0.5685892444333308,86.42761325836182,"{""max_width"": ""256"", ""min_width"": ""0"", ""num_rows"": ""2097152"", ""workload"": ""variable""}"
main,pr1-p32-c4096,target,sorted_order_strings_cardinality,Device=0 num_rows=262144 max_width=32 cardinality=1,0.008038400113582611,0.007588799926452341,0.008473599934950471,10.725271277528227,1.0,"{""cardinality"": ""1"", ""max_width"": ""32"", ""num_rows"": ""262144""}"
main,pr1-p32-c4096,target,sorted_order_strings_cardinality,Device=0 num_rows=2097152 max_width=32 cardinality=1,0.008583999983966351,0.008526399964466691,0.00865759993903339,9.249848937373445,8.0,"{""cardinality"": ""1"", ""max_width"": ""32"", ""num_rows"": ""2097152""}"
main,pr1-p32-c4096,target,sorted_order_strings_cardinality,Device=0 num_rows=262144 max_width=128 cardinality=1,19.561828899383546,19.48389778137207,19.568401622772218,2.866875884459435,9.80456829071045,"{""cardinality"": ""1"", ""max_width"": ""128"", ""num_rows"": ""262144""}"
main,pr1-p32-c4096,target,sorted_order_strings_cardinality,Device=0 num_rows=2097152 max_width=128 cardinality=1,213.64154052734375,213.63027648925782,213.66849441528322,0.0193320654366209,78.37292766571045,"{""cardinality"": ""1"", ""max_width"": ""128"", ""num_rows"": ""2097152""}"
main,pr1-p32-c4096,target,sorted_order_strings_cardinality,Device=0 num_rows=262144 max_width=32 cardinality=64,1.2521920144557954,1.2495392024517058,1.25456640124321,1.6006277060193468,10.804566383361816,"{""cardinality"": ""64"", ""max_width"": ""32"", ""num_rows"": ""262144""}"
main,pr1-p32-c4096,target,sorted_order_strings_cardinality,Device=0 num_rows=2097152 max_width=32 cardinality=64,1.728689604997635,1.7278527915477755,1.7410272002220157,1.3934738650707355,86.37292575836182,"{""cardinality"": ""64"", ""max_width"": ""32"", ""num_rows"": ""2097152""}"
main,pr1-p32-c4096,target,sorted_order_strings_cardinality,Device=0 num_rows=262144 max_width=128 cardinality=64,4.831443190574647,4.823334407806397,4.8468543767929075,0.6008657198195316,10.804566383361816,"{""cardinality"": ""64"", ""max_width"": ""128"", ""num_rows"": ""262144""}"
main,pr1-p32-c4096,target,sorted_order_strings_cardinality,Device=0 num_rows=2097152 max_width=128 cardinality=64,7.011395215988159,7.010217642784119,7.040984034538268,0.4019375817458187,86.37292575836182,"{""cardinality"": ""64"", ""max_width"": ""128"", ""num_rows"": ""2097152""}"
main,pr1-p32-c4096,target,sorted_order_strings_cardinality,Device=0 num_rows=262144 max_width=32 cardinality=0,0.35089920014142983,0.3495359972119331,0.3603151962161064,10.23090406536389,10.804566383361816,"{""cardinality"": ""0"", ""max_width"": ""32"", ""num_rows"": ""262144""}"
main,pr1-p32-c4096,target,sorted_order_strings_cardinality,Device=0 num_rows=2097152 max_width=32 cardinality=0,0.8503424018621444,0.8485584020614624,0.8590960025787353,0.5263823665620438,86.37292575836182,"{""cardinality"": ""0"", ""max_width"": ""32"", ""num_rows"": ""2097152""}"
main,pr1-p32-c4096,target,sorted_order_strings_cardinality,Device=0 num_rows=262144 max_width=128 cardinality=0,0.36840160489082346,0.36837440133094784,0.37795519977807995,1.3230298524686777,10.804566383361816,"{""cardinality"": ""0"", ""max_width"": ""128"", ""num_rows"": ""262144""}"
main,pr1-p32-c4096,target,sorted_order_strings_cardinality,Device=0 num_rows=2097152 max_width=128 cardinality=0,0.7974207997322081,0.7921056002378465,0.8038367986679077,0.9743452634627968,86.37292575836182,"{""cardinality"": ""0"", ""max_width"": ""128"", ""num_rows"": ""2097152""}"
main,pr1-p32-c4096,target,sorted_order_strings_prefixes,Device=0 num_rows=262144 prefix_width=4 suffix_width=32 prefix_cardinality=1,0.3577599957585335,0.35209600180387496,0.36006080359220505,7.12423198493759,10.816484451293945,"{""num_rows"": ""262144"", ""prefix_cardinality"": ""1"", ""prefix_width"": ""4"", ""suffix_width"": ""32""}"
main,pr1-p32-c4096,target,sorted_order_strings_prefixes,Device=0 num_rows=2097152 prefix_width=4 suffix_width=32 prefix_cardinality=1,1.1875951945781704,1.1874111890792844,1.1949120163917542,0.5624453648580303,86.85190010070801,"{""num_rows"": ""2097152"", ""prefix_cardinality"": ""1"", ""prefix_width"": ""4"", ""suffix_width"": ""32""}"
main,pr1-p32-c4096,target,sorted_order_strings_prefixes,Device=0 num_rows=262144 prefix_width=8 suffix_width=32 prefix_cardinality=1,4.039860820770263,4.039219164848328,4.042126393318176,0.13057478972583875,10.804566383361816,"{""num_rows"": ""262144"", ""prefix_cardinality"": ""1"", ""prefix_width"": ""8"", ""suffix_width"": ""32""}"
main,pr1-p32-c4096,target,sorted_order_strings_prefixes,Device=0 num_rows=2097152 prefix_width=8 suffix_width=32 prefix_cardinality=1,34.51815242767333,34.516809463500984,34.52896118164062,0.03487106438892806,86.37292575836182,"{""num_rows"": ""2097152"", ""prefix_cardinality"": ""1"", ""prefix_width"": ""8"", ""suffix_width"": ""32""}"
main,pr1-p32-c4096,target,sorted_order_strings_prefixes,Device=0 num_rows=262144 prefix_width=10 suffix_width=32 prefix_cardinality=1,3.44559999704361,3.44325760602951,3.446592009067536,0.3471126955127474,10.804566383361816,"{""num_rows"": ""262144"", ""prefix_cardinality"": ""1"", ""prefix_width"": ""10"", ""suffix_width"": ""32""}"
main,pr1-p32-c4096,target,sorted_order_strings_prefixes,Device=0 num_rows=2097152 prefix_width=10 suffix_width=32 prefix_cardinality=1,29.890207862854,29.88976459503174,29.898270320892333,0.043103548983280816,86.39924812316895,"{""num_rows"": ""2097152"", ""prefix_cardinality"": ""1"", ""prefix_width"": ""10"", ""suffix_width"": ""32""}"
main,pr1-p32-c4096,target,sorted_order_strings_prefixes,Device=0 num_rows=262144 prefix_width=11 suffix_width=32 prefix_cardinality=1,3.244078385829926,3.24312641620636,3.247083163261414,0.14025694106893014,10.805440902709961,"{""num_rows"": ""262144"", ""prefix_cardinality"": ""1"", ""prefix_width"": ""11"", ""suffix_width"": ""32""}"
main,pr1-p32-c4096,target,sorted_order_strings_prefixes,Device=0 num_rows=2097152 prefix_width=11 suffix_width=32 prefix_cardinality=1,28.390840148925783,28.388422489166253,28.396665859222413,0.03451564114183063,86.44101905822754,"{""num_rows"": ""2097152"", ""prefix_cardinality"": ""1"", ""prefix_width"": ""11"", ""suffix_width"": ""32""}"
main,pr1-p32-c4096,target,sorted_order_strings_prefixes,Device=0 num_rows=262144 prefix_width=12 suffix_width=32 prefix_cardinality=1,3.0470351934432984,3.039518415927887,3.050435221195221,0.6985723587518147,10.816484451293945,"{""num_rows"": ""262144"", ""prefix_cardinality"": ""1"", ""prefix_width"": ""12"", ""suffix_width"": ""32""}"
main,pr1-p32-c4096,target,sorted_order_strings_prefixes,Device=0 num_rows=2097152 prefix_width=12 suffix_width=32 prefix_cardinality=1,27.042567825317388,27.03993120193481,27.04571971893311,0.040734968741784054,86.85190010070801,"{""num_rows"": ""2097152"", ""prefix_cardinality"": ""1"", ""prefix_width"": ""12"", ""suffix_width"": ""32""}"
main,pr1-p32-c4096,target,sorted_order_strings_prefixes,Device=0 num_rows=262144 prefix_width=64 suffix_width=32 prefix_cardinality=1,14.356622409820558,14.353233623504636,14.375011157989498,0.13708414996683863,10.804566383361816,"{""num_rows"": ""262144"", ""prefix_cardinality"": ""1"", ""prefix_width"": ""64"", ""suffix_width"": ""32""}"
main,pr1-p32-c4096,target,sorted_order_strings_prefixes,Device=0 num_rows=2097152 prefix_width=64 suffix_width=32 prefix_cardinality=1,150.2573081970215,150.2400405883789,150.25769424438474,0.0379108569825496,86.37292575836182,"{""num_rows"": ""2097152"", ""prefix_cardinality"": ""1"", ""prefix_width"": ""64"", ""suffix_width"": ""32""}"
main,pr1-p32-c4096,target,sorted_order_strings_prefixes,Device=0 num_rows=262144 prefix_width=4 suffix_width=32 prefix_cardinality=64,0.34971200227737437,0.34664320200681686,0.35060799866914744,3.668966592159357,10.804566383361816,"{""num_rows"": ""262144"", ""prefix_cardinality"": ""64"", ""prefix_width"": ""4"", ""suffix_width"": ""32""}"
main,pr1-p32-c4096,target,sorted_order_strings_prefixes,Device=0 num_rows=2097152 prefix_width=4 suffix_width=32 prefix_cardinality=64,0.5990271985530854,0.5985456019639969,0.6027135998010635,0.7590209687874183,86.37292575836182,"{""num_rows"": ""2097152"", ""prefix_cardinality"": ""64"", ""prefix_width"": ""4"", ""suffix_width"": ""32""}"
main,pr1-p32-c4096,target,sorted_order_strings_prefixes,Device=0 num_rows=262144 prefix_width=8 suffix_width=32 prefix_cardinality=64,0.6566479980945589,0.6565455973148346,0.6625088006258011,0.6396350726710109,10.804566383361816,"{""num_rows"": ""262144"", ""prefix_cardinality"": ""64"", ""prefix_width"": ""8"", ""suffix_width"": ""32""}"
main,pr1-p32-c4096,target,sorted_order_strings_prefixes,Device=0 num_rows=2097152 prefix_width=8 suffix_width=32 prefix_cardinality=64,1.4366928040981293,1.4348080039024353,1.44086080789566,0.47353113840306377,86.37292575836182,"{""num_rows"": ""2097152"", ""prefix_cardinality"": ""64"", ""prefix_width"": ""8"", ""suffix_width"": ""32""}"
main,pr1-p32-c4096,target,sorted_order_strings_prefixes,Device=0 num_rows=262144 prefix_width=10 suffix_width=32 prefix_cardinality=64,0.7271615982055664,0.7253231942653654,0.7337167978286743,0.6724401060506673,10.804566383361816,"{""num_rows"": ""262144"", ""prefix_cardinality"": ""64"", ""prefix_width"": ""10"", ""suffix_width"": ""32""}"
main,pr1-p32-c4096,target,sorted_order_strings_prefixes,Device=0 num_rows=2097152 prefix_width=10 suffix_width=32 prefix_cardinality=64,1.3725696027278902,1.368585580587387,1.3751680016517638,1.3512012387224464,86.37292575836182,"{""num_rows"": ""2097152"", ""prefix_cardinality"": ""64"", ""prefix_width"": ""10"", ""suffix_width"": ""32""}"
main,pr1-p32-c4096,target,sorted_order_strings_prefixes,Device=0 num_rows=262144 prefix_width=11 suffix_width=32 prefix_cardinality=64,0.7719152003526688,0.7707168012857436,0.7804960042238236,0.6176986300865843,10.804566383361816,"{""num_rows"": ""262144"", ""prefix_cardinality"": ""64"", ""prefix_width"": ""11"", ""suffix_width"": ""32""}"
main,pr1-p32-c4096,target,sorted_order_strings_prefixes,Device=0 num_rows=2097152 prefix_width=11 suffix_width=32 prefix_cardinality=64,1.3535999953746796,1.347286403179169,1.360499197244644,1.3263666914408005,86.37292575836182,"{""num_rows"": ""2097152"", ""prefix_cardinality"": ""64"", ""prefix_width"": ""11"", ""suffix_width"": ""32""}"
main,pr1-p32-c4096,target,sorted_order_strings_prefixes,Device=0 num_rows=262144 prefix_width=12 suffix_width=32 prefix_cardinality=64,0.8120352059602738,0.8103455960750579,0.8178944021463395,0.7955404339884762,10.804566383361816,"{""num_rows"": ""262144"", ""prefix_cardinality"": ""64"", ""prefix_width"": ""12"", ""suffix_width"": ""32""}"
main,pr1-p32-c4096,target,sorted_order_strings_prefixes,Device=0 num_rows=2097152 prefix_width=12 suffix_width=32 prefix_cardinality=64,1.3324368000030515,1.331519991159439,1.3430656135082246,1.898586879023641,86.37292575836182,"{""num_rows"": ""2097152"", ""prefix_cardinality"": ""64"", ""prefix_width"": ""12"", ""suffix_width"": ""32""}"
main,pr1-p32-c4096,target,sorted_order_strings_prefixes,Device=0 num_rows=262144 prefix_width=64 suffix_width=32 prefix_cardinality=64,4.424532794952392,4.423131155967712,4.427063965797423,0.4330492257319794,10.804566383361816,"{""num_rows"": ""262144"", ""prefix_cardinality"": ""64"", ""prefix_width"": ""64"", ""suffix_width"": ""32""}"
main,pr1-p32-c4096,target,sorted_order_strings_prefixes,Device=0 num_rows=2097152 prefix_width=64 suffix_width=32 prefix_cardinality=64,6.017849564552307,6.017199993133544,6.033004784584047,0.47930960475653883,86.37292575836182,"{""num_rows"": ""2097152"", ""prefix_cardinality"": ""64"", ""prefix_width"": ""64"", ""suffix_width"": ""32""}"
main,pr1-p32-c4096,main,sorted_order_strings,Device=0 min_width=1 max_width=8 num_rows=32768,0.23885279968380926,0.23757440075278283,0.23971360027790065,2.4758768431104423,1.3583993911743164,"{""max_width"": ""8"", ""min_width"": ""1"", ""num_rows"": ""32768""}"
main,pr1-p32-c4096,main,sorted_order_strings,Device=0 min_width=1 max_width=32 num_rows=32768,0.37302720248699184,0.3721136018633842,0.37817280143499377,0.848723488046316,1.3784618377685547,"{""max_width"": ""32"", ""min_width"": ""1"", ""num_rows"": ""32768""}"
main,pr1-p32-c4096,main,sorted_order_strings,Device=0 min_width=1 max_width=64 num_rows=32768,0.45879040062427523,0.4559151977300644,0.46498399823904035,0.9218985006254307,1.380025863647461,"{""max_width"": ""64"", ""min_width"": ""1"", ""num_rows"": ""32768""}"
main,pr1-p32-c4096,main,sorted_order_strings,Device=0 min_width=1 max_width=128 num_rows=32768,0.6910064041614533,0.6900463968515396,0.700671997666359,0.4950020250425384,1.3804645538330078,"{""max_width"": ""128"", ""min_width"": ""1"", ""num_rows"": ""32768""}"
main,pr1-p32-c4096,main,sorted_order_strings,Device=0 min_width=1 max_width=256 num_rows=32768,0.986878398060799,0.9868511945009232,0.9925711959600446,0.460897207668369,1.380483627319336,"{""max_width"": ""256"", ""min_width"": ""1"", ""num_rows"": ""32768""}"
main,pr1-p32-c4096,main,sorted_order_strings,Device=0 min_width=1 max_width=8 num_rows=262144,0.2764063999056816,0.27448319941759114,0.28132160007953644,1.4083411793131817,10.804566383361816,"{""max_width"": ""8"", ""min_width"": ""1"", ""num_rows"": ""262144""}"
main,pr1-p32-c4096,main,sorted_order_strings,Device=0 min_width=1 max_width=32 num_rows=262144,0.5110592007637026,0.5067647993564606,0.5124495953321456,0.9689254065102493,10.804566383361816,"{""max_width"": ""32"", ""min_width"": ""1"", ""num_rows"": ""262144""}"
main,pr1-p32-c4096,main,sorted_order_strings,Device=0 min_width=1 max_width=64 num_rows=262144,0.7023535966873168,0.7000624030828476,0.7041135936975479,1.7503141117206549,10.804566383361816,"{""max_width"": ""64"", ""min_width"": ""1"", ""num_rows"": ""262144""}"
main,pr1-p32-c4096,main,sorted_order_strings,Device=0 min_width=1 max_width=128 num_rows=262144,1.259238409996033,1.2541856050491338,1.2947264075279235,4.322007757059932,10.804566383361816,"{""max_width"": ""128"", ""min_width"": ""1"", ""num_rows"": ""262144""}"
main,pr1-p32-c4096,main,sorted_order_strings,Device=0 min_width=1 max_width=256 num_rows=262144,2.7168975949287413,2.704790425300598,2.761342406272888,4.96676349608255,10.804566383361816,"{""max_width"": ""256"", ""min_width"": ""1"", ""num_rows"": ""262144""}"
main,pr1-p32-c4096,main,sorted_order_strings,Device=0 min_width=1 max_width=8 num_rows=2097152,0.6085215985774994,0.6043487936258318,0.6167551934719087,1.1163794169038705,86.37292575836182,"{""max_width"": ""8"", ""min_width"": ""1"", ""num_rows"": ""2097152""}"
main,pr1-p32-c4096,main,sorted_order_strings,Device=0 min_width=1 max_width=32 num_rows=2097152,1.949009597301483,1.937265604734421,1.950159996747971,1.0425644547913064,86.37292575836182,"{""max_width"": ""32"", ""min_width"": ""1"", ""num_rows"": ""2097152""}"
main,pr1-p32-c4096,main,sorted_order_strings,Device=0 min_width=1 max_width=64 num_rows=2097152,4.122043251991272,4.114833641052246,4.1356271982193,1.0375307340544255,86.37292575836182,"{""max_width"": ""64"", ""min_width"": ""1"", ""num_rows"": ""2097152""}"
main,pr1-p32-c4096,main,sorted_order_strings,Device=0 min_width=1 max_width=128 num_rows=2097152,11.045959901809693,11.025673580169679,11.121359920501709,1.509595330751135,86.37292575836182,"{""max_width"": ""128"", ""min_width"": ""1"", ""num_rows"": ""2097152""}"
main,pr1-p32-c4096,main,sorted_order_strings,Device=0 min_width=1 max_width=256 num_rows=2097152,32.4748948097229,32.429513645172115,32.547389888763426,1.8181540840769037,86.37292575836182,"{""max_width"": ""256"", ""min_width"": ""1"", ""num_rows"": ""2097152""}"
main,pr1-p32-c4096,main,sorted_order_strings,Device=0 min_width=1 max_width=8 num_rows=16777216,2.3352368116378783,2.3329519987106324,2.3375743865966796,0.40568161663388763,690.9158945083618,"{""max_width"": ""8"", ""min_width"": ""1"", ""num_rows"": ""16777216""}"
main,pr1-p32-c4096,main,sorted_order_strings,Device=0 min_width=1 max_width=32 num_rows=16777216,8.056072092056274,8.036916732788086,8.058323264122008,0.5131352445340946,690.9158945083618,"{""max_width"": ""32"", ""min_width"": ""1"", ""num_rows"": ""16777216""}"
main,pr1-p32-c4096,main,sorted_order_strings,Device=0 min_width=1 max_width=64 num_rows=16777216,17.08112478256226,17.040272045135495,17.108967876434324,0.634857617205944,690.9158945083618,"{""max_width"": ""64"", ""min_width"": ""1"", ""num_rows"": ""16777216""}"
main,pr1-p32-c4096,main,sorted_order_strings,Device=0 min_width=1 max_width=128 num_rows=16777216,41.4225103378296,41.371656036376955,41.433641624450686,0.6508611795555282,690.9158945083618,"{""max_width"": ""128"", ""min_width"": ""1"", ""num_rows"": ""16777216""}"
main,pr1-p32-c4096,main,sorted_order_strings,Device=0 min_width=1 max_width=256 num_rows=16777216,102.38071022033692,102.28825454711914,102.59714622497559,0.7376849176273113,690.9158945083618,"{""max_width"": ""256"", ""min_width"": ""1"", ""num_rows"": ""16777216""}"
main,pr1-p32-c4096,main,sorted_order_strings_distribution,Device=0 num_rows=262144 profile=cardinality_1_width_32,0.007628799974918365,0.007158400001935662,0.022193600167520342,308.0076074195745,1.0,"{""num_rows"": ""262144"", ""profile"": ""cardinality_1_width_32""}"
main,pr1-p32-c4096,main,sorted_order_strings_distribution,Device=0 num_rows=2097152 profile=cardinality_1_width_32,0.008988799899816512,0.008678400097414852,0.009980800002813338,44.54059931657313,8.0,"{""num_rows"": ""2097152"", ""profile"": ""cardinality_1_width_32""}"
main,pr1-p32-c4096,main,sorted_order_strings_distribution,Device=0 num_rows=262144 profile=cardinality_64_width_128,4.824867200851441,4.815601658821105,4.873736000061036,0.42062787913286337,10.804566383361816,"{""num_rows"": ""262144"", ""profile"": ""cardinality_64_width_128""}"
main,pr1-p32-c4096,main,sorted_order_strings_distribution,Device=0 num_rows=2097152 profile=cardinality_64_width_128,7.034438419342043,7.026070451736451,7.057859206199645,0.3237671745428779,86.37292575836182,"{""num_rows"": ""2097152"", ""profile"": ""cardinality_64_width_128""}"
main,pr1-p32-c4096,main,sorted_order_strings_distribution,Device=0 num_rows=262144 profile=shared_prefix_64,14.360617637634276,14.354412841796874,14.373443222045895,0.08972302853085158,10.804566383361816,"{""num_rows"": ""262144"", ""profile"": ""shared_prefix_64""}"
main,pr1-p32-c4096,main,sorted_order_strings_distribution,Device=0 num_rows=2097152 profile=shared_prefix_64,150.26046829223634,150.24829940795897,150.31774673461913,0.09089130722982436,86.37292575836182,"{""num_rows"": ""2097152"", ""profile"": ""shared_prefix_64""}"
main,pr1-p32-c4096,main,sorted_order_strings_distribution,Device=0 num_rows=262144 profile=variable_128,0.37486879676580426,0.36672959774732583,0.37541600018739696,1.4028754458290487,10.804566383361816,"{""num_rows"": ""262144"", ""profile"": ""variable_128""}"
main,pr1-p32-c4096,main,sorted_order_strings_distribution,Device=0 num_rows=2097152 profile=variable_128,0.8015759974718094,0.792324796319008,0.8017392009496688,0.7718302469769842,86.37292575836182,"{""num_rows"": ""2097152"", ""profile"": ""variable_128""}"
main,pr1-p32-c4096,main,sorted_order_strings_nulls,Device=0 num_rows=262144 profile=fixed_8 null_percent=0,0.30352640151977534,0.2996480032801628,0.30910719931125646,1.21004711399831,10.804566383361816,"{""null_percent"": ""0"", ""num_rows"": ""262144"", ""profile"": ""fixed_8""}"
main,pr1-p32-c4096,main,sorted_order_strings_nulls,Device=0 num_rows=2097152 profile=fixed_8 null_percent=0,0.8617728084325792,0.8591471999883653,0.8651327997446061,3.6034563091160168,86.37292575836182,"{""null_percent"": ""0"", ""num_rows"": ""2097152"", ""profile"": ""fixed_8""}"
main,pr1-p32-c4096,main,sorted_order_strings_nulls,Device=0 num_rows=262144 profile=variable_128 null_percent=0,0.37020000219345095,0.36436160057783124,0.37740319967269903,0.9856475756697587,10.804566383361816,"{""null_percent"": ""0"", ""num_rows"": ""262144"", ""profile"": ""variable_128""}"
main,pr1-p32-c4096,main,sorted_order_strings_nulls,Device=0 num_rows=2097152 profile=variable_128 null_percent=0,0.7970784097909928,0.7953856021165847,0.8084032028913498,0.7648003162783977,86.37292575836182,"{""null_percent"": ""0"", ""num_rows"": ""2097152"", ""profile"": ""variable_128""}"
main,pr1-p32-c4096,main,sorted_order_strings_nulls,Device=0 num_rows=262144 profile=fixed_8 null_percent=50,0.35584640055894845,0.3539759963750839,0.3629280000925064,1.5635493770975653,6.538372993469238,"{""null_percent"": ""50"", ""num_rows"": ""262144"", ""profile"": ""fixed_8""}"
main,pr1-p32-c4096,main,sorted_order_strings_nulls,Device=0 num_rows=2097152 profile=fixed_8 null_percent=50,0.7793919980525968,0.7771584004163742,0.7859360009431838,0.8525462867820491,52.20299243927002,"{""null_percent"": ""50"", ""num_rows"": ""2097152"", ""profile"": ""fixed_8""}"
main,pr1-p32-c4096,main,sorted_order_strings_nulls,Device=0 num_rows=262144 profile=variable_128 null_percent=50,0.3949535995721817,0.3922672003507614,0.40783360004425045,1.0058270518186934,6.538372993469238,"{""null_percent"": ""50"", ""num_rows"": ""262144"", ""profile"": ""variable_128""}"
main,pr1-p32-c4096,main,sorted_order_strings_nulls,Device=0 num_rows=2097152 profile=variable_128 null_percent=50,0.5452015936374663,0.5435247927904128,0.5518399983644484,0.7155534749000703,52.20299243927002,"{""null_percent"": ""50"", ""num_rows"": ""2097152"", ""profile"": ""variable_128""}"
main,pr1-p32-c4096,main,sorted_order_strings_nulls,Device=0 num_rows=262144 profile=fixed_8 null_percent=100,0.007193599990569055,0.0070383999496698366,0.007419200008735061,5.180848943844127,1.0,"{""null_percent"": ""100"", ""num_rows"": ""262144"", ""profile"": ""fixed_8""}"
main,pr1-p32-c4096,main,sorted_order_strings_nulls,Device=0 num_rows=2097152 profile=fixed_8 null_percent=100,0.008619200019165872,0.008576000016182663,0.008793599996715785,8.219408084106348,8.0,"{""null_percent"": ""100"", ""num_rows"": ""2097152"", ""profile"": ""fixed_8""}"
main,pr1-p32-c4096,main,sorted_order_strings_nulls,Device=0 num_rows=262144 profile=variable_128 null_percent=100,0.007454400020651516,0.007143999985419213,0.007886399957351386,13.39206504055332,1.0,"{""null_percent"": ""100"", ""num_rows"": ""262144"", ""profile"": ""variable_128""}"
main,pr1-p32-c4096,main,sorted_order_strings_nulls,Device=0 num_rows=2097152 profile=variable_128 null_percent=100,0.00871999990195036,0.00848479997366667,0.008907200023531913,15.18840553949033,8.0,"{""null_percent"": ""100"", ""num_rows"": ""2097152"", ""profile"": ""variable_128""}"
main,pr1-p32-c4096,end-to-end,sort_strings_workload,Device=0 min_width=0 max_width=32 num_rows=262144 workload=normal,0.6043152004480361,0.6042831927537918,0.6184351980686187,1.436240373148651,10.804566383361816,"{""max_width"": ""32"", ""min_width"": ""0"", ""num_rows"": ""262144"", ""workload"": ""normal""}"
main,pr1-p32-c4096,end-to-end,sort_strings_workload,Device=0 min_width=0 max_width=256 num_rows=262144 workload=normal,2.7183888196945185,2.712545609474182,2.790315186977387,5.665332868077087,33.687255859375,"{""max_width"": ""256"", ""min_width"": ""0"", ""num_rows"": ""262144"", ""workload"": ""normal""}"
main,pr1-p32-c4096,end-to-end,sort_strings_workload,Device=0 min_width=0 max_width=32 num_rows=2097152 workload=normal,2.227622401714325,2.2234848141670223,2.229931223392486,0.9965537532383786,95.72902488708496,"{""max_width"": ""32"", ""min_width"": ""0"", ""num_rows"": ""2097152"", ""workload"": ""normal""}"
main,pr1-p32-c4096,end-to-end,sort_strings_workload,Device=0 min_width=0 max_width=256 num_rows=2097152 workload=normal,32.69003829956054,32.60804786682129,32.7390718460083,1.660072852659001,269.3055658340454,"{""max_width"": ""256"", ""min_width"": ""0"", ""num_rows"": ""2097152"", ""workload"": ""normal""}"
main,pr1-p32-c4096,end-to-end,sort_strings_workload,Device=0 min_width=0 max_width=32 num_rows=262144 workload=duplicates,1.2735631942749024,1.2720608174800874,1.2847472071647645,0.7604635927718629,10.804566383361816,"{""max_width"": ""32"", ""min_width"": ""0"", ""num_rows"": ""262144"", ""workload"": ""duplicates""}"
main,pr1-p32-c4096,end-to-end,sort_strings_workload,Device=0 min_width=0 max_width=256 num_rows=262144 workload=duplicates,9.23953604698181,9.228424072265625,9.283939170837401,0.4623938437302741,34.63582420349121,"{""max_width"": ""256"", ""min_width"": ""0"", ""num_rows"": ""262144"", ""workload"": ""duplicates""}"
main,pr1-p32-c4096,end-to-end,sort_strings_workload,Device=0 min_width=0 max_width=32 num_rows=2097152 workload=duplicates,2.1842304110527038,2.175993609428406,2.1906703948974604,0.59840877011922,96.68649291992188,"{""max_width"": ""32"", ""min_width"": ""0"", ""num_rows"": ""2097152"", ""workload"": ""duplicates""}"
main,pr1-p32-c4096,end-to-end,sort_strings_workload,Device=0 min_width=0 max_width=256 num_rows=2097152 workload=duplicates,14.2731201171875,14.269622325897217,14.302291250228883,0.4435816830005445,277.07898902893066,"{""max_width"": ""256"", ""min_width"": ""0"", ""num_rows"": ""2097152"", ""workload"": ""duplicates""}"
main,pr1-p32-c4096,end-to-end,sort_strings_workload,Device=0 min_width=0 max_width=32 num_rows=262144 workload=shared_prefix,7.055084800720213,7.046705603599548,7.059398341178894,0.45906568132456343,10.804566383361816,"{""max_width"": ""32"", ""min_width"": ""0"", ""num_rows"": ""262144"", ""workload"": ""shared_prefix""}"
main,pr1-p32-c4096,end-to-end,sort_strings_workload,Device=0 min_width=0 max_width=256 num_rows=262144 workload=shared_prefix,49.275060462951664,49.24606857299806,49.308906936645506,0.2549387981321696,65.03126335144043,"{""max_width"": ""256"", ""min_width"": ""0"", ""num_rows"": ""262144"", ""workload"": ""shared_prefix""}"
main,pr1-p32-c4096,end-to-end,sort_strings_workload,Device=0 min_width=0 max_width=32 num_rows=2097152 workload=shared_prefix,67.80654029846193,67.79855728149414,67.81439247131347,0.04771984377303569,120.06652927398682,"{""max_width"": ""32"", ""min_width"": ""0"", ""num_rows"": ""2097152"", ""workload"": ""shared_prefix""}"
main,pr1-p32-c4096,end-to-end,sort_strings_workload,Device=0 min_width=0 max_width=256 num_rows=2097152 workload=shared_prefix,531.8289703369142,531.8129821777344,531.8747772216798,0.011078142619276844,520.2527341842651,"{""max_width"": ""256"", ""min_width"": ""0"", ""num_rows"": ""2097152"", ""workload"": ""shared_prefix""}"
main,pr1-p32-c4096,end-to-end,sort_strings_workload,Device=0 min_width=0 max_width=32 num_rows=262144 workload=variable,0.4514224022626876,0.4488416016101838,0.45784480422735213,1.1246341720845385,10.804566383361816,"{""max_width"": ""32"", ""min_width"": ""0"", ""num_rows"": ""262144"", ""workload"": ""variable""}"
main,pr1-p32-c4096,end-to-end,sort_strings_workload,Device=0 min_width=0 max_width=256 num_rows=262144 workload=variable,0.5535535991191863,0.5517919987440111,0.559264001250267,0.7234446627908165,34.01968002319336,"{""max_width"": ""256"", ""min_width"": ""0"", ""num_rows"": ""262144"", ""workload"": ""variable""}"
main,pr1-p32-c4096,end-to-end,sort_strings_workload,Device=0 min_width=0 max_width=32 num_rows=2097152 workload=variable,1.2488928139209747,1.243209594488144,1.2562559843063354,2.0720155712262356,96.05874729156494,"{""max_width"": ""32"", ""min_width"": ""0"", ""num_rows"": ""2097152"", ""workload"": ""variable""}"
main,pr1-p32-c4096,end-to-end,sort_strings_workload,Device=0 min_width=0 max_width=256 num_rows=2097152 workload=variable,1.3628768086433412,1.3611711919307712,1.369339203834534,0.41240791942245175,272.17790508270264,"{""max_width"": ""256"", ""min_width"": ""0"", ""num_rows"": ""2097152"", ""workload"": ""variable""}"
main,pr2-p32-c128,target,sorted_order_strings_cardinality,Device=0 num_rows=262144 max_width=32 cardinality=1,0.008172800042666494,0.00813919990323484,0.008311999985016883,8.552969629238731,1.0,"{""cardinality"": ""1"", ""max_width"": ""32"", ""num_rows"": ""262144""}"
main,pr2-p32-c128,target,sorted_order_strings_cardinality,Device=0 num_rows=2097152 max_width=32 cardinality=1,0.00863359998911619,0.008627199940383433,0.008867199998348955,4.640621101104248,8.0,"{""cardinality"": ""1"", ""max_width"": ""32"", ""num_rows"": ""2097152""}"
main,pr2-p32-c128,target,sorted_order_strings_cardinality,Device=0 num_rows=262144 max_width=128 cardinality=1,19.537878227233886,19.533353519439697,19.570817852020266,2.3683846558695336,9.83484172821045,"{""cardinality"": ""1"", ""max_width"": ""128"", ""num_rows"": ""262144""}"
main,pr2-p32-c128,target,sorted_order_strings_cardinality,Device=0 num_rows=2097152 max_width=128 cardinality=1,213.65803833007817,213.642805480957,213.70048751831055,0.043427957413089475,78.61511516571045,"{""cardinality"": ""1"", ""max_width"": ""128"", ""num_rows"": ""2097152""}"
main,pr2-p32-c128,target,sorted_order_strings_cardinality,Device=0 num_rows=262144 max_width=32 cardinality=64,0.7427231967449189,0.7400703966617584,0.7457567989826204,1.6138578785907032,10.834839820861816,"{""cardinality"": ""64"", ""max_width"": ""32"", ""num_rows"": ""262144""}"
main,pr2-p32-c128,target,sorted_order_strings_cardinality,Device=0 num_rows=2097152 max_width=32 cardinality=64,1.7362639963626862,1.7311615943908687,1.7373087942600252,0.6427119546768078,86.61511325836182,"{""cardinality"": ""64"", ""max_width"": ""32"", ""num_rows"": ""2097152""}"
main,pr2-p32-c128,target,sorted_order_strings_cardinality,Device=0 num_rows=262144 max_width=128 cardinality=64,2.419643187522888,2.399201619625092,2.421254408359527,0.695979907774233,10.834839820861816,"{""cardinality"": ""64"", ""max_width"": ""128"", ""num_rows"": ""262144""}"
main,pr2-p32-c128,target,sorted_order_strings_cardinality,Device=0 num_rows=2097152 max_width=128 cardinality=64,7.046447992324829,7.011089611053466,7.058526396751405,0.5105464087834575,86.61511325836182,"{""cardinality"": ""64"", ""max_width"": ""128"", ""num_rows"": ""2097152""}"
main,pr2-p32-c128,target,sorted_order_strings_cardinality,Device=0 num_rows=262144 max_width=32 cardinality=0,0.35405599772930146,0.3500607982277871,0.3707472026348113,2.7128533388399587,10.834839820861816,"{""cardinality"": ""0"", ""max_width"": ""32"", ""num_rows"": ""262144""}"
main,pr2-p32-c128,target,sorted_order_strings_cardinality,Device=0 num_rows=2097152 max_width=32 cardinality=0,0.8701312035322188,0.857083198428154,1.002790403366089,10.5378359914362,86.61511325836182,"{""cardinality"": ""0"", ""max_width"": ""32"", ""num_rows"": ""2097152""}"
main,pr2-p32-c128,target,sorted_order_strings_cardinality,Device=0 num_rows=262144 max_width=128 cardinality=0,0.38374400287866584,0.3738511979579926,0.39897599816322327,1.3265686430490486,10.834839820861816,"{""cardinality"": ""0"", ""max_width"": ""128"", ""num_rows"": ""262144""}"
main,pr2-p32-c128,target,sorted_order_strings_cardinality,Device=0 num_rows=2097152 max_width=128 cardinality=0,0.8223951995372774,0.8134399890899658,0.8298223942518236,0.740580231097406,86.61511325836182,"{""cardinality"": ""0"", ""max_width"": ""128"", ""num_rows"": ""2097152""}"
main,pr2-p32-c128,target,sorted_order_strings_prefixes,Device=0 num_rows=262144 prefix_width=4 suffix_width=32 prefix_cardinality=1,0.36835839748382576,0.3600640028715134,0.37307679951190953,6.652711372017102,10.844755172729492,"{""num_rows"": ""262144"", ""prefix_cardinality"": ""1"", ""prefix_width"": ""4"", ""suffix_width"": ""32""}"
main,pr2-p32-c128,target,sorted_order_strings_prefixes,Device=0 num_rows=2097152 prefix_width=4 suffix_width=32 prefix_cardinality=1,1.194756799936295,1.1817200005054476,1.2013647973537447,0.3918857657048998,87.07955360412598,"{""num_rows"": ""2097152"", ""prefix_cardinality"": ""1"", ""prefix_width"": ""4"", ""suffix_width"": ""32""}"
main,pr2-p32-c128,target,sorted_order_strings_prefixes,Device=0 num_rows=262144 prefix_width=8 suffix_width=32 prefix_cardinality=1,4.043371176719665,4.038577580451965,4.046705627441407,0.18899116895271198,10.834839820861816,"{""num_rows"": ""262144"", ""prefix_cardinality"": ""1"", ""prefix_width"": ""8"", ""suffix_width"": ""32""}"
main,pr2-p32-c128,target,sorted_order_strings_prefixes,Device=0 num_rows=2097152 prefix_width=8 suffix_width=32 prefix_cardinality=1,34.52297439575196,34.51579685211181,34.53336772918702,0.03832133954806403,86.61511325836182,"{""num_rows"": ""2097152"", ""prefix_cardinality"": ""1"", ""prefix_width"": ""8"", ""suffix_width"": ""32""}"
main,pr2-p32-c128,target,sorted_order_strings_prefixes,Device=0 num_rows=262144 prefix_width=10 suffix_width=32 prefix_cardinality=1,3.450465595722198,3.444123184680939,3.453062391281128,0.17256849707905972,10.834839820861816,"{""num_rows"": ""262144"", ""prefix_cardinality"": ""1"", ""prefix_width"": ""10"", ""suffix_width"": ""32""}"
main,pr2-p32-c128,target,sorted_order_strings_prefixes,Device=0 num_rows=2097152 prefix_width=10 suffix_width=32 prefix_cardinality=1,29.90211029052734,29.890057659149168,29.902374362945555,0.03896274954809963,86.62821769714355,"{""num_rows"": ""2097152"", ""prefix_cardinality"": ""1"", ""prefix_width"": ""10"", ""suffix_width"": ""32""}"
main,pr2-p32-c128,target,sorted_order_strings_prefixes,Device=0 num_rows=262144 prefix_width=11 suffix_width=32 prefix_cardinality=1,3.2543264150619504,3.2523327589035036,3.2545199871063235,0.13298053630146747,10.834839820861816,"{""num_rows"": ""262144"", ""prefix_cardinality"": ""1"", ""prefix_width"": ""11"", ""suffix_width"": ""32""}"
main,pr2-p32-c128,target,sorted_order_strings_prefixes,Device=0 num_rows=2097152 prefix_width=11 suffix_width=32 prefix_cardinality=1,28.400180816650394,28.387737464904788,28.40134572982788,0.03822740484018213,86.66911125183105,"{""num_rows"": ""2097152"", ""prefix_cardinality"": ""1"", ""prefix_width"": ""11"", ""suffix_width"": ""32""}"
main,pr2-p32-c128,target,sorted_order_strings_prefixes,Device=0 num_rows=262144 prefix_width=12 suffix_width=32 prefix_cardinality=1,3.0537312150001528,3.0505776405334473,3.0537423968315114,1.0055746758959943,10.844755172729492,"{""num_rows"": ""262144"", ""prefix_cardinality"": ""1"", ""prefix_width"": ""12"", ""suffix_width"": ""32""}"
main,pr2-p32-c128,target,sorted_order_strings_prefixes,Device=0 num_rows=2097152 prefix_width=12 suffix_width=32 prefix_cardinality=1,27.052260684967038,27.04072799682617,27.052611064910888,0.04425084077745587,87.07955360412598,"{""num_rows"": ""2097152"", ""prefix_cardinality"": ""1"", ""prefix_width"": ""12"", ""suffix_width"": ""32""}"
main,pr2-p32-c128,target,sorted_order_strings_prefixes,Device=0 num_rows=262144 prefix_width=64 suffix_width=32 prefix_cardinality=1,14.376953601837156,14.36269121170044,14.3782928943634,0.092422145933843,10.834839820861816,"{""num_rows"": ""262144"", ""prefix_cardinality"": ""1"", ""prefix_width"": ""64"", ""suffix_width"": ""32""}"
main,pr2-p32-c128,target,sorted_order_strings_prefixes,Device=0 num_rows=2097152 prefix_width=64 suffix_width=32 prefix_cardinality=1,150.25498275756834,150.24310607910158,150.25968017578123,0.01876948141967167,86.61511325836182,"{""num_rows"": ""2097152"", ""prefix_cardinality"": ""1"", ""prefix_width"": ""64"", ""suffix_width"": ""32""}"
main,pr2-p32-c128,target,sorted_order_strings_prefixes,Device=0 num_rows=262144 prefix_width=4 suffix_width=32 prefix_cardinality=64,0.34904800355434423,0.34770079851150515,0.3545567974448204,7.8731507031453,10.834839820861816,"{""num_rows"": ""262144"", ""prefix_cardinality"": ""64"", ""prefix_width"": ""4"", ""suffix_width"": ""32""}"
main,pr2-p32-c128,target,sorted_order_strings_prefixes,Device=0 num_rows=2097152 prefix_width=4 suffix_width=32 prefix_cardinality=64,0.6072064042091369,0.6005776017904282,0.6091951966285706,0.7307826401433227,86.61511325836182,"{""num_rows"": ""2097152"", ""prefix_cardinality"": ""64"", ""prefix_width"": ""4"", ""suffix_width"": ""32""}"
main,pr2-p32-c128,target,sorted_order_strings_prefixes,Device=0 num_rows=262144 prefix_width=8 suffix_width=32 prefix_cardinality=64,0.5658943951129912,0.5609199970960618,0.5672383934259415,0.8433930705219859,10.834839820861816,"{""num_rows"": ""262144"", ""prefix_cardinality"": ""64"", ""prefix_width"": ""8"", ""suffix_width"": ""32""}"
main,pr2-p32-c128,target,sorted_order_strings_prefixes,Device=0 num_rows=2097152 prefix_width=8 suffix_width=32 prefix_cardinality=64,1.4406736075878146,1.4402783930301668,1.445255994796753,0.7507065077449814,86.61511325836182,"{""num_rows"": ""2097152"", ""prefix_cardinality"": ""64"", ""prefix_width"": ""8"", ""suffix_width"": ""32""}"
main,pr2-p32-c128,target,sorted_order_strings_prefixes,Device=0 num_rows=262144 prefix_width=10 suffix_width=32 prefix_cardinality=64,0.5580511987209319,0.5443760037422181,0.5586207985877992,1.442987669748285,10.834839820861816,"{""num_rows"": ""262144"", ""prefix_cardinality"": ""64"", ""prefix_width"": ""10"", ""suffix_width"": ""32""}"
main,pr2-p32-c128,target,sorted_order_strings_prefixes,Device=0 num_rows=2097152 prefix_width=10 suffix_width=32 prefix_cardinality=64,1.3741584122180937,1.3722992062568664,1.3889504134654997,1.704319448553836,86.61511325836182,"{""num_rows"": ""2097152"", ""prefix_cardinality"": ""64"", ""prefix_width"": ""10"", ""suffix_width"": ""32""}"
main,pr2-p32-c128,target,sorted_order_strings_prefixes,Device=0 num_rows=262144 prefix_width=11 suffix_width=32 prefix_cardinality=64,0.5506623953580855,0.5444064080715181,0.5533104002475739,0.5702189489056275,10.834839820861816,"{""num_rows"": ""262144"", ""prefix_cardinality"": ""64"", ""prefix_width"": ""11"", ""suffix_width"": ""32""}"
main,pr2-p32-c128,target,sorted_order_strings_prefixes,Device=0 num_rows=2097152 prefix_width=11 suffix_width=32 prefix_cardinality=64,1.3572912096977232,1.3488528013229373,1.3576608180999754,0.5855934866005319,86.61511325836182,"{""num_rows"": ""2097152"", ""prefix_cardinality"": ""64"", ""prefix_width"": ""11"", ""suffix_width"": ""32""}"
main,pr2-p32-c128,target,sorted_order_strings_prefixes,Device=0 num_rows=262144 prefix_width=12 suffix_width=32 prefix_cardinality=64,0.5432047963142396,0.5336687982082368,0.5438832014799118,1.25744569680593,10.834839820861816,"{""num_rows"": ""262144"", ""prefix_cardinality"": ""64"", ""prefix_width"": ""12"", ""suffix_width"": ""32""}"
main,pr2-p32-c128,target,sorted_order_strings_prefixes,Device=0 num_rows=2097152 prefix_width=12 suffix_width=32 prefix_cardinality=64,1.3420544028282164,1.3307680010795593,1.343270409107208,1.6711756641976092,86.61511325836182,"{""num_rows"": ""2097152"", ""prefix_cardinality"": ""64"", ""prefix_width"": ""12"", ""suffix_width"": ""32""}"
main,pr2-p32-c128,target,sorted_order_strings_prefixes,Device=0 num_rows=262144 prefix_width=64 suffix_width=32 prefix_cardinality=64,1.7579584062099451,1.7283071875572202,1.76056159734726,1.1812584140113194,10.834839820861816,"{""num_rows"": ""262144"", ""prefix_cardinality"": ""64"", ""prefix_width"": ""64"", ""suffix_width"": ""32""}"
main,pr2-p32-c128,target,sorted_order_strings_prefixes,Device=0 num_rows=2097152 prefix_width=64 suffix_width=32 prefix_cardinality=64,6.033931159973143,6.026296019554138,6.038276720046998,0.30832428453433813,86.61511325836182,"{""num_rows"": ""2097152"", ""prefix_cardinality"": ""64"", ""prefix_width"": ""64"", ""suffix_width"": ""32""}"
main,prefix,pr-diagnostics,sorted_order_strings_segmented_diagnostics,Device=0 num_rows=262144 profile=finish_257,0.48529279977083206,0.48439520150423043,0.4866911992430687,0.3601782909513499,4.00056266784668,"{""num_rows"": ""262144"", ""profile"": ""finish_257""}"
main,prefix,pr-diagnostics,sorted_order_strings_segmented_diagnostics,Device=0 num_rows=2097152 profile=finish_257,0.7819295972585677,0.7803824007511139,0.7841744005680082,0.7853871017255482,32.00227165222168,"{""num_rows"": ""2097152"", ""profile"": ""finish_257""}"
main,prefix,pr-diagnostics,sorted_order_strings_segmented_diagnostics,Device=0 num_rows=262144 profile=finish_1024,0.6033664017915725,0.6028768062591553,0.6050015956163406,0.15638836290398248,4.00056266784668,"{""num_rows"": ""262144"", ""profile"": ""finish_1024""}"
main,prefix,pr-diagnostics,sorted_order_strings_segmented_diagnostics,Device=0 num_rows=2097152 profile=finish_1024,0.9252527952194215,0.9219823956489566,0.9265439957380293,0.6342422709872584,32.00227165222168,"{""num_rows"": ""2097152"", ""profile"": ""finish_1024""}"
main,prefix,pr-diagnostics,sorted_order_strings_segmented_diagnostics,Device=0 num_rows=262144 profile=finish_4096,0.9171600043773652,0.9132079958915712,0.9201983988285064,0.9945931103569663,4.00056266784668,"{""num_rows"": ""262144"", ""profile"": ""finish_4096""}"
main,prefix,pr-diagnostics,sorted_order_strings_segmented_diagnostics,Device=0 num_rows=2097152 profile=finish_4096,1.228828799724579,1.2218144059181215,1.2329183936119077,0.9041530489839507,32.00227165222168,"{""num_rows"": ""2097152"", ""profile"": ""finish_4096""}"
main,prefix,pr-diagnostics,sorted_order_strings_segmented_diagnostics,Device=0 num_rows=262144 profile=active_50,0.6393328011035919,0.6380256026983262,0.6407199919223784,0.8597243725542985,4.00056266784668,"{""num_rows"": ""262144"", ""profile"": ""active_50""}"
main,prefix,pr-diagnostics,sorted_order_strings_segmented_diagnostics,Device=0 num_rows=2097152 profile=active_50,1.376856005191803,1.3765504121780394,1.3789904057979583,0.5364479093191861,32.00227165222168,"{""num_rows"": ""2097152"", ""profile"": ""active_50""}"
main,prefix,pr-diagnostics,sorted_order_strings_segmented_diagnostics,Device=0 num_rows=262144 profile=active_10,0.5513823986053467,0.5499695897102357,0.5531888037919999,0.592024495200678,4.00056266784668,"{""num_rows"": ""262144"", ""profile"": ""active_10""}"
main,prefix,pr-diagnostics,sorted_order_strings_segmented_diagnostics,Device=0 num_rows=2097152 profile=active_10,0.9280879944562913,0.927719995379448,0.9294943958520889,0.5998619240267413,32.00227165222168,"{""num_rows"": ""2097152"", ""profile"": ""active_10""}"
main,prefix,pr-diagnostics,sorted_order_strings_segmented_diagnostics,Device=0 num_rows=262144 profile=active_1,0.33272479623556145,0.33088799566030497,0.3369280025362968,1.169430441031756,4.00056266784668,"{""num_rows"": ""262144"", ""profile"": ""active_1""}"
main,prefix,pr-diagnostics,sorted_order_strings_segmented_diagnostics,Device=0 num_rows=2097152 profile=active_1,0.8146336048841477,0.8107616037130356,0.817433598637581,1.2300555241681606,32.00227165222168,"{""num_rows"": ""2097152"", ""profile"": ""active_1""}"
main,prefix,pr-diagnostics,sorted_order_strings_segmented_diagnostics,Device=0 num_rows=262144 profile=active_0_1,0.27791360169649126,0.2778687998652458,0.2798207968473435,0.33012124234124096,4.00056266784668,"{""num_rows"": ""262144"", ""profile"": ""active_0_1""}"
main,prefix,pr-diagnostics,sorted_order_strings_segmented_diagnostics,Device=0 num_rows=2097152 profile=active_0_1,0.6443327993154525,0.6442287951707841,0.6463023990392684,0.8132474672183624,32.00227165222168,"{""num_rows"": ""2097152"", ""profile"": ""active_0_1""}"
main,prefix,pr-diagnostics,sorted_order_strings_segmented_diagnostics,Device=0 num_rows=262144 profile=duplicates_6,0.29246240258216855,0.2909792020916938,0.29590080231428145,1.0914924304173246,4.00056266784668,"{""num_rows"": ""262144"", ""profile"": ""duplicates_6""}"
main,prefix,pr-diagnostics,sorted_order_strings_segmented_diagnostics,Device=0 num_rows=2097152 profile=duplicates_6,0.8996335953474044,0.8994000017642976,0.9030719965696336,0.4059697533829841,32.00227165222168,"{""num_rows"": ""2097152"", ""profile"": ""duplicates_6""}"
main,prefix,pr-diagnostics,sorted_order_strings_segmented_diagnostics,Device=0 num_rows=262144 profile=duplicates_8,0.29064640253782276,0.2905904024839401,0.29298400133848196,0.5791029931240584,4.00056266784668,"{""num_rows"": ""262144"", ""profile"": ""duplicates_8""}"
main,prefix,pr-diagnostics,sorted_order_strings_segmented_diagnostics,Device=0 num_rows=2097152 profile=duplicates_8,0.8988367974758148,0.8982127994298936,0.9005504041910171,0.42099634551023885,32.00227165222168,"{""num_rows"": ""2097152"", ""profile"": ""duplicates_8""}"
main,prefix,pr-diagnostics,sorted_order_strings_segmented_diagnostics,Device=0 num_rows=262144 profile=duplicates_12,0.4511440038681031,0.44900000095367426,0.4518944010138512,0.5227900188378264,4.00056266784668,"{""num_rows"": ""262144"", ""profile"": ""duplicates_12""}"
main,prefix,pr-diagnostics,sorted_order_strings_segmented_diagnostics,Device=0 num_rows=2097152 profile=duplicates_12,1.5066528081893922,1.5048480033874514,1.5103471875190737,0.3508326185385521,32.00227165222168,"{""num_rows"": ""2097152"", ""profile"": ""duplicates_12""}"
main,prefix,pr-diagnostics,sorted_order_strings_segmented_diagnostics,Device=0 num_rows=262144 profile=duplicates_16,0.5632688015699387,0.5632624000310897,0.5658719956874847,0.4615786708827629,4.00056266784668,"{""num_rows"": ""262144"", ""profile"": ""duplicates_16""}"
main,prefix,pr-diagnostics,sorted_order_strings_segmented_diagnostics,Device=0 num_rows=2097152 profile=duplicates_16,1.9429343879222867,1.9425375998020171,1.9465456008911133,0.24652949148067663,32.00227165222168,"{""num_rows"": ""2097152"", ""profile"": ""duplicates_16""}"
main,prefix,pr-diagnostics,sorted_order_strings_segmented_diagnostics,Device=0 num_rows=262144 profile=duplicates_24,0.790865594148636,0.7902944028377533,0.7927696019411088,0.3733353110215182,4.00056266784668,"{""num_rows"": ""262144"", ""profile"": ""duplicates_24""}"
main,prefix,pr-diagnostics,sorted_order_strings_segmented_diagnostics,Device=0 num_rows=2097152 profile=duplicates_24,2.797167992591858,2.796823978424073,2.8001935958862303,0.39386558793076865,32.00227165222168,"{""num_rows"": ""2097152"", ""profile"": ""duplicates_24""}"
main,prefix,pr-diagnostics,sorted_order_strings_segmented_diagnostics,Device=0 num_rows=262144 profile=duplicates_32,0.9788096010684963,0.977208000421524,0.9795775949954988,0.3591394266658645,4.00056266784668,"{""num_rows"": ""262144"", ""profile"": ""duplicates_32""}"
main,prefix,pr-diagnostics,sorted_order_strings_segmented_diagnostics,Device=0 num_rows=2097152 profile=duplicates_32,3.553262412548065,3.5503632068634032,3.5543760180473325,0.43678385012809373,32.00227165222168,"{""num_rows"": ""2097152"", ""profile"": ""duplicates_32""}"
main,prefix,pr-diagnostics,sorted_order_strings_segmented_diagnostics,Device=0 num_rows=262144 profile=rle_misaligned,2.7265199899673465,2.722323179244995,2.7328032135963443,0.500725137081988,4.00056266784668,"{""num_rows"": ""262144"", ""profile"": ""rle_misaligned""}"
main,prefix,pr-diagnostics,sorted_order_strings_segmented_diagnostics,Device=0 num_rows=2097152 profile=rle_misaligned,13.59416308403015,13.593112134933472,13.620691251754764,0.34598779575634764,32.00227165222168,"{""num_rows"": ""2097152"", ""profile"": ""rle_misaligned""}"
main,pr2-p32-c512,segments,sorted_order_strings_segments,Device=0 num_rows=32768 shared_suffix=0 segment_profile=singletons,0.19203360155224794,0.18902079984545705,0.19222560003399844,1.4364563094190328,1.2340106964111328,"{""num_rows"": ""32768"", ""segment_profile"": ""singletons"", ""shared_suffix"": ""0""}"
main,pr2-p32-c512,segments,sorted_order_strings_segments,Device=0 num_rows=2097152 shared_suffix=0 segment_profile=singletons,0.6188096076250077,0.3971967995166778,0.6502336025238036,171.2719619771301,78.42737007141113,"{""num_rows"": ""2097152"", ""segment_profile"": ""singletons"", ""shared_suffix"": ""0""}"
main,pr2-p32-c512,segments,sorted_order_strings_segments,Device=0 num_rows=32768 shared_suffix=64 segment_profile=singletons,0.2258879996836185,0.2223776012659073,0.22642239928245544,1.4043727498757657,1.2340106964111328,"{""num_rows"": ""32768"", ""segment_profile"": ""singletons"", ""shared_suffix"": ""64""}"
main,pr2-p32-c512,segments,sorted_order_strings_segments,Device=0 num_rows=2097152 shared_suffix=64 segment_profile=singletons,0.4811791986227036,0.4794671952724456,0.4828511983156204,0.8148336740533132,78.42737007141113,"{""num_rows"": ""2097152"", ""segment_profile"": ""singletons"", ""shared_suffix"": ""64""}"
main,pr2-p32-c512,segments,sorted_order_strings_segments,Device=0 num_rows=32768 shared_suffix=0 segment_profile=pairs,0.540403202176094,0.5397568017244339,0.5462624043226242,1.241204514965081,1.6575984954833984,"{""num_rows"": ""32768"", ""segment_profile"": ""pairs"", ""shared_suffix"": ""0""}"
main,pr2-p32-c512,segments,sorted_order_strings_segments,Device=0 num_rows=2097152 shared_suffix=0 segment_profile=pairs,13.710233545303343,13.706832075119019,13.712465572357178,0.09749854814336087,106.0628719329834,"{""num_rows"": ""2097152"", ""segment_profile"": ""pairs"", ""shared_suffix"": ""0""}"
main,pr2-p32-c512,segments,sorted_order_strings_segments,Device=0 num_rows=32768 shared_suffix=64 segment_profile=pairs,0.7252032071352005,0.7232032060623168,0.7262272059917451,0.578160605106795,1.6575984954833984,"{""num_rows"": ""32768"", ""segment_profile"": ""pairs"", ""shared_suffix"": ""64""}"
main,pr2-p32-c512,segments,sorted_order_strings_segments,Device=0 num_rows=2097152 shared_suffix=64 segment_profile=pairs,25.01120319366455,25.005950260162354,25.01356649398804,0.0470354847336146,106.0628719329834,"{""num_rows"": ""2097152"", ""segment_profile"": ""pairs"", ""shared_suffix"": ""64""}"
main,pr2-p32-c512,segments,sorted_order_strings_segments,Device=0 num_rows=32768 shared_suffix=0 segment_profile=tiny4,0.47980799973011024,0.4787952020764349,0.48496960252523413,1.4192181432893434,1.5013484954833984,"{""num_rows"": ""32768"", ""segment_profile"": ""tiny4"", ""shared_suffix"": ""0""}"
main,pr2-p32-c512,segments,sorted_order_strings_segments,Device=0 num_rows=2097152 shared_suffix=0 segment_profile=tiny4,8.847672080993652,8.845118379592897,8.848899126052858,0.08094412124617102,96.0628719329834,"{""num_rows"": ""2097152"", ""segment_profile"": ""tiny4"", ""shared_suffix"": ""0""}"
main,pr2-p32-c512,segments,sorted_order_strings_segments,Device=0 num_rows=32768 shared_suffix=64 segment_profile=tiny4,0.7332623988389967,0.731840005517006,0.7334928035736086,0.6042666696554065,1.5013484954833984,"{""num_rows"": ""32768"", ""segment_profile"": ""tiny4"", ""shared_suffix"": ""64""}"
main,pr2-p32-c512,segments,sorted_order_strings_segments,Device=0 num_rows=2097152 shared_suffix=64 segment_profile=tiny4,23.645423793792723,23.643963241577147,23.65393295288087,0.13360827704338676,96.0628719329834,"{""num_rows"": ""2097152"", ""segment_profile"": ""tiny4"", ""shared_suffix"": ""64""}"
main,pr2-p32-c512,segments,sorted_order_strings_segments,Device=0 num_rows=32768 shared_suffix=0 segment_profile=tiny8,0.36738239973783493,0.3663808017969131,0.3676688000559806,0.8112109439294845,1.4232234954833984,"{""num_rows"": ""32768"", ""segment_profile"": ""tiny8"", ""shared_suffix"": ""0""}"
main,pr2-p32-c512,segments,sorted_order_strings_segments,Device=0 num_rows=2097152 shared_suffix=0 segment_profile=tiny8,5.905332779884339,5.8983759641647335,5.907702445983886,0.4348917687106753,91.0628719329834,"{""num_rows"": ""2097152"", ""segment_profile"": ""tiny8"", ""shared_suffix"": ""0""}"
main,pr2-p32-c512,segments,sorted_order_strings_segments,Device=0 num_rows=32768 shared_suffix=64 segment_profile=tiny8,0.6302127927541732,0.627065598964691,0.631019201874733,0.7887630060203682,1.4232234954833984,"{""num_rows"": ""32768"", ""segment_profile"": ""tiny8"", ""shared_suffix"": ""64""}"
main,pr2-p32-c512,segments,sorted_order_strings_segments,Device=0 num_rows=2097152 shared_suffix=64 segment_profile=tiny8,21.05103206634521,21.05063819885254,21.053564834594727,0.030579321107045844,91.0628719329834,"{""num_rows"": ""2097152"", ""segment_profile"": ""tiny8"", ""shared_suffix"": ""64""}"
main,pr2-p32-c512,segments,sorted_order_strings_segments,Device=0 num_rows=32768 shared_suffix=0 segment_profile=tiny16,0.34636799991130823,0.34428160041570655,0.3480511993169784,1.3497196005014678,1.3841609954833984,"{""num_rows"": ""32768"", ""segment_profile"": ""tiny16"", ""shared_suffix"": ""0""}"
main,pr2-p32-c512,segments,sorted_order_strings_segments,Device=0 num_rows=2097152 shared_suffix=0 segment_profile=tiny16,4.208182454109193,4.2076271772384635,4.214835238456725,0.12030339369967272,88.5628719329834,"{""num_rows"": ""2097152"", ""segment_profile"": ""tiny16"", ""shared_suffix"": ""0""}"
main,pr2-p32-c512,segments,sorted_order_strings_segments,Device=0 num_rows=32768 shared_suffix=64 segment_profile=tiny16,0.5855392038822176,0.5842143982648851,0.5875744044780732,0.6908182718543521,1.3841609954833984,"{""num_rows"": ""32768"", ""segment_profile"": ""tiny16"", ""shared_suffix"": ""64""}"
main,pr2-p32-c512,segments,sorted_order_strings_segments,Device=0 num_rows=2097152 shared_suffix=64 segment_profile=tiny16,17.567826938629153,17.566073513031,17.567966270446778,0.029485235619628104,88.5628719329834,"{""num_rows"": ""2097152"", ""segment_profile"": ""tiny16"", ""shared_suffix"": ""64""}"
main,pr2-p32-c512,segments,sorted_order_strings_segments,Device=0 num_rows=32768 shared_suffix=0 segment_profile=tiny32,0.33537760078907014,0.33394880294799806,0.33689280152320866,0.9300328990153687,1.3646297454833984,"{""num_rows"": ""32768"", ""segment_profile"": ""tiny32"", ""shared_suffix"": ""0""}"
main,pr2-p32-c512,segments,sorted_order_strings_segments,Device=0 num_rows=2097152 shared_suffix=0 segment_profile=tiny32,3.117313599586487,3.116977632045746,3.1177343964576725,0.17853388956621716,87.3128719329834,"{""num_rows"": ""2097152"", ""segment_profile"": ""tiny32"", ""shared_suffix"": ""0""}"
main,pr2-p32-c512,segments,sorted_order_strings_segments,Device=0 num_rows=32768 shared_suffix=64 segment_profile=tiny32,0.5383296042680739,0.5356095969676972,0.5398544013500215,2.2217264932346943,1.3646297454833984,"{""num_rows"": ""32768"", ""segment_profile"": ""tiny32"", ""shared_suffix"": ""64""}"
main,pr2-p32-c512,segments,sorted_order_strings_segments,Device=0 num_rows=2097152 shared_suffix=64 segment_profile=tiny32,13.872300815582276,13.869977521896361,13.873377609252929,0.052455296841746185,87.3128719329834,"{""num_rows"": ""2097152"", ""segment_profile"": ""tiny32"", ""shared_suffix"": ""64""}"
main,pr2-p32-c512,segments,sorted_order_strings_segments,Device=0 num_rows=32768 shared_suffix=0 segment_profile=block256,0.36957440078258513,0.36785759776830673,0.37086880058050165,0.897261531574858,1.3592538833618164,"{""num_rows"": ""32768"", ""segment_profile"": ""block256"", ""shared_suffix"": ""0""}"
main,pr2-p32-c512,segments,sorted_order_strings_segments,Device=0 num_rows=2097152 shared_suffix=0 segment_profile=block256,1.8991616070270543,1.8981055915355682,1.9013775885105133,0.4112147917485242,86.42761325836182,"{""num_rows"": ""2097152"", ""segment_profile"": ""block256"", ""shared_suffix"": ""0""}"
main,pr2-p32-c512,segments,sorted_order_strings_segments,Device=0 num_rows=32768 shared_suffix=64 segment_profile=block256,0.6792383968830109,0.6788256049156187,0.6792672008275987,1.9734819490496498,1.3592538833618164,"{""num_rows"": ""32768"", ""segment_profile"": ""block256"", ""shared_suffix"": ""64""}"
main,pr2-p32-c512,segments,sorted_order_strings_segments,Device=0 num_rows=2097152 shared_suffix=64 segment_profile=block256,10.824889564514159,10.823361682891846,10.835955142974852,0.190885971708948,86.42761325836182,"{""num_rows"": ""2097152"", ""segment_profile"": ""block256"", ""shared_suffix"": ""64""}"
main,pr2-p32-c512,segments,sorted_order_strings_segments,Device=0 num_rows=32768 shared_suffix=0 segment_profile=logarithmic,0.6118831992149353,0.6097263991832734,0.6128719955682754,0.683327297174037,1.4554004669189453,"{""num_rows"": ""32768"", ""segment_profile"": ""logarithmic"", ""shared_suffix"": ""0""}"
main,pr2-p32-c512,segments,sorted_order_strings_segments,Device=0 num_rows=2097152 shared_suffix=0 segment_profile=logarithmic,5.714540791511536,5.712297582626343,5.715956830978393,0.19776947442095666,93.07293128967285,"{""num_rows"": ""2097152"", ""segment_profile"": ""logarithmic"", ""shared_suffix"": ""0""}"
main,pr2-p32-c512,segments,sorted_order_strings_segments,Device=0 num_rows=32768 shared_suffix=64 segment_profile=logarithmic,1.9294863998889924,1.9200847983360294,1.939486390352249,5.282228163313444,1.4554004669189453,"{""num_rows"": ""32768"", ""segment_profile"": ""logarithmic"", ""shared_suffix"": ""64""}"
main,pr2-p32-c512,segments,sorted_order_strings_segments,Device=0 num_rows=2097152 shared_suffix=64 segment_profile=logarithmic,10.590883159637452,10.588903903961182,10.593684864044189,0.4836000336971151,93.07293128967285,"{""num_rows"": ""2097152"", ""segment_profile"": ""logarithmic"", ""shared_suffix"": ""64""}"
main,pr2-p32-c512,segments,sorted_order_strings_segments,Device=0 num_rows=32768 shared_suffix=0 segment_profile=tiny_plus_giant,0.4831151977181435,0.48207840025424964,0.4841040000319481,1.5358357400597067,1.3711719512939453,"{""num_rows"": ""32768"", ""segment_profile"": ""tiny_plus_giant"", ""shared_suffix"": ""0""}"
main,pr2-p32-c512,segments,sorted_order_strings_segments,Device=0 num_rows=2097152 shared_suffix=0 segment_profile=tiny_plus_giant,5.1725664138793945,5.1722160339355465,5.180134415626526,0.125357519795725,87.37861824035645,"{""num_rows"": ""2097152"", ""segment_profile"": ""tiny_plus_giant"", ""shared_suffix"": ""0""}"
main,pr2-p32-c512,segments,sorted_order_strings_segments,Device=0 num_rows=32768 shared_suffix=64 segment_profile=tiny_plus_giant,1.5111584007740022,1.501835209131241,1.5148527920246124,2.6321468408465507,1.3711719512939453,"{""num_rows"": ""32768"", ""segment_profile"": ""tiny_plus_giant"", ""shared_suffix"": ""64""}"
main,pr2-p32-c512,segments,sorted_order_strings_segments,Device=0 num_rows=2097152 shared_suffix=64 segment_profile=tiny_plus_giant,24.8443600654602,24.830452632904056,24.847441387176513,0.10354610545217559,87.37861824035645,"{""num_rows"": ""2097152"", ""segment_profile"": ""tiny_plus_giant"", ""shared_suffix"": ""64""}"
main,pr2-p32-c512,segments,sorted_order_strings_segments,Device=0 num_rows=32768 shared_suffix=0 segment_profile=hot90,0.8495743989944459,0.8482079952955246,0.8525808036327363,0.5001272961573504,1.4980297088623047,"{""num_rows"": ""32768"", ""segment_profile"": ""hot90"", ""shared_suffix"": ""0""}"
main,pr2-p32-c512,segments,sorted_order_strings_segments,Device=0 num_rows=2097152 shared_suffix=0 segment_profile=hot90,22.826779079437262,22.824479961395262,22.827707290649418,0.11665116518786078,86.42761325836182,"{""num_rows"": ""2097152"", ""segment_profile"": ""hot90"", ""shared_suffix"": ""0""}"
main,pr2-p32-c512,segments,sorted_order_strings_segments,Device=0 num_rows=32768 shared_suffix=64 segment_profile=hot90,2.911624026298523,2.903065609931946,2.9151615858078,0.761687923376587,1.4980297088623047,"{""num_rows"": ""32768"", ""segment_profile"": ""hot90"", ""shared_suffix"": ""64""}"
main,pr2-p32-c512,segments,sorted_order_strings_segments,Device=0 num_rows=2097152 shared_suffix=64 segment_profile=hot90,138.2496200561523,138.248152923584,138.2512512207031,0.02758472775219515,86.42761325836182,"{""num_rows"": ""2097152"", ""segment_profile"": ""hot90"", ""shared_suffix"": ""64""}"
main,pr2-p32-c512,segments,sorted_order_strings_segments,Device=0 num_rows=32768 shared_suffix=0 segment_profile=few_giants,0.44835360050201417,0.44481919854879376,0.44900960326194767,0.8563899506836663,1.3643245697021484,"{""num_rows"": ""32768"", ""segment_profile"": ""few_giants"", ""shared_suffix"": ""0""}"
main,pr2-p32-c512,segments,sorted_order_strings_segments,Device=0 num_rows=2097152 shared_suffix=0 segment_profile=few_giants,4.17564640045166,4.169118356704712,4.179496002197266,0.20107639295203994,88.43752098083496,"{""num_rows"": ""2097152"", ""segment_profile"": ""few_giants"", ""shared_suffix"": ""0""}"
main,pr2-p32-c512,segments,sorted_order_strings_segments,Device=0 num_rows=32768 shared_suffix=64 segment_profile=few_giants,1.429307210445404,1.4198080062866212,1.4322128117084503,1.3389792546856183,1.3643245697021484,"{""num_rows"": ""32768"", ""segment_profile"": ""few_giants"", ""shared_suffix"": ""64""}"
main,pr2-p32-c512,segments,sorted_order_strings_segments,Device=0 num_rows=2097152 shared_suffix=64 segment_profile=few_giants,16.033460617065433,16.033203125,16.041908740997314,0.15070549218459608,88.43752098083496,"{""num_rows"": ""2097152"", ""segment_profile"": ""few_giants"", ""shared_suffix"": ""64""}"
main,pr2-p32-c512,segments,sorted_order_strings_segments,Device=0 num_rows=32768 shared_suffix=0 segment_profile=one_segment,0.8625471949577331,0.861563205718994,0.866488000750542,0.9984410639434633,1.505086898803711,"{""num_rows"": ""32768"", ""segment_profile"": ""one_segment"", ""shared_suffix"": ""0""}"
main,pr2-p32-c512,segments,sorted_order_strings_segments,Device=0 num_rows=2097152 shared_suffix=0 segment_profile=one_segment,25.187958621978762,25.185705471038823,25.1889422416687,0.15255895529532337,86.42761325836182,"{""num_rows"": ""2097152"", ""segment_profile"": ""one_segment"", ""shared_suffix"": ""0""}"
main,pr2-p32-c512,segments,sorted_order_strings_segments,Device=0 num_rows=32768 shared_suffix=64 segment_profile=one_segment,2.972000002861023,2.97151358127594,2.974105596542358,1.167448995225363,1.505086898803711,"{""num_rows"": ""32768"", ""segment_profile"": ""one_segment"", ""shared_suffix"": ""64""}"
main,pr2-p32-c512,segments,sorted_order_strings_segments,Device=0 num_rows=2097152 shared_suffix=64 segment_profile=one_segment,154.5319709777832,154.52195510864257,154.53570404052735,0.0214659828680394,86.42761325836182,"{""num_rows"": ""2097152"", ""segment_profile"": ""one_segment"", ""shared_suffix"": ""64""}"
control,radix-lrb,segments,sorted_order_strings_segments,Device=0 num_rows=32768 shared_suffix=0 segment_profile=singletons,0.13826399967074393,0.1376335985958576,0.14078560024499892,1.3891523836827842,1.1391592025756836,"{""num_rows"": ""32768"", ""segment_profile"": ""singletons"", ""shared_suffix"": ""0""}"
control,radix-lrb,segments,sorted_order_strings_segments,Device=0 num_rows=2097152 shared_suffix=0 segment_profile=singletons,0.3542719990015031,0.3523088023066522,0.3584191963076592,1.7067392171523434,72.36474514007568,"{""num_rows"": ""2097152"", ""segment_profile"": ""singletons"", ""shared_suffix"": ""0""}"
control,radix-lrb,segments,sorted_order_strings_segments,Device=0 num_rows=32768 shared_suffix=64 segment_profile=singletons,0.1384047977626324,0.13836800009012223,0.14183200001716614,1.9370457794450464,1.1391592025756836,"{""num_rows"": ""32768"", ""segment_profile"": ""singletons"", ""shared_suffix"": ""64""}"
control,radix-lrb,segments,sorted_order_strings_segments,Device=0 num_rows=2097152 shared_suffix=64 segment_profile=singletons,0.3924991980195046,0.39218560159206384,0.3968688011169434,0.8834334851274805,72.36474514007568,"{""num_rows"": ""2097152"", ""segment_profile"": ""singletons"", ""shared_suffix"": ""64""}"
control,radix-lrb,segments,sorted_order_strings_segments,Device=0 num_rows=32768 shared_suffix=0 segment_profile=pairs,0.16195679828524587,0.1601663999259472,0.16975999996066093,18.496809498718438,1.1391592025756836,"{""num_rows"": ""32768"", ""segment_profile"": ""pairs"", ""shared_suffix"": ""0""}"
control,radix-lrb,segments,sorted_order_strings_segments,Device=0 num_rows=2097152 shared_suffix=0 segment_profile=pairs,0.6521103978157045,0.6449599981307983,0.6559152007102966,1.203742715295814,72.36474514007568,"{""num_rows"": ""2097152"", ""segment_profile"": ""pairs"", ""shared_suffix"": ""0""}"
control,radix-lrb,segments,sorted_order_strings_segments,Device=0 num_rows=32768 shared_suffix=64 segment_profile=pairs,0.16269440203905106,0.1587840005755424,0.16438720077276228,2.0433047838711795,1.1391592025756836,"{""num_rows"": ""32768"", ""segment_profile"": ""pairs"", ""shared_suffix"": ""64""}"
control,radix-lrb,segments,sorted_order_strings_segments,Device=0 num_rows=2097152 shared_suffix=64 segment_profile=pairs,0.8208031982183456,0.8168000012636185,0.826654401421547,0.7071048634208549,72.36474514007568,"{""num_rows"": ""2097152"", ""segment_profile"": ""pairs"", ""shared_suffix"": ""64""}"
control,radix-lrb,segments,sorted_order_strings_segments,Device=0 num_rows=32768 shared_suffix=0 segment_profile=tiny4,0.16053279861807823,0.16032640039920806,0.17469759806990626,39.31242291428874,1.1391592025756836,"{""num_rows"": ""32768"", ""segment_profile"": ""tiny4"", ""shared_suffix"": ""0""}"
control,radix-lrb,segments,sorted_order_strings_segments,Device=0 num_rows=2097152 shared_suffix=0 segment_profile=tiny4,0.5779247969388962,0.5733247935771942,0.5803823947906493,1.0410953486721894,72.36474514007568,"{""num_rows"": ""2097152"", ""segment_profile"": ""tiny4"", ""shared_suffix"": ""0""}"
control,radix-lrb,segments,sorted_order_strings_segments,Device=0 num_rows=32768 shared_suffix=64 segment_profile=tiny4,0.1720735996961594,0.1667583994567394,0.172620801627636,2.0571805038113737,1.1391592025756836,"{""num_rows"": ""32768"", ""segment_profile"": ""tiny4"", ""shared_suffix"": ""64""}"
control,radix-lrb,segments,sorted_order_strings_segments,Device=0 num_rows=2097152 shared_suffix=64 segment_profile=tiny4,0.9127280026674272,0.9090015947818756,0.9175808072090149,0.6534770118054858,72.36474514007568,"{""num_rows"": ""2097152"", ""segment_profile"": ""tiny4"", ""shared_suffix"": ""64""}"
control,radix-lrb,segments,sorted_order_strings_segments,Device=0 num_rows=32768 shared_suffix=0 segment_profile=tiny8,0.16142399981617928,0.16020639911293985,0.16244639977812766,2.270418833471411,1.1391592025756836,"{""num_rows"": ""32768"", ""segment_profile"": ""tiny8"", ""shared_suffix"": ""0""}"
control,radix-lrb,segments,sorted_order_strings_segments,Device=0 num_rows=2097152 shared_suffix=0 segment_profile=tiny8,0.5950384050607681,0.5919471979141234,0.5964992046356201,0.8330406263046262,72.36474514007568,"{""num_rows"": ""2097152"", ""segment_profile"": ""tiny8"", ""shared_suffix"": ""0""}"
control,radix-lrb,segments,sorted_order_strings_segments,Device=0 num_rows=32768 shared_suffix=64 segment_profile=tiny8,0.18050399944186207,0.1764495998620987,0.18073599860072137,2.1136149010095444,1.1391592025756836,"{""num_rows"": ""32768"", ""segment_profile"": ""tiny8"", ""shared_suffix"": ""64""}"
control,radix-lrb,segments,sorted_order_strings_segments,Device=0 num_rows=2097152 shared_suffix=64 segment_profile=tiny8,1.153726398944855,1.1500048100948332,1.1585503935813906,0.4615972792874164,72.36474514007568,"{""num_rows"": ""2097152"", ""segment_profile"": ""tiny8"", ""shared_suffix"": ""64""}"
control,radix-lrb,segments,sorted_order_strings_segments,Device=0 num_rows=32768 shared_suffix=0 segment_profile=tiny16,0.16544639766216276,0.16376960054039957,0.1661136001348496,2.136717268296304,1.1391592025756836,"{""num_rows"": ""32768"", ""segment_profile"": ""tiny16"", ""shared_suffix"": ""0""}"
control,radix-lrb,segments,sorted_order_strings_segments,Device=0 num_rows=2097152 shared_suffix=0 segment_profile=tiny16,0.6350527912378312,0.6282591938972474,0.636068794131279,0.552573134092282,72.36474514007568,"{""num_rows"": ""2097152"", ""segment_profile"": ""tiny16"", ""shared_suffix"": ""0""}"
control,radix-lrb,segments,sorted_order_strings_segments,Device=0 num_rows=32768 shared_suffix=64 segment_profile=tiny16,0.18671840131282805,0.18669280037283897,0.1900175988674164,1.859155925401585,1.1391592025756836,"{""num_rows"": ""32768"", ""segment_profile"": ""tiny16"", ""shared_suffix"": ""64""}"
control,radix-lrb,segments,sorted_order_strings_segments,Device=0 num_rows=2097152 shared_suffix=64 segment_profile=tiny16,1.375811189413071,1.367499202489853,1.3797423958778379,2.9149297313115805,72.36474514007568,"{""num_rows"": ""2097152"", ""segment_profile"": ""tiny16"", ""shared_suffix"": ""64""}"
control,radix-lrb,segments,sorted_order_strings_segments,Device=0 num_rows=32768 shared_suffix=0 segment_profile=tiny32,0.16439040154218676,0.1626576006412506,0.1653775997459889,2.4360585265418138,1.1391592025756836,"{""num_rows"": ""32768"", ""segment_profile"": ""tiny32"", ""shared_suffix"": ""0""}"
control,radix-lrb,segments,sorted_order_strings_segments,Device=0 num_rows=2097152 shared_suffix=0 segment_profile=tiny32,0.6876592010259628,0.6833552032709121,0.6885504007339479,0.5824410463340507,72.36474514007568,"{""num_rows"": ""2097152"", ""segment_profile"": ""tiny32"", ""shared_suffix"": ""0""}"
control,radix-lrb,segments,sorted_order_strings_segments,Device=0 num_rows=32768 shared_suffix=64 segment_profile=tiny32,0.19638720080256464,0.19343040063977235,0.1968255989253521,3.250606587292764,1.1391592025756836,"{""num_rows"": ""32768"", ""segment_profile"": ""tiny32"", ""shared_suffix"": ""64""}"
control,radix-lrb,segments,sorted_order_strings_segments,Device=0 num_rows=2097152 shared_suffix=64 segment_profile=tiny32,1.6618624150753019,1.6598159909248356,1.6644320011138918,0.27487966716328177,72.36474514007568,"{""num_rows"": ""2097152"", ""segment_profile"": ""tiny32"", ""shared_suffix"": ""64""}"
control,radix-lrb,segments,sorted_order_strings_segments,Device=0 num_rows=32768 shared_suffix=0 segment_profile=block256,0.17413439974188805,0.17194400131702423,0.17565120011568067,1.4235846684530917,1.1391592025756836,"{""num_rows"": ""32768"", ""segment_profile"": ""block256"", ""shared_suffix"": ""0""}"
control,radix-lrb,segments,sorted_order_strings_segments,Device=0 num_rows=2097152 shared_suffix=0 segment_profile=block256,1.1565103948116302,1.15236799120903,1.1579231858253476,0.30733293400441436,72.36474514007568,"{""num_rows"": ""2097152"", ""segment_profile"": ""block256"", ""shared_suffix"": ""0""}"
control,radix-lrb,segments,sorted_order_strings_segments,Device=0 num_rows=32768 shared_suffix=64 segment_profile=block256,0.24070079848170278,0.23756159991025927,0.24078559949994088,1.8240835606683696,1.1391592025756836,"{""num_rows"": ""32768"", ""segment_profile"": ""block256"", ""shared_suffix"": ""64""}"
control,radix-lrb,segments,sorted_order_strings_segments,Device=0 num_rows=2097152 shared_suffix=64 segment_profile=block256,3.231507194042206,3.225884783267975,3.234340798854827,0.28485806754029697,72.36474514007568,"{""num_rows"": ""2097152"", ""segment_profile"": ""block256"", ""shared_suffix"": ""64""}"
control,radix-lrb,segments,sorted_order_strings_segments,Device=0 num_rows=32768 shared_suffix=0 segment_profile=logarithmic,0.36274880021810524,0.35738880038261417,0.36522559672594074,1.2364458891994918,1.1391592025756836,"{""num_rows"": ""32768"", ""segment_profile"": ""logarithmic"", ""shared_suffix"": ""0""}"
control,radix-lrb,segments,sorted_order_strings_segments,Device=0 num_rows=2097152 shared_suffix=0 segment_profile=logarithmic,2.5763216018676762,2.574047994613647,2.5817216277122497,0.2190251401400178,72.36474514007568,"{""num_rows"": ""2097152"", ""segment_profile"": ""logarithmic"", ""shared_suffix"": ""0""}"
control,radix-lrb,segments,sorted_order_strings_segments,Device=0 num_rows=32768 shared_suffix=64 segment_profile=logarithmic,0.9198079973459243,0.915395200252533,0.9203999966382982,0.5043533381843149,1.1391592025756836,"{""num_rows"": ""32768"", ""segment_profile"": ""logarithmic"", ""shared_suffix"": ""64""}"
control,radix-lrb,segments,sorted_order_strings_segments,Device=0 num_rows=2097152 shared_suffix=64 segment_profile=logarithmic,8.389131164550784,8.386665678024293,8.394444847106932,0.25551703317195196,72.36474514007568,"{""num_rows"": ""2097152"", ""segment_profile"": ""logarithmic"", ""shared_suffix"": ""64""}"
control,radix-lrb,segments,sorted_order_strings_segments,Device=0 num_rows=32768 shared_suffix=0 segment_profile=tiny_plus_giant,0.2807519987225532,0.2804288014769554,0.28199200034141536,5.427052120958392,1.1391592025756836,"{""num_rows"": ""32768"", ""segment_profile"": ""tiny_plus_giant"", ""shared_suffix"": ""0""}"
control,radix-lrb,segments,sorted_order_strings_segments,Device=0 num_rows=2097152 shared_suffix=0 segment_profile=tiny_plus_giant,1.09660639166832,1.0898927927017212,1.1001215994358067,0.3965594684275059,72.36474514007568,"{""num_rows"": ""2097152"", ""segment_profile"": ""tiny_plus_giant"", ""shared_suffix"": ""0""}"
control,radix-lrb,segments,sorted_order_strings_segments,Device=0 num_rows=32768 shared_suffix=64 segment_profile=tiny_plus_giant,0.6885312020778656,0.6833631992340087,0.6900239944458009,0.859806563392116,1.1391592025756836,"{""num_rows"": ""32768"", ""segment_profile"": ""tiny_plus_giant"", ""shared_suffix"": ""64""}"
control,radix-lrb,segments,sorted_order_strings_segments,Device=0 num_rows=2097152 shared_suffix=64 segment_profile=tiny_plus_giant,3.2100992083549498,3.2042128086090087,3.2102192282676696,0.36598023014972764,72.36474514007568,"{""num_rows"": ""2097152"", ""segment_profile"": ""tiny_plus_giant"", ""shared_suffix"": ""64""}"
control,radix-lrb,segments,sorted_order_strings_segments,Device=0 num_rows=32768 shared_suffix=0 segment_profile=hot90,0.35056799948215484,0.3446063995361327,0.35378880053758616,1.1152355374936715,1.1391592025756836,"{""num_rows"": ""32768"", ""segment_profile"": ""hot90"", ""shared_suffix"": ""0""}"
control,radix-lrb,segments,sorted_order_strings_segments,Device=0 num_rows=2097152 shared_suffix=0 segment_profile=hot90,3.78445280790329,3.7841215968132023,3.78816477060318,0.18486999603614201,72.36474514007568,"{""num_rows"": ""2097152"", ""segment_profile"": ""hot90"", ""shared_suffix"": ""0""}"
control,radix-lrb,segments,sorted_order_strings_segments,Device=0 num_rows=32768 shared_suffix=64 segment_profile=hot90,0.7857536017894745,0.7817471981048584,0.7922800004482271,0.5558396421672832,1.1391592025756836,"{""num_rows"": ""32768"", ""segment_profile"": ""hot90"", ""shared_suffix"": ""64""}"
control,radix-lrb,segments,sorted_order_strings_segments,Device=0 num_rows=2097152 shared_suffix=64 segment_profile=hot90,13.296878385543822,13.28457441329956,13.29856162071228,0.35393523734049587,72.36474514007568,"{""num_rows"": ""2097152"", ""segment_profile"": ""hot90"", ""shared_suffix"": ""64""}"
control,radix-lrb,segments,sorted_order_strings_segments,Device=0 num_rows=32768 shared_suffix=0 segment_profile=few_giants,0.22871679961681368,0.22599839866161348,0.23113439977169034,1.2839445472970188,1.1391592025756836,"{""num_rows"": ""32768"", ""segment_profile"": ""few_giants"", ""shared_suffix"": ""0""}"
control,radix-lrb,segments,sorted_order_strings_segments,Device=0 num_rows=2097152 shared_suffix=0 segment_profile=few_giants,1.0232991814613344,1.0146176099777222,1.0234847903251647,0.5948826727445479,72.36474514007568,"{""num_rows"": ""2097152"", ""segment_profile"": ""few_giants"", ""shared_suffix"": ""0""}"
control,radix-lrb,segments,sorted_order_strings_segments,Device=0 num_rows=32768 shared_suffix=64 segment_profile=few_giants,0.40102399885654444,0.3956719979643822,0.4027199998497963,1.0012467062898232,1.1391592025756836,"{""num_rows"": ""32768"", ""segment_profile"": ""few_giants"", ""shared_suffix"": ""64""}"
control,radix-lrb,segments,sorted_order_strings_segments,Device=0 num_rows=2097152 shared_suffix=64 segment_profile=few_giants,3.060727989673615,3.0547935962676993,3.062764811515808,0.20599180647701823,72.36474514007568,"{""num_rows"": ""2097152"", ""segment_profile"": ""few_giants"", ""shared_suffix"": ""64""}"
control,radix-lrb,segments,sorted_order_strings_segments,Device=0 num_rows=32768 shared_suffix=0 segment_profile=one_segment,0.33367999792099,0.32920319885015487,0.33639679998159405,1.6412881289628989,1.1391592025756836,"{""num_rows"": ""32768"", ""segment_profile"": ""one_segment"", ""shared_suffix"": ""0""}"
control,radix-lrb,segments,sorted_order_strings_segments,Device=0 num_rows=2097152 shared_suffix=0 segment_profile=one_segment,3.949838399887084,3.936340808868408,3.9502640008926386,0.41586250947384384,72.36474514007568,"{""num_rows"": ""2097152"", ""segment_profile"": ""one_segment"", ""shared_suffix"": ""0""}"
control,radix-lrb,segments,sorted_order_strings_segments,Device=0 num_rows=32768 shared_suffix=64 segment_profile=one_segment,0.7352144032716751,0.733551996946335,0.7370144009590148,0.46204226792268516,1.1391592025756836,"{""num_rows"": ""32768"", ""segment_profile"": ""one_segment"", ""shared_suffix"": ""64""}"
control,radix-lrb,segments,sorted_order_strings_segments,Device=0 num_rows=2097152 shared_suffix=64 segment_profile=one_segment,13.687265634536743,13.681512069702144,13.727561569213867,0.9447378741468423,72.36474514007568,"{""num_rows"": ""2097152"", ""segment_profile"": ""one_segment"", ""shared_suffix"": ""64""}"
main,pr1-p32-c128,end-to-end,sort_strings_workload,Device=0 min_width=0 max_width=32 num_rows=262144 workload=normal,1.0452127933502195,1.0312863945960997,1.0457103967666626,0.878802654657219,10.834839820861816,"{""max_width"": ""32"", ""min_width"": ""0"", ""num_rows"": ""262144"", ""workload"": ""normal""}"
main,pr1-p32-c128,end-to-end,sort_strings_workload,Device=0 min_width=0 max_width=256 num_rows=262144 workload=normal,6.759500789642334,6.739483141899108,6.773847985267638,0.6200946275174918,33.687255859375,"{""max_width"": ""256"", ""min_width"": ""0"", ""num_rows"": ""262144"", ""workload"": ""normal""}"
main,pr1-p32-c128,end-to-end,sort_strings_workload,Device=0 min_width=0 max_width=32 num_rows=2097152 workload=normal,2.114030373096466,2.1065023899078366,2.114823997020722,0.7370835766915732,95.72902488708496,"{""max_width"": ""32"", ""min_width"": ""0"", ""num_rows"": ""2097152"", ""workload"": ""normal""}"
main,pr1-p32-c128,end-to-end,sort_strings_workload,Device=0 min_width=0 max_width=256 num_rows=2097152 workload=normal,14.444167947769168,14.402783870697021,14.450211238861085,3.573322134217686,269.3055658340454,"{""max_width"": ""256"", ""min_width"": ""0"", ""num_rows"": ""2097152"", ""workload"": ""normal""}"
main,pr1-p32-c128,end-to-end,sort_strings_workload,Device=0 min_width=0 max_width=32 num_rows=262144 workload=duplicates,0.822756800055504,0.8166895925998688,0.8235072016716001,1.334873480868504,10.834839820861816,"{""max_width"": ""32"", ""min_width"": ""0"", ""num_rows"": ""262144"", ""workload"": ""duplicates""}"
main,pr1-p32-c128,end-to-end,sort_strings_workload,Device=0 min_width=0 max_width=256 num_rows=262144 workload=duplicates,4.471567988395691,4.434881591796875,4.487404823303223,0.5989626051957112,34.63582420349121,"{""max_width"": ""256"", ""min_width"": ""0"", ""num_rows"": ""262144"", ""workload"": ""duplicates""}"
main,pr1-p32-c128,end-to-end,sort_strings_workload,Device=0 min_width=0 max_width=32 num_rows=2097152 workload=duplicates,2.176217603683472,2.166409635543823,2.1774159908294677,0.49278019996279193,96.68649291992188,"{""max_width"": ""32"", ""min_width"": ""0"", ""num_rows"": ""2097152"", ""workload"": ""duplicates""}"
main,pr1-p32-c128,end-to-end,sort_strings_workload,Device=0 min_width=0 max_width=256 num_rows=2097152 workload=duplicates,14.250387287139894,14.223446416854854,14.25495839118957,0.389342250693523,277.07898902893066,"{""max_width"": ""256"", ""min_width"": ""0"", ""num_rows"": ""2097152"", ""workload"": ""duplicates""}"
main,pr1-p32-c128,end-to-end,sort_strings_workload,Device=0 min_width=0 max_width=32 num_rows=262144 workload=shared_prefix,7.046571159362792,7.033828830718995,7.046752023696899,0.13875094939611857,10.834839820861816,"{""max_width"": ""32"", ""min_width"": ""0"", ""num_rows"": ""262144"", ""workload"": ""shared_prefix""}"
main,pr1-p32-c128,end-to-end,sort_strings_workload,Device=0 min_width=0 max_width=256 num_rows=262144 workload=shared_prefix,49.25933246612549,49.236699295043934,49.26090373992921,0.07814230290518355,65.03126335144043,"{""max_width"": ""256"", ""min_width"": ""0"", ""num_rows"": ""262144"", ""workload"": ""shared_prefix""}"
main,pr1-p32-c128,end-to-end,sort_strings_workload,Device=0 min_width=0 max_width=32 num_rows=2097152 workload=shared_prefix,67.79487228393555,67.78225555419921,67.80380363464356,0.03015334910433557,120.06652927398682,"{""max_width"": ""32"", ""min_width"": ""0"", ""num_rows"": ""2097152"", ""workload"": ""shared_prefix""}"
main,pr1-p32-c128,end-to-end,sort_strings_workload,Device=0 min_width=0 max_width=256 num_rows=2097152 workload=shared_prefix,531.8300842285156,531.8191986083984,531.8518157958985,0.014069817540160389,520.2527341842651,"{""max_width"": ""256"", ""min_width"": ""0"", ""num_rows"": ""2097152"", ""workload"": ""shared_prefix""}"
main,pr1-p32-c128,end-to-end,sort_strings_workload,Device=0 min_width=0 max_width=32 num_rows=262144 workload=variable,0.451631997525692,0.4450207993388176,0.4577904030680657,6.369062896040373,10.834839820861816,"{""max_width"": ""32"", ""min_width"": ""0"", ""num_rows"": ""262144"", ""workload"": ""variable""}"
main,pr1-p32-c128,end-to-end,sort_strings_workload,Device=0 min_width=0 max_width=256 num_rows=262144 workload=variable,0.5523743957281113,0.546404793858528,0.5526975959539413,1.1551395063832186,34.01968002319336,"{""max_width"": ""256"", ""min_width"": ""0"", ""num_rows"": ""262144"", ""workload"": ""variable""}"
main,pr1-p32-c128,end-to-end,sort_strings_workload,Device=0 min_width=0 max_width=32 num_rows=2097152 workload=variable,1.2435968160629272,1.2350112140178684,1.2514528036117551,3.3799995725279643,96.05874729156494,"{""max_width"": ""32"", ""min_width"": ""0"", ""num_rows"": ""2097152"", ""workload"": ""variable""}"
main,pr1-p32-c128,end-to-end,sort_strings_workload,Device=0 min_width=0 max_width=256 num_rows=2097152 workload=variable,1.3606048047542572,1.354547208547592,1.3655312001705169,1.0077669337800563,272.17790508270264,"{""max_width"": ""256"", ""min_width"": ""0"", ""num_rows"": ""2097152"", ""workload"": ""variable""}"
main,pr1-p32-c4096,pr-source,sorted_order_strings_source_parity,Device=0 num_rows=262144 profile=unique_32,5.567990398406983,5.565315198898315,5.579910373687745,0.1663429972296358,9.80456829071045,"{""num_rows"": ""262144"", ""profile"": ""unique_32""}"
main,pr1-p32-c4096,pr-source,sorted_order_strings_source_parity,Device=0 num_rows=2097152 profile=unique_32,57.12170524597169,57.106697463989256,57.122591972351074,0.08248688171685416,78.37292766571045,"{""num_rows"": ""2097152"", ""profile"": ""unique_32""}"
main,pr1-p32-c4096,pr-source,sorted_order_strings_source_parity,Device=0 num_rows=262144 profile=duplicates_32,5.004662442207337,5.000151944160462,5.011768031120301,0.7062245144908422,10.804566383361816,"{""num_rows"": ""262144"", ""profile"": ""duplicates_32""}"
main,pr1-p32-c4096,pr-source,sorted_order_strings_source_parity,Device=0 num_rows=2097152 profile=duplicates_32,52.606577301025396,52.59070892333985,52.61030082702637,0.058994330988390804,86.37292575836182,"{""num_rows"": ""2097152"", ""profile"": ""duplicates_32""}"
main,pr1-p32-c4096,pr-source,sorted_order_strings_source_parity,Device=0 num_rows=262144 profile=shared_prefix_24,5.572412776947021,5.570494413375855,5.579598355293274,0.16874818692672094,9.80456829071045,"{""num_rows"": ""262144"", ""profile"": ""shared_prefix_24""}"
main,pr1-p32-c4096,pr-source,sorted_order_strings_source_parity,Device=0 num_rows=2097152 profile=shared_prefix_24,57.116070365905756,57.09920177459718,57.13017139434814,0.033663167783988805,78.37292766571045,"{""num_rows"": ""2097152"", ""profile"": ""shared_prefix_24""}"
main,pr1-p32-c4096,pr-source,sorted_order_strings_source_parity,Device=0 num_rows=262144 profile=raw_unique_40,0.22980160042643544,0.22701440230011943,0.23139199987053877,2.164686243564888,9.804323196411133,"{""num_rows"": ""262144"", ""profile"": ""raw_unique_40""}"
main,pr1-p32-c4096,pr-source,sorted_order_strings_source_parity,Device=0 num_rows=2097152 profile=raw_unique_40,0.4620319962501527,0.46113440096378333,0.46517119854688643,0.8545000193261454,78.37268257141113,"{""num_rows"": ""2097152"", ""profile"": ""raw_unique_40""}"
main,pr1-p32-c4096,pr-source,sorted_order_strings_source_parity,Device=0 num_rows=262144 profile=raw_duplicates_40,0.6986368000507354,0.6895536005496978,0.7007808059453965,1.0552489991264358,10.804566383361816,"{""num_rows"": ""262144"", ""profile"": ""raw_duplicates_40""}"
main,pr1-p32-c4096,pr-source,sorted_order_strings_source_parity,Device=0 num_rows=2097152 profile=raw_duplicates_40,2.5124463915824893,2.506983995437622,2.513369619846344,0.8182636108563864,86.37292575836182,"{""num_rows"": ""2097152"", ""profile"": ""raw_duplicates_40""}"
main,pr1-p32-c4096,pr-source,sorted_order_strings_source_parity,Device=0 num_rows=262144 profile=raw_shared_prefix_24_width_40,6.898012781143189,6.892120003700257,6.908347201347352,0.11148688437116834,9.80456829071045,"{""num_rows"": ""262144"", ""profile"": ""raw_shared_prefix_24_width_40""}"
main,pr1-p32-c4096,pr-source,sorted_order_strings_source_parity,Device=0 num_rows=2097152 profile=raw_shared_prefix_24_width_40,66.59823417663576,66.58084220886231,66.60587005615234,0.05146260986117774,78.37292766571045,"{""num_rows"": ""2097152"", ""profile"": ""raw_shared_prefix_24_width_40""}"
main,radix-lrb,pr-diagnostics,sorted_order_strings_segmented_diagnostics,Device=0 num_rows=262144 profile=finish_257,0.21451679840683935,0.21342400014400487,0.21529439911246298,2.0387388226294254,9.053221702575684,"{""num_rows"": ""262144"", ""profile"": ""finish_257""}"
main,radix-lrb,pr-diagnostics,sorted_order_strings_segmented_diagnostics,Device=0 num_rows=2097152 profile=finish_257,0.41275199800729756,0.41121280193328846,0.41341279596090325,0.973248264764411,72.36474514007568,"{""num_rows"": ""2097152"", ""profile"": ""finish_257""}"
main,radix-lrb,pr-diagnostics,sorted_order_strings_segmented_diagnostics,Device=0 num_rows=262144 profile=finish_1024,0.23808640018105504,0.2357312001287937,0.23923359960317617,1.3527510335134905,9.053221702575684,"{""num_rows"": ""262144"", ""profile"": ""finish_1024""}"
main,radix-lrb,pr-diagnostics,sorted_order_strings_segmented_diagnostics,Device=0 num_rows=2097152 profile=finish_1024,0.43655839860439294,0.4353488013148308,0.4480703994631767,10.98224788492507,72.36474514007568,"{""num_rows"": ""2097152"", ""profile"": ""finish_1024""}"
main,radix-lrb,pr-diagnostics,sorted_order_strings_segmented_diagnostics,Device=0 num_rows=262144 profile=finish_4096,0.27906720340251917,0.27872320115566257,0.28077119886875146,0.816479058117082,9.053221702575684,"{""num_rows"": ""262144"", ""profile"": ""finish_4096""}"
main,radix-lrb,pr-diagnostics,sorted_order_strings_segmented_diagnostics,Device=0 num_rows=2097152 profile=finish_4096,0.4787136003375054,0.477990399301052,0.48101279586553575,0.649113193563607,72.36474514007568,"{""num_rows"": ""2097152"", ""profile"": ""finish_4096""}"
main,radix-lrb,pr-diagnostics,sorted_order_strings_segmented_diagnostics,Device=0 num_rows=262144 profile=active_50,0.3314271986484528,0.32948479950428006,0.3323023974895477,1.1012642251553706,9.053221702575684,"{""num_rows"": ""262144"", ""profile"": ""active_50""}"
main,radix-lrb,pr-diagnostics,sorted_order_strings_segmented_diagnostics,Device=0 num_rows=2097152 profile=active_50,0.8827727913856507,0.8816815972328189,0.8827760010957717,0.48535854157647,72.36474514007568,"{""num_rows"": ""2097152"", ""profile"": ""active_50""}"
main,radix-lrb,pr-diagnostics,sorted_order_strings_segmented_diagnostics,Device=0 num_rows=262144 profile=active_10,0.2967055976390839,0.2927840009331703,0.29884800314903265,1.2451792963472124,9.053221702575684,"{""num_rows"": ""262144"", ""profile"": ""active_10""}"
main,radix-lrb,pr-diagnostics,sorted_order_strings_segmented_diagnostics,Device=0 num_rows=2097152 profile=active_10,0.5415999978780744,0.5411423981189728,0.541601601243019,0.5874704147316523,72.36474514007568,"{""num_rows"": ""2097152"", ""profile"": ""active_10""}"
main,radix-lrb,pr-diagnostics,sorted_order_strings_segmented_diagnostics,Device=0 num_rows=262144 profile=active_1,0.23803360015153882,0.23773759976029404,0.23945279940962794,1.0832351652052596,9.053221702575684,"{""num_rows"": ""262144"", ""profile"": ""active_1""}"
main,radix-lrb,pr-diagnostics,sorted_order_strings_segmented_diagnostics,Device=0 num_rows=2097152 profile=active_1,0.48824319690465934,0.48805119842290867,0.48922719955444344,0.7470211629494573,72.36474514007568,"{""num_rows"": ""2097152"", ""profile"": ""active_1""}"
main,radix-lrb,pr-diagnostics,sorted_order_strings_segmented_diagnostics,Device=0 num_rows=262144 profile=active_0_1,0.19619679972529414,0.19459359869360923,0.1987743981182575,1.951042670444119,9.053221702575684,"{""num_rows"": ""262144"", ""profile"": ""active_0_1""}"
main,radix-lrb,pr-diagnostics,sorted_order_strings_segmented_diagnostics,Device=0 num_rows=2097152 profile=active_0_1,0.4200751960277558,0.4194399997591972,0.4210447996854782,0.9284086074142457,72.36474514007568,"{""num_rows"": ""2097152"", ""profile"": ""active_0_1""}"
main,radix-lrb,pr-diagnostics,sorted_order_strings_segmented_diagnostics,Device=0 num_rows=262144 profile=duplicates_6,0.2323040001094341,0.2297568000853062,0.23343839943408962,0.954233563946134,9.053221702575684,"{""num_rows"": ""262144"", ""profile"": ""duplicates_6""}"
main,radix-lrb,pr-diagnostics,sorted_order_strings_segmented_diagnostics,Device=0 num_rows=2097152 profile=duplicates_6,0.9859056055545807,0.985463997721672,0.986795198917389,0.45900897833393284,72.36474514007568,"{""num_rows"": ""2097152"", ""profile"": ""duplicates_6""}"
main,radix-lrb,pr-diagnostics,sorted_order_strings_segmented_diagnostics,Device=0 num_rows=262144 profile=duplicates_8,0.23404319882392885,0.23221760019659995,0.23561599925160412,9.12817182735733,9.053221702575684,"{""num_rows"": ""262144"", ""profile"": ""duplicates_8""}"
main,radix-lrb,pr-diagnostics,sorted_order_strings_segmented_diagnostics,Device=0 num_rows=2097152 profile=duplicates_8,0.982784003019333,0.9825951993465425,0.9844687998294831,0.3376719136565492,72.36474514007568,"{""num_rows"": ""2097152"", ""profile"": ""duplicates_8""}"
main,radix-lrb,pr-diagnostics,sorted_order_strings_segmented_diagnostics,Device=0 num_rows=262144 profile=duplicates_12,0.3475584030151367,0.3458032011985779,0.3489296019077301,0.868963006720919,9.053221702575684,"{""num_rows"": ""262144"", ""profile"": ""duplicates_12""}"
main,radix-lrb,pr-diagnostics,sorted_order_strings_segmented_diagnostics,Device=0 num_rows=2097152 profile=duplicates_12,2.0576352357864383,2.055249583721161,2.0590895771980287,0.68993069219356,72.36474514007568,"{""num_rows"": ""2097152"", ""profile"": ""duplicates_12""}"
main,radix-lrb,pr-diagnostics,sorted_order_strings_segmented_diagnostics,Device=0 num_rows=262144 profile=duplicates_16,0.29914080202579496,0.29880800098180765,0.29956799894571307,1.372559608928756,9.053221702575684,"{""num_rows"": ""262144"", ""profile"": ""duplicates_16""}"
main,radix-lrb,pr-diagnostics,sorted_order_strings_segmented_diagnostics,Device=0 num_rows=2097152 profile=duplicates_16,1.6032047927379607,1.5981887936592103,1.604060798883438,0.2517254299891062,72.36474514007568,"{""num_rows"": ""2097152"", ""profile"": ""duplicates_16""}"
main,radix-lrb,pr-diagnostics,sorted_order_strings_segmented_diagnostics,Device=0 num_rows=262144 profile=duplicates_24,0.35978720486164084,0.358967998623848,0.3610447987914086,0.988599932326731,9.053221702575684,"{""num_rows"": ""262144"", ""profile"": ""duplicates_24""}"
main,radix-lrb,pr-diagnostics,sorted_order_strings_segmented_diagnostics,Device=0 num_rows=2097152 profile=duplicates_24,2.0716832160949705,2.0695631980895994,2.0718384146690374,0.3912793757148069,72.36474514007568,"{""num_rows"": ""2097152"", ""profile"": ""duplicates_24""}"
main,radix-lrb,pr-diagnostics,sorted_order_strings_segmented_diagnostics,Device=0 num_rows=262144 profile=duplicates_32,0.40185759961605066,0.4011648014187813,0.40285600125789633,0.8753134580745867,9.053221702575684,"{""num_rows"": ""262144"", ""profile"": ""duplicates_32""}"
main,radix-lrb,pr-diagnostics,sorted_order_strings_segmented_diagnostics,Device=0 num_rows=2097152 profile=duplicates_32,2.506488025188446,2.5057503938674928,2.508334386348724,0.18925705134763177,72.36474514007568,"{""num_rows"": ""2097152"", ""profile"": ""duplicates_32""}"
main,radix-lrb,pr-diagnostics,sorted_order_strings_segmented_diagnostics,Device=0 num_rows=262144 profile=rle_misaligned,0.6228687971830369,0.6210288047790526,0.6240192025899887,1.5253268191368063,9.053221702575684,"{""num_rows"": ""262144"", ""profile"": ""rle_misaligned""}"
main,radix-lrb,pr-diagnostics,sorted_order_strings_segmented_diagnostics,Device=0 num_rows=2097152 profile=rle_misaligned,3.843164789676666,3.842220818996429,3.8439120173454278,0.2220063577018649,72.36474514007568,"{""num_rows"": ""2097152"", ""profile"": ""rle_misaligned""}"
main,prefix,target,sorted_order_strings_cardinality,Device=0 num_rows=262144 max_width=32 cardinality=1,0.007948799920268357,0.007739199977368115,0.00808960001450032,9.775760972113803,1.0,"{""cardinality"": ""1"", ""max_width"": ""32"", ""num_rows"": ""262144""}"
main,prefix,target,sorted_order_strings_cardinality,Device=0 num_rows=2097152 max_width=32 cardinality=1,0.008545600017532705,0.008491199929267168,0.008574400003999474,2.657511485306527,8.0,"{""cardinality"": ""1"", ""max_width"": ""32"", ""num_rows"": ""2097152""}"
main,prefix,target,sorted_order_strings_cardinality,Device=0 num_rows=262144 max_width=128 cardinality=1,4.16912317276001,4.162145590782165,4.176518440246582,1.18719341110682,4.00056266784668,"{""cardinality"": ""1"", ""max_width"": ""128"", ""num_rows"": ""262144""}"
main,prefix,target,sorted_order_strings_cardinality,Device=0 num_rows=2097152 max_width=128 cardinality=1,35.65671215057374,35.633422470092775,35.682744216918955,0.32354075643909025,32.00227165222168,"{""cardinality"": ""1"", ""max_width"": ""128"", ""num_rows"": ""2097152""}"
main,prefix,target,sorted_order_strings_cardinality,Device=0 num_rows=262144 max_width=32 cardinality=64,1.2357712090015407,1.2351279973983766,1.2404240012168886,0.8537671183416952,4.00056266784668,"{""cardinality"": ""64"", ""max_width"": ""32"", ""num_rows"": ""262144""}"
main,prefix,target,sorted_order_strings_cardinality,Device=0 num_rows=2097152 max_width=32 cardinality=64,3.312292814254761,3.3056751966476443,3.312480008602142,0.5232369701393329,32.00227165222168,"{""cardinality"": ""64"", ""max_width"": ""32"", ""num_rows"": ""2097152""}"
main,prefix,target,sorted_order_strings_cardinality,Device=0 num_rows=262144 max_width=128 cardinality=64,5.272918391227723,5.269347167015078,5.277188777923584,0.3786242403413294,4.00056266784668,"{""cardinality"": ""64"", ""max_width"": ""128"", ""num_rows"": ""262144""}"
main,prefix,target,sorted_order_strings_cardinality,Device=0 num_rows=2097152 max_width=128 cardinality=64,12.828692722320557,12.810302352905273,12.844523191452028,0.5613519662866922,32.00227165222168,"{""cardinality"": ""64"", ""max_width"": ""128"", ""num_rows"": ""2097152""}"
main,prefix,target,sorted_order_strings_cardinality,Device=0 num_rows=262144 max_width=32 cardinality=0,0.28238560110330585,0.27932319790124893,0.2826047986745835,0.8351896331004378,4.00056266784668,"{""cardinality"": ""0"", ""max_width"": ""32"", ""num_rows"": ""262144""}"
main,prefix,target,sorted_order_strings_cardinality,Device=0 num_rows=2097152 max_width=32 cardinality=0,1.102542394399643,1.098891204595566,1.1026815950870512,0.43212126141127394,32.00227165222168,"{""cardinality"": ""0"", ""max_width"": ""32"", ""num_rows"": ""2097152""}"
main,prefix,target,sorted_order_strings_cardinality,Device=0 num_rows=262144 max_width=128 cardinality=0,0.30630399882793424,0.3047951996326446,0.3078848004341126,0.530527934779329,4.00056266784668,"{""cardinality"": ""0"", ""max_width"": ""128"", ""num_rows"": ""262144""}"
main,prefix,target,sorted_order_strings_cardinality,Device=0 num_rows=2097152 max_width=128 cardinality=0,1.1454463958740237,1.1448320150375366,1.1475520014762879,0.4943622563700324,32.00227165222168,"{""cardinality"": ""0"", ""max_width"": ""128"", ""num_rows"": ""2097152""}"
main,prefix,target,sorted_order_strings_prefixes,Device=0 num_rows=262144 prefix_width=4 suffix_width=32 prefix_cardinality=1,0.29275679737329485,0.2899520039558411,0.2929247990250587,0.5533242885513474,4.00056266784668,"{""num_rows"": ""262144"", ""prefix_cardinality"": ""1"", ""prefix_width"": ""4"", ""suffix_width"": ""32""}"
main,prefix,target,sorted_order_strings_prefixes,Device=0 num_rows=2097152 prefix_width=4 suffix_width=32 prefix_cardinality=1,1.1082527935504913,1.1044975936412809,1.1102191984653471,0.49594806368270566,32.00227165222168,"{""num_rows"": ""2097152"", ""prefix_cardinality"": ""1"", ""prefix_width"": ""4"", ""suffix_width"": ""32""}"
main,prefix,target,sorted_order_strings_prefixes,Device=0 num_rows=262144 prefix_width=8 suffix_width=32 prefix_cardinality=1,0.7489951997995378,0.7446096003055572,0.7492080032825468,0.4229340517652413,4.00056266784668,"{""num_rows"": ""262144"", ""prefix_cardinality"": ""1"", ""prefix_width"": ""8"", ""suffix_width"": ""32""}"
main,prefix,target,sorted_order_strings_prefixes,Device=0 num_rows=2097152 prefix_width=8 suffix_width=32 prefix_cardinality=1,6.466302418708802,6.461254453659059,6.468076872825623,0.40372799372927193,32.00227165222168,"{""num_rows"": ""2097152"", ""prefix_cardinality"": ""1"", ""prefix_width"": ""8"", ""suffix_width"": ""32""}"
main,prefix,target,sorted_order_strings_prefixes,Device=0 num_rows=262144 prefix_width=10 suffix_width=32 prefix_cardinality=1,0.9565104067325593,0.9543983995914459,0.9585792034864427,0.4093947797036851,4.00056266784668,"{""num_rows"": ""262144"", ""prefix_cardinality"": ""1"", ""prefix_width"": ""10"", ""suffix_width"": ""32""}"
main,prefix,target,sorted_order_strings_prefixes,Device=0 num_rows=2097152 prefix_width=10 suffix_width=32 prefix_cardinality=1,7.9353664159774775,7.931041574478149,7.937750387191774,0.3413538325139892,32.00227165222168,"{""num_rows"": ""2097152"", ""prefix_cardinality"": ""1"", ""prefix_width"": ""10"", ""suffix_width"": ""32""}"
main,prefix,target,sorted_order_strings_prefixes,Device=0 num_rows=262144 prefix_width=11 suffix_width=32 prefix_cardinality=1,1.060868799686432,1.0560144066810608,1.0615887880325316,0.2790783377269042,4.00056266784668,"{""num_rows"": ""262144"", ""prefix_cardinality"": ""1"", ""prefix_width"": ""11"", ""suffix_width"": ""32""}"
main,prefix,target,sorted_order_strings_prefixes,Device=0 num_rows=2097152 prefix_width=11 suffix_width=32 prefix_cardinality=1,8.669795179367066,8.662841606140134,8.670179128646849,0.36839517237385594,32.00227165222168,"{""num_rows"": ""2097152"", ""prefix_cardinality"": ""1"", ""prefix_width"": ""11"", ""suffix_width"": ""32""}"
main,prefix,target,sorted_order_strings_prefixes,Device=0 num_rows=262144 prefix_width=12 suffix_width=32 prefix_cardinality=1,1.164196801185608,1.1610128045082093,1.1646831989288329,0.3071326579869377,4.00056266784668,"{""num_rows"": ""262144"", ""prefix_cardinality"": ""1"", ""prefix_width"": ""12"", ""suffix_width"": ""32""}"
main,prefix,target,sorted_order_strings_prefixes,Device=0 num_rows=2097152 prefix_width=12 suffix_width=32 prefix_cardinality=1,9.50407199859619,9.493147230148313,9.512688016891481,0.2515329443048055,32.00227165222168,"{""num_rows"": ""2097152"", ""prefix_cardinality"": ""1"", ""prefix_width"": ""12"", ""suffix_width"": ""32""}"
main,prefix,target,sorted_order_strings_prefixes,Device=0 num_rows=262144 prefix_width=64 suffix_width=32 prefix_cardinality=1,6.560972809791565,6.56073923110962,6.570393586158753,0.7539564626814902,4.00056266784668,"{""num_rows"": ""262144"", ""prefix_cardinality"": ""1"", ""prefix_width"": ""64"", ""suffix_width"": ""32""}"
main,prefix,target,sorted_order_strings_prefixes,Device=0 num_rows=2097152 prefix_width=64 suffix_width=32 prefix_cardinality=1,64.60257873535159,64.59858436584473,64.6223804473877,0.1524343070688346,32.00227165222168,"{""num_rows"": ""2097152"", ""prefix_cardinality"": ""1"", ""prefix_width"": ""64"", ""suffix_width"": ""32""}"
main,prefix,target,sorted_order_strings_prefixes,Device=0 num_rows=262144 prefix_width=4 suffix_width=32 prefix_cardinality=64,0.25693600326776506,0.25489919930696486,0.2572416007518768,0.5159655779219797,4.00056266784668,"{""num_rows"": ""262144"", ""prefix_cardinality"": ""64"", ""prefix_width"": ""4"", ""suffix_width"": ""32""}"
main,prefix,target,sorted_order_strings_prefixes,Device=0 num_rows=2097152 prefix_width=4 suffix_width=32 prefix_cardinality=64,1.0578976035118104,1.0542928099632263,1.0592719912528994,0.5930186341330429,32.00227165222168,"{""num_rows"": ""2097152"", ""prefix_cardinality"": ""64"", ""prefix_width"": ""4"", ""suffix_width"": ""32""}"
main,prefix,target,sorted_order_strings_prefixes,Device=0 num_rows=262144 prefix_width=8 suffix_width=32 prefix_cardinality=64,0.5757488042116164,0.5719087988138198,0.5759887933731078,0.714819314382142,4.00056266784668,"{""num_rows"": ""262144"", ""prefix_cardinality"": ""64"", ""prefix_width"": ""8"", ""suffix_width"": ""32""}"
main,prefix,target,sorted_order_strings_prefixes,Device=0 num_rows=2097152 prefix_width=8 suffix_width=32 prefix_cardinality=64,4.215400052070617,4.213747191429139,4.221545600891113,0.47757332533862806,32.00227165222168,"{""num_rows"": ""2097152"", ""prefix_cardinality"": ""64"", ""prefix_width"": ""8"", ""suffix_width"": ""32""}"
main,prefix,target,sorted_order_strings_prefixes,Device=0 num_rows=262144 prefix_width=10 suffix_width=32 prefix_cardinality=64,0.7166207909584046,0.7146655976772307,0.7173007994890214,0.3406240897765777,4.00056266784668,"{""num_rows"": ""262144"", ""prefix_cardinality"": ""64"", ""prefix_width"": ""10"", ""suffix_width"": ""32""}"
main,prefix,target,sorted_order_strings_prefixes,Device=0 num_rows=2097152 prefix_width=10 suffix_width=32 prefix_cardinality=64,5.069134449958802,5.058700799942017,5.07297921180725,0.42018454015695217,32.00227165222168,"{""num_rows"": ""2097152"", ""prefix_cardinality"": ""64"", ""prefix_width"": ""10"", ""suffix_width"": ""32""}"
main,prefix,target,sorted_order_strings_prefixes,Device=0 num_rows=262144 prefix_width=11 suffix_width=32 prefix_cardinality=64,0.7859344005584715,0.7836416006088258,0.7877407938241959,0.5560571921133155,4.00056266784668,"{""num_rows"": ""262144"", ""prefix_cardinality"": ""64"", ""prefix_width"": ""11"", ""suffix_width"": ""32""}"
main,prefix,target,sorted_order_strings_prefixes,Device=0 num_rows=2097152 prefix_width=11 suffix_width=32 prefix_cardinality=64,5.569607973098756,5.566433548927307,5.571281671524048,0.27634916788117425,32.00227165222168,"{""num_rows"": ""2097152"", ""prefix_cardinality"": ""64"", ""prefix_width"": ""11"", ""suffix_width"": ""32""}"
main,prefix,target,sorted_order_strings_prefixes,Device=0 num_rows=262144 prefix_width=12 suffix_width=32 prefix_cardinality=64,0.8539647996425627,0.8535344034433366,0.855038398504257,0.4841893468914797,4.00056266784668,"{""num_rows"": ""262144"", ""prefix_cardinality"": ""64"", ""prefix_width"": ""12"", ""suffix_width"": ""32""}"
main,prefix,target,sorted_order_strings_prefixes,Device=0 num_rows=2097152 prefix_width=12 suffix_width=32 prefix_cardinality=64,6.086030459403991,6.0859392166137685,6.08625602722168,0.15315385616262767,32.00227165222168,"{""num_rows"": ""2097152"", ""prefix_cardinality"": ""64"", ""prefix_width"": ""12"", ""suffix_width"": ""32""}"
main,prefix,target,sorted_order_strings_prefixes,Device=0 num_rows=262144 prefix_width=64 suffix_width=32 prefix_cardinality=64,4.509976029396058,4.50893919467926,4.51329758167267,0.4513662698106182,4.00056266784668,"{""num_rows"": ""262144"", ""prefix_cardinality"": ""64"", ""prefix_width"": ""64"", ""suffix_width"": ""32""}"
main,prefix,target,sorted_order_strings_prefixes,Device=0 num_rows=2097152 prefix_width=64 suffix_width=32 prefix_cardinality=64,37.02095699310303,37.00489292144776,37.03175220489502,0.3420728615795222,32.00227165222168,"{""num_rows"": ""2097152"", ""prefix_cardinality"": ""64"", ""prefix_width"": ""64"", ""suffix_width"": ""32""}"
main,radix-lrb,end-to-end,sort_strings_workload,Device=0 min_width=0 max_width=32 num_rows=262144 workload=normal,0.5102768018841743,0.5092208027839661,0.5151680111885072,1.3380830409216682,9.053221702575684,"{""max_width"": ""32"", ""min_width"": ""0"", ""num_rows"": ""262144"", ""workload"": ""normal""}"
main,radix-lrb,end-to-end,sort_strings_workload,Device=0 min_width=0 max_width=256 num_rows=262144 workload=normal,1.6464703917503358,1.6399503827095034,1.651279991865158,2.429603291732042,33.687255859375,"{""max_width"": ""256"", ""min_width"": ""0"", ""num_rows"": ""262144"", ""workload"": ""normal""}"
main,radix-lrb,end-to-end,sort_strings_workload,Device=0 min_width=0 max_width=32 num_rows=2097152 workload=normal,1.7350431859493258,1.7222144186496733,1.7357695937156679,1.2670406802109453,95.72902488708496,"{""max_width"": ""32"", ""min_width"": ""0"", ""num_rows"": ""2097152"", ""workload"": ""normal""}"
main,radix-lrb,end-to-end,sort_strings_workload,Device=0 min_width=0 max_width=256 num_rows=2097152 workload=normal,8.598198413848877,8.556833505630491,8.616300964355469,2.5744314245672033,269.3055658340454,"{""max_width"": ""256"", ""min_width"": ""0"", ""num_rows"": ""2097152"", ""workload"": ""normal""}"
main,radix-lrb,end-to-end,sort_strings_workload,Device=0 min_width=0 max_width=32 num_rows=262144 workload=duplicates,0.5333919972181319,0.5303072005510331,0.5361375987529755,1.5706537060136507,9.053221702575684,"{""max_width"": ""32"", ""min_width"": ""0"", ""num_rows"": ""262144"", ""workload"": ""duplicates""}"
main,radix-lrb,end-to-end,sort_strings_workload,Device=0 min_width=0 max_width=256 num_rows=262144 workload=duplicates,1.8777856051921848,1.8768304109573364,1.8825119972229003,2.527226624370348,34.63582420349121,"{""max_width"": ""256"", ""min_width"": ""0"", ""num_rows"": ""262144"", ""workload"": ""duplicates""}"
main,radix-lrb,end-to-end,sort_strings_workload,Device=0 min_width=0 max_width=32 num_rows=2097152 workload=duplicates,2.6136319994926454,2.6135088086128238,2.627232003211975,1.625570228732703,96.68649291992188,"{""max_width"": ""32"", ""min_width"": ""0"", ""num_rows"": ""2097152"", ""workload"": ""duplicates""}"
main,radix-lrb,end-to-end,sort_strings_workload,Device=0 min_width=0 max_width=256 num_rows=2097152 workload=duplicates,10.376065587997436,10.364960002899172,10.383852767944337,0.32335852296630796,277.07898902893066,"{""max_width"": ""256"", ""min_width"": ""0"", ""num_rows"": ""2097152"", ""workload"": ""duplicates""}"
main,radix-lrb,end-to-end,sort_strings_workload,Device=0 min_width=0 max_width=32 num_rows=262144 workload=shared_prefix,0.8649968028068543,0.8639584064483641,0.8713407993316651,0.5482581064132794,9.053221702575684,"{""max_width"": ""32"", ""min_width"": ""0"", ""num_rows"": ""262144"", ""workload"": ""shared_prefix""}"
main,radix-lrb,end-to-end,sort_strings_workload,Device=0 min_width=0 max_width=256 num_rows=262144 workload=shared_prefix,7.967233538627625,7.964183950424194,7.984164810180664,0.3334291829779286,65.03126335144043,"{""max_width"": ""256"", ""min_width"": ""0"", ""num_rows"": ""262144"", ""workload"": ""shared_prefix""}"
main,radix-lrb,end-to-end,sort_strings_workload,Device=0 min_width=0 max_width=32 num_rows=2097152 workload=shared_prefix,6.141166377067567,6.136624002456665,6.155771231651305,0.4312170273729242,120.06652927398682,"{""max_width"": ""32"", ""min_width"": ""0"", ""num_rows"": ""2097152"", ""workload"": ""shared_prefix""}"
main,radix-lrb,end-to-end,sort_strings_workload,Device=0 min_width=0 max_width=256 num_rows=2097152 workload=shared_prefix,50.78338565826416,50.75946369171144,50.785859489440924,0.16360162999507502,520.2527341842651,"{""max_width"": ""256"", ""min_width"": ""0"", ""num_rows"": ""2097152"", ""workload"": ""shared_prefix""}"
main,radix-lrb,end-to-end,sort_strings_workload,Device=0 min_width=0 max_width=32 num_rows=262144 workload=variable,0.36732160151004795,0.36616319715976714,0.3705456003546714,1.3710177151829837,9.053221702575684,"{""max_width"": ""32"", ""min_width"": ""0"", ""num_rows"": ""262144"", ""workload"": ""variable""}"
main,radix-lrb,end-to-end,sort_strings_workload,Device=0 min_width=0 max_width=256 num_rows=262144 workload=variable,0.3896255999803543,0.38699519783258435,0.39513919949531556,1.356820880570791,34.01968002319336,"{""max_width"": ""256"", ""min_width"": ""0"", ""num_rows"": ""262144"", ""workload"": ""variable""}"
main,radix-lrb,end-to-end,sort_strings_workload,Device=0 min_width=0 max_width=32 num_rows=2097152 workload=variable,0.9246480077505113,0.9227344006299975,0.9327119946479799,0.5209200661605659,96.05874729156494,"{""max_width"": ""32"", ""min_width"": ""0"", ""num_rows"": ""2097152"", ""workload"": ""variable""}"
main,radix-lrb,end-to-end,sort_strings_workload,Device=0 min_width=0 max_width=256 num_rows=2097152 workload=variable,1.1342319905757905,1.1326272070407866,1.142159992456436,0.9857102562125307,272.17790508270264,"{""max_width"": ""256"", ""min_width"": ""0"", ""num_rows"": ""2097152"", ""workload"": ""variable""}"
main,pr1-p32-c512,segments,sorted_order_strings_segments,Device=0 num_rows=32768 shared_suffix=0 segment_profile=singletons,0.18844800069928175,0.18712319955229761,0.19098080024123193,1.9098143202869262,1.2340106964111328,"{""num_rows"": ""32768"", ""segment_profile"": ""singletons"", ""shared_suffix"": ""0""}"
main,pr1-p32-c512,segments,sorted_order_strings_segments,Device=0 num_rows=2097152 shared_suffix=0 segment_profile=singletons,0.6351039990782738,0.394625599682331,0.6461280077695846,173.42443526993787,78.42737007141113,"{""num_rows"": ""2097152"", ""segment_profile"": ""singletons"", ""shared_suffix"": ""0""}"
main,pr1-p32-c512,segments,sorted_order_strings_segments,Device=0 num_rows=32768 shared_suffix=64 segment_profile=singletons,0.2242640011012555,0.22325119972229002,0.22952799946069719,11.820832397379153,1.2340106964111328,"{""num_rows"": ""32768"", ""segment_profile"": ""singletons"", ""shared_suffix"": ""64""}"
main,pr1-p32-c512,segments,sorted_order_strings_segments,Device=0 num_rows=2097152 shared_suffix=64 segment_profile=singletons,0.4781119972467422,0.47764799892902376,0.48110240101814283,0.8314796840505441,78.42737007141113,"{""num_rows"": ""2097152"", ""segment_profile"": ""singletons"", ""shared_suffix"": ""64""}"
main,pr1-p32-c512,segments,sorted_order_strings_segments,Device=0 num_rows=32768 shared_suffix=0 segment_profile=pairs,0.5322048008441925,0.5300767987966538,0.5382463991641998,2.002653092663482,1.6575984954833984,"{""num_rows"": ""32768"", ""segment_profile"": ""pairs"", ""shared_suffix"": ""0""}"
main,pr1-p32-c512,segments,sorted_order_strings_segments,Device=0 num_rows=2097152 shared_suffix=0 segment_profile=pairs,13.344611167907717,13.343361520767214,13.354767990112304,0.10069753073966924,106.0628719329834,"{""num_rows"": ""2097152"", ""segment_profile"": ""pairs"", ""shared_suffix"": ""0""}"
main,pr1-p32-c512,segments,sorted_order_strings_segments,Device=0 num_rows=32768 shared_suffix=64 segment_profile=pairs,0.6594464004039764,0.6591696083545686,0.6700352042913437,0.810892610607839,1.6575984954833984,"{""num_rows"": ""32768"", ""segment_profile"": ""pairs"", ""shared_suffix"": ""64""}"
main,pr1-p32-c512,segments,sorted_order_strings_segments,Device=0 num_rows=2097152 shared_suffix=64 segment_profile=pairs,20.56637306213379,20.56608991622925,20.576366424560547,0.05503203052882611,106.0628719329834,"{""num_rows"": ""2097152"", ""segment_profile"": ""pairs"", ""shared_suffix"": ""64""}"
main,pr1-p32-c512,segments,sorted_order_strings_segments,Device=0 num_rows=32768 shared_suffix=0 segment_profile=tiny4,0.4720047995448113,0.47197920382022845,0.4804320007562638,1.3233459533577383,1.5013484954833984,"{""num_rows"": ""32768"", ""segment_profile"": ""tiny4"", ""shared_suffix"": ""0""}"
main,pr1-p32-c512,segments,sorted_order_strings_segments,Device=0 num_rows=2097152 shared_suffix=0 segment_profile=tiny4,8.5893150806427,8.58757119178772,8.596704053878783,0.09210627091062164,96.0628719329834,"{""num_rows"": ""2097152"", ""segment_profile"": ""tiny4"", ""shared_suffix"": ""0""}"
main,pr1-p32-c512,segments,sorted_order_strings_segments,Device=0 num_rows=32768 shared_suffix=64 segment_profile=tiny4,0.6898079991340638,0.688840001821518,0.7013551980257035,0.5408146527982354,1.5013484954833984,"{""num_rows"": ""32768"", ""segment_profile"": ""tiny4"", ""shared_suffix"": ""64""}"
main,pr1-p32-c512,segments,sorted_order_strings_segments,Device=0 num_rows=2097152 shared_suffix=64 segment_profile=tiny4,20.93292007446289,20.930678462982176,20.94179353713989,0.03718775952082857,96.0628719329834,"{""num_rows"": ""2097152"", ""segment_profile"": ""tiny4"", ""shared_suffix"": ""64""}"
main,pr1-p32-c512,segments,sorted_order_strings_segments,Device=0 num_rows=32768 shared_suffix=0 segment_profile=tiny8,0.3671071991324425,0.36368319690227513,0.36968639940023423,2.3024719457792266,1.4232234954833984,"{""num_rows"": ""32768"", ""segment_profile"": ""tiny8"", ""shared_suffix"": ""0""}"
main,pr1-p32-c512,segments,sorted_order_strings_segments,Device=0 num_rows=2097152 shared_suffix=0 segment_profile=tiny8,5.732161569595338,5.7290400028228765,5.741046404838562,0.25190506562686515,91.0628719329834,"{""num_rows"": ""2097152"", ""segment_profile"": ""tiny8"", ""shared_suffix"": ""0""}"
main,pr1-p32-c512,segments,sorted_order_strings_segments,Device=0 num_rows=32768 shared_suffix=64 segment_profile=tiny8,0.6051312059164048,0.6044256001710893,0.6122848033905031,0.5653012087697066,1.4232234954833984,"{""num_rows"": ""32768"", ""segment_profile"": ""tiny8"", ""shared_suffix"": ""64""}"
main,pr1-p32-c512,segments,sorted_order_strings_segments,Device=0 num_rows=2097152 shared_suffix=64 segment_profile=tiny8,19.36054391860962,19.359691143035885,19.367931270599364,0.030706987748443867,91.0628719329834,"{""num_rows"": ""2097152"", ""segment_profile"": ""tiny8"", ""shared_suffix"": ""64""}"
main,pr1-p32-c512,segments,sorted_order_strings_segments,Device=0 num_rows=32768 shared_suffix=0 segment_profile=tiny16,0.343044799566269,0.3421824023127556,0.3474175989627838,1.3614904624814552,1.3841609954833984,"{""num_rows"": ""32768"", ""segment_profile"": ""tiny16"", ""shared_suffix"": ""0""}"
main,pr1-p32-c512,segments,sorted_order_strings_segments,Device=0 num_rows=2097152 shared_suffix=0 segment_profile=tiny16,4.081452822685241,4.07838237285614,4.084556770324707,0.17406370232465734,88.5628719329834,"{""num_rows"": ""2097152"", ""segment_profile"": ""tiny16"", ""shared_suffix"": ""0""}"
main,pr1-p32-c512,segments,sorted_order_strings_segments,Device=0 num_rows=32768 shared_suffix=64 segment_profile=tiny16,0.5658511996269228,0.5624592036008833,0.5699359983205796,1.851695596501042,1.3841609954833984,"{""num_rows"": ""32768"", ""segment_profile"": ""tiny16"", ""shared_suffix"": ""64""}"
main,pr1-p32-c512,segments,sorted_order_strings_segments,Device=0 num_rows=2097152 shared_suffix=64 segment_profile=tiny16,16.497439956665037,16.49643497467041,16.506771087646484,0.053533428841299656,88.5628719329834,"{""num_rows"": ""2097152"", ""segment_profile"": ""tiny16"", ""shared_suffix"": ""64""}"
main,pr1-p32-c512,segments,sorted_order_strings_segments,Device=0 num_rows=32768 shared_suffix=0 segment_profile=tiny32,0.3320624008774757,0.3307055994868278,0.33364479988813406,1.1359539015414133,1.3646297454833984,"{""num_rows"": ""32768"", ""segment_profile"": ""tiny32"", ""shared_suffix"": ""0""}"
main,pr1-p32-c512,segments,sorted_order_strings_segments,Device=0 num_rows=2097152 shared_suffix=0 segment_profile=tiny32,3.0213168025016786,3.0160575628280637,3.0242416262626652,0.8684347674238027,87.3128719329834,"{""num_rows"": ""2097152"", ""segment_profile"": ""tiny32"", ""shared_suffix"": ""0""}"
main,pr1-p32-c512,segments,sorted_order_strings_segments,Device=0 num_rows=32768 shared_suffix=64 segment_profile=tiny32,0.5267296046018602,0.5230735987424849,0.5277072042226792,2.0845968388011094,1.3646297454833984,"{""num_rows"": ""32768"", ""segment_profile"": ""tiny32"", ""shared_suffix"": ""64""}"
main,pr1-p32-c512,segments,sorted_order_strings_segments,Device=0 num_rows=2097152 shared_suffix=64 segment_profile=tiny32,13.203883218765261,13.20307192802429,13.2094352722168,0.04356906630205465,87.3128719329834,"{""num_rows"": ""2097152"", ""segment_profile"": ""tiny32"", ""shared_suffix"": ""64""}"
main,pr1-p32-c512,segments,sorted_order_strings_segments,Device=0 num_rows=32768 shared_suffix=0 segment_profile=block256,0.3651951998472214,0.36366080194711686,0.36729759871959683,1.269172690376532,1.3592538833618164,"{""num_rows"": ""32768"", ""segment_profile"": ""block256"", ""shared_suffix"": ""0""}"
main,pr1-p32-c512,segments,sorted_order_strings_segments,Device=0 num_rows=2097152 shared_suffix=0 segment_profile=block256,1.7911727964878081,1.7859631955623625,1.7940879940986632,0.4472833953771935,86.42761325836182,"{""num_rows"": ""2097152"", ""segment_profile"": ""block256"", ""shared_suffix"": ""0""}"
main,pr1-p32-c512,segments,sorted_order_strings_segments,Device=0 num_rows=32768 shared_suffix=64 segment_profile=block256,0.6644656091928481,0.6614655971527098,0.6668223977088927,2.022943910212415,1.3592538833618164,"{""num_rows"": ""32768"", ""segment_profile"": ""block256"", ""shared_suffix"": ""64""}"
main,pr1-p32-c512,segments,sorted_order_strings_segments,Device=0 num_rows=2097152 shared_suffix=64 segment_profile=block256,10.345995235443114,10.34486083984375,10.347980833053589,0.2327482574071586,86.42761325836182,"{""num_rows"": ""2097152"", ""segment_profile"": ""block256"", ""shared_suffix"": ""64""}"
main,pr1-p32-c512,segments,sorted_order_strings_segments,Device=0 num_rows=32768 shared_suffix=0 segment_profile=logarithmic,0.6010544061660767,0.6004447966814042,0.6088720053434372,1.0743130325217067,1.4554004669189453,"{""num_rows"": ""32768"", ""segment_profile"": ""logarithmic"", ""shared_suffix"": ""0""}"
main,pr1-p32-c512,segments,sorted_order_strings_segments,Device=0 num_rows=2097152 shared_suffix=0 segment_profile=logarithmic,5.6948751449584964,5.691379213333129,5.7048512458801275,0.34226210959566117,93.0735034942627,"{""num_rows"": ""2097152"", ""segment_profile"": ""logarithmic"", ""shared_suffix"": ""0""}"
main,pr1-p32-c512,segments,sorted_order_strings_segments,Device=0 num_rows=32768 shared_suffix=64 segment_profile=logarithmic,1.8990847885608675,1.8980112016201018,1.9003263950347897,0.8827298581201711,1.4554004669189453,"{""num_rows"": ""32768"", ""segment_profile"": ""logarithmic"", ""shared_suffix"": ""64""}"
main,pr1-p32-c512,segments,sorted_order_strings_segments,Device=0 num_rows=2097152 shared_suffix=64 segment_profile=logarithmic,10.53824315071106,10.515387296676638,10.565379238128664,0.5495553318583908,93.0735034942627,"{""num_rows"": ""2097152"", ""segment_profile"": ""logarithmic"", ""shared_suffix"": ""64""}"
main,pr1-p32-c512,segments,sorted_order_strings_segments,Device=0 num_rows=32768 shared_suffix=0 segment_profile=tiny_plus_giant,0.47965919971466064,0.4795504003763198,0.48096640110015865,1.0551499817188177,1.3711719512939453,"{""num_rows"": ""32768"", ""segment_profile"": ""tiny_plus_giant"", ""shared_suffix"": ""0""}"
main,pr1-p32-c512,segments,sorted_order_strings_segments,Device=0 num_rows=2097152 shared_suffix=0 segment_profile=tiny_plus_giant,5.079113626480102,5.076497602462768,5.086379194259644,0.1793327212444772,87.37861824035645,"{""num_rows"": ""2097152"", ""segment_profile"": ""tiny_plus_giant"", ""shared_suffix"": ""0""}"
main,pr1-p32-c512,segments,sorted_order_strings_segments,Device=0 num_rows=32768 shared_suffix=64 segment_profile=tiny_plus_giant,1.487027198076248,1.4825055956840518,1.4914928019046785,0.8772077325540997,1.3711719512939453,"{""num_rows"": ""32768"", ""segment_profile"": ""tiny_plus_giant"", ""shared_suffix"": ""64""}"
main,pr1-p32-c512,segments,sorted_order_strings_segments,Device=0 num_rows=2097152 shared_suffix=64 segment_profile=tiny_plus_giant,24.21522407531738,24.20970401763916,24.22529125213623,0.05990214234646672,87.37861824035645,"{""num_rows"": ""2097152"", ""segment_profile"": ""tiny_plus_giant"", ""shared_suffix"": ""64""}"
main,pr1-p32-c512,segments,sorted_order_strings_segments,Device=0 num_rows=32768 shared_suffix=0 segment_profile=hot90,0.8442463904619217,0.8430431991815568,0.8480335921049118,0.6075914061714236,1.4980297088623047,"{""num_rows"": ""32768"", ""segment_profile"": ""hot90"", ""shared_suffix"": ""0""}"
main,pr1-p32-c512,segments,sorted_order_strings_segments,Device=0 num_rows=2097152 shared_suffix=0 segment_profile=hot90,22.75661268234253,22.7547327041626,22.76726236343384,0.05651986778881935,86.42761325836182,"{""num_rows"": ""2097152"", ""segment_profile"": ""hot90"", ""shared_suffix"": ""0""}"
main,pr1-p32-c512,segments,sorted_order_strings_segments,Device=0 num_rows=32768 shared_suffix=64 segment_profile=hot90,2.8867840051651,2.8862448215484617,2.893143999576569,0.2253517775346475,1.4980297088623047,"{""num_rows"": ""32768"", ""segment_profile"": ""hot90"", ""shared_suffix"": ""64""}"
main,pr1-p32-c512,segments,sorted_order_strings_segments,Device=0 num_rows=2097152 shared_suffix=64 segment_profile=hot90,138.08235626220704,138.08093795776372,138.09906768798828,0.02283904156163391,86.42761325836182,"{""num_rows"": ""2097152"", ""segment_profile"": ""hot90"", ""shared_suffix"": ""64""}"
main,pr1-p32-c512,segments,sorted_order_strings_segments,Device=0 num_rows=32768 shared_suffix=0 segment_profile=few_giants,0.4308608010411263,0.4306431993842125,0.4352799981832504,1.9131659733382402,1.3643245697021484,"{""num_rows"": ""32768"", ""segment_profile"": ""few_giants"", ""shared_suffix"": ""0""}"
main,pr1-p32-c512,segments,sorted_order_strings_segments,Device=0 num_rows=2097152 shared_suffix=0 segment_profile=few_giants,4.087199926376343,4.086737561225891,4.1002496004104625,0.18556177577895885,88.43752098083496,"{""num_rows"": ""2097152"", ""segment_profile"": ""few_giants"", ""shared_suffix"": ""0""}"
main,pr1-p32-c512,segments,sorted_order_strings_segments,Device=0 num_rows=32768 shared_suffix=64 segment_profile=few_giants,1.3930175960063933,1.388992005586624,1.4034560024738314,0.9561841749738651,1.3643245697021484,"{""num_rows"": ""32768"", ""segment_profile"": ""few_giants"", ""shared_suffix"": ""64""}"
main,pr1-p32-c512,segments,sorted_order_strings_segments,Device=0 num_rows=2097152 shared_suffix=64 segment_profile=few_giants,15.432057571411134,15.429848051071167,15.455451107025144,0.14057350809384697,88.43752098083496,"{""num_rows"": ""2097152"", ""segment_profile"": ""few_giants"", ""shared_suffix"": ""64""}"
main,pr1-p32-c512,segments,sorted_order_strings_segments,Device=0 num_rows=32768 shared_suffix=0 segment_profile=one_segment,0.848511999845505,0.8480864018201829,0.8594799935817719,0.4666857581640367,1.505086898803711,"{""num_rows"": ""32768"", ""segment_profile"": ""one_segment"", ""shared_suffix"": ""0""}"
main,pr1-p32-c512,segments,sorted_order_strings_segments,Device=0 num_rows=2097152 shared_suffix=0 segment_profile=one_segment,25.130572605133054,25.1267728805542,25.136969661712648,0.06856660267469765,86.42761325836182,"{""num_rows"": ""2097152"", ""segment_profile"": ""one_segment"", ""shared_suffix"": ""0""}"
main,pr1-p32-c512,segments,sorted_order_strings_segments,Device=0 num_rows=32768 shared_suffix=64 segment_profile=one_segment,2.950617587566376,2.9497760057449343,2.956319987773895,0.21866510144195028,1.505086898803711,"{""num_rows"": ""32768"", ""segment_profile"": ""one_segment"", ""shared_suffix"": ""64""}"
main,pr1-p32-c512,segments,sorted_order_strings_segments,Device=0 num_rows=2097152 shared_suffix=64 segment_profile=one_segment,154.4438346862793,154.42687149047848,154.45475769042972,0.02241578904406329,86.42761325836182,"{""num_rows"": ""2097152"", ""segment_profile"": ""one_segment"", ""shared_suffix"": ""64""}"
control,old-r8-control,target,sorted_order_strings_cardinality,Device=0 num_rows=262144 max_width=32 cardinality=1,0.00815839997958392,0.0071471999632194624,0.00828319985885173,6.785906316074565,1.0,"{""cardinality"": ""1"", ""max_width"": ""32"", ""num_rows"": ""262144""}"
control,old-r8-control,target,sorted_order_strings_cardinality,Device=0 num_rows=2097152 max_width=32 cardinality=1,0.008788800006732343,0.008712000027298928,0.008975999988615513,12.788185558201558,8.0,"{""cardinality"": ""1"", ""max_width"": ""32"", ""num_rows"": ""2097152""}"
control,old-r8-control,target,sorted_order_strings_cardinality,Device=0 num_rows=262144 max_width=128 cardinality=1,1.0308639943599702,1.0286415994167326,1.0360623955726624,0.37281073510710266,9.053221702575684,"{""cardinality"": ""1"", ""max_width"": ""128"", ""num_rows"": ""262144""}"
control,old-r8-control,target,sorted_order_strings_cardinality,Device=0 num_rows=2097152 max_width=128 cardinality=1,7.133617639541627,7.115860772132875,7.1340368509292595,0.39159532139121483,72.36474514007568,"{""cardinality"": ""1"", ""max_width"": ""128"", ""num_rows"": ""2097152""}"
control,old-r8-control,target,sorted_order_strings_cardinality,Device=0 num_rows=262144 max_width=32 cardinality=64,0.4457295969128609,0.44295039921998974,0.4510575994849205,2.0757188655442627,9.053221702575684,"{""cardinality"": ""64"", ""max_width"": ""32"", ""num_rows"": ""262144""}"
control,old-r8-control,target,sorted_order_strings_cardinality,Device=0 num_rows=2097152 max_width=32 cardinality=64,2.136481630802155,2.132415974140167,2.1418864011764525,1.9582406615728738,72.36474514007568,"{""cardinality"": ""64"", ""max_width"": ""32"", ""num_rows"": ""2097152""}"
control,old-r8-control,target,sorted_order_strings_cardinality,Device=0 num_rows=262144 max_width=128 cardinality=64,0.9960080057382584,0.9902191936969754,1.0033136010169983,2.6171158370651355,9.053221702575684,"{""cardinality"": ""64"", ""max_width"": ""128"", ""num_rows"": ""262144""}"
control,old-r8-control,target,sorted_order_strings_cardinality,Device=0 num_rows=2097152 max_width=128 cardinality=64,6.120179200172425,6.077372813224792,6.137739205360412,2.487092857344258,72.36474514007568,"{""cardinality"": ""64"", ""max_width"": ""128"", ""num_rows"": ""2097152""}"
control,old-r8-control,target,sorted_order_strings_cardinality,Device=0 num_rows=262144 max_width=32 cardinality=0,0.26304320245981216,0.2605440020561218,0.264648000895977,1.1590579723028251,9.053221702575684,"{""cardinality"": ""0"", ""max_width"": ""32"", ""num_rows"": ""262144""}"
control,old-r8-control,target,sorted_order_strings_cardinality,Device=0 num_rows=2097152 max_width=32 cardinality=0,0.5278319984674454,0.5242720037698746,0.5327695965766908,0.6732220513961303,72.36474514007568,"{""cardinality"": ""0"", ""max_width"": ""32"", ""num_rows"": ""2097152""}"
control,old-r8-control,target,sorted_order_strings_cardinality,Device=0 num_rows=262144 max_width=128 cardinality=0,0.25872799754142756,0.2562159970402717,0.26611519753932955,1.161515518848585,9.053221702575684,"{""cardinality"": ""0"", ""max_width"": ""128"", ""num_rows"": ""262144""}"
control,old-r8-control,target,sorted_order_strings_cardinality,Device=0 num_rows=2097152 max_width=128 cardinality=0,0.5321680009365082,0.5316783964633942,0.5393424004316328,0.6992293602282719,72.36474514007568,"{""cardinality"": ""0"", ""max_width"": ""128"", ""num_rows"": ""2097152""}"
control,old-r8-control,target,sorted_order_strings_prefixes,Device=0 num_rows=262144 prefix_width=4 suffix_width=32 prefix_cardinality=1,0.23451840057969092,0.23218559920787818,0.24152160063385958,1.3432921178489452,9.053221702575684,"{""num_rows"": ""262144"", ""prefix_cardinality"": ""1"", ""prefix_width"": ""4"", ""suffix_width"": ""32""}"
control,old-r8-control,target,sorted_order_strings_prefixes,Device=0 num_rows=2097152 prefix_width=4 suffix_width=32 prefix_cardinality=1,0.4749583989381791,0.4734335988759995,0.48104000091552734,0.8766550332813091,72.36474514007568,"{""num_rows"": ""2097152"", ""prefix_cardinality"": ""1"", ""prefix_width"": ""4"", ""suffix_width"": ""32""}"
control,old-r8-control,target,sorted_order_strings_prefixes,Device=0 num_rows=262144 prefix_width=8 suffix_width=32 prefix_cardinality=1,0.5775023996829987,0.5765904009342194,0.579783996939659,0.5686977440158248,9.053221702575684,"{""num_rows"": ""262144"", ""prefix_cardinality"": ""1"", ""prefix_width"": ""8"", ""suffix_width"": ""32""}"
control,old-r8-control,target,sorted_order_strings_prefixes,Device=0 num_rows=2097152 prefix_width=8 suffix_width=32 prefix_cardinality=1,4.240688037872314,4.236585569381715,4.250347185134889,0.43289779773243625,72.36474514007568,"{""num_rows"": ""2097152"", ""prefix_cardinality"": ""1"", ""prefix_width"": ""8"", ""suffix_width"": ""32""}"
control,old-r8-control,target,sorted_order_strings_prefixes,Device=0 num_rows=262144 prefix_width=10 suffix_width=32 prefix_cardinality=1,0.6172416061162946,0.6120591998100281,0.6223552018404008,5.510645474228695,9.053221702575684,"{""num_rows"": ""262144"", ""prefix_cardinality"": ""1"", ""prefix_width"": ""10"", ""suffix_width"": ""32""}"
control,old-r8-control,target,sorted_order_strings_prefixes,Device=0 num_rows=2097152 prefix_width=10 suffix_width=32 prefix_cardinality=1,4.458396792411804,4.451843214035034,4.465691232681276,0.3673483664377457,72.36474514007568,"{""num_rows"": ""2097152"", ""prefix_cardinality"": ""1"", ""prefix_width"": ""10"", ""suffix_width"": ""32""}"
control,old-r8-control,target,sorted_order_strings_prefixes,Device=0 num_rows=262144 prefix_width=11 suffix_width=32 prefix_cardinality=1,0.6228096038103104,0.6201776057481766,0.6316608011722565,4.530964666427274,9.053221702575684,"{""num_rows"": ""262144"", ""prefix_cardinality"": ""1"", ""prefix_width"": ""11"", ""suffix_width"": ""32""}"
control,old-r8-control,target,sorted_order_strings_prefixes,Device=0 num_rows=2097152 prefix_width=11 suffix_width=32 prefix_cardinality=1,4.516792011260986,4.511139249801637,4.522376012802124,0.3212260984681083,72.36474514007568,"{""num_rows"": ""2097152"", ""prefix_cardinality"": ""1"", ""prefix_width"": ""11"", ""suffix_width"": ""32""}"
control,old-r8-control,target,sorted_order_strings_prefixes,Device=0 num_rows=262144 prefix_width=12 suffix_width=32 prefix_cardinality=1,0.6328496038913728,0.6301583975553513,0.6385744094848632,2.100858295894183,9.053221702575684,"{""num_rows"": ""262144"", ""prefix_cardinality"": ""1"", ""prefix_width"": ""12"", ""suffix_width"": ""32""}"
control,old-r8-control,target,sorted_order_strings_prefixes,Device=0 num_rows=2097152 prefix_width=12 suffix_width=32 prefix_cardinality=1,4.569507169723511,4.563431978225708,4.575539207458496,0.25798873185031385,72.36474514007568,"{""num_rows"": ""2097152"", ""prefix_cardinality"": ""1"", ""prefix_width"": ""12"", ""suffix_width"": ""32""}"
control,old-r8-control,target,sorted_order_strings_prefixes,Device=0 num_rows=262144 prefix_width=64 suffix_width=32 prefix_cardinality=1,1.5397439956665042,1.5320176124572755,1.54005920290947,0.8224133141138266,9.053221702575684,"{""num_rows"": ""262144"", ""prefix_cardinality"": ""1"", ""prefix_width"": ""64"", ""suffix_width"": ""32""}"
control,old-r8-control,target,sorted_order_strings_prefixes,Device=0 num_rows=2097152 prefix_width=64 suffix_width=32 prefix_cardinality=1,13.49938883781433,13.499030256271364,13.51043996810913,0.2897928351657809,72.36474514007568,"{""num_rows"": ""2097152"", ""prefix_cardinality"": ""1"", ""prefix_width"": ""64"", ""suffix_width"": ""32""}"
control,old-r8-control,target,sorted_order_strings_prefixes,Device=0 num_rows=262144 prefix_width=4 suffix_width=32 prefix_cardinality=64,0.19768479987978932,0.19611200243234636,0.2055727995932103,1.3681756540326806,9.053221702575684,"{""num_rows"": ""262144"", ""prefix_cardinality"": ""64"", ""prefix_width"": ""4"", ""suffix_width"": ""32""}"
control,old-r8-control,target,sorted_order_strings_prefixes,Device=0 num_rows=2097152 prefix_width=4 suffix_width=32 prefix_cardinality=64,0.4190335988998414,0.4168127998709678,0.4223311975598335,0.9376797712346616,72.36474514007568,"{""num_rows"": ""2097152"", ""prefix_cardinality"": ""64"", ""prefix_width"": ""4"", ""suffix_width"": ""32""}"
control,old-r8-control,target,sorted_order_strings_prefixes,Device=0 num_rows=262144 prefix_width=8 suffix_width=32 prefix_cardinality=64,0.45271359980106357,0.4518815964460373,0.46097119748592374,0.6647782959026395,9.053221702575684,"{""num_rows"": ""262144"", ""prefix_cardinality"": ""64"", ""prefix_width"": ""8"", ""suffix_width"": ""32""}"
control,old-r8-control,target,sorted_order_strings_prefixes,Device=0 num_rows=2097152 prefix_width=8 suffix_width=32 prefix_cardinality=64,3.8829023957252495,3.881702411174773,3.887523198127746,0.41394343562190306,72.36474514007568,"{""num_rows"": ""2097152"", ""prefix_cardinality"": ""64"", ""prefix_width"": ""8"", ""suffix_width"": ""32""}"
control,old-r8-control,target,sorted_order_strings_prefixes,Device=0 num_rows=262144 prefix_width=10 suffix_width=32 prefix_cardinality=64,0.4876160010695458,0.4863680019974708,0.49639040082693087,0.5915915905734861,9.053221702575684,"{""num_rows"": ""262144"", ""prefix_cardinality"": ""64"", ""prefix_width"": ""10"", ""suffix_width"": ""32""}"
control,old-r8-control,target,sorted_order_strings_prefixes,Device=0 num_rows=2097152 prefix_width=10 suffix_width=32 prefix_cardinality=64,4.194912004470826,4.189939188957214,4.2086895942688,0.3031291696662564,72.36474514007568,"{""num_rows"": ""2097152"", ""prefix_cardinality"": ""64"", ""prefix_width"": ""10"", ""suffix_width"": ""32""}"
control,old-r8-control,target,sorted_order_strings_prefixes,Device=0 num_rows=262144 prefix_width=11 suffix_width=32 prefix_cardinality=64,0.5002720013260841,0.49831039607524874,0.5085231989622115,0.7174629201200668,9.053221702575684,"{""num_rows"": ""262144"", ""prefix_cardinality"": ""64"", ""prefix_width"": ""11"", ""suffix_width"": ""32""}"
control,old-r8-control,target,sorted_order_strings_prefixes,Device=0 num_rows=2097152 prefix_width=11 suffix_width=32 prefix_cardinality=64,4.266055965423584,4.254356837272644,4.269615983963012,0.8003940195277739,72.36474514007568,"{""num_rows"": ""2097152"", ""prefix_cardinality"": ""64"", ""prefix_width"": ""11"", ""suffix_width"": ""32""}"
control,old-r8-control,target,sorted_order_strings_prefixes,Device=0 num_rows=262144 prefix_width=12 suffix_width=32 prefix_cardinality=64,0.5106799989938735,0.5078879952430725,0.5173728018999101,0.6169465429133608,9.053221702575684,"{""num_rows"": ""262144"", ""prefix_cardinality"": ""64"", ""prefix_width"": ""12"", ""suffix_width"": ""32""}"
control,old-r8-control,target,sorted_order_strings_prefixes,Device=0 num_rows=2097152 prefix_width=12 suffix_width=32 prefix_cardinality=64,4.318028759956361,4.317838406562805,4.318561553955078,0.3764826332034005,72.36474514007568,"{""num_rows"": ""2097152"", ""prefix_cardinality"": ""64"", ""prefix_width"": ""12"", ""suffix_width"": ""32""}"
control,old-r8-control,target,sorted_order_strings_prefixes,Device=0 num_rows=262144 prefix_width=64 suffix_width=32 prefix_cardinality=64,1.081988799571991,1.0798784017562868,1.0852688014507295,0.39308853096864244,9.053221702575684,"{""num_rows"": ""262144"", ""prefix_cardinality"": ""64"", ""prefix_width"": ""64"", ""suffix_width"": ""32""}"
control,old-r8-control,target,sorted_order_strings_prefixes,Device=0 num_rows=2097152 prefix_width=64 suffix_width=32 prefix_cardinality=64,11.650572776794434,11.646342515945435,11.65242066383362,0.3586843478422993,72.36474514007568,"{""num_rows"": ""2097152"", ""prefix_cardinality"": ""64"", ""prefix_width"": ""64"", ""suffix_width"": ""32""}"
main,pr1-p32-c4096,constant,sorted_order_strings_prefixes,Device=0 num_rows=262144 prefix_width=32 suffix_width=0 prefix_cardinality=1,4.618732738494872,4.61870563030243,4.630435204505919,0.16091666767720633,9.80456829071045,"{""num_rows"": ""262144"", ""prefix_cardinality"": ""1"", ""prefix_width"": ""32"", ""suffix_width"": ""0""}"
main,pr1-p32-c4096,constant,sorted_order_strings_prefixes,Device=0 num_rows=2097152 prefix_width=32 suffix_width=0 prefix_cardinality=1,49.792894554138186,49.77654361724853,49.80645427703857,0.30801981822282637,78.37292766571045,"{""num_rows"": ""2097152"", ""prefix_cardinality"": ""1"", ""prefix_width"": ""32"", ""suffix_width"": ""0""}"
main,prefix,pr-source,sorted_order_strings_source_parity,Device=0 num_rows=262144 profile=unique_32,1.148062390089035,1.1451968014240264,1.1482687890529633,0.48118667569027285,4.00056266784668,"{""num_rows"": ""262144"", ""profile"": ""unique_32""}"
main,prefix,pr-source,sorted_order_strings_source_parity,Device=0 num_rows=2097152 profile=unique_32,6.482220792770386,6.442547178268433,6.499316787719726,1.5333607563196006,32.00227165222168,"{""num_rows"": ""2097152"", ""profile"": ""unique_32""}"
main,prefix,pr-source,sorted_order_strings_source_parity,Device=0 num_rows=262144 profile=duplicates_32,1.9361968159675595,1.9346096038818361,1.9403871893882754,0.41959797401298643,4.00056266784668,"{""num_rows"": ""262144"", ""profile"": ""duplicates_32""}"
main,prefix,pr-source,sorted_order_strings_source_parity,Device=0 num_rows=2097152 profile=duplicates_32,12.87594723701477,12.873676824569701,12.88861289024353,1.0268117580029004,32.00227165222168,"{""num_rows"": ""2097152"", ""profile"": ""duplicates_32""}"
main,prefix,pr-source,sorted_order_strings_source_parity,Device=0 num_rows=262144 profile=shared_prefix_24,1.1443632006645204,1.1438832044601441,1.1482095956802372,0.44303054078429005,4.00056266784668,"{""num_rows"": ""262144"", ""profile"": ""shared_prefix_24""}"
main,prefix,pr-source,sorted_order_strings_source_parity,Device=0 num_rows=2097152 profile=shared_prefix_24,6.467180848121644,6.466166424751281,6.501776027679445,1.2953510239597315,32.00227165222168,"{""num_rows"": ""2097152"", ""profile"": ""shared_prefix_24""}"
main,prefix,pr-source,sorted_order_strings_source_parity,Device=0 num_rows=262144 profile=raw_unique_40,0.21702399849891665,0.2164047986268997,0.21707040071487424,0.6637026366340312,4.00056266784668,"{""num_rows"": ""262144"", ""profile"": ""raw_unique_40""}"
main,prefix,pr-source,sorted_order_strings_source_parity,Device=0 num_rows=2097152 profile=raw_unique_40,0.9805920004844668,0.9794111937284469,0.9830128043890002,0.722207700360267,32.00227165222168,"{""num_rows"": ""2097152"", ""profile"": ""raw_unique_40""}"
main,prefix,pr-source,sorted_order_strings_source_parity,Device=0 num_rows=262144 profile=raw_duplicates_40,1.254136002063751,1.2536224067211152,1.254502385854721,0.43254056223275444,4.00056266784668,"{""num_rows"": ""262144"", ""profile"": ""raw_duplicates_40""}"
main,prefix,pr-source,sorted_order_strings_source_parity,Device=0 num_rows=2097152 profile=raw_duplicates_40,4.691111969947815,4.689526391029358,4.692121601104736,0.2734126472370249,32.00227165222168,"{""num_rows"": ""2097152"", ""profile"": ""raw_duplicates_40""}"
main,prefix,pr-source,sorted_order_strings_source_parity,Device=0 num_rows=262144 profile=raw_shared_prefix_24_width_40,1.8682224154472349,1.8659424066543577,1.8685360014438626,0.3448519755636543,4.00056266784668,"{""num_rows"": ""262144"", ""profile"": ""raw_shared_prefix_24_width_40""}"
main,prefix,pr-source,sorted_order_strings_source_parity,Device=0 num_rows=2097152 profile=raw_shared_prefix_24_width_40,21.001302528381345,20.997898960113524,21.027633476257325,0.3449580888922591,32.00227165222168,"{""num_rows"": ""2097152"", ""profile"": ""raw_shared_prefix_24_width_40""}"
main,pr1-p32-c4096,segments,sorted_order_strings_segments,Device=0 num_rows=32768 shared_suffix=0 segment_profile=singletons,0.1897679999470711,0.18834239989519122,0.19176960065960885,2.4610168499768683,1.2331562042236328,"{""num_rows"": ""32768"", ""segment_profile"": ""singletons"", ""shared_suffix"": ""0""}"
main,pr1-p32-c4096,segments,sorted_order_strings_segments,Device=0 num_rows=2097152 shared_suffix=0 segment_profile=singletons,0.4008000001311304,0.39663679599761964,0.6085872039198875,157.0850262542274,78.37268257141113,"{""num_rows"": ""2097152"", ""segment_profile"": ""singletons"", ""shared_suffix"": ""0""}"
main,pr1-p32-c4096,segments,sorted_order_strings_segments,Device=0 num_rows=32768 shared_suffix=64 segment_profile=singletons,0.22381279990077016,0.22211520075798033,0.224004801362753,2.500431973902776,1.2331562042236328,"{""num_rows"": ""32768"", ""segment_profile"": ""singletons"", ""shared_suffix"": ""64""}"
main,pr1-p32-c4096,segments,sorted_order_strings_segments,Device=0 num_rows=2097152 shared_suffix=64 segment_profile=singletons,0.4780928030610085,0.4760176017880439,0.47853280156850814,0.6718074278835433,78.37268257141113,"{""num_rows"": ""2097152"", ""segment_profile"": ""singletons"", ""shared_suffix"": ""64""}"
main,pr1-p32-c4096,segments,sorted_order_strings_segments,Device=0 num_rows=32768 shared_suffix=0 segment_profile=pairs,0.53370880484581,0.5302880048751831,0.5414911985397339,0.9827440908855534,1.6567440032958984,"{""num_rows"": ""32768"", ""segment_profile"": ""pairs"", ""shared_suffix"": ""0""}"
main,pr1-p32-c4096,segments,sorted_order_strings_segments,Device=0 num_rows=2097152 shared_suffix=0 segment_profile=pairs,13.337217569351195,13.33301763534546,13.344097566604614,0.08553638269729447,106.0081844329834,"{""num_rows"": ""2097152"", ""segment_profile"": ""pairs"", ""shared_suffix"": ""0""}"
main,pr1-p32-c4096,segments,sorted_order_strings_segments,Device=0 num_rows=32768 shared_suffix=64 segment_profile=pairs,0.6679407984018325,0.6574239909648895,0.6745264053344727,1.634507154648128,1.6567440032958984,"{""num_rows"": ""32768"", ""segment_profile"": ""pairs"", ""shared_suffix"": ""64""}"
main,pr1-p32-c4096,segments,sorted_order_strings_segments,Device=0 num_rows=2097152 shared_suffix=64 segment_profile=pairs,20.543828773498536,20.537928009033198,20.545148563385013,0.04970563151567805,106.0081844329834,"{""num_rows"": ""2097152"", ""segment_profile"": ""pairs"", ""shared_suffix"": ""64""}"
main,pr1-p32-c4096,segments,sorted_order_strings_segments,Device=0 num_rows=32768 shared_suffix=0 segment_profile=tiny4,0.47423519790172586,0.47070560157299046,0.483744002878666,1.1214866934664331,1.5004940032958984,"{""num_rows"": ""32768"", ""segment_profile"": ""tiny4"", ""shared_suffix"": ""0""}"
main,pr1-p32-c4096,segments,sorted_order_strings_segments,Device=0 num_rows=2097152 shared_suffix=0 segment_profile=tiny4,8.590779209136965,8.58271198272705,8.596259117126465,0.0883219618052036,96.0081844329834,"{""num_rows"": ""2097152"", ""segment_profile"": ""tiny4"", ""shared_suffix"": ""0""}"
main,pr1-p32-c4096,segments,sorted_order_strings_segments,Device=0 num_rows=32768 shared_suffix=64 segment_profile=tiny4,0.6966544032096863,0.6879887968301773,0.6993296027183531,0.6748469808932308,1.5004940032958984,"{""num_rows"": ""32768"", ""segment_profile"": ""tiny4"", ""shared_suffix"": ""64""}"
main,pr1-p32-c4096,segments,sorted_order_strings_segments,Device=0 num_rows=2097152 shared_suffix=64 segment_profile=tiny4,20.925119972229005,20.91810064315796,20.929089736938472,0.0362925338643548,96.0081844329834,"{""num_rows"": ""2097152"", ""segment_profile"": ""tiny4"", ""shared_suffix"": ""64""}"
main,pr1-p32-c4096,segments,sorted_order_strings_segments,Device=0 num_rows=32768 shared_suffix=0 segment_profile=tiny8,0.36464640051126485,0.36218080073595044,0.36887840032577507,1.1457345774385264,1.4223690032958984,"{""num_rows"": ""32768"", ""segment_profile"": ""tiny8"", ""shared_suffix"": ""0""}"
main,pr1-p32-c4096,segments,sorted_order_strings_segments,Device=0 num_rows=2097152 shared_suffix=0 segment_profile=tiny8,5.739352059364321,5.727499222755432,5.741142392158508,0.6952545189155817,91.0081844329834,"{""num_rows"": ""2097152"", ""segment_profile"": ""tiny8"", ""shared_suffix"": ""0""}"
main,pr1-p32-c4096,segments,sorted_order_strings_segments,Device=0 num_rows=32768 shared_suffix=64 segment_profile=tiny8,0.6118848025798796,0.6063680022954941,0.6120112001895904,5.889210716973064,1.4223690032958984,"{""num_rows"": ""32768"", ""segment_profile"": ""tiny8"", ""shared_suffix"": ""64""}"
main,pr1-p32-c4096,segments,sorted_order_strings_segments,Device=0 num_rows=2097152 shared_suffix=64 segment_profile=tiny8,19.357875061035156,19.352952289581292,19.368113708496093,0.08089646432371184,91.0081844329834,"{""num_rows"": ""2097152"", ""segment_profile"": ""tiny8"", ""shared_suffix"": ""64""}"
main,pr1-p32-c4096,segments,sorted_order_strings_segments,Device=0 num_rows=32768 shared_suffix=0 segment_profile=tiny16,0.34312319904565813,0.3411200001835823,0.3482064008712768,1.0031852741533525,1.3833065032958984,"{""num_rows"": ""32768"", ""segment_profile"": ""tiny16"", ""shared_suffix"": ""0""}"
main,pr1-p32-c4096,segments,sorted_order_strings_segments,Device=0 num_rows=2097152 shared_suffix=0 segment_profile=tiny16,4.081740856170653,4.081472039222717,4.086388874053956,0.6829129955700203,88.5081844329834,"{""num_rows"": ""2097152"", ""segment_profile"": ""tiny16"", ""shared_suffix"": ""0""}"
main,pr1-p32-c4096,segments,sorted_order_strings_segments,Device=0 num_rows=32768 shared_suffix=64 segment_profile=tiny16,0.5655568033456801,0.562164804339409,0.5714383989572525,0.7523736602185707,1.3833065032958984,"{""num_rows"": ""32768"", ""segment_profile"": ""tiny16"", ""shared_suffix"": ""64""}"
main,pr1-p32-c4096,segments,sorted_order_strings_segments,Device=0 num_rows=2097152 shared_suffix=64 segment_profile=tiny16,16.497099304199217,16.496596908569337,16.522892570495607,0.5331312828627115,88.5081844329834,"{""num_rows"": ""2097152"", ""segment_profile"": ""tiny16"", ""shared_suffix"": ""64""}"
main,pr1-p32-c4096,segments,sorted_order_strings_segments,Device=0 num_rows=32768 shared_suffix=0 segment_profile=tiny32,0.33556479811668394,0.33283999860286717,0.33878080099821084,5.172844085102482,1.3637752532958984,"{""num_rows"": ""32768"", ""segment_profile"": ""tiny32"", ""shared_suffix"": ""0""}"
main,pr1-p32-c4096,segments,sorted_order_strings_segments,Device=0 num_rows=2097152 shared_suffix=0 segment_profile=tiny32,3.019382393360138,3.0155503869056703,3.023716807365417,0.21929873787515886,87.2581844329834,"{""num_rows"": ""2097152"", ""segment_profile"": ""tiny32"", ""shared_suffix"": ""0""}"
main,pr1-p32-c4096,segments,sorted_order_strings_segments,Device=0 num_rows=32768 shared_suffix=64 segment_profile=tiny32,0.5334816008806228,0.52883839905262,0.5354816019535066,8.823966624392114,1.3637752532958984,"{""num_rows"": ""32768"", ""segment_profile"": ""tiny32"", ""shared_suffix"": ""64""}"
main,pr1-p32-c4096,segments,sorted_order_strings_segments,Device=0 num_rows=2097152 shared_suffix=64 segment_profile=tiny32,13.207542371749879,13.206937503814697,13.2094624042511,0.23264451435366187,87.2581844329834,"{""num_rows"": ""2097152"", ""segment_profile"": ""tiny32"", ""shared_suffix"": ""64""}"
main,pr1-p32-c4096,segments,sorted_order_strings_segments,Device=0 num_rows=32768 shared_suffix=0 segment_profile=block256,0.366915200650692,0.3649536028504371,0.3864656016230583,22.443262471623257,1.3583993911743164,"{""num_rows"": ""32768"", ""segment_profile"": ""block256"", ""shared_suffix"": ""0""}"
main,pr1-p32-c4096,segments,sorted_order_strings_segments,Device=0 num_rows=2097152 shared_suffix=0 segment_profile=block256,1.7916160047054293,1.784492814540863,1.797627186775208,0.4140554442249464,86.37292575836182,"{""num_rows"": ""2097152"", ""segment_profile"": ""block256"", ""shared_suffix"": ""0""}"
main,pr1-p32-c4096,segments,sorted_order_strings_segments,Device=0 num_rows=32768 shared_suffix=64 segment_profile=block256,0.6633840054273605,0.662539204955101,0.667899200320244,1.7564029820736509,1.3583993911743164,"{""num_rows"": ""32768"", ""segment_profile"": ""block256"", ""shared_suffix"": ""64""}"
main,pr1-p32-c4096,segments,sorted_order_strings_segments,Device=0 num_rows=2097152 shared_suffix=64 segment_profile=block256,10.34832949638367,10.341012811660766,10.348816013336181,0.17544180475591048,86.37292575836182,"{""num_rows"": ""2097152"", ""segment_profile"": ""block256"", ""shared_suffix"": ""64""}"
main,pr1-p32-c4096,segments,sorted_order_strings_segments,Device=0 num_rows=32768 shared_suffix=0 segment_profile=logarithmic,0.6640671998262404,0.6613984048366547,0.6647712022066116,1.5037014768096757,1.444742202758789,"{""num_rows"": ""32768"", ""segment_profile"": ""logarithmic"", ""shared_suffix"": ""0""}"
main,pr1-p32-c4096,segments,sorted_order_strings_segments,Device=0 num_rows=2097152 shared_suffix=0 segment_profile=logarithmic,5.478012800216674,5.473281574249268,5.48272957801819,0.2839016576647412,92.43926811218262,"{""num_rows"": ""2097152"", ""segment_profile"": ""logarithmic"", ""shared_suffix"": ""0""}"
main,pr1-p32-c4096,segments,sorted_order_strings_segments,Device=0 num_rows=32768 shared_suffix=64 segment_profile=logarithmic,2.5186720013618467,2.5054048061370846,2.5764208197593685,6.670933645605206,1.444742202758789,"{""num_rows"": ""32768"", ""segment_profile"": ""logarithmic"", ""shared_suffix"": ""64""}"
main,pr1-p32-c4096,segments,sorted_order_strings_segments,Device=0 num_rows=2097152 shared_suffix=64 segment_profile=logarithmic,13.158753728866577,13.114433622360227,13.16212320327759,1.712092062702272,92.43926811218262,"{""num_rows"": ""2097152"", ""segment_profile"": ""logarithmic"", ""shared_suffix"": ""64""}"
main,pr1-p32-c4096,segments,sorted_order_strings_segments,Device=0 num_rows=32768 shared_suffix=0 segment_profile=tiny_plus_giant,0.39988480061292647,0.39725120067596437,0.4037391975522041,1.2635025755678022,1.3619632720947266,"{""num_rows"": ""32768"", ""segment_profile"": ""tiny_plus_giant"", ""shared_suffix"": ""0""}"
main,pr1-p32-c4096,segments,sorted_order_strings_segments,Device=0 num_rows=2097152 shared_suffix=0 segment_profile=tiny_plus_giant,5.0842224121093755,5.077894401550292,5.090088033676147,0.15884249954104807,87.32393074035645,"{""num_rows"": ""2097152"", ""segment_profile"": ""tiny_plus_giant"", ""shared_suffix"": ""0""}"
main,pr1-p32-c4096,segments,sorted_order_strings_segments,Device=0 num_rows=32768 shared_suffix=64 segment_profile=tiny_plus_giant,1.1982367873191835,1.1972992062568664,1.2023024082183837,0.5906293330185773,1.3619632720947266,"{""num_rows"": ""32768"", ""segment_profile"": ""tiny_plus_giant"", ""shared_suffix"": ""64""}"
main,pr1-p32-c4096,segments,sorted_order_strings_segments,Device=0 num_rows=2097152 shared_suffix=64 segment_profile=tiny_plus_giant,24.2258321762085,24.206276702880864,24.225912284851077,0.10310846358720865,87.32393074035645,"{""num_rows"": ""2097152"", ""segment_profile"": ""tiny_plus_giant"", ""shared_suffix"": ""64""}"
main,pr1-p32-c4096,segments,sorted_order_strings_segments,Device=0 num_rows=32768 shared_suffix=0 segment_profile=hot90,0.8467775881290437,0.8427360028028488,0.8497327983379365,0.5444030846238826,1.4971752166748047,"{""num_rows"": ""32768"", ""segment_profile"": ""hot90"", ""shared_suffix"": ""0""}"
main,pr1-p32-c4096,segments,sorted_order_strings_segments,Device=0 num_rows=2097152 shared_suffix=0 segment_profile=hot90,22.75998725891114,22.750352001190183,22.7753903388977,0.13244163292156047,86.37292575836182,"{""num_rows"": ""2097152"", ""segment_profile"": ""hot90"", ""shared_suffix"": ""0""}"
main,pr1-p32-c4096,segments,sorted_order_strings_segments,Device=0 num_rows=32768 shared_suffix=64 segment_profile=hot90,2.898481583595276,2.890772771835327,2.902980792522431,1.8653267315343065,1.4971752166748047,"{""num_rows"": ""32768"", ""segment_profile"": ""hot90"", ""shared_suffix"": ""64""}"
main,pr1-p32-c4096,segments,sorted_order_strings_segments,Device=0 num_rows=2097152 shared_suffix=64 segment_profile=hot90,138.1002227783203,138.08405303955078,138.1035186767578,0.05055494760999847,86.37292575836182,"{""num_rows"": ""2097152"", ""segment_profile"": ""hot90"", ""shared_suffix"": ""64""}"
main,pr1-p32-c4096,segments,sorted_order_strings_segments,Device=0 num_rows=32768 shared_suffix=0 segment_profile=few_giants,0.36769279986619946,0.3631488040089607,0.374295999109745,1.377712218955629,1.3614864349365234,"{""num_rows"": ""32768"", ""segment_profile"": ""few_giants"", ""shared_suffix"": ""0""}"
main,pr1-p32-c4096,segments,sorted_order_strings_segments,Device=0 num_rows=2097152 shared_suffix=0 segment_profile=few_giants,4.095238375663756,4.090462374687195,4.101251196861268,0.15221501638880422,88.38283348083496,"{""num_rows"": ""2097152"", ""segment_profile"": ""few_giants"", ""shared_suffix"": ""0""}"
main,pr1-p32-c4096,segments,sorted_order_strings_segments,Device=0 num_rows=32768 shared_suffix=64 segment_profile=few_giants,0.8580224007368086,0.8542399913072585,0.8637056022882462,0.6801153887117622,1.3614864349365234,"{""num_rows"": ""32768"", ""segment_profile"": ""few_giants"", ""shared_suffix"": ""64""}"
main,pr1-p32-c4096,segments,sorted_order_strings_segments,Device=0 num_rows=2097152 shared_suffix=64 segment_profile=few_giants,15.431452846527101,15.41859846115112,15.464164829254148,0.09664405619612824,88.38283348083496,"{""num_rows"": ""2097152"", ""segment_profile"": ""few_giants"", ""shared_suffix"": ""64""}"
main,pr1-p32-c4096,segments,sorted_order_strings_segments,Device=0 num_rows=32768 shared_suffix=0 segment_profile=one_segment,0.853603208065033,0.8471136063337329,0.8597168087959292,0.7611032958903781,1.504232406616211,"{""num_rows"": ""32768"", ""segment_profile"": ""one_segment"", ""shared_suffix"": ""0""}"
main,pr1-p32-c4096,segments,sorted_order_strings_segments,Device=0 num_rows=2097152 shared_suffix=0 segment_profile=one_segment,25.133427238464357,25.130878448486328,25.13917303085327,0.06237554878279021,86.37292575836182,"{""num_rows"": ""2097152"", ""segment_profile"": ""one_segment"", ""shared_suffix"": ""0""}"
main,pr1-p32-c4096,segments,sorted_order_strings_segments,Device=0 num_rows=32768 shared_suffix=64 segment_profile=one_segment,2.9607392072677614,2.946446406841279,2.9637967705726624,1.3254457808201092,1.504232406616211,"{""num_rows"": ""32768"", ""segment_profile"": ""one_segment"", ""shared_suffix"": ""64""}"
main,pr1-p32-c4096,segments,sorted_order_strings_segments,Device=0 num_rows=2097152 shared_suffix=64 segment_profile=one_segment,154.45169906616212,154.44799118041993,154.46545410156247,0.018797539272998286,86.37292575836182,"{""num_rows"": ""2097152"", ""segment_profile"": ""one_segment"", ""shared_suffix"": ""64""}"
main,pr1-p32-c512,constant,sorted_order_strings_prefixes,Device=0 num_rows=262144 prefix_width=32 suffix_width=0 prefix_cardinality=1,4.631428837776184,4.614289593696594,4.6334736108779895,0.22190642052809478,9.81140422821045,"{""num_rows"": ""262144"", ""prefix_cardinality"": ""1"", ""prefix_width"": ""32"", ""suffix_width"": ""0""}"
main,pr1-p32-c512,constant,sorted_order_strings_prefixes,Device=0 num_rows=2097152 prefix_width=32 suffix_width=0 prefix_cardinality=1,49.79155502319337,49.779663467407225,49.7990436553955,0.14760497164570707,78.42761516571045,"{""num_rows"": ""2097152"", ""prefix_cardinality"": ""1"", ""prefix_width"": ""32"", ""suffix_width"": ""0""}"
main,prefix,pr-workload,sorted_order_strings_workload,Device=0 min_width=0 max_width=32 num_rows=32768 workload=normal,0.6427919983863831,0.6422495961189271,0.6604928076267242,12.717287895989324,0.5005626678466797,"{""max_width"": ""32"", ""min_width"": ""0"", ""num_rows"": ""32768"", ""workload"": ""normal""}"
main,prefix,pr-workload,sorted_order_strings_workload,Device=0 min_width=0 max_width=64 num_rows=32768 workload=normal,1.3158943951129916,1.315488010644913,1.318790405988693,0.5359044401451729,0.5005626678466797,"{""max_width"": ""64"", ""min_width"": ""0"", ""num_rows"": ""32768"", ""workload"": ""normal""}"
main,prefix,pr-workload,sorted_order_strings_workload,Device=0 min_width=0 max_width=128 num_rows=32768 workload=normal,2.7393728137016295,2.7371664047241215,2.7497087955474853,0.945950180794611,0.5005626678466797,"{""max_width"": ""128"", ""min_width"": ""0"", ""num_rows"": ""32768"", ""workload"": ""normal""}"
main,prefix,pr-workload,sorted_order_strings_workload,Device=0 min_width=0 max_width=256 num_rows=32768 workload=normal,5.714836812019349,5.687193489074706,5.723822355270385,1.0532038936076482,0.5005626678466797,"{""max_width"": ""256"", ""min_width"": ""0"", ""num_rows"": ""32768"", ""workload"": ""normal""}"
main,prefix,pr-workload,sorted_order_strings_workload,Device=0 min_width=0 max_width=32 num_rows=262144 workload=normal,0.9910688012838362,0.9894272029399873,0.9941423952579496,0.304762371926805,4.00056266784668,"{""max_width"": ""32"", ""min_width"": ""0"", ""num_rows"": ""262144"", ""workload"": ""normal""}"
main,prefix,pr-workload,sorted_order_strings_workload,Device=0 min_width=0 max_width=64 num_rows=262144 workload=normal,1.9769136071205133,1.975201600790024,1.9773743927478786,0.4151168796207613,4.00056266784668,"{""max_width"": ""64"", ""min_width"": ""0"", ""num_rows"": ""262144"", ""workload"": ""normal""}"
main,prefix,pr-workload,sorted_order_strings_workload,Device=0 min_width=0 max_width=128 num_rows=262144 workload=normal,4.034665584564208,4.030915260314941,4.036235117912292,0.29775524419840205,4.00056266784668,"{""max_width"": ""128"", ""min_width"": ""0"", ""num_rows"": ""262144"", ""workload"": ""normal""}"
main,prefix,pr-workload,sorted_order_strings_workload,Device=0 min_width=0 max_width=256 num_rows=262144 workload=normal,8.627518367767335,8.62413272857666,8.639555168151855,1.0897177953863342,4.00056266784668,"{""max_width"": ""256"", ""min_width"": ""0"", ""num_rows"": ""262144"", ""workload"": ""normal""}"
main,prefix,pr-workload,sorted_order_strings_workload,Device=0 min_width=0 max_width=32 num_rows=2097152 workload=normal,2.8790975928306577,2.8784608006477357,2.88006238937378,0.33845344760026363,32.00227165222168,"{""max_width"": ""32"", ""min_width"": ""0"", ""num_rows"": ""2097152"", ""workload"": ""normal""}"
main,prefix,pr-workload,sorted_order_strings_workload,Device=0 min_width=0 max_width=64 num_rows=2097152 workload=normal,5.027223992347718,5.0269743442535395,5.030353593826294,0.24633498676409177,32.00227165222168,"{""max_width"": ""64"", ""min_width"": ""0"", ""num_rows"": ""2097152"", ""workload"": ""normal""}"
main,prefix,pr-workload,sorted_order_strings_workload,Device=0 min_width=0 max_width=128 num_rows=2097152 workload=normal,9.57059998512268,9.56853289604187,9.572619199752808,0.2848772851094428,32.00227165222168,"{""max_width"": ""128"", ""min_width"": ""0"", ""num_rows"": ""2097152"", ""workload"": ""normal""}"
main,prefix,pr-workload,sorted_order_strings_workload,Device=0 min_width=0 max_width=256 num_rows=2097152 workload=normal,19.21511354446411,19.194587135314944,19.229436588287356,0.37946472695540356,32.00227165222168,"{""max_width"": ""256"", ""min_width"": ""0"", ""num_rows"": ""2097152"", ""workload"": ""normal""}"
main,prefix,pr-workload,sorted_order_strings_workload,Device=0 min_width=0 max_width=32 num_rows=32768 workload=duplicates,0.7143903970718383,0.7142719954252241,0.7159296005964279,0.509623311816079,0.5005626678466797,"{""max_width"": ""32"", ""min_width"": ""0"", ""num_rows"": ""32768"", ""workload"": ""duplicates""}"
main,prefix,pr-workload,sorted_order_strings_workload,Device=0 min_width=0 max_width=64 num_rows=32768 workload=duplicates,1.474916797876358,1.4739856004714964,1.4759424090385433,0.34039013669351853,0.5005626678466797,"{""max_width"": ""64"", ""min_width"": ""0"", ""num_rows"": ""32768"", ""workload"": ""duplicates""}"
main,prefix,pr-workload,sorted_order_strings_workload,Device=0 min_width=0 max_width=128 num_rows=32768 workload=duplicates,3.0441568017005913,3.043286406993866,3.0446927547454834,0.24375805142614818,0.5005626678466797,"{""max_width"": ""128"", ""min_width"": ""0"", ""num_rows"": ""32768"", ""workload"": ""duplicates""}"
main,prefix,pr-workload,sorted_order_strings_workload,Device=0 min_width=0 max_width=256 num_rows=32768 workload=duplicates,6.12331202030182,6.120743966102601,6.124641585350037,0.26274855618713416,0.5005626678466797,"{""max_width"": ""256"", ""min_width"": ""0"", ""num_rows"": ""32768"", ""workload"": ""duplicates""}"
main,prefix,pr-workload,sorted_order_strings_workload,Device=0 min_width=0 max_width=32 num_rows=262144 workload=duplicates,1.1375072002410886,1.137278389930725,1.139672011137009,0.8517904969800363,4.00056266784668,"{""max_width"": ""32"", ""min_width"": ""0"", ""num_rows"": ""262144"", ""workload"": ""duplicates""}"
main,prefix,pr-workload,sorted_order_strings_workload,Device=0 min_width=0 max_width=64 num_rows=262144 workload=duplicates,2.295246410369873,2.2938096284866334,2.2981663703918462,0.43230413786354654,4.00056266784668,"{""max_width"": ""64"", ""min_width"": ""0"", ""num_rows"": ""262144"", ""workload"": ""duplicates""}"
main,prefix,pr-workload,sorted_order_strings_workload,Device=0 min_width=0 max_width=128 num_rows=262144 workload=duplicates,4.789025592803956,4.7865743875503535,4.790830373764038,0.3012345863245171,4.00056266784668,"{""max_width"": ""128"", ""min_width"": ""0"", ""num_rows"": ""262144"", ""workload"": ""duplicates""}"
main,prefix,pr-workload,sorted_order_strings_workload,Device=0 min_width=0 max_width=256 num_rows=262144 workload=duplicates,10.53768172264099,10.535860872268676,10.556064033508303,0.6840160965299228,4.00056266784668,"{""max_width"": ""256"", ""min_width"": ""0"", ""num_rows"": ""262144"", ""workload"": ""duplicates""}"
main,prefix,pr-workload,sorted_order_strings_workload,Device=0 min_width=0 max_width=32 num_rows=2097152 workload=duplicates,3.207310390472412,3.203278422355652,3.209489595890045,0.4917448227515948,32.00227165222168,"{""max_width"": ""32"", ""min_width"": ""0"", ""num_rows"": ""2097152"", ""workload"": ""duplicates""}"
main,prefix,pr-workload,sorted_order_strings_workload,Device=0 min_width=0 max_width=64 num_rows=2097152 workload=duplicates,5.968456006050109,5.9582848072051995,5.972432017326354,0.3571391252074994,32.00227165222168,"{""max_width"": ""64"", ""min_width"": ""0"", ""num_rows"": ""2097152"", ""workload"": ""duplicates""}"
main,prefix,pr-workload,sorted_order_strings_workload,Device=0 min_width=0 max_width=128 num_rows=2097152 workload=duplicates,11.807566308975218,11.781971263885499,11.83089122772217,0.9524959787951839,32.00227165222168,"{""max_width"": ""128"", ""min_width"": ""0"", ""num_rows"": ""2097152"", ""workload"": ""duplicates""}"
main,prefix,pr-workload,sorted_order_strings_workload,Device=0 min_width=0 max_width=256 num_rows=2097152 workload=duplicates,22.950325107574464,22.943329429626466,22.95856170654297,0.2547398453944671,32.00227165222168,"{""max_width"": ""256"", ""min_width"": ""0"", ""num_rows"": ""2097152"", ""workload"": ""duplicates""}"
main,prefix,pr-workload,sorted_order_strings_workload,Device=0 min_width=0 max_width=32 num_rows=32768 workload=shared_prefix,1.640033596754074,1.6399199962615965,1.6427040040493015,0.6535087501732024,0.5005626678466797,"{""max_width"": ""32"", ""min_width"": ""0"", ""num_rows"": ""32768"", ""workload"": ""shared_prefix""}"
main,prefix,pr-workload,sorted_order_strings_workload,Device=0 min_width=0 max_width=64 num_rows=32768 workload=shared_prefix,4.021923232078553,4.020921611785889,4.030326390266419,0.7180892202160164,0.5005626678466797,"{""max_width"": ""64"", ""min_width"": ""0"", ""num_rows"": ""32768"", ""workload"": ""shared_prefix""}"
main,prefix,pr-workload,sorted_order_strings_workload,Device=0 min_width=0 max_width=128 num_rows=32768 workload=shared_prefix,9.019535970687864,9.01696310043335,9.021697664260865,0.10812045048778623,0.5005626678466797,"{""max_width"": ""128"", ""min_width"": ""0"", ""num_rows"": ""32768"", ""workload"": ""shared_prefix""}"
main,prefix,pr-workload,sorted_order_strings_workload,Device=0 min_width=0 max_width=256 num_rows=32768 workload=shared_prefix,19.235193824768064,19.233009624481205,19.245022296905518,0.11012712502830128,0.5005626678466797,"{""max_width"": ""256"", ""min_width"": ""0"", ""num_rows"": ""32768"", ""workload"": ""shared_prefix""}"
main,prefix,pr-workload,sorted_order_strings_workload,Device=0 min_width=0 max_width=32 num_rows=262144 workload=shared_prefix,2.2988000035285947,2.297427201271057,2.299001598358154,0.2910092516582391,4.00056266784668,"{""max_width"": ""32"", ""min_width"": ""0"", ""num_rows"": ""262144"", ""workload"": ""shared_prefix""}"
main,prefix,pr-workload,sorted_order_strings_workload,Device=0 min_width=0 max_width=64 num_rows=262144 workload=shared_prefix,5.5872176647186285,5.581833624839784,5.591825556755067,0.518496199299779,4.00056266784668,"{""max_width"": ""64"", ""min_width"": ""0"", ""num_rows"": ""262144"", ""workload"": ""shared_prefix""}"
main,prefix,pr-workload,sorted_order_strings_workload,Device=0 min_width=0 max_width=128 num_rows=262144 workload=shared_prefix,13.368292808532717,13.354710435867306,13.38381447792053,0.9227716430608003,4.00056266784668,"{""max_width"": ""128"", ""min_width"": ""0"", ""num_rows"": ""262144"", ""workload"": ""shared_prefix""}"
main,prefix,pr-workload,sorted_order_strings_workload,Device=0 min_width=0 max_width=256 num_rows=262144 workload=shared_prefix,39.385841369628906,39.365424156188965,39.4078607559204,0.158399394985585,4.00056266784668,"{""max_width"": ""256"", ""min_width"": ""0"", ""num_rows"": ""262144"", ""workload"": ""shared_prefix""}"
main,prefix,pr-workload,sorted_order_strings_workload,Device=0 min_width=0 max_width=32 num_rows=2097152 workload=shared_prefix,19.383995246887206,19.36694421768188,19.395310497283933,0.6494371573034178,32.00227165222168,"{""max_width"": ""32"", ""min_width"": ""0"", ""num_rows"": ""2097152"", ""workload"": ""shared_prefix""}"
main,prefix,pr-workload,sorted_order_strings_workload,Device=0 min_width=0 max_width=64 num_rows=2097152 workload=shared_prefix,52.84150390625001,52.80181884765624,52.842126655578625,0.37627211164709995,32.00227165222168,"{""max_width"": ""64"", ""min_width"": ""0"", ""num_rows"": ""2097152"", ""workload"": ""shared_prefix""}"
main,prefix,pr-workload,sorted_order_strings_workload,Device=0 min_width=0 max_width=128 num_rows=2097152 workload=shared_prefix,122.80468177795412,122.67736206054688,122.91200256347659,0.3912829387881155,32.00227165222168,"{""max_width"": ""128"", ""min_width"": ""0"", ""num_rows"": ""2097152"", ""workload"": ""shared_prefix""}"
main,prefix,pr-workload,sorted_order_strings_workload,Device=0 min_width=0 max_width=256 num_rows=2097152 workload=shared_prefix,270.4724594116211,270.3044586181641,270.5399795532227,0.22353014686277228,32.00227165222168,"{""max_width"": ""256"", ""min_width"": ""0"", ""num_rows"": ""2097152"", ""workload"": ""shared_prefix""}"
main,prefix,pr-workload,sorted_order_strings_workload,Device=0 min_width=0 max_width=32 num_rows=32768 workload=variable,0.1684463992714882,0.16817120015621184,0.16912479847669598,1.6614172242802663,0.5005626678466797,"{""max_width"": ""32"", ""min_width"": ""0"", ""num_rows"": ""32768"", ""workload"": ""variable""}"
main,prefix,pr-workload,sorted_order_strings_workload,Device=0 min_width=0 max_width=64 num_rows=32768 workload=variable,0.1740175999701023,0.173132798820734,0.17493919953703882,1.1775363611062517,0.5005626678466797,"{""max_width"": ""64"", ""min_width"": ""0"", ""num_rows"": ""32768"", ""workload"": ""variable""}"
main,prefix,pr-workload,sorted_order_strings_workload,Device=0 min_width=0 max_width=128 num_rows=32768 workload=variable,0.17360800132155416,0.17272639945149418,0.17428960055112838,1.2498679862731223,0.5005626678466797,"{""max_width"": ""128"", ""min_width"": ""0"", ""num_rows"": ""32768"", ""workload"": ""variable""}"
main,prefix,pr-workload,sorted_order_strings_workload,Device=0 min_width=0 max_width=256 num_rows=32768 workload=variable,0.1743152007460594,0.1735520012676716,0.17466399967670437,0.6662123175549822,0.5005626678466797,"{""max_width"": ""256"", ""min_width"": ""0"", ""num_rows"": ""32768"", ""workload"": ""variable""}"
main,prefix,pr-workload,sorted_order_strings_workload,Device=0 min_width=0 max_width=32 num_rows=262144 workload=variable,0.2827840015292168,0.2806271985173226,0.2835135981440544,0.817382446525724,4.00056266784668,"{""max_width"": ""32"", ""min_width"": ""0"", ""num_rows"": ""262144"", ""workload"": ""variable""}"
main,prefix,pr-workload,sorted_order_strings_workload,Device=0 min_width=0 max_width=64 num_rows=262144 workload=variable,0.2933680027723312,0.29150720089674,0.2936015993356704,0.41675445894991736,4.00056266784668,"{""max_width"": ""64"", ""min_width"": ""0"", ""num_rows"": ""262144"", ""workload"": ""variable""}"
main,prefix,pr-workload,sorted_order_strings_workload,Device=0 min_width=0 max_width=128 num_rows=262144 workload=variable,0.3064960032701492,0.30504640042781833,0.30665919929742813,0.3971152742463715,4.00056266784668,"{""max_width"": ""128"", ""min_width"": ""0"", ""num_rows"": ""262144"", ""workload"": ""variable""}"
main,prefix,pr-workload,sorted_order_strings_workload,Device=0 min_width=0 max_width=256 num_rows=262144 workload=variable,0.33199840039014816,0.33063680231571196,0.33237119764089584,0.4970749687331287,4.00056266784668,"{""max_width"": ""256"", ""min_width"": ""0"", ""num_rows"": ""262144"", ""workload"": ""variable""}"
main,prefix,pr-workload,sorted_order_strings_workload,Device=0 min_width=0 max_width=32 num_rows=2097152 workload=variable,1.1044096052646637,1.1041104018688204,1.105103987455368,0.4227947182202098,32.00227165222168,"{""max_width"": ""32"", ""min_width"": ""0"", ""num_rows"": ""2097152"", ""workload"": ""variable""}"
main,prefix,pr-workload,sorted_order_strings_workload,Device=0 min_width=0 max_width=64 num_rows=2097152 workload=variable,1.1139248013496397,1.1118127942085267,1.1158591926097867,0.5628682588861136,32.00227165222168,"{""max_width"": ""64"", ""min_width"": ""0"", ""num_rows"": ""2097152"", ""workload"": ""variable""}"
main,prefix,pr-workload,sorted_order_strings_workload,Device=0 min_width=0 max_width=128 num_rows=2097152 workload=variable,1.1453871965408324,1.143449604511261,1.1471968114376068,0.6223385038459247,32.00227165222168,"{""max_width"": ""128"", ""min_width"": ""0"", ""num_rows"": ""2097152"", ""workload"": ""variable""}"
main,prefix,pr-workload,sorted_order_strings_workload,Device=0 min_width=0 max_width=256 num_rows=2097152 workload=variable,1.1982176005840302,1.1972303926944734,1.1989952027797697,0.3455720775439356,32.00227165222168,"{""max_width"": ""256"", ""min_width"": ""0"", ""num_rows"": ""2097152"", ""workload"": ""variable""}"
main,pr1-p32-c512,pr-source,sorted_order_strings_source_parity,Device=0 num_rows=262144 profile=unique_32,5.572825622558593,5.571072006225585,5.5812880277633665,0.15412322514061172,9.81140422821045,"{""num_rows"": ""262144"", ""profile"": ""unique_32""}"
main,pr1-p32-c512,pr-source,sorted_order_strings_source_parity,Device=0 num_rows=2097152 profile=unique_32,57.108627510070804,57.10813293457031,57.114457702636734,0.03588820674605109,78.42761516571045,"{""num_rows"": ""2097152"", ""profile"": ""unique_32""}"
main,pr1-p32-c512,pr-source,sorted_order_strings_source_parity,Device=0 num_rows=262144 profile=duplicates_32,5.003059267997741,5.002409601211547,5.011502385139465,0.15496741172352804,10.811402320861816,"{""num_rows"": ""262144"", ""profile"": ""duplicates_32""}"
main,pr1-p32-c512,pr-source,sorted_order_strings_source_parity,Device=0 num_rows=2097152 profile=duplicates_32,52.588881874084464,52.58858890533448,52.598427009582515,0.03577235454865843,86.42761325836182,"{""num_rows"": ""2097152"", ""profile"": ""duplicates_32""}"
main,pr1-p32-c512,pr-source,sorted_order_strings_source_parity,Device=0 num_rows=262144 profile=shared_prefix_24,5.581558418273925,5.572635197639465,5.587286424636842,1.0891826545055006,9.81140422821045,"{""num_rows"": ""262144"", ""profile"": ""shared_prefix_24""}"
main,pr1-p32-c512,pr-source,sorted_order_strings_source_parity,Device=0 num_rows=2097152 profile=shared_prefix_24,57.117142295837404,57.10605487823486,57.11869964599609,0.08244894834615432,78.42761516571045,"{""num_rows"": ""2097152"", ""profile"": ""shared_prefix_24""}"
main,pr1-p32-c512,pr-source,sorted_order_strings_source_parity,Device=0 num_rows=262144 profile=raw_unique_40,0.22797760143876072,0.2277135998010635,0.23052960038185122,0.9279733889428057,9.811159133911133,"{""num_rows"": ""262144"", ""profile"": ""raw_unique_40""}"
main,pr1-p32-c512,pr-source,sorted_order_strings_source_parity,Device=0 num_rows=2097152 profile=raw_unique_40,0.46509120017290106,0.46483040153980254,0.46915519982576365,1.7019449719172575,78.42737007141113,"{""num_rows"": ""2097152"", ""profile"": ""raw_unique_40""}"
main,pr1-p32-c512,pr-source,sorted_order_strings_source_parity,Device=0 num_rows=262144 profile=raw_duplicates_40,0.7016799956560136,0.6989151924848557,0.7056063950061797,0.5866700558674305,10.811402320861816,"{""num_rows"": ""262144"", ""profile"": ""raw_duplicates_40""}"
main,pr1-p32-c512,pr-source,sorted_order_strings_source_parity,Device=0 num_rows=2097152 profile=raw_duplicates_40,2.5135663986206054,2.504759991168976,2.5260655879974365,2.3757087428056067,86.42761325836182,"{""num_rows"": ""2097152"", ""profile"": ""raw_duplicates_40""}"
main,pr1-p32-c512,pr-source,sorted_order_strings_source_parity,Device=0 num_rows=262144 profile=raw_shared_prefix_24_width_40,6.903024029731751,6.901628804206848,6.9102031707763665,0.12401193909925083,9.81140422821045,"{""num_rows"": ""262144"", ""profile"": ""raw_shared_prefix_24_width_40""}"
main,pr1-p32-c512,pr-source,sorted_order_strings_source_parity,Device=0 num_rows=2097152 profile=raw_shared_prefix_24_width_40,66.58621559143066,66.58402214050294,66.59181785583498,0.05995809272108611,78.42761516571045,"{""num_rows"": ""2097152"", ""profile"": ""raw_shared_prefix_24_width_40""}"
main,radix-lrb,segments,sorted_order_strings_segments,Device=0 num_rows=32768 shared_suffix=0 segment_profile=singletons,0.13887680023908616,0.1381471998989582,0.14030400067567828,2.606485743781151,1.1391592025756836,"{""num_rows"": ""32768"", ""segment_profile"": ""singletons"", ""shared_suffix"": ""0""}"
main,radix-lrb,segments,sorted_order_strings_segments,Device=0 num_rows=2097152 shared_suffix=0 segment_profile=singletons,0.3556143984198571,0.35475520044565195,0.35567679554224013,4.497547503281842,72.36474514007568,"{""num_rows"": ""2097152"", ""segment_profile"": ""singletons"", ""shared_suffix"": ""0""}"
main,radix-lrb,segments,sorted_order_strings_segments,Device=0 num_rows=32768 shared_suffix=64 segment_profile=singletons,0.13890399932861328,0.13856959864497184,0.1409599982202053,2.273038221632249,1.1391592025756836,"{""num_rows"": ""32768"", ""segment_profile"": ""singletons"", ""shared_suffix"": ""64""}"
main,radix-lrb,segments,sorted_order_strings_segments,Device=0 num_rows=2097152 shared_suffix=64 segment_profile=singletons,0.39378880262374877,0.3893487989902496,0.39753279834985733,5.227958151628476,72.36474514007568,"{""num_rows"": ""2097152"", ""segment_profile"": ""singletons"", ""shared_suffix"": ""64""}"
main,radix-lrb,segments,sorted_order_strings_segments,Device=0 num_rows=32768 shared_suffix=0 segment_profile=pairs,0.15967520102858543,0.15605599880218504,0.16091840043663982,3.091515016754282,1.1391592025756836,"{""num_rows"": ""32768"", ""segment_profile"": ""pairs"", ""shared_suffix"": ""0""}"
main,radix-lrb,segments,sorted_order_strings_segments,Device=0 num_rows=2097152 shared_suffix=0 segment_profile=pairs,0.6501519948244096,0.6458608001470566,0.6526607990264894,1.1923425325364878,72.36474514007568,"{""num_rows"": ""2097152"", ""segment_profile"": ""pairs"", ""shared_suffix"": ""0""}"
main,radix-lrb,segments,sorted_order_strings_segments,Device=0 num_rows=32768 shared_suffix=64 segment_profile=pairs,0.16377760022878649,0.1585039995610714,0.1673776000738144,8.137502674462734,1.1391592025756836,"{""num_rows"": ""32768"", ""segment_profile"": ""pairs"", ""shared_suffix"": ""64""}"
main,radix-lrb,segments,sorted_order_strings_segments,Device=0 num_rows=2097152 shared_suffix=64 segment_profile=pairs,0.8210143983364105,0.8195407956838608,0.8266927957534789,0.9057987562592061,72.36474514007568,"{""num_rows"": ""2097152"", ""segment_profile"": ""pairs"", ""shared_suffix"": ""64""}"
main,radix-lrb,segments,sorted_order_strings_segments,Device=0 num_rows=32768 shared_suffix=0 segment_profile=tiny4,0.159857601672411,0.15738720148801805,0.16089599952101705,2.7196514164283374,1.1391592025756836,"{""num_rows"": ""32768"", ""segment_profile"": ""tiny4"", ""shared_suffix"": ""0""}"
main,radix-lrb,segments,sorted_order_strings_segments,Device=0 num_rows=2097152 shared_suffix=0 segment_profile=tiny4,0.5790080010890961,0.5770336031913756,0.5791999995708466,1.137144136268815,72.36474514007568,"{""num_rows"": ""2097152"", ""segment_profile"": ""tiny4"", ""shared_suffix"": ""0""}"
main,radix-lrb,segments,sorted_order_strings_segments,Device=0 num_rows=32768 shared_suffix=64 segment_profile=tiny4,0.17194720134139066,0.16856319978833198,0.1746880002319813,1.5932577236419738,1.1391592025756836,"{""num_rows"": ""32768"", ""segment_profile"": ""tiny4"", ""shared_suffix"": ""64""}"
main,radix-lrb,segments,sorted_order_strings_segments,Device=0 num_rows=2097152 shared_suffix=64 segment_profile=tiny4,0.9128319978713988,0.9071711957454682,0.9137072026729584,0.6502381405207982,72.36474514007568,"{""num_rows"": ""2097152"", ""segment_profile"": ""tiny4"", ""shared_suffix"": ""64""}"
main,radix-lrb,segments,sorted_order_strings_segments,Device=0 num_rows=32768 shared_suffix=0 segment_profile=tiny8,0.16130079999566077,0.16005120053887362,0.1633600004017353,2.3484459600996264,1.1391592025756836,"{""num_rows"": ""32768"", ""segment_profile"": ""tiny8"", ""shared_suffix"": ""0""}"
main,radix-lrb,segments,sorted_order_strings_segments,Device=0 num_rows=2097152 shared_suffix=0 segment_profile=tiny8,0.5933136045932771,0.5931551933288574,0.5946352064609528,1.8388458525991198,72.36474514007568,"{""num_rows"": ""2097152"", ""segment_profile"": ""tiny8"", ""shared_suffix"": ""0""}"
main,radix-lrb,segments,sorted_order_strings_segments,Device=0 num_rows=32768 shared_suffix=64 segment_profile=tiny8,0.18042079955339435,0.17696640118956566,0.1822623997926712,1.7232653305118064,1.1391592025756836,"{""num_rows"": ""32768"", ""segment_profile"": ""tiny8"", ""shared_suffix"": ""64""}"
main,radix-lrb,segments,sorted_order_strings_segments,Device=0 num_rows=2097152 shared_suffix=64 segment_profile=tiny8,1.1536671996116639,1.1495408117771146,1.154399996995926,0.6107500854953668,72.36474514007568,"{""num_rows"": ""2097152"", ""segment_profile"": ""tiny8"", ""shared_suffix"": ""64""}"
main,radix-lrb,segments,sorted_order_strings_segments,Device=0 num_rows=32768 shared_suffix=0 segment_profile=tiny16,0.1644720003008842,0.16430080011487005,0.1652031987905502,2.504549394754236,1.1391592025756836,"{""num_rows"": ""32768"", ""segment_profile"": ""tiny16"", ""shared_suffix"": ""0""}"
main,radix-lrb,segments,sorted_order_strings_segments,Device=0 num_rows=2097152 shared_suffix=0 segment_profile=tiny16,0.6340175986289978,0.631004795432091,0.6342672079801559,0.573056814570792,72.36474514007568,"{""num_rows"": ""2097152"", ""segment_profile"": ""tiny16"", ""shared_suffix"": ""0""}"
main,radix-lrb,segments,sorted_order_strings_segments,Device=0 num_rows=32768 shared_suffix=64 segment_profile=tiny16,0.1872144006192684,0.1861968003213406,0.18787679821252826,1.9267653342812945,1.1391592025756836,"{""num_rows"": ""32768"", ""segment_profile"": ""tiny16"", ""shared_suffix"": ""64""}"
main,radix-lrb,segments,sorted_order_strings_segments,Device=0 num_rows=2097152 shared_suffix=64 segment_profile=tiny16,1.3712959885597231,1.3681712090969085,1.3723072052001952,0.2896112328421028,72.36474514007568,"{""num_rows"": ""2097152"", ""segment_profile"": ""tiny16"", ""shared_suffix"": ""64""}"
main,radix-lrb,segments,sorted_order_strings_segments,Device=0 num_rows=32768 shared_suffix=0 segment_profile=tiny32,0.1627616003155708,0.16245759874582294,0.16457439959049228,1.8844686616220625,1.1391592025756836,"{""num_rows"": ""32768"", ""segment_profile"": ""tiny32"", ""shared_suffix"": ""0""}"
main,radix-lrb,segments,sorted_order_strings_segments,Device=0 num_rows=2097152 shared_suffix=0 segment_profile=tiny32,0.686782395839691,0.684964802861214,0.6868751972913743,0.6870245195351142,72.36474514007568,"{""num_rows"": ""2097152"", ""segment_profile"": ""tiny32"", ""shared_suffix"": ""0""}"
main,radix-lrb,segments,sorted_order_strings_segments,Device=0 num_rows=32768 shared_suffix=64 segment_profile=tiny32,0.19625599980354308,0.1953760005533695,0.19707680046558382,2.8458266549888194,1.1391592025756836,"{""num_rows"": ""32768"", ""segment_profile"": ""tiny32"", ""shared_suffix"": ""64""}"
main,radix-lrb,segments,sorted_order_strings_segments,Device=0 num_rows=2097152 shared_suffix=64 segment_profile=tiny32,1.6624399900436404,1.6594624102115636,1.6624576151371004,0.2883310828082945,72.36474514007568,"{""num_rows"": ""2097152"", ""segment_profile"": ""tiny32"", ""shared_suffix"": ""64""}"
main,radix-lrb,segments,sorted_order_strings_segments,Device=0 num_rows=32768 shared_suffix=0 segment_profile=block256,0.17395359948277478,0.17232319936156273,0.1751375988125801,1.799392171297505,1.1391592025756836,"{""num_rows"": ""32768"", ""segment_profile"": ""block256"", ""shared_suffix"": ""0""}"
main,radix-lrb,segments,sorted_order_strings_segments,Device=0 num_rows=2097152 shared_suffix=0 segment_profile=block256,1.1562896072864532,1.152788805961609,1.163263988494873,2.6113687312295077,72.36474514007568,"{""num_rows"": ""2097152"", ""segment_profile"": ""block256"", ""shared_suffix"": ""0""}"
main,radix-lrb,segments,sorted_order_strings_segments,Device=0 num_rows=32768 shared_suffix=64 segment_profile=block256,0.23908799886703494,0.23837920054793352,0.24019039943814274,1.2675196883991107,1.1391592025756836,"{""num_rows"": ""32768"", ""segment_profile"": ""block256"", ""shared_suffix"": ""64""}"
main,radix-lrb,segments,sorted_order_strings_segments,Device=0 num_rows=2097152 shared_suffix=64 segment_profile=block256,3.2268927931785583,3.222273600101471,3.2293024182319643,0.23224538381278595,72.36474514007568,"{""num_rows"": ""2097152"", ""segment_profile"": ""block256"", ""shared_suffix"": ""64""}"
main,radix-lrb,segments,sorted_order_strings_segments,Device=0 num_rows=32768 shared_suffix=0 segment_profile=logarithmic,0.3628768011927605,0.3585903957486153,0.3636656001210213,1.1229691781136348,1.1391592025756836,"{""num_rows"": ""32768"", ""segment_profile"": ""logarithmic"", ""shared_suffix"": ""0""}"
main,radix-lrb,segments,sorted_order_strings_segments,Device=0 num_rows=2097152 shared_suffix=0 segment_profile=logarithmic,2.5783920168876646,2.5735152244567874,2.5783967733383175,0.4321380658549129,72.36474514007568,"{""num_rows"": ""2097152"", ""segment_profile"": ""logarithmic"", ""shared_suffix"": ""0""}"
main,radix-lrb,segments,sorted_order_strings_segments,Device=0 num_rows=32768 shared_suffix=64 segment_profile=logarithmic,0.918932807445526,0.9143920093774797,0.9208447992801666,0.5173372071514237,1.1391592025756836,"{""num_rows"": ""32768"", ""segment_profile"": ""logarithmic"", ""shared_suffix"": ""64""}"
main,radix-lrb,segments,sorted_order_strings_segments,Device=0 num_rows=2097152 shared_suffix=64 segment_profile=logarithmic,8.388972902297974,8.379401588439942,8.390296030044555,0.3115454627549144,72.36474514007568,"{""num_rows"": ""2097152"", ""segment_profile"": ""logarithmic"", ""shared_suffix"": ""64""}"
main,radix-lrb,segments,sorted_order_strings_segments,Device=0 num_rows=32768 shared_suffix=0 segment_profile=tiny_plus_giant,0.2801647961139679,0.27932159900665277,0.2812848016619683,1.450863284182175,1.1391592025756836,"{""num_rows"": ""32768"", ""segment_profile"": ""tiny_plus_giant"", ""shared_suffix"": ""0""}"
main,radix-lrb,segments,sorted_order_strings_segments,Device=0 num_rows=2097152 shared_suffix=0 segment_profile=tiny_plus_giant,1.0944656014442442,1.091832011938095,1.096736013889313,0.3370454103475006,72.36474514007568,"{""num_rows"": ""2097152"", ""segment_profile"": ""tiny_plus_giant"", ""shared_suffix"": ""0""}"
main,radix-lrb,segments,sorted_order_strings_segments,Device=0 num_rows=32768 shared_suffix=64 segment_profile=tiny_plus_giant,0.6876735955476763,0.6871072024106979,0.6912735998630524,4.017418171823502,1.1391592025756836,"{""num_rows"": ""32768"", ""segment_profile"": ""tiny_plus_giant"", ""shared_suffix"": ""64""}"
main,radix-lrb,segments,sorted_order_strings_segments,Device=0 num_rows=2097152 shared_suffix=64 segment_profile=tiny_plus_giant,3.2074351787567146,3.20730881690979,3.2107135891914367,0.30415579781722796,72.36474514007568,"{""num_rows"": ""2097152"", ""segment_profile"": ""tiny_plus_giant"", ""shared_suffix"": ""64""}"
main,radix-lrb,segments,sorted_order_strings_segments,Device=0 num_rows=32768 shared_suffix=0 segment_profile=hot90,0.3496831983327865,0.34311520010232915,0.3527679979801178,0.7495231531914814,1.1391592025756836,"{""num_rows"": ""32768"", ""segment_profile"": ""hot90"", ""shared_suffix"": ""0""}"
main,radix-lrb,segments,sorted_order_strings_segments,Device=0 num_rows=2097152 shared_suffix=0 segment_profile=hot90,3.785627174377442,3.78426718711853,3.787043190002442,0.20587248665510466,72.36474514007568,"{""num_rows"": ""2097152"", ""segment_profile"": ""hot90"", ""shared_suffix"": ""0""}"
main,radix-lrb,segments,sorted_order_strings_segments,Device=0 num_rows=32768 shared_suffix=64 segment_profile=hot90,0.7881839931011201,0.7805311977863312,0.7918752014636993,0.9783468867434969,1.1391592025756836,"{""num_rows"": ""32768"", ""segment_profile"": ""hot90"", ""shared_suffix"": ""64""}"
main,radix-lrb,segments,sorted_order_strings_segments,Device=0 num_rows=2097152 shared_suffix=64 segment_profile=hot90,13.28258709907532,13.275540781021114,13.305739212036132,0.28972693403324673,72.36474514007568,"{""num_rows"": ""2097152"", ""segment_profile"": ""hot90"", ""shared_suffix"": ""64""}"
main,radix-lrb,segments,sorted_order_strings_segments,Device=0 num_rows=32768 shared_suffix=0 segment_profile=few_giants,0.2276288010179996,0.22559840008616444,0.22953280210494997,1.2686829472009864,1.1391592025756836,"{""num_rows"": ""32768"", ""segment_profile"": ""few_giants"", ""shared_suffix"": ""0""}"
main,radix-lrb,segments,sorted_order_strings_segments,Device=0 num_rows=2097152 shared_suffix=0 segment_profile=few_giants,1.0208880126476287,1.018481594324112,1.0215168058872222,0.6050581588771152,72.36474514007568,"{""num_rows"": ""2097152"", ""segment_profile"": ""few_giants"", ""shared_suffix"": ""0""}"
main,radix-lrb,segments,sorted_order_strings_segments,Device=0 num_rows=32768 shared_suffix=64 segment_profile=few_giants,0.396078398823738,0.3926784008741379,0.3964768007397652,1.2623712300941896,1.1391592025756836,"{""num_rows"": ""32768"", ""segment_profile"": ""few_giants"", ""shared_suffix"": ""64""}"
main,radix-lrb,segments,sorted_order_strings_segments,Device=0 num_rows=2097152 shared_suffix=64 segment_profile=few_giants,3.060591959953309,3.054377591609955,3.0625808000564576,0.21543781439718235,72.36474514007568,"{""num_rows"": ""2097152"", ""segment_profile"": ""few_giants"", ""shared_suffix"": ""64""}"
main,radix-lrb,segments,sorted_order_strings_segments,Device=0 num_rows=32768 shared_suffix=0 segment_profile=one_segment,0.33100320249795917,0.3292336031794548,0.33402080088853836,1.101481938715613,1.1391592025756836,"{""num_rows"": ""32768"", ""segment_profile"": ""one_segment"", ""shared_suffix"": ""0""}"
main,radix-lrb,segments,sorted_order_strings_segments,Device=0 num_rows=2097152 shared_suffix=0 segment_profile=one_segment,3.9408543705940255,3.9408287882804856,3.9475744247436513,0.3641325531543664,72.36474514007568,"{""num_rows"": ""2097152"", ""segment_profile"": ""one_segment"", ""shared_suffix"": ""0""}"
main,radix-lrb,segments,sorted_order_strings_segments,Device=0 num_rows=32768 shared_suffix=64 segment_profile=one_segment,0.7349647998809815,0.7347936034202577,0.7420143961906434,5.054954664832569,1.1391592025756836,"{""num_rows"": ""32768"", ""segment_profile"": ""one_segment"", ""shared_suffix"": ""64""}"
main,radix-lrb,segments,sorted_order_strings_segments,Device=0 num_rows=2097152 shared_suffix=64 segment_profile=one_segment,13.723688077926631,13.720959949493405,13.746839952468868,0.9997965597732299,72.36474514007568,"{""num_rows"": ""2097152"", ""segment_profile"": ""one_segment"", ""shared_suffix"": ""64""}"
main,pr1-p32-c4096,pr-zero-collisions,sorted_order_strings_segmented_diagnostics,Device=0 num_rows=32768 profile=zero_collision_pass1,0.606260794401169,0.5994175970554354,0.6085184037685395,0.5540471712291388,1.2343807220458984,"{""num_rows"": ""32768"", ""profile"": ""zero_collision_pass1""}"
main,pr1-p32-c4096,pr-zero-collisions,sorted_order_strings_segmented_diagnostics,Device=0 num_rows=32768 profile=zero_collision_pass2,0.8749343931674955,0.8747679978609085,0.8862832099199297,4.341590783576406,1.2343807220458984,"{""num_rows"": ""32768"", ""profile"": ""zero_collision_pass2""}"
main,pr1-p32-c4096,pr-workload,sorted_order_strings_workload,Device=0 min_width=0 max_width=32 num_rows=32768 workload=normal,0.37022559940814964,0.3695792004466057,0.38030880093574526,1.9539397967737147,1.377126693725586,"{""max_width"": ""32"", ""min_width"": ""0"", ""num_rows"": ""32768"", ""workload"": ""normal""}"
main,pr1-p32-c4096,pr-workload,sorted_order_strings_workload,Device=0 min_width=0 max_width=64 num_rows=32768 workload=normal,0.45068000108003614,0.4484143972396851,0.4594127997756005,0.8784801861666538,1.3797016143798828,"{""max_width"": ""64"", ""min_width"": ""0"", ""num_rows"": ""32768"", ""workload"": ""normal""}"
main,pr1-p32-c4096,pr-workload,sorted_order_strings_workload,Device=0 min_width=0 max_width=128 num_rows=32768 workload=normal,0.6055583983659745,0.6031151980161666,0.6145807951688765,0.7681588250759506,1.3801021575927734,"{""max_width"": ""128"", ""min_width"": ""0"", ""num_rows"": ""32768"", ""workload"": ""normal""}"
main,pr1-p32-c4096,pr-workload,sorted_order_strings_workload,Device=0 min_width=0 max_width=256 num_rows=32768 workload=normal,0.9650064021348954,0.963441601395607,0.9679200023412704,0.3333704653139895,1.380197525024414,"{""max_width"": ""256"", ""min_width"": ""0"", ""num_rows"": ""32768"", ""workload"": ""normal""}"
main,pr1-p32-c4096,pr-workload,sorted_order_strings_workload,Device=0 min_width=0 max_width=32 num_rows=262144 workload=normal,0.5030368044972421,0.5020287975668907,0.5122976005077362,1.0374967928695882,10.804566383361816,"{""max_width"": ""32"", ""min_width"": ""0"", ""num_rows"": ""262144"", ""workload"": ""normal""}"
main,pr1-p32-c4096,pr-workload,sorted_order_strings_workload,Device=0 min_width=0 max_width=64 num_rows=262144 workload=normal,0.6950544029474257,0.6932768017053603,0.7016704052686693,1.7543349188490518,10.804566383361816,"{""max_width"": ""64"", ""min_width"": ""0"", ""num_rows"": ""262144"", ""workload"": ""normal""}"
main,pr1-p32-c4096,pr-workload,sorted_order_strings_workload,Device=0 min_width=0 max_width=128 num_rows=262144 workload=normal,1.212089604139328,1.2022704005241398,1.2353888094425203,3.726030687500733,10.804566383361816,"{""max_width"": ""128"", ""min_width"": ""0"", ""num_rows"": ""262144"", ""workload"": ""normal""}"
main,pr1-p32-c4096,pr-workload,sorted_order_strings_workload,Device=0 min_width=0 max_width=256 num_rows=262144 workload=normal,2.5604416131973258,2.5432752013206477,2.5606287837028505,4.720184375842703,10.804566383361816,"{""max_width"": ""256"", ""min_width"": ""0"", ""num_rows"": ""262144"", ""workload"": ""normal""}"
main,pr1-p32-c4096,pr-workload,sorted_order_strings_workload,Device=0 min_width=0 max_width=32 num_rows=2097152 workload=normal,1.8846543967723846,1.8750416040420534,1.8856959939002993,1.110805498813245,86.37292575836182,"{""max_width"": ""32"", ""min_width"": ""0"", ""num_rows"": ""2097152"", ""workload"": ""normal""}"
main,pr1-p32-c4096,pr-workload,sorted_order_strings_workload,Device=0 min_width=0 max_width=64 num_rows=2097152 workload=normal,4.116302371025086,4.092468738555907,4.123908829689026,1.0194562305165777,86.37292575836182,"{""max_width"": ""64"", ""min_width"": ""0"", ""num_rows"": ""2097152"", ""workload"": ""normal""}"
main,pr1-p32-c4096,pr-workload,sorted_order_strings_workload,Device=0 min_width=0 max_width=128 num_rows=2097152 workload=normal,10.675646305084229,10.671505689620973,10.717552042007448,1.570587973852337,86.37292575836182,"{""max_width"": ""128"", ""min_width"": ""0"", ""num_rows"": ""2097152"", ""workload"": ""normal""}"
main,pr1-p32-c4096,pr-workload,sorted_order_strings_workload,Device=0 min_width=0 max_width=256 num_rows=2097152 workload=normal,32.06077737808227,31.997178936004637,32.13008480072021,1.3627678686743316,86.37292575836182,"{""max_width"": ""256"", ""min_width"": ""0"", ""num_rows"": ""2097152"", ""workload"": ""normal""}"
main,pr1-p32-c4096,pr-workload,sorted_order_strings_workload,Device=0 min_width=0 max_width=32 num_rows=32768 workload=duplicates,0.4477375984191894,0.43852159976959226,0.4481711983680725,0.8481827164774176,1.3583993911743164,"{""max_width"": ""32"", ""min_width"": ""0"", ""num_rows"": ""32768"", ""workload"": ""duplicates""}"
main,pr1-p32-c4096,pr-workload,sorted_order_strings_workload,Device=0 min_width=0 max_width=64 num_rows=32768 workload=duplicates,0.6760480016469955,0.6691456019878387,0.6777808040380479,1.53080631916949,1.3583993911743164,"{""max_width"": ""64"", ""min_width"": ""0"", ""num_rows"": ""32768"", ""workload"": ""duplicates""}"
main,pr1-p32-c4096,pr-workload,sorted_order_strings_workload,Device=0 min_width=0 max_width=128 num_rows=32768 workload=duplicates,1.006204789876938,1.0023071944713593,1.0073679953813555,1.6622549290834536,1.3583993911743164,"{""max_width"": ""128"", ""min_width"": ""0"", ""num_rows"": ""32768"", ""workload"": ""duplicates""}"
main,pr1-p32-c4096,pr-workload,sorted_order_strings_workload,Device=0 min_width=0 max_width=256 num_rows=32768 workload=duplicates,2.01104798913002,2.0049263954162595,2.0205247879028323,2.0059348125153234,1.3583993911743164,"{""max_width"": ""256"", ""min_width"": ""0"", ""num_rows"": ""32768"", ""workload"": ""duplicates""}"
main,pr1-p32-c4096,pr-workload,sorted_order_strings_workload,Device=0 min_width=0 max_width=32 num_rows=262144 workload=duplicates,1.181406396627426,1.1752127945423128,1.1885823965072628,2.38173144497357,10.804566383361816,"{""max_width"": ""32"", ""min_width"": ""0"", ""num_rows"": ""262144"", ""workload"": ""duplicates""}"
main,pr1-p32-c4096,pr-workload,sorted_order_strings_workload,Device=0 min_width=0 max_width=64 num_rows=262144 workload=duplicates,2.3173328042030334,2.2943456053733824,2.3227343797683715,0.5247168109450169,10.804566383361816,"{""max_width"": ""64"", ""min_width"": ""0"", ""num_rows"": ""262144"", ""workload"": ""duplicates""}"
main,pr1-p32-c4096,pr-workload,sorted_order_strings_workload,Device=0 min_width=0 max_width=128 num_rows=262144 workload=duplicates,4.619115209579468,4.594675207138061,4.6312944173812856,0.5969545269919269,10.804566383361816,"{""max_width"": ""128"", ""min_width"": ""0"", ""num_rows"": ""262144"", ""workload"": ""duplicates""}"
main,pr1-p32-c4096,pr-workload,sorted_order_strings_workload,Device=0 min_width=0 max_width=256 num_rows=262144 workload=duplicates,9.130936050415041,9.112649726867676,9.13554883003235,0.6715970452209239,10.804566383361816,"{""max_width"": ""256"", ""min_width"": ""0"", ""num_rows"": ""262144"", ""workload"": ""duplicates""}"
main,pr1-p32-c4096,pr-workload,sorted_order_strings_workload,Device=0 min_width=0 max_width=32 num_rows=2097152 workload=duplicates,1.7740256130695342,1.7656800091266638,1.7744704067707062,0.7080147404617233,86.37292575836182,"{""max_width"": ""32"", ""min_width"": ""0"", ""num_rows"": ""2097152"", ""workload"": ""duplicates""}"
main,pr1-p32-c4096,pr-workload,sorted_order_strings_workload,Device=0 min_width=0 max_width=64 num_rows=2097152 workload=duplicates,3.3025583982467652,3.2977519869804377,3.3146384000778206,0.6347546640676635,86.37292575836182,"{""max_width"": ""64"", ""min_width"": ""0"", ""num_rows"": ""2097152"", ""workload"": ""duplicates""}"
main,pr1-p32-c4096,pr-workload,sorted_order_strings_workload,Device=0 min_width=0 max_width=128 num_rows=2097152 workload=duplicates,6.731585550308228,6.726347208023071,6.759814381599426,0.8349398702593424,86.37292575836182,"{""max_width"": ""128"", ""min_width"": ""0"", ""num_rows"": ""2097152"", ""workload"": ""duplicates""}"
main,pr1-p32-c4096,pr-workload,sorted_order_strings_workload,Device=0 min_width=0 max_width=256 num_rows=2097152 workload=duplicates,13.682606458663944,13.66067032814026,13.734310388565063,0.5057911836540332,86.37292575836182,"{""max_width"": ""256"", ""min_width"": ""0"", ""num_rows"": ""2097152"", ""workload"": ""duplicates""}"
main,pr1-p32-c4096,pr-workload,sorted_order_strings_workload,Device=0 min_width=0 max_width=32 num_rows=32768 workload=shared_prefix,1.3091407895088196,1.3002224087715155,1.3106159985065458,4.855457707382067,1.3583993911743164,"{""max_width"": ""32"", ""min_width"": ""0"", ""num_rows"": ""32768"", ""workload"": ""shared_prefix""}"
main,pr1-p32-c4096,pr-workload,sorted_order_strings_workload,Device=0 min_width=0 max_width=64 num_rows=32768 workload=shared_prefix,2.3569312095642094,2.3499808192253115,2.371750402450562,0.8116431219293304,1.3583993911743164,"{""max_width"": ""64"", ""min_width"": ""0"", ""num_rows"": ""32768"", ""workload"": ""shared_prefix""}"
main,pr1-p32-c4096,pr-workload,sorted_order_strings_workload,Device=0 min_width=0 max_width=128 num_rows=32768 workload=shared_prefix,4.510595178604126,4.495435190200807,4.512726426124572,3.2522222845955238,1.3583993911743164,"{""max_width"": ""128"", ""min_width"": ""0"", ""num_rows"": ""32768"", ""workload"": ""shared_prefix""}"
main,pr1-p32-c4096,pr-workload,sorted_order_strings_workload,Device=0 min_width=0 max_width=256 num_rows=32768 workload=shared_prefix,8.656723308563231,8.641801595687866,8.695054340362551,0.6464945140430082,1.3583993911743164,"{""max_width"": ""256"", ""min_width"": ""0"", ""num_rows"": ""32768"", ""workload"": ""shared_prefix""}"
main,pr1-p32-c4096,pr-workload,sorted_order_strings_workload,Device=0 min_width=0 max_width=32 num_rows=262144 workload=shared_prefix,6.9262864112854,6.916137599945069,6.935988783836364,0.10394877071216851,10.804566383361816,"{""max_width"": ""32"", ""min_width"": ""0"", ""num_rows"": ""262144"", ""workload"": ""shared_prefix""}"
main,pr1-p32-c4096,pr-workload,sorted_order_strings_workload,Device=0 min_width=0 max_width=64 num_rows=262144 workload=shared_prefix,12.82605595588684,12.804004764556888,12.840206384658815,0.12598755252803434,10.804566383361816,"{""max_width"": ""64"", ""min_width"": ""0"", ""num_rows"": ""262144"", ""workload"": ""shared_prefix""}"
main,pr1-p32-c4096,pr-workload,sorted_order_strings_workload,Device=0 min_width=0 max_width=128 num_rows=262144 workload=shared_prefix,24.90819540023804,24.870611476898194,24.916105365753175,0.06260956735188827,10.804566383361816,"{""max_width"": ""128"", ""min_width"": ""0"", ""num_rows"": ""262144"", ""workload"": ""shared_prefix""}"
main,pr1-p32-c4096,pr-workload,sorted_order_strings_workload,Device=0 min_width=0 max_width=256 num_rows=262144 workload=shared_prefix,49.11079521179199,49.009080123901356,49.118724441528315,0.06219065501810188,10.804566383361816,"{""max_width"": ""256"", ""min_width"": ""0"", ""num_rows"": ""262144"", ""workload"": ""shared_prefix""}"
main,pr1-p32-c4096,pr-workload,sorted_order_strings_workload,Device=0 min_width=0 max_width=32 num_rows=2097152 workload=shared_prefix,67.26249160766602,67.2410717010498,67.26771125793455,0.06344308024747997,86.37292575836182,"{""max_width"": ""32"", ""min_width"": ""0"", ""num_rows"": ""2097152"", ""workload"": ""shared_prefix""}"
main,pr1-p32-c4096,pr-workload,sorted_order_strings_workload,Device=0 min_width=0 max_width=64 num_rows=2097152 workload=shared_prefix,133.41304092407225,133.39115295410159,133.4298263549805,0.026734137117408116,86.37292575836182,"{""max_width"": ""64"", ""min_width"": ""0"", ""num_rows"": ""2097152"", ""workload"": ""shared_prefix""}"
main,pr1-p32-c4096,pr-workload,sorted_order_strings_workload,Device=0 min_width=0 max_width=128 num_rows=2097152 workload=shared_prefix,265.86226806640616,265.84325714111327,265.9055587768554,0.017766572466215658,86.37292575836182,"{""max_width"": ""128"", ""min_width"": ""0"", ""num_rows"": ""2097152"", ""workload"": ""shared_prefix""}"
main,pr1-p32-c4096,pr-workload,sorted_order_strings_workload,Device=0 min_width=0 max_width=256 num_rows=2097152 workload=shared_prefix,531.0526794433595,531.0458099365234,531.121923828125,0.007141885153061112,86.37292575836182,"{""max_width"": ""256"", ""min_width"": ""0"", ""num_rows"": ""2097152"", ""workload"": ""shared_prefix""}"
main,pr1-p32-c4096,pr-workload,sorted_order_strings_workload,Device=0 min_width=0 max_width=32 num_rows=32768 workload=variable,0.31254559904336926,0.31051519662141797,0.3185088008642197,1.529840509695329,1.3583993911743164,"{""max_width"": ""32"", ""min_width"": ""0"", ""num_rows"": ""32768"", ""workload"": ""variable""}"
main,pr1-p32-c4096,pr-workload,sorted_order_strings_workload,Device=0 min_width=0 max_width=64 num_rows=32768 workload=variable,0.320100799202919,0.31748480051755906,0.3347823977470398,3.8905350235753215,1.3583993911743164,"{""max_width"": ""64"", ""min_width"": ""0"", ""num_rows"": ""32768"", ""workload"": ""variable""}"
main,pr1-p32-c4096,pr-workload,sorted_order_strings_workload,Device=0 min_width=0 max_width=128 num_rows=32768 workload=variable,0.34548159986734384,0.34148959964513786,0.3507231995463371,0.9761629977030704,1.3583993911743164,"{""max_width"": ""128"", ""min_width"": ""0"", ""num_rows"": ""32768"", ""workload"": ""variable""}"
main,pr1-p32-c4096,pr-workload,sorted_order_strings_workload,Device=0 min_width=0 max_width=256 num_rows=32768 workload=variable,0.3687184005975724,0.36638879925012585,0.37262399941682817,1.526583776470947,1.3583993911743164,"{""max_width"": ""256"", ""min_width"": ""0"", ""num_rows"": ""32768"", ""workload"": ""variable""}"
main,pr1-p32-c4096,pr-workload,sorted_order_strings_workload,Device=0 min_width=0 max_width=32 num_rows=262144 workload=variable,0.34773279428482057,0.3444527983665467,0.3557199984788894,0.9442207899750801,10.804566383361816,"{""max_width"": ""32"", ""min_width"": ""0"", ""num_rows"": ""262144"", ""workload"": ""variable""}"
main,pr1-p32-c4096,pr-workload,sorted_order_strings_workload,Device=0 min_width=0 max_width=64 num_rows=262144 workload=variable,0.35609119683504104,0.3553552016615868,0.3660128027200698,1.1734000478090856,10.804566383361816,"{""max_width"": ""64"", ""min_width"": ""0"", ""num_rows"": ""262144"", ""workload"": ""variable""}"
main,pr1-p32-c4096,pr-workload,sorted_order_strings_workload,Device=0 min_width=0 max_width=128 num_rows=262144 workload=variable,0.37200319916009905,0.36999200135469446,0.37673760056495664,1.6411449180631417,10.804566383361816,"{""max_width"": ""128"", ""min_width"": ""0"", ""num_rows"": ""262144"", ""workload"": ""variable""}"
main,pr1-p32-c4096,pr-workload,sorted_order_strings_workload,Device=0 min_width=0 max_width=256 num_rows=262144 workload=variable,0.4142176002264023,0.4083232000470161,0.4161167994141578,1.0682378559449386,10.804566383361816,"{""max_width"": ""256"", ""min_width"": ""0"", ""num_rows"": ""262144"", ""workload"": ""variable""}"
main,pr1-p32-c4096,pr-workload,sorted_order_strings_workload,Device=0 min_width=0 max_width=32 num_rows=2097152 workload=variable,0.8523232042789459,0.8474879980087281,0.8624031960964204,0.7717671486716381,86.37292575836182,"{""max_width"": ""32"", ""min_width"": ""0"", ""num_rows"": ""2097152"", ""workload"": ""variable""}"
main,pr1-p32-c4096,pr-workload,sorted_order_strings_workload,Device=0 min_width=0 max_width=64 num_rows=2097152 workload=variable,0.8102559983730316,0.8050959974527357,0.8205072045326233,0.5541889620036423,86.37292575836182,"{""max_width"": ""64"", ""min_width"": ""0"", ""num_rows"": ""2097152"", ""workload"": ""variable""}"
main,pr1-p32-c4096,pr-workload,sorted_order_strings_workload,Device=0 min_width=0 max_width=128 num_rows=2097152 workload=variable,0.7990384012460707,0.7934320002794265,0.8067903965711594,0.7365677671809783,86.37292575836182,"{""max_width"": ""128"", ""min_width"": ""0"", ""num_rows"": ""2097152"", ""workload"": ""variable""}"
main,pr1-p32-c4096,pr-workload,sorted_order_strings_workload,Device=0 min_width=0 max_width=256 num_rows=2097152 workload=variable,0.7567807942628859,0.7561023980379104,0.7660352021455765,0.5329742134253055,86.37292575836182,"{""max_width"": ""256"", ""min_width"": ""0"", ""num_rows"": ""2097152"", ""workload"": ""variable""}"
main,pr1-p32-c512,pr-diagnostics,sorted_order_strings_segmented_diagnostics,Device=0 num_rows=262144 profile=finish_257,0.345736001431942,0.3424240022897721,0.34592160433530805,1.5248034994302293,9.811182022094727,"{""num_rows"": ""262144"", ""profile"": ""finish_257""}"
main,pr1-p32-c512,pr-diagnostics,sorted_order_strings_segmented_diagnostics,Device=0 num_rows=2097152 profile=finish_257,0.5374480009078979,0.5371632009744645,0.5381664037704468,1.3811390036475146,78.42739295959473,"{""num_rows"": ""2097152"", ""profile"": ""finish_257""}"
main,pr1-p32-c512,pr-diagnostics,sorted_order_strings_segmented_diagnostics,Device=0 num_rows=262144 profile=finish_1024,0.4677967995405198,0.4648128002882003,0.4696688011288643,1.229931937926633,9.81140422821045,"{""num_rows"": ""262144"", ""profile"": ""finish_1024""}"
main,pr1-p32-c512,pr-diagnostics,sorted_order_strings_segmented_diagnostics,Device=0 num_rows=2097152 profile=finish_1024,0.6853536069393157,0.6847056031227113,0.6857823967933655,1.3978029879368308,78.42761516571045,"{""num_rows"": ""2097152"", ""profile"": ""finish_1024""}"
main,pr1-p32-c512,pr-diagnostics,sorted_order_strings_segmented_diagnostics,Device=0 num_rows=262144 profile=finish_4096,0.526393610239029,0.525603199005127,0.5322176009416579,1.1851907532033226,9.81140422821045,"{""num_rows"": ""262144"", ""profile"": ""finish_4096""}"
main,pr1-p32-c512,pr-diagnostics,sorted_order_strings_segmented_diagnostics,Device=0 num_rows=2097152 profile=finish_4096,0.7419199973344803,0.7391264021396637,0.7450720012187958,0.793315043584012,78.42761516571045,"{""num_rows"": ""2097152"", ""profile"": ""finish_4096""}"
main,pr1-p32-c512,pr-diagnostics,sorted_order_strings_segmented_diagnostics,Device=0 num_rows=262144 profile=active_50,1.452847993373871,1.452561604976654,1.45456320643425,0.2960123784709266,9.81140422821045,"{""num_rows"": ""262144"", ""profile"": ""active_50""}"
main,pr1-p32-c512,pr-diagnostics,sorted_order_strings_segmented_diagnostics,Device=0 num_rows=2097152 profile=active_50,10.869238471984866,10.866291332244872,10.872068786621094,0.07189528359100249,78.42761516571045,"{""num_rows"": ""2097152"", ""profile"": ""active_50""}"
main,pr1-p32-c512,pr-diagnostics,sorted_order_strings_segmented_diagnostics,Device=0 num_rows=262144 profile=active_10,0.5263407945632935,0.5260320037603378,0.52982559800148,0.7260094090728719,9.81140422821045,"{""num_rows"": ""262144"", ""profile"": ""active_10""}"
main,pr1-p32-c512,pr-diagnostics,sorted_order_strings_segmented_diagnostics,Device=0 num_rows=2097152 profile=active_10,2.4321616053581243,2.431910407543183,2.4356256127357483,0.25401607335132753,78.42761516571045,"{""num_rows"": ""2097152"", ""profile"": ""active_10""}"
main,pr1-p32-c512,pr-diagnostics,sorted_order_strings_segmented_diagnostics,Device=0 num_rows=262144 profile=active_1,0.2916351959109306,0.2903551995754242,0.2932079970836639,1.716250018255068,9.81140422821045,"{""num_rows"": ""262144"", ""profile"": ""active_1""}"
main,pr1-p32-c512,pr-diagnostics,sorted_order_strings_segmented_diagnostics,Device=0 num_rows=2097152 profile=active_1,0.675086408853531,0.6747407972812651,0.6955855995416641,11.06989817360209,78.42761516571045,"{""num_rows"": ""2097152"", ""profile"": ""active_1""}"
main,pr1-p32-c512,pr-diagnostics,sorted_order_strings_segmented_diagnostics,Device=0 num_rows=262144 profile=active_0_1,0.2828960016369819,0.2803231999278068,0.2836288005113602,1.1786533621748576,9.811182022094727,"{""num_rows"": ""262144"", ""profile"": ""active_0_1""}"
main,pr1-p32-c512,pr-diagnostics,sorted_order_strings_segmented_diagnostics,Device=0 num_rows=2097152 profile=active_0_1,0.4779839992523193,0.47748319953680035,0.48375040143728265,1.4770107799760592,78.42761516571045,"{""num_rows"": ""2097152"", ""profile"": ""active_0_1""}"
main,pr1-p32-c512,pr-diagnostics,sorted_order_strings_segmented_diagnostics,Device=0 num_rows=262144 profile=duplicates_6,0.2186864003539085,0.21680159941315652,0.21889920011162753,2.3890776879128826,10.811402320861816,"{""num_rows"": ""262144"", ""profile"": ""duplicates_6""}"
main,pr1-p32-c512,pr-diagnostics,sorted_order_strings_segmented_diagnostics,Device=0 num_rows=2097152 profile=duplicates_6,0.3868239998817445,0.38341440111398695,0.3889312043786049,1.3569403536690017,86.42761325836182,"{""num_rows"": ""2097152"", ""profile"": ""duplicates_6""}"
main,pr1-p32-c512,pr-diagnostics,sorted_order_strings_segmented_diagnostics,Device=0 num_rows=262144 profile=duplicates_8,0.2167455993592739,0.2152735985815525,0.2170320004224777,2.083524531790985,10.811402320861816,"{""num_rows"": ""262144"", ""profile"": ""duplicates_8""}"
main,pr1-p32-c512,pr-diagnostics,sorted_order_strings_segmented_diagnostics,Device=0 num_rows=2097152 profile=duplicates_8,0.38445919901132586,0.38372799903154375,0.38693759888410556,1.1828269106546623,86.42761325836182,"{""num_rows"": ""2097152"", ""profile"": ""duplicates_8""}"
main,pr1-p32-c512,pr-diagnostics,sorted_order_strings_segmented_diagnostics,Device=0 num_rows=262144 profile=duplicates_12,0.3342959985136986,0.33087839931249613,0.33677920401096345,2.0215641280006937,10.811402320861816,"{""num_rows"": ""262144"", ""profile"": ""duplicates_12""}"
main,pr1-p32-c512,pr-diagnostics,sorted_order_strings_segmented_diagnostics,Device=0 num_rows=2097152 profile=duplicates_12,0.9157824039459229,0.9106176048517227,0.9187872022390365,1.2698193399044655,86.42761325836182,"{""num_rows"": ""2097152"", ""profile"": ""duplicates_12""}"
main,pr1-p32-c512,pr-diagnostics,sorted_order_strings_segmented_diagnostics,Device=0 num_rows=262144 profile=duplicates_16,0.3331504002213478,0.33087200075387957,0.3405583977699279,1.4347430551341311,10.811402320861816,"{""num_rows"": ""262144"", ""profile"": ""duplicates_16""}"
main,pr1-p32-c512,pr-diagnostics,sorted_order_strings_segmented_diagnostics,Device=0 num_rows=2097152 profile=duplicates_16,0.9154847979545595,0.9122512012720108,0.9186224013566973,1.1881930905273086,86.42761325836182,"{""num_rows"": ""2097152"", ""profile"": ""duplicates_16""}"
main,pr1-p32-c512,pr-diagnostics,sorted_order_strings_segmented_diagnostics,Device=0 num_rows=262144 profile=duplicates_24,0.45332959741353995,0.4499599993228913,0.45346560031175615,1.1183056864375132,10.811402320861816,"{""num_rows"": ""262144"", ""profile"": ""duplicates_24""}"
main,pr1-p32-c512,pr-diagnostics,sorted_order_strings_segmented_diagnostics,Device=0 num_rows=2097152 profile=duplicates_24,1.4480064034461975,1.441316795349121,1.453387206792831,0.9177200088657441,86.42761325836182,"{""num_rows"": ""2097152"", ""profile"": ""duplicates_24""}"
main,pr1-p32-c512,pr-diagnostics,sorted_order_strings_segmented_diagnostics,Device=0 num_rows=262144 profile=duplicates_32,0.5704544037580491,0.5638303995132448,0.5707648038864136,1.0777357720658471,10.811402320861816,"{""num_rows"": ""262144"", ""profile"": ""duplicates_32""}"
main,pr1-p32-c512,pr-diagnostics,sorted_order_strings_segmented_diagnostics,Device=0 num_rows=2097152 profile=duplicates_32,2.0199407935142513,2.016363197565079,2.026099193096161,0.5139584822560171,86.42761325836182,"{""num_rows"": ""2097152"", ""profile"": ""duplicates_32""}"
main,pr1-p32-c512,pr-diagnostics,sorted_order_strings_segmented_diagnostics,Device=0 num_rows=262144 profile=rle_misaligned,9.201678419113161,9.19556169509888,9.202481603622436,0.13279492491244657,10.914434432983398,"{""num_rows"": ""262144"", ""profile"": ""rle_misaligned""}"
main,pr1-p32-c512,pr-diagnostics,sorted_order_strings_segmented_diagnostics,Device=0 num_rows=2097152 profile=rle_misaligned,91.85309371948243,91.85276336669924,91.85744476318358,0.05443361421903722,86.42761325836182,"{""num_rows"": ""2097152"", ""profile"": ""rle_misaligned""}"
main,pr1-p32-c512,target,sorted_order_strings_cardinality,Device=0 num_rows=262144 max_width=32 cardinality=1,0.008222399884834886,0.00801599989645183,0.008455999940633774,7.704421546502351,1.0,"{""cardinality"": ""1"", ""max_width"": ""32"", ""num_rows"": ""262144""}"
main,pr1-p32-c512,target,sorted_order_strings_cardinality,Device=0 num_rows=2097152 max_width=32 cardinality=1,0.008507199957966803,0.008476800052449109,0.00869599999859929,3.661850901263649,8.0,"{""cardinality"": ""1"", ""max_width"": ""32"", ""num_rows"": ""2097152""}"
main,pr1-p32-c512,target,sorted_order_strings_cardinality,Device=0 num_rows=262144 max_width=128 cardinality=1,19.48528470993042,19.484846210479738,19.503622341156007,1.3560556133667137,9.81140422821045,"{""cardinality"": ""1"", ""max_width"": ""128"", ""num_rows"": ""262144""}"
main,pr1-p32-c512,target,sorted_order_strings_cardinality,Device=0 num_rows=2097152 max_width=128 cardinality=1,213.64135284423824,213.62485885620117,213.64900665283204,0.023378099903607057,78.42761516571045,"{""cardinality"": ""1"", ""max_width"": ""128"", ""num_rows"": ""2097152""}"
main,pr1-p32-c512,target,sorted_order_strings_cardinality,Device=0 num_rows=262144 max_width=32 cardinality=64,0.7402767956256864,0.7362111985683443,0.7413872003555297,1.0899969091288566,10.811402320861816,"{""cardinality"": ""64"", ""max_width"": ""32"", ""num_rows"": ""262144""}"
main,pr1-p32-c512,target,sorted_order_strings_cardinality,Device=0 num_rows=2097152 max_width=32 cardinality=64,1.7296256005764008,1.7276143968105317,1.73545760512352,0.89661444144213,86.42761325836182,"{""cardinality"": ""64"", ""max_width"": ""32"", ""num_rows"": ""2097152""}"
main,pr1-p32-c512,target,sorted_order_strings_cardinality,Device=0 num_rows=262144 max_width=128 cardinality=64,2.406503975391388,2.3951903939247132,2.4161823868751524,1.1885488366907175,10.811402320861816,"{""cardinality"": ""64"", ""max_width"": ""128"", ""num_rows"": ""262144""}"
main,pr1-p32-c512,target,sorted_order_strings_cardinality,Device=0 num_rows=2097152 max_width=128 cardinality=64,7.030928039550781,7.0148511886596685,7.0311872482299815,0.49829528796808364,86.42761325836182,"{""cardinality"": ""64"", ""max_width"": ""128"", ""num_rows"": ""2097152""}"
main,pr1-p32-c512,target,sorted_order_strings_cardinality,Device=0 num_rows=262144 max_width=32 cardinality=0,0.35108160227537155,0.3500832006335259,0.35617759525775916,6.723424359139993,10.811402320861816,"{""cardinality"": ""0"", ""max_width"": ""32"", ""num_rows"": ""262144""}"
main,pr1-p32-c512,target,sorted_order_strings_cardinality,Device=0 num_rows=2097152 max_width=32 cardinality=0,0.8519552052021027,0.8499199986457823,0.8541391968727111,0.5472854152210974,86.42761325836182,"{""cardinality"": ""0"", ""max_width"": ""32"", ""num_rows"": ""2097152""}"
main,pr1-p32-c512,target,sorted_order_strings_cardinality,Device=0 num_rows=262144 max_width=128 cardinality=0,0.3730719983577729,0.36555519998073577,0.3737887993454933,1.2277541490016606,10.811402320861816,"{""cardinality"": ""0"", ""max_width"": ""128"", ""num_rows"": ""262144""}"
main,pr1-p32-c512,target,sorted_order_strings_cardinality,Device=0 num_rows=2097152 max_width=128 cardinality=0,0.7975999981164933,0.7932336032390596,0.7978208005428313,0.7212258407204953,86.42761325836182,"{""cardinality"": ""0"", ""max_width"": ""128"", ""num_rows"": ""2097152""}"
main,pr1-p32-c512,target,sorted_order_strings_prefixes,Device=0 num_rows=262144 prefix_width=4 suffix_width=32 prefix_cardinality=1,0.3600031986832618,0.35223519951105126,0.36527360081672666,9.909776817928638,10.823320388793945,"{""num_rows"": ""262144"", ""prefix_cardinality"": ""1"", ""prefix_width"": ""4"", ""suffix_width"": ""32""}"
main,pr1-p32-c512,target,sorted_order_strings_prefixes,Device=0 num_rows=2097152 prefix_width=4 suffix_width=32 prefix_cardinality=1,1.1889871895313262,1.181812798976898,1.1905840039253237,0.39578454679334363,86.90658760070801,"{""num_rows"": ""2097152"", ""prefix_cardinality"": ""1"", ""prefix_width"": ""4"", ""suffix_width"": ""32""}"
main,pr1-p32-c512,target,sorted_order_strings_prefixes,Device=0 num_rows=262144 prefix_width=8 suffix_width=32 prefix_cardinality=1,4.040931248664855,4.03636314868927,4.043659210205078,0.1420242830919076,10.811402320861816,"{""num_rows"": ""262144"", ""prefix_cardinality"": ""1"", ""prefix_width"": ""8"", ""suffix_width"": ""32""}"
main,pr1-p32-c512,target,sorted_order_strings_prefixes,Device=0 num_rows=2097152 prefix_width=8 suffix_width=32 prefix_cardinality=1,34.51877937316894,34.51569728851318,34.52411212921143,0.03221564097270016,86.42761325836182,"{""num_rows"": ""2097152"", ""prefix_cardinality"": ""1"", ""prefix_width"": ""8"", ""suffix_width"": ""32""}"
main,pr1-p32-c512,target,sorted_order_strings_prefixes,Device=0 num_rows=262144 prefix_width=10 suffix_width=32 prefix_cardinality=1,3.4437567830085762,3.4400672197341917,3.443800032138824,0.14671586592685923,10.811402320861816,"{""num_rows"": ""262144"", ""prefix_cardinality"": ""1"", ""prefix_width"": ""10"", ""suffix_width"": ""32""}"
main,pr1-p32-c512,target,sorted_order_strings_prefixes,Device=0 num_rows=2097152 prefix_width=10 suffix_width=32 prefix_cardinality=1,29.895513629913328,29.88862247467041,29.897147369384765,0.041454610514224104,86.45393562316895,"{""num_rows"": ""2097152"", ""prefix_cardinality"": ""1"", ""prefix_width"": ""10"", ""suffix_width"": ""32""}"
main,pr1-p32-c512,target,sorted_order_strings_prefixes,Device=0 num_rows=262144 prefix_width=11 suffix_width=32 prefix_cardinality=1,3.2461680054664614,3.2455680131912232,3.2494544029235835,0.7642703814148103,10.812276840209961,"{""num_rows"": ""262144"", ""prefix_cardinality"": ""1"", ""prefix_width"": ""11"", ""suffix_width"": ""32""}"
main,pr1-p32-c512,target,sorted_order_strings_prefixes,Device=0 num_rows=2097152 prefix_width=11 suffix_width=32 prefix_cardinality=1,28.39513282775879,28.390115165710448,28.401089572906496,0.10375846194353698,86.49570655822754,"{""num_rows"": ""2097152"", ""prefix_cardinality"": ""1"", ""prefix_width"": ""11"", ""suffix_width"": ""32""}"
main,pr1-p32-c512,target,sorted_order_strings_prefixes,Device=0 num_rows=262144 prefix_width=12 suffix_width=32 prefix_cardinality=1,3.0463984012603755,3.042609620094299,3.046494436264038,0.26377186625211113,10.823320388793945,"{""num_rows"": ""262144"", ""prefix_cardinality"": ""1"", ""prefix_width"": ""12"", ""suffix_width"": ""32""}"
main,pr1-p32-c512,target,sorted_order_strings_prefixes,Device=0 num_rows=2097152 prefix_width=12 suffix_width=32 prefix_cardinality=1,27.042814445495612,27.039108943939205,27.048652839660644,0.08285247222432573,86.90658760070801,"{""num_rows"": ""2097152"", ""prefix_cardinality"": ""1"", ""prefix_width"": ""12"", ""suffix_width"": ""32""}"
main,pr1-p32-c512,target,sorted_order_strings_prefixes,Device=0 num_rows=262144 prefix_width=64 suffix_width=32 prefix_cardinality=1,14.360822391510009,14.352297592163087,14.385969638824465,0.2565755267988754,10.811402320861816,"{""num_rows"": ""262144"", ""prefix_cardinality"": ""1"", ""prefix_width"": ""64"", ""suffix_width"": ""32""}"
main,pr1-p32-c512,target,sorted_order_strings_prefixes,Device=0 num_rows=2097152 prefix_width=64 suffix_width=32 prefix_cardinality=1,150.241788482666,150.24031524658204,150.24337997436527,0.019396069899700923,86.42761325836182,"{""num_rows"": ""2097152"", ""prefix_cardinality"": ""1"", ""prefix_width"": ""64"", ""suffix_width"": ""32""}"
main,pr1-p32-c512,target,sorted_order_strings_prefixes,Device=0 num_rows=262144 prefix_width=4 suffix_width=32 prefix_cardinality=64,0.3464864000678063,0.3447679981589317,0.3474416002631188,0.821204900581845,10.811402320861816,"{""num_rows"": ""262144"", ""prefix_cardinality"": ""64"", ""prefix_width"": ""4"", ""suffix_width"": ""32""}"
main,pr1-p32-c512,target,sorted_order_strings_prefixes,Device=0 num_rows=2097152 prefix_width=4 suffix_width=32 prefix_cardinality=64,0.5996591985225678,0.5992239981889725,0.6005247980356216,0.6390534012563804,86.42761325836182,"{""num_rows"": ""2097152"", ""prefix_cardinality"": ""64"", ""prefix_width"": ""4"", ""suffix_width"": ""32""}"
main,pr1-p32-c512,target,sorted_order_strings_prefixes,Device=0 num_rows=262144 prefix_width=8 suffix_width=32 prefix_cardinality=64,0.5584719985723496,0.556358391046524,0.5602927982807161,1.2680094613621953,10.811402320861816,"{""num_rows"": ""262144"", ""prefix_cardinality"": ""64"", ""prefix_width"": ""8"", ""suffix_width"": ""32""}"
main,pr1-p32-c512,target,sorted_order_strings_prefixes,Device=0 num_rows=2097152 prefix_width=8 suffix_width=32 prefix_cardinality=64,1.4382960021495816,1.4348912000656127,1.4392368018627166,0.37619920129974055,86.42761325836182,"{""num_rows"": ""2097152"", ""prefix_cardinality"": ""64"", ""prefix_width"": ""8"", ""suffix_width"": ""32""}"
main,pr1-p32-c512,target,sorted_order_strings_prefixes,Device=0 num_rows=262144 prefix_width=10 suffix_width=32 prefix_cardinality=64,0.5422575980424881,0.5399488002061843,0.5481520026922226,1.40146104634621,10.811402320861816,"{""num_rows"": ""262144"", ""prefix_cardinality"": ""64"", ""prefix_width"": ""10"", ""suffix_width"": ""32""}"
main,pr1-p32-c512,target,sorted_order_strings_prefixes,Device=0 num_rows=2097152 prefix_width=10 suffix_width=32 prefix_cardinality=64,1.3725888013839722,1.3656432032585144,1.3729135990142822,0.5022229827429241,86.42761325836182,"{""num_rows"": ""2097152"", ""prefix_cardinality"": ""64"", ""prefix_width"": ""10"", ""suffix_width"": ""32""}"
main,pr1-p32-c512,target,sorted_order_strings_prefixes,Device=0 num_rows=262144 prefix_width=11 suffix_width=32 prefix_cardinality=64,0.5427424013614652,0.540007996559143,0.5447264045476913,1.0940198464024153,10.811402320861816,"{""num_rows"": ""262144"", ""prefix_cardinality"": ""64"", ""prefix_width"": ""11"", ""suffix_width"": ""32""}"
main,pr1-p32-c512,target,sorted_order_strings_prefixes,Device=0 num_rows=2097152 prefix_width=11 suffix_width=32 prefix_cardinality=64,1.3518064022064211,1.3458079993724825,1.3518415987491608,0.5796787491354218,86.42761325836182,"{""num_rows"": ""2097152"", ""prefix_cardinality"": ""64"", ""prefix_width"": ""11"", ""suffix_width"": ""32""}"
main,pr1-p32-c512,target,sorted_order_strings_prefixes,Device=0 num_rows=262144 prefix_width=12 suffix_width=32 prefix_cardinality=64,0.5364656001329422,0.5314336001873018,0.5374415993690491,1.7242711202403667,10.811402320861816,"{""num_rows"": ""262144"", ""prefix_cardinality"": ""64"", ""prefix_width"": ""12"", ""suffix_width"": ""32""}"
main,pr1-p32-c512,target,sorted_order_strings_prefixes,Device=0 num_rows=2097152 prefix_width=12 suffix_width=32 prefix_cardinality=64,1.3347199976444244,1.3308720052242278,1.338025587797165,1.094926887929263,86.42761325836182,"{""num_rows"": ""2097152"", ""prefix_cardinality"": ""64"", ""prefix_width"": ""12"", ""suffix_width"": ""32""}"
main,pr1-p32-c512,target,sorted_order_strings_prefixes,Device=0 num_rows=262144 prefix_width=64 suffix_width=32 prefix_cardinality=64,1.7451759874820705,1.7415551900863644,1.7480768024921416,1.3798578281996055,10.811402320861816,"{""num_rows"": ""262144"", ""prefix_cardinality"": ""64"", ""prefix_width"": ""64"", ""suffix_width"": ""32""}"
main,pr1-p32-c512,target,sorted_order_strings_prefixes,Device=0 num_rows=2097152 prefix_width=64 suffix_width=32 prefix_cardinality=64,6.032116818428039,6.018502449989319,6.0345839738845815,0.7623924948323363,86.42761325836182,"{""num_rows"": ""2097152"", ""prefix_cardinality"": ""64"", ""prefix_width"": ""64"", ""suffix_width"": ""32""}"
main,pr2-p32-c512,pr-zero-collisions,sorted_order_strings_segmented_diagnostics,Device=0 num_rows=32768 profile=zero_collision_pass1,0.7137360066175461,0.707273605465889,0.7167184054851533,0.5224414555178583,1.2352352142333984,"{""num_rows"": ""32768"", ""profile"": ""zero_collision_pass1""}"
main,pr2-p32-c512,pr-zero-collisions,sorted_order_strings_segmented_diagnostics,Device=0 num_rows=32768 profile=zero_collision_pass2,0.9880880028009416,0.9793455988168717,0.9918639957904817,0.682233651115073,1.2352352142333984,"{""num_rows"": ""32768"", ""profile"": ""zero_collision_pass2""}"
main,pr2-p32-c128,pr-zero-collisions,sorted_order_strings_segmented_diagnostics,Device=0 num_rows=32768 profile=zero_collision_pass1,0.7151999950408935,0.7150016069412231,0.7216719925403595,0.6044565581212827,1.2381649017333984,"{""num_rows"": ""32768"", ""profile"": ""zero_collision_pass1""}"
main,pr2-p32-c128,pr-zero-collisions,sorted_order_strings_segmented_diagnostics,Device=0 num_rows=32768 profile=zero_collision_pass2,0.9899408072233198,0.9858272045850751,0.993816003203392,1.405479652017336,1.2381649017333984,"{""num_rows"": ""32768"", ""profile"": ""zero_collision_pass2""}"
main,pr2-p32-c128,pr-diagnostics,sorted_order_strings_segmented_diagnostics,Device=0 num_rows=262144 profile=finish_257,0.4662208020687104,0.4632063999772072,0.47139359861612323,5.660205243148795,9.83484172821045,"{""num_rows"": ""262144"", ""profile"": ""finish_257""}"
main,pr2-p32-c128,pr-diagnostics,sorted_order_strings_segmented_diagnostics,Device=0 num_rows=2097152 profile=finish_257,0.6750160068273545,0.6714943945407869,0.6818543970584869,1.1913086510253883,78.61511516571045,"{""num_rows"": ""2097152"", ""profile"": ""finish_257""}"
main,pr2-p32-c128,pr-diagnostics,sorted_order_strings_segmented_diagnostics,Device=0 num_rows=262144 profile=finish_1024,0.4674895972013473,0.4656176045536995,0.47374720126390446,1.6608189516666438,9.83484172821045,"{""num_rows"": ""262144"", ""profile"": ""finish_1024""}"
main,pr2-p32-c128,pr-diagnostics,sorted_order_strings_segmented_diagnostics,Device=0 num_rows=2097152 profile=finish_1024,0.682526394724846,0.6800847977399828,0.6891615986824036,1.0609263672992566,78.61511516571045,"{""num_rows"": ""2097152"", ""profile"": ""finish_1024""}"
main,pr2-p32-c128,pr-diagnostics,sorted_order_strings_segmented_diagnostics,Device=0 num_rows=262144 profile=finish_4096,0.5288335978984834,0.5232511997222902,0.5314352035522462,1.2536299098964798,9.83484172821045,"{""num_rows"": ""262144"", ""profile"": ""finish_4096""}"
main,pr2-p32-c128,pr-diagnostics,sorted_order_strings_segmented_diagnostics,Device=0 num_rows=2097152 profile=finish_4096,0.7362639963626861,0.733238399028778,0.7544127970933914,6.754156025565576,78.61511516571045,"{""num_rows"": ""2097152"", ""profile"": ""finish_4096""}"
main,pr2-p32-c128,pr-diagnostics,sorted_order_strings_segmented_diagnostics,Device=0 num_rows=262144 profile=active_50,1.4526848018169398,1.4513855874538417,1.454968005418777,0.26220162314389645,9.83484172821045,"{""num_rows"": ""262144"", ""profile"": ""active_50""}"
main,pr2-p32-c128,pr-diagnostics,sorted_order_strings_segmented_diagnostics,Device=0 num_rows=2097152 profile=active_50,10.953366470336913,10.9490864276886,10.95944962501526,0.07794032828010714,78.61511516571045,"{""num_rows"": ""2097152"", ""profile"": ""active_50""}"
main,pr2-p32-c128,pr-diagnostics,sorted_order_strings_segmented_diagnostics,Device=0 num_rows=262144 profile=active_10,0.5289936006069184,0.526033592224121,0.5294448018074037,0.8284494696138884,9.83484172821045,"{""num_rows"": ""262144"", ""profile"": ""active_10""}"
main,pr2-p32-c128,pr-diagnostics,sorted_order_strings_segmented_diagnostics,Device=0 num_rows=2097152 profile=active_10,2.4368592023849485,2.4315183877944944,2.437400019168854,0.5004399427931355,78.61511516571045,"{""num_rows"": ""2097152"", ""profile"": ""active_10""}"
main,pr2-p32-c128,pr-diagnostics,sorted_order_strings_segmented_diagnostics,Device=0 num_rows=262144 profile=active_1,0.29254879802465433,0.29195680022239684,0.2950719997286796,2.6172835873016758,9.83484172821045,"{""num_rows"": ""262144"", ""profile"": ""active_1""}"
main,pr2-p32-c128,pr-diagnostics,sorted_order_strings_segmented_diagnostics,Device=0 num_rows=2097152 profile=active_1,0.6770464003086089,0.6704096019268037,0.6927775979042053,15.86821146217522,78.61511516571045,"{""num_rows"": ""2097152"", ""profile"": ""active_1""}"
main,pr2-p32-c128,pr-diagnostics,sorted_order_strings_segmented_diagnostics,Device=0 num_rows=262144 profile=active_0_1,0.28538720309734356,0.2824831977486611,0.2864944010972976,1.9291041290287696,9.83484172821045,"{""num_rows"": ""262144"", ""profile"": ""active_0_1""}"
main,pr2-p32-c128,pr-diagnostics,sorted_order_strings_segmented_diagnostics,Device=0 num_rows=2097152 profile=active_0_1,0.4784304007887841,0.4775167986750604,0.48420959562063215,2.3369121044991057,78.61511516571045,"{""num_rows"": ""2097152"", ""profile"": ""active_0_1""}"
main,pr2-p32-c128,pr-diagnostics,sorted_order_strings_segmented_diagnostics,Device=0 num_rows=262144 profile=duplicates_6,0.21777599975466727,0.21523840054869647,0.21846560090780262,1.4937855424267883,10.834839820861816,"{""num_rows"": ""262144"", ""profile"": ""duplicates_6""}"
main,pr2-p32-c128,pr-diagnostics,sorted_order_strings_segmented_diagnostics,Device=0 num_rows=2097152 profile=duplicates_6,0.38170560002326964,0.3785999983549118,0.3850176006555556,0.9533063754107587,86.61511325836182,"{""num_rows"": ""2097152"", ""profile"": ""duplicates_6""}"
main,pr2-p32-c128,pr-diagnostics,sorted_order_strings_segmented_diagnostics,Device=0 num_rows=262144 profile=duplicates_8,0.21430080011487007,0.21131840124726298,0.21703359931707383,1.6534141989036542,10.834839820861816,"{""num_rows"": ""262144"", ""profile"": ""duplicates_8""}"
main,pr2-p32-c128,pr-diagnostics,sorted_order_strings_segmented_diagnostics,Device=0 num_rows=2097152 profile=duplicates_8,0.37852159887552267,0.37709600031375884,0.3893679991364479,3.350210979759511,86.61511325836182,"{""num_rows"": ""2097152"", ""profile"": ""duplicates_8""}"
main,pr2-p32-c128,pr-diagnostics,sorted_order_strings_segmented_diagnostics,Device=0 num_rows=262144 profile=duplicates_12,0.33382880091667183,0.3290639981627464,0.340558399260044,9.955914588944507,10.834839820861816,"{""num_rows"": ""262144"", ""profile"": ""duplicates_12""}"
main,pr2-p32-c128,pr-diagnostics,sorted_order_strings_segmented_diagnostics,Device=0 num_rows=2097152 profile=duplicates_12,0.9111856073141097,0.9045055955648421,0.91356640458107,2.5149194842462683,86.61511325836182,"{""num_rows"": ""2097152"", ""profile"": ""duplicates_12""}"
main,pr2-p32-c128,pr-diagnostics,sorted_order_strings_segmented_diagnostics,Device=0 num_rows=262144 profile=duplicates_16,0.3338768005371094,0.32943680137395864,0.34422720074653623,10.25838876146041,10.834839820861816,"{""num_rows"": ""262144"", ""profile"": ""duplicates_16""}"
main,pr2-p32-c128,pr-diagnostics,sorted_order_strings_segmented_diagnostics,Device=0 num_rows=2097152 profile=duplicates_16,0.9108319967985152,0.9106207966804505,0.9156480044126509,2.912551168356341,86.61511325836182,"{""num_rows"": ""2097152"", ""profile"": ""duplicates_16""}"
main,pr2-p32-c128,pr-diagnostics,sorted_order_strings_segmented_diagnostics,Device=0 num_rows=262144 profile=duplicates_24,0.4523456022143363,0.4506960034370423,0.45973120033741,3.496039592805182,10.834839820861816,"{""num_rows"": ""262144"", ""profile"": ""duplicates_24""}"
main,pr2-p32-c128,pr-diagnostics,sorted_order_strings_segmented_diagnostics,Device=0 num_rows=2097152 profile=duplicates_24,1.4480495989322664,1.436870402097702,1.4505920112133024,3.1664998459409497,86.61511325836182,"{""num_rows"": ""2097152"", ""profile"": ""duplicates_24""}"
main,pr2-p32-c128,pr-diagnostics,sorted_order_strings_segmented_diagnostics,Device=0 num_rows=262144 profile=duplicates_32,0.5679935961961745,0.5639664024114609,0.5728096008300781,3.548778540927846,10.834839820861816,"{""num_rows"": ""262144"", ""profile"": ""duplicates_32""}"
main,pr2-p32-c128,pr-diagnostics,sorted_order_strings_segmented_diagnostics,Device=0 num_rows=2097152 profile=duplicates_32,2.0202960252761843,2.018592000007629,2.0298192262649537,0.839744479933632,86.61511325836182,"{""num_rows"": ""2097152"", ""profile"": ""duplicates_32""}"
main,pr2-p32-c128,pr-diagnostics,sorted_order_strings_segmented_diagnostics,Device=0 num_rows=262144 profile=rle_misaligned,9.002872085571292,8.994622421264648,9.016707229614259,0.5741689593994418,10.859746932983398,"{""num_rows"": ""262144"", ""profile"": ""rle_misaligned""}"
main,pr2-p32-c128,pr-diagnostics,sorted_order_strings_segmented_diagnostics,Device=0 num_rows=2097152 profile=rle_misaligned,90.87159576416015,90.86886444091797,90.89516487121583,0.03241006486782042,86.61511325836182,"{""num_rows"": ""2097152"", ""profile"": ""rle_misaligned""}"
main,pr1-p32-c512,pr-workload,sorted_order_strings_workload,Device=0 min_width=0 max_width=32 num_rows=32768 workload=normal,0.3716192007064819,0.3701023995876312,0.3765968039631844,5.523576005420065,1.377981185913086,"{""max_width"": ""32"", ""min_width"": ""0"", ""num_rows"": ""32768"", ""workload"": ""normal""}"
main,pr1-p32-c512,pr-workload,sorted_order_strings_workload,Device=0 min_width=0 max_width=64 num_rows=32768 workload=normal,0.4520736008882522,0.4518752008676528,0.4535360008478165,1.1243753658639786,1.3805561065673828,"{""max_width"": ""64"", ""min_width"": ""0"", ""num_rows"": ""32768"", ""workload"": ""normal""}"
main,pr1-p32-c512,pr-workload,sorted_order_strings_workload,Device=0 min_width=0 max_width=128 num_rows=32768 workload=normal,0.6047008007764815,0.6038351982831955,0.6082095980644228,0.4635678562560446,1.3809566497802734,"{""max_width"": ""128"", ""min_width"": ""0"", ""num_rows"": ""32768"", ""workload"": ""normal""}"
main,pr1-p32-c512,pr-workload,sorted_order_strings_workload,Device=0 min_width=0 max_width=256 num_rows=32768 workload=normal,0.9653455942869188,0.96316320002079,0.966236796975136,0.3727873630843853,1.381052017211914,"{""max_width"": ""256"", ""min_width"": ""0"", ""num_rows"": ""32768"", ""workload"": ""normal""}"
main,pr1-p32-c512,pr-workload,sorted_order_strings_workload,Device=0 min_width=0 max_width=32 num_rows=262144 workload=normal,0.5054256036877632,0.5010623961687087,0.5075599998235703,1.5984007298565923,10.811402320861816,"{""max_width"": ""32"", ""min_width"": ""0"", ""num_rows"": ""262144"", ""workload"": ""normal""}"
main,pr1-p32-c512,pr-workload,sorted_order_strings_workload,Device=0 min_width=0 max_width=64 num_rows=262144 workload=normal,0.6984912037849427,0.6977151960134506,0.6990160018205641,2.1793305534677407,10.811402320861816,"{""max_width"": ""64"", ""min_width"": ""0"", ""num_rows"": ""262144"", ""workload"": ""normal""}"
main,pr1-p32-c512,pr-workload,sorted_order_strings_workload,Device=0 min_width=0 max_width=128 num_rows=262144 workload=normal,1.2095247924327848,1.1991551995277403,1.212459206581116,3.1876668240905404,10.811402320861816,"{""max_width"": ""128"", ""min_width"": ""0"", ""num_rows"": ""262144"", ""workload"": ""normal""}"
main,pr1-p32-c512,pr-workload,sorted_order_strings_workload,Device=0 min_width=0 max_width=256 num_rows=262144 workload=normal,2.566212773323059,2.5595679998397824,2.593388795852661,4.228580208729706,10.811402320861816,"{""max_width"": ""256"", ""min_width"": ""0"", ""num_rows"": ""262144"", ""workload"": ""normal""}"
main,pr1-p32-c512,pr-workload,sorted_order_strings_workload,Device=0 min_width=0 max_width=32 num_rows=2097152 workload=normal,1.9366239845752715,1.9361151874065397,1.9381487905979164,0.7365266870506272,86.42761325836182,"{""max_width"": ""32"", ""min_width"": ""0"", ""num_rows"": ""2097152"", ""workload"": ""normal""}"
main,pr1-p32-c512,pr-workload,sorted_order_strings_workload,Device=0 min_width=0 max_width=64 num_rows=2097152 workload=normal,3.824625587463379,3.8197023868560804,3.8351760149002074,0.6064695480447888,86.42761325836182,"{""max_width"": ""64"", ""min_width"": ""0"", ""num_rows"": ""2097152"", ""workload"": ""normal""}"
main,pr1-p32-c512,pr-workload,sorted_order_strings_workload,Device=0 min_width=0 max_width=128 num_rows=2097152 workload=normal,7.651056003570555,7.560649609565735,7.686828827857969,6.480890531026846,86.42761325836182,"{""max_width"": ""128"", ""min_width"": ""0"", ""num_rows"": ""2097152"", ""workload"": ""normal""}"
main,pr1-p32-c512,pr-workload,sorted_order_strings_workload,Device=0 min_width=0 max_width=256 num_rows=2097152 workload=normal,15.16430077552795,15.142636728286746,15.174859189987181,0.6615617258160932,86.42761325836182,"{""max_width"": ""256"", ""min_width"": ""0"", ""num_rows"": ""2097152"", ""workload"": ""normal""}"
main,pr1-p32-c512,pr-workload,sorted_order_strings_workload,Device=0 min_width=0 max_width=32 num_rows=32768 workload=duplicates,0.7286367982625961,0.7229056030511857,0.7323279976844788,1.112212509446743,1.3592538833618164,"{""max_width"": ""32"", ""min_width"": ""0"", ""num_rows"": ""32768"", ""workload"": ""duplicates""}"
main,pr1-p32-c512,pr-workload,sorted_order_strings_workload,Device=0 min_width=0 max_width=64 num_rows=32768 workload=duplicates,1.2597983956336973,1.2583072066307068,1.2618448078632356,2.2271134267803827,1.3592538833618164,"{""max_width"": ""64"", ""min_width"": ""0"", ""num_rows"": ""32768"", ""workload"": ""duplicates""}"
main,pr1-p32-c512,pr-workload,sorted_order_strings_workload,Device=0 min_width=0 max_width=128 num_rows=32768 workload=duplicates,2.274916827678681,2.266687989234924,2.2804448127746584,0.8100956619392748,1.3592538833618164,"{""max_width"": ""128"", ""min_width"": ""0"", ""num_rows"": ""32768"", ""workload"": ""duplicates""}"
main,pr1-p32-c512,pr-workload,sorted_order_strings_workload,Device=0 min_width=0 max_width=256 num_rows=32768 workload=duplicates,4.4836816072464005,4.4667039871215835,4.489580869674683,0.5536169528159898,1.3592538833618164,"{""max_width"": ""256"", ""min_width"": ""0"", ""num_rows"": ""32768"", ""workload"": ""duplicates""}"
main,pr1-p32-c512,pr-workload,sorted_order_strings_workload,Device=0 min_width=0 max_width=32 num_rows=262144 workload=duplicates,0.719220796227455,0.715092796087265,0.7297279953956605,1.7462465634751008,10.811402320861816,"{""max_width"": ""32"", ""min_width"": ""0"", ""num_rows"": ""262144"", ""workload"": ""duplicates""}"
main,pr1-p32-c512,pr-workload,sorted_order_strings_workload,Device=0 min_width=0 max_width=64 num_rows=262144 workload=duplicates,1.1687888085842135,1.1669663965702057,1.169686418771744,1.1973006597700575,10.811402320861816,"{""max_width"": ""64"", ""min_width"": ""0"", ""num_rows"": ""262144"", ""workload"": ""duplicates""}"
main,pr1-p32-c512,pr-workload,sorted_order_strings_workload,Device=0 min_width=0 max_width=128 num_rows=262144 workload=duplicates,2.2196239709854133,2.2026863932609557,2.2235599994659427,0.8931169013069751,10.811402320861816,"{""max_width"": ""128"", ""min_width"": ""0"", ""num_rows"": ""262144"", ""workload"": ""duplicates""}"
main,pr1-p32-c512,pr-workload,sorted_order_strings_workload,Device=0 min_width=0 max_width=256 num_rows=262144 workload=duplicates,4.356644797325134,4.352033567428588,4.356883192062378,0.7384215370446989,10.811402320861816,"{""max_width"": ""256"", ""min_width"": ""0"", ""num_rows"": ""262144"", ""workload"": ""duplicates""}"
main,pr1-p32-c512,pr-workload,sorted_order_strings_workload,Device=0 min_width=0 max_width=32 num_rows=2097152 workload=duplicates,1.7680751979351044,1.7658495903015137,1.7744703888893127,0.7834113377756756,86.42761325836182,"{""max_width"": ""32"", ""min_width"": ""0"", ""num_rows"": ""2097152"", ""workload"": ""duplicates""}"
main,pr1-p32-c512,pr-workload,sorted_order_strings_workload,Device=0 min_width=0 max_width=64 num_rows=2097152 workload=duplicates,3.339440011978149,3.3340144038200386,3.346323192119599,1.1199549334892112,86.42761325836182,"{""max_width"": ""64"", ""min_width"": ""0"", ""num_rows"": ""2097152"", ""workload"": ""duplicates""}"
main,pr1-p32-c512,pr-workload,sorted_order_strings_workload,Device=0 min_width=0 max_width=128 num_rows=2097152 workload=duplicates,6.746657562255859,6.73748321533203,6.747879958152771,0.4225732693867502,86.42761325836182,"{""max_width"": ""128"", ""min_width"": ""0"", ""num_rows"": ""2097152"", ""workload"": ""duplicates""}"
main,pr1-p32-c512,pr-workload,sorted_order_strings_workload,Device=0 min_width=0 max_width=256 num_rows=2097152 workload=duplicates,13.675748729705811,13.673169660568238,13.676934385299683,0.23772528805418558,86.42761325836182,"{""max_width"": ""256"", ""min_width"": ""0"", ""num_rows"": ""2097152"", ""workload"": ""duplicates""}"
main,pr1-p32-c512,pr-workload,sorted_order_strings_workload,Device=0 min_width=0 max_width=32 num_rows=32768 workload=shared_prefix,1.3056608021259306,1.3015855848789215,1.3059343934059142,1.0891493276393334,1.3592538833618164,"{""max_width"": ""32"", ""min_width"": ""0"", ""num_rows"": ""32768"", ""workload"": ""shared_prefix""}"
main,pr1-p32-c512,pr-workload,sorted_order_strings_workload,Device=0 min_width=0 max_width=64 num_rows=32768 workload=shared_prefix,2.3573296070098877,2.352704000473022,2.362380814552307,0.8315951609217394,1.3592538833618164,"{""max_width"": ""64"", ""min_width"": ""0"", ""num_rows"": ""32768"", ""workload"": ""shared_prefix""}"
main,pr1-p32-c512,pr-workload,sorted_order_strings_workload,Device=0 min_width=0 max_width=128 num_rows=32768 workload=shared_prefix,4.4611824512481695,4.441856026649476,4.46971037387848,0.8763384154584077,1.3592538833618164,"{""max_width"": ""128"", ""min_width"": ""0"", ""num_rows"": ""32768"", ""workload"": ""shared_prefix""}"
main,pr1-p32-c512,pr-workload,sorted_order_strings_workload,Device=0 min_width=0 max_width=256 num_rows=32768 workload=shared_prefix,8.659327936172485,8.622606325149533,8.680350399017334,0.42445713745792246,1.3592538833618164,"{""max_width"": ""256"", ""min_width"": ""0"", ""num_rows"": ""32768"", ""workload"": ""shared_prefix""}"
main,pr1-p32-c512,pr-workload,sorted_order_strings_workload,Device=0 min_width=0 max_width=32 num_rows=262144 workload=shared_prefix,6.925027155876159,6.924363207817079,6.9258416175842274,0.08143308195266392,10.811402320861816,"{""max_width"": ""32"", ""min_width"": ""0"", ""num_rows"": ""262144"", ""workload"": ""shared_prefix""}"
main,pr1-p32-c512,pr-workload,sorted_order_strings_workload,Device=0 min_width=0 max_width=64 num_rows=262144 workload=shared_prefix,12.835056018829347,12.834484863281249,12.855230379104613,1.0598250556053816,10.811402320861816,"{""max_width"": ""64"", ""min_width"": ""0"", ""num_rows"": ""262144"", ""workload"": ""shared_prefix""}"
main,pr1-p32-c512,pr-workload,sorted_order_strings_workload,Device=0 min_width=0 max_width=128 num_rows=262144 workload=shared_prefix,24.89236335754395,24.880543994903565,24.90878715515137,0.16229806177894235,10.811402320861816,"{""max_width"": ""128"", ""min_width"": ""0"", ""num_rows"": ""262144"", ""workload"": ""shared_prefix""}"
main,pr1-p32-c512,pr-workload,sorted_order_strings_workload,Device=0 min_width=0 max_width=256 num_rows=262144 workload=shared_prefix,49.051784324646,49.048837089538566,49.075963020324714,0.05361729876652775,10.811402320861816,"{""max_width"": ""256"", ""min_width"": ""0"", ""num_rows"": ""262144"", ""workload"": ""shared_prefix""}"
main,pr1-p32-c512,pr-workload,sorted_order_strings_workload,Device=0 min_width=0 max_width=32 num_rows=2097152 workload=shared_prefix,67.25043220520018,67.24714393615723,67.27340774536134,0.17022417392914876,86.42761325836182,"{""max_width"": ""32"", ""min_width"": ""0"", ""num_rows"": ""2097152"", ""workload"": ""shared_prefix""}"
main,pr1-p32-c512,pr-workload,sorted_order_strings_workload,Device=0 min_width=0 max_width=64 num_rows=2097152 workload=shared_prefix,133.39826126098632,133.3887580871582,133.40696563720707,0.030608133860472318,86.42761325836182,"{""max_width"": ""64"", ""min_width"": ""0"", ""num_rows"": ""2097152"", ""workload"": ""shared_prefix""}"
main,pr1-p32-c512,pr-workload,sorted_order_strings_workload,Device=0 min_width=0 max_width=128 num_rows=2097152 workload=shared_prefix,265.8652938842773,265.865023803711,265.87935638427734,0.024828637616204522,86.42761325836182,"{""max_width"": ""128"", ""min_width"": ""0"", ""num_rows"": ""2097152"", ""workload"": ""shared_prefix""}"
main,pr1-p32-c512,pr-workload,sorted_order_strings_workload,Device=0 min_width=0 max_width=256 num_rows=2097152 workload=shared_prefix,531.0706207275391,531.0703948974609,531.0887786865234,0.012443134139262601,86.42761325836182,"{""max_width"": ""256"", ""min_width"": ""0"", ""num_rows"": ""2097152"", ""workload"": ""shared_prefix""}"
main,pr1-p32-c512,pr-workload,sorted_order_strings_workload,Device=0 min_width=0 max_width=32 num_rows=32768 workload=variable,0.31502879559993746,0.31199360042810437,0.3155551999807358,1.6107232345552793,1.3592538833618164,"{""max_width"": ""32"", ""min_width"": ""0"", ""num_rows"": ""32768"", ""workload"": ""variable""}"
main,pr1-p32-c512,pr-workload,sorted_order_strings_workload,Device=0 min_width=0 max_width=64 num_rows=32768 workload=variable,0.3248848021030426,0.3233263999223709,0.32528800219297405,2.7353118433087036,1.3592538833618164,"{""max_width"": ""64"", ""min_width"": ""0"", ""num_rows"": ""32768"", ""workload"": ""variable""}"
main,pr1-p32-c512,pr-workload,sorted_order_strings_workload,Device=0 min_width=0 max_width=128 num_rows=32768 workload=variable,0.34319519996643066,0.340478403866291,0.3458799973130226,1.009694836441369,1.3592538833618164,"{""max_width"": ""128"", ""min_width"": ""0"", ""num_rows"": ""32768"", ""workload"": ""variable""}"
main,pr1-p32-c512,pr-workload,sorted_order_strings_workload,Device=0 min_width=0 max_width=256 num_rows=32768 workload=variable,0.3657119959592819,0.3646447971463203,0.36668959856033323,1.2265927499203804,1.3592538833618164,"{""max_width"": ""256"", ""min_width"": ""0"", ""num_rows"": ""32768"", ""workload"": ""variable""}"
main,pr1-p32-c512,pr-workload,sorted_order_strings_workload,Device=0 min_width=0 max_width=32 num_rows=262144 workload=variable,0.3498848021030426,0.3496544003486633,0.35472960025072103,5.922494882501335,10.811402320861816,"{""max_width"": ""32"", ""min_width"": ""0"", ""num_rows"": ""262144"", ""workload"": ""variable""}"
main,pr1-p32-c512,pr-workload,sorted_order_strings_workload,Device=0 min_width=0 max_width=64 num_rows=262144 workload=variable,0.36028960049152375,0.357904002070427,0.36212159991264353,1.119078964274187,10.811402320861816,"{""max_width"": ""64"", ""min_width"": ""0"", ""num_rows"": ""262144"", ""workload"": ""variable""}"
main,pr1-p32-c512,pr-workload,sorted_order_strings_workload,Device=0 min_width=0 max_width=128 num_rows=262144 workload=variable,0.3675727978348732,0.36480800062417984,0.37159199863672254,1.0778458322531337,10.811402320861816,"{""max_width"": ""128"", ""min_width"": ""0"", ""num_rows"": ""262144"", ""workload"": ""variable""}"
main,pr1-p32-c512,pr-workload,sorted_order_strings_workload,Device=0 min_width=0 max_width=256 num_rows=262144 workload=variable,0.4092063978314399,0.40776640027761457,0.41096160560846334,1.1130538540435206,10.811402320861816,"{""max_width"": ""256"", ""min_width"": ""0"", ""num_rows"": ""262144"", ""workload"": ""variable""}"
main,pr1-p32-c512,pr-workload,sorted_order_strings_workload,Device=0 min_width=0 max_width=32 num_rows=2097152 workload=variable,0.8505424022674561,0.8498304009437561,0.8512703955173493,0.5927592957300755,86.42761325836182,"{""max_width"": ""32"", ""min_width"": ""0"", ""num_rows"": ""2097152"", ""workload"": ""variable""}"
main,pr1-p32-c512,pr-workload,sorted_order_strings_workload,Device=0 min_width=0 max_width=64 num_rows=2097152 workload=variable,0.8093919962644577,0.8081584006547927,0.8109503984451292,0.6919983379214636,86.42761325836182,"{""max_width"": ""64"", ""min_width"": ""0"", ""num_rows"": ""2097152"", ""workload"": ""variable""}"
main,pr1-p32-c512,pr-workload,sorted_order_strings_workload,Device=0 min_width=0 max_width=128 num_rows=2097152 workload=variable,0.7947375982999804,0.793750396370888,0.7954336017370223,0.6013227841867198,86.42761325836182,"{""max_width"": ""128"", ""min_width"": ""0"", ""num_rows"": ""2097152"", ""workload"": ""variable""}"
main,pr1-p32-c512,pr-workload,sorted_order_strings_workload,Device=0 min_width=0 max_width=256 num_rows=2097152 workload=variable,0.7592016011476516,0.7584399968385697,0.7604975968599321,0.7908186757377962,86.42761325836182,"{""max_width"": ""256"", ""min_width"": ""0"", ""num_rows"": ""2097152"", ""workload"": ""variable""}"
main,pr2-p32-c4096,target,sorted_order_strings_cardinality,Device=0 num_rows=262144 max_width=32 cardinality=1,0.008110400033183394,0.007990400004200638,0.008257599966600538,8.949262700168067,1.0,"{""cardinality"": ""1"", ""max_width"": ""32"", ""num_rows"": ""262144""}"
main,pr2-p32-c4096,target,sorted_order_strings_cardinality,Device=0 num_rows=2097152 max_width=32 cardinality=1,0.008854399947449566,0.008598400047048925,0.00908960006199777,17.572668764368434,8.0,"{""cardinality"": ""1"", ""max_width"": ""32"", ""num_rows"": ""2097152""}"
main,pr2-p32-c4096,target,sorted_order_strings_cardinality,Device=0 num_rows=262144 max_width=128 cardinality=1,19.557960033416748,19.549038410186764,19.56427059173584,2.4766956039607524,9.80456829071045,"{""cardinality"": ""1"", ""max_width"": ""128"", ""num_rows"": ""262144""}"
main,pr2-p32-c4096,target,sorted_order_strings_cardinality,Device=0 num_rows=2097152 max_width=128 cardinality=1,213.65099945068357,213.62979431152345,213.6650573730469,0.02380515149479076,78.37292766571045,"{""cardinality"": ""1"", ""max_width"": ""128"", ""num_rows"": ""2097152""}"
main,pr2-p32-c4096,target,sorted_order_strings_cardinality,Device=0 num_rows=262144 max_width=32 cardinality=64,0.7413184016942979,0.7379232048988342,0.7468655943870545,1.7837041572384673,10.804566383361816,"{""cardinality"": ""64"", ""max_width"": ""32"", ""num_rows"": ""262144""}"
main,pr2-p32-c4096,target,sorted_order_strings_cardinality,Device=0 num_rows=2097152 max_width=32 cardinality=64,1.7329824030399323,1.7279599964618686,1.7347360074520113,0.5926503346910716,86.37292575836182,"{""cardinality"": ""64"", ""max_width"": ""32"", ""num_rows"": ""2097152""}"
main,pr2-p32-c4096,target,sorted_order_strings_cardinality,Device=0 num_rows=262144 max_width=128 cardinality=64,2.480940783023834,2.4710639834403993,2.4846479892730713,0.575063116624984,10.804566383361816,"{""cardinality"": ""64"", ""max_width"": ""128"", ""num_rows"": ""262144""}"
main,pr2-p32-c4096,target,sorted_order_strings_cardinality,Device=0 num_rows=2097152 max_width=128 cardinality=64,7.043902444839477,7.020297622680664,7.049804854393006,0.6400793114505182,86.37292575836182,"{""cardinality"": ""64"", ""max_width"": ""128"", ""num_rows"": ""2097152""}"
main,pr2-p32-c4096,target,sorted_order_strings_cardinality,Device=0 num_rows=262144 max_width=32 cardinality=0,0.3554959997534752,0.3490672007203102,0.35732320249080657,1.5284619978766902,10.804566383361816,"{""cardinality"": ""0"", ""max_width"": ""32"", ""num_rows"": ""262144""}"
main,pr2-p32-c4096,target,sorted_order_strings_cardinality,Device=0 num_rows=2097152 max_width=32 cardinality=0,0.865974396467209,0.858464002609253,0.8669631987810135,0.5692525999403877,86.37292575836182,"{""cardinality"": ""0"", ""max_width"": ""32"", ""num_rows"": ""2097152""}"
main,pr2-p32-c4096,target,sorted_order_strings_cardinality,Device=0 num_rows=262144 max_width=128 cardinality=0,0.38056319952011103,0.3790896013379097,0.3831520020961761,0.8807967869767157,10.804566383361816,"{""cardinality"": ""0"", ""max_width"": ""128"", ""num_rows"": ""262144""}"
main,pr2-p32-c4096,target,sorted_order_strings_cardinality,Device=0 num_rows=2097152 max_width=128 cardinality=0,0.8208031952381135,0.8131984025239944,0.8266672015190124,1.116924979826353,86.37292575836182,"{""cardinality"": ""0"", ""max_width"": ""128"", ""num_rows"": ""2097152""}"
main,pr2-p32-c4096,target,sorted_order_strings_prefixes,Device=0 num_rows=262144 prefix_width=4 suffix_width=32 prefix_cardinality=1,0.3628672003746033,0.35882559865713115,0.3658431962132454,1.080582430903183,10.814481735229492,"{""num_rows"": ""262144"", ""prefix_cardinality"": ""1"", ""prefix_width"": ""4"", ""suffix_width"": ""32""}"
main,pr2-p32-c4096,target,sorted_order_strings_prefixes,Device=0 num_rows=2097152 prefix_width=4 suffix_width=32 prefix_cardinality=1,1.1929280102252962,1.1842576026916505,1.1944991946220398,0.43836469940108264,86.83736610412598,"{""num_rows"": ""2097152"", ""prefix_cardinality"": ""1"", ""prefix_width"": ""4"", ""suffix_width"": ""32""}"
main,pr2-p32-c4096,target,sorted_order_strings_prefixes,Device=0 num_rows=262144 prefix_width=8 suffix_width=32 prefix_cardinality=1,4.046737575531005,4.037798380851745,4.04735836982727,0.17706743916459206,10.804566383361816,"{""num_rows"": ""262144"", ""prefix_cardinality"": ""1"", ""prefix_width"": ""8"", ""suffix_width"": ""32""}"
main,pr2-p32-c4096,target,sorted_order_strings_prefixes,Device=0 num_rows=2097152 prefix_width=8 suffix_width=32 prefix_cardinality=1,34.53139228820801,34.52049140930176,34.53246288299561,0.04055169328575504,86.37292575836182,"{""num_rows"": ""2097152"", ""prefix_cardinality"": ""1"", ""prefix_width"": ""8"", ""suffix_width"": ""32""}"
main,pr2-p32-c4096,target,sorted_order_strings_prefixes,Device=0 num_rows=262144 prefix_width=10 suffix_width=32 prefix_cardinality=1,3.454462397098541,3.449531185626984,3.4581279993057255,0.15589538010475817,10.804566383361816,"{""num_rows"": ""262144"", ""prefix_cardinality"": ""1"", ""prefix_width"": ""10"", ""suffix_width"": ""32""}"
main,pr2-p32-c4096,target,sorted_order_strings_prefixes,Device=0 num_rows=2097152 prefix_width=10 suffix_width=32 prefix_cardinality=1,29.898528099060055,29.88858051300049,29.9038878440857,0.027792141488026743,86.38603019714355,"{""num_rows"": ""2097152"", ""prefix_cardinality"": ""1"", ""prefix_width"": ""10"", ""suffix_width"": ""32""}"
main,pr2-p32-c4096,target,sorted_order_strings_prefixes,Device=0 num_rows=262144 prefix_width=11 suffix_width=32 prefix_cardinality=1,3.25387681722641,3.2496655702590944,3.2540816068649296,0.23211303774263314,10.804566383361816,"{""num_rows"": ""262144"", ""prefix_cardinality"": ""1"", ""prefix_width"": ""11"", ""suffix_width"": ""32""}"
main,pr2-p32-c4096,target,sorted_order_strings_prefixes,Device=0 num_rows=2097152 prefix_width=11 suffix_width=32 prefix_cardinality=1,28.397937679290774,28.393568038940433,28.40653781890869,0.033715168424398985,86.42692375183105,"{""num_rows"": ""2097152"", ""prefix_cardinality"": ""1"", ""prefix_width"": ""11"", ""suffix_width"": ""32""}"
main,pr2-p32-c4096,target,sorted_order_strings_prefixes,Device=0 num_rows=262144 prefix_width=12 suffix_width=32 prefix_cardinality=1,3.0534655928611754,3.0442511677742004,3.0537344098091124,0.194149205329745,10.814481735229492,"{""num_rows"": ""262144"", ""prefix_cardinality"": ""1"", ""prefix_width"": ""12"", ""suffix_width"": ""32""}"
main,pr2-p32-c4096,target,sorted_order_strings_prefixes,Device=0 num_rows=2097152 prefix_width=12 suffix_width=32 prefix_cardinality=1,27.04914407730103,27.040023994445807,27.051211261749263,0.04507334936231385,86.83736610412598,"{""num_rows"": ""2097152"", ""prefix_cardinality"": ""1"", ""prefix_width"": ""12"", ""suffix_width"": ""32""}"
main,pr2-p32-c4096,target,sorted_order_strings_prefixes,Device=0 num_rows=262144 prefix_width=64 suffix_width=32 prefix_cardinality=1,14.37260808944702,14.361166334152223,14.383841466903686,0.14279967970108334,10.804566383361816,"{""num_rows"": ""262144"", ""prefix_cardinality"": ""1"", ""prefix_width"": ""64"", ""suffix_width"": ""32""}"
main,pr2-p32-c4096,target,sorted_order_strings_prefixes,Device=0 num_rows=2097152 prefix_width=64 suffix_width=32 prefix_cardinality=1,150.25328598022458,150.2435356140137,150.26535034179688,0.019214470839985717,86.37292575836182,"{""num_rows"": ""2097152"", ""prefix_cardinality"": ""1"", ""prefix_width"": ""64"", ""suffix_width"": ""32""}"
main,pr2-p32-c4096,target,sorted_order_strings_prefixes,Device=0 num_rows=262144 prefix_width=4 suffix_width=32 prefix_cardinality=64,0.3487759992480278,0.34538400173187245,0.3530207976698876,1.04235804928803,10.804566383361816,"{""num_rows"": ""262144"", ""prefix_cardinality"": ""64"", ""prefix_width"": ""4"", ""suffix_width"": ""32""}"
main,pr2-p32-c4096,target,sorted_order_strings_prefixes,Device=0 num_rows=2097152 prefix_width=4 suffix_width=32 prefix_cardinality=64,0.6045135974884034,0.5997679978609085,0.6061679959297179,1.3552146846531854,86.37292575836182,"{""num_rows"": ""2097152"", ""prefix_cardinality"": ""64"", ""prefix_width"": ""4"", ""suffix_width"": ""32""}"
main,pr2-p32-c4096,target,sorted_order_strings_prefixes,Device=0 num_rows=262144 prefix_width=8 suffix_width=32 prefix_cardinality=64,0.681899204850197,0.6726527988910674,0.6823856055736541,1.0069437311901464,10.804566383361816,"{""num_rows"": ""262144"", ""prefix_cardinality"": ""64"", ""prefix_width"": ""8"", ""suffix_width"": ""32""}"
main,pr2-p32-c4096,target,sorted_order_strings_prefixes,Device=0 num_rows=2097152 prefix_width=8 suffix_width=32 prefix_cardinality=64,1.4425168037414549,1.4325711965560914,1.443166399002075,0.3859542280682749,86.37292575836182,"{""num_rows"": ""2097152"", ""prefix_cardinality"": ""64"", ""prefix_width"": ""8"", ""suffix_width"": ""32""}"
main,pr2-p32-c4096,target,sorted_order_strings_prefixes,Device=0 num_rows=262144 prefix_width=10 suffix_width=32 prefix_cardinality=64,0.7510016024112702,0.7443536043167115,0.754206395149231,0.6941865070729077,10.804566383361816,"{""num_rows"": ""262144"", ""prefix_cardinality"": ""64"", ""prefix_width"": ""10"", ""suffix_width"": ""32""}"
main,pr2-p32-c4096,target,sorted_order_strings_prefixes,Device=0 num_rows=2097152 prefix_width=10 suffix_width=32 prefix_cardinality=64,1.3781584143638614,1.370094406604767,1.3799439966678622,1.5920302332362375,86.37292575836182,"{""num_rows"": ""2097152"", ""prefix_cardinality"": ""64"", ""prefix_width"": ""10"", ""suffix_width"": ""32""}"
main,pr2-p32-c4096,target,sorted_order_strings_prefixes,Device=0 num_rows=262144 prefix_width=11 suffix_width=32 prefix_cardinality=64,0.7969743996858597,0.790279996395111,0.7982719957828522,0.715054633534839,10.804566383361816,"{""num_rows"": ""262144"", ""prefix_cardinality"": ""64"", ""prefix_width"": ""11"", ""suffix_width"": ""32""}"
main,pr2-p32-c4096,target,sorted_order_strings_prefixes,Device=0 num_rows=2097152 prefix_width=11 suffix_width=32 prefix_cardinality=64,1.35557279586792,1.349140793085098,1.3575999915599823,0.5398682601340415,86.37292575836182,"{""num_rows"": ""2097152"", ""prefix_cardinality"": ""64"", ""prefix_width"": ""11"", ""suffix_width"": ""32""}"
main,pr2-p32-c4096,target,sorted_order_strings_prefixes,Device=0 num_rows=262144 prefix_width=12 suffix_width=32 prefix_cardinality=64,0.8367999911308287,0.8309296011924745,0.8403679937124252,0.6197868090228773,10.804566383361816,"{""num_rows"": ""262144"", ""prefix_cardinality"": ""64"", ""prefix_width"": ""12"", ""suffix_width"": ""32""}"
main,pr2-p32-c4096,target,sorted_order_strings_prefixes,Device=0 num_rows=2097152 prefix_width=12 suffix_width=32 prefix_cardinality=64,1.3370736002922057,1.3306783974170684,1.3402303993701936,0.5216702836236679,86.37292575836182,"{""num_rows"": ""2097152"", ""prefix_cardinality"": ""64"", ""prefix_width"": ""12"", ""suffix_width"": ""32""}"
main,pr2-p32-c4096,target,sorted_order_strings_prefixes,Device=0 num_rows=262144 prefix_width=64 suffix_width=32 prefix_cardinality=64,4.474072027206421,4.4695791721344005,4.489801549911499,0.4554856054015097,10.804566383361816,"{""num_rows"": ""262144"", ""prefix_cardinality"": ""64"", ""prefix_width"": ""64"", ""suffix_width"": ""32""}"
main,pr2-p32-c4096,target,sorted_order_strings_prefixes,Device=0 num_rows=2097152 prefix_width=64 suffix_width=32 prefix_cardinality=64,6.034158325195313,6.016996812820435,6.036126399040222,0.48992197945326293,86.37292575836182,"{""num_rows"": ""2097152"", ""prefix_cardinality"": ""64"", ""prefix_width"": ""64"", ""suffix_width"": ""32""}"
main,pr2-p32-c128,main,sorted_order_strings,Device=0 min_width=1 max_width=8 num_rows=32768,0.24342240095138554,0.24254880025982858,0.24391040131449696,1.872753277728321,1.3621835708618164,"{""max_width"": ""8"", ""min_width"": ""1"", ""num_rows"": ""32768""}"
main,pr2-p32-c128,main,sorted_order_strings,Device=0 min_width=1 max_width=32 num_rows=32768,0.3400496006011963,0.33975520133972165,0.346121597290039,9.353355257475167,1.3621835708618164,"{""max_width"": ""32"", ""min_width"": ""1"", ""num_rows"": ""32768""}"
main,pr2-p32-c128,main,sorted_order_strings,Device=0 min_width=1 max_width=64 num_rows=32768,0.3938303992152215,0.3926032066345215,0.3940911993384361,0.9648032605970877,1.3621835708618164,"{""max_width"": ""64"", ""min_width"": ""1"", ""num_rows"": ""32768""}"
main,pr2-p32-c128,main,sorted_order_strings,Device=0 min_width=1 max_width=128 num_rows=32768,0.4753376007080078,0.47053919732570654,0.47616319805383683,0.9805283551232848,1.3621835708618164,"{""max_width"": ""128"", ""min_width"": ""1"", ""num_rows"": ""32768""}"
main,pr2-p32-c128,main,sorted_order_strings,Device=0 min_width=1 max_width=256 num_rows=32768,0.6849951982498167,0.6840848028659821,0.6869759976863864,0.6272544566632386,1.3621835708618164,"{""max_width"": ""256"", ""min_width"": ""1"", ""num_rows"": ""32768""}"
main,pr2-p32-c128,main,sorted_order_strings,Device=0 min_width=1 max_width=8 num_rows=262144,0.28074879944324493,0.2799743950366974,0.2811456024646759,1.343978751800624,10.834839820861816,"{""max_width"": ""8"", ""min_width"": ""1"", ""num_rows"": ""262144""}"
main,pr2-p32-c128,main,sorted_order_strings,Device=0 min_width=1 max_width=32 num_rows=262144,0.8208239912986754,0.8144303977489472,0.8211007952690124,1.0958649363855473,10.834839820861816,"{""max_width"": ""32"", ""min_width"": ""1"", ""num_rows"": ""262144""}"
main,pr2-p32-c128,main,sorted_order_strings,Device=0 min_width=1 max_width=64 num_rows=262144,1.5488655924797057,1.547910410165787,1.5491136014461517,0.6893857003735179,10.834839820861816,"{""max_width"": ""64"", ""min_width"": ""1"", ""num_rows"": ""262144""}"
main,pr2-p32-c128,main,sorted_order_strings,Device=0 min_width=1 max_width=128 num_rows=262144,2.994644784927368,2.98904800415039,2.9958624362945567,0.6643707607466305,10.834839820861816,"{""max_width"": ""128"", ""min_width"": ""1"", ""num_rows"": ""262144""}"
main,pr2-p32-c128,main,sorted_order_strings,Device=0 min_width=1 max_width=256 num_rows=262144,6.09294557571411,6.083281564712525,6.112049603462218,0.6807455877875739,10.834839820861816,"{""max_width"": ""256"", ""min_width"": ""1"", ""num_rows"": ""262144""}"
main,pr2-p32-c128,main,sorted_order_strings,Device=0 min_width=1 max_width=8 num_rows=2097152,0.612620797753334,0.6110896050930023,0.6133311986923218,1.5881073385462356,86.61511325836182,"{""max_width"": ""8"", ""min_width"": ""1"", ""num_rows"": ""2097152""}"
main,pr2-p32-c128,main,sorted_order_strings,Device=0 min_width=1 max_width=32 num_rows=2097152,1.8124608039855956,1.811486405134201,1.8227167904376986,1.053221241125232,86.61511325836182,"{""max_width"": ""32"", ""min_width"": ""1"", ""num_rows"": ""2097152""}"
main,pr2-p32-c128,main,sorted_order_strings,Device=0 min_width=1 max_width=64 num_rows=2097152,3.6285008192062373,3.6262447953224184,3.634219193458557,14.076035148139567,86.61511325836182,"{""max_width"": ""64"", ""min_width"": ""1"", ""num_rows"": ""2097152""}"
main,pr2-p32-c128,main,sorted_order_strings,Device=0 min_width=1 max_width=128 num_rows=2097152,6.909587192535401,6.905527949333192,6.9218944072723385,0.5939899041423253,86.61511325836182,"{""max_width"": ""128"", ""min_width"": ""1"", ""num_rows"": ""2097152""}"
main,pr2-p32-c128,main,sorted_order_strings,Device=0 min_width=1 max_width=256 num_rows=2097152,13.600271987915034,13.591812705993652,13.629153633117674,0.3953530838982322,86.61511325836182,"{""max_width"": ""256"", ""min_width"": ""1"", ""num_rows"": ""2097152""}"
main,pr2-p32-c128,main,sorted_order_strings,Device=0 min_width=1 max_width=8 num_rows=16777216,2.3394879937171935,2.3370351910591123,2.3415680050849916,0.374125526033691,692.8533945083618,"{""max_width"": ""8"", ""min_width"": ""1"", ""num_rows"": ""16777216""}"
main,pr2-p32-c128,main,sorted_order_strings,Device=0 min_width=1 max_width=32 num_rows=16777216,6.945759987831114,6.939944028854369,6.952633643150329,0.2467906521956425,692.8533945083618,"{""max_width"": ""32"", ""min_width"": ""1"", ""num_rows"": ""16777216""}"
main,pr2-p32-c128,main,sorted_order_strings,Device=0 min_width=1 max_width=64 num_rows=16777216,13.314911985397341,13.310980796813965,13.316873645782472,0.3216691873410287,692.8533945083618,"{""max_width"": ""64"", ""min_width"": ""1"", ""num_rows"": ""16777216""}"
main,pr2-p32-c128,main,sorted_order_strings,Device=0 min_width=1 max_width=128 num_rows=16777216,26.74485588073731,26.739208030700684,26.75868635177613,0.12920665161857775,692.8533945083618,"{""max_width"": ""128"", ""min_width"": ""1"", ""num_rows"": ""16777216""}"
main,pr2-p32-c128,main,sorted_order_strings,Device=0 min_width=1 max_width=256 num_rows=16777216,54.63676757812499,54.635273361206046,54.655394935607916,0.12919621084914076,692.8533945083618,"{""max_width"": ""256"", ""min_width"": ""1"", ""num_rows"": ""16777216""}"
main,pr2-p32-c128,main,sorted_order_strings_distribution,Device=0 num_rows=262144 profile=cardinality_1_width_32,0.007875200104899704,0.007675200002267957,0.008219199813902378,5.389202393888324,1.0,"{""num_rows"": ""262144"", ""profile"": ""cardinality_1_width_32""}"
main,pr2-p32-c128,main,sorted_order_strings_distribution,Device=0 num_rows=2097152 profile=cardinality_1_width_32,0.008820800064131617,0.008608000027015806,0.008844799967482686,10.544373154313455,8.0,"{""num_rows"": ""2097152"", ""profile"": ""cardinality_1_width_32""}"
main,pr2-p32-c128,main,sorted_order_strings_distribution,Device=0 num_rows=262144 profile=cardinality_64_width_128,2.414593577384948,2.4135504245758055,2.429494404792786,0.5539296595788364,10.834839820861816,"{""num_rows"": ""262144"", ""profile"": ""cardinality_64_width_128""}"
main,pr2-p32-c128,main,sorted_order_strings_distribution,Device=0 num_rows=2097152 profile=cardinality_64_width_128,7.059228825569153,7.0537712335586535,7.067958402633667,0.3583256607460688,86.61511325836182,"{""num_rows"": ""2097152"", ""profile"": ""cardinality_64_width_128""}"
main,pr2-p32-c128,main,sorted_order_strings_distribution,Device=0 num_rows=262144 profile=shared_prefix_64,14.369555234909056,14.3634735584259,14.372873592376706,0.0596721684538098,10.834839820861816,"{""num_rows"": ""262144"", ""profile"": ""shared_prefix_64""}"
main,pr2-p32-c128,main,sorted_order_strings_distribution,Device=0 num_rows=2097152 profile=shared_prefix_64,150.25721130371093,150.25432891845705,150.27020721435548,0.026573527172853068,86.61511325836182,"{""num_rows"": ""2097152"", ""profile"": ""shared_prefix_64""}"
main,pr2-p32-c128,main,sorted_order_strings_distribution,Device=0 num_rows=262144 profile=variable_128,0.38312000036239624,0.3815536022186279,0.38349279910326006,1.0008472282140661,10.834839820861816,"{""num_rows"": ""262144"", ""profile"": ""variable_128""}"
main,pr2-p32-c128,main,sorted_order_strings_distribution,Device=0 num_rows=2097152 profile=variable_128,0.8226159989833832,0.8173359990119934,0.8232352048158644,0.6653689721404308,86.61511325836182,"{""num_rows"": ""2097152"", ""profile"": ""variable_128""}"
main,pr2-p32-c128,main,sorted_order_strings_nulls,Device=0 num_rows=262144 profile=fixed_8 null_percent=0,0.3066080018877983,0.30521439760923386,0.30757599920034406,0.7777295922137171,10.834839820861816,"{""null_percent"": ""0"", ""num_rows"": ""262144"", ""profile"": ""fixed_8""}"
main,pr2-p32-c128,main,sorted_order_strings_nulls,Device=0 num_rows=2097152 profile=fixed_8 null_percent=0,0.8633232057094573,0.8623263984918593,0.8648832052946092,0.5678593695967895,86.61511325836182,"{""null_percent"": ""0"", ""num_rows"": ""2097152"", ""profile"": ""fixed_8""}"
main,pr2-p32-c128,main,sorted_order_strings_nulls,Device=0 num_rows=262144 profile=variable_128 null_percent=0,0.3806383997201919,0.3804271996021271,0.3831935971975326,0.8232758647225832,10.834839820861816,"{""null_percent"": ""0"", ""num_rows"": ""262144"", ""profile"": ""variable_128""}"
main,pr2-p32-c128,main,sorted_order_strings_nulls,Device=0 num_rows=2097152 profile=variable_128 null_percent=0,0.8201552033424376,0.8196959972381592,0.820510396361351,0.841185043045836,86.61511325836182,"{""null_percent"": ""0"", ""num_rows"": ""2097152"", ""profile"": ""variable_128""}"
main,pr2-p32-c128,main,sorted_order_strings_nulls,Device=0 num_rows=262144 profile=fixed_8 null_percent=50,0.3603392004966736,0.35783199965953827,0.3650272011756897,1.407643023831032,6.553524971008301,"{""null_percent"": ""50"", ""num_rows"": ""262144"", ""profile"": ""fixed_8""}"
main,pr2-p32-c128,main,sorted_order_strings_nulls,Device=0 num_rows=2097152 profile=fixed_8 null_percent=50,0.7806479990482331,0.779787191748619,0.7811807990074155,0.6645047442869831,52.324116706848145,"{""null_percent"": ""50"", ""num_rows"": ""2097152"", ""profile"": ""fixed_8""}"
main,pr2-p32-c128,main,sorted_order_strings_nulls,Device=0 num_rows=262144 profile=variable_128 null_percent=50,0.4084480002522468,0.40772799998521797,0.4086288020014762,1.0915083473885387,6.553524971008301,"{""null_percent"": ""50"", ""num_rows"": ""262144"", ""profile"": ""variable_128""}"
main,pr2-p32-c128,main,sorted_order_strings_nulls,Device=0 num_rows=2097152 profile=variable_128 null_percent=50,0.5618192046880722,0.5606512010097503,0.5637840002775192,0.7400637025355221,52.324116706848145,"{""null_percent"": ""50"", ""num_rows"": ""2097152"", ""profile"": ""variable_128""}"
main,pr2-p32-c128,main,sorted_order_strings_nulls,Device=0 num_rows=262144 profile=fixed_8 null_percent=100,0.00806400009896606,0.007838400034233927,0.008212799951434136,13.042284396873058,1.0,"{""null_percent"": ""100"", ""num_rows"": ""262144"", ""profile"": ""fixed_8""}"
main,pr2-p32-c128,main,sorted_order_strings_nulls,Device=0 num_rows=2097152 profile=fixed_8 null_percent=100,0.008790400018915534,0.008785599982365966,0.008940799999982119,7.990838885649061,8.0,"{""null_percent"": ""100"", ""num_rows"": ""2097152"", ""profile"": ""fixed_8""}"
main,pr2-p32-c128,main,sorted_order_strings_nulls,Device=0 num_rows=262144 profile=variable_128 null_percent=100,0.008131200005300343,0.007766399998217821,0.008164800005033614,12.027250921890213,1.0,"{""null_percent"": ""100"", ""num_rows"": ""262144"", ""profile"": ""variable_128""}"
main,pr2-p32-c128,main,sorted_order_strings_nulls,Device=0 num_rows=2097152 profile=variable_128 null_percent=100,0.008830400044098494,0.008598400047048926,0.009060800075531004,5.651033973701715,8.0,"{""null_percent"": ""100"", ""num_rows"": ""2097152"", ""profile"": ""variable_128""}"
main,radix-lrb,target,sorted_order_strings_cardinality,Device=0 num_rows=262144 max_width=32 cardinality=1,0.007793599995784462,0.007623999961651862,0.007918400014750658,11.87734283815534,1.0,"{""cardinality"": ""1"", ""max_width"": ""32"", ""num_rows"": ""262144""}"
main,radix-lrb,target,sorted_order_strings_cardinality,Device=0 num_rows=2097152 max_width=32 cardinality=1,0.008702399954199792,0.00847680000588298,0.008919999981299043,17.214174637935606,8.0,"{""cardinality"": ""1"", ""max_width"": ""32"", ""num_rows"": ""2097152""}"
main,radix-lrb,target,sorted_order_strings_cardinality,Device=0 num_rows=262144 max_width=128 cardinality=1,1.0323935985565185,1.0277696073055271,1.0365823984146116,1.2801427941212453,9.053221702575684,"{""cardinality"": ""1"", ""max_width"": ""128"", ""num_rows"": ""262144""}"
main,radix-lrb,target,sorted_order_strings_cardinality,Device=0 num_rows=2097152 max_width=128 cardinality=1,7.137278366088866,7.128833580017089,7.137731194496155,0.35335588798075085,72.36474514007568,"{""cardinality"": ""1"", ""max_width"": ""128"", ""num_rows"": ""2097152""}"
main,radix-lrb,target,sorted_order_strings_cardinality,Device=0 num_rows=262144 max_width=32 cardinality=64,0.44985119998455053,0.4460559993982316,0.4564655989408494,2.120100966310402,9.053221702575684,"{""cardinality"": ""64"", ""max_width"": ""32"", ""num_rows"": ""262144""}"
main,radix-lrb,target,sorted_order_strings_cardinality,Device=0 num_rows=2097152 max_width=32 cardinality=64,2.1395376086235047,2.1369504094123837,2.1466656327247615,1.858770020509656,72.36474514007568,"{""cardinality"": ""64"", ""max_width"": ""32"", ""num_rows"": ""2097152""}"
main,radix-lrb,target,sorted_order_strings_cardinality,Device=0 num_rows=262144 max_width=128 cardinality=64,0.9858224064111711,0.9850448042154313,0.9989152014255525,3.270701898501254,9.053221702575684,"{""cardinality"": ""64"", ""max_width"": ""128"", ""num_rows"": ""262144""}"
main,radix-lrb,target,sorted_order_strings_cardinality,Device=0 num_rows=2097152 max_width=128 cardinality=64,6.158011198043823,6.133012795448303,6.173614406585693,1.8764379437744616,72.36474514007568,"{""cardinality"": ""64"", ""max_width"": ""128"", ""num_rows"": ""2097152""}"
main,radix-lrb,target,sorted_order_strings_cardinality,Device=0 num_rows=262144 max_width=32 cardinality=0,0.2667919993400574,0.2608255997300148,0.2697039991617203,7.8690512011583085,9.053221702575684,"{""cardinality"": ""0"", ""max_width"": ""32"", ""num_rows"": ""262144""}"
main,radix-lrb,target,sorted_order_strings_cardinality,Device=0 num_rows=2097152 max_width=32 cardinality=0,0.5326128005981444,0.5261952012777328,0.6381616055965422,78.10857681269813,72.36474514007568,"{""cardinality"": ""0"", ""max_width"": ""32"", ""num_rows"": ""2097152""}"
main,radix-lrb,target,sorted_order_strings_cardinality,Device=0 num_rows=262144 max_width=128 cardinality=0,0.2611920014023781,0.25595520138740535,0.26516480147838595,1.6603222560033597,9.053221702575684,"{""cardinality"": ""0"", ""max_width"": ""128"", ""num_rows"": ""262144""}"
main,radix-lrb,target,sorted_order_strings_cardinality,Device=0 num_rows=2097152 max_width=128 cardinality=0,0.5330624014139176,0.5328480064868927,0.5394896000623703,0.7100904767783831,72.36474514007568,"{""cardinality"": ""0"", ""max_width"": ""128"", ""num_rows"": ""2097152""}"
main,radix-lrb,target,sorted_order_strings_prefixes,Device=0 num_rows=262144 prefix_width=4 suffix_width=32 prefix_cardinality=1,0.23596639931201935,0.23313599973917007,0.23979520201683047,1.6849965357892231,9.053221702575684,"{""num_rows"": ""262144"", ""prefix_cardinality"": ""1"", ""prefix_width"": ""4"", ""suffix_width"": ""32""}"
main,radix-lrb,target,sorted_order_strings_prefixes,Device=0 num_rows=2097152 prefix_width=4 suffix_width=32 prefix_cardinality=1,0.47570239901542677,0.4728912025690079,0.479959999024868,0.8224681196239493,72.36474514007568,"{""num_rows"": ""2097152"", ""prefix_cardinality"": ""1"", ""prefix_width"": ""4"", ""suffix_width"": ""32""}"
main,radix-lrb,target,sorted_order_strings_prefixes,Device=0 num_rows=262144 prefix_width=8 suffix_width=32 prefix_cardinality=1,0.5772031992673874,0.5746511995792387,0.5802864015102386,0.713991858507191,9.053221702575684,"{""num_rows"": ""262144"", ""prefix_cardinality"": ""1"", ""prefix_width"": ""8"", ""suffix_width"": ""32""}"
main,radix-lrb,target,sorted_order_strings_prefixes,Device=0 num_rows=2097152 prefix_width=8 suffix_width=32 prefix_cardinality=1,4.239643216133117,4.239350461959839,4.2612143754959115,0.40304050773749117,72.36474514007568,"{""num_rows"": ""2097152"", ""prefix_cardinality"": ""1"", ""prefix_width"": ""8"", ""suffix_width"": ""32""}"
main,radix-lrb,target,sorted_order_strings_prefixes,Device=0 num_rows=262144 prefix_width=10 suffix_width=32 prefix_cardinality=1,0.6139071971178056,0.6118832021951673,0.6204367995262147,0.7902412239235539,9.053221702575684,"{""num_rows"": ""262144"", ""prefix_cardinality"": ""1"", ""prefix_width"": ""10"", ""suffix_width"": ""32""}"
main,radix-lrb,target,sorted_order_strings_prefixes,Device=0 num_rows=2097152 prefix_width=10 suffix_width=32 prefix_cardinality=1,4.456526350975036,4.449519968032836,4.459238409996033,0.3669699183956807,72.36474514007568,"{""num_rows"": ""2097152"", ""prefix_cardinality"": ""1"", ""prefix_width"": ""10"", ""suffix_width"": ""32""}"
main,radix-lrb,target,sorted_order_strings_prefixes,Device=0 num_rows=262144 prefix_width=11 suffix_width=32 prefix_cardinality=1,0.623059192299843,0.6189520001411437,0.6319439977407455,3.401050089877976,9.053221702575684,"{""num_rows"": ""262144"", ""prefix_cardinality"": ""1"", ""prefix_width"": ""11"", ""suffix_width"": ""32""}"
main,radix-lrb,target,sorted_order_strings_prefixes,Device=0 num_rows=2097152 prefix_width=11 suffix_width=32 prefix_cardinality=1,4.517667174339294,4.515670418739319,4.524134397506714,0.33579684496353596,72.36474514007568,"{""num_rows"": ""2097152"", ""prefix_cardinality"": ""1"", ""prefix_width"": ""11"", ""suffix_width"": ""32""}"
main,radix-lrb,target,sorted_order_strings_prefixes,Device=0 num_rows=262144 prefix_width=12 suffix_width=32 prefix_cardinality=1,0.6329472064971923,0.6309536010026933,0.6375791937112809,0.7078611431128956,9.053221702575684,"{""num_rows"": ""262144"", ""prefix_cardinality"": ""1"", ""prefix_width"": ""12"", ""suffix_width"": ""32""}"
main,radix-lrb,target,sorted_order_strings_prefixes,Device=0 num_rows=2097152 prefix_width=12 suffix_width=32 prefix_cardinality=1,4.5709039688110344,4.567022395133974,4.578419160842895,0.3834476094174992,72.36474514007568,"{""num_rows"": ""2097152"", ""prefix_cardinality"": ""1"", ""prefix_width"": ""12"", ""suffix_width"": ""32""}"
main,radix-lrb,target,sorted_order_strings_prefixes,Device=0 num_rows=262144 prefix_width=64 suffix_width=32 prefix_cardinality=1,1.5383120119571683,1.5363008022308349,1.5426592051982877,0.6172676229049082,9.053221702575684,"{""num_rows"": ""262144"", ""prefix_cardinality"": ""1"", ""prefix_width"": ""64"", ""suffix_width"": ""32""}"
main,radix-lrb,target,sorted_order_strings_prefixes,Device=0 num_rows=2097152 prefix_width=64 suffix_width=32 prefix_cardinality=1,13.499259281158446,13.484572887420654,13.508932685852049,0.25581891366633247,72.36474514007568,"{""num_rows"": ""2097152"", ""prefix_cardinality"": ""1"", ""prefix_width"": ""64"", ""suffix_width"": ""32""}"
main,radix-lrb,target,sorted_order_strings_prefixes,Device=0 num_rows=262144 prefix_width=4 suffix_width=32 prefix_cardinality=64,0.20190080031752583,0.19647840037941935,0.20338400006294247,1.681161022377545,9.053221702575684,"{""num_rows"": ""262144"", ""prefix_cardinality"": ""64"", ""prefix_width"": ""4"", ""suffix_width"": ""32""}"
main,radix-lrb,target,sorted_order_strings_prefixes,Device=0 num_rows=2097152 prefix_width=4 suffix_width=32 prefix_cardinality=64,0.4226335987448693,0.41620959937572477,0.4227296009659766,4.735314019039015,72.36474514007568,"{""num_rows"": ""2097152"", ""prefix_cardinality"": ""64"", ""prefix_width"": ""4"", ""suffix_width"": ""32""}"
main,radix-lrb,target,sorted_order_strings_prefixes,Device=0 num_rows=262144 prefix_width=8 suffix_width=32 prefix_cardinality=64,0.4575216010212898,0.45222720056772236,0.4586927995085716,0.8160591182349878,9.053221702575684,"{""num_rows"": ""262144"", ""prefix_cardinality"": ""64"", ""prefix_width"": ""8"", ""suffix_width"": ""32""}"
main,radix-lrb,target,sorted_order_strings_prefixes,Device=0 num_rows=2097152 prefix_width=8 suffix_width=32 prefix_cardinality=64,3.882246398925781,3.879601585865021,3.8857951879501336,0.3355278669128213,72.36474514007568,"{""num_rows"": ""2097152"", ""prefix_cardinality"": ""64"", ""prefix_width"": ""8"", ""suffix_width"": ""32""}"
main,radix-lrb,target,sorted_order_strings_prefixes,Device=0 num_rows=262144 prefix_width=10 suffix_width=32 prefix_cardinality=64,0.489552003145218,0.4876735985279083,0.49313920140266415,0.7432661682127404,9.053221702575684,"{""num_rows"": ""262144"", ""prefix_cardinality"": ""64"", ""prefix_width"": ""10"", ""suffix_width"": ""32""}"
main,radix-lrb,target,sorted_order_strings_prefixes,Device=0 num_rows=2097152 prefix_width=10 suffix_width=32 prefix_cardinality=64,4.19482719898224,4.192991971969604,4.196537613868715,0.3353014719517709,72.36474514007568,"{""num_rows"": ""2097152"", ""prefix_cardinality"": ""64"", ""prefix_width"": ""10"", ""suffix_width"": ""32""}"
main,radix-lrb,target,sorted_order_strings_prefixes,Device=0 num_rows=262144 prefix_width=11 suffix_width=32 prefix_cardinality=64,0.5055215939879416,0.5002415984869003,0.506292799115181,0.6484439846398191,9.053221702575684,"{""num_rows"": ""262144"", ""prefix_cardinality"": ""64"", ""prefix_width"": ""11"", ""suffix_width"": ""32""}"
main,radix-lrb,target,sorted_order_strings_prefixes,Device=0 num_rows=2097152 prefix_width=11 suffix_width=32 prefix_cardinality=64,4.261540818214415,4.251515197753906,4.266132807731628,0.36267249639098015,72.36474514007568,"{""num_rows"": ""2097152"", ""prefix_cardinality"": ""64"", ""prefix_width"": ""11"", ""suffix_width"": ""32""}"
main,radix-lrb,target,sorted_order_strings_prefixes,Device=0 num_rows=262144 prefix_width=12 suffix_width=32 prefix_cardinality=64,0.5122736006975175,0.5085664004087448,0.5149471998214721,0.826820051343705,9.053221702575684,"{""num_rows"": ""262144"", ""prefix_cardinality"": ""64"", ""prefix_width"": ""12"", ""suffix_width"": ""32""}"
main,radix-lrb,target,sorted_order_strings_prefixes,Device=0 num_rows=2097152 prefix_width=12 suffix_width=32 prefix_cardinality=64,4.320294451713561,4.3152544498443595,4.323999977111816,0.41285892483006725,72.36474514007568,"{""num_rows"": ""2097152"", ""prefix_cardinality"": ""64"", ""prefix_width"": ""12"", ""suffix_width"": ""32""}"
main,radix-lrb,target,sorted_order_strings_prefixes,Device=0 num_rows=262144 prefix_width=64 suffix_width=32 prefix_cardinality=64,1.0824048101902006,1.0803855895996095,1.0881696045398712,0.37540287342116496,9.053221702575684,"{""num_rows"": ""262144"", ""prefix_cardinality"": ""64"", ""prefix_width"": ""64"", ""suffix_width"": ""32""}"
main,radix-lrb,target,sorted_order_strings_prefixes,Device=0 num_rows=2097152 prefix_width=64 suffix_width=32 prefix_cardinality=64,11.652667188644408,11.641571283340456,11.661395168304445,0.30670288249710453,72.36474514007568,"{""num_rows"": ""2097152"", ""prefix_cardinality"": ""64"", ""prefix_width"": ""64"", ""suffix_width"": ""32""}"
main,pr2-p32-c128,segments,sorted_order_strings_segments,Device=0 num_rows=32768 shared_suffix=0 segment_profile=singletons,0.1872464001178742,0.18633759990334509,0.18808320015668867,1.661413731314751,1.2369403839111328,"{""num_rows"": ""32768"", ""segment_profile"": ""singletons"", ""shared_suffix"": ""0""}"
main,pr2-p32-c128,segments,sorted_order_strings_segments,Device=0 num_rows=2097152 shared_suffix=0 segment_profile=singletons,0.6161840081214905,0.6115184128284453,0.6235472097992896,163.71844749786163,78.61487007141113,"{""num_rows"": ""2097152"", ""segment_profile"": ""singletons"", ""shared_suffix"": ""0""}"
main,pr2-p32-c128,segments,sorted_order_strings_segments,Device=0 num_rows=32768 shared_suffix=64 segment_profile=singletons,0.2231263987720013,0.22239839956164362,0.22347359880805015,1.6767886826988168,1.2369403839111328,"{""num_rows"": ""32768"", ""segment_profile"": ""singletons"", ""shared_suffix"": ""64""}"
main,pr2-p32-c128,segments,sorted_order_strings_segments,Device=0 num_rows=2097152 shared_suffix=64 segment_profile=singletons,0.47793119996786115,0.4761631995439529,0.4831455990672111,0.9161090901741024,78.61487007141113,"{""num_rows"": ""2097152"", ""segment_profile"": ""singletons"", ""shared_suffix"": ""64""}"
main,pr2-p32-c128,segments,sorted_order_strings_segments,Device=0 num_rows=32768 shared_suffix=0 segment_profile=pairs,0.5318159967660903,0.5290448009967804,0.5378991991281509,0.817529569160236,1.6605281829833984,"{""num_rows"": ""32768"", ""segment_profile"": ""pairs"", ""shared_suffix"": ""0""}"
main,pr2-p32-c128,segments,sorted_order_strings_segments,Device=0 num_rows=2097152 shared_suffix=0 segment_profile=pairs,13.706263971328733,13.69962077140808,13.707675266265868,0.15261891252694823,106.2503719329834,"{""num_rows"": ""2097152"", ""segment_profile"": ""pairs"", ""shared_suffix"": ""0""}"
main,pr2-p32-c128,segments,sorted_order_strings_segments,Device=0 num_rows=32768 shared_suffix=64 segment_profile=pairs,0.7143839955329895,0.7097056061029435,0.722615996003151,0.6990939682298075,1.6605281829833984,"{""num_rows"": ""32768"", ""segment_profile"": ""pairs"", ""shared_suffix"": ""64""}"
main,pr2-p32-c128,segments,sorted_order_strings_segments,Device=0 num_rows=2097152 shared_suffix=64 segment_profile=pairs,25.011684989929194,25.00893602371216,25.019598293304448,0.055211681068968094,106.2503719329834,"{""num_rows"": ""2097152"", ""segment_profile"": ""pairs"", ""shared_suffix"": ""64""}"
main,pr2-p32-c128,segments,sorted_order_strings_segments,Device=0 num_rows=32768 shared_suffix=0 segment_profile=tiny4,0.47276000082492825,0.46951359957456584,0.47544480264186856,0.7761588892849925,1.5042781829833984,"{""num_rows"": ""32768"", ""segment_profile"": ""tiny4"", ""shared_suffix"": ""0""}"
main,pr2-p32-c128,segments,sorted_order_strings_segments,Device=0 num_rows=2097152 shared_suffix=0 segment_profile=tiny4,8.838721704483032,8.836435174942018,8.853663969039918,0.08488573473087535,96.2503719329834,"{""num_rows"": ""2097152"", ""segment_profile"": ""tiny4"", ""shared_suffix"": ""0""}"
main,pr2-p32-c128,segments,sorted_order_strings_segments,Device=0 num_rows=32768 shared_suffix=64 segment_profile=tiny4,0.7210528045892716,0.7190607994794845,0.730097597837448,0.45370458617006776,1.5042781829833984,"{""num_rows"": ""32768"", ""segment_profile"": ""tiny4"", ""shared_suffix"": ""64""}"
main,pr2-p32-c128,segments,sorted_order_strings_segments,Device=0 num_rows=2097152 shared_suffix=64 segment_profile=tiny4,23.651417446136477,23.640102481842042,23.66461915969849,0.42218183379478635,96.2503719329834,"{""num_rows"": ""2097152"", ""segment_profile"": ""tiny4"", ""shared_suffix"": ""64""}"
main,pr2-p32-c128,segments,sorted_order_strings_segments,Device=0 num_rows=32768 shared_suffix=0 segment_profile=tiny8,0.36210079938173284,0.36113599687814707,0.36573599874973295,0.9316107862144223,1.4261531829833984,"{""num_rows"": ""32768"", ""segment_profile"": ""tiny8"", ""shared_suffix"": ""0""}"
main,pr2-p32-c128,segments,sorted_order_strings_segments,Device=0 num_rows=2097152 shared_suffix=0 segment_profile=tiny8,5.893014359474183,5.892620825767517,6.0589231729507445,11.7288037666206,91.2503719329834,"{""num_rows"": ""2097152"", ""segment_profile"": ""tiny8"", ""shared_suffix"": ""0""}"
main,pr2-p32-c128,segments,sorted_order_strings_segments,Device=0 num_rows=32768 shared_suffix=64 segment_profile=tiny8,0.6200576096773147,0.6183264076709748,0.6285984009504318,1.0205086864687325,1.4261531829833984,"{""num_rows"": ""32768"", ""segment_profile"": ""tiny8"", ""shared_suffix"": ""64""}"
main,pr2-p32-c128,segments,sorted_order_strings_segments,Device=0 num_rows=2097152 shared_suffix=64 segment_profile=tiny8,21.043798542022706,21.041710376739506,21.054548740386966,0.03727688694606919,91.2503719329834,"{""num_rows"": ""2097152"", ""segment_profile"": ""tiny8"", ""shared_suffix"": ""64""}"
main,pr2-p32-c128,segments,sorted_order_strings_segments,Device=0 num_rows=32768 shared_suffix=0 segment_profile=tiny16,0.34194400012493137,0.3397296041250229,0.343846395611763,0.9558164648033415,1.3870906829833984,"{""num_rows"": ""32768"", ""segment_profile"": ""tiny16"", ""shared_suffix"": ""0""}"
main,pr2-p32-c128,segments,sorted_order_strings_segments,Device=0 num_rows=2097152 shared_suffix=0 segment_profile=tiny16,4.207369542121889,4.204321599006652,4.210206437110902,0.3668776130878021,88.7503719329834,"{""num_rows"": ""2097152"", ""segment_profile"": ""tiny16"", ""shared_suffix"": ""0""}"
main,pr2-p32-c128,segments,sorted_order_strings_segments,Device=0 num_rows=32768 shared_suffix=64 segment_profile=tiny16,0.5789615988731384,0.5779151976108551,0.58680479824543,0.6439335245612435,1.3870906829833984,"{""num_rows"": ""32768"", ""segment_profile"": ""tiny16"", ""shared_suffix"": ""64""}"
main,pr2-p32-c128,segments,sorted_order_strings_segments,Device=0 num_rows=2097152 shared_suffix=64 segment_profile=tiny16,17.55836477279663,17.556247901916503,17.573823928833004,0.033804329426921235,88.7503719329834,"{""num_rows"": ""2097152"", ""segment_profile"": ""tiny16"", ""shared_suffix"": ""64""}"
main,pr2-p32-c128,segments,sorted_order_strings_segments,Device=0 num_rows=32768 shared_suffix=0 segment_profile=tiny32,0.33220640122890466,0.32979199886322025,0.33225120007991793,1.0308480007246152,1.3675594329833984,"{""num_rows"": ""32768"", ""segment_profile"": ""tiny32"", ""shared_suffix"": ""0""}"
main,pr2-p32-c128,segments,sorted_order_strings_segments,Device=0 num_rows=2097152 shared_suffix=0 segment_profile=tiny32,3.10932959318161,3.1077840089797975,3.115108811855316,0.187595009065039,87.5003719329834,"{""num_rows"": ""2097152"", ""segment_profile"": ""tiny32"", ""shared_suffix"": ""0""}"
main,pr2-p32-c128,segments,sorted_order_strings_segments,Device=0 num_rows=32768 shared_suffix=64 segment_profile=tiny32,0.530134403705597,0.5300079971551894,0.5499648064374923,8.555682051535953,1.3675594329833984,"{""num_rows"": ""32768"", ""segment_profile"": ""tiny32"", ""shared_suffix"": ""64""}"
main,pr2-p32-c128,segments,sorted_order_strings_segments,Device=0 num_rows=2097152 shared_suffix=64 segment_profile=tiny32,13.865764808654784,13.861279964447021,13.868835210800171,0.0751437660399124,87.5003719329834,"{""num_rows"": ""2097152"", ""segment_profile"": ""tiny32"", ""shared_suffix"": ""64""}"
main,pr2-p32-c128,segments,sorted_order_strings_segments,Device=0 num_rows=32768 shared_suffix=0 segment_profile=block256,0.4413567990064622,0.4340880006551743,0.4451567977666854,1.3396996142161746,1.3621835708618164,"{""num_rows"": ""32768"", ""segment_profile"": ""block256"", ""shared_suffix"": ""0""}"
main,pr2-p32-c128,segments,sorted_order_strings_segments,Device=0 num_rows=2097152 shared_suffix=0 segment_profile=block256,2.267870378494263,2.263366389274597,2.2904175758361816,0.38538825655864783,86.75545692443848,"{""num_rows"": ""2097152"", ""segment_profile"": ""block256"", ""shared_suffix"": ""0""}"
main,pr2-p32-c128,segments,sorted_order_strings_segments,Device=0 num_rows=32768 shared_suffix=64 segment_profile=block256,1.5183584094047546,1.5033039987087249,1.5701680004596712,4.50672849041943,1.3621835708618164,"{""num_rows"": ""32768"", ""segment_profile"": ""block256"", ""shared_suffix"": ""64""}"
main,pr2-p32-c128,segments,sorted_order_strings_segments,Device=0 num_rows=2097152 shared_suffix=64 segment_profile=block256,13.490964889526367,13.472803211212156,13.522443151474,0.25958956243878867,86.75545692443848,"{""num_rows"": ""2097152"", ""segment_profile"": ""block256"", ""shared_suffix"": ""64""}"
main,pr2-p32-c128,segments,sorted_order_strings_segments,Device=0 num_rows=32768 shared_suffix=0 segment_profile=logarithmic,0.5923088043928145,0.5840799927711487,0.5963424026966095,0.7460643319806859,1.4583683013916016,"{""num_rows"": ""32768"", ""segment_profile"": ""logarithmic"", ""shared_suffix"": ""0""}"
main,pr2-p32-c128,segments,sorted_order_strings_segments,Device=0 num_rows=2097152 shared_suffix=0 segment_profile=logarithmic,5.727283191680908,5.719414401054382,5.7366703748703,0.9283765941431635,93.26582908630371,"{""num_rows"": ""2097152"", ""segment_profile"": ""logarithmic"", ""shared_suffix"": ""0""}"
main,pr2-p32-c128,segments,sorted_order_strings_segments,Device=0 num_rows=32768 shared_suffix=64 segment_profile=logarithmic,1.8303744018077848,1.8225840032100673,1.8390000104904178,1.5766026787348613,1.4583683013916016,"{""num_rows"": ""32768"", ""segment_profile"": ""logarithmic"", ""shared_suffix"": ""64""}"
main,pr2-p32-c128,segments,sorted_order_strings_segments,Device=0 num_rows=2097152 shared_suffix=64 segment_profile=logarithmic,10.487958526611328,10.474374389648437,10.51278715133667,0.5052782299750284,93.26582908630371,"{""num_rows"": ""2097152"", ""segment_profile"": ""logarithmic"", ""shared_suffix"": ""64""}"
main,pr2-p32-c128,segments,sorted_order_strings_segments,Device=0 num_rows=32768 shared_suffix=0 segment_profile=tiny_plus_giant,0.4776895999908448,0.4772991985082627,0.48056319802999503,0.7576517967818233,1.3741016387939453,"{""num_rows"": ""32768"", ""segment_profile"": ""tiny_plus_giant"", ""shared_suffix"": ""0""}"
main,pr2-p32-c128,segments,sorted_order_strings_segments,Device=0 num_rows=2097152 shared_suffix=0 segment_profile=tiny_plus_giant,5.175568008422851,5.166326427459717,5.177734398841857,0.5377685278081799,87.56611824035645,"{""num_rows"": ""2097152"", ""segment_profile"": ""tiny_plus_giant"", ""shared_suffix"": ""0""}"
main,pr2-p32-c128,segments,sorted_order_strings_segments,Device=0 num_rows=32768 shared_suffix=64 segment_profile=tiny_plus_giant,1.4984448015689849,1.484742403030395,1.5012032032012939,2.8545110258923,1.3741016387939453,"{""num_rows"": ""32768"", ""segment_profile"": ""tiny_plus_giant"", ""shared_suffix"": ""64""}"
main,pr2-p32-c128,segments,sorted_order_strings_segments,Device=0 num_rows=2097152 shared_suffix=64 segment_profile=tiny_plus_giant,24.817113590240478,24.80963859558105,24.837809658050535,0.10290499427396864,87.56611824035645,"{""num_rows"": ""2097152"", ""segment_profile"": ""tiny_plus_giant"", ""shared_suffix"": ""64""}"
main,pr2-p32-c128,segments,sorted_order_strings_segments,Device=0 num_rows=32768 shared_suffix=0 segment_profile=hot90,0.8446176022291182,0.8421424001455307,0.8503872096538546,1.0559956632181622,1.5009593963623047,"{""num_rows"": ""32768"", ""segment_profile"": ""hot90"", ""shared_suffix"": ""0""}"
main,pr2-p32-c128,segments,sorted_order_strings_segments,Device=0 num_rows=2097152 shared_suffix=0 segment_profile=hot90,23.700691223144535,23.691640090942386,23.707878303527828,0.0571552963402122,86.61511325836182,"{""num_rows"": ""2097152"", ""segment_profile"": ""hot90"", ""shared_suffix"": ""0""}"
main,pr2-p32-c128,segments,sorted_order_strings_segments,Device=0 num_rows=32768 shared_suffix=64 segment_profile=hot90,2.891120004653931,2.8862608075141902,2.8976784110069276,0.33995610678886934,1.5009593963623047,"{""num_rows"": ""32768"", ""segment_profile"": ""hot90"", ""shared_suffix"": ""64""}"
main,pr2-p32-c128,segments,sorted_order_strings_segments,Device=0 num_rows=2097152 shared_suffix=64 segment_profile=hot90,139.10099945068362,139.09491348266602,139.10571746826173,0.021315073595018604,86.61511325836182,"{""num_rows"": ""2097152"", ""segment_profile"": ""hot90"", ""shared_suffix"": ""64""}"
main,pr2-p32-c128,segments,sorted_order_strings_segments,Device=0 num_rows=32768 shared_suffix=0 segment_profile=few_giants,0.443520000576973,0.4410944014787674,0.4474112018942833,1.895819263579798,1.3672542572021484,"{""num_rows"": ""32768"", ""segment_profile"": ""few_giants"", ""shared_suffix"": ""0""}"
main,pr2-p32-c128,segments,sorted_order_strings_segments,Device=0 num_rows=2097152 shared_suffix=0 segment_profile=few_giants,4.16520481109619,4.165049600601196,4.177524805068969,0.2740363297796793,88.62502098083496,"{""num_rows"": ""2097152"", ""segment_profile"": ""few_giants"", ""shared_suffix"": ""0""}"
main,pr2-p32-c128,segments,sorted_order_strings_segments,Device=0 num_rows=32768 shared_suffix=64 segment_profile=few_giants,1.3992079973220826,1.382684803009033,1.4257167935371404,0.9523538476900573,1.3672542572021484,"{""num_rows"": ""32768"", ""segment_profile"": ""few_giants"", ""shared_suffix"": ""64""}"
main,pr2-p32-c128,segments,sorted_order_strings_segments,Device=0 num_rows=2097152 shared_suffix=64 segment_profile=few_giants,16.015577316284183,16.000035142898557,16.037638282775877,0.09348142334721536,88.62502098083496,"{""num_rows"": ""2097152"", ""segment_profile"": ""few_giants"", ""shared_suffix"": ""64""}"
main,pr2-p32-c128,segments,sorted_order_strings_segments,Device=0 num_rows=32768 shared_suffix=0 segment_profile=one_segment,0.8490687996149063,0.8447295993566513,0.8662015974521637,0.8492442664865856,1.508016586303711,"{""num_rows"": ""32768"", ""segment_profile"": ""one_segment"", ""shared_suffix"": ""0""}"
main,pr2-p32-c128,segments,sorted_order_strings_segments,Device=0 num_rows=2097152 shared_suffix=0 segment_profile=one_segment,25.916220760345464,25.915595149993898,25.92584009170532,0.053131416006347895,86.61511325836182,"{""num_rows"": ""2097152"", ""segment_profile"": ""one_segment"", ""shared_suffix"": ""0""}"
main,pr2-p32-c128,segments,sorted_order_strings_segments,Device=0 num_rows=32768 shared_suffix=64 segment_profile=one_segment,2.960054409503937,2.943153607845306,2.9624015688896184,1.3239252518759947,1.508016586303711,"{""num_rows"": ""32768"", ""segment_profile"": ""one_segment"", ""shared_suffix"": ""64""}"
main,pr2-p32-c128,segments,sorted_order_strings_segments,Device=0 num_rows=2097152 shared_suffix=64 segment_profile=one_segment,155.23420333862308,155.21765594482423,155.25156936645507,0.020140170052818995,86.61511325836182,"{""num_rows"": ""2097152"", ""segment_profile"": ""one_segment"", ""shared_suffix"": ""64""}"
main,pr2-p32-c4096,main,sorted_order_strings,Device=0 min_width=1 max_width=8 num_rows=32768,0.23592000082135203,0.23407199904322623,0.2442640006542206,2.727303387408726,1.3583993911743164,"{""max_width"": ""8"", ""min_width"": ""1"", ""num_rows"": ""32768""}"
main,pr2-p32-c4096,main,sorted_order_strings,Device=0 min_width=1 max_width=32 num_rows=32768,0.3314848020672798,0.3305728003382683,0.3384864032268525,0.8535863251364675,1.3583993911743164,"{""max_width"": ""32"", ""min_width"": ""1"", ""num_rows"": ""32768""}"
main,pr2-p32-c4096,main,sorted_order_strings,Device=0 min_width=1 max_width=64 num_rows=32768,0.3870512023568153,0.3835952013731004,0.39111040234565747,0.8439696208587935,1.3583993911743164,"{""max_width"": ""64"", ""min_width"": ""1"", ""num_rows"": ""32768""}"
main,pr2-p32-c4096,main,sorted_order_strings,Device=0 min_width=1 max_width=128 num_rows=32768,0.4743727996945381,0.47288160026073456,0.47671680003404615,3.8989241297797532,1.3583993911743164,"{""max_width"": ""128"", ""min_width"": ""1"", ""num_rows"": ""32768""}"
main,pr2-p32-c4096,main,sorted_order_strings,Device=0 min_width=1 max_width=256 num_rows=32768,0.6813535988330842,0.6784463971853255,0.6843136012554168,0.4884929996668206,1.3583993911743164,"{""max_width"": ""256"", ""min_width"": ""1"", ""num_rows"": ""32768""}"
main,pr2-p32-c4096,main,sorted_order_strings,Device=0 min_width=1 max_width=8 num_rows=262144,0.2795200005173683,0.27311039865016945,0.2817568004131317,11.715689660958363,10.804566383361816,"{""max_width"": ""8"", ""min_width"": ""1"", ""num_rows"": ""262144""}"
main,pr2-p32-c4096,main,sorted_order_strings,Device=0 min_width=1 max_width=32 num_rows=262144,0.40154239982366563,0.4003264009952545,0.4096368014812469,1.6864918391162755,10.804566383361816,"{""max_width"": ""32"", ""min_width"": ""1"", ""num_rows"": ""262144""}"
main,pr2-p32-c4096,main,sorted_order_strings,Device=0 min_width=1 max_width=64 num_rows=262144,0.4872383996844293,0.4864767983555794,0.4966240003705024,3.033004921642198,10.804566383361816,"{""max_width"": ""64"", ""min_width"": ""1"", ""num_rows"": ""262144""}"
main,pr2-p32-c4096,main,sorted_order_strings,Device=0 min_width=1 max_width=128 num_rows=262144,0.6866239935159684,0.6840960025787355,0.6921328067779542,0.8505329952609731,10.804566383361816,"{""max_width"": ""128"", ""min_width"": ""1"", ""num_rows"": ""262144""}"
main,pr2-p32-c4096,main,sorted_order_strings,Device=0 min_width=1 max_width=256 num_rows=262144,1.147652804851532,1.1466783940792087,1.152448010444641,0.8045535463787824,10.804566383361816,"{""max_width"": ""256"", ""min_width"": ""1"", ""num_rows"": ""262144""}"
main,pr2-p32-c4096,main,sorted_order_strings,Device=0 min_width=1 max_width=8 num_rows=2097152,0.6054511964321136,0.6053376019001008,0.6133967995643616,3.0950203369739215,86.37292575836182,"{""max_width"": ""8"", ""min_width"": ""1"", ""num_rows"": ""2097152""}"
main,pr2-p32-c4096,main,sorted_order_strings,Device=0 min_width=1 max_width=32 num_rows=2097152,0.8634831994771958,0.8622064024209974,0.8636912047863008,0.9589364171781739,86.37292575836182,"{""max_width"": ""32"", ""min_width"": ""1"", ""num_rows"": ""2097152""}"
main,pr2-p32-c4096,main,sorted_order_strings,Device=0 min_width=1 max_width=64 num_rows=2097152,1.0529663920402528,1.0529247939586641,1.0599616050720215,0.8439181958877301,86.37292575836182,"{""max_width"": ""64"", ""min_width"": ""1"", ""num_rows"": ""2097152""}"
main,pr2-p32-c4096,main,sorted_order_strings,Device=0 min_width=1 max_width=128 num_rows=2097152,2.0240495920181276,2.0219999909400945,2.0367215871810913,1.9398205266317328,86.37292575836182,"{""max_width"": ""128"", ""min_width"": ""1"", ""num_rows"": ""2097152""}"
main,pr2-p32-c4096,main,sorted_order_strings,Device=0 min_width=1 max_width=256 num_rows=2097152,3.7893280148506165,3.7887184143066404,3.7954480051994333,0.8685052115851757,86.37292575836182,"{""max_width"": ""256"", ""min_width"": ""1"", ""num_rows"": ""2097152""}"
main,pr2-p32-c4096,main,sorted_order_strings,Device=0 min_width=1 max_width=8 num_rows=16777216,2.334801614284516,2.3337807893753046,2.338809609413147,0.3395298866763486,690.9158945083618,"{""max_width"": ""8"", ""min_width"": ""1"", ""num_rows"": ""16777216""}"
main,pr2-p32-c4096,main,sorted_order_strings,Device=0 min_width=1 max_width=32 num_rows=16777216,6.806545615196229,6.801142358779907,6.810934376716614,0.21814362914070645,690.9158945083618,"{""max_width"": ""32"", ""min_width"": ""1"", ""num_rows"": ""16777216""}"
main,pr2-p32-c4096,main,sorted_order_strings,Device=0 min_width=1 max_width=64 num_rows=16777216,12.947836685180661,12.942248010635376,12.96797752380371,0.1489382887773743,690.9158945083618,"{""max_width"": ""64"", ""min_width"": ""1"", ""num_rows"": ""16777216""}"
main,pr2-p32-c4096,main,sorted_order_strings,Device=0 min_width=1 max_width=128 num_rows=16777216,25.970480155944824,25.922507190704344,25.97296628952026,0.16625156987380948,690.9158945083618,"{""max_width"": ""128"", ""min_width"": ""1"", ""num_rows"": ""16777216""}"
main,pr2-p32-c4096,main,sorted_order_strings,Device=0 min_width=1 max_width=256 num_rows=16777216,53.00930709838867,53.00753955841064,53.071345901489266,0.3413316261375131,690.9158945083618,"{""max_width"": ""256"", ""min_width"": ""1"", ""num_rows"": ""16777216""}"
main,pr2-p32-c4096,main,sorted_order_strings_distribution,Device=0 num_rows=262144 profile=cardinality_1_width_32,0.007089599990285932,0.006977600045502187,0.007787199993617833,27.98755211830323,1.0,"{""num_rows"": ""262144"", ""profile"": ""cardinality_1_width_32""}"
main,pr2-p32-c4096,main,sorted_order_strings_distribution,Device=0 num_rows=2097152 profile=cardinality_1_width_32,0.008705599932000043,0.00853599985130131,0.008929599961265923,7.977195537525395,8.0,"{""num_rows"": ""2097152"", ""profile"": ""cardinality_1_width_32""}"
main,pr2-p32-c4096,main,sorted_order_strings_distribution,Device=0 num_rows=262144 profile=cardinality_64_width_128,2.4705007791519167,2.4698671698570247,2.475016009807587,0.4586737782774379,10.804566383361816,"{""num_rows"": ""262144"", ""profile"": ""cardinality_64_width_128""}"
main,pr2-p32-c4096,main,sorted_order_strings_distribution,Device=0 num_rows=2097152 profile=cardinality_64_width_128,7.05489275455475,7.039198422431947,7.058435130119323,0.49436190068457453,86.37292575836182,"{""num_rows"": ""2097152"", ""profile"": ""cardinality_64_width_128""}"
main,pr2-p32-c4096,main,sorted_order_strings_distribution,Device=0 num_rows=262144 profile=shared_prefix_64,14.359332752227786,14.355115318298338,14.365180730819702,0.14115028127457074,10.804566383361816,"{""num_rows"": ""262144"", ""profile"": ""shared_prefix_64""}"
main,pr2-p32-c4096,main,sorted_order_strings_distribution,Device=0 num_rows=2097152 profile=shared_prefix_64,150.2574531555176,150.2473068237305,150.27356109619143,0.036067757841667214,86.37292575836182,"{""num_rows"": ""2097152"", ""profile"": ""shared_prefix_64""}"
main,pr2-p32-c4096,main,sorted_order_strings_distribution,Device=0 num_rows=262144 profile=variable_128,0.37537920027971267,0.3742671981453896,0.3819456025958061,1.3662390367257513,10.804566383361816,"{""num_rows"": ""262144"", ""profile"": ""variable_128""}"
main,pr2-p32-c4096,main,sorted_order_strings_distribution,Device=0 num_rows=2097152 profile=variable_128,0.815913599729538,0.8134576022624969,0.8208384007215499,0.7040743614675935,86.37292575836182,"{""num_rows"": ""2097152"", ""profile"": ""variable_128""}"
main,pr2-p32-c4096,main,sorted_order_strings_nulls,Device=0 num_rows=262144 profile=fixed_8 null_percent=0,0.29952159970998765,0.2963951960206032,0.3051296010613442,1.122476899447305,10.804566383361816,"{""null_percent"": ""0"", ""num_rows"": ""262144"", ""profile"": ""fixed_8""}"
main,pr2-p32-c4096,main,sorted_order_strings_nulls,Device=0 num_rows=2097152 profile=fixed_8 null_percent=0,0.858398401737213,0.8569151997566222,0.8618543952703476,0.41237682046692753,86.37292575836182,"{""null_percent"": ""0"", ""num_rows"": ""2097152"", ""profile"": ""fixed_8""}"
main,pr2-p32-c4096,main,sorted_order_strings_nulls,Device=0 num_rows=262144 profile=variable_128 null_percent=0,0.37371040135622013,0.37082720100879674,0.37961760312318793,0.9467877830339649,10.804566383361816,"{""null_percent"": ""0"", ""num_rows"": ""262144"", ""profile"": ""variable_128""}"
main,pr2-p32-c4096,main,sorted_order_strings_nulls,Device=0 num_rows=2097152 profile=variable_128 null_percent=0,0.8151247948408128,0.8145792037248613,0.8190831959247588,1.5797134348140576,86.37292575836182,"{""null_percent"": ""0"", ""num_rows"": ""2097152"", ""profile"": ""variable_128""}"
main,pr2-p32-c4096,main,sorted_order_strings_nulls,Device=0 num_rows=262144 profile=fixed_8 null_percent=50,0.35683039724826804,0.35659360140562063,0.3611999988555908,1.616830672983606,6.538372993469238,"{""null_percent"": ""50"", ""num_rows"": ""262144"", ""profile"": ""fixed_8""}"
main,pr2-p32-c4096,main,sorted_order_strings_nulls,Device=0 num_rows=2097152 profile=fixed_8 null_percent=50,0.7783759981393813,0.7719743996858598,0.7813344031572342,0.6868593928595111,52.20299243927002,"{""null_percent"": ""50"", ""num_rows"": ""2097152"", ""profile"": ""fixed_8""}"
main,pr2-p32-c4096,main,sorted_order_strings_nulls,Device=0 num_rows=262144 profile=variable_128 null_percent=50,0.4010303974151611,0.3938288003206253,0.40750879943370816,0.6911946989118619,6.538372993469238,"{""null_percent"": ""50"", ""num_rows"": ""262144"", ""profile"": ""variable_128""}"
main,pr2-p32-c4096,main,sorted_order_strings_nulls,Device=0 num_rows=2097152 profile=variable_128 null_percent=50,0.5536271989345549,0.5499360054731369,0.574185597896576,13.380596439067446,52.20299243927002,"{""null_percent"": ""50"", ""num_rows"": ""2097152"", ""profile"": ""variable_128""}"
main,pr2-p32-c4096,main,sorted_order_strings_nulls,Device=0 num_rows=262144 profile=fixed_8 null_percent=100,0.007118400000035763,0.006950399978086353,0.007452800055034459,27.972108056482476,1.0,"{""null_percent"": ""100"", ""num_rows"": ""262144"", ""profile"": ""fixed_8""}"
main,pr2-p32-c4096,main,sorted_order_strings_nulls,Device=0 num_rows=2097152 profile=fixed_8 null_percent=100,0.008494400093331932,0.00841599996201694,0.008572800038382409,2.5197609388641564,8.0,"{""null_percent"": ""100"", ""num_rows"": ""2097152"", ""profile"": ""fixed_8""}"
main,pr2-p32-c4096,main,sorted_order_strings_nulls,Device=0 num_rows=262144 profile=variable_128 null_percent=100,0.007140799961052836,0.0063583999639376994,0.007244800054468216,5.2103913766563235,1.0,"{""null_percent"": ""100"", ""num_rows"": ""262144"", ""profile"": ""variable_128""}"
main,pr2-p32-c4096,main,sorted_order_strings_nulls,Device=0 num_rows=2097152 profile=variable_128 null_percent=100,0.008596800034865737,0.008446400007233023,0.008737599989399315,8.244616683155591,8.0,"{""null_percent"": ""100"", ""num_rows"": ""2097152"", ""profile"": ""variable_128""}"
main,pr2-p32-c4096,pr-workload,sorted_order_strings_workload,Device=0 min_width=0 max_width=32 num_rows=32768 workload=normal,0.34523520022630694,0.33983840197324755,0.3476031988859176,1.023464222823745,1.3583993911743164,"{""max_width"": ""32"", ""min_width"": ""0"", ""num_rows"": ""32768"", ""workload"": ""normal""}"
main,pr2-p32-c4096,pr-workload,sorted_order_strings_workload,Device=0 min_width=0 max_width=64 num_rows=32768 workload=normal,0.4019183963537217,0.4010767981410026,0.4022735998034478,7.57022058090738,1.3583993911743164,"{""max_width"": ""64"", ""min_width"": ""0"", ""num_rows"": ""32768"", ""workload"": ""normal""}"
main,pr2-p32-c4096,pr-workload,sorted_order_strings_workload,Device=0 min_width=0 max_width=128 num_rows=32768 workload=normal,0.4977184027433395,0.4910063996911049,0.5018047988414764,0.914714433408743,1.3583993911743164,"{""max_width"": ""128"", ""min_width"": ""0"", ""num_rows"": ""32768"", ""workload"": ""normal""}"
main,pr2-p32-c4096,pr-workload,sorted_order_strings_workload,Device=0 min_width=0 max_width=256 num_rows=32768 workload=normal,0.6387136012315752,0.633494395017624,0.6397008031606676,0.6514572902485949,1.3583993911743164,"{""max_width"": ""256"", ""min_width"": ""0"", ""num_rows"": ""32768"", ""workload"": ""normal""}"
main,pr2-p32-c4096,pr-workload,sorted_order_strings_workload,Device=0 min_width=0 max_width=32 num_rows=262144 workload=normal,0.4142832010984421,0.41259519755840307,0.418897596001625,1.1677961154103809,10.804566383361816,"{""max_width"": ""32"", ""min_width"": ""0"", ""num_rows"": ""262144"", ""workload"": ""normal""}"
main,pr2-p32-c4096,pr-workload,sorted_order_strings_workload,Device=0 min_width=0 max_width=64 num_rows=262144 workload=normal,0.49042080193758014,0.4853136032819748,0.4921792015433312,0.9328530525550731,10.804566383361816,"{""max_width"": ""64"", ""min_width"": ""0"", ""num_rows"": ""262144"", ""workload"": ""normal""}"
main,pr2-p32-c4096,pr-workload,sorted_order_strings_workload,Device=0 min_width=0 max_width=128 num_rows=262144 workload=normal,0.6444496005773546,0.6370672017335892,0.6448032051324843,0.7496544376980823,10.804566383361816,"{""max_width"": ""128"", ""min_width"": ""0"", ""num_rows"": ""262144"", ""workload"": ""normal""}"
main,pr2-p32-c4096,pr-workload,sorted_order_strings_workload,Device=0 min_width=0 max_width=256 num_rows=262144 workload=normal,0.9999680012464526,0.9977760016918182,1.0009184032678604,0.5898507949238672,10.804566383361816,"{""max_width"": ""256"", ""min_width"": ""0"", ""num_rows"": ""262144"", ""workload"": ""normal""}"
main,pr2-p32-c4096,pr-workload,sorted_order_strings_workload,Device=0 min_width=0 max_width=32 num_rows=2097152 workload=normal,0.9140720009803771,0.9105679988861085,0.9165583968162536,2.425135186369056,86.37292575836182,"{""max_width"": ""32"", ""min_width"": ""0"", ""num_rows"": ""2097152"", ""workload"": ""normal""}"
main,pr2-p32-c4096,pr-workload,sorted_order_strings_workload,Device=0 min_width=0 max_width=64 num_rows=2097152 workload=normal,1.0988032042980196,1.0919888019561768,1.0992464005947111,0.7802272289333629,86.37292575836182,"{""max_width"": ""64"", ""min_width"": ""0"", ""num_rows"": ""2097152"", ""workload"": ""normal""}"
main,pr2-p32-c4096,pr-workload,sorted_order_strings_workload,Device=0 min_width=0 max_width=128 num_rows=2097152 workload=normal,1.742052799463272,1.7379615902900696,1.7431792080402375,0.8820383945808278,86.37292575836182,"{""max_width"": ""128"", ""min_width"": ""0"", ""num_rows"": ""2097152"", ""workload"": ""normal""}"
main,pr2-p32-c4096,pr-workload,sorted_order_strings_workload,Device=0 min_width=0 max_width=256 num_rows=2097152 workload=normal,3.538505625724792,3.535127997398376,3.5417168140411377,0.686465611980251,86.37292575836182,"{""max_width"": ""256"", ""min_width"": ""0"", ""num_rows"": ""2097152"", ""workload"": ""normal""}"
main,pr2-p32-c4096,pr-workload,sorted_order_strings_workload,Device=0 min_width=0 max_width=32 num_rows=32768 workload=duplicates,0.2567359983921051,0.2542912006378174,0.26139999926090235,1.6955203692097822,1.3583993911743164,"{""max_width"": ""32"", ""min_width"": ""0"", ""num_rows"": ""32768"", ""workload"": ""duplicates""}"
main,pr2-p32-c4096,pr-workload,sorted_order_strings_workload,Device=0 min_width=0 max_width=64 num_rows=32768 workload=duplicates,0.2717471972107887,0.27136159837245943,0.27501919865608215,2.150895323078887,1.3583993911743164,"{""max_width"": ""64"", ""min_width"": ""0"", ""num_rows"": ""32768"", ""workload"": ""duplicates""}"
main,pr2-p32-c4096,pr-workload,sorted_order_strings_workload,Device=0 min_width=0 max_width=128 num_rows=32768 workload=duplicates,0.31577600240707404,0.3155711978673935,0.3173376008868217,2.197749771778324,1.3583993911743164,"{""max_width"": ""128"", ""min_width"": ""0"", ""num_rows"": ""32768"", ""workload"": ""duplicates""}"
main,pr2-p32-c4096,pr-workload,sorted_order_strings_workload,Device=0 min_width=0 max_width=256 num_rows=32768 workload=duplicates,0.38998560011386874,0.3895456001162529,0.39023200124502183,1.3798093852393147,1.3583993911743164,"{""max_width"": ""256"", ""min_width"": ""0"", ""num_rows"": ""32768"", ""workload"": ""duplicates""}"
main,pr2-p32-c4096,pr-workload,sorted_order_strings_workload,Device=0 min_width=0 max_width=32 num_rows=262144 workload=duplicates,0.7470511972904205,0.7461968034505844,0.7484591990709305,1.112201494433416,10.804566383361816,"{""max_width"": ""32"", ""min_width"": ""0"", ""num_rows"": ""262144"", ""workload"": ""duplicates""}"
main,pr2-p32-c4096,pr-workload,sorted_order_strings_workload,Device=0 min_width=0 max_width=64 num_rows=262144 workload=duplicates,1.2498160004615784,1.2487744092941282,1.2553247928619387,0.7722823897821772,10.804566383361816,"{""max_width"": ""64"", ""min_width"": ""0"", ""num_rows"": ""262144"", ""workload"": ""duplicates""}"
main,pr2-p32-c4096,pr-workload,sorted_order_strings_workload,Device=0 min_width=0 max_width=128 num_rows=262144 workload=duplicates,2.418614435195923,2.415750432014465,2.5588016033172605,22.591906285755147,10.804566383361816,"{""max_width"": ""128"", ""min_width"": ""0"", ""num_rows"": ""262144"", ""workload"": ""duplicates""}"
main,pr2-p32-c4096,pr-workload,sorted_order_strings_workload,Device=0 min_width=0 max_width=256 num_rows=262144 workload=duplicates,4.723767971992493,4.6554896354675295,4.7240880012512205,0.6347080057895146,10.804566383361816,"{""max_width"": ""256"", ""min_width"": ""0"", ""num_rows"": ""262144"", ""workload"": ""duplicates""}"
main,pr2-p32-c4096,pr-workload,sorted_order_strings_workload,Device=0 min_width=0 max_width=32 num_rows=2097152 workload=duplicates,1.7728063881397247,1.771326398849487,1.7822367966175083,2.0838866965392033,86.37292575836182,"{""max_width"": ""32"", ""min_width"": ""0"", ""num_rows"": ""2097152"", ""workload"": ""duplicates""}"
main,pr2-p32-c4096,pr-workload,sorted_order_strings_workload,Device=0 min_width=0 max_width=64 num_rows=2097152 workload=duplicates,3.30582879781723,3.3022783875465396,3.3165583968162533,0.46136202069964266,86.37292575836182,"{""max_width"": ""64"", ""min_width"": ""0"", ""num_rows"": ""2097152"", ""workload"": ""duplicates""}"
main,pr2-p32-c4096,pr-workload,sorted_order_strings_workload,Device=0 min_width=0 max_width=128 num_rows=2097152 workload=duplicates,6.742296051979066,6.727408003807068,6.751471972465515,0.3831722398599428,86.37292575836182,"{""max_width"": ""128"", ""min_width"": ""0"", ""num_rows"": ""2097152"", ""workload"": ""duplicates""}"
main,pr2-p32-c4096,pr-workload,sorted_order_strings_workload,Device=0 min_width=0 max_width=256 num_rows=2097152 workload=duplicates,13.69341917037964,13.686667108535767,13.696718311309812,0.29667145376539455,86.37292575836182,"{""max_width"": ""256"", ""min_width"": ""0"", ""num_rows"": ""2097152"", ""workload"": ""duplicates""}"
main,pr2-p32-c4096,pr-workload,sorted_order_strings_workload,Device=0 min_width=0 max_width=32 num_rows=32768 workload=shared_prefix,1.307660812139511,1.3033616125583647,1.3125216007232663,0.4627344012448657,1.3583993911743164,"{""max_width"": ""32"", ""min_width"": ""0"", ""num_rows"": ""32768"", ""workload"": ""shared_prefix""}"
main,pr2-p32-c4096,pr-workload,sorted_order_strings_workload,Device=0 min_width=0 max_width=64 num_rows=32768 workload=shared_prefix,2.3545552134513854,2.3545248031616217,2.3805424213409423,0.34989525442482305,1.3583993911743164,"{""max_width"": ""64"", ""min_width"": ""0"", ""num_rows"": ""32768"", ""workload"": ""shared_prefix""}"
main,pr2-p32-c4096,pr-workload,sorted_order_strings_workload,Device=0 min_width=0 max_width=128 num_rows=32768 workload=shared_prefix,4.464937639236449,4.444591975212098,4.495854330062866,0.34952093313169097,1.3583993911743164,"{""max_width"": ""128"", ""min_width"": ""0"", ""num_rows"": ""32768"", ""workload"": ""shared_prefix""}"
main,pr2-p32-c4096,pr-workload,sorted_order_strings_workload,Device=0 min_width=0 max_width=256 num_rows=32768 workload=shared_prefix,8.685203218460082,8.648068761825561,8.743480014801026,0.9458040640728386,1.3583993911743164,"{""max_width"": ""256"", ""min_width"": ""0"", ""num_rows"": ""32768"", ""workload"": ""shared_prefix""}"
main,pr2-p32-c4096,pr-workload,sorted_order_strings_workload,Device=0 min_width=0 max_width=32 num_rows=262144 workload=shared_prefix,6.929862427711485,6.927367997169494,6.929934382438659,0.1342017440162646,10.804566383361816,"{""max_width"": ""32"", ""min_width"": ""0"", ""num_rows"": ""262144"", ""workload"": ""shared_prefix""}"
main,pr2-p32-c4096,pr-workload,sorted_order_strings_workload,Device=0 min_width=0 max_width=64 num_rows=262144 workload=shared_prefix,12.827727937698365,12.825339126586913,12.83839044570923,0.08771445026268468,10.804566383361816,"{""max_width"": ""64"", ""min_width"": ""0"", ""num_rows"": ""262144"", ""workload"": ""shared_prefix""}"
main,pr2-p32-c4096,pr-workload,sorted_order_strings_workload,Device=0 min_width=0 max_width=128 num_rows=262144 workload=shared_prefix,24.917812824249268,24.912385654449466,24.924104022979737,0.12809668633398014,10.804566383361816,"{""max_width"": ""128"", ""min_width"": ""0"", ""num_rows"": ""262144"", ""workload"": ""shared_prefix""}"
main,pr2-p32-c4096,pr-workload,sorted_order_strings_workload,Device=0 min_width=0 max_width=256 num_rows=262144 workload=shared_prefix,49.10974540710449,49.07328777313233,49.14656162261962,0.08231669570450577,10.804566383361816,"{""max_width"": ""256"", ""min_width"": ""0"", ""num_rows"": ""262144"", ""workload"": ""shared_prefix""}"
main,pr2-p32-c4096,pr-workload,sorted_order_strings_workload,Device=0 min_width=0 max_width=32 num_rows=2097152 workload=shared_prefix,67.25008926391601,67.24881057739258,67.25503234863281,0.026038814715871335,86.37292575836182,"{""max_width"": ""32"", ""min_width"": ""0"", ""num_rows"": ""2097152"", ""workload"": ""shared_prefix""}"
main,pr2-p32-c4096,pr-workload,sorted_order_strings_workload,Device=0 min_width=0 max_width=64 num_rows=2097152 workload=shared_prefix,133.41450729370115,133.40808029174806,133.4167724609375,0.021698786920900916,86.37292575836182,"{""max_width"": ""64"", ""min_width"": ""0"", ""num_rows"": ""2097152"", ""workload"": ""shared_prefix""}"
main,pr2-p32-c4096,pr-workload,sorted_order_strings_workload,Device=0 min_width=0 max_width=128 num_rows=2097152 workload=shared_prefix,265.8844894409179,265.8663803100586,265.89106750488276,0.01955851626540733,86.37292575836182,"{""max_width"": ""128"", ""min_width"": ""0"", ""num_rows"": ""2097152"", ""workload"": ""shared_prefix""}"
main,pr2-p32-c4096,pr-workload,sorted_order_strings_workload,Device=0 min_width=0 max_width=256 num_rows=2097152 workload=shared_prefix,531.1126525878907,531.1088165283204,531.1304931640625,0.018151840956256007,86.37292575836182,"{""max_width"": ""256"", ""min_width"": ""0"", ""num_rows"": ""2097152"", ""workload"": ""shared_prefix""}"
main,pr2-p32-c4096,pr-workload,sorted_order_strings_workload,Device=0 min_width=0 max_width=32 num_rows=32768 workload=variable,0.31864799857139586,0.3155264005064964,0.3272032037377357,1.5172889878392153,1.3583993911743164,"{""max_width"": ""32"", ""min_width"": ""0"", ""num_rows"": ""32768"", ""workload"": ""variable""}"
main,pr2-p32-c4096,pr-workload,sorted_order_strings_workload,Device=0 min_width=0 max_width=64 num_rows=32768 workload=variable,0.3307183995842934,0.32925759702920915,0.3347984001040458,1.5505319065815686,1.3583993911743164,"{""max_width"": ""64"", ""min_width"": ""0"", ""num_rows"": ""32768"", ""workload"": ""variable""}"
main,pr2-p32-c4096,pr-workload,sorted_order_strings_workload,Device=0 min_width=0 max_width=128 num_rows=32768 workload=variable,0.3525152012705802,0.3523503988981247,0.35470560044050214,1.0452784782979097,1.3583993911743164,"{""max_width"": ""128"", ""min_width"": ""0"", ""num_rows"": ""32768"", ""workload"": ""variable""}"
main,pr2-p32-c4096,pr-workload,sorted_order_strings_workload,Device=0 min_width=0 max_width=256 num_rows=32768 workload=variable,0.38028800189495093,0.3786799997091292,0.3847248002886772,0.9044225898603206,1.3583993911743164,"{""max_width"": ""256"", ""min_width"": ""0"", ""num_rows"": ""32768"", ""workload"": ""variable""}"
main,pr2-p32-c4096,pr-workload,sorted_order_strings_workload,Device=0 min_width=0 max_width=32 num_rows=262144 workload=variable,0.34968319982290264,0.34831520169973385,0.35621280074119566,1.7679273238124165,10.804566383361816,"{""max_width"": ""32"", ""min_width"": ""0"", ""num_rows"": ""262144"", ""workload"": ""variable""}"
main,pr2-p32-c4096,pr-workload,sorted_order_strings_workload,Device=0 min_width=0 max_width=64 num_rows=262144 workload=variable,0.3565568000078202,0.35620799958705907,0.3649279981851578,1.4468286029393886,10.804566383361816,"{""max_width"": ""64"", ""min_width"": ""0"", ""num_rows"": ""262144"", ""workload"": ""variable""}"
main,pr2-p32-c4096,pr-workload,sorted_order_strings_workload,Device=0 min_width=0 max_width=128 num_rows=262144 workload=variable,0.3785520017147065,0.3759536027908325,0.38048799932003025,1.3217337959616624,10.804566383361816,"{""max_width"": ""128"", ""min_width"": ""0"", ""num_rows"": ""262144"", ""workload"": ""variable""}"
main,pr2-p32-c4096,pr-workload,sorted_order_strings_workload,Device=0 min_width=0 max_width=256 num_rows=262144 workload=variable,0.4256911993026734,0.42535680383443836,0.4291840031743049,0.9907608265010137,10.804566383361816,"{""max_width"": ""256"", ""min_width"": ""0"", ""num_rows"": ""262144"", ""workload"": ""variable""}"
main,pr2-p32-c4096,pr-workload,sorted_order_strings_workload,Device=0 min_width=0 max_width=32 num_rows=2097152 workload=variable,0.856841602921486,0.8557375967502593,0.863984003663063,0.6021557108185621,86.37292575836182,"{""max_width"": ""32"", ""min_width"": ""0"", ""num_rows"": ""2097152"", ""workload"": ""variable""}"
main,pr2-p32-c4096,pr-workload,sorted_order_strings_workload,Device=0 min_width=0 max_width=64 num_rows=2097152 workload=variable,0.8201952040195464,0.8185424029827119,0.8263520002365111,0.5817240547622897,86.37292575836182,"{""max_width"": ""64"", ""min_width"": ""0"", ""num_rows"": ""2097152"", ""workload"": ""variable""}"
main,pr2-p32-c4096,pr-workload,sorted_order_strings_workload,Device=0 min_width=0 max_width=128 num_rows=2097152 workload=variable,0.81078559756279,0.8095311999320983,0.8189456075429917,0.6100978051605909,86.37292575836182,"{""max_width"": ""128"", ""min_width"": ""0"", ""num_rows"": ""2097152"", ""workload"": ""variable""}"
main,pr2-p32-c4096,pr-workload,sorted_order_strings_workload,Device=0 min_width=0 max_width=256 num_rows=2097152 workload=variable,0.7816640019416806,0.779543998837471,0.7891839981079101,0.7992487133890188,86.37292575836182,"{""max_width"": ""256"", ""min_width"": ""0"", ""num_rows"": ""2097152"", ""workload"": ""variable""}"
main,prefix,constant,sorted_order_strings_prefixes,Device=0 num_rows=262144 prefix_width=32 suffix_width=0 prefix_cardinality=1,1.166355186700821,1.1645087838172914,1.169792002439499,0.623089826777581,4.00056266784668,"{""num_rows"": ""262144"", ""prefix_cardinality"": ""1"", ""prefix_width"": ""32"", ""suffix_width"": ""0""}"
main,prefix,constant,sorted_order_strings_prefixes,Device=0 num_rows=2097152 prefix_width=32 suffix_width=0 prefix_cardinality=1,6.562972807884216,6.54125759601593,6.5780640125274665,1.2036879370997167,32.00227165222168,"{""num_rows"": ""2097152"", ""prefix_cardinality"": ""1"", ""prefix_width"": ""32"", ""suffix_width"": ""0""}"
main,pr2-p32-c4096,end-to-end,sort_strings_workload,Device=0 min_width=0 max_width=32 num_rows=262144 workload=normal,0.5202512025833129,0.5174160003662109,0.5212960004806518,1.3535024844890011,10.804566383361816,"{""max_width"": ""32"", ""min_width"": ""0"", ""num_rows"": ""262144"", ""workload"": ""normal""}"
main,pr2-p32-c4096,end-to-end,sort_strings_workload,Device=0 min_width=0 max_width=256 num_rows=262144 workload=normal,1.144068801403046,1.1390991985797883,1.1441151976585386,0.6592447058174766,33.687255859375,"{""max_width"": ""256"", ""min_width"": ""0"", ""num_rows"": ""262144"", ""workload"": ""normal""}"
main,pr2-p32-c4096,end-to-end,sort_strings_workload,Device=0 min_width=0 max_width=32 num_rows=2097152 workload=normal,1.2644671976566315,1.2638608038425445,1.2645727992057803,0.9473569209918072,95.72902488708496,"{""max_width"": ""32"", ""min_width"": ""0"", ""num_rows"": ""2097152"", ""workload"": ""normal""}"
main,pr2-p32-c4096,end-to-end,sort_strings_workload,Device=0 min_width=0 max_width=256 num_rows=2097152 workload=normal,4.125427222251893,4.124404788017273,4.125521540641783,1.3177881953004886,269.3055658340454,"{""max_width"": ""256"", ""min_width"": ""0"", ""num_rows"": ""2097152"", ""workload"": ""normal""}"
main,pr2-p32-c4096,end-to-end,sort_strings_workload,Device=0 min_width=0 max_width=32 num_rows=262144 workload=duplicates,0.851404795050621,0.8381312042474748,0.8559327989816666,1.0771552214639069,10.804566383361816,"{""max_width"": ""32"", ""min_width"": ""0"", ""num_rows"": ""262144"", ""workload"": ""duplicates""}"
main,pr2-p32-c4096,end-to-end,sort_strings_workload,Device=0 min_width=0 max_width=256 num_rows=262144 workload=duplicates,4.826039958000183,4.807100820541382,4.880758333206176,0.9201988819951052,34.63582420349121,"{""max_width"": ""256"", ""min_width"": ""0"", ""num_rows"": ""262144"", ""workload"": ""duplicates""}"
main,pr2-p32-c4096,end-to-end,sort_strings_workload,Device=0 min_width=0 max_width=32 num_rows=2097152 workload=duplicates,2.1894991874694822,2.184012818336487,2.189953601360321,0.47024506547044553,96.68649291992188,"{""max_width"": ""32"", ""min_width"": ""0"", ""num_rows"": ""2097152"", ""workload"": ""duplicates""}"
main,pr2-p32-c4096,end-to-end,sort_strings_workload,Device=0 min_width=0 max_width=256 num_rows=2097152 workload=duplicates,14.295335960388181,14.24309597015381,14.295739173889158,0.33196843016811123,277.07898902893066,"{""max_width"": ""256"", ""min_width"": ""0"", ""num_rows"": ""2097152"", ""workload"": ""duplicates""}"
main,pr2-p32-c4096,end-to-end,sort_strings_workload,Device=0 min_width=0 max_width=32 num_rows=262144 workload=shared_prefix,7.055985593795776,7.0511119842529295,7.058432030677795,0.1037787545647275,10.804566383361816,"{""max_width"": ""32"", ""min_width"": ""0"", ""num_rows"": ""262144"", ""workload"": ""shared_prefix""}"
main,pr2-p32-c4096,end-to-end,sort_strings_workload,Device=0 min_width=0 max_width=256 num_rows=262144 workload=shared_prefix,49.27081279754638,49.26158771514892,49.29736156463624,0.061058645805564096,65.03126335144043,"{""max_width"": ""256"", ""min_width"": ""0"", ""num_rows"": ""262144"", ""workload"": ""shared_prefix""}"
main,pr2-p32-c4096,end-to-end,sort_strings_workload,Device=0 min_width=0 max_width=32 num_rows=2097152 workload=shared_prefix,67.82291946411132,67.81927795410157,67.82402000427244,0.07865399344720467,120.06652927398682,"{""max_width"": ""32"", ""min_width"": ""0"", ""num_rows"": ""2097152"", ""workload"": ""shared_prefix""}"
main,pr2-p32-c4096,end-to-end,sort_strings_workload,Device=0 min_width=0 max_width=256 num_rows=2097152 workload=shared_prefix,531.8903900146486,531.8413055419923,531.9371887207031,0.027217715152744328,520.2527341842651,"{""max_width"": ""256"", ""min_width"": ""0"", ""num_rows"": ""2097152"", ""workload"": ""shared_prefix""}"
main,pr2-p32-c4096,end-to-end,sort_strings_workload,Device=0 min_width=0 max_width=32 num_rows=262144 workload=variable,0.45743039846420286,0.4496336027979852,0.46868800073862077,7.200514158748285,10.804566383361816,"{""max_width"": ""32"", ""min_width"": ""0"", ""num_rows"": ""262144"", ""workload"": ""variable""}"
main,pr2-p32-c4096,end-to-end,sort_strings_workload,Device=0 min_width=0 max_width=256 num_rows=262144 workload=variable,0.5725232064723969,0.5716064006090167,0.5726784020662308,6.196471772151333,34.01968002319336,"{""max_width"": ""256"", ""min_width"": ""0"", ""num_rows"": ""262144"", ""workload"": ""variable""}"
main,pr2-p32-c4096,end-to-end,sort_strings_workload,Device=0 min_width=0 max_width=32 num_rows=2097152 workload=variable,1.261271995306015,1.2524719953536982,1.261679995059967,0.611067413810873,96.05874729156494,"{""max_width"": ""32"", ""min_width"": ""0"", ""num_rows"": ""2097152"", ""workload"": ""variable""}"
main,pr2-p32-c4096,end-to-end,sort_strings_workload,Device=0 min_width=0 max_width=256 num_rows=2097152 workload=variable,1.3922496140003202,1.3864079952239992,1.3927120089530947,0.34921113471961485,272.17790508270264,"{""max_width"": ""256"", ""min_width"": ""0"", ""num_rows"": ""2097152"", ""workload"": ""variable""}"
control,radix-lrb,constant,sorted_order_strings_prefixes,Device=0 num_rows=262144 prefix_width=32 suffix_width=0 prefix_cardinality=1,0.47606080323457717,0.4727888002991677,0.4822464048862457,0.9018175898624317,9.053221702575684,"{""num_rows"": ""262144"", ""prefix_cardinality"": ""1"", ""prefix_width"": ""32"", ""suffix_width"": ""0""}"
control,radix-lrb,constant,sorted_order_strings_prefixes,Device=0 num_rows=2097152 prefix_width=32 suffix_width=0 prefix_cardinality=1,2.8035776257514953,2.7968384027481084,2.8079152226448056,0.28874098159156425,72.36474514007568,"{""num_rows"": ""2097152"", ""prefix_cardinality"": ""1"", ""prefix_width"": ""32"", ""suffix_width"": ""0""}"
main,radix-lrb,constant,sorted_order_strings_prefixes,Device=0 num_rows=262144 prefix_width=32 suffix_width=0 prefix_cardinality=1,0.47467199712991726,0.4715648025274276,0.48087360113859184,0.7692977341048778,9.053221702575684,"{""num_rows"": ""262144"", ""prefix_cardinality"": ""1"", ""prefix_width"": ""32"", ""suffix_width"": ""0""}"
main,radix-lrb,constant,sorted_order_strings_prefixes,Device=0 num_rows=2097152 prefix_width=32 suffix_width=0 prefix_cardinality=1,2.8009680390357974,2.799131202697754,2.8019423961639403,0.2955402831399364,72.36474514007568,"{""num_rows"": ""2097152"", ""prefix_cardinality"": ""1"", ""prefix_width"": ""32"", ""suffix_width"": ""0""}"
main,radix-lrb,main,sorted_order_strings,Device=0 min_width=1 max_width=8 num_rows=32768,0.16775679886341094,0.16392640024423596,0.1681631989777088,2.3343416922928726,1.1391592025756836,"{""max_width"": ""8"", ""min_width"": ""1"", ""num_rows"": ""32768""}"
main,radix-lrb,main,sorted_order_strings,Device=0 min_width=1 max_width=32 num_rows=32768,0.20574080049991605,0.19965120032429698,0.2063248008489609,0.9559844627634944,1.1391592025756836,"{""max_width"": ""32"", ""min_width"": ""1"", ""num_rows"": ""32768""}"
main,radix-lrb,main,sorted_order_strings,Device=0 min_width=1 max_width=64 num_rows=32768,0.23680799901485453,0.23016319796442986,0.2380719996988773,1.8222880149026093,1.1391592025756836,"{""max_width"": ""64"", ""min_width"": ""1"", ""num_rows"": ""32768""}"
main,radix-lrb,main,sorted_order_strings,Device=0 min_width=1 max_width=128 num_rows=32768,0.30355520397424696,0.2988495990633965,0.30465279817581165,1.0581826047529477,1.1391592025756836,"{""max_width"": ""128"", ""min_width"": ""1"", ""num_rows"": ""32768""}"
main,radix-lrb,main,sorted_order_strings,Device=0 min_width=1 max_width=256 num_rows=32768,0.44798880517482753,0.4403520002961159,0.448148800432682,0.6863815254150227,1.1391592025756836,"{""max_width"": ""256"", ""min_width"": ""1"", ""num_rows"": ""32768""}"
main,radix-lrb,main,sorted_order_strings,Device=0 min_width=1 max_width=8 num_rows=262144,0.262737600505352,0.2586304008960724,0.2627424001693725,1.2161811611596174,9.053221702575684,"{""max_width"": ""8"", ""min_width"": ""1"", ""num_rows"": ""262144""}"
main,radix-lrb,main,sorted_order_strings,Device=0 min_width=1 max_width=32 num_rows=262144,0.40115040093660354,0.3962656006217003,0.40189920514822003,1.4377925397516138,9.053221702575684,"{""max_width"": ""32"", ""min_width"": ""1"", ""num_rows"": ""262144""}"
main,radix-lrb,main,sorted_order_strings,Device=0 min_width=1 max_width=64 num_rows=262144,0.5382624059915543,0.5305935949087143,0.5396351993083952,1.2043055906589228,9.053221702575684,"{""max_width"": ""64"", ""min_width"": ""1"", ""num_rows"": ""262144""}"
main,radix-lrb,main,sorted_order_strings,Device=0 min_width=1 max_width=128 num_rows=262144,0.8657455950975418,0.8647695958614348,0.8667071908712388,1.9464038840019484,9.053221702575684,"{""max_width"": ""128"", ""min_width"": ""1"", ""num_rows"": ""262144""}"
main,radix-lrb,main,sorted_order_strings,Device=0 min_width=1 max_width=256 num_rows=262144,1.556806391477585,1.554057592153549,1.561489599943161,2.2725732367601585,9.053221702575684,"{""max_width"": ""256"", ""min_width"": ""1"", ""num_rows"": ""262144""}"
main,radix-lrb,main,sorted_order_strings,Device=0 min_width=1 max_width=8 num_rows=2097152,0.6666511952877046,0.6587728053331375,0.6676192015409469,0.7634169500075441,72.36474514007568,"{""max_width"": ""8"", ""min_width"": ""1"", ""num_rows"": ""2097152""}"
main,radix-lrb,main,sorted_order_strings,Device=0 min_width=1 max_width=32 num_rows=2097152,1.3769520044326782,1.3679711997509003,1.377660799026489,1.8845636921257427,72.36474514007568,"{""max_width"": ""32"", ""min_width"": ""1"", ""num_rows"": ""2097152""}"
main,radix-lrb,main,sorted_order_strings,Device=0 min_width=1 max_width=64 num_rows=2097152,2.086958408355713,2.0857776165008546,2.0900111913681023,2.0440757394123494,72.36474514007568,"{""max_width"": ""64"", ""min_width"": ""1"", ""num_rows"": ""2097152""}"
main,radix-lrb,main,sorted_order_strings,Device=0 min_width=1 max_width=128 num_rows=2097152,3.7555311918258663,3.736441588401795,3.764604783058167,2.501915610690573,72.36474514007568,"{""max_width"": ""128"", ""min_width"": ""1"", ""num_rows"": ""2097152""}"
main,radix-lrb,main,sorted_order_strings,Device=0 min_width=1 max_width=256 num_rows=2097152,8.060287952423096,8.04617760181427,8.088353586196899,2.9805280556261597,72.36474514007568,"{""max_width"": ""256"", ""min_width"": ""1"", ""num_rows"": ""2097152""}"
main,radix-lrb,main,sorted_order_strings,Device=0 min_width=1 max_width=8 num_rows=16777216,4.700361585617064,4.693116784095763,4.702038311958313,0.29228392808361303,578.8530263900757,"{""max_width"": ""8"", ""min_width"": ""1"", ""num_rows"": ""16777216""}"
main,radix-lrb,main,sorted_order_strings,Device=0 min_width=1 max_width=32 num_rows=16777216,10.394622373580932,10.392467212677001,10.420153617858887,1.024987555938915,578.8530263900757,"{""max_width"": ""32"", ""min_width"": ""1"", ""num_rows"": ""16777216""}"
main,radix-lrb,main,sorted_order_strings,Device=0 min_width=1 max_width=64 num_rows=16777216,15.922336053848268,15.918227243423463,15.975926542282107,0.7977562403910405,578.8530263900757,"{""max_width"": ""64"", ""min_width"": ""1"", ""num_rows"": ""16777216""}"
main,radix-lrb,main,sorted_order_strings,Device=0 min_width=1 max_width=128 num_rows=16777216,29.452775955200202,29.41812009811402,29.500177764892577,0.9355171935208401,578.8530263900757,"{""max_width"": ""128"", ""min_width"": ""1"", ""num_rows"": ""16777216""}"
main,radix-lrb,main,sorted_order_strings,Device=0 min_width=1 max_width=256 num_rows=16777216,58.8399600982666,58.82546730041505,58.9419506072998,1.0440799544393486,578.8530263900757,"{""max_width"": ""256"", ""min_width"": ""1"", ""num_rows"": ""16777216""}"
main,radix-lrb,main,sorted_order_strings_distribution,Device=0 num_rows=262144 profile=cardinality_1_width_32,0.007708799978718162,0.0076991999987512825,0.007840000023134053,8.335886031804483,1.0,"{""num_rows"": ""262144"", ""profile"": ""cardinality_1_width_32""}"
main,radix-lrb,main,sorted_order_strings_distribution,Device=0 num_rows=2097152 profile=cardinality_1_width_32,0.008518399903550742,0.008503999980166555,0.00869919992983341,5.313623464282578,8.0,"{""num_rows"": ""2097152"", ""profile"": ""cardinality_1_width_32""}"
main,radix-lrb,main,sorted_order_strings_distribution,Device=0 num_rows=262144 profile=cardinality_64_width_128,0.9878816038370133,0.9827744007110597,1.0016879945993424,2.70745246464711,9.053221702575684,"{""num_rows"": ""262144"", ""profile"": ""cardinality_64_width_128""}"
main,radix-lrb,main,sorted_order_strings_distribution,Device=0 num_rows=2097152 profile=cardinality_64_width_128,6.155774426460266,6.1509024143219,6.159273600578308,1.8641961381438679,72.36474514007568,"{""num_rows"": ""2097152"", ""profile"": ""cardinality_64_width_128""}"
main,radix-lrb,main,sorted_order_strings_distribution,Device=0 num_rows=262144 profile=shared_prefix_64,1.543328022956848,1.5401472032070158,1.5455520033836363,0.7829441412015911,9.053221702575684,"{""num_rows"": ""262144"", ""profile"": ""shared_prefix_64""}"
main,radix-lrb,main,sorted_order_strings_distribution,Device=0 num_rows=2097152 profile=shared_prefix_64,13.517225456237792,13.509263896942139,13.523838281631468,0.2976843996508744,72.36474514007568,"{""num_rows"": ""2097152"", ""profile"": ""shared_prefix_64""}"
main,radix-lrb,main,sorted_order_strings_distribution,Device=0 num_rows=262144 profile=variable_128,0.26705599874258046,0.26236479878425606,0.2676320001482963,2.0508240136043443,9.053221702575684,"{""num_rows"": ""262144"", ""profile"": ""variable_128""}"
main,radix-lrb,main,sorted_order_strings_distribution,Device=0 num_rows=2097152 profile=variable_128,0.5378496021032333,0.5308863937854768,0.539441594481468,0.7918751572346717,72.36474514007568,"{""num_rows"": ""2097152"", ""profile"": ""variable_128""}"
main,radix-lrb,main,sorted_order_strings_nulls,Device=0 num_rows=262144 profile=fixed_8 null_percent=0,0.1871200010180474,0.18672959953546522,0.18983199894428252,1.9564601400297754,9.053221702575684,"{""null_percent"": ""0"", ""num_rows"": ""262144"", ""profile"": ""fixed_8""}"
main,radix-lrb,main,sorted_order_strings_nulls,Device=0 num_rows=2097152 profile=fixed_8 null_percent=0,0.3961215987801551,0.3920751973986625,0.39726240336894986,1.007158715792452,72.36474514007568,"{""null_percent"": ""0"", ""num_rows"": ""2097152"", ""profile"": ""fixed_8""}"
main,radix-lrb,main,sorted_order_strings_nulls,Device=0 num_rows=262144 profile=variable_128 null_percent=0,0.26618239581584935,0.259025602042675,0.2661920011043548,1.3055066895569678,9.053221702575684,"{""null_percent"": ""0"", ""num_rows"": ""262144"", ""profile"": ""variable_128""}"
main,radix-lrb,main,sorted_order_strings_nulls,Device=0 num_rows=2097152 profile=variable_128 null_percent=0,0.5407119959592819,0.5359360098838806,0.5417711973190307,0.6491642388288686,72.36474514007568,"{""null_percent"": ""0"", ""num_rows"": ""2097152"", ""profile"": ""variable_128""}"
main,radix-lrb,main,sorted_order_strings_nulls,Device=0 num_rows=262144 profile=fixed_8 null_percent=50,0.20232479795813563,0.20007839947938919,0.20773439928889276,2.1146520700553904,15.104979515075684,"{""null_percent"": ""50"", ""num_rows"": ""262144"", ""profile"": ""fixed_8""}"
main,radix-lrb,main,sorted_order_strings_nulls,Device=0 num_rows=2097152 profile=fixed_8 null_percent=50,0.6304047971963882,0.6250431954860688,0.6304751962423323,0.7400921679902,120.77197170257568,"{""null_percent"": ""50"", ""num_rows"": ""2097152"", ""profile"": ""fixed_8""}"
main,radix-lrb,main,sorted_order_strings_nulls,Device=0 num_rows=262144 profile=variable_128 null_percent=50,0.26549120098352436,0.2612847983837128,0.2660431981086731,1.3523325350290987,15.104979515075684,"{""null_percent"": ""50"", ""num_rows"": ""262144"", ""profile"": ""variable_128""}"
main,radix-lrb,main,sorted_order_strings_nulls,Device=0 num_rows=2097152 profile=variable_128 null_percent=50,0.7233568042516708,0.7173520028591156,0.7237775981426239,0.5545635937335327,120.77197170257568,"{""null_percent"": ""50"", ""num_rows"": ""2097152"", ""profile"": ""variable_128""}"
main,radix-lrb,main,sorted_order_strings_nulls,Device=0 num_rows=262144 profile=fixed_8 null_percent=100,0.007407999993301929,0.007329599955119194,0.007579199993051591,16.01714796197587,1.0,"{""null_percent"": ""100"", ""num_rows"": ""262144"", ""profile"": ""fixed_8""}"
main,radix-lrb,main,sorted_order_strings_nulls,Device=0 num_rows=2097152 profile=fixed_8 null_percent=100,0.008604800002649425,0.008463999908417464,0.008651199983432889,3.8482780737402846,8.0,"{""null_percent"": ""100"", ""num_rows"": ""2097152"", ""profile"": ""fixed_8""}"
main,radix-lrb,main,sorted_order_strings_nulls,Device=0 num_rows=262144 profile=variable_128 null_percent=100,0.007329600048251449,0.007300799968652429,0.007468799967318773,7.938515647655878,1.0,"{""null_percent"": ""100"", ""num_rows"": ""262144"", ""profile"": ""variable_128""}"
main,radix-lrb,main,sorted_order_strings_nulls,Device=0 num_rows=2097152 profile=variable_128 null_percent=100,0.008550400007516145,0.008527999976649879,0.0085871999617666,3.2730265273121852,8.0,"{""null_percent"": ""100"", ""num_rows"": ""2097152"", ""profile"": ""variable_128""}"
main,pr1-p32-c128,segments,sorted_order_strings_segments,Device=0 num_rows=32768 shared_suffix=0 segment_profile=singletons,0.18818880021572112,0.18787999972701075,0.19046559929847715,2.22378580741707,1.2369403839111328,"{""num_rows"": ""32768"", ""segment_profile"": ""singletons"", ""shared_suffix"": ""0""}"
main,pr1-p32-c128,segments,sorted_order_strings_segments,Device=0 num_rows=2097152 shared_suffix=0 segment_profile=singletons,0.6104944109916686,0.39818079471588136,0.6292623937129974,166.90544333477862,78.61487007141113,"{""num_rows"": ""2097152"", ""segment_profile"": ""singletons"", ""shared_suffix"": ""0""}"
main,pr1-p32-c128,segments,sorted_order_strings_segments,Device=0 num_rows=32768 shared_suffix=64 segment_profile=singletons,0.22364639863371852,0.22216320037841797,0.22890719920396801,9.998357787955777,1.2369403839111328,"{""num_rows"": ""32768"", ""segment_profile"": ""singletons"", ""shared_suffix"": ""64""}"
main,pr1-p32-c128,segments,sorted_order_strings_segments,Device=0 num_rows=2097152 shared_suffix=64 segment_profile=singletons,0.4787903994321823,0.47802239507436745,0.48004960268735897,1.0599327356437294,78.61487007141113,"{""num_rows"": ""2097152"", ""segment_profile"": ""singletons"", ""shared_suffix"": ""64""}"
main,pr1-p32-c128,segments,sorted_order_strings_segments,Device=0 num_rows=32768 shared_suffix=0 segment_profile=pairs,0.5308208048343659,0.52671999335289,0.5410751998424529,0.8281520462018725,1.6605281829833984,"{""num_rows"": ""32768"", ""segment_profile"": ""pairs"", ""shared_suffix"": ""0""}"
main,pr1-p32-c128,segments,sorted_order_strings_segments,Device=0 num_rows=2097152 shared_suffix=0 segment_profile=pairs,13.3457151889801,13.344784116744993,13.361665582656856,0.08698017349685074,106.2503719329834,"{""num_rows"": ""2097152"", ""segment_profile"": ""pairs"", ""shared_suffix"": ""0""}"
main,pr1-p32-c128,segments,sorted_order_strings_segments,Device=0 num_rows=32768 shared_suffix=64 segment_profile=pairs,0.6657440006732939,0.6595967978239059,0.6725184053182602,1.1455602887590033,1.6605281829833984,"{""num_rows"": ""32768"", ""segment_profile"": ""pairs"", ""shared_suffix"": ""64""}"
main,pr1-p32-c128,segments,sorted_order_strings_segments,Device=0 num_rows=2097152 shared_suffix=64 segment_profile=pairs,20.583212661743165,20.57522058486939,20.59134683609009,0.0650160191565476,106.2503719329834,"{""num_rows"": ""2097152"", ""segment_profile"": ""pairs"", ""shared_suffix"": ""64""}"
main,pr1-p32-c128,segments,sorted_order_strings_segments,Device=0 num_rows=32768 shared_suffix=0 segment_profile=tiny4,0.47274880260229113,0.4696592003107071,0.48281760066747653,1.515312786111234,1.5042781829833984,"{""num_rows"": ""32768"", ""segment_profile"": ""tiny4"", ""shared_suffix"": ""0""}"
main,pr1-p32-c128,segments,sorted_order_strings_segments,Device=0 num_rows=2097152 shared_suffix=0 segment_profile=tiny4,8.592366456985472,8.58929924964905,8.600124835968016,0.0888685751643841,96.2503719329834,"{""num_rows"": ""2097152"", ""segment_profile"": ""tiny4"", ""shared_suffix"": ""0""}"
main,pr1-p32-c128,segments,sorted_order_strings_segments,Device=0 num_rows=32768 shared_suffix=64 segment_profile=tiny4,0.6908799946308137,0.6889391958713531,0.7055264025926591,1.84405538324697,1.5042781829833984,"{""num_rows"": ""32768"", ""segment_profile"": ""tiny4"", ""shared_suffix"": ""64""}"
main,pr1-p32-c128,segments,sorted_order_strings_segments,Device=0 num_rows=2097152 shared_suffix=64 segment_profile=tiny4,20.943592071533207,20.939680194854734,20.95735187530518,0.13675656755428128,96.2503719329834,"{""num_rows"": ""2097152"", ""segment_profile"": ""tiny4"", ""shared_suffix"": ""64""}"
main,pr1-p32-c128,segments,sorted_order_strings_segments,Device=0 num_rows=32768 shared_suffix=0 segment_profile=tiny8,0.3635311990976333,0.36190239936113355,0.3685359999537468,1.2674712323606037,1.4261531829833984,"{""num_rows"": ""32768"", ""segment_profile"": ""tiny8"", ""shared_suffix"": ""0""}"
main,pr1-p32-c128,segments,sorted_order_strings_segments,Device=0 num_rows=2097152 shared_suffix=0 segment_profile=tiny8,5.735395264625549,5.731337642669677,5.743020796775818,0.09459019560112658,91.2503719329834,"{""num_rows"": ""2097152"", ""segment_profile"": ""tiny8"", ""shared_suffix"": ""0""}"
main,pr1-p32-c128,segments,sorted_order_strings_segments,Device=0 num_rows=32768 shared_suffix=64 segment_profile=tiny8,0.6046095967292785,0.6026784002780914,0.6116720020771028,1.0566767163895017,1.4261531829833984,"{""num_rows"": ""32768"", ""segment_profile"": ""tiny8"", ""shared_suffix"": ""64""}"
main,pr1-p32-c128,segments,sorted_order_strings_segments,Device=0 num_rows=2097152 shared_suffix=64 segment_profile=tiny8,19.365924930572508,19.362720108032228,19.372434997558592,0.03261379847930276,91.2503719329834,"{""num_rows"": ""2097152"", ""segment_profile"": ""tiny8"", ""shared_suffix"": ""64""}"
main,pr1-p32-c128,segments,sorted_order_strings_segments,Device=0 num_rows=32768 shared_suffix=0 segment_profile=tiny16,0.34153280258178714,0.3401424020528793,0.35325919836759573,10.315698035372446,1.3870906829833984,"{""num_rows"": ""32768"", ""segment_profile"": ""tiny16"", ""shared_suffix"": ""0""}"
main,pr1-p32-c128,segments,sorted_order_strings_segments,Device=0 num_rows=2097152 shared_suffix=0 segment_profile=tiny16,4.078780794143678,4.07635841369629,4.088025617599487,0.1610744299533389,88.7503719329834,"{""num_rows"": ""2097152"", ""segment_profile"": ""tiny16"", ""shared_suffix"": ""0""}"
main,pr1-p32-c128,segments,sorted_order_strings_segments,Device=0 num_rows=32768 shared_suffix=64 segment_profile=tiny16,0.5626368075609206,0.5625216037034988,0.5701872020959854,0.7419745105985323,1.3870906829833984,"{""num_rows"": ""32768"", ""segment_profile"": ""tiny16"", ""shared_suffix"": ""64""}"
main,pr1-p32-c128,segments,sorted_order_strings_segments,Device=0 num_rows=2097152 shared_suffix=64 segment_profile=tiny16,16.502283191680906,16.49903678894043,16.51000652313232,0.051712114517667856,88.7503719329834,"{""num_rows"": ""2097152"", ""segment_profile"": ""tiny16"", ""shared_suffix"": ""64""}"
main,pr1-p32-c128,segments,sorted_order_strings_segments,Device=0 num_rows=32768 shared_suffix=0 segment_profile=tiny32,0.33220320045948015,0.3313632026314736,0.33462399989366526,1.3648718335762473,1.3675594329833984,"{""num_rows"": ""32768"", ""segment_profile"": ""tiny32"", ""shared_suffix"": ""0""}"
main,pr1-p32-c128,segments,sorted_order_strings_segments,Device=0 num_rows=2097152 shared_suffix=0 segment_profile=tiny32,3.027799987792968,3.014480006694794,3.029905617237091,1.8601440214860039,87.5003719329834,"{""num_rows"": ""2097152"", ""segment_profile"": ""tiny32"", ""shared_suffix"": ""0""}"
main,pr1-p32-c128,segments,sorted_order_strings_segments,Device=0 num_rows=32768 shared_suffix=64 segment_profile=tiny32,0.5232959985733032,0.5222704023122788,0.5287231981754303,1.2898959710476372,1.3675594329833984,"{""num_rows"": ""32768"", ""segment_profile"": ""tiny32"", ""shared_suffix"": ""64""}"
main,pr1-p32-c128,segments,sorted_order_strings_segments,Device=0 num_rows=2097152 shared_suffix=64 segment_profile=tiny32,13.205676698684696,13.20095043182373,13.2112735748291,0.04159707904432783,87.5003719329834,"{""num_rows"": ""2097152"", ""segment_profile"": ""tiny32"", ""shared_suffix"": ""64""}"
main,pr1-p32-c128,segments,sorted_order_strings_segments,Device=0 num_rows=32768 shared_suffix=0 segment_profile=block256,0.4365024000406264,0.43525600135326376,0.44522880017757416,1.5560771939906526,1.3621835708618164,"{""num_rows"": ""32768"", ""segment_profile"": ""block256"", ""shared_suffix"": ""0""}"
main,pr1-p32-c128,segments,sorted_order_strings_segments,Device=0 num_rows=2097152 shared_suffix=0 segment_profile=block256,2.2852783918380735,2.275862407684326,2.2959247946739194,0.6051403299412051,86.75570487976074,"{""num_rows"": ""2097152"", ""segment_profile"": ""block256"", ""shared_suffix"": ""0""}"
main,pr1-p32-c128,segments,sorted_order_strings_segments,Device=0 num_rows=32768 shared_suffix=64 segment_profile=block256,1.4964543998241424,1.4951056003570555,1.5084640026092528,0.4433988693521371,1.3621835708618164,"{""num_rows"": ""32768"", ""segment_profile"": ""block256"", ""shared_suffix"": ""64""}"
main,pr1-p32-c128,segments,sorted_order_strings_segments,Device=0 num_rows=2097152 shared_suffix=64 segment_profile=block256,13.522691202163697,13.50601434707641,13.54494242668152,0.48209036562139485,86.75570487976074,"{""num_rows"": ""2097152"", ""segment_profile"": ""block256"", ""shared_suffix"": ""64""}"
main,pr1-p32-c128,segments,sorted_order_strings_segments,Device=0 num_rows=32768 shared_suffix=0 segment_profile=logarithmic,0.5927328020334246,0.5896239936351777,0.5998639941215516,1.4713437107950624,1.4583683013916016,"{""num_rows"": ""32768"", ""segment_profile"": ""logarithmic"", ""shared_suffix"": ""0""}"
main,pr1-p32-c128,segments,sorted_order_strings_segments,Device=0 num_rows=2097152 shared_suffix=0 segment_profile=logarithmic,5.713569617271424,5.708697581291199,5.7287551879882805,0.1329982467149491,93.26640129089355,"{""num_rows"": ""2097152"", ""segment_profile"": ""logarithmic"", ""shared_suffix"": ""0""}"
main,pr1-p32-c128,segments,sorted_order_strings_segments,Device=0 num_rows=32768 shared_suffix=64 segment_profile=logarithmic,1.8208544075489046,1.816843205690384,1.83303040266037,1.6130341266427959,1.4583683013916016,"{""num_rows"": ""32768"", ""segment_profile"": ""logarithmic"", ""shared_suffix"": ""64""}"
main,pr1-p32-c128,segments,sorted_order_strings_segments,Device=0 num_rows=2097152 shared_suffix=64 segment_profile=logarithmic,10.466152000427245,10.453841590881348,10.483385658264158,0.2785114257834274,93.26640129089355,"{""num_rows"": ""2097152"", ""segment_profile"": ""logarithmic"", ""shared_suffix"": ""64""}"
main,pr1-p32-c128,segments,sorted_order_strings_segments,Device=0 num_rows=32768 shared_suffix=0 segment_profile=tiny_plus_giant,0.4779408007860184,0.4774560004472732,0.479848000407219,0.9466388006654404,1.3741016387939453,"{""num_rows"": ""32768"", ""segment_profile"": ""tiny_plus_giant"", ""shared_suffix"": ""0""}"
main,pr1-p32-c128,segments,sorted_order_strings_segments,Device=0 num_rows=2097152 shared_suffix=0 segment_profile=tiny_plus_giant,5.080731153488159,5.078049612045288,5.090075182914734,0.31464766593851606,87.56611824035645,"{""num_rows"": ""2097152"", ""segment_profile"": ""tiny_plus_giant"", ""shared_suffix"": ""0""}"
main,pr1-p32-c128,segments,sorted_order_strings_segments,Device=0 num_rows=32768 shared_suffix=64 segment_profile=tiny_plus_giant,1.4793456017971038,1.4743792057037353,1.4883359968662264,1.135955232526755,1.3741016387939453,"{""num_rows"": ""32768"", ""segment_profile"": ""tiny_plus_giant"", ""shared_suffix"": ""64""}"
main,pr1-p32-c128,segments,sorted_order_strings_segments,Device=0 num_rows=2097152 shared_suffix=64 segment_profile=tiny_plus_giant,24.213049697875974,24.210673522949214,24.229048156738283,0.061813816249873706,87.56611824035645,"{""num_rows"": ""2097152"", ""segment_profile"": ""tiny_plus_giant"", ""shared_suffix"": ""64""}"
main,pr1-p32-c128,segments,sorted_order_strings_segments,Device=0 num_rows=32768 shared_suffix=0 segment_profile=hot90,0.8443856030702591,0.8431983977556229,0.8491888016462326,0.49829687794691246,1.5009593963623047,"{""num_rows"": ""32768"", ""segment_profile"": ""hot90"", ""shared_suffix"": ""0""}"
main,pr1-p32-c128,segments,sorted_order_strings_segments,Device=0 num_rows=2097152 shared_suffix=0 segment_profile=hot90,23.691398525238036,23.69024972915649,23.706318664550782,0.08686981337705699,86.61511325836182,"{""num_rows"": ""2097152"", ""segment_profile"": ""hot90"", ""shared_suffix"": ""0""}"
main,pr1-p32-c128,segments,sorted_order_strings_segments,Device=0 num_rows=32768 shared_suffix=64 segment_profile=hot90,2.881939208507538,2.877363193035125,2.8896831989288327,0.2932509498672993,1.5009593963623047,"{""num_rows"": ""32768"", ""segment_profile"": ""hot90"", ""shared_suffix"": ""64""}"
main,pr1-p32-c128,segments,sorted_order_strings_segments,Device=0 num_rows=2097152 shared_suffix=64 segment_profile=hot90,139.0287467956543,139.004141998291,139.03005142211913,0.019416851926812844,86.61511325836182,"{""num_rows"": ""2097152"", ""segment_profile"": ""hot90"", ""shared_suffix"": ""64""}"
main,pr1-p32-c128,segments,sorted_order_strings_segments,Device=0 num_rows=32768 shared_suffix=0 segment_profile=few_giants,0.43080159872770313,0.42874559760093683,0.43626399934291843,1.694821938890223,1.3672542572021484,"{""num_rows"": ""32768"", ""segment_profile"": ""few_giants"", ""shared_suffix"": ""0""}"
main,pr1-p32-c128,segments,sorted_order_strings_segments,Device=0 num_rows=2097152 shared_suffix=0 segment_profile=few_giants,4.096299171447753,4.091614389419557,4.1067071676254265,0.2517061399358945,88.62502098083496,"{""num_rows"": ""2097152"", ""segment_profile"": ""few_giants"", ""shared_suffix"": ""0""}"
main,pr1-p32-c128,segments,sorted_order_strings_segments,Device=0 num_rows=32768 shared_suffix=64 segment_profile=few_giants,1.3921375989913938,1.388627195358276,1.403158402442932,2.798859870161499,1.3672542572021484,"{""num_rows"": ""32768"", ""segment_profile"": ""few_giants"", ""shared_suffix"": ""64""}"
main,pr1-p32-c128,segments,sorted_order_strings_segments,Device=0 num_rows=2097152 shared_suffix=64 segment_profile=few_giants,15.445572757720946,15.429889440536503,15.459916830062866,0.06552785695499078,88.62502098083496,"{""num_rows"": ""2097152"", ""segment_profile"": ""few_giants"", ""shared_suffix"": ""64""}"
main,pr1-p32-c128,segments,sorted_order_strings_segments,Device=0 num_rows=32768 shared_suffix=0 segment_profile=one_segment,0.8490111947059631,0.8459680020809173,0.8577391952276231,0.5431193623988935,1.508016586303711,"{""num_rows"": ""32768"", ""segment_profile"": ""one_segment"", ""shared_suffix"": ""0""}"
main,pr1-p32-c128,segments,sorted_order_strings_segments,Device=0 num_rows=2097152 shared_suffix=0 segment_profile=one_segment,25.92547540664673,25.91042547225953,25.930247974395755,0.07679411923033165,86.61511325836182,"{""num_rows"": ""2097152"", ""segment_profile"": ""one_segment"", ""shared_suffix"": ""0""}"
main,pr1-p32-c128,segments,sorted_order_strings_segments,Device=0 num_rows=32768 shared_suffix=64 segment_profile=one_segment,2.951528000831603,2.951051187515258,2.958905589580536,0.9596565230389434,1.508016586303711,"{""num_rows"": ""32768"", ""segment_profile"": ""one_segment"", ""shared_suffix"": ""64""}"
main,pr1-p32-c128,segments,sorted_order_strings_segments,Device=0 num_rows=2097152 shared_suffix=64 segment_profile=one_segment,155.2424850463867,155.23179931640624,155.2586395263672,0.02559080989891614,86.61511325836182,"{""num_rows"": ""2097152"", ""segment_profile"": ""one_segment"", ""shared_suffix"": ""64""}"
main,pr1-p32-c128,pr-zero-collisions,sorted_order_strings_segmented_diagnostics,Device=0 num_rows=32768 profile=zero_collision_pass1,0.5977344095706939,0.5969552069902421,0.5999792009592055,0.5325458923656166,1.2381649017333984,"{""num_rows"": ""32768"", ""profile"": ""zero_collision_pass1""}"
main,pr1-p32-c128,pr-zero-collisions,sorted_order_strings_segmented_diagnostics,Device=0 num_rows=32768 profile=zero_collision_pass2,0.8720015972852706,0.8629487931728363,0.8737967997789383,0.49701116076494983,1.2381649017333984,"{""num_rows"": ""32768"", ""profile"": ""zero_collision_pass2""}"
