config,group,state,stable,descending,round,gpu_ms,noise_pct,axes
experiment-31,unstable-warps,Device=0 num_rows=32768 shared_suffix=0 segment_profile=singletons,False,False,3,0.14054592072963715,1.0551474387215554,"{""num_rows"": ""32768"", ""segment_profile"": ""singletons"", ""shared_suffix"": ""0""}"
experiment-31,unstable-warps,Device=0 num_rows=2097152 shared_suffix=0 segment_profile=singletons,False,False,3,0.3570438420772552,0.8899041824984146,"{""num_rows"": ""2097152"", ""segment_profile"": ""singletons"", ""shared_suffix"": ""0""}"
experiment-31,unstable-warps,Device=0 num_rows=32768 shared_suffix=64 segment_profile=singletons,False,False,3,0.1398476794362068,2.466700894514328,"{""num_rows"": ""32768"", ""segment_profile"": ""singletons"", ""shared_suffix"": ""64""}"
experiment-31,unstable-warps,Device=0 num_rows=2097152 shared_suffix=64 segment_profile=singletons,False,False,3,0.3934943962097168,0.870346850822871,"{""num_rows"": ""2097152"", ""segment_profile"": ""singletons"", ""shared_suffix"": ""64""}"
experiment-31,unstable-warps,Device=0 num_rows=32768 shared_suffix=0 segment_profile=pairs,False,False,3,0.1576454401016236,1.0520149972013513,"{""num_rows"": ""32768"", ""segment_profile"": ""pairs"", ""shared_suffix"": ""0""}"
experiment-31,unstable-warps,Device=0 num_rows=2097152 shared_suffix=0 segment_profile=pairs,False,False,3,0.6576454377174379,1.2319878548762166,"{""num_rows"": ""2097152"", ""segment_profile"": ""pairs"", ""shared_suffix"": ""0""}"
experiment-31,unstable-warps,Device=0 num_rows=32768 shared_suffix=64 segment_profile=pairs,False,False,3,0.1632780790328979,11.024797040100946,"{""num_rows"": ""32768"", ""segment_profile"": ""pairs"", ""shared_suffix"": ""64""}"
experiment-31,unstable-warps,Device=0 num_rows=2097152 shared_suffix=64 segment_profile=pairs,False,False,3,0.8271065640449525,0.9202903768774418,"{""num_rows"": ""2097152"", ""segment_profile"": ""pairs"", ""shared_suffix"": ""64""}"
experiment-31,unstable-warps,Device=0 num_rows=32768 shared_suffix=0 segment_profile=tiny4,False,False,3,0.15902015984058387,1.7765840994605584,"{""num_rows"": ""32768"", ""segment_profile"": ""tiny4"", ""shared_suffix"": ""0""}"
experiment-31,unstable-warps,Device=0 num_rows=2097152 shared_suffix=0 segment_profile=tiny4,False,False,3,0.5815961587429047,0.9083929924280834,"{""num_rows"": ""2097152"", ""segment_profile"": ""tiny4"", ""shared_suffix"": ""0""}"
experiment-31,unstable-warps,Device=0 num_rows=32768 shared_suffix=64 segment_profile=tiny4,False,False,3,0.1698860788345337,3.336219379274434,"{""num_rows"": ""32768"", ""segment_profile"": ""tiny4"", ""shared_suffix"": ""64""}"
experiment-31,unstable-warps,Device=0 num_rows=2097152 shared_suffix=64 segment_profile=tiny4,False,False,3,0.914935039281845,0.5052956516527322,"{""num_rows"": ""2097152"", ""segment_profile"": ""tiny4"", ""shared_suffix"": ""64""}"
experiment-31,unstable-warps,Device=0 num_rows=32768 shared_suffix=0 segment_profile=tiny8,False,False,3,0.1605177602171898,1.2008178252817712,"{""num_rows"": ""32768"", ""segment_profile"": ""tiny8"", ""shared_suffix"": ""0""}"
experiment-31,unstable-warps,Device=0 num_rows=2097152 shared_suffix=0 segment_profile=tiny8,False,False,3,0.5898656022548676,0.5790981907933441,"{""num_rows"": ""2097152"", ""segment_profile"": ""tiny8"", ""shared_suffix"": ""0""}"
experiment-31,unstable-warps,Device=0 num_rows=32768 shared_suffix=64 segment_profile=tiny8,False,False,3,0.18073919981718062,5.871240195469419,"{""num_rows"": ""32768"", ""segment_profile"": ""tiny8"", ""shared_suffix"": ""64""}"
experiment-31,unstable-warps,Device=0 num_rows=2097152 shared_suffix=64 segment_profile=tiny8,False,False,3,1.1484480071067809,0.33624390937972587,"{""num_rows"": ""2097152"", ""segment_profile"": ""tiny8"", ""shared_suffix"": ""64""}"
experiment-31,unstable-warps,Device=0 num_rows=32768 shared_suffix=0 segment_profile=tiny16,False,False,3,0.163625600039959,0.8535453331803121,"{""num_rows"": ""32768"", ""segment_profile"": ""tiny16"", ""shared_suffix"": ""0""}"
experiment-31,unstable-warps,Device=0 num_rows=2097152 shared_suffix=0 segment_profile=tiny16,False,False,3,0.6255571150779723,0.4407744755382652,"{""num_rows"": ""2097152"", ""segment_profile"": ""tiny16"", ""shared_suffix"": ""0""}"
experiment-31,unstable-warps,Device=0 num_rows=32768 shared_suffix=64 segment_profile=tiny16,False,False,3,0.18625024050474168,1.1726055921236311,"{""num_rows"": ""32768"", ""segment_profile"": ""tiny16"", ""shared_suffix"": ""64""}"
experiment-31,unstable-warps,Device=0 num_rows=2097152 shared_suffix=64 segment_profile=tiny16,False,False,3,1.3656972765922544,0.28236455243638114,"{""num_rows"": ""2097152"", ""segment_profile"": ""tiny16"", ""shared_suffix"": ""64""}"
experiment-31,unstable-warps,Device=0 num_rows=32768 shared_suffix=0 segment_profile=tiny32,False,False,3,0.1653753596544266,1.2564016316654283,"{""num_rows"": ""32768"", ""segment_profile"": ""tiny32"", ""shared_suffix"": ""0""}"
experiment-31,unstable-warps,Device=0 num_rows=2097152 shared_suffix=0 segment_profile=tiny32,False,False,3,0.6745280003547668,0.3413069677493262,"{""num_rows"": ""2097152"", ""segment_profile"": ""tiny32"", ""shared_suffix"": ""0""}"
experiment-31,unstable-warps,Device=0 num_rows=32768 shared_suffix=64 segment_profile=tiny32,False,False,3,0.1967027208209037,2.5394541493864007,"{""num_rows"": ""32768"", ""segment_profile"": ""tiny32"", ""shared_suffix"": ""64""}"
experiment-31,unstable-warps,Device=0 num_rows=2097152 shared_suffix=64 segment_profile=tiny32,False,False,3,1.6556985688209536,0.22074573552365073,"{""num_rows"": ""2097152"", ""segment_profile"": ""tiny32"", ""shared_suffix"": ""64""}"
experiment-1,stable-warps,Device=0 num_rows=32768 shared_suffix=0 segment_profile=pairs,True,False,0,0.16039295852184293,7.607715281533317,"{""num_rows"": ""32768"", ""segment_profile"": ""pairs"", ""shared_suffix"": ""0""}"
experiment-1,stable-warps,Device=0 num_rows=2097152 shared_suffix=0 segment_profile=pairs,True,False,0,0.658724483251572,1.2045378642876021,"{""num_rows"": ""2097152"", ""segment_profile"": ""pairs"", ""shared_suffix"": ""0""}"
experiment-1,stable-warps,Device=0 num_rows=32768 shared_suffix=64 segment_profile=pairs,True,False,0,0.16055296063423158,1.262058532891263,"{""num_rows"": ""32768"", ""segment_profile"": ""pairs"", ""shared_suffix"": ""64""}"
experiment-1,stable-warps,Device=0 num_rows=2097152 shared_suffix=64 segment_profile=pairs,True,False,0,0.8635526442527772,0.7353354427001897,"{""num_rows"": ""2097152"", ""segment_profile"": ""pairs"", ""shared_suffix"": ""64""}"
experiment-1,stable-warps,Device=0 num_rows=32768 shared_suffix=0 segment_profile=tiny4,True,False,0,0.1595059204101562,7.554864095805179,"{""num_rows"": ""32768"", ""segment_profile"": ""tiny4"", ""shared_suffix"": ""0""}"
experiment-1,stable-warps,Device=0 num_rows=2097152 shared_suffix=0 segment_profile=tiny4,True,False,0,0.617978880405426,0.8722825234735141,"{""num_rows"": ""2097152"", ""segment_profile"": ""tiny4"", ""shared_suffix"": ""0""}"
experiment-1,stable-warps,Device=0 num_rows=32768 shared_suffix=64 segment_profile=tiny4,True,False,0,0.1736531201004982,1.3071904694453085,"{""num_rows"": ""32768"", ""segment_profile"": ""tiny4"", ""shared_suffix"": ""64""}"
experiment-1,stable-warps,Device=0 num_rows=2097152 shared_suffix=64 segment_profile=tiny4,True,False,0,1.0583756709098815,0.517898938776396,"{""num_rows"": ""2097152"", ""segment_profile"": ""tiny4"", ""shared_suffix"": ""64""}"
experiment-1,stable-warps,Device=0 num_rows=32768 shared_suffix=0 segment_profile=tiny8,True,False,0,0.16573312014341354,0.7061950956031638,"{""num_rows"": ""32768"", ""segment_profile"": ""tiny8"", ""shared_suffix"": ""0""}"
experiment-1,stable-warps,Device=0 num_rows=2097152 shared_suffix=0 segment_profile=tiny8,True,False,0,0.701993601322174,0.6193403607921855,"{""num_rows"": ""2097152"", ""segment_profile"": ""tiny8"", ""shared_suffix"": ""0""}"
experiment-1,stable-warps,Device=0 num_rows=32768 shared_suffix=64 segment_profile=tiny8,True,False,0,0.19228032022714617,1.3783754724173232,"{""num_rows"": ""32768"", ""segment_profile"": ""tiny8"", ""shared_suffix"": ""64""}"
experiment-1,stable-warps,Device=0 num_rows=2097152 shared_suffix=64 segment_profile=tiny8,True,False,0,1.4873273611068722,0.2601760716997203,"{""num_rows"": ""2097152"", ""segment_profile"": ""tiny8"", ""shared_suffix"": ""64""}"
experiment-1,stable-warps,Device=0 num_rows=32768 shared_suffix=0 segment_profile=tiny16,True,False,0,0.17228735953569413,1.7464304355497644,"{""num_rows"": ""32768"", ""segment_profile"": ""tiny16"", ""shared_suffix"": ""0""}"
experiment-1,stable-warps,Device=0 num_rows=2097152 shared_suffix=0 segment_profile=tiny16,True,False,0,0.782796158790588,0.4157739626529183,"{""num_rows"": ""2097152"", ""segment_profile"": ""tiny16"", ""shared_suffix"": ""0""}"
experiment-1,stable-warps,Device=0 num_rows=32768 shared_suffix=64 segment_profile=tiny16,True,False,0,0.20803968101739884,5.5084989924533305,"{""num_rows"": ""32768"", ""segment_profile"": ""tiny16"", ""shared_suffix"": ""64""}"
experiment-1,stable-warps,Device=0 num_rows=2097152 shared_suffix=64 segment_profile=tiny16,True,False,0,1.977788801193237,0.2291212797220605,"{""num_rows"": ""2097152"", ""segment_profile"": ""tiny16"", ""shared_suffix"": ""64""}"
experiment-1,stable-warps,Device=0 num_rows=32768 shared_suffix=0 segment_profile=tiny32,True,False,0,0.17521152019500738,1.2696851101770792,"{""num_rows"": ""32768"", ""segment_profile"": ""tiny32"", ""shared_suffix"": ""0""}"
experiment-1,stable-warps,Device=0 num_rows=2097152 shared_suffix=0 segment_profile=tiny32,True,False,0,0.9038995218276983,0.28876526872879316,"{""num_rows"": ""2097152"", ""segment_profile"": ""tiny32"", ""shared_suffix"": ""0""}"
experiment-1,stable-warps,Device=0 num_rows=32768 shared_suffix=64 segment_profile=tiny32,True,False,0,0.2235199999809265,1.9552700073998448,"{""num_rows"": ""32768"", ""segment_profile"": ""tiny32"", ""shared_suffix"": ""64""}"
experiment-1,stable-warps,Device=0 num_rows=2097152 shared_suffix=64 segment_profile=tiny32,True,False,0,2.5138444614410393,0.21268630272071484,"{""num_rows"": ""2097152"", ""segment_profile"": ""tiny32"", ""shared_suffix"": ""64""}"
baseline,zero,Device=0 num_rows=32768 profile=zero_collision_pass1,False,False,2,0.21899327963590623,0.7017780630741458,"{""num_rows"": ""32768"", ""profile"": ""zero_collision_pass1""}"
baseline,zero,Device=0 num_rows=32768 profile=zero_collision_pass2,False,False,2,0.2977113580703735,0.961832015908351,"{""num_rows"": ""32768"", ""profile"": ""zero_collision_pass2""}"
experiment-15,stable-warps-desc,Device=0 num_rows=32768 shared_suffix=0 segment_profile=pairs,True,True,1,0.15873727977275845,1.7341097513118002,"{""num_rows"": ""32768"", ""segment_profile"": ""pairs"", ""shared_suffix"": ""0""}"
experiment-15,stable-warps-desc,Device=0 num_rows=2097152 shared_suffix=0 segment_profile=pairs,True,True,1,0.6508230364322662,2.4358959682492323,"{""num_rows"": ""2097152"", ""segment_profile"": ""pairs"", ""shared_suffix"": ""0""}"
experiment-15,stable-warps-desc,Device=0 num_rows=32768 shared_suffix=64 segment_profile=pairs,True,True,1,0.1589798408746719,0.5810837482169615,"{""num_rows"": ""32768"", ""segment_profile"": ""pairs"", ""shared_suffix"": ""64""}"
experiment-15,stable-warps-desc,Device=0 num_rows=2097152 shared_suffix=64 segment_profile=pairs,True,True,1,0.8209971213340761,0.7834497950064973,"{""num_rows"": ""2097152"", ""segment_profile"": ""pairs"", ""shared_suffix"": ""64""}"
experiment-15,stable-warps-desc,Device=0 num_rows=32768 shared_suffix=0 segment_profile=tiny4,True,True,1,0.1568128004670143,0.7968618202046428,"{""num_rows"": ""32768"", ""segment_profile"": ""tiny4"", ""shared_suffix"": ""0""}"
experiment-15,stable-warps-desc,Device=0 num_rows=2097152 shared_suffix=0 segment_profile=tiny4,True,True,1,0.5736742365360259,1.0193466347688973,"{""num_rows"": ""2097152"", ""segment_profile"": ""tiny4"", ""shared_suffix"": ""0""}"
experiment-15,stable-warps-desc,Device=0 num_rows=32768 shared_suffix=64 segment_profile=tiny4,True,True,1,0.16763135999441145,0.94009463645096,"{""num_rows"": ""32768"", ""segment_profile"": ""tiny4"", ""shared_suffix"": ""64""}"
experiment-15,stable-warps-desc,Device=0 num_rows=2097152 shared_suffix=64 segment_profile=tiny4,True,True,1,0.9085932791233065,0.5404819170141206,"{""num_rows"": ""2097152"", ""segment_profile"": ""tiny4"", ""shared_suffix"": ""64""}"
experiment-15,stable-warps-desc,Device=0 num_rows=32768 shared_suffix=0 segment_profile=tiny8,True,True,1,0.15856255918741222,0.7413166906500052,"{""num_rows"": ""32768"", ""segment_profile"": ""tiny8"", ""shared_suffix"": ""0""}"
experiment-15,stable-warps-desc,Device=0 num_rows=2097152 shared_suffix=0 segment_profile=tiny8,True,True,1,0.5780441594123839,0.5823199751765945,"{""num_rows"": ""2097152"", ""segment_profile"": ""tiny8"", ""shared_suffix"": ""0""}"
experiment-15,stable-warps-desc,Device=0 num_rows=32768 shared_suffix=64 segment_profile=tiny8,True,True,1,0.17721343904733655,1.284980272418879,"{""num_rows"": ""32768"", ""segment_profile"": ""tiny8"", ""shared_suffix"": ""64""}"
experiment-15,stable-warps-desc,Device=0 num_rows=2097152 shared_suffix=64 segment_profile=tiny8,True,True,1,1.1361439967155456,0.3931581582496322,"{""num_rows"": ""2097152"", ""segment_profile"": ""tiny8"", ""shared_suffix"": ""64""}"
experiment-15,stable-warps-desc,Device=0 num_rows=32768 shared_suffix=0 segment_profile=tiny16,True,True,1,0.16095103979110711,1.3355927070003528,"{""num_rows"": ""32768"", ""segment_profile"": ""tiny16"", ""shared_suffix"": ""0""}"
experiment-15,stable-warps-desc,Device=0 num_rows=2097152 shared_suffix=0 segment_profile=tiny16,True,True,1,0.6049779224395753,0.5917417112930665,"{""num_rows"": ""2097152"", ""segment_profile"": ""tiny16"", ""shared_suffix"": ""0""}"
experiment-15,stable-warps-desc,Device=0 num_rows=32768 shared_suffix=64 segment_profile=tiny16,True,True,1,0.1842169594764709,1.121176846940918,"{""num_rows"": ""32768"", ""segment_profile"": ""tiny16"", ""shared_suffix"": ""64""}"
experiment-15,stable-warps-desc,Device=0 num_rows=2097152 shared_suffix=64 segment_profile=tiny16,True,True,1,1.34608767747879,0.3401062755440534,"{""num_rows"": ""2097152"", ""segment_profile"": ""tiny16"", ""shared_suffix"": ""64""}"
experiment-15,stable-warps-desc,Device=0 num_rows=32768 shared_suffix=0 segment_profile=tiny32,True,True,1,0.16270656049251556,1.4524978582908719,"{""num_rows"": ""32768"", ""segment_profile"": ""tiny32"", ""shared_suffix"": ""0""}"
experiment-15,stable-warps-desc,Device=0 num_rows=2097152 shared_suffix=0 segment_profile=tiny32,True,True,1,0.6586623942852022,0.5318261879811038,"{""num_rows"": ""2097152"", ""segment_profile"": ""tiny32"", ""shared_suffix"": ""0""}"
experiment-15,stable-warps-desc,Device=0 num_rows=32768 shared_suffix=64 segment_profile=tiny32,True,True,1,0.19372543990612032,1.3316617531509232,"{""num_rows"": ""32768"", ""segment_profile"": ""tiny32"", ""shared_suffix"": ""64""}"
experiment-15,stable-warps-desc,Device=0 num_rows=2097152 shared_suffix=64 segment_profile=tiny32,True,True,1,1.6390796852111817,0.2848126569951822,"{""num_rows"": ""2097152"", ""segment_profile"": ""tiny32"", ""shared_suffix"": ""64""}"
experiment-31,zero,Device=0 num_rows=32768 profile=zero_collision_pass1,False,False,2,0.2155334404110908,0.9801014993519943,"{""num_rows"": ""32768"", ""profile"": ""zero_collision_pass1""}"
experiment-31,zero,Device=0 num_rows=32768 profile=zero_collision_pass2,False,False,2,0.29066752076148983,0.92987832563882,"{""num_rows"": ""32768"", ""profile"": ""zero_collision_pass2""}"
experiment-2,stable-warps-desc,Device=0 num_rows=32768 shared_suffix=0 segment_profile=pairs,True,True,0,0.16123071938753125,1.6795808021144256,"{""num_rows"": ""32768"", ""segment_profile"": ""pairs"", ""shared_suffix"": ""0""}"
experiment-2,stable-warps-desc,Device=0 num_rows=2097152 shared_suffix=0 segment_profile=pairs,True,True,0,0.6523820817470549,1.1702424454635074,"{""num_rows"": ""2097152"", ""segment_profile"": ""pairs"", ""shared_suffix"": ""0""}"
experiment-2,stable-warps-desc,Device=0 num_rows=32768 shared_suffix=64 segment_profile=pairs,True,True,0,0.16239871948957446,2.2872502749074513,"{""num_rows"": ""32768"", ""segment_profile"": ""pairs"", ""shared_suffix"": ""64""}"
experiment-2,stable-warps-desc,Device=0 num_rows=2097152 shared_suffix=64 segment_profile=pairs,True,True,0,0.826786558628082,2.5036122506305576,"{""num_rows"": ""2097152"", ""segment_profile"": ""pairs"", ""shared_suffix"": ""64""}"
experiment-2,stable-warps-desc,Device=0 num_rows=32768 shared_suffix=0 segment_profile=tiny4,True,True,0,0.15942463934421536,1.4888273651353672,"{""num_rows"": ""32768"", ""segment_profile"": ""tiny4"", ""shared_suffix"": ""0""}"
experiment-2,stable-warps-desc,Device=0 num_rows=2097152 shared_suffix=0 segment_profile=tiny4,True,True,0,0.5794924795627596,0.9278660868613474,"{""num_rows"": ""2097152"", ""segment_profile"": ""tiny4"", ""shared_suffix"": ""0""}"
experiment-2,stable-warps-desc,Device=0 num_rows=32768 shared_suffix=64 segment_profile=tiny4,True,True,0,0.16980095982551577,2.068440274312815,"{""num_rows"": ""32768"", ""segment_profile"": ""tiny4"", ""shared_suffix"": ""64""}"
experiment-2,stable-warps-desc,Device=0 num_rows=2097152 shared_suffix=64 segment_profile=tiny4,True,True,0,0.9125715148448943,0.5051587054066478,"{""num_rows"": ""2097152"", ""segment_profile"": ""tiny4"", ""shared_suffix"": ""64""}"
experiment-2,stable-warps-desc,Device=0 num_rows=32768 shared_suffix=0 segment_profile=tiny8,True,True,0,0.16087872087955477,1.3979389237383555,"{""num_rows"": ""32768"", ""segment_profile"": ""tiny8"", ""shared_suffix"": ""0""}"
experiment-2,stable-warps-desc,Device=0 num_rows=2097152 shared_suffix=0 segment_profile=tiny8,True,True,0,0.5879359996318817,0.6373817261638253,"{""num_rows"": ""2097152"", ""segment_profile"": ""tiny8"", ""shared_suffix"": ""0""}"
experiment-2,stable-warps-desc,Device=0 num_rows=32768 shared_suffix=64 segment_profile=tiny8,True,True,0,0.1785625606775284,1.7657113026258795,"{""num_rows"": ""32768"", ""segment_profile"": ""tiny8"", ""shared_suffix"": ""64""}"
experiment-2,stable-warps-desc,Device=0 num_rows=2097152 shared_suffix=64 segment_profile=tiny8,True,True,0,1.1455225563049314,0.4118149068524037,"{""num_rows"": ""2097152"", ""segment_profile"": ""tiny8"", ""shared_suffix"": ""64""}"
experiment-2,stable-warps-desc,Device=0 num_rows=32768 shared_suffix=0 segment_profile=tiny16,True,True,0,0.16208703905344005,0.7526624187591199,"{""num_rows"": ""32768"", ""segment_profile"": ""tiny16"", ""shared_suffix"": ""0""}"
experiment-2,stable-warps-desc,Device=0 num_rows=2097152 shared_suffix=0 segment_profile=tiny16,True,True,0,0.6172512018680572,0.4762964749996125,"{""num_rows"": ""2097152"", ""segment_profile"": ""tiny16"", ""shared_suffix"": ""0""}"
experiment-2,stable-warps-desc,Device=0 num_rows=32768 shared_suffix=64 segment_profile=tiny16,True,True,0,0.1857843205332756,1.281770325920876,"{""num_rows"": ""32768"", ""segment_profile"": ""tiny16"", ""shared_suffix"": ""64""}"
experiment-2,stable-warps-desc,Device=0 num_rows=2097152 shared_suffix=64 segment_profile=tiny16,True,True,0,1.3594547176361085,0.3033874066372645,"{""num_rows"": ""2097152"", ""segment_profile"": ""tiny16"", ""shared_suffix"": ""64""}"
experiment-2,stable-warps-desc,Device=0 num_rows=32768 shared_suffix=0 segment_profile=tiny32,True,True,0,0.1669036787748337,2.0136896240237716,"{""num_rows"": ""32768"", ""segment_profile"": ""tiny32"", ""shared_suffix"": ""0""}"
experiment-2,stable-warps-desc,Device=0 num_rows=2097152 shared_suffix=0 segment_profile=tiny32,True,True,0,0.6741011190414431,0.41725516410984853,"{""num_rows"": ""2097152"", ""segment_profile"": ""tiny32"", ""shared_suffix"": ""0""}"
experiment-2,stable-warps-desc,Device=0 num_rows=32768 shared_suffix=64 segment_profile=tiny32,True,True,0,0.19545983910560608,1.0748323477029869,"{""num_rows"": ""32768"", ""segment_profile"": ""tiny32"", ""shared_suffix"": ""64""}"
experiment-2,stable-warps-desc,Device=0 num_rows=2097152 shared_suffix=64 segment_profile=tiny32,True,True,0,1.6509100770950313,0.23941149392733302,"{""num_rows"": ""2097152"", ""segment_profile"": ""tiny32"", ""shared_suffix"": ""64""}"
experiment-31,identity-null,Device=0 num_rows=2097152 profile=fixed_8 null_percent=100,False,False,4,0.008801920022815468,15.958592834912114,"{""null_percent"": ""100"", ""num_rows"": ""2097152"", ""profile"": ""fixed_8""}"
experiment-3,stable-warps,Device=0 num_rows=32768 shared_suffix=0 segment_profile=pairs,True,False,2,0.1518150407075882,1.4934756424985758,"{""num_rows"": ""32768"", ""segment_profile"": ""pairs"", ""shared_suffix"": ""0""}"
experiment-3,stable-warps,Device=0 num_rows=2097152 shared_suffix=0 segment_profile=pairs,True,False,2,0.6493203151226044,0.9323001371105023,"{""num_rows"": ""2097152"", ""segment_profile"": ""pairs"", ""shared_suffix"": ""0""}"
experiment-3,stable-warps,Device=0 num_rows=32768 shared_suffix=64 segment_profile=pairs,True,False,2,0.15897343993186955,0.7744886282340385,"{""num_rows"": ""32768"", ""segment_profile"": ""pairs"", ""shared_suffix"": ""64""}"
experiment-3,stable-warps,Device=0 num_rows=2097152 shared_suffix=64 segment_profile=pairs,True,False,2,0.8193049609661105,0.7103143336596592,"{""num_rows"": ""2097152"", ""segment_profile"": ""pairs"", ""shared_suffix"": ""64""}"
experiment-3,stable-warps,Device=0 num_rows=32768 shared_suffix=0 segment_profile=tiny4,True,False,2,0.15593535989522928,1.5638442508646173,"{""num_rows"": ""32768"", ""segment_profile"": ""tiny4"", ""shared_suffix"": ""0""}"
experiment-3,stable-warps,Device=0 num_rows=2097152 shared_suffix=0 segment_profile=tiny4,True,False,2,0.5722643208503724,0.719135610514099,"{""num_rows"": ""2097152"", ""segment_profile"": ""tiny4"", ""shared_suffix"": ""0""}"
experiment-3,stable-warps,Device=0 num_rows=32768 shared_suffix=64 segment_profile=tiny4,True,False,2,0.16745151877403258,0.9038572909209853,"{""num_rows"": ""32768"", ""segment_profile"": ""tiny4"", ""shared_suffix"": ""64""}"
experiment-3,stable-warps,Device=0 num_rows=2097152 shared_suffix=64 segment_profile=tiny4,True,False,2,0.905394561290741,0.525872352088013,"{""num_rows"": ""2097152"", ""segment_profile"": ""tiny4"", ""shared_suffix"": ""64""}"
experiment-3,stable-warps,Device=0 num_rows=32768 shared_suffix=0 segment_profile=tiny8,True,False,2,0.15705983877182006,2.2591076598387763,"{""num_rows"": ""32768"", ""segment_profile"": ""tiny8"", ""shared_suffix"": ""0""}"
experiment-3,stable-warps,Device=0 num_rows=2097152 shared_suffix=0 segment_profile=tiny8,True,False,2,0.5785535979270934,0.7148158073884191,"{""num_rows"": ""2097152"", ""segment_profile"": ""tiny8"", ""shared_suffix"": ""0""}"
experiment-3,stable-warps,Device=0 num_rows=32768 shared_suffix=64 segment_profile=tiny8,True,False,2,0.17638080030679704,1.0227071345843604,"{""num_rows"": ""32768"", ""segment_profile"": ""tiny8"", ""shared_suffix"": ""64""}"
experiment-3,stable-warps,Device=0 num_rows=2097152 shared_suffix=64 segment_profile=tiny8,True,False,2,1.1361651182174686,0.2999944875584821,"{""num_rows"": ""2097152"", ""segment_profile"": ""tiny8"", ""shared_suffix"": ""64""}"
experiment-3,stable-warps,Device=0 num_rows=32768 shared_suffix=0 segment_profile=tiny16,True,False,2,0.15816960036754607,2.1841322541968298,"{""num_rows"": ""32768"", ""segment_profile"": ""tiny16"", ""shared_suffix"": ""0""}"
experiment-3,stable-warps,Device=0 num_rows=2097152 shared_suffix=0 segment_profile=tiny16,True,False,2,0.6050169622898103,0.4911999826090721,"{""num_rows"": ""2097152"", ""segment_profile"": ""tiny16"", ""shared_suffix"": ""0""}"
experiment-3,stable-warps,Device=0 num_rows=32768 shared_suffix=64 segment_profile=tiny16,True,False,2,0.18676415979862213,13.385319403260961,"{""num_rows"": ""32768"", ""segment_profile"": ""tiny16"", ""shared_suffix"": ""64""}"
experiment-3,stable-warps,Device=0 num_rows=2097152 shared_suffix=64 segment_profile=tiny16,True,False,2,1.3462848043441775,0.3216261625913917,"{""num_rows"": ""2097152"", ""segment_profile"": ""tiny16"", ""shared_suffix"": ""64""}"
experiment-3,stable-warps,Device=0 num_rows=32768 shared_suffix=0 segment_profile=tiny32,True,False,2,0.1615232005715371,16.447545407941536,"{""num_rows"": ""32768"", ""segment_profile"": ""tiny32"", ""shared_suffix"": ""0""}"
experiment-3,stable-warps,Device=0 num_rows=2097152 shared_suffix=0 segment_profile=tiny32,True,False,2,0.6560947167873382,0.47942323970189904,"{""num_rows"": ""2097152"", ""segment_profile"": ""tiny32"", ""shared_suffix"": ""0""}"
experiment-3,stable-warps,Device=0 num_rows=32768 shared_suffix=64 segment_profile=tiny32,True,False,2,0.19138048082590098,2.2087850785200773,"{""num_rows"": ""32768"", ""segment_profile"": ""tiny32"", ""shared_suffix"": ""64""}"
experiment-3,stable-warps,Device=0 num_rows=2097152 shared_suffix=64 segment_profile=tiny32,True,False,2,1.6373536038398748,0.23180098940711846,"{""num_rows"": ""2097152"", ""segment_profile"": ""tiny32"", ""shared_suffix"": ""64""}"
experiment-31,stable-warps,Device=0 num_rows=32768 shared_suffix=0 segment_profile=pairs,True,False,0,0.15934976071119306,1.4363069582616188,"{""num_rows"": ""32768"", ""segment_profile"": ""pairs"", ""shared_suffix"": ""0""}"
experiment-31,stable-warps,Device=0 num_rows=2097152 shared_suffix=0 segment_profile=pairs,True,False,0,0.6513721609115601,1.0062275462747958,"{""num_rows"": ""2097152"", ""segment_profile"": ""pairs"", ""shared_suffix"": ""0""}"
experiment-31,stable-warps,Device=0 num_rows=32768 shared_suffix=64 segment_profile=pairs,True,False,0,0.1585254403948784,0.703920966509747,"{""num_rows"": ""32768"", ""segment_profile"": ""pairs"", ""shared_suffix"": ""64""}"
experiment-31,stable-warps,Device=0 num_rows=2097152 shared_suffix=64 segment_profile=pairs,True,False,0,0.8203756809234617,0.666249805793954,"{""num_rows"": ""2097152"", ""segment_profile"": ""pairs"", ""shared_suffix"": ""64""}"
experiment-31,stable-warps,Device=0 num_rows=32768 shared_suffix=0 segment_profile=tiny4,True,False,0,0.15688383907079692,1.1978052132387245,"{""num_rows"": ""32768"", ""segment_profile"": ""tiny4"", ""shared_suffix"": ""0""}"
experiment-31,stable-warps,Device=0 num_rows=2097152 shared_suffix=0 segment_profile=tiny4,True,False,0,0.5752710402011871,0.9446361422782964,"{""num_rows"": ""2097152"", ""segment_profile"": ""tiny4"", ""shared_suffix"": ""0""}"
experiment-31,stable-warps,Device=0 num_rows=32768 shared_suffix=64 segment_profile=tiny4,True,False,0,0.16742335915565487,1.3008028851834794,"{""num_rows"": ""32768"", ""segment_profile"": ""tiny4"", ""shared_suffix"": ""64""}"
experiment-31,stable-warps,Device=0 num_rows=2097152 shared_suffix=64 segment_profile=tiny4,True,False,0,0.9150195193290711,5.625896883129136,"{""num_rows"": ""2097152"", ""segment_profile"": ""tiny4"", ""shared_suffix"": ""64""}"
experiment-31,stable-warps,Device=0 num_rows=32768 shared_suffix=0 segment_profile=tiny8,True,False,0,0.15830848008394244,0.514086451033429,"{""num_rows"": ""32768"", ""segment_profile"": ""tiny8"", ""shared_suffix"": ""0""}"
experiment-31,stable-warps,Device=0 num_rows=2097152 shared_suffix=0 segment_profile=tiny8,True,False,0,0.5779443156719205,0.6556738668848544,"{""num_rows"": ""2097152"", ""segment_profile"": ""tiny8"", ""shared_suffix"": ""0""}"
experiment-31,stable-warps,Device=0 num_rows=32768 shared_suffix=64 segment_profile=tiny8,True,False,0,0.17656383961439126,0.8469892646114068,"{""num_rows"": ""32768"", ""segment_profile"": ""tiny8"", ""shared_suffix"": ""64""}"
experiment-31,stable-warps,Device=0 num_rows=2097152 shared_suffix=64 segment_profile=tiny8,True,False,0,1.1365567994117738,0.33503975522413604,"{""num_rows"": ""2097152"", ""segment_profile"": ""tiny8"", ""shared_suffix"": ""64""}"
experiment-31,stable-warps,Device=0 num_rows=32768 shared_suffix=0 segment_profile=tiny16,True,False,0,0.16093439966440193,0.7399849537291829,"{""num_rows"": ""32768"", ""segment_profile"": ""tiny16"", ""shared_suffix"": ""0""}"
experiment-31,stable-warps,Device=0 num_rows=2097152 shared_suffix=0 segment_profile=tiny16,True,False,0,0.6063532781600952,0.40861215496332387,"{""num_rows"": ""2097152"", ""segment_profile"": ""tiny16"", ""shared_suffix"": ""0""}"
experiment-31,stable-warps,Device=0 num_rows=32768 shared_suffix=64 segment_profile=tiny16,True,False,0,0.18418879985809325,1.5438824142025176,"{""num_rows"": ""32768"", ""segment_profile"": ""tiny16"", ""shared_suffix"": ""64""}"
experiment-31,stable-warps,Device=0 num_rows=2097152 shared_suffix=64 segment_profile=tiny16,True,False,0,1.3485612821578974,0.32716944653104096,"{""num_rows"": ""2097152"", ""segment_profile"": ""tiny16"", ""shared_suffix"": ""64""}"
experiment-31,stable-warps,Device=0 num_rows=32768 shared_suffix=0 segment_profile=tiny32,True,False,0,0.1626713600754738,2.268830876956308,"{""num_rows"": ""32768"", ""segment_profile"": ""tiny32"", ""shared_suffix"": ""0""}"
experiment-31,stable-warps,Device=0 num_rows=2097152 shared_suffix=0 segment_profile=tiny32,True,False,0,0.6583174407482146,0.3640423666096338,"{""num_rows"": ""2097152"", ""segment_profile"": ""tiny32"", ""shared_suffix"": ""0""}"
experiment-31,stable-warps,Device=0 num_rows=32768 shared_suffix=64 segment_profile=tiny32,True,False,0,0.1934918403625488,1.4167530111285047,"{""num_rows"": ""32768"", ""segment_profile"": ""tiny32"", ""shared_suffix"": ""64""}"
experiment-31,stable-warps,Device=0 num_rows=2097152 shared_suffix=64 segment_profile=tiny32,True,False,0,1.6386399912834166,0.23663686066815315,"{""num_rows"": ""2097152"", ""segment_profile"": ""tiny32"", ""shared_suffix"": ""64""}"
experiment-0,zero,Device=0 num_rows=32768 profile=zero_collision_pass1,False,False,1,0.21261439979076385,1.380828009150643,"{""num_rows"": ""32768"", ""profile"": ""zero_collision_pass1""}"
experiment-0,zero,Device=0 num_rows=32768 profile=zero_collision_pass2,False,False,1,0.292807040810585,1.0542780195977355,"{""num_rows"": ""32768"", ""profile"": ""zero_collision_pass2""}"
experiment-1,unstable-warps,Device=0 num_rows=32768 shared_suffix=0 segment_profile=singletons,False,False,3,0.1391667193174362,1.5712956770101971,"{""num_rows"": ""32768"", ""segment_profile"": ""singletons"", ""shared_suffix"": ""0""}"
experiment-1,unstable-warps,Device=0 num_rows=2097152 shared_suffix=0 segment_profile=singletons,False,False,3,0.3511660808324813,0.7886484205727579,"{""num_rows"": ""2097152"", ""segment_profile"": ""singletons"", ""shared_suffix"": ""0""}"
experiment-1,unstable-warps,Device=0 num_rows=32768 shared_suffix=64 segment_profile=singletons,False,False,3,0.1362668806314468,0.9839981854814497,"{""num_rows"": ""32768"", ""segment_profile"": ""singletons"", ""shared_suffix"": ""64""}"
experiment-1,unstable-warps,Device=0 num_rows=2097152 shared_suffix=64 segment_profile=singletons,False,False,3,0.3893279987573623,0.7151546982930792,"{""num_rows"": ""2097152"", ""segment_profile"": ""singletons"", ""shared_suffix"": ""64""}"
experiment-1,unstable-warps,Device=0 num_rows=32768 shared_suffix=0 segment_profile=pairs,False,False,3,0.1562681597471237,1.4981627613167596,"{""num_rows"": ""32768"", ""segment_profile"": ""pairs"", ""shared_suffix"": ""0""}"
experiment-1,unstable-warps,Device=0 num_rows=2097152 shared_suffix=0 segment_profile=pairs,False,False,3,0.6506924796104431,1.1541897698295385,"{""num_rows"": ""2097152"", ""segment_profile"": ""pairs"", ""shared_suffix"": ""0""}"
experiment-1,unstable-warps,Device=0 num_rows=32768 shared_suffix=64 segment_profile=pairs,False,False,3,0.15842431992292405,1.2548474935398382,"{""num_rows"": ""32768"", ""segment_profile"": ""pairs"", ""shared_suffix"": ""64""}"
experiment-1,unstable-warps,Device=0 num_rows=2097152 shared_suffix=64 segment_profile=pairs,False,False,3,0.8217721593379974,1.0907389391769189,"{""num_rows"": ""2097152"", ""segment_profile"": ""pairs"", ""shared_suffix"": ""64""}"
experiment-1,unstable-warps,Device=0 num_rows=32768 shared_suffix=0 segment_profile=tiny4,False,False,3,0.15657536000013353,1.7037928024282512,"{""num_rows"": ""32768"", ""segment_profile"": ""tiny4"", ""shared_suffix"": ""0""}"
experiment-1,unstable-warps,Device=0 num_rows=2097152 shared_suffix=0 segment_profile=tiny4,False,False,3,0.5763014447689058,0.9989311321653165,"{""num_rows"": ""2097152"", ""segment_profile"": ""tiny4"", ""shared_suffix"": ""0""}"
experiment-1,unstable-warps,Device=0 num_rows=32768 shared_suffix=64 segment_profile=tiny4,False,False,3,0.1673561596870423,1.4186731542572324,"{""num_rows"": ""32768"", ""segment_profile"": ""tiny4"", ""shared_suffix"": ""64""}"
experiment-1,unstable-warps,Device=0 num_rows=2097152 shared_suffix=64 segment_profile=tiny4,False,False,3,0.9095596742630003,0.5479336393275867,"{""num_rows"": ""2097152"", ""segment_profile"": ""tiny4"", ""shared_suffix"": ""64""}"
experiment-1,unstable-warps,Device=0 num_rows=32768 shared_suffix=0 segment_profile=tiny8,False,False,3,0.15936063885688778,0.8504286389693114,"{""num_rows"": ""32768"", ""segment_profile"": ""tiny8"", ""shared_suffix"": ""0""}"
experiment-1,unstable-warps,Device=0 num_rows=2097152 shared_suffix=0 segment_profile=tiny8,False,False,3,0.5858176016807556,0.7776211795662369,"{""num_rows"": ""2097152"", ""segment_profile"": ""tiny8"", ""shared_suffix"": ""0""}"
experiment-1,unstable-warps,Device=0 num_rows=32768 shared_suffix=64 segment_profile=tiny8,False,False,3,0.1766777595877647,1.1065751337239982,"{""num_rows"": ""32768"", ""segment_profile"": ""tiny8"", ""shared_suffix"": ""64""}"
experiment-1,unstable-warps,Device=0 num_rows=2097152 shared_suffix=64 segment_profile=tiny8,False,False,3,1.1449292850494386,0.3855405903246695,"{""num_rows"": ""2097152"", ""segment_profile"": ""tiny8"", ""shared_suffix"": ""64""}"
experiment-1,unstable-warps,Device=0 num_rows=32768 shared_suffix=0 segment_profile=tiny16,False,False,3,0.16228863984346392,1.1569770440355642,"{""num_rows"": ""32768"", ""segment_profile"": ""tiny16"", ""shared_suffix"": ""0""}"
experiment-1,unstable-warps,Device=0 num_rows=2097152 shared_suffix=0 segment_profile=tiny16,False,False,3,0.6205216002464293,0.36692996686129564,"{""num_rows"": ""2097152"", ""segment_profile"": ""tiny16"", ""shared_suffix"": ""0""}"
experiment-1,unstable-warps,Device=0 num_rows=32768 shared_suffix=64 segment_profile=tiny16,False,False,3,0.18400768041610707,0.9391543680927813,"{""num_rows"": ""32768"", ""segment_profile"": ""tiny16"", ""shared_suffix"": ""64""}"
experiment-1,unstable-warps,Device=0 num_rows=2097152 shared_suffix=64 segment_profile=tiny16,False,False,3,1.3628083252906802,0.35801278323784264,"{""num_rows"": ""2097152"", ""segment_profile"": ""tiny16"", ""shared_suffix"": ""64""}"
experiment-1,unstable-warps,Device=0 num_rows=32768 shared_suffix=0 segment_profile=tiny32,False,False,3,0.16290431946516046,1.3511727849467032,"{""num_rows"": ""32768"", ""segment_profile"": ""tiny32"", ""shared_suffix"": ""0""}"
experiment-1,unstable-warps,Device=0 num_rows=2097152 shared_suffix=0 segment_profile=tiny32,False,False,3,0.6709516823291781,0.46967361171697575,"{""num_rows"": ""2097152"", ""segment_profile"": ""tiny32"", ""shared_suffix"": ""0""}"
experiment-1,unstable-warps,Device=0 num_rows=32768 shared_suffix=64 segment_profile=tiny32,False,False,3,0.19381119936704638,1.1463777104300044,"{""num_rows"": ""32768"", ""segment_profile"": ""tiny32"", ""shared_suffix"": ""64""}"
experiment-1,unstable-warps,Device=0 num_rows=2097152 shared_suffix=64 segment_profile=tiny32,False,False,3,1.6514227247238162,0.23967131667097324,"{""num_rows"": ""2097152"", ""segment_profile"": ""tiny32"", ""shared_suffix"": ""64""}"
experiment-0,stable-warps,Device=0 num_rows=32768 shared_suffix=0 segment_profile=pairs,True,False,1,0.15394944041967393,2.71093647423861,"{""num_rows"": ""32768"", ""segment_profile"": ""pairs"", ""shared_suffix"": ""0""}"
experiment-0,stable-warps,Device=0 num_rows=2097152 shared_suffix=0 segment_profile=pairs,True,False,1,0.657033598423004,1.1982440293051364,"{""num_rows"": ""2097152"", ""segment_profile"": ""pairs"", ""shared_suffix"": ""0""}"
experiment-0,stable-warps,Device=0 num_rows=32768 shared_suffix=64 segment_profile=pairs,True,False,1,0.16017663985490804,1.5923391802286377,"{""num_rows"": ""32768"", ""segment_profile"": ""pairs"", ""shared_suffix"": ""64""}"
experiment-0,stable-warps,Device=0 num_rows=2097152 shared_suffix=64 segment_profile=pairs,True,False,1,0.8630457603931425,0.7633216211888673,"{""num_rows"": ""2097152"", ""segment_profile"": ""pairs"", ""shared_suffix"": ""64""}"
experiment-0,stable-warps,Device=0 num_rows=32768 shared_suffix=0 segment_profile=tiny4,True,False,1,0.15712575942277907,0.7540883444020237,"{""num_rows"": ""32768"", ""segment_profile"": ""tiny4"", ""shared_suffix"": ""0""}"
experiment-0,stable-warps,Device=0 num_rows=2097152 shared_suffix=0 segment_profile=tiny4,True,False,1,0.6222464013099672,0.7635682029234051,"{""num_rows"": ""2097152"", ""segment_profile"": ""tiny4"", ""shared_suffix"": ""0""}"
experiment-0,stable-warps,Device=0 num_rows=32768 shared_suffix=64 segment_profile=tiny4,True,False,1,0.17307135939598092,1.1410231413496232,"{""num_rows"": ""32768"", ""segment_profile"": ""tiny4"", ""shared_suffix"": ""64""}"
experiment-0,stable-warps,Device=0 num_rows=2097152 shared_suffix=64 segment_profile=tiny4,True,False,1,1.0664320063591006,0.41510493007816873,"{""num_rows"": ""2097152"", ""segment_profile"": ""tiny4"", ""shared_suffix"": ""64""}"
experiment-0,stable-warps,Device=0 num_rows=32768 shared_suffix=0 segment_profile=tiny8,True,False,1,0.1661568000912666,1.0571837532358133,"{""num_rows"": ""32768"", ""segment_profile"": ""tiny8"", ""shared_suffix"": ""0""}"
experiment-0,stable-warps,Device=0 num_rows=2097152 shared_suffix=0 segment_profile=tiny8,True,False,1,0.7074156796932222,0.587008137931156,"{""num_rows"": ""2097152"", ""segment_profile"": ""tiny8"", ""shared_suffix"": ""0""}"
experiment-0,stable-warps,Device=0 num_rows=32768 shared_suffix=64 segment_profile=tiny8,True,False,1,0.19407744050025938,1.6338378152765551,"{""num_rows"": ""32768"", ""segment_profile"": ""tiny8"", ""shared_suffix"": ""64""}"
experiment-0,stable-warps,Device=0 num_rows=2097152 shared_suffix=64 segment_profile=tiny8,True,False,1,1.5053094363212585,0.25824388168261486,"{""num_rows"": ""2097152"", ""segment_profile"": ""tiny8"", ""shared_suffix"": ""64""}"
experiment-0,stable-warps,Device=0 num_rows=32768 shared_suffix=0 segment_profile=tiny16,True,False,1,0.1717971211671829,1.4568701160716784,"{""num_rows"": ""32768"", ""segment_profile"": ""tiny16"", ""shared_suffix"": ""0""}"
experiment-0,stable-warps,Device=0 num_rows=2097152 shared_suffix=0 segment_profile=tiny16,True,False,1,0.8037939190864564,0.398791275900933,"{""num_rows"": ""2097152"", ""segment_profile"": ""tiny16"", ""shared_suffix"": ""0""}"
experiment-0,stable-warps,Device=0 num_rows=32768 shared_suffix=64 segment_profile=tiny16,True,False,1,0.20696447938680648,0.8357599655297938,"{""num_rows"": ""32768"", ""segment_profile"": ""tiny16"", ""shared_suffix"": ""64""}"
experiment-0,stable-warps,Device=0 num_rows=2097152 shared_suffix=64 segment_profile=tiny16,True,False,1,1.987754878997803,0.30212803879752465,"{""num_rows"": ""2097152"", ""segment_profile"": ""tiny16"", ""shared_suffix"": ""64""}"
experiment-0,stable-warps,Device=0 num_rows=32768 shared_suffix=0 segment_profile=tiny32,True,False,1,0.17452544003725057,1.8236488651401876,"{""num_rows"": ""32768"", ""segment_profile"": ""tiny32"", ""shared_suffix"": ""0""}"
experiment-0,stable-warps,Device=0 num_rows=2097152 shared_suffix=0 segment_profile=tiny32,True,False,1,0.9313683199882509,0.32701516730500024,"{""num_rows"": ""2097152"", ""segment_profile"": ""tiny32"", ""shared_suffix"": ""0""}"
experiment-0,stable-warps,Device=0 num_rows=32768 shared_suffix=64 segment_profile=tiny32,True,False,1,0.2252524793148041,4.650414832985668,"{""num_rows"": ""32768"", ""segment_profile"": ""tiny32"", ""shared_suffix"": ""64""}"
experiment-0,stable-warps,Device=0 num_rows=2097152 shared_suffix=64 segment_profile=tiny32,True,False,1,2.570522875785827,11.079377121049044,"{""num_rows"": ""2097152"", ""segment_profile"": ""tiny32"", ""shared_suffix"": ""64""}"
experiment-0,stable-warps-desc,Device=0 num_rows=32768 shared_suffix=0 segment_profile=pairs,True,True,0,0.16058303982019426,2.848181950407256,"{""num_rows"": ""32768"", ""segment_profile"": ""pairs"", ""shared_suffix"": ""0""}"
experiment-0,stable-warps-desc,Device=0 num_rows=2097152 shared_suffix=0 segment_profile=pairs,True,True,0,0.6663187170028685,1.5380633039065532,"{""num_rows"": ""2097152"", ""segment_profile"": ""pairs"", ""shared_suffix"": ""0""}"
experiment-0,stable-warps-desc,Device=0 num_rows=32768 shared_suffix=64 segment_profile=pairs,True,True,0,0.1668275198340415,2.181903002447511,"{""num_rows"": ""32768"", ""segment_profile"": ""pairs"", ""shared_suffix"": ""64""}"
experiment-0,stable-warps-desc,Device=0 num_rows=2097152 shared_suffix=64 segment_profile=pairs,True,True,0,0.870925440788269,0.8454621555835247,"{""num_rows"": ""2097152"", ""segment_profile"": ""pairs"", ""shared_suffix"": ""64""}"
experiment-0,stable-warps-desc,Device=0 num_rows=32768 shared_suffix=0 segment_profile=tiny4,True,True,0,0.16198528051376343,2.538755702497063,"{""num_rows"": ""32768"", ""segment_profile"": ""tiny4"", ""shared_suffix"": ""0""}"
experiment-0,stable-warps-desc,Device=0 num_rows=2097152 shared_suffix=0 segment_profile=tiny4,True,True,0,0.6303955185413361,0.9455400289640046,"{""num_rows"": ""2097152"", ""segment_profile"": ""tiny4"", ""shared_suffix"": ""0""}"
experiment-0,stable-warps-desc,Device=0 num_rows=32768 shared_suffix=64 segment_profile=tiny4,True,True,0,0.17894336014986045,1.9420818467885663,"{""num_rows"": ""32768"", ""segment_profile"": ""tiny4"", ""shared_suffix"": ""64""}"
experiment-0,stable-warps-desc,Device=0 num_rows=2097152 shared_suffix=64 segment_profile=tiny4,True,True,0,1.0722790384292604,0.414917078880213,"{""num_rows"": ""2097152"", ""segment_profile"": ""tiny4"", ""shared_suffix"": ""64""}"
experiment-0,stable-warps-desc,Device=0 num_rows=32768 shared_suffix=0 segment_profile=tiny8,True,True,0,0.17162303984165198,2.5007454910022795,"{""num_rows"": ""32768"", ""segment_profile"": ""tiny8"", ""shared_suffix"": ""0""}"
experiment-0,stable-warps-desc,Device=0 num_rows=2097152 shared_suffix=0 segment_profile=tiny8,True,True,0,0.7135180807113648,0.634105490013913,"{""num_rows"": ""2097152"", ""segment_profile"": ""tiny8"", ""shared_suffix"": ""0""}"
experiment-0,stable-warps-desc,Device=0 num_rows=32768 shared_suffix=64 segment_profile=tiny8,True,True,0,0.19805119961500167,1.7989323763857243,"{""num_rows"": ""32768"", ""segment_profile"": ""tiny8"", ""shared_suffix"": ""64""}"
experiment-0,stable-warps-desc,Device=0 num_rows=2097152 shared_suffix=64 segment_profile=tiny8,True,True,0,1.511816322803497,0.29357587891245607,"{""num_rows"": ""2097152"", ""segment_profile"": ""tiny8"", ""shared_suffix"": ""64""}"
experiment-0,stable-warps-desc,Device=0 num_rows=32768 shared_suffix=0 segment_profile=tiny16,True,True,0,0.17510399997234347,2.3119580384596294,"{""num_rows"": ""32768"", ""segment_profile"": ""tiny16"", ""shared_suffix"": ""0""}"
experiment-0,stable-warps-desc,Device=0 num_rows=2097152 shared_suffix=0 segment_profile=tiny16,True,True,0,0.8080697548389433,0.41818253154132623,"{""num_rows"": ""2097152"", ""segment_profile"": ""tiny16"", ""shared_suffix"": ""0""}"
experiment-0,stable-warps-desc,Device=0 num_rows=32768 shared_suffix=64 segment_profile=tiny16,True,True,0,0.21279359966516503,1.9915300485196434,"{""num_rows"": ""32768"", ""segment_profile"": ""tiny16"", ""shared_suffix"": ""64""}"
experiment-0,stable-warps-desc,Device=0 num_rows=2097152 shared_suffix=64 segment_profile=tiny16,True,True,0,1.9914592051506046,0.22102313065724732,"{""num_rows"": ""2097152"", ""segment_profile"": ""tiny16"", ""shared_suffix"": ""64""}"
experiment-0,stable-warps-desc,Device=0 num_rows=32768 shared_suffix=0 segment_profile=tiny32,True,True,0,0.17833408027887335,1.3341759216365814,"{""num_rows"": ""32768"", ""segment_profile"": ""tiny32"", ""shared_suffix"": ""0""}"
experiment-0,stable-warps-desc,Device=0 num_rows=2097152 shared_suffix=0 segment_profile=tiny32,True,True,0,0.9393766367435458,1.2545203591867895,"{""num_rows"": ""2097152"", ""segment_profile"": ""tiny32"", ""shared_suffix"": ""0""}"
experiment-0,stable-warps-desc,Device=0 num_rows=32768 shared_suffix=64 segment_profile=tiny32,True,True,0,0.2262233588099479,1.651490827677608,"{""num_rows"": ""32768"", ""segment_profile"": ""tiny32"", ""shared_suffix"": ""64""}"
experiment-0,stable-warps-desc,Device=0 num_rows=2097152 shared_suffix=64 segment_profile=tiny32,True,True,0,2.5303801536560058,0.266858022075295,"{""num_rows"": ""2097152"", ""segment_profile"": ""tiny32"", ""shared_suffix"": ""64""}"
experiment-31,identity-constant,Device=0 num_rows=2097152 profile=cardinality_1_width_32,False,False,3,0.00861439999192953,2.191879242423447,"{""num_rows"": ""2097152"", ""profile"": ""cardinality_1_width_32""}"
experiment-1,stable-warps,Device=0 num_rows=32768 shared_suffix=0 segment_profile=pairs,True,False,2,0.15975231975317,0.8835811584612807,"{""num_rows"": ""32768"", ""segment_profile"": ""pairs"", ""shared_suffix"": ""0""}"
experiment-1,stable-warps,Device=0 num_rows=2097152 shared_suffix=0 segment_profile=pairs,True,False,2,0.6622828757762911,1.0736019170703592,"{""num_rows"": ""2097152"", ""segment_profile"": ""pairs"", ""shared_suffix"": ""0""}"
experiment-1,stable-warps,Device=0 num_rows=32768 shared_suffix=64 segment_profile=pairs,True,False,2,0.16426495999097818,2.0589054374094493,"{""num_rows"": ""32768"", ""segment_profile"": ""pairs"", ""shared_suffix"": ""64""}"
experiment-1,stable-warps,Device=0 num_rows=2097152 shared_suffix=64 segment_profile=pairs,True,False,2,0.869994240999222,0.7009652705827815,"{""num_rows"": ""2097152"", ""segment_profile"": ""pairs"", ""shared_suffix"": ""64""}"
experiment-1,stable-warps,Device=0 num_rows=32768 shared_suffix=0 segment_profile=tiny4,True,False,2,0.16084224015474322,2.289466821193951,"{""num_rows"": ""32768"", ""segment_profile"": ""tiny4"", ""shared_suffix"": ""0""}"
experiment-1,stable-warps,Device=0 num_rows=2097152 shared_suffix=0 segment_profile=tiny4,True,False,2,0.6219059193134308,2.2908668154864023,"{""num_rows"": ""2097152"", ""segment_profile"": ""tiny4"", ""shared_suffix"": ""0""}"
experiment-1,stable-warps,Device=0 num_rows=32768 shared_suffix=64 segment_profile=tiny4,True,False,2,0.17720000118017196,2.1460391912444967,"{""num_rows"": ""32768"", ""segment_profile"": ""tiny4"", ""shared_suffix"": ""64""}"
experiment-1,stable-warps,Device=0 num_rows=2097152 shared_suffix=64 segment_profile=tiny4,True,False,2,1.0650649619102477,0.49559355238909875,"{""num_rows"": ""2097152"", ""segment_profile"": ""tiny4"", ""shared_suffix"": ""64""}"
experiment-1,stable-warps,Device=0 num_rows=32768 shared_suffix=0 segment_profile=tiny8,True,False,2,0.1678924810886383,2.136805438067485,"{""num_rows"": ""32768"", ""segment_profile"": ""tiny8"", ""shared_suffix"": ""0""}"
experiment-1,stable-warps,Device=0 num_rows=2097152 shared_suffix=0 segment_profile=tiny8,True,False,2,0.7051193630695345,0.6114321304246574,"{""num_rows"": ""2097152"", ""segment_profile"": ""tiny8"", ""shared_suffix"": ""0""}"
experiment-1,stable-warps,Device=0 num_rows=32768 shared_suffix=64 segment_profile=tiny8,True,False,2,0.19528831958770745,2.236598129128015,"{""num_rows"": ""32768"", ""segment_profile"": ""tiny8"", ""shared_suffix"": ""64""}"
experiment-1,stable-warps,Device=0 num_rows=2097152 shared_suffix=64 segment_profile=tiny8,True,False,2,1.4926144003868105,0.24809916068959428,"{""num_rows"": ""2097152"", ""segment_profile"": ""tiny8"", ""shared_suffix"": ""64""}"
experiment-1,stable-warps,Device=0 num_rows=32768 shared_suffix=0 segment_profile=tiny16,True,False,2,0.17291328012943266,1.368161058502233,"{""num_rows"": ""32768"", ""segment_profile"": ""tiny16"", ""shared_suffix"": ""0""}"
experiment-1,stable-warps,Device=0 num_rows=2097152 shared_suffix=0 segment_profile=tiny16,True,False,2,0.7863424038887026,0.37688105839025615,"{""num_rows"": ""2097152"", ""segment_profile"": ""tiny16"", ""shared_suffix"": ""0""}"
experiment-1,stable-warps,Device=0 num_rows=32768 shared_suffix=64 segment_profile=tiny16,True,False,2,0.2068198397755623,1.0182542394280492,"{""num_rows"": ""32768"", ""segment_profile"": ""tiny16"", ""shared_suffix"": ""64""}"
experiment-1,stable-warps,Device=0 num_rows=2097152 shared_suffix=64 segment_profile=tiny16,True,False,2,1.9826508831977838,0.25434702967053185,"{""num_rows"": ""2097152"", ""segment_profile"": ""tiny16"", ""shared_suffix"": ""64""}"
experiment-1,stable-warps,Device=0 num_rows=32768 shared_suffix=0 segment_profile=tiny32,True,False,2,0.17675776064395904,0.8610707340863616,"{""num_rows"": ""32768"", ""segment_profile"": ""tiny32"", ""shared_suffix"": ""0""}"
experiment-1,stable-warps,Device=0 num_rows=2097152 shared_suffix=0 segment_profile=tiny32,True,False,2,0.9067391979694366,0.33236921207120057,"{""num_rows"": ""2097152"", ""segment_profile"": ""tiny32"", ""shared_suffix"": ""0""}"
experiment-1,stable-warps,Device=0 num_rows=32768 shared_suffix=64 segment_profile=tiny32,True,False,2,0.22554367870092393,1.2617113165605154,"{""num_rows"": ""32768"", ""segment_profile"": ""tiny32"", ""shared_suffix"": ""64""}"
experiment-1,stable-warps,Device=0 num_rows=2097152 shared_suffix=64 segment_profile=tiny32,True,False,2,2.51948480129242,0.2967509936895778,"{""num_rows"": ""2097152"", ""segment_profile"": ""tiny32"", ""shared_suffix"": ""64""}"
experiment-0,stable-warps-desc,Device=0 num_rows=32768 shared_suffix=0 segment_profile=pairs,True,True,2,0.16038720071315768,1.2238356164248223,"{""num_rows"": ""32768"", ""segment_profile"": ""pairs"", ""shared_suffix"": ""0""}"
experiment-0,stable-warps-desc,Device=0 num_rows=2097152 shared_suffix=0 segment_profile=pairs,True,True,2,0.74768895983696,77.14592685198474,"{""num_rows"": ""2097152"", ""segment_profile"": ""pairs"", ""shared_suffix"": ""0""}"
experiment-0,stable-warps-desc,Device=0 num_rows=32768 shared_suffix=64 segment_profile=pairs,True,True,2,0.1644089609384537,2.1510836396520765,"{""num_rows"": ""32768"", ""segment_profile"": ""pairs"", ""shared_suffix"": ""64""}"
experiment-0,stable-warps-desc,Device=0 num_rows=2097152 shared_suffix=64 segment_profile=pairs,True,True,2,0.8668851184844969,0.7580710770377821,"{""num_rows"": ""2097152"", ""segment_profile"": ""pairs"", ""shared_suffix"": ""64""}"
experiment-0,stable-warps-desc,Device=0 num_rows=32768 shared_suffix=0 segment_profile=tiny4,True,True,2,0.160696961581707,2.247317972848651,"{""num_rows"": ""32768"", ""segment_profile"": ""tiny4"", ""shared_suffix"": ""0""}"
experiment-0,stable-warps-desc,Device=0 num_rows=2097152 shared_suffix=0 segment_profile=tiny4,True,True,2,0.6299481618404387,0.7899534301226228,"{""num_rows"": ""2097152"", ""segment_profile"": ""tiny4"", ""shared_suffix"": ""0""}"
experiment-0,stable-warps-desc,Device=0 num_rows=32768 shared_suffix=64 segment_profile=tiny4,True,True,2,0.17775743961334226,3.3942025913963794,"{""num_rows"": ""32768"", ""segment_profile"": ""tiny4"", ""shared_suffix"": ""64""}"
experiment-0,stable-warps-desc,Device=0 num_rows=2097152 shared_suffix=64 segment_profile=tiny4,True,True,2,1.0696492743492123,0.47224139496611806,"{""num_rows"": ""2097152"", ""segment_profile"": ""tiny4"", ""shared_suffix"": ""64""}"
experiment-0,stable-warps-desc,Device=0 num_rows=32768 shared_suffix=0 segment_profile=tiny8,True,True,2,0.16956223994493488,1.7792607726847087,"{""num_rows"": ""32768"", ""segment_profile"": ""tiny8"", ""shared_suffix"": ""0""}"
experiment-0,stable-warps-desc,Device=0 num_rows=2097152 shared_suffix=0 segment_profile=tiny8,True,True,2,0.7154118359088896,0.8325279992053979,"{""num_rows"": ""2097152"", ""segment_profile"": ""tiny8"", ""shared_suffix"": ""0""}"
experiment-0,stable-warps-desc,Device=0 num_rows=32768 shared_suffix=64 segment_profile=tiny8,True,True,2,0.19721151977777485,2.143608431362936,"{""num_rows"": ""32768"", ""segment_profile"": ""tiny8"", ""shared_suffix"": ""64""}"
experiment-0,stable-warps-desc,Device=0 num_rows=2097152 shared_suffix=64 segment_profile=tiny8,True,True,2,1.5092127966880797,0.22913690565849062,"{""num_rows"": ""2097152"", ""segment_profile"": ""tiny8"", ""shared_suffix"": ""64""}"
experiment-0,stable-warps-desc,Device=0 num_rows=32768 shared_suffix=0 segment_profile=tiny16,True,True,2,0.17451583951711658,1.3433521090089404,"{""num_rows"": ""32768"", ""segment_profile"": ""tiny16"", ""shared_suffix"": ""0""}"
experiment-0,stable-warps-desc,Device=0 num_rows=2097152 shared_suffix=0 segment_profile=tiny16,True,True,2,0.813878400325775,4.695772990049915,"{""num_rows"": ""2097152"", ""segment_profile"": ""tiny16"", ""shared_suffix"": ""0""}"
experiment-0,stable-warps-desc,Device=0 num_rows=32768 shared_suffix=64 segment_profile=tiny16,True,True,2,0.2098995190858841,1.4971649097579662,"{""num_rows"": ""32768"", ""segment_profile"": ""tiny16"", ""shared_suffix"": ""64""}"
experiment-0,stable-warps-desc,Device=0 num_rows=2097152 shared_suffix=64 segment_profile=tiny16,True,True,2,1.991342725753784,0.23196263963251137,"{""num_rows"": ""2097152"", ""segment_profile"": ""tiny16"", ""shared_suffix"": ""64""}"
experiment-0,stable-warps-desc,Device=0 num_rows=32768 shared_suffix=0 segment_profile=tiny32,True,True,2,0.17849471956491467,0.7834953432188263,"{""num_rows"": ""32768"", ""segment_profile"": ""tiny32"", ""shared_suffix"": ""0""}"
experiment-0,stable-warps-desc,Device=0 num_rows=2097152 shared_suffix=0 segment_profile=tiny32,True,True,2,0.9366355192661283,0.38736591921145874,"{""num_rows"": ""2097152"", ""segment_profile"": ""tiny32"", ""shared_suffix"": ""0""}"
experiment-0,stable-warps-desc,Device=0 num_rows=32768 shared_suffix=64 segment_profile=tiny32,True,True,2,0.22739328026771546,4.505065519002416,"{""num_rows"": ""32768"", ""segment_profile"": ""tiny32"", ""shared_suffix"": ""64""}"
experiment-0,stable-warps-desc,Device=0 num_rows=2097152 shared_suffix=64 segment_profile=tiny32,True,True,2,2.5286726284027092,0.26085981477981446,"{""num_rows"": ""2097152"", ""segment_profile"": ""tiny32"", ""shared_suffix"": ""64""}"
baseline,stable-warps-desc,Device=0 num_rows=32768 shared_suffix=0 segment_profile=pairs,True,True,4,0.15876608043909068,0.6061168251227078,"{""num_rows"": ""32768"", ""segment_profile"": ""pairs"", ""shared_suffix"": ""0""}"
baseline,stable-warps-desc,Device=0 num_rows=2097152 shared_suffix=0 segment_profile=pairs,True,True,4,0.6557260811328888,1.2380952420924591,"{""num_rows"": ""2097152"", ""segment_profile"": ""pairs"", ""shared_suffix"": ""0""}"
baseline,stable-warps-desc,Device=0 num_rows=32768 shared_suffix=64 segment_profile=pairs,True,True,4,0.1607827201485634,2.4309573220817358,"{""num_rows"": ""32768"", ""segment_profile"": ""pairs"", ""shared_suffix"": ""64""}"
baseline,stable-warps-desc,Device=0 num_rows=2097152 shared_suffix=64 segment_profile=pairs,True,True,4,0.8616895961761473,0.7051498612703102,"{""num_rows"": ""2097152"", ""segment_profile"": ""pairs"", ""shared_suffix"": ""64""}"
baseline,stable-warps-desc,Device=0 num_rows=32768 shared_suffix=0 segment_profile=tiny4,True,True,4,0.158311040699482,1.5167993877194952,"{""num_rows"": ""32768"", ""segment_profile"": ""tiny4"", ""shared_suffix"": ""0""}"
baseline,stable-warps-desc,Device=0 num_rows=2097152 shared_suffix=0 segment_profile=tiny4,True,True,4,0.6260198390483854,2.6907122102000525,"{""num_rows"": ""2097152"", ""segment_profile"": ""tiny4"", ""shared_suffix"": ""0""}"
baseline,stable-warps-desc,Device=0 num_rows=32768 shared_suffix=64 segment_profile=tiny4,True,True,4,0.17378432065248484,0.7586806655182898,"{""num_rows"": ""32768"", ""segment_profile"": ""tiny4"", ""shared_suffix"": ""64""}"
baseline,stable-warps-desc,Device=0 num_rows=2097152 shared_suffix=64 segment_profile=tiny4,True,True,4,1.0635091257095337,0.5278159267657526,"{""num_rows"": ""2097152"", ""segment_profile"": ""tiny4"", ""shared_suffix"": ""64""}"
baseline,stable-warps-desc,Device=0 num_rows=32768 shared_suffix=0 segment_profile=tiny8,True,True,4,0.1680864006280899,0.9202538375701114,"{""num_rows"": ""32768"", ""segment_profile"": ""tiny8"", ""shared_suffix"": ""0""}"
baseline,stable-warps-desc,Device=0 num_rows=2097152 shared_suffix=0 segment_profile=tiny8,True,True,4,0.7150854408740999,3.4224947894868643,"{""num_rows"": ""2097152"", ""segment_profile"": ""tiny8"", ""shared_suffix"": ""0""}"
baseline,stable-warps-desc,Device=0 num_rows=32768 shared_suffix=64 segment_profile=tiny8,True,True,4,0.1927161601185799,0.8571924495313793,"{""num_rows"": ""32768"", ""segment_profile"": ""tiny8"", ""shared_suffix"": ""64""}"
baseline,stable-warps-desc,Device=0 num_rows=2097152 shared_suffix=64 segment_profile=tiny8,True,True,4,1.5060940766334532,0.3028480707517843,"{""num_rows"": ""2097152"", ""segment_profile"": ""tiny8"", ""shared_suffix"": ""64""}"
baseline,stable-warps-desc,Device=0 num_rows=32768 shared_suffix=0 segment_profile=tiny16,True,True,4,0.1733030399680138,0.7282400983535613,"{""num_rows"": ""32768"", ""segment_profile"": ""tiny16"", ""shared_suffix"": ""0""}"
baseline,stable-warps-desc,Device=0 num_rows=2097152 shared_suffix=0 segment_profile=tiny16,True,True,4,0.8042796790599824,0.39445915051270625,"{""num_rows"": ""2097152"", ""segment_profile"": ""tiny16"", ""shared_suffix"": ""0""}"
baseline,stable-warps-desc,Device=0 num_rows=32768 shared_suffix=64 segment_profile=tiny16,True,True,4,0.20810880035161974,1.102329994108517,"{""num_rows"": ""32768"", ""segment_profile"": ""tiny16"", ""shared_suffix"": ""64""}"
baseline,stable-warps-desc,Device=0 num_rows=2097152 shared_suffix=64 segment_profile=tiny16,True,True,4,1.987779834270477,0.2787399947905581,"{""num_rows"": ""2097152"", ""segment_profile"": ""tiny16"", ""shared_suffix"": ""64""}"
baseline,stable-warps-desc,Device=0 num_rows=32768 shared_suffix=0 segment_profile=tiny32,True,True,4,0.17717824041843414,1.0670426604385708,"{""num_rows"": ""32768"", ""segment_profile"": ""tiny32"", ""shared_suffix"": ""0""}"
baseline,stable-warps-desc,Device=0 num_rows=2097152 shared_suffix=0 segment_profile=tiny32,True,True,4,0.9327008008956906,0.36489808077197555,"{""num_rows"": ""2097152"", ""segment_profile"": ""tiny32"", ""shared_suffix"": ""0""}"
baseline,stable-warps-desc,Device=0 num_rows=32768 shared_suffix=64 segment_profile=tiny32,True,True,4,0.22407231986522672,1.3693517974520697,"{""num_rows"": ""32768"", ""segment_profile"": ""tiny32"", ""shared_suffix"": ""64""}"
baseline,stable-warps-desc,Device=0 num_rows=2097152 shared_suffix=64 segment_profile=tiny32,True,True,4,2.5258380746841436,0.2975815066822627,"{""num_rows"": ""2097152"", ""segment_profile"": ""tiny32"", ""shared_suffix"": ""64""}"
baseline,identity-constant,Device=0 num_rows=2097152 profile=cardinality_1_width_32,False,False,3,0.00864191995933652,2.624108988098552,"{""num_rows"": ""2097152"", ""profile"": ""cardinality_1_width_32""}"
experiment-1,stable-warps-desc,Device=0 num_rows=32768 shared_suffix=0 segment_profile=pairs,True,True,2,0.1605235198140144,1.10694138579042,"{""num_rows"": ""32768"", ""segment_profile"": ""pairs"", ""shared_suffix"": ""0""}"
experiment-1,stable-warps-desc,Device=0 num_rows=2097152 shared_suffix=0 segment_profile=pairs,True,True,2,0.6665568053722382,1.0588155741629204,"{""num_rows"": ""2097152"", ""segment_profile"": ""pairs"", ""shared_suffix"": ""0""}"
experiment-1,stable-warps-desc,Device=0 num_rows=32768 shared_suffix=64 segment_profile=pairs,True,True,2,0.166004478931427,2.2319483540277183,"{""num_rows"": ""32768"", ""segment_profile"": ""pairs"", ""shared_suffix"": ""64""}"
experiment-1,stable-warps-desc,Device=0 num_rows=2097152 shared_suffix=64 segment_profile=pairs,True,True,2,0.8672889626026153,0.764027902280402,"{""num_rows"": ""2097152"", ""segment_profile"": ""pairs"", ""shared_suffix"": ""64""}"
experiment-1,stable-warps-desc,Device=0 num_rows=32768 shared_suffix=0 segment_profile=tiny4,True,True,2,0.1636736014485359,13.698709356961578,"{""num_rows"": ""32768"", ""segment_profile"": ""tiny4"", ""shared_suffix"": ""0""}"
experiment-1,stable-warps-desc,Device=0 num_rows=2097152 shared_suffix=0 segment_profile=tiny4,True,True,2,0.624503037929535,0.9649594693423178,"{""num_rows"": ""2097152"", ""segment_profile"": ""tiny4"", ""shared_suffix"": ""0""}"
experiment-1,stable-warps-desc,Device=0 num_rows=32768 shared_suffix=64 segment_profile=tiny4,True,True,2,0.17812927961349487,2.817069950956547,"{""num_rows"": ""32768"", ""segment_profile"": ""tiny4"", ""shared_suffix"": ""64""}"
experiment-1,stable-warps-desc,Device=0 num_rows=2097152 shared_suffix=64 segment_profile=tiny4,True,True,2,1.0632172799110413,0.4983496991904348,"{""num_rows"": ""2097152"", ""segment_profile"": ""tiny4"", ""shared_suffix"": ""64""}"
experiment-1,stable-warps-desc,Device=0 num_rows=32768 shared_suffix=0 segment_profile=tiny8,True,True,2,0.16854912042617803,2.362175186805871,"{""num_rows"": ""32768"", ""segment_profile"": ""tiny8"", ""shared_suffix"": ""0""}"
experiment-1,stable-warps-desc,Device=0 num_rows=2097152 shared_suffix=0 segment_profile=tiny8,True,True,2,0.7082700836658474,0.6700863396294823,"{""num_rows"": ""2097152"", ""segment_profile"": ""tiny8"", ""shared_suffix"": ""0""}"
experiment-1,stable-warps-desc,Device=0 num_rows=32768 shared_suffix=64 segment_profile=tiny8,True,True,2,0.19622848004102697,1.7281108263819063,"{""num_rows"": ""32768"", ""segment_profile"": ""tiny8"", ""shared_suffix"": ""64""}"
experiment-1,stable-warps-desc,Device=0 num_rows=2097152 shared_suffix=64 segment_profile=tiny8,True,True,2,1.4933440065383912,0.2743910670352122,"{""num_rows"": ""2097152"", ""segment_profile"": ""tiny8"", ""shared_suffix"": ""64""}"
experiment-1,stable-warps-desc,Device=0 num_rows=32768 shared_suffix=0 segment_profile=tiny16,True,True,2,0.1733356809616089,1.155581662738698,"{""num_rows"": ""32768"", ""segment_profile"": ""tiny16"", ""shared_suffix"": ""0""}"
experiment-1,stable-warps-desc,Device=0 num_rows=2097152 shared_suffix=0 segment_profile=tiny16,True,True,2,0.7882918417453771,0.4894717845472218,"{""num_rows"": ""2097152"", ""segment_profile"": ""tiny16"", ""shared_suffix"": ""0""}"
experiment-1,stable-warps-desc,Device=0 num_rows=32768 shared_suffix=64 segment_profile=tiny16,True,True,2,0.2088518404960633,1.436330720395082,"{""num_rows"": ""32768"", ""segment_profile"": ""tiny16"", ""shared_suffix"": ""64""}"
experiment-1,stable-warps-desc,Device=0 num_rows=2097152 shared_suffix=64 segment_profile=tiny16,True,True,2,1.980407681465149,0.29669991515647554,"{""num_rows"": ""2097152"", ""segment_profile"": ""tiny16"", ""shared_suffix"": ""64""}"
experiment-1,stable-warps-desc,Device=0 num_rows=32768 shared_suffix=0 segment_profile=tiny32,True,True,2,0.1791628801822663,7.711972142826709,"{""num_rows"": ""32768"", ""segment_profile"": ""tiny32"", ""shared_suffix"": ""0""}"
experiment-1,stable-warps-desc,Device=0 num_rows=2097152 shared_suffix=0 segment_profile=tiny32,True,True,2,0.9105919957160951,0.6138477744407188,"{""num_rows"": ""2097152"", ""segment_profile"": ""tiny32"", ""shared_suffix"": ""0""}"
experiment-1,stable-warps-desc,Device=0 num_rows=32768 shared_suffix=64 segment_profile=tiny32,True,True,2,0.23042112082242966,12.95465151218509,"{""num_rows"": ""32768"", ""segment_profile"": ""tiny32"", ""shared_suffix"": ""64""}"
experiment-1,stable-warps-desc,Device=0 num_rows=2097152 shared_suffix=64 segment_profile=tiny32,True,True,2,2.5193106985092157,0.28514363328359393,"{""num_rows"": ""2097152"", ""segment_profile"": ""tiny32"", ""shared_suffix"": ""64""}"
experiment-15,stable-warps,Device=0 num_rows=32768 shared_suffix=0 segment_profile=pairs,True,False,3,0.15824959993362428,1.5448134786807182,"{""num_rows"": ""32768"", ""segment_profile"": ""pairs"", ""shared_suffix"": ""0""}"
experiment-15,stable-warps,Device=0 num_rows=2097152 shared_suffix=0 segment_profile=pairs,True,False,3,0.649726083278656,0.9807745621115791,"{""num_rows"": ""2097152"", ""segment_profile"": ""pairs"", ""shared_suffix"": ""0""}"
experiment-15,stable-warps,Device=0 num_rows=32768 shared_suffix=64 segment_profile=pairs,True,False,3,0.15885440051555635,1.2596520855888553,"{""num_rows"": ""32768"", ""segment_profile"": ""pairs"", ""shared_suffix"": ""64""}"
experiment-15,stable-warps,Device=0 num_rows=2097152 shared_suffix=64 segment_profile=pairs,True,False,3,0.8202195239067078,0.7569858132443914,"{""num_rows"": ""2097152"", ""segment_profile"": ""pairs"", ""shared_suffix"": ""64""}"
experiment-15,stable-warps,Device=0 num_rows=32768 shared_suffix=0 segment_profile=tiny4,True,False,3,0.1560364791750908,0.8755096715601636,"{""num_rows"": ""32768"", ""segment_profile"": ""tiny4"", ""shared_suffix"": ""0""}"
experiment-15,stable-warps,Device=0 num_rows=2097152 shared_suffix=0 segment_profile=tiny4,True,False,3,0.5750745582580566,1.8355541214022892,"{""num_rows"": ""2097152"", ""segment_profile"": ""tiny4"", ""shared_suffix"": ""0""}"
experiment-15,stable-warps,Device=0 num_rows=32768 shared_suffix=64 segment_profile=tiny4,True,False,3,0.16697280049324037,1.5053336929857415,"{""num_rows"": ""32768"", ""segment_profile"": ""tiny4"", ""shared_suffix"": ""64""}"
experiment-15,stable-warps,Device=0 num_rows=2097152 shared_suffix=64 segment_profile=tiny4,True,False,3,0.9067084765434267,0.5662844771850051,"{""num_rows"": ""2097152"", ""segment_profile"": ""tiny4"", ""shared_suffix"": ""64""}"
experiment-15,stable-warps,Device=0 num_rows=32768 shared_suffix=0 segment_profile=tiny8,True,False,3,0.15771071940660472,0.8121223313907496,"{""num_rows"": ""32768"", ""segment_profile"": ""tiny8"", ""shared_suffix"": ""0""}"
experiment-15,stable-warps,Device=0 num_rows=2097152 shared_suffix=0 segment_profile=tiny8,True,False,3,0.5778796803951262,0.66562134542416,"{""num_rows"": ""2097152"", ""segment_profile"": ""tiny8"", ""shared_suffix"": ""0""}"
experiment-15,stable-warps,Device=0 num_rows=32768 shared_suffix=64 segment_profile=tiny8,True,False,3,0.176766719520092,1.4308554607662696,"{""num_rows"": ""32768"", ""segment_profile"": ""tiny8"", ""shared_suffix"": ""64""}"
experiment-15,stable-warps,Device=0 num_rows=2097152 shared_suffix=64 segment_profile=tiny8,True,False,3,1.138955521583557,0.9251465656413693,"{""num_rows"": ""2097152"", ""segment_profile"": ""tiny8"", ""shared_suffix"": ""64""}"
experiment-15,stable-warps,Device=0 num_rows=32768 shared_suffix=0 segment_profile=tiny16,True,False,3,0.1594041603803635,2.541243063272994,"{""num_rows"": ""32768"", ""segment_profile"": ""tiny16"", ""shared_suffix"": ""0""}"
experiment-15,stable-warps,Device=0 num_rows=2097152 shared_suffix=0 segment_profile=tiny16,True,False,3,0.6057062411308286,0.5166001774709211,"{""num_rows"": ""2097152"", ""segment_profile"": ""tiny16"", ""shared_suffix"": ""0""}"
experiment-15,stable-warps,Device=0 num_rows=32768 shared_suffix=64 segment_profile=tiny16,True,False,3,0.18419007927179337,1.593077100765607,"{""num_rows"": ""32768"", ""segment_profile"": ""tiny16"", ""shared_suffix"": ""64""}"
experiment-15,stable-warps,Device=0 num_rows=2097152 shared_suffix=64 segment_profile=tiny16,True,False,3,1.3470809602737428,0.32769968205075367,"{""num_rows"": ""2097152"", ""segment_profile"": ""tiny16"", ""shared_suffix"": ""64""}"
experiment-15,stable-warps,Device=0 num_rows=32768 shared_suffix=0 segment_profile=tiny32,True,False,3,0.161928319633007,1.7110561871861818,"{""num_rows"": ""32768"", ""segment_profile"": ""tiny32"", ""shared_suffix"": ""0""}"
experiment-15,stable-warps,Device=0 num_rows=2097152 shared_suffix=0 segment_profile=tiny32,True,False,3,0.6583961570262908,0.4431159901576105,"{""num_rows"": ""2097152"", ""segment_profile"": ""tiny32"", ""shared_suffix"": ""0""}"
experiment-15,stable-warps,Device=0 num_rows=32768 shared_suffix=64 segment_profile=tiny32,True,False,3,0.19387072086334237,2.0803628656111965,"{""num_rows"": ""32768"", ""segment_profile"": ""tiny32"", ""shared_suffix"": ""64""}"
experiment-15,stable-warps,Device=0 num_rows=2097152 shared_suffix=64 segment_profile=tiny32,True,False,3,1.6382112002372744,0.29199583449348127,"{""num_rows"": ""2097152"", ""segment_profile"": ""tiny32"", ""shared_suffix"": ""64""}"
experiment-31,stable-warps-desc,Device=0 num_rows=32768 shared_suffix=0 segment_profile=pairs,True,True,3,0.1608236798644066,1.7585094039028644,"{""num_rows"": ""32768"", ""segment_profile"": ""pairs"", ""shared_suffix"": ""0""}"
experiment-31,stable-warps-desc,Device=0 num_rows=2097152 shared_suffix=0 segment_profile=pairs,True,True,3,0.6542086386680602,1.113870952098725,"{""num_rows"": ""2097152"", ""segment_profile"": ""pairs"", ""shared_suffix"": ""0""}"
experiment-31,stable-warps-desc,Device=0 num_rows=32768 shared_suffix=64 segment_profile=pairs,True,True,3,0.16203136056661607,1.8651411850835484,"{""num_rows"": ""32768"", ""segment_profile"": ""pairs"", ""shared_suffix"": ""64""}"
experiment-31,stable-warps-desc,Device=0 num_rows=2097152 shared_suffix=64 segment_profile=pairs,True,True,3,0.8259206390380858,0.7835794433487789,"{""num_rows"": ""2097152"", ""segment_profile"": ""pairs"", ""shared_suffix"": ""64""}"
experiment-31,stable-warps-desc,Device=0 num_rows=32768 shared_suffix=0 segment_profile=tiny4,True,True,3,0.1580019205808639,1.509153279731453,"{""num_rows"": ""32768"", ""segment_profile"": ""tiny4"", ""shared_suffix"": ""0""}"
experiment-31,stable-warps-desc,Device=0 num_rows=2097152 shared_suffix=0 segment_profile=tiny4,True,True,3,0.5792627215385439,0.9844217276408581,"{""num_rows"": ""2097152"", ""segment_profile"": ""tiny4"", ""shared_suffix"": ""0""}"
experiment-31,stable-warps-desc,Device=0 num_rows=32768 shared_suffix=64 segment_profile=tiny4,True,True,3,0.16973951816558835,1.8905044700813536,"{""num_rows"": ""32768"", ""segment_profile"": ""tiny4"", ""shared_suffix"": ""64""}"
experiment-31,stable-warps-desc,Device=0 num_rows=2097152 shared_suffix=64 segment_profile=tiny4,True,True,3,0.911063035726547,0.4407199943017967,"{""num_rows"": ""2097152"", ""segment_profile"": ""tiny4"", ""shared_suffix"": ""64""}"
experiment-31,stable-warps-desc,Device=0 num_rows=32768 shared_suffix=0 segment_profile=tiny8,True,True,3,0.15989120006561283,1.5607835833442252,"{""num_rows"": ""32768"", ""segment_profile"": ""tiny8"", ""shared_suffix"": ""0""}"
experiment-31,stable-warps-desc,Device=0 num_rows=2097152 shared_suffix=0 segment_profile=tiny8,True,True,3,0.5821651196479796,0.6882452931398133,"{""num_rows"": ""2097152"", ""segment_profile"": ""tiny8"", ""shared_suffix"": ""0""}"
experiment-31,stable-warps-desc,Device=0 num_rows=32768 shared_suffix=64 segment_profile=tiny8,True,True,3,0.1780851197242737,1.3858775501999896,"{""num_rows"": ""32768"", ""segment_profile"": ""tiny8"", ""shared_suffix"": ""64""}"
experiment-31,stable-warps-desc,Device=0 num_rows=2097152 shared_suffix=64 segment_profile=tiny8,True,True,3,1.143973112106323,2.002253017061393,"{""num_rows"": ""2097152"", ""segment_profile"": ""tiny8"", ""shared_suffix"": ""64""}"
experiment-31,stable-warps-desc,Device=0 num_rows=32768 shared_suffix=0 segment_profile=tiny16,True,True,3,0.16148671954870225,1.3585851046713016,"{""num_rows"": ""32768"", ""segment_profile"": ""tiny16"", ""shared_suffix"": ""0""}"
experiment-31,stable-warps-desc,Device=0 num_rows=2097152 shared_suffix=0 segment_profile=tiny16,True,True,3,0.6089209592342377,0.5938730620046762,"{""num_rows"": ""2097152"", ""segment_profile"": ""tiny16"", ""shared_suffix"": ""0""}"
experiment-31,stable-warps-desc,Device=0 num_rows=32768 shared_suffix=64 segment_profile=tiny16,True,True,3,0.18520448058843608,2.2396163356632797,"{""num_rows"": ""32768"", ""segment_profile"": ""tiny16"", ""shared_suffix"": ""64""}"
experiment-31,stable-warps-desc,Device=0 num_rows=2097152 shared_suffix=64 segment_profile=tiny16,True,True,3,1.3498259210586547,0.297692344049215,"{""num_rows"": ""2097152"", ""segment_profile"": ""tiny16"", ""shared_suffix"": ""64""}"
experiment-31,stable-warps-desc,Device=0 num_rows=32768 shared_suffix=0 segment_profile=tiny32,True,True,3,0.16431999981403356,1.0181385063813249,"{""num_rows"": ""32768"", ""segment_profile"": ""tiny32"", ""shared_suffix"": ""0""}"
experiment-31,stable-warps-desc,Device=0 num_rows=2097152 shared_suffix=0 segment_profile=tiny32,True,True,3,0.6617855989933015,0.43634401555880914,"{""num_rows"": ""2097152"", ""segment_profile"": ""tiny32"", ""shared_suffix"": ""0""}"
experiment-31,stable-warps-desc,Device=0 num_rows=32768 shared_suffix=64 segment_profile=tiny32,True,True,3,0.1947001600265503,1.144091097964522,"{""num_rows"": ""32768"", ""segment_profile"": ""tiny32"", ""shared_suffix"": ""64""}"
experiment-31,stable-warps-desc,Device=0 num_rows=2097152 shared_suffix=64 segment_profile=tiny32,True,True,3,1.643122556209564,0.2862413022458136,"{""num_rows"": ""2097152"", ""segment_profile"": ""tiny32"", ""shared_suffix"": ""64""}"
baseline,stable-warps-desc,Device=0 num_rows=32768 shared_suffix=0 segment_profile=pairs,True,True,2,0.1594483202695847,0.7953253485578515,"{""num_rows"": ""32768"", ""segment_profile"": ""pairs"", ""shared_suffix"": ""0""}"
baseline,stable-warps-desc,Device=0 num_rows=2097152 shared_suffix=0 segment_profile=pairs,True,True,2,0.6634566438198088,2.503446308781945,"{""num_rows"": ""2097152"", ""segment_profile"": ""pairs"", ""shared_suffix"": ""0""}"
baseline,stable-warps-desc,Device=0 num_rows=32768 shared_suffix=64 segment_profile=pairs,True,True,2,0.16419328033924102,2.150818155226525,"{""num_rows"": ""32768"", ""segment_profile"": ""pairs"", ""shared_suffix"": ""64""}"
baseline,stable-warps-desc,Device=0 num_rows=2097152 shared_suffix=64 segment_profile=pairs,True,True,2,0.865815041065216,0.7837136327396709,"{""num_rows"": ""2097152"", ""segment_profile"": ""pairs"", ""shared_suffix"": ""64""}"
baseline,stable-warps-desc,Device=0 num_rows=32768 shared_suffix=0 segment_profile=tiny4,True,True,2,0.15945344060659408,1.8094969683290452,"{""num_rows"": ""32768"", ""segment_profile"": ""tiny4"", ""shared_suffix"": ""0""}"
baseline,stable-warps-desc,Device=0 num_rows=2097152 shared_suffix=0 segment_profile=tiny4,True,True,2,0.6244870376586912,0.7076439220537221,"{""num_rows"": ""2097152"", ""segment_profile"": ""tiny4"", ""shared_suffix"": ""0""}"
baseline,stable-warps-desc,Device=0 num_rows=32768 shared_suffix=64 segment_profile=tiny4,True,True,2,0.17616895914077757,1.7778191746819758,"{""num_rows"": ""32768"", ""segment_profile"": ""tiny4"", ""shared_suffix"": ""64""}"
baseline,stable-warps-desc,Device=0 num_rows=2097152 shared_suffix=64 segment_profile=tiny4,True,True,2,1.0684083199501042,0.4985940691262296,"{""num_rows"": ""2097152"", ""segment_profile"": ""tiny4"", ""shared_suffix"": ""64""}"
baseline,stable-warps-desc,Device=0 num_rows=32768 shared_suffix=0 segment_profile=tiny8,True,True,2,0.16885056048631666,1.5974424859443572,"{""num_rows"": ""32768"", ""segment_profile"": ""tiny8"", ""shared_suffix"": ""0""}"
baseline,stable-warps-desc,Device=0 num_rows=2097152 shared_suffix=0 segment_profile=tiny8,True,True,2,0.712655999660492,0.5857292953738685,"{""num_rows"": ""2097152"", ""segment_profile"": ""tiny8"", ""shared_suffix"": ""0""}"
baseline,stable-warps-desc,Device=0 num_rows=32768 shared_suffix=64 segment_profile=tiny8,True,True,2,0.19537471950054167,1.5197821418527804,"{""num_rows"": ""32768"", ""segment_profile"": ""tiny8"", ""shared_suffix"": ""64""}"
baseline,stable-warps-desc,Device=0 num_rows=2097152 shared_suffix=64 segment_profile=tiny8,True,True,2,1.5088748741149902,0.27755970450334033,"{""num_rows"": ""2097152"", ""segment_profile"": ""tiny8"", ""shared_suffix"": ""64""}"
baseline,stable-warps-desc,Device=0 num_rows=32768 shared_suffix=0 segment_profile=tiny16,True,True,2,0.17385216057300565,1.4748172824096006,"{""num_rows"": ""32768"", ""segment_profile"": ""tiny16"", ""shared_suffix"": ""0""}"
baseline,stable-warps-desc,Device=0 num_rows=2097152 shared_suffix=0 segment_profile=tiny16,True,True,2,0.8069267177581788,0.33932942986403564,"{""num_rows"": ""2097152"", ""segment_profile"": ""tiny16"", ""shared_suffix"": ""0""}"
baseline,stable-warps-desc,Device=0 num_rows=32768 shared_suffix=64 segment_profile=tiny16,True,True,2,0.21111423999071127,1.9502682722041327,"{""num_rows"": ""32768"", ""segment_profile"": ""tiny16"", ""shared_suffix"": ""64""}"
baseline,stable-warps-desc,Device=0 num_rows=2097152 shared_suffix=64 segment_profile=tiny16,True,True,2,1.991408643722534,0.2872609127514665,"{""num_rows"": ""2097152"", ""segment_profile"": ""tiny16"", ""shared_suffix"": ""64""}"
baseline,stable-warps-desc,Device=0 num_rows=32768 shared_suffix=0 segment_profile=tiny32,True,True,2,0.1779769602417946,1.0210771218390267,"{""num_rows"": ""32768"", ""segment_profile"": ""tiny32"", ""shared_suffix"": ""0""}"
baseline,stable-warps-desc,Device=0 num_rows=2097152 shared_suffix=0 segment_profile=tiny32,True,True,2,0.9386700797080995,1.5761288693614106,"{""num_rows"": ""2097152"", ""segment_profile"": ""tiny32"", ""shared_suffix"": ""0""}"
baseline,stable-warps-desc,Device=0 num_rows=32768 shared_suffix=64 segment_profile=tiny32,True,True,2,0.2255206406116486,1.3752737947310463,"{""num_rows"": ""32768"", ""segment_profile"": ""tiny32"", ""shared_suffix"": ""64""}"
baseline,stable-warps-desc,Device=0 num_rows=2097152 shared_suffix=64 segment_profile=tiny32,True,True,2,2.528980479240418,0.21952622953866313,"{""num_rows"": ""2097152"", ""segment_profile"": ""tiny32"", ""shared_suffix"": ""64""}"
baseline,unstable-warps,Device=0 num_rows=32768 shared_suffix=0 segment_profile=singletons,False,False,3,0.13985728055238725,1.2583812839223087,"{""num_rows"": ""32768"", ""segment_profile"": ""singletons"", ""shared_suffix"": ""0""}"
baseline,unstable-warps,Device=0 num_rows=2097152 shared_suffix=0 segment_profile=singletons,False,False,3,0.4451039975881578,139.23727981251255,"{""num_rows"": ""2097152"", ""segment_profile"": ""singletons"", ""shared_suffix"": ""0""}"
baseline,unstable-warps,Device=0 num_rows=32768 shared_suffix=64 segment_profile=singletons,False,False,3,0.14066624015569687,2.7160411589479394,"{""num_rows"": ""32768"", ""segment_profile"": ""singletons"", ""shared_suffix"": ""64""}"
baseline,unstable-warps,Device=0 num_rows=2097152 shared_suffix=64 segment_profile=singletons,False,False,3,0.3930444777011871,0.8644175131145456,"{""num_rows"": ""2097152"", ""segment_profile"": ""singletons"", ""shared_suffix"": ""64""}"
baseline,unstable-warps,Device=0 num_rows=32768 shared_suffix=0 segment_profile=pairs,False,False,3,0.15811520010232927,1.9521980585562235,"{""num_rows"": ""32768"", ""segment_profile"": ""pairs"", ""shared_suffix"": ""0""}"
baseline,unstable-warps,Device=0 num_rows=2097152 shared_suffix=0 segment_profile=pairs,False,False,3,0.6490566384792328,1.0631076677027482,"{""num_rows"": ""2097152"", ""segment_profile"": ""pairs"", ""shared_suffix"": ""0""}"
baseline,unstable-warps,Device=0 num_rows=32768 shared_suffix=64 segment_profile=pairs,False,False,3,0.1632166394591331,2.192255129300685,"{""num_rows"": ""32768"", ""segment_profile"": ""pairs"", ""shared_suffix"": ""64""}"
baseline,unstable-warps,Device=0 num_rows=2097152 shared_suffix=64 segment_profile=pairs,False,False,3,0.822891515493393,0.7215701670485276,"{""num_rows"": ""2097152"", ""segment_profile"": ""pairs"", ""shared_suffix"": ""64""}"
baseline,unstable-warps,Device=0 num_rows=32768 shared_suffix=0 segment_profile=tiny4,False,False,3,0.1602208003401757,2.3694536820307106,"{""num_rows"": ""32768"", ""segment_profile"": ""tiny4"", ""shared_suffix"": ""0""}"
baseline,unstable-warps,Device=0 num_rows=2097152 shared_suffix=0 segment_profile=tiny4,False,False,3,0.5808364808559418,0.915089040184986,"{""num_rows"": ""2097152"", ""segment_profile"": ""tiny4"", ""shared_suffix"": ""0""}"
baseline,unstable-warps,Device=0 num_rows=32768 shared_suffix=64 segment_profile=tiny4,False,False,3,0.17076864004135134,2.149831546581904,"{""num_rows"": ""32768"", ""segment_profile"": ""tiny4"", ""shared_suffix"": ""64""}"
baseline,unstable-warps,Device=0 num_rows=2097152 shared_suffix=64 segment_profile=tiny4,False,False,3,0.913959038257599,0.5226532216180412,"{""num_rows"": ""2097152"", ""segment_profile"": ""tiny4"", ""shared_suffix"": ""64""}"
baseline,unstable-warps,Device=0 num_rows=32768 shared_suffix=0 segment_profile=tiny8,False,False,3,0.16046463936567307,1.4236838257313498,"{""num_rows"": ""32768"", ""segment_profile"": ""tiny8"", ""shared_suffix"": ""0""}"
baseline,unstable-warps,Device=0 num_rows=2097152 shared_suffix=0 segment_profile=tiny8,False,False,3,0.5956057572364808,1.2644611361809286,"{""num_rows"": ""2097152"", ""segment_profile"": ""tiny8"", ""shared_suffix"": ""0""}"
baseline,unstable-warps,Device=0 num_rows=32768 shared_suffix=64 segment_profile=tiny8,False,False,3,0.17987967908382418,1.9176516501536167,"{""num_rows"": ""32768"", ""segment_profile"": ""tiny8"", ""shared_suffix"": ""64""}"
baseline,unstable-warps,Device=0 num_rows=2097152 shared_suffix=64 segment_profile=tiny8,False,False,3,1.1549830412864683,0.3506982261385645,"{""num_rows"": ""2097152"", ""segment_profile"": ""tiny8"", ""shared_suffix"": ""64""}"
baseline,unstable-warps,Device=0 num_rows=32768 shared_suffix=0 segment_profile=tiny16,False,False,3,0.1640051203966141,1.2121654752203022,"{""num_rows"": ""32768"", ""segment_profile"": ""tiny16"", ""shared_suffix"": ""0""}"
baseline,unstable-warps,Device=0 num_rows=2097152 shared_suffix=0 segment_profile=tiny16,False,False,3,0.6341625583171844,0.5526490667977334,"{""num_rows"": ""2097152"", ""segment_profile"": ""tiny16"", ""shared_suffix"": ""0""}"
baseline,unstable-warps,Device=0 num_rows=32768 shared_suffix=64 segment_profile=tiny16,False,False,3,0.18782783985137935,1.655160988166197,"{""num_rows"": ""32768"", ""segment_profile"": ""tiny16"", ""shared_suffix"": ""64""}"
baseline,unstable-warps,Device=0 num_rows=2097152 shared_suffix=64 segment_profile=tiny16,False,False,3,1.372083203792572,0.27399645372405895,"{""num_rows"": ""2097152"", ""segment_profile"": ""tiny16"", ""shared_suffix"": ""64""}"
baseline,unstable-warps,Device=0 num_rows=32768 shared_suffix=0 segment_profile=tiny32,False,False,3,0.2038348788022995,135.57881945752925,"{""num_rows"": ""32768"", ""segment_profile"": ""tiny32"", ""shared_suffix"": ""0""}"
baseline,unstable-warps,Device=0 num_rows=2097152 shared_suffix=0 segment_profile=tiny32,False,False,3,0.6873126399517058,0.37811893390913714,"{""num_rows"": ""2097152"", ""segment_profile"": ""tiny32"", ""shared_suffix"": ""0""}"
baseline,unstable-warps,Device=0 num_rows=32768 shared_suffix=64 segment_profile=tiny32,False,False,3,0.19519871830940247,1.276765663737168,"{""num_rows"": ""32768"", ""segment_profile"": ""tiny32"", ""shared_suffix"": ""64""}"
baseline,unstable-warps,Device=0 num_rows=2097152 shared_suffix=64 segment_profile=tiny32,False,False,3,1.6622060775756842,0.23300226905741242,"{""num_rows"": ""2097152"", ""segment_profile"": ""tiny32"", ""shared_suffix"": ""64""}"
experiment-31,stable-warps,Device=0 num_rows=32768 shared_suffix=0 segment_profile=pairs,True,False,2,0.1602003213763237,1.3592925535950429,"{""num_rows"": ""32768"", ""segment_profile"": ""pairs"", ""shared_suffix"": ""0""}"
experiment-31,stable-warps,Device=0 num_rows=2097152 shared_suffix=0 segment_profile=pairs,True,False,2,0.6529567980766299,1.0977777102682806,"{""num_rows"": ""2097152"", ""segment_profile"": ""pairs"", ""shared_suffix"": ""0""}"
experiment-31,stable-warps,Device=0 num_rows=32768 shared_suffix=64 segment_profile=pairs,True,False,2,0.1617740792036056,2.3407607318941768,"{""num_rows"": ""32768"", ""segment_profile"": ""pairs"", ""shared_suffix"": ""64""}"
experiment-31,stable-warps,Device=0 num_rows=2097152 shared_suffix=64 segment_profile=pairs,True,False,2,0.8266771197319028,0.8441392465722031,"{""num_rows"": ""2097152"", ""segment_profile"": ""pairs"", ""shared_suffix"": ""64""}"
experiment-31,stable-warps,Device=0 num_rows=32768 shared_suffix=0 segment_profile=tiny4,True,False,2,0.15812480032444,1.4514162133611839,"{""num_rows"": ""32768"", ""segment_profile"": ""tiny4"", ""shared_suffix"": ""0""}"
experiment-31,stable-warps,Device=0 num_rows=2097152 shared_suffix=0 segment_profile=tiny4,True,False,2,0.5800300800800324,0.8736663309654182,"{""num_rows"": ""2097152"", ""segment_profile"": ""tiny4"", ""shared_suffix"": ""0""}"
experiment-31,stable-warps,Device=0 num_rows=32768 shared_suffix=64 segment_profile=tiny4,True,False,2,0.16917823970317844,1.6979300512819748,"{""num_rows"": ""32768"", ""segment_profile"": ""tiny4"", ""shared_suffix"": ""64""}"
experiment-31,stable-warps,Device=0 num_rows=2097152 shared_suffix=64 segment_profile=tiny4,True,False,2,0.9140697610378268,0.5618576131991162,"{""num_rows"": ""2097152"", ""segment_profile"": ""tiny4"", ""shared_suffix"": ""64""}"
experiment-31,stable-warps,Device=0 num_rows=32768 shared_suffix=0 segment_profile=tiny8,True,False,2,0.15946431934833527,1.6749698248211344,"{""num_rows"": ""32768"", ""segment_profile"": ""tiny8"", ""shared_suffix"": ""0""}"
experiment-31,stable-warps,Device=0 num_rows=2097152 shared_suffix=0 segment_profile=tiny8,True,False,2,0.5834534418582916,0.7122427482408366,"{""num_rows"": ""2097152"", ""segment_profile"": ""tiny8"", ""shared_suffix"": ""0""}"
experiment-31,stable-warps,Device=0 num_rows=32768 shared_suffix=64 segment_profile=tiny8,True,False,2,0.17888640016317367,1.8404509372043947,"{""num_rows"": ""32768"", ""segment_profile"": ""tiny8"", ""shared_suffix"": ""64""}"
experiment-31,stable-warps,Device=0 num_rows=2097152 shared_suffix=64 segment_profile=tiny8,True,False,2,1.1411833596229553,0.42033494865032034,"{""num_rows"": ""2097152"", ""segment_profile"": ""tiny8"", ""shared_suffix"": ""64""}"
experiment-31,stable-warps,Device=0 num_rows=32768 shared_suffix=0 segment_profile=tiny16,True,False,2,0.16236864149570465,2.894437174605765,"{""num_rows"": ""32768"", ""segment_profile"": ""tiny16"", ""shared_suffix"": ""0""}"
experiment-31,stable-warps,Device=0 num_rows=2097152 shared_suffix=0 segment_profile=tiny16,True,False,2,0.6102656030654907,0.48857450289683246,"{""num_rows"": ""2097152"", ""segment_profile"": ""tiny16"", ""shared_suffix"": ""0""}"
experiment-31,stable-warps,Device=0 num_rows=32768 shared_suffix=64 segment_profile=tiny16,True,False,2,0.1852716803550721,1.4360289868574778,"{""num_rows"": ""32768"", ""segment_profile"": ""tiny16"", ""shared_suffix"": ""64""}"
experiment-31,stable-warps,Device=0 num_rows=2097152 shared_suffix=64 segment_profile=tiny16,True,False,2,1.352030086517334,0.3136744227762939,"{""num_rows"": ""2097152"", ""segment_profile"": ""tiny16"", ""shared_suffix"": ""64""}"
experiment-31,stable-warps,Device=0 num_rows=32768 shared_suffix=0 segment_profile=tiny32,True,False,2,0.16374592095613477,0.9935094971197007,"{""num_rows"": ""32768"", ""segment_profile"": ""tiny32"", ""shared_suffix"": ""0""}"
experiment-31,stable-warps,Device=0 num_rows=2097152 shared_suffix=0 segment_profile=tiny32,True,False,2,0.6618636798858644,0.45212761415715996,"{""num_rows"": ""2097152"", ""segment_profile"": ""tiny32"", ""shared_suffix"": ""0""}"
experiment-31,stable-warps,Device=0 num_rows=32768 shared_suffix=64 segment_profile=tiny32,True,False,2,0.19556735992431645,1.383852513188787,"{""num_rows"": ""32768"", ""segment_profile"": ""tiny32"", ""shared_suffix"": ""64""}"
experiment-31,stable-warps,Device=0 num_rows=2097152 shared_suffix=64 segment_profile=tiny32,True,False,2,1.684065916538239,16.792677678281674,"{""num_rows"": ""2097152"", ""segment_profile"": ""tiny32"", ""shared_suffix"": ""64""}"
experiment-15,unstable-warps,Device=0 num_rows=32768 shared_suffix=0 segment_profile=singletons,False,False,3,0.1402438396215439,2.6805644609759542,"{""num_rows"": ""32768"", ""segment_profile"": ""singletons"", ""shared_suffix"": ""0""}"
experiment-15,unstable-warps,Device=0 num_rows=2097152 shared_suffix=0 segment_profile=singletons,False,False,3,0.35309504151344295,0.7888323324735821,"{""num_rows"": ""2097152"", ""segment_profile"": ""singletons"", ""shared_suffix"": ""0""}"
experiment-15,unstable-warps,Device=0 num_rows=32768 shared_suffix=64 segment_profile=singletons,False,False,3,0.13736704081296916,1.090280785014695,"{""num_rows"": ""32768"", ""segment_profile"": ""singletons"", ""shared_suffix"": ""64""}"
experiment-15,unstable-warps,Device=0 num_rows=2097152 shared_suffix=64 segment_profile=singletons,False,False,3,0.39136127889156347,3.4845177384488037,"{""num_rows"": ""2097152"", ""segment_profile"": ""singletons"", ""shared_suffix"": ""64""}"
experiment-15,unstable-warps,Device=0 num_rows=32768 shared_suffix=0 segment_profile=pairs,False,False,3,0.15753215998411177,1.7798131209729788,"{""num_rows"": ""32768"", ""segment_profile"": ""pairs"", ""shared_suffix"": ""0""}"
experiment-15,unstable-warps,Device=0 num_rows=2097152 shared_suffix=0 segment_profile=pairs,False,False,3,0.6502489554882052,1.1112707539621967,"{""num_rows"": ""2097152"", ""segment_profile"": ""pairs"", ""shared_suffix"": ""0""}"
experiment-15,unstable-warps,Device=0 num_rows=32768 shared_suffix=64 segment_profile=pairs,False,False,3,0.16004415959119797,1.1535774412080526,"{""num_rows"": ""32768"", ""segment_profile"": ""pairs"", ""shared_suffix"": ""64""}"
experiment-15,unstable-warps,Device=0 num_rows=2097152 shared_suffix=64 segment_profile=pairs,False,False,3,0.8223756790161137,0.8371850906147298,"{""num_rows"": ""2097152"", ""segment_profile"": ""pairs"", ""shared_suffix"": ""64""}"
experiment-15,unstable-warps,Device=0 num_rows=32768 shared_suffix=0 segment_profile=tiny4,False,False,3,0.15712639927864075,0.7847059122886749,"{""num_rows"": ""32768"", ""segment_profile"": ""tiny4"", ""shared_suffix"": ""0""}"
experiment-15,unstable-warps,Device=0 num_rows=2097152 shared_suffix=0 segment_profile=tiny4,False,False,3,0.5765606403350827,0.7800099293673356,"{""num_rows"": ""2097152"", ""segment_profile"": ""tiny4"", ""shared_suffix"": ""0""}"
experiment-15,unstable-warps,Device=0 num_rows=32768 shared_suffix=64 segment_profile=tiny4,False,False,3,0.1682009601593017,0.903622610651211,"{""num_rows"": ""32768"", ""segment_profile"": ""tiny4"", ""shared_suffix"": ""64""}"
experiment-15,unstable-warps,Device=0 num_rows=2097152 shared_suffix=64 segment_profile=tiny4,False,False,3,0.9104640018939975,0.5243179810937205,"{""num_rows"": ""2097152"", ""segment_profile"": ""tiny4"", ""shared_suffix"": ""64""}"
experiment-15,unstable-warps,Device=0 num_rows=32768 shared_suffix=0 segment_profile=tiny8,False,False,3,0.16031423956155777,1.3651986036969594,"{""num_rows"": ""32768"", ""segment_profile"": ""tiny8"", ""shared_suffix"": ""0""}"
experiment-15,unstable-warps,Device=0 num_rows=2097152 shared_suffix=0 segment_profile=tiny8,False,False,3,0.5865075170993804,0.7404421733438771,"{""num_rows"": ""2097152"", ""segment_profile"": ""tiny8"", ""shared_suffix"": ""0""}"
experiment-15,unstable-warps,Device=0 num_rows=32768 shared_suffix=64 segment_profile=tiny8,False,False,3,0.17770175993442539,0.725139681945745,"{""num_rows"": ""32768"", ""segment_profile"": ""tiny8"", ""shared_suffix"": ""64""}"
experiment-15,unstable-warps,Device=0 num_rows=2097152 shared_suffix=64 segment_profile=tiny8,False,False,3,1.146047992706299,0.3412894421482899,"{""num_rows"": ""2097152"", ""segment_profile"": ""tiny8"", ""shared_suffix"": ""64""}"
experiment-15,unstable-warps,Device=0 num_rows=32768 shared_suffix=0 segment_profile=tiny16,False,False,3,0.16342463970184323,1.0886556289431015,"{""num_rows"": ""32768"", ""segment_profile"": ""tiny16"", ""shared_suffix"": ""0""}"
experiment-15,unstable-warps,Device=0 num_rows=2097152 shared_suffix=0 segment_profile=tiny16,False,False,3,0.6205734419822694,0.46749701607469313,"{""num_rows"": ""2097152"", ""segment_profile"": ""tiny16"", ""shared_suffix"": ""0""}"
experiment-15,unstable-warps,Device=0 num_rows=32768 shared_suffix=64 segment_profile=tiny16,False,False,3,0.18669183939695355,3.389926174569586,"{""num_rows"": ""32768"", ""segment_profile"": ""tiny16"", ""shared_suffix"": ""64""}"
experiment-15,unstable-warps,Device=0 num_rows=2097152 shared_suffix=64 segment_profile=tiny16,False,False,3,1.3612550330162048,0.2591477750780612,"{""num_rows"": ""2097152"", ""segment_profile"": ""tiny16"", ""shared_suffix"": ""64""}"
experiment-15,unstable-warps,Device=0 num_rows=32768 shared_suffix=0 segment_profile=tiny32,False,False,3,0.16505728006362913,7.583335714322659,"{""num_rows"": ""32768"", ""segment_profile"": ""tiny32"", ""shared_suffix"": ""0""}"
experiment-15,unstable-warps,Device=0 num_rows=2097152 shared_suffix=0 segment_profile=tiny32,False,False,3,0.6717036795616151,0.47047492624296844,"{""num_rows"": ""2097152"", ""segment_profile"": ""tiny32"", ""shared_suffix"": ""0""}"
experiment-15,unstable-warps,Device=0 num_rows=32768 shared_suffix=64 segment_profile=tiny32,False,False,3,0.1945574399828911,1.707207278490548,"{""num_rows"": ""32768"", ""segment_profile"": ""tiny32"", ""shared_suffix"": ""64""}"
experiment-15,unstable-warps,Device=0 num_rows=2097152 shared_suffix=64 segment_profile=tiny32,False,False,3,1.6557088041305537,1.45753700242685,"{""num_rows"": ""2097152"", ""segment_profile"": ""tiny32"", ""shared_suffix"": ""64""}"
experiment-15,unstable-warps,Device=0 num_rows=32768 shared_suffix=0 segment_profile=singletons,False,False,2,0.13949632048606872,1.3766987089943414,"{""num_rows"": ""32768"", ""segment_profile"": ""singletons"", ""shared_suffix"": ""0""}"
experiment-15,unstable-warps,Device=0 num_rows=2097152 shared_suffix=0 segment_profile=singletons,False,False,2,0.35023679971694954,0.8482957558587113,"{""num_rows"": ""2097152"", ""segment_profile"": ""singletons"", ""shared_suffix"": ""0""}"
experiment-15,unstable-warps,Device=0 num_rows=32768 shared_suffix=64 segment_profile=singletons,False,False,2,0.13656448006629945,1.4097636807088407,"{""num_rows"": ""32768"", ""segment_profile"": ""singletons"", ""shared_suffix"": ""64""}"
experiment-15,unstable-warps,Device=0 num_rows=2097152 shared_suffix=64 segment_profile=singletons,False,False,2,0.39181695818901063,4.207593655529823,"{""num_rows"": ""2097152"", ""segment_profile"": ""singletons"", ""shared_suffix"": ""64""}"
experiment-15,unstable-warps,Device=0 num_rows=32768 shared_suffix=0 segment_profile=pairs,False,False,2,0.1559903988242149,0.7295359571052267,"{""num_rows"": ""32768"", ""segment_profile"": ""pairs"", ""shared_suffix"": ""0""}"
experiment-15,unstable-warps,Device=0 num_rows=2097152 shared_suffix=0 segment_profile=pairs,False,False,2,0.6495199966430665,0.9835887920034042,"{""num_rows"": ""2097152"", ""segment_profile"": ""pairs"", ""shared_suffix"": ""0""}"
experiment-15,unstable-warps,Device=0 num_rows=32768 shared_suffix=64 segment_profile=pairs,False,False,2,0.1589561605453491,1.4750159276067714,"{""num_rows"": ""32768"", ""segment_profile"": ""pairs"", ""shared_suffix"": ""64""}"
experiment-15,unstable-warps,Device=0 num_rows=2097152 shared_suffix=64 segment_profile=pairs,False,False,2,0.8216633594036102,0.7533647727125301,"{""num_rows"": ""2097152"", ""segment_profile"": ""pairs"", ""shared_suffix"": ""64""}"
experiment-15,unstable-warps,Device=0 num_rows=32768 shared_suffix=0 segment_profile=tiny4,False,False,2,0.15642751932144167,0.8500473630732592,"{""num_rows"": ""32768"", ""segment_profile"": ""tiny4"", ""shared_suffix"": ""0""}"
experiment-15,unstable-warps,Device=0 num_rows=2097152 shared_suffix=0 segment_profile=tiny4,False,False,2,0.5749446415901186,0.8233565126264936,"{""num_rows"": ""2097152"", ""segment_profile"": ""tiny4"", ""shared_suffix"": ""0""}"
experiment-15,unstable-warps,Device=0 num_rows=32768 shared_suffix=64 segment_profile=tiny4,False,False,2,0.1667475199699402,0.7802624901553304,"{""num_rows"": ""32768"", ""segment_profile"": ""tiny4"", ""shared_suffix"": ""64""}"
experiment-15,unstable-warps,Device=0 num_rows=2097152 shared_suffix=64 segment_profile=tiny4,False,False,2,0.9100934398174284,0.549417048691716,"{""num_rows"": ""2097152"", ""segment_profile"": ""tiny4"", ""shared_suffix"": ""64""}"
experiment-15,unstable-warps,Device=0 num_rows=32768 shared_suffix=0 segment_profile=tiny8,False,False,2,0.15976896017789838,1.7715575007703606,"{""num_rows"": ""32768"", ""segment_profile"": ""tiny8"", ""shared_suffix"": ""0""}"
experiment-15,unstable-warps,Device=0 num_rows=2097152 shared_suffix=0 segment_profile=tiny8,False,False,2,0.5844435238838196,0.7120497789533725,"{""num_rows"": ""2097152"", ""segment_profile"": ""tiny8"", ""shared_suffix"": ""0""}"
experiment-15,unstable-warps,Device=0 num_rows=32768 shared_suffix=64 segment_profile=tiny8,False,False,2,0.1776825600862503,2.243553075423766,"{""num_rows"": ""32768"", ""segment_profile"": ""tiny8"", ""shared_suffix"": ""64""}"
experiment-15,unstable-warps,Device=0 num_rows=2097152 shared_suffix=64 segment_profile=tiny8,False,False,2,1.145768315792084,0.37355657863489145,"{""num_rows"": ""2097152"", ""segment_profile"": ""tiny8"", ""shared_suffix"": ""64""}"
experiment-15,unstable-warps,Device=0 num_rows=32768 shared_suffix=0 segment_profile=tiny16,False,False,2,0.16198911994695667,1.4735927786512921,"{""num_rows"": ""32768"", ""segment_profile"": ""tiny16"", ""shared_suffix"": ""0""}"
experiment-15,unstable-warps,Device=0 num_rows=2097152 shared_suffix=0 segment_profile=tiny16,False,False,2,0.6196787238121033,0.4792871950044453,"{""num_rows"": ""2097152"", ""segment_profile"": ""tiny16"", ""shared_suffix"": ""0""}"
experiment-15,unstable-warps,Device=0 num_rows=32768 shared_suffix=64 segment_profile=tiny16,False,False,2,0.18446335971355432,0.8780932609098929,"{""num_rows"": ""32768"", ""segment_profile"": ""tiny16"", ""shared_suffix"": ""64""}"
experiment-15,unstable-warps,Device=0 num_rows=2097152 shared_suffix=64 segment_profile=tiny16,False,False,2,1.3624735951423648,0.2658240649345637,"{""num_rows"": ""2097152"", ""segment_profile"": ""tiny16"", ""shared_suffix"": ""64""}"
experiment-15,unstable-warps,Device=0 num_rows=32768 shared_suffix=0 segment_profile=tiny32,False,False,2,0.1630444797873497,1.2687646495852896,"{""num_rows"": ""32768"", ""segment_profile"": ""tiny32"", ""shared_suffix"": ""0""}"
experiment-15,unstable-warps,Device=0 num_rows=2097152 shared_suffix=0 segment_profile=tiny32,False,False,2,0.6703020834922792,0.41581041244830214,"{""num_rows"": ""2097152"", ""segment_profile"": ""tiny32"", ""shared_suffix"": ""0""}"
experiment-15,unstable-warps,Device=0 num_rows=32768 shared_suffix=64 segment_profile=tiny32,False,False,2,0.1946796801686287,1.9312856879191396,"{""num_rows"": ""32768"", ""segment_profile"": ""tiny32"", ""shared_suffix"": ""64""}"
experiment-15,unstable-warps,Device=0 num_rows=2097152 shared_suffix=64 segment_profile=tiny32,False,False,2,1.6506201577186579,0.22721799260910525,"{""num_rows"": ""2097152"", ""segment_profile"": ""tiny32"", ""shared_suffix"": ""64""}"
experiment-3,stable-warps,Device=0 num_rows=32768 shared_suffix=0 segment_profile=pairs,True,False,3,0.15913088142871856,0.6258549407161944,"{""num_rows"": ""32768"", ""segment_profile"": ""pairs"", ""shared_suffix"": ""0""}"
experiment-3,stable-warps,Device=0 num_rows=2097152 shared_suffix=0 segment_profile=pairs,True,False,3,0.655726717710495,1.177163107571865,"{""num_rows"": ""2097152"", ""segment_profile"": ""pairs"", ""shared_suffix"": ""0""}"
experiment-3,stable-warps,Device=0 num_rows=32768 shared_suffix=64 segment_profile=pairs,True,False,3,0.16153791993856437,2.063880736735046,"{""num_rows"": ""32768"", ""segment_profile"": ""pairs"", ""shared_suffix"": ""64""}"
experiment-3,stable-warps,Device=0 num_rows=2097152 shared_suffix=64 segment_profile=pairs,True,False,3,0.8255583965778349,0.8286651394945656,"{""num_rows"": ""2097152"", ""segment_profile"": ""pairs"", ""shared_suffix"": ""64""}"
experiment-3,stable-warps,Device=0 num_rows=32768 shared_suffix=0 segment_profile=tiny4,True,False,3,0.15784063935279852,1.7668681276309626,"{""num_rows"": ""32768"", ""segment_profile"": ""tiny4"", ""shared_suffix"": ""0""}"
experiment-3,stable-warps,Device=0 num_rows=2097152 shared_suffix=0 segment_profile=tiny4,True,False,3,0.5792883193492889,0.9338312309969843,"{""num_rows"": ""2097152"", ""segment_profile"": ""tiny4"", ""shared_suffix"": ""0""}"
experiment-3,stable-warps,Device=0 num_rows=32768 shared_suffix=64 segment_profile=tiny4,True,False,3,0.1692332798242569,1.997770706332751,"{""num_rows"": ""32768"", ""segment_profile"": ""tiny4"", ""shared_suffix"": ""64""}"
experiment-3,stable-warps,Device=0 num_rows=2097152 shared_suffix=64 segment_profile=tiny4,True,False,3,0.9115276813507078,0.5514457867074088,"{""num_rows"": ""2097152"", ""segment_profile"": ""tiny4"", ""shared_suffix"": ""64""}"
experiment-3,stable-warps,Device=0 num_rows=32768 shared_suffix=0 segment_profile=tiny8,True,False,3,0.15892032086849214,1.4113931011039405,"{""num_rows"": ""32768"", ""segment_profile"": ""tiny8"", ""shared_suffix"": ""0""}"
experiment-3,stable-warps,Device=0 num_rows=2097152 shared_suffix=0 segment_profile=tiny8,True,False,3,0.5824070382118224,0.6117409460555802,"{""num_rows"": ""2097152"", ""segment_profile"": ""tiny8"", ""shared_suffix"": ""0""}"
experiment-3,stable-warps,Device=0 num_rows=32768 shared_suffix=64 segment_profile=tiny8,True,False,3,0.1780799987912178,1.831301551682148,"{""num_rows"": ""32768"", ""segment_profile"": ""tiny8"", ""shared_suffix"": ""64""}"
experiment-3,stable-warps,Device=0 num_rows=2097152 shared_suffix=64 segment_profile=tiny8,True,False,3,1.1398911976814272,0.3640372478546221,"{""num_rows"": ""2097152"", ""segment_profile"": ""tiny8"", ""shared_suffix"": ""64""}"
experiment-3,stable-warps,Device=0 num_rows=32768 shared_suffix=0 segment_profile=tiny16,True,False,3,0.16149376034736637,1.3970568315596212,"{""num_rows"": ""32768"", ""segment_profile"": ""tiny16"", ""shared_suffix"": ""0""}"
experiment-3,stable-warps,Device=0 num_rows=2097152 shared_suffix=0 segment_profile=tiny16,True,False,3,0.6104313540458678,0.7099790853562088,"{""num_rows"": ""2097152"", ""segment_profile"": ""tiny16"", ""shared_suffix"": ""0""}"
experiment-3,stable-warps,Device=0 num_rows=32768 shared_suffix=64 segment_profile=tiny16,True,False,3,0.18425728052854543,1.2824077661698061,"{""num_rows"": ""32768"", ""segment_profile"": ""tiny16"", ""shared_suffix"": ""64""}"
experiment-3,stable-warps,Device=0 num_rows=2097152 shared_suffix=64 segment_profile=tiny16,True,False,3,1.3508652806282042,0.3115020742627924,"{""num_rows"": ""2097152"", ""segment_profile"": ""tiny16"", ""shared_suffix"": ""64""}"
experiment-3,stable-warps,Device=0 num_rows=32768 shared_suffix=0 segment_profile=tiny32,True,False,3,0.1635206401348114,0.9603006986759406,"{""num_rows"": ""32768"", ""segment_profile"": ""tiny32"", ""shared_suffix"": ""0""}"
experiment-3,stable-warps,Device=0 num_rows=2097152 shared_suffix=0 segment_profile=tiny32,True,False,3,0.661535359621048,0.4620438823249049,"{""num_rows"": ""2097152"", ""segment_profile"": ""tiny32"", ""shared_suffix"": ""0""}"
experiment-3,stable-warps,Device=0 num_rows=32768 shared_suffix=64 segment_profile=tiny32,True,False,3,0.19445375919342037,1.615559065523498,"{""num_rows"": ""32768"", ""segment_profile"": ""tiny32"", ""shared_suffix"": ""64""}"
experiment-3,stable-warps,Device=0 num_rows=2097152 shared_suffix=64 segment_profile=tiny32,True,False,3,1.6430246376991269,0.7059425443666117,"{""num_rows"": ""2097152"", ""segment_profile"": ""tiny32"", ""shared_suffix"": ""64""}"
baseline,identity-null,Device=0 num_rows=2097152 profile=fixed_8 null_percent=100,False,False,2,0.008565119970589879,2.7095324601738824,"{""null_percent"": ""100"", ""num_rows"": ""2097152"", ""profile"": ""fixed_8""}"
baseline,active-fractions,Device=0 num_rows=262144 profile=active_10,False,False,2,0.30223616003990167,0.7794226099729024,"{""num_rows"": ""262144"", ""profile"": ""active_10""}"
baseline,active-fractions,Device=0 num_rows=2097152 profile=active_10,False,False,2,0.547267199754715,0.5294300961270104,"{""num_rows"": ""2097152"", ""profile"": ""active_10""}"
baseline,active-fractions,Device=0 num_rows=262144 profile=active_50,False,False,2,0.3385913610458374,0.7000489892136669,"{""num_rows"": ""262144"", ""profile"": ""active_50""}"
baseline,active-fractions,Device=0 num_rows=2097152 profile=active_50,False,False,2,0.8875289583206178,0.41855404391208195,"{""num_rows"": ""2097152"", ""profile"": ""active_50""}"
experiment-31,zero,Device=0 num_rows=32768 profile=zero_collision_pass1,False,False,0,0.21651584029197699,1.1957445062894085,"{""num_rows"": ""32768"", ""profile"": ""zero_collision_pass1""}"
experiment-31,zero,Device=0 num_rows=32768 profile=zero_collision_pass2,False,False,0,0.29553024053573607,5.924466596952468,"{""num_rows"": ""32768"", ""profile"": ""zero_collision_pass2""}"
experiment-3,identity-null,Device=0 num_rows=2097152 profile=fixed_8 null_percent=100,False,False,4,0.008897919934242967,9.721792997133223,"{""null_percent"": ""100"", ""num_rows"": ""2097152"", ""profile"": ""fixed_8""}"
baseline,identity-constant,Device=0 num_rows=2097152 profile=cardinality_1_width_32,False,False,2,0.008620159942656754,6.630416972923525,"{""num_rows"": ""2097152"", ""profile"": ""cardinality_1_width_32""}"
experiment-31,prefix-targets,Device=0 num_rows=262144 prefix_width=8 suffix_width=32 prefix_cardinality=1,False,False,3,0.5737311959266662,0.4339309107172169,"{""num_rows"": ""262144"", ""prefix_cardinality"": ""1"", ""prefix_width"": ""8"", ""suffix_width"": ""32""}"
experiment-31,prefix-targets,Device=0 num_rows=2097152 prefix_width=8 suffix_width=32 prefix_cardinality=1,False,False,3,4.16104253768921,0.36518664667255857,"{""num_rows"": ""2097152"", ""prefix_cardinality"": ""1"", ""prefix_width"": ""8"", ""suffix_width"": ""32""}"
experiment-31,prefix-targets,Device=0 num_rows=262144 prefix_width=10 suffix_width=32 prefix_cardinality=1,False,False,3,0.6081811153888703,0.7432802414294494,"{""num_rows"": ""262144"", ""prefix_cardinality"": ""1"", ""prefix_width"": ""10"", ""suffix_width"": ""32""}"
experiment-31,prefix-targets,Device=0 num_rows=2097152 prefix_width=10 suffix_width=32 prefix_cardinality=1,False,False,3,4.385504636764525,0.39049195353867183,"{""num_rows"": ""2097152"", ""prefix_cardinality"": ""1"", ""prefix_width"": ""10"", ""suffix_width"": ""32""}"
experiment-31,prefix-targets,Device=0 num_rows=262144 prefix_width=11 suffix_width=32 prefix_cardinality=1,False,False,3,0.6179596817493439,0.6292313357829985,"{""num_rows"": ""262144"", ""prefix_cardinality"": ""1"", ""prefix_width"": ""11"", ""suffix_width"": ""32""}"
experiment-31,prefix-targets,Device=0 num_rows=2097152 prefix_width=11 suffix_width=32 prefix_cardinality=1,False,False,3,4.446796808242798,0.25853624270636466,"{""num_rows"": ""2097152"", ""prefix_cardinality"": ""1"", ""prefix_width"": ""11"", ""suffix_width"": ""32""}"
experiment-31,prefix-targets,Device=0 num_rows=262144 prefix_width=12 suffix_width=32 prefix_cardinality=1,False,False,3,0.6277964782714844,0.5586587204619371,"{""num_rows"": ""262144"", ""prefix_cardinality"": ""1"", ""prefix_width"": ""12"", ""suffix_width"": ""32""}"
experiment-31,prefix-targets,Device=0 num_rows=2097152 prefix_width=12 suffix_width=32 prefix_cardinality=1,False,False,3,4.503603839874266,0.27758085958741974,"{""num_rows"": ""2097152"", ""prefix_cardinality"": ""1"", ""prefix_width"": ""12"", ""suffix_width"": ""32""}"
experiment-2,zero,Device=0 num_rows=32768 profile=zero_collision_pass1,False,False,0,0.21514880120754246,1.7767416207566893,"{""num_rows"": ""32768"", ""profile"": ""zero_collision_pass1""}"
experiment-2,zero,Device=0 num_rows=32768 profile=zero_collision_pass2,False,False,0,0.298961278796196,13.480638356748829,"{""num_rows"": ""32768"", ""profile"": ""zero_collision_pass2""}"
experiment-2,zero,Device=0 num_rows=32768 profile=zero_collision_pass1,False,False,4,0.21950592070817948,0.9300759505520536,"{""num_rows"": ""32768"", ""profile"": ""zero_collision_pass1""}"
experiment-2,zero,Device=0 num_rows=32768 profile=zero_collision_pass2,False,False,4,0.29762304008007057,0.867307532476679,"{""num_rows"": ""32768"", ""profile"": ""zero_collision_pass2""}"
baseline,stable-warps-desc,Device=0 num_rows=32768 shared_suffix=0 segment_profile=pairs,True,True,0,0.15987264037132257,0.9402871130542171,"{""num_rows"": ""32768"", ""segment_profile"": ""pairs"", ""shared_suffix"": ""0""}"
baseline,stable-warps-desc,Device=0 num_rows=2097152 shared_suffix=0 segment_profile=pairs,True,True,0,0.7515737652778623,82.42148881818375,"{""num_rows"": ""2097152"", ""segment_profile"": ""pairs"", ""shared_suffix"": ""0""}"
baseline,stable-warps-desc,Device=0 num_rows=32768 shared_suffix=64 segment_profile=pairs,True,True,0,0.16176191926002503,1.318505523893782,"{""num_rows"": ""32768"", ""segment_profile"": ""pairs"", ""shared_suffix"": ""64""}"
baseline,stable-warps-desc,Device=0 num_rows=2097152 shared_suffix=64 segment_profile=pairs,True,True,0,0.8626220798492432,0.8236116391489282,"{""num_rows"": ""2097152"", ""segment_profile"": ""pairs"", ""shared_suffix"": ""64""}"
baseline,stable-warps-desc,Device=0 num_rows=32768 shared_suffix=0 segment_profile=tiny4,True,True,0,0.15944704055786132,1.19306602642311,"{""num_rows"": ""32768"", ""segment_profile"": ""tiny4"", ""shared_suffix"": ""0""}"
baseline,stable-warps-desc,Device=0 num_rows=2097152 shared_suffix=0 segment_profile=tiny4,True,True,0,0.6255865621566773,0.7915751257064738,"{""num_rows"": ""2097152"", ""segment_profile"": ""tiny4"", ""shared_suffix"": ""0""}"
baseline,stable-warps-desc,Device=0 num_rows=32768 shared_suffix=64 segment_profile=tiny4,True,True,0,0.17518336027860634,1.0637986706209481,"{""num_rows"": ""32768"", ""segment_profile"": ""tiny4"", ""shared_suffix"": ""64""}"
baseline,stable-warps-desc,Device=0 num_rows=2097152 shared_suffix=64 segment_profile=tiny4,True,True,0,1.0660499191284183,0.4778834896970986,"{""num_rows"": ""2097152"", ""segment_profile"": ""tiny4"", ""shared_suffix"": ""64""}"
baseline,stable-warps-desc,Device=0 num_rows=32768 shared_suffix=0 segment_profile=tiny8,True,True,0,0.16824896007776263,1.1225400694424617,"{""num_rows"": ""32768"", ""segment_profile"": ""tiny8"", ""shared_suffix"": ""0""}"
baseline,stable-warps-desc,Device=0 num_rows=2097152 shared_suffix=0 segment_profile=tiny8,True,True,0,0.7135289633274078,0.5995165278221587,"{""num_rows"": ""2097152"", ""segment_profile"": ""tiny8"", ""shared_suffix"": ""0""}"
baseline,stable-warps-desc,Device=0 num_rows=32768 shared_suffix=64 segment_profile=tiny8,True,True,0,0.19387519806623463,1.2021712253105097,"{""num_rows"": ""32768"", ""segment_profile"": ""tiny8"", ""shared_suffix"": ""64""}"
baseline,stable-warps-desc,Device=0 num_rows=2097152 shared_suffix=64 segment_profile=tiny8,True,True,0,1.5093139243125917,0.3004029121302005,"{""num_rows"": ""2097152"", ""segment_profile"": ""tiny8"", ""shared_suffix"": ""64""}"
baseline,stable-warps-desc,Device=0 num_rows=32768 shared_suffix=0 segment_profile=tiny16,True,True,0,0.17382911920547484,0.9641752961398862,"{""num_rows"": ""32768"", ""segment_profile"": ""tiny16"", ""shared_suffix"": ""0""}"
baseline,stable-warps-desc,Device=0 num_rows=2097152 shared_suffix=0 segment_profile=tiny16,True,True,0,0.8074220764636996,0.32263003026208115,"{""num_rows"": ""2097152"", ""segment_profile"": ""tiny16"", ""shared_suffix"": ""0""}"
baseline,stable-warps-desc,Device=0 num_rows=32768 shared_suffix=64 segment_profile=tiny16,True,True,0,0.2113734394311905,9.095424983689883,"{""num_rows"": ""32768"", ""segment_profile"": ""tiny16"", ""shared_suffix"": ""64""}"
baseline,stable-warps-desc,Device=0 num_rows=2097152 shared_suffix=64 segment_profile=tiny16,True,True,0,1.987720317840577,0.23649392166852803,"{""num_rows"": ""2097152"", ""segment_profile"": ""tiny16"", ""shared_suffix"": ""64""}"
baseline,stable-warps-desc,Device=0 num_rows=32768 shared_suffix=0 segment_profile=tiny32,True,True,0,0.17747519969940184,0.9034846718212419,"{""num_rows"": ""32768"", ""segment_profile"": ""tiny32"", ""shared_suffix"": ""0""}"
baseline,stable-warps-desc,Device=0 num_rows=2097152 shared_suffix=0 segment_profile=tiny32,True,True,0,0.9371865594387053,0.2946549478337252,"{""num_rows"": ""2097152"", ""segment_profile"": ""tiny32"", ""shared_suffix"": ""0""}"
baseline,stable-warps-desc,Device=0 num_rows=32768 shared_suffix=64 segment_profile=tiny32,True,True,0,0.22564671993255614,1.2309215790104995,"{""num_rows"": ""32768"", ""segment_profile"": ""tiny32"", ""shared_suffix"": ""64""}"
baseline,stable-warps-desc,Device=0 num_rows=2097152 shared_suffix=64 segment_profile=tiny32,True,True,0,2.527189111709595,0.23121244554318443,"{""num_rows"": ""2097152"", ""segment_profile"": ""tiny32"", ""shared_suffix"": ""64""}"
experiment-1,zero,Device=0 num_rows=32768 profile=zero_collision_pass1,False,False,3,0.21073536068201065,1.7054095572808643,"{""num_rows"": ""32768"", ""profile"": ""zero_collision_pass1""}"
experiment-1,zero,Device=0 num_rows=32768 profile=zero_collision_pass2,False,False,3,0.28662784039974215,1.0654403788300968,"{""num_rows"": ""32768"", ""profile"": ""zero_collision_pass2""}"
experiment-1,unstable-warps,Device=0 num_rows=32768 shared_suffix=0 segment_profile=singletons,False,False,1,0.14031488001346587,0.8532214942407504,"{""num_rows"": ""32768"", ""segment_profile"": ""singletons"", ""shared_suffix"": ""0""}"
experiment-1,unstable-warps,Device=0 num_rows=2097152 shared_suffix=0 segment_profile=singletons,False,False,1,0.35643648087978375,1.0590674491251155,"{""num_rows"": ""2097152"", ""segment_profile"": ""singletons"", ""shared_suffix"": ""0""}"
experiment-1,unstable-warps,Device=0 num_rows=32768 shared_suffix=64 segment_profile=singletons,False,False,1,0.1426694399118424,2.598581021015587,"{""num_rows"": ""32768"", ""segment_profile"": ""singletons"", ""shared_suffix"": ""64""}"
experiment-1,unstable-warps,Device=0 num_rows=2097152 shared_suffix=64 segment_profile=singletons,False,False,1,0.3931935995817184,0.7787730551230756,"{""num_rows"": ""2097152"", ""segment_profile"": ""singletons"", ""shared_suffix"": ""64""}"
experiment-1,unstable-warps,Device=0 num_rows=32768 shared_suffix=0 segment_profile=pairs,False,False,1,0.15932671993970865,2.0106101142902295,"{""num_rows"": ""32768"", ""segment_profile"": ""pairs"", ""shared_suffix"": ""0""}"
experiment-1,unstable-warps,Device=0 num_rows=2097152 shared_suffix=0 segment_profile=pairs,False,False,1,0.6550937604904177,1.1206504156993633,"{""num_rows"": ""2097152"", ""segment_profile"": ""pairs"", ""shared_suffix"": ""0""}"
experiment-1,unstable-warps,Device=0 num_rows=32768 shared_suffix=64 segment_profile=pairs,False,False,1,0.16477247953414917,2.46137849082678,"{""num_rows"": ""32768"", ""segment_profile"": ""pairs"", ""shared_suffix"": ""64""}"
experiment-1,unstable-warps,Device=0 num_rows=2097152 shared_suffix=64 segment_profile=pairs,False,False,1,0.8279123222827911,0.6612636955319267,"{""num_rows"": ""2097152"", ""segment_profile"": ""pairs"", ""shared_suffix"": ""64""}"
experiment-1,unstable-warps,Device=0 num_rows=32768 shared_suffix=0 segment_profile=tiny4,False,False,1,0.16002944052219387,2.3720278176666674,"{""num_rows"": ""32768"", ""segment_profile"": ""tiny4"", ""shared_suffix"": ""0""}"
experiment-1,unstable-warps,Device=0 num_rows=2097152 shared_suffix=0 segment_profile=tiny4,False,False,1,0.5813139224052428,0.7853495273758138,"{""num_rows"": ""2097152"", ""segment_profile"": ""tiny4"", ""shared_suffix"": ""0""}"
experiment-1,unstable-warps,Device=0 num_rows=32768 shared_suffix=64 segment_profile=tiny4,False,False,1,0.1715033593773842,2.089959988415225,"{""num_rows"": ""32768"", ""segment_profile"": ""tiny4"", ""shared_suffix"": ""64""}"
experiment-1,unstable-warps,Device=0 num_rows=2097152 shared_suffix=64 segment_profile=tiny4,False,False,1,0.9154041576385501,0.5359675973861466,"{""num_rows"": ""2097152"", ""segment_profile"": ""tiny4"", ""shared_suffix"": ""64""}"
experiment-1,unstable-warps,Device=0 num_rows=32768 shared_suffix=0 segment_profile=tiny8,False,False,1,0.16255040019750597,2.558047053569522,"{""num_rows"": ""32768"", ""segment_profile"": ""tiny8"", ""shared_suffix"": ""0""}"
experiment-1,unstable-warps,Device=0 num_rows=2097152 shared_suffix=0 segment_profile=tiny8,False,False,1,0.589847044944763,0.5966031071552722,"{""num_rows"": ""2097152"", ""segment_profile"": ""tiny8"", ""shared_suffix"": ""0""}"
experiment-1,unstable-warps,Device=0 num_rows=32768 shared_suffix=64 segment_profile=tiny8,False,False,1,0.1804934400320054,2.0860890355820603,"{""num_rows"": ""32768"", ""segment_profile"": ""tiny8"", ""shared_suffix"": ""64""}"
experiment-1,unstable-warps,Device=0 num_rows=2097152 shared_suffix=64 segment_profile=tiny8,False,False,1,1.150124797821045,0.42464636479401685,"{""num_rows"": ""2097152"", ""segment_profile"": ""tiny8"", ""shared_suffix"": ""64""}"
experiment-1,unstable-warps,Device=0 num_rows=32768 shared_suffix=0 segment_profile=tiny16,False,False,1,0.16311872065067295,0.7069258903205671,"{""num_rows"": ""32768"", ""segment_profile"": ""tiny16"", ""shared_suffix"": ""0""}"
experiment-1,unstable-warps,Device=0 num_rows=2097152 shared_suffix=0 segment_profile=tiny16,False,False,1,0.6255084788799287,0.4190029375332754,"{""num_rows"": ""2097152"", ""segment_profile"": ""tiny16"", ""shared_suffix"": ""0""}"
experiment-1,unstable-warps,Device=0 num_rows=32768 shared_suffix=64 segment_profile=tiny16,False,False,1,0.1870457604527473,1.8470929384831156,"{""num_rows"": ""32768"", ""segment_profile"": ""tiny16"", ""shared_suffix"": ""64""}"
experiment-1,unstable-warps,Device=0 num_rows=2097152 shared_suffix=64 segment_profile=tiny16,False,False,1,1.367075843811035,0.24988792433959192,"{""num_rows"": ""2097152"", ""segment_profile"": ""tiny16"", ""shared_suffix"": ""64""}"
experiment-1,unstable-warps,Device=0 num_rows=32768 shared_suffix=0 segment_profile=tiny32,False,False,1,0.16507519990205768,1.4650153548808105,"{""num_rows"": ""32768"", ""segment_profile"": ""tiny32"", ""shared_suffix"": ""0""}"
experiment-1,unstable-warps,Device=0 num_rows=2097152 shared_suffix=0 segment_profile=tiny32,False,False,1,0.6751071989536286,0.4624095774698826,"{""num_rows"": ""2097152"", ""segment_profile"": ""tiny32"", ""shared_suffix"": ""0""}"
experiment-1,unstable-warps,Device=0 num_rows=32768 shared_suffix=64 segment_profile=tiny32,False,False,1,0.19626880019903187,1.5713614520508874,"{""num_rows"": ""32768"", ""segment_profile"": ""tiny32"", ""shared_suffix"": ""64""}"
experiment-1,unstable-warps,Device=0 num_rows=2097152 shared_suffix=64 segment_profile=tiny32,False,False,1,1.6565689682960505,0.27225079036717226,"{""num_rows"": ""2097152"", ""segment_profile"": ""tiny32"", ""shared_suffix"": ""64""}"
experiment-2,unstable-warps,Device=0 num_rows=32768 shared_suffix=0 segment_profile=singletons,False,False,0,0.14035328090190885,1.188965981070177,"{""num_rows"": ""32768"", ""segment_profile"": ""singletons"", ""shared_suffix"": ""0""}"
experiment-2,unstable-warps,Device=0 num_rows=2097152 shared_suffix=0 segment_profile=singletons,False,False,0,0.35818687915802006,1.4880419774347133,"{""num_rows"": ""2097152"", ""segment_profile"": ""singletons"", ""shared_suffix"": ""0""}"
experiment-2,unstable-warps,Device=0 num_rows=32768 shared_suffix=64 segment_profile=singletons,False,False,0,0.1408351993560791,2.7357424232468204,"{""num_rows"": ""32768"", ""segment_profile"": ""singletons"", ""shared_suffix"": ""64""}"
experiment-2,unstable-warps,Device=0 num_rows=2097152 shared_suffix=64 segment_profile=singletons,False,False,0,0.3935513579845427,1.1148932195284325,"{""num_rows"": ""2097152"", ""segment_profile"": ""singletons"", ""shared_suffix"": ""64""}"
experiment-2,unstable-warps,Device=0 num_rows=32768 shared_suffix=0 segment_profile=pairs,False,False,0,0.15902784049510954,2.300847295718223,"{""num_rows"": ""32768"", ""segment_profile"": ""pairs"", ""shared_suffix"": ""0""}"
experiment-2,unstable-warps,Device=0 num_rows=2097152 shared_suffix=0 segment_profile=pairs,False,False,0,0.652127364873886,0.9902537743614345,"{""num_rows"": ""2097152"", ""segment_profile"": ""pairs"", ""shared_suffix"": ""0""}"
experiment-2,unstable-warps,Device=0 num_rows=32768 shared_suffix=64 segment_profile=pairs,False,False,0,0.16310400128364563,2.335152557247847,"{""num_rows"": ""32768"", ""segment_profile"": ""pairs"", ""shared_suffix"": ""64""}"
experiment-2,unstable-warps,Device=0 num_rows=2097152 shared_suffix=64 segment_profile=pairs,False,False,0,0.8249344003200532,0.7299941477249101,"{""num_rows"": ""2097152"", ""segment_profile"": ""pairs"", ""shared_suffix"": ""64""}"
experiment-2,unstable-warps,Device=0 num_rows=32768 shared_suffix=0 segment_profile=tiny4,False,False,0,0.15901440083980561,1.9020490121963913,"{""num_rows"": ""32768"", ""segment_profile"": ""tiny4"", ""shared_suffix"": ""0""}"
experiment-2,unstable-warps,Device=0 num_rows=2097152 shared_suffix=0 segment_profile=tiny4,False,False,0,0.582876800298691,0.8229542787311417,"{""num_rows"": ""2097152"", ""segment_profile"": ""tiny4"", ""shared_suffix"": ""0""}"
experiment-2,unstable-warps,Device=0 num_rows=32768 shared_suffix=64 segment_profile=tiny4,False,False,0,0.17055295974016188,2.21760800696169,"{""num_rows"": ""32768"", ""segment_profile"": ""tiny4"", ""shared_suffix"": ""64""}"
experiment-2,unstable-warps,Device=0 num_rows=2097152 shared_suffix=64 segment_profile=tiny4,False,False,0,0.9156774353981019,0.41748458981088227,"{""num_rows"": ""2097152"", ""segment_profile"": ""tiny4"", ""shared_suffix"": ""64""}"
experiment-2,unstable-warps,Device=0 num_rows=32768 shared_suffix=0 segment_profile=tiny8,False,False,0,0.16126528054475786,2.2254001946677127,"{""num_rows"": ""32768"", ""segment_profile"": ""tiny8"", ""shared_suffix"": ""0""}"
experiment-2,unstable-warps,Device=0 num_rows=2097152 shared_suffix=0 segment_profile=tiny8,False,False,0,0.594081280231476,0.6580379224369998,"{""num_rows"": ""2097152"", ""segment_profile"": ""tiny8"", ""shared_suffix"": ""0""}"
experiment-2,unstable-warps,Device=0 num_rows=32768 shared_suffix=64 segment_profile=tiny8,False,False,0,0.1789791998267174,1.7352795992132988,"{""num_rows"": ""32768"", ""segment_profile"": ""tiny8"", ""shared_suffix"": ""64""}"
experiment-2,unstable-warps,Device=0 num_rows=2097152 shared_suffix=64 segment_profile=tiny8,False,False,0,1.154033272266388,0.38551213399904366,"{""num_rows"": ""2097152"", ""segment_profile"": ""tiny8"", ""shared_suffix"": ""64""}"
experiment-2,unstable-warps,Device=0 num_rows=32768 shared_suffix=0 segment_profile=tiny16,False,False,0,0.16394879937171938,1.3356113563889322,"{""num_rows"": ""32768"", ""segment_profile"": ""tiny16"", ""shared_suffix"": ""0""}"
experiment-2,unstable-warps,Device=0 num_rows=2097152 shared_suffix=0 segment_profile=tiny16,False,False,0,0.6344678390026092,0.47479609161943537,"{""num_rows"": ""2097152"", ""segment_profile"": ""tiny16"", ""shared_suffix"": ""0""}"
experiment-2,unstable-warps,Device=0 num_rows=32768 shared_suffix=64 segment_profile=tiny16,False,False,0,0.18719423949718472,1.6939734424422184,"{""num_rows"": ""32768"", ""segment_profile"": ""tiny16"", ""shared_suffix"": ""64""}"
experiment-2,unstable-warps,Device=0 num_rows=2097152 shared_suffix=64 segment_profile=tiny16,False,False,0,1.3727756762504575,0.5053548002540099,"{""num_rows"": ""2097152"", ""segment_profile"": ""tiny16"", ""shared_suffix"": ""64""}"
experiment-2,unstable-warps,Device=0 num_rows=32768 shared_suffix=0 segment_profile=tiny32,False,False,0,0.16502144008874894,1.1743226560144764,"{""num_rows"": ""32768"", ""segment_profile"": ""tiny32"", ""shared_suffix"": ""0""}"
experiment-2,unstable-warps,Device=0 num_rows=2097152 shared_suffix=0 segment_profile=tiny32,False,False,0,0.6878016030788422,0.3596743822292939,"{""num_rows"": ""2097152"", ""segment_profile"": ""tiny32"", ""shared_suffix"": ""0""}"
experiment-2,unstable-warps,Device=0 num_rows=32768 shared_suffix=64 segment_profile=tiny32,False,False,0,0.19564543992280958,1.3119974284462084,"{""num_rows"": ""32768"", ""segment_profile"": ""tiny32"", ""shared_suffix"": ""64""}"
experiment-2,unstable-warps,Device=0 num_rows=2097152 shared_suffix=64 segment_profile=tiny32,False,False,0,1.6647014427185058,0.2914894020937269,"{""num_rows"": ""2097152"", ""segment_profile"": ""tiny32"", ""shared_suffix"": ""64""}"
experiment-3,stable-warps,Device=0 num_rows=32768 shared_suffix=0 segment_profile=pairs,True,False,4,0.15996159970760349,1.6007621360423805,"{""num_rows"": ""32768"", ""segment_profile"": ""pairs"", ""shared_suffix"": ""0""}"
experiment-3,stable-warps,Device=0 num_rows=2097152 shared_suffix=0 segment_profile=pairs,True,False,4,0.6549024009704589,1.003499133242825,"{""num_rows"": ""2097152"", ""segment_profile"": ""pairs"", ""shared_suffix"": ""0""}"
experiment-3,stable-warps,Device=0 num_rows=32768 shared_suffix=64 segment_profile=pairs,True,False,4,0.16323200017213824,2.1471528660358823,"{""num_rows"": ""32768"", ""segment_profile"": ""pairs"", ""shared_suffix"": ""64""}"
experiment-3,stable-warps,Device=0 num_rows=2097152 shared_suffix=64 segment_profile=pairs,True,False,4,0.8268415999412536,0.9428461053721147,"{""num_rows"": ""2097152"", ""segment_profile"": ""pairs"", ""shared_suffix"": ""64""}"
experiment-3,stable-warps,Device=0 num_rows=32768 shared_suffix=0 segment_profile=tiny4,True,False,4,0.15945983916521075,2.2206616764096188,"{""num_rows"": ""32768"", ""segment_profile"": ""tiny4"", ""shared_suffix"": ""0""}"
experiment-3,stable-warps,Device=0 num_rows=2097152 shared_suffix=0 segment_profile=tiny4,True,False,4,0.579461759328842,0.8604969802484208,"{""num_rows"": ""2097152"", ""segment_profile"": ""tiny4"", ""shared_suffix"": ""0""}"
experiment-3,stable-warps,Device=0 num_rows=32768 shared_suffix=64 segment_profile=tiny4,True,False,4,0.17152127981185913,2.3342202213043066,"{""num_rows"": ""32768"", ""segment_profile"": ""tiny4"", ""shared_suffix"": ""64""}"
experiment-3,stable-warps,Device=0 num_rows=2097152 shared_suffix=64 segment_profile=tiny4,True,False,4,0.9124076819419863,0.5145738862213934,"{""num_rows"": ""2097152"", ""segment_profile"": ""tiny4"", ""shared_suffix"": ""64""}"
experiment-3,stable-warps,Device=0 num_rows=32768 shared_suffix=0 segment_profile=tiny8,True,False,4,0.16060671985149377,2.3454471072356236,"{""num_rows"": ""32768"", ""segment_profile"": ""tiny8"", ""shared_suffix"": ""0""}"
experiment-3,stable-warps,Device=0 num_rows=2097152 shared_suffix=0 segment_profile=tiny8,True,False,4,0.5834508776664734,0.6934288964546593,"{""num_rows"": ""2097152"", ""segment_profile"": ""tiny8"", ""shared_suffix"": ""0""}"
experiment-3,stable-warps,Device=0 num_rows=32768 shared_suffix=64 segment_profile=tiny8,True,False,4,0.17980543941259386,2.391854885560167,"{""num_rows"": ""32768"", ""segment_profile"": ""tiny8"", ""shared_suffix"": ""64""}"
experiment-3,stable-warps,Device=0 num_rows=2097152 shared_suffix=64 segment_profile=tiny8,True,False,4,1.1407487893104553,0.38051474003783,"{""num_rows"": ""2097152"", ""segment_profile"": ""tiny8"", ""shared_suffix"": ""64""}"
experiment-3,stable-warps,Device=0 num_rows=32768 shared_suffix=0 segment_profile=tiny16,True,False,4,0.16214655995368957,3.237755940506102,"{""num_rows"": ""32768"", ""segment_profile"": ""tiny16"", ""shared_suffix"": ""0""}"
experiment-3,stable-warps,Device=0 num_rows=2097152 shared_suffix=0 segment_profile=tiny16,True,False,4,0.6097772765159608,0.5580612783414122,"{""num_rows"": ""2097152"", ""segment_profile"": ""tiny16"", ""shared_suffix"": ""0""}"
experiment-3,stable-warps,Device=0 num_rows=32768 shared_suffix=64 segment_profile=tiny16,True,False,4,0.185218560397625,1.5606597822264276,"{""num_rows"": ""32768"", ""segment_profile"": ""tiny16"", ""shared_suffix"": ""64""}"
experiment-3,stable-warps,Device=0 num_rows=2097152 shared_suffix=64 segment_profile=tiny16,True,False,4,1.3526495957374574,0.3231482310755464,"{""num_rows"": ""2097152"", ""segment_profile"": ""tiny16"", ""shared_suffix"": ""64""}"
experiment-3,stable-warps,Device=0 num_rows=32768 shared_suffix=0 segment_profile=tiny32,True,False,4,0.16348096102476117,0.9183326323759526,"{""num_rows"": ""32768"", ""segment_profile"": ""tiny32"", ""shared_suffix"": ""0""}"
experiment-3,stable-warps,Device=0 num_rows=2097152 shared_suffix=0 segment_profile=tiny32,True,False,4,0.6613382399082187,0.38412311553089284,"{""num_rows"": ""2097152"", ""segment_profile"": ""tiny32"", ""shared_suffix"": ""0""}"
experiment-3,stable-warps,Device=0 num_rows=32768 shared_suffix=64 segment_profile=tiny32,True,False,4,0.1942028799653053,1.2818408493968878,"{""num_rows"": ""32768"", ""segment_profile"": ""tiny32"", ""shared_suffix"": ""64""}"
experiment-3,stable-warps,Device=0 num_rows=2097152 shared_suffix=64 segment_profile=tiny32,True,False,4,1.6430636763572701,0.2688345579910189,"{""num_rows"": ""2097152"", ""segment_profile"": ""tiny32"", ""shared_suffix"": ""64""}"
experiment-31,identity-null,Device=0 num_rows=2097152 profile=fixed_8 null_percent=100,False,False,0,0.009352960009127859,23.071826738775083,"{""null_percent"": ""100"", ""num_rows"": ""2097152"", ""profile"": ""fixed_8""}"
experiment-15,identity-null,Device=0 num_rows=2097152 profile=fixed_8 null_percent=100,False,False,3,0.008741759974509478,4.521365861608725,"{""null_percent"": ""100"", ""num_rows"": ""2097152"", ""profile"": ""fixed_8""}"
experiment-15,prefix-targets,Device=0 num_rows=262144 prefix_width=8 suffix_width=32 prefix_cardinality=1,False,False,1,0.5679443180561065,0.6183677688009861,"{""num_rows"": ""262144"", ""prefix_cardinality"": ""1"", ""prefix_width"": ""8"", ""suffix_width"": ""32""}"
experiment-15,prefix-targets,Device=0 num_rows=2097152 prefix_width=8 suffix_width=32 prefix_cardinality=1,False,False,1,4.153201274871826,0.3362866556716289,"{""num_rows"": ""2097152"", ""prefix_cardinality"": ""1"", ""prefix_width"": ""8"", ""suffix_width"": ""32""}"
experiment-15,prefix-targets,Device=0 num_rows=262144 prefix_width=10 suffix_width=32 prefix_cardinality=1,False,False,1,0.6027820801734924,0.3778151754932295,"{""num_rows"": ""262144"", ""prefix_cardinality"": ""1"", ""prefix_width"": ""10"", ""suffix_width"": ""32""}"
experiment-15,prefix-targets,Device=0 num_rows=2097152 prefix_width=10 suffix_width=32 prefix_cardinality=1,False,False,1,4.378013439178469,0.4237978200989677,"{""num_rows"": ""2097152"", ""prefix_cardinality"": ""1"", ""prefix_width"": ""10"", ""suffix_width"": ""32""}"
experiment-15,prefix-targets,Device=0 num_rows=262144 prefix_width=11 suffix_width=32 prefix_cardinality=1,False,False,1,0.6103513586521148,0.4134617594214123,"{""num_rows"": ""262144"", ""prefix_cardinality"": ""1"", ""prefix_width"": ""11"", ""suffix_width"": ""32""}"
experiment-15,prefix-targets,Device=0 num_rows=2097152 prefix_width=11 suffix_width=32 prefix_cardinality=1,False,False,1,4.4406739234924295,0.23022333098545286,"{""num_rows"": ""2097152"", ""prefix_cardinality"": ""1"", ""prefix_width"": ""11"", ""suffix_width"": ""32""}"
experiment-15,prefix-targets,Device=0 num_rows=262144 prefix_width=12 suffix_width=32 prefix_cardinality=1,False,False,1,0.623723522424698,0.6595249112244678,"{""num_rows"": ""262144"", ""prefix_cardinality"": ""1"", ""prefix_width"": ""12"", ""suffix_width"": ""32""}"
experiment-15,prefix-targets,Device=0 num_rows=2097152 prefix_width=12 suffix_width=32 prefix_cardinality=1,False,False,1,4.501099529266358,0.28163423333308574,"{""num_rows"": ""2097152"", ""prefix_cardinality"": ""1"", ""prefix_width"": ""12"", ""suffix_width"": ""32""}"
experiment-2,unstable-warps,Device=0 num_rows=32768 shared_suffix=0 segment_profile=singletons,False,False,1,0.13923968046903606,1.3541706741585748,"{""num_rows"": ""32768"", ""segment_profile"": ""singletons"", ""shared_suffix"": ""0""}"
experiment-2,unstable-warps,Device=0 num_rows=2097152 shared_suffix=0 segment_profile=singletons,False,False,1,0.35212351858615876,0.8283648238614837,"{""num_rows"": ""2097152"", ""segment_profile"": ""singletons"", ""shared_suffix"": ""0""}"
experiment-2,unstable-warps,Device=0 num_rows=32768 shared_suffix=64 segment_profile=singletons,False,False,1,0.1364851203560829,1.2005089260891262,"{""num_rows"": ""32768"", ""segment_profile"": ""singletons"", ""shared_suffix"": ""64""}"
experiment-2,unstable-warps,Device=0 num_rows=2097152 shared_suffix=64 segment_profile=singletons,False,False,1,0.38884223878383634,0.9385221294207164,"{""num_rows"": ""2097152"", ""segment_profile"": ""singletons"", ""shared_suffix"": ""64""}"
experiment-2,unstable-warps,Device=0 num_rows=32768 shared_suffix=0 segment_profile=pairs,False,False,1,0.15547903954982759,1.2336328127569132,"{""num_rows"": ""32768"", ""segment_profile"": ""pairs"", ""shared_suffix"": ""0""}"
experiment-2,unstable-warps,Device=0 num_rows=2097152 shared_suffix=0 segment_profile=pairs,False,False,1,0.652828798294067,1.1332996243200393,"{""num_rows"": ""2097152"", ""segment_profile"": ""pairs"", ""shared_suffix"": ""0""}"
experiment-2,unstable-warps,Device=0 num_rows=32768 shared_suffix=64 segment_profile=pairs,False,False,1,0.1580300796031952,1.1982595574981068,"{""num_rows"": ""32768"", ""segment_profile"": ""pairs"", ""shared_suffix"": ""64""}"
experiment-2,unstable-warps,Device=0 num_rows=2097152 shared_suffix=64 segment_profile=pairs,False,False,1,0.8219180786609648,0.8435343654703833,"{""num_rows"": ""2097152"", ""segment_profile"": ""pairs"", ""shared_suffix"": ""64""}"
experiment-2,unstable-warps,Device=0 num_rows=32768 shared_suffix=0 segment_profile=tiny4,False,False,1,0.15618240088224408,1.4351713521832739,"{""num_rows"": ""32768"", ""segment_profile"": ""tiny4"", ""shared_suffix"": ""0""}"
experiment-2,unstable-warps,Device=0 num_rows=2097152 shared_suffix=0 segment_profile=tiny4,False,False,1,0.5790489614009857,0.7426798672189069,"{""num_rows"": ""2097152"", ""segment_profile"": ""tiny4"", ""shared_suffix"": ""0""}"
experiment-2,unstable-warps,Device=0 num_rows=32768 shared_suffix=64 segment_profile=tiny4,False,False,1,0.16707071900367743,1.8270146006185066,"{""num_rows"": ""32768"", ""segment_profile"": ""tiny4"", ""shared_suffix"": ""64""}"
experiment-2,unstable-warps,Device=0 num_rows=2097152 shared_suffix=64 segment_profile=tiny4,False,False,1,0.9118016016483306,0.6813098362648181,"{""num_rows"": ""2097152"", ""segment_profile"": ""tiny4"", ""shared_suffix"": ""64""}"
experiment-2,unstable-warps,Device=0 num_rows=32768 shared_suffix=0 segment_profile=tiny8,False,False,1,0.1600307184457779,1.6733059430943755,"{""num_rows"": ""32768"", ""segment_profile"": ""tiny8"", ""shared_suffix"": ""0""}"
experiment-2,unstable-warps,Device=0 num_rows=2097152 shared_suffix=0 segment_profile=tiny8,False,False,1,0.5904448008537291,0.757918326537174,"{""num_rows"": ""2097152"", ""segment_profile"": ""tiny8"", ""shared_suffix"": ""0""}"
experiment-2,unstable-warps,Device=0 num_rows=32768 shared_suffix=64 segment_profile=tiny8,False,False,1,0.1770982405543327,1.1896741517003626,"{""num_rows"": ""32768"", ""segment_profile"": ""tiny8"", ""shared_suffix"": ""64""}"
experiment-2,unstable-warps,Device=0 num_rows=2097152 shared_suffix=64 segment_profile=tiny8,False,False,1,1.15310079574585,1.443259360549234,"{""num_rows"": ""2097152"", ""segment_profile"": ""tiny8"", ""shared_suffix"": ""64""}"
experiment-2,unstable-warps,Device=0 num_rows=32768 shared_suffix=0 segment_profile=tiny16,False,False,1,0.16254464000463487,1.2756912240526608,"{""num_rows"": ""32768"", ""segment_profile"": ""tiny16"", ""shared_suffix"": ""0""}"
experiment-2,unstable-warps,Device=0 num_rows=2097152 shared_suffix=0 segment_profile=tiny16,False,False,1,0.6314604806900024,0.5156851942988827,"{""num_rows"": ""2097152"", ""segment_profile"": ""tiny16"", ""shared_suffix"": ""0""}"
experiment-2,unstable-warps,Device=0 num_rows=32768 shared_suffix=64 segment_profile=tiny16,False,False,1,0.1850451213121414,1.1900885491915463,"{""num_rows"": ""32768"", ""segment_profile"": ""tiny16"", ""shared_suffix"": ""64""}"
experiment-2,unstable-warps,Device=0 num_rows=2097152 shared_suffix=64 segment_profile=tiny16,False,False,1,1.3683430409431456,0.2862457550518084,"{""num_rows"": ""2097152"", ""segment_profile"": ""tiny16"", ""shared_suffix"": ""64""}"
experiment-2,unstable-warps,Device=0 num_rows=32768 shared_suffix=0 segment_profile=tiny32,False,False,1,0.16388159930706023,2.1691650515662446,"{""num_rows"": ""32768"", ""segment_profile"": ""tiny32"", ""shared_suffix"": ""0""}"
experiment-2,unstable-warps,Device=0 num_rows=2097152 shared_suffix=0 segment_profile=tiny32,False,False,1,0.6836812818050383,0.46992374230395734,"{""num_rows"": ""2097152"", ""segment_profile"": ""tiny32"", ""shared_suffix"": ""0""}"
experiment-2,unstable-warps,Device=0 num_rows=32768 shared_suffix=64 segment_profile=tiny32,False,False,1,0.1940652796626091,1.7154467631326706,"{""num_rows"": ""32768"", ""segment_profile"": ""tiny32"", ""shared_suffix"": ""64""}"
experiment-2,unstable-warps,Device=0 num_rows=2097152 shared_suffix=64 segment_profile=tiny32,False,False,1,1.6580108833312992,0.23378849860650366,"{""num_rows"": ""2097152"", ""segment_profile"": ""tiny32"", ""shared_suffix"": ""64""}"
experiment-15,prefix-targets,Device=0 num_rows=262144 prefix_width=8 suffix_width=32 prefix_cardinality=1,False,False,4,0.5744755160808565,0.5979545747820354,"{""num_rows"": ""262144"", ""prefix_cardinality"": ""1"", ""prefix_width"": ""8"", ""suffix_width"": ""32""}"
experiment-15,prefix-targets,Device=0 num_rows=2097152 prefix_width=8 suffix_width=32 prefix_cardinality=1,False,False,4,4.165706882476807,0.3892140010519033,"{""num_rows"": ""2097152"", ""prefix_cardinality"": ""1"", ""prefix_width"": ""8"", ""suffix_width"": ""32""}"
experiment-15,prefix-targets,Device=0 num_rows=262144 prefix_width=10 suffix_width=32 prefix_cardinality=1,False,False,4,0.6132448029518127,0.6912821055274757,"{""num_rows"": ""262144"", ""prefix_cardinality"": ""1"", ""prefix_width"": ""10"", ""suffix_width"": ""32""}"
experiment-15,prefix-targets,Device=0 num_rows=2097152 prefix_width=10 suffix_width=32 prefix_cardinality=1,False,False,4,4.38767873764038,0.3521952176486323,"{""num_rows"": ""2097152"", ""prefix_cardinality"": ""1"", ""prefix_width"": ""10"", ""suffix_width"": ""32""}"
experiment-15,prefix-targets,Device=0 num_rows=262144 prefix_width=11 suffix_width=32 prefix_cardinality=1,False,False,4,0.6244684791564941,3.655836876788447,"{""num_rows"": ""262144"", ""prefix_cardinality"": ""1"", ""prefix_width"": ""11"", ""suffix_width"": ""32""}"
experiment-15,prefix-targets,Device=0 num_rows=2097152 prefix_width=11 suffix_width=32 prefix_cardinality=1,False,False,4,4.44876226425171,0.2661341354708558,"{""num_rows"": ""2097152"", ""prefix_cardinality"": ""1"", ""prefix_width"": ""11"", ""suffix_width"": ""32""}"
experiment-15,prefix-targets,Device=0 num_rows=262144 prefix_width=12 suffix_width=32 prefix_cardinality=1,False,False,4,0.6318579161167143,0.6864373849565617,"{""num_rows"": ""262144"", ""prefix_cardinality"": ""1"", ""prefix_width"": ""12"", ""suffix_width"": ""32""}"
experiment-15,prefix-targets,Device=0 num_rows=2097152 prefix_width=12 suffix_width=32 prefix_cardinality=1,False,False,4,4.508234243392942,0.2604821512285903,"{""num_rows"": ""2097152"", ""prefix_cardinality"": ""1"", ""prefix_width"": ""12"", ""suffix_width"": ""32""}"
experiment-3,active-fractions,Device=0 num_rows=262144 profile=active_10,False,False,4,0.2894105607271194,1.9352793615541308,"{""num_rows"": ""262144"", ""profile"": ""active_10""}"
experiment-3,active-fractions,Device=0 num_rows=2097152 profile=active_10,False,False,4,0.5342867195606231,0.5642214302297693,"{""num_rows"": ""2097152"", ""profile"": ""active_10""}"
experiment-3,active-fractions,Device=0 num_rows=262144 profile=active_50,False,False,4,0.3261177593469621,5.788422201674194,"{""num_rows"": ""262144"", ""profile"": ""active_50""}"
experiment-3,active-fractions,Device=0 num_rows=2097152 profile=active_50,False,False,4,0.856327040195465,0.4675840372446694,"{""num_rows"": ""2097152"", ""profile"": ""active_50""}"
experiment-31,zero,Device=0 num_rows=32768 profile=zero_collision_pass1,False,False,1,0.2140083211660385,1.7998436961872741,"{""num_rows"": ""32768"", ""profile"": ""zero_collision_pass1""}"
experiment-31,zero,Device=0 num_rows=32768 profile=zero_collision_pass2,False,False,1,0.29011007964611063,1.2297838607265463,"{""num_rows"": ""32768"", ""profile"": ""zero_collision_pass2""}"
experiment-31,unstable-warps,Device=0 num_rows=32768 shared_suffix=0 segment_profile=singletons,False,False,2,0.13965376049280165,1.8151698317943536,"{""num_rows"": ""32768"", ""segment_profile"": ""singletons"", ""shared_suffix"": ""0""}"
experiment-31,unstable-warps,Device=0 num_rows=2097152 shared_suffix=0 segment_profile=singletons,False,False,2,0.3512902408838274,0.867349934245815,"{""num_rows"": ""2097152"", ""segment_profile"": ""singletons"", ""shared_suffix"": ""0""}"
experiment-31,unstable-warps,Device=0 num_rows=32768 shared_suffix=64 segment_profile=singletons,False,False,2,0.13673216074705122,1.8269458073525522,"{""num_rows"": ""32768"", ""segment_profile"": ""singletons"", ""shared_suffix"": ""64""}"
experiment-31,unstable-warps,Device=0 num_rows=2097152 shared_suffix=64 segment_profile=singletons,False,False,2,0.3897254401445387,0.7288787228978701,"{""num_rows"": ""2097152"", ""segment_profile"": ""singletons"", ""shared_suffix"": ""64""}"
experiment-31,unstable-warps,Device=0 num_rows=32768 shared_suffix=0 segment_profile=pairs,False,False,2,0.15573695987462996,0.6450198686159535,"{""num_rows"": ""32768"", ""segment_profile"": ""pairs"", ""shared_suffix"": ""0""}"
experiment-31,unstable-warps,Device=0 num_rows=2097152 shared_suffix=0 segment_profile=pairs,False,False,2,0.6514451181888582,1.1753837776960192,"{""num_rows"": ""2097152"", ""segment_profile"": ""pairs"", ""shared_suffix"": ""0""}"
experiment-31,unstable-warps,Device=0 num_rows=32768 shared_suffix=64 segment_profile=pairs,False,False,2,0.15824704051017766,0.89704671224597,"{""num_rows"": ""32768"", ""segment_profile"": ""pairs"", ""shared_suffix"": ""64""}"
experiment-31,unstable-warps,Device=0 num_rows=2097152 shared_suffix=64 segment_profile=pairs,False,False,2,0.8231859230995179,0.7594241866819414,"{""num_rows"": ""2097152"", ""segment_profile"": ""pairs"", ""shared_suffix"": ""64""}"
experiment-31,unstable-warps,Device=0 num_rows=32768 shared_suffix=0 segment_profile=tiny4,False,False,2,0.15682880103588107,1.642504033881622,"{""num_rows"": ""32768"", ""segment_profile"": ""tiny4"", ""shared_suffix"": ""0""}"
experiment-31,unstable-warps,Device=0 num_rows=2097152 shared_suffix=0 segment_profile=tiny4,False,False,2,0.5789574420452118,2.2513216074367506,"{""num_rows"": ""2097152"", ""segment_profile"": ""tiny4"", ""shared_suffix"": ""0""}"
experiment-31,unstable-warps,Device=0 num_rows=32768 shared_suffix=64 segment_profile=tiny4,False,False,2,0.16687295913696287,0.937548506784369,"{""num_rows"": ""32768"", ""segment_profile"": ""tiny4"", ""shared_suffix"": ""64""}"
experiment-31,unstable-warps,Device=0 num_rows=2097152 shared_suffix=64 segment_profile=tiny4,False,False,2,0.9136825597286222,2.73950822888487,"{""num_rows"": ""2097152"", ""segment_profile"": ""tiny4"", ""shared_suffix"": ""64""}"
experiment-31,unstable-warps,Device=0 num_rows=32768 shared_suffix=0 segment_profile=tiny8,False,False,2,0.15892928123474123,1.2880601265344835,"{""num_rows"": ""32768"", ""segment_profile"": ""tiny8"", ""shared_suffix"": ""0""}"
experiment-31,unstable-warps,Device=0 num_rows=2097152 shared_suffix=0 segment_profile=tiny8,False,False,2,0.5862649583816528,0.7823941898230942,"{""num_rows"": ""2097152"", ""segment_profile"": ""tiny8"", ""shared_suffix"": ""0""}"
experiment-31,unstable-warps,Device=0 num_rows=32768 shared_suffix=64 segment_profile=tiny8,False,False,2,0.17680639982223517,0.7984468597007028,"{""num_rows"": ""32768"", ""segment_profile"": ""tiny8"", ""shared_suffix"": ""64""}"
experiment-31,unstable-warps,Device=0 num_rows=2097152 shared_suffix=64 segment_profile=tiny8,False,False,2,1.1457408046722413,0.2968225911975907,"{""num_rows"": ""2097152"", ""segment_profile"": ""tiny8"", ""shared_suffix"": ""64""}"
experiment-31,unstable-warps,Device=0 num_rows=32768 shared_suffix=0 segment_profile=tiny16,False,False,2,0.16190464019775389,1.1369278147331658,"{""num_rows"": ""32768"", ""segment_profile"": ""tiny16"", ""shared_suffix"": ""0""}"
experiment-31,unstable-warps,Device=0 num_rows=2097152 shared_suffix=0 segment_profile=tiny16,False,False,2,0.6205638396739959,0.4440739336967339,"{""num_rows"": ""2097152"", ""segment_profile"": ""tiny16"", ""shared_suffix"": ""0""}"
experiment-31,unstable-warps,Device=0 num_rows=32768 shared_suffix=64 segment_profile=tiny16,False,False,2,0.18452223956584926,1.582603397440296,"{""num_rows"": ""32768"", ""segment_profile"": ""tiny16"", ""shared_suffix"": ""64""}"
experiment-31,unstable-warps,Device=0 num_rows=2097152 shared_suffix=64 segment_profile=tiny16,False,False,2,1.3630988812446596,0.4269567634669211,"{""num_rows"": ""2097152"", ""segment_profile"": ""tiny16"", ""shared_suffix"": ""64""}"
experiment-31,unstable-warps,Device=0 num_rows=32768 shared_suffix=0 segment_profile=tiny32,False,False,2,0.1633913600444793,1.7167688951289093,"{""num_rows"": ""32768"", ""segment_profile"": ""tiny32"", ""shared_suffix"": ""0""}"
experiment-31,unstable-warps,Device=0 num_rows=2097152 shared_suffix=0 segment_profile=tiny32,False,False,2,0.671107840538025,0.5264850932789453,"{""num_rows"": ""2097152"", ""segment_profile"": ""tiny32"", ""shared_suffix"": ""0""}"
experiment-31,unstable-warps,Device=0 num_rows=32768 shared_suffix=64 segment_profile=tiny32,False,False,2,0.19396223932504653,1.1422338848771025,"{""num_rows"": ""32768"", ""segment_profile"": ""tiny32"", ""shared_suffix"": ""64""}"
experiment-31,unstable-warps,Device=0 num_rows=2097152 shared_suffix=64 segment_profile=tiny32,False,False,2,1.652112002372742,0.3496608415952293,"{""num_rows"": ""2097152"", ""segment_profile"": ""tiny32"", ""shared_suffix"": ""64""}"
experiment-15,zero,Device=0 num_rows=32768 profile=zero_collision_pass1,False,False,0,0.20857920020818707,2.3017541162016375,"{""num_rows"": ""32768"", ""profile"": ""zero_collision_pass1""}"
experiment-15,zero,Device=0 num_rows=32768 profile=zero_collision_pass2,False,False,0,0.28645888090133664,0.9522886186971903,"{""num_rows"": ""32768"", ""profile"": ""zero_collision_pass2""}"
experiment-1,zero,Device=0 num_rows=32768 profile=zero_collision_pass1,False,False,0,0.21573632031679155,0.7438438981519426,"{""num_rows"": ""32768"", ""profile"": ""zero_collision_pass1""}"
experiment-1,zero,Device=0 num_rows=32768 profile=zero_collision_pass2,False,False,0,0.2911206394433975,0.8755164946509442,"{""num_rows"": ""32768"", ""profile"": ""zero_collision_pass2""}"
baseline,stable-warps,Device=0 num_rows=32768 shared_suffix=0 segment_profile=pairs,True,False,1,0.15760127961635592,1.7475465145321671,"{""num_rows"": ""32768"", ""segment_profile"": ""pairs"", ""shared_suffix"": ""0""}"
baseline,stable-warps,Device=0 num_rows=2097152 shared_suffix=0 segment_profile=pairs,True,False,1,0.6561753618717192,0.944836544682972,"{""num_rows"": ""2097152"", ""segment_profile"": ""pairs"", ""shared_suffix"": ""0""}"
baseline,stable-warps,Device=0 num_rows=32768 shared_suffix=64 segment_profile=pairs,True,False,1,0.1619487994909287,9.27831510523474,"{""num_rows"": ""32768"", ""segment_profile"": ""pairs"", ""shared_suffix"": ""64""}"
baseline,stable-warps,Device=0 num_rows=2097152 shared_suffix=64 segment_profile=pairs,True,False,1,0.861276799440384,0.8462373265193126,"{""num_rows"": ""2097152"", ""segment_profile"": ""pairs"", ""shared_suffix"": ""64""}"
baseline,stable-warps,Device=0 num_rows=32768 shared_suffix=0 segment_profile=tiny4,True,False,1,0.15801023960113525,1.4108274899872377,"{""num_rows"": ""32768"", ""segment_profile"": ""tiny4"", ""shared_suffix"": ""0""}"
baseline,stable-warps,Device=0 num_rows=2097152 shared_suffix=0 segment_profile=tiny4,True,False,1,0.6208793640136717,0.9018926934376352,"{""num_rows"": ""2097152"", ""segment_profile"": ""tiny4"", ""shared_suffix"": ""0""}"
baseline,stable-warps,Device=0 num_rows=32768 shared_suffix=64 segment_profile=tiny4,True,False,1,0.17824640005826953,19.5991180849045,"{""num_rows"": ""32768"", ""segment_profile"": ""tiny4"", ""shared_suffix"": ""64""}"
baseline,stable-warps,Device=0 num_rows=2097152 shared_suffix=64 segment_profile=tiny4,True,False,1,1.0635750389099117,0.44431246055151985,"{""num_rows"": ""2097152"", ""segment_profile"": ""tiny4"", ""shared_suffix"": ""64""}"
baseline,stable-warps,Device=0 num_rows=32768 shared_suffix=0 segment_profile=tiny8,True,False,1,0.1671871995925903,1.565868924755356,"{""num_rows"": ""32768"", ""segment_profile"": ""tiny8"", ""shared_suffix"": ""0""}"
baseline,stable-warps,Device=0 num_rows=2097152 shared_suffix=0 segment_profile=tiny8,True,False,1,0.7080332815647122,0.6748345563799569,"{""num_rows"": ""2097152"", ""segment_profile"": ""tiny8"", ""shared_suffix"": ""0""}"
baseline,stable-warps,Device=0 num_rows=32768 shared_suffix=64 segment_profile=tiny8,True,False,1,0.1922713598608971,0.9541942955982315,"{""num_rows"": ""32768"", ""segment_profile"": ""tiny8"", ""shared_suffix"": ""64""}"
baseline,stable-warps,Device=0 num_rows=2097152 shared_suffix=64 segment_profile=tiny8,True,False,1,1.505613436698914,0.31159160555986937,"{""num_rows"": ""2097152"", ""segment_profile"": ""tiny8"", ""shared_suffix"": ""64""}"
baseline,stable-warps,Device=0 num_rows=32768 shared_suffix=0 segment_profile=tiny16,True,False,1,0.17260735929012302,0.9558723115335954,"{""num_rows"": ""32768"", ""segment_profile"": ""tiny16"", ""shared_suffix"": ""0""}"
baseline,stable-warps,Device=0 num_rows=2097152 shared_suffix=0 segment_profile=tiny16,True,False,1,0.8045318377017975,0.4281351264484842,"{""num_rows"": ""2097152"", ""segment_profile"": ""tiny16"", ""shared_suffix"": ""0""}"
baseline,stable-warps,Device=0 num_rows=32768 shared_suffix=64 segment_profile=tiny16,True,False,1,0.20757568031549456,1.2858980896573458,"{""num_rows"": ""32768"", ""segment_profile"": ""tiny16"", ""shared_suffix"": ""64""}"
baseline,stable-warps,Device=0 num_rows=2097152 shared_suffix=64 segment_profile=tiny16,True,False,1,1.9855065608024602,0.29723214388722996,"{""num_rows"": ""2097152"", ""segment_profile"": ""tiny16"", ""shared_suffix"": ""64""}"
baseline,stable-warps,Device=0 num_rows=32768 shared_suffix=0 segment_profile=tiny32,True,False,1,0.17525439977645876,1.6768361722086917,"{""num_rows"": ""32768"", ""segment_profile"": ""tiny32"", ""shared_suffix"": ""0""}"
baseline,stable-warps,Device=0 num_rows=2097152 shared_suffix=0 segment_profile=tiny32,True,False,1,0.9318758404254917,0.33140976213270107,"{""num_rows"": ""2097152"", ""segment_profile"": ""tiny32"", ""shared_suffix"": ""0""}"
baseline,stable-warps,Device=0 num_rows=32768 shared_suffix=64 segment_profile=tiny32,True,False,1,0.22467456072568892,1.561148476824758,"{""num_rows"": ""32768"", ""segment_profile"": ""tiny32"", ""shared_suffix"": ""64""}"
baseline,stable-warps,Device=0 num_rows=2097152 shared_suffix=64 segment_profile=tiny32,True,False,1,2.5221792173385618,0.21379243311730675,"{""num_rows"": ""2097152"", ""segment_profile"": ""tiny32"", ""shared_suffix"": ""64""}"
experiment-3,identity-constant,Device=0 num_rows=2097152 profile=cardinality_1_width_32,False,False,2,0.008567039966583251,2.812505713390408,"{""num_rows"": ""2097152"", ""profile"": ""cardinality_1_width_32""}"
baseline,prefix-targets,Device=0 num_rows=262144 prefix_width=8 suffix_width=32 prefix_cardinality=1,False,False,1,0.5816761565208434,0.6338111014050651,"{""num_rows"": ""262144"", ""prefix_cardinality"": ""1"", ""prefix_width"": ""8"", ""suffix_width"": ""32""}"
baseline,prefix-targets,Device=0 num_rows=2097152 prefix_width=8 suffix_width=32 prefix_cardinality=1,False,False,1,4.245962247848511,0.3193374118883016,"{""num_rows"": ""2097152"", ""prefix_cardinality"": ""1"", ""prefix_width"": ""8"", ""suffix_width"": ""32""}"
baseline,prefix-targets,Device=0 num_rows=262144 prefix_width=10 suffix_width=32 prefix_cardinality=1,False,False,1,0.6155673611164094,0.32803792316489444,"{""num_rows"": ""262144"", ""prefix_cardinality"": ""1"", ""prefix_width"": ""10"", ""suffix_width"": ""32""}"
baseline,prefix-targets,Device=0 num_rows=2097152 prefix_width=10 suffix_width=32 prefix_cardinality=1,False,False,1,4.462544651031494,0.44116610040669046,"{""num_rows"": ""2097152"", ""prefix_cardinality"": ""1"", ""prefix_width"": ""10"", ""suffix_width"": ""32""}"
baseline,prefix-targets,Device=0 num_rows=262144 prefix_width=11 suffix_width=32 prefix_cardinality=1,False,False,1,0.6248633539676668,0.580338671783101,"{""num_rows"": ""262144"", ""prefix_cardinality"": ""1"", ""prefix_width"": ""11"", ""suffix_width"": ""32""}"
baseline,prefix-targets,Device=0 num_rows=2097152 prefix_width=11 suffix_width=32 prefix_cardinality=1,False,False,1,4.522615022659303,0.31955673283131913,"{""num_rows"": ""2097152"", ""prefix_cardinality"": ""1"", ""prefix_width"": ""11"", ""suffix_width"": ""32""}"
baseline,prefix-targets,Device=0 num_rows=262144 prefix_width=12 suffix_width=32 prefix_cardinality=1,False,False,1,0.6349452793598176,0.39558941811472886,"{""num_rows"": ""262144"", ""prefix_cardinality"": ""1"", ""prefix_width"": ""12"", ""suffix_width"": ""32""}"
baseline,prefix-targets,Device=0 num_rows=2097152 prefix_width=12 suffix_width=32 prefix_cardinality=1,False,False,1,4.575862398147583,0.29644157264876686,"{""num_rows"": ""2097152"", ""prefix_cardinality"": ""1"", ""prefix_width"": ""12"", ""suffix_width"": ""32""}"
experiment-15,unstable-warps,Device=0 num_rows=32768 shared_suffix=0 segment_profile=singletons,False,False,4,0.13951999902725218,0.8834996028695663,"{""num_rows"": ""32768"", ""segment_profile"": ""singletons"", ""shared_suffix"": ""0""}"
experiment-15,unstable-warps,Device=0 num_rows=2097152 shared_suffix=0 segment_profile=singletons,False,False,4,0.3564614415168763,1.0169439139639562,"{""num_rows"": ""2097152"", ""segment_profile"": ""singletons"", ""shared_suffix"": ""0""}"
experiment-15,unstable-warps,Device=0 num_rows=32768 shared_suffix=64 segment_profile=singletons,False,False,4,0.1415020790696144,2.7072188590084174,"{""num_rows"": ""32768"", ""segment_profile"": ""singletons"", ""shared_suffix"": ""64""}"
experiment-15,unstable-warps,Device=0 num_rows=2097152 shared_suffix=64 segment_profile=singletons,False,False,4,0.39341952264308927,0.8095155593129619,"{""num_rows"": ""2097152"", ""segment_profile"": ""singletons"", ""shared_suffix"": ""64""}"
experiment-15,unstable-warps,Device=0 num_rows=32768 shared_suffix=0 segment_profile=pairs,False,False,4,0.15856319993734355,2.2736629384191085,"{""num_rows"": ""32768"", ""segment_profile"": ""pairs"", ""shared_suffix"": ""0""}"
experiment-15,unstable-warps,Device=0 num_rows=2097152 shared_suffix=0 segment_profile=pairs,False,False,4,0.6547583997249604,1.1067086220745581,"{""num_rows"": ""2097152"", ""segment_profile"": ""pairs"", ""shared_suffix"": ""0""}"
experiment-15,unstable-warps,Device=0 num_rows=32768 shared_suffix=64 segment_profile=pairs,False,False,4,0.16319296002387998,2.3591311090790277,"{""num_rows"": ""32768"", ""segment_profile"": ""pairs"", ""shared_suffix"": ""64""}"
experiment-15,unstable-warps,Device=0 num_rows=2097152 shared_suffix=64 segment_profile=pairs,False,False,4,0.8264166414737705,0.8165539404194767,"{""num_rows"": ""2097152"", ""segment_profile"": ""pairs"", ""shared_suffix"": ""64""}"
experiment-15,unstable-warps,Device=0 num_rows=32768 shared_suffix=0 segment_profile=tiny4,False,False,4,0.15944640100002286,2.52570816787703,"{""num_rows"": ""32768"", ""segment_profile"": ""tiny4"", ""shared_suffix"": ""0""}"
experiment-15,unstable-warps,Device=0 num_rows=2097152 shared_suffix=0 segment_profile=tiny4,False,False,4,0.5816447997093203,1.0127489324701926,"{""num_rows"": ""2097152"", ""segment_profile"": ""tiny4"", ""shared_suffix"": ""0""}"
experiment-15,unstable-warps,Device=0 num_rows=32768 shared_suffix=64 segment_profile=tiny4,False,False,4,0.1710112005472183,2.2842843799720227,"{""num_rows"": ""32768"", ""segment_profile"": ""tiny4"", ""shared_suffix"": ""64""}"
experiment-15,unstable-warps,Device=0 num_rows=2097152 shared_suffix=64 segment_profile=tiny4,False,False,4,0.9145100772380829,0.4739531216079817,"{""num_rows"": ""2097152"", ""segment_profile"": ""tiny4"", ""shared_suffix"": ""64""}"
experiment-15,unstable-warps,Device=0 num_rows=32768 shared_suffix=0 segment_profile=tiny8,False,False,4,0.16049663901329037,2.054524832691007,"{""num_rows"": ""32768"", ""segment_profile"": ""tiny8"", ""shared_suffix"": ""0""}"
experiment-15,unstable-warps,Device=0 num_rows=2097152 shared_suffix=0 segment_profile=tiny8,False,False,4,0.5898086428642273,0.8505273593605452,"{""num_rows"": ""2097152"", ""segment_profile"": ""tiny8"", ""shared_suffix"": ""0""}"
experiment-15,unstable-warps,Device=0 num_rows=32768 shared_suffix=64 segment_profile=tiny8,False,False,4,0.17931648015975948,2.15153841391227,"{""num_rows"": ""32768"", ""segment_profile"": ""tiny8"", ""shared_suffix"": ""64""}"
experiment-15,unstable-warps,Device=0 num_rows=2097152 shared_suffix=64 segment_profile=tiny8,False,False,4,1.1485868763923648,0.3122782754310137,"{""num_rows"": ""2097152"", ""segment_profile"": ""tiny8"", ""shared_suffix"": ""64""}"
experiment-15,unstable-warps,Device=0 num_rows=32768 shared_suffix=0 segment_profile=tiny16,False,False,4,0.16325311988592145,1.402759885634198,"{""num_rows"": ""32768"", ""segment_profile"": ""tiny16"", ""shared_suffix"": ""0""}"
experiment-15,unstable-warps,Device=0 num_rows=2097152 shared_suffix=0 segment_profile=tiny16,False,False,4,0.6250828790664673,0.4379920426377474,"{""num_rows"": ""2097152"", ""segment_profile"": ""tiny16"", ""shared_suffix"": ""0""}"
experiment-15,unstable-warps,Device=0 num_rows=32768 shared_suffix=64 segment_profile=tiny16,False,False,4,0.1859993600845337,1.5910619378017716,"{""num_rows"": ""32768"", ""segment_profile"": ""tiny16"", ""shared_suffix"": ""64""}"
experiment-15,unstable-warps,Device=0 num_rows=2097152 shared_suffix=64 segment_profile=tiny16,False,False,4,1.367130880355835,0.32345255064856265,"{""num_rows"": ""2097152"", ""segment_profile"": ""tiny16"", ""shared_suffix"": ""64""}"
experiment-15,unstable-warps,Device=0 num_rows=32768 shared_suffix=0 segment_profile=tiny32,False,False,4,0.16397887915372847,1.0161393893896855,"{""num_rows"": ""32768"", ""segment_profile"": ""tiny32"", ""shared_suffix"": ""0""}"
experiment-15,unstable-warps,Device=0 num_rows=2097152 shared_suffix=0 segment_profile=tiny32,False,False,4,0.6748479998111725,0.43884920478065936,"{""num_rows"": ""2097152"", ""segment_profile"": ""tiny32"", ""shared_suffix"": ""0""}"
experiment-15,unstable-warps,Device=0 num_rows=32768 shared_suffix=64 segment_profile=tiny32,False,False,4,0.19571520000696185,4.328875946448671,"{""num_rows"": ""32768"", ""segment_profile"": ""tiny32"", ""shared_suffix"": ""64""}"
experiment-15,unstable-warps,Device=0 num_rows=2097152 shared_suffix=64 segment_profile=tiny32,False,False,4,1.6560748863220214,0.27088842977516214,"{""num_rows"": ""2097152"", ""segment_profile"": ""tiny32"", ""shared_suffix"": ""64""}"
experiment-15,zero,Device=0 num_rows=32768 profile=zero_collision_pass1,False,False,4,0.21567488014698027,0.8192294585745383,"{""num_rows"": ""32768"", ""profile"": ""zero_collision_pass1""}"
experiment-15,zero,Device=0 num_rows=32768 profile=zero_collision_pass2,False,False,4,0.29119807958602906,0.9750199711077543,"{""num_rows"": ""32768"", ""profile"": ""zero_collision_pass2""}"
experiment-15,identity-constant,Device=0 num_rows=2097152 profile=cardinality_1_width_32,False,False,4,0.008815359976142642,10.722414155439166,"{""num_rows"": ""2097152"", ""profile"": ""cardinality_1_width_32""}"
experiment-15,identity-constant,Device=0 num_rows=2097152 profile=cardinality_1_width_32,False,False,0,0.008558719959110022,2.176467289631845,"{""num_rows"": ""2097152"", ""profile"": ""cardinality_1_width_32""}"
experiment-31,stable-warps,Device=0 num_rows=32768 shared_suffix=0 segment_profile=pairs,True,False,4,0.15916224002838134,0.6752216015566631,"{""num_rows"": ""32768"", ""segment_profile"": ""pairs"", ""shared_suffix"": ""0""}"
experiment-31,stable-warps,Device=0 num_rows=2097152 shared_suffix=0 segment_profile=pairs,True,False,4,0.6565439999103546,1.1196272423125184,"{""num_rows"": ""2097152"", ""segment_profile"": ""pairs"", ""shared_suffix"": ""0""}"
experiment-31,stable-warps,Device=0 num_rows=32768 shared_suffix=64 segment_profile=pairs,True,False,4,0.16455424070358277,2.090571811149883,"{""num_rows"": ""32768"", ""segment_profile"": ""pairs"", ""shared_suffix"": ""64""}"
experiment-31,stable-warps,Device=0 num_rows=2097152 shared_suffix=64 segment_profile=pairs,True,False,4,0.8252876806259155,0.8926686304023559,"{""num_rows"": ""2097152"", ""segment_profile"": ""pairs"", ""shared_suffix"": ""64""}"
experiment-31,stable-warps,Device=0 num_rows=32768 shared_suffix=0 segment_profile=tiny4,True,False,4,0.1600179207324982,2.4050827265711026,"{""num_rows"": ""32768"", ""segment_profile"": ""tiny4"", ""shared_suffix"": ""0""}"
experiment-31,stable-warps,Device=0 num_rows=2097152 shared_suffix=0 segment_profile=tiny4,True,False,4,0.579138560295105,0.7788748958493443,"{""num_rows"": ""2097152"", ""segment_profile"": ""tiny4"", ""shared_suffix"": ""0""}"
experiment-31,stable-warps,Device=0 num_rows=32768 shared_suffix=64 segment_profile=tiny4,True,False,4,0.17230911940336224,1.8879972815696828,"{""num_rows"": ""32768"", ""segment_profile"": ""tiny4"", ""shared_suffix"": ""64""}"
experiment-31,stable-warps,Device=0 num_rows=2097152 shared_suffix=64 segment_profile=tiny4,True,False,4,0.9125478410720825,0.511746746764164,"{""num_rows"": ""2097152"", ""segment_profile"": ""tiny4"", ""shared_suffix"": ""64""}"
experiment-31,stable-warps,Device=0 num_rows=32768 shared_suffix=0 segment_profile=tiny8,True,False,4,0.16135424017906186,2.410022263542698,"{""num_rows"": ""32768"", ""segment_profile"": ""tiny8"", ""shared_suffix"": ""0""}"
experiment-31,stable-warps,Device=0 num_rows=2097152 shared_suffix=0 segment_profile=tiny8,True,False,4,0.5830457627773287,0.7039171039751936,"{""num_rows"": ""2097152"", ""segment_profile"": ""tiny8"", ""shared_suffix"": ""0""}"
experiment-31,stable-warps,Device=0 num_rows=32768 shared_suffix=64 segment_profile=tiny8,True,False,4,0.18063423931598666,2.2585988806121544,"{""num_rows"": ""32768"", ""segment_profile"": ""tiny8"", ""shared_suffix"": ""64""}"
experiment-31,stable-warps,Device=0 num_rows=2097152 shared_suffix=64 segment_profile=tiny8,True,False,4,1.1414201593399051,0.3563928143573278,"{""num_rows"": ""2097152"", ""segment_profile"": ""tiny8"", ""shared_suffix"": ""64""}"
experiment-31,stable-warps,Device=0 num_rows=32768 shared_suffix=0 segment_profile=tiny16,True,False,4,0.16128256022930143,1.4592391794119435,"{""num_rows"": ""32768"", ""segment_profile"": ""tiny16"", ""shared_suffix"": ""0""}"
experiment-31,stable-warps,Device=0 num_rows=2097152 shared_suffix=0 segment_profile=tiny16,True,False,4,0.610174081325531,0.4706729481680118,"{""num_rows"": ""2097152"", ""segment_profile"": ""tiny16"", ""shared_suffix"": ""0""}"
experiment-31,stable-warps,Device=0 num_rows=32768 shared_suffix=64 segment_profile=tiny16,True,False,4,0.18639104038476936,2.0118145768214037,"{""num_rows"": ""32768"", ""segment_profile"": ""tiny16"", ""shared_suffix"": ""64""}"
experiment-31,stable-warps,Device=0 num_rows=2097152 shared_suffix=64 segment_profile=tiny16,True,False,4,1.3522329640388493,0.3348823234797579,"{""num_rows"": ""2097152"", ""segment_profile"": ""tiny16"", ""shared_suffix"": ""64""}"
experiment-31,stable-warps,Device=0 num_rows=32768 shared_suffix=0 segment_profile=tiny32,True,False,4,0.16314688026905058,0.9085033279953836,"{""num_rows"": ""32768"", ""segment_profile"": ""tiny32"", ""shared_suffix"": ""0""}"
experiment-31,stable-warps,Device=0 num_rows=2097152 shared_suffix=0 segment_profile=tiny32,True,False,4,0.6628672003746034,0.5370213312175907,"{""num_rows"": ""2097152"", ""segment_profile"": ""tiny32"", ""shared_suffix"": ""0""}"
experiment-31,stable-warps,Device=0 num_rows=32768 shared_suffix=64 segment_profile=tiny32,True,False,4,0.19454016000032426,1.5315044960144104,"{""num_rows"": ""32768"", ""segment_profile"": ""tiny32"", ""shared_suffix"": ""64""}"
experiment-31,stable-warps,Device=0 num_rows=2097152 shared_suffix=64 segment_profile=tiny32,True,False,4,1.6432921600341797,0.26658271213372026,"{""num_rows"": ""2097152"", ""segment_profile"": ""tiny32"", ""shared_suffix"": ""64""}"
experiment-3,identity-null,Device=0 num_rows=2097152 profile=fixed_8 null_percent=100,False,False,0,0.008677760027348994,2.3626066361635614,"{""null_percent"": ""100"", ""num_rows"": ""2097152"", ""profile"": ""fixed_8""}"
experiment-2,stable-warps-desc,Device=0 num_rows=32768 shared_suffix=0 segment_profile=pairs,True,True,2,0.1599916794896126,1.1983387571346178,"{""num_rows"": ""32768"", ""segment_profile"": ""pairs"", ""shared_suffix"": ""0""}"
experiment-2,stable-warps-desc,Device=0 num_rows=2097152 shared_suffix=0 segment_profile=pairs,True,True,2,0.652190719842911,1.0621132387188486,"{""num_rows"": ""2097152"", ""segment_profile"": ""pairs"", ""shared_suffix"": ""0""}"
experiment-2,stable-warps-desc,Device=0 num_rows=32768 shared_suffix=64 segment_profile=pairs,True,True,2,0.1617151990532875,2.301258292636236,"{""num_rows"": ""32768"", ""segment_profile"": ""pairs"", ""shared_suffix"": ""64""}"
experiment-2,stable-warps-desc,Device=0 num_rows=2097152 shared_suffix=64 segment_profile=pairs,True,True,2,0.8241702389717104,0.7029992089487889,"{""num_rows"": ""2097152"", ""segment_profile"": ""pairs"", ""shared_suffix"": ""64""}"
experiment-2,stable-warps-desc,Device=0 num_rows=32768 shared_suffix=0 segment_profile=tiny4,True,True,2,0.1577452805638313,1.2750670908261836,"{""num_rows"": ""32768"", ""segment_profile"": ""tiny4"", ""shared_suffix"": ""0""}"
experiment-2,stable-warps-desc,Device=0 num_rows=2097152 shared_suffix=0 segment_profile=tiny4,True,True,2,0.5799161636829375,0.8062766300496521,"{""num_rows"": ""2097152"", ""segment_profile"": ""tiny4"", ""shared_suffix"": ""0""}"
experiment-2,stable-warps-desc,Device=0 num_rows=32768 shared_suffix=64 segment_profile=tiny4,True,True,2,0.16917184025049212,1.6150487959801638,"{""num_rows"": ""32768"", ""segment_profile"": ""tiny4"", ""shared_suffix"": ""64""}"
experiment-2,stable-warps-desc,Device=0 num_rows=2097152 shared_suffix=64 segment_profile=tiny4,True,True,2,0.9122931206226345,0.5866777115773174,"{""num_rows"": ""2097152"", ""segment_profile"": ""tiny4"", ""shared_suffix"": ""64""}"
experiment-2,stable-warps-desc,Device=0 num_rows=32768 shared_suffix=0 segment_profile=tiny8,True,True,2,0.16038527995347981,2.9314203138061043,"{""num_rows"": ""32768"", ""segment_profile"": ""tiny8"", ""shared_suffix"": ""0""}"
experiment-2,stable-warps-desc,Device=0 num_rows=2097152 shared_suffix=0 segment_profile=tiny8,True,True,2,0.5883782410621644,0.7187828331324474,"{""num_rows"": ""2097152"", ""segment_profile"": ""tiny8"", ""shared_suffix"": ""0""}"
experiment-2,stable-warps-desc,Device=0 num_rows=32768 shared_suffix=64 segment_profile=tiny8,True,True,2,0.18185152053833004,9.47149837741012,"{""num_rows"": ""32768"", ""segment_profile"": ""tiny8"", ""shared_suffix"": ""64""}"
experiment-2,stable-warps-desc,Device=0 num_rows=2097152 shared_suffix=64 segment_profile=tiny8,True,True,2,1.1454848003387452,0.4396498491533736,"{""num_rows"": ""2097152"", ""segment_profile"": ""tiny8"", ""shared_suffix"": ""64""}"
experiment-2,stable-warps-desc,Device=0 num_rows=32768 shared_suffix=0 segment_profile=tiny16,True,True,2,0.16154304057359695,1.1738488149903263,"{""num_rows"": ""32768"", ""segment_profile"": ""tiny16"", ""shared_suffix"": ""0""}"
experiment-2,stable-warps-desc,Device=0 num_rows=2097152 shared_suffix=0 segment_profile=tiny16,True,True,2,0.6172415995597837,0.5101781239018773,"{""num_rows"": ""2097152"", ""segment_profile"": ""tiny16"", ""shared_suffix"": ""0""}"
experiment-2,stable-warps-desc,Device=0 num_rows=32768 shared_suffix=64 segment_profile=tiny16,True,True,2,0.18596927851438524,1.7789232079700092,"{""num_rows"": ""32768"", ""segment_profile"": ""tiny16"", ""shared_suffix"": ""64""}"
experiment-2,stable-warps-desc,Device=0 num_rows=2097152 shared_suffix=64 segment_profile=tiny16,True,True,2,1.3586950445175172,0.35911850090307135,"{""num_rows"": ""2097152"", ""segment_profile"": ""tiny16"", ""shared_suffix"": ""64""}"
experiment-2,stable-warps-desc,Device=0 num_rows=32768 shared_suffix=0 segment_profile=tiny32,True,True,2,0.16487808018922806,1.5251739150237544,"{""num_rows"": ""32768"", ""segment_profile"": ""tiny32"", ""shared_suffix"": ""0""}"
experiment-2,stable-warps-desc,Device=0 num_rows=2097152 shared_suffix=0 segment_profile=tiny32,True,True,2,0.6746444821357728,0.387997903789006,"{""num_rows"": ""2097152"", ""segment_profile"": ""tiny32"", ""shared_suffix"": ""0""}"
experiment-2,stable-warps-desc,Device=0 num_rows=32768 shared_suffix=64 segment_profile=tiny32,True,True,2,0.19477823942899708,1.3300943920033392,"{""num_rows"": ""32768"", ""segment_profile"": ""tiny32"", ""shared_suffix"": ""64""}"
experiment-2,stable-warps-desc,Device=0 num_rows=2097152 shared_suffix=64 segment_profile=tiny32,True,True,2,1.6538393521308905,1.2642284383314155,"{""num_rows"": ""2097152"", ""segment_profile"": ""tiny32"", ""shared_suffix"": ""64""}"
baseline,identity-null,Device=0 num_rows=2097152 profile=fixed_8 null_percent=100,False,False,1,0.008584319967776538,2.813677630700709,"{""null_percent"": ""100"", ""num_rows"": ""2097152"", ""profile"": ""fixed_8""}"
experiment-15,stable-warps,Device=0 num_rows=32768 shared_suffix=0 segment_profile=pairs,True,False,1,0.15877184003591538,1.7867832094804748,"{""num_rows"": ""32768"", ""segment_profile"": ""pairs"", ""shared_suffix"": ""0""}"
experiment-15,stable-warps,Device=0 num_rows=2097152 shared_suffix=0 segment_profile=pairs,True,False,1,0.6521919977664948,1.8415731474055947,"{""num_rows"": ""2097152"", ""segment_profile"": ""pairs"", ""shared_suffix"": ""0""}"
experiment-15,stable-warps,Device=0 num_rows=32768 shared_suffix=64 segment_profile=pairs,True,False,1,0.15948672086000446,1.7080578148653343,"{""num_rows"": ""32768"", ""segment_profile"": ""pairs"", ""shared_suffix"": ""64""}"
experiment-15,stable-warps,Device=0 num_rows=2097152 shared_suffix=64 segment_profile=pairs,True,False,1,0.8206412756443021,0.7123331439463988,"{""num_rows"": ""2097152"", ""segment_profile"": ""pairs"", ""shared_suffix"": ""64""}"
experiment-15,stable-warps,Device=0 num_rows=32768 shared_suffix=0 segment_profile=tiny4,True,False,1,0.15658560007810593,0.7368133862237747,"{""num_rows"": ""32768"", ""segment_profile"": ""tiny4"", ""shared_suffix"": ""0""}"
experiment-15,stable-warps,Device=0 num_rows=2097152 shared_suffix=0 segment_profile=tiny4,True,False,1,0.576378881931305,0.768185083425143,"{""num_rows"": ""2097152"", ""segment_profile"": ""tiny4"", ""shared_suffix"": ""0""}"
experiment-15,stable-warps,Device=0 num_rows=32768 shared_suffix=64 segment_profile=tiny4,True,False,1,0.16723455905914306,0.820534250855735,"{""num_rows"": ""32768"", ""segment_profile"": ""tiny4"", ""shared_suffix"": ""64""}"
experiment-15,stable-warps,Device=0 num_rows=2097152 shared_suffix=64 segment_profile=tiny4,True,False,1,0.9080358374118802,0.5937930683674439,"{""num_rows"": ""2097152"", ""segment_profile"": ""tiny4"", ""shared_suffix"": ""64""}"
experiment-15,stable-warps,Device=0 num_rows=32768 shared_suffix=0 segment_profile=tiny8,True,False,1,0.15833535969257354,1.1511381953735478,"{""num_rows"": ""32768"", ""segment_profile"": ""tiny8"", ""shared_suffix"": ""0""}"
experiment-15,stable-warps,Device=0 num_rows=2097152 shared_suffix=0 segment_profile=tiny8,True,False,1,0.5805158352851868,0.6946601612661084,"{""num_rows"": ""2097152"", ""segment_profile"": ""tiny8"", ""shared_suffix"": ""0""}"
experiment-15,stable-warps,Device=0 num_rows=32768 shared_suffix=64 segment_profile=tiny8,True,False,1,0.17664127975702293,0.8040139589804686,"{""num_rows"": ""32768"", ""segment_profile"": ""tiny8"", ""shared_suffix"": ""64""}"
experiment-15,stable-warps,Device=0 num_rows=2097152 shared_suffix=64 segment_profile=tiny8,True,False,1,1.136212480068207,0.40351508118535284,"{""num_rows"": ""2097152"", ""segment_profile"": ""tiny8"", ""shared_suffix"": ""64""}"
experiment-15,stable-warps,Device=0 num_rows=32768 shared_suffix=0 segment_profile=tiny16,True,False,1,0.16660992026329036,20.07791317260222,"{""num_rows"": ""32768"", ""segment_profile"": ""tiny16"", ""shared_suffix"": ""0""}"
experiment-15,stable-warps,Device=0 num_rows=2097152 shared_suffix=0 segment_profile=tiny16,True,False,1,0.6068921589851379,0.5459154599671493,"{""num_rows"": ""2097152"", ""segment_profile"": ""tiny16"", ""shared_suffix"": ""0""}"
experiment-15,stable-warps,Device=0 num_rows=32768 shared_suffix=64 segment_profile=tiny16,True,False,1,0.18433664023876187,1.5439863814823376,"{""num_rows"": ""32768"", ""segment_profile"": ""tiny16"", ""shared_suffix"": ""64""}"
experiment-15,stable-warps,Device=0 num_rows=2097152 shared_suffix=64 segment_profile=tiny16,True,False,1,1.3469094443321228,0.2666705434970863,"{""num_rows"": ""2097152"", ""segment_profile"": ""tiny16"", ""shared_suffix"": ""64""}"
experiment-15,stable-warps,Device=0 num_rows=32768 shared_suffix=0 segment_profile=tiny32,True,False,1,0.16297343939542766,2.0908171307908927,"{""num_rows"": ""32768"", ""segment_profile"": ""tiny32"", ""shared_suffix"": ""0""}"
experiment-15,stable-warps,Device=0 num_rows=2097152 shared_suffix=0 segment_profile=tiny32,True,False,1,0.6590374350547791,0.44886740330774644,"{""num_rows"": ""2097152"", ""segment_profile"": ""tiny32"", ""shared_suffix"": ""0""}"
experiment-15,stable-warps,Device=0 num_rows=32768 shared_suffix=64 segment_profile=tiny32,True,False,1,0.1929401603341102,1.4664763757724373,"{""num_rows"": ""32768"", ""segment_profile"": ""tiny32"", ""shared_suffix"": ""64""}"
experiment-15,stable-warps,Device=0 num_rows=2097152 shared_suffix=64 segment_profile=tiny32,True,False,1,1.6375129699707027,0.20783363250605896,"{""num_rows"": ""2097152"", ""segment_profile"": ""tiny32"", ""shared_suffix"": ""64""}"
experiment-2,zero,Device=0 num_rows=32768 profile=zero_collision_pass1,False,False,3,0.21973312020301827,1.0341118790105943,"{""num_rows"": ""32768"", ""profile"": ""zero_collision_pass1""}"
experiment-2,zero,Device=0 num_rows=32768 profile=zero_collision_pass2,False,False,3,0.2981299197673798,0.9074072942254322,"{""num_rows"": ""32768"", ""profile"": ""zero_collision_pass2""}"
baseline,prefix-targets,Device=0 num_rows=262144 prefix_width=8 suffix_width=32 prefix_cardinality=1,False,False,4,0.581875840425491,0.4871163143138107,"{""num_rows"": ""262144"", ""prefix_cardinality"": ""1"", ""prefix_width"": ""8"", ""suffix_width"": ""32""}"
baseline,prefix-targets,Device=0 num_rows=2097152 prefix_width=8 suffix_width=32 prefix_cardinality=1,False,False,4,4.246140165328981,0.42384718640124397,"{""num_rows"": ""2097152"", ""prefix_cardinality"": ""1"", ""prefix_width"": ""8"", ""suffix_width"": ""32""}"
baseline,prefix-targets,Device=0 num_rows=262144 prefix_width=10 suffix_width=32 prefix_cardinality=1,False,False,4,0.6150118398666382,0.4085384618379065,"{""num_rows"": ""262144"", ""prefix_cardinality"": ""1"", ""prefix_width"": ""10"", ""suffix_width"": ""32""}"
baseline,prefix-targets,Device=0 num_rows=2097152 prefix_width=10 suffix_width=32 prefix_cardinality=1,False,False,4,4.461357450485231,0.3860119722661046,"{""num_rows"": ""2097152"", ""prefix_cardinality"": ""1"", ""prefix_width"": ""10"", ""suffix_width"": ""32""}"
baseline,prefix-targets,Device=0 num_rows=262144 prefix_width=11 suffix_width=32 prefix_cardinality=1,False,False,4,0.6245286440849305,0.3678329640037393,"{""num_rows"": ""262144"", ""prefix_cardinality"": ""1"", ""prefix_width"": ""11"", ""suffix_width"": ""32""}"
baseline,prefix-targets,Device=0 num_rows=2097152 prefix_width=11 suffix_width=32 prefix_cardinality=1,False,False,4,4.5159507274627675,0.2684660660119896,"{""num_rows"": ""2097152"", ""prefix_cardinality"": ""1"", ""prefix_width"": ""11"", ""suffix_width"": ""32""}"
baseline,prefix-targets,Device=0 num_rows=262144 prefix_width=12 suffix_width=32 prefix_cardinality=1,False,False,4,0.6343769598007202,0.49036774458902627,"{""num_rows"": ""262144"", ""prefix_cardinality"": ""1"", ""prefix_width"": ""12"", ""suffix_width"": ""32""}"
baseline,prefix-targets,Device=0 num_rows=2097152 prefix_width=12 suffix_width=32 prefix_cardinality=1,False,False,4,4.57625470161438,0.286382443812323,"{""num_rows"": ""2097152"", ""prefix_cardinality"": ""1"", ""prefix_width"": ""12"", ""suffix_width"": ""32""}"
experiment-15,active-fractions,Device=0 num_rows=262144 profile=active_10,False,False,4,0.296629759669304,0.425654566847281,"{""num_rows"": ""262144"", ""profile"": ""active_10""}"
experiment-15,active-fractions,Device=0 num_rows=2097152 profile=active_10,False,False,4,0.5453401637077333,0.5111355021423682,"{""num_rows"": ""2097152"", ""profile"": ""active_10""}"
experiment-15,active-fractions,Device=0 num_rows=262144 profile=active_50,False,False,4,0.332664960026741,0.5456889120205916,"{""num_rows"": ""262144"", ""profile"": ""active_50""}"
experiment-15,active-fractions,Device=0 num_rows=2097152 profile=active_50,False,False,4,0.8688998401165007,0.5338002353171817,"{""num_rows"": ""2097152"", ""profile"": ""active_50""}"
experiment-3,identity-constant,Device=0 num_rows=2097152 profile=cardinality_1_width_32,False,False,1,0.008767999988049266,5.608614975994511,"{""num_rows"": ""2097152"", ""profile"": ""cardinality_1_width_32""}"
experiment-1,stable-warps,Device=0 num_rows=32768 shared_suffix=0 segment_profile=pairs,True,False,1,0.1598777595162392,1.4279797946434871,"{""num_rows"": ""32768"", ""segment_profile"": ""pairs"", ""shared_suffix"": ""0""}"
experiment-1,stable-warps,Device=0 num_rows=2097152 shared_suffix=0 segment_profile=pairs,True,False,1,0.6639078390598298,1.0690318039213789,"{""num_rows"": ""2097152"", ""segment_profile"": ""pairs"", ""shared_suffix"": ""0""}"
experiment-1,stable-warps,Device=0 num_rows=32768 shared_suffix=64 segment_profile=pairs,True,False,1,0.1672364792227745,2.163549843852942,"{""num_rows"": ""32768"", ""segment_profile"": ""pairs"", ""shared_suffix"": ""64""}"
experiment-1,stable-warps,Device=0 num_rows=2097152 shared_suffix=64 segment_profile=pairs,True,False,1,0.8691980826854707,0.7930142487631294,"{""num_rows"": ""2097152"", ""segment_profile"": ""pairs"", ""shared_suffix"": ""64""}"
experiment-1,stable-warps,Device=0 num_rows=32768 shared_suffix=0 segment_profile=tiny4,True,False,1,0.16487488061189653,2.0759901989924088,"{""num_rows"": ""32768"", ""segment_profile"": ""tiny4"", ""shared_suffix"": ""0""}"
experiment-1,stable-warps,Device=0 num_rows=2097152 shared_suffix=0 segment_profile=tiny4,True,False,1,0.6229836809635163,0.7293348741877932,"{""num_rows"": ""2097152"", ""segment_profile"": ""tiny4"", ""shared_suffix"": ""0""}"
experiment-1,stable-warps,Device=0 num_rows=32768 shared_suffix=64 segment_profile=tiny4,True,False,1,0.17991359978914265,1.4651043302297937,"{""num_rows"": ""32768"", ""segment_profile"": ""tiny4"", ""shared_suffix"": ""64""}"
experiment-1,stable-warps,Device=0 num_rows=2097152 shared_suffix=64 segment_profile=tiny4,True,False,1,1.0625753617286682,0.43519164696850027,"{""num_rows"": ""2097152"", ""segment_profile"": ""tiny4"", ""shared_suffix"": ""64""}"
experiment-1,stable-warps,Device=0 num_rows=32768 shared_suffix=0 segment_profile=tiny8,True,False,1,0.16932992041110995,2.5088554410708177,"{""num_rows"": ""32768"", ""segment_profile"": ""tiny8"", ""shared_suffix"": ""0""}"
experiment-1,stable-warps,Device=0 num_rows=2097152 shared_suffix=0 segment_profile=tiny8,True,False,1,0.7069804787635804,0.5580977696430173,"{""num_rows"": ""2097152"", ""segment_profile"": ""tiny8"", ""shared_suffix"": ""0""}"
experiment-1,stable-warps,Device=0 num_rows=32768 shared_suffix=64 segment_profile=tiny8,True,False,1,0.1969324791431427,1.564657826295735,"{""num_rows"": ""32768"", ""segment_profile"": ""tiny8"", ""shared_suffix"": ""64""}"
experiment-1,stable-warps,Device=0 num_rows=2097152 shared_suffix=64 segment_profile=tiny8,True,False,1,1.4922963166236878,0.31887263229966256,"{""num_rows"": ""2097152"", ""segment_profile"": ""tiny8"", ""shared_suffix"": ""64""}"
experiment-1,stable-warps,Device=0 num_rows=32768 shared_suffix=0 segment_profile=tiny16,True,False,1,0.17326719999313356,1.8422731742927907,"{""num_rows"": ""32768"", ""segment_profile"": ""tiny16"", ""shared_suffix"": ""0""}"
experiment-1,stable-warps,Device=0 num_rows=2097152 shared_suffix=0 segment_profile=tiny16,True,False,1,0.7873600029945375,0.4524110623502254,"{""num_rows"": ""2097152"", ""segment_profile"": ""tiny16"", ""shared_suffix"": ""0""}"
experiment-1,stable-warps,Device=0 num_rows=32768 shared_suffix=64 segment_profile=tiny16,True,False,1,0.20967680007219308,1.6840946097020895,"{""num_rows"": ""32768"", ""segment_profile"": ""tiny16"", ""shared_suffix"": ""64""}"
experiment-1,stable-warps,Device=0 num_rows=2097152 shared_suffix=64 segment_profile=tiny16,True,False,1,1.983283200263977,0.22112324079141876,"{""num_rows"": ""2097152"", ""segment_profile"": ""tiny16"", ""shared_suffix"": ""64""}"
experiment-1,stable-warps,Device=0 num_rows=32768 shared_suffix=0 segment_profile=tiny32,True,False,1,0.17601599991321562,1.1093715806418083,"{""num_rows"": ""32768"", ""segment_profile"": ""tiny32"", ""shared_suffix"": ""0""}"
experiment-1,stable-warps,Device=0 num_rows=2097152 shared_suffix=0 segment_profile=tiny32,True,False,1,0.9567212736606597,36.33750375762954,"{""num_rows"": ""2097152"", ""segment_profile"": ""tiny32"", ""shared_suffix"": ""0""}"
experiment-1,stable-warps,Device=0 num_rows=32768 shared_suffix=64 segment_profile=tiny32,True,False,1,0.2266342401504517,1.614398725393822,"{""num_rows"": ""32768"", ""segment_profile"": ""tiny32"", ""shared_suffix"": ""64""}"
experiment-1,stable-warps,Device=0 num_rows=2097152 shared_suffix=64 segment_profile=tiny32,True,False,1,2.517790069580078,0.304249091481199,"{""num_rows"": ""2097152"", ""segment_profile"": ""tiny32"", ""shared_suffix"": ""64""}"
experiment-15,identity-null,Device=0 num_rows=2097152 profile=fixed_8 null_percent=100,False,False,1,0.008730880003422497,8.669968580920576,"{""null_percent"": ""100"", ""num_rows"": ""2097152"", ""profile"": ""fixed_8""}"
experiment-3,unstable-warps,Device=0 num_rows=32768 shared_suffix=0 segment_profile=singletons,False,False,4,0.1406707206368446,1.7508398754906678,"{""num_rows"": ""32768"", ""segment_profile"": ""singletons"", ""shared_suffix"": ""0""}"
experiment-3,unstable-warps,Device=0 num_rows=2097152 shared_suffix=0 segment_profile=singletons,False,False,4,0.3561785584688187,0.9852787965141065,"{""num_rows"": ""2097152"", ""segment_profile"": ""singletons"", ""shared_suffix"": ""0""}"
experiment-3,unstable-warps,Device=0 num_rows=32768 shared_suffix=64 segment_profile=singletons,False,False,4,0.14165888071060181,1.9547956116323242,"{""num_rows"": ""32768"", ""segment_profile"": ""singletons"", ""shared_suffix"": ""64""}"
experiment-3,unstable-warps,Device=0 num_rows=2097152 shared_suffix=64 segment_profile=singletons,False,False,4,0.39590784072875973,0.7731024728494201,"{""num_rows"": ""2097152"", ""segment_profile"": ""singletons"", ""shared_suffix"": ""64""}"
experiment-3,unstable-warps,Device=0 num_rows=32768 shared_suffix=0 segment_profile=pairs,False,False,4,0.15995072096586224,2.2113830172410274,"{""num_rows"": ""32768"", ""segment_profile"": ""pairs"", ""shared_suffix"": ""0""}"
experiment-3,unstable-warps,Device=0 num_rows=2097152 shared_suffix=0 segment_profile=pairs,False,False,4,0.6543616008758545,1.2938599190181435,"{""num_rows"": ""2097152"", ""segment_profile"": ""pairs"", ""shared_suffix"": ""0""}"
experiment-3,unstable-warps,Device=0 num_rows=32768 shared_suffix=64 segment_profile=pairs,False,False,4,0.16424256026744846,2.094795237927877,"{""num_rows"": ""32768"", ""segment_profile"": ""pairs"", ""shared_suffix"": ""64""}"
experiment-3,unstable-warps,Device=0 num_rows=2097152 shared_suffix=64 segment_profile=pairs,False,False,4,0.8282931149005892,0.766927739418413,"{""num_rows"": ""2097152"", ""segment_profile"": ""pairs"", ""shared_suffix"": ""64""}"
experiment-3,unstable-warps,Device=0 num_rows=32768 shared_suffix=0 segment_profile=tiny4,False,False,4,0.1609644803404808,2.5901098623673757,"{""num_rows"": ""32768"", ""segment_profile"": ""tiny4"", ""shared_suffix"": ""0""}"
experiment-3,unstable-warps,Device=0 num_rows=2097152 shared_suffix=0 segment_profile=tiny4,False,False,4,0.5817087948322297,0.978530888996948,"{""num_rows"": ""2097152"", ""segment_profile"": ""tiny4"", ""shared_suffix"": ""0""}"
experiment-3,unstable-warps,Device=0 num_rows=32768 shared_suffix=64 segment_profile=tiny4,False,False,4,0.17297023952007287,2.0975405045547606,"{""num_rows"": ""32768"", ""segment_profile"": ""tiny4"", ""shared_suffix"": ""64""}"
experiment-3,unstable-warps,Device=0 num_rows=2097152 shared_suffix=64 segment_profile=tiny4,False,False,4,0.9154585599899291,0.531376032625421,"{""num_rows"": ""2097152"", ""segment_profile"": ""tiny4"", ""shared_suffix"": ""64""}"
experiment-3,unstable-warps,Device=0 num_rows=32768 shared_suffix=0 segment_profile=tiny8,False,False,4,0.16206015944480898,2.3395385998638982,"{""num_rows"": ""32768"", ""segment_profile"": ""tiny8"", ""shared_suffix"": ""0""}"
experiment-3,unstable-warps,Device=0 num_rows=2097152 shared_suffix=0 segment_profile=tiny8,False,False,4,0.5900755202770235,0.6901464635693638,"{""num_rows"": ""2097152"", ""segment_profile"": ""tiny8"", ""shared_suffix"": ""0""}"
experiment-3,unstable-warps,Device=0 num_rows=32768 shared_suffix=64 segment_profile=tiny8,False,False,4,0.18036927938461306,2.182421199968657,"{""num_rows"": ""32768"", ""segment_profile"": ""tiny8"", ""shared_suffix"": ""64""}"
experiment-3,unstable-warps,Device=0 num_rows=2097152 shared_suffix=64 segment_profile=tiny8,False,False,4,1.1509120011329645,0.4164941703550455,"{""num_rows"": ""2097152"", ""segment_profile"": ""tiny8"", ""shared_suffix"": ""64""}"
experiment-3,unstable-warps,Device=0 num_rows=32768 shared_suffix=0 segment_profile=tiny16,False,False,4,0.16395008087158205,1.949319567696914,"{""num_rows"": ""32768"", ""segment_profile"": ""tiny16"", ""shared_suffix"": ""0""}"
experiment-3,unstable-warps,Device=0 num_rows=2097152 shared_suffix=0 segment_profile=tiny16,False,False,4,0.6264147222042084,0.5259305257894905,"{""num_rows"": ""2097152"", ""segment_profile"": ""tiny16"", ""shared_suffix"": ""0""}"
experiment-3,unstable-warps,Device=0 num_rows=32768 shared_suffix=64 segment_profile=tiny16,False,False,4,0.18645568013191224,1.6262139206774415,"{""num_rows"": ""32768"", ""segment_profile"": ""tiny16"", ""shared_suffix"": ""64""}"
experiment-3,unstable-warps,Device=0 num_rows=2097152 shared_suffix=64 segment_profile=tiny16,False,False,4,1.3683500838279723,0.33990931098429716,"{""num_rows"": ""2097152"", ""segment_profile"": ""tiny16"", ""shared_suffix"": ""64""}"
experiment-3,unstable-warps,Device=0 num_rows=32768 shared_suffix=0 segment_profile=tiny32,False,False,4,0.16407935976982116,1.0567846605629734,"{""num_rows"": ""32768"", ""segment_profile"": ""tiny32"", ""shared_suffix"": ""0""}"
experiment-3,unstable-warps,Device=0 num_rows=2097152 shared_suffix=0 segment_profile=tiny32,False,False,4,0.6761734449863437,0.3958724746946184,"{""num_rows"": ""2097152"", ""segment_profile"": ""tiny32"", ""shared_suffix"": ""0""}"
experiment-3,unstable-warps,Device=0 num_rows=32768 shared_suffix=64 segment_profile=tiny32,False,False,4,0.19669759899377823,2.120520553738166,"{""num_rows"": ""32768"", ""segment_profile"": ""tiny32"", ""shared_suffix"": ""64""}"
experiment-3,unstable-warps,Device=0 num_rows=2097152 shared_suffix=64 segment_profile=tiny32,False,False,4,1.657399682998657,0.24964255662184553,"{""num_rows"": ""2097152"", ""segment_profile"": ""tiny32"", ""shared_suffix"": ""64""}"
experiment-3,active-fractions,Device=0 num_rows=262144 profile=active_10,False,False,1,0.288585599064827,0.7201562198175011,"{""num_rows"": ""262144"", ""profile"": ""active_10""}"
experiment-3,active-fractions,Device=0 num_rows=2097152 profile=active_10,False,False,1,0.5346297597885132,0.6056931329275477,"{""num_rows"": ""2097152"", ""profile"": ""active_10""}"
experiment-3,active-fractions,Device=0 num_rows=262144 profile=active_50,False,False,1,0.3261593604087829,1.0691989291129589,"{""num_rows"": ""262144"", ""profile"": ""active_50""}"
experiment-3,active-fractions,Device=0 num_rows=2097152 profile=active_50,False,False,1,0.8583641612529757,0.6805748618953078,"{""num_rows"": ""2097152"", ""profile"": ""active_50""}"
baseline,active-fractions,Device=0 num_rows=262144 profile=active_10,False,False,1,0.30089663922786714,0.5231161628575757,"{""num_rows"": ""262144"", ""profile"": ""active_10""}"
baseline,active-fractions,Device=0 num_rows=2097152 profile=active_10,False,False,1,0.5474009597301484,0.6206412793485487,"{""num_rows"": ""2097152"", ""profile"": ""active_10""}"
baseline,active-fractions,Device=0 num_rows=262144 profile=active_50,False,False,1,0.3375532811880112,0.6409012113352014,"{""num_rows"": ""262144"", ""profile"": ""active_50""}"
baseline,active-fractions,Device=0 num_rows=2097152 profile=active_50,False,False,1,0.8877984023094178,0.527647102158638,"{""num_rows"": ""2097152"", ""profile"": ""active_50""}"
experiment-15,stable-warps-desc,Device=0 num_rows=32768 shared_suffix=0 segment_profile=pairs,True,True,4,0.16007103979587556,0.672159479847336,"{""num_rows"": ""32768"", ""segment_profile"": ""pairs"", ""shared_suffix"": ""0""}"
experiment-15,stable-warps-desc,Device=0 num_rows=2097152 shared_suffix=0 segment_profile=pairs,True,True,4,0.6528275227546693,1.0686813879490737,"{""num_rows"": ""2097152"", ""segment_profile"": ""pairs"", ""shared_suffix"": ""0""}"
experiment-15,stable-warps-desc,Device=0 num_rows=32768 shared_suffix=64 segment_profile=pairs,True,True,4,0.1609420794248581,1.815692573412784,"{""num_rows"": ""32768"", ""segment_profile"": ""pairs"", ""shared_suffix"": ""64""}"
experiment-15,stable-warps-desc,Device=0 num_rows=2097152 shared_suffix=64 segment_profile=pairs,True,True,4,0.8239417612552643,0.9663582112929883,"{""num_rows"": ""2097152"", ""segment_profile"": ""pairs"", ""shared_suffix"": ""64""}"
experiment-15,stable-warps-desc,Device=0 num_rows=32768 shared_suffix=0 segment_profile=tiny4,True,True,4,0.15792128056287758,1.3547069748713538,"{""num_rows"": ""32768"", ""segment_profile"": ""tiny4"", ""shared_suffix"": ""0""}"
experiment-15,stable-warps-desc,Device=0 num_rows=2097152 shared_suffix=0 segment_profile=tiny4,True,True,4,0.5817427206039429,0.7951894692648098,"{""num_rows"": ""2097152"", ""segment_profile"": ""tiny4"", ""shared_suffix"": ""0""}"
experiment-15,stable-warps-desc,Device=0 num_rows=32768 shared_suffix=64 segment_profile=tiny4,True,True,4,0.16885695993900296,1.2048164481746895,"{""num_rows"": ""32768"", ""segment_profile"": ""tiny4"", ""shared_suffix"": ""64""}"
experiment-15,stable-warps-desc,Device=0 num_rows=2097152 shared_suffix=64 segment_profile=tiny4,True,True,4,0.9110246419906616,0.47736260195323676,"{""num_rows"": ""2097152"", ""segment_profile"": ""tiny4"", ""shared_suffix"": ""64""}"
experiment-15,stable-warps-desc,Device=0 num_rows=32768 shared_suffix=0 segment_profile=tiny8,True,True,4,0.1596096003055573,1.023284117918518,"{""num_rows"": ""32768"", ""segment_profile"": ""tiny8"", ""shared_suffix"": ""0""}"
experiment-15,stable-warps-desc,Device=0 num_rows=2097152 shared_suffix=0 segment_profile=tiny8,True,True,4,0.583529599905014,0.7058842918302473,"{""num_rows"": ""2097152"", ""segment_profile"": ""tiny8"", ""shared_suffix"": ""0""}"
experiment-15,stable-warps-desc,Device=0 num_rows=32768 shared_suffix=64 segment_profile=tiny8,True,True,4,0.17941056042909628,3.571591442957804,"{""num_rows"": ""32768"", ""segment_profile"": ""tiny8"", ""shared_suffix"": ""64""}"
experiment-15,stable-warps-desc,Device=0 num_rows=2097152 shared_suffix=64 segment_profile=tiny8,True,True,4,1.1408294510841372,0.39180739001917025,"{""num_rows"": ""2097152"", ""segment_profile"": ""tiny8"", ""shared_suffix"": ""64""}"
experiment-15,stable-warps-desc,Device=0 num_rows=32768 shared_suffix=0 segment_profile=tiny16,True,True,4,0.16143743932247165,0.827873267503792,"{""num_rows"": ""32768"", ""segment_profile"": ""tiny16"", ""shared_suffix"": ""0""}"
experiment-15,stable-warps-desc,Device=0 num_rows=2097152 shared_suffix=0 segment_profile=tiny16,True,True,4,0.6094636797904968,0.48595530443889784,"{""num_rows"": ""2097152"", ""segment_profile"": ""tiny16"", ""shared_suffix"": ""0""}"
experiment-15,stable-warps-desc,Device=0 num_rows=32768 shared_suffix=64 segment_profile=tiny16,True,True,4,0.1851731199026108,1.040386184724711,"{""num_rows"": ""32768"", ""segment_profile"": ""tiny16"", ""shared_suffix"": ""64""}"
experiment-15,stable-warps-desc,Device=0 num_rows=2097152 shared_suffix=64 segment_profile=tiny16,True,True,4,1.349034252166748,0.26588478308768276,"{""num_rows"": ""2097152"", ""segment_profile"": ""tiny16"", ""shared_suffix"": ""64""}"
experiment-15,stable-warps-desc,Device=0 num_rows=32768 shared_suffix=0 segment_profile=tiny32,True,True,4,0.1651231995224953,2.186618183438494,"{""num_rows"": ""32768"", ""segment_profile"": ""tiny32"", ""shared_suffix"": ""0""}"
experiment-15,stable-warps-desc,Device=0 num_rows=2097152 shared_suffix=0 segment_profile=tiny32,True,True,4,0.6626975977420805,0.8159788089370824,"{""num_rows"": ""2097152"", ""segment_profile"": ""tiny32"", ""shared_suffix"": ""0""}"
experiment-15,stable-warps-desc,Device=0 num_rows=32768 shared_suffix=64 segment_profile=tiny32,True,True,4,0.19533183962106698,1.5024055567525416,"{""num_rows"": ""32768"", ""segment_profile"": ""tiny32"", ""shared_suffix"": ""64""}"
experiment-15,stable-warps-desc,Device=0 num_rows=2097152 shared_suffix=64 segment_profile=tiny32,True,True,4,1.6417183995246887,0.2090294915113139,"{""num_rows"": ""2097152"", ""segment_profile"": ""tiny32"", ""shared_suffix"": ""64""}"
experiment-2,zero,Device=0 num_rows=32768 profile=zero_collision_pass1,False,False,2,0.2185523200035095,0.9615548657539317,"{""num_rows"": ""32768"", ""profile"": ""zero_collision_pass1""}"
experiment-2,zero,Device=0 num_rows=32768 profile=zero_collision_pass2,False,False,2,0.3009907203912735,7.666778360074952,"{""num_rows"": ""32768"", ""profile"": ""zero_collision_pass2""}"
experiment-2,unstable-warps,Device=0 num_rows=32768 shared_suffix=0 segment_profile=singletons,False,False,2,0.14155967950820922,7.114293825664253,"{""num_rows"": ""32768"", ""segment_profile"": ""singletons"", ""shared_suffix"": ""0""}"
experiment-2,unstable-warps,Device=0 num_rows=2097152 shared_suffix=0 segment_profile=singletons,False,False,2,0.3539449596405029,0.9067949731529652,"{""num_rows"": ""2097152"", ""segment_profile"": ""singletons"", ""shared_suffix"": ""0""}"
experiment-2,unstable-warps,Device=0 num_rows=32768 shared_suffix=64 segment_profile=singletons,False,False,2,0.14087359964847568,2.2313356654925753,"{""num_rows"": ""32768"", ""segment_profile"": ""singletons"", ""shared_suffix"": ""64""}"
experiment-2,unstable-warps,Device=0 num_rows=2097152 shared_suffix=64 segment_profile=singletons,False,False,2,0.391776642203331,0.8157765770045279,"{""num_rows"": ""2097152"", ""segment_profile"": ""singletons"", ""shared_suffix"": ""64""}"
experiment-2,unstable-warps,Device=0 num_rows=32768 shared_suffix=0 segment_profile=pairs,False,False,2,0.15924288123846056,1.1063262909891314,"{""num_rows"": ""32768"", ""segment_profile"": ""pairs"", ""shared_suffix"": ""0""}"
experiment-2,unstable-warps,Device=0 num_rows=2097152 shared_suffix=0 segment_profile=pairs,False,False,2,0.6507641625404356,0.9707763153054944,"{""num_rows"": ""2097152"", ""segment_profile"": ""pairs"", ""shared_suffix"": ""0""}"
experiment-2,unstable-warps,Device=0 num_rows=32768 shared_suffix=64 segment_profile=pairs,False,False,2,0.16094144016504283,1.3202782732879677,"{""num_rows"": ""32768"", ""segment_profile"": ""pairs"", ""shared_suffix"": ""64""}"
experiment-2,unstable-warps,Device=0 num_rows=2097152 shared_suffix=64 segment_profile=pairs,False,False,2,0.824273917675018,0.821740021989977,"{""num_rows"": ""2097152"", ""segment_profile"": ""pairs"", ""shared_suffix"": ""64""}"
experiment-2,unstable-warps,Device=0 num_rows=32768 shared_suffix=0 segment_profile=tiny4,False,False,2,0.15943040072917936,1.4961587741635574,"{""num_rows"": ""32768"", ""segment_profile"": ""tiny4"", ""shared_suffix"": ""0""}"
experiment-2,unstable-warps,Device=0 num_rows=2097152 shared_suffix=0 segment_profile=tiny4,False,False,2,0.5798527991771697,0.9691072502968183,"{""num_rows"": ""2097152"", ""segment_profile"": ""tiny4"", ""shared_suffix"": ""0""}"
experiment-2,unstable-warps,Device=0 num_rows=32768 shared_suffix=64 segment_profile=tiny4,False,False,2,0.16935423970222477,1.8200021102272972,"{""num_rows"": ""32768"", ""segment_profile"": ""tiny4"", ""shared_suffix"": ""64""}"
experiment-2,unstable-warps,Device=0 num_rows=2097152 shared_suffix=64 segment_profile=tiny4,False,False,2,0.9141382396221159,0.5234665611763663,"{""num_rows"": ""2097152"", ""segment_profile"": ""tiny4"", ""shared_suffix"": ""64""}"
experiment-2,unstable-warps,Device=0 num_rows=32768 shared_suffix=0 segment_profile=tiny8,False,False,2,0.16194815963506692,0.9769214416314493,"{""num_rows"": ""32768"", ""segment_profile"": ""tiny8"", ""shared_suffix"": ""0""}"
experiment-2,unstable-warps,Device=0 num_rows=2097152 shared_suffix=0 segment_profile=tiny8,False,False,2,0.5905983984470365,0.7246934024927738,"{""num_rows"": ""2097152"", ""segment_profile"": ""tiny8"", ""shared_suffix"": ""0""}"
experiment-2,unstable-warps,Device=0 num_rows=32768 shared_suffix=64 segment_profile=tiny8,False,False,2,0.1792390388250351,0.8510403011677751,"{""num_rows"": ""32768"", ""segment_profile"": ""tiny8"", ""shared_suffix"": ""64""}"
experiment-2,unstable-warps,Device=0 num_rows=2097152 shared_suffix=64 segment_profile=tiny8,False,False,2,1.1523340916633602,0.3412255118906719,"{""num_rows"": ""2097152"", ""segment_profile"": ""tiny8"", ""shared_suffix"": ""64""}"
experiment-2,unstable-warps,Device=0 num_rows=32768 shared_suffix=0 segment_profile=tiny16,False,False,2,0.1651020792126656,0.8685200702107152,"{""num_rows"": ""32768"", ""segment_profile"": ""tiny16"", ""shared_suffix"": ""0""}"
experiment-2,unstable-warps,Device=0 num_rows=2097152 shared_suffix=0 segment_profile=tiny16,False,False,2,0.6319449543952942,0.52663816019942,"{""num_rows"": ""2097152"", ""segment_profile"": ""tiny16"", ""shared_suffix"": ""0""}"
experiment-2,unstable-warps,Device=0 num_rows=32768 shared_suffix=64 segment_profile=tiny16,False,False,2,0.18738496065139784,1.1581738751065043,"{""num_rows"": ""32768"", ""segment_profile"": ""tiny16"", ""shared_suffix"": ""64""}"
experiment-2,unstable-warps,Device=0 num_rows=2097152 shared_suffix=64 segment_profile=tiny16,False,False,2,1.3705926394462586,0.21944995652381133,"{""num_rows"": ""2097152"", ""segment_profile"": ""tiny16"", ""shared_suffix"": ""64""}"
experiment-2,unstable-warps,Device=0 num_rows=32768 shared_suffix=0 segment_profile=tiny32,False,False,2,0.16514304012060158,1.8003104986538947,"{""num_rows"": ""32768"", ""segment_profile"": ""tiny32"", ""shared_suffix"": ""0""}"
experiment-2,unstable-warps,Device=0 num_rows=2097152 shared_suffix=0 segment_profile=tiny32,False,False,2,0.6843999969959259,0.3730346907504723,"{""num_rows"": ""2097152"", ""segment_profile"": ""tiny32"", ""shared_suffix"": ""0""}"
experiment-2,unstable-warps,Device=0 num_rows=32768 shared_suffix=64 segment_profile=tiny32,False,False,2,0.1971904003620148,1.5325788735178223,"{""num_rows"": ""32768"", ""segment_profile"": ""tiny32"", ""shared_suffix"": ""64""}"
experiment-2,unstable-warps,Device=0 num_rows=2097152 shared_suffix=64 segment_profile=tiny32,False,False,2,1.6607526445388794,0.2520773867477847,"{""num_rows"": ""2097152"", ""segment_profile"": ""tiny32"", ""shared_suffix"": ""64""}"
experiment-1,stable-warps-desc,Device=0 num_rows=32768 shared_suffix=0 segment_profile=pairs,True,True,3,0.15883456051349637,0.7000258796375693,"{""num_rows"": ""32768"", ""segment_profile"": ""pairs"", ""shared_suffix"": ""0""}"
experiment-1,stable-warps-desc,Device=0 num_rows=2097152 shared_suffix=0 segment_profile=pairs,True,True,3,0.661474562883377,1.1242536049001963,"{""num_rows"": ""2097152"", ""segment_profile"": ""pairs"", ""shared_suffix"": ""0""}"
experiment-1,stable-warps-desc,Device=0 num_rows=32768 shared_suffix=64 segment_profile=pairs,True,True,3,0.16517823994159703,2.4145187561051635,"{""num_rows"": ""32768"", ""segment_profile"": ""pairs"", ""shared_suffix"": ""64""}"
experiment-1,stable-warps-desc,Device=0 num_rows=2097152 shared_suffix=64 segment_profile=pairs,True,True,3,0.8689696037769316,0.8321352658326283,"{""num_rows"": ""2097152"", ""segment_profile"": ""pairs"", ""shared_suffix"": ""64""}"
experiment-1,stable-warps-desc,Device=0 num_rows=32768 shared_suffix=0 segment_profile=tiny4,True,True,3,0.15911040097475052,2.3149300968427418,"{""num_rows"": ""32768"", ""segment_profile"": ""tiny4"", ""shared_suffix"": ""0""}"
experiment-1,stable-warps-desc,Device=0 num_rows=2097152 shared_suffix=0 segment_profile=tiny4,True,True,3,0.6206803178787231,0.7798360305064689,"{""num_rows"": ""2097152"", ""segment_profile"": ""tiny4"", ""shared_suffix"": ""0""}"
experiment-1,stable-warps-desc,Device=0 num_rows=32768 shared_suffix=64 segment_profile=tiny4,True,True,3,0.1761184000968933,2.0689288589121646,"{""num_rows"": ""32768"", ""segment_profile"": ""tiny4"", ""shared_suffix"": ""64""}"
experiment-1,stable-warps-desc,Device=0 num_rows=2097152 shared_suffix=64 segment_profile=tiny4,True,True,3,1.065495674610138,1.4113611628622225,"{""num_rows"": ""2097152"", ""segment_profile"": ""tiny4"", ""shared_suffix"": ""64""}"
experiment-1,stable-warps-desc,Device=0 num_rows=32768 shared_suffix=0 segment_profile=tiny8,True,True,3,0.1670975995063782,1.772107778541712,"{""num_rows"": ""32768"", ""segment_profile"": ""tiny8"", ""shared_suffix"": ""0""}"
experiment-1,stable-warps-desc,Device=0 num_rows=2097152 shared_suffix=0 segment_profile=tiny8,True,True,3,0.7042579185962676,0.6798179475033308,"{""num_rows"": ""2097152"", ""segment_profile"": ""tiny8"", ""shared_suffix"": ""0""}"
experiment-1,stable-warps-desc,Device=0 num_rows=32768 shared_suffix=64 segment_profile=tiny8,True,True,3,0.19420992106199267,1.9468808099362664,"{""num_rows"": ""32768"", ""segment_profile"": ""tiny8"", ""shared_suffix"": ""64""}"
experiment-1,stable-warps-desc,Device=0 num_rows=2097152 shared_suffix=64 segment_profile=tiny8,True,True,3,1.4911807990074157,0.2633174851730299,"{""num_rows"": ""2097152"", ""segment_profile"": ""tiny8"", ""shared_suffix"": ""64""}"
experiment-1,stable-warps-desc,Device=0 num_rows=32768 shared_suffix=0 segment_profile=tiny16,True,True,3,0.17217152059078206,1.797237006663609,"{""num_rows"": ""32768"", ""segment_profile"": ""tiny16"", ""shared_suffix"": ""0""}"
experiment-1,stable-warps-desc,Device=0 num_rows=2097152 shared_suffix=0 segment_profile=tiny16,True,True,3,0.7845075190067292,0.36446329156618207,"{""num_rows"": ""2097152"", ""segment_profile"": ""tiny16"", ""shared_suffix"": ""0""}"
experiment-1,stable-warps-desc,Device=0 num_rows=32768 shared_suffix=64 segment_profile=tiny16,True,True,3,0.20892288088798525,1.9984385219890284,"{""num_rows"": ""32768"", ""segment_profile"": ""tiny16"", ""shared_suffix"": ""64""}"
experiment-1,stable-warps-desc,Device=0 num_rows=2097152 shared_suffix=64 segment_profile=tiny16,True,True,3,1.9821747136116024,0.3278954706711868,"{""num_rows"": ""2097152"", ""segment_profile"": ""tiny16"", ""shared_suffix"": ""64""}"
experiment-1,stable-warps-desc,Device=0 num_rows=32768 shared_suffix=0 segment_profile=tiny32,True,True,3,0.17607808053493498,1.2404383249511979,"{""num_rows"": ""32768"", ""segment_profile"": ""tiny32"", ""shared_suffix"": ""0""}"
experiment-1,stable-warps-desc,Device=0 num_rows=2097152 shared_suffix=0 segment_profile=tiny32,True,True,3,0.9063315224647519,0.3431007070141054,"{""num_rows"": ""2097152"", ""segment_profile"": ""tiny32"", ""shared_suffix"": ""0""}"
experiment-1,stable-warps-desc,Device=0 num_rows=32768 shared_suffix=64 segment_profile=tiny32,True,True,3,0.22431296020746233,1.308284572624579,"{""num_rows"": ""32768"", ""segment_profile"": ""tiny32"", ""shared_suffix"": ""64""}"
experiment-1,stable-warps-desc,Device=0 num_rows=2097152 shared_suffix=64 segment_profile=tiny32,True,True,3,2.5176287984848025,0.24892343604087544,"{""num_rows"": ""2097152"", ""segment_profile"": ""tiny32"", ""shared_suffix"": ""64""}"
baseline,unstable-warps,Device=0 num_rows=32768 shared_suffix=0 segment_profile=singletons,False,False,2,0.1399942409992218,1.4257726911889619,"{""num_rows"": ""32768"", ""segment_profile"": ""singletons"", ""shared_suffix"": ""0""}"
baseline,unstable-warps,Device=0 num_rows=2097152 shared_suffix=0 segment_profile=singletons,False,False,2,0.35358655989170074,0.9855485984324807,"{""num_rows"": ""2097152"", ""segment_profile"": ""singletons"", ""shared_suffix"": ""0""}"
baseline,unstable-warps,Device=0 num_rows=32768 shared_suffix=64 segment_profile=singletons,False,False,2,0.13714367955923076,1.3836324566376403,"{""num_rows"": ""32768"", ""segment_profile"": ""singletons"", ""shared_suffix"": ""64""}"
baseline,unstable-warps,Device=0 num_rows=2097152 shared_suffix=64 segment_profile=singletons,False,False,2,0.39027264237403864,0.7942473613358666,"{""num_rows"": ""2097152"", ""segment_profile"": ""singletons"", ""shared_suffix"": ""64""}"
baseline,unstable-warps,Device=0 num_rows=32768 shared_suffix=0 segment_profile=pairs,False,False,2,0.15611519962549214,1.0007730152745091,"{""num_rows"": ""32768"", ""segment_profile"": ""pairs"", ""shared_suffix"": ""0""}"
baseline,unstable-warps,Device=0 num_rows=2097152 shared_suffix=0 segment_profile=pairs,False,False,2,0.6467187213897705,1.1923897217982673,"{""num_rows"": ""2097152"", ""segment_profile"": ""pairs"", ""shared_suffix"": ""0""}"
baseline,unstable-warps,Device=0 num_rows=32768 shared_suffix=64 segment_profile=pairs,False,False,2,0.15953344017267224,1.097392610877994,"{""num_rows"": ""32768"", ""segment_profile"": ""pairs"", ""shared_suffix"": ""64""}"
baseline,unstable-warps,Device=0 num_rows=2097152 shared_suffix=64 segment_profile=pairs,False,False,2,0.8219731235504151,0.812332484624303,"{""num_rows"": ""2097152"", ""segment_profile"": ""pairs"", ""shared_suffix"": ""64""}"
baseline,unstable-warps,Device=0 num_rows=32768 shared_suffix=0 segment_profile=tiny4,False,False,2,0.15748799920082093,1.1469026062474483,"{""num_rows"": ""32768"", ""segment_profile"": ""tiny4"", ""shared_suffix"": ""0""}"
baseline,unstable-warps,Device=0 num_rows=2097152 shared_suffix=0 segment_profile=tiny4,False,False,2,0.5763187205791472,0.9575315960692018,"{""num_rows"": ""2097152"", ""segment_profile"": ""tiny4"", ""shared_suffix"": ""0""}"
baseline,unstable-warps,Device=0 num_rows=32768 shared_suffix=64 segment_profile=tiny4,False,False,2,0.16918143987655634,5.398333287536437,"{""num_rows"": ""32768"", ""segment_profile"": ""tiny4"", ""shared_suffix"": ""64""}"
baseline,unstable-warps,Device=0 num_rows=2097152 shared_suffix=64 segment_profile=tiny4,False,False,2,0.9092300808429717,0.6111787233991122,"{""num_rows"": ""2097152"", ""segment_profile"": ""tiny4"", ""shared_suffix"": ""64""}"
baseline,unstable-warps,Device=0 num_rows=32768 shared_suffix=0 segment_profile=tiny8,False,False,2,0.16017919927835467,1.0371415324421607,"{""num_rows"": ""32768"", ""segment_profile"": ""tiny8"", ""shared_suffix"": ""0""}"
baseline,unstable-warps,Device=0 num_rows=2097152 shared_suffix=0 segment_profile=tiny8,False,False,2,0.5911500811576844,0.7550695328506157,"{""num_rows"": ""2097152"", ""segment_profile"": ""tiny8"", ""shared_suffix"": ""0""}"
baseline,unstable-warps,Device=0 num_rows=32768 shared_suffix=64 segment_profile=tiny8,False,False,2,0.1799603196978569,6.91716219987866,"{""num_rows"": ""32768"", ""segment_profile"": ""tiny8"", ""shared_suffix"": ""64""}"
baseline,unstable-warps,Device=0 num_rows=2097152 shared_suffix=64 segment_profile=tiny8,False,False,2,1.1526726531982427,1.2304854953088555,"{""num_rows"": ""2097152"", ""segment_profile"": ""tiny8"", ""shared_suffix"": ""64""}"
baseline,unstable-warps,Device=0 num_rows=32768 shared_suffix=0 segment_profile=tiny16,False,False,2,0.1643302404880524,1.3778268013359594,"{""num_rows"": ""32768"", ""segment_profile"": ""tiny16"", ""shared_suffix"": ""0""}"
baseline,unstable-warps,Device=0 num_rows=2097152 shared_suffix=0 segment_profile=tiny16,False,False,2,0.6316627204418184,0.5044790351544471,"{""num_rows"": ""2097152"", ""segment_profile"": ""tiny16"", ""shared_suffix"": ""0""}"
baseline,unstable-warps,Device=0 num_rows=32768 shared_suffix=64 segment_profile=tiny16,False,False,2,0.18649471968412393,1.1860237183903484,"{""num_rows"": ""32768"", ""segment_profile"": ""tiny16"", ""shared_suffix"": ""64""}"
baseline,unstable-warps,Device=0 num_rows=2097152 shared_suffix=64 segment_profile=tiny16,False,False,2,1.3701606535911557,0.33905326607236796,"{""num_rows"": ""2097152"", ""segment_profile"": ""tiny16"", ""shared_suffix"": ""64""}"
baseline,unstable-warps,Device=0 num_rows=32768 shared_suffix=0 segment_profile=tiny32,False,False,2,0.16512768000364306,0.9113823767549453,"{""num_rows"": ""32768"", ""segment_profile"": ""tiny32"", ""shared_suffix"": ""0""}"
baseline,unstable-warps,Device=0 num_rows=2097152 shared_suffix=0 segment_profile=tiny32,False,False,2,0.6843417596817015,0.3341475474034216,"{""num_rows"": ""2097152"", ""segment_profile"": ""tiny32"", ""shared_suffix"": ""0""}"
baseline,unstable-warps,Device=0 num_rows=32768 shared_suffix=64 segment_profile=tiny32,False,False,2,0.19543551981449128,1.3956237106538216,"{""num_rows"": ""32768"", ""segment_profile"": ""tiny32"", ""shared_suffix"": ""64""}"
baseline,unstable-warps,Device=0 num_rows=2097152 shared_suffix=64 segment_profile=tiny32,False,False,2,1.6589779162406921,0.23995394525305086,"{""num_rows"": ""2097152"", ""segment_profile"": ""tiny32"", ""shared_suffix"": ""64""}"
experiment-3,prefix-targets,Device=0 num_rows=262144 prefix_width=8 suffix_width=32 prefix_cardinality=1,False,False,0,0.5719123232364653,0.36754676031605954,"{""num_rows"": ""262144"", ""prefix_cardinality"": ""1"", ""prefix_width"": ""8"", ""suffix_width"": ""32""}"
experiment-3,prefix-targets,Device=0 num_rows=2097152 prefix_width=8 suffix_width=32 prefix_cardinality=1,False,False,0,4.161885423660278,0.3691505556275632,"{""num_rows"": ""2097152"", ""prefix_cardinality"": ""1"", ""prefix_width"": ""8"", ""suffix_width"": ""32""}"
experiment-3,prefix-targets,Device=0 num_rows=262144 prefix_width=10 suffix_width=32 prefix_cardinality=1,False,False,0,0.6063763201236725,0.3443668620635299,"{""num_rows"": ""262144"", ""prefix_cardinality"": ""1"", ""prefix_width"": ""10"", ""suffix_width"": ""32""}"
experiment-3,prefix-targets,Device=0 num_rows=2097152 prefix_width=10 suffix_width=32 prefix_cardinality=1,False,False,0,4.434439039230346,8.36766381781611,"{""num_rows"": ""2097152"", ""prefix_cardinality"": ""1"", ""prefix_width"": ""10"", ""suffix_width"": ""32""}"
experiment-3,prefix-targets,Device=0 num_rows=262144 prefix_width=11 suffix_width=32 prefix_cardinality=1,False,False,0,0.6162131178379057,0.6200211676790999,"{""num_rows"": ""262144"", ""prefix_cardinality"": ""1"", ""prefix_width"": ""11"", ""suffix_width"": ""32""}"
experiment-3,prefix-targets,Device=0 num_rows=2097152 prefix_width=11 suffix_width=32 prefix_cardinality=1,False,False,0,4.445750408172609,0.2915487533514332,"{""num_rows"": ""2097152"", ""prefix_cardinality"": ""1"", ""prefix_width"": ""11"", ""suffix_width"": ""32""}"
experiment-3,prefix-targets,Device=0 num_rows=262144 prefix_width=12 suffix_width=32 prefix_cardinality=1,False,False,0,0.6246572732925414,0.2926285496448202,"{""num_rows"": ""262144"", ""prefix_cardinality"": ""1"", ""prefix_width"": ""12"", ""suffix_width"": ""32""}"
experiment-3,prefix-targets,Device=0 num_rows=2097152 prefix_width=12 suffix_width=32 prefix_cardinality=1,False,False,0,4.500466585159299,0.29096085305987535,"{""num_rows"": ""2097152"", ""prefix_cardinality"": ""1"", ""prefix_width"": ""12"", ""suffix_width"": ""32""}"
experiment-0,stable-warps-desc,Device=0 num_rows=32768 shared_suffix=0 segment_profile=pairs,True,True,1,0.15930559933185573,0.6996784174224756,"{""num_rows"": ""32768"", ""segment_profile"": ""pairs"", ""shared_suffix"": ""0""}"
experiment-0,stable-warps-desc,Device=0 num_rows=2097152 shared_suffix=0 segment_profile=pairs,True,True,1,0.6600774455070495,0.9619909549370084,"{""num_rows"": ""2097152"", ""segment_profile"": ""pairs"", ""shared_suffix"": ""0""}"
experiment-0,stable-warps-desc,Device=0 num_rows=32768 shared_suffix=64 segment_profile=pairs,True,True,1,0.16168319940567016,2.0164765508891223,"{""num_rows"": ""32768"", ""segment_profile"": ""pairs"", ""shared_suffix"": ""64""}"
experiment-0,stable-warps-desc,Device=0 num_rows=2097152 shared_suffix=64 segment_profile=pairs,True,True,1,0.866857600212097,0.8201777286619928,"{""num_rows"": ""2097152"", ""segment_profile"": ""pairs"", ""shared_suffix"": ""64""}"
experiment-0,stable-warps-desc,Device=0 num_rows=32768 shared_suffix=0 segment_profile=tiny4,True,True,1,0.16078720062971116,9.595636752143387,"{""num_rows"": ""32768"", ""segment_profile"": ""tiny4"", ""shared_suffix"": ""0""}"
experiment-0,stable-warps-desc,Device=0 num_rows=2097152 shared_suffix=0 segment_profile=tiny4,True,True,1,0.6274374437332152,0.752660682068777,"{""num_rows"": ""2097152"", ""segment_profile"": ""tiny4"", ""shared_suffix"": ""0""}"
experiment-0,stable-warps-desc,Device=0 num_rows=32768 shared_suffix=64 segment_profile=tiny4,True,True,1,0.17428736060857775,0.7421833036570613,"{""num_rows"": ""32768"", ""segment_profile"": ""tiny4"", ""shared_suffix"": ""64""}"
experiment-0,stable-warps-desc,Device=0 num_rows=2097152 shared_suffix=64 segment_profile=tiny4,True,True,1,1.071015031337738,0.5329469152589656,"{""num_rows"": ""2097152"", ""segment_profile"": ""tiny4"", ""shared_suffix"": ""64""}"
experiment-0,stable-warps-desc,Device=0 num_rows=32768 shared_suffix=0 segment_profile=tiny8,True,True,1,0.16868736118078229,1.1660138742707775,"{""num_rows"": ""32768"", ""segment_profile"": ""tiny8"", ""shared_suffix"": ""0""}"
experiment-0,stable-warps-desc,Device=0 num_rows=2097152 shared_suffix=0 segment_profile=tiny8,True,True,1,0.7130777597427369,0.532451918016647,"{""num_rows"": ""2097152"", ""segment_profile"": ""tiny8"", ""shared_suffix"": ""0""}"
experiment-0,stable-warps-desc,Device=0 num_rows=32768 shared_suffix=64 segment_profile=tiny8,True,True,1,0.19413247942924497,2.342407762901918,"{""num_rows"": ""32768"", ""segment_profile"": ""tiny8"", ""shared_suffix"": ""64""}"
experiment-0,stable-warps-desc,Device=0 num_rows=2097152 shared_suffix=64 segment_profile=tiny8,True,True,1,1.5090246343612674,0.3226280584576963,"{""num_rows"": ""2097152"", ""segment_profile"": ""tiny8"", ""shared_suffix"": ""64""}"
experiment-0,stable-warps-desc,Device=0 num_rows=32768 shared_suffix=0 segment_profile=tiny16,True,True,1,0.17413439989089957,0.947226396396924,"{""num_rows"": ""32768"", ""segment_profile"": ""tiny16"", ""shared_suffix"": ""0""}"
experiment-0,stable-warps-desc,Device=0 num_rows=2097152 shared_suffix=0 segment_profile=tiny16,True,True,1,0.8063929605484008,0.35095559266465676,"{""num_rows"": ""2097152"", ""segment_profile"": ""tiny16"", ""shared_suffix"": ""0""}"
experiment-0,stable-warps-desc,Device=0 num_rows=32768 shared_suffix=64 segment_profile=tiny16,True,True,1,0.20857151955366127,0.8760208956525798,"{""num_rows"": ""32768"", ""segment_profile"": ""tiny16"", ""shared_suffix"": ""64""}"
experiment-0,stable-warps-desc,Device=0 num_rows=2097152 shared_suffix=64 segment_profile=tiny16,True,True,1,1.9899039959907534,0.28267763067127993,"{""num_rows"": ""2097152"", ""segment_profile"": ""tiny16"", ""shared_suffix"": ""64""}"
experiment-0,stable-warps-desc,Device=0 num_rows=32768 shared_suffix=0 segment_profile=tiny32,True,True,1,0.18126527994871144,1.4062482574049802,"{""num_rows"": ""32768"", ""segment_profile"": ""tiny32"", ""shared_suffix"": ""0""}"
experiment-0,stable-warps-desc,Device=0 num_rows=2097152 shared_suffix=0 segment_profile=tiny32,True,True,1,0.9361503946781158,0.3631516580535265,"{""num_rows"": ""2097152"", ""segment_profile"": ""tiny32"", ""shared_suffix"": ""0""}"
experiment-0,stable-warps-desc,Device=0 num_rows=32768 shared_suffix=64 segment_profile=tiny32,True,True,1,0.22632063925266271,2.288018873840872,"{""num_rows"": ""32768"", ""segment_profile"": ""tiny32"", ""shared_suffix"": ""64""}"
experiment-0,stable-warps-desc,Device=0 num_rows=2097152 shared_suffix=64 segment_profile=tiny32,True,True,1,2.5285651206970208,0.21781168265928066,"{""num_rows"": ""2097152"", ""segment_profile"": ""tiny32"", ""shared_suffix"": ""64""}"
baseline,zero,Device=0 num_rows=32768 profile=zero_collision_pass1,False,False,1,0.21192063987255103,1.2555646007512575,"{""num_rows"": ""32768"", ""profile"": ""zero_collision_pass1""}"
baseline,zero,Device=0 num_rows=32768 profile=zero_collision_pass2,False,False,1,0.29129023909568785,1.228375170892582,"{""num_rows"": ""32768"", ""profile"": ""zero_collision_pass2""}"
experiment-15,stable-warps-desc,Device=0 num_rows=32768 shared_suffix=0 segment_profile=pairs,True,True,0,0.15995136022567746,2.1284736387798837,"{""num_rows"": ""32768"", ""segment_profile"": ""pairs"", ""shared_suffix"": ""0""}"
experiment-15,stable-warps-desc,Device=0 num_rows=2097152 shared_suffix=0 segment_profile=pairs,True,True,0,0.6498892784118653,1.056587890732022,"{""num_rows"": ""2097152"", ""segment_profile"": ""pairs"", ""shared_suffix"": ""0""}"
experiment-15,stable-warps-desc,Device=0 num_rows=32768 shared_suffix=64 segment_profile=pairs,True,True,0,0.159104640185833,1.2639926994010955,"{""num_rows"": ""32768"", ""segment_profile"": ""pairs"", ""shared_suffix"": ""64""}"
experiment-15,stable-warps-desc,Device=0 num_rows=2097152 shared_suffix=64 segment_profile=pairs,True,True,0,0.821870083808899,0.8230101402657413,"{""num_rows"": ""2097152"", ""segment_profile"": ""pairs"", ""shared_suffix"": ""64""}"
experiment-15,stable-warps-desc,Device=0 num_rows=32768 shared_suffix=0 segment_profile=tiny4,True,True,0,0.15695039987564086,1.453052781070619,"{""num_rows"": ""32768"", ""segment_profile"": ""tiny4"", ""shared_suffix"": ""0""}"
experiment-15,stable-warps-desc,Device=0 num_rows=2097152 shared_suffix=0 segment_profile=tiny4,True,True,0,0.5760057616233824,0.8398744322299492,"{""num_rows"": ""2097152"", ""segment_profile"": ""tiny4"", ""shared_suffix"": ""0""}"
experiment-15,stable-warps-desc,Device=0 num_rows=32768 shared_suffix=64 segment_profile=tiny4,True,True,0,0.1680428799986839,1.5962596502599131,"{""num_rows"": ""32768"", ""segment_profile"": ""tiny4"", ""shared_suffix"": ""64""}"
experiment-15,stable-warps-desc,Device=0 num_rows=2097152 shared_suffix=64 segment_profile=tiny4,True,True,0,0.9071328043937684,0.5711310583351125,"{""num_rows"": ""2097152"", ""segment_profile"": ""tiny4"", ""shared_suffix"": ""64""}"
experiment-15,stable-warps-desc,Device=0 num_rows=32768 shared_suffix=0 segment_profile=tiny8,True,True,0,0.1585939201712608,0.8827291242464563,"{""num_rows"": ""32768"", ""segment_profile"": ""tiny8"", ""shared_suffix"": ""0""}"
experiment-15,stable-warps-desc,Device=0 num_rows=2097152 shared_suffix=0 segment_profile=tiny8,True,True,0,0.580312957763672,0.7942466629568006,"{""num_rows"": ""2097152"", ""segment_profile"": ""tiny8"", ""shared_suffix"": ""0""}"
experiment-15,stable-warps-desc,Device=0 num_rows=32768 shared_suffix=64 segment_profile=tiny8,True,True,0,0.1776889607310295,2.8584214794022116,"{""num_rows"": ""32768"", ""segment_profile"": ""tiny8"", ""shared_suffix"": ""64""}"
experiment-15,stable-warps-desc,Device=0 num_rows=2097152 shared_suffix=64 segment_profile=tiny8,True,True,0,1.1388582372665403,0.30572762257168706,"{""num_rows"": ""2097152"", ""segment_profile"": ""tiny8"", ""shared_suffix"": ""64""}"
experiment-15,stable-warps-desc,Device=0 num_rows=32768 shared_suffix=0 segment_profile=tiny16,True,True,0,0.17065407991409307,30.0080637158795,"{""num_rows"": ""32768"", ""segment_profile"": ""tiny16"", ""shared_suffix"": ""0""}"
experiment-15,stable-warps-desc,Device=0 num_rows=2097152 shared_suffix=0 segment_profile=tiny16,True,True,0,0.6063820791244507,0.41943861596974885,"{""num_rows"": ""2097152"", ""segment_profile"": ""tiny16"", ""shared_suffix"": ""0""}"
experiment-15,stable-warps-desc,Device=0 num_rows=32768 shared_suffix=64 segment_profile=tiny16,True,True,0,0.18395071953535083,1.1160189930911901,"{""num_rows"": ""32768"", ""segment_profile"": ""tiny16"", ""shared_suffix"": ""64""}"
experiment-15,stable-warps-desc,Device=0 num_rows=2097152 shared_suffix=64 segment_profile=tiny16,True,True,0,1.3458035111427311,0.32436642481810146,"{""num_rows"": ""2097152"", ""segment_profile"": ""tiny16"", ""shared_suffix"": ""64""}"
experiment-15,stable-warps-desc,Device=0 num_rows=32768 shared_suffix=0 segment_profile=tiny32,True,True,0,0.16322432070970536,0.9467581939662555,"{""num_rows"": ""32768"", ""segment_profile"": ""tiny32"", ""shared_suffix"": ""0""}"
experiment-15,stable-warps-desc,Device=0 num_rows=2097152 shared_suffix=0 segment_profile=tiny32,True,True,0,0.659176322221756,0.4538705005502317,"{""num_rows"": ""2097152"", ""segment_profile"": ""tiny32"", ""shared_suffix"": ""0""}"
experiment-15,stable-warps-desc,Device=0 num_rows=32768 shared_suffix=64 segment_profile=tiny32,True,True,0,0.19407360017299657,1.2020043110736927,"{""num_rows"": ""32768"", ""segment_profile"": ""tiny32"", ""shared_suffix"": ""64""}"
experiment-15,stable-warps-desc,Device=0 num_rows=2097152 shared_suffix=64 segment_profile=tiny32,True,True,0,1.6402598428726198,0.2807291283998142,"{""num_rows"": ""2097152"", ""segment_profile"": ""tiny32"", ""shared_suffix"": ""64""}"
experiment-0,stable-warps-desc,Device=0 num_rows=32768 shared_suffix=0 segment_profile=pairs,True,True,3,0.16024063915014267,1.1762074136543093,"{""num_rows"": ""32768"", ""segment_profile"": ""pairs"", ""shared_suffix"": ""0""}"
experiment-0,stable-warps-desc,Device=0 num_rows=2097152 shared_suffix=0 segment_profile=pairs,True,True,3,0.6668678379058837,0.9279333305386571,"{""num_rows"": ""2097152"", ""segment_profile"": ""pairs"", ""shared_suffix"": ""0""}"
experiment-0,stable-warps-desc,Device=0 num_rows=32768 shared_suffix=64 segment_profile=pairs,True,True,3,0.1645241606235504,2.2729324359840772,"{""num_rows"": ""32768"", ""segment_profile"": ""pairs"", ""shared_suffix"": ""64""}"
experiment-0,stable-warps-desc,Device=0 num_rows=2097152 shared_suffix=64 segment_profile=pairs,True,True,3,0.8676211190223697,0.8309720484959028,"{""num_rows"": ""2097152"", ""segment_profile"": ""pairs"", ""shared_suffix"": ""64""}"
experiment-0,stable-warps-desc,Device=0 num_rows=32768 shared_suffix=0 segment_profile=tiny4,True,True,3,0.1602368003129959,1.8328013045006586,"{""num_rows"": ""32768"", ""segment_profile"": ""tiny4"", ""shared_suffix"": ""0""}"
experiment-0,stable-warps-desc,Device=0 num_rows=2097152 shared_suffix=0 segment_profile=tiny4,True,True,3,0.6282495999336244,0.9205703061265287,"{""num_rows"": ""2097152"", ""segment_profile"": ""tiny4"", ""shared_suffix"": ""0""}"
experiment-0,stable-warps-desc,Device=0 num_rows=32768 shared_suffix=64 segment_profile=tiny4,True,True,3,0.17702911972999572,1.8960693581909094,"{""num_rows"": ""32768"", ""segment_profile"": ""tiny4"", ""shared_suffix"": ""64""}"
experiment-0,stable-warps-desc,Device=0 num_rows=2097152 shared_suffix=64 segment_profile=tiny4,True,True,3,1.0721529579162594,0.4483421024016239,"{""num_rows"": ""2097152"", ""segment_profile"": ""tiny4"", ""shared_suffix"": ""64""}"
experiment-0,stable-warps-desc,Device=0 num_rows=32768 shared_suffix=0 segment_profile=tiny8,True,True,3,0.17016768038272864,1.9360378823362876,"{""num_rows"": ""32768"", ""segment_profile"": ""tiny8"", ""shared_suffix"": ""0""}"
experiment-0,stable-warps-desc,Device=0 num_rows=2097152 shared_suffix=0 segment_profile=tiny8,True,True,3,0.7154387223720552,0.5837711442232544,"{""num_rows"": ""2097152"", ""segment_profile"": ""tiny8"", ""shared_suffix"": ""0""}"
experiment-0,stable-warps-desc,Device=0 num_rows=32768 shared_suffix=64 segment_profile=tiny8,True,True,3,0.19579008102416998,1.5503348365714322,"{""num_rows"": ""32768"", ""segment_profile"": ""tiny8"", ""shared_suffix"": ""64""}"
experiment-0,stable-warps-desc,Device=0 num_rows=2097152 shared_suffix=64 segment_profile=tiny8,True,True,3,1.5107935976982116,0.26899812829409736,"{""num_rows"": ""2097152"", ""segment_profile"": ""tiny8"", ""shared_suffix"": ""64""}"
experiment-0,stable-warps-desc,Device=0 num_rows=32768 shared_suffix=0 segment_profile=tiny16,True,True,3,0.17459263920784002,0.7360700779264067,"{""num_rows"": ""32768"", ""segment_profile"": ""tiny16"", ""shared_suffix"": ""0""}"
experiment-0,stable-warps-desc,Device=0 num_rows=2097152 shared_suffix=0 segment_profile=tiny16,True,True,3,0.8103731203079219,0.9465146006471146,"{""num_rows"": ""2097152"", ""segment_profile"": ""tiny16"", ""shared_suffix"": ""0""}"
experiment-0,stable-warps-desc,Device=0 num_rows=32768 shared_suffix=64 segment_profile=tiny16,True,True,3,0.21045376032590865,1.38119216206379,"{""num_rows"": ""32768"", ""segment_profile"": ""tiny16"", ""shared_suffix"": ""64""}"
experiment-0,stable-warps-desc,Device=0 num_rows=2097152 shared_suffix=64 segment_profile=tiny16,True,True,3,1.9917273664474493,0.3173138453368085,"{""num_rows"": ""2097152"", ""segment_profile"": ""tiny16"", ""shared_suffix"": ""64""}"
experiment-0,stable-warps-desc,Device=0 num_rows=32768 shared_suffix=0 segment_profile=tiny32,True,True,3,0.1786931201815605,0.9707050306701616,"{""num_rows"": ""32768"", ""segment_profile"": ""tiny32"", ""shared_suffix"": ""0""}"
experiment-0,stable-warps-desc,Device=0 num_rows=2097152 shared_suffix=0 segment_profile=tiny32,True,True,3,0.9396902430057529,1.6647811234480687,"{""num_rows"": ""2097152"", ""segment_profile"": ""tiny32"", ""shared_suffix"": ""0""}"
experiment-0,stable-warps-desc,Device=0 num_rows=32768 shared_suffix=64 segment_profile=tiny32,True,True,3,0.22568064004182808,0.994676633050552,"{""num_rows"": ""32768"", ""segment_profile"": ""tiny32"", ""shared_suffix"": ""64""}"
experiment-0,stable-warps-desc,Device=0 num_rows=2097152 shared_suffix=64 segment_profile=tiny32,True,True,3,2.5312723207473757,0.2672338061383647,"{""num_rows"": ""2097152"", ""segment_profile"": ""tiny32"", ""shared_suffix"": ""64""}"
baseline,active-fractions,Device=0 num_rows=262144 profile=active_10,False,False,0,0.30485056102275854,6.008601806588187,"{""num_rows"": ""262144"", ""profile"": ""active_10""}"
baseline,active-fractions,Device=0 num_rows=2097152 profile=active_10,False,False,0,0.548859522342682,0.7635459780245755,"{""num_rows"": ""2097152"", ""profile"": ""active_10""}"
baseline,active-fractions,Device=0 num_rows=262144 profile=active_50,False,False,0,0.3390291225910186,0.6781319817513014,"{""num_rows"": ""262144"", ""profile"": ""active_50""}"
baseline,active-fractions,Device=0 num_rows=2097152 profile=active_50,False,False,0,0.8892339193820953,0.4826812672673404,"{""num_rows"": ""2097152"", ""profile"": ""active_50""}"
experiment-31,identity-constant,Device=0 num_rows=2097152 profile=cardinality_1_width_32,False,False,0,0.00870143998414278,6.904034821759934,"{""num_rows"": ""2097152"", ""profile"": ""cardinality_1_width_32""}"
experiment-31,active-fractions,Device=0 num_rows=262144 profile=active_10,False,False,2,0.2975340837240219,0.5897536583556043,"{""num_rows"": ""262144"", ""profile"": ""active_10""}"
experiment-31,active-fractions,Device=0 num_rows=2097152 profile=active_10,False,False,2,0.5460921573638916,0.5395800909298571,"{""num_rows"": ""2097152"", ""profile"": ""active_10""}"
experiment-31,active-fractions,Device=0 num_rows=262144 profile=active_50,False,False,2,0.33691264033317564,5.070250344305569,"{""num_rows"": ""262144"", ""profile"": ""active_50""}"
experiment-31,active-fractions,Device=0 num_rows=2097152 profile=active_50,False,False,2,0.8689459192752838,0.4337483336086097,"{""num_rows"": ""2097152"", ""profile"": ""active_50""}"
experiment-1,stable-warps,Device=0 num_rows=32768 shared_suffix=0 segment_profile=pairs,True,False,4,0.15871424019336705,1.616166586641878,"{""num_rows"": ""32768"", ""segment_profile"": ""pairs"", ""shared_suffix"": ""0""}"
experiment-1,stable-warps,Device=0 num_rows=2097152 shared_suffix=0 segment_profile=pairs,True,False,4,0.6604716837406158,1.0395061015938587,"{""num_rows"": ""2097152"", ""segment_profile"": ""pairs"", ""shared_suffix"": ""0""}"
experiment-1,stable-warps,Device=0 num_rows=32768 shared_suffix=64 segment_profile=pairs,True,False,4,0.16030911982059476,0.9132140476742567,"{""num_rows"": ""32768"", ""segment_profile"": ""pairs"", ""shared_suffix"": ""64""}"
experiment-1,stable-warps,Device=0 num_rows=2097152 shared_suffix=64 segment_profile=pairs,True,False,4,0.8664633619785308,2.1549598434696717,"{""num_rows"": ""2097152"", ""segment_profile"": ""pairs"", ""shared_suffix"": ""64""}"
experiment-1,stable-warps,Device=0 num_rows=32768 shared_suffix=0 segment_profile=tiny4,True,False,4,0.15712639957666394,0.8174314789973485,"{""num_rows"": ""32768"", ""segment_profile"": ""tiny4"", ""shared_suffix"": ""0""}"
experiment-1,stable-warps,Device=0 num_rows=2097152 shared_suffix=0 segment_profile=tiny4,True,False,4,0.6178169608116149,0.9404273756535525,"{""num_rows"": ""2097152"", ""segment_profile"": ""tiny4"", ""shared_suffix"": ""0""}"
experiment-1,stable-warps,Device=0 num_rows=32768 shared_suffix=64 segment_profile=tiny4,True,False,4,0.17332416027784348,1.0524714009732958,"{""num_rows"": ""32768"", ""segment_profile"": ""tiny4"", ""shared_suffix"": ""64""}"
experiment-1,stable-warps,Device=0 num_rows=2097152 shared_suffix=64 segment_profile=tiny4,True,False,4,1.0603680038452146,0.4623157529278298,"{""num_rows"": ""2097152"", ""segment_profile"": ""tiny4"", ""shared_suffix"": ""64""}"
experiment-1,stable-warps,Device=0 num_rows=32768 shared_suffix=0 segment_profile=tiny8,True,False,4,0.1654003196954727,0.6646545249596583,"{""num_rows"": ""32768"", ""segment_profile"": ""tiny8"", ""shared_suffix"": ""0""}"
experiment-1,stable-warps,Device=0 num_rows=2097152 shared_suffix=0 segment_profile=tiny8,True,False,4,0.700832633972168,0.6033381660423448,"{""num_rows"": ""2097152"", ""segment_profile"": ""tiny8"", ""shared_suffix"": ""0""}"
experiment-1,stable-warps,Device=0 num_rows=32768 shared_suffix=64 segment_profile=tiny8,True,False,4,0.19448000013828273,11.604952956890841,"{""num_rows"": ""32768"", ""segment_profile"": ""tiny8"", ""shared_suffix"": ""64""}"
experiment-1,stable-warps,Device=0 num_rows=2097152 shared_suffix=64 segment_profile=tiny8,True,False,4,1.4881484842300425,0.31559312932214606,"{""num_rows"": ""2097152"", ""segment_profile"": ""tiny8"", ""shared_suffix"": ""64""}"
experiment-1,stable-warps,Device=0 num_rows=32768 shared_suffix=0 segment_profile=tiny16,True,False,4,0.1710361590981483,1.9956148361578874,"{""num_rows"": ""32768"", ""segment_profile"": ""tiny16"", ""shared_suffix"": ""0""}"
experiment-1,stable-warps,Device=0 num_rows=2097152 shared_suffix=0 segment_profile=tiny16,True,False,4,0.7815283203125001,0.3746725327087039,"{""num_rows"": ""2097152"", ""segment_profile"": ""tiny16"", ""shared_suffix"": ""0""}"
experiment-1,stable-warps,Device=0 num_rows=32768 shared_suffix=64 segment_profile=tiny16,True,False,4,0.20601408004760743,1.1705680354327703,"{""num_rows"": ""32768"", ""segment_profile"": ""tiny16"", ""shared_suffix"": ""64""}"
experiment-1,stable-warps,Device=0 num_rows=2097152 shared_suffix=64 segment_profile=tiny16,True,False,4,1.9785715222358702,0.2828351686642402,"{""num_rows"": ""2097152"", ""segment_profile"": ""tiny16"", ""shared_suffix"": ""64""}"
experiment-1,stable-warps,Device=0 num_rows=32768 shared_suffix=0 segment_profile=tiny32,True,False,4,0.1749612805247307,1.7561909662169948,"{""num_rows"": ""32768"", ""segment_profile"": ""tiny32"", ""shared_suffix"": ""0""}"
experiment-1,stable-warps,Device=0 num_rows=2097152 shared_suffix=0 segment_profile=tiny32,True,False,4,0.9035449600219727,0.30289673647664045,"{""num_rows"": ""2097152"", ""segment_profile"": ""tiny32"", ""shared_suffix"": ""0""}"
experiment-1,stable-warps,Device=0 num_rows=32768 shared_suffix=64 segment_profile=tiny32,True,False,4,0.22475776076316836,1.6643401256152393,"{""num_rows"": ""32768"", ""segment_profile"": ""tiny32"", ""shared_suffix"": ""64""}"
experiment-1,stable-warps,Device=0 num_rows=2097152 shared_suffix=64 segment_profile=tiny32,True,False,4,2.5130976057052616,0.2783604557883275,"{""num_rows"": ""2097152"", ""segment_profile"": ""tiny32"", ""shared_suffix"": ""64""}"
experiment-15,unstable-warps,Device=0 num_rows=32768 shared_suffix=0 segment_profile=singletons,False,False,1,0.1402899199724197,1.462954187538932,"{""num_rows"": ""32768"", ""segment_profile"": ""singletons"", ""shared_suffix"": ""0""}"
experiment-15,unstable-warps,Device=0 num_rows=2097152 shared_suffix=0 segment_profile=singletons,False,False,1,0.35235072016716,0.7668129737388294,"{""num_rows"": ""2097152"", ""segment_profile"": ""singletons"", ""shared_suffix"": ""0""}"
experiment-15,unstable-warps,Device=0 num_rows=32768 shared_suffix=64 segment_profile=singletons,False,False,1,0.13727104038000107,0.9398425505146241,"{""num_rows"": ""32768"", ""segment_profile"": ""singletons"", ""shared_suffix"": ""64""}"
experiment-15,unstable-warps,Device=0 num_rows=2097152 shared_suffix=64 segment_profile=singletons,False,False,1,0.3911571216583251,0.6671320197656818,"{""num_rows"": ""2097152"", ""segment_profile"": ""singletons"", ""shared_suffix"": ""64""}"
experiment-15,unstable-warps,Device=0 num_rows=32768 shared_suffix=0 segment_profile=pairs,False,False,1,0.15736512124538424,2.436276266654682,"{""num_rows"": ""32768"", ""segment_profile"": ""pairs"", ""shared_suffix"": ""0""}"
experiment-15,unstable-warps,Device=0 num_rows=2097152 shared_suffix=0 segment_profile=pairs,False,False,1,0.6523692786693572,1.1637568559389049,"{""num_rows"": ""2097152"", ""segment_profile"": ""pairs"", ""shared_suffix"": ""0""}"
experiment-15,unstable-warps,Device=0 num_rows=32768 shared_suffix=64 segment_profile=pairs,False,False,1,0.15945087969303134,1.2682005335622895,"{""num_rows"": ""32768"", ""segment_profile"": ""pairs"", ""shared_suffix"": ""64""}"
experiment-15,unstable-warps,Device=0 num_rows=2097152 shared_suffix=64 segment_profile=pairs,False,False,1,0.8221292817592619,0.7144021967607653,"{""num_rows"": ""2097152"", ""segment_profile"": ""pairs"", ""shared_suffix"": ""64""}"
experiment-15,unstable-warps,Device=0 num_rows=32768 shared_suffix=0 segment_profile=tiny4,False,False,1,0.15804736077785494,2.2954963287976637,"{""num_rows"": ""32768"", ""segment_profile"": ""tiny4"", ""shared_suffix"": ""0""}"
experiment-15,unstable-warps,Device=0 num_rows=2097152 shared_suffix=0 segment_profile=tiny4,False,False,1,0.5768019199371338,0.965993168278053,"{""num_rows"": ""2097152"", ""segment_profile"": ""tiny4"", ""shared_suffix"": ""0""}"
experiment-15,unstable-warps,Device=0 num_rows=32768 shared_suffix=64 segment_profile=tiny4,False,False,1,0.16819327920675275,1.3904222667678832,"{""num_rows"": ""32768"", ""segment_profile"": ""tiny4"", ""shared_suffix"": ""64""}"
experiment-15,unstable-warps,Device=0 num_rows=2097152 shared_suffix=64 segment_profile=tiny4,False,False,1,0.9117171204090115,0.4812026818555618,"{""num_rows"": ""2097152"", ""segment_profile"": ""tiny4"", ""shared_suffix"": ""64""}"
experiment-15,unstable-warps,Device=0 num_rows=32768 shared_suffix=0 segment_profile=tiny8,False,False,1,0.16012800008058545,1.1947029007864798,"{""num_rows"": ""32768"", ""segment_profile"": ""tiny8"", ""shared_suffix"": ""0""}"
experiment-15,unstable-warps,Device=0 num_rows=2097152 shared_suffix=0 segment_profile=tiny8,False,False,1,0.58705216050148,0.7119682484455002,"{""num_rows"": ""2097152"", ""segment_profile"": ""tiny8"", ""shared_suffix"": ""0""}"
experiment-15,unstable-warps,Device=0 num_rows=32768 shared_suffix=64 segment_profile=tiny8,False,False,1,0.17767807930707935,1.1425704332894284,"{""num_rows"": ""32768"", ""segment_profile"": ""tiny8"", ""shared_suffix"": ""64""}"
experiment-15,unstable-warps,Device=0 num_rows=2097152 shared_suffix=64 segment_profile=tiny8,False,False,1,1.1458080005645752,0.39947219039946646,"{""num_rows"": ""2097152"", ""segment_profile"": ""tiny8"", ""shared_suffix"": ""64""}"
experiment-15,unstable-warps,Device=0 num_rows=32768 shared_suffix=0 segment_profile=tiny16,False,False,1,0.16283648133277895,0.9113355746169203,"{""num_rows"": ""32768"", ""segment_profile"": ""tiny16"", ""shared_suffix"": ""0""}"
experiment-15,unstable-warps,Device=0 num_rows=2097152 shared_suffix=0 segment_profile=tiny16,False,False,1,0.6207379209995268,0.5357048343518885,"{""num_rows"": ""2097152"", ""segment_profile"": ""tiny16"", ""shared_suffix"": ""0""}"
experiment-15,unstable-warps,Device=0 num_rows=32768 shared_suffix=64 segment_profile=tiny16,False,False,1,0.18672639995813375,4.655299258861074,"{""num_rows"": ""32768"", ""segment_profile"": ""tiny16"", ""shared_suffix"": ""64""}"
experiment-15,unstable-warps,Device=0 num_rows=2097152 shared_suffix=64 segment_profile=tiny16,False,False,1,1.406766076087952,21.025404769204776,"{""num_rows"": ""2097152"", ""segment_profile"": ""tiny16"", ""shared_suffix"": ""64""}"
experiment-15,unstable-warps,Device=0 num_rows=32768 shared_suffix=0 segment_profile=tiny32,False,False,1,0.1637126404047012,1.4387318154949984,"{""num_rows"": ""32768"", ""segment_profile"": ""tiny32"", ""shared_suffix"": ""0""}"
experiment-15,unstable-warps,Device=0 num_rows=2097152 shared_suffix=0 segment_profile=tiny32,False,False,1,0.6724716794490815,0.4460130192153366,"{""num_rows"": ""2097152"", ""segment_profile"": ""tiny32"", ""shared_suffix"": ""0""}"
experiment-15,unstable-warps,Device=0 num_rows=32768 shared_suffix=64 segment_profile=tiny32,False,False,1,0.1957856005430222,1.4024284622279584,"{""num_rows"": ""32768"", ""segment_profile"": ""tiny32"", ""shared_suffix"": ""64""}"
experiment-15,unstable-warps,Device=0 num_rows=2097152 shared_suffix=64 segment_profile=tiny32,False,False,1,1.652478723526001,0.25370132490218567,"{""num_rows"": ""2097152"", ""segment_profile"": ""tiny32"", ""shared_suffix"": ""64""}"
experiment-31,identity-null,Device=0 num_rows=2097152 profile=fixed_8 null_percent=100,False,False,3,0.008679680060595269,2.34306515537964,"{""null_percent"": ""100"", ""num_rows"": ""2097152"", ""profile"": ""fixed_8""}"
experiment-0,unstable-warps,Device=0 num_rows=32768 shared_suffix=0 segment_profile=singletons,False,False,4,0.13935999959707263,1.7068353704870323,"{""num_rows"": ""32768"", ""segment_profile"": ""singletons"", ""shared_suffix"": ""0""}"
experiment-0,unstable-warps,Device=0 num_rows=2097152 shared_suffix=0 segment_profile=singletons,False,False,4,0.3545248001813888,3.467218945216424,"{""num_rows"": ""2097152"", ""segment_profile"": ""singletons"", ""shared_suffix"": ""0""}"
experiment-0,unstable-warps,Device=0 num_rows=32768 shared_suffix=64 segment_profile=singletons,False,False,4,0.13695040047168736,0.9509570117831283,"{""num_rows"": ""32768"", ""segment_profile"": ""singletons"", ""shared_suffix"": ""64""}"
experiment-0,unstable-warps,Device=0 num_rows=2097152 shared_suffix=64 segment_profile=singletons,False,False,4,0.3891724801063538,1.379960721877251,"{""num_rows"": ""2097152"", ""segment_profile"": ""singletons"", ""shared_suffix"": ""64""}"
experiment-0,unstable-warps,Device=0 num_rows=32768 shared_suffix=0 segment_profile=pairs,False,False,4,0.15619200050830837,1.243370346609047,"{""num_rows"": ""32768"", ""segment_profile"": ""pairs"", ""shared_suffix"": ""0""}"
experiment-0,unstable-warps,Device=0 num_rows=2097152 shared_suffix=0 segment_profile=pairs,False,False,4,0.650236155986786,0.9933548413564397,"{""num_rows"": ""2097152"", ""segment_profile"": ""pairs"", ""shared_suffix"": ""0""}"
experiment-0,unstable-warps,Device=0 num_rows=32768 shared_suffix=64 segment_profile=pairs,False,False,4,0.1587878400087357,1.024799357969592,"{""num_rows"": ""32768"", ""segment_profile"": ""pairs"", ""shared_suffix"": ""64""}"
experiment-0,unstable-warps,Device=0 num_rows=2097152 shared_suffix=64 segment_profile=pairs,False,False,4,0.8218892776966097,0.92948012067226,"{""num_rows"": ""2097152"", ""segment_profile"": ""pairs"", ""shared_suffix"": ""64""}"
experiment-0,unstable-warps,Device=0 num_rows=32768 shared_suffix=0 segment_profile=tiny4,False,False,4,0.15764351904392238,1.7533855010288424,"{""num_rows"": ""32768"", ""segment_profile"": ""tiny4"", ""shared_suffix"": ""0""}"
experiment-0,unstable-warps,Device=0 num_rows=2097152 shared_suffix=0 segment_profile=tiny4,False,False,4,0.5794335985183714,1.0598166784622953,"{""num_rows"": ""2097152"", ""segment_profile"": ""tiny4"", ""shared_suffix"": ""0""}"
experiment-0,unstable-warps,Device=0 num_rows=32768 shared_suffix=64 segment_profile=tiny4,False,False,4,0.16792832016944884,1.4809871056950492,"{""num_rows"": ""32768"", ""segment_profile"": ""tiny4"", ""shared_suffix"": ""64""}"
experiment-0,unstable-warps,Device=0 num_rows=2097152 shared_suffix=64 segment_profile=tiny4,False,False,4,0.9113894414901735,0.49850343164328204,"{""num_rows"": ""2097152"", ""segment_profile"": ""tiny4"", ""shared_suffix"": ""64""}"
experiment-0,unstable-warps,Device=0 num_rows=32768 shared_suffix=0 segment_profile=tiny8,False,False,4,0.15990592092275618,1.0539052007348726,"{""num_rows"": ""32768"", ""segment_profile"": ""tiny8"", ""shared_suffix"": ""0""}"
experiment-0,unstable-warps,Device=0 num_rows=2097152 shared_suffix=0 segment_profile=tiny8,False,False,4,0.5943513548374174,4.580232154679539,"{""num_rows"": ""2097152"", ""segment_profile"": ""tiny8"", ""shared_suffix"": ""0""}"
experiment-0,unstable-warps,Device=0 num_rows=32768 shared_suffix=64 segment_profile=tiny8,False,False,4,0.17727360039949414,1.0090098967909316,"{""num_rows"": ""32768"", ""segment_profile"": ""tiny8"", ""shared_suffix"": ""64""}"
experiment-0,unstable-warps,Device=0 num_rows=2097152 shared_suffix=64 segment_profile=tiny8,False,False,4,1.1502892780303953,0.39440494708204327,"{""num_rows"": ""2097152"", ""segment_profile"": ""tiny8"", ""shared_suffix"": ""64""}"
experiment-0,unstable-warps,Device=0 num_rows=32768 shared_suffix=0 segment_profile=tiny16,False,False,4,0.16332864075899126,1.1482470500173294,"{""num_rows"": ""32768"", ""segment_profile"": ""tiny16"", ""shared_suffix"": ""0""}"
experiment-0,unstable-warps,Device=0 num_rows=2097152 shared_suffix=0 segment_profile=tiny16,False,False,4,0.6316070437431335,0.453839948541595,"{""num_rows"": ""2097152"", ""segment_profile"": ""tiny16"", ""shared_suffix"": ""0""}"
experiment-0,unstable-warps,Device=0 num_rows=32768 shared_suffix=64 segment_profile=tiny16,False,False,4,0.18623872071504594,1.838453041615664,"{""num_rows"": ""32768"", ""segment_profile"": ""tiny16"", ""shared_suffix"": ""64""}"
experiment-0,unstable-warps,Device=0 num_rows=2097152 shared_suffix=64 segment_profile=tiny16,False,False,4,1.3686886358261108,0.2953510994018161,"{""num_rows"": ""2097152"", ""segment_profile"": ""tiny16"", ""shared_suffix"": ""64""}"
experiment-0,unstable-warps,Device=0 num_rows=32768 shared_suffix=0 segment_profile=tiny32,False,False,4,0.16407680034637454,1.6296389511458402,"{""num_rows"": ""32768"", ""segment_profile"": ""tiny32"", ""shared_suffix"": ""0""}"
experiment-0,unstable-warps,Device=0 num_rows=2097152 shared_suffix=0 segment_profile=tiny32,False,False,4,0.6846182429790498,0.4251600345174612,"{""num_rows"": ""2097152"", ""segment_profile"": ""tiny32"", ""shared_suffix"": ""0""}"
experiment-0,unstable-warps,Device=0 num_rows=32768 shared_suffix=64 segment_profile=tiny32,False,False,4,0.19438463896512986,1.6868189242849163,"{""num_rows"": ""32768"", ""segment_profile"": ""tiny32"", ""shared_suffix"": ""64""}"
experiment-0,unstable-warps,Device=0 num_rows=2097152 shared_suffix=64 segment_profile=tiny32,False,False,4,1.6587046384811401,0.22725029582669654,"{""num_rows"": ""2097152"", ""segment_profile"": ""tiny32"", ""shared_suffix"": ""64""}"
baseline,zero,Device=0 num_rows=32768 profile=zero_collision_pass1,False,False,3,0.21476800113916392,2.145007576172798,"{""num_rows"": ""32768"", ""profile"": ""zero_collision_pass1""}"
baseline,zero,Device=0 num_rows=32768 profile=zero_collision_pass2,False,False,3,0.2933593612909317,0.946479487857865,"{""num_rows"": ""32768"", ""profile"": ""zero_collision_pass2""}"
experiment-3,stable-warps,Device=0 num_rows=32768 shared_suffix=0 segment_profile=pairs,True,False,1,0.15645503938198094,2.700182071770408,"{""num_rows"": ""32768"", ""segment_profile"": ""pairs"", ""shared_suffix"": ""0""}"
experiment-3,stable-warps,Device=0 num_rows=2097152 shared_suffix=0 segment_profile=pairs,True,False,1,0.6479705584049226,0.9888796625612926,"{""num_rows"": ""2097152"", ""segment_profile"": ""pairs"", ""shared_suffix"": ""0""}"
experiment-3,stable-warps,Device=0 num_rows=32768 shared_suffix=64 segment_profile=pairs,True,False,1,0.15861056059598927,1.260699976200646,"{""num_rows"": ""32768"", ""segment_profile"": ""pairs"", ""shared_suffix"": ""64""}"
experiment-3,stable-warps,Device=0 num_rows=2097152 shared_suffix=64 segment_profile=pairs,True,False,1,0.82157567858696,0.8817596072551097,"{""num_rows"": ""2097152"", ""segment_profile"": ""pairs"", ""shared_suffix"": ""64""}"
experiment-3,stable-warps,Device=0 num_rows=32768 shared_suffix=0 segment_profile=tiny4,True,False,1,0.15669824093580242,1.0084196326038748,"{""num_rows"": ""32768"", ""segment_profile"": ""tiny4"", ""shared_suffix"": ""0""}"
experiment-3,stable-warps,Device=0 num_rows=2097152 shared_suffix=0 segment_profile=tiny4,True,False,1,0.5739174389839173,1.0307117045589236,"{""num_rows"": ""2097152"", ""segment_profile"": ""tiny4"", ""shared_suffix"": ""0""}"
experiment-3,stable-warps,Device=0 num_rows=32768 shared_suffix=64 segment_profile=tiny4,True,False,1,0.16771647930145264,1.1906417467592418,"{""num_rows"": ""32768"", ""segment_profile"": ""tiny4"", ""shared_suffix"": ""64""}"
experiment-3,stable-warps,Device=0 num_rows=2097152 shared_suffix=64 segment_profile=tiny4,True,False,1,0.9064716792106625,0.5357939985847787,"{""num_rows"": ""2097152"", ""segment_profile"": ""tiny4"", ""shared_suffix"": ""64""}"
experiment-3,stable-warps,Device=0 num_rows=32768 shared_suffix=0 segment_profile=tiny8,True,False,1,0.15830784082412722,1.1080625886990116,"{""num_rows"": ""32768"", ""segment_profile"": ""tiny8"", ""shared_suffix"": ""0""}"
experiment-3,stable-warps,Device=0 num_rows=2097152 shared_suffix=0 segment_profile=tiny8,True,False,1,0.5774572777748107,0.8140101999551113,"{""num_rows"": ""2097152"", ""segment_profile"": ""tiny8"", ""shared_suffix"": ""0""}"
experiment-3,stable-warps,Device=0 num_rows=32768 shared_suffix=64 segment_profile=tiny8,True,False,1,0.1763590407371521,1.173544953354575,"{""num_rows"": ""32768"", ""segment_profile"": ""tiny8"", ""shared_suffix"": ""64""}"
experiment-3,stable-warps,Device=0 num_rows=2097152 shared_suffix=64 segment_profile=tiny8,True,False,1,1.1349088048934934,0.34000394278637663,"{""num_rows"": ""2097152"", ""segment_profile"": ""tiny8"", ""shared_suffix"": ""64""}"
experiment-3,stable-warps,Device=0 num_rows=32768 shared_suffix=0 segment_profile=tiny16,True,False,1,0.16047615975141527,0.9982989557620426,"{""num_rows"": ""32768"", ""segment_profile"": ""tiny16"", ""shared_suffix"": ""0""}"
experiment-3,stable-warps,Device=0 num_rows=2097152 shared_suffix=0 segment_profile=tiny16,True,False,1,0.6047372817993164,0.5086942046815972,"{""num_rows"": ""2097152"", ""segment_profile"": ""tiny16"", ""shared_suffix"": ""0""}"
experiment-3,stable-warps,Device=0 num_rows=32768 shared_suffix=64 segment_profile=tiny16,True,False,1,0.1841484791040421,1.15522922484798,"{""num_rows"": ""32768"", ""segment_profile"": ""tiny16"", ""shared_suffix"": ""64""}"
experiment-3,stable-warps,Device=0 num_rows=2097152 shared_suffix=64 segment_profile=tiny16,True,False,1,1.3457414436340336,0.30852871167959806,"{""num_rows"": ""2097152"", ""segment_profile"": ""tiny16"", ""shared_suffix"": ""64""}"
experiment-3,stable-warps,Device=0 num_rows=32768 shared_suffix=0 segment_profile=tiny32,True,False,1,0.16171007901430134,1.9278373046146386,"{""num_rows"": ""32768"", ""segment_profile"": ""tiny32"", ""shared_suffix"": ""0""}"
experiment-3,stable-warps,Device=0 num_rows=2097152 shared_suffix=0 segment_profile=tiny32,True,False,1,0.6565043199062348,0.4924209648351553,"{""num_rows"": ""2097152"", ""segment_profile"": ""tiny32"", ""shared_suffix"": ""0""}"
experiment-3,stable-warps,Device=0 num_rows=32768 shared_suffix=64 segment_profile=tiny32,True,False,1,0.19411071956157683,1.6063116922772003,"{""num_rows"": ""32768"", ""segment_profile"": ""tiny32"", ""shared_suffix"": ""64""}"
experiment-3,stable-warps,Device=0 num_rows=2097152 shared_suffix=64 segment_profile=tiny32,True,False,1,1.6397004795074464,0.38217433636796294,"{""num_rows"": ""2097152"", ""segment_profile"": ""tiny32"", ""shared_suffix"": ""64""}"
baseline,prefix-targets,Device=0 num_rows=262144 prefix_width=8 suffix_width=32 prefix_cardinality=1,False,False,0,0.5725785613059997,0.5021743102493453,"{""num_rows"": ""262144"", ""prefix_cardinality"": ""1"", ""prefix_width"": ""8"", ""suffix_width"": ""32""}"
baseline,prefix-targets,Device=0 num_rows=2097152 prefix_width=8 suffix_width=32 prefix_cardinality=1,False,False,0,4.235780439376832,0.3600999908518325,"{""num_rows"": ""2097152"", ""prefix_cardinality"": ""1"", ""prefix_width"": ""8"", ""suffix_width"": ""32""}"
baseline,prefix-targets,Device=0 num_rows=262144 prefix_width=10 suffix_width=32 prefix_cardinality=1,False,False,0,0.6132729613780977,0.6814923851736477,"{""num_rows"": ""262144"", ""prefix_cardinality"": ""1"", ""prefix_width"": ""10"", ""suffix_width"": ""32""}"
baseline,prefix-targets,Device=0 num_rows=2097152 prefix_width=10 suffix_width=32 prefix_cardinality=1,False,False,0,4.452805709838867,0.36337170936253466,"{""num_rows"": ""2097152"", ""prefix_cardinality"": ""1"", ""prefix_width"": ""10"", ""suffix_width"": ""32""}"
baseline,prefix-targets,Device=0 num_rows=262144 prefix_width=11 suffix_width=32 prefix_cardinality=1,False,False,0,0.6202387201786043,0.5323722746957007,"{""num_rows"": ""262144"", ""prefix_cardinality"": ""1"", ""prefix_width"": ""11"", ""suffix_width"": ""32""}"
baseline,prefix-targets,Device=0 num_rows=2097152 prefix_width=11 suffix_width=32 prefix_cardinality=1,False,False,0,4.5100889587402335,0.25736378386300407,"{""num_rows"": ""2097152"", ""prefix_cardinality"": ""1"", ""prefix_width"": ""11"", ""suffix_width"": ""32""}"
baseline,prefix-targets,Device=0 num_rows=262144 prefix_width=12 suffix_width=32 prefix_cardinality=1,False,False,0,0.6314803194999696,0.5136515035613475,"{""num_rows"": ""262144"", ""prefix_cardinality"": ""1"", ""prefix_width"": ""12"", ""suffix_width"": ""32""}"
baseline,prefix-targets,Device=0 num_rows=2097152 prefix_width=12 suffix_width=32 prefix_cardinality=1,False,False,0,4.57041916847229,0.26162518636199245,"{""num_rows"": ""2097152"", ""prefix_cardinality"": ""1"", ""prefix_width"": ""12"", ""suffix_width"": ""32""}"
experiment-3,identity-constant,Device=0 num_rows=2097152 profile=cardinality_1_width_32,False,False,0,0.008596480004489423,2.9548551648547408,"{""num_rows"": ""2097152"", ""profile"": ""cardinality_1_width_32""}"
experiment-15,identity-constant,Device=0 num_rows=2097152 profile=cardinality_1_width_32,False,False,1,0.008533119969069957,2.194012726184477,"{""num_rows"": ""2097152"", ""profile"": ""cardinality_1_width_32""}"
experiment-1,zero,Device=0 num_rows=32768 profile=zero_collision_pass1,False,False,1,0.2158412805199623,0.7491101203990242,"{""num_rows"": ""32768"", ""profile"": ""zero_collision_pass1""}"
experiment-1,zero,Device=0 num_rows=32768 profile=zero_collision_pass2,False,False,1,0.2913734394311905,0.8738557675723773,"{""num_rows"": ""32768"", ""profile"": ""zero_collision_pass2""}"
experiment-3,stable-warps-desc,Device=0 num_rows=32768 shared_suffix=0 segment_profile=pairs,True,True,4,0.15946751952171329,1.0796389308144474,"{""num_rows"": ""32768"", ""segment_profile"": ""pairs"", ""shared_suffix"": ""0""}"
experiment-3,stable-warps-desc,Device=0 num_rows=2097152 shared_suffix=0 segment_profile=pairs,True,True,4,0.6550745594501495,1.0652056028962846,"{""num_rows"": ""2097152"", ""segment_profile"": ""pairs"", ""shared_suffix"": ""0""}"
experiment-3,stable-warps-desc,Device=0 num_rows=32768 shared_suffix=64 segment_profile=pairs,True,True,4,0.16452159881591796,2.263502723977938,"{""num_rows"": ""32768"", ""segment_profile"": ""pairs"", ""shared_suffix"": ""64""}"
experiment-3,stable-warps-desc,Device=0 num_rows=2097152 shared_suffix=64 segment_profile=pairs,True,True,4,0.8258297562599183,1.4094686281538171,"{""num_rows"": ""2097152"", ""segment_profile"": ""pairs"", ""shared_suffix"": ""64""}"
experiment-3,stable-warps-desc,Device=0 num_rows=32768 shared_suffix=0 segment_profile=tiny4,True,True,4,0.1603603202104568,2.8941359174867642,"{""num_rows"": ""32768"", ""segment_profile"": ""tiny4"", ""shared_suffix"": ""0""}"
experiment-3,stable-warps-desc,Device=0 num_rows=2097152 shared_suffix=0 segment_profile=tiny4,True,True,4,0.5784492778778075,0.9969505033666913,"{""num_rows"": ""2097152"", ""segment_profile"": ""tiny4"", ""shared_suffix"": ""0""}"
experiment-3,stable-warps-desc,Device=0 num_rows=32768 shared_suffix=64 segment_profile=tiny4,True,True,4,0.1720940807461738,1.960034302435241,"{""num_rows"": ""32768"", ""segment_profile"": ""tiny4"", ""shared_suffix"": ""64""}"
experiment-3,stable-warps-desc,Device=0 num_rows=2097152 shared_suffix=64 segment_profile=tiny4,True,True,4,0.9149862360954284,1.8923510415977098,"{""num_rows"": ""2097152"", ""segment_profile"": ""tiny4"", ""shared_suffix"": ""64""}"
experiment-3,stable-warps-desc,Device=0 num_rows=32768 shared_suffix=0 segment_profile=tiny8,True,True,4,0.16032191991806025,2.178800019951776,"{""num_rows"": ""32768"", ""segment_profile"": ""tiny8"", ""shared_suffix"": ""0""}"
experiment-3,stable-warps-desc,Device=0 num_rows=2097152 shared_suffix=0 segment_profile=tiny8,True,True,4,0.5834950387477875,0.6809055501987021,"{""num_rows"": ""2097152"", ""segment_profile"": ""tiny8"", ""shared_suffix"": ""0""}"
experiment-3,stable-warps-desc,Device=0 num_rows=32768 shared_suffix=64 segment_profile=tiny8,True,True,4,0.18003200024366378,2.1588511381613094,"{""num_rows"": ""32768"", ""segment_profile"": ""tiny8"", ""shared_suffix"": ""64""}"
experiment-3,stable-warps-desc,Device=0 num_rows=2097152 shared_suffix=64 segment_profile=tiny8,True,True,4,1.1420608043670657,0.9795769942731198,"{""num_rows"": ""2097152"", ""segment_profile"": ""tiny8"", ""shared_suffix"": ""64""}"
experiment-3,stable-warps-desc,Device=0 num_rows=32768 shared_suffix=0 segment_profile=tiny16,True,True,4,0.1614451202750206,1.8086095140559169,"{""num_rows"": ""32768"", ""segment_profile"": ""tiny16"", ""shared_suffix"": ""0""}"
experiment-3,stable-warps-desc,Device=0 num_rows=2097152 shared_suffix=0 segment_profile=tiny16,True,True,4,0.6082553601264954,0.45871959039870336,"{""num_rows"": ""2097152"", ""segment_profile"": ""tiny16"", ""shared_suffix"": ""0""}"
experiment-3,stable-warps-desc,Device=0 num_rows=32768 shared_suffix=64 segment_profile=tiny16,True,True,4,0.18542591899633407,1.968194149627813,"{""num_rows"": ""32768"", ""segment_profile"": ""tiny16"", ""shared_suffix"": ""64""}"
experiment-3,stable-warps-desc,Device=0 num_rows=2097152 shared_suffix=64 segment_profile=tiny16,True,True,4,1.3502182364463804,0.2535860782288588,"{""num_rows"": ""2097152"", ""segment_profile"": ""tiny16"", ""shared_suffix"": ""64""}"
experiment-3,stable-warps-desc,Device=0 num_rows=32768 shared_suffix=0 segment_profile=tiny32,True,True,4,0.16365631967782973,1.1569551536675498,"{""num_rows"": ""32768"", ""segment_profile"": ""tiny32"", ""shared_suffix"": ""0""}"
experiment-3,stable-warps-desc,Device=0 num_rows=2097152 shared_suffix=0 segment_profile=tiny32,True,True,4,0.6629459238052368,0.5447789899031252,"{""num_rows"": ""2097152"", ""segment_profile"": ""tiny32"", ""shared_suffix"": ""0""}"
experiment-3,stable-warps-desc,Device=0 num_rows=32768 shared_suffix=64 segment_profile=tiny32,True,True,4,0.19428864032030105,1.7453240727366564,"{""num_rows"": ""32768"", ""segment_profile"": ""tiny32"", ""shared_suffix"": ""64""}"
experiment-3,stable-warps-desc,Device=0 num_rows=2097152 shared_suffix=64 segment_profile=tiny32,True,True,4,1.6442527937889098,0.29182836048641225,"{""num_rows"": ""2097152"", ""segment_profile"": ""tiny32"", ""shared_suffix"": ""64""}"
experiment-15,identity-constant,Device=0 num_rows=2097152 profile=cardinality_1_width_32,False,False,2,0.008667519986629487,2.8897753379210522,"{""num_rows"": ""2097152"", ""profile"": ""cardinality_1_width_32""}"
experiment-0,stable-warps,Device=0 num_rows=32768 shared_suffix=0 segment_profile=pairs,True,False,0,0.16028992027044295,1.0706901779572267,"{""num_rows"": ""32768"", ""segment_profile"": ""pairs"", ""shared_suffix"": ""0""}"
experiment-0,stable-warps,Device=0 num_rows=2097152 shared_suffix=0 segment_profile=pairs,True,False,0,0.6679622387886046,3.4729925538352227,"{""num_rows"": ""2097152"", ""segment_profile"": ""pairs"", ""shared_suffix"": ""0""}"
experiment-0,stable-warps,Device=0 num_rows=32768 shared_suffix=64 segment_profile=pairs,True,False,0,0.1661542403697968,2.137145877009981,"{""num_rows"": ""32768"", ""segment_profile"": ""pairs"", ""shared_suffix"": ""64""}"
experiment-0,stable-warps,Device=0 num_rows=2097152 shared_suffix=64 segment_profile=pairs,True,False,0,0.8719455969333648,0.7821555078943951,"{""num_rows"": ""2097152"", ""segment_profile"": ""pairs"", ""shared_suffix"": ""64""}"
experiment-0,stable-warps,Device=0 num_rows=32768 shared_suffix=0 segment_profile=tiny4,True,False,0,0.1633548793196678,2.365387722952216,"{""num_rows"": ""32768"", ""segment_profile"": ""tiny4"", ""shared_suffix"": ""0""}"
experiment-0,stable-warps,Device=0 num_rows=2097152 shared_suffix=0 segment_profile=tiny4,True,False,0,0.6299526417255403,0.7917147020239543,"{""num_rows"": ""2097152"", ""segment_profile"": ""tiny4"", ""shared_suffix"": ""0""}"
experiment-0,stable-warps,Device=0 num_rows=32768 shared_suffix=64 segment_profile=tiny4,True,False,0,0.18059967935085297,1.7801175307118704,"{""num_rows"": ""32768"", ""segment_profile"": ""tiny4"", ""shared_suffix"": ""64""}"
experiment-0,stable-warps,Device=0 num_rows=2097152 shared_suffix=64 segment_profile=tiny4,True,False,0,1.0744588851928714,0.4740255765589475,"{""num_rows"": ""2097152"", ""segment_profile"": ""tiny4"", ""shared_suffix"": ""64""}"
experiment-0,stable-warps,Device=0 num_rows=32768 shared_suffix=0 segment_profile=tiny8,True,False,0,0.1705759999155999,2.027370486547747,"{""num_rows"": ""32768"", ""segment_profile"": ""tiny8"", ""shared_suffix"": ""0""}"
experiment-0,stable-warps,Device=0 num_rows=2097152 shared_suffix=0 segment_profile=tiny8,True,False,0,0.7139193594455719,0.5321052912629922,"{""num_rows"": ""2097152"", ""segment_profile"": ""tiny8"", ""shared_suffix"": ""0""}"
experiment-0,stable-warps,Device=0 num_rows=32768 shared_suffix=64 segment_profile=tiny8,True,False,0,0.19762303918600077,1.9963576152567706,"{""num_rows"": ""32768"", ""segment_profile"": ""tiny8"", ""shared_suffix"": ""64""}"
experiment-0,stable-warps,Device=0 num_rows=2097152 shared_suffix=64 segment_profile=tiny8,True,False,0,1.5122553586959842,0.28802577788716854,"{""num_rows"": ""2097152"", ""segment_profile"": ""tiny8"", ""shared_suffix"": ""64""}"
experiment-0,stable-warps,Device=0 num_rows=32768 shared_suffix=0 segment_profile=tiny16,True,False,0,0.17536703974008566,1.912278725840001,"{""num_rows"": ""32768"", ""segment_profile"": ""tiny16"", ""shared_suffix"": ""0""}"
experiment-0,stable-warps,Device=0 num_rows=2097152 shared_suffix=0 segment_profile=tiny16,True,False,0,0.8095622420310973,0.3220836653421188,"{""num_rows"": ""2097152"", ""segment_profile"": ""tiny16"", ""shared_suffix"": ""0""}"
experiment-0,stable-warps,Device=0 num_rows=32768 shared_suffix=64 segment_profile=tiny16,True,False,0,0.2113401594758034,1.7468286450672104,"{""num_rows"": ""32768"", ""segment_profile"": ""tiny16"", ""shared_suffix"": ""64""}"
experiment-0,stable-warps,Device=0 num_rows=2097152 shared_suffix=64 segment_profile=tiny16,True,False,0,1.9953049612045295,0.244156535123196,"{""num_rows"": ""2097152"", ""segment_profile"": ""tiny16"", ""shared_suffix"": ""64""}"
experiment-0,stable-warps,Device=0 num_rows=32768 shared_suffix=0 segment_profile=tiny32,True,False,0,0.17829952120780948,1.243115632724439,"{""num_rows"": ""32768"", ""segment_profile"": ""tiny32"", ""shared_suffix"": ""0""}"
experiment-0,stable-warps,Device=0 num_rows=2097152 shared_suffix=0 segment_profile=tiny32,True,False,0,0.9391763174533845,1.0469696287141546,"{""num_rows"": ""2097152"", ""segment_profile"": ""tiny32"", ""shared_suffix"": ""0""}"
experiment-0,stable-warps,Device=0 num_rows=32768 shared_suffix=64 segment_profile=tiny32,True,False,0,0.2265267196297646,1.3880595608689494,"{""num_rows"": ""32768"", ""segment_profile"": ""tiny32"", ""shared_suffix"": ""64""}"
experiment-0,stable-warps,Device=0 num_rows=2097152 shared_suffix=64 segment_profile=tiny32,True,False,0,2.53260479927063,0.3446071089556485,"{""num_rows"": ""2097152"", ""segment_profile"": ""tiny32"", ""shared_suffix"": ""64""}"
experiment-2,unstable-warps,Device=0 num_rows=32768 shared_suffix=0 segment_profile=singletons,False,False,3,0.14002879947423938,1.6027078182997299,"{""num_rows"": ""32768"", ""segment_profile"": ""singletons"", ""shared_suffix"": ""0""}"
experiment-2,unstable-warps,Device=0 num_rows=2097152 shared_suffix=0 segment_profile=singletons,False,False,3,0.35270847916603093,0.9009940560040952,"{""num_rows"": ""2097152"", ""segment_profile"": ""singletons"", ""shared_suffix"": ""0""}"
experiment-2,unstable-warps,Device=0 num_rows=32768 shared_suffix=64 segment_profile=singletons,False,False,3,0.13705087989568712,1.000475602598441,"{""num_rows"": ""32768"", ""segment_profile"": ""singletons"", ""shared_suffix"": ""64""}"
experiment-2,unstable-warps,Device=0 num_rows=2097152 shared_suffix=64 segment_profile=singletons,False,False,3,0.3896819186210632,0.8692263263537654,"{""num_rows"": ""2097152"", ""segment_profile"": ""singletons"", ""shared_suffix"": ""64""}"
experiment-2,unstable-warps,Device=0 num_rows=32768 shared_suffix=0 segment_profile=pairs,False,False,3,0.15667136162519457,1.1466687366156931,"{""num_rows"": ""32768"", ""segment_profile"": ""pairs"", ""shared_suffix"": ""0""}"
experiment-2,unstable-warps,Device=0 num_rows=2097152 shared_suffix=0 segment_profile=pairs,False,False,3,0.6505478370189666,0.968333865070563,"{""num_rows"": ""2097152"", ""segment_profile"": ""pairs"", ""shared_suffix"": ""0""}"
experiment-2,unstable-warps,Device=0 num_rows=32768 shared_suffix=64 segment_profile=pairs,False,False,3,0.15882816016674045,0.9983314015570782,"{""num_rows"": ""32768"", ""segment_profile"": ""pairs"", ""shared_suffix"": ""64""}"
experiment-2,unstable-warps,Device=0 num_rows=2097152 shared_suffix=64 segment_profile=pairs,False,False,3,0.8225414407253266,1.0220151104417619,"{""num_rows"": ""2097152"", ""segment_profile"": ""pairs"", ""shared_suffix"": ""64""}"
experiment-2,unstable-warps,Device=0 num_rows=32768 shared_suffix=0 segment_profile=tiny4,False,False,3,0.15721728086471562,0.9623254555242301,"{""num_rows"": ""32768"", ""segment_profile"": ""tiny4"", ""shared_suffix"": ""0""}"
experiment-2,unstable-warps,Device=0 num_rows=2097152 shared_suffix=0 segment_profile=tiny4,False,False,3,0.5798572802543641,0.8743084202544507,"{""num_rows"": ""2097152"", ""segment_profile"": ""tiny4"", ""shared_suffix"": ""0""}"
experiment-2,unstable-warps,Device=0 num_rows=32768 shared_suffix=64 segment_profile=tiny4,False,False,3,0.16772671908140183,0.9901726132739899,"{""num_rows"": ""32768"", ""segment_profile"": ""tiny4"", ""shared_suffix"": ""64""}"
experiment-2,unstable-warps,Device=0 num_rows=2097152 shared_suffix=64 segment_profile=tiny4,False,False,3,0.9122105622291565,0.5680956060319555,"{""num_rows"": ""2097152"", ""segment_profile"": ""tiny4"", ""shared_suffix"": ""64""}"
experiment-2,unstable-warps,Device=0 num_rows=32768 shared_suffix=0 segment_profile=tiny8,False,False,3,0.16026688039302825,0.8883938036911941,"{""num_rows"": ""32768"", ""segment_profile"": ""tiny8"", ""shared_suffix"": ""0""}"
experiment-2,unstable-warps,Device=0 num_rows=2097152 shared_suffix=0 segment_profile=tiny8,False,False,3,0.5915667176246642,0.637770025849122,"{""num_rows"": ""2097152"", ""segment_profile"": ""tiny8"", ""shared_suffix"": ""0""}"
experiment-2,unstable-warps,Device=0 num_rows=32768 shared_suffix=64 segment_profile=tiny8,False,False,3,0.17787007868289956,1.0509903191903613,"{""num_rows"": ""32768"", ""segment_profile"": ""tiny8"", ""shared_suffix"": ""64""}"
experiment-2,unstable-warps,Device=0 num_rows=2097152 shared_suffix=64 segment_profile=tiny8,False,False,3,1.1510367989540098,0.3741805980777063,"{""num_rows"": ""2097152"", ""segment_profile"": ""tiny8"", ""shared_suffix"": ""64""}"
experiment-2,unstable-warps,Device=0 num_rows=32768 shared_suffix=0 segment_profile=tiny16,False,False,3,0.16373759925365447,1.1125810271315035,"{""num_rows"": ""32768"", ""segment_profile"": ""tiny16"", ""shared_suffix"": ""0""}"
experiment-2,unstable-warps,Device=0 num_rows=2097152 shared_suffix=0 segment_profile=tiny16,False,False,3,0.6322668778896332,0.5002997857124459,"{""num_rows"": ""2097152"", ""segment_profile"": ""tiny16"", ""shared_suffix"": ""0""}"
experiment-2,unstable-warps,Device=0 num_rows=32768 shared_suffix=64 segment_profile=tiny16,False,False,3,0.18687808007001874,2.013924380626483,"{""num_rows"": ""32768"", ""segment_profile"": ""tiny16"", ""shared_suffix"": ""64""}"
experiment-2,unstable-warps,Device=0 num_rows=2097152 shared_suffix=64 segment_profile=tiny16,False,False,3,1.3685913538932803,0.2469811427384553,"{""num_rows"": ""2097152"", ""segment_profile"": ""tiny16"", ""shared_suffix"": ""64""}"
experiment-2,unstable-warps,Device=0 num_rows=32768 shared_suffix=0 segment_profile=tiny32,False,False,3,0.16370623975992205,1.2791570639851406,"{""num_rows"": ""32768"", ""segment_profile"": ""tiny32"", ""shared_suffix"": ""0""}"
experiment-2,unstable-warps,Device=0 num_rows=2097152 shared_suffix=0 segment_profile=tiny32,False,False,3,0.684450558423996,0.3292696138104329,"{""num_rows"": ""2097152"", ""segment_profile"": ""tiny32"", ""shared_suffix"": ""0""}"
experiment-2,unstable-warps,Device=0 num_rows=32768 shared_suffix=64 segment_profile=tiny32,False,False,3,0.1971737605333328,5.212493828891054,"{""num_rows"": ""32768"", ""segment_profile"": ""tiny32"", ""shared_suffix"": ""64""}"
experiment-2,unstable-warps,Device=0 num_rows=2097152 shared_suffix=64 segment_profile=tiny32,False,False,3,1.6592038297653198,0.2392466436896727,"{""num_rows"": ""2097152"", ""segment_profile"": ""tiny32"", ""shared_suffix"": ""64""}"
experiment-2,stable-warps-desc,Device=0 num_rows=32768 shared_suffix=0 segment_profile=pairs,True,True,4,0.157879039645195,2.4558807175628266,"{""num_rows"": ""32768"", ""segment_profile"": ""pairs"", ""shared_suffix"": ""0""}"
experiment-2,stable-warps-desc,Device=0 num_rows=2097152 shared_suffix=0 segment_profile=pairs,True,True,4,0.6493209612369538,0.9172977170643007,"{""num_rows"": ""2097152"", ""segment_profile"": ""pairs"", ""shared_suffix"": ""0""}"
experiment-2,stable-warps-desc,Device=0 num_rows=32768 shared_suffix=64 segment_profile=pairs,True,True,4,0.1595948800444603,0.7313426094189267,"{""num_rows"": ""32768"", ""segment_profile"": ""pairs"", ""shared_suffix"": ""64""}"
experiment-2,stable-warps-desc,Device=0 num_rows=2097152 shared_suffix=64 segment_profile=pairs,True,True,4,0.8220921611785892,0.6991822796141385,"{""num_rows"": ""2097152"", ""segment_profile"": ""pairs"", ""shared_suffix"": ""64""}"
experiment-2,stable-warps-desc,Device=0 num_rows=32768 shared_suffix=0 segment_profile=tiny4,True,True,4,0.15779904037714002,1.1260422711997438,"{""num_rows"": ""32768"", ""segment_profile"": ""tiny4"", ""shared_suffix"": ""0""}"
experiment-2,stable-warps-desc,Device=0 num_rows=2097152 shared_suffix=0 segment_profile=tiny4,True,True,4,0.5761235213279724,1.1913384935449123,"{""num_rows"": ""2097152"", ""segment_profile"": ""tiny4"", ""shared_suffix"": ""0""}"
experiment-2,stable-warps-desc,Device=0 num_rows=32768 shared_suffix=64 segment_profile=tiny4,True,True,4,0.1683174395561218,1.262886263702995,"{""num_rows"": ""32768"", ""segment_profile"": ""tiny4"", ""shared_suffix"": ""64""}"
experiment-2,stable-warps-desc,Device=0 num_rows=2097152 shared_suffix=64 segment_profile=tiny4,True,True,4,0.9102329599857332,0.6200773391944586,"{""num_rows"": ""2097152"", ""segment_profile"": ""tiny4"", ""shared_suffix"": ""64""}"
experiment-2,stable-warps-desc,Device=0 num_rows=32768 shared_suffix=0 segment_profile=tiny8,True,True,4,0.16118015944957728,1.359888942920635,"{""num_rows"": ""32768"", ""segment_profile"": ""tiny8"", ""shared_suffix"": ""0""}"
experiment-2,stable-warps-desc,Device=0 num_rows=2097152 shared_suffix=0 segment_profile=tiny8,True,True,4,0.5836300802230834,0.7150197339065271,"{""num_rows"": ""2097152"", ""segment_profile"": ""tiny8"", ""shared_suffix"": ""0""}"
experiment-2,stable-warps-desc,Device=0 num_rows=32768 shared_suffix=64 segment_profile=tiny8,True,True,4,0.17746944010257726,1.07138563150255,"{""num_rows"": ""32768"", ""segment_profile"": ""tiny8"", ""shared_suffix"": ""64""}"
experiment-2,stable-warps-desc,Device=0 num_rows=2097152 shared_suffix=64 segment_profile=tiny8,True,True,4,1.1408998417854308,0.3639176223086638,"{""num_rows"": ""2097152"", ""segment_profile"": ""tiny8"", ""shared_suffix"": ""64""}"
experiment-2,stable-warps-desc,Device=0 num_rows=32768 shared_suffix=0 segment_profile=tiny16,True,True,4,0.16186304032802581,1.6723095230035356,"{""num_rows"": ""32768"", ""segment_profile"": ""tiny16"", ""shared_suffix"": ""0""}"
experiment-2,stable-warps-desc,Device=0 num_rows=2097152 shared_suffix=0 segment_profile=tiny16,True,True,4,0.6133107256889344,0.5707538741654145,"{""num_rows"": ""2097152"", ""segment_profile"": ""tiny16"", ""shared_suffix"": ""0""}"
experiment-2,stable-warps-desc,Device=0 num_rows=32768 shared_suffix=64 segment_profile=tiny16,True,True,4,0.1842105609178543,1.142995901852807,"{""num_rows"": ""32768"", ""segment_profile"": ""tiny16"", ""shared_suffix"": ""64""}"
experiment-2,stable-warps-desc,Device=0 num_rows=2097152 shared_suffix=64 segment_profile=tiny16,True,True,4,1.354230399131775,0.31616364012167086,"{""num_rows"": ""2097152"", ""segment_profile"": ""tiny16"", ""shared_suffix"": ""64""}"
experiment-2,stable-warps-desc,Device=0 num_rows=32768 shared_suffix=0 segment_profile=tiny32,True,True,4,0.16344576060771943,1.709349393141437,"{""num_rows"": ""32768"", ""segment_profile"": ""tiny32"", ""shared_suffix"": ""0""}"
experiment-2,stable-warps-desc,Device=0 num_rows=2097152 shared_suffix=0 segment_profile=tiny32,True,True,4,0.6702681589126587,0.42864188414099125,"{""num_rows"": ""2097152"", ""segment_profile"": ""tiny32"", ""shared_suffix"": ""0""}"
experiment-2,stable-warps-desc,Device=0 num_rows=32768 shared_suffix=64 segment_profile=tiny32,True,True,4,0.19484160006046292,1.8372034821080068,"{""num_rows"": ""32768"", ""segment_profile"": ""tiny32"", ""shared_suffix"": ""64""}"
experiment-2,stable-warps-desc,Device=0 num_rows=2097152 shared_suffix=64 segment_profile=tiny32,True,True,4,1.6478528022766115,0.4094512109143362,"{""num_rows"": ""2097152"", ""segment_profile"": ""tiny32"", ""shared_suffix"": ""64""}"
experiment-31,zero,Device=0 num_rows=32768 profile=zero_collision_pass1,False,False,3,0.21757568001747127,1.2604574748140265,"{""num_rows"": ""32768"", ""profile"": ""zero_collision_pass1""}"
experiment-31,zero,Device=0 num_rows=32768 profile=zero_collision_pass2,False,False,3,0.2939270389080047,0.946375679533811,"{""num_rows"": ""32768"", ""profile"": ""zero_collision_pass2""}"
experiment-15,zero,Device=0 num_rows=32768 profile=zero_collision_pass1,False,False,2,0.2166246393322945,1.0093328587294998,"{""num_rows"": ""32768"", ""profile"": ""zero_collision_pass1""}"
experiment-15,zero,Device=0 num_rows=32768 profile=zero_collision_pass2,False,False,2,0.2918566387891769,0.8750803553383467,"{""num_rows"": ""32768"", ""profile"": ""zero_collision_pass2""}"
baseline,unstable-warps,Device=0 num_rows=32768 shared_suffix=0 segment_profile=singletons,False,False,4,0.1400908803939819,1.484993648702365,"{""num_rows"": ""32768"", ""segment_profile"": ""singletons"", ""shared_suffix"": ""0""}"
baseline,unstable-warps,Device=0 num_rows=2097152 shared_suffix=0 segment_profile=singletons,False,False,4,0.35460928142070763,0.9018193318441823,"{""num_rows"": ""2097152"", ""segment_profile"": ""singletons"", ""shared_suffix"": ""0""}"
baseline,unstable-warps,Device=0 num_rows=32768 shared_suffix=64 segment_profile=singletons,False,False,4,0.14192064017057424,2.600163935756681,"{""num_rows"": ""32768"", ""segment_profile"": ""singletons"", ""shared_suffix"": ""64""}"
baseline,unstable-warps,Device=0 num_rows=2097152 shared_suffix=64 segment_profile=singletons,False,False,4,0.39361856162548076,1.1817397800263376,"{""num_rows"": ""2097152"", ""segment_profile"": ""singletons"", ""shared_suffix"": ""64""}"
baseline,unstable-warps,Device=0 num_rows=32768 shared_suffix=0 segment_profile=pairs,False,False,4,0.1592332807183266,3.170698341226609,"{""num_rows"": ""32768"", ""segment_profile"": ""pairs"", ""shared_suffix"": ""0""}"
baseline,unstable-warps,Device=0 num_rows=2097152 shared_suffix=0 segment_profile=pairs,False,False,4,0.6497369623184204,1.2913687834555883,"{""num_rows"": ""2097152"", ""segment_profile"": ""pairs"", ""shared_suffix"": ""0""}"
baseline,unstable-warps,Device=0 num_rows=32768 shared_suffix=64 segment_profile=pairs,False,False,4,0.16207423985004424,2.256816267969559,"{""num_rows"": ""32768"", ""segment_profile"": ""pairs"", ""shared_suffix"": ""64""}"
baseline,unstable-warps,Device=0 num_rows=2097152 shared_suffix=64 segment_profile=pairs,False,False,4,0.8229951989650727,0.6640345519100769,"{""num_rows"": ""2097152"", ""segment_profile"": ""pairs"", ""shared_suffix"": ""64""}"
baseline,unstable-warps,Device=0 num_rows=32768 shared_suffix=0 segment_profile=tiny4,False,False,4,0.15846911966800692,2.1741608537374715,"{""num_rows"": ""32768"", ""segment_profile"": ""tiny4"", ""shared_suffix"": ""0""}"
baseline,unstable-warps,Device=0 num_rows=2097152 shared_suffix=0 segment_profile=tiny4,False,False,4,0.5794803202152252,0.9448485036114892,"{""num_rows"": ""2097152"", ""segment_profile"": ""tiny4"", ""shared_suffix"": ""0""}"
baseline,unstable-warps,Device=0 num_rows=32768 shared_suffix=64 segment_profile=tiny4,False,False,4,0.1701868802309036,2.1918947182980584,"{""num_rows"": ""32768"", ""segment_profile"": ""tiny4"", ""shared_suffix"": ""64""}"
baseline,unstable-warps,Device=0 num_rows=2097152 shared_suffix=64 segment_profile=tiny4,False,False,4,0.91370304107666,1.2763064785579514,"{""num_rows"": ""2097152"", ""segment_profile"": ""tiny4"", ""shared_suffix"": ""64""}"
baseline,unstable-warps,Device=0 num_rows=32768 shared_suffix=0 segment_profile=tiny8,False,False,4,0.16108031988143914,2.03631707638748,"{""num_rows"": ""32768"", ""segment_profile"": ""tiny8"", ""shared_suffix"": ""0""}"
baseline,unstable-warps,Device=0 num_rows=2097152 shared_suffix=0 segment_profile=tiny8,False,False,4,0.5940742373466491,0.7084818034066764,"{""num_rows"": ""2097152"", ""segment_profile"": ""tiny8"", ""shared_suffix"": ""0""}"
baseline,unstable-warps,Device=0 num_rows=32768 shared_suffix=64 segment_profile=tiny8,False,False,4,0.18039488077163696,2.1146150533249157,"{""num_rows"": ""32768"", ""segment_profile"": ""tiny8"", ""shared_suffix"": ""64""}"
baseline,unstable-warps,Device=0 num_rows=2097152 shared_suffix=64 segment_profile=tiny8,False,False,4,1.1547859144210817,0.4167886981896719,"{""num_rows"": ""2097152"", ""segment_profile"": ""tiny8"", ""shared_suffix"": ""64""}"
baseline,unstable-warps,Device=0 num_rows=32768 shared_suffix=0 segment_profile=tiny16,False,False,4,0.164312319457531,2.211413576652309,"{""num_rows"": ""32768"", ""segment_profile"": ""tiny16"", ""shared_suffix"": ""0""}"
baseline,unstable-warps,Device=0 num_rows=2097152 shared_suffix=0 segment_profile=tiny16,False,False,4,0.6345158362388611,0.44858256529448004,"{""num_rows"": ""2097152"", ""segment_profile"": ""tiny16"", ""shared_suffix"": ""0""}"
baseline,unstable-warps,Device=0 num_rows=32768 shared_suffix=64 segment_profile=tiny16,False,False,4,0.18796416074037553,2.1312682921259327,"{""num_rows"": ""32768"", ""segment_profile"": ""tiny16"", ""shared_suffix"": ""64""}"
baseline,unstable-warps,Device=0 num_rows=2097152 shared_suffix=64 segment_profile=tiny16,False,False,4,1.3721542358398438,0.2913512460688093,"{""num_rows"": ""2097152"", ""segment_profile"": ""tiny16"", ""shared_suffix"": ""64""}"
baseline,unstable-warps,Device=0 num_rows=32768 shared_suffix=0 segment_profile=tiny32,False,False,4,0.1645663991570473,1.1884135357692096,"{""num_rows"": ""32768"", ""segment_profile"": ""tiny32"", ""shared_suffix"": ""0""}"
baseline,unstable-warps,Device=0 num_rows=2097152 shared_suffix=0 segment_profile=tiny32,False,False,4,0.6870163202285765,0.4074963182527924,"{""num_rows"": ""2097152"", ""segment_profile"": ""tiny32"", ""shared_suffix"": ""0""}"
baseline,unstable-warps,Device=0 num_rows=32768 shared_suffix=64 segment_profile=tiny32,False,False,4,0.19614783972501756,1.6963080909826942,"{""num_rows"": ""32768"", ""segment_profile"": ""tiny32"", ""shared_suffix"": ""64""}"
baseline,unstable-warps,Device=0 num_rows=2097152 shared_suffix=64 segment_profile=tiny32,False,False,4,1.662517757415772,0.2521655969785392,"{""num_rows"": ""2097152"", ""segment_profile"": ""tiny32"", ""shared_suffix"": ""64""}"
baseline,identity-null,Device=0 num_rows=2097152 profile=fixed_8 null_percent=100,False,False,0,0.008746240045875308,3.2409473886046514,"{""null_percent"": ""100"", ""num_rows"": ""2097152"", ""profile"": ""fixed_8""}"
experiment-3,stable-warps,Device=0 num_rows=32768 shared_suffix=0 segment_profile=pairs,True,False,0,0.15965504050254822,1.2332509255468582,"{""num_rows"": ""32768"", ""segment_profile"": ""pairs"", ""shared_suffix"": ""0""}"
experiment-3,stable-warps,Device=0 num_rows=2097152 shared_suffix=0 segment_profile=pairs,True,False,0,0.6559244763851164,1.1374409257738116,"{""num_rows"": ""2097152"", ""segment_profile"": ""pairs"", ""shared_suffix"": ""0""}"
experiment-3,stable-warps,Device=0 num_rows=32768 shared_suffix=64 segment_profile=pairs,True,False,0,0.1616281604766845,2.0471076481311914,"{""num_rows"": ""32768"", ""segment_profile"": ""pairs"", ""shared_suffix"": ""64""}"
experiment-3,stable-warps,Device=0 num_rows=2097152 shared_suffix=64 segment_profile=pairs,True,False,0,0.8242400002479554,0.8973674460607514,"{""num_rows"": ""2097152"", ""segment_profile"": ""pairs"", ""shared_suffix"": ""64""}"
experiment-3,stable-warps,Device=0 num_rows=32768 shared_suffix=0 segment_profile=tiny4,True,False,0,0.16361727982759472,21.90259355975521,"{""num_rows"": ""32768"", ""segment_profile"": ""tiny4"", ""shared_suffix"": ""0""}"
experiment-3,stable-warps,Device=0 num_rows=2097152 shared_suffix=0 segment_profile=tiny4,True,False,0,0.5826860833168032,1.3537537392419035,"{""num_rows"": ""2097152"", ""segment_profile"": ""tiny4"", ""shared_suffix"": ""0""}"
experiment-3,stable-warps,Device=0 num_rows=32768 shared_suffix=64 segment_profile=tiny4,True,False,0,0.17053312003612514,2.2128063009830368,"{""num_rows"": ""32768"", ""segment_profile"": ""tiny4"", ""shared_suffix"": ""64""}"
experiment-3,stable-warps,Device=0 num_rows=2097152 shared_suffix=64 segment_profile=tiny4,True,False,0,0.9111295998096465,0.5267356742387869,"{""num_rows"": ""2097152"", ""segment_profile"": ""tiny4"", ""shared_suffix"": ""64""}"
experiment-3,stable-warps,Device=0 num_rows=32768 shared_suffix=0 segment_profile=tiny8,True,False,0,0.1593408000469208,1.7539812168838975,"{""num_rows"": ""32768"", ""segment_profile"": ""tiny8"", ""shared_suffix"": ""0""}"
experiment-3,stable-warps,Device=0 num_rows=2097152 shared_suffix=0 segment_profile=tiny8,True,False,0,0.5869760000705717,2.2847212930119922,"{""num_rows"": ""2097152"", ""segment_profile"": ""tiny8"", ""shared_suffix"": ""0""}"
experiment-3,stable-warps,Device=0 num_rows=32768 shared_suffix=64 segment_profile=tiny8,True,False,0,0.17861503988504415,1.8700049436317918,"{""num_rows"": ""32768"", ""segment_profile"": ""tiny8"", ""shared_suffix"": ""64""}"
experiment-3,stable-warps,Device=0 num_rows=2097152 shared_suffix=64 segment_profile=tiny8,True,False,0,1.1398976039886473,0.4016137623543926,"{""num_rows"": ""2097152"", ""segment_profile"": ""tiny8"", ""shared_suffix"": ""64""}"
experiment-3,stable-warps,Device=0 num_rows=32768 shared_suffix=0 segment_profile=tiny16,True,False,0,0.16223359972238535,2.220560642670582,"{""num_rows"": ""32768"", ""segment_profile"": ""tiny16"", ""shared_suffix"": ""0""}"
experiment-3,stable-warps,Device=0 num_rows=2097152 shared_suffix=0 segment_profile=tiny16,True,False,0,0.6134361577033995,0.594762353891201,"{""num_rows"": ""2097152"", ""segment_profile"": ""tiny16"", ""shared_suffix"": ""0""}"
experiment-3,stable-warps,Device=0 num_rows=32768 shared_suffix=64 segment_profile=tiny16,True,False,0,0.18473023980855946,1.4485888784494332,"{""num_rows"": ""32768"", ""segment_profile"": ""tiny16"", ""shared_suffix"": ""64""}"
experiment-3,stable-warps,Device=0 num_rows=2097152 shared_suffix=64 segment_profile=tiny16,True,False,0,1.3507935976982115,0.34927412757215726,"{""num_rows"": ""2097152"", ""segment_profile"": ""tiny16"", ""shared_suffix"": ""64""}"
experiment-3,stable-warps,Device=0 num_rows=32768 shared_suffix=0 segment_profile=tiny32,True,False,0,0.16317183941602711,1.0027448064295768,"{""num_rows"": ""32768"", ""segment_profile"": ""tiny32"", ""shared_suffix"": ""0""}"
experiment-3,stable-warps,Device=0 num_rows=2097152 shared_suffix=0 segment_profile=tiny32,True,False,0,0.6636646389961243,0.39468676944937087,"{""num_rows"": ""2097152"", ""segment_profile"": ""tiny32"", ""shared_suffix"": ""0""}"
experiment-3,stable-warps,Device=0 num_rows=32768 shared_suffix=64 segment_profile=tiny32,True,False,0,0.19396415978670115,1.2743384413511225,"{""num_rows"": ""32768"", ""segment_profile"": ""tiny32"", ""shared_suffix"": ""64""}"
experiment-3,stable-warps,Device=0 num_rows=2097152 shared_suffix=64 segment_profile=tiny32,True,False,0,1.643220484256744,0.3368346034163627,"{""num_rows"": ""2097152"", ""segment_profile"": ""tiny32"", ""shared_suffix"": ""64""}"
experiment-31,identity-constant,Device=0 num_rows=2097152 profile=cardinality_1_width_32,False,False,4,0.008739199917763469,5.786405035817176,"{""num_rows"": ""2097152"", ""profile"": ""cardinality_1_width_32""}"
experiment-1,unstable-warps,Device=0 num_rows=32768 shared_suffix=0 segment_profile=singletons,False,False,2,0.14009664028882982,1.5135893593647547,"{""num_rows"": ""32768"", ""segment_profile"": ""singletons"", ""shared_suffix"": ""0""}"
experiment-1,unstable-warps,Device=0 num_rows=2097152 shared_suffix=0 segment_profile=singletons,False,False,2,0.35589567959308616,1.0294996297997223,"{""num_rows"": ""2097152"", ""segment_profile"": ""singletons"", ""shared_suffix"": ""0""}"
experiment-1,unstable-warps,Device=0 num_rows=32768 shared_suffix=64 segment_profile=singletons,False,False,2,0.14063616007566448,3.005498327876516,"{""num_rows"": ""32768"", ""segment_profile"": ""singletons"", ""shared_suffix"": ""64""}"
experiment-1,unstable-warps,Device=0 num_rows=2097152 shared_suffix=64 segment_profile=singletons,False,False,2,0.3946771174669266,0.8245218962229008,"{""num_rows"": ""2097152"", ""segment_profile"": ""singletons"", ""shared_suffix"": ""64""}"
experiment-1,unstable-warps,Device=0 num_rows=32768 shared_suffix=0 segment_profile=pairs,False,False,2,0.15921024054288868,10.059384488814773,"{""num_rows"": ""32768"", ""segment_profile"": ""pairs"", ""shared_suffix"": ""0""}"
experiment-1,unstable-warps,Device=0 num_rows=2097152 shared_suffix=0 segment_profile=pairs,False,False,2,0.6524921607971192,1.1241623031111165,"{""num_rows"": ""2097152"", ""segment_profile"": ""pairs"", ""shared_suffix"": ""0""}"
experiment-1,unstable-warps,Device=0 num_rows=32768 shared_suffix=64 segment_profile=pairs,False,False,2,0.16136320024728779,2.2658381031373387,"{""num_rows"": ""32768"", ""segment_profile"": ""pairs"", ""shared_suffix"": ""64""}"
experiment-1,unstable-warps,Device=0 num_rows=2097152 shared_suffix=64 segment_profile=pairs,False,False,2,0.8266476821899416,0.7683078253581698,"{""num_rows"": ""2097152"", ""segment_profile"": ""pairs"", ""shared_suffix"": ""64""}"
experiment-1,unstable-warps,Device=0 num_rows=32768 shared_suffix=0 segment_profile=tiny4,False,False,2,0.15820096075534823,1.9185009585639279,"{""num_rows"": ""32768"", ""segment_profile"": ""tiny4"", ""shared_suffix"": ""0""}"
experiment-1,unstable-warps,Device=0 num_rows=2097152 shared_suffix=0 segment_profile=tiny4,False,False,2,0.5805267190933225,0.9353777353058708,"{""num_rows"": ""2097152"", ""segment_profile"": ""tiny4"", ""shared_suffix"": ""0""}"
experiment-1,unstable-warps,Device=0 num_rows=32768 shared_suffix=64 segment_profile=tiny4,False,False,2,0.1695507204532623,2.361968581406728,"{""num_rows"": ""32768"", ""segment_profile"": ""tiny4"", ""shared_suffix"": ""64""}"
experiment-1,unstable-warps,Device=0 num_rows=2097152 shared_suffix=64 segment_profile=tiny4,False,False,2,0.9173593628406524,0.5645831722170803,"{""num_rows"": ""2097152"", ""segment_profile"": ""tiny4"", ""shared_suffix"": ""64""}"
experiment-1,unstable-warps,Device=0 num_rows=32768 shared_suffix=0 segment_profile=tiny8,False,False,2,0.15970623910427098,1.1327265250337586,"{""num_rows"": ""32768"", ""segment_profile"": ""tiny8"", ""shared_suffix"": ""0""}"
experiment-1,unstable-warps,Device=0 num_rows=2097152 shared_suffix=0 segment_profile=tiny8,False,False,2,0.5899974417686461,0.7314739916513319,"{""num_rows"": ""2097152"", ""segment_profile"": ""tiny8"", ""shared_suffix"": ""0""}"
experiment-1,unstable-warps,Device=0 num_rows=32768 shared_suffix=64 segment_profile=tiny8,False,False,2,0.1781529611349106,1.6536918421729818,"{""num_rows"": ""32768"", ""segment_profile"": ""tiny8"", ""shared_suffix"": ""64""}"
experiment-1,unstable-warps,Device=0 num_rows=2097152 shared_suffix=64 segment_profile=tiny8,False,False,2,1.1502816033363341,0.320057084094289,"{""num_rows"": ""2097152"", ""segment_profile"": ""tiny8"", ""shared_suffix"": ""64""}"
experiment-1,unstable-warps,Device=0 num_rows=32768 shared_suffix=0 segment_profile=tiny16,False,False,2,0.1627673596143723,0.8630956969860281,"{""num_rows"": ""32768"", ""segment_profile"": ""tiny16"", ""shared_suffix"": ""0""}"
experiment-1,unstable-warps,Device=0 num_rows=2097152 shared_suffix=0 segment_profile=tiny16,False,False,2,0.6242969596385955,0.5750130363689707,"{""num_rows"": ""2097152"", ""segment_profile"": ""tiny16"", ""shared_suffix"": ""0""}"
experiment-1,unstable-warps,Device=0 num_rows=32768 shared_suffix=64 segment_profile=tiny16,False,False,2,0.18605184078216552,1.539844121637564,"{""num_rows"": ""32768"", ""segment_profile"": ""tiny16"", ""shared_suffix"": ""64""}"
experiment-1,unstable-warps,Device=0 num_rows=2097152 shared_suffix=64 segment_profile=tiny16,False,False,2,1.3689971232414244,0.8199198104255891,"{""num_rows"": ""2097152"", ""segment_profile"": ""tiny16"", ""shared_suffix"": ""64""}"
experiment-1,unstable-warps,Device=0 num_rows=32768 shared_suffix=0 segment_profile=tiny32,False,False,2,0.16468416005373,1.1418266587588846,"{""num_rows"": ""32768"", ""segment_profile"": ""tiny32"", ""shared_suffix"": ""0""}"
experiment-1,unstable-warps,Device=0 num_rows=2097152 shared_suffix=0 segment_profile=tiny32,False,False,2,0.6750719976425171,0.34317513746565775,"{""num_rows"": ""2097152"", ""segment_profile"": ""tiny32"", ""shared_suffix"": ""0""}"
experiment-1,unstable-warps,Device=0 num_rows=32768 shared_suffix=64 segment_profile=tiny32,False,False,2,0.19493887871503832,1.180444073449305,"{""num_rows"": ""32768"", ""segment_profile"": ""tiny32"", ""shared_suffix"": ""64""}"
experiment-1,unstable-warps,Device=0 num_rows=2097152 shared_suffix=64 segment_profile=tiny32,False,False,2,1.6575494432449334,0.27372413073075264,"{""num_rows"": ""2097152"", ""segment_profile"": ""tiny32"", ""shared_suffix"": ""64""}"
experiment-3,active-fractions,Device=0 num_rows=262144 profile=active_10,False,False,3,0.2890009599924087,0.8428062656380728,"{""num_rows"": ""262144"", ""profile"": ""active_10""}"
experiment-3,active-fractions,Device=0 num_rows=2097152 profile=active_10,False,False,3,0.5334284794330596,0.646262354221116,"{""num_rows"": ""2097152"", ""profile"": ""active_10""}"
experiment-3,active-fractions,Device=0 num_rows=262144 profile=active_50,False,False,3,0.3238835215568542,0.5506932214608179,"{""num_rows"": ""262144"", ""profile"": ""active_50""}"
experiment-3,active-fractions,Device=0 num_rows=2097152 profile=active_50,False,False,3,0.8581913614273069,0.5305759649852146,"{""num_rows"": ""2097152"", ""profile"": ""active_50""}"
baseline,stable-warps,Device=0 num_rows=32768 shared_suffix=0 segment_profile=pairs,True,False,2,0.16179264068603522,8.624447043459497,"{""num_rows"": ""32768"", ""segment_profile"": ""pairs"", ""shared_suffix"": ""0""}"
baseline,stable-warps,Device=0 num_rows=2097152 shared_suffix=0 segment_profile=pairs,True,False,2,0.6606143987178803,1.3148872531328804,"{""num_rows"": ""2097152"", ""segment_profile"": ""pairs"", ""shared_suffix"": ""0""}"
baseline,stable-warps,Device=0 num_rows=32768 shared_suffix=64 segment_profile=pairs,True,False,2,0.1646911999583244,2.6680332015123827,"{""num_rows"": ""32768"", ""segment_profile"": ""pairs"", ""shared_suffix"": ""64""}"
baseline,stable-warps,Device=0 num_rows=2097152 shared_suffix=64 segment_profile=pairs,True,False,2,0.8661024022102357,0.7657103600335483,"{""num_rows"": ""2097152"", ""segment_profile"": ""pairs"", ""shared_suffix"": ""64""}"
baseline,stable-warps,Device=0 num_rows=32768 shared_suffix=0 segment_profile=tiny4,True,False,2,0.1610707199573517,2.478685195164393,"{""num_rows"": ""32768"", ""segment_profile"": ""tiny4"", ""shared_suffix"": ""0""}"
baseline,stable-warps,Device=0 num_rows=2097152 shared_suffix=0 segment_profile=tiny4,True,False,2,0.6263660800457,0.978768940421321,"{""num_rows"": ""2097152"", ""segment_profile"": ""tiny4"", ""shared_suffix"": ""0""}"
baseline,stable-warps,Device=0 num_rows=32768 shared_suffix=64 segment_profile=tiny4,True,False,2,0.17657664030790327,1.9002555173064544,"{""num_rows"": ""32768"", ""segment_profile"": ""tiny4"", ""shared_suffix"": ""64""}"
baseline,stable-warps,Device=0 num_rows=2097152 shared_suffix=64 segment_profile=tiny4,True,False,2,1.0685766482353207,0.4953110967133742,"{""num_rows"": ""2097152"", ""segment_profile"": ""tiny4"", ""shared_suffix"": ""64""}"
baseline,stable-warps,Device=0 num_rows=32768 shared_suffix=0 segment_profile=tiny8,True,False,2,0.16927744030952452,1.616998065545814,"{""num_rows"": ""32768"", ""segment_profile"": ""tiny8"", ""shared_suffix"": ""0""}"
baseline,stable-warps,Device=0 num_rows=2097152 shared_suffix=0 segment_profile=tiny8,True,False,2,0.7162918412685396,3.532410828589306,"{""num_rows"": ""2097152"", ""segment_profile"": ""tiny8"", ""shared_suffix"": ""0""}"
baseline,stable-warps,Device=0 num_rows=32768 shared_suffix=64 segment_profile=tiny8,True,False,2,0.1945267191529274,1.3930911786562128,"{""num_rows"": ""32768"", ""segment_profile"": ""tiny8"", ""shared_suffix"": ""64""}"
baseline,stable-warps,Device=0 num_rows=2097152 shared_suffix=64 segment_profile=tiny8,True,False,2,1.5101382350921633,0.27850729191628104,"{""num_rows"": ""2097152"", ""segment_profile"": ""tiny8"", ""shared_suffix"": ""64""}"
baseline,stable-warps,Device=0 num_rows=32768 shared_suffix=0 segment_profile=tiny16,True,False,2,0.1743059188127518,0.7285523233421408,"{""num_rows"": ""32768"", ""segment_profile"": ""tiny16"", ""shared_suffix"": ""0""}"
baseline,stable-warps,Device=0 num_rows=2097152 shared_suffix=0 segment_profile=tiny16,True,False,2,0.8087712001800533,0.33191659444105603,"{""num_rows"": ""2097152"", ""segment_profile"": ""tiny16"", ""shared_suffix"": ""0""}"
baseline,stable-warps,Device=0 num_rows=32768 shared_suffix=64 segment_profile=tiny16,True,False,2,0.20982271939516062,1.4501473654206556,"{""num_rows"": ""32768"", ""segment_profile"": ""tiny16"", ""shared_suffix"": ""64""}"
baseline,stable-warps,Device=0 num_rows=2097152 shared_suffix=64 segment_profile=tiny16,True,False,2,1.992760956287384,0.24137996367669187,"{""num_rows"": ""2097152"", ""segment_profile"": ""tiny16"", ""shared_suffix"": ""64""}"
baseline,stable-warps,Device=0 num_rows=32768 shared_suffix=0 segment_profile=tiny32,True,False,2,0.17829120039939877,1.1595620437293819,"{""num_rows"": ""32768"", ""segment_profile"": ""tiny32"", ""shared_suffix"": ""0""}"
baseline,stable-warps,Device=0 num_rows=2097152 shared_suffix=0 segment_profile=tiny32,True,False,2,0.9370368027687073,0.3982505836520947,"{""num_rows"": ""2097152"", ""segment_profile"": ""tiny32"", ""shared_suffix"": ""0""}"
baseline,stable-warps,Device=0 num_rows=32768 shared_suffix=64 segment_profile=tiny32,True,False,2,0.22629888057708744,1.4097015730633438,"{""num_rows"": ""32768"", ""segment_profile"": ""tiny32"", ""shared_suffix"": ""64""}"
baseline,stable-warps,Device=0 num_rows=2097152 shared_suffix=64 segment_profile=tiny32,True,False,2,2.563502712249756,9.039582659784424,"{""num_rows"": ""2097152"", ""segment_profile"": ""tiny32"", ""shared_suffix"": ""64""}"
baseline,stable-warps-desc,Device=0 num_rows=32768 shared_suffix=0 segment_profile=pairs,True,True,1,0.15969536006450658,1.0226012693101292,"{""num_rows"": ""32768"", ""segment_profile"": ""pairs"", ""shared_suffix"": ""0""}"
baseline,stable-warps-desc,Device=0 num_rows=2097152 shared_suffix=0 segment_profile=pairs,True,True,1,0.6608236801624298,1.0997033056704058,"{""num_rows"": ""2097152"", ""segment_profile"": ""pairs"", ""shared_suffix"": ""0""}"
baseline,stable-warps-desc,Device=0 num_rows=32768 shared_suffix=64 segment_profile=pairs,True,True,1,0.16543359875679012,2.2268705060353113,"{""num_rows"": ""32768"", ""segment_profile"": ""pairs"", ""shared_suffix"": ""64""}"
baseline,stable-warps-desc,Device=0 num_rows=2097152 shared_suffix=64 segment_profile=pairs,True,True,1,0.8681023955345155,2.0504620217149188,"{""num_rows"": ""2097152"", ""segment_profile"": ""pairs"", ""shared_suffix"": ""64""}"
baseline,stable-warps-desc,Device=0 num_rows=32768 shared_suffix=0 segment_profile=tiny4,True,True,1,0.16101439923048025,2.2027955372757457,"{""num_rows"": ""32768"", ""segment_profile"": ""tiny4"", ""shared_suffix"": ""0""}"
baseline,stable-warps-desc,Device=0 num_rows=2097152 shared_suffix=0 segment_profile=tiny4,True,True,1,0.6268288004398347,0.7351068697575824,"{""num_rows"": ""2097152"", ""segment_profile"": ""tiny4"", ""shared_suffix"": ""0""}"
baseline,stable-warps-desc,Device=0 num_rows=32768 shared_suffix=64 segment_profile=tiny4,True,True,1,0.17803903877735133,2.2994730607282516,"{""num_rows"": ""32768"", ""segment_profile"": ""tiny4"", ""shared_suffix"": ""64""}"
baseline,stable-warps-desc,Device=0 num_rows=2097152 shared_suffix=64 segment_profile=tiny4,True,True,1,1.0696966481208805,0.4903574382155642,"{""num_rows"": ""2097152"", ""segment_profile"": ""tiny4"", ""shared_suffix"": ""64""}"
baseline,stable-warps-desc,Device=0 num_rows=32768 shared_suffix=0 segment_profile=tiny8,True,True,1,0.17009087979793547,2.0047142457294878,"{""num_rows"": ""32768"", ""segment_profile"": ""tiny8"", ""shared_suffix"": ""0""}"
baseline,stable-warps-desc,Device=0 num_rows=2097152 shared_suffix=0 segment_profile=tiny8,True,True,1,0.7139366424083708,0.5260629514679876,"{""num_rows"": ""2097152"", ""segment_profile"": ""tiny8"", ""shared_suffix"": ""0""}"
baseline,stable-warps-desc,Device=0 num_rows=32768 shared_suffix=64 segment_profile=tiny8,True,True,1,0.19586431771516788,1.9389201272056116,"{""num_rows"": ""32768"", ""segment_profile"": ""tiny8"", ""shared_suffix"": ""64""}"
baseline,stable-warps-desc,Device=0 num_rows=2097152 shared_suffix=64 segment_profile=tiny8,True,True,1,1.5112608075141911,0.29613583467186766,"{""num_rows"": ""2097152"", ""segment_profile"": ""tiny8"", ""shared_suffix"": ""64""}"
baseline,stable-warps-desc,Device=0 num_rows=32768 shared_suffix=0 segment_profile=tiny16,True,True,1,0.1743180793523789,1.1728078690910193,"{""num_rows"": ""32768"", ""segment_profile"": ""tiny16"", ""shared_suffix"": ""0""}"
baseline,stable-warps-desc,Device=0 num_rows=2097152 shared_suffix=0 segment_profile=tiny16,True,True,1,0.8076153552532197,0.3031277469531078,"{""num_rows"": ""2097152"", ""segment_profile"": ""tiny16"", ""shared_suffix"": ""0""}"
baseline,stable-warps-desc,Device=0 num_rows=32768 shared_suffix=64 segment_profile=tiny16,True,True,1,0.21000447988510137,1.8434127174643846,"{""num_rows"": ""32768"", ""segment_profile"": ""tiny16"", ""shared_suffix"": ""64""}"
baseline,stable-warps-desc,Device=0 num_rows=2097152 shared_suffix=64 segment_profile=tiny16,True,True,1,1.9898956799507144,0.31923888677440343,"{""num_rows"": ""2097152"", ""segment_profile"": ""tiny16"", ""shared_suffix"": ""64""}"
baseline,stable-warps-desc,Device=0 num_rows=32768 shared_suffix=0 segment_profile=tiny32,True,True,1,0.17789184033870697,1.5406325071104419,"{""num_rows"": ""32768"", ""segment_profile"": ""tiny32"", ""shared_suffix"": ""0""}"
baseline,stable-warps-desc,Device=0 num_rows=2097152 shared_suffix=0 segment_profile=tiny32,True,True,1,0.9379590368270874,0.33925216381536744,"{""num_rows"": ""2097152"", ""segment_profile"": ""tiny32"", ""shared_suffix"": ""0""}"
baseline,stable-warps-desc,Device=0 num_rows=32768 shared_suffix=64 segment_profile=tiny32,True,True,1,0.22625727951526642,1.3893372581766796,"{""num_rows"": ""32768"", ""segment_profile"": ""tiny32"", ""shared_suffix"": ""64""}"
baseline,stable-warps-desc,Device=0 num_rows=2097152 shared_suffix=64 segment_profile=tiny32,True,True,1,2.531986565589904,0.3371989755682479,"{""num_rows"": ""2097152"", ""segment_profile"": ""tiny32"", ""shared_suffix"": ""64""}"
experiment-3,zero,Device=0 num_rows=32768 profile=zero_collision_pass1,False,False,1,0.2168153584003448,0.8554631134425249,"{""num_rows"": ""32768"", ""profile"": ""zero_collision_pass1""}"
experiment-3,zero,Device=0 num_rows=32768 profile=zero_collision_pass2,False,False,1,0.2923660808801651,0.8040023516993776,"{""num_rows"": ""32768"", ""profile"": ""zero_collision_pass2""}"
experiment-2,stable-warps,Device=0 num_rows=32768 shared_suffix=0 segment_profile=pairs,True,False,3,0.15937536031007768,0.6321322098421052,"{""num_rows"": ""32768"", ""segment_profile"": ""pairs"", ""shared_suffix"": ""0""}"
experiment-2,stable-warps,Device=0 num_rows=2097152 shared_suffix=0 segment_profile=pairs,True,False,3,0.6573132801055908,2.0288405906247893,"{""num_rows"": ""2097152"", ""segment_profile"": ""pairs"", ""shared_suffix"": ""0""}"
experiment-2,stable-warps,Device=0 num_rows=32768 shared_suffix=64 segment_profile=pairs,True,False,3,0.16458624035120015,2.3789212142857914,"{""num_rows"": ""32768"", ""segment_profile"": ""pairs"", ""shared_suffix"": ""64""}"
experiment-2,stable-warps,Device=0 num_rows=2097152 shared_suffix=64 segment_profile=pairs,True,False,3,0.8279372799396517,0.961708555754811,"{""num_rows"": ""2097152"", ""segment_profile"": ""pairs"", ""shared_suffix"": ""64""}"
experiment-2,stable-warps,Device=0 num_rows=32768 shared_suffix=0 segment_profile=tiny4,True,False,3,0.16208063989877702,2.3853350562081657,"{""num_rows"": ""32768"", ""segment_profile"": ""tiny4"", ""shared_suffix"": ""0""}"
experiment-2,stable-warps,Device=0 num_rows=2097152 shared_suffix=0 segment_profile=tiny4,True,False,3,0.5817638397216798,0.8547081537891701,"{""num_rows"": ""2097152"", ""segment_profile"": ""tiny4"", ""shared_suffix"": ""0""}"
experiment-2,stable-warps,Device=0 num_rows=32768 shared_suffix=64 segment_profile=tiny4,True,False,3,0.1730681610107422,2.3099367981547494,"{""num_rows"": ""32768"", ""segment_profile"": ""tiny4"", ""shared_suffix"": ""64""}"
experiment-2,stable-warps,Device=0 num_rows=2097152 shared_suffix=64 segment_profile=tiny4,True,False,3,0.9144256007671359,0.4452486914220689,"{""num_rows"": ""2097152"", ""segment_profile"": ""tiny4"", ""shared_suffix"": ""64""}"
experiment-2,stable-warps,Device=0 num_rows=32768 shared_suffix=0 segment_profile=tiny8,True,False,3,0.16086912035942078,2.135475578019391,"{""num_rows"": ""32768"", ""segment_profile"": ""tiny8"", ""shared_suffix"": ""0""}"
experiment-2,stable-warps,Device=0 num_rows=2097152 shared_suffix=0 segment_profile=tiny8,True,False,3,0.5881183993816375,0.777054561359082,"{""num_rows"": ""2097152"", ""segment_profile"": ""tiny8"", ""shared_suffix"": ""0""}"
experiment-2,stable-warps,Device=0 num_rows=32768 shared_suffix=64 segment_profile=tiny8,True,False,3,0.18151487916707995,4.701043649500109,"{""num_rows"": ""32768"", ""segment_profile"": ""tiny8"", ""shared_suffix"": ""64""}"
experiment-2,stable-warps,Device=0 num_rows=2097152 shared_suffix=64 segment_profile=tiny8,True,False,3,1.1466937613487242,0.32958058536332513,"{""num_rows"": ""2097152"", ""segment_profile"": ""tiny8"", ""shared_suffix"": ""64""}"
experiment-2,stable-warps,Device=0 num_rows=32768 shared_suffix=0 segment_profile=tiny16,True,False,3,0.1621913596987725,1.7193016139706117,"{""num_rows"": ""32768"", ""segment_profile"": ""tiny16"", ""shared_suffix"": ""0""}"
experiment-2,stable-warps,Device=0 num_rows=2097152 shared_suffix=0 segment_profile=tiny16,True,False,3,0.6203654396533966,1.32287505140921,"{""num_rows"": ""2097152"", ""segment_profile"": ""tiny16"", ""shared_suffix"": ""0""}"
experiment-2,stable-warps,Device=0 num_rows=32768 shared_suffix=64 segment_profile=tiny16,True,False,3,0.18759487956762314,2.125599514755132,"{""num_rows"": ""32768"", ""segment_profile"": ""tiny16"", ""shared_suffix"": ""64""}"
experiment-2,stable-warps,Device=0 num_rows=2097152 shared_suffix=64 segment_profile=tiny16,True,False,3,1.3625670456886294,0.2653399381618306,"{""num_rows"": ""2097152"", ""segment_profile"": ""tiny16"", ""shared_suffix"": ""64""}"
experiment-2,stable-warps,Device=0 num_rows=32768 shared_suffix=0 segment_profile=tiny32,True,False,3,0.16398463934659957,1.0201698621328024,"{""num_rows"": ""32768"", ""segment_profile"": ""tiny32"", ""shared_suffix"": ""0""}"
experiment-2,stable-warps,Device=0 num_rows=2097152 shared_suffix=0 segment_profile=tiny32,True,False,3,0.6738745677471161,0.41790103567422665,"{""num_rows"": ""2097152"", ""segment_profile"": ""tiny32"", ""shared_suffix"": ""0""}"
experiment-2,stable-warps,Device=0 num_rows=32768 shared_suffix=64 segment_profile=tiny32,True,False,3,0.1948377597332001,1.4506484167686091,"{""num_rows"": ""32768"", ""segment_profile"": ""tiny32"", ""shared_suffix"": ""64""}"
experiment-2,stable-warps,Device=0 num_rows=2097152 shared_suffix=64 segment_profile=tiny32,True,False,3,1.6519187140464786,0.25944915642290656,"{""num_rows"": ""2097152"", ""segment_profile"": ""tiny32"", ""shared_suffix"": ""64""}"
baseline,identity-null,Device=0 num_rows=2097152 profile=fixed_8 null_percent=100,False,False,4,0.009059839975088834,4.544955494221119,"{""null_percent"": ""100"", ""num_rows"": ""2097152"", ""profile"": ""fixed_8""}"
experiment-15,zero,Device=0 num_rows=32768 profile=zero_collision_pass1,False,False,3,0.2163929605484009,0.8607588115903276,"{""num_rows"": ""32768"", ""profile"": ""zero_collision_pass1""}"
experiment-15,zero,Device=0 num_rows=32768 profile=zero_collision_pass2,False,False,3,0.29188991963863375,1.0924451337620282,"{""num_rows"": ""32768"", ""profile"": ""zero_collision_pass2""}"
baseline,stable-warps,Device=0 num_rows=32768 shared_suffix=0 segment_profile=pairs,True,False,3,0.15950015991926192,0.8651235724264966,"{""num_rows"": ""32768"", ""segment_profile"": ""pairs"", ""shared_suffix"": ""0""}"
baseline,stable-warps,Device=0 num_rows=2097152 shared_suffix=0 segment_profile=pairs,True,False,3,0.6609356820583343,1.1120717360962191,"{""num_rows"": ""2097152"", ""segment_profile"": ""pairs"", ""shared_suffix"": ""0""}"
baseline,stable-warps,Device=0 num_rows=32768 shared_suffix=64 segment_profile=pairs,True,False,3,0.16459391891956332,2.31427544031451,"{""num_rows"": ""32768"", ""segment_profile"": ""pairs"", ""shared_suffix"": ""64""}"
baseline,stable-warps,Device=0 num_rows=2097152 shared_suffix=64 segment_profile=pairs,True,False,3,0.8686585652828214,0.6477588676611604,"{""num_rows"": ""2097152"", ""segment_profile"": ""pairs"", ""shared_suffix"": ""64""}"
baseline,stable-warps,Device=0 num_rows=32768 shared_suffix=0 segment_profile=tiny4,True,False,3,0.16105408012866976,2.273398064481487,"{""num_rows"": ""32768"", ""segment_profile"": ""tiny4"", ""shared_suffix"": ""0""}"
baseline,stable-warps,Device=0 num_rows=2097152 shared_suffix=0 segment_profile=tiny4,True,False,3,0.6244211184978483,0.7793772743025794,"{""num_rows"": ""2097152"", ""segment_profile"": ""tiny4"", ""shared_suffix"": ""0""}"
baseline,stable-warps,Device=0 num_rows=32768 shared_suffix=64 segment_profile=tiny4,True,False,3,0.17647936046123497,2.116238085126629,"{""num_rows"": ""32768"", ""segment_profile"": ""tiny4"", ""shared_suffix"": ""64""}"
baseline,stable-warps,Device=0 num_rows=2097152 shared_suffix=64 segment_profile=tiny4,True,False,3,1.0715078425407407,0.5323108656039717,"{""num_rows"": ""2097152"", ""segment_profile"": ""tiny4"", ""shared_suffix"": ""64""}"
baseline,stable-warps,Device=0 num_rows=32768 shared_suffix=0 segment_profile=tiny8,True,False,3,0.16865407943725588,1.7301884841613286,"{""num_rows"": ""32768"", ""segment_profile"": ""tiny8"", ""shared_suffix"": ""0""}"
baseline,stable-warps,Device=0 num_rows=2097152 shared_suffix=0 segment_profile=tiny8,True,False,3,0.713143684864044,0.530119031782934,"{""num_rows"": ""2097152"", ""segment_profile"": ""tiny8"", ""shared_suffix"": ""0""}"
baseline,stable-warps,Device=0 num_rows=32768 shared_suffix=64 segment_profile=tiny8,True,False,3,0.19544064015150073,1.9597762398753198,"{""num_rows"": ""32768"", ""segment_profile"": ""tiny8"", ""shared_suffix"": ""64""}"
baseline,stable-warps,Device=0 num_rows=2097152 shared_suffix=64 segment_profile=tiny8,True,False,3,1.5119321656227112,0.28923678973209976,"{""num_rows"": ""2097152"", ""segment_profile"": ""tiny8"", ""shared_suffix"": ""64""}"
baseline,stable-warps,Device=0 num_rows=32768 shared_suffix=0 segment_profile=tiny16,True,False,3,0.17424639999866487,1.4715618914247872,"{""num_rows"": ""32768"", ""segment_profile"": ""tiny16"", ""shared_suffix"": ""0""}"
baseline,stable-warps,Device=0 num_rows=2097152 shared_suffix=0 segment_profile=tiny16,True,False,3,0.8092012786865233,0.40494032775037186,"{""num_rows"": ""2097152"", ""segment_profile"": ""tiny16"", ""shared_suffix"": ""0""}"
baseline,stable-warps,Device=0 num_rows=32768 shared_suffix=64 segment_profile=tiny16,True,False,3,0.20882624030113225,1.5995180952611505,"{""num_rows"": ""32768"", ""segment_profile"": ""tiny16"", ""shared_suffix"": ""64""}"
baseline,stable-warps,Device=0 num_rows=2097152 shared_suffix=64 segment_profile=tiny16,True,False,3,1.9933734369277953,0.26321752280763305,"{""num_rows"": ""2097152"", ""segment_profile"": ""tiny16"", ""shared_suffix"": ""64""}"
baseline,stable-warps,Device=0 num_rows=32768 shared_suffix=0 segment_profile=tiny32,True,False,3,0.17719231933355337,0.8650700786287916,"{""num_rows"": ""32768"", ""segment_profile"": ""tiny32"", ""shared_suffix"": ""0""}"
baseline,stable-warps,Device=0 num_rows=2097152 shared_suffix=0 segment_profile=tiny32,True,False,3,0.9372921574115752,0.3112410052696185,"{""num_rows"": ""2097152"", ""segment_profile"": ""tiny32"", ""shared_suffix"": ""0""}"
baseline,stable-warps,Device=0 num_rows=32768 shared_suffix=64 segment_profile=tiny32,True,False,3,0.22587712079286582,1.306937156952928,"{""num_rows"": ""32768"", ""segment_profile"": ""tiny32"", ""shared_suffix"": ""64""}"
baseline,stable-warps,Device=0 num_rows=2097152 shared_suffix=64 segment_profile=tiny32,True,False,3,2.5305664205551146,0.26570306803103505,"{""num_rows"": ""2097152"", ""segment_profile"": ""tiny32"", ""shared_suffix"": ""64""}"
experiment-3,prefix-targets,Device=0 num_rows=262144 prefix_width=8 suffix_width=32 prefix_cardinality=1,False,False,2,0.5732972824573516,0.7104115416275788,"{""num_rows"": ""262144"", ""prefix_cardinality"": ""1"", ""prefix_width"": ""8"", ""suffix_width"": ""32""}"
experiment-3,prefix-targets,Device=0 num_rows=2097152 prefix_width=8 suffix_width=32 prefix_cardinality=1,False,False,2,4.155207700729372,0.38870125104104064,"{""num_rows"": ""2097152"", ""prefix_cardinality"": ""1"", ""prefix_width"": ""8"", ""suffix_width"": ""32""}"
experiment-3,prefix-targets,Device=0 num_rows=262144 prefix_width=10 suffix_width=32 prefix_cardinality=1,False,False,2,0.6061375999450686,0.40404243070270957,"{""num_rows"": ""262144"", ""prefix_cardinality"": ""1"", ""prefix_width"": ""10"", ""suffix_width"": ""32""}"
experiment-3,prefix-targets,Device=0 num_rows=2097152 prefix_width=10 suffix_width=32 prefix_cardinality=1,False,False,2,4.381969909667969,0.3790910159294357,"{""num_rows"": ""2097152"", ""prefix_cardinality"": ""1"", ""prefix_width"": ""10"", ""suffix_width"": ""32""}"
experiment-3,prefix-targets,Device=0 num_rows=262144 prefix_width=11 suffix_width=32 prefix_cardinality=1,False,False,2,0.6155967998504638,0.38689864266303203,"{""num_rows"": ""262144"", ""prefix_cardinality"": ""1"", ""prefix_width"": ""11"", ""suffix_width"": ""32""}"
experiment-3,prefix-targets,Device=0 num_rows=2097152 prefix_width=11 suffix_width=32 prefix_cardinality=1,False,False,2,4.44487551689148,0.3644056554527603,"{""num_rows"": ""2097152"", ""prefix_cardinality"": ""1"", ""prefix_width"": ""11"", ""suffix_width"": ""32""}"
experiment-3,prefix-targets,Device=0 num_rows=262144 prefix_width=12 suffix_width=32 prefix_cardinality=1,False,False,2,0.6261196780204775,0.4701337310248635,"{""num_rows"": ""262144"", ""prefix_cardinality"": ""1"", ""prefix_width"": ""12"", ""suffix_width"": ""32""}"
experiment-3,prefix-targets,Device=0 num_rows=2097152 prefix_width=12 suffix_width=32 prefix_cardinality=1,False,False,2,4.502976646423339,0.25431674464329085,"{""num_rows"": ""2097152"", ""prefix_cardinality"": ""1"", ""prefix_width"": ""12"", ""suffix_width"": ""32""}"
experiment-3,identity-constant,Device=0 num_rows=2097152 profile=cardinality_1_width_32,False,False,3,0.00867455996572971,3.2824829067428007,"{""num_rows"": ""2097152"", ""profile"": ""cardinality_1_width_32""}"
experiment-0,stable-warps,Device=0 num_rows=32768 shared_suffix=0 segment_profile=pairs,True,False,4,0.1592870405316353,1.098371072603501,"{""num_rows"": ""32768"", ""segment_profile"": ""pairs"", ""shared_suffix"": ""0""}"
experiment-0,stable-warps,Device=0 num_rows=2097152 shared_suffix=0 segment_profile=pairs,True,False,4,0.6638515162467956,1.2832312061479616,"{""num_rows"": ""2097152"", ""segment_profile"": ""pairs"", ""shared_suffix"": ""0""}"
experiment-0,stable-warps,Device=0 num_rows=32768 shared_suffix=64 segment_profile=pairs,True,False,4,0.1657401603460312,3.231924696168166,"{""num_rows"": ""32768"", ""segment_profile"": ""pairs"", ""shared_suffix"": ""64""}"
experiment-0,stable-warps,Device=0 num_rows=2097152 shared_suffix=64 segment_profile=pairs,True,False,4,0.86841343998909,0.8231570742414182,"{""num_rows"": ""2097152"", ""segment_profile"": ""pairs"", ""shared_suffix"": ""64""}"
experiment-0,stable-warps,Device=0 num_rows=32768 shared_suffix=0 segment_profile=tiny4,True,False,4,0.17851071894168855,59.670354777818446,"{""num_rows"": ""32768"", ""segment_profile"": ""tiny4"", ""shared_suffix"": ""0""}"
experiment-0,stable-warps,Device=0 num_rows=2097152 shared_suffix=0 segment_profile=tiny4,True,False,4,0.6295347225666047,0.7437861345409914,"{""num_rows"": ""2097152"", ""segment_profile"": ""tiny4"", ""shared_suffix"": ""0""}"
experiment-0,stable-warps,Device=0 num_rows=32768 shared_suffix=64 segment_profile=tiny4,True,False,4,0.17883328109979632,1.9369683717542159,"{""num_rows"": ""32768"", ""segment_profile"": ""tiny4"", ""shared_suffix"": ""64""}"
experiment-0,stable-warps,Device=0 num_rows=2097152 shared_suffix=64 segment_profile=tiny4,True,False,4,1.0706527972221374,0.4413612566463178,"{""num_rows"": ""2097152"", ""segment_profile"": ""tiny4"", ""shared_suffix"": ""64""}"
experiment-0,stable-warps,Device=0 num_rows=32768 shared_suffix=0 segment_profile=tiny8,True,False,4,0.17003072053194046,2.0299231685917607,"{""num_rows"": ""32768"", ""segment_profile"": ""tiny8"", ""shared_suffix"": ""0""}"
experiment-0,stable-warps,Device=0 num_rows=2097152 shared_suffix=0 segment_profile=tiny8,True,False,4,0.7146931195259094,1.8349739044251134,"{""num_rows"": ""2097152"", ""segment_profile"": ""tiny8"", ""shared_suffix"": ""0""}"
experiment-0,stable-warps,Device=0 num_rows=32768 shared_suffix=64 segment_profile=tiny8,True,False,4,0.1969548791646958,1.9738061462859735,"{""num_rows"": ""32768"", ""segment_profile"": ""tiny8"", ""shared_suffix"": ""64""}"
experiment-0,stable-warps,Device=0 num_rows=2097152 shared_suffix=64 segment_profile=tiny8,True,False,4,1.5096979212760926,0.22306262574753452,"{""num_rows"": ""2097152"", ""segment_profile"": ""tiny8"", ""shared_suffix"": ""64""}"
experiment-0,stable-warps,Device=0 num_rows=32768 shared_suffix=0 segment_profile=tiny16,True,False,4,0.17352832019329073,0.710306852963797,"{""num_rows"": ""32768"", ""segment_profile"": ""tiny16"", ""shared_suffix"": ""0""}"
experiment-0,stable-warps,Device=0 num_rows=2097152 shared_suffix=0 segment_profile=tiny16,True,False,4,0.808563197851181,0.42996419964688853,"{""num_rows"": ""2097152"", ""segment_profile"": ""tiny16"", ""shared_suffix"": ""0""}"
experiment-0,stable-warps,Device=0 num_rows=32768 shared_suffix=64 segment_profile=tiny16,True,False,4,0.21562496036291126,18.610170373397143,"{""num_rows"": ""32768"", ""segment_profile"": ""tiny16"", ""shared_suffix"": ""64""}"
experiment-0,stable-warps,Device=0 num_rows=2097152 shared_suffix=64 segment_profile=tiny16,True,False,4,1.991819519996643,0.28977590166685097,"{""num_rows"": ""2097152"", ""segment_profile"": ""tiny16"", ""shared_suffix"": ""64""}"
experiment-0,stable-warps,Device=0 num_rows=32768 shared_suffix=0 segment_profile=tiny32,True,False,4,0.17755392014980312,0.8628806904042453,"{""num_rows"": ""32768"", ""segment_profile"": ""tiny32"", ""shared_suffix"": ""0""}"
experiment-0,stable-warps,Device=0 num_rows=2097152 shared_suffix=0 segment_profile=tiny32,True,False,4,0.9370470428466798,0.3439535458048712,"{""num_rows"": ""2097152"", ""segment_profile"": ""tiny32"", ""shared_suffix"": ""0""}"
experiment-0,stable-warps,Device=0 num_rows=32768 shared_suffix=64 segment_profile=tiny32,True,False,4,0.22581120043992997,1.098750944577293,"{""num_rows"": ""32768"", ""segment_profile"": ""tiny32"", ""shared_suffix"": ""64""}"
experiment-0,stable-warps,Device=0 num_rows=2097152 shared_suffix=64 segment_profile=tiny32,True,False,4,2.5296569490432734,0.3320013495516464,"{""num_rows"": ""2097152"", ""segment_profile"": ""tiny32"", ""shared_suffix"": ""64""}"
experiment-0,stable-warps,Device=0 num_rows=32768 shared_suffix=0 segment_profile=pairs,True,False,3,0.15719424009323116,2.1262363684463037,"{""num_rows"": ""32768"", ""segment_profile"": ""pairs"", ""shared_suffix"": ""0""}"
experiment-0,stable-warps,Device=0 num_rows=2097152 shared_suffix=0 segment_profile=pairs,True,False,3,0.6596255958080293,1.7978176493883347,"{""num_rows"": ""2097152"", ""segment_profile"": ""pairs"", ""shared_suffix"": ""0""}"
experiment-0,stable-warps,Device=0 num_rows=32768 shared_suffix=64 segment_profile=pairs,True,False,3,0.16131584078073496,1.0094326632335135,"{""num_rows"": ""32768"", ""segment_profile"": ""pairs"", ""shared_suffix"": ""64""}"
experiment-0,stable-warps,Device=0 num_rows=2097152 shared_suffix=64 segment_profile=pairs,True,False,3,0.8668396735191349,0.7774248283254659,"{""num_rows"": ""2097152"", ""segment_profile"": ""pairs"", ""shared_suffix"": ""64""}"
experiment-0,stable-warps,Device=0 num_rows=32768 shared_suffix=0 segment_profile=tiny4,True,False,3,0.15894592016935355,1.2297385433012524,"{""num_rows"": ""32768"", ""segment_profile"": ""tiny4"", ""shared_suffix"": ""0""}"
experiment-0,stable-warps,Device=0 num_rows=2097152 shared_suffix=0 segment_profile=tiny4,True,False,3,0.6244870388507843,0.8924448347877534,"{""num_rows"": ""2097152"", ""segment_profile"": ""tiny4"", ""shared_suffix"": ""0""}"
experiment-0,stable-warps,Device=0 num_rows=32768 shared_suffix=64 segment_profile=tiny4,True,False,3,0.1745555198192597,0.8881729254790246,"{""num_rows"": ""32768"", ""segment_profile"": ""tiny4"", ""shared_suffix"": ""64""}"
experiment-0,stable-warps,Device=0 num_rows=2097152 shared_suffix=64 segment_profile=tiny4,True,False,3,1.0664671993255612,0.5223953261972301,"{""num_rows"": ""2097152"", ""segment_profile"": ""tiny4"", ""shared_suffix"": ""64""}"
experiment-0,stable-warps,Device=0 num_rows=32768 shared_suffix=0 segment_profile=tiny8,True,False,3,0.1684217596054077,0.9267541794233957,"{""num_rows"": ""32768"", ""segment_profile"": ""tiny8"", ""shared_suffix"": ""0""}"
experiment-0,stable-warps,Device=0 num_rows=2097152 shared_suffix=0 segment_profile=tiny8,True,False,3,0.7092473590373992,0.5653220574633829,"{""num_rows"": ""2097152"", ""segment_profile"": ""tiny8"", ""shared_suffix"": ""0""}"
experiment-0,stable-warps,Device=0 num_rows=32768 shared_suffix=64 segment_profile=tiny8,True,False,3,0.19389375984668733,1.034762099469934,"{""num_rows"": ""32768"", ""segment_profile"": ""tiny8"", ""shared_suffix"": ""64""}"
experiment-0,stable-warps,Device=0 num_rows=2097152 shared_suffix=64 segment_profile=tiny8,True,False,3,1.5069817519187925,0.2989236086003198,"{""num_rows"": ""2097152"", ""segment_profile"": ""tiny8"", ""shared_suffix"": ""64""}"
experiment-0,stable-warps,Device=0 num_rows=32768 shared_suffix=0 segment_profile=tiny16,True,False,3,0.17402239888906484,1.0765370913660506,"{""num_rows"": ""32768"", ""segment_profile"": ""tiny16"", ""shared_suffix"": ""0""}"
experiment-0,stable-warps,Device=0 num_rows=2097152 shared_suffix=0 segment_profile=tiny16,True,False,3,0.8063980770111084,0.7767563661611862,"{""num_rows"": ""2097152"", ""segment_profile"": ""tiny16"", ""shared_suffix"": ""0""}"
experiment-0,stable-warps,Device=0 num_rows=32768 shared_suffix=64 segment_profile=tiny16,True,False,3,0.20932927906513213,0.9944930516613681,"{""num_rows"": ""32768"", ""segment_profile"": ""tiny16"", ""shared_suffix"": ""64""}"
experiment-0,stable-warps,Device=0 num_rows=2097152 shared_suffix=64 segment_profile=tiny16,True,False,3,1.989148797988891,0.2848811722618042,"{""num_rows"": ""2097152"", ""segment_profile"": ""tiny16"", ""shared_suffix"": ""64""}"
experiment-0,stable-warps,Device=0 num_rows=32768 shared_suffix=0 segment_profile=tiny32,True,False,3,0.17646400034427645,1.6973374128038807,"{""num_rows"": ""32768"", ""segment_profile"": ""tiny32"", ""shared_suffix"": ""0""}"
experiment-0,stable-warps,Device=0 num_rows=2097152 shared_suffix=0 segment_profile=tiny32,True,False,3,0.9332524824142455,0.29770253206263525,"{""num_rows"": ""2097152"", ""segment_profile"": ""tiny32"", ""shared_suffix"": ""0""}"
experiment-0,stable-warps,Device=0 num_rows=32768 shared_suffix=64 segment_profile=tiny32,True,False,3,0.2239532804489136,1.8242157179927614,"{""num_rows"": ""32768"", ""segment_profile"": ""tiny32"", ""shared_suffix"": ""64""}"
experiment-0,stable-warps,Device=0 num_rows=2097152 shared_suffix=64 segment_profile=tiny32,True,False,3,2.526561918258666,0.23940035843229607,"{""num_rows"": ""2097152"", ""segment_profile"": ""tiny32"", ""shared_suffix"": ""64""}"
experiment-3,stable-warps-desc,Device=0 num_rows=32768 shared_suffix=0 segment_profile=pairs,True,True,3,0.15927231997251512,1.6692597212834959,"{""num_rows"": ""32768"", ""segment_profile"": ""pairs"", ""shared_suffix"": ""0""}"
experiment-3,stable-warps-desc,Device=0 num_rows=2097152 shared_suffix=0 segment_profile=pairs,True,True,3,0.6487244856357576,0.8445524698980433,"{""num_rows"": ""2097152"", ""segment_profile"": ""pairs"", ""shared_suffix"": ""0""}"
experiment-3,stable-warps-desc,Device=0 num_rows=32768 shared_suffix=64 segment_profile=pairs,True,True,3,0.15889343947172166,1.2611366663423562,"{""num_rows"": ""32768"", ""segment_profile"": ""pairs"", ""shared_suffix"": ""64""}"
experiment-3,stable-warps-desc,Device=0 num_rows=2097152 shared_suffix=64 segment_profile=pairs,True,True,3,0.8196684825420382,0.899370623929957,"{""num_rows"": ""2097152"", ""segment_profile"": ""pairs"", ""shared_suffix"": ""64""}"
experiment-3,stable-warps-desc,Device=0 num_rows=32768 shared_suffix=0 segment_profile=tiny4,True,True,3,0.15634431958198544,1.1002408372725883,"{""num_rows"": ""32768"", ""segment_profile"": ""tiny4"", ""shared_suffix"": ""0""}"
experiment-3,stable-warps-desc,Device=0 num_rows=2097152 shared_suffix=0 segment_profile=tiny4,True,True,3,0.5746681606769563,0.9089694001636438,"{""num_rows"": ""2097152"", ""segment_profile"": ""tiny4"", ""shared_suffix"": ""0""}"
experiment-3,stable-warps-desc,Device=0 num_rows=32768 shared_suffix=64 segment_profile=tiny4,True,True,3,0.16756352096796032,1.5613163426672514,"{""num_rows"": ""32768"", ""segment_profile"": ""tiny4"", ""shared_suffix"": ""64""}"
experiment-3,stable-warps-desc,Device=0 num_rows=2097152 shared_suffix=64 segment_profile=tiny4,True,True,3,0.9074713587760926,0.5881922267526457,"{""num_rows"": ""2097152"", ""segment_profile"": ""tiny4"", ""shared_suffix"": ""64""}"
experiment-3,stable-warps-desc,Device=0 num_rows=32768 shared_suffix=0 segment_profile=tiny8,True,True,3,0.1579635205864906,0.9406509191162683,"{""num_rows"": ""32768"", ""segment_profile"": ""tiny8"", ""shared_suffix"": ""0""}"
experiment-3,stable-warps-desc,Device=0 num_rows=2097152 shared_suffix=0 segment_profile=tiny8,True,True,3,0.5775136041641236,0.688826859649536,"{""num_rows"": ""2097152"", ""segment_profile"": ""tiny8"", ""shared_suffix"": ""0""}"
experiment-3,stable-warps-desc,Device=0 num_rows=32768 shared_suffix=64 segment_profile=tiny8,True,True,3,0.17677503943443304,1.3634370999781118,"{""num_rows"": ""32768"", ""segment_profile"": ""tiny8"", ""shared_suffix"": ""64""}"
experiment-3,stable-warps-desc,Device=0 num_rows=2097152 shared_suffix=64 segment_profile=tiny8,True,True,3,1.1364761567115784,0.3484474529832243,"{""num_rows"": ""2097152"", ""segment_profile"": ""tiny8"", ""shared_suffix"": ""64""}"
experiment-3,stable-warps-desc,Device=0 num_rows=32768 shared_suffix=0 segment_profile=tiny16,True,True,3,0.16045824080705645,0.9471360691767855,"{""num_rows"": ""32768"", ""segment_profile"": ""tiny16"", ""shared_suffix"": ""0""}"
experiment-3,stable-warps-desc,Device=0 num_rows=2097152 shared_suffix=0 segment_profile=tiny16,True,True,3,0.6042560005187988,0.5581869887959678,"{""num_rows"": ""2097152"", ""segment_profile"": ""tiny16"", ""shared_suffix"": ""0""}"
experiment-3,stable-warps-desc,Device=0 num_rows=32768 shared_suffix=64 segment_profile=tiny16,True,True,3,0.1834688001871108,0.7630602730609009,"{""num_rows"": ""32768"", ""segment_profile"": ""tiny16"", ""shared_suffix"": ""64""}"
experiment-3,stable-warps-desc,Device=0 num_rows=2097152 shared_suffix=64 segment_profile=tiny16,True,True,3,1.3455961608886722,0.33963084601828775,"{""num_rows"": ""2097152"", ""segment_profile"": ""tiny16"", ""shared_suffix"": ""64""}"
experiment-3,stable-warps-desc,Device=0 num_rows=32768 shared_suffix=0 segment_profile=tiny32,True,True,3,0.1622310394048691,1.5461508174876564,"{""num_rows"": ""32768"", ""segment_profile"": ""tiny32"", ""shared_suffix"": ""0""}"
experiment-3,stable-warps-desc,Device=0 num_rows=2097152 shared_suffix=0 segment_profile=tiny32,True,True,3,0.6574361586570738,0.4802098311874623,"{""num_rows"": ""2097152"", ""segment_profile"": ""tiny32"", ""shared_suffix"": ""0""}"
experiment-3,stable-warps-desc,Device=0 num_rows=32768 shared_suffix=64 segment_profile=tiny32,True,True,3,0.19275712043046953,1.8043392521675625,"{""num_rows"": ""32768"", ""segment_profile"": ""tiny32"", ""shared_suffix"": ""64""}"
experiment-3,stable-warps-desc,Device=0 num_rows=2097152 shared_suffix=64 segment_profile=tiny32,True,True,3,1.6385772681236264,0.21156109399977632,"{""num_rows"": ""2097152"", ""segment_profile"": ""tiny32"", ""shared_suffix"": ""64""}"
experiment-2,stable-warps,Device=0 num_rows=32768 shared_suffix=0 segment_profile=pairs,True,False,2,0.15990720003843306,1.4270620282242044,"{""num_rows"": ""32768"", ""segment_profile"": ""pairs"", ""shared_suffix"": ""0""}"
experiment-2,stable-warps,Device=0 num_rows=2097152 shared_suffix=0 segment_profile=pairs,True,False,2,0.6489958417415619,0.980130128964487,"{""num_rows"": ""2097152"", ""segment_profile"": ""pairs"", ""shared_suffix"": ""0""}"
experiment-2,stable-warps,Device=0 num_rows=32768 shared_suffix=64 segment_profile=pairs,True,False,2,0.15898176014423374,0.7802224718008384,"{""num_rows"": ""32768"", ""segment_profile"": ""pairs"", ""shared_suffix"": ""64""}"
experiment-2,stable-warps,Device=0 num_rows=2097152 shared_suffix=64 segment_profile=pairs,True,False,2,0.8208428788185121,0.6966151441943234,"{""num_rows"": ""2097152"", ""segment_profile"": ""pairs"", ""shared_suffix"": ""64""}"
experiment-2,stable-warps,Device=0 num_rows=32768 shared_suffix=0 segment_profile=tiny4,True,False,2,0.1571084803342819,1.5465078388220392,"{""num_rows"": ""32768"", ""segment_profile"": ""tiny4"", ""shared_suffix"": ""0""}"
experiment-2,stable-warps,Device=0 num_rows=2097152 shared_suffix=0 segment_profile=tiny4,True,False,2,0.5772089624404908,0.8617883524579336,"{""num_rows"": ""2097152"", ""segment_profile"": ""tiny4"", ""shared_suffix"": ""0""}"
experiment-2,stable-warps,Device=0 num_rows=32768 shared_suffix=64 segment_profile=tiny4,True,False,2,0.16749247938394546,1.2800256096975358,"{""num_rows"": ""32768"", ""segment_profile"": ""tiny4"", ""shared_suffix"": ""64""}"
experiment-2,stable-warps,Device=0 num_rows=2097152 shared_suffix=64 segment_profile=tiny4,True,False,2,0.9076377630233765,0.5761060361387486,"{""num_rows"": ""2097152"", ""segment_profile"": ""tiny4"", ""shared_suffix"": ""64""}"
experiment-2,stable-warps,Device=0 num_rows=32768 shared_suffix=0 segment_profile=tiny8,True,False,2,0.15830655992031098,0.9814116387660218,"{""num_rows"": ""32768"", ""segment_profile"": ""tiny8"", ""shared_suffix"": ""0""}"
experiment-2,stable-warps,Device=0 num_rows=2097152 shared_suffix=0 segment_profile=tiny8,True,False,2,0.5831449568271637,0.7375483515468247,"{""num_rows"": ""2097152"", ""segment_profile"": ""tiny8"", ""shared_suffix"": ""0""}"
experiment-2,stable-warps,Device=0 num_rows=32768 shared_suffix=64 segment_profile=tiny8,True,False,2,0.17685824006795886,0.7987966902642311,"{""num_rows"": ""32768"", ""segment_profile"": ""tiny8"", ""shared_suffix"": ""64""}"
experiment-2,stable-warps,Device=0 num_rows=2097152 shared_suffix=64 segment_profile=tiny8,True,False,2,1.1411539173126222,0.42729858158628364,"{""num_rows"": ""2097152"", ""segment_profile"": ""tiny8"", ""shared_suffix"": ""64""}"
experiment-2,stable-warps,Device=0 num_rows=32768 shared_suffix=0 segment_profile=tiny16,True,False,2,0.16093119978904727,1.3131809355394557,"{""num_rows"": ""32768"", ""segment_profile"": ""tiny16"", ""shared_suffix"": ""0""}"
experiment-2,stable-warps,Device=0 num_rows=2097152 shared_suffix=0 segment_profile=tiny16,True,False,2,0.6147500836849211,0.5704661421812238,"{""num_rows"": ""2097152"", ""segment_profile"": ""tiny16"", ""shared_suffix"": ""0""}"
experiment-2,stable-warps,Device=0 num_rows=32768 shared_suffix=64 segment_profile=tiny16,True,False,2,0.18420992076396944,1.1601356366982605,"{""num_rows"": ""32768"", ""segment_profile"": ""tiny16"", ""shared_suffix"": ""64""}"
experiment-2,stable-warps,Device=0 num_rows=2097152 shared_suffix=64 segment_profile=tiny16,True,False,2,1.35817024230957,0.6597313501093178,"{""num_rows"": ""2097152"", ""segment_profile"": ""tiny16"", ""shared_suffix"": ""64""}"
experiment-2,stable-warps,Device=0 num_rows=32768 shared_suffix=0 segment_profile=tiny32,True,False,2,0.1623660796880722,1.7347979563763303,"{""num_rows"": ""32768"", ""segment_profile"": ""tiny32"", ""shared_suffix"": ""0""}"
experiment-2,stable-warps,Device=0 num_rows=2097152 shared_suffix=0 segment_profile=tiny32,True,False,2,0.6705894374847412,0.47549933775406766,"{""num_rows"": ""2097152"", ""segment_profile"": ""tiny32"", ""shared_suffix"": ""0""}"
experiment-2,stable-warps,Device=0 num_rows=32768 shared_suffix=64 segment_profile=tiny32,True,False,2,0.19449279993772506,1.161858318150779,"{""num_rows"": ""32768"", ""segment_profile"": ""tiny32"", ""shared_suffix"": ""64""}"
experiment-2,stable-warps,Device=0 num_rows=2097152 shared_suffix=64 segment_profile=tiny32,True,False,2,1.6463814330101014,0.26120288621483934,"{""num_rows"": ""2097152"", ""segment_profile"": ""tiny32"", ""shared_suffix"": ""64""}"
experiment-2,stable-warps-desc,Device=0 num_rows=32768 shared_suffix=0 segment_profile=pairs,True,True,3,0.15733568072319035,1.954422441263122,"{""num_rows"": ""32768"", ""segment_profile"": ""pairs"", ""shared_suffix"": ""0""}"
experiment-2,stable-warps-desc,Device=0 num_rows=2097152 shared_suffix=0 segment_profile=pairs,True,True,3,0.6484710443019865,1.0488233951905233,"{""num_rows"": ""2097152"", ""segment_profile"": ""pairs"", ""shared_suffix"": ""0""}"
experiment-2,stable-warps-desc,Device=0 num_rows=32768 shared_suffix=64 segment_profile=pairs,True,True,3,0.15890816003084185,0.7233658265031749,"{""num_rows"": ""32768"", ""segment_profile"": ""pairs"", ""shared_suffix"": ""64""}"
experiment-2,stable-warps-desc,Device=0 num_rows=2097152 shared_suffix=64 segment_profile=pairs,True,True,3,0.8186208033561704,0.83595079934181,"{""num_rows"": ""2097152"", ""segment_profile"": ""pairs"", ""shared_suffix"": ""64""}"
experiment-2,stable-warps-desc,Device=0 num_rows=32768 shared_suffix=0 segment_profile=tiny4,True,True,3,0.15655359983444214,0.6282668540086598,"{""num_rows"": ""32768"", ""segment_profile"": ""tiny4"", ""shared_suffix"": ""0""}"
experiment-2,stable-warps-desc,Device=0 num_rows=2097152 shared_suffix=0 segment_profile=tiny4,True,True,3,0.575032958984375,0.9353009098217587,"{""num_rows"": ""2097152"", ""segment_profile"": ""tiny4"", ""shared_suffix"": ""0""}"
experiment-2,stable-warps-desc,Device=0 num_rows=32768 shared_suffix=64 segment_profile=tiny4,True,True,3,0.16744448035955428,1.4031299484898707,"{""num_rows"": ""32768"", ""segment_profile"": ""tiny4"", ""shared_suffix"": ""64""}"
experiment-2,stable-warps-desc,Device=0 num_rows=2097152 shared_suffix=64 segment_profile=tiny4,True,True,3,0.9075923240184783,0.60048419712808,"{""num_rows"": ""2097152"", ""segment_profile"": ""tiny4"", ""shared_suffix"": ""64""}"
experiment-2,stable-warps-desc,Device=0 num_rows=32768 shared_suffix=0 segment_profile=tiny8,True,True,3,0.15933504074811936,2.4681984287778276,"{""num_rows"": ""32768"", ""segment_profile"": ""tiny8"", ""shared_suffix"": ""0""}"
experiment-2,stable-warps-desc,Device=0 num_rows=2097152 shared_suffix=0 segment_profile=tiny8,True,True,3,0.5813145613670347,0.7023036364615366,"{""num_rows"": ""2097152"", ""segment_profile"": ""tiny8"", ""shared_suffix"": ""0""}"
experiment-2,stable-warps-desc,Device=0 num_rows=32768 shared_suffix=64 segment_profile=tiny8,True,True,3,0.17788032025098802,6.0218771589987306,"{""num_rows"": ""32768"", ""segment_profile"": ""tiny8"", ""shared_suffix"": ""64""}"
experiment-2,stable-warps-desc,Device=0 num_rows=2097152 shared_suffix=64 segment_profile=tiny8,True,True,3,1.1385036849975583,0.39931669361969424,"{""num_rows"": ""2097152"", ""segment_profile"": ""tiny8"", ""shared_suffix"": ""64""}"
experiment-2,stable-warps-desc,Device=0 num_rows=32768 shared_suffix=0 segment_profile=tiny16,True,True,3,0.16091584056615832,0.9665759034987189,"{""num_rows"": ""32768"", ""segment_profile"": ""tiny16"", ""shared_suffix"": ""0""}"
experiment-2,stable-warps-desc,Device=0 num_rows=2097152 shared_suffix=0 segment_profile=tiny16,True,True,3,0.6127296018600467,0.6807313147951374,"{""num_rows"": ""2097152"", ""segment_profile"": ""tiny16"", ""shared_suffix"": ""0""}"
experiment-2,stable-warps-desc,Device=0 num_rows=32768 shared_suffix=64 segment_profile=tiny16,True,True,3,0.18352767884731294,1.2794784195287097,"{""num_rows"": ""32768"", ""segment_profile"": ""tiny16"", ""shared_suffix"": ""64""}"
experiment-2,stable-warps-desc,Device=0 num_rows=2097152 shared_suffix=64 segment_profile=tiny16,True,True,3,1.3533145642280577,0.29281335860800667,"{""num_rows"": ""2097152"", ""segment_profile"": ""tiny16"", ""shared_suffix"": ""64""}"
experiment-2,stable-warps-desc,Device=0 num_rows=32768 shared_suffix=0 segment_profile=tiny32,True,True,3,0.16197120040655139,1.7069210391982101,"{""num_rows"": ""32768"", ""segment_profile"": ""tiny32"", ""shared_suffix"": ""0""}"
experiment-2,stable-warps-desc,Device=0 num_rows=2097152 shared_suffix=0 segment_profile=tiny32,True,True,3,0.6694566369056703,0.49367211124700194,"{""num_rows"": ""2097152"", ""segment_profile"": ""tiny32"", ""shared_suffix"": ""0""}"
experiment-2,stable-warps-desc,Device=0 num_rows=32768 shared_suffix=64 segment_profile=tiny32,True,True,3,0.1933855998516083,1.5031134046086734,"{""num_rows"": ""32768"", ""segment_profile"": ""tiny32"", ""shared_suffix"": ""64""}"
experiment-2,stable-warps-desc,Device=0 num_rows=2097152 shared_suffix=64 segment_profile=tiny32,True,True,3,1.6451923179626462,0.22654299459124957,"{""num_rows"": ""2097152"", ""segment_profile"": ""tiny32"", ""shared_suffix"": ""64""}"
experiment-3,zero,Device=0 num_rows=32768 profile=zero_collision_pass1,False,False,2,0.21226751893758772,1.4507605141079283,"{""num_rows"": ""32768"", ""profile"": ""zero_collision_pass1""}"
experiment-3,zero,Device=0 num_rows=32768 profile=zero_collision_pass2,False,False,2,0.2902393591403961,8.370379397698061,"{""num_rows"": ""32768"", ""profile"": ""zero_collision_pass2""}"
experiment-15,identity-constant,Device=0 num_rows=2097152 profile=cardinality_1_width_32,False,False,3,0.008895359952002763,21.01546383136549,"{""num_rows"": ""2097152"", ""profile"": ""cardinality_1_width_32""}"
experiment-15,stable-warps-desc,Device=0 num_rows=32768 shared_suffix=0 segment_profile=pairs,True,True,2,0.1586444798111915,2.5529399985835792,"{""num_rows"": ""32768"", ""segment_profile"": ""pairs"", ""shared_suffix"": ""0""}"
experiment-15,stable-warps-desc,Device=0 num_rows=2097152 shared_suffix=0 segment_profile=pairs,True,True,2,0.6494086408615112,1.0266443168032453,"{""num_rows"": ""2097152"", ""segment_profile"": ""pairs"", ""shared_suffix"": ""0""}"
experiment-15,stable-warps-desc,Device=0 num_rows=32768 shared_suffix=64 segment_profile=pairs,True,True,2,0.16036735862493517,1.4936324450727207,"{""num_rows"": ""32768"", ""segment_profile"": ""pairs"", ""shared_suffix"": ""64""}"
experiment-15,stable-warps-desc,Device=0 num_rows=2097152 shared_suffix=64 segment_profile=pairs,True,True,2,0.8263999998569491,4.224094249134143,"{""num_rows"": ""2097152"", ""segment_profile"": ""pairs"", ""shared_suffix"": ""64""}"
experiment-15,stable-warps-desc,Device=0 num_rows=32768 shared_suffix=0 segment_profile=tiny4,True,True,2,0.1582355207204819,1.884290150487535,"{""num_rows"": ""32768"", ""segment_profile"": ""tiny4"", ""shared_suffix"": ""0""}"
experiment-15,stable-warps-desc,Device=0 num_rows=2097152 shared_suffix=0 segment_profile=tiny4,True,True,2,0.5753132796287537,1.01021172220837,"{""num_rows"": ""2097152"", ""segment_profile"": ""tiny4"", ""shared_suffix"": ""0""}"
experiment-15,stable-warps-desc,Device=0 num_rows=32768 shared_suffix=64 segment_profile=tiny4,True,True,2,0.16801472008228302,1.3589280258235201,"{""num_rows"": ""32768"", ""segment_profile"": ""tiny4"", ""shared_suffix"": ""64""}"
experiment-15,stable-warps-desc,Device=0 num_rows=2097152 shared_suffix=64 segment_profile=tiny4,True,True,2,0.9073113632202149,0.5995718201047461,"{""num_rows"": ""2097152"", ""segment_profile"": ""tiny4"", ""shared_suffix"": ""64""}"
experiment-15,stable-warps-desc,Device=0 num_rows=32768 shared_suffix=0 segment_profile=tiny8,True,True,2,0.16175999999046325,11.716883692834761,"{""num_rows"": ""32768"", ""segment_profile"": ""tiny8"", ""shared_suffix"": ""0""}"
experiment-15,stable-warps-desc,Device=0 num_rows=2097152 shared_suffix=0 segment_profile=tiny8,True,True,2,0.5784313571453095,0.8004573047618186,"{""num_rows"": ""2097152"", ""segment_profile"": ""tiny8"", ""shared_suffix"": ""0""}"
experiment-15,stable-warps-desc,Device=0 num_rows=32768 shared_suffix=64 segment_profile=tiny8,True,True,2,0.1772204792499543,0.9312158345672816,"{""num_rows"": ""32768"", ""segment_profile"": ""tiny8"", ""shared_suffix"": ""64""}"
experiment-15,stable-warps-desc,Device=0 num_rows=2097152 shared_suffix=64 segment_profile=tiny8,True,True,2,1.1358630323410037,0.4084157719515651,"{""num_rows"": ""2097152"", ""segment_profile"": ""tiny8"", ""shared_suffix"": ""64""}"
experiment-15,stable-warps-desc,Device=0 num_rows=32768 shared_suffix=0 segment_profile=tiny16,True,True,2,0.16056191951036455,1.2965307587668584,"{""num_rows"": ""32768"", ""segment_profile"": ""tiny16"", ""shared_suffix"": ""0""}"
experiment-15,stable-warps-desc,Device=0 num_rows=2097152 shared_suffix=0 segment_profile=tiny16,True,True,2,0.604632955789566,0.5253070666073364,"{""num_rows"": ""2097152"", ""segment_profile"": ""tiny16"", ""shared_suffix"": ""0""}"
experiment-15,stable-warps-desc,Device=0 num_rows=32768 shared_suffix=64 segment_profile=tiny16,True,True,2,0.18423744022846222,0.7655194511345245,"{""num_rows"": ""32768"", ""segment_profile"": ""tiny16"", ""shared_suffix"": ""64""}"
experiment-15,stable-warps-desc,Device=0 num_rows=2097152 shared_suffix=64 segment_profile=tiny16,True,True,2,1.3465113592147826,0.3211884321101034,"{""num_rows"": ""2097152"", ""segment_profile"": ""tiny16"", ""shared_suffix"": ""64""}"
experiment-15,stable-warps-desc,Device=0 num_rows=32768 shared_suffix=0 segment_profile=tiny32,True,True,2,0.16429119974374776,1.7520451411499625,"{""num_rows"": ""32768"", ""segment_profile"": ""tiny32"", ""shared_suffix"": ""0""}"
experiment-15,stable-warps-desc,Device=0 num_rows=2097152 shared_suffix=0 segment_profile=tiny32,True,True,2,0.6569324791431428,0.45422300598653603,"{""num_rows"": ""2097152"", ""segment_profile"": ""tiny32"", ""shared_suffix"": ""0""}"
experiment-15,stable-warps-desc,Device=0 num_rows=32768 shared_suffix=64 segment_profile=tiny32,True,True,2,0.19368575990200046,1.43321459285848,"{""num_rows"": ""32768"", ""segment_profile"": ""tiny32"", ""shared_suffix"": ""64""}"
experiment-15,stable-warps-desc,Device=0 num_rows=2097152 shared_suffix=64 segment_profile=tiny32,True,True,2,1.640358402729034,0.2318153799966435,"{""num_rows"": ""2097152"", ""segment_profile"": ""tiny32"", ""shared_suffix"": ""64""}"
experiment-15,active-fractions,Device=0 num_rows=262144 profile=active_10,False,False,3,0.2889561581611633,1.6421647242304063,"{""num_rows"": ""262144"", ""profile"": ""active_10""}"
experiment-15,active-fractions,Device=0 num_rows=2097152 profile=active_10,False,False,3,0.5418214416503906,0.5406510543149402,"{""num_rows"": ""2097152"", ""profile"": ""active_10""}"
experiment-15,active-fractions,Device=0 num_rows=262144 profile=active_50,False,False,3,0.32933695852756517,0.9022356977507264,"{""num_rows"": ""262144"", ""profile"": ""active_50""}"
experiment-15,active-fractions,Device=0 num_rows=2097152 profile=active_50,False,False,3,0.8653331232070925,0.5611547134630619,"{""num_rows"": ""2097152"", ""profile"": ""active_50""}"
experiment-2,stable-warps,Device=0 num_rows=32768 shared_suffix=0 segment_profile=pairs,True,False,4,0.16283263951539992,1.3374685148411074,"{""num_rows"": ""32768"", ""segment_profile"": ""pairs"", ""shared_suffix"": ""0""}"
experiment-2,stable-warps,Device=0 num_rows=2097152 shared_suffix=0 segment_profile=pairs,True,False,4,0.6508447980880735,1.0744055924155442,"{""num_rows"": ""2097152"", ""segment_profile"": ""pairs"", ""shared_suffix"": ""0""}"
experiment-2,stable-warps,Device=0 num_rows=32768 shared_suffix=64 segment_profile=pairs,True,False,4,0.16066559970378877,1.2220521751405553,"{""num_rows"": ""32768"", ""segment_profile"": ""pairs"", ""shared_suffix"": ""64""}"
experiment-2,stable-warps,Device=0 num_rows=2097152 shared_suffix=64 segment_profile=pairs,True,False,4,0.8220352017879486,0.9653324182520718,"{""num_rows"": ""2097152"", ""segment_profile"": ""pairs"", ""shared_suffix"": ""64""}"
experiment-2,stable-warps,Device=0 num_rows=32768 shared_suffix=0 segment_profile=tiny4,True,False,4,0.1614284801483154,1.573636903219712,"{""num_rows"": ""32768"", ""segment_profile"": ""tiny4"", ""shared_suffix"": ""0""}"
experiment-2,stable-warps,Device=0 num_rows=2097152 shared_suffix=0 segment_profile=tiny4,True,False,4,0.577468798160553,0.792713308424857,"{""num_rows"": ""2097152"", ""segment_profile"": ""tiny4"", ""shared_suffix"": ""0""}"
experiment-2,stable-warps,Device=0 num_rows=32768 shared_suffix=64 segment_profile=tiny4,True,False,4,0.1690092805027962,1.4419313448171223,"{""num_rows"": ""32768"", ""segment_profile"": ""tiny4"", ""shared_suffix"": ""64""}"
experiment-2,stable-warps,Device=0 num_rows=2097152 shared_suffix=64 segment_profile=tiny4,True,False,4,0.9098092806339264,0.47558691289815175,"{""num_rows"": ""2097152"", ""segment_profile"": ""tiny4"", ""shared_suffix"": ""64""}"
experiment-2,stable-warps,Device=0 num_rows=32768 shared_suffix=0 segment_profile=tiny8,True,False,4,0.16002752035856246,1.336742312590135,"{""num_rows"": ""32768"", ""segment_profile"": ""tiny8"", ""shared_suffix"": ""0""}"
experiment-2,stable-warps,Device=0 num_rows=2097152 shared_suffix=0 segment_profile=tiny8,True,False,4,0.584619518518448,0.5836233749296618,"{""num_rows"": ""2097152"", ""segment_profile"": ""tiny8"", ""shared_suffix"": ""0""}"
experiment-2,stable-warps,Device=0 num_rows=32768 shared_suffix=64 segment_profile=tiny8,True,False,4,0.17822592020034797,1.2923147875960808,"{""num_rows"": ""32768"", ""segment_profile"": ""tiny8"", ""shared_suffix"": ""64""}"
experiment-2,stable-warps,Device=0 num_rows=2097152 shared_suffix=64 segment_profile=tiny8,True,False,4,1.143383042812348,0.36479593945354316,"{""num_rows"": ""2097152"", ""segment_profile"": ""tiny8"", ""shared_suffix"": ""64""}"
experiment-2,stable-warps,Device=0 num_rows=32768 shared_suffix=0 segment_profile=tiny16,True,False,4,0.16212160021066666,0.8331139483478152,"{""num_rows"": ""32768"", ""segment_profile"": ""tiny16"", ""shared_suffix"": ""0""}"
experiment-2,stable-warps,Device=0 num_rows=2097152 shared_suffix=0 segment_profile=tiny16,True,False,4,0.6154297626018524,0.37802911680920465,"{""num_rows"": ""2097152"", ""segment_profile"": ""tiny16"", ""shared_suffix"": ""0""}"
experiment-2,stable-warps,Device=0 num_rows=32768 shared_suffix=64 segment_profile=tiny16,True,False,4,0.18521152138710026,1.4536748556191197,"{""num_rows"": ""32768"", ""segment_profile"": ""tiny16"", ""shared_suffix"": ""64""}"
experiment-2,stable-warps,Device=0 num_rows=2097152 shared_suffix=64 segment_profile=tiny16,True,False,4,1.35748544216156,0.2865764514525543,"{""num_rows"": ""2097152"", ""segment_profile"": ""tiny16"", ""shared_suffix"": ""64""}"
experiment-2,stable-warps,Device=0 num_rows=32768 shared_suffix=0 segment_profile=tiny32,True,False,4,0.1642464002966881,1.6519206632945895,"{""num_rows"": ""32768"", ""segment_profile"": ""tiny32"", ""shared_suffix"": ""0""}"
experiment-2,stable-warps,Device=0 num_rows=2097152 shared_suffix=0 segment_profile=tiny32,True,False,4,0.6715104007720946,0.31970005894443665,"{""num_rows"": ""2097152"", ""segment_profile"": ""tiny32"", ""shared_suffix"": ""0""}"
experiment-2,stable-warps,Device=0 num_rows=32768 shared_suffix=64 segment_profile=tiny32,True,False,4,0.1955667209625244,1.3581801817929704,"{""num_rows"": ""32768"", ""segment_profile"": ""tiny32"", ""shared_suffix"": ""64""}"
experiment-2,stable-warps,Device=0 num_rows=2097152 shared_suffix=64 segment_profile=tiny32,True,False,4,1.6488844871520998,0.26082907589414,"{""num_rows"": ""2097152"", ""segment_profile"": ""tiny32"", ""shared_suffix"": ""64""}"
experiment-0,unstable-warps,Device=0 num_rows=32768 shared_suffix=0 segment_profile=singletons,False,False,3,0.13803520053625107,1.997991406163398,"{""num_rows"": ""32768"", ""segment_profile"": ""singletons"", ""shared_suffix"": ""0""}"
experiment-0,unstable-warps,Device=0 num_rows=2097152 shared_suffix=0 segment_profile=singletons,False,False,3,0.35151552021503435,1.1115508065509176,"{""num_rows"": ""2097152"", ""segment_profile"": ""singletons"", ""shared_suffix"": ""0""}"
experiment-0,unstable-warps,Device=0 num_rows=32768 shared_suffix=64 segment_profile=singletons,False,False,3,0.1363238406181335,0.9682626481049804,"{""num_rows"": ""32768"", ""segment_profile"": ""singletons"", ""shared_suffix"": ""64""}"
experiment-0,unstable-warps,Device=0 num_rows=2097152 shared_suffix=64 segment_profile=singletons,False,False,3,0.38877632260322575,0.864092375126314,"{""num_rows"": ""2097152"", ""segment_profile"": ""singletons"", ""shared_suffix"": ""64""}"
experiment-0,unstable-warps,Device=0 num_rows=32768 shared_suffix=0 segment_profile=pairs,False,False,3,0.15581888049840925,1.2656226843575284,"{""num_rows"": ""32768"", ""segment_profile"": ""pairs"", ""shared_suffix"": ""0""}"
experiment-0,unstable-warps,Device=0 num_rows=2097152 shared_suffix=0 segment_profile=pairs,False,False,3,0.649294081926346,1.1586963880362742,"{""num_rows"": ""2097152"", ""segment_profile"": ""pairs"", ""shared_suffix"": ""0""}"
experiment-0,unstable-warps,Device=0 num_rows=32768 shared_suffix=64 segment_profile=pairs,False,False,3,0.15827904134988788,0.8006883148093182,"{""num_rows"": ""32768"", ""segment_profile"": ""pairs"", ""shared_suffix"": ""64""}"
experiment-0,unstable-warps,Device=0 num_rows=2097152 shared_suffix=64 segment_profile=pairs,False,False,3,0.8213676822185515,0.6462047829508373,"{""num_rows"": ""2097152"", ""segment_profile"": ""pairs"", ""shared_suffix"": ""64""}"
experiment-0,unstable-warps,Device=0 num_rows=32768 shared_suffix=0 segment_profile=tiny4,False,False,3,0.1562815999984741,1.1268143819811285,"{""num_rows"": ""32768"", ""segment_profile"": ""tiny4"", ""shared_suffix"": ""0""}"
experiment-0,unstable-warps,Device=0 num_rows=2097152 shared_suffix=0 segment_profile=tiny4,False,False,3,0.57924032330513,0.764546370396144,"{""num_rows"": ""2097152"", ""segment_profile"": ""tiny4"", ""shared_suffix"": ""0""}"
experiment-0,unstable-warps,Device=0 num_rows=32768 shared_suffix=64 segment_profile=tiny4,False,False,3,0.16647551983594894,1.1887184033240723,"{""num_rows"": ""32768"", ""segment_profile"": ""tiny4"", ""shared_suffix"": ""64""}"
experiment-0,unstable-warps,Device=0 num_rows=2097152 shared_suffix=64 segment_profile=tiny4,False,False,3,0.9107020783424377,0.5139061951497186,"{""num_rows"": ""2097152"", ""segment_profile"": ""tiny4"", ""shared_suffix"": ""64""}"
experiment-0,unstable-warps,Device=0 num_rows=32768 shared_suffix=0 segment_profile=tiny8,False,False,3,0.15914880007505416,0.7540974945981705,"{""num_rows"": ""32768"", ""segment_profile"": ""tiny8"", ""shared_suffix"": ""0""}"
experiment-0,unstable-warps,Device=0 num_rows=2097152 shared_suffix=0 segment_profile=tiny8,False,False,3,0.5927641594409946,3.581210452135323,"{""num_rows"": ""2097152"", ""segment_profile"": ""tiny8"", ""shared_suffix"": ""0""}"
experiment-0,unstable-warps,Device=0 num_rows=32768 shared_suffix=64 segment_profile=tiny8,False,False,3,0.1767456009984016,0.9883422937921451,"{""num_rows"": ""32768"", ""segment_profile"": ""tiny8"", ""shared_suffix"": ""64""}"
experiment-0,unstable-warps,Device=0 num_rows=2097152 shared_suffix=64 segment_profile=tiny8,False,False,3,1.1506975960731505,0.42477240786422155,"{""num_rows"": ""2097152"", ""segment_profile"": ""tiny8"", ""shared_suffix"": ""64""}"
experiment-0,unstable-warps,Device=0 num_rows=32768 shared_suffix=0 segment_profile=tiny16,False,False,3,0.16225215971469872,1.2152465803437789,"{""num_rows"": ""32768"", ""segment_profile"": ""tiny16"", ""shared_suffix"": ""0""}"
experiment-0,unstable-warps,Device=0 num_rows=2097152 shared_suffix=0 segment_profile=tiny16,False,False,3,0.6306566405296326,0.5440070656598793,"{""num_rows"": ""2097152"", ""segment_profile"": ""tiny16"", ""shared_suffix"": ""0""}"
experiment-0,unstable-warps,Device=0 num_rows=32768 shared_suffix=64 segment_profile=tiny16,False,False,3,0.18492415904998785,1.0675549021842783,"{""num_rows"": ""32768"", ""segment_profile"": ""tiny16"", ""shared_suffix"": ""64""}"
experiment-0,unstable-warps,Device=0 num_rows=2097152 shared_suffix=64 segment_profile=tiny16,False,False,3,1.3669280052185058,0.32625593104570966,"{""num_rows"": ""2097152"", ""segment_profile"": ""tiny16"", ""shared_suffix"": ""64""}"
experiment-0,unstable-warps,Device=0 num_rows=32768 shared_suffix=0 segment_profile=tiny32,False,False,3,0.16324736058712008,2.1359882496389417,"{""num_rows"": ""32768"", ""segment_profile"": ""tiny32"", ""shared_suffix"": ""0""}"
experiment-0,unstable-warps,Device=0 num_rows=2097152 shared_suffix=0 segment_profile=tiny32,False,False,3,0.6832927978038786,0.40578818319240784,"{""num_rows"": ""2097152"", ""segment_profile"": ""tiny32"", ""shared_suffix"": ""0""}"
experiment-0,unstable-warps,Device=0 num_rows=32768 shared_suffix=64 segment_profile=tiny32,False,False,3,0.1945081609487533,1.6266036007539144,"{""num_rows"": ""32768"", ""segment_profile"": ""tiny32"", ""shared_suffix"": ""64""}"
experiment-0,unstable-warps,Device=0 num_rows=2097152 shared_suffix=64 segment_profile=tiny32,False,False,3,1.65978047132492,0.2791468545545442,"{""num_rows"": ""2097152"", ""segment_profile"": ""tiny32"", ""shared_suffix"": ""64""}"
experiment-3,stable-warps-desc,Device=0 num_rows=32768 shared_suffix=0 segment_profile=pairs,True,True,2,0.16080895960330963,0.8774441798470417,"{""num_rows"": ""32768"", ""segment_profile"": ""pairs"", ""shared_suffix"": ""0""}"
experiment-3,stable-warps-desc,Device=0 num_rows=2097152 shared_suffix=0 segment_profile=pairs,True,True,2,0.6516864001750946,1.0513086341931073,"{""num_rows"": ""2097152"", ""segment_profile"": ""pairs"", ""shared_suffix"": ""0""}"
experiment-3,stable-warps-desc,Device=0 num_rows=32768 shared_suffix=64 segment_profile=pairs,True,True,2,0.16759808152914046,23.992353555515308,"{""num_rows"": ""32768"", ""segment_profile"": ""pairs"", ""shared_suffix"": ""64""}"
experiment-3,stable-warps-desc,Device=0 num_rows=2097152 shared_suffix=64 segment_profile=pairs,True,True,2,0.8247071981430054,0.9503591650473706,"{""num_rows"": ""2097152"", ""segment_profile"": ""pairs"", ""shared_suffix"": ""64""}"
experiment-3,stable-warps-desc,Device=0 num_rows=32768 shared_suffix=0 segment_profile=tiny4,True,True,2,0.1580447989702225,1.5092933252502398,"{""num_rows"": ""32768"", ""segment_profile"": ""tiny4"", ""shared_suffix"": ""0""}"
experiment-3,stable-warps-desc,Device=0 num_rows=2097152 shared_suffix=0 segment_profile=tiny4,True,True,2,0.5789932823181153,0.9113334091419466,"{""num_rows"": ""2097152"", ""segment_profile"": ""tiny4"", ""shared_suffix"": ""0""}"
experiment-3,stable-warps-desc,Device=0 num_rows=32768 shared_suffix=64 segment_profile=tiny4,True,True,2,0.1706323200464249,2.57358024478166,"{""num_rows"": ""32768"", ""segment_profile"": ""tiny4"", ""shared_suffix"": ""64""}"
experiment-3,stable-warps-desc,Device=0 num_rows=2097152 shared_suffix=64 segment_profile=tiny4,True,True,2,0.9154284751415254,3.6966290048155446,"{""num_rows"": ""2097152"", ""segment_profile"": ""tiny4"", ""shared_suffix"": ""64""}"
experiment-3,stable-warps-desc,Device=0 num_rows=32768 shared_suffix=0 segment_profile=tiny8,True,True,2,0.15926912039518357,0.6602623031891235,"{""num_rows"": ""32768"", ""segment_profile"": ""tiny8"", ""shared_suffix"": ""0""}"
experiment-3,stable-warps-desc,Device=0 num_rows=2097152 shared_suffix=0 segment_profile=tiny8,True,True,2,0.5835513591766358,0.7061809922968878,"{""num_rows"": ""2097152"", ""segment_profile"": ""tiny8"", ""shared_suffix"": ""0""}"
experiment-3,stable-warps-desc,Device=0 num_rows=32768 shared_suffix=64 segment_profile=tiny8,True,True,2,0.1785446393489838,1.5989515905571978,"{""num_rows"": ""32768"", ""segment_profile"": ""tiny8"", ""shared_suffix"": ""64""}"
experiment-3,stable-warps-desc,Device=0 num_rows=2097152 shared_suffix=64 segment_profile=tiny8,True,True,2,1.1409958291053772,0.3542224812873887,"{""num_rows"": ""2097152"", ""segment_profile"": ""tiny8"", ""shared_suffix"": ""64""}"
experiment-3,stable-warps-desc,Device=0 num_rows=32768 shared_suffix=0 segment_profile=tiny16,True,True,2,0.16238207966089255,1.4343264955786694,"{""num_rows"": ""32768"", ""segment_profile"": ""tiny16"", ""shared_suffix"": ""0""}"
experiment-3,stable-warps-desc,Device=0 num_rows=2097152 shared_suffix=0 segment_profile=tiny16,True,True,2,0.608056321144104,0.5387297623317219,"{""num_rows"": ""2097152"", ""segment_profile"": ""tiny16"", ""shared_suffix"": ""0""}"
experiment-3,stable-warps-desc,Device=0 num_rows=32768 shared_suffix=64 segment_profile=tiny16,True,True,2,0.18492672026157378,1.1820399748636345,"{""num_rows"": ""32768"", ""segment_profile"": ""tiny16"", ""shared_suffix"": ""64""}"
experiment-3,stable-warps-desc,Device=0 num_rows=2097152 shared_suffix=64 segment_profile=tiny16,True,True,2,1.348476166725159,0.3157400176399151,"{""num_rows"": ""2097152"", ""segment_profile"": ""tiny16"", ""shared_suffix"": ""64""}"
experiment-3,stable-warps-desc,Device=0 num_rows=32768 shared_suffix=0 segment_profile=tiny32,True,True,2,0.16437887966632841,1.004182448749555,"{""num_rows"": ""32768"", ""segment_profile"": ""tiny32"", ""shared_suffix"": ""0""}"
experiment-3,stable-warps-desc,Device=0 num_rows=2097152 shared_suffix=0 segment_profile=tiny32,True,True,2,0.6623462438583374,0.5158377105275023,"{""num_rows"": ""2097152"", ""segment_profile"": ""tiny32"", ""shared_suffix"": ""0""}"
experiment-3,stable-warps-desc,Device=0 num_rows=32768 shared_suffix=64 segment_profile=tiny32,True,True,2,0.19525824129581446,1.8566950815378687,"{""num_rows"": ""32768"", ""segment_profile"": ""tiny32"", ""shared_suffix"": ""64""}"
experiment-3,stable-warps-desc,Device=0 num_rows=2097152 shared_suffix=64 segment_profile=tiny32,True,True,2,1.6427763152122496,0.22098031727031978,"{""num_rows"": ""2097152"", ""segment_profile"": ""tiny32"", ""shared_suffix"": ""64""}"
experiment-31,active-fractions,Device=0 num_rows=262144 profile=active_10,False,False,1,0.2957817578315735,0.45365069558914817,"{""num_rows"": ""262144"", ""profile"": ""active_10""}"
experiment-31,active-fractions,Device=0 num_rows=2097152 profile=active_10,False,False,1,0.5411923170089723,0.6126481524624046,"{""num_rows"": ""2097152"", ""profile"": ""active_10""}"
experiment-31,active-fractions,Device=0 num_rows=262144 profile=active_50,False,False,1,0.3308486396074295,0.4459860704264163,"{""num_rows"": ""262144"", ""profile"": ""active_50""}"
experiment-31,active-fractions,Device=0 num_rows=2097152 profile=active_50,False,False,1,0.8632569611072539,0.45208046323457807,"{""num_rows"": ""2097152"", ""profile"": ""active_50""}"
experiment-3,prefix-targets,Device=0 num_rows=262144 prefix_width=8 suffix_width=32 prefix_cardinality=1,False,False,3,0.563197442293167,0.41926609717133045,"{""num_rows"": ""262144"", ""prefix_cardinality"": ""1"", ""prefix_width"": ""8"", ""suffix_width"": ""32""}"
experiment-3,prefix-targets,Device=0 num_rows=2097152 prefix_width=8 suffix_width=32 prefix_cardinality=1,False,False,3,4.15446014404297,0.371685885255483,"{""num_rows"": ""2097152"", ""prefix_cardinality"": ""1"", ""prefix_width"": ""8"", ""suffix_width"": ""32""}"
experiment-3,prefix-targets,Device=0 num_rows=262144 prefix_width=10 suffix_width=32 prefix_cardinality=1,False,False,3,0.6017407977581022,0.7772277150230578,"{""num_rows"": ""262144"", ""prefix_cardinality"": ""1"", ""prefix_width"": ""10"", ""suffix_width"": ""32""}"
experiment-3,prefix-targets,Device=0 num_rows=2097152 prefix_width=10 suffix_width=32 prefix_cardinality=1,False,False,3,4.37582594871521,0.43347033764542586,"{""num_rows"": ""2097152"", ""prefix_cardinality"": ""1"", ""prefix_width"": ""10"", ""suffix_width"": ""32""}"
experiment-3,prefix-targets,Device=0 num_rows=262144 prefix_width=11 suffix_width=32 prefix_cardinality=1,False,False,3,0.6096031987667083,0.7334027349824026,"{""num_rows"": ""262144"", ""prefix_cardinality"": ""1"", ""prefix_width"": ""11"", ""suffix_width"": ""32""}"
experiment-3,prefix-targets,Device=0 num_rows=2097152 prefix_width=11 suffix_width=32 prefix_cardinality=1,False,False,3,4.436583633422852,0.3140636867095987,"{""num_rows"": ""2097152"", ""prefix_cardinality"": ""1"", ""prefix_width"": ""11"", ""suffix_width"": ""32""}"
experiment-3,prefix-targets,Device=0 num_rows=262144 prefix_width=12 suffix_width=32 prefix_cardinality=1,False,False,3,0.6189113605022429,0.6357338892063942,"{""num_rows"": ""262144"", ""prefix_cardinality"": ""1"", ""prefix_width"": ""12"", ""suffix_width"": ""32""}"
experiment-3,prefix-targets,Device=0 num_rows=2097152 prefix_width=12 suffix_width=32 prefix_cardinality=1,False,False,3,4.493168659210204,0.23518744311469275,"{""num_rows"": ""2097152"", ""prefix_cardinality"": ""1"", ""prefix_width"": ""12"", ""suffix_width"": ""32""}"
baseline,prefix-targets,Device=0 num_rows=262144 prefix_width=8 suffix_width=32 prefix_cardinality=1,False,False,3,0.5799379205703735,0.727508575064175,"{""num_rows"": ""262144"", ""prefix_cardinality"": ""1"", ""prefix_width"": ""8"", ""suffix_width"": ""32""}"
baseline,prefix-targets,Device=0 num_rows=2097152 prefix_width=8 suffix_width=32 prefix_cardinality=1,False,False,3,4.248981771469118,0.3885165723675678,"{""num_rows"": ""2097152"", ""prefix_cardinality"": ""1"", ""prefix_width"": ""8"", ""suffix_width"": ""32""}"
baseline,prefix-targets,Device=0 num_rows=262144 prefix_width=10 suffix_width=32 prefix_cardinality=1,False,False,3,0.6163660788536072,0.4785947875516434,"{""num_rows"": ""262144"", ""prefix_cardinality"": ""1"", ""prefix_width"": ""10"", ""suffix_width"": ""32""}"
baseline,prefix-targets,Device=0 num_rows=2097152 prefix_width=10 suffix_width=32 prefix_cardinality=1,False,False,3,4.4628697681427,0.4285568113456112,"{""num_rows"": ""2097152"", ""prefix_cardinality"": ""1"", ""prefix_width"": ""10"", ""suffix_width"": ""32""}"
baseline,prefix-targets,Device=0 num_rows=262144 prefix_width=11 suffix_width=32 prefix_cardinality=1,False,False,3,0.6255020797252655,0.3468008687596265,"{""num_rows"": ""262144"", ""prefix_cardinality"": ""1"", ""prefix_width"": ""11"", ""suffix_width"": ""32""}"
baseline,prefix-targets,Device=0 num_rows=2097152 prefix_width=11 suffix_width=32 prefix_cardinality=1,False,False,3,4.52509313583374,0.32316003808789256,"{""num_rows"": ""2097152"", ""prefix_cardinality"": ""1"", ""prefix_width"": ""11"", ""suffix_width"": ""32""}"
baseline,prefix-targets,Device=0 num_rows=262144 prefix_width=12 suffix_width=32 prefix_cardinality=1,False,False,3,0.6353542435169219,0.44547761166985567,"{""num_rows"": ""262144"", ""prefix_cardinality"": ""1"", ""prefix_width"": ""12"", ""suffix_width"": ""32""}"
baseline,prefix-targets,Device=0 num_rows=2097152 prefix_width=12 suffix_width=32 prefix_cardinality=1,False,False,3,4.577710714340208,0.2638481719019363,"{""num_rows"": ""2097152"", ""prefix_cardinality"": ""1"", ""prefix_width"": ""12"", ""suffix_width"": ""32""}"
experiment-3,unstable-warps,Device=0 num_rows=32768 shared_suffix=0 segment_profile=singletons,False,False,3,0.1393107205629349,1.9313302885016734,"{""num_rows"": ""32768"", ""segment_profile"": ""singletons"", ""shared_suffix"": ""0""}"
experiment-3,unstable-warps,Device=0 num_rows=2097152 shared_suffix=0 segment_profile=singletons,False,False,3,0.3524947190284729,0.8548784514729015,"{""num_rows"": ""2097152"", ""segment_profile"": ""singletons"", ""shared_suffix"": ""0""}"
experiment-3,unstable-warps,Device=0 num_rows=32768 shared_suffix=64 segment_profile=singletons,False,False,3,0.13772544115781782,1.9185794307773174,"{""num_rows"": ""32768"", ""segment_profile"": ""singletons"", ""shared_suffix"": ""64""}"
experiment-3,unstable-warps,Device=0 num_rows=2097152 shared_suffix=64 segment_profile=singletons,False,False,3,0.39219391942024234,0.9354168454525789,"{""num_rows"": ""2097152"", ""segment_profile"": ""singletons"", ""shared_suffix"": ""64""}"
experiment-3,unstable-warps,Device=0 num_rows=32768 shared_suffix=0 segment_profile=pairs,False,False,3,0.1570207998156548,1.772295020958379,"{""num_rows"": ""32768"", ""segment_profile"": ""pairs"", ""shared_suffix"": ""0""}"
experiment-3,unstable-warps,Device=0 num_rows=2097152 shared_suffix=0 segment_profile=pairs,False,False,3,0.6502003252506255,1.1267812687128234,"{""num_rows"": ""2097152"", ""segment_profile"": ""pairs"", ""shared_suffix"": ""0""}"
experiment-3,unstable-warps,Device=0 num_rows=32768 shared_suffix=64 segment_profile=pairs,False,False,3,0.1594278410077095,1.2938645367171535,"{""num_rows"": ""32768"", ""segment_profile"": ""pairs"", ""shared_suffix"": ""64""}"
experiment-3,unstable-warps,Device=0 num_rows=2097152 shared_suffix=64 segment_profile=pairs,False,False,3,0.8246790397167207,0.7899987630922574,"{""num_rows"": ""2097152"", ""segment_profile"": ""pairs"", ""shared_suffix"": ""64""}"
experiment-3,unstable-warps,Device=0 num_rows=32768 shared_suffix=0 segment_profile=tiny4,False,False,3,0.15697023957967757,1.1060216919732553,"{""num_rows"": ""32768"", ""segment_profile"": ""tiny4"", ""shared_suffix"": ""0""}"
experiment-3,unstable-warps,Device=0 num_rows=2097152 shared_suffix=0 segment_profile=tiny4,False,False,3,0.5751603174209593,0.9565215471790135,"{""num_rows"": ""2097152"", ""segment_profile"": ""tiny4"", ""shared_suffix"": ""0""}"
experiment-3,unstable-warps,Device=0 num_rows=32768 shared_suffix=64 segment_profile=tiny4,False,False,3,0.16771136045455928,0.8437702379255081,"{""num_rows"": ""32768"", ""segment_profile"": ""tiny4"", ""shared_suffix"": ""64""}"
experiment-3,unstable-warps,Device=0 num_rows=2097152 shared_suffix=64 segment_profile=tiny4,False,False,3,0.91124351978302,0.4994118743346572,"{""num_rows"": ""2097152"", ""segment_profile"": ""tiny4"", ""shared_suffix"": ""64""}"
experiment-3,unstable-warps,Device=0 num_rows=32768 shared_suffix=0 segment_profile=tiny8,False,False,3,0.15972928076982498,1.6774271092459516,"{""num_rows"": ""32768"", ""segment_profile"": ""tiny8"", ""shared_suffix"": ""0""}"
experiment-3,unstable-warps,Device=0 num_rows=2097152 shared_suffix=0 segment_profile=tiny8,False,False,3,0.5857024002075194,0.7024279137292838,"{""num_rows"": ""2097152"", ""segment_profile"": ""tiny8"", ""shared_suffix"": ""0""}"
experiment-3,unstable-warps,Device=0 num_rows=32768 shared_suffix=64 segment_profile=tiny8,False,False,3,0.17784063935279845,1.147858051209237,"{""num_rows"": ""32768"", ""segment_profile"": ""tiny8"", ""shared_suffix"": ""64""}"
experiment-3,unstable-warps,Device=0 num_rows=2097152 shared_suffix=64 segment_profile=tiny8,False,False,3,1.1470566368103026,0.35147257937192244,"{""num_rows"": ""2097152"", ""segment_profile"": ""tiny8"", ""shared_suffix"": ""64""}"
experiment-3,unstable-warps,Device=0 num_rows=32768 shared_suffix=0 segment_profile=tiny16,False,False,3,0.16239872097969052,1.0169613730591818,"{""num_rows"": ""32768"", ""segment_profile"": ""tiny16"", ""shared_suffix"": ""0""}"
experiment-3,unstable-warps,Device=0 num_rows=2097152 shared_suffix=0 segment_profile=tiny16,False,False,3,0.6208383989334109,0.5677217744701121,"{""num_rows"": ""2097152"", ""segment_profile"": ""tiny16"", ""shared_suffix"": ""0""}"
experiment-3,unstable-warps,Device=0 num_rows=32768 shared_suffix=64 segment_profile=tiny16,False,False,3,0.184747519493103,0.7916737404354983,"{""num_rows"": ""32768"", ""segment_profile"": ""tiny16"", ""shared_suffix"": ""64""}"
experiment-3,unstable-warps,Device=0 num_rows=2097152 shared_suffix=64 segment_profile=tiny16,False,False,3,1.3624179196357724,0.38488664538764256,"{""num_rows"": ""2097152"", ""segment_profile"": ""tiny16"", ""shared_suffix"": ""64""}"
experiment-3,unstable-warps,Device=0 num_rows=32768 shared_suffix=0 segment_profile=tiny32,False,False,3,0.16458112001419065,2.877962921111868,"{""num_rows"": ""32768"", ""segment_profile"": ""tiny32"", ""shared_suffix"": ""0""}"
experiment-3,unstable-warps,Device=0 num_rows=2097152 shared_suffix=0 segment_profile=tiny32,False,False,3,0.6723212778568267,0.618163274195835,"{""num_rows"": ""2097152"", ""segment_profile"": ""tiny32"", ""shared_suffix"": ""0""}"
experiment-3,unstable-warps,Device=0 num_rows=32768 shared_suffix=64 segment_profile=tiny32,False,False,3,0.19483072012662886,1.632247635411363,"{""num_rows"": ""32768"", ""segment_profile"": ""tiny32"", ""shared_suffix"": ""64""}"
experiment-3,unstable-warps,Device=0 num_rows=2097152 shared_suffix=64 segment_profile=tiny32,False,False,3,1.6529516768455508,0.2529591285825909,"{""num_rows"": ""2097152"", ""segment_profile"": ""tiny32"", ""shared_suffix"": ""64""}"
baseline,identity-constant,Device=0 num_rows=2097152 profile=cardinality_1_width_32,False,False,1,0.008730239998549221,7.6064356639019035,"{""num_rows"": ""2097152"", ""profile"": ""cardinality_1_width_32""}"
experiment-0,unstable-warps,Device=0 num_rows=32768 shared_suffix=0 segment_profile=singletons,False,False,1,0.13932480037212372,2.2382471683516716,"{""num_rows"": ""32768"", ""segment_profile"": ""singletons"", ""shared_suffix"": ""0""}"
experiment-0,unstable-warps,Device=0 num_rows=2097152 shared_suffix=0 segment_profile=singletons,False,False,1,0.3520371204614639,0.8692668541103694,"{""num_rows"": ""2097152"", ""segment_profile"": ""singletons"", ""shared_suffix"": ""0""}"
experiment-0,unstable-warps,Device=0 num_rows=32768 shared_suffix=64 segment_profile=singletons,False,False,1,0.13758272051811216,1.5009686648503324,"{""num_rows"": ""32768"", ""segment_profile"": ""singletons"", ""shared_suffix"": ""64""}"
experiment-0,unstable-warps,Device=0 num_rows=2097152 shared_suffix=64 segment_profile=singletons,False,False,1,0.3896153604984285,0.9267136698432775,"{""num_rows"": ""2097152"", ""segment_profile"": ""singletons"", ""shared_suffix"": ""64""}"
experiment-0,unstable-warps,Device=0 num_rows=32768 shared_suffix=0 segment_profile=pairs,False,False,1,0.15715519934892655,1.2513402564747258,"{""num_rows"": ""32768"", ""segment_profile"": ""pairs"", ""shared_suffix"": ""0""}"
experiment-0,unstable-warps,Device=0 num_rows=2097152 shared_suffix=0 segment_profile=pairs,False,False,1,0.6499852812290194,1.0390528120943754,"{""num_rows"": ""2097152"", ""segment_profile"": ""pairs"", ""shared_suffix"": ""0""}"
experiment-0,unstable-warps,Device=0 num_rows=32768 shared_suffix=64 segment_profile=pairs,False,False,1,0.15978943943977358,1.7582601815321348,"{""num_rows"": ""32768"", ""segment_profile"": ""pairs"", ""shared_suffix"": ""64""}"
experiment-0,unstable-warps,Device=0 num_rows=2097152 shared_suffix=64 segment_profile=pairs,False,False,1,0.838380801677704,7.16866926232087,"{""num_rows"": ""2097152"", ""segment_profile"": ""pairs"", ""shared_suffix"": ""64""}"
experiment-0,unstable-warps,Device=0 num_rows=32768 shared_suffix=0 segment_profile=tiny4,False,False,1,0.15748864114284514,0.9807120499821249,"{""num_rows"": ""32768"", ""segment_profile"": ""tiny4"", ""shared_suffix"": ""0""}"
experiment-0,unstable-warps,Device=0 num_rows=2097152 shared_suffix=0 segment_profile=tiny4,False,False,1,0.5791193616390227,0.9228825779319787,"{""num_rows"": ""2097152"", ""segment_profile"": ""tiny4"", ""shared_suffix"": ""0""}"
experiment-0,unstable-warps,Device=0 num_rows=32768 shared_suffix=64 segment_profile=tiny4,False,False,1,0.16782784014940264,0.6441137525335522,"{""num_rows"": ""32768"", ""segment_profile"": ""tiny4"", ""shared_suffix"": ""64""}"
experiment-0,unstable-warps,Device=0 num_rows=2097152 shared_suffix=64 segment_profile=tiny4,False,False,1,0.9122713589668274,0.6456003196306456,"{""num_rows"": ""2097152"", ""segment_profile"": ""tiny4"", ""shared_suffix"": ""64""}"
experiment-0,unstable-warps,Device=0 num_rows=32768 shared_suffix=0 segment_profile=tiny8,False,False,1,0.16158528089523314,4.9866376802837,"{""num_rows"": ""32768"", ""segment_profile"": ""tiny8"", ""shared_suffix"": ""0""}"
experiment-0,unstable-warps,Device=0 num_rows=2097152 shared_suffix=0 segment_profile=tiny8,False,False,1,0.5904691171646118,0.735714348500105,"{""num_rows"": ""2097152"", ""segment_profile"": ""tiny8"", ""shared_suffix"": ""0""}"
experiment-0,unstable-warps,Device=0 num_rows=32768 shared_suffix=64 segment_profile=tiny8,False,False,1,0.17831615835428236,1.2708278211305228,"{""num_rows"": ""32768"", ""segment_profile"": ""tiny8"", ""shared_suffix"": ""64""}"
experiment-0,unstable-warps,Device=0 num_rows=2097152 shared_suffix=64 segment_profile=tiny8,False,False,1,1.150026879310608,0.4486991748968298,"{""num_rows"": ""2097152"", ""segment_profile"": ""tiny8"", ""shared_suffix"": ""64""}"
experiment-0,unstable-warps,Device=0 num_rows=32768 shared_suffix=0 segment_profile=tiny16,False,False,1,0.16392127990722655,0.7168465051396458,"{""num_rows"": ""32768"", ""segment_profile"": ""tiny16"", ""shared_suffix"": ""0""}"
experiment-0,unstable-warps,Device=0 num_rows=2097152 shared_suffix=0 segment_profile=tiny16,False,False,1,0.6302649569511415,0.3884514738741574,"{""num_rows"": ""2097152"", ""segment_profile"": ""tiny16"", ""shared_suffix"": ""0""}"
experiment-0,unstable-warps,Device=0 num_rows=32768 shared_suffix=64 segment_profile=tiny16,False,False,1,0.19028991878032686,13.79684788508978,"{""num_rows"": ""32768"", ""segment_profile"": ""tiny16"", ""shared_suffix"": ""64""}"
experiment-0,unstable-warps,Device=0 num_rows=2097152 shared_suffix=64 segment_profile=tiny16,False,False,1,1.3690323209762576,0.2875900307024537,"{""num_rows"": ""2097152"", ""segment_profile"": ""tiny16"", ""shared_suffix"": ""64""}"
experiment-0,unstable-warps,Device=0 num_rows=32768 shared_suffix=0 segment_profile=tiny32,False,False,1,0.1644582396745682,2.5466518138428746,"{""num_rows"": ""32768"", ""segment_profile"": ""tiny32"", ""shared_suffix"": ""0""}"
experiment-0,unstable-warps,Device=0 num_rows=2097152 shared_suffix=0 segment_profile=tiny32,False,False,1,0.6841401588916778,0.35571510716582827,"{""num_rows"": ""2097152"", ""segment_profile"": ""tiny32"", ""shared_suffix"": ""0""}"
experiment-0,unstable-warps,Device=0 num_rows=32768 shared_suffix=64 segment_profile=tiny32,False,False,1,0.1962457591295242,1.9100855054424861,"{""num_rows"": ""32768"", ""segment_profile"": ""tiny32"", ""shared_suffix"": ""64""}"
experiment-0,unstable-warps,Device=0 num_rows=2097152 shared_suffix=64 segment_profile=tiny32,False,False,1,1.6585356736183166,0.2562170161964738,"{""num_rows"": ""2097152"", ""segment_profile"": ""tiny32"", ""shared_suffix"": ""64""}"
experiment-15,active-fractions,Device=0 num_rows=262144 profile=active_10,False,False,2,0.29913536190986634,2.335889599236456,"{""num_rows"": ""262144"", ""profile"": ""active_10""}"
experiment-15,active-fractions,Device=0 num_rows=2097152 profile=active_10,False,False,2,0.5463340818881988,0.6306491343406584,"{""num_rows"": ""2097152"", ""profile"": ""active_10""}"
experiment-15,active-fractions,Device=0 num_rows=262144 profile=active_50,False,False,2,0.3362816023826599,4.942690359746668,"{""num_rows"": ""262144"", ""profile"": ""active_50""}"
experiment-15,active-fractions,Device=0 num_rows=2097152 profile=active_50,False,False,2,0.8740025615692137,4.0256750289450345,"{""num_rows"": ""2097152"", ""profile"": ""active_50""}"
experiment-31,active-fractions,Device=0 num_rows=262144 profile=active_10,False,False,3,0.298778241276741,0.9364819567793287,"{""num_rows"": ""262144"", ""profile"": ""active_10""}"
experiment-31,active-fractions,Device=0 num_rows=2097152 profile=active_10,False,False,3,0.5463423991203309,0.5397258874556992,"{""num_rows"": ""2097152"", ""profile"": ""active_10""}"
experiment-31,active-fractions,Device=0 num_rows=262144 profile=active_50,False,False,3,0.3333094400167466,0.5596799088259595,"{""num_rows"": ""262144"", ""profile"": ""active_50""}"
experiment-31,active-fractions,Device=0 num_rows=2097152 profile=active_50,False,False,3,0.8699078440666197,0.4507470015225617,"{""num_rows"": ""2097152"", ""profile"": ""active_50""}"
experiment-31,stable-warps,Device=0 num_rows=32768 shared_suffix=0 segment_profile=pairs,True,False,3,0.16406655997037886,1.6840470586816862,"{""num_rows"": ""32768"", ""segment_profile"": ""pairs"", ""shared_suffix"": ""0""}"
experiment-31,stable-warps,Device=0 num_rows=2097152 shared_suffix=0 segment_profile=pairs,True,False,3,0.6544979214668274,1.0679965946618615,"{""num_rows"": ""2097152"", ""segment_profile"": ""pairs"", ""shared_suffix"": ""0""}"
experiment-31,stable-warps,Device=0 num_rows=32768 shared_suffix=64 segment_profile=pairs,True,False,3,0.1611750394105911,2.1125752946043086,"{""num_rows"": ""32768"", ""segment_profile"": ""pairs"", ""shared_suffix"": ""64""}"
experiment-31,stable-warps,Device=0 num_rows=2097152 shared_suffix=64 segment_profile=pairs,True,False,3,0.824787837266922,1.0232769530071435,"{""num_rows"": ""2097152"", ""segment_profile"": ""pairs"", ""shared_suffix"": ""64""}"
experiment-31,stable-warps,Device=0 num_rows=32768 shared_suffix=0 segment_profile=tiny4,True,False,3,0.1583289602398872,1.874242422293763,"{""num_rows"": ""32768"", ""segment_profile"": ""tiny4"", ""shared_suffix"": ""0""}"
experiment-31,stable-warps,Device=0 num_rows=2097152 shared_suffix=0 segment_profile=tiny4,True,False,3,0.578942724466324,0.8285658045042132,"{""num_rows"": ""2097152"", ""segment_profile"": ""tiny4"", ""shared_suffix"": ""0""}"
experiment-31,stable-warps,Device=0 num_rows=32768 shared_suffix=64 segment_profile=tiny4,True,False,3,0.1694943997263909,1.9350206888239192,"{""num_rows"": ""32768"", ""segment_profile"": ""tiny4"", ""shared_suffix"": ""64""}"
experiment-31,stable-warps,Device=0 num_rows=2097152 shared_suffix=64 segment_profile=tiny4,True,False,3,0.911612799167633,0.5490975797528859,"{""num_rows"": ""2097152"", ""segment_profile"": ""tiny4"", ""shared_suffix"": ""64""}"
experiment-31,stable-warps,Device=0 num_rows=32768 shared_suffix=0 segment_profile=tiny8,True,False,3,0.15901759922504424,1.0554853014705945,"{""num_rows"": ""32768"", ""segment_profile"": ""tiny8"", ""shared_suffix"": ""0""}"
experiment-31,stable-warps,Device=0 num_rows=2097152 shared_suffix=0 segment_profile=tiny8,True,False,3,0.5814873611927033,0.7051108869757323,"{""num_rows"": ""2097152"", ""segment_profile"": ""tiny8"", ""shared_suffix"": ""0""}"
experiment-31,stable-warps,Device=0 num_rows=32768 shared_suffix=64 segment_profile=tiny8,True,False,3,0.1780096000432968,1.4338668508893984,"{""num_rows"": ""32768"", ""segment_profile"": ""tiny8"", ""shared_suffix"": ""64""}"
experiment-31,stable-warps,Device=0 num_rows=2097152 shared_suffix=64 segment_profile=tiny8,True,False,3,1.1400550317764282,0.2705022586469266,"{""num_rows"": ""2097152"", ""segment_profile"": ""tiny8"", ""shared_suffix"": ""64""}"
experiment-31,stable-warps,Device=0 num_rows=32768 shared_suffix=0 segment_profile=tiny16,True,False,3,0.1621619200706482,1.7229513279580673,"{""num_rows"": ""32768"", ""segment_profile"": ""tiny16"", ""shared_suffix"": ""0""}"
experiment-31,stable-warps,Device=0 num_rows=2097152 shared_suffix=0 segment_profile=tiny16,True,False,3,0.6090495991706848,0.46337027840281886,"{""num_rows"": ""2097152"", ""segment_profile"": ""tiny16"", ""shared_suffix"": ""0""}"
experiment-31,stable-warps,Device=0 num_rows=32768 shared_suffix=64 segment_profile=tiny16,True,False,3,0.18434687882661818,1.3659309443036844,"{""num_rows"": ""32768"", ""segment_profile"": ""tiny16"", ""shared_suffix"": ""64""}"
experiment-31,stable-warps,Device=0 num_rows=2097152 shared_suffix=64 segment_profile=tiny16,True,False,3,1.350376327037811,0.32370641891504726,"{""num_rows"": ""2097152"", ""segment_profile"": ""tiny16"", ""shared_suffix"": ""64""}"
experiment-31,stable-warps,Device=0 num_rows=32768 shared_suffix=0 segment_profile=tiny32,True,False,3,0.16682432115077975,1.977399364327868,"{""num_rows"": ""32768"", ""segment_profile"": ""tiny32"", ""shared_suffix"": ""0""}"
experiment-31,stable-warps,Device=0 num_rows=2097152 shared_suffix=0 segment_profile=tiny32,True,False,3,0.6620691156387329,0.45441594549410225,"{""num_rows"": ""2097152"", ""segment_profile"": ""tiny32"", ""shared_suffix"": ""0""}"
experiment-31,stable-warps,Device=0 num_rows=32768 shared_suffix=64 segment_profile=tiny32,True,False,3,0.1956051215529442,1.5950591783527646,"{""num_rows"": ""32768"", ""segment_profile"": ""tiny32"", ""shared_suffix"": ""64""}"
experiment-31,stable-warps,Device=0 num_rows=2097152 shared_suffix=64 segment_profile=tiny32,True,False,3,1.643494408130646,0.2835956669804291,"{""num_rows"": ""2097152"", ""segment_profile"": ""tiny32"", ""shared_suffix"": ""64""}"
experiment-3,stable-warps-desc,Device=0 num_rows=32768 shared_suffix=0 segment_profile=pairs,True,True,1,0.15851007878780365,1.3627202039339135,"{""num_rows"": ""32768"", ""segment_profile"": ""pairs"", ""shared_suffix"": ""0""}"
experiment-3,stable-warps-desc,Device=0 num_rows=2097152 shared_suffix=0 segment_profile=pairs,True,True,1,0.6489228773117066,1.1146190480828406,"{""num_rows"": ""2097152"", ""segment_profile"": ""pairs"", ""shared_suffix"": ""0""}"
experiment-3,stable-warps-desc,Device=0 num_rows=32768 shared_suffix=64 segment_profile=pairs,True,True,1,0.15906496077775953,1.0441483190936705,"{""num_rows"": ""32768"", ""segment_profile"": ""pairs"", ""shared_suffix"": ""64""}"
experiment-3,stable-warps-desc,Device=0 num_rows=2097152 shared_suffix=64 segment_profile=pairs,True,True,1,0.8218540799617771,0.7664809193109333,"{""num_rows"": ""2097152"", ""segment_profile"": ""pairs"", ""shared_suffix"": ""64""}"
experiment-3,stable-warps-desc,Device=0 num_rows=32768 shared_suffix=0 segment_profile=tiny4,True,True,1,0.1579244804382324,2.4312308178884003,"{""num_rows"": ""32768"", ""segment_profile"": ""tiny4"", ""shared_suffix"": ""0""}"
experiment-3,stable-warps-desc,Device=0 num_rows=2097152 shared_suffix=0 segment_profile=tiny4,True,True,1,0.573785593509674,0.8623101268814566,"{""num_rows"": ""2097152"", ""segment_profile"": ""tiny4"", ""shared_suffix"": ""0""}"
experiment-3,stable-warps-desc,Device=0 num_rows=32768 shared_suffix=64 segment_profile=tiny4,True,True,1,0.16742976009845734,1.1926483106370032,"{""num_rows"": ""32768"", ""segment_profile"": ""tiny4"", ""shared_suffix"": ""64""}"
experiment-3,stable-warps-desc,Device=0 num_rows=2097152 shared_suffix=64 segment_profile=tiny4,True,True,1,0.9078835189342499,0.5636809703404234,"{""num_rows"": ""2097152"", ""segment_profile"": ""tiny4"", ""shared_suffix"": ""64""}"
experiment-3,stable-warps-desc,Device=0 num_rows=32768 shared_suffix=0 segment_profile=tiny8,True,True,1,0.15852543920278545,0.6023848020612328,"{""num_rows"": ""32768"", ""segment_profile"": ""tiny8"", ""shared_suffix"": ""0""}"
experiment-3,stable-warps-desc,Device=0 num_rows=2097152 shared_suffix=0 segment_profile=tiny8,True,True,1,0.5798380804061889,0.8394748660672966,"{""num_rows"": ""2097152"", ""segment_profile"": ""tiny8"", ""shared_suffix"": ""0""}"
experiment-3,stable-warps-desc,Device=0 num_rows=32768 shared_suffix=64 segment_profile=tiny8,True,True,1,0.17720448076725007,1.2944463923479252,"{""num_rows"": ""32768"", ""segment_profile"": ""tiny8"", ""shared_suffix"": ""64""}"
experiment-3,stable-warps-desc,Device=0 num_rows=2097152 shared_suffix=64 segment_profile=tiny8,True,True,1,1.1373644852638247,0.3512209124952175,"{""num_rows"": ""2097152"", ""segment_profile"": ""tiny8"", ""shared_suffix"": ""64""}"
experiment-3,stable-warps-desc,Device=0 num_rows=32768 shared_suffix=0 segment_profile=tiny16,True,True,1,0.16114048093557362,0.6727368785869758,"{""num_rows"": ""32768"", ""segment_profile"": ""tiny16"", ""shared_suffix"": ""0""}"
experiment-3,stable-warps-desc,Device=0 num_rows=2097152 shared_suffix=0 segment_profile=tiny16,True,True,1,0.60500480055809,0.6174220913155498,"{""num_rows"": ""2097152"", ""segment_profile"": ""tiny16"", ""shared_suffix"": ""0""}"
experiment-3,stable-warps-desc,Device=0 num_rows=32768 shared_suffix=64 segment_profile=tiny16,True,True,1,0.18364479959011082,0.9785444243485942,"{""num_rows"": ""32768"", ""segment_profile"": ""tiny16"", ""shared_suffix"": ""64""}"
experiment-3,stable-warps-desc,Device=0 num_rows=2097152 shared_suffix=64 segment_profile=tiny16,True,True,1,1.3463494491577148,0.31612391981995985,"{""num_rows"": ""2097152"", ""segment_profile"": ""tiny16"", ""shared_suffix"": ""64""}"
experiment-3,stable-warps-desc,Device=0 num_rows=32768 shared_suffix=0 segment_profile=tiny32,True,True,1,0.16481792032718656,6.508460833746023,"{""num_rows"": ""32768"", ""segment_profile"": ""tiny32"", ""shared_suffix"": ""0""}"
experiment-3,stable-warps-desc,Device=0 num_rows=2097152 shared_suffix=0 segment_profile=tiny32,True,True,1,0.6589055967330931,0.4856366555959443,"{""num_rows"": ""2097152"", ""segment_profile"": ""tiny32"", ""shared_suffix"": ""0""}"
experiment-3,stable-warps-desc,Device=0 num_rows=32768 shared_suffix=64 segment_profile=tiny32,True,True,1,0.19347200065851208,2.1276584902966538,"{""num_rows"": ""32768"", ""segment_profile"": ""tiny32"", ""shared_suffix"": ""64""}"
experiment-3,stable-warps-desc,Device=0 num_rows=2097152 shared_suffix=64 segment_profile=tiny32,True,True,1,1.6401139211654663,0.273059946661561,"{""num_rows"": ""2097152"", ""segment_profile"": ""tiny32"", ""shared_suffix"": ""64""}"
experiment-2,stable-warps,Device=0 num_rows=32768 shared_suffix=0 segment_profile=pairs,True,False,0,0.16017216056585312,0.8888860031286253,"{""num_rows"": ""32768"", ""segment_profile"": ""pairs"", ""shared_suffix"": ""0""}"
experiment-2,stable-warps,Device=0 num_rows=2097152 shared_suffix=0 segment_profile=pairs,True,False,0,0.6536505627632143,1.074945932754953,"{""num_rows"": ""2097152"", ""segment_profile"": ""pairs"", ""shared_suffix"": ""0""}"
experiment-2,stable-warps,Device=0 num_rows=32768 shared_suffix=64 segment_profile=pairs,True,False,0,0.1611251205205917,2.006326943424631,"{""num_rows"": ""32768"", ""segment_profile"": ""pairs"", ""shared_suffix"": ""64""}"
experiment-2,stable-warps,Device=0 num_rows=2097152 shared_suffix=64 segment_profile=pairs,True,False,0,0.8271526396274568,0.8293974925101567,"{""num_rows"": ""2097152"", ""segment_profile"": ""pairs"", ""shared_suffix"": ""64""}"
experiment-2,stable-warps,Device=0 num_rows=32768 shared_suffix=0 segment_profile=tiny4,True,False,0,0.1583724799752236,1.4814547242321854,"{""num_rows"": ""32768"", ""segment_profile"": ""tiny4"", ""shared_suffix"": ""0""}"
experiment-2,stable-warps,Device=0 num_rows=2097152 shared_suffix=0 segment_profile=tiny4,True,False,0,0.5809375977516176,0.7806890857387327,"{""num_rows"": ""2097152"", ""segment_profile"": ""tiny4"", ""shared_suffix"": ""0""}"
experiment-2,stable-warps,Device=0 num_rows=32768 shared_suffix=64 segment_profile=tiny4,True,False,0,0.1690368005633354,1.4047678012597553,"{""num_rows"": ""32768"", ""segment_profile"": ""tiny4"", ""shared_suffix"": ""64""}"
experiment-2,stable-warps,Device=0 num_rows=2097152 shared_suffix=64 segment_profile=tiny4,True,False,0,0.9135212802886966,0.5923116603867788,"{""num_rows"": ""2097152"", ""segment_profile"": ""tiny4"", ""shared_suffix"": ""64""}"
experiment-2,stable-warps,Device=0 num_rows=32768 shared_suffix=0 segment_profile=tiny8,True,False,0,0.16015168011188508,1.659087544842456,"{""num_rows"": ""32768"", ""segment_profile"": ""tiny8"", ""shared_suffix"": ""0""}"
experiment-2,stable-warps,Device=0 num_rows=2097152 shared_suffix=0 segment_profile=tiny8,True,False,0,0.5895539188385007,1.2957310105692135,"{""num_rows"": ""2097152"", ""segment_profile"": ""tiny8"", ""shared_suffix"": ""0""}"
experiment-2,stable-warps,Device=0 num_rows=32768 shared_suffix=64 segment_profile=tiny8,True,False,0,0.17883711963891985,1.6462364914246117,"{""num_rows"": ""32768"", ""segment_profile"": ""tiny8"", ""shared_suffix"": ""64""}"
experiment-2,stable-warps,Device=0 num_rows=2097152 shared_suffix=64 segment_profile=tiny8,True,False,0,1.1470246481895445,0.3915853369836195,"{""num_rows"": ""2097152"", ""segment_profile"": ""tiny8"", ""shared_suffix"": ""64""}"
experiment-2,stable-warps,Device=0 num_rows=32768 shared_suffix=0 segment_profile=tiny16,True,False,0,0.16735040009021754,22.817551181633565,"{""num_rows"": ""32768"", ""segment_profile"": ""tiny16"", ""shared_suffix"": ""0""}"
experiment-2,stable-warps,Device=0 num_rows=2097152 shared_suffix=0 segment_profile=tiny16,True,False,0,0.6186374402046204,0.4236357735455958,"{""num_rows"": ""2097152"", ""segment_profile"": ""tiny16"", ""shared_suffix"": ""0""}"
experiment-2,stable-warps,Device=0 num_rows=32768 shared_suffix=64 segment_profile=tiny16,True,False,0,0.18518208026885985,1.4953580937684694,"{""num_rows"": ""32768"", ""segment_profile"": ""tiny16"", ""shared_suffix"": ""64""}"
experiment-2,stable-warps,Device=0 num_rows=2097152 shared_suffix=64 segment_profile=tiny16,True,False,0,1.361797761917114,0.3026570345038124,"{""num_rows"": ""2097152"", ""segment_profile"": ""tiny16"", ""shared_suffix"": ""64""}"
experiment-2,stable-warps,Device=0 num_rows=32768 shared_suffix=0 segment_profile=tiny32,True,False,0,0.1648153594136238,1.01342715089849,"{""num_rows"": ""32768"", ""segment_profile"": ""tiny32"", ""shared_suffix"": ""0""}"
experiment-2,stable-warps,Device=0 num_rows=2097152 shared_suffix=0 segment_profile=tiny32,True,False,0,0.6739411199092865,0.37457359794992756,"{""num_rows"": ""2097152"", ""segment_profile"": ""tiny32"", ""shared_suffix"": ""0""}"
experiment-2,stable-warps,Device=0 num_rows=32768 shared_suffix=64 segment_profile=tiny32,True,False,0,0.19518143892288206,1.1478560831565743,"{""num_rows"": ""32768"", ""segment_profile"": ""tiny32"", ""shared_suffix"": ""64""}"
experiment-2,stable-warps,Device=0 num_rows=2097152 shared_suffix=64 segment_profile=tiny32,True,False,0,1.6519590377807623,0.28528788865312715,"{""num_rows"": ""2097152"", ""segment_profile"": ""tiny32"", ""shared_suffix"": ""64""}"
experiment-31,prefix-targets,Device=0 num_rows=262144 prefix_width=8 suffix_width=32 prefix_cardinality=1,False,False,2,0.5737952017784118,0.7110675989986992,"{""num_rows"": ""262144"", ""prefix_cardinality"": ""1"", ""prefix_width"": ""8"", ""suffix_width"": ""32""}"
experiment-31,prefix-targets,Device=0 num_rows=2097152 prefix_width=8 suffix_width=32 prefix_cardinality=1,False,False,2,4.170606708526613,0.32179679375500014,"{""num_rows"": ""2097152"", ""prefix_cardinality"": ""1"", ""prefix_width"": ""8"", ""suffix_width"": ""32""}"
experiment-31,prefix-targets,Device=0 num_rows=262144 prefix_width=10 suffix_width=32 prefix_cardinality=1,False,False,2,0.6068038415908814,0.8522452980033799,"{""num_rows"": ""262144"", ""prefix_cardinality"": ""1"", ""prefix_width"": ""10"", ""suffix_width"": ""32""}"
experiment-31,prefix-targets,Device=0 num_rows=2097152 prefix_width=10 suffix_width=32 prefix_cardinality=1,False,False,2,4.386095342636109,0.43615828054883454,"{""num_rows"": ""2097152"", ""prefix_cardinality"": ""1"", ""prefix_width"": ""10"", ""suffix_width"": ""32""}"
experiment-31,prefix-targets,Device=0 num_rows=262144 prefix_width=11 suffix_width=32 prefix_cardinality=1,False,False,2,0.6163097596168517,0.387698441262705,"{""num_rows"": ""262144"", ""prefix_cardinality"": ""1"", ""prefix_width"": ""11"", ""suffix_width"": ""32""}"
experiment-31,prefix-targets,Device=0 num_rows=2097152 prefix_width=11 suffix_width=32 prefix_cardinality=1,False,False,2,4.45195454597473,0.4895390519977835,"{""num_rows"": ""2097152"", ""prefix_cardinality"": ""1"", ""prefix_width"": ""11"", ""suffix_width"": ""32""}"
experiment-31,prefix-targets,Device=0 num_rows=262144 prefix_width=12 suffix_width=32 prefix_cardinality=1,False,False,2,0.6278463983535765,0.6043759048813023,"{""num_rows"": ""262144"", ""prefix_cardinality"": ""1"", ""prefix_width"": ""12"", ""suffix_width"": ""32""}"
experiment-31,prefix-targets,Device=0 num_rows=2097152 prefix_width=12 suffix_width=32 prefix_cardinality=1,False,False,2,4.506385288238526,0.25596093219747884,"{""num_rows"": ""2097152"", ""prefix_cardinality"": ""1"", ""prefix_width"": ""12"", ""suffix_width"": ""32""}"
experiment-15,prefix-targets,Device=0 num_rows=262144 prefix_width=8 suffix_width=32 prefix_cardinality=1,False,False,0,0.5741318368911743,0.4350188852113169,"{""num_rows"": ""262144"", ""prefix_cardinality"": ""1"", ""prefix_width"": ""8"", ""suffix_width"": ""32""}"
experiment-15,prefix-targets,Device=0 num_rows=2097152 prefix_width=8 suffix_width=32 prefix_cardinality=1,False,False,0,4.164835195541381,0.3964615858479314,"{""num_rows"": ""2097152"", ""prefix_cardinality"": ""1"", ""prefix_width"": ""8"", ""suffix_width"": ""32""}"
experiment-15,prefix-targets,Device=0 num_rows=262144 prefix_width=10 suffix_width=32 prefix_cardinality=1,False,False,0,0.6104300808906554,0.713173617659451,"{""num_rows"": ""262144"", ""prefix_cardinality"": ""1"", ""prefix_width"": ""10"", ""suffix_width"": ""32""}"
experiment-15,prefix-targets,Device=0 num_rows=2097152 prefix_width=10 suffix_width=32 prefix_cardinality=1,False,False,0,4.386913299560546,0.42815161605344026,"{""num_rows"": ""2097152"", ""prefix_cardinality"": ""1"", ""prefix_width"": ""10"", ""suffix_width"": ""32""}"
experiment-15,prefix-targets,Device=0 num_rows=262144 prefix_width=11 suffix_width=32 prefix_cardinality=1,False,False,0,0.6178668808937072,0.5684295133696943,"{""num_rows"": ""262144"", ""prefix_cardinality"": ""1"", ""prefix_width"": ""11"", ""suffix_width"": ""32""}"
experiment-15,prefix-targets,Device=0 num_rows=2097152 prefix_width=11 suffix_width=32 prefix_cardinality=1,False,False,0,4.446507520675659,0.25793809262711426,"{""num_rows"": ""2097152"", ""prefix_cardinality"": ""1"", ""prefix_width"": ""11"", ""suffix_width"": ""32""}"
experiment-15,prefix-targets,Device=0 num_rows=262144 prefix_width=12 suffix_width=32 prefix_cardinality=1,False,False,0,0.6291552019119263,0.5367217846603289,"{""num_rows"": ""262144"", ""prefix_cardinality"": ""1"", ""prefix_width"": ""12"", ""suffix_width"": ""32""}"
experiment-15,prefix-targets,Device=0 num_rows=2097152 prefix_width=12 suffix_width=32 prefix_cardinality=1,False,False,0,4.5024217510223385,0.21704986610057683,"{""num_rows"": ""2097152"", ""prefix_cardinality"": ""1"", ""prefix_width"": ""12"", ""suffix_width"": ""32""}"
experiment-2,stable-warps-desc,Device=0 num_rows=32768 shared_suffix=0 segment_profile=pairs,True,True,1,0.15958080023527144,0.8683927195598841,"{""num_rows"": ""32768"", ""segment_profile"": ""pairs"", ""shared_suffix"": ""0""}"
experiment-2,stable-warps-desc,Device=0 num_rows=2097152 shared_suffix=0 segment_profile=pairs,True,True,1,0.6551327991485595,1.0040008847760895,"{""num_rows"": ""2097152"", ""segment_profile"": ""pairs"", ""shared_suffix"": ""0""}"
experiment-2,stable-warps-desc,Device=0 num_rows=32768 shared_suffix=64 segment_profile=pairs,True,True,1,0.1639603191614151,2.3393413578616458,"{""num_rows"": ""32768"", ""segment_profile"": ""pairs"", ""shared_suffix"": ""64""}"
experiment-2,stable-warps-desc,Device=0 num_rows=2097152 shared_suffix=64 segment_profile=pairs,True,True,1,0.8243052804470063,0.9307936456586711,"{""num_rows"": ""2097152"", ""segment_profile"": ""pairs"", ""shared_suffix"": ""64""}"
experiment-2,stable-warps-desc,Device=0 num_rows=32768 shared_suffix=0 segment_profile=tiny4,True,True,1,0.16051456093788147,2.4608816008741408,"{""num_rows"": ""32768"", ""segment_profile"": ""tiny4"", ""shared_suffix"": ""0""}"
experiment-2,stable-warps-desc,Device=0 num_rows=2097152 shared_suffix=0 segment_profile=tiny4,True,True,1,0.5809708786010741,1.0362206547475943,"{""num_rows"": ""2097152"", ""segment_profile"": ""tiny4"", ""shared_suffix"": ""0""}"
experiment-2,stable-warps-desc,Device=0 num_rows=32768 shared_suffix=64 segment_profile=tiny4,True,True,1,0.17101824074983607,2.022937558464161,"{""num_rows"": ""32768"", ""segment_profile"": ""tiny4"", ""shared_suffix"": ""64""}"
experiment-2,stable-warps-desc,Device=0 num_rows=2097152 shared_suffix=64 segment_profile=tiny4,True,True,1,0.9132639956474304,0.4624821155200357,"{""num_rows"": ""2097152"", ""segment_profile"": ""tiny4"", ""shared_suffix"": ""64""}"
experiment-2,stable-warps-desc,Device=0 num_rows=32768 shared_suffix=0 segment_profile=tiny8,True,True,1,0.1610912001132965,2.210458020558237,"{""num_rows"": ""32768"", ""segment_profile"": ""tiny8"", ""shared_suffix"": ""0""}"
experiment-2,stable-warps-desc,Device=0 num_rows=2097152 shared_suffix=0 segment_profile=tiny8,True,True,1,0.5884460783004762,0.6233242052460394,"{""num_rows"": ""2097152"", ""segment_profile"": ""tiny8"", ""shared_suffix"": ""0""}"
experiment-2,stable-warps-desc,Device=0 num_rows=32768 shared_suffix=64 segment_profile=tiny8,True,True,1,0.1802732798457146,2.0639907917107116,"{""num_rows"": ""32768"", ""segment_profile"": ""tiny8"", ""shared_suffix"": ""64""}"
experiment-2,stable-warps-desc,Device=0 num_rows=2097152 shared_suffix=64 segment_profile=tiny8,True,True,1,1.1462771201133726,0.3719909259195574,"{""num_rows"": ""2097152"", ""segment_profile"": ""tiny8"", ""shared_suffix"": ""64""}"
experiment-2,stable-warps-desc,Device=0 num_rows=32768 shared_suffix=0 segment_profile=tiny16,True,True,1,0.16246911972761155,1.9627602870145329,"{""num_rows"": ""32768"", ""segment_profile"": ""tiny16"", ""shared_suffix"": ""0""}"
experiment-2,stable-warps-desc,Device=0 num_rows=2097152 shared_suffix=0 segment_profile=tiny16,True,True,1,0.6180473637580871,0.5242473757704009,"{""num_rows"": ""2097152"", ""segment_profile"": ""tiny16"", ""shared_suffix"": ""0""}"
experiment-2,stable-warps-desc,Device=0 num_rows=32768 shared_suffix=64 segment_profile=tiny16,True,True,1,0.19065599977970124,16.959107567455707,"{""num_rows"": ""32768"", ""segment_profile"": ""tiny16"", ""shared_suffix"": ""64""}"
experiment-2,stable-warps-desc,Device=0 num_rows=2097152 shared_suffix=64 segment_profile=tiny16,True,True,1,1.3581766414642336,0.32669446866178986,"{""num_rows"": ""2097152"", ""segment_profile"": ""tiny16"", ""shared_suffix"": ""64""}"
experiment-2,stable-warps-desc,Device=0 num_rows=32768 shared_suffix=0 segment_profile=tiny32,True,True,1,0.16365439981222146,0.9535166360895347,"{""num_rows"": ""32768"", ""segment_profile"": ""tiny32"", ""shared_suffix"": ""0""}"
experiment-2,stable-warps-desc,Device=0 num_rows=2097152 shared_suffix=0 segment_profile=tiny32,True,True,1,0.6750796782970427,0.782277794538223,"{""num_rows"": ""2097152"", ""segment_profile"": ""tiny32"", ""shared_suffix"": ""0""}"
experiment-2,stable-warps-desc,Device=0 num_rows=32768 shared_suffix=64 segment_profile=tiny32,True,True,1,0.1949964806437493,1.2681422392190735,"{""num_rows"": ""32768"", ""segment_profile"": ""tiny32"", ""shared_suffix"": ""64""}"
experiment-2,stable-warps-desc,Device=0 num_rows=2097152 shared_suffix=64 segment_profile=tiny32,True,True,1,1.6514182496070866,0.21624203198864822,"{""num_rows"": ""2097152"", ""segment_profile"": ""tiny32"", ""shared_suffix"": ""64""}"
baseline,identity-constant,Device=0 num_rows=2097152 profile=cardinality_1_width_32,False,False,0,0.008572799991816283,15.330903338535022,"{""num_rows"": ""2097152"", ""profile"": ""cardinality_1_width_32""}"
experiment-31,active-fractions,Device=0 num_rows=262144 profile=active_10,False,False,0,0.2984806406497955,0.9764670249400867,"{""num_rows"": ""262144"", ""profile"": ""active_10""}"
experiment-31,active-fractions,Device=0 num_rows=2097152 profile=active_10,False,False,0,0.5451052832603455,0.615639032643515,"{""num_rows"": ""2097152"", ""profile"": ""active_10""}"
experiment-31,active-fractions,Device=0 num_rows=262144 profile=active_50,False,False,0,0.3378368002176284,8.883906544079366,"{""num_rows"": ""262144"", ""profile"": ""active_50""}"
experiment-31,active-fractions,Device=0 num_rows=2097152 profile=active_50,False,False,0,0.869178237915039,0.4531047526033727,"{""num_rows"": ""2097152"", ""profile"": ""active_50""}"
experiment-31,stable-warps-desc,Device=0 num_rows=32768 shared_suffix=0 segment_profile=pairs,True,True,2,0.16025088012218477,0.8007248602285968,"{""num_rows"": ""32768"", ""segment_profile"": ""pairs"", ""shared_suffix"": ""0""}"
experiment-31,stable-warps-desc,Device=0 num_rows=2097152 shared_suffix=0 segment_profile=pairs,True,True,2,0.655023361444473,1.1123544025769003,"{""num_rows"": ""2097152"", ""segment_profile"": ""pairs"", ""shared_suffix"": ""0""}"
experiment-31,stable-warps-desc,Device=0 num_rows=32768 shared_suffix=64 segment_profile=pairs,True,True,2,0.1607155212759972,1.4469570062401174,"{""num_rows"": ""32768"", ""segment_profile"": ""pairs"", ""shared_suffix"": ""64""}"
experiment-31,stable-warps-desc,Device=0 num_rows=2097152 shared_suffix=64 segment_profile=pairs,True,True,2,0.8261689567565916,0.8698957078706153,"{""num_rows"": ""2097152"", ""segment_profile"": ""pairs"", ""shared_suffix"": ""64""}"
experiment-31,stable-warps-desc,Device=0 num_rows=32768 shared_suffix=0 segment_profile=tiny4,True,True,2,0.15793407946825028,1.2346470616660028,"{""num_rows"": ""32768"", ""segment_profile"": ""tiny4"", ""shared_suffix"": ""0""}"
experiment-31,stable-warps-desc,Device=0 num_rows=2097152 shared_suffix=0 segment_profile=tiny4,True,True,2,0.5808768033981321,0.9836303801128902,"{""num_rows"": ""2097152"", ""segment_profile"": ""tiny4"", ""shared_suffix"": ""0""}"
experiment-31,stable-warps-desc,Device=0 num_rows=32768 shared_suffix=64 segment_profile=tiny4,True,True,2,0.1689516800642014,1.7721462742268033,"{""num_rows"": ""32768"", ""segment_profile"": ""tiny4"", ""shared_suffix"": ""64""}"
experiment-31,stable-warps-desc,Device=0 num_rows=2097152 shared_suffix=64 segment_profile=tiny4,True,True,2,0.9104307210445407,0.5806409394242519,"{""num_rows"": ""2097152"", ""segment_profile"": ""tiny4"", ""shared_suffix"": ""64""}"
experiment-31,stable-warps-desc,Device=0 num_rows=32768 shared_suffix=0 segment_profile=tiny8,True,True,2,0.15998720079660417,1.584401803499855,"{""num_rows"": ""32768"", ""segment_profile"": ""tiny8"", ""shared_suffix"": ""0""}"
experiment-31,stable-warps-desc,Device=0 num_rows=2097152 shared_suffix=0 segment_profile=tiny8,True,True,2,0.5831116795539857,0.6545076513065501,"{""num_rows"": ""2097152"", ""segment_profile"": ""tiny8"", ""shared_suffix"": ""0""}"
experiment-31,stable-warps-desc,Device=0 num_rows=32768 shared_suffix=64 segment_profile=tiny8,True,True,2,0.17840640068054198,1.7873727517732327,"{""num_rows"": ""32768"", ""segment_profile"": ""tiny8"", ""shared_suffix"": ""64""}"
experiment-31,stable-warps-desc,Device=0 num_rows=2097152 shared_suffix=64 segment_profile=tiny8,True,True,2,1.1411507177352906,0.37192581996888885,"{""num_rows"": ""2097152"", ""segment_profile"": ""tiny8"", ""shared_suffix"": ""64""}"
experiment-31,stable-warps-desc,Device=0 num_rows=32768 shared_suffix=0 segment_profile=tiny16,True,True,2,0.16310911923646923,3.921643979675798,"{""num_rows"": ""32768"", ""segment_profile"": ""tiny16"", ""shared_suffix"": ""0""}"
experiment-31,stable-warps-desc,Device=0 num_rows=2097152 shared_suffix=0 segment_profile=tiny16,True,True,2,0.6091385626792907,0.5960950010732712,"{""num_rows"": ""2097152"", ""segment_profile"": ""tiny16"", ""shared_suffix"": ""0""}"
experiment-31,stable-warps-desc,Device=0 num_rows=32768 shared_suffix=64 segment_profile=tiny16,True,True,2,0.1850745591521263,1.1525674323147688,"{""num_rows"": ""32768"", ""segment_profile"": ""tiny16"", ""shared_suffix"": ""64""}"
experiment-31,stable-warps-desc,Device=0 num_rows=2097152 shared_suffix=64 segment_profile=tiny16,True,True,2,1.3497196769714357,0.32003574338880764,"{""num_rows"": ""2097152"", ""segment_profile"": ""tiny16"", ""shared_suffix"": ""64""}"
experiment-31,stable-warps-desc,Device=0 num_rows=32768 shared_suffix=0 segment_profile=tiny32,True,True,2,0.16468096077442168,1.393372759577369,"{""num_rows"": ""32768"", ""segment_profile"": ""tiny32"", ""shared_suffix"": ""0""}"
experiment-31,stable-warps-desc,Device=0 num_rows=2097152 shared_suffix=0 segment_profile=tiny32,True,True,2,0.6615430402755736,0.455903726435148,"{""num_rows"": ""2097152"", ""segment_profile"": ""tiny32"", ""shared_suffix"": ""0""}"
experiment-31,stable-warps-desc,Device=0 num_rows=32768 shared_suffix=64 segment_profile=tiny32,True,True,2,0.19470527946949007,0.7766672760543761,"{""num_rows"": ""32768"", ""segment_profile"": ""tiny32"", ""shared_suffix"": ""64""}"
experiment-31,stable-warps-desc,Device=0 num_rows=2097152 shared_suffix=64 segment_profile=tiny32,True,True,2,1.6425420784950255,0.2634106745514309,"{""num_rows"": ""2097152"", ""segment_profile"": ""tiny32"", ""shared_suffix"": ""64""}"
baseline,active-fractions,Device=0 num_rows=262144 profile=active_10,False,False,3,0.29275647819042194,1.31634047505877,"{""num_rows"": ""262144"", ""profile"": ""active_10""}"
baseline,active-fractions,Device=0 num_rows=2097152 profile=active_10,False,False,3,0.5412851226329801,0.5796712581548007,"{""num_rows"": ""2097152"", ""profile"": ""active_10""}"
baseline,active-fractions,Device=0 num_rows=262144 profile=active_50,False,False,3,0.3282182425260544,0.961920512469174,"{""num_rows"": ""262144"", ""profile"": ""active_50""}"
baseline,active-fractions,Device=0 num_rows=2097152 profile=active_50,False,False,3,0.8824275171756746,0.5050062609973709,"{""num_rows"": ""2097152"", ""profile"": ""active_50""}"
experiment-31,zero,Device=0 num_rows=32768 profile=zero_collision_pass1,False,False,4,0.20812095910310746,1.2855745522526145,"{""num_rows"": ""32768"", ""profile"": ""zero_collision_pass1""}"
experiment-31,zero,Device=0 num_rows=32768 profile=zero_collision_pass2,False,False,4,0.2879206389188767,0.9445574563605322,"{""num_rows"": ""32768"", ""profile"": ""zero_collision_pass2""}"
experiment-31,prefix-targets,Device=0 num_rows=262144 prefix_width=8 suffix_width=32 prefix_cardinality=1,False,False,1,0.5735340821743012,0.44750009323992124,"{""num_rows"": ""262144"", ""prefix_cardinality"": ""1"", ""prefix_width"": ""8"", ""suffix_width"": ""32""}"
experiment-31,prefix-targets,Device=0 num_rows=2097152 prefix_width=8 suffix_width=32 prefix_cardinality=1,False,False,1,4.16785340309143,0.3811339269595794,"{""num_rows"": ""2097152"", ""prefix_cardinality"": ""1"", ""prefix_width"": ""8"", ""suffix_width"": ""32""}"
experiment-31,prefix-targets,Device=0 num_rows=262144 prefix_width=10 suffix_width=32 prefix_cardinality=1,False,False,1,0.6115334391593934,0.7666761862481944,"{""num_rows"": ""262144"", ""prefix_cardinality"": ""1"", ""prefix_width"": ""10"", ""suffix_width"": ""32""}"
experiment-31,prefix-targets,Device=0 num_rows=2097152 prefix_width=10 suffix_width=32 prefix_cardinality=1,False,False,1,4.3894131469726565,0.4512831670903724,"{""num_rows"": ""2097152"", ""prefix_cardinality"": ""1"", ""prefix_width"": ""10"", ""suffix_width"": ""32""}"
experiment-31,prefix-targets,Device=0 num_rows=262144 prefix_width=11 suffix_width=32 prefix_cardinality=1,False,False,1,0.6218886423110963,0.7437087491975947,"{""num_rows"": ""262144"", ""prefix_cardinality"": ""1"", ""prefix_width"": ""11"", ""suffix_width"": ""32""}"
experiment-31,prefix-targets,Device=0 num_rows=2097152 prefix_width=11 suffix_width=32 prefix_cardinality=1,False,False,1,4.452256622314454,0.5687281389920419,"{""num_rows"": ""2097152"", ""prefix_cardinality"": ""1"", ""prefix_width"": ""11"", ""suffix_width"": ""32""}"
experiment-31,prefix-targets,Device=0 num_rows=262144 prefix_width=12 suffix_width=32 prefix_cardinality=1,False,False,1,0.6311539196968078,0.6889846605077231,"{""num_rows"": ""262144"", ""prefix_cardinality"": ""1"", ""prefix_width"": ""12"", ""suffix_width"": ""32""}"
experiment-31,prefix-targets,Device=0 num_rows=2097152 prefix_width=12 suffix_width=32 prefix_cardinality=1,False,False,1,4.507812452316284,0.2647503928894264,"{""num_rows"": ""2097152"", ""prefix_cardinality"": ""1"", ""prefix_width"": ""12"", ""suffix_width"": ""32""}"
experiment-31,unstable-warps,Device=0 num_rows=32768 shared_suffix=0 segment_profile=singletons,False,False,1,0.1410259208083153,2.6826783473793894,"{""num_rows"": ""32768"", ""segment_profile"": ""singletons"", ""shared_suffix"": ""0""}"
experiment-31,unstable-warps,Device=0 num_rows=2097152 shared_suffix=0 segment_profile=singletons,False,False,1,0.35351295948028566,1.0239619070502153,"{""num_rows"": ""2097152"", ""segment_profile"": ""singletons"", ""shared_suffix"": ""0""}"
experiment-31,unstable-warps,Device=0 num_rows=32768 shared_suffix=64 segment_profile=singletons,False,False,1,0.13778495997190476,1.0102389249539874,"{""num_rows"": ""32768"", ""segment_profile"": ""singletons"", ""shared_suffix"": ""64""}"
experiment-31,unstable-warps,Device=0 num_rows=2097152 shared_suffix=64 segment_profile=singletons,False,False,1,0.3913420796394348,1.1285648490279436,"{""num_rows"": ""2097152"", ""segment_profile"": ""singletons"", ""shared_suffix"": ""64""}"
experiment-31,unstable-warps,Device=0 num_rows=32768 shared_suffix=0 segment_profile=pairs,False,False,1,0.15737215965986256,1.036675177457799,"{""num_rows"": ""32768"", ""segment_profile"": ""pairs"", ""shared_suffix"": ""0""}"
experiment-31,unstable-warps,Device=0 num_rows=2097152 shared_suffix=0 segment_profile=pairs,False,False,1,0.6494284808635713,1.0402210509616268,"{""num_rows"": ""2097152"", ""segment_profile"": ""pairs"", ""shared_suffix"": ""0""}"
experiment-31,unstable-warps,Device=0 num_rows=32768 shared_suffix=64 segment_profile=pairs,False,False,1,0.15942272037267688,1.010520054583112,"{""num_rows"": ""32768"", ""segment_profile"": ""pairs"", ""shared_suffix"": ""64""}"
experiment-31,unstable-warps,Device=0 num_rows=2097152 shared_suffix=64 segment_profile=pairs,False,False,1,0.8237158370018005,0.9581140389519895,"{""num_rows"": ""2097152"", ""segment_profile"": ""pairs"", ""shared_suffix"": ""64""}"
experiment-31,unstable-warps,Device=0 num_rows=32768 shared_suffix=0 segment_profile=tiny4,False,False,1,0.15751103878021247,0.7392622362415793,"{""num_rows"": ""32768"", ""segment_profile"": ""tiny4"", ""shared_suffix"": ""0""}"
experiment-31,unstable-warps,Device=0 num_rows=2097152 shared_suffix=0 segment_profile=tiny4,False,False,1,0.5773267233371735,0.8143232763900307,"{""num_rows"": ""2097152"", ""segment_profile"": ""tiny4"", ""shared_suffix"": ""0""}"
experiment-31,unstable-warps,Device=0 num_rows=32768 shared_suffix=64 segment_profile=tiny4,False,False,1,0.16837248057126997,0.7569029368845253,"{""num_rows"": ""32768"", ""segment_profile"": ""tiny4"", ""shared_suffix"": ""64""}"
experiment-31,unstable-warps,Device=0 num_rows=2097152 shared_suffix=64 segment_profile=tiny4,False,False,1,0.9123526406288146,0.555472821332123,"{""num_rows"": ""2097152"", ""segment_profile"": ""tiny4"", ""shared_suffix"": ""64""}"
experiment-31,unstable-warps,Device=0 num_rows=32768 shared_suffix=0 segment_profile=tiny8,False,False,1,0.16040896058082574,1.020673224183238,"{""num_rows"": ""32768"", ""segment_profile"": ""tiny8"", ""shared_suffix"": ""0""}"
experiment-31,unstable-warps,Device=0 num_rows=2097152 shared_suffix=0 segment_profile=tiny8,False,False,1,0.5881811165809631,0.8742251446855198,"{""num_rows"": ""2097152"", ""segment_profile"": ""tiny8"", ""shared_suffix"": ""0""}"
experiment-31,unstable-warps,Device=0 num_rows=32768 shared_suffix=64 segment_profile=tiny8,False,False,1,0.1780377599596977,0.9343188818066004,"{""num_rows"": ""32768"", ""segment_profile"": ""tiny8"", ""shared_suffix"": ""64""}"
experiment-31,unstable-warps,Device=0 num_rows=2097152 shared_suffix=64 segment_profile=tiny8,False,False,1,1.147293441295624,0.3831075153899707,"{""num_rows"": ""2097152"", ""segment_profile"": ""tiny8"", ""shared_suffix"": ""64""}"
experiment-31,unstable-warps,Device=0 num_rows=32768 shared_suffix=0 segment_profile=tiny16,False,False,1,0.163824000954628,0.9055192585601467,"{""num_rows"": ""32768"", ""segment_profile"": ""tiny16"", ""shared_suffix"": ""0""}"
experiment-31,unstable-warps,Device=0 num_rows=2097152 shared_suffix=0 segment_profile=tiny16,False,False,1,0.6234943938255311,0.5376394640788997,"{""num_rows"": ""2097152"", ""segment_profile"": ""tiny16"", ""shared_suffix"": ""0""}"
experiment-31,unstable-warps,Device=0 num_rows=32768 shared_suffix=64 segment_profile=tiny16,False,False,1,0.18584511995315559,1.4827084307605054,"{""num_rows"": ""32768"", ""segment_profile"": ""tiny16"", ""shared_suffix"": ""64""}"
experiment-31,unstable-warps,Device=0 num_rows=2097152 shared_suffix=64 segment_profile=tiny16,False,False,1,1.3648620891571042,0.2833739013302675,"{""num_rows"": ""2097152"", ""segment_profile"": ""tiny16"", ""shared_suffix"": ""64""}"
experiment-31,unstable-warps,Device=0 num_rows=32768 shared_suffix=0 segment_profile=tiny32,False,False,1,0.16434111893177034,1.2483445404847953,"{""num_rows"": ""32768"", ""segment_profile"": ""tiny32"", ""shared_suffix"": ""0""}"
experiment-31,unstable-warps,Device=0 num_rows=2097152 shared_suffix=0 segment_profile=tiny32,False,False,1,0.6728627228736878,0.41993603213103853,"{""num_rows"": ""2097152"", ""segment_profile"": ""tiny32"", ""shared_suffix"": ""0""}"
experiment-31,unstable-warps,Device=0 num_rows=32768 shared_suffix=64 segment_profile=tiny32,False,False,1,0.1992044803500176,12.737921333734862,"{""num_rows"": ""32768"", ""segment_profile"": ""tiny32"", ""shared_suffix"": ""64""}"
experiment-31,unstable-warps,Device=0 num_rows=2097152 shared_suffix=64 segment_profile=tiny32,False,False,1,1.6541209578514104,0.2575352653225867,"{""num_rows"": ""2097152"", ""segment_profile"": ""tiny32"", ""shared_suffix"": ""64""}"
experiment-31,identity-constant,Device=0 num_rows=2097152 profile=cardinality_1_width_32,False,False,2,0.008579200003296133,2.7566953534447958,"{""num_rows"": ""2097152"", ""profile"": ""cardinality_1_width_32""}"
experiment-1,unstable-warps,Device=0 num_rows=32768 shared_suffix=0 segment_profile=singletons,False,False,4,0.14081728041172026,1.2781997188779999,"{""num_rows"": ""32768"", ""segment_profile"": ""singletons"", ""shared_suffix"": ""0""}"
experiment-1,unstable-warps,Device=0 num_rows=2097152 shared_suffix=0 segment_profile=singletons,False,False,4,0.35613312065601344,0.8472093696004008,"{""num_rows"": ""2097152"", ""segment_profile"": ""singletons"", ""shared_suffix"": ""0""}"
experiment-1,unstable-warps,Device=0 num_rows=32768 shared_suffix=64 segment_profile=singletons,False,False,4,0.14024767994880677,2.6704600124968563,"{""num_rows"": ""32768"", ""segment_profile"": ""singletons"", ""shared_suffix"": ""64""}"
experiment-1,unstable-warps,Device=0 num_rows=2097152 shared_suffix=64 segment_profile=singletons,False,False,4,0.3934361594915388,0.7102362752838053,"{""num_rows"": ""2097152"", ""segment_profile"": ""singletons"", ""shared_suffix"": ""64""}"
experiment-1,unstable-warps,Device=0 num_rows=32768 shared_suffix=0 segment_profile=pairs,False,False,4,0.15841471970081328,2.076403018924186,"{""num_rows"": ""32768"", ""segment_profile"": ""pairs"", ""shared_suffix"": ""0""}"
experiment-1,unstable-warps,Device=0 num_rows=2097152 shared_suffix=0 segment_profile=pairs,False,False,4,0.6563494396209718,1.0268037331916966,"{""num_rows"": ""2097152"", ""segment_profile"": ""pairs"", ""shared_suffix"": ""0""}"
experiment-1,unstable-warps,Device=0 num_rows=32768 shared_suffix=64 segment_profile=pairs,False,False,4,0.16204031944274902,2.342491949554536,"{""num_rows"": ""32768"", ""segment_profile"": ""pairs"", ""shared_suffix"": ""64""}"
experiment-1,unstable-warps,Device=0 num_rows=2097152 shared_suffix=64 segment_profile=pairs,False,False,4,0.8272224032878875,0.7315213483539319,"{""num_rows"": ""2097152"", ""segment_profile"": ""pairs"", ""shared_suffix"": ""64""}"
experiment-1,unstable-warps,Device=0 num_rows=32768 shared_suffix=0 segment_profile=tiny4,False,False,4,0.1616755196452141,11.85575976634782,"{""num_rows"": ""32768"", ""segment_profile"": ""tiny4"", ""shared_suffix"": ""0""}"
experiment-1,unstable-warps,Device=0 num_rows=2097152 shared_suffix=0 segment_profile=tiny4,False,False,4,0.5805452811717985,0.8932589664152693,"{""num_rows"": ""2097152"", ""segment_profile"": ""tiny4"", ""shared_suffix"": ""0""}"
experiment-1,unstable-warps,Device=0 num_rows=32768 shared_suffix=64 segment_profile=tiny4,False,False,4,0.17055423974990847,2.1474894932093522,"{""num_rows"": ""32768"", ""segment_profile"": ""tiny4"", ""shared_suffix"": ""64""}"
experiment-1,unstable-warps,Device=0 num_rows=2097152 shared_suffix=64 segment_profile=tiny4,False,False,4,0.9144044792652134,0.5347565808167689,"{""num_rows"": ""2097152"", ""segment_profile"": ""tiny4"", ""shared_suffix"": ""64""}"
experiment-1,unstable-warps,Device=0 num_rows=32768 shared_suffix=0 segment_profile=tiny8,False,False,4,0.16065600097179414,1.452359622969262,"{""num_rows"": ""32768"", ""segment_profile"": ""tiny8"", ""shared_suffix"": ""0""}"
experiment-1,unstable-warps,Device=0 num_rows=2097152 shared_suffix=0 segment_profile=tiny8,False,False,4,0.5909894406795501,1.868016117553131,"{""num_rows"": ""2097152"", ""segment_profile"": ""tiny8"", ""shared_suffix"": ""0""}"
experiment-1,unstable-warps,Device=0 num_rows=32768 shared_suffix=64 segment_profile=tiny8,False,False,4,0.17836543947458264,1.5286819277731492,"{""num_rows"": ""32768"", ""segment_profile"": ""tiny8"", ""shared_suffix"": ""64""}"
experiment-1,unstable-warps,Device=0 num_rows=2097152 shared_suffix=64 segment_profile=tiny8,False,False,4,1.1492671990394587,0.39131519706549334,"{""num_rows"": ""2097152"", ""segment_profile"": ""tiny8"", ""shared_suffix"": ""64""}"
experiment-1,unstable-warps,Device=0 num_rows=32768 shared_suffix=0 segment_profile=tiny16,False,False,4,0.16449024021625516,1.9226510311151306,"{""num_rows"": ""32768"", ""segment_profile"": ""tiny16"", ""shared_suffix"": ""0""}"
experiment-1,unstable-warps,Device=0 num_rows=2097152 shared_suffix=0 segment_profile=tiny16,False,False,4,0.6249132812023164,0.46878366957177464,"{""num_rows"": ""2097152"", ""segment_profile"": ""tiny16"", ""shared_suffix"": ""0""}"
experiment-1,unstable-warps,Device=0 num_rows=32768 shared_suffix=64 segment_profile=tiny16,False,False,4,0.18654528021812442,1.5999233302338978,"{""num_rows"": ""32768"", ""segment_profile"": ""tiny16"", ""shared_suffix"": ""64""}"
experiment-1,unstable-warps,Device=0 num_rows=2097152 shared_suffix=64 segment_profile=tiny16,False,False,4,1.3665510392189026,0.3055638104848026,"{""num_rows"": ""2097152"", ""segment_profile"": ""tiny16"", ""shared_suffix"": ""64""}"
experiment-1,unstable-warps,Device=0 num_rows=32768 shared_suffix=0 segment_profile=tiny32,False,False,4,0.1647571188211441,0.7620298048040658,"{""num_rows"": ""32768"", ""segment_profile"": ""tiny32"", ""shared_suffix"": ""0""}"
experiment-1,unstable-warps,Device=0 num_rows=2097152 shared_suffix=0 segment_profile=tiny32,False,False,4,0.6751251196861268,0.42697847220717194,"{""num_rows"": ""2097152"", ""segment_profile"": ""tiny32"", ""shared_suffix"": ""0""}"
experiment-1,unstable-warps,Device=0 num_rows=32768 shared_suffix=64 segment_profile=tiny32,False,False,4,0.1961670398712158,1.6025476044578366,"{""num_rows"": ""32768"", ""segment_profile"": ""tiny32"", ""shared_suffix"": ""64""}"
experiment-1,unstable-warps,Device=0 num_rows=2097152 shared_suffix=64 segment_profile=tiny32,False,False,4,1.6552876782417298,0.2437769473705804,"{""num_rows"": ""2097152"", ""segment_profile"": ""tiny32"", ""shared_suffix"": ""64""}"
experiment-31,stable-warps-desc,Device=0 num_rows=32768 shared_suffix=0 segment_profile=pairs,True,True,0,0.16368383944034576,12.716486154811907,"{""num_rows"": ""32768"", ""segment_profile"": ""pairs"", ""shared_suffix"": ""0""}"
experiment-31,stable-warps-desc,Device=0 num_rows=2097152 shared_suffix=0 segment_profile=pairs,True,True,0,0.6500224006175995,1.1712984087859184,"{""num_rows"": ""2097152"", ""segment_profile"": ""pairs"", ""shared_suffix"": ""0""}"
experiment-31,stable-warps-desc,Device=0 num_rows=32768 shared_suffix=64 segment_profile=pairs,True,True,0,0.15925055950880057,1.4952216006463246,"{""num_rows"": ""32768"", ""segment_profile"": ""pairs"", ""shared_suffix"": ""64""}"
experiment-31,stable-warps-desc,Device=0 num_rows=2097152 shared_suffix=64 segment_profile=pairs,True,True,0,0.8217478394508361,1.2844930896827802,"{""num_rows"": ""2097152"", ""segment_profile"": ""pairs"", ""shared_suffix"": ""64""}"
experiment-31,stable-warps-desc,Device=0 num_rows=32768 shared_suffix=0 segment_profile=tiny4,True,True,0,0.1569907203316689,1.231886126528764,"{""num_rows"": ""32768"", ""segment_profile"": ""tiny4"", ""shared_suffix"": ""0""}"
experiment-31,stable-warps-desc,Device=0 num_rows=2097152 shared_suffix=0 segment_profile=tiny4,True,True,0,0.574960001707077,0.958582418587001,"{""num_rows"": ""2097152"", ""segment_profile"": ""tiny4"", ""shared_suffix"": ""0""}"
experiment-31,stable-warps-desc,Device=0 num_rows=32768 shared_suffix=64 segment_profile=tiny4,True,True,0,0.1689843198657036,5.497227146687124,"{""num_rows"": ""32768"", ""segment_profile"": ""tiny4"", ""shared_suffix"": ""64""}"
experiment-31,stable-warps-desc,Device=0 num_rows=2097152 shared_suffix=64 segment_profile=tiny4,True,True,0,0.9115244793891909,1.675925275040243,"{""num_rows"": ""2097152"", ""segment_profile"": ""tiny4"", ""shared_suffix"": ""64""}"
experiment-31,stable-warps-desc,Device=0 num_rows=32768 shared_suffix=0 segment_profile=tiny8,True,True,0,0.15825856119394302,0.8546893585774755,"{""num_rows"": ""32768"", ""segment_profile"": ""tiny8"", ""shared_suffix"": ""0""}"
experiment-31,stable-warps-desc,Device=0 num_rows=2097152 shared_suffix=0 segment_profile=tiny8,True,True,0,0.5796787214279174,0.7190552647005434,"{""num_rows"": ""2097152"", ""segment_profile"": ""tiny8"", ""shared_suffix"": ""0""}"
experiment-31,stable-warps-desc,Device=0 num_rows=32768 shared_suffix=64 segment_profile=tiny8,True,True,0,0.17902719944715506,9.59130802966783,"{""num_rows"": ""32768"", ""segment_profile"": ""tiny8"", ""shared_suffix"": ""64""}"
experiment-31,stable-warps-desc,Device=0 num_rows=2097152 shared_suffix=64 segment_profile=tiny8,True,True,0,1.1379411196708682,0.34748986344721683,"{""num_rows"": ""2097152"", ""segment_profile"": ""tiny8"", ""shared_suffix"": ""64""}"
experiment-31,stable-warps-desc,Device=0 num_rows=32768 shared_suffix=0 segment_profile=tiny16,True,True,0,0.1610553598403931,1.0578395292548017,"{""num_rows"": ""32768"", ""segment_profile"": ""tiny16"", ""shared_suffix"": ""0""}"
experiment-31,stable-warps-desc,Device=0 num_rows=2097152 shared_suffix=0 segment_profile=tiny16,True,True,0,0.6052671968936918,0.6185439728683171,"{""num_rows"": ""2097152"", ""segment_profile"": ""tiny16"", ""shared_suffix"": ""0""}"
experiment-31,stable-warps-desc,Device=0 num_rows=32768 shared_suffix=64 segment_profile=tiny16,True,True,0,0.18414656013250358,1.1391709098102274,"{""num_rows"": ""32768"", ""segment_profile"": ""tiny16"", ""shared_suffix"": ""64""}"
experiment-31,stable-warps-desc,Device=0 num_rows=2097152 shared_suffix=64 segment_profile=tiny16,True,True,0,1.3495494413375853,1.1224503893524802,"{""num_rows"": ""2097152"", ""segment_profile"": ""tiny16"", ""shared_suffix"": ""64""}"
experiment-31,stable-warps-desc,Device=0 num_rows=32768 shared_suffix=0 segment_profile=tiny32,True,True,0,0.1627097609639168,1.34277165427829,"{""num_rows"": ""32768"", ""segment_profile"": ""tiny32"", ""shared_suffix"": ""0""}"
experiment-31,stable-warps-desc,Device=0 num_rows=2097152 shared_suffix=0 segment_profile=tiny32,True,True,0,0.6621292829513551,3.4639707884498043,"{""num_rows"": ""2097152"", ""segment_profile"": ""tiny32"", ""shared_suffix"": ""0""}"
experiment-31,stable-warps-desc,Device=0 num_rows=32768 shared_suffix=64 segment_profile=tiny32,True,True,0,0.19369600057601927,1.1536834336156927,"{""num_rows"": ""32768"", ""segment_profile"": ""tiny32"", ""shared_suffix"": ""64""}"
experiment-31,stable-warps-desc,Device=0 num_rows=2097152 shared_suffix=64 segment_profile=tiny32,True,True,0,1.640094079971313,0.28062956181686166,"{""num_rows"": ""2097152"", ""segment_profile"": ""tiny32"", ""shared_suffix"": ""64""}"
experiment-0,zero,Device=0 num_rows=32768 profile=zero_collision_pass1,False,False,3,0.2112966391444206,0.7781459821118984,"{""num_rows"": ""32768"", ""profile"": ""zero_collision_pass1""}"
experiment-0,zero,Device=0 num_rows=32768 profile=zero_collision_pass2,False,False,3,0.2914777606725693,1.2429996864028685,"{""num_rows"": ""32768"", ""profile"": ""zero_collision_pass2""}"
experiment-3,identity-null,Device=0 num_rows=2097152 profile=fixed_8 null_percent=100,False,False,3,0.008847360014915465,3.351976333129899,"{""null_percent"": ""100"", ""num_rows"": ""2097152"", ""profile"": ""fixed_8""}"
experiment-31,identity-constant,Device=0 num_rows=2097152 profile=cardinality_1_width_32,False,False,1,0.008686719927936792,7.6171495529456,"{""num_rows"": ""2097152"", ""profile"": ""cardinality_1_width_32""}"
experiment-3,zero,Device=0 num_rows=32768 profile=zero_collision_pass1,False,False,0,0.21588287949562074,0.8974454097925905,"{""num_rows"": ""32768"", ""profile"": ""zero_collision_pass1""}"
experiment-3,zero,Device=0 num_rows=32768 profile=zero_collision_pass2,False,False,0,0.2917030394077302,0.8059426269170439,"{""num_rows"": ""32768"", ""profile"": ""zero_collision_pass2""}"
experiment-15,identity-null,Device=0 num_rows=2097152 profile=fixed_8 null_percent=100,False,False,4,0.008672640006989238,3.0174321087742157,"{""null_percent"": ""100"", ""num_rows"": ""2097152"", ""profile"": ""fixed_8""}"
experiment-3,zero,Device=0 num_rows=32768 profile=zero_collision_pass1,False,False,3,0.20690239965915683,1.0076709074106789,"{""num_rows"": ""32768"", ""profile"": ""zero_collision_pass1""}"
experiment-3,zero,Device=0 num_rows=32768 profile=zero_collision_pass2,False,False,3,0.28552383840084083,1.1243318683373515,"{""num_rows"": ""32768"", ""profile"": ""zero_collision_pass2""}"
experiment-15,prefix-targets,Device=0 num_rows=262144 prefix_width=8 suffix_width=32 prefix_cardinality=1,False,False,3,0.5688703954219819,0.6286873709341773,"{""num_rows"": ""262144"", ""prefix_cardinality"": ""1"", ""prefix_width"": ""8"", ""suffix_width"": ""32""}"
experiment-15,prefix-targets,Device=0 num_rows=2097152 prefix_width=8 suffix_width=32 prefix_cardinality=1,False,False,3,4.158869132995606,0.3662148124564049,"{""num_rows"": ""2097152"", ""prefix_cardinality"": ""1"", ""prefix_width"": ""8"", ""suffix_width"": ""32""}"
experiment-15,prefix-targets,Device=0 num_rows=262144 prefix_width=10 suffix_width=32 prefix_cardinality=1,False,False,3,0.6048902380466462,2.881227480441339,"{""num_rows"": ""262144"", ""prefix_cardinality"": ""1"", ""prefix_width"": ""10"", ""suffix_width"": ""32""}"
experiment-15,prefix-targets,Device=0 num_rows=2097152 prefix_width=10 suffix_width=32 prefix_cardinality=1,False,False,3,4.3807897472381585,0.3471592578488078,"{""num_rows"": ""2097152"", ""prefix_cardinality"": ""1"", ""prefix_width"": ""10"", ""suffix_width"": ""32""}"
experiment-15,prefix-targets,Device=0 num_rows=262144 prefix_width=11 suffix_width=32 prefix_cardinality=1,False,False,3,0.6121024000644685,0.3031844825351736,"{""num_rows"": ""262144"", ""prefix_cardinality"": ""1"", ""prefix_width"": ""11"", ""suffix_width"": ""32""}"
experiment-15,prefix-targets,Device=0 num_rows=2097152 prefix_width=11 suffix_width=32 prefix_cardinality=1,False,False,3,4.443702411651612,0.27632500976340607,"{""num_rows"": ""2097152"", ""prefix_cardinality"": ""1"", ""prefix_width"": ""11"", ""suffix_width"": ""32""}"
experiment-15,prefix-targets,Device=0 num_rows=262144 prefix_width=12 suffix_width=32 prefix_cardinality=1,False,False,3,0.6237747192382812,0.49044839549378694,"{""num_rows"": ""262144"", ""prefix_cardinality"": ""1"", ""prefix_width"": ""12"", ""suffix_width"": ""32""}"
experiment-15,prefix-targets,Device=0 num_rows=2097152 prefix_width=12 suffix_width=32 prefix_cardinality=1,False,False,3,4.502261142730714,0.34441769559028856,"{""num_rows"": ""2097152"", ""prefix_cardinality"": ""1"", ""prefix_width"": ""12"", ""suffix_width"": ""32""}"
baseline,stable-warps,Device=0 num_rows=32768 shared_suffix=0 segment_profile=pairs,True,False,0,0.15777279973030095,1.5497462841269463,"{""num_rows"": ""32768"", ""segment_profile"": ""pairs"", ""shared_suffix"": ""0""}"
baseline,stable-warps,Device=0 num_rows=2097152 shared_suffix=0 segment_profile=pairs,True,False,0,0.6567321646213533,1.0165169292736713,"{""num_rows"": ""2097152"", ""segment_profile"": ""pairs"", ""shared_suffix"": ""0""}"
baseline,stable-warps,Device=0 num_rows=32768 shared_suffix=64 segment_profile=pairs,True,False,0,0.1606406399607658,2.2279193422881405,"{""num_rows"": ""32768"", ""segment_profile"": ""pairs"", ""shared_suffix"": ""64""}"
baseline,stable-warps,Device=0 num_rows=2097152 shared_suffix=64 segment_profile=pairs,True,False,0,0.8597824013233183,0.8971291339425971,"{""num_rows"": ""2097152"", ""segment_profile"": ""pairs"", ""shared_suffix"": ""64""}"
baseline,stable-warps,Device=0 num_rows=32768 shared_suffix=0 segment_profile=tiny4,True,False,0,0.1573753604292869,1.0238763706239538,"{""num_rows"": ""32768"", ""segment_profile"": ""tiny4"", ""shared_suffix"": ""0""}"
baseline,stable-warps,Device=0 num_rows=2097152 shared_suffix=0 segment_profile=tiny4,True,False,0,0.620711041688919,0.8825417445062378,"{""num_rows"": ""2097152"", ""segment_profile"": ""tiny4"", ""shared_suffix"": ""0""}"
baseline,stable-warps,Device=0 num_rows=32768 shared_suffix=64 segment_profile=tiny4,True,False,0,0.17322559952735903,1.4398039972559187,"{""num_rows"": ""32768"", ""segment_profile"": ""tiny4"", ""shared_suffix"": ""64""}"
baseline,stable-warps,Device=0 num_rows=2097152 shared_suffix=64 segment_profile=tiny4,True,False,0,1.0630636882781987,0.49448457266198853,"{""num_rows"": ""2097152"", ""segment_profile"": ""tiny4"", ""shared_suffix"": ""64""}"
baseline,stable-warps,Device=0 num_rows=32768 shared_suffix=0 segment_profile=tiny8,True,False,0,0.167012480199337,1.1515548414175139,"{""num_rows"": ""32768"", ""segment_profile"": ""tiny8"", ""shared_suffix"": ""0""}"
baseline,stable-warps,Device=0 num_rows=2097152 shared_suffix=0 segment_profile=tiny8,True,False,0,0.7088825619220733,0.5596260997429426,"{""num_rows"": ""2097152"", ""segment_profile"": ""tiny8"", ""shared_suffix"": ""0""}"
baseline,stable-warps,Device=0 num_rows=32768 shared_suffix=64 segment_profile=tiny8,True,False,0,0.1926585593819618,1.42132995513983,"{""num_rows"": ""32768"", ""segment_profile"": ""tiny8"", ""shared_suffix"": ""64""}"
baseline,stable-warps,Device=0 num_rows=2097152 shared_suffix=64 segment_profile=tiny8,True,False,0,1.505734395980835,0.28396235838053424,"{""num_rows"": ""2097152"", ""segment_profile"": ""tiny8"", ""shared_suffix"": ""64""}"
baseline,stable-warps,Device=0 num_rows=32768 shared_suffix=0 segment_profile=tiny16,True,False,0,0.17261120021343224,1.2833179252975115,"{""num_rows"": ""32768"", ""segment_profile"": ""tiny16"", ""shared_suffix"": ""0""}"
baseline,stable-warps,Device=0 num_rows=2097152 shared_suffix=0 segment_profile=tiny16,True,False,0,0.8042572808265682,0.35222581435007144,"{""num_rows"": ""2097152"", ""segment_profile"": ""tiny16"", ""shared_suffix"": ""0""}"
baseline,stable-warps,Device=0 num_rows=32768 shared_suffix=64 segment_profile=tiny16,True,False,0,0.2070892798900604,0.9678341146854986,"{""num_rows"": ""32768"", ""segment_profile"": ""tiny16"", ""shared_suffix"": ""64""}"
baseline,stable-warps,Device=0 num_rows=2097152 shared_suffix=64 segment_profile=tiny16,True,False,0,1.989905288219452,0.8932685624580005,"{""num_rows"": ""2097152"", ""segment_profile"": ""tiny16"", ""shared_suffix"": ""64""}"
baseline,stable-warps,Device=0 num_rows=32768 shared_suffix=0 segment_profile=tiny32,True,False,0,0.17561087995767594,1.6811412317258214,"{""num_rows"": ""32768"", ""segment_profile"": ""tiny32"", ""shared_suffix"": ""0""}"
baseline,stable-warps,Device=0 num_rows=2097152 shared_suffix=0 segment_profile=tiny32,True,False,0,0.9329075229167937,0.2552438064438685,"{""num_rows"": ""2097152"", ""segment_profile"": ""tiny32"", ""shared_suffix"": ""0""}"
baseline,stable-warps,Device=0 num_rows=32768 shared_suffix=64 segment_profile=tiny32,True,False,0,0.2231193593144417,1.6917260756421821,"{""num_rows"": ""32768"", ""segment_profile"": ""tiny32"", ""shared_suffix"": ""64""}"
baseline,stable-warps,Device=0 num_rows=2097152 shared_suffix=64 segment_profile=tiny32,True,False,0,2.522528629302978,0.22025118077385059,"{""num_rows"": ""2097152"", ""segment_profile"": ""tiny32"", ""shared_suffix"": ""64""}"
experiment-2,stable-warps,Device=0 num_rows=32768 shared_suffix=0 segment_profile=pairs,True,False,1,0.16185280054807663,5.358045180593261,"{""num_rows"": ""32768"", ""segment_profile"": ""pairs"", ""shared_suffix"": ""0""}"
experiment-2,stable-warps,Device=0 num_rows=2097152 shared_suffix=0 segment_profile=pairs,True,False,1,0.6531680011749267,1.0468632923221635,"{""num_rows"": ""2097152"", ""segment_profile"": ""pairs"", ""shared_suffix"": ""0""}"
experiment-2,stable-warps,Device=0 num_rows=32768 shared_suffix=64 segment_profile=pairs,True,False,1,0.16065216004848482,1.7320925010032406,"{""num_rows"": ""32768"", ""segment_profile"": ""pairs"", ""shared_suffix"": ""64""}"
experiment-2,stable-warps,Device=0 num_rows=2097152 shared_suffix=64 segment_profile=pairs,True,False,1,0.8265395212173462,0.8594947776821364,"{""num_rows"": ""2097152"", ""segment_profile"": ""pairs"", ""shared_suffix"": ""64""}"
experiment-2,stable-warps,Device=0 num_rows=32768 shared_suffix=0 segment_profile=tiny4,True,False,1,0.15861696034669878,1.5015442589081769,"{""num_rows"": ""32768"", ""segment_profile"": ""tiny4"", ""shared_suffix"": ""0""}"
experiment-2,stable-warps,Device=0 num_rows=2097152 shared_suffix=0 segment_profile=tiny4,True,False,1,0.5801817643642425,0.8897993301125,"{""num_rows"": ""2097152"", ""segment_profile"": ""tiny4"", ""shared_suffix"": ""0""}"
experiment-2,stable-warps,Device=0 num_rows=32768 shared_suffix=64 segment_profile=tiny4,True,False,1,0.1693356788158417,1.4018557278551846,"{""num_rows"": ""32768"", ""segment_profile"": ""tiny4"", ""shared_suffix"": ""64""}"
experiment-2,stable-warps,Device=0 num_rows=2097152 shared_suffix=64 segment_profile=tiny4,True,False,1,0.9137715184688565,0.4963499013174973,"{""num_rows"": ""2097152"", ""segment_profile"": ""tiny4"", ""shared_suffix"": ""64""}"
experiment-2,stable-warps,Device=0 num_rows=32768 shared_suffix=0 segment_profile=tiny8,True,False,1,0.16004671961069106,1.2689096079161544,"{""num_rows"": ""32768"", ""segment_profile"": ""tiny8"", ""shared_suffix"": ""0""}"
experiment-2,stable-warps,Device=0 num_rows=2097152 shared_suffix=0 segment_profile=tiny8,True,False,1,0.5864844775199889,0.668860334328255,"{""num_rows"": ""2097152"", ""segment_profile"": ""tiny8"", ""shared_suffix"": ""0""}"
experiment-2,stable-warps,Device=0 num_rows=32768 shared_suffix=64 segment_profile=tiny8,True,False,1,0.17826432019472122,1.2972802710705955,"{""num_rows"": ""32768"", ""segment_profile"": ""tiny8"", ""shared_suffix"": ""64""}"
experiment-2,stable-warps,Device=0 num_rows=2097152 shared_suffix=64 segment_profile=tiny8,True,False,1,1.1468774390220642,0.38032488638078965,"{""num_rows"": ""2097152"", ""segment_profile"": ""tiny8"", ""shared_suffix"": ""64""}"
experiment-2,stable-warps,Device=0 num_rows=32768 shared_suffix=0 segment_profile=tiny16,True,False,1,0.16184192031621933,0.6693013279921284,"{""num_rows"": ""32768"", ""segment_profile"": ""tiny16"", ""shared_suffix"": ""0""}"
experiment-2,stable-warps,Device=0 num_rows=2097152 shared_suffix=0 segment_profile=tiny16,True,False,1,0.6185235202312469,0.5984888278039175,"{""num_rows"": ""2097152"", ""segment_profile"": ""tiny16"", ""shared_suffix"": ""0""}"
experiment-2,stable-warps,Device=0 num_rows=32768 shared_suffix=64 segment_profile=tiny16,True,False,1,0.1849523198604584,1.1771039529611467,"{""num_rows"": ""32768"", ""segment_profile"": ""tiny16"", ""shared_suffix"": ""64""}"
experiment-2,stable-warps,Device=0 num_rows=2097152 shared_suffix=64 segment_profile=tiny16,True,False,1,1.3589862537384028,0.32118771002461144,"{""num_rows"": ""2097152"", ""segment_profile"": ""tiny16"", ""shared_suffix"": ""64""}"
experiment-2,stable-warps,Device=0 num_rows=32768 shared_suffix=0 segment_profile=tiny32,True,False,1,0.16473600089550025,1.1564469943175169,"{""num_rows"": ""32768"", ""segment_profile"": ""tiny32"", ""shared_suffix"": ""0""}"
experiment-2,stable-warps,Device=0 num_rows=2097152 shared_suffix=0 segment_profile=tiny32,True,False,1,0.6730246376991272,0.3582371504757178,"{""num_rows"": ""2097152"", ""segment_profile"": ""tiny32"", ""shared_suffix"": ""0""}"
experiment-2,stable-warps,Device=0 num_rows=32768 shared_suffix=64 segment_profile=tiny32,True,False,1,0.19566016048192977,1.2285128314071732,"{""num_rows"": ""32768"", ""segment_profile"": ""tiny32"", ""shared_suffix"": ""64""}"
experiment-2,stable-warps,Device=0 num_rows=2097152 shared_suffix=64 segment_profile=tiny32,True,False,1,1.6514803171157841,0.28414338470138906,"{""num_rows"": ""2097152"", ""segment_profile"": ""tiny32"", ""shared_suffix"": ""64""}"
baseline,unstable-warps,Device=0 num_rows=32768 shared_suffix=0 segment_profile=singletons,False,False,0,0.14324800103902818,16.737393392330297,"{""num_rows"": ""32768"", ""segment_profile"": ""singletons"", ""shared_suffix"": ""0""}"
baseline,unstable-warps,Device=0 num_rows=2097152 shared_suffix=0 segment_profile=singletons,False,False,0,0.44171328365802764,139.19142004198312,"{""num_rows"": ""2097152"", ""segment_profile"": ""singletons"", ""shared_suffix"": ""0""}"
baseline,unstable-warps,Device=0 num_rows=32768 shared_suffix=64 segment_profile=singletons,False,False,0,0.1416729587316513,2.5163005580118707,"{""num_rows"": ""32768"", ""segment_profile"": ""singletons"", ""shared_suffix"": ""64""}"
baseline,unstable-warps,Device=0 num_rows=2097152 shared_suffix=64 segment_profile=singletons,False,False,0,0.39188351929187765,0.7458365893645224,"{""num_rows"": ""2097152"", ""segment_profile"": ""singletons"", ""shared_suffix"": ""64""}"
baseline,unstable-warps,Device=0 num_rows=32768 shared_suffix=0 segment_profile=pairs,False,False,0,0.1596819207072258,2.620750304313161,"{""num_rows"": ""32768"", ""segment_profile"": ""pairs"", ""shared_suffix"": ""0""}"
baseline,unstable-warps,Device=0 num_rows=2097152 shared_suffix=0 segment_profile=pairs,False,False,0,0.6485760009288785,0.9941295063644129,"{""num_rows"": ""2097152"", ""segment_profile"": ""pairs"", ""shared_suffix"": ""0""}"
baseline,unstable-warps,Device=0 num_rows=32768 shared_suffix=64 segment_profile=pairs,False,False,0,0.16186240047216416,2.173765728870166,"{""num_rows"": ""32768"", ""segment_profile"": ""pairs"", ""shared_suffix"": ""64""}"
baseline,unstable-warps,Device=0 num_rows=2097152 shared_suffix=64 segment_profile=pairs,False,False,0,0.8214502394199369,0.9084724677234652,"{""num_rows"": ""2097152"", ""segment_profile"": ""pairs"", ""shared_suffix"": ""64""}"
baseline,unstable-warps,Device=0 num_rows=32768 shared_suffix=0 segment_profile=tiny4,False,False,0,0.1589433595538139,2.161602118698806,"{""num_rows"": ""32768"", ""segment_profile"": ""tiny4"", ""shared_suffix"": ""0""}"
baseline,unstable-warps,Device=0 num_rows=2097152 shared_suffix=0 segment_profile=tiny4,False,False,0,0.5789689588546754,0.8698809548546672,"{""num_rows"": ""2097152"", ""segment_profile"": ""tiny4"", ""shared_suffix"": ""0""}"
baseline,unstable-warps,Device=0 num_rows=32768 shared_suffix=64 segment_profile=tiny4,False,False,0,0.170944000184536,2.033997611103872,"{""num_rows"": ""32768"", ""segment_profile"": ""tiny4"", ""shared_suffix"": ""64""}"
baseline,unstable-warps,Device=0 num_rows=2097152 shared_suffix=64 segment_profile=tiny4,False,False,0,0.9132672011852264,0.6131792155294657,"{""num_rows"": ""2097152"", ""segment_profile"": ""tiny4"", ""shared_suffix"": ""64""}"
baseline,unstable-warps,Device=0 num_rows=32768 shared_suffix=0 segment_profile=tiny8,False,False,0,0.17033727973699567,38.25988529611361,"{""num_rows"": ""32768"", ""segment_profile"": ""tiny8"", ""shared_suffix"": ""0""}"
baseline,unstable-warps,Device=0 num_rows=2097152 shared_suffix=0 segment_profile=tiny8,False,False,0,0.5924140822887423,0.6067441871419849,"{""num_rows"": ""2097152"", ""segment_profile"": ""tiny8"", ""shared_suffix"": ""0""}"
baseline,unstable-warps,Device=0 num_rows=32768 shared_suffix=64 segment_profile=tiny8,False,False,0,0.18030591994524003,1.8537382688223913,"{""num_rows"": ""32768"", ""segment_profile"": ""tiny8"", ""shared_suffix"": ""64""}"
baseline,unstable-warps,Device=0 num_rows=2097152 shared_suffix=64 segment_profile=tiny8,False,False,0,1.1551488065719604,0.3369934242547223,"{""num_rows"": ""2097152"", ""segment_profile"": ""tiny8"", ""shared_suffix"": ""64""}"
baseline,unstable-warps,Device=0 num_rows=32768 shared_suffix=0 segment_profile=tiny16,False,False,0,0.16373567968606947,1.5323178042925065,"{""num_rows"": ""32768"", ""segment_profile"": ""tiny16"", ""shared_suffix"": ""0""}"
baseline,unstable-warps,Device=0 num_rows=2097152 shared_suffix=0 segment_profile=tiny16,False,False,0,0.6349011182785033,0.6536639622383972,"{""num_rows"": ""2097152"", ""segment_profile"": ""tiny16"", ""shared_suffix"": ""0""}"
baseline,unstable-warps,Device=0 num_rows=32768 shared_suffix=64 segment_profile=tiny16,False,False,0,0.1865356811881066,1.747304322799441,"{""num_rows"": ""32768"", ""segment_profile"": ""tiny16"", ""shared_suffix"": ""64""}"
baseline,unstable-warps,Device=0 num_rows=2097152 shared_suffix=64 segment_profile=tiny16,False,False,0,1.3716351962089537,0.3016725426366992,"{""num_rows"": ""2097152"", ""segment_profile"": ""tiny16"", ""shared_suffix"": ""64""}"
baseline,unstable-warps,Device=0 num_rows=32768 shared_suffix=0 segment_profile=tiny32,False,False,0,0.16404352068901062,1.1594864468068469,"{""num_rows"": ""32768"", ""segment_profile"": ""tiny32"", ""shared_suffix"": ""0""}"
baseline,unstable-warps,Device=0 num_rows=2097152 shared_suffix=0 segment_profile=tiny32,False,False,0,0.6867980790138245,0.7108680664517135,"{""num_rows"": ""2097152"", ""segment_profile"": ""tiny32"", ""shared_suffix"": ""0""}"
baseline,unstable-warps,Device=0 num_rows=32768 shared_suffix=64 segment_profile=tiny32,False,False,0,0.19501823931932455,1.6386288250575471,"{""num_rows"": ""32768"", ""segment_profile"": ""tiny32"", ""shared_suffix"": ""64""}"
baseline,unstable-warps,Device=0 num_rows=2097152 shared_suffix=64 segment_profile=tiny32,False,False,0,1.6627033710479744,0.2583400659106136,"{""num_rows"": ""2097152"", ""segment_profile"": ""tiny32"", ""shared_suffix"": ""64""}"
experiment-31,unstable-warps,Device=0 num_rows=32768 shared_suffix=0 segment_profile=singletons,False,False,0,0.14003072023391724,1.4246926653188343,"{""num_rows"": ""32768"", ""segment_profile"": ""singletons"", ""shared_suffix"": ""0""}"
experiment-31,unstable-warps,Device=0 num_rows=2097152 shared_suffix=0 segment_profile=singletons,False,False,0,0.35629759848117837,1.011413929814566,"{""num_rows"": ""2097152"", ""segment_profile"": ""singletons"", ""shared_suffix"": ""0""}"
experiment-31,unstable-warps,Device=0 num_rows=32768 shared_suffix=64 segment_profile=singletons,False,False,0,0.14421760022640234,1.5799099734224755,"{""num_rows"": ""32768"", ""segment_profile"": ""singletons"", ""shared_suffix"": ""64""}"
experiment-31,unstable-warps,Device=0 num_rows=2097152 shared_suffix=64 segment_profile=singletons,False,False,0,0.39300095915794364,0.843158449884541,"{""num_rows"": ""2097152"", ""segment_profile"": ""singletons"", ""shared_suffix"": ""64""}"
experiment-31,unstable-warps,Device=0 num_rows=32768 shared_suffix=0 segment_profile=pairs,False,False,0,0.16143296122550968,3.692091930750153,"{""num_rows"": ""32768"", ""segment_profile"": ""pairs"", ""shared_suffix"": ""0""}"
experiment-31,unstable-warps,Device=0 num_rows=2097152 shared_suffix=0 segment_profile=pairs,False,False,0,0.6542252779006958,1.0317855657184518,"{""num_rows"": ""2097152"", ""segment_profile"": ""pairs"", ""shared_suffix"": ""0""}"
experiment-31,unstable-warps,Device=0 num_rows=32768 shared_suffix=64 segment_profile=pairs,False,False,0,0.1658176007866859,1.7240579496994959,"{""num_rows"": ""32768"", ""segment_profile"": ""pairs"", ""shared_suffix"": ""64""}"
experiment-31,unstable-warps,Device=0 num_rows=2097152 shared_suffix=64 segment_profile=pairs,False,False,0,0.8272627139091494,0.7735646290406031,"{""num_rows"": ""2097152"", ""segment_profile"": ""pairs"", ""shared_suffix"": ""64""}"
experiment-31,unstable-warps,Device=0 num_rows=32768 shared_suffix=0 segment_profile=tiny4,False,False,0,0.16159616142511365,2.2763086318862795,"{""num_rows"": ""32768"", ""segment_profile"": ""tiny4"", ""shared_suffix"": ""0""}"
experiment-31,unstable-warps,Device=0 num_rows=2097152 shared_suffix=0 segment_profile=tiny4,False,False,0,0.5823590409755708,0.845256076186105,"{""num_rows"": ""2097152"", ""segment_profile"": ""tiny4"", ""shared_suffix"": ""0""}"
experiment-31,unstable-warps,Device=0 num_rows=32768 shared_suffix=64 segment_profile=tiny4,False,False,0,0.1732115197181702,1.5433446031814242,"{""num_rows"": ""32768"", ""segment_profile"": ""tiny4"", ""shared_suffix"": ""64""}"
experiment-31,unstable-warps,Device=0 num_rows=2097152 shared_suffix=64 segment_profile=tiny4,False,False,0,0.9160473573207852,0.6688191367101615,"{""num_rows"": ""2097152"", ""segment_profile"": ""tiny4"", ""shared_suffix"": ""64""}"
experiment-31,unstable-warps,Device=0 num_rows=32768 shared_suffix=0 segment_profile=tiny8,False,False,0,0.16203520059585572,2.428080902376758,"{""num_rows"": ""32768"", ""segment_profile"": ""tiny8"", ""shared_suffix"": ""0""}"
experiment-31,unstable-warps,Device=0 num_rows=2097152 shared_suffix=0 segment_profile=tiny8,False,False,0,0.5903769624233247,0.8684132899816059,"{""num_rows"": ""2097152"", ""segment_profile"": ""tiny8"", ""shared_suffix"": ""0""}"
experiment-31,unstable-warps,Device=0 num_rows=32768 shared_suffix=64 segment_profile=tiny8,False,False,0,0.1824915197491646,1.8280075888161595,"{""num_rows"": ""32768"", ""segment_profile"": ""tiny8"", ""shared_suffix"": ""64""}"
experiment-31,unstable-warps,Device=0 num_rows=2097152 shared_suffix=64 segment_profile=tiny8,False,False,0,1.1495660853385927,0.32378707422557934,"{""num_rows"": ""2097152"", ""segment_profile"": ""tiny8"", ""shared_suffix"": ""64""}"
experiment-31,unstable-warps,Device=0 num_rows=32768 shared_suffix=0 segment_profile=tiny16,False,False,0,0.16340287923812868,1.6723516699646963,"{""num_rows"": ""32768"", ""segment_profile"": ""tiny16"", ""shared_suffix"": ""0""}"
experiment-31,unstable-warps,Device=0 num_rows=2097152 shared_suffix=0 segment_profile=tiny16,False,False,0,0.6256441569328309,0.5250424581019834,"{""num_rows"": ""2097152"", ""segment_profile"": ""tiny16"", ""shared_suffix"": ""0""}"
experiment-31,unstable-warps,Device=0 num_rows=32768 shared_suffix=64 segment_profile=tiny16,False,False,0,0.1887436798214913,2.0931151639202272,"{""num_rows"": ""32768"", ""segment_profile"": ""tiny16"", ""shared_suffix"": ""64""}"
experiment-31,unstable-warps,Device=0 num_rows=2097152 shared_suffix=64 segment_profile=tiny16,False,False,0,1.3663353705406194,0.32648699267505993,"{""num_rows"": ""2097152"", ""segment_profile"": ""tiny16"", ""shared_suffix"": ""64""}"
experiment-31,unstable-warps,Device=0 num_rows=32768 shared_suffix=0 segment_profile=tiny32,False,False,0,0.16440895974636077,1.3045971278876207,"{""num_rows"": ""32768"", ""segment_profile"": ""tiny32"", ""shared_suffix"": ""0""}"
experiment-31,unstable-warps,Device=0 num_rows=2097152 shared_suffix=0 segment_profile=tiny32,False,False,0,0.6746444821357728,0.44992524625192604,"{""num_rows"": ""2097152"", ""segment_profile"": ""tiny32"", ""shared_suffix"": ""0""}"
experiment-31,unstable-warps,Device=0 num_rows=32768 shared_suffix=64 segment_profile=tiny32,False,False,0,0.1959475204348564,1.7572631523678481,"{""num_rows"": ""32768"", ""segment_profile"": ""tiny32"", ""shared_suffix"": ""64""}"
experiment-31,unstable-warps,Device=0 num_rows=2097152 shared_suffix=64 segment_profile=tiny32,False,False,0,1.6564928126335141,0.2827105765553776,"{""num_rows"": ""2097152"", ""segment_profile"": ""tiny32"", ""shared_suffix"": ""64""}"
experiment-0,unstable-warps,Device=0 num_rows=32768 shared_suffix=0 segment_profile=singletons,False,False,0,0.13876863956451413,0.8477154216750937,"{""num_rows"": ""32768"", ""segment_profile"": ""singletons"", ""shared_suffix"": ""0""}"
experiment-0,unstable-warps,Device=0 num_rows=2097152 shared_suffix=0 segment_profile=singletons,False,False,0,0.35250048100948334,0.9388559825009227,"{""num_rows"": ""2097152"", ""segment_profile"": ""singletons"", ""shared_suffix"": ""0""}"
experiment-0,unstable-warps,Device=0 num_rows=32768 shared_suffix=64 segment_profile=singletons,False,False,0,0.1360217612981796,1.2748530278687884,"{""num_rows"": ""32768"", ""segment_profile"": ""singletons"", ""shared_suffix"": ""64""}"
experiment-0,unstable-warps,Device=0 num_rows=2097152 shared_suffix=64 segment_profile=singletons,False,False,0,0.38905791938304896,0.8045103781742199,"{""num_rows"": ""2097152"", ""segment_profile"": ""singletons"", ""shared_suffix"": ""64""}"
experiment-0,unstable-warps,Device=0 num_rows=32768 shared_suffix=0 segment_profile=pairs,False,False,0,0.15531583935022358,0.7270859873464973,"{""num_rows"": ""32768"", ""segment_profile"": ""pairs"", ""shared_suffix"": ""0""}"
experiment-0,unstable-warps,Device=0 num_rows=2097152 shared_suffix=0 segment_profile=pairs,False,False,0,0.6502854406833648,1.1186610571987055,"{""num_rows"": ""2097152"", ""segment_profile"": ""pairs"", ""shared_suffix"": ""0""}"
experiment-0,unstable-warps,Device=0 num_rows=32768 shared_suffix=64 segment_profile=pairs,False,False,0,0.1578924810886383,0.9210537116976895,"{""num_rows"": ""32768"", ""segment_profile"": ""pairs"", ""shared_suffix"": ""64""}"
experiment-0,unstable-warps,Device=0 num_rows=2097152 shared_suffix=64 segment_profile=pairs,False,False,0,0.8232249605655668,0.8080648297372662,"{""num_rows"": ""2097152"", ""segment_profile"": ""pairs"", ""shared_suffix"": ""64""}"
experiment-0,unstable-warps,Device=0 num_rows=32768 shared_suffix=0 segment_profile=tiny4,False,False,0,0.15663359999656673,1.6136217755008988,"{""num_rows"": ""32768"", ""segment_profile"": ""tiny4"", ""shared_suffix"": ""0""}"
experiment-0,unstable-warps,Device=0 num_rows=2097152 shared_suffix=0 segment_profile=tiny4,False,False,0,0.5797017610073091,0.9944403383302911,"{""num_rows"": ""2097152"", ""segment_profile"": ""tiny4"", ""shared_suffix"": ""0""}"
experiment-0,unstable-warps,Device=0 num_rows=32768 shared_suffix=64 segment_profile=tiny4,False,False,0,0.1678681594133377,5.549038636571633,"{""num_rows"": ""32768"", ""segment_profile"": ""tiny4"", ""shared_suffix"": ""64""}"
experiment-0,unstable-warps,Device=0 num_rows=2097152 shared_suffix=64 segment_profile=tiny4,False,False,0,0.9120204794406893,0.6236957703283911,"{""num_rows"": ""2097152"", ""segment_profile"": ""tiny4"", ""shared_suffix"": ""64""}"
experiment-0,unstable-warps,Device=0 num_rows=32768 shared_suffix=0 segment_profile=tiny8,False,False,0,0.1603910395503044,1.392212923384196,"{""num_rows"": ""32768"", ""segment_profile"": ""tiny8"", ""shared_suffix"": ""0""}"
experiment-0,unstable-warps,Device=0 num_rows=2097152 shared_suffix=0 segment_profile=tiny8,False,False,0,0.5904614412784577,0.684700979814461,"{""num_rows"": ""2097152"", ""segment_profile"": ""tiny8"", ""shared_suffix"": ""0""}"
experiment-0,unstable-warps,Device=0 num_rows=32768 shared_suffix=64 segment_profile=tiny8,False,False,0,0.17730111926794048,1.1439275451290738,"{""num_rows"": ""32768"", ""segment_profile"": ""tiny8"", ""shared_suffix"": ""64""}"
experiment-0,unstable-warps,Device=0 num_rows=2097152 shared_suffix=64 segment_profile=tiny8,False,False,0,1.1500710344314573,0.40224713323788325,"{""num_rows"": ""2097152"", ""segment_profile"": ""tiny8"", ""shared_suffix"": ""64""}"
experiment-0,unstable-warps,Device=0 num_rows=32768 shared_suffix=0 segment_profile=tiny16,False,False,0,0.16285247921943663,0.8721723914270254,"{""num_rows"": ""32768"", ""segment_profile"": ""tiny16"", ""shared_suffix"": ""0""}"
experiment-0,unstable-warps,Device=0 num_rows=2097152 shared_suffix=0 segment_profile=tiny16,False,False,0,0.6310086357593536,0.5763067971588566,"{""num_rows"": ""2097152"", ""segment_profile"": ""tiny16"", ""shared_suffix"": ""0""}"
experiment-0,unstable-warps,Device=0 num_rows=32768 shared_suffix=64 segment_profile=tiny16,False,False,0,0.18639936029911044,2.834655051287362,"{""num_rows"": ""32768"", ""segment_profile"": ""tiny16"", ""shared_suffix"": ""64""}"
experiment-0,unstable-warps,Device=0 num_rows=2097152 shared_suffix=64 segment_profile=tiny16,False,False,0,1.3667385673522947,0.32475944674246526,"{""num_rows"": ""2097152"", ""segment_profile"": ""tiny16"", ""shared_suffix"": ""64""}"
experiment-0,unstable-warps,Device=0 num_rows=32768 shared_suffix=0 segment_profile=tiny32,False,False,0,0.1627974399924278,1.7096141201315613,"{""num_rows"": ""32768"", ""segment_profile"": ""tiny32"", ""shared_suffix"": ""0""}"
experiment-0,unstable-warps,Device=0 num_rows=2097152 shared_suffix=0 segment_profile=tiny32,False,False,0,0.6864691233634946,2.767602387025335,"{""num_rows"": ""2097152"", ""segment_profile"": ""tiny32"", ""shared_suffix"": ""0""}"
experiment-0,unstable-warps,Device=0 num_rows=32768 shared_suffix=64 segment_profile=tiny32,False,False,0,0.19443136006593703,1.1811225337670297,"{""num_rows"": ""32768"", ""segment_profile"": ""tiny32"", ""shared_suffix"": ""64""}"
experiment-0,unstable-warps,Device=0 num_rows=2097152 shared_suffix=64 segment_profile=tiny32,False,False,0,1.658083198070526,0.22656812487476483,"{""num_rows"": ""2097152"", ""segment_profile"": ""tiny32"", ""shared_suffix"": ""64""}"
experiment-31,identity-null,Device=0 num_rows=2097152 profile=fixed_8 null_percent=100,False,False,2,0.00859008001163602,2.4780871477378783,"{""null_percent"": ""100"", ""num_rows"": ""2097152"", ""profile"": ""fixed_8""}"
experiment-15,identity-null,Device=0 num_rows=2097152 profile=fixed_8 null_percent=100,False,False,2,0.00854975998401642,2.75732698889447,"{""null_percent"": ""100"", ""num_rows"": ""2097152"", ""profile"": ""fixed_8""}"
experiment-3,unstable-warps,Device=0 num_rows=32768 shared_suffix=0 segment_profile=singletons,False,False,1,0.1385849606990814,1.523120472714475,"{""num_rows"": ""32768"", ""segment_profile"": ""singletons"", ""shared_suffix"": ""0""}"
experiment-3,unstable-warps,Device=0 num_rows=2097152 shared_suffix=0 segment_profile=singletons,False,False,1,0.3511839991807938,0.9905104270289159,"{""num_rows"": ""2097152"", ""segment_profile"": ""singletons"", ""shared_suffix"": ""0""}"
experiment-3,unstable-warps,Device=0 num_rows=32768 shared_suffix=64 segment_profile=singletons,False,False,1,0.1361235198378563,0.881985944895761,"{""num_rows"": ""32768"", ""segment_profile"": ""singletons"", ""shared_suffix"": ""64""}"
experiment-3,unstable-warps,Device=0 num_rows=2097152 shared_suffix=64 segment_profile=singletons,False,False,1,0.38850751996040356,1.0951578891907037,"{""num_rows"": ""2097152"", ""segment_profile"": ""singletons"", ""shared_suffix"": ""64""}"
experiment-3,unstable-warps,Device=0 num_rows=32768 shared_suffix=0 segment_profile=pairs,False,False,1,0.15585472047328952,1.3619360516350874,"{""num_rows"": ""32768"", ""segment_profile"": ""pairs"", ""shared_suffix"": ""0""}"
experiment-3,unstable-warps,Device=0 num_rows=2097152 shared_suffix=0 segment_profile=pairs,False,False,1,0.6499654400348663,1.0770576441286053,"{""num_rows"": ""2097152"", ""segment_profile"": ""pairs"", ""shared_suffix"": ""0""}"
experiment-3,unstable-warps,Device=0 num_rows=32768 shared_suffix=64 segment_profile=pairs,False,False,1,0.15803200066089634,0.5699799118503229,"{""num_rows"": ""32768"", ""segment_profile"": ""pairs"", ""shared_suffix"": ""64""}"
experiment-3,unstable-warps,Device=0 num_rows=2097152 shared_suffix=64 segment_profile=pairs,False,False,1,0.8228377544879912,1.0718893392473219,"{""num_rows"": ""2097152"", ""segment_profile"": ""pairs"", ""shared_suffix"": ""64""}"
experiment-3,unstable-warps,Device=0 num_rows=32768 shared_suffix=0 segment_profile=tiny4,False,False,1,0.1559513607621193,1.3020936272752393,"{""num_rows"": ""32768"", ""segment_profile"": ""tiny4"", ""shared_suffix"": ""0""}"
experiment-3,unstable-warps,Device=0 num_rows=2097152 shared_suffix=0 segment_profile=tiny4,False,False,1,0.5765811157226562,0.9238846844759958,"{""num_rows"": ""2097152"", ""segment_profile"": ""tiny4"", ""shared_suffix"": ""0""}"
experiment-3,unstable-warps,Device=0 num_rows=32768 shared_suffix=64 segment_profile=tiny4,False,False,1,0.16689983963966368,1.0417942993404568,"{""num_rows"": ""32768"", ""segment_profile"": ""tiny4"", ""shared_suffix"": ""64""}"
experiment-3,unstable-warps,Device=0 num_rows=2097152 shared_suffix=64 segment_profile=tiny4,False,False,1,0.9096832025051118,0.5532988887340923,"{""num_rows"": ""2097152"", ""segment_profile"": ""tiny4"", ""shared_suffix"": ""64""}"
experiment-3,unstable-warps,Device=0 num_rows=32768 shared_suffix=0 segment_profile=tiny8,False,False,1,0.15897984087467193,1.0043666868316756,"{""num_rows"": ""32768"", ""segment_profile"": ""tiny8"", ""shared_suffix"": ""0""}"
experiment-3,unstable-warps,Device=0 num_rows=2097152 shared_suffix=0 segment_profile=tiny8,False,False,1,0.5840851199626923,0.7684209525021165,"{""num_rows"": ""2097152"", ""segment_profile"": ""tiny8"", ""shared_suffix"": ""0""}"
experiment-3,unstable-warps,Device=0 num_rows=32768 shared_suffix=64 segment_profile=tiny8,False,False,1,0.1766700801253319,1.6696675934931637,"{""num_rows"": ""32768"", ""segment_profile"": ""tiny8"", ""shared_suffix"": ""64""}"
experiment-3,unstable-warps,Device=0 num_rows=2097152 shared_suffix=64 segment_profile=tiny8,False,False,1,1.1435571146011354,0.3399550359563207,"{""num_rows"": ""2097152"", ""segment_profile"": ""tiny8"", ""shared_suffix"": ""64""}"
experiment-3,unstable-warps,Device=0 num_rows=32768 shared_suffix=0 segment_profile=tiny16,False,False,1,0.16238144010305405,1.2177405331165796,"{""num_rows"": ""32768"", ""segment_profile"": ""tiny16"", ""shared_suffix"": ""0""}"
experiment-3,unstable-warps,Device=0 num_rows=2097152 shared_suffix=0 segment_profile=tiny16,False,False,1,0.620181121826172,0.40251119234439536,"{""num_rows"": ""2097152"", ""segment_profile"": ""tiny16"", ""shared_suffix"": ""0""}"
experiment-3,unstable-warps,Device=0 num_rows=32768 shared_suffix=64 segment_profile=tiny16,False,False,1,0.1846572801470756,1.3096065280509015,"{""num_rows"": ""32768"", ""segment_profile"": ""tiny16"", ""shared_suffix"": ""64""}"
experiment-3,unstable-warps,Device=0 num_rows=2097152 shared_suffix=64 segment_profile=tiny16,False,False,1,1.3613158440589905,0.3006657898284404,"{""num_rows"": ""2097152"", ""segment_profile"": ""tiny16"", ""shared_suffix"": ""64""}"
experiment-3,unstable-warps,Device=0 num_rows=32768 shared_suffix=0 segment_profile=tiny32,False,False,1,0.16272640019655227,1.4825457217110305,"{""num_rows"": ""32768"", ""segment_profile"": ""tiny32"", ""shared_suffix"": ""0""}"
experiment-3,unstable-warps,Device=0 num_rows=2097152 shared_suffix=0 segment_profile=tiny32,False,False,1,0.670035842657089,0.45163921090420706,"{""num_rows"": ""2097152"", ""segment_profile"": ""tiny32"", ""shared_suffix"": ""0""}"
experiment-3,unstable-warps,Device=0 num_rows=32768 shared_suffix=64 segment_profile=tiny32,False,False,1,0.19410048037767405,1.4201787250269773,"{""num_rows"": ""32768"", ""segment_profile"": ""tiny32"", ""shared_suffix"": ""64""}"
experiment-3,unstable-warps,Device=0 num_rows=2097152 shared_suffix=64 segment_profile=tiny32,False,False,1,1.6513075208663945,0.2501624225867497,"{""num_rows"": ""2097152"", ""segment_profile"": ""tiny32"", ""shared_suffix"": ""64""}"
experiment-2,unstable-warps,Device=0 num_rows=32768 shared_suffix=0 segment_profile=singletons,False,False,4,0.14019264012575147,1.8051128323045922,"{""num_rows"": ""32768"", ""segment_profile"": ""singletons"", ""shared_suffix"": ""0""}"
experiment-2,unstable-warps,Device=0 num_rows=2097152 shared_suffix=0 segment_profile=singletons,False,False,4,0.3570809602737427,2.0606299706982214,"{""num_rows"": ""2097152"", ""segment_profile"": ""singletons"", ""shared_suffix"": ""0""}"
experiment-2,unstable-warps,Device=0 num_rows=32768 shared_suffix=64 segment_profile=singletons,False,False,4,0.14124032080173493,3.0890910787012014,"{""num_rows"": ""32768"", ""segment_profile"": ""singletons"", ""shared_suffix"": ""64""}"
experiment-2,unstable-warps,Device=0 num_rows=2097152 shared_suffix=64 segment_profile=singletons,False,False,4,0.39327936232089994,0.6934018816944879,"{""num_rows"": ""2097152"", ""segment_profile"": ""singletons"", ""shared_suffix"": ""64""}"
experiment-2,unstable-warps,Device=0 num_rows=32768 shared_suffix=0 segment_profile=pairs,False,False,4,0.1589273601770401,2.2389808296396008,"{""num_rows"": ""32768"", ""segment_profile"": ""pairs"", ""shared_suffix"": ""0""}"
experiment-2,unstable-warps,Device=0 num_rows=2097152 shared_suffix=0 segment_profile=pairs,False,False,4,0.6560921597480774,0.872416105412874,"{""num_rows"": ""2097152"", ""segment_profile"": ""pairs"", ""shared_suffix"": ""0""}"
experiment-2,unstable-warps,Device=0 num_rows=32768 shared_suffix=64 segment_profile=pairs,False,False,4,0.16344128072261807,2.2496499490743638,"{""num_rows"": ""32768"", ""segment_profile"": ""pairs"", ""shared_suffix"": ""64""}"
experiment-2,unstable-warps,Device=0 num_rows=2097152 shared_suffix=64 segment_profile=pairs,False,False,4,0.8258124780654909,0.8608859261164556,"{""num_rows"": ""2097152"", ""segment_profile"": ""pairs"", ""shared_suffix"": ""64""}"
experiment-2,unstable-warps,Device=0 num_rows=32768 shared_suffix=0 segment_profile=tiny4,False,False,4,0.1605580797791481,5.0127026583253995,"{""num_rows"": ""32768"", ""segment_profile"": ""tiny4"", ""shared_suffix"": ""0""}"
experiment-2,unstable-warps,Device=0 num_rows=2097152 shared_suffix=0 segment_profile=tiny4,False,False,4,0.5840544009208679,0.8654051956372079,"{""num_rows"": ""2097152"", ""segment_profile"": ""tiny4"", ""shared_suffix"": ""0""}"
experiment-2,unstable-warps,Device=0 num_rows=32768 shared_suffix=64 segment_profile=tiny4,False,False,4,0.17040000081062318,2.08658978683917,"{""num_rows"": ""32768"", ""segment_profile"": ""tiny4"", ""shared_suffix"": ""64""}"
experiment-2,unstable-warps,Device=0 num_rows=2097152 shared_suffix=64 segment_profile=tiny4,False,False,4,0.9162111961841582,0.5223321206317284,"{""num_rows"": ""2097152"", ""segment_profile"": ""tiny4"", ""shared_suffix"": ""64""}"
experiment-2,unstable-warps,Device=0 num_rows=32768 shared_suffix=0 segment_profile=tiny8,False,False,4,0.1606054401397705,1.517966912602972,"{""num_rows"": ""32768"", ""segment_profile"": ""tiny8"", ""shared_suffix"": ""0""}"
experiment-2,unstable-warps,Device=0 num_rows=2097152 shared_suffix=0 segment_profile=tiny8,False,False,4,0.5941120028495787,0.695650744969972,"{""num_rows"": ""2097152"", ""segment_profile"": ""tiny8"", ""shared_suffix"": ""0""}"
experiment-2,unstable-warps,Device=0 num_rows=32768 shared_suffix=64 segment_profile=tiny8,False,False,4,0.1802163201570511,2.411597032770162,"{""num_rows"": ""32768"", ""segment_profile"": ""tiny8"", ""shared_suffix"": ""64""}"
experiment-2,unstable-warps,Device=0 num_rows=2097152 shared_suffix=64 segment_profile=tiny8,False,False,4,1.1536812806129455,0.3320639184323257,"{""num_rows"": ""2097152"", ""segment_profile"": ""tiny8"", ""shared_suffix"": ""64""}"
experiment-2,unstable-warps,Device=0 num_rows=32768 shared_suffix=0 segment_profile=tiny16,False,False,4,0.16392895966768267,1.3693075859948483,"{""num_rows"": ""32768"", ""segment_profile"": ""tiny16"", ""shared_suffix"": ""0""}"
experiment-2,unstable-warps,Device=0 num_rows=2097152 shared_suffix=0 segment_profile=tiny16,False,False,4,0.6352351999282835,0.5475884956037296,"{""num_rows"": ""2097152"", ""segment_profile"": ""tiny16"", ""shared_suffix"": ""0""}"
experiment-2,unstable-warps,Device=0 num_rows=32768 shared_suffix=64 segment_profile=tiny16,False,False,4,0.1897004798054695,10.321090994431614,"{""num_rows"": ""32768"", ""segment_profile"": ""tiny16"", ""shared_suffix"": ""64""}"
experiment-2,unstable-warps,Device=0 num_rows=2097152 shared_suffix=64 segment_profile=tiny16,False,False,4,1.3744134426116945,0.48883894457117827,"{""num_rows"": ""2097152"", ""segment_profile"": ""tiny16"", ""shared_suffix"": ""64""}"
experiment-2,unstable-warps,Device=0 num_rows=32768 shared_suffix=0 segment_profile=tiny32,False,False,4,0.1654476797580719,1.8356391982503808,"{""num_rows"": ""32768"", ""segment_profile"": ""tiny32"", ""shared_suffix"": ""0""}"
experiment-2,unstable-warps,Device=0 num_rows=2097152 shared_suffix=0 segment_profile=tiny32,False,False,4,0.6875980806350707,0.3844711187333772,"{""num_rows"": ""2097152"", ""segment_profile"": ""tiny32"", ""shared_suffix"": ""0""}"
experiment-2,unstable-warps,Device=0 num_rows=32768 shared_suffix=64 segment_profile=tiny32,False,False,4,0.19561472058296206,1.276080240439152,"{""num_rows"": ""32768"", ""segment_profile"": ""tiny32"", ""shared_suffix"": ""64""}"
experiment-2,unstable-warps,Device=0 num_rows=2097152 shared_suffix=64 segment_profile=tiny32,False,False,4,1.6631123232841494,0.2588457777038266,"{""num_rows"": ""2097152"", ""segment_profile"": ""tiny32"", ""shared_suffix"": ""64""}"
experiment-15,prefix-targets,Device=0 num_rows=262144 prefix_width=8 suffix_width=32 prefix_cardinality=1,False,False,2,0.5754419195652009,2.944321582211658,"{""num_rows"": ""262144"", ""prefix_cardinality"": ""1"", ""prefix_width"": ""8"", ""suffix_width"": ""32""}"
experiment-15,prefix-targets,Device=0 num_rows=2097152 prefix_width=8 suffix_width=32 prefix_cardinality=1,False,False,2,4.1657420349121095,0.4006231632003971,"{""num_rows"": ""2097152"", ""prefix_cardinality"": ""1"", ""prefix_width"": ""8"", ""suffix_width"": ""32""}"
experiment-15,prefix-targets,Device=0 num_rows=262144 prefix_width=10 suffix_width=32 prefix_cardinality=1,False,False,2,0.6089856016635894,0.7291185014790578,"{""num_rows"": ""262144"", ""prefix_cardinality"": ""1"", ""prefix_width"": ""10"", ""suffix_width"": ""32""}"
experiment-15,prefix-targets,Device=0 num_rows=2097152 prefix_width=10 suffix_width=32 prefix_cardinality=1,False,False,2,4.384508819580078,0.349199520711152,"{""num_rows"": ""2097152"", ""prefix_cardinality"": ""1"", ""prefix_width"": ""10"", ""suffix_width"": ""32""}"
experiment-15,prefix-targets,Device=0 num_rows=262144 prefix_width=11 suffix_width=32 prefix_cardinality=1,False,False,2,0.6194860780239106,0.7032439078529538,"{""num_rows"": ""262144"", ""prefix_cardinality"": ""1"", ""prefix_width"": ""11"", ""suffix_width"": ""32""}"
experiment-15,prefix-targets,Device=0 num_rows=2097152 prefix_width=11 suffix_width=32 prefix_cardinality=1,False,False,2,4.448500480651855,0.26166355600816665,"{""num_rows"": ""2097152"", ""prefix_cardinality"": ""1"", ""prefix_width"": ""11"", ""suffix_width"": ""32""}"
experiment-15,prefix-targets,Device=0 num_rows=262144 prefix_width=12 suffix_width=32 prefix_cardinality=1,False,False,2,0.6286451208591461,0.5427587511216408,"{""num_rows"": ""262144"", ""prefix_cardinality"": ""1"", ""prefix_width"": ""12"", ""suffix_width"": ""32""}"
experiment-15,prefix-targets,Device=0 num_rows=2097152 prefix_width=12 suffix_width=32 prefix_cardinality=1,False,False,2,4.502625274658205,0.33019031644001323,"{""num_rows"": ""2097152"", ""prefix_cardinality"": ""1"", ""prefix_width"": ""12"", ""suffix_width"": ""32""}"
experiment-31,active-fractions,Device=0 num_rows=262144 profile=active_10,False,False,4,0.2962668818235397,1.294983141847314,"{""num_rows"": ""262144"", ""profile"": ""active_10""}"
experiment-31,active-fractions,Device=0 num_rows=2097152 profile=active_10,False,False,4,0.5421504008769988,0.668384852719069,"{""num_rows"": ""2097152"", ""profile"": ""active_10""}"
experiment-31,active-fractions,Device=0 num_rows=262144 profile=active_50,False,False,4,0.3312371200323105,0.35949286455512225,"{""num_rows"": ""262144"", ""profile"": ""active_50""}"
experiment-31,active-fractions,Device=0 num_rows=2097152 profile=active_50,False,False,4,0.8661523187160493,0.6018029443838675,"{""num_rows"": ""2097152"", ""profile"": ""active_50""}"
experiment-1,stable-warps-desc,Device=0 num_rows=32768 shared_suffix=0 segment_profile=pairs,True,True,0,0.15901823878288274,0.7867503141739013,"{""num_rows"": ""32768"", ""segment_profile"": ""pairs"", ""shared_suffix"": ""0""}"
experiment-1,stable-warps-desc,Device=0 num_rows=2097152 shared_suffix=0 segment_profile=pairs,True,True,0,0.6589823985099794,1.033934202449915,"{""num_rows"": ""2097152"", ""segment_profile"": ""pairs"", ""shared_suffix"": ""0""}"
experiment-1,stable-warps-desc,Device=0 num_rows=32768 shared_suffix=64 segment_profile=pairs,True,True,0,0.1599987205862999,0.6473224226592093,"{""num_rows"": ""32768"", ""segment_profile"": ""pairs"", ""shared_suffix"": ""64""}"
experiment-1,stable-warps-desc,Device=0 num_rows=2097152 shared_suffix=64 segment_profile=pairs,True,True,0,0.8639308822154999,0.790611196053231,"{""num_rows"": ""2097152"", ""segment_profile"": ""pairs"", ""shared_suffix"": ""64""}"
experiment-1,stable-warps-desc,Device=0 num_rows=32768 shared_suffix=0 segment_profile=tiny4,True,True,0,0.16236351996660234,19.377107737261944,"{""num_rows"": ""32768"", ""segment_profile"": ""tiny4"", ""shared_suffix"": ""0""}"
experiment-1,stable-warps-desc,Device=0 num_rows=2097152 shared_suffix=0 segment_profile=tiny4,True,True,0,0.6178009593486785,0.8996987455547487,"{""num_rows"": ""2097152"", ""segment_profile"": ""tiny4"", ""shared_suffix"": ""0""}"
experiment-1,stable-warps-desc,Device=0 num_rows=32768 shared_suffix=64 segment_profile=tiny4,True,True,0,0.17330176055431365,0.7158371628886065,"{""num_rows"": ""32768"", ""segment_profile"": ""tiny4"", ""shared_suffix"": ""64""}"
experiment-1,stable-warps-desc,Device=0 num_rows=2097152 shared_suffix=64 segment_profile=tiny4,True,True,0,1.0598150396347046,0.47721497149461306,"{""num_rows"": ""2097152"", ""segment_profile"": ""tiny4"", ""shared_suffix"": ""64""}"
experiment-1,stable-warps-desc,Device=0 num_rows=32768 shared_suffix=0 segment_profile=tiny8,True,True,0,0.16582271993160244,0.8372376825931142,"{""num_rows"": ""32768"", ""segment_profile"": ""tiny8"", ""shared_suffix"": ""0""}"
experiment-1,stable-warps-desc,Device=0 num_rows=2097152 shared_suffix=0 segment_profile=tiny8,True,True,0,0.701668475866318,0.5443208539533742,"{""num_rows"": ""2097152"", ""segment_profile"": ""tiny8"", ""shared_suffix"": ""0""}"
experiment-1,stable-warps-desc,Device=0 num_rows=32768 shared_suffix=64 segment_profile=tiny8,True,True,0,0.19350336104631422,6.528434560376578,"{""num_rows"": ""32768"", ""segment_profile"": ""tiny8"", ""shared_suffix"": ""64""}"
experiment-1,stable-warps-desc,Device=0 num_rows=2097152 shared_suffix=64 segment_profile=tiny8,True,True,0,1.4885158371925353,0.3295104542158104,"{""num_rows"": ""2097152"", ""segment_profile"": ""tiny8"", ""shared_suffix"": ""64""}"
experiment-1,stable-warps-desc,Device=0 num_rows=32768 shared_suffix=0 segment_profile=tiny16,True,True,0,0.1714976000785828,1.4593739805570978,"{""num_rows"": ""32768"", ""segment_profile"": ""tiny16"", ""shared_suffix"": ""0""}"
experiment-1,stable-warps-desc,Device=0 num_rows=2097152 shared_suffix=0 segment_profile=tiny16,True,True,0,0.7822547209262849,0.43500341469618525,"{""num_rows"": ""2097152"", ""segment_profile"": ""tiny16"", ""shared_suffix"": ""0""}"
experiment-1,stable-warps-desc,Device=0 num_rows=32768 shared_suffix=64 segment_profile=tiny16,True,True,0,0.20961728036403657,10.065318174014926,"{""num_rows"": ""32768"", ""segment_profile"": ""tiny16"", ""shared_suffix"": ""64""}"
experiment-1,stable-warps-desc,Device=0 num_rows=2097152 shared_suffix=64 segment_profile=tiny16,True,True,0,1.9750726389884945,0.20671100286790653,"{""num_rows"": ""2097152"", ""segment_profile"": ""tiny16"", ""shared_suffix"": ""64""}"
experiment-1,stable-warps-desc,Device=0 num_rows=32768 shared_suffix=0 segment_profile=tiny32,True,True,0,0.17504703998565666,1.4675538915291462,"{""num_rows"": ""32768"", ""segment_profile"": ""tiny32"", ""shared_suffix"": ""0""}"
experiment-1,stable-warps-desc,Device=0 num_rows=2097152 shared_suffix=0 segment_profile=tiny32,True,True,0,0.9040716814994811,0.3794347151611746,"{""num_rows"": ""2097152"", ""segment_profile"": ""tiny32"", ""shared_suffix"": ""0""}"
experiment-1,stable-warps-desc,Device=0 num_rows=32768 shared_suffix=64 segment_profile=tiny32,True,True,0,0.22412736028432848,2.0201533116776584,"{""num_rows"": ""32768"", ""segment_profile"": ""tiny32"", ""shared_suffix"": ""64""}"
experiment-1,stable-warps-desc,Device=0 num_rows=2097152 shared_suffix=64 segment_profile=tiny32,True,True,0,2.514533123970032,0.32838170170285347,"{""num_rows"": ""2097152"", ""segment_profile"": ""tiny32"", ""shared_suffix"": ""64""}"
experiment-1,zero,Device=0 num_rows=32768 profile=zero_collision_pass1,False,False,4,0.20748287945985786,0.6637787558310386,"{""num_rows"": ""32768"", ""profile"": ""zero_collision_pass1""}"
experiment-1,zero,Device=0 num_rows=32768 profile=zero_collision_pass2,False,False,4,0.2859968000650406,1.0687504767748528,"{""num_rows"": ""32768"", ""profile"": ""zero_collision_pass2""}"
experiment-0,stable-warps-desc,Device=0 num_rows=32768 shared_suffix=0 segment_profile=pairs,True,True,4,0.1585062405467034,0.8474394462198026,"{""num_rows"": ""32768"", ""segment_profile"": ""pairs"", ""shared_suffix"": ""0""}"
experiment-0,stable-warps-desc,Device=0 num_rows=2097152 shared_suffix=0 segment_profile=pairs,True,True,4,0.6587673580646515,1.0960124368353534,"{""num_rows"": ""2097152"", ""segment_profile"": ""pairs"", ""shared_suffix"": ""0""}"
experiment-0,stable-warps-desc,Device=0 num_rows=32768 shared_suffix=64 segment_profile=pairs,True,True,4,0.1619916799664497,7.729915782444666,"{""num_rows"": ""32768"", ""segment_profile"": ""pairs"", ""shared_suffix"": ""64""}"
experiment-0,stable-warps-desc,Device=0 num_rows=2097152 shared_suffix=64 segment_profile=pairs,True,True,4,0.8625363183021545,0.7889544828704718,"{""num_rows"": ""2097152"", ""segment_profile"": ""pairs"", ""shared_suffix"": ""64""}"
experiment-0,stable-warps-desc,Device=0 num_rows=32768 shared_suffix=0 segment_profile=tiny4,True,True,4,0.15793023943901058,1.2998819181085097,"{""num_rows"": ""32768"", ""segment_profile"": ""tiny4"", ""shared_suffix"": ""0""}"
experiment-0,stable-warps-desc,Device=0 num_rows=2097152 shared_suffix=0 segment_profile=tiny4,True,True,4,0.6248659205436708,0.7880597648889752,"{""num_rows"": ""2097152"", ""segment_profile"": ""tiny4"", ""shared_suffix"": ""0""}"
experiment-0,stable-warps-desc,Device=0 num_rows=32768 shared_suffix=64 segment_profile=tiny4,True,True,4,0.17349696040153503,0.6539295282049318,"{""num_rows"": ""32768"", ""segment_profile"": ""tiny4"", ""shared_suffix"": ""64""}"
experiment-0,stable-warps-desc,Device=0 num_rows=2097152 shared_suffix=64 segment_profile=tiny4,True,True,4,1.0665535950660705,0.4088099046771077,"{""num_rows"": ""2097152"", ""segment_profile"": ""tiny4"", ""shared_suffix"": ""64""}"
experiment-0,stable-warps-desc,Device=0 num_rows=32768 shared_suffix=0 segment_profile=tiny8,True,True,4,0.16724224001169208,1.2555250945386174,"{""num_rows"": ""32768"", ""segment_profile"": ""tiny8"", ""shared_suffix"": ""0""}"
experiment-0,stable-warps-desc,Device=0 num_rows=2097152 shared_suffix=0 segment_profile=tiny8,True,True,4,0.7089126408100128,0.6234227795178597,"{""num_rows"": ""2097152"", ""segment_profile"": ""tiny8"", ""shared_suffix"": ""0""}"
experiment-0,stable-warps-desc,Device=0 num_rows=32768 shared_suffix=64 segment_profile=tiny8,True,True,4,0.19308799922466277,1.1631809515392681,"{""num_rows"": ""32768"", ""segment_profile"": ""tiny8"", ""shared_suffix"": ""64""}"
experiment-0,stable-warps-desc,Device=0 num_rows=2097152 shared_suffix=64 segment_profile=tiny8,True,True,4,1.506799356937408,0.3418739094988554,"{""num_rows"": ""2097152"", ""segment_profile"": ""tiny8"", ""shared_suffix"": ""64""}"
experiment-0,stable-warps-desc,Device=0 num_rows=32768 shared_suffix=0 segment_profile=tiny16,True,True,4,0.17295935958623887,0.935581551833591,"{""num_rows"": ""32768"", ""segment_profile"": ""tiny16"", ""shared_suffix"": ""0""}"
experiment-0,stable-warps-desc,Device=0 num_rows=2097152 shared_suffix=0 segment_profile=tiny16,True,True,4,0.8041318392753602,0.4292007281618197,"{""num_rows"": ""2097152"", ""segment_profile"": ""tiny16"", ""shared_suffix"": ""0""}"
experiment-0,stable-warps-desc,Device=0 num_rows=32768 shared_suffix=64 segment_profile=tiny16,True,True,4,0.2087411192059517,1.22319362897997,"{""num_rows"": ""32768"", ""segment_profile"": ""tiny16"", ""shared_suffix"": ""64""}"
experiment-0,stable-warps-desc,Device=0 num_rows=2097152 shared_suffix=64 segment_profile=tiny16,True,True,4,1.9864159989356989,0.2940765983500658,"{""num_rows"": ""2097152"", ""segment_profile"": ""tiny16"", ""shared_suffix"": ""64""}"
experiment-0,stable-warps-desc,Device=0 num_rows=32768 shared_suffix=0 segment_profile=tiny32,True,True,4,0.1771737602353096,1.6935376620415044,"{""num_rows"": ""32768"", ""segment_profile"": ""tiny32"", ""shared_suffix"": ""0""}"
experiment-0,stable-warps-desc,Device=0 num_rows=2097152 shared_suffix=0 segment_profile=tiny32,True,True,4,0.9324371194839479,0.35900752554568227,"{""num_rows"": ""2097152"", ""segment_profile"": ""tiny32"", ""shared_suffix"": ""0""}"
experiment-0,stable-warps-desc,Device=0 num_rows=32768 shared_suffix=64 segment_profile=tiny32,True,True,4,0.22398528039455412,1.7403152295178457,"{""num_rows"": ""32768"", ""segment_profile"": ""tiny32"", ""shared_suffix"": ""64""}"
experiment-0,stable-warps-desc,Device=0 num_rows=2097152 shared_suffix=64 segment_profile=tiny32,True,True,4,2.526428146362306,0.20608728126853734,"{""num_rows"": ""2097152"", ""segment_profile"": ""tiny32"", ""shared_suffix"": ""64""}"
experiment-15,stable-warps,Device=0 num_rows=32768 shared_suffix=0 segment_profile=pairs,True,False,4,0.16008832007646565,5.687681559245575,"{""num_rows"": ""32768"", ""segment_profile"": ""pairs"", ""shared_suffix"": ""0""}"
experiment-15,stable-warps,Device=0 num_rows=2097152 shared_suffix=0 segment_profile=pairs,True,False,4,0.650343039035797,1.1113420017866278,"{""num_rows"": ""2097152"", ""segment_profile"": ""pairs"", ""shared_suffix"": ""0""}"
experiment-15,stable-warps,Device=0 num_rows=32768 shared_suffix=64 segment_profile=pairs,True,False,4,0.15836160033941268,1.2078019549705665,"{""num_rows"": ""32768"", ""segment_profile"": ""pairs"", ""shared_suffix"": ""64""}"
experiment-15,stable-warps,Device=0 num_rows=2097152 shared_suffix=64 segment_profile=pairs,True,False,4,0.8226636779308318,0.844042389473688,"{""num_rows"": ""2097152"", ""segment_profile"": ""pairs"", ""shared_suffix"": ""64""}"
experiment-15,stable-warps,Device=0 num_rows=32768 shared_suffix=0 segment_profile=tiny4,True,False,4,0.1580569609999656,8.848974200594457,"{""num_rows"": ""32768"", ""segment_profile"": ""tiny4"", ""shared_suffix"": ""0""}"
experiment-15,stable-warps,Device=0 num_rows=2097152 shared_suffix=0 segment_profile=tiny4,True,False,4,0.5794547176361081,4.206562422794097,"{""num_rows"": ""2097152"", ""segment_profile"": ""tiny4"", ""shared_suffix"": ""0""}"
experiment-15,stable-warps,Device=0 num_rows=32768 shared_suffix=64 segment_profile=tiny4,True,False,4,0.16684351921081544,0.8817869344567344,"{""num_rows"": ""32768"", ""segment_profile"": ""tiny4"", ""shared_suffix"": ""64""}"
experiment-15,stable-warps,Device=0 num_rows=2097152 shared_suffix=64 segment_profile=tiny4,True,False,4,0.9093388807773594,0.9317229894766808,"{""num_rows"": ""2097152"", ""segment_profile"": ""tiny4"", ""shared_suffix"": ""64""}"
experiment-15,stable-warps,Device=0 num_rows=32768 shared_suffix=0 segment_profile=tiny8,True,False,4,0.1580595195293427,1.1975388309256487,"{""num_rows"": ""32768"", ""segment_profile"": ""tiny8"", ""shared_suffix"": ""0""}"
experiment-15,stable-warps,Device=0 num_rows=2097152 shared_suffix=0 segment_profile=tiny8,True,False,4,0.5801388788223266,1.2185125554769518,"{""num_rows"": ""2097152"", ""segment_profile"": ""tiny8"", ""shared_suffix"": ""0""}"
experiment-15,stable-warps,Device=0 num_rows=32768 shared_suffix=64 segment_profile=tiny8,True,False,4,0.1762790393829346,0.8396980076131578,"{""num_rows"": ""32768"", ""segment_profile"": ""tiny8"", ""shared_suffix"": ""64""}"
experiment-15,stable-warps,Device=0 num_rows=2097152 shared_suffix=64 segment_profile=tiny8,True,False,4,1.1369555234909061,0.2957086472200646,"{""num_rows"": ""2097152"", ""segment_profile"": ""tiny8"", ""shared_suffix"": ""64""}"
experiment-15,stable-warps,Device=0 num_rows=32768 shared_suffix=0 segment_profile=tiny16,True,False,4,0.15974271893501277,1.282578385943109,"{""num_rows"": ""32768"", ""segment_profile"": ""tiny16"", ""shared_suffix"": ""0""}"
experiment-15,stable-warps,Device=0 num_rows=2097152 shared_suffix=0 segment_profile=tiny16,True,False,4,0.6064774394035337,0.4786751917741034,"{""num_rows"": ""2097152"", ""segment_profile"": ""tiny16"", ""shared_suffix"": ""0""}"
experiment-15,stable-warps,Device=0 num_rows=32768 shared_suffix=64 segment_profile=tiny16,True,False,4,0.1837446394562721,1.2128702295849232,"{""num_rows"": ""32768"", ""segment_profile"": ""tiny16"", ""shared_suffix"": ""64""}"
experiment-15,stable-warps,Device=0 num_rows=2097152 shared_suffix=64 segment_profile=tiny16,True,False,4,1.3476384019851684,0.33267604739662165,"{""num_rows"": ""2097152"", ""segment_profile"": ""tiny16"", ""shared_suffix"": ""64""}"
experiment-15,stable-warps,Device=0 num_rows=32768 shared_suffix=0 segment_profile=tiny32,True,False,4,0.16240767955780033,1.465584708175254,"{""num_rows"": ""32768"", ""segment_profile"": ""tiny32"", ""shared_suffix"": ""0""}"
experiment-15,stable-warps,Device=0 num_rows=2097152 shared_suffix=0 segment_profile=tiny32,True,False,4,0.6592236793041228,0.4773040895010265,"{""num_rows"": ""2097152"", ""segment_profile"": ""tiny32"", ""shared_suffix"": ""0""}"
experiment-15,stable-warps,Device=0 num_rows=32768 shared_suffix=64 segment_profile=tiny32,True,False,4,0.19289600014686584,1.6658443901421782,"{""num_rows"": ""32768"", ""segment_profile"": ""tiny32"", ""shared_suffix"": ""64""}"
experiment-15,stable-warps,Device=0 num_rows=2097152 shared_suffix=64 segment_profile=tiny32,True,False,4,1.6399878382682795,0.24809554794733266,"{""num_rows"": ""2097152"", ""segment_profile"": ""tiny32"", ""shared_suffix"": ""64""}"
experiment-3,active-fractions,Device=0 num_rows=262144 profile=active_10,False,False,0,0.289911041855812,1.292985872733208,"{""num_rows"": ""262144"", ""profile"": ""active_10""}"
experiment-3,active-fractions,Device=0 num_rows=2097152 profile=active_10,False,False,0,0.5353849637508392,0.6773763004039103,"{""num_rows"": ""2097152"", ""profile"": ""active_10""}"
experiment-3,active-fractions,Device=0 num_rows=262144 profile=active_50,False,False,0,0.32573632180690765,1.1462065343285432,"{""num_rows"": ""262144"", ""profile"": ""active_50""}"
experiment-3,active-fractions,Device=0 num_rows=2097152 profile=active_50,False,False,0,0.8573305654525755,0.49728824132741567,"{""num_rows"": ""2097152"", ""profile"": ""active_50""}"
baseline,identity-null,Device=0 num_rows=2097152 profile=fixed_8 null_percent=100,False,False,3,0.008604160007089376,3.4133072975875534,"{""null_percent"": ""100"", ""num_rows"": ""2097152"", ""profile"": ""fixed_8""}"
experiment-3,identity-null,Device=0 num_rows=2097152 profile=fixed_8 null_percent=100,False,False,1,0.00845823997631669,6.292914036736909,"{""null_percent"": ""100"", ""num_rows"": ""2097152"", ""profile"": ""fixed_8""}"
experiment-15,stable-warps,Device=0 num_rows=32768 shared_suffix=0 segment_profile=pairs,True,False,2,0.1625836804509163,2.3430095123796657,"{""num_rows"": ""32768"", ""segment_profile"": ""pairs"", ""shared_suffix"": ""0""}"
experiment-15,stable-warps,Device=0 num_rows=2097152 shared_suffix=0 segment_profile=pairs,True,False,2,0.6496313619613647,1.1969355081120843,"{""num_rows"": ""2097152"", ""segment_profile"": ""pairs"", ""shared_suffix"": ""0""}"
experiment-15,stable-warps,Device=0 num_rows=32768 shared_suffix=64 segment_profile=pairs,True,False,2,0.15839104086160663,0.8048212864817337,"{""num_rows"": ""32768"", ""segment_profile"": ""pairs"", ""shared_suffix"": ""64""}"
experiment-15,stable-warps,Device=0 num_rows=2097152 shared_suffix=64 segment_profile=pairs,True,False,2,0.8198073601722714,0.8666706621908968,"{""num_rows"": ""2097152"", ""segment_profile"": ""pairs"", ""shared_suffix"": ""64""}"
experiment-15,stable-warps,Device=0 num_rows=32768 shared_suffix=0 segment_profile=tiny4,True,False,2,0.15940160065889353,13.787111111422599,"{""num_rows"": ""32768"", ""segment_profile"": ""tiny4"", ""shared_suffix"": ""0""}"
experiment-15,stable-warps,Device=0 num_rows=2097152 shared_suffix=0 segment_profile=tiny4,True,False,2,0.5745369565486907,0.7890546354560777,"{""num_rows"": ""2097152"", ""segment_profile"": ""tiny4"", ""shared_suffix"": ""0""}"
experiment-15,stable-warps,Device=0 num_rows=32768 shared_suffix=64 segment_profile=tiny4,True,False,2,0.16707712054252621,1.282812812911964,"{""num_rows"": ""32768"", ""segment_profile"": ""tiny4"", ""shared_suffix"": ""64""}"
experiment-15,stable-warps,Device=0 num_rows=2097152 shared_suffix=64 segment_profile=tiny4,True,False,2,0.9073964750766752,0.5732423203788138,"{""num_rows"": ""2097152"", ""segment_profile"": ""tiny4"", ""shared_suffix"": ""64""}"
experiment-15,stable-warps,Device=0 num_rows=32768 shared_suffix=0 segment_profile=tiny8,True,False,2,0.15814975917339325,1.2638744754296276,"{""num_rows"": ""32768"", ""segment_profile"": ""tiny8"", ""shared_suffix"": ""0""}"
experiment-15,stable-warps,Device=0 num_rows=2097152 shared_suffix=0 segment_profile=tiny8,True,False,2,0.5778975987434388,0.630625364892285,"{""num_rows"": ""2097152"", ""segment_profile"": ""tiny8"", ""shared_suffix"": ""0""}"
experiment-15,stable-warps,Device=0 num_rows=32768 shared_suffix=64 segment_profile=tiny8,True,False,2,0.17634752035140994,0.9861108403889873,"{""num_rows"": ""32768"", ""segment_profile"": ""tiny8"", ""shared_suffix"": ""64""}"
experiment-15,stable-warps,Device=0 num_rows=2097152 shared_suffix=64 segment_profile=tiny8,True,False,2,1.1363532781600951,0.4348979562407423,"{""num_rows"": ""2097152"", ""segment_profile"": ""tiny8"", ""shared_suffix"": ""64""}"
experiment-15,stable-warps,Device=0 num_rows=32768 shared_suffix=0 segment_profile=tiny16,True,False,2,0.16043391883373256,1.4586124086631678,"{""num_rows"": ""32768"", ""segment_profile"": ""tiny16"", ""shared_suffix"": ""0""}"
experiment-15,stable-warps,Device=0 num_rows=2097152 shared_suffix=0 segment_profile=tiny16,True,False,2,0.6052179193496703,0.526899597337408,"{""num_rows"": ""2097152"", ""segment_profile"": ""tiny16"", ""shared_suffix"": ""0""}"
experiment-15,stable-warps,Device=0 num_rows=32768 shared_suffix=64 segment_profile=tiny16,True,False,2,0.1846176001429558,5.251571154117498,"{""num_rows"": ""32768"", ""segment_profile"": ""tiny16"", ""shared_suffix"": ""64""}"
experiment-15,stable-warps,Device=0 num_rows=2097152 shared_suffix=64 segment_profile=tiny16,True,False,2,1.3476787209510805,0.6743053044143239,"{""num_rows"": ""2097152"", ""segment_profile"": ""tiny16"", ""shared_suffix"": ""64""}"
experiment-15,stable-warps,Device=0 num_rows=32768 shared_suffix=0 segment_profile=tiny32,True,False,2,0.16239487946033476,0.8254679618624,"{""num_rows"": ""32768"", ""segment_profile"": ""tiny32"", ""shared_suffix"": ""0""}"
experiment-15,stable-warps,Device=0 num_rows=2097152 shared_suffix=0 segment_profile=tiny32,True,False,2,0.657599997520447,0.557275234158745,"{""num_rows"": ""2097152"", ""segment_profile"": ""tiny32"", ""shared_suffix"": ""0""}"
experiment-15,stable-warps,Device=0 num_rows=32768 shared_suffix=64 segment_profile=tiny32,True,False,2,0.19310719937086102,1.4593981896685642,"{""num_rows"": ""32768"", ""segment_profile"": ""tiny32"", ""shared_suffix"": ""64""}"
experiment-15,stable-warps,Device=0 num_rows=2097152 shared_suffix=64 segment_profile=tiny32,True,False,2,1.6391916823387145,0.2092268741409719,"{""num_rows"": ""2097152"", ""segment_profile"": ""tiny32"", ""shared_suffix"": ""64""}"
experiment-31,stable-warps-desc,Device=0 num_rows=32768 shared_suffix=0 segment_profile=pairs,True,True,1,0.15876672059297567,1.3245964058543118,"{""num_rows"": ""32768"", ""segment_profile"": ""pairs"", ""shared_suffix"": ""0""}"
experiment-31,stable-warps-desc,Device=0 num_rows=2097152 shared_suffix=0 segment_profile=pairs,True,True,1,0.648036482334137,1.0889011412918963,"{""num_rows"": ""2097152"", ""segment_profile"": ""pairs"", ""shared_suffix"": ""0""}"
experiment-31,stable-warps-desc,Device=0 num_rows=32768 shared_suffix=64 segment_profile=pairs,True,True,1,0.15908416002988818,1.618103878397233,"{""num_rows"": ""32768"", ""segment_profile"": ""pairs"", ""shared_suffix"": ""64""}"
experiment-31,stable-warps-desc,Device=0 num_rows=2097152 shared_suffix=64 segment_profile=pairs,True,True,1,0.8188089621067047,0.8707063553710475,"{""num_rows"": ""2097152"", ""segment_profile"": ""pairs"", ""shared_suffix"": ""64""}"
experiment-31,stable-warps-desc,Device=0 num_rows=32768 shared_suffix=0 segment_profile=tiny4,True,True,1,0.15735103875398632,3.4737352986497854,"{""num_rows"": ""32768"", ""segment_profile"": ""tiny4"", ""shared_suffix"": ""0""}"
experiment-31,stable-warps-desc,Device=0 num_rows=2097152 shared_suffix=0 segment_profile=tiny4,True,True,1,0.5735327994823456,0.8246879347733552,"{""num_rows"": ""2097152"", ""segment_profile"": ""tiny4"", ""shared_suffix"": ""0""}"
experiment-31,stable-warps-desc,Device=0 num_rows=32768 shared_suffix=64 segment_profile=tiny4,True,True,1,0.16742975920438766,1.2618889528586683,"{""num_rows"": ""32768"", ""segment_profile"": ""tiny4"", ""shared_suffix"": ""64""}"
experiment-31,stable-warps-desc,Device=0 num_rows=2097152 shared_suffix=64 segment_profile=tiny4,True,True,1,0.9072633624076848,0.5473111583978237,"{""num_rows"": ""2097152"", ""segment_profile"": ""tiny4"", ""shared_suffix"": ""64""}"
experiment-31,stable-warps-desc,Device=0 num_rows=32768 shared_suffix=0 segment_profile=tiny8,True,True,1,0.1589452803134918,5.0020705317124445,"{""num_rows"": ""32768"", ""segment_profile"": ""tiny8"", ""shared_suffix"": ""0""}"
experiment-31,stable-warps-desc,Device=0 num_rows=2097152 shared_suffix=0 segment_profile=tiny8,True,True,1,0.5781497609615323,0.6849486615622922,"{""num_rows"": ""2097152"", ""segment_profile"": ""tiny8"", ""shared_suffix"": ""0""}"
experiment-31,stable-warps-desc,Device=0 num_rows=32768 shared_suffix=64 segment_profile=tiny8,True,True,1,0.17688639998435973,1.2444468876054695,"{""num_rows"": ""32768"", ""segment_profile"": ""tiny8"", ""shared_suffix"": ""64""}"
experiment-31,stable-warps-desc,Device=0 num_rows=2097152 shared_suffix=64 segment_profile=tiny8,True,True,1,1.136085765361786,0.615372326567322,"{""num_rows"": ""2097152"", ""segment_profile"": ""tiny8"", ""shared_suffix"": ""64""}"
experiment-31,stable-warps-desc,Device=0 num_rows=32768 shared_suffix=0 segment_profile=tiny16,True,True,1,0.16062208026647568,1.276853397379118,"{""num_rows"": ""32768"", ""segment_profile"": ""tiny16"", ""shared_suffix"": ""0""}"
experiment-31,stable-warps-desc,Device=0 num_rows=2097152 shared_suffix=0 segment_profile=tiny16,True,True,1,0.6039776015281678,0.49130234832420433,"{""num_rows"": ""2097152"", ""segment_profile"": ""tiny16"", ""shared_suffix"": ""0""}"
experiment-31,stable-warps-desc,Device=0 num_rows=32768 shared_suffix=64 segment_profile=tiny16,True,True,1,0.18384128063917163,1.239631997125771,"{""num_rows"": ""32768"", ""segment_profile"": ""tiny16"", ""shared_suffix"": ""64""}"
experiment-31,stable-warps-desc,Device=0 num_rows=2097152 shared_suffix=64 segment_profile=tiny16,True,True,1,1.3449401593208312,0.3339332637061607,"{""num_rows"": ""2097152"", ""segment_profile"": ""tiny16"", ""shared_suffix"": ""64""}"
experiment-31,stable-warps-desc,Device=0 num_rows=32768 shared_suffix=0 segment_profile=tiny32,True,True,1,0.16182912051677706,1.5308295909457597,"{""num_rows"": ""32768"", ""segment_profile"": ""tiny32"", ""shared_suffix"": ""0""}"
experiment-31,stable-warps-desc,Device=0 num_rows=2097152 shared_suffix=0 segment_profile=tiny32,True,True,1,0.6574163210391998,0.4064118517025027,"{""num_rows"": ""2097152"", ""segment_profile"": ""tiny32"", ""shared_suffix"": ""0""}"
experiment-31,stable-warps-desc,Device=0 num_rows=32768 shared_suffix=64 segment_profile=tiny32,True,True,1,0.19361664056777947,1.255922786184359,"{""num_rows"": ""32768"", ""segment_profile"": ""tiny32"", ""shared_suffix"": ""64""}"
experiment-31,stable-warps-desc,Device=0 num_rows=2097152 shared_suffix=64 segment_profile=tiny32,True,True,1,1.638312315940857,0.2799450409783908,"{""num_rows"": ""2097152"", ""segment_profile"": ""tiny32"", ""shared_suffix"": ""64""}"
experiment-3,active-fractions,Device=0 num_rows=262144 profile=active_10,False,False,2,0.296573441028595,0.7030372695682502,"{""num_rows"": ""262144"", ""profile"": ""active_10""}"
experiment-3,active-fractions,Device=0 num_rows=2097152 profile=active_10,False,False,2,0.5403852808475496,0.6423757282822588,"{""num_rows"": ""2097152"", ""profile"": ""active_10""}"
experiment-3,active-fractions,Device=0 num_rows=262144 profile=active_50,False,False,2,0.33248319983482355,0.4684451087315704,"{""num_rows"": ""262144"", ""profile"": ""active_50""}"
experiment-3,active-fractions,Device=0 num_rows=2097152 profile=active_50,False,False,2,0.8630451202392581,0.5083429964441719,"{""num_rows"": ""2097152"", ""profile"": ""active_50""}"
baseline,prefix-targets,Device=0 num_rows=262144 prefix_width=8 suffix_width=32 prefix_cardinality=1,False,False,2,0.5746143984794616,0.7595481394478087,"{""num_rows"": ""262144"", ""prefix_cardinality"": ""1"", ""prefix_width"": ""8"", ""suffix_width"": ""32""}"
baseline,prefix-targets,Device=0 num_rows=2097152 prefix_width=8 suffix_width=32 prefix_cardinality=1,False,False,2,4.238144607543947,0.4721949998159862,"{""num_rows"": ""2097152"", ""prefix_cardinality"": ""1"", ""prefix_width"": ""8"", ""suffix_width"": ""32""}"
baseline,prefix-targets,Device=0 num_rows=262144 prefix_width=10 suffix_width=32 prefix_cardinality=1,False,False,2,0.6141337597370148,0.5307534676299094,"{""num_rows"": ""262144"", ""prefix_cardinality"": ""1"", ""prefix_width"": ""10"", ""suffix_width"": ""32""}"
baseline,prefix-targets,Device=0 num_rows=2097152 prefix_width=10 suffix_width=32 prefix_cardinality=1,False,False,2,4.450037117004394,0.37027347375901715,"{""num_rows"": ""2097152"", ""prefix_cardinality"": ""1"", ""prefix_width"": ""10"", ""suffix_width"": ""32""}"
baseline,prefix-targets,Device=0 num_rows=262144 prefix_width=11 suffix_width=32 prefix_cardinality=1,False,False,2,0.6229235208034517,0.3600261013273185,"{""num_rows"": ""262144"", ""prefix_cardinality"": ""1"", ""prefix_width"": ""11"", ""suffix_width"": ""32""}"
baseline,prefix-targets,Device=0 num_rows=2097152 prefix_width=11 suffix_width=32 prefix_cardinality=1,False,False,2,4.512988195419311,0.2843361367252239,"{""num_rows"": ""2097152"", ""prefix_cardinality"": ""1"", ""prefix_width"": ""11"", ""suffix_width"": ""32""}"
baseline,prefix-targets,Device=0 num_rows=262144 prefix_width=12 suffix_width=32 prefix_cardinality=1,False,False,2,0.6326489627361299,0.40613959481891326,"{""num_rows"": ""262144"", ""prefix_cardinality"": ""1"", ""prefix_width"": ""12"", ""suffix_width"": ""32""}"
baseline,prefix-targets,Device=0 num_rows=2097152 prefix_width=12 suffix_width=32 prefix_cardinality=1,False,False,2,4.570001287460326,0.26591090300642306,"{""num_rows"": ""2097152"", ""prefix_cardinality"": ""1"", ""prefix_width"": ""12"", ""suffix_width"": ""32""}"
baseline,unstable-warps,Device=0 num_rows=32768 shared_suffix=0 segment_profile=singletons,False,False,1,0.14020480006933217,2.047123375529307,"{""num_rows"": ""32768"", ""segment_profile"": ""singletons"", ""shared_suffix"": ""0""}"
baseline,unstable-warps,Device=0 num_rows=2097152 shared_suffix=0 segment_profile=singletons,False,False,1,0.3583539211750029,0.8542788500106568,"{""num_rows"": ""2097152"", ""segment_profile"": ""singletons"", ""shared_suffix"": ""0""}"
baseline,unstable-warps,Device=0 num_rows=32768 shared_suffix=64 segment_profile=singletons,False,False,1,0.1428537598252297,2.1741007244421846,"{""num_rows"": ""32768"", ""segment_profile"": ""singletons"", ""shared_suffix"": ""64""}"
baseline,unstable-warps,Device=0 num_rows=2097152 shared_suffix=64 segment_profile=singletons,False,False,1,0.39396032333374015,0.8664455621112744,"{""num_rows"": ""2097152"", ""segment_profile"": ""singletons"", ""shared_suffix"": ""64""}"
baseline,unstable-warps,Device=0 num_rows=32768 shared_suffix=0 segment_profile=pairs,False,False,1,0.16098112046718596,1.9543186444843141,"{""num_rows"": ""32768"", ""segment_profile"": ""pairs"", ""shared_suffix"": ""0""}"
baseline,unstable-warps,Device=0 num_rows=2097152 shared_suffix=0 segment_profile=pairs,False,False,1,0.6538508772850038,1.1893319517881882,"{""num_rows"": ""2097152"", ""segment_profile"": ""pairs"", ""shared_suffix"": ""0""}"
baseline,unstable-warps,Device=0 num_rows=32768 shared_suffix=64 segment_profile=pairs,False,False,1,0.16443071991205221,1.6933363059992184,"{""num_rows"": ""32768"", ""segment_profile"": ""pairs"", ""shared_suffix"": ""64""}"
baseline,unstable-warps,Device=0 num_rows=2097152 shared_suffix=64 segment_profile=pairs,False,False,1,0.8251289594173431,0.815872646802617,"{""num_rows"": ""2097152"", ""segment_profile"": ""pairs"", ""shared_suffix"": ""64""}"
baseline,unstable-warps,Device=0 num_rows=32768 shared_suffix=0 segment_profile=tiny4,False,False,1,0.16257664054632182,1.8172158119268897,"{""num_rows"": ""32768"", ""segment_profile"": ""tiny4"", ""shared_suffix"": ""0""}"
baseline,unstable-warps,Device=0 num_rows=2097152 shared_suffix=0 segment_profile=tiny4,False,False,1,0.5813651156425473,1.0091387422808196,"{""num_rows"": ""2097152"", ""segment_profile"": ""tiny4"", ""shared_suffix"": ""0""}"
baseline,unstable-warps,Device=0 num_rows=32768 shared_suffix=64 segment_profile=tiny4,False,False,1,0.17300608009099958,1.4559199146551456,"{""num_rows"": ""32768"", ""segment_profile"": ""tiny4"", ""shared_suffix"": ""64""}"
baseline,unstable-warps,Device=0 num_rows=2097152 shared_suffix=64 segment_profile=tiny4,False,False,1,0.9156659209728241,0.564351450423221,"{""num_rows"": ""2097152"", ""segment_profile"": ""tiny4"", ""shared_suffix"": ""64""}"
baseline,unstable-warps,Device=0 num_rows=32768 shared_suffix=0 segment_profile=tiny8,False,False,1,0.16453183948993685,1.7047840928086972,"{""num_rows"": ""32768"", ""segment_profile"": ""tiny8"", ""shared_suffix"": ""0""}"
baseline,unstable-warps,Device=0 num_rows=2097152 shared_suffix=0 segment_profile=tiny8,False,False,1,0.6010687935352321,5.480816276694459,"{""num_rows"": ""2097152"", ""segment_profile"": ""tiny8"", ""shared_suffix"": ""0""}"
baseline,unstable-warps,Device=0 num_rows=32768 shared_suffix=64 segment_profile=tiny8,False,False,1,0.18145151972770684,1.2155757102469305,"{""num_rows"": ""32768"", ""segment_profile"": ""tiny8"", ""shared_suffix"": ""64""}"
baseline,unstable-warps,Device=0 num_rows=2097152 shared_suffix=64 segment_profile=tiny8,False,False,1,1.155628798007965,0.35067324360224067,"{""num_rows"": ""2097152"", ""segment_profile"": ""tiny8"", ""shared_suffix"": ""64""}"
baseline,unstable-warps,Device=0 num_rows=32768 shared_suffix=0 segment_profile=tiny16,False,False,1,0.16811839908361437,5.139913560950916,"{""num_rows"": ""32768"", ""segment_profile"": ""tiny16"", ""shared_suffix"": ""0""}"
baseline,unstable-warps,Device=0 num_rows=2097152 shared_suffix=0 segment_profile=tiny16,False,False,1,0.6377759945392608,0.4800702161822064,"{""num_rows"": ""2097152"", ""segment_profile"": ""tiny16"", ""shared_suffix"": ""0""}"
baseline,unstable-warps,Device=0 num_rows=32768 shared_suffix=64 segment_profile=tiny16,False,False,1,0.19070272147655484,1.2112567413109487,"{""num_rows"": ""32768"", ""segment_profile"": ""tiny16"", ""shared_suffix"": ""64""}"
baseline,unstable-warps,Device=0 num_rows=2097152 shared_suffix=64 segment_profile=tiny16,False,False,1,1.3734559917449944,0.30873432225709135,"{""num_rows"": ""2097152"", ""segment_profile"": ""tiny16"", ""shared_suffix"": ""64""}"
baseline,unstable-warps,Device=0 num_rows=32768 shared_suffix=0 segment_profile=tiny32,False,False,1,0.16548927992582324,2.1614074090251996,"{""num_rows"": ""32768"", ""segment_profile"": ""tiny32"", ""shared_suffix"": ""0""}"
baseline,unstable-warps,Device=0 num_rows=2097152 shared_suffix=0 segment_profile=tiny32,False,False,1,0.6876832008361814,0.3854835590576151,"{""num_rows"": ""2097152"", ""segment_profile"": ""tiny32"", ""shared_suffix"": ""0""}"
baseline,unstable-warps,Device=0 num_rows=32768 shared_suffix=64 segment_profile=tiny32,False,False,1,0.19857855916023257,2.160164444110835,"{""num_rows"": ""32768"", ""segment_profile"": ""tiny32"", ""shared_suffix"": ""64""}"
baseline,unstable-warps,Device=0 num_rows=2097152 shared_suffix=64 segment_profile=tiny32,False,False,1,1.6632454395294192,0.26108471384995635,"{""num_rows"": ""2097152"", ""segment_profile"": ""tiny32"", ""shared_suffix"": ""64""}"
experiment-15,active-fractions,Device=0 num_rows=262144 profile=active_10,False,False,1,0.2926380801200867,1.3362379528758188,"{""num_rows"": ""262144"", ""profile"": ""active_10""}"
experiment-15,active-fractions,Device=0 num_rows=2097152 profile=active_10,False,False,1,0.5408595192432405,0.5125941511116668,"{""num_rows"": ""2097152"", ""profile"": ""active_10""}"
experiment-15,active-fractions,Device=0 num_rows=262144 profile=active_50,False,False,1,0.33072319924831395,0.4114344446993684,"{""num_rows"": ""262144"", ""profile"": ""active_50""}"
experiment-15,active-fractions,Device=0 num_rows=2097152 profile=active_50,False,False,1,0.8628415989875794,0.5078965270911029,"{""num_rows"": ""2097152"", ""profile"": ""active_50""}"
baseline,stable-warps,Device=0 num_rows=32768 shared_suffix=0 segment_profile=pairs,True,False,4,0.15953856021165846,1.2522131499155291,"{""num_rows"": ""32768"", ""segment_profile"": ""pairs"", ""shared_suffix"": ""0""}"
baseline,stable-warps,Device=0 num_rows=2097152 shared_suffix=0 segment_profile=pairs,True,False,4,0.6604076850414276,1.0275120795236097,"{""num_rows"": ""2097152"", ""segment_profile"": ""pairs"", ""shared_suffix"": ""0""}"
baseline,stable-warps,Device=0 num_rows=32768 shared_suffix=64 segment_profile=pairs,True,False,4,0.16478080034255985,2.137579364249669,"{""num_rows"": ""32768"", ""segment_profile"": ""pairs"", ""shared_suffix"": ""64""}"
baseline,stable-warps,Device=0 num_rows=2097152 shared_suffix=64 segment_profile=pairs,True,False,4,0.8652307152748107,0.7038781723969963,"{""num_rows"": ""2097152"", ""segment_profile"": ""pairs"", ""shared_suffix"": ""64""}"
baseline,stable-warps,Device=0 num_rows=32768 shared_suffix=0 segment_profile=tiny4,True,False,4,0.16159744054079053,2.410025618015214,"{""num_rows"": ""32768"", ""segment_profile"": ""tiny4"", ""shared_suffix"": ""0""}"
baseline,stable-warps,Device=0 num_rows=2097152 shared_suffix=0 segment_profile=tiny4,True,False,4,0.6242630362510683,0.8025726112496957,"{""num_rows"": ""2097152"", ""segment_profile"": ""tiny4"", ""shared_suffix"": ""0""}"
baseline,stable-warps,Device=0 num_rows=32768 shared_suffix=64 segment_profile=tiny4,True,False,4,0.17924288034439081,8.493790756403557,"{""num_rows"": ""32768"", ""segment_profile"": ""tiny4"", ""shared_suffix"": ""64""}"
baseline,stable-warps,Device=0 num_rows=2097152 shared_suffix=64 segment_profile=tiny4,True,False,4,1.067851526737213,0.5367822448600598,"{""num_rows"": ""2097152"", ""segment_profile"": ""tiny4"", ""shared_suffix"": ""64""}"
baseline,stable-warps,Device=0 num_rows=32768 shared_suffix=0 segment_profile=tiny8,True,False,4,0.16891328036785125,1.5734972139122763,"{""num_rows"": ""32768"", ""segment_profile"": ""tiny8"", ""shared_suffix"": ""0""}"
baseline,stable-warps,Device=0 num_rows=2097152 shared_suffix=0 segment_profile=tiny8,True,False,4,0.7141113603115082,0.5417295355481259,"{""num_rows"": ""2097152"", ""segment_profile"": ""tiny8"", ""shared_suffix"": ""0""}"
baseline,stable-warps,Device=0 num_rows=32768 shared_suffix=64 segment_profile=tiny8,True,False,4,0.19465407997369763,1.7070529481610264,"{""num_rows"": ""32768"", ""segment_profile"": ""tiny8"", ""shared_suffix"": ""64""}"
baseline,stable-warps,Device=0 num_rows=2097152 shared_suffix=64 segment_profile=tiny8,True,False,4,1.5105862426757812,0.29370800438023753,"{""num_rows"": ""2097152"", ""segment_profile"": ""tiny8"", ""shared_suffix"": ""64""}"
baseline,stable-warps,Device=0 num_rows=32768 shared_suffix=0 segment_profile=tiny16,True,False,4,0.1745555201172829,1.4614807144168775,"{""num_rows"": ""32768"", ""segment_profile"": ""tiny16"", ""shared_suffix"": ""0""}"
baseline,stable-warps,Device=0 num_rows=2097152 shared_suffix=0 segment_profile=tiny16,True,False,4,0.809223676919937,0.40515757105847566,"{""num_rows"": ""2097152"", ""segment_profile"": ""tiny16"", ""shared_suffix"": ""0""}"
baseline,stable-warps,Device=0 num_rows=32768 shared_suffix=64 segment_profile=tiny16,True,False,4,0.2117023995518685,6.372395405420512,"{""num_rows"": ""32768"", ""segment_profile"": ""tiny16"", ""shared_suffix"": ""64""}"
baseline,stable-warps,Device=0 num_rows=2097152 shared_suffix=64 segment_profile=tiny16,True,False,4,1.9922995114326478,0.2841945250271217,"{""num_rows"": ""2097152"", ""segment_profile"": ""tiny16"", ""shared_suffix"": ""64""}"
baseline,stable-warps,Device=0 num_rows=32768 shared_suffix=0 segment_profile=tiny32,True,False,4,0.1778931194543839,0.9327654282732183,"{""num_rows"": ""32768"", ""segment_profile"": ""tiny32"", ""shared_suffix"": ""0""}"
baseline,stable-warps,Device=0 num_rows=2097152 shared_suffix=0 segment_profile=tiny32,True,False,4,0.9368223989009856,0.3027369302081583,"{""num_rows"": ""2097152"", ""segment_profile"": ""tiny32"", ""shared_suffix"": ""0""}"
baseline,stable-warps,Device=0 num_rows=32768 shared_suffix=64 segment_profile=tiny32,True,False,4,0.22617215901613236,1.4401494352762105,"{""num_rows"": ""32768"", ""segment_profile"": ""tiny32"", ""shared_suffix"": ""64""}"
baseline,stable-warps,Device=0 num_rows=2097152 shared_suffix=64 segment_profile=tiny32,True,False,4,2.5287353610992436,0.23748762135906684,"{""num_rows"": ""2097152"", ""segment_profile"": ""tiny32"", ""shared_suffix"": ""64""}"
experiment-15,identity-null,Device=0 num_rows=2097152 profile=fixed_8 null_percent=100,False,False,0,0.008831359967589375,3.305979274973842,"{""null_percent"": ""100"", ""num_rows"": ""2097152"", ""profile"": ""fixed_8""}"
experiment-0,zero,Device=0 num_rows=32768 profile=zero_collision_pass1,False,False,4,0.2124761587381363,1.6074947477198245,"{""num_rows"": ""32768"", ""profile"": ""zero_collision_pass1""}"
experiment-0,zero,Device=0 num_rows=32768 profile=zero_collision_pass2,False,False,4,0.29225024044513703,0.9029873344877296,"{""num_rows"": ""32768"", ""profile"": ""zero_collision_pass2""}"
baseline,stable-warps-desc,Device=0 num_rows=32768 shared_suffix=0 segment_profile=pairs,True,True,3,0.15869120001792908,1.4701947849691797,"{""num_rows"": ""32768"", ""segment_profile"": ""pairs"", ""shared_suffix"": ""0""}"
baseline,stable-warps-desc,Device=0 num_rows=2097152 shared_suffix=0 segment_profile=pairs,True,True,3,0.6617555212974547,1.318572523204152,"{""num_rows"": ""2097152"", ""segment_profile"": ""pairs"", ""shared_suffix"": ""0""}"
baseline,stable-warps-desc,Device=0 num_rows=32768 shared_suffix=64 segment_profile=pairs,True,True,3,0.16385087907314302,2.2017295799030885,"{""num_rows"": ""32768"", ""segment_profile"": ""pairs"", ""shared_suffix"": ""64""}"
baseline,stable-warps-desc,Device=0 num_rows=2097152 shared_suffix=64 segment_profile=pairs,True,True,3,0.8642572832107541,0.9684390425703907,"{""num_rows"": ""2097152"", ""segment_profile"": ""pairs"", ""shared_suffix"": ""64""}"
baseline,stable-warps-desc,Device=0 num_rows=32768 shared_suffix=0 segment_profile=tiny4,True,True,3,0.15929152041673664,1.9550904617140332,"{""num_rows"": ""32768"", ""segment_profile"": ""tiny4"", ""shared_suffix"": ""0""}"
baseline,stable-warps-desc,Device=0 num_rows=2097152 shared_suffix=0 segment_profile=tiny4,True,True,3,0.6255296015739444,0.8449540896734874,"{""num_rows"": ""2097152"", ""segment_profile"": ""tiny4"", ""shared_suffix"": ""0""}"
baseline,stable-warps-desc,Device=0 num_rows=32768 shared_suffix=64 segment_profile=tiny4,True,True,3,0.17631743967533114,2.068094455641684,"{""num_rows"": ""32768"", ""segment_profile"": ""tiny4"", ""shared_suffix"": ""64""}"
baseline,stable-warps-desc,Device=0 num_rows=2097152 shared_suffix=64 segment_profile=tiny4,True,True,3,1.0668812775611878,0.5389523935857523,"{""num_rows"": ""2097152"", ""segment_profile"": ""tiny4"", ""shared_suffix"": ""64""}"
baseline,stable-warps-desc,Device=0 num_rows=32768 shared_suffix=0 segment_profile=tiny8,True,True,3,0.16836223989725113,1.5786629052399865,"{""num_rows"": ""32768"", ""segment_profile"": ""tiny8"", ""shared_suffix"": ""0""}"
baseline,stable-warps-desc,Device=0 num_rows=2097152 shared_suffix=0 segment_profile=tiny8,True,True,3,0.7118892753124235,0.5670832055845704,"{""num_rows"": ""2097152"", ""segment_profile"": ""tiny8"", ""shared_suffix"": ""0""}"
baseline,stable-warps-desc,Device=0 num_rows=32768 shared_suffix=64 segment_profile=tiny8,True,True,3,0.19424576044082648,1.637157687821389,"{""num_rows"": ""32768"", ""segment_profile"": ""tiny8"", ""shared_suffix"": ""64""}"
baseline,stable-warps-desc,Device=0 num_rows=2097152 shared_suffix=64 segment_profile=tiny8,True,True,3,1.5126438379287719,0.9237840809438541,"{""num_rows"": ""2097152"", ""segment_profile"": ""tiny8"", ""shared_suffix"": ""64""}"
baseline,stable-warps-desc,Device=0 num_rows=32768 shared_suffix=0 segment_profile=tiny16,True,True,3,0.172631039917469,0.7915980330768035,"{""num_rows"": ""32768"", ""segment_profile"": ""tiny16"", ""shared_suffix"": ""0""}"
baseline,stable-warps-desc,Device=0 num_rows=2097152 shared_suffix=0 segment_profile=tiny16,True,True,3,0.8062073612213131,0.39608859892886716,"{""num_rows"": ""2097152"", ""segment_profile"": ""tiny16"", ""shared_suffix"": ""0""}"
baseline,stable-warps-desc,Device=0 num_rows=32768 shared_suffix=64 segment_profile=tiny16,True,True,3,0.2085926401615142,1.6698756162585162,"{""num_rows"": ""32768"", ""segment_profile"": ""tiny16"", ""shared_suffix"": ""64""}"
baseline,stable-warps-desc,Device=0 num_rows=2097152 shared_suffix=64 segment_profile=tiny16,True,True,3,1.9899340820312499,0.24291684125906887,"{""num_rows"": ""2097152"", ""segment_profile"": ""tiny16"", ""shared_suffix"": ""64""}"
baseline,stable-warps-desc,Device=0 num_rows=32768 shared_suffix=0 segment_profile=tiny32,True,True,3,0.17683711946010586,1.34357065227833,"{""num_rows"": ""32768"", ""segment_profile"": ""tiny32"", ""shared_suffix"": ""0""}"
baseline,stable-warps-desc,Device=0 num_rows=2097152 shared_suffix=0 segment_profile=tiny32,True,True,3,0.9357126426696776,0.35082213952415187,"{""num_rows"": ""2097152"", ""segment_profile"": ""tiny32"", ""shared_suffix"": ""0""}"
baseline,stable-warps-desc,Device=0 num_rows=32768 shared_suffix=64 segment_profile=tiny32,True,True,3,0.2243296000361442,1.0457687944911582,"{""num_rows"": ""32768"", ""segment_profile"": ""tiny32"", ""shared_suffix"": ""64""}"
baseline,stable-warps-desc,Device=0 num_rows=2097152 shared_suffix=64 segment_profile=tiny32,True,True,3,2.5292838573455807,0.23809150483954492,"{""num_rows"": ""2097152"", ""segment_profile"": ""tiny32"", ""shared_suffix"": ""64""}"
experiment-3,unstable-warps,Device=0 num_rows=32768 shared_suffix=0 segment_profile=singletons,False,False,2,0.13903104037046432,1.4622384531465438,"{""num_rows"": ""32768"", ""segment_profile"": ""singletons"", ""shared_suffix"": ""0""}"
experiment-3,unstable-warps,Device=0 num_rows=2097152 shared_suffix=0 segment_profile=singletons,False,False,2,0.3519372797012328,1.1460219561931702,"{""num_rows"": ""2097152"", ""segment_profile"": ""singletons"", ""shared_suffix"": ""0""}"
experiment-3,unstable-warps,Device=0 num_rows=32768 shared_suffix=64 segment_profile=singletons,False,False,2,0.1366092801094055,1.4521169331978356,"{""num_rows"": ""32768"", ""segment_profile"": ""singletons"", ""shared_suffix"": ""64""}"
experiment-3,unstable-warps,Device=0 num_rows=2097152 shared_suffix=64 segment_profile=singletons,False,False,2,0.38879360020160675,0.7544977842630332,"{""num_rows"": ""2097152"", ""segment_profile"": ""singletons"", ""shared_suffix"": ""64""}"
experiment-3,unstable-warps,Device=0 num_rows=32768 shared_suffix=0 segment_profile=pairs,False,False,2,0.15588736027479175,1.1339204839833792,"{""num_rows"": ""32768"", ""segment_profile"": ""pairs"", ""shared_suffix"": ""0""}"
experiment-3,unstable-warps,Device=0 num_rows=2097152 shared_suffix=0 segment_profile=pairs,False,False,2,0.6488870418071747,1.0625388322983396,"{""num_rows"": ""2097152"", ""segment_profile"": ""pairs"", ""shared_suffix"": ""0""}"
experiment-3,unstable-warps,Device=0 num_rows=32768 shared_suffix=64 segment_profile=pairs,False,False,2,0.15853376060724259,0.9535822617783768,"{""num_rows"": ""32768"", ""segment_profile"": ""pairs"", ""shared_suffix"": ""64""}"
experiment-3,unstable-warps,Device=0 num_rows=2097152 shared_suffix=64 segment_profile=pairs,False,False,2,0.8219436812400819,0.735300239538286,"{""num_rows"": ""2097152"", ""segment_profile"": ""pairs"", ""shared_suffix"": ""64""}"
experiment-3,unstable-warps,Device=0 num_rows=32768 shared_suffix=0 segment_profile=tiny4,False,False,2,0.15723199814558025,1.682353283143849,"{""num_rows"": ""32768"", ""segment_profile"": ""tiny4"", ""shared_suffix"": ""0""}"
experiment-3,unstable-warps,Device=0 num_rows=2097152 shared_suffix=0 segment_profile=tiny4,False,False,2,0.5778393626213074,0.8843215228503657,"{""num_rows"": ""2097152"", ""segment_profile"": ""tiny4"", ""shared_suffix"": ""0""}"
experiment-3,unstable-warps,Device=0 num_rows=32768 shared_suffix=64 segment_profile=tiny4,False,False,2,0.16708991974592205,2.1571050689952274,"{""num_rows"": ""32768"", ""segment_profile"": ""tiny4"", ""shared_suffix"": ""64""}"
experiment-3,unstable-warps,Device=0 num_rows=2097152 shared_suffix=64 segment_profile=tiny4,False,False,2,0.907946239709854,0.5533877790926425,"{""num_rows"": ""2097152"", ""segment_profile"": ""tiny4"", ""shared_suffix"": ""64""}"
experiment-3,unstable-warps,Device=0 num_rows=32768 shared_suffix=0 segment_profile=tiny8,False,False,2,0.16193408131599427,12.531125826945189,"{""num_rows"": ""32768"", ""segment_profile"": ""tiny8"", ""shared_suffix"": ""0""}"
experiment-3,unstable-warps,Device=0 num_rows=2097152 shared_suffix=0 segment_profile=tiny8,False,False,2,0.5850655961036684,0.768675825396708,"{""num_rows"": ""2097152"", ""segment_profile"": ""tiny8"", ""shared_suffix"": ""0""}"
experiment-3,unstable-warps,Device=0 num_rows=32768 shared_suffix=64 segment_profile=tiny8,False,False,2,0.1767750397324562,0.8538653122989178,"{""num_rows"": ""32768"", ""segment_profile"": ""tiny8"", ""shared_suffix"": ""64""}"
experiment-3,unstable-warps,Device=0 num_rows=2097152 shared_suffix=64 segment_profile=tiny8,False,False,2,1.144487681388855,0.40669388482214175,"{""num_rows"": ""2097152"", ""segment_profile"": ""tiny8"", ""shared_suffix"": ""64""}"
experiment-3,unstable-warps,Device=0 num_rows=32768 shared_suffix=0 segment_profile=tiny16,False,False,2,0.1629036808013916,1.802262555388277,"{""num_rows"": ""32768"", ""segment_profile"": ""tiny16"", ""shared_suffix"": ""0""}"
experiment-3,unstable-warps,Device=0 num_rows=2097152 shared_suffix=0 segment_profile=tiny16,False,False,2,0.6193766427040099,0.543489660835901,"{""num_rows"": ""2097152"", ""segment_profile"": ""tiny16"", ""shared_suffix"": ""0""}"
experiment-3,unstable-warps,Device=0 num_rows=32768 shared_suffix=64 segment_profile=tiny16,False,False,2,0.18423487901687619,1.1855474093908072,"{""num_rows"": ""32768"", ""segment_profile"": ""tiny16"", ""shared_suffix"": ""64""}"
experiment-3,unstable-warps,Device=0 num_rows=2097152 shared_suffix=64 segment_profile=tiny16,False,False,2,1.362742397785187,0.2790125866710634,"{""num_rows"": ""2097152"", ""segment_profile"": ""tiny16"", ""shared_suffix"": ""64""}"
experiment-3,unstable-warps,Device=0 num_rows=32768 shared_suffix=0 segment_profile=tiny32,False,False,2,0.16266239941120147,1.4587941181912654,"{""num_rows"": ""32768"", ""segment_profile"": ""tiny32"", ""shared_suffix"": ""0""}"
experiment-3,unstable-warps,Device=0 num_rows=2097152 shared_suffix=0 segment_profile=tiny32,False,False,2,0.6697702419757845,0.3385325116680325,"{""num_rows"": ""2097152"", ""segment_profile"": ""tiny32"", ""shared_suffix"": ""0""}"
experiment-3,unstable-warps,Device=0 num_rows=32768 shared_suffix=64 segment_profile=tiny32,False,False,2,0.1930124795436859,1.568887371717256,"{""num_rows"": ""32768"", ""segment_profile"": ""tiny32"", ""shared_suffix"": ""64""}"
experiment-3,unstable-warps,Device=0 num_rows=2097152 shared_suffix=64 segment_profile=tiny32,False,False,2,1.651083512306213,0.28083115641719225,"{""num_rows"": ""2097152"", ""segment_profile"": ""tiny32"", ""shared_suffix"": ""64""}"
experiment-1,unstable-warps,Device=0 num_rows=32768 shared_suffix=0 segment_profile=singletons,False,False,0,0.13891519963741303,1.1841344598826473,"{""num_rows"": ""32768"", ""segment_profile"": ""singletons"", ""shared_suffix"": ""0""}"
experiment-1,unstable-warps,Device=0 num_rows=2097152 shared_suffix=0 segment_profile=singletons,False,False,0,0.35596095740795136,6.878371758911468,"{""num_rows"": ""2097152"", ""segment_profile"": ""singletons"", ""shared_suffix"": ""0""}"
experiment-1,unstable-warps,Device=0 num_rows=32768 shared_suffix=64 segment_profile=singletons,False,False,0,0.13651392042636873,1.594711347775885,"{""num_rows"": ""32768"", ""segment_profile"": ""singletons"", ""shared_suffix"": ""64""}"
experiment-1,unstable-warps,Device=0 num_rows=2097152 shared_suffix=64 segment_profile=singletons,False,False,0,0.38833471894264215,0.838686809273705,"{""num_rows"": ""2097152"", ""segment_profile"": ""singletons"", ""shared_suffix"": ""64""}"
experiment-1,unstable-warps,Device=0 num_rows=32768 shared_suffix=0 segment_profile=pairs,False,False,0,0.15581568092107773,1.3867215395263046,"{""num_rows"": ""32768"", ""segment_profile"": ""pairs"", ""shared_suffix"": ""0""}"
experiment-1,unstable-warps,Device=0 num_rows=2097152 shared_suffix=0 segment_profile=pairs,False,False,0,0.6494476819038392,1.080219035672139,"{""num_rows"": ""2097152"", ""segment_profile"": ""pairs"", ""shared_suffix"": ""0""}"
experiment-1,unstable-warps,Device=0 num_rows=32768 shared_suffix=64 segment_profile=pairs,False,False,0,0.1583648005127907,1.1946954420616205,"{""num_rows"": ""32768"", ""segment_profile"": ""pairs"", ""shared_suffix"": ""64""}"
experiment-1,unstable-warps,Device=0 num_rows=2097152 shared_suffix=64 segment_profile=pairs,False,False,0,0.8216063976287842,0.689550886365881,"{""num_rows"": ""2097152"", ""segment_profile"": ""pairs"", ""shared_suffix"": ""64""}"
experiment-1,unstable-warps,Device=0 num_rows=32768 shared_suffix=0 segment_profile=tiny4,False,False,0,0.1564422395825386,1.4194555545752432,"{""num_rows"": ""32768"", ""segment_profile"": ""tiny4"", ""shared_suffix"": ""0""}"
experiment-1,unstable-warps,Device=0 num_rows=2097152 shared_suffix=0 segment_profile=tiny4,False,False,0,0.578147839307785,0.9449334066749184,"{""num_rows"": ""2097152"", ""segment_profile"": ""tiny4"", ""shared_suffix"": ""0""}"
experiment-1,unstable-warps,Device=0 num_rows=32768 shared_suffix=64 segment_profile=tiny4,False,False,0,0.16692672073841094,0.8087421546651787,"{""num_rows"": ""32768"", ""segment_profile"": ""tiny4"", ""shared_suffix"": ""64""}"
experiment-1,unstable-warps,Device=0 num_rows=2097152 shared_suffix=64 segment_profile=tiny4,False,False,0,0.9095859205722807,0.610806913010556,"{""num_rows"": ""2097152"", ""segment_profile"": ""tiny4"", ""shared_suffix"": ""64""}"
experiment-1,unstable-warps,Device=0 num_rows=32768 shared_suffix=0 segment_profile=tiny8,False,False,0,0.1591360008716583,1.2675016963626693,"{""num_rows"": ""32768"", ""segment_profile"": ""tiny8"", ""shared_suffix"": ""0""}"
experiment-1,unstable-warps,Device=0 num_rows=2097152 shared_suffix=0 segment_profile=tiny8,False,False,0,0.5845887970924376,0.7736021487221106,"{""num_rows"": ""2097152"", ""segment_profile"": ""tiny8"", ""shared_suffix"": ""0""}"
experiment-1,unstable-warps,Device=0 num_rows=32768 shared_suffix=64 segment_profile=tiny8,False,False,0,0.1767180809378624,1.6953909302469976,"{""num_rows"": ""32768"", ""segment_profile"": ""tiny8"", ""shared_suffix"": ""64""}"
experiment-1,unstable-warps,Device=0 num_rows=2097152 shared_suffix=64 segment_profile=tiny8,False,False,0,1.144490246772766,0.3387979498644549,"{""num_rows"": ""2097152"", ""segment_profile"": ""tiny8"", ""shared_suffix"": ""64""}"
experiment-1,unstable-warps,Device=0 num_rows=32768 shared_suffix=0 segment_profile=tiny16,False,False,0,0.1616915193200111,0.8877485014587714,"{""num_rows"": ""32768"", ""segment_profile"": ""tiny16"", ""shared_suffix"": ""0""}"
experiment-1,unstable-warps,Device=0 num_rows=2097152 shared_suffix=0 segment_profile=tiny16,False,False,0,0.620065919160843,0.45525913797611106,"{""num_rows"": ""2097152"", ""segment_profile"": ""tiny16"", ""shared_suffix"": ""0""}"
experiment-1,unstable-warps,Device=0 num_rows=32768 shared_suffix=64 segment_profile=tiny16,False,False,0,0.1843302398920059,1.018201468792005,"{""num_rows"": ""32768"", ""segment_profile"": ""tiny16"", ""shared_suffix"": ""64""}"
experiment-1,unstable-warps,Device=0 num_rows=2097152 shared_suffix=64 segment_profile=tiny16,False,False,0,1.3612556791305543,0.26175946651595206,"{""num_rows"": ""2097152"", ""segment_profile"": ""tiny16"", ""shared_suffix"": ""64""}"
experiment-1,unstable-warps,Device=0 num_rows=32768 shared_suffix=0 segment_profile=tiny32,False,False,0,0.16294528067111969,1.5155516084141525,"{""num_rows"": ""32768"", ""segment_profile"": ""tiny32"", ""shared_suffix"": ""0""}"
experiment-1,unstable-warps,Device=0 num_rows=2097152 shared_suffix=0 segment_profile=tiny32,False,False,0,0.6711673629283905,0.43547530095363635,"{""num_rows"": ""2097152"", ""segment_profile"": ""tiny32"", ""shared_suffix"": ""0""}"
experiment-1,unstable-warps,Device=0 num_rows=32768 shared_suffix=64 segment_profile=tiny32,False,False,0,0.19431487977504733,1.5107338634272052,"{""num_rows"": ""32768"", ""segment_profile"": ""tiny32"", ""shared_suffix"": ""64""}"
experiment-1,unstable-warps,Device=0 num_rows=2097152 shared_suffix=64 segment_profile=tiny32,False,False,0,1.650008959770203,0.23670379147945575,"{""num_rows"": ""2097152"", ""segment_profile"": ""tiny32"", ""shared_suffix"": ""64""}"
experiment-1,stable-warps,Device=0 num_rows=32768 shared_suffix=0 segment_profile=pairs,True,False,3,0.1587974399328232,0.683612961983403,"{""num_rows"": ""32768"", ""segment_profile"": ""pairs"", ""shared_suffix"": ""0""}"
experiment-1,stable-warps,Device=0 num_rows=2097152 shared_suffix=0 segment_profile=pairs,True,False,3,0.660873601436615,0.9001639513624464,"{""num_rows"": ""2097152"", ""segment_profile"": ""pairs"", ""shared_suffix"": ""0""}"
experiment-1,stable-warps,Device=0 num_rows=32768 shared_suffix=64 segment_profile=pairs,True,False,3,0.16020799994468685,0.8943427652398188,"{""num_rows"": ""32768"", ""segment_profile"": ""pairs"", ""shared_suffix"": ""64""}"
experiment-1,stable-warps,Device=0 num_rows=2097152 shared_suffix=64 segment_profile=pairs,True,False,3,0.8640313589572908,0.784221958034907,"{""num_rows"": ""2097152"", ""segment_profile"": ""pairs"", ""shared_suffix"": ""64""}"
experiment-1,stable-warps,Device=0 num_rows=32768 shared_suffix=0 segment_profile=tiny4,True,False,3,0.15760511964559554,0.8067029774064235,"{""num_rows"": ""32768"", ""segment_profile"": ""tiny4"", ""shared_suffix"": ""0""}"
experiment-1,stable-warps,Device=0 num_rows=2097152 shared_suffix=0 segment_profile=tiny4,True,False,3,0.6188300776481629,0.7742312428451505,"{""num_rows"": ""2097152"", ""segment_profile"": ""tiny4"", ""shared_suffix"": ""0""}"
experiment-1,stable-warps,Device=0 num_rows=32768 shared_suffix=64 segment_profile=tiny4,True,False,3,0.1733254399895668,1.0772760888471467,"{""num_rows"": ""32768"", ""segment_profile"": ""tiny4"", ""shared_suffix"": ""64""}"
experiment-1,stable-warps,Device=0 num_rows=2097152 shared_suffix=64 segment_profile=tiny4,True,False,3,1.059909131526947,0.4252831979949605,"{""num_rows"": ""2097152"", ""segment_profile"": ""tiny4"", ""shared_suffix"": ""64""}"
experiment-1,stable-warps,Device=0 num_rows=32768 shared_suffix=0 segment_profile=tiny8,True,False,3,0.1662886393070221,0.9919708357462571,"{""num_rows"": ""32768"", ""segment_profile"": ""tiny8"", ""shared_suffix"": ""0""}"
experiment-1,stable-warps,Device=0 num_rows=2097152 shared_suffix=0 segment_profile=tiny8,True,False,3,0.7020294392108919,0.6912280326517226,"{""num_rows"": ""2097152"", ""segment_profile"": ""tiny8"", ""shared_suffix"": ""0""}"
experiment-1,stable-warps,Device=0 num_rows=32768 shared_suffix=64 segment_profile=tiny8,True,False,3,0.19144448041915887,1.198248642283121,"{""num_rows"": ""32768"", ""segment_profile"": ""tiny8"", ""shared_suffix"": ""64""}"
experiment-1,stable-warps,Device=0 num_rows=2097152 shared_suffix=64 segment_profile=tiny8,True,False,3,1.4884678411483767,0.32941953518903205,"{""num_rows"": ""2097152"", ""segment_profile"": ""tiny8"", ""shared_suffix"": ""64""}"
experiment-1,stable-warps,Device=0 num_rows=32768 shared_suffix=0 segment_profile=tiny16,True,False,3,0.17122880011796957,0.8269610245772153,"{""num_rows"": ""32768"", ""segment_profile"": ""tiny16"", ""shared_suffix"": ""0""}"
experiment-1,stable-warps,Device=0 num_rows=2097152 shared_suffix=0 segment_profile=tiny16,True,False,3,0.7828409612178799,0.3467496688204819,"{""num_rows"": ""2097152"", ""segment_profile"": ""tiny16"", ""shared_suffix"": ""0""}"
experiment-1,stable-warps,Device=0 num_rows=32768 shared_suffix=64 segment_profile=tiny16,True,False,3,0.20739584028720856,1.5855932477887906,"{""num_rows"": ""32768"", ""segment_profile"": ""tiny16"", ""shared_suffix"": ""64""}"
experiment-1,stable-warps,Device=0 num_rows=2097152 shared_suffix=64 segment_profile=tiny16,True,False,3,1.9811161637306214,0.5343202770442476,"{""num_rows"": ""2097152"", ""segment_profile"": ""tiny16"", ""shared_suffix"": ""64""}"
experiment-1,stable-warps,Device=0 num_rows=32768 shared_suffix=0 segment_profile=tiny32,True,False,3,0.17463424086570736,1.379496092154147,"{""num_rows"": ""32768"", ""segment_profile"": ""tiny32"", ""shared_suffix"": ""0""}"
experiment-1,stable-warps,Device=0 num_rows=2097152 shared_suffix=0 segment_profile=tiny32,True,False,3,0.90344575881958,0.3422118069262665,"{""num_rows"": ""2097152"", ""segment_profile"": ""tiny32"", ""shared_suffix"": ""0""}"
experiment-1,stable-warps,Device=0 num_rows=32768 shared_suffix=64 segment_profile=tiny32,True,False,3,0.22430656045675276,1.53199221265416,"{""num_rows"": ""32768"", ""segment_profile"": ""tiny32"", ""shared_suffix"": ""64""}"
experiment-1,stable-warps,Device=0 num_rows=2097152 shared_suffix=64 segment_profile=tiny32,True,False,3,2.5155910348892205,0.3179093428367201,"{""num_rows"": ""2097152"", ""segment_profile"": ""tiny32"", ""shared_suffix"": ""64""}"
experiment-2,zero,Device=0 num_rows=32768 profile=zero_collision_pass1,False,False,1,0.21337536036968235,1.75121360700834,"{""num_rows"": ""32768"", ""profile"": ""zero_collision_pass1""}"
experiment-2,zero,Device=0 num_rows=32768 profile=zero_collision_pass2,False,False,1,0.29295999944210055,1.1338785984384987,"{""num_rows"": ""32768"", ""profile"": ""zero_collision_pass2""}"
experiment-15,stable-warps-desc,Device=0 num_rows=32768 shared_suffix=0 segment_profile=pairs,True,True,3,0.16045888036489486,1.6910830997164068,"{""num_rows"": ""32768"", ""segment_profile"": ""pairs"", ""shared_suffix"": ""0""}"
experiment-15,stable-warps-desc,Device=0 num_rows=2097152 shared_suffix=0 segment_profile=pairs,True,True,3,0.6532486438751219,1.0677911175873027,"{""num_rows"": ""2097152"", ""segment_profile"": ""pairs"", ""shared_suffix"": ""0""}"
experiment-15,stable-warps-desc,Device=0 num_rows=32768 shared_suffix=64 segment_profile=pairs,True,True,3,0.16553663969039914,1.7526556526693347,"{""num_rows"": ""32768"", ""segment_profile"": ""pairs"", ""shared_suffix"": ""64""}"
experiment-15,stable-warps-desc,Device=0 num_rows=2097152 shared_suffix=64 segment_profile=pairs,True,True,3,0.8263475203514099,0.879314038226817,"{""num_rows"": ""2097152"", ""segment_profile"": ""pairs"", ""shared_suffix"": ""64""}"
experiment-15,stable-warps-desc,Device=0 num_rows=32768 shared_suffix=0 segment_profile=tiny4,True,True,3,0.15961983948945996,2.181579314457981,"{""num_rows"": ""32768"", ""segment_profile"": ""tiny4"", ""shared_suffix"": ""0""}"
experiment-15,stable-warps-desc,Device=0 num_rows=2097152 shared_suffix=0 segment_profile=tiny4,True,True,3,0.58118528008461,0.8924155565285132,"{""num_rows"": ""2097152"", ""segment_profile"": ""tiny4"", ""shared_suffix"": ""0""}"
experiment-15,stable-warps-desc,Device=0 num_rows=32768 shared_suffix=64 segment_profile=tiny4,True,True,3,0.17253440082073213,3.377785770711118,"{""num_rows"": ""32768"", ""segment_profile"": ""tiny4"", ""shared_suffix"": ""64""}"
experiment-15,stable-warps-desc,Device=0 num_rows=2097152 shared_suffix=64 segment_profile=tiny4,True,True,3,0.914325758218765,0.7097828387098939,"{""num_rows"": ""2097152"", ""segment_profile"": ""tiny4"", ""shared_suffix"": ""64""}"
experiment-15,stable-warps-desc,Device=0 num_rows=32768 shared_suffix=0 segment_profile=tiny8,True,True,3,0.16183872014284137,2.346800410005457,"{""num_rows"": ""32768"", ""segment_profile"": ""tiny8"", ""shared_suffix"": ""0""}"
experiment-15,stable-warps-desc,Device=0 num_rows=2097152 shared_suffix=0 segment_profile=tiny8,True,True,3,0.5839526426792144,0.6784441586726769,"{""num_rows"": ""2097152"", ""segment_profile"": ""tiny8"", ""shared_suffix"": ""0""}"
experiment-15,stable-warps-desc,Device=0 num_rows=32768 shared_suffix=64 segment_profile=tiny8,True,True,3,0.18074943959712983,2.2409204490904213,"{""num_rows"": ""32768"", ""segment_profile"": ""tiny8"", ""shared_suffix"": ""64""}"
experiment-15,stable-warps-desc,Device=0 num_rows=2097152 shared_suffix=64 segment_profile=tiny8,True,True,3,1.14137665271759,0.34243814634000214,"{""num_rows"": ""2097152"", ""segment_profile"": ""tiny8"", ""shared_suffix"": ""64""}"
experiment-15,stable-warps-desc,Device=0 num_rows=32768 shared_suffix=0 segment_profile=tiny16,True,True,3,0.16235455989837644,1.7903819326251444,"{""num_rows"": ""32768"", ""segment_profile"": ""tiny16"", ""shared_suffix"": ""0""}"
experiment-15,stable-warps-desc,Device=0 num_rows=2097152 shared_suffix=0 segment_profile=tiny16,True,True,3,0.6089817631244661,0.41624136777909937,"{""num_rows"": ""2097152"", ""segment_profile"": ""tiny16"", ""shared_suffix"": ""0""}"
experiment-15,stable-warps-desc,Device=0 num_rows=32768 shared_suffix=64 segment_profile=tiny16,True,True,3,0.1865811210870743,2.023353359622279,"{""num_rows"": ""32768"", ""segment_profile"": ""tiny16"", ""shared_suffix"": ""64""}"
experiment-15,stable-warps-desc,Device=0 num_rows=2097152 shared_suffix=64 segment_profile=tiny16,True,True,3,1.350210564136505,0.24799903103062637,"{""num_rows"": ""2097152"", ""segment_profile"": ""tiny16"", ""shared_suffix"": ""64""}"
experiment-15,stable-warps-desc,Device=0 num_rows=32768 shared_suffix=0 segment_profile=tiny32,True,True,3,0.1646028795838356,1.3212471799963112,"{""num_rows"": ""32768"", ""segment_profile"": ""tiny32"", ""shared_suffix"": ""0""}"
experiment-15,stable-warps-desc,Device=0 num_rows=2097152 shared_suffix=0 segment_profile=tiny32,True,True,3,0.6622150397300719,0.32062879427821633,"{""num_rows"": ""2097152"", ""segment_profile"": ""tiny32"", ""shared_suffix"": ""0""}"
experiment-15,stable-warps-desc,Device=0 num_rows=32768 shared_suffix=64 segment_profile=tiny32,True,True,3,0.19561791986227037,1.833955386187809,"{""num_rows"": ""32768"", ""segment_profile"": ""tiny32"", ""shared_suffix"": ""64""}"
experiment-15,stable-warps-desc,Device=0 num_rows=2097152 shared_suffix=64 segment_profile=tiny32,True,True,3,1.6448460841178891,0.26147481773695697,"{""num_rows"": ""2097152"", ""segment_profile"": ""tiny32"", ""shared_suffix"": ""64""}"
experiment-31,stable-warps-desc,Device=0 num_rows=32768 shared_suffix=0 segment_profile=pairs,True,True,4,0.16372223943471903,1.661007207594052,"{""num_rows"": ""32768"", ""segment_profile"": ""pairs"", ""shared_suffix"": ""0""}"
experiment-31,stable-warps-desc,Device=0 num_rows=2097152 shared_suffix=0 segment_profile=pairs,True,True,4,0.6557600021362304,1.2024244590455786,"{""num_rows"": ""2097152"", ""segment_profile"": ""pairs"", ""shared_suffix"": ""0""}"
experiment-31,stable-warps-desc,Device=0 num_rows=32768 shared_suffix=64 segment_profile=pairs,True,True,4,0.16294720083475112,1.8828677345353155,"{""num_rows"": ""32768"", ""segment_profile"": ""pairs"", ""shared_suffix"": ""64""}"
experiment-31,stable-warps-desc,Device=0 num_rows=2097152 shared_suffix=64 segment_profile=pairs,True,True,4,0.8231347167491914,0.6766646380937892,"{""num_rows"": ""2097152"", ""segment_profile"": ""pairs"", ""shared_suffix"": ""64""}"
experiment-31,stable-warps-desc,Device=0 num_rows=32768 shared_suffix=0 segment_profile=tiny4,True,True,4,0.15973440021276472,1.7743525960557531,"{""num_rows"": ""32768"", ""segment_profile"": ""tiny4"", ""shared_suffix"": ""0""}"
experiment-31,stable-warps-desc,Device=0 num_rows=2097152 shared_suffix=0 segment_profile=tiny4,True,True,4,0.58147008061409,3.661376458385991,"{""num_rows"": ""2097152"", ""segment_profile"": ""tiny4"", ""shared_suffix"": ""0""}"
experiment-31,stable-warps-desc,Device=0 num_rows=32768 shared_suffix=64 segment_profile=tiny4,True,True,4,0.17022592037916182,1.5943190496362356,"{""num_rows"": ""32768"", ""segment_profile"": ""tiny4"", ""shared_suffix"": ""64""}"
experiment-31,stable-warps-desc,Device=0 num_rows=2097152 shared_suffix=64 segment_profile=tiny4,True,True,4,0.911939843893051,0.7725428877734584,"{""num_rows"": ""2097152"", ""segment_profile"": ""tiny4"", ""shared_suffix"": ""64""}"
experiment-31,stable-warps-desc,Device=0 num_rows=32768 shared_suffix=0 segment_profile=tiny8,True,True,4,0.16033791959285734,1.5254386201988308,"{""num_rows"": ""32768"", ""segment_profile"": ""tiny8"", ""shared_suffix"": ""0""}"
experiment-31,stable-warps-desc,Device=0 num_rows=2097152 shared_suffix=0 segment_profile=tiny8,True,True,4,0.5823135995864868,0.7232511077903729,"{""num_rows"": ""2097152"", ""segment_profile"": ""tiny8"", ""shared_suffix"": ""0""}"
experiment-31,stable-warps-desc,Device=0 num_rows=32768 shared_suffix=64 segment_profile=tiny8,True,True,4,0.18134271919727327,2.6071166887667343,"{""num_rows"": ""32768"", ""segment_profile"": ""tiny8"", ""shared_suffix"": ""64""}"
experiment-31,stable-warps-desc,Device=0 num_rows=2097152 shared_suffix=64 segment_profile=tiny8,True,True,4,1.1477798390388492,0.6230240201176155,"{""num_rows"": ""2097152"", ""segment_profile"": ""tiny8"", ""shared_suffix"": ""64""}"
experiment-31,stable-warps-desc,Device=0 num_rows=32768 shared_suffix=0 segment_profile=tiny16,True,True,4,0.1623020792007446,1.5396127553116286,"{""num_rows"": ""32768"", ""segment_profile"": ""tiny16"", ""shared_suffix"": ""0""}"
experiment-31,stable-warps-desc,Device=0 num_rows=2097152 shared_suffix=0 segment_profile=tiny16,True,True,4,0.609607034921646,0.53505842578982,"{""num_rows"": ""2097152"", ""segment_profile"": ""tiny16"", ""shared_suffix"": ""0""}"
experiment-31,stable-warps-desc,Device=0 num_rows=32768 shared_suffix=64 segment_profile=tiny16,True,True,4,0.1865504002571106,2.135475715721536,"{""num_rows"": ""32768"", ""segment_profile"": ""tiny16"", ""shared_suffix"": ""64""}"
experiment-31,stable-warps-desc,Device=0 num_rows=2097152 shared_suffix=64 segment_profile=tiny16,True,True,4,1.3493894433975222,0.3109843300412656,"{""num_rows"": ""2097152"", ""segment_profile"": ""tiny16"", ""shared_suffix"": ""64""}"
experiment-31,stable-warps-desc,Device=0 num_rows=32768 shared_suffix=0 segment_profile=tiny32,True,True,4,0.16496767997741701,1.07758245406969,"{""num_rows"": ""32768"", ""segment_profile"": ""tiny32"", ""shared_suffix"": ""0""}"
experiment-31,stable-warps-desc,Device=0 num_rows=2097152 shared_suffix=0 segment_profile=tiny32,True,True,4,0.6627910411357879,0.4475103360792685,"{""num_rows"": ""2097152"", ""segment_profile"": ""tiny32"", ""shared_suffix"": ""0""}"
experiment-31,stable-warps-desc,Device=0 num_rows=32768 shared_suffix=64 segment_profile=tiny32,True,True,4,0.1949836793541908,1.058567866570961,"{""num_rows"": ""32768"", ""segment_profile"": ""tiny32"", ""shared_suffix"": ""64""}"
experiment-31,stable-warps-desc,Device=0 num_rows=2097152 shared_suffix=64 segment_profile=tiny32,True,True,4,1.6435065555572508,0.4159240537152808,"{""num_rows"": ""2097152"", ""segment_profile"": ""tiny32"", ""shared_suffix"": ""64""}"
baseline,zero,Device=0 num_rows=32768 profile=zero_collision_pass1,False,False,0,0.21211967915296556,1.6416277033067201,"{""num_rows"": ""32768"", ""profile"": ""zero_collision_pass1""}"
baseline,zero,Device=0 num_rows=32768 profile=zero_collision_pass2,False,False,0,0.29107840001583096,0.9389441315892672,"{""num_rows"": ""32768"", ""profile"": ""zero_collision_pass2""}"
experiment-3,stable-warps-desc,Device=0 num_rows=32768 shared_suffix=0 segment_profile=pairs,True,True,0,0.15898816138505933,1.0114193391747464,"{""num_rows"": ""32768"", ""segment_profile"": ""pairs"", ""shared_suffix"": ""0""}"
experiment-3,stable-warps-desc,Device=0 num_rows=2097152 shared_suffix=0 segment_profile=pairs,True,True,0,0.6523033607006073,1.0678456501747082,"{""num_rows"": ""2097152"", ""segment_profile"": ""pairs"", ""shared_suffix"": ""0""}"
experiment-3,stable-warps-desc,Device=0 num_rows=32768 shared_suffix=64 segment_profile=pairs,True,True,0,0.16282751947641372,3.050724439581766,"{""num_rows"": ""32768"", ""segment_profile"": ""pairs"", ""shared_suffix"": ""64""}"
experiment-3,stable-warps-desc,Device=0 num_rows=2097152 shared_suffix=64 segment_profile=pairs,True,True,0,0.824945920705795,0.8023949479325964,"{""num_rows"": ""2097152"", ""segment_profile"": ""pairs"", ""shared_suffix"": ""64""}"
experiment-3,stable-warps-desc,Device=0 num_rows=32768 shared_suffix=0 segment_profile=tiny4,True,True,0,0.15830911993980407,2.219084149175168,"{""num_rows"": ""32768"", ""segment_profile"": ""tiny4"", ""shared_suffix"": ""0""}"
experiment-3,stable-warps-desc,Device=0 num_rows=2097152 shared_suffix=0 segment_profile=tiny4,True,True,0,0.5795968008041382,0.9689204376670563,"{""num_rows"": ""2097152"", ""segment_profile"": ""tiny4"", ""shared_suffix"": ""0""}"
experiment-3,stable-warps-desc,Device=0 num_rows=32768 shared_suffix=64 segment_profile=tiny4,True,True,0,0.17052543997764594,2.2305715935499055,"{""num_rows"": ""32768"", ""segment_profile"": ""tiny4"", ""shared_suffix"": ""64""}"
experiment-3,stable-warps-desc,Device=0 num_rows=2097152 shared_suffix=64 segment_profile=tiny4,True,True,0,0.9115135955810548,0.5022230013415394,"{""num_rows"": ""2097152"", ""segment_profile"": ""tiny4"", ""shared_suffix"": ""64""}"
experiment-3,stable-warps-desc,Device=0 num_rows=32768 shared_suffix=0 segment_profile=tiny8,True,True,0,0.15976767957210541,1.9357640974749692,"{""num_rows"": ""32768"", ""segment_profile"": ""tiny8"", ""shared_suffix"": ""0""}"
experiment-3,stable-warps-desc,Device=0 num_rows=2097152 shared_suffix=0 segment_profile=tiny8,True,True,0,0.5833644783496857,0.6678904319110717,"{""num_rows"": ""2097152"", ""segment_profile"": ""tiny8"", ""shared_suffix"": ""0""}"
experiment-3,stable-warps-desc,Device=0 num_rows=32768 shared_suffix=64 segment_profile=tiny8,True,True,0,0.17978624016046524,2.447465554845466,"{""num_rows"": ""32768"", ""segment_profile"": ""tiny8"", ""shared_suffix"": ""64""}"
experiment-3,stable-warps-desc,Device=0 num_rows=2097152 shared_suffix=64 segment_profile=tiny8,True,True,0,1.1399603247642518,0.40538503418565236,"{""num_rows"": ""2097152"", ""segment_profile"": ""tiny8"", ""shared_suffix"": ""64""}"
experiment-3,stable-warps-desc,Device=0 num_rows=32768 shared_suffix=0 segment_profile=tiny16,True,True,0,0.16112768024206162,1.8481019008799922,"{""num_rows"": ""32768"", ""segment_profile"": ""tiny16"", ""shared_suffix"": ""0""}"
experiment-3,stable-warps-desc,Device=0 num_rows=2097152 shared_suffix=0 segment_profile=tiny16,True,True,0,0.6077695989608763,0.3800389746979475,"{""num_rows"": ""2097152"", ""segment_profile"": ""tiny16"", ""shared_suffix"": ""0""}"
experiment-3,stable-warps-desc,Device=0 num_rows=32768 shared_suffix=64 segment_profile=tiny16,True,True,0,0.18432384043931957,1.4673424586756965,"{""num_rows"": ""32768"", ""segment_profile"": ""tiny16"", ""shared_suffix"": ""64""}"
experiment-3,stable-warps-desc,Device=0 num_rows=2097152 shared_suffix=64 segment_profile=tiny16,True,True,0,1.3498854398727416,0.21957917154185794,"{""num_rows"": ""2097152"", ""segment_profile"": ""tiny16"", ""shared_suffix"": ""64""}"
experiment-3,stable-warps-desc,Device=0 num_rows=32768 shared_suffix=0 segment_profile=tiny32,True,True,0,0.16305344074964526,0.7575747135814511,"{""num_rows"": ""32768"", ""segment_profile"": ""tiny32"", ""shared_suffix"": ""0""}"
experiment-3,stable-warps-desc,Device=0 num_rows=2097152 shared_suffix=0 segment_profile=tiny32,True,True,0,0.6614566397666931,0.35537362930132815,"{""num_rows"": ""2097152"", ""segment_profile"": ""tiny32"", ""shared_suffix"": ""0""}"
experiment-3,stable-warps-desc,Device=0 num_rows=32768 shared_suffix=64 segment_profile=tiny32,True,True,0,0.19509759992361064,1.9907416587148945,"{""num_rows"": ""32768"", ""segment_profile"": ""tiny32"", ""shared_suffix"": ""64""}"
experiment-3,stable-warps-desc,Device=0 num_rows=2097152 shared_suffix=64 segment_profile=tiny32,True,True,0,1.6428672003746037,0.2694310546817873,"{""num_rows"": ""2097152"", ""segment_profile"": ""tiny32"", ""shared_suffix"": ""64""}"
experiment-3,unstable-warps,Device=0 num_rows=32768 shared_suffix=0 segment_profile=singletons,False,False,0,0.14093631982803345,0.9956976923560598,"{""num_rows"": ""32768"", ""segment_profile"": ""singletons"", ""shared_suffix"": ""0""}"
experiment-3,unstable-warps,Device=0 num_rows=2097152 shared_suffix=0 segment_profile=singletons,False,False,0,0.35731967985630025,1.015053218265117,"{""num_rows"": ""2097152"", ""segment_profile"": ""singletons"", ""shared_suffix"": ""0""}"
experiment-3,unstable-warps,Device=0 num_rows=32768 shared_suffix=64 segment_profile=singletons,False,False,0,0.14196928054094315,3.6059167932794534,"{""num_rows"": ""32768"", ""segment_profile"": ""singletons"", ""shared_suffix"": ""64""}"
experiment-3,unstable-warps,Device=0 num_rows=2097152 shared_suffix=64 segment_profile=singletons,False,False,0,0.39335103929042814,0.8221451572945743,"{""num_rows"": ""2097152"", ""segment_profile"": ""singletons"", ""shared_suffix"": ""64""}"
experiment-3,unstable-warps,Device=0 num_rows=32768 shared_suffix=0 segment_profile=pairs,False,False,0,0.1591750407218933,2.5336803161435997,"{""num_rows"": ""32768"", ""segment_profile"": ""pairs"", ""shared_suffix"": ""0""}"
experiment-3,unstable-warps,Device=0 num_rows=2097152 shared_suffix=0 segment_profile=pairs,False,False,0,0.6558028793334962,1.1255221007538003,"{""num_rows"": ""2097152"", ""segment_profile"": ""pairs"", ""shared_suffix"": ""0""}"
experiment-3,unstable-warps,Device=0 num_rows=32768 shared_suffix=64 segment_profile=pairs,False,False,0,0.16273471891880034,2.245916185579722,"{""num_rows"": ""32768"", ""segment_profile"": ""pairs"", ""shared_suffix"": ""64""}"
experiment-3,unstable-warps,Device=0 num_rows=2097152 shared_suffix=64 segment_profile=pairs,False,False,0,0.8262713623046876,0.8208732654875037,"{""num_rows"": ""2097152"", ""segment_profile"": ""pairs"", ""shared_suffix"": ""64""}"
experiment-3,unstable-warps,Device=0 num_rows=32768 shared_suffix=0 segment_profile=tiny4,False,False,0,0.15831488043069844,1.138045857448929,"{""num_rows"": ""32768"", ""segment_profile"": ""tiny4"", ""shared_suffix"": ""0""}"
experiment-3,unstable-warps,Device=0 num_rows=2097152 shared_suffix=0 segment_profile=tiny4,False,False,0,0.5827916800975801,0.9443656930008851,"{""num_rows"": ""2097152"", ""segment_profile"": ""tiny4"", ""shared_suffix"": ""0""}"
experiment-3,unstable-warps,Device=0 num_rows=32768 shared_suffix=64 segment_profile=tiny4,False,False,0,0.17053376078605656,2.002033206390675,"{""num_rows"": ""32768"", ""segment_profile"": ""tiny4"", ""shared_suffix"": ""64""}"
experiment-3,unstable-warps,Device=0 num_rows=2097152 shared_suffix=64 segment_profile=tiny4,False,False,0,0.9165702402591706,0.6198139952961358,"{""num_rows"": ""2097152"", ""segment_profile"": ""tiny4"", ""shared_suffix"": ""64""}"
experiment-3,unstable-warps,Device=0 num_rows=32768 shared_suffix=0 segment_profile=tiny8,False,False,0,0.16085888057947156,1.746433419275108,"{""num_rows"": ""32768"", ""segment_profile"": ""tiny8"", ""shared_suffix"": ""0""}"
experiment-3,unstable-warps,Device=0 num_rows=2097152 shared_suffix=0 segment_profile=tiny8,False,False,0,0.5904396784305573,0.7369110487869762,"{""num_rows"": ""2097152"", ""segment_profile"": ""tiny8"", ""shared_suffix"": ""0""}"
experiment-3,unstable-warps,Device=0 num_rows=32768 shared_suffix=64 segment_profile=tiny8,False,False,0,0.1796198388934135,1.80001828070748,"{""num_rows"": ""32768"", ""segment_profile"": ""tiny8"", ""shared_suffix"": ""64""}"
experiment-3,unstable-warps,Device=0 num_rows=2097152 shared_suffix=64 segment_profile=tiny8,False,False,0,1.1490060806274411,0.3676266181239411,"{""num_rows"": ""2097152"", ""segment_profile"": ""tiny8"", ""shared_suffix"": ""64""}"
experiment-3,unstable-warps,Device=0 num_rows=32768 shared_suffix=0 segment_profile=tiny16,False,False,0,0.16631231993436815,9.460237075382336,"{""num_rows"": ""32768"", ""segment_profile"": ""tiny16"", ""shared_suffix"": ""0""}"
experiment-3,unstable-warps,Device=0 num_rows=2097152 shared_suffix=0 segment_profile=tiny16,False,False,0,0.6256889617443085,0.4982550006199475,"{""num_rows"": ""2097152"", ""segment_profile"": ""tiny16"", ""shared_suffix"": ""0""}"
experiment-3,unstable-warps,Device=0 num_rows=32768 shared_suffix=64 segment_profile=tiny16,False,False,0,0.18676991969346993,1.3770507413692425,"{""num_rows"": ""32768"", ""segment_profile"": ""tiny16"", ""shared_suffix"": ""64""}"
experiment-3,unstable-warps,Device=0 num_rows=2097152 shared_suffix=64 segment_profile=tiny16,False,False,0,1.365448317527771,0.30044716849508635,"{""num_rows"": ""2097152"", ""segment_profile"": ""tiny16"", ""shared_suffix"": ""64""}"
experiment-3,unstable-warps,Device=0 num_rows=32768 shared_suffix=0 segment_profile=tiny32,False,False,0,0.16559744000434873,3.2818745991482356,"{""num_rows"": ""32768"", ""segment_profile"": ""tiny32"", ""shared_suffix"": ""0""}"
experiment-3,unstable-warps,Device=0 num_rows=2097152 shared_suffix=0 segment_profile=tiny32,False,False,0,0.6763161623477936,0.5988040627043466,"{""num_rows"": ""2097152"", ""segment_profile"": ""tiny32"", ""shared_suffix"": ""0""}"
experiment-3,unstable-warps,Device=0 num_rows=32768 shared_suffix=64 segment_profile=tiny32,False,False,0,0.2037587204575539,27.743701821521267,"{""num_rows"": ""32768"", ""segment_profile"": ""tiny32"", ""shared_suffix"": ""64""}"
experiment-3,unstable-warps,Device=0 num_rows=2097152 shared_suffix=64 segment_profile=tiny32,False,False,0,1.6562892794609068,0.22379904150248678,"{""num_rows"": ""2097152"", ""segment_profile"": ""tiny32"", ""shared_suffix"": ""64""}"
experiment-15,active-fractions,Device=0 num_rows=262144 profile=active_10,False,False,0,0.2977900809049607,0.5663541756879666,"{""num_rows"": ""262144"", ""profile"": ""active_10""}"
experiment-15,active-fractions,Device=0 num_rows=2097152 profile=active_10,False,False,0,0.5454681539535521,0.47750770871695275,"{""num_rows"": ""2097152"", ""profile"": ""active_10""}"
experiment-15,active-fractions,Device=0 num_rows=262144 profile=active_50,False,False,0,0.3340153604745865,0.5909227561214118,"{""num_rows"": ""262144"", ""profile"": ""active_50""}"
experiment-15,active-fractions,Device=0 num_rows=2097152 profile=active_50,False,False,0,0.8673990392684937,0.4148830348281322,"{""num_rows"": ""2097152"", ""profile"": ""active_50""}"
experiment-3,identity-constant,Device=0 num_rows=2097152 profile=cardinality_1_width_32,False,False,4,0.008808320015668872,3.701828215995881,"{""num_rows"": ""2097152"", ""profile"": ""cardinality_1_width_32""}"
experiment-3,zero,Device=0 num_rows=32768 profile=zero_collision_pass1,False,False,4,0.20807935923337934,0.6457149713354218,"{""num_rows"": ""32768"", ""profile"": ""zero_collision_pass1""}"
experiment-3,zero,Device=0 num_rows=32768 profile=zero_collision_pass2,False,False,4,0.28451456069946285,0.9408268315847195,"{""num_rows"": ""32768"", ""profile"": ""zero_collision_pass2""}"
experiment-15,stable-warps,Device=0 num_rows=32768 shared_suffix=0 segment_profile=pairs,True,False,0,0.15612672060728072,2.9237484808907235,"{""num_rows"": ""32768"", ""segment_profile"": ""pairs"", ""shared_suffix"": ""0""}"
experiment-15,stable-warps,Device=0 num_rows=2097152 shared_suffix=0 segment_profile=pairs,True,False,0,0.6513446402549745,1.1991369012010502,"{""num_rows"": ""2097152"", ""segment_profile"": ""pairs"", ""shared_suffix"": ""0""}"
experiment-15,stable-warps,Device=0 num_rows=32768 shared_suffix=64 segment_profile=pairs,True,False,0,0.15938496142625816,1.5625979311469949,"{""num_rows"": ""32768"", ""segment_profile"": ""pairs"", ""shared_suffix"": ""64""}"
experiment-15,stable-warps,Device=0 num_rows=2097152 shared_suffix=64 segment_profile=pairs,True,False,0,0.820323839187622,0.8466525225331849,"{""num_rows"": ""2097152"", ""segment_profile"": ""pairs"", ""shared_suffix"": ""64""}"
experiment-15,stable-warps,Device=0 num_rows=32768 shared_suffix=0 segment_profile=tiny4,True,False,0,0.1574803194403649,1.515657199822307,"{""num_rows"": ""32768"", ""segment_profile"": ""tiny4"", ""shared_suffix"": ""0""}"
experiment-15,stable-warps,Device=0 num_rows=2097152 shared_suffix=0 segment_profile=tiny4,True,False,0,0.5734924817085266,0.7984096701236059,"{""num_rows"": ""2097152"", ""segment_profile"": ""tiny4"", ""shared_suffix"": ""0""}"
experiment-15,stable-warps,Device=0 num_rows=32768 shared_suffix=64 segment_profile=tiny4,True,False,0,0.16756480008363728,1.300618533308564,"{""num_rows"": ""32768"", ""segment_profile"": ""tiny4"", ""shared_suffix"": ""64""}"
experiment-15,stable-warps,Device=0 num_rows=2097152 shared_suffix=64 segment_profile=tiny4,True,False,0,0.9079910373687744,0.696579943365575,"{""num_rows"": ""2097152"", ""segment_profile"": ""tiny4"", ""shared_suffix"": ""64""}"
experiment-15,stable-warps,Device=0 num_rows=32768 shared_suffix=0 segment_profile=tiny8,True,False,0,0.15887552082538606,0.8313943592758787,"{""num_rows"": ""32768"", ""segment_profile"": ""tiny8"", ""shared_suffix"": ""0""}"
experiment-15,stable-warps,Device=0 num_rows=2097152 shared_suffix=0 segment_profile=tiny8,True,False,0,0.5777056002616882,0.638873367549129,"{""num_rows"": ""2097152"", ""segment_profile"": ""tiny8"", ""shared_suffix"": ""0""}"
experiment-15,stable-warps,Device=0 num_rows=32768 shared_suffix=64 segment_profile=tiny8,True,False,0,0.178639999628067,5.910818836417418,"{""num_rows"": ""32768"", ""segment_profile"": ""tiny8"", ""shared_suffix"": ""64""}"
experiment-15,stable-warps,Device=0 num_rows=2097152 shared_suffix=64 segment_profile=tiny8,True,False,0,1.1366393518447875,0.9695766063508714,"{""num_rows"": ""2097152"", ""segment_profile"": ""tiny8"", ""shared_suffix"": ""64""}"
experiment-15,stable-warps,Device=0 num_rows=32768 shared_suffix=0 segment_profile=tiny16,True,False,0,0.15998207926750188,1.4579962152564632,"{""num_rows"": ""32768"", ""segment_profile"": ""tiny16"", ""shared_suffix"": ""0""}"
experiment-15,stable-warps,Device=0 num_rows=2097152 shared_suffix=0 segment_profile=tiny16,True,False,0,0.6062943994998929,0.5723348005202795,"{""num_rows"": ""2097152"", ""segment_profile"": ""tiny16"", ""shared_suffix"": ""0""}"
experiment-15,stable-warps,Device=0 num_rows=32768 shared_suffix=64 segment_profile=tiny16,True,False,0,0.18398592025041574,1.202685443780284,"{""num_rows"": ""32768"", ""segment_profile"": ""tiny16"", ""shared_suffix"": ""64""}"
experiment-15,stable-warps,Device=0 num_rows=2097152 shared_suffix=64 segment_profile=tiny16,True,False,0,1.3552633595466617,3.286840504684611,"{""num_rows"": ""2097152"", ""segment_profile"": ""tiny16"", ""shared_suffix"": ""64""}"
experiment-15,stable-warps,Device=0 num_rows=32768 shared_suffix=0 segment_profile=tiny32,True,False,0,0.1614975994825363,2.026194250752491,"{""num_rows"": ""32768"", ""segment_profile"": ""tiny32"", ""shared_suffix"": ""0""}"
experiment-15,stable-warps,Device=0 num_rows=2097152 shared_suffix=0 segment_profile=tiny32,True,False,0,0.657939838171005,0.4450965587445838,"{""num_rows"": ""2097152"", ""segment_profile"": ""tiny32"", ""shared_suffix"": ""0""}"
experiment-15,stable-warps,Device=0 num_rows=32768 shared_suffix=64 segment_profile=tiny32,True,False,0,0.19337535917758938,2.0471892872869897,"{""num_rows"": ""32768"", ""segment_profile"": ""tiny32"", ""shared_suffix"": ""64""}"
experiment-15,stable-warps,Device=0 num_rows=2097152 shared_suffix=64 segment_profile=tiny32,True,False,0,1.6382905626296997,0.27683561605642265,"{""num_rows"": ""2097152"", ""segment_profile"": ""tiny32"", ""shared_suffix"": ""64""}"
experiment-3,prefix-targets,Device=0 num_rows=262144 prefix_width=8 suffix_width=32 prefix_cardinality=1,False,False,4,0.5698348736763001,0.548440522105149,"{""num_rows"": ""262144"", ""prefix_cardinality"": ""1"", ""prefix_width"": ""8"", ""suffix_width"": ""32""}"
experiment-3,prefix-targets,Device=0 num_rows=2097152 prefix_width=8 suffix_width=32 prefix_cardinality=1,False,False,4,4.158357744216919,0.37902964949677287,"{""num_rows"": ""2097152"", ""prefix_cardinality"": ""1"", ""prefix_width"": ""8"", ""suffix_width"": ""32""}"
experiment-3,prefix-targets,Device=0 num_rows=262144 prefix_width=10 suffix_width=32 prefix_cardinality=1,False,False,4,0.6075340807437897,0.4501103075062402,"{""num_rows"": ""262144"", ""prefix_cardinality"": ""1"", ""prefix_width"": ""10"", ""suffix_width"": ""32""}"
experiment-3,prefix-targets,Device=0 num_rows=2097152 prefix_width=10 suffix_width=32 prefix_cardinality=1,False,False,4,4.383423337936399,0.445450515546965,"{""num_rows"": ""2097152"", ""prefix_cardinality"": ""1"", ""prefix_width"": ""10"", ""suffix_width"": ""32""}"
experiment-3,prefix-targets,Device=0 num_rows=262144 prefix_width=11 suffix_width=32 prefix_cardinality=1,False,False,4,0.6162604856491091,0.4449454368147797,"{""num_rows"": ""262144"", ""prefix_cardinality"": ""1"", ""prefix_width"": ""11"", ""suffix_width"": ""32""}"
experiment-3,prefix-targets,Device=0 num_rows=2097152 prefix_width=11 suffix_width=32 prefix_cardinality=1,False,False,4,4.443820810317994,0.2858767871864385,"{""num_rows"": ""2097152"", ""prefix_cardinality"": ""1"", ""prefix_width"": ""11"", ""suffix_width"": ""32""}"
experiment-3,prefix-targets,Device=0 num_rows=262144 prefix_width=12 suffix_width=32 prefix_cardinality=1,False,False,4,0.6251404774188996,0.34731576520252505,"{""num_rows"": ""262144"", ""prefix_cardinality"": ""1"", ""prefix_width"": ""12"", ""suffix_width"": ""32""}"
experiment-3,prefix-targets,Device=0 num_rows=2097152 prefix_width=12 suffix_width=32 prefix_cardinality=1,False,False,4,4.4974060916900624,0.23822945438826845,"{""num_rows"": ""2097152"", ""prefix_cardinality"": ""1"", ""prefix_width"": ""12"", ""suffix_width"": ""32""}"
experiment-1,zero,Device=0 num_rows=32768 profile=zero_collision_pass1,False,False,2,0.21099072068929667,12.796457009354137,"{""num_rows"": ""32768"", ""profile"": ""zero_collision_pass1""}"
experiment-1,zero,Device=0 num_rows=32768 profile=zero_collision_pass2,False,False,2,0.2845510393381119,1.190757488034449,"{""num_rows"": ""32768"", ""profile"": ""zero_collision_pass2""}"
experiment-15,unstable-warps,Device=0 num_rows=32768 shared_suffix=0 segment_profile=singletons,False,False,0,0.13950399994850154,1.1879914476899596,"{""num_rows"": ""32768"", ""segment_profile"": ""singletons"", ""shared_suffix"": ""0""}"
experiment-15,unstable-warps,Device=0 num_rows=2097152 shared_suffix=0 segment_profile=singletons,False,False,0,0.35227136135101317,0.7761578109927917,"{""num_rows"": ""2097152"", ""segment_profile"": ""singletons"", ""shared_suffix"": ""0""}"
experiment-15,unstable-warps,Device=0 num_rows=32768 shared_suffix=64 segment_profile=singletons,False,False,0,0.13693247884511947,1.1026603169724742,"{""num_rows"": ""32768"", ""segment_profile"": ""singletons"", ""shared_suffix"": ""64""}"
experiment-15,unstable-warps,Device=0 num_rows=2097152 shared_suffix=64 segment_profile=singletons,False,False,0,0.38990272104740137,0.8516877793392941,"{""num_rows"": ""2097152"", ""segment_profile"": ""singletons"", ""shared_suffix"": ""64""}"
experiment-15,unstable-warps,Device=0 num_rows=32768 shared_suffix=0 segment_profile=pairs,False,False,0,0.1561491188406944,1.2006577341458162,"{""num_rows"": ""32768"", ""segment_profile"": ""pairs"", ""shared_suffix"": ""0""}"
experiment-15,unstable-warps,Device=0 num_rows=2097152 shared_suffix=0 segment_profile=pairs,False,False,0,0.65102463722229,1.2381861710189366,"{""num_rows"": ""2097152"", ""segment_profile"": ""pairs"", ""shared_suffix"": ""0""}"
experiment-15,unstable-warps,Device=0 num_rows=32768 shared_suffix=64 segment_profile=pairs,False,False,0,0.15877631902694705,1.2996772401640444,"{""num_rows"": ""32768"", ""segment_profile"": ""pairs"", ""shared_suffix"": ""64""}"
experiment-15,unstable-warps,Device=0 num_rows=2097152 shared_suffix=64 segment_profile=pairs,False,False,0,0.8221299195289613,0.77526787278019,"{""num_rows"": ""2097152"", ""segment_profile"": ""pairs"", ""shared_suffix"": ""64""}"
experiment-15,unstable-warps,Device=0 num_rows=32768 shared_suffix=0 segment_profile=tiny4,False,False,0,0.1570816004276275,1.282230512640827,"{""num_rows"": ""32768"", ""segment_profile"": ""tiny4"", ""shared_suffix"": ""0""}"
experiment-15,unstable-warps,Device=0 num_rows=2097152 shared_suffix=0 segment_profile=tiny4,False,False,0,0.5768518400192263,0.712007401001687,"{""num_rows"": ""2097152"", ""segment_profile"": ""tiny4"", ""shared_suffix"": ""0""}"
experiment-15,unstable-warps,Device=0 num_rows=32768 shared_suffix=64 segment_profile=tiny4,False,False,0,0.16776128143072125,0.8572002327893448,"{""num_rows"": ""32768"", ""segment_profile"": ""tiny4"", ""shared_suffix"": ""64""}"
experiment-15,unstable-warps,Device=0 num_rows=2097152 shared_suffix=64 segment_profile=tiny4,False,False,0,0.9112390422821046,0.49220620514000096,"{""num_rows"": ""2097152"", ""segment_profile"": ""tiny4"", ""shared_suffix"": ""64""}"
experiment-15,unstable-warps,Device=0 num_rows=32768 shared_suffix=0 segment_profile=tiny8,False,False,0,0.15943808048963548,0.9190939515119229,"{""num_rows"": ""32768"", ""segment_profile"": ""tiny8"", ""shared_suffix"": ""0""}"
experiment-15,unstable-warps,Device=0 num_rows=2097152 shared_suffix=0 segment_profile=tiny8,False,False,0,0.5855404782295227,0.8273209705957993,"{""num_rows"": ""2097152"", ""segment_profile"": ""tiny8"", ""shared_suffix"": ""0""}"
experiment-15,unstable-warps,Device=0 num_rows=32768 shared_suffix=64 segment_profile=tiny8,False,False,0,0.17680064052343367,1.0905676150257984,"{""num_rows"": ""32768"", ""segment_profile"": ""tiny8"", ""shared_suffix"": ""64""}"
experiment-15,unstable-warps,Device=0 num_rows=2097152 shared_suffix=64 segment_profile=tiny8,False,False,0,1.1451014471054073,0.3757869658857796,"{""num_rows"": ""2097152"", ""segment_profile"": ""tiny8"", ""shared_suffix"": ""64""}"
experiment-15,unstable-warps,Device=0 num_rows=32768 shared_suffix=0 segment_profile=tiny16,False,False,0,0.16242751985788342,0.585552880328071,"{""num_rows"": ""32768"", ""segment_profile"": ""tiny16"", ""shared_suffix"": ""0""}"
experiment-15,unstable-warps,Device=0 num_rows=2097152 shared_suffix=0 segment_profile=tiny16,False,False,0,0.6210675179958343,0.4871570149462906,"{""num_rows"": ""2097152"", ""segment_profile"": ""tiny16"", ""shared_suffix"": ""0""}"
experiment-15,unstable-warps,Device=0 num_rows=32768 shared_suffix=64 segment_profile=tiny16,False,False,0,0.1851859200000763,1.1528917804504235,"{""num_rows"": ""32768"", ""segment_profile"": ""tiny16"", ""shared_suffix"": ""64""}"
experiment-15,unstable-warps,Device=0 num_rows=2097152 shared_suffix=64 segment_profile=tiny16,False,False,0,1.3621983981132508,0.24702556109987006,"{""num_rows"": ""2097152"", ""segment_profile"": ""tiny16"", ""shared_suffix"": ""64""}"
experiment-15,unstable-warps,Device=0 num_rows=32768 shared_suffix=0 segment_profile=tiny32,False,False,0,0.16309439986944194,1.4967318146642412,"{""num_rows"": ""32768"", ""segment_profile"": ""tiny32"", ""shared_suffix"": ""0""}"
experiment-15,unstable-warps,Device=0 num_rows=2097152 shared_suffix=0 segment_profile=tiny32,False,False,0,0.6715609586238859,0.44528650876717096,"{""num_rows"": ""2097152"", ""segment_profile"": ""tiny32"", ""shared_suffix"": ""0""}"
experiment-15,unstable-warps,Device=0 num_rows=32768 shared_suffix=64 segment_profile=tiny32,False,False,0,0.19414656072855002,1.478248020685032,"{""num_rows"": ""32768"", ""segment_profile"": ""tiny32"", ""shared_suffix"": ""64""}"
experiment-15,unstable-warps,Device=0 num_rows=2097152 shared_suffix=64 segment_profile=tiny32,False,False,0,1.6524179148674005,0.26613428481211093,"{""num_rows"": ""2097152"", ""segment_profile"": ""tiny32"", ""shared_suffix"": ""64""}"
experiment-31,unstable-warps,Device=0 num_rows=32768 shared_suffix=0 segment_profile=singletons,False,False,4,0.140072320997715,1.8020966073040352,"{""num_rows"": ""32768"", ""segment_profile"": ""singletons"", ""shared_suffix"": ""0""}"
experiment-31,unstable-warps,Device=0 num_rows=2097152 shared_suffix=0 segment_profile=singletons,False,False,4,0.35211327910423285,0.8478179418429065,"{""num_rows"": ""2097152"", ""segment_profile"": ""singletons"", ""shared_suffix"": ""0""}"
experiment-31,unstable-warps,Device=0 num_rows=32768 shared_suffix=64 segment_profile=singletons,False,False,4,0.13719615906476973,1.1301640144992824,"{""num_rows"": ""32768"", ""segment_profile"": ""singletons"", ""shared_suffix"": ""64""}"
experiment-31,unstable-warps,Device=0 num_rows=2097152 shared_suffix=64 segment_profile=singletons,False,False,4,0.3893894404172897,0.6177654902104097,"{""num_rows"": ""2097152"", ""segment_profile"": ""singletons"", ""shared_suffix"": ""64""}"
experiment-31,unstable-warps,Device=0 num_rows=32768 shared_suffix=0 segment_profile=pairs,False,False,4,0.15619391947984698,0.7930560157863319,"{""num_rows"": ""32768"", ""segment_profile"": ""pairs"", ""shared_suffix"": ""0""}"
experiment-31,unstable-warps,Device=0 num_rows=2097152 shared_suffix=0 segment_profile=pairs,False,False,4,0.6511116814613346,2.0189759604736017,"{""num_rows"": ""2097152"", ""segment_profile"": ""pairs"", ""shared_suffix"": ""0""}"
experiment-31,unstable-warps,Device=0 num_rows=32768 shared_suffix=64 segment_profile=pairs,False,False,4,0.15879168003797534,1.3253471007676074,"{""num_rows"": ""32768"", ""segment_profile"": ""pairs"", ""shared_suffix"": ""64""}"
experiment-31,unstable-warps,Device=0 num_rows=2097152 shared_suffix=64 segment_profile=pairs,False,False,4,0.8226508843898772,0.7585799295053747,"{""num_rows"": ""2097152"", ""segment_profile"": ""pairs"", ""shared_suffix"": ""64""}"
experiment-31,unstable-warps,Device=0 num_rows=32768 shared_suffix=0 segment_profile=tiny4,False,False,4,0.15739583909511565,1.3737048068759348,"{""num_rows"": ""32768"", ""segment_profile"": ""tiny4"", ""shared_suffix"": ""0""}"
experiment-31,unstable-warps,Device=0 num_rows=2097152 shared_suffix=0 segment_profile=tiny4,False,False,4,0.5769471979141235,0.9435758566516214,"{""num_rows"": ""2097152"", ""segment_profile"": ""tiny4"", ""shared_suffix"": ""0""}"
experiment-31,unstable-warps,Device=0 num_rows=32768 shared_suffix=64 segment_profile=tiny4,False,False,4,0.16756352007389066,0.7597447626338844,"{""num_rows"": ""32768"", ""segment_profile"": ""tiny4"", ""shared_suffix"": ""64""}"
experiment-31,unstable-warps,Device=0 num_rows=2097152 shared_suffix=64 segment_profile=tiny4,False,False,4,0.9097139167785643,0.53948445780387,"{""num_rows"": ""2097152"", ""segment_profile"": ""tiny4"", ""shared_suffix"": ""64""}"
experiment-31,unstable-warps,Device=0 num_rows=32768 shared_suffix=0 segment_profile=tiny8,False,False,4,0.1591974392533302,1.5750732158162841,"{""num_rows"": ""32768"", ""segment_profile"": ""tiny8"", ""shared_suffix"": ""0""}"
experiment-31,unstable-warps,Device=0 num_rows=2097152 shared_suffix=0 segment_profile=tiny8,False,False,4,0.5860499215126038,0.6590607949742399,"{""num_rows"": ""2097152"", ""segment_profile"": ""tiny8"", ""shared_suffix"": ""0""}"
experiment-31,unstable-warps,Device=0 num_rows=32768 shared_suffix=64 segment_profile=tiny8,False,False,4,0.1775673595070839,1.3103073287807014,"{""num_rows"": ""32768"", ""segment_profile"": ""tiny8"", ""shared_suffix"": ""64""}"
experiment-31,unstable-warps,Device=0 num_rows=2097152 shared_suffix=64 segment_profile=tiny8,False,False,4,1.1455007886886592,0.3770621068706363,"{""num_rows"": ""2097152"", ""segment_profile"": ""tiny8"", ""shared_suffix"": ""64""}"
experiment-31,unstable-warps,Device=0 num_rows=32768 shared_suffix=0 segment_profile=tiny16,False,False,4,0.16272767990827564,1.6155835568692452,"{""num_rows"": ""32768"", ""segment_profile"": ""tiny16"", ""shared_suffix"": ""0""}"
experiment-31,unstable-warps,Device=0 num_rows=2097152 shared_suffix=0 segment_profile=tiny16,False,False,4,0.6201811206340792,0.4995252162634771,"{""num_rows"": ""2097152"", ""segment_profile"": ""tiny16"", ""shared_suffix"": ""0""}"
experiment-31,unstable-warps,Device=0 num_rows=32768 shared_suffix=64 segment_profile=tiny16,False,False,4,0.1844396796822548,1.2251900415670849,"{""num_rows"": ""32768"", ""segment_profile"": ""tiny16"", ""shared_suffix"": ""64""}"
experiment-31,unstable-warps,Device=0 num_rows=2097152 shared_suffix=64 segment_profile=tiny16,False,False,4,1.360081284046173,0.2964084792066689,"{""num_rows"": ""2097152"", ""segment_profile"": ""tiny16"", ""shared_suffix"": ""64""}"
experiment-31,unstable-warps,Device=0 num_rows=32768 shared_suffix=0 segment_profile=tiny32,False,False,4,0.16480896025896077,6.483907486111584,"{""num_rows"": ""32768"", ""segment_profile"": ""tiny32"", ""shared_suffix"": ""0""}"
experiment-31,unstable-warps,Device=0 num_rows=2097152 shared_suffix=0 segment_profile=tiny32,False,False,4,0.6713740813732146,0.46294730892528274,"{""num_rows"": ""2097152"", ""segment_profile"": ""tiny32"", ""shared_suffix"": ""0""}"
experiment-31,unstable-warps,Device=0 num_rows=32768 shared_suffix=64 segment_profile=tiny32,False,False,4,0.1945561596751213,1.8846016906622611,"{""num_rows"": ""32768"", ""segment_profile"": ""tiny32"", ""shared_suffix"": ""64""}"
experiment-31,unstable-warps,Device=0 num_rows=2097152 shared_suffix=64 segment_profile=tiny32,False,False,4,1.651114883422852,0.27181975077573584,"{""num_rows"": ""2097152"", ""segment_profile"": ""tiny32"", ""shared_suffix"": ""64""}"
experiment-15,zero,Device=0 num_rows=32768 profile=zero_collision_pass1,False,False,1,0.20849728018045427,1.2486172879583888,"{""num_rows"": ""32768"", ""profile"": ""zero_collision_pass1""}"
experiment-15,zero,Device=0 num_rows=32768 profile=zero_collision_pass2,False,False,1,0.28557695925235743,1.0802663799292738,"{""num_rows"": ""32768"", ""profile"": ""zero_collision_pass2""}"
experiment-0,unstable-warps,Device=0 num_rows=32768 shared_suffix=0 segment_profile=singletons,False,False,2,0.1409343999624252,2.0077480303548696,"{""num_rows"": ""32768"", ""segment_profile"": ""singletons"", ""shared_suffix"": ""0""}"
experiment-0,unstable-warps,Device=0 num_rows=2097152 shared_suffix=0 segment_profile=singletons,False,False,2,0.3560646384954454,0.8507419222980128,"{""num_rows"": ""2097152"", ""segment_profile"": ""singletons"", ""shared_suffix"": ""0""}"
experiment-0,unstable-warps,Device=0 num_rows=32768 shared_suffix=64 segment_profile=singletons,False,False,2,0.14110143989324567,2.649940789129672,"{""num_rows"": ""32768"", ""segment_profile"": ""singletons"", ""shared_suffix"": ""64""}"
experiment-0,unstable-warps,Device=0 num_rows=2097152 shared_suffix=64 segment_profile=singletons,False,False,2,0.39341440081596374,0.8021418290447393,"{""num_rows"": ""2097152"", ""segment_profile"": ""singletons"", ""shared_suffix"": ""64""}"
experiment-0,unstable-warps,Device=0 num_rows=32768 shared_suffix=0 segment_profile=pairs,False,False,2,0.15813183993101124,1.9360290434429686,"{""num_rows"": ""32768"", ""segment_profile"": ""pairs"", ""shared_suffix"": ""0""}"
experiment-0,unstable-warps,Device=0 num_rows=2097152 shared_suffix=0 segment_profile=pairs,False,False,2,0.6525427198410033,1.0144865161588539,"{""num_rows"": ""2097152"", ""segment_profile"": ""pairs"", ""shared_suffix"": ""0""}"
experiment-0,unstable-warps,Device=0 num_rows=32768 shared_suffix=64 segment_profile=pairs,False,False,2,0.16226240128278735,2.181073128117252,"{""num_rows"": ""32768"", ""segment_profile"": ""pairs"", ""shared_suffix"": ""64""}"
experiment-0,unstable-warps,Device=0 num_rows=2097152 shared_suffix=64 segment_profile=pairs,False,False,2,0.828216317892075,0.8682531525055921,"{""num_rows"": ""2097152"", ""segment_profile"": ""pairs"", ""shared_suffix"": ""64""}"
experiment-0,unstable-warps,Device=0 num_rows=32768 shared_suffix=0 segment_profile=tiny4,False,False,2,0.15876863986253736,1.9240647505939765,"{""num_rows"": ""32768"", ""segment_profile"": ""tiny4"", ""shared_suffix"": ""0""}"
experiment-0,unstable-warps,Device=0 num_rows=2097152 shared_suffix=0 segment_profile=tiny4,False,False,2,0.5812300789356231,0.7076472944649445,"{""num_rows"": ""2097152"", ""segment_profile"": ""tiny4"", ""shared_suffix"": ""0""}"
experiment-0,unstable-warps,Device=0 num_rows=32768 shared_suffix=64 segment_profile=tiny4,False,False,2,0.17060096055269236,2.069500208013886,"{""num_rows"": ""32768"", ""segment_profile"": ""tiny4"", ""shared_suffix"": ""64""}"
experiment-0,unstable-warps,Device=0 num_rows=2097152 shared_suffix=64 segment_profile=tiny4,False,False,2,0.9141209602355957,0.6095398837689124,"{""num_rows"": ""2097152"", ""segment_profile"": ""tiny4"", ""shared_suffix"": ""64""}"
experiment-0,unstable-warps,Device=0 num_rows=32768 shared_suffix=0 segment_profile=tiny8,False,False,2,0.16153279989957814,1.6009380753182563,"{""num_rows"": ""32768"", ""segment_profile"": ""tiny8"", ""shared_suffix"": ""0""}"
experiment-0,unstable-warps,Device=0 num_rows=2097152 shared_suffix=0 segment_profile=tiny8,False,False,2,0.593019518852234,0.7307474749474985,"{""num_rows"": ""2097152"", ""segment_profile"": ""tiny8"", ""shared_suffix"": ""0""}"
experiment-0,unstable-warps,Device=0 num_rows=32768 shared_suffix=64 segment_profile=tiny8,False,False,2,0.17965184032917025,1.6699924578311962,"{""num_rows"": ""32768"", ""segment_profile"": ""tiny8"", ""shared_suffix"": ""64""}"
experiment-0,unstable-warps,Device=0 num_rows=2097152 shared_suffix=64 segment_profile=tiny8,False,False,2,1.154880006313324,0.3956974888729099,"{""num_rows"": ""2097152"", ""segment_profile"": ""tiny8"", ""shared_suffix"": ""64""}"
experiment-0,unstable-warps,Device=0 num_rows=32768 shared_suffix=0 segment_profile=tiny16,False,False,2,0.16514496028423306,1.7604882404554674,"{""num_rows"": ""32768"", ""segment_profile"": ""tiny16"", ""shared_suffix"": ""0""}"
experiment-0,unstable-warps,Device=0 num_rows=2097152 shared_suffix=0 segment_profile=tiny16,False,False,2,0.6358361613750457,0.4657382033912509,"{""num_rows"": ""2097152"", ""segment_profile"": ""tiny16"", ""shared_suffix"": ""0""}"
experiment-0,unstable-warps,Device=0 num_rows=32768 shared_suffix=64 segment_profile=tiny16,False,False,2,0.1864889597892761,0.9855883884670649,"{""num_rows"": ""32768"", ""segment_profile"": ""tiny16"", ""shared_suffix"": ""64""}"
experiment-0,unstable-warps,Device=0 num_rows=2097152 shared_suffix=64 segment_profile=tiny16,False,False,2,1.3725081562995907,0.32081544568119424,"{""num_rows"": ""2097152"", ""segment_profile"": ""tiny16"", ""shared_suffix"": ""64""}"
experiment-0,unstable-warps,Device=0 num_rows=32768 shared_suffix=0 segment_profile=tiny32,False,False,2,0.16499519973993304,0.8051029006316472,"{""num_rows"": ""32768"", ""segment_profile"": ""tiny32"", ""shared_suffix"": ""0""}"
experiment-0,unstable-warps,Device=0 num_rows=2097152 shared_suffix=0 segment_profile=tiny32,False,False,2,0.6876358377933504,0.46976350051032584,"{""num_rows"": ""2097152"", ""segment_profile"": ""tiny32"", ""shared_suffix"": ""0""}"
experiment-0,unstable-warps,Device=0 num_rows=32768 shared_suffix=64 segment_profile=tiny32,False,False,2,0.19545280069112775,1.153816814123784,"{""num_rows"": ""32768"", ""segment_profile"": ""tiny32"", ""shared_suffix"": ""64""}"
experiment-0,unstable-warps,Device=0 num_rows=2097152 shared_suffix=64 segment_profile=tiny32,False,False,2,1.6625644826889039,0.23018249475976882,"{""num_rows"": ""2097152"", ""segment_profile"": ""tiny32"", ""shared_suffix"": ""64""}"
experiment-31,identity-null,Device=0 num_rows=2097152 profile=fixed_8 null_percent=100,False,False,1,0.008712319955229761,2.98559577323941,"{""null_percent"": ""100"", ""num_rows"": ""2097152"", ""profile"": ""fixed_8""}"
baseline,zero,Device=0 num_rows=32768 profile=zero_collision_pass1,False,False,4,0.21902208060026168,0.7902813080395161,"{""num_rows"": ""32768"", ""profile"": ""zero_collision_pass1""}"
baseline,zero,Device=0 num_rows=32768 profile=zero_collision_pass2,False,False,4,0.2970918399095537,1.0046392249026501,"{""num_rows"": ""32768"", ""profile"": ""zero_collision_pass2""}"
experiment-0,stable-warps,Device=0 num_rows=32768 shared_suffix=0 segment_profile=pairs,True,False,2,0.15486656010150912,2.781497829778267,"{""num_rows"": ""32768"", ""segment_profile"": ""pairs"", ""shared_suffix"": ""0""}"
experiment-0,stable-warps,Device=0 num_rows=2097152 shared_suffix=0 segment_profile=pairs,True,False,2,0.6590054392814636,0.9605802065602594,"{""num_rows"": ""2097152"", ""segment_profile"": ""pairs"", ""shared_suffix"": ""0""}"
experiment-0,stable-warps,Device=0 num_rows=32768 shared_suffix=64 segment_profile=pairs,True,False,2,0.15997951924800877,0.7299550609282061,"{""num_rows"": ""32768"", ""segment_profile"": ""pairs"", ""shared_suffix"": ""64""}"
experiment-0,stable-warps,Device=0 num_rows=2097152 shared_suffix=64 segment_profile=pairs,True,False,2,0.8646694409847259,0.6388833246541913,"{""num_rows"": ""2097152"", ""segment_profile"": ""pairs"", ""shared_suffix"": ""64""}"
experiment-0,stable-warps,Device=0 num_rows=32768 shared_suffix=0 segment_profile=tiny4,True,False,2,0.15791424036026,0.6116860844689728,"{""num_rows"": ""32768"", ""segment_profile"": ""tiny4"", ""shared_suffix"": ""0""}"
experiment-0,stable-warps,Device=0 num_rows=2097152 shared_suffix=0 segment_profile=tiny4,True,False,2,0.6242099225521087,0.8255797425770315,"{""num_rows"": ""2097152"", ""segment_profile"": ""tiny4"", ""shared_suffix"": ""0""}"
experiment-0,stable-warps,Device=0 num_rows=32768 shared_suffix=64 segment_profile=tiny4,True,False,2,0.17342144012451174,1.243952047211344,"{""num_rows"": ""32768"", ""segment_profile"": ""tiny4"", ""shared_suffix"": ""64""}"
experiment-0,stable-warps,Device=0 num_rows=2097152 shared_suffix=64 segment_profile=tiny4,True,False,2,1.0659116864204403,0.414324181491989,"{""num_rows"": ""2097152"", ""segment_profile"": ""tiny4"", ""shared_suffix"": ""64""}"
experiment-0,stable-warps,Device=0 num_rows=32768 shared_suffix=0 segment_profile=tiny8,True,False,2,0.16702015936374662,1.0010569900964397,"{""num_rows"": ""32768"", ""segment_profile"": ""tiny8"", ""shared_suffix"": ""0""}"
experiment-0,stable-warps,Device=0 num_rows=2097152 shared_suffix=0 segment_profile=tiny8,True,False,2,0.7079827201366428,0.5248581541426633,"{""num_rows"": ""2097152"", ""segment_profile"": ""tiny8"", ""shared_suffix"": ""0""}"
experiment-0,stable-warps,Device=0 num_rows=32768 shared_suffix=64 segment_profile=tiny8,True,False,2,0.1925011202692986,0.8167609741015045,"{""num_rows"": ""32768"", ""segment_profile"": ""tiny8"", ""shared_suffix"": ""64""}"
experiment-0,stable-warps,Device=0 num_rows=2097152 shared_suffix=64 segment_profile=tiny8,True,False,2,1.505932161808014,0.28220911412934224,"{""num_rows"": ""2097152"", ""segment_profile"": ""tiny8"", ""shared_suffix"": ""64""}"
experiment-0,stable-warps,Device=0 num_rows=32768 shared_suffix=0 segment_profile=tiny16,True,False,2,0.1724319994449615,1.2879626912668078,"{""num_rows"": ""32768"", ""segment_profile"": ""tiny16"", ""shared_suffix"": ""0""}"
experiment-0,stable-warps,Device=0 num_rows=2097152 shared_suffix=0 segment_profile=tiny16,True,False,2,0.805244163274765,0.448744535550434,"{""num_rows"": ""2097152"", ""segment_profile"": ""tiny16"", ""shared_suffix"": ""0""}"
experiment-0,stable-warps,Device=0 num_rows=32768 shared_suffix=64 segment_profile=tiny16,True,False,2,0.20973631918430333,5.230436818364651,"{""num_rows"": ""32768"", ""segment_profile"": ""tiny16"", ""shared_suffix"": ""64""}"
experiment-0,stable-warps,Device=0 num_rows=2097152 shared_suffix=64 segment_profile=tiny16,True,False,2,1.9872742366790768,0.2885071774607761,"{""num_rows"": ""2097152"", ""segment_profile"": ""tiny16"", ""shared_suffix"": ""64""}"
experiment-0,stable-warps,Device=0 num_rows=32768 shared_suffix=0 segment_profile=tiny32,True,False,2,0.17457023978233344,2.129192747168468,"{""num_rows"": ""32768"", ""segment_profile"": ""tiny32"", ""shared_suffix"": ""0""}"
experiment-0,stable-warps,Device=0 num_rows=2097152 shared_suffix=0 segment_profile=tiny32,True,False,2,0.9325516808032991,0.2800833898960151,"{""num_rows"": ""2097152"", ""segment_profile"": ""tiny32"", ""shared_suffix"": ""0""}"
experiment-0,stable-warps,Device=0 num_rows=32768 shared_suffix=64 segment_profile=tiny32,True,False,2,0.22404992073774344,1.9690199697089577,"{""num_rows"": ""32768"", ""segment_profile"": ""tiny32"", ""shared_suffix"": ""64""}"
experiment-0,stable-warps,Device=0 num_rows=2097152 shared_suffix=64 segment_profile=tiny32,True,False,2,2.5311724662780763,1.7755373504209322,"{""num_rows"": ""2097152"", ""segment_profile"": ""tiny32"", ""shared_suffix"": ""64""}"
experiment-3,prefix-targets,Device=0 num_rows=262144 prefix_width=8 suffix_width=32 prefix_cardinality=1,False,False,1,0.5718886411190034,0.4110161047561453,"{""num_rows"": ""262144"", ""prefix_cardinality"": ""1"", ""prefix_width"": ""8"", ""suffix_width"": ""32""}"
experiment-3,prefix-targets,Device=0 num_rows=2097152 prefix_width=8 suffix_width=32 prefix_cardinality=1,False,False,1,4.157161569595337,0.3877766315285075,"{""num_rows"": ""2097152"", ""prefix_cardinality"": ""1"", ""prefix_width"": ""8"", ""suffix_width"": ""32""}"
experiment-3,prefix-targets,Device=0 num_rows=262144 prefix_width=10 suffix_width=32 prefix_cardinality=1,False,False,1,0.6062649607658386,0.42840750973865155,"{""num_rows"": ""262144"", ""prefix_cardinality"": ""1"", ""prefix_width"": ""10"", ""suffix_width"": ""32""}"
experiment-3,prefix-targets,Device=0 num_rows=2097152 prefix_width=10 suffix_width=32 prefix_cardinality=1,False,False,1,4.382014722824096,0.3861149414065238,"{""num_rows"": ""2097152"", ""prefix_cardinality"": ""1"", ""prefix_width"": ""10"", ""suffix_width"": ""32""}"
experiment-3,prefix-targets,Device=0 num_rows=262144 prefix_width=11 suffix_width=32 prefix_cardinality=1,False,False,1,0.613735045194626,0.4153582132581267,"{""num_rows"": ""262144"", ""prefix_cardinality"": ""1"", ""prefix_width"": ""11"", ""suffix_width"": ""32""}"
experiment-3,prefix-targets,Device=0 num_rows=2097152 prefix_width=11 suffix_width=32 prefix_cardinality=1,False,False,1,4.438465900421142,0.24888759322416495,"{""num_rows"": ""2097152"", ""prefix_cardinality"": ""1"", ""prefix_width"": ""11"", ""suffix_width"": ""32""}"
experiment-3,prefix-targets,Device=0 num_rows=262144 prefix_width=12 suffix_width=32 prefix_cardinality=1,False,False,1,0.6245324778556824,0.2831978404816764,"{""num_rows"": ""262144"", ""prefix_cardinality"": ""1"", ""prefix_width"": ""12"", ""suffix_width"": ""32""}"
experiment-3,prefix-targets,Device=0 num_rows=2097152 prefix_width=12 suffix_width=32 prefix_cardinality=1,False,False,1,4.50038782119751,0.24169190943219696,"{""num_rows"": ""2097152"", ""prefix_cardinality"": ""1"", ""prefix_width"": ""12"", ""suffix_width"": ""32""}"
experiment-0,zero,Device=0 num_rows=32768 profile=zero_collision_pass1,False,False,2,0.22088576018810271,1.3206004061422016,"{""num_rows"": ""32768"", ""profile"": ""zero_collision_pass1""}"
experiment-0,zero,Device=0 num_rows=32768 profile=zero_collision_pass2,False,False,2,0.29843904256820686,0.8798241350631866,"{""num_rows"": ""32768"", ""profile"": ""zero_collision_pass2""}"
experiment-0,zero,Device=0 num_rows=32768 profile=zero_collision_pass1,False,False,0,0.2203500798344612,1.2474749846101314,"{""num_rows"": ""32768"", ""profile"": ""zero_collision_pass1""}"
experiment-0,zero,Device=0 num_rows=32768 profile=zero_collision_pass2,False,False,0,0.29806016027927407,1.093031100267378,"{""num_rows"": ""32768"", ""profile"": ""zero_collision_pass2""}"
experiment-31,prefix-targets,Device=0 num_rows=262144 prefix_width=8 suffix_width=32 prefix_cardinality=1,False,False,0,0.5750387239456176,1.7132022378020493,"{""num_rows"": ""262144"", ""prefix_cardinality"": ""1"", ""prefix_width"": ""8"", ""suffix_width"": ""32""}"
experiment-31,prefix-targets,Device=0 num_rows=2097152 prefix_width=8 suffix_width=32 prefix_cardinality=1,False,False,0,4.165217914581298,0.32071591472184763,"{""num_rows"": ""2097152"", ""prefix_cardinality"": ""1"", ""prefix_width"": ""8"", ""suffix_width"": ""32""}"
experiment-31,prefix-targets,Device=0 num_rows=262144 prefix_width=10 suffix_width=32 prefix_cardinality=1,False,False,0,0.6104518389701844,0.5906133272615164,"{""num_rows"": ""262144"", ""prefix_cardinality"": ""1"", ""prefix_width"": ""10"", ""suffix_width"": ""32""}"
experiment-31,prefix-targets,Device=0 num_rows=2097152 prefix_width=10 suffix_width=32 prefix_cardinality=1,False,False,0,4.3894291019439695,0.47076588806772385,"{""num_rows"": ""2097152"", ""prefix_cardinality"": ""1"", ""prefix_width"": ""10"", ""suffix_width"": ""32""}"
experiment-31,prefix-targets,Device=0 num_rows=262144 prefix_width=11 suffix_width=32 prefix_cardinality=1,False,False,0,0.6178764772415161,0.6938216244797457,"{""num_rows"": ""262144"", ""prefix_cardinality"": ""1"", ""prefix_width"": ""11"", ""suffix_width"": ""32""}"
experiment-31,prefix-targets,Device=0 num_rows=2097152 prefix_width=11 suffix_width=32 prefix_cardinality=1,False,False,0,4.446433238983153,0.30030799038647554,"{""num_rows"": ""2097152"", ""prefix_cardinality"": ""1"", ""prefix_width"": ""11"", ""suffix_width"": ""32""}"
experiment-31,prefix-targets,Device=0 num_rows=262144 prefix_width=12 suffix_width=32 prefix_cardinality=1,False,False,0,0.6289452826976777,0.6576422411024041,"{""num_rows"": ""262144"", ""prefix_cardinality"": ""1"", ""prefix_width"": ""12"", ""suffix_width"": ""32""}"
experiment-31,prefix-targets,Device=0 num_rows=2097152 prefix_width=12 suffix_width=32 prefix_cardinality=1,False,False,0,4.503876495361328,0.23248629725871822,"{""num_rows"": ""2097152"", ""prefix_cardinality"": ""1"", ""prefix_width"": ""12"", ""suffix_width"": ""32""}"
experiment-31,stable-warps,Device=0 num_rows=32768 shared_suffix=0 segment_profile=pairs,True,False,1,0.15798656016588203,1.7228824595072738,"{""num_rows"": ""32768"", ""segment_profile"": ""pairs"", ""shared_suffix"": ""0""}"
experiment-31,stable-warps,Device=0 num_rows=2097152 shared_suffix=0 segment_profile=pairs,True,False,1,0.6495699167251586,1.0902436475195858,"{""num_rows"": ""2097152"", ""segment_profile"": ""pairs"", ""shared_suffix"": ""0""}"
experiment-31,stable-warps,Device=0 num_rows=32768 shared_suffix=64 segment_profile=pairs,True,False,1,0.16518015921115875,27.6739911493311,"{""num_rows"": ""32768"", ""segment_profile"": ""pairs"", ""shared_suffix"": ""64""}"
experiment-31,stable-warps,Device=0 num_rows=2097152 shared_suffix=64 segment_profile=pairs,True,False,1,0.8198508763313294,0.7846543977214607,"{""num_rows"": ""2097152"", ""segment_profile"": ""pairs"", ""shared_suffix"": ""64""}"
experiment-31,stable-warps,Device=0 num_rows=32768 shared_suffix=0 segment_profile=tiny4,True,False,1,0.1561286398768425,0.901406885052645,"{""num_rows"": ""32768"", ""segment_profile"": ""tiny4"", ""shared_suffix"": ""0""}"
experiment-31,stable-warps,Device=0 num_rows=2097152 shared_suffix=0 segment_profile=tiny4,True,False,1,0.5760908794403078,0.9476439697897373,"{""num_rows"": ""2097152"", ""segment_profile"": ""tiny4"", ""shared_suffix"": ""0""}"
experiment-31,stable-warps,Device=0 num_rows=32768 shared_suffix=64 segment_profile=tiny4,True,False,1,0.16696640044450767,0.9914898204105547,"{""num_rows"": ""32768"", ""segment_profile"": ""tiny4"", ""shared_suffix"": ""64""}"
experiment-31,stable-warps,Device=0 num_rows=2097152 shared_suffix=64 segment_profile=tiny4,True,False,1,0.906812802553177,0.4282683022134515,"{""num_rows"": ""2097152"", ""segment_profile"": ""tiny4"", ""shared_suffix"": ""64""}"
experiment-31,stable-warps,Device=0 num_rows=32768 shared_suffix=0 segment_profile=tiny8,True,False,1,0.15775679945945742,1.6049785792502496,"{""num_rows"": ""32768"", ""segment_profile"": ""tiny8"", ""shared_suffix"": ""0""}"
experiment-31,stable-warps,Device=0 num_rows=2097152 shared_suffix=0 segment_profile=tiny8,True,False,1,0.5777420818805695,0.7821278600299588,"{""num_rows"": ""2097152"", ""segment_profile"": ""tiny8"", ""shared_suffix"": ""0""}"
experiment-31,stable-warps,Device=0 num_rows=32768 shared_suffix=64 segment_profile=tiny8,True,False,1,0.1760908803343773,0.9393396103494316,"{""num_rows"": ""32768"", ""segment_profile"": ""tiny8"", ""shared_suffix"": ""64""}"
experiment-31,stable-warps,Device=0 num_rows=2097152 shared_suffix=64 segment_profile=tiny8,True,False,1,1.1352467203140257,0.4321362802520147,"{""num_rows"": ""2097152"", ""segment_profile"": ""tiny8"", ""shared_suffix"": ""64""}"
experiment-31,stable-warps,Device=0 num_rows=32768 shared_suffix=0 segment_profile=tiny16,True,False,1,0.16041472107172017,1.2904761113031973,"{""num_rows"": ""32768"", ""segment_profile"": ""tiny16"", ""shared_suffix"": ""0""}"
experiment-31,stable-warps,Device=0 num_rows=2097152 shared_suffix=0 segment_profile=tiny16,True,False,1,0.605757439136505,0.44795368433340305,"{""num_rows"": ""2097152"", ""segment_profile"": ""tiny16"", ""shared_suffix"": ""0""}"
experiment-31,stable-warps,Device=0 num_rows=32768 shared_suffix=64 segment_profile=tiny16,True,False,1,0.1844384002685547,2.9387257372404973,"{""num_rows"": ""32768"", ""segment_profile"": ""tiny16"", ""shared_suffix"": ""64""}"
experiment-31,stable-warps,Device=0 num_rows=2097152 shared_suffix=64 segment_profile=tiny16,True,False,1,1.3469868850708007,0.4133884236353059,"{""num_rows"": ""2097152"", ""segment_profile"": ""tiny16"", ""shared_suffix"": ""64""}"
experiment-31,stable-warps,Device=0 num_rows=32768 shared_suffix=0 segment_profile=tiny32,True,False,1,0.1616985610127449,2.0150266970024617,"{""num_rows"": ""32768"", ""segment_profile"": ""tiny32"", ""shared_suffix"": ""0""}"
experiment-31,stable-warps,Device=0 num_rows=2097152 shared_suffix=0 segment_profile=tiny32,True,False,1,0.6575776016712188,0.4805469680091379,"{""num_rows"": ""2097152"", ""segment_profile"": ""tiny32"", ""shared_suffix"": ""0""}"
experiment-31,stable-warps,Device=0 num_rows=32768 shared_suffix=64 segment_profile=tiny32,True,False,1,0.19305728077888487,1.5814327444729837,"{""num_rows"": ""32768"", ""segment_profile"": ""tiny32"", ""shared_suffix"": ""64""}"
experiment-31,stable-warps,Device=0 num_rows=2097152 shared_suffix=64 segment_profile=tiny32,True,False,1,1.6391526412963864,0.2707720435392585,"{""num_rows"": ""2097152"", ""segment_profile"": ""tiny32"", ""shared_suffix"": ""64""}"
baseline,identity-constant,Device=0 num_rows=2097152 profile=cardinality_1_width_32,False,False,4,0.008634880054742099,2.5950592034365267,"{""num_rows"": ""2097152"", ""profile"": ""cardinality_1_width_32""}"
experiment-1,stable-warps-desc,Device=0 num_rows=32768 shared_suffix=0 segment_profile=pairs,True,True,4,0.1579462397098541,2.00382124573426,"{""num_rows"": ""32768"", ""segment_profile"": ""pairs"", ""shared_suffix"": ""0""}"
experiment-1,stable-warps-desc,Device=0 num_rows=2097152 shared_suffix=0 segment_profile=pairs,True,True,4,0.6581190419197084,1.1499094955624949,"{""num_rows"": ""2097152"", ""segment_profile"": ""pairs"", ""shared_suffix"": ""0""}"
experiment-1,stable-warps-desc,Device=0 num_rows=32768 shared_suffix=64 segment_profile=pairs,True,True,4,0.16129023998975747,1.0847840909343307,"{""num_rows"": ""32768"", ""segment_profile"": ""pairs"", ""shared_suffix"": ""64""}"
experiment-1,stable-warps-desc,Device=0 num_rows=2097152 shared_suffix=64 segment_profile=pairs,True,True,4,0.8637510418891905,0.8359702587259982,"{""num_rows"": ""2097152"", ""segment_profile"": ""pairs"", ""shared_suffix"": ""64""}"
experiment-1,stable-warps-desc,Device=0 num_rows=32768 shared_suffix=0 segment_profile=tiny4,True,True,4,0.16022783994674686,10.5990161332698,"{""num_rows"": ""32768"", ""segment_profile"": ""tiny4"", ""shared_suffix"": ""0""}"
experiment-1,stable-warps-desc,Device=0 num_rows=2097152 shared_suffix=0 segment_profile=tiny4,True,True,4,0.6161919963359834,0.776005638029267,"{""num_rows"": ""2097152"", ""segment_profile"": ""tiny4"", ""shared_suffix"": ""0""}"
experiment-1,stable-warps-desc,Device=0 num_rows=32768 shared_suffix=64 segment_profile=tiny4,True,True,4,0.17391424030065536,0.8156538776824638,"{""num_rows"": ""32768"", ""segment_profile"": ""tiny4"", ""shared_suffix"": ""64""}"
experiment-1,stable-warps-desc,Device=0 num_rows=2097152 shared_suffix=64 segment_profile=tiny4,True,True,4,1.058163833618164,0.40966700906979686,"{""num_rows"": ""2097152"", ""segment_profile"": ""tiny4"", ""shared_suffix"": ""64""}"
experiment-1,stable-warps-desc,Device=0 num_rows=32768 shared_suffix=0 segment_profile=tiny8,True,True,4,0.166111359000206,0.8277467501091457,"{""num_rows"": ""32768"", ""segment_profile"": ""tiny8"", ""shared_suffix"": ""0""}"
experiment-1,stable-warps-desc,Device=0 num_rows=2097152 shared_suffix=0 segment_profile=tiny8,True,True,4,0.7000403213500979,0.6164007873390644,"{""num_rows"": ""2097152"", ""segment_profile"": ""tiny8"", ""shared_suffix"": ""0""}"
experiment-1,stable-warps-desc,Device=0 num_rows=32768 shared_suffix=64 segment_profile=tiny8,True,True,4,0.19265471994876865,2.8489277798634802,"{""num_rows"": ""32768"", ""segment_profile"": ""tiny8"", ""shared_suffix"": ""64""}"
experiment-1,stable-warps-desc,Device=0 num_rows=2097152 shared_suffix=64 segment_profile=tiny8,True,True,4,1.4867673563957216,0.26289781156779224,"{""num_rows"": ""2097152"", ""segment_profile"": ""tiny8"", ""shared_suffix"": ""64""}"
experiment-1,stable-warps-desc,Device=0 num_rows=32768 shared_suffix=0 segment_profile=tiny16,True,True,4,0.1717888003587722,0.8737657673125353,"{""num_rows"": ""32768"", ""segment_profile"": ""tiny16"", ""shared_suffix"": ""0""}"
experiment-1,stable-warps-desc,Device=0 num_rows=2097152 shared_suffix=0 segment_profile=tiny16,True,True,4,0.7798003220558166,0.39406329370936766,"{""num_rows"": ""2097152"", ""segment_profile"": ""tiny16"", ""shared_suffix"": ""0""}"
experiment-1,stable-warps-desc,Device=0 num_rows=32768 shared_suffix=64 segment_profile=tiny16,True,True,4,0.2074681594967843,1.084569419848789,"{""num_rows"": ""32768"", ""segment_profile"": ""tiny16"", ""shared_suffix"": ""64""}"
experiment-1,stable-warps-desc,Device=0 num_rows=2097152 shared_suffix=64 segment_profile=tiny16,True,True,4,1.9801875185966487,1.4303407884359793,"{""num_rows"": ""2097152"", ""segment_profile"": ""tiny16"", ""shared_suffix"": ""64""}"
experiment-1,stable-warps-desc,Device=0 num_rows=32768 shared_suffix=0 segment_profile=tiny32,True,True,4,0.18356160014867778,31.46827579586578,"{""num_rows"": ""32768"", ""segment_profile"": ""tiny32"", ""shared_suffix"": ""0""}"
experiment-1,stable-warps-desc,Device=0 num_rows=2097152 shared_suffix=0 segment_profile=tiny32,True,True,4,0.9019744026660919,0.3507784438320284,"{""num_rows"": ""2097152"", ""segment_profile"": ""tiny32"", ""shared_suffix"": ""0""}"
experiment-1,stable-warps-desc,Device=0 num_rows=32768 shared_suffix=64 segment_profile=tiny32,True,True,4,0.22596992045640946,5.1917824185980574,"{""num_rows"": ""32768"", ""segment_profile"": ""tiny32"", ""shared_suffix"": ""64""}"
experiment-1,stable-warps-desc,Device=0 num_rows=2097152 shared_suffix=64 segment_profile=tiny32,True,True,4,2.514238729476929,0.3239318005459041,"{""num_rows"": ""2097152"", ""segment_profile"": ""tiny32"", ""shared_suffix"": ""64""}"
experiment-31,prefix-targets,Device=0 num_rows=262144 prefix_width=8 suffix_width=32 prefix_cardinality=1,False,False,4,0.573658881187439,0.34748483162802984,"{""num_rows"": ""262144"", ""prefix_cardinality"": ""1"", ""prefix_width"": ""8"", ""suffix_width"": ""32""}"
experiment-31,prefix-targets,Device=0 num_rows=2097152 prefix_width=8 suffix_width=32 prefix_cardinality=1,False,False,4,4.160555543899536,0.3751634595097911,"{""num_rows"": ""2097152"", ""prefix_cardinality"": ""1"", ""prefix_width"": ""8"", ""suffix_width"": ""32""}"
experiment-31,prefix-targets,Device=0 num_rows=262144 prefix_width=10 suffix_width=32 prefix_cardinality=1,False,False,4,0.6107724821567536,0.8484758158276989,"{""num_rows"": ""262144"", ""prefix_cardinality"": ""1"", ""prefix_width"": ""10"", ""suffix_width"": ""32""}"
experiment-31,prefix-targets,Device=0 num_rows=2097152 prefix_width=10 suffix_width=32 prefix_cardinality=1,False,False,4,4.38589246749878,0.3622456909126323,"{""num_rows"": ""2097152"", ""prefix_cardinality"": ""1"", ""prefix_width"": ""10"", ""suffix_width"": ""32""}"
experiment-31,prefix-targets,Device=0 num_rows=262144 prefix_width=11 suffix_width=32 prefix_cardinality=1,False,False,4,0.6191295981407163,0.619928487733729,"{""num_rows"": ""262144"", ""prefix_cardinality"": ""1"", ""prefix_width"": ""11"", ""suffix_width"": ""32""}"
experiment-31,prefix-targets,Device=0 num_rows=2097152 prefix_width=11 suffix_width=32 prefix_cardinality=1,False,False,4,4.44944704055786,0.2658616712786356,"{""num_rows"": ""2097152"", ""prefix_cardinality"": ""1"", ""prefix_width"": ""11"", ""suffix_width"": ""32""}"
experiment-31,prefix-targets,Device=0 num_rows=262144 prefix_width=12 suffix_width=32 prefix_cardinality=1,False,False,4,0.627926403284073,0.5801820754385665,"{""num_rows"": ""262144"", ""prefix_cardinality"": ""1"", ""prefix_width"": ""12"", ""suffix_width"": ""32""}"
experiment-31,prefix-targets,Device=0 num_rows=2097152 prefix_width=12 suffix_width=32 prefix_cardinality=1,False,False,4,4.505475206375123,0.2656821004028902,"{""num_rows"": ""2097152"", ""prefix_cardinality"": ""1"", ""prefix_width"": ""12"", ""suffix_width"": ""32""}"
baseline,active-fractions,Device=0 num_rows=262144 profile=active_10,False,False,4,0.3023078399896621,0.5658241013167542,"{""num_rows"": ""262144"", ""profile"": ""active_10""}"
baseline,active-fractions,Device=0 num_rows=2097152 profile=active_10,False,False,4,0.5491795158386229,0.5814026154935448,"{""num_rows"": ""2097152"", ""profile"": ""active_10""}"
baseline,active-fractions,Device=0 num_rows=262144 profile=active_50,False,False,4,0.33877312064170845,0.6387519864491038,"{""num_rows"": ""262144"", ""profile"": ""active_50""}"
baseline,active-fractions,Device=0 num_rows=2097152 profile=active_50,False,False,4,0.8897222375869751,0.4569433077952426,"{""num_rows"": ""2097152"", ""profile"": ""active_50""}"
experiment-3,identity-null,Device=0 num_rows=2097152 profile=fixed_8 null_percent=100,False,False,2,0.00853567996993661,3.2786238072907086,"{""null_percent"": ""100"", ""num_rows"": ""2097152"", ""profile"": ""fixed_8""}"
experiment-1,stable-warps-desc,Device=0 num_rows=32768 shared_suffix=0 segment_profile=pairs,True,True,1,0.15794944047927853,2.1312226640698873,"{""num_rows"": ""32768"", ""segment_profile"": ""pairs"", ""shared_suffix"": ""0""}"
experiment-1,stable-warps-desc,Device=0 num_rows=2097152 shared_suffix=0 segment_profile=pairs,True,True,1,0.7521062445640565,86.78265899880189,"{""num_rows"": ""2097152"", ""segment_profile"": ""pairs"", ""shared_suffix"": ""0""}"
experiment-1,stable-warps-desc,Device=0 num_rows=32768 shared_suffix=64 segment_profile=pairs,True,True,1,0.159969280064106,0.9957080208986511,"{""num_rows"": ""32768"", ""segment_profile"": ""pairs"", ""shared_suffix"": ""64""}"
experiment-1,stable-warps-desc,Device=0 num_rows=2097152 shared_suffix=64 segment_profile=pairs,True,True,1,0.8636383998394014,0.7879510496304196,"{""num_rows"": ""2097152"", ""segment_profile"": ""pairs"", ""shared_suffix"": ""64""}"
experiment-1,stable-warps-desc,Device=0 num_rows=32768 shared_suffix=0 segment_profile=tiny4,True,True,1,0.1579411217570305,1.133341900246195,"{""num_rows"": ""32768"", ""segment_profile"": ""tiny4"", ""shared_suffix"": ""0""}"
experiment-1,stable-warps-desc,Device=0 num_rows=2097152 shared_suffix=0 segment_profile=tiny4,True,True,1,0.6182310390472413,0.906785711007858,"{""num_rows"": ""2097152"", ""segment_profile"": ""tiny4"", ""shared_suffix"": ""0""}"
experiment-1,stable-warps-desc,Device=0 num_rows=32768 shared_suffix=64 segment_profile=tiny4,True,True,1,0.17347135961055749,0.9482739623784668,"{""num_rows"": ""32768"", ""segment_profile"": ""tiny4"", ""shared_suffix"": ""64""}"
experiment-1,stable-warps-desc,Device=0 num_rows=2097152 shared_suffix=64 segment_profile=tiny4,True,True,1,1.057449595928192,0.5023257053836031,"{""num_rows"": ""2097152"", ""segment_profile"": ""tiny4"", ""shared_suffix"": ""64""}"
experiment-1,stable-warps-desc,Device=0 num_rows=32768 shared_suffix=0 segment_profile=tiny8,True,True,1,0.16645247995853418,2.1308621108755155,"{""num_rows"": ""32768"", ""segment_profile"": ""tiny8"", ""shared_suffix"": ""0""}"
experiment-1,stable-warps-desc,Device=0 num_rows=2097152 shared_suffix=0 segment_profile=tiny8,True,True,1,0.7072345590591432,5.263306835929246,"{""num_rows"": ""2097152"", ""segment_profile"": ""tiny8"", ""shared_suffix"": ""0""}"
experiment-1,stable-warps-desc,Device=0 num_rows=32768 shared_suffix=64 segment_profile=tiny8,True,True,1,0.1913177606463433,1.0249928968112498,"{""num_rows"": ""32768"", ""segment_profile"": ""tiny8"", ""shared_suffix"": ""64""}"
experiment-1,stable-warps-desc,Device=0 num_rows=2097152 shared_suffix=64 segment_profile=tiny8,True,True,1,1.4869260764122008,0.269692551906494,"{""num_rows"": ""2097152"", ""segment_profile"": ""tiny8"", ""shared_suffix"": ""64""}"
experiment-1,stable-warps-desc,Device=0 num_rows=32768 shared_suffix=0 segment_profile=tiny16,True,True,1,0.17269952028989793,7.033556320101858,"{""num_rows"": ""32768"", ""segment_profile"": ""tiny16"", ""shared_suffix"": ""0""}"
experiment-1,stable-warps-desc,Device=0 num_rows=2097152 shared_suffix=0 segment_profile=tiny16,True,True,1,0.7812934398651123,0.4625070575332375,"{""num_rows"": ""2097152"", ""segment_profile"": ""tiny16"", ""shared_suffix"": ""0""}"
experiment-1,stable-warps-desc,Device=0 num_rows=32768 shared_suffix=64 segment_profile=tiny16,True,True,1,0.20741120040416722,0.965404846645833,"{""num_rows"": ""32768"", ""segment_profile"": ""tiny16"", ""shared_suffix"": ""64""}"
experiment-1,stable-warps-desc,Device=0 num_rows=2097152 shared_suffix=64 segment_profile=tiny16,True,True,1,1.976873602867126,0.27584216145859486,"{""num_rows"": ""2097152"", ""segment_profile"": ""tiny16"", ""shared_suffix"": ""64""}"
experiment-1,stable-warps-desc,Device=0 num_rows=32768 shared_suffix=0 segment_profile=tiny32,True,True,1,0.1754016003012657,0.9737054359930765,"{""num_rows"": ""32768"", ""segment_profile"": ""tiny32"", ""shared_suffix"": ""0""}"
experiment-1,stable-warps-desc,Device=0 num_rows=2097152 shared_suffix=0 segment_profile=tiny32,True,True,1,0.903144317865372,0.3602507811524763,"{""num_rows"": ""2097152"", ""segment_profile"": ""tiny32"", ""shared_suffix"": ""0""}"
experiment-1,stable-warps-desc,Device=0 num_rows=32768 shared_suffix=64 segment_profile=tiny32,True,True,1,0.22371392011642463,1.7512257199687888,"{""num_rows"": ""32768"", ""segment_profile"": ""tiny32"", ""shared_suffix"": ""64""}"
experiment-1,stable-warps-desc,Device=0 num_rows=2097152 shared_suffix=64 segment_profile=tiny32,True,True,1,2.5158521461486814,0.6085038206344796,"{""num_rows"": ""2097152"", ""segment_profile"": ""tiny32"", ""shared_suffix"": ""64""}"
