config,group,state,stable,descending,rounds,ratio,ratio_ci_low,ratio_ci_high,accepted,axes
experiment-31,unstable-warps,Device=0 num_rows=32768 shared_suffix=0 segment_profile=singletons,False,False,5,0.9998675188833512,0.98284556316554,1.011556814609719,True,"{""num_rows"": ""32768"", ""segment_profile"": ""singletons"", ""shared_suffix"": ""0""}"
experiment-31,unstable-warps,Device=0 num_rows=2097152 shared_suffix=0 segment_profile=singletons,False,False,5,0.9864911156020163,0.7910298225083117,1.050650970023544,True,"{""num_rows"": ""2097152"", ""segment_profile"": ""singletons"", ""shared_suffix"": ""0""}"
experiment-31,unstable-warps,Device=0 num_rows=32768 shared_suffix=64 segment_profile=singletons,False,False,5,0.9725565217628371,0.9603826504637033,1.0161432404708548,True,"{""num_rows"": ""32768"", ""segment_profile"": ""singletons"", ""shared_suffix"": ""64""}"
experiment-31,unstable-warps,Device=0 num_rows=2097152 shared_suffix=64 segment_profile=singletons,False,False,5,0.995668688511516,0.9900439779490636,1.0040612888648834,True,"{""num_rows"": ""2097152"", ""segment_profile"": ""singletons"", ""shared_suffix"": ""64""}"
experiment-31,unstable-warps,Device=0 num_rows=32768 shared_suffix=0 segment_profile=pairs,False,False,5,0.9883119844666377,0.975965200148986,1.0097997700717687,True,"{""num_rows"": ""32768"", ""segment_profile"": ""pairs"", ""shared_suffix"": ""0""}"
experiment-31,unstable-warps,Device=0 num_rows=2097152 shared_suffix=0 segment_profile=pairs,False,False,5,1.003679924937247,0.9954362790551822,1.014448427768333,True,"{""num_rows"": ""2097152"", ""segment_profile"": ""pairs"", ""shared_suffix"": ""0""}"
experiment-31,unstable-warps,Device=0 num_rows=32768 shared_suffix=64 segment_profile=pairs,False,False,5,0.9836400930843753,0.9673670261549963,1.0193748395240374,True,"{""num_rows"": ""32768"", ""segment_profile"": ""pairs"", ""shared_suffix"": ""64""}"
experiment-31,unstable-warps,Device=0 num_rows=2097152 shared_suffix=64 segment_profile=pairs,False,False,5,1.0010017377660203,0.9977143151868476,1.006912875061152,True,"{""num_rows"": ""2097152"", ""segment_profile"": ""pairs"", ""shared_suffix"": ""64""}"
experiment-31,unstable-warps,Device=0 num_rows=32768 shared_suffix=0 segment_profile=tiny4,False,False,5,0.9909884830821355,0.972429077719084,1.0146184684695385,True,"{""num_rows"": ""32768"", ""segment_profile"": ""tiny4"", ""shared_suffix"": ""0""}"
experiment-31,unstable-warps,Device=0 num_rows=2097152 shared_suffix=0 segment_profile=tiny4,False,False,5,0.9990976774330849,0.9931719649948041,1.0070207413722285,True,"{""num_rows"": ""2097152"", ""segment_profile"": ""tiny4"", ""shared_suffix"": ""0""}"
experiment-31,unstable-warps,Device=0 num_rows=32768 shared_suffix=64 segment_profile=tiny4,False,False,5,0.9859683869971609,0.9721040046106691,1.008962111012494,True,"{""num_rows"": ""32768"", ""segment_profile"": ""tiny4"", ""shared_suffix"": ""64""}"
experiment-31,unstable-warps,Device=0 num_rows=2097152 shared_suffix=64 segment_profile=tiny4,False,False,5,0.9999775842400462,0.9951546172940615,1.005267567090481,True,"{""num_rows"": ""2097152"", ""segment_profile"": ""tiny4"", ""shared_suffix"": ""64""}"
experiment-31,unstable-warps,Device=0 num_rows=32768 shared_suffix=0 segment_profile=tiny8,False,False,5,0.9958321457201752,0.9575642012058845,1.0055356890153861,True,"{""num_rows"": ""32768"", ""segment_profile"": ""tiny8"", ""shared_suffix"": ""0""}"
experiment-31,unstable-warps,Device=0 num_rows=2097152 shared_suffix=0 segment_profile=tiny8,False,False,5,0.9900801610384472,0.9803837341467122,0.9971350382086153,True,"{""num_rows"": ""2097152"", ""segment_profile"": ""tiny8"", ""shared_suffix"": ""0""}"
experiment-31,unstable-warps,Device=0 num_rows=32768 shared_suffix=64 segment_profile=tiny8,False,False,5,0.9874204907624154,0.9752271722890564,1.0108810457726216,True,"{""num_rows"": ""32768"", ""segment_profile"": ""tiny8"", ""shared_suffix"": ""64""}"
experiment-31,unstable-warps,Device=0 num_rows=2097152 shared_suffix=64 segment_profile=tiny8,False,False,5,0.9933422399152464,0.9920667288225209,0.9952312292863985,True,"{""num_rows"": ""2097152"", ""segment_profile"": ""tiny8"", ""shared_suffix"": ""64""}"
experiment-31,unstable-warps,Device=0 num_rows=32768 shared_suffix=0 segment_profile=tiny16,False,False,5,0.9944651732602596,0.9769937424155228,1.0013605192839126,True,"{""num_rows"": ""32768"", ""segment_profile"": ""tiny16"", ""shared_suffix"": ""0""}"
experiment-31,unstable-warps,Device=0 num_rows=2097152 shared_suffix=0 segment_profile=tiny16,False,False,5,0.9826301539159993,0.976605541070835,0.9871259212401381,True,"{""num_rows"": ""2097152"", ""segment_profile"": ""tiny16"", ""shared_suffix"": ""0""}"
experiment-31,unstable-warps,Device=0 num_rows=32768 shared_suffix=64 segment_profile=tiny16,False,False,5,0.9894439509084882,0.9723679442669787,1.0072345658962332,True,"{""num_rows"": ""32768"", ""segment_profile"": ""tiny16"", ""shared_suffix"": ""64""}"
experiment-31,unstable-warps,Device=0 num_rows=2097152 shared_suffix=64 segment_profile=tiny16,False,False,5,0.9947371160761184,0.9918771331425142,0.9966345222577806,True,"{""num_rows"": ""2097152"", ""segment_profile"": ""tiny16"", ""shared_suffix"": ""64""}"
experiment-31,unstable-warps,Device=0 num_rows=32768 shared_suffix=0 segment_profile=tiny32,False,False,5,0.9956474877060804,0.8530349571433725,1.0722763960861428,True,"{""num_rows"": ""32768"", ""segment_profile"": ""tiny32"", ""shared_suffix"": ""0""}"
experiment-31,unstable-warps,Device=0 num_rows=2097152 shared_suffix=0 segment_profile=tiny32,False,False,5,0.9793984554105211,0.9773930116908104,0.9826284360701892,True,"{""num_rows"": ""2097152"", ""segment_profile"": ""tiny32"", ""shared_suffix"": ""0""}"
experiment-31,unstable-warps,Device=0 num_rows=32768 shared_suffix=64 segment_profile=tiny32,False,False,5,1.0026197930696072,0.990910916502235,1.009116536806248,True,"{""num_rows"": ""32768"", ""segment_profile"": ""tiny32"", ""shared_suffix"": ""64""}"
experiment-31,unstable-warps,Device=0 num_rows=2097152 shared_suffix=64 segment_profile=tiny32,False,False,5,0.9949493474419103,0.9935238704695304,0.9968240098124695,True,"{""num_rows"": ""2097152"", ""segment_profile"": ""tiny32"", ""shared_suffix"": ""64""}"
experiment-1,stable-warps,Device=0 num_rows=32768 shared_suffix=0 segment_profile=pairs,True,False,5,1.0015809378124494,0.9857426636475661,1.0179288948401535,True,"{""num_rows"": ""32768"", ""segment_profile"": ""pairs"", ""shared_suffix"": ""0""}"
experiment-1,stable-warps,Device=0 num_rows=2097152 shared_suffix=0 segment_profile=pairs,True,False,5,1.0007054981426484,0.9974660667622267,1.0094898119370048,True,"{""num_rows"": ""2097152"", ""segment_profile"": ""pairs"", ""shared_suffix"": ""0""}"
experiment-1,stable-warps,Device=0 num_rows=32768 shared_suffix=64 segment_profile=pairs,True,False,5,0.9754489211274777,0.9651366996054758,1.0255958844079631,True,"{""num_rows"": ""32768"", ""segment_profile"": ""pairs"", ""shared_suffix"": ""64""}"
experiment-1,stable-warps,Device=0 num_rows=2097152 shared_suffix=64 segment_profile=pairs,True,False,5,1.0014246451055875,0.9962026279489945,1.0094879785596906,True,"{""num_rows"": ""2097152"", ""segment_profile"": ""pairs"", ""shared_suffix"": ""64""}"
experiment-1,stable-warps,Device=0 num_rows=32768 shared_suffix=0 segment_profile=tiny4,True,False,5,0.9903873300367386,0.9662074933322399,1.0369839750181398,True,"{""num_rows"": ""32768"", ""segment_profile"": ""tiny4"", ""shared_suffix"": ""0""}"
experiment-1,stable-warps,Device=0 num_rows=2097152 shared_suffix=0 segment_profile=tiny4,True,False,5,0.9912970041674543,0.9877988630662558,1.001257816811829,True,"{""num_rows"": ""2097152"", ""segment_profile"": ""tiny4"", ""shared_suffix"": ""0""}"
experiment-1,stable-warps,Device=0 num_rows=32768 shared_suffix=64 segment_profile=tiny4,True,False,5,0.983443335413409,0.9708408631647205,1.0151819104151356,True,"{""num_rows"": ""32768"", ""segment_profile"": ""tiny4"", ""shared_suffix"": ""64""}"
experiment-1,stable-warps,Device=0 num_rows=2097152 shared_suffix=64 segment_profile=tiny4,True,False,5,0.9929919818395876,0.9900095307609862,0.999413630228592,True,"{""num_rows"": ""2097152"", ""segment_profile"": ""tiny4"", ""shared_suffix"": ""64""}"
experiment-1,stable-warps,Device=0 num_rows=32768 shared_suffix=0 segment_profile=tiny8,True,False,5,0.9859746047167878,0.9769476849706987,1.0080296191167197,True,"{""num_rows"": ""32768"", ""segment_profile"": ""tiny8"", ""shared_suffix"": ""0""}"
experiment-1,stable-warps,Device=0 num_rows=2097152 shared_suffix=0 segment_profile=tiny8,True,False,5,0.9844151383668622,0.9794025873266574,0.9962389442429854,True,"{""num_rows"": ""2097152"", ""segment_profile"": ""tiny8"", ""shared_suffix"": ""0""}"
experiment-1,stable-warps,Device=0 num_rows=32768 shared_suffix=64 segment_profile=tiny8,True,False,5,0.9997598324032394,0.9812537685689904,1.0208758719644935,True,"{""num_rows"": ""32768"", ""segment_profile"": ""tiny8"", ""shared_suffix"": ""64""}"
experiment-1,stable-warps,Device=0 num_rows=2097152 shared_suffix=64 segment_profile=tiny8,True,False,5,0.9856500594182598,0.9840612109619479,0.990725462339163,True,"{""num_rows"": ""2097152"", ""segment_profile"": ""tiny8"", ""shared_suffix"": ""64""}"
experiment-1,stable-warps,Device=0 num_rows=32768 shared_suffix=0 segment_profile=tiny16,True,False,5,0.9887570677902915,0.9787737776951824,1.0038936235423057,True,"{""num_rows"": ""32768"", ""segment_profile"": ""tiny16"", ""shared_suffix"": ""0""}"
experiment-1,stable-warps,Device=0 num_rows=2097152 shared_suffix=0 segment_profile=tiny16,True,False,5,0.9679387211656392,0.9651567701630799,0.9778389071773607,True,"{""num_rows"": ""2097152"", ""segment_profile"": ""tiny16"", ""shared_suffix"": ""0""}"
experiment-1,stable-warps,Device=0 num_rows=32768 shared_suffix=64 segment_profile=tiny16,True,False,5,0.9931502860375161,0.9750262015732719,1.011810109438676,True,"{""num_rows"": ""32768"", ""segment_profile"": ""tiny16"", ""shared_suffix"": ""64""}"
experiment-1,stable-warps,Device=0 num_rows=2097152 shared_suffix=64 segment_profile=tiny16,True,False,5,0.9943867136252096,0.9920884747067935,0.9977867630777698,True,"{""num_rows"": ""2097152"", ""segment_profile"": ""tiny16"", ""shared_suffix"": ""64""}"
experiment-1,stable-warps,Device=0 num_rows=32768 shared_suffix=0 segment_profile=tiny32,True,False,5,0.9888211907491472,0.9818427841289575,1.0032338672538135,True,"{""num_rows"": ""32768"", ""segment_profile"": ""tiny32"", ""shared_suffix"": ""0""}"
experiment-1,stable-warps,Device=0 num_rows=2097152 shared_suffix=0 segment_profile=tiny32,True,False,5,0.9648568638923342,0.9455326931121941,1.0116380688968547,True,"{""num_rows"": ""2097152"", ""segment_profile"": ""tiny32"", ""shared_suffix"": ""0""}"
experiment-1,stable-warps,Device=0 num_rows=32768 shared_suffix=64 segment_profile=tiny32,True,False,5,0.9950443850808426,0.9907181138390493,1.0069029547133364,True,"{""num_rows"": ""32768"", ""segment_profile"": ""tiny32"", ""shared_suffix"": ""64""}"
experiment-1,stable-warps,Device=0 num_rows=2097152 shared_suffix=64 segment_profile=tiny32,True,False,5,0.9948020158960765,0.9856101726302126,1.0006349444048015,True,"{""num_rows"": ""2097152"", ""segment_profile"": ""tiny32"", ""shared_suffix"": ""64""}"
experiment-15,stable-warps-desc,Device=0 num_rows=32768 shared_suffix=0 segment_profile=pairs,True,True,5,1.0031548777387072,0.9922185620095384,1.0113493786895744,True,"{""num_rows"": ""32768"", ""segment_profile"": ""pairs"", ""shared_suffix"": ""0""}"
experiment-15,stable-warps-desc,Device=0 num_rows=2097152 shared_suffix=0 segment_profile=pairs,True,True,5,0.9834795713623152,0.8927256101155309,1.0342964183013372,True,"{""num_rows"": ""2097152"", ""segment_profile"": ""pairs"", ""shared_suffix"": ""0""}"
experiment-15,stable-warps-desc,Device=0 num_rows=32768 shared_suffix=64 segment_profile=pairs,True,True,5,0.9787396902115318,0.9623488451307921,1.0109551886158064,True,"{""num_rows"": ""32768"", ""segment_profile"": ""pairs"", ""shared_suffix"": ""64""}"
experiment-15,stable-warps-desc,Device=0 num_rows=2097152 shared_suffix=64 segment_profile=pairs,True,True,5,0.9533524070451384,0.9476796574362825,0.9584555263280192,True,"{""num_rows"": ""2097152"", ""segment_profile"": ""pairs"", ""shared_suffix"": ""64""}"
experiment-15,stable-warps-desc,Device=0 num_rows=32768 shared_suffix=0 segment_profile=tiny4,True,True,5,0.9904309293565717,0.9761919213709987,1.0039853937536833,True,"{""num_rows"": ""32768"", ""segment_profile"": ""tiny4"", ""shared_suffix"": ""0""}"
experiment-15,stable-warps-desc,Device=0 num_rows=2097152 shared_suffix=0 segment_profile=tiny4,True,True,5,0.9207450998270045,0.9156410047249915,0.9306220177067553,True,"{""num_rows"": ""2097152"", ""segment_profile"": ""tiny4"", ""shared_suffix"": ""0""}"
experiment-15,stable-warps-desc,Device=0 num_rows=32768 shared_suffix=64 segment_profile=tiny4,True,True,5,0.9538733771163393,0.9428474333301436,0.9791927582821325,True,"{""num_rows"": ""32768"", ""segment_profile"": ""tiny4"", ""shared_suffix"": ""64""}"
experiment-15,stable-warps-desc,Device=0 num_rows=2097152 shared_suffix=64 segment_profile=tiny4,True,True,5,0.8516348521930049,0.8478310549707474,0.8574498080144788,True,"{""num_rows"": ""2097152"", ""segment_profile"": ""tiny4"", ""shared_suffix"": ""64""}"
experiment-15,stable-warps-desc,Device=0 num_rows=32768 shared_suffix=0 segment_profile=tiny8,True,True,5,0.9480130485491555,0.9341557404806663,0.9634192969377824,True,"{""num_rows"": ""32768"", ""segment_profile"": ""tiny8"", ""shared_suffix"": ""0""}"
experiment-15,stable-warps-desc,Device=0 num_rows=2097152 shared_suffix=0 segment_profile=tiny8,True,True,5,0.8132997924253725,0.8090689673956591,0.8193171865447396,True,"{""num_rows"": ""2097152"", ""segment_profile"": ""tiny8"", ""shared_suffix"": ""0""}"
experiment-15,stable-warps-desc,Device=0 num_rows=32768 shared_suffix=64 segment_profile=tiny8,True,True,5,0.9147636495529038,0.9025709361633543,0.933492411620331,True,"{""num_rows"": ""32768"", ""segment_profile"": ""tiny8"", ""shared_suffix"": ""64""}"
experiment-15,stable-warps-desc,Device=0 num_rows=2097152 shared_suffix=64 segment_profile=tiny8,True,True,5,0.754553588171014,0.7515444613938495,0.7569242270551912,True,"{""num_rows"": ""2097152"", ""segment_profile"": ""tiny8"", ""shared_suffix"": ""64""}"
experiment-15,stable-warps-desc,Device=0 num_rows=32768 shared_suffix=0 segment_profile=tiny16,True,True,5,0.9287134403048111,0.9105856761965772,0.970107456801376,True,"{""num_rows"": ""32768"", ""segment_profile"": ""tiny16"", ""shared_suffix"": ""0""}"
experiment-15,stable-warps-desc,Device=0 num_rows=2097152 shared_suffix=0 segment_profile=tiny16,True,True,5,0.7514710639512774,0.7477093977159255,0.7573241949717667,True,"{""num_rows"": ""2097152"", ""segment_profile"": ""tiny16"", ""shared_suffix"": ""0""}"
experiment-15,stable-warps-desc,Device=0 num_rows=32768 shared_suffix=64 segment_profile=tiny16,True,True,5,0.8773024286399179,0.8676788130135707,0.8941872832518795,True,"{""num_rows"": ""32768"", ""segment_profile"": ""tiny16"", ""shared_suffix"": ""64""}"
experiment-15,stable-warps-desc,Device=0 num_rows=2097152 shared_suffix=64 segment_profile=tiny16,True,True,5,0.6766743466914471,0.6759336974120261,0.6788135867195852,True,"{""num_rows"": ""2097152"", ""segment_profile"": ""tiny16"", ""shared_suffix"": ""64""}"
experiment-15,stable-warps-desc,Device=0 num_rows=32768 shared_suffix=0 segment_profile=tiny32,True,True,5,0.925713564610805,0.9149243624720371,0.9332074354949789,True,"{""num_rows"": ""32768"", ""segment_profile"": ""tiny32"", ""shared_suffix"": ""0""}"
experiment-15,stable-warps-desc,Device=0 num_rows=2097152 shared_suffix=0 segment_profile=tiny32,True,True,5,0.7033565682125726,0.699398172631102,0.7100881475696631,True,"{""num_rows"": ""2097152"", ""segment_profile"": ""tiny32"", ""shared_suffix"": ""0""}"
experiment-15,stable-warps-desc,Device=0 num_rows=32768 shared_suffix=64 segment_profile=tiny32,True,True,5,0.8605580387082862,0.8544717668027966,0.8731285861938056,True,"{""num_rows"": ""32768"", ""segment_profile"": ""tiny32"", ""shared_suffix"": ""64""}"
experiment-15,stable-warps-desc,Device=0 num_rows=2097152 shared_suffix=64 segment_profile=tiny32,True,True,5,0.6486243829061573,0.6476019605775352,0.6505234058365189,True,"{""num_rows"": ""2097152"", ""segment_profile"": ""tiny32"", ""shared_suffix"": ""64""}"
experiment-31,zero,Device=0 num_rows=32768 profile=zero_collision_pass1,False,False,5,1.0035640284766207,0.9597261362473175,1.032143664675195,True,"{""num_rows"": ""32768"", ""profile"": ""zero_collision_pass1""}"
experiment-31,zero,Device=0 num_rows=32768 profile=zero_collision_pass2,False,False,5,0.9908240851166419,0.9684214113142235,1.0153043729592244,True,"{""num_rows"": ""32768"", ""profile"": ""zero_collision_pass2""}"
experiment-2,stable-warps-desc,Device=0 num_rows=32768 shared_suffix=0 segment_profile=pairs,True,True,5,1.0008308646053012,0.9909502398490935,1.007906809046164,True,"{""num_rows"": ""32768"", ""segment_profile"": ""pairs"", ""shared_suffix"": ""0""}"
experiment-2,stable-warps-desc,Device=0 num_rows=2097152 shared_suffix=0 segment_profile=pairs,True,True,5,0.9855463216449017,0.8953251558308475,1.0321093091500317,True,"{""num_rows"": ""2097152"", ""segment_profile"": ""pairs"", ""shared_suffix"": ""0""}"
experiment-2,stable-warps-desc,Device=0 num_rows=32768 shared_suffix=64 segment_profile=pairs,True,True,5,0.9869657091134545,0.973003222958193,1.0040682783561299,True,"{""num_rows"": ""32768"", ""segment_profile"": ""pairs"", ""shared_suffix"": ""64""}"
experiment-2,stable-warps-desc,Device=0 num_rows=2097152 shared_suffix=64 segment_profile=pairs,True,True,5,0.953616770124148,0.9468750600887318,0.9575992195901504,True,"{""num_rows"": ""2097152"", ""segment_profile"": ""pairs"", ""shared_suffix"": ""64""}"
experiment-2,stable-warps-desc,Device=0 num_rows=32768 shared_suffix=0 segment_profile=tiny4,True,True,5,0.9896642786535553,0.9844814468513354,1.0018030689272048,True,"{""num_rows"": ""32768"", ""segment_profile"": ""tiny4"", ""shared_suffix"": ""0""}"
experiment-2,stable-warps-desc,Device=0 num_rows=2097152 shared_suffix=0 segment_profile=tiny4,True,True,5,0.9263186177864647,0.9190614096709108,0.9294958635749192,True,"{""num_rows"": ""2097152"", ""segment_profile"": ""tiny4"", ""shared_suffix"": ""0""}"
experiment-2,stable-warps-desc,Device=0 num_rows=32768 shared_suffix=64 segment_profile=tiny4,True,True,5,0.9602817719738356,0.9518176857442722,0.9715678451068968,True,"{""num_rows"": ""32768"", ""segment_profile"": ""tiny4"", ""shared_suffix"": ""64""}"
experiment-2,stable-warps-desc,Device=0 num_rows=2097152 shared_suffix=64 segment_profile=tiny4,True,True,5,0.8551027558643353,0.8513705092017279,0.8567314367819601,True,"{""num_rows"": ""2097152"", ""segment_profile"": ""tiny4"", ""shared_suffix"": ""64""}"
experiment-2,stable-warps-desc,Device=0 num_rows=32768 shared_suffix=0 segment_profile=tiny8,True,True,5,0.9555510842439288,0.9447635817709232,0.9586381318141999,True,"{""num_rows"": ""32768"", ""segment_profile"": ""tiny8"", ""shared_suffix"": ""0""}"
experiment-2,stable-warps-desc,Device=0 num_rows=2097152 shared_suffix=0 segment_profile=tiny8,True,True,5,0.8239833697712186,0.8156642255625387,0.826983453540316,True,"{""num_rows"": ""2097152"", ""segment_profile"": ""tiny8"", ""shared_suffix"": ""0""}"
experiment-2,stable-warps-desc,Device=0 num_rows=32768 shared_suffix=64 segment_profile=tiny8,True,True,5,0.9192610447316523,0.9149741433925392,0.9285835822094727,True,"{""num_rows"": ""32768"", ""segment_profile"": ""tiny8"", ""shared_suffix"": ""64""}"
experiment-2,stable-warps-desc,Device=0 num_rows=2097152 shared_suffix=64 segment_profile=tiny8,True,True,5,0.7589440353572897,0.7539999231934598,0.760729257312962,True,"{""num_rows"": ""2097152"", ""segment_profile"": ""tiny8"", ""shared_suffix"": ""64""}"
experiment-2,stable-warps-desc,Device=0 num_rows=32768 shared_suffix=0 segment_profile=tiny16,True,True,5,0.9311618275917022,0.9298079830309735,0.9341147399980377,True,"{""num_rows"": ""32768"", ""segment_profile"": ""tiny16"", ""shared_suffix"": ""0""}"
experiment-2,stable-warps-desc,Device=0 num_rows=2097152 shared_suffix=0 segment_profile=tiny16,True,True,5,0.7649289408518009,0.7607326282292689,0.7661715582385157,True,"{""num_rows"": ""2097152"", ""segment_profile"": ""tiny16"", ""shared_suffix"": ""0""}"
experiment-2,stable-warps-desc,Device=0 num_rows=32768 shared_suffix=64 segment_profile=tiny16,True,True,5,0.8846683681934917,0.8716313024599492,0.901570194010568,True,"{""num_rows"": ""32768"", ""segment_profile"": ""tiny16"", ""shared_suffix"": ""64""}"
experiment-2,stable-warps-desc,Device=0 num_rows=2097152 shared_suffix=64 segment_profile=tiny16,True,True,5,0.6825366048826604,0.6802344857633293,0.6838075633130846,True,"{""num_rows"": ""2097152"", ""segment_profile"": ""tiny16"", ""shared_suffix"": ""64""}"
experiment-2,stable-warps-desc,Device=0 num_rows=32768 shared_suffix=0 segment_profile=tiny32,True,True,5,0.9221254580325063,0.9134504898840139,0.9367110794712322,True,"{""num_rows"": ""32768"", ""segment_profile"": ""tiny32"", ""shared_suffix"": ""0""}"
experiment-2,stable-warps-desc,Device=0 num_rows=2097152 shared_suffix=0 segment_profile=tiny32,True,True,5,0.7192816758332216,0.7162669214355042,0.7204642654875699,True,"{""num_rows"": ""2097152"", ""segment_profile"": ""tiny32"", ""shared_suffix"": ""0""}"
experiment-2,stable-warps-desc,Device=0 num_rows=32768 shared_suffix=64 segment_profile=tiny32,True,True,5,0.8639634914658848,0.8606542684715348,0.868693214540334,True,"{""num_rows"": ""32768"", ""segment_profile"": ""tiny32"", ""shared_suffix"": ""64""}"
experiment-2,stable-warps-desc,Device=0 num_rows=2097152 shared_suffix=64 segment_profile=tiny32,True,True,5,0.6527966865093732,0.6508231923553439,0.654095956898677,True,"{""num_rows"": ""2097152"", ""segment_profile"": ""tiny32"", ""shared_suffix"": ""64""}"
experiment-31,identity-null,Device=0 num_rows=2097152 profile=fixed_8 null_percent=100,False,False,5,1.0125706574553783,0.9703665809994724,1.057530169713619,True,"{""null_percent"": ""100"", ""num_rows"": ""2097152"", ""profile"": ""fixed_8""}"
experiment-3,stable-warps,Device=0 num_rows=32768 shared_suffix=0 segment_profile=pairs,True,False,5,0.9976847766752692,0.9523456526218845,1.0256455617927283,True,"{""num_rows"": ""32768"", ""segment_profile"": ""pairs"", ""shared_suffix"": ""0""}"
experiment-3,stable-warps,Device=0 num_rows=2097152 shared_suffix=0 segment_profile=pairs,True,False,5,0.9916638098016329,0.9832853258455356,0.9979216476669405,True,"{""num_rows"": ""2097152"", ""segment_profile"": ""pairs"", ""shared_suffix"": ""0""}"
experiment-3,stable-warps,Device=0 num_rows=32768 shared_suffix=64 segment_profile=pairs,True,False,5,0.9814330991019637,0.9659513336198706,1.0033595101588566,True,"{""num_rows"": ""32768"", ""segment_profile"": ""pairs"", ""shared_suffix"": ""64""}"
experiment-3,stable-warps,Device=0 num_rows=2097152 shared_suffix=64 segment_profile=pairs,True,False,5,0.9526245262642624,0.946830698843822,0.9590071026853535,True,"{""num_rows"": ""2097152"", ""segment_profile"": ""pairs"", ""shared_suffix"": ""64""}"
experiment-3,stable-warps,Device=0 num_rows=32768 shared_suffix=0 segment_profile=tiny4,True,False,5,0.9800474426149033,0.9599529909375689,1.027106179506356,True,"{""num_rows"": ""32768"", ""segment_profile"": ""tiny4"", ""shared_suffix"": ""0""}"
experiment-3,stable-warps,Device=0 num_rows=2097152 shared_suffix=0 segment_profile=tiny4,True,False,5,0.9279555022641269,0.9153782644769259,0.9377594887210219,True,"{""num_rows"": ""2097152"", ""segment_profile"": ""tiny4"", ""shared_suffix"": ""0""}"
experiment-3,stable-warps,Device=0 num_rows=32768 shared_suffix=64 segment_profile=tiny4,True,False,5,0.9584126163526417,0.9376727097439026,0.9783604583649564,True,"{""num_rows"": ""32768"", ""segment_profile"": ""tiny4"", ""shared_suffix"": ""64""}"
experiment-3,stable-warps,Device=0 num_rows=2097152 shared_suffix=64 segment_profile=tiny4,True,False,5,0.8532362196396108,0.8477568864970519,0.8569695128795801,True,"{""num_rows"": ""2097152"", ""segment_profile"": ""tiny4"", ""shared_suffix"": ""64""}"
experiment-3,stable-warps,Device=0 num_rows=32768 shared_suffix=0 segment_profile=tiny8,True,False,5,0.9422856618633706,0.9316425283325046,0.9571965131519945,True,"{""num_rows"": ""32768"", ""segment_profile"": ""tiny8"", ""shared_suffix"": ""0""}"
experiment-3,stable-warps,Device=0 num_rows=2097152 shared_suffix=0 segment_profile=tiny8,True,False,5,0.8166755880658949,0.8080431065383121,0.8260131761976838,True,"{""num_rows"": ""2097152"", ""segment_profile"": ""tiny8"", ""shared_suffix"": ""0""}"
experiment-3,stable-warps,Device=0 num_rows=32768 shared_suffix=64 segment_profile=tiny8,True,False,5,0.9154526409876887,0.9067042400040434,0.9277354321806153,True,"{""num_rows"": ""32768"", ""segment_profile"": ""tiny8"", ""shared_suffix"": ""64""}"
experiment-3,stable-warps,Device=0 num_rows=2097152 shared_suffix=64 segment_profile=tiny8,True,False,5,0.7548257313092003,0.7522814861647346,0.7566338044620784,True,"{""num_rows"": ""2097152"", ""segment_profile"": ""tiny8"", ""shared_suffix"": ""64""}"
experiment-3,stable-warps,Device=0 num_rows=32768 shared_suffix=0 segment_profile=tiny16,True,False,5,0.9268126075982275,0.9118619737318161,0.9413495093894086,True,"{""num_rows"": ""32768"", ""segment_profile"": ""tiny16"", ""shared_suffix"": ""0""}"
experiment-3,stable-warps,Device=0 num_rows=2097152 shared_suffix=0 segment_profile=tiny16,True,False,5,0.7539552303299235,0.7473810399759282,0.7607938531833341,True,"{""num_rows"": ""2097152"", ""segment_profile"": ""tiny16"", ""shared_suffix"": ""0""}"
experiment-3,stable-warps,Device=0 num_rows=32768 shared_suffix=64 segment_profile=tiny16,True,False,5,0.8846121997990971,0.8767799185759014,0.8938691689110848,True,"{""num_rows"": ""32768"", ""segment_profile"": ""tiny16"", ""shared_suffix"": ""64""}"
experiment-3,stable-warps,Device=0 num_rows=2097152 shared_suffix=64 segment_profile=tiny16,True,False,5,0.678007292551543,0.6760908264782228,0.6794351766275636,True,"{""num_rows"": ""2097152"", ""segment_profile"": ""tiny16"", ""shared_suffix"": ""64""}"
experiment-3,stable-warps,Device=0 num_rows=32768 shared_suffix=0 segment_profile=tiny32,True,False,5,0.9208742231589984,0.9092119230909822,0.9307133544083663,True,"{""num_rows"": ""32768"", ""segment_profile"": ""tiny32"", ""shared_suffix"": ""0""}"
experiment-3,stable-warps,Device=0 num_rows=2097152 shared_suffix=0 segment_profile=tiny32,True,False,5,0.7059376896667441,0.700593830656585,0.7105444887339383,True,"{""num_rows"": ""2097152"", ""segment_profile"": ""tiny32"", ""shared_suffix"": ""0""}"
experiment-3,stable-warps,Device=0 num_rows=32768 shared_suffix=64 segment_profile=tiny32,True,False,5,0.859364236980781,0.8487817385000539,0.8706954150018891,True,"{""num_rows"": ""32768"", ""segment_profile"": ""tiny32"", ""shared_suffix"": ""64""}"
experiment-3,stable-warps,Device=0 num_rows=2097152 shared_suffix=64 segment_profile=tiny32,True,False,5,0.6497416309253107,0.641419933904048,0.6543216537956013,True,"{""num_rows"": ""2097152"", ""segment_profile"": ""tiny32"", ""shared_suffix"": ""64""}"
experiment-31,stable-warps,Device=0 num_rows=32768 shared_suffix=0 segment_profile=pairs,True,False,5,0.9990570592020409,0.9877134706603762,1.0239908488128737,True,"{""num_rows"": ""32768"", ""segment_profile"": ""pairs"", ""shared_suffix"": ""0""}"
experiment-31,stable-warps,Device=0 num_rows=2097152 shared_suffix=0 segment_profile=pairs,True,False,5,0.9887177464260879,0.9882158123524055,0.9936234642336155,True,"{""num_rows"": ""2097152"", ""segment_profile"": ""pairs"", ""shared_suffix"": ""0""}"
experiment-31,stable-warps,Device=0 num_rows=32768 shared_suffix=64 segment_profile=pairs,True,False,5,0.9828678985562292,0.9730332799814383,1.0139389039476043,True,"{""num_rows"": ""32768"", ""segment_profile"": ""pairs"", ""shared_suffix"": ""64""}"
experiment-31,stable-warps,Device=0 num_rows=2097152 shared_suffix=64 segment_profile=pairs,True,False,5,0.9532576949778726,0.9501801434663052,0.9553750312711687,True,"{""num_rows"": ""2097152"", ""segment_profile"": ""pairs"", ""shared_suffix"": ""64""}"
experiment-31,stable-warps,Device=0 num_rows=32768 shared_suffix=0 segment_profile=tiny4,True,False,5,0.9818118249355156,0.9804798715276968,0.9955413632646591,True,"{""num_rows"": ""32768"", ""segment_profile"": ""tiny4"", ""shared_suffix"": ""0""}"
experiment-31,stable-warps,Device=0 num_rows=2097152 shared_suffix=0 segment_profile=tiny4,True,False,5,0.9274018976729591,0.9261886807215193,0.9280370669185741,True,"{""num_rows"": ""2097152"", ""segment_profile"": ""tiny4"", ""shared_suffix"": ""0""}"
experiment-31,stable-warps,Device=0 num_rows=32768 shared_suffix=64 segment_profile=tiny4,True,False,5,0.9581009096569968,0.9422436359512828,0.9710851627314688,True,"{""num_rows"": ""32768"", ""segment_profile"": ""tiny4"", ""shared_suffix"": ""64""}"
experiment-31,stable-warps,Device=0 num_rows=2097152 shared_suffix=64 segment_profile=tiny4,True,False,5,0.8545643455325141,0.8501579071384138,0.8594923801705514,True,"{""num_rows"": ""2097152"", ""segment_profile"": ""tiny4"", ""shared_suffix"": ""64""}"
experiment-31,stable-warps,Device=0 num_rows=32768 shared_suffix=0 segment_profile=tiny8,True,False,5,0.9428624540576459,0.9395535382257622,0.9531172767767486,True,"{""num_rows"": ""32768"", ""segment_profile"": ""tiny8"", ""shared_suffix"": ""0""}"
experiment-31,stable-warps,Device=0 num_rows=2097152 shared_suffix=0 segment_profile=tiny8,True,False,5,0.8153859783580077,0.8146299021827245,0.8164374594317336,True,"{""num_rows"": ""2097152"", ""segment_profile"": ""tiny8"", ""shared_suffix"": ""0""}"
experiment-31,stable-warps,Device=0 num_rows=32768 shared_suffix=64 segment_profile=tiny8,True,False,5,0.9150907434127563,0.9103007629553739,0.9260078151021516,True,"{""num_rows"": ""32768"", ""segment_profile"": ""tiny8"", ""shared_suffix"": ""64""}"
experiment-31,stable-warps,Device=0 num_rows=2097152 shared_suffix=64 segment_profile=tiny8,True,False,5,0.7549342207780408,0.7538243017054624,0.7558412408451181,True,"{""num_rows"": ""2097152"", ""segment_profile"": ""tiny8"", ""shared_suffix"": ""64""}"
experiment-31,stable-warps,Device=0 num_rows=32768 shared_suffix=0 segment_profile=tiny16,True,False,5,0.9256005302292456,0.9254385680951248,0.9337054586434128,True,"{""num_rows"": ""32768"", ""segment_profile"": ""tiny16"", ""shared_suffix"": ""0""}"
experiment-31,stable-warps,Device=0 num_rows=2097152 shared_suffix=0 segment_profile=tiny16,True,False,5,0.7530554983103932,0.7526297759746465,0.7546105973831121,True,"{""num_rows"": ""2097152"", ""segment_profile"": ""tiny16"", ""shared_suffix"": ""0""}"
experiment-31,stable-warps,Device=0 num_rows=32768 shared_suffix=64 segment_profile=tiny16,True,False,5,0.883214676482181,0.8799665196570284,0.8897103488353157,True,"{""num_rows"": ""32768"", ""segment_profile"": ""tiny16"", ""shared_suffix"": ""64""}"
experiment-31,stable-warps,Device=0 num_rows=2097152 shared_suffix=64 segment_profile=tiny16,True,False,5,0.6777978508195113,0.6774626239676511,0.6788353729498625,True,"{""num_rows"": ""2097152"", ""segment_profile"": ""tiny16"", ""shared_suffix"": ""64""}"
experiment-31,stable-warps,Device=0 num_rows=32768 shared_suffix=0 segment_profile=tiny32,True,False,5,0.920733364079607,0.9131203016935273,0.9373475181767761,True,"{""num_rows"": ""32768"", ""segment_profile"": ""tiny32"", ""shared_suffix"": ""0""}"
experiment-31,stable-warps,Device=0 num_rows=2097152 shared_suffix=0 segment_profile=tiny32,True,False,5,0.7064985643621635,0.705346124973997,0.7072872183556492,True,"{""num_rows"": ""2097152"", ""segment_profile"": ""tiny32"", ""shared_suffix"": ""0""}"
experiment-31,stable-warps,Device=0 num_rows=32768 shared_suffix=64 segment_profile=tiny32,True,False,5,0.8612654496279053,0.859000677842241,0.8677335627667212,True,"{""num_rows"": ""32768"", ""segment_profile"": ""tiny32"", ""shared_suffix"": ""64""}"
experiment-31,stable-warps,Device=0 num_rows=2097152 shared_suffix=64 segment_profile=tiny32,True,False,5,0.6498474238600591,0.6471423195132958,0.6551661301212732,True,"{""num_rows"": ""2097152"", ""segment_profile"": ""tiny32"", ""shared_suffix"": ""64""}"
experiment-0,zero,Device=0 num_rows=32768 profile=zero_collision_pass1,False,False,5,0.9899724291469073,0.9687968678203044,1.0335722538389909,True,"{""num_rows"": ""32768"", ""profile"": ""zero_collision_pass1""}"
experiment-0,zero,Device=0 num_rows=32768 profile=zero_collision_pass2,False,False,5,0.9981172563305422,0.9832987708822662,1.02043715225725,True,"{""num_rows"": ""32768"", ""profile"": ""zero_collision_pass2""}"
experiment-1,unstable-warps,Device=0 num_rows=32768 shared_suffix=0 segment_profile=singletons,False,False,5,1.0000411154161621,0.9766228716327026,1.0121374768289573,True,"{""num_rows"": ""32768"", ""segment_profile"": ""singletons"", ""shared_suffix"": ""0""}"
experiment-1,unstable-warps,Device=0 num_rows=2097152 shared_suffix=0 segment_profile=singletons,False,False,5,0.9933223452412484,0.7826439458938962,1.0683280878918144,True,"{""num_rows"": ""2097152"", ""segment_profile"": ""singletons"", ""shared_suffix"": ""0""}"
experiment-1,unstable-warps,Device=0 num_rows=32768 shared_suffix=64 segment_profile=singletons,False,False,5,0.9899396554176283,0.9583960784086288,1.0199417727123383,True,"{""num_rows"": ""32768"", ""segment_profile"": ""singletons"", ""shared_suffix"": ""64""}"
experiment-1,unstable-warps,Device=0 num_rows=2097152 shared_suffix=64 segment_profile=singletons,False,False,5,1.0003794020498735,0.9876620513278455,1.0085362077914566,True,"{""num_rows"": ""2097152"", ""segment_profile"": ""singletons"", ""shared_suffix"": ""64""}"
experiment-1,unstable-warps,Device=0 num_rows=32768 shared_suffix=0 segment_profile=pairs,False,False,5,0.994859359715377,0.9738008719201642,1.0137975204614083,True,"{""num_rows"": ""32768"", ""segment_profile"": ""pairs"", ""shared_suffix"": ""0""}"
experiment-1,unstable-warps,Device=0 num_rows=2097152 shared_suffix=0 segment_profile=pairs,False,False,5,1.0052931009625539,0.9997415333307124,1.0102194484896303,True,"{""num_rows"": ""2097152"", ""segment_profile"": ""pairs"", ""shared_suffix"": ""0""}"
experiment-1,unstable-warps,Device=0 num_rows=32768 shared_suffix=64 segment_profile=pairs,False,False,5,0.9956128771394249,0.9711983097265396,1.013971051433857,True,"{""num_rows"": ""32768"", ""segment_profile"": ""pairs"", ""shared_suffix"": ""64""}"
experiment-1,unstable-warps,Device=0 num_rows=2097152 shared_suffix=64 segment_profile=pairs,False,False,5,1.004564595242298,0.9987782056598248,1.0064394099917127,True,"{""num_rows"": ""2097152"", ""segment_profile"": ""pairs"", ""shared_suffix"": ""64""}"
experiment-1,unstable-warps,Device=0 num_rows=32768 shared_suffix=0 segment_profile=tiny4,False,False,5,0.9953291612776418,0.972239823933622,1.0162352667046537,True,"{""num_rows"": ""32768"", ""segment_profile"": ""tiny4"", ""shared_suffix"": ""0""}"
experiment-1,unstable-warps,Device=0 num_rows=2097152 shared_suffix=0 segment_profile=tiny4,False,False,5,1.00180575395159,0.9931837604680595,1.0067685261769708,True,"{""num_rows"": ""2097152"", ""segment_profile"": ""tiny4"", ""shared_suffix"": ""0""}"
experiment-1,unstable-warps,Device=0 num_rows=32768 shared_suffix=64 segment_profile=tiny4,False,False,5,0.992868013777037,0.9755444187058774,1.005432770082326,True,"{""num_rows"": ""32768"", ""segment_profile"": ""tiny4"", ""shared_suffix"": ""64""}"
experiment-1,unstable-warps,Device=0 num_rows=2097152 shared_suffix=64 segment_profile=tiny4,False,False,5,1.0007676872649203,0.9933419751059192,1.0069114248248454,True,"{""num_rows"": ""2097152"", ""segment_profile"": ""tiny4"", ""shared_suffix"": ""64""}"
experiment-1,unstable-warps,Device=0 num_rows=32768 shared_suffix=0 segment_profile=tiny8,False,False,5,0.9914695924481679,0.9481868368192645,1.016280487985277,True,"{""num_rows"": ""32768"", ""segment_profile"": ""tiny8"", ""shared_suffix"": ""0""}"
experiment-1,unstable-warps,Device=0 num_rows=2097152 shared_suffix=0 segment_profile=tiny8,False,False,5,0.9928844037728917,0.9799664276791784,0.9978905315722884,True,"{""num_rows"": ""2097152"", ""segment_profile"": ""tiny8"", ""shared_suffix"": ""0""}"
experiment-1,unstable-warps,Device=0 num_rows=32768 shared_suffix=64 segment_profile=tiny8,False,False,5,0.9880594114104335,0.9797634629876162,0.9945543298391142,True,"{""num_rows"": ""32768"", ""segment_profile"": ""tiny8"", ""shared_suffix"": ""64""}"
experiment-1,unstable-warps,Device=0 num_rows=2097152 shared_suffix=64 segment_profile=tiny8,False,False,5,0.9950511461703861,0.9903632398174065,0.9978243720976531,True,"{""num_rows"": ""2097152"", ""segment_profile"": ""tiny8"", ""shared_suffix"": ""64""}"
experiment-1,unstable-warps,Device=0 num_rows=32768 shared_suffix=0 segment_profile=tiny16,False,False,5,0.9905974193033164,0.9739782330126358,1.0016683670938917,True,"{""num_rows"": ""32768"", ""segment_profile"": ""tiny16"", ""shared_suffix"": ""0""}"
experiment-1,unstable-warps,Device=0 num_rows=2097152 shared_suffix=0 segment_profile=tiny16,False,False,5,0.983895001485166,0.9759141722952619,0.9877406415687501,True,"{""num_rows"": ""2097152"", ""segment_profile"": ""tiny16"", ""shared_suffix"": ""0""}"
experiment-1,unstable-warps,Device=0 num_rows=32768 shared_suffix=64 segment_profile=tiny16,False,False,5,0.9905445376435191,0.9782944335539471,0.9972446857648254,True,"{""num_rows"": ""32768"", ""segment_profile"": ""tiny16"", ""shared_suffix"": ""64""}"
experiment-1,unstable-warps,Device=0 num_rows=2097152 shared_suffix=64 segment_profile=tiny16,False,False,5,0.9959680545914578,0.991959871758457,0.9984832738770798,True,"{""num_rows"": ""2097152"", ""segment_profile"": ""tiny16"", ""shared_suffix"": ""64""}"
experiment-1,unstable-warps,Device=0 num_rows=32768 shared_suffix=0 segment_profile=tiny32,False,False,5,0.9973140787183391,0.8436793460090841,1.0789866714284082,True,"{""num_rows"": ""32768"", ""segment_profile"": ""tiny32"", ""shared_suffix"": ""0""}"
experiment-1,unstable-warps,Device=0 num_rows=2097152 shared_suffix=0 segment_profile=tiny32,False,False,5,0.9826142083755952,0.9756649728508566,0.9860664691315953,True,"{""num_rows"": ""2097152"", ""segment_profile"": ""tiny32"", ""shared_suffix"": ""0""}"
experiment-1,unstable-warps,Device=0 num_rows=32768 shared_suffix=64 segment_profile=tiny32,False,False,5,0.997458798175867,0.9894099196004668,1.00068960500246,True,"{""num_rows"": ""32768"", ""segment_profile"": ""tiny32"", ""shared_suffix"": ""64""}"
experiment-1,unstable-warps,Device=0 num_rows=2097152 shared_suffix=64 segment_profile=tiny32,False,False,5,0.9956511266470437,0.9921012409951988,0.9985653135081313,True,"{""num_rows"": ""2097152"", ""segment_profile"": ""tiny32"", ""shared_suffix"": ""64""}"
experiment-0,stable-warps,Device=0 num_rows=32768 shared_suffix=0 segment_profile=pairs,True,False,5,0.9855428369024959,0.9594620646483403,1.0144831589505787,True,"{""num_rows"": ""32768"", ""segment_profile"": ""pairs"", ""shared_suffix"": ""0""}"
experiment-0,stable-warps,Device=0 num_rows=2097152 shared_suffix=0 segment_profile=pairs,True,False,5,0.998815747831055,0.9939412386507734,1.0137877579542307,True,"{""num_rows"": ""2097152"", ""segment_profile"": ""pairs"", ""shared_suffix"": ""0""}"
experiment-0,stable-warps,Device=0 num_rows=32768 shared_suffix=64 segment_profile=pairs,True,False,5,0.9800838441641921,0.9657200462600956,1.0270015085439415,True,"{""num_rows"": ""32768"", ""segment_profile"": ""pairs"", ""shared_suffix"": ""64""}"
experiment-0,stable-warps,Device=0 num_rows=2097152 shared_suffix=64 segment_profile=pairs,True,False,5,1.0018595713442897,0.9951025085029256,1.0113814956346463,True,"{""num_rows"": ""2097152"", ""segment_profile"": ""pairs"", ""shared_suffix"": ""64""}"
experiment-0,stable-warps,Device=0 num_rows=32768 shared_suffix=0 segment_profile=tiny4,True,False,5,0.9869102356324537,0.9585680607958482,1.085037945106498,True,"{""num_rows"": ""32768"", ""segment_profile"": ""tiny4"", ""shared_suffix"": ""0""}"
experiment-0,stable-warps,Device=0 num_rows=2097152 shared_suffix=0 segment_profile=tiny4,True,False,5,1.0003588272678472,0.9954524537232893,1.0134657088240036,True,"{""num_rows"": ""2097152"", ""segment_profile"": ""tiny4"", ""shared_suffix"": ""0""}"
experiment-0,stable-warps,Device=0 num_rows=32768 shared_suffix=64 segment_profile=tiny4,True,False,5,0.9885538625883964,0.9629845775164753,1.0305537735733206,True,"{""num_rows"": ""32768"", ""segment_profile"": ""tiny4"", ""shared_suffix"": ""64""}"
experiment-0,stable-warps,Device=0 num_rows=2097152 shared_suffix=64 segment_profile=tiny4,True,False,5,0.9987036330641568,0.9943982419769863,1.0091600823729967,True,"{""num_rows"": ""2097152"", ""segment_profile"": ""tiny4"", ""shared_suffix"": ""64""}"
experiment-0,stable-warps,Device=0 num_rows=32768 shared_suffix=0 segment_profile=tiny8,True,False,5,0.9986225068932613,0.9850283307884571,1.0179321257880285,True,"{""num_rows"": ""32768"", ""segment_profile"": ""tiny8"", ""shared_suffix"": ""0""}"
experiment-0,stable-warps,Device=0 num_rows=2097152 shared_suffix=0 segment_profile=tiny8,True,False,5,0.994536408427444,0.989315547976307,1.006714479729613,True,"{""num_rows"": ""2097152"", ""segment_profile"": ""tiny8"", ""shared_suffix"": ""0""}"
experiment-0,stable-warps,Device=0 num_rows=32768 shared_suffix=64 segment_profile=tiny8,True,False,5,0.997690401325718,0.9872183710030134,1.0244084121462085,True,"{""num_rows"": ""32768"", ""segment_profile"": ""tiny8"", ""shared_suffix"": ""64""}"
experiment-0,stable-warps,Device=0 num_rows=2097152 shared_suffix=64 segment_profile=tiny8,True,False,5,0.9979098051423232,0.9957611958904203,1.0032380528654137,True,"{""num_rows"": ""2097152"", ""segment_profile"": ""tiny8"", ""shared_suffix"": ""64""}"
experiment-0,stable-warps,Device=0 num_rows=32768 shared_suffix=0 segment_profile=tiny16,True,False,5,0.9958789403661732,0.9860509433001129,1.011366147388849,True,"{""num_rows"": ""32768"", ""segment_profile"": ""tiny16"", ""shared_suffix"": ""0""}"
experiment-0,stable-warps,Device=0 num_rows=2097152 shared_suffix=0 segment_profile=tiny16,True,False,5,0.9970657669704156,0.9940750921595404,1.00475363398249,True,"{""num_rows"": ""2097152"", ""segment_profile"": ""tiny16"", ""shared_suffix"": ""0""}"
experiment-0,stable-warps,Device=0 num_rows=32768 shared_suffix=64 segment_profile=tiny16,True,False,5,1.0043580676540396,0.9939639642144995,1.0213687832987035,True,"{""num_rows"": ""32768"", ""segment_profile"": ""tiny16"", ""shared_suffix"": ""64""}"
experiment-0,stable-warps,Device=0 num_rows=2097152 shared_suffix=64 segment_profile=tiny16,True,False,5,0.9984185543259552,0.9969414402551952,1.0025552724071611,True,"{""num_rows"": ""2097152"", ""segment_profile"": ""tiny16"", ""shared_suffix"": ""64""}"
experiment-0,stable-warps,Device=0 num_rows=32768 shared_suffix=0 segment_profile=tiny32,True,False,5,0.9958896695296036,0.9809948409859365,1.012832808785766,True,"{""num_rows"": ""32768"", ""segment_profile"": ""tiny32"", ""shared_suffix"": ""0""}"
experiment-0,stable-warps,Device=0 num_rows=2097152 shared_suffix=0 segment_profile=tiny32,True,False,5,0.9961893348291756,0.9937384278900351,1.005204717900893,True,"{""num_rows"": ""2097152"", ""segment_profile"": ""tiny32"", ""shared_suffix"": ""0""}"
experiment-0,stable-warps,Device=0 num_rows=32768 shared_suffix=64 segment_profile=tiny32,True,False,5,0.9972345960676801,0.9870239641411157,1.0121689511641148,True,"{""num_rows"": ""32768"", ""segment_profile"": ""tiny32"", ""shared_suffix"": ""64""}"
experiment-0,stable-warps,Device=0 num_rows=2097152 shared_suffix=64 segment_profile=tiny32,True,False,5,1.0009637644240374,0.9876840252785147,1.01614591364632,True,"{""num_rows"": ""2097152"", ""segment_profile"": ""tiny32"", ""shared_suffix"": ""64""}"
experiment-0,stable-warps-desc,Device=0 num_rows=32768 shared_suffix=0 segment_profile=pairs,True,True,5,1.0049691265434366,0.9967909000078709,1.0096362469224314,True,"{""num_rows"": ""32768"", ""segment_profile"": ""pairs"", ""shared_suffix"": ""0""}"
experiment-0,stable-warps-desc,Device=0 num_rows=2097152 shared_suffix=0 segment_profile=pairs,True,True,5,1.0068955914360442,0.9018047279976228,1.113472419942433,True,"{""num_rows"": ""2097152"", ""segment_profile"": ""pairs"", ""shared_suffix"": ""0""}"
experiment-0,stable-warps-desc,Device=0 num_rows=32768 shared_suffix=64 segment_profile=pairs,True,True,5,1.0034060352221945,0.9805962603412212,1.0283111369620548,True,"{""num_rows"": ""32768"", ""segment_profile"": ""pairs"", ""shared_suffix"": ""64""}"
experiment-0,stable-warps-desc,Device=0 num_rows=2097152 shared_suffix=64 segment_profile=pairs,True,True,5,1.003040570585625,0.9976285218653707,1.0081056299024471,True,"{""num_rows"": ""2097152"", ""segment_profile"": ""pairs"", ""shared_suffix"": ""64""}"
experiment-0,stable-warps-desc,Device=0 num_rows=32768 shared_suffix=0 segment_profile=tiny4,True,True,5,1.0078390982954122,0.9959139288692365,1.0144613825634312,True,"{""num_rows"": ""32768"", ""segment_profile"": ""tiny4"", ""shared_suffix"": ""0""}"
experiment-0,stable-warps-desc,Device=0 num_rows=2097152 shared_suffix=0 segment_profile=tiny4,True,True,5,1.0042568653772972,0.9984503676293998,1.0095275839262043,True,"{""num_rows"": ""2097152"", ""segment_profile"": ""tiny4"", ""shared_suffix"": ""0""}"
experiment-0,stable-warps-desc,Device=0 num_rows=32768 shared_suffix=64 segment_profile=tiny4,True,True,5,1.0048825888136785,0.9829858920094839,1.0219125131319515,True,"{""num_rows"": ""32768"", ""segment_profile"": ""tiny4"", ""shared_suffix"": ""64""}"
experiment-0,stable-warps-desc,Device=0 num_rows=2097152 shared_suffix=64 segment_profile=tiny4,True,True,5,1.0038746146019168,1.0005653030573434,1.0058544611351778,True,"{""num_rows"": ""2097152"", ""segment_profile"": ""tiny4"", ""shared_suffix"": ""64""}"
experiment-0,stable-warps-desc,Device=0 num_rows=32768 shared_suffix=0 segment_profile=tiny8,True,True,5,1.0071274892067015,0.9900670064342159,1.0187186748602721,True,"{""num_rows"": ""32768"", ""segment_profile"": ""tiny8"", ""shared_suffix"": ""0""}"
experiment-0,stable-warps-desc,Device=0 num_rows=2097152 shared_suffix=0 segment_profile=tiny8,True,True,5,0.9999847481789775,0.9931264517530797,1.006496037171952,True,"{""num_rows"": ""2097152"", ""segment_profile"": ""tiny8"", ""shared_suffix"": ""0""}"
experiment-0,stable-warps-desc,Device=0 num_rows=32768 shared_suffix=64 segment_profile=tiny8,True,True,5,1.0079503438316428,0.9926570554332917,1.0202252918118315,True,"{""num_rows"": ""32768"", ""segment_profile"": ""tiny8"", ""shared_suffix"": ""64""}"
experiment-0,stable-warps-desc,Device=0 num_rows=2097152 shared_suffix=64 segment_profile=tiny8,True,True,5,0.999932997620387,0.9983259982360458,1.001534181277185,True,"{""num_rows"": ""2097152"", ""segment_profile"": ""tiny8"", ""shared_suffix"": ""64""}"
experiment-0,stable-warps-desc,Device=0 num_rows=32768 shared_suffix=0 segment_profile=tiny16,True,True,5,1.003950548186521,0.996925254113528,1.0108891834161662,True,"{""num_rows"": ""32768"", ""segment_profile"": ""tiny16"", ""shared_suffix"": ""0""}"
experiment-0,stable-warps-desc,Device=0 num_rows=2097152 shared_suffix=0 segment_profile=tiny16,True,True,5,1.001416531458941,0.9973708334183765,1.0077969420987292,True,"{""num_rows"": ""2097152"", ""segment_profile"": ""tiny16"", ""shared_suffix"": ""0""}"
experiment-0,stable-warps-desc,Device=0 num_rows=32768 shared_suffix=64 segment_profile=tiny16,True,True,5,0.9995001973325774,0.9923209381992407,1.0101581138053621,True,"{""num_rows"": ""32768"", ""segment_profile"": ""tiny16"", ""shared_suffix"": ""64""}"
experiment-0,stable-warps-desc,Device=0 num_rows=2097152 shared_suffix=64 segment_profile=tiny16,True,True,5,1.0007271968162197,0.9991776616012392,1.0016499282791176,True,"{""num_rows"": ""2097152"", ""segment_profile"": ""tiny16"", ""shared_suffix"": ""64""}"
experiment-0,stable-warps-desc,Device=0 num_rows=32768 shared_suffix=0 segment_profile=tiny32,True,True,5,1.0057445765224642,0.9981639794165265,1.0167500849087818,True,"{""num_rows"": ""32768"", ""segment_profile"": ""tiny32"", ""shared_suffix"": ""0""}"
experiment-0,stable-warps-desc,Device=0 num_rows=2097152 shared_suffix=0 segment_profile=tiny32,True,True,5,0.9994120272351035,0.99698749206997,1.00390195880996,True,"{""num_rows"": ""2097152"", ""segment_profile"": ""tiny32"", ""shared_suffix"": ""0""}"
experiment-0,stable-warps-desc,Device=0 num_rows=32768 shared_suffix=64 segment_profile=tiny32,True,True,5,1.003115981740711,0.9987289744512224,1.0079906126839726,True,"{""num_rows"": ""32768"", ""segment_profile"": ""tiny32"", ""shared_suffix"": ""64""}"
experiment-0,stable-warps-desc,Device=0 num_rows=2097152 shared_suffix=64 segment_profile=tiny32,True,True,5,0.9998782707734458,0.9989241065097069,1.0014004135797512,True,"{""num_rows"": ""2097152"", ""segment_profile"": ""tiny32"", ""shared_suffix"": ""64""}"
experiment-31,identity-constant,Device=0 num_rows=2097152 profile=cardinality_1_width_32,False,False,5,1.0060035429404979,0.9906557725689714,1.0150819519796301,True,"{""num_rows"": ""2097152"", ""profile"": ""cardinality_1_width_32""}"
experiment-1,stable-warps-desc,Device=0 num_rows=32768 shared_suffix=0 segment_profile=pairs,True,True,5,0.9961507292453716,0.9888687767299159,1.005647438251407,True,"{""num_rows"": ""32768"", ""segment_profile"": ""pairs"", ""shared_suffix"": ""0""}"
experiment-1,stable-warps-desc,Device=0 num_rows=2097152 shared_suffix=0 segment_profile=pairs,True,True,5,0.999575434726216,0.8928014679549016,1.1226704753072947,True,"{""num_rows"": ""2097152"", ""segment_profile"": ""pairs"", ""shared_suffix"": ""0""}"
experiment-1,stable-warps-desc,Device=0 num_rows=32768 shared_suffix=64 segment_profile=pairs,True,True,5,0.9843721370439369,0.9731419775154881,1.0184504640783274,True,"{""num_rows"": ""32768"", ""segment_profile"": ""pairs"", ""shared_suffix"": ""64""}"
experiment-1,stable-warps-desc,Device=0 num_rows=2097152 shared_suffix=64 segment_profile=pairs,True,True,5,0.9996223335323925,0.9963716059078054,1.0060084080655731,True,"{""num_rows"": ""2097152"", ""segment_profile"": ""pairs"", ""shared_suffix"": ""64""}"
experiment-1,stable-warps-desc,Device=0 num_rows=32768 shared_suffix=0 segment_profile=tiny4,True,True,5,1.0048969199187,0.985155804401729,1.02973873776404,True,"{""num_rows"": ""32768"", ""segment_profile"": ""tiny4"", ""shared_suffix"": ""0""}"
experiment-1,stable-warps-desc,Device=0 num_rows=2097152 shared_suffix=0 segment_profile=tiny4,True,True,5,0.9882421977158873,0.9823177458682799,0.9978767380145181,True,"{""num_rows"": ""2097152"", ""segment_profile"": ""tiny4"", ""shared_suffix"": ""0""}"
experiment-1,stable-warps-desc,Device=0 num_rows=32768 shared_suffix=64 segment_profile=tiny4,True,True,5,0.9872013841080797,0.9776941742148736,1.0121899317343348,True,"{""num_rows"": ""32768"", ""segment_profile"": ""tiny4"", ""shared_suffix"": ""64""}"
experiment-1,stable-warps-desc,Device=0 num_rows=2097152 shared_suffix=64 segment_profile=tiny4,True,True,5,0.9933767345297912,0.9897594716902886,0.9988580787703969,True,"{""num_rows"": ""2097152"", ""segment_profile"": ""tiny4"", ""shared_suffix"": ""64""}"
experiment-1,stable-warps-desc,Device=0 num_rows=32768 shared_suffix=0 segment_profile=tiny8,True,True,5,0.9886568393252404,0.9795103108354924,0.9977870083017775,True,"{""num_rows"": ""32768"", ""segment_profile"": ""tiny8"", ""shared_suffix"": ""0""}"
experiment-1,stable-warps-desc,Device=0 num_rows=2097152 shared_suffix=0 segment_profile=tiny8,True,True,5,0.9870067716832315,0.9798077910122195,0.9946496176810043,True,"{""num_rows"": ""2097152"", ""segment_profile"": ""tiny8"", ""shared_suffix"": ""0""}"
experiment-1,stable-warps-desc,Device=0 num_rows=32768 shared_suffix=64 segment_profile=tiny8,True,True,5,0.9961780406798715,0.9822281329284055,1.0093554731507752,True,"{""num_rows"": ""32768"", ""segment_profile"": ""tiny8"", ""shared_suffix"": ""64""}"
experiment-1,stable-warps-desc,Device=0 num_rows=2097152 shared_suffix=64 segment_profile=tiny8,True,True,5,0.9862201714401272,0.9839270106649163,0.9891977552595483,True,"{""num_rows"": ""2097152"", ""segment_profile"": ""tiny8"", ""shared_suffix"": ""64""}"
experiment-1,stable-warps-desc,Device=0 num_rows=32768 shared_suffix=0 segment_profile=tiny16,True,True,5,0.9904642063293584,0.9869188905395848,0.9982695265830119,True,"{""num_rows"": ""32768"", ""segment_profile"": ""tiny16"", ""shared_suffix"": ""0""}"
experiment-1,stable-warps-desc,Device=0 num_rows=2097152 shared_suffix=0 segment_profile=tiny16,True,True,5,0.9694247367339154,0.9664102748837569,0.9759176563674389,True,"{""num_rows"": ""2097152"", ""segment_profile"": ""tiny16"", ""shared_suffix"": ""0""}"
experiment-1,stable-warps-desc,Device=0 num_rows=32768 shared_suffix=64 segment_profile=tiny16,True,True,5,0.9945113580926049,0.9863080027615362,1.0005691150526022,True,"{""num_rows"": ""32768"", ""segment_profile"": ""tiny16"", ""shared_suffix"": ""64""}"
experiment-1,stable-warps-desc,Device=0 num_rows=2097152 shared_suffix=64 segment_profile=tiny16,True,True,5,0.9951212712043748,0.993145340694109,0.9963959271391657,True,"{""num_rows"": ""2097152"", ""segment_profile"": ""tiny16"", ""shared_suffix"": ""64""}"
experiment-1,stable-warps-desc,Device=0 num_rows=32768 shared_suffix=0 segment_profile=tiny32,True,True,5,0.9921278062127372,0.9767701210459343,1.027828150027898,True,"{""num_rows"": ""32768"", ""segment_profile"": ""tiny32"", ""shared_suffix"": ""0""}"
experiment-1,stable-warps-desc,Device=0 num_rows=2097152 shared_suffix=0 segment_profile=tiny32,True,True,5,0.9646656499650857,0.9630459442039201,0.970277484705688,True,"{""num_rows"": ""2097152"", ""segment_profile"": ""tiny32"", ""shared_suffix"": ""0""}"
experiment-1,stable-warps-desc,Device=0 num_rows=32768 shared_suffix=64 segment_profile=tiny32,True,True,5,0.9946449229617704,0.9862808826902886,1.0187048697162586,True,"{""num_rows"": ""32768"", ""segment_profile"": ""tiny32"", ""shared_suffix"": ""64""}"
experiment-1,stable-warps-desc,Device=0 num_rows=2097152 shared_suffix=64 segment_profile=tiny32,True,True,5,0.9948088436429214,0.993955246610075,0.9962837768962506,True,"{""num_rows"": ""2097152"", ""segment_profile"": ""tiny32"", ""shared_suffix"": ""64""}"
experiment-15,stable-warps,Device=0 num_rows=32768 shared_suffix=0 segment_profile=pairs,True,False,5,0.9954337357171603,0.989499952532563,1.0095439383168194,True,"{""num_rows"": ""32768"", ""segment_profile"": ""pairs"", ""shared_suffix"": ""0""}"
experiment-15,stable-warps,Device=0 num_rows=2097152 shared_suffix=0 segment_profile=pairs,True,False,5,0.9847599502040938,0.9810612987445381,0.9937182565371357,True,"{""num_rows"": ""2097152"", ""segment_profile"": ""pairs"", ""shared_suffix"": ""0""}"
experiment-15,stable-warps,Device=0 num_rows=32768 shared_suffix=64 segment_profile=pairs,True,False,5,0.9651292195867099,0.9551377145363673,0.9909804199195256,True,"{""num_rows"": ""32768"", ""segment_profile"": ""pairs"", ""shared_suffix"": ""64""}"
experiment-15,stable-warps,Device=0 num_rows=2097152 shared_suffix=64 segment_profile=pairs,True,False,5,0.9480983796640581,0.944507705061438,0.9549113051918473,True,"{""num_rows"": ""2097152"", ""segment_profile"": ""pairs"", ""shared_suffix"": ""64""}"
experiment-15,stable-warps,Device=0 num_rows=32768 shared_suffix=0 segment_profile=tiny4,True,False,5,0.9778101822353726,0.9703579258467071,1.0010467345110725,True,"{""num_rows"": ""32768"", ""segment_profile"": ""tiny4"", ""shared_suffix"": ""0""}"
experiment-15,stable-warps,Device=0 num_rows=2097152 shared_suffix=0 segment_profile=tiny4,True,False,5,0.9212055253368728,0.9178282719793863,0.9296714260400616,True,"{""num_rows"": ""2097152"", ""segment_profile"": ""tiny4"", ""shared_suffix"": ""0""}"
experiment-15,stable-warps,Device=0 num_rows=32768 shared_suffix=64 segment_profile=tiny4,True,False,5,0.9462017187051901,0.9289415530331471,0.962682751857325,True,"{""num_rows"": ""32768"", ""segment_profile"": ""tiny4"", ""shared_suffix"": ""64""}"
experiment-15,stable-warps,Device=0 num_rows=2097152 shared_suffix=64 segment_profile=tiny4,True,False,5,0.8502970821637654,0.8468399782738664,0.8550922044588397,True,"{""num_rows"": ""2097152"", ""segment_profile"": ""tiny4"", ""shared_suffix"": ""64""}"
experiment-15,stable-warps,Device=0 num_rows=32768 shared_suffix=0 segment_profile=tiny8,True,False,5,0.9377167732976744,0.9309288325013038,0.950501856077517,True,"{""num_rows"": ""32768"", ""segment_profile"": ""tiny8"", ""shared_suffix"": ""0""}"
experiment-15,stable-warps,Device=0 num_rows=2097152 shared_suffix=0 segment_profile=tiny8,True,False,5,0.8103522628172906,0.8067618344674088,0.8190051779852022,True,"{""num_rows"": ""2097152"", ""segment_profile"": ""tiny8"", ""shared_suffix"": ""0""}"
experiment-15,stable-warps,Device=0 num_rows=32768 shared_suffix=64 segment_profile=tiny8,True,False,5,0.908056643972678,0.9001203361797347,0.9249788072518358,True,"{""num_rows"": ""32768"", ""segment_profile"": ""tiny8"", ""shared_suffix"": ""64""}"
experiment-15,stable-warps,Device=0 num_rows=2097152 shared_suffix=64 segment_profile=tiny8,True,False,5,0.7526723881508892,0.7522160121003055,0.7549761142805839,True,"{""num_rows"": ""2097152"", ""segment_profile"": ""tiny8"", ""shared_suffix"": ""64""}"
experiment-15,stable-warps,Device=0 num_rows=32768 shared_suffix=0 segment_profile=tiny16,True,False,5,0.9181370706581469,0.9027831703908782,0.9545464411026272,True,"{""num_rows"": ""32768"", ""segment_profile"": ""tiny16"", ""shared_suffix"": ""0""}"
experiment-15,stable-warps,Device=0 num_rows=2097152 shared_suffix=0 segment_profile=tiny16,True,False,5,0.7496488492232614,0.747234086495243,0.7545727662776139,True,"{""num_rows"": ""2097152"", ""segment_profile"": ""tiny16"", ""shared_suffix"": ""0""}"
experiment-15,stable-warps,Device=0 num_rows=32768 shared_suffix=64 segment_profile=tiny16,True,False,5,0.8820255491177116,0.8709165334236044,0.8916708997154204,True,"{""num_rows"": ""32768"", ""segment_profile"": ""tiny16"", ""shared_suffix"": ""64""}"
experiment-15,stable-warps,Device=0 num_rows=2097152 shared_suffix=64 segment_profile=tiny16,True,False,5,0.6764235970805873,0.6748828167788886,0.6802944890909026,True,"{""num_rows"": ""2097152"", ""segment_profile"": ""tiny16"", ""shared_suffix"": ""64""}"
experiment-15,stable-warps,Device=0 num_rows=32768 shared_suffix=0 segment_profile=tiny32,True,False,5,0.9164893832369598,0.9079375325020292,0.9269923530573205,True,"{""num_rows"": ""32768"", ""segment_profile"": ""tiny32"", ""shared_suffix"": ""0""}"
experiment-15,stable-warps,Device=0 num_rows=2097152 shared_suffix=0 segment_profile=tiny32,True,False,5,0.7027971980587516,0.7013534009938007,0.7068058533389364,True,"{""num_rows"": ""2097152"", ""segment_profile"": ""tiny32"", ""shared_suffix"": ""0""}"
experiment-15,stable-warps,Device=0 num_rows=32768 shared_suffix=64 segment_profile=tiny32,True,False,5,0.8549214665612126,0.8510957867165981,0.8649094707637669,True,"{""num_rows"": ""32768"", ""segment_profile"": ""tiny32"", ""shared_suffix"": ""64""}"
experiment-15,stable-warps,Device=0 num_rows=2097152 shared_suffix=64 segment_profile=tiny32,True,False,5,0.6478695192198891,0.6415814219143712,0.6520603837991668,True,"{""num_rows"": ""2097152"", ""segment_profile"": ""tiny32"", ""shared_suffix"": ""64""}"
experiment-31,stable-warps-desc,Device=0 num_rows=32768 shared_suffix=0 segment_profile=pairs,True,True,5,1.0086257390011795,0.9953452769340339,1.0318980803011826,True,"{""num_rows"": ""32768"", ""segment_profile"": ""pairs"", ""shared_suffix"": ""0""}"
experiment-31,stable-warps-desc,Device=0 num_rows=2097152 shared_suffix=0 segment_profile=pairs,True,True,5,0.9885956635245023,0.8933152945342875,1.0379528406237728,True,"{""num_rows"": ""2097152"", ""segment_profile"": ""pairs"", ""shared_suffix"": ""0""}"
experiment-31,stable-warps-desc,Device=0 num_rows=32768 shared_suffix=64 segment_profile=pairs,True,True,5,0.9808645652993646,0.9623459375976309,1.008825503109907,True,"{""num_rows"": ""32768"", ""segment_profile"": ""pairs"", ""shared_suffix"": ""64""}"
experiment-31,stable-warps-desc,Device=0 num_rows=2097152 shared_suffix=64 segment_profile=pairs,True,True,5,0.9524186058244246,0.9457845187245224,0.9586129400876284,True,"{""num_rows"": ""2097152"", ""segment_profile"": ""pairs"", ""shared_suffix"": ""64""}"
experiment-31,stable-warps-desc,Device=0 num_rows=32768 shared_suffix=0 segment_profile=tiny4,True,True,5,0.9905111999299729,0.9761255818790977,1.005261013351683,True,"{""num_rows"": ""32768"", ""segment_profile"": ""tiny4"", ""shared_suffix"": ""0""}"
experiment-31,stable-warps-desc,Device=0 num_rows=2097152 shared_suffix=0 segment_profile=tiny4,True,True,5,0.9259513496286839,0.9157043739603048,0.9319649199016851,True,"{""num_rows"": ""2097152"", ""segment_profile"": ""tiny4"", ""shared_suffix"": ""0""}"
experiment-31,stable-warps-desc,Device=0 num_rows=32768 shared_suffix=64 segment_profile=tiny4,True,True,5,0.9592173370943704,0.9438860656587444,0.9787757045192691,True,"{""num_rows"": ""32768"", ""segment_profile"": ""tiny4"", ""shared_suffix"": ""64""}"
experiment-31,stable-warps-desc,Device=0 num_rows=2097152 shared_suffix=64 segment_profile=tiny4,True,True,5,0.8539497832497072,0.8490179195815375,0.8576998512318352,True,"{""num_rows"": ""2097152"", ""segment_profile"": ""tiny4"", ""shared_suffix"": ""64""}"
experiment-31,stable-warps-desc,Device=0 num_rows=32768 shared_suffix=0 segment_profile=tiny8,True,True,5,0.9496856311913643,0.935688119441909,0.9548341979014892,True,"{""num_rows"": ""32768"", ""segment_profile"": ""tiny8"", ""shared_suffix"": ""0""}"
experiment-31,stable-warps-desc,Device=0 num_rows=2097152 shared_suffix=0 segment_profile=tiny8,True,True,5,0.8158955691625499,0.8100789016660904,0.8189493826642684,True,"{""num_rows"": ""2097152"", ""segment_profile"": ""tiny8"", ""shared_suffix"": ""0""}"
experiment-31,stable-warps-desc,Device=0 num_rows=32768 shared_suffix=64 segment_profile=tiny8,True,True,5,0.9184571147172621,0.9021499918330168,0.9369915160227748,True,"{""num_rows"": ""32768"", ""segment_profile"": ""tiny8"", ""shared_suffix"": ""64""}"
experiment-31,stable-warps-desc,Device=0 num_rows=2097152 shared_suffix=64 segment_profile=tiny8,True,True,5,0.7560724772714339,0.7512943914432182,0.7608600482026397,True,"{""num_rows"": ""2097152"", ""segment_profile"": ""tiny8"", ""shared_suffix"": ""64""}"
experiment-31,stable-warps-desc,Device=0 num_rows=32768 shared_suffix=0 segment_profile=tiny16,True,True,5,0.9289969384117788,0.9225920420916446,0.9406976822188635,True,"{""num_rows"": ""32768"", ""segment_profile"": ""tiny16"", ""shared_suffix"": ""0""}"
experiment-31,stable-warps-desc,Device=0 num_rows=2097152 shared_suffix=0 segment_profile=tiny16,True,True,5,0.7546174216736249,0.7478934590749593,0.7583697352201068,True,"{""num_rows"": ""2097152"", ""segment_profile"": ""tiny16"", ""shared_suffix"": ""0""}"
experiment-31,stable-warps-desc,Device=0 num_rows=32768 shared_suffix=64 segment_profile=tiny16,True,True,5,0.881288624192137,0.8687228484897709,0.8943856088497623,True,"{""num_rows"": ""32768"", ""segment_profile"": ""tiny16"", ""shared_suffix"": ""64""}"
experiment-31,stable-warps-desc,Device=0 num_rows=2097152 shared_suffix=64 segment_profile=tiny16,True,True,5,0.6782011011607457,0.6764049070605048,0.679504344185813,True,"{""num_rows"": ""2097152"", ""segment_profile"": ""tiny16"", ""shared_suffix"": ""64""}"
experiment-31,stable-warps-desc,Device=0 num_rows=32768 shared_suffix=0 segment_profile=tiny32,True,True,5,0.9258758412011939,0.9112780416851365,0.9336277668976298,True,"{""num_rows"": ""32768"", ""segment_profile"": ""tiny32"", ""shared_suffix"": ""0""}"
experiment-31,stable-warps-desc,Device=0 num_rows=2097152 shared_suffix=0 segment_profile=tiny32,True,True,5,0.7061407276152728,0.7015953603369616,0.7104349570513043,True,"{""num_rows"": ""2097152"", ""segment_profile"": ""tiny32"", ""shared_suffix"": ""0""}"
experiment-31,stable-warps-desc,Device=0 num_rows=32768 shared_suffix=64 segment_profile=tiny32,True,True,5,0.863336320340754,0.8555395186323896,0.870733207352988,True,"{""num_rows"": ""32768"", ""segment_profile"": ""tiny32"", ""shared_suffix"": ""64""}"
experiment-31,stable-warps-desc,Device=0 num_rows=2097152 shared_suffix=64 segment_profile=tiny32,True,True,5,0.6494878438082546,0.6475073146342942,0.6508270386728191,True,"{""num_rows"": ""2097152"", ""segment_profile"": ""tiny32"", ""shared_suffix"": ""64""}"
experiment-15,unstable-warps,Device=0 num_rows=32768 shared_suffix=0 segment_profile=singletons,False,False,5,0.9959249212716472,0.9795094699877698,1.0084333253690263,True,"{""num_rows"": ""32768"", ""segment_profile"": ""singletons"", ""shared_suffix"": ""0""}"
experiment-15,unstable-warps,Device=0 num_rows=2097152 shared_suffix=0 segment_profile=singletons,False,False,5,0.9832478433941533,0.781141447037464,1.056948227727713,True,"{""num_rows"": ""2097152"", ""segment_profile"": ""singletons"", ""shared_suffix"": ""0""}"
experiment-15,unstable-warps,Device=0 num_rows=32768 shared_suffix=64 segment_profile=singletons,False,False,5,0.9689290151694502,0.9589447159658832,0.9999951287089396,True,"{""num_rows"": ""32768"", ""segment_profile"": ""singletons"", ""shared_suffix"": ""64""}"
experiment-15,unstable-warps,Device=0 num_rows=2097152 shared_suffix=64 segment_profile=singletons,False,False,5,0.9957175360420576,0.9919795663648066,1.00283418053163,True,"{""num_rows"": ""2097152"", ""segment_profile"": ""singletons"", ""shared_suffix"": ""64""}"
experiment-15,unstable-warps,Device=0 num_rows=32768 shared_suffix=0 segment_profile=pairs,False,False,5,0.9882677825608139,0.9760762698045309,1.0026974562544637,True,"{""num_rows"": ""32768"", ""segment_profile"": ""pairs"", ""shared_suffix"": ""0""}"
experiment-15,unstable-warps,Device=0 num_rows=2097152 shared_suffix=0 segment_profile=pairs,False,False,5,1.0030320909245583,0.9985317998473929,1.0076407018288356,True,"{""num_rows"": ""2097152"", ""segment_profile"": ""pairs"", ""shared_suffix"": ""0""}"
experiment-15,unstable-warps,Device=0 num_rows=32768 shared_suffix=64 segment_profile=pairs,False,False,5,0.9838138364280462,0.9687985080372744,1.0051604862008716,True,"{""num_rows"": ""32768"", ""segment_profile"": ""pairs"", ""shared_suffix"": ""64""}"
experiment-15,unstable-warps,Device=0 num_rows=2097152 shared_suffix=64 segment_profile=pairs,False,False,5,0.9990744880095463,0.9965783806541176,1.0035657291685862,True,"{""num_rows"": ""2097152"", ""segment_profile"": ""pairs"", ""shared_suffix"": ""64""}"
experiment-15,unstable-warps,Device=0 num_rows=32768 shared_suffix=0 segment_profile=tiny4,False,False,5,0.9885685046530178,0.9722082443486681,1.004134583785077,True,"{""num_rows"": ""32768"", ""segment_profile"": ""tiny4"", ""shared_suffix"": ""0""}"
experiment-15,unstable-warps,Device=0 num_rows=2097152 shared_suffix=0 segment_profile=tiny4,False,False,5,0.9953779271104554,0.990708242144576,1.0023014148604477,True,"{""num_rows"": ""2097152"", ""segment_profile"": ""tiny4"", ""shared_suffix"": ""0""}"
experiment-15,unstable-warps,Device=0 num_rows=32768 shared_suffix=64 segment_profile=tiny4,False,False,5,0.9849190060073385,0.9711062873660855,1.0005930687207374,True,"{""num_rows"": ""32768"", ""segment_profile"": ""tiny4"", ""shared_suffix"": ""64""}"
experiment-15,unstable-warps,Device=0 num_rows=2097152 shared_suffix=64 segment_profile=tiny4,False,False,5,0.9973032827036977,0.9951756735020811,1.0014192139141918,True,"{""num_rows"": ""2097152"", ""segment_profile"": ""tiny4"", ""shared_suffix"": ""64""}"
experiment-15,unstable-warps,Device=0 num_rows=32768 shared_suffix=0 segment_profile=tiny8,False,False,5,0.9940879196070964,0.946755392662731,1.0146659452301734,True,"{""num_rows"": ""32768"", ""segment_profile"": ""tiny8"", ""shared_suffix"": ""0""}"
experiment-15,unstable-warps,Device=0 num_rows=2097152 shared_suffix=0 segment_profile=tiny8,False,False,5,0.987263005578117,0.9787165191428835,0.9938221400134294,True,"{""num_rows"": ""2097152"", ""segment_profile"": ""tiny8"", ""shared_suffix"": ""0""}"
experiment-15,unstable-warps,Device=0 num_rows=32768 shared_suffix=64 segment_profile=tiny8,False,False,5,0.9854505062297096,0.9783381107405128,0.9932974745631314,True,"{""num_rows"": ""32768"", ""segment_profile"": ""tiny8"", ""shared_suffix"": ""64""}"
experiment-15,unstable-warps,Device=0 num_rows=2097152 shared_suffix=64 segment_profile=tiny8,False,False,5,0.9920561251603542,0.9908789485941748,0.9946066600572008,True,"{""num_rows"": ""2097152"", ""segment_profile"": ""tiny8"", ""shared_suffix"": ""64""}"
experiment-15,unstable-warps,Device=0 num_rows=32768 shared_suffix=0 segment_profile=tiny16,False,False,5,0.9910180920723142,0.9733907070115085,1.0012484185148338,True,"{""num_rows"": ""32768"", ""segment_profile"": ""tiny16"", ""shared_suffix"": ""0""}"
experiment-15,unstable-warps,Device=0 num_rows=2097152 shared_suffix=0 segment_profile=tiny16,False,False,5,0.978285939526736,0.9738808627882088,0.9846251563157495,True,"{""num_rows"": ""2097152"", ""segment_profile"": ""tiny16"", ""shared_suffix"": ""0""}"
experiment-15,unstable-warps,Device=0 num_rows=32768 shared_suffix=64 segment_profile=tiny16,False,False,5,0.9902651291294599,0.9816578864666737,0.9961756685294452,True,"{""num_rows"": ""32768"", ""segment_profile"": ""tiny16"", ""shared_suffix"": ""64""}"
experiment-15,unstable-warps,Device=0 num_rows=2097152 shared_suffix=64 segment_profile=tiny16,False,False,5,0.9929963367938289,0.9833401690771535,1.0168781115128935,True,"{""num_rows"": ""2097152"", ""segment_profile"": ""tiny16"", ""shared_suffix"": ""64""}"
experiment-15,unstable-warps,Device=0 num_rows=32768 shared_suffix=0 segment_profile=tiny32,False,False,5,0.9914306335624008,0.8508966613445438,1.0659964707671474,True,"{""num_rows"": ""32768"", ""segment_profile"": ""tiny32"", ""shared_suffix"": ""0""}"
experiment-15,unstable-warps,Device=0 num_rows=2097152 shared_suffix=0 segment_profile=tiny32,False,False,5,0.9777113873192027,0.9764246943354973,0.9814811439972679,True,"{""num_rows"": ""2097152"", ""segment_profile"": ""tiny32"", ""shared_suffix"": ""0""}"
experiment-15,unstable-warps,Device=0 num_rows=32768 shared_suffix=64 segment_profile=tiny32,False,False,5,0.9961325369790505,0.9884321257248573,1.0004281567231534,True,"{""num_rows"": ""32768"", ""segment_profile"": ""tiny32"", ""shared_suffix"": ""64""}"
experiment-15,unstable-warps,Device=0 num_rows=2097152 shared_suffix=64 segment_profile=tiny32,False,False,5,0.993961547872201,0.993385299358827,0.9964232588564348,True,"{""num_rows"": ""2097152"", ""segment_profile"": ""tiny32"", ""shared_suffix"": ""64""}"
experiment-3,identity-null,Device=0 num_rows=2097152 profile=fixed_8 null_percent=100,False,False,5,1.0085540041327656,0.9743446955970968,1.0196770840523641,True,"{""null_percent"": ""100"", ""num_rows"": ""2097152"", ""profile"": ""fixed_8""}"
experiment-31,prefix-targets,Device=0 num_rows=262144 prefix_width=8 suffix_width=32 prefix_cardinality=1,False,False,5,0.98929760509952,0.982618742316186,1.003051547321544,True,"{""num_rows"": ""262144"", ""prefix_cardinality"": ""1"", ""prefix_width"": ""8"", ""suffix_width"": ""32""}"
experiment-31,prefix-targets,Device=0 num_rows=2097152 prefix_width=8 suffix_width=32 prefix_cardinality=1,False,False,5,0.9809832663236402,0.9790396329484088,0.9842265255230324,True,"{""num_rows"": ""2097152"", ""prefix_cardinality"": ""1"", ""prefix_width"": ""8"", ""suffix_width"": ""32""}"
experiment-31,prefix-targets,Device=0 num_rows=262144 prefix_width=10 suffix_width=32 prefix_cardinality=1,False,False,5,0.9925855071384599,0.986701085893164,0.9960049435115906,True,"{""num_rows"": ""262144"", ""prefix_cardinality"": ""1"", ""prefix_width"": ""10"", ""suffix_width"": ""32""}"
experiment-31,prefix-targets,Device=0 num_rows=2097152 prefix_width=10 suffix_width=32 prefix_cardinality=1,False,False,5,0.9831302224301852,0.9823498569863255,0.9859556648597546,True,"{""num_rows"": ""2097152"", ""prefix_cardinality"": ""1"", ""prefix_width"": ""10"", ""suffix_width"": ""32""}"
experiment-31,prefix-targets,Device=0 num_rows=262144 prefix_width=11 suffix_width=32 prefix_cardinality=1,False,False,5,0.9894817277032801,0.9875604375573481,0.996493385447582,True,"{""num_rows"": ""262144"", ""prefix_cardinality"": ""1"", ""prefix_width"": ""11"", ""suffix_width"": ""32""}"
experiment-31,prefix-targets,Device=0 num_rows=2097152 prefix_width=11 suffix_width=32 prefix_cardinality=1,False,False,5,0.9852736021895723,0.9831305198534446,0.9867814333157102,True,"{""num_rows"": ""2097152"", ""prefix_cardinality"": ""1"", ""prefix_width"": ""11"", ""suffix_width"": ""32""}"
experiment-31,prefix-targets,Device=0 num_rows=262144 prefix_width=12 suffix_width=32 prefix_cardinality=1,False,False,5,0.9898316664610999,0.9881485968964265,0.9960026859524213,True,"{""num_rows"": ""262144"", ""prefix_cardinality"": ""1"", ""prefix_width"": ""12"", ""suffix_width"": ""32""}"
experiment-31,prefix-targets,Device=0 num_rows=2097152 prefix_width=12 suffix_width=32 prefix_cardinality=1,False,False,5,0.9846177210658793,0.9839225108307309,0.9860754187348025,True,"{""num_rows"": ""2097152"", ""prefix_cardinality"": ""1"", ""prefix_width"": ""12"", ""suffix_width"": ""32""}"
experiment-2,zero,Device=0 num_rows=32768 profile=zero_collision_pass1,False,False,5,1.0176204967419398,0.9965486380119303,1.02130782635798,True,"{""num_rows"": ""32768"", ""profile"": ""zero_collision_pass1""}"
experiment-2,zero,Device=0 num_rows=32768 profile=zero_collision_pass2,False,False,5,1.0162618245944333,1.0001881045946521,1.0246343560849243,True,"{""num_rows"": ""32768"", ""profile"": ""zero_collision_pass2""}"
experiment-1,zero,Device=0 num_rows=32768 profile=zero_collision_pass1,False,False,5,0.9824122754328767,0.946395628422002,1.0253841668465051,True,"{""num_rows"": ""32768"", ""profile"": ""zero_collision_pass1""}"
experiment-1,zero,Device=0 num_rows=32768 profile=zero_collision_pass2,False,False,5,0.9770536693918087,0.9536909452185657,1.0050059115513725,True,"{""num_rows"": ""32768"", ""profile"": ""zero_collision_pass2""}"
experiment-2,unstable-warps,Device=0 num_rows=32768 shared_suffix=0 segment_profile=singletons,False,False,5,1.0007263836980922,0.9827490190149505,1.0117701196389854,True,"{""num_rows"": ""32768"", ""segment_profile"": ""singletons"", ""shared_suffix"": ""0""}"
experiment-2,unstable-warps,Device=0 num_rows=2097152 shared_suffix=0 segment_profile=singletons,False,False,5,0.9876966281824305,0.7871514164949424,1.060344398405467,True,"{""num_rows"": ""2097152"", ""segment_profile"": ""singletons"", ""shared_suffix"": ""0""}"
experiment-2,unstable-warps,Device=0 num_rows=32768 shared_suffix=64 segment_profile=singletons,False,False,5,0.9940866670459036,0.9563353865993344,1.0226817011889797,True,"{""num_rows"": ""32768"", ""segment_profile"": ""singletons"", ""shared_suffix"": ""64""}"
experiment-2,unstable-warps,Device=0 num_rows=2097152 shared_suffix=64 segment_profile=singletons,False,False,5,0.99677432054186,0.9876394921877512,1.0066848395283217,True,"{""num_rows"": ""2097152"", ""segment_profile"": ""singletons"", ""shared_suffix"": ""64""}"
experiment-2,unstable-warps,Device=0 num_rows=32768 shared_suffix=0 segment_profile=pairs,False,False,5,0.9980787901881664,0.9701782539231981,1.0183860816646022,True,"{""num_rows"": ""32768"", ""segment_profile"": ""pairs"", ""shared_suffix"": ""0""}"
experiment-2,unstable-warps,Device=0 num_rows=2097152 shared_suffix=0 segment_profile=pairs,False,False,5,1.0047310607620439,0.9991310122292298,1.009781157072591,True,"{""num_rows"": ""2097152"", ""segment_profile"": ""pairs"", ""shared_suffix"": ""0""}"
experiment-2,unstable-warps,Device=0 num_rows=32768 shared_suffix=64 segment_profile=pairs,False,False,5,0.993010612383254,0.9633439569631207,1.0207034768042422,True,"{""num_rows"": ""32768"", ""segment_profile"": ""pairs"", ""shared_suffix"": ""64""}"
experiment-2,unstable-warps,Device=0 num_rows=2097152 shared_suffix=64 segment_profile=pairs,False,False,5,1.0016799324766352,0.9970507947396805,1.0054164158606578,True,"{""num_rows"": ""2097152"", ""segment_profile"": ""pairs"", ""shared_suffix"": ""64""}"
experiment-2,unstable-warps,Device=0 num_rows=32768 shared_suffix=0 segment_profile=tiny4,False,False,5,1.000446959760956,0.9657169489354434,1.0218199655463838,True,"{""num_rows"": ""32768"", ""segment_profile"": ""tiny4"", ""shared_suffix"": ""0""}"
experiment-2,unstable-warps,Device=0 num_rows=2097152 shared_suffix=0 segment_profile=tiny4,False,False,5,1.0006505139622324,0.9962664093544259,1.0097977141407641,True,"{""num_rows"": ""2097152"", ""segment_profile"": ""tiny4"", ""shared_suffix"": ""0""}"
experiment-2,unstable-warps,Device=0 num_rows=32768 shared_suffix=64 segment_profile=tiny4,False,False,5,0.9917174468404499,0.9703388835183393,1.008989661132665,True,"{""num_rows"": ""32768"", ""segment_profile"": ""tiny4"", ""shared_suffix"": ""64""}"
experiment-2,unstable-warps,Device=0 num_rows=2097152 shared_suffix=64 segment_profile=tiny4,False,False,5,1.0004763019557679,0.9960934152113052,1.0057774612993826,True,"{""num_rows"": ""2097152"", ""segment_profile"": ""tiny4"", ""shared_suffix"": ""64""}"
experiment-2,unstable-warps,Device=0 num_rows=32768 shared_suffix=0 segment_profile=tiny8,False,False,5,0.997051907135408,0.953431132497608,1.0175724540141935,True,"{""num_rows"": ""32768"", ""segment_profile"": ""tiny8"", ""shared_suffix"": ""0""}"
experiment-2,unstable-warps,Device=0 num_rows=2097152 shared_suffix=0 segment_profile=tiny8,False,False,5,0.9957791138474807,0.985367724889549,1.0056774191125275,True,"{""num_rows"": ""2097152"", ""segment_profile"": ""tiny8"", ""shared_suffix"": ""0""}"
experiment-2,unstable-warps,Device=0 num_rows=32768 shared_suffix=64 segment_profile=tiny8,False,False,5,0.9926418382772703,0.9793829143443638,1.001669805488791,True,"{""num_rows"": ""32768"", ""segment_profile"": ""tiny8"", ""shared_suffix"": ""64""}"
experiment-2,unstable-warps,Device=0 num_rows=2097152 shared_suffix=64 segment_profile=tiny8,False,False,5,0.9983703262529968,0.9968951493144811,0.999977891015027,True,"{""num_rows"": ""2097152"", ""segment_profile"": ""tiny8"", ""shared_suffix"": ""64""}"
experiment-2,unstable-warps,Device=0 num_rows=32768 shared_suffix=0 segment_profile=tiny16,False,False,5,0.9976668834624576,0.9746781354247919,1.01305343217594,True,"{""num_rows"": ""32768"", ""segment_profile"": ""tiny16"", ""shared_suffix"": ""0""}"
experiment-2,unstable-warps,Device=0 num_rows=2097152 shared_suffix=0 segment_profile=tiny16,False,False,5,0.9964556308593356,0.9920384671466066,1.0031790866079413,True,"{""num_rows"": ""2097152"", ""segment_profile"": ""tiny16"", ""shared_suffix"": ""0""}"
experiment-2,unstable-warps,Device=0 num_rows=32768 shared_suffix=64 segment_profile=tiny16,False,False,5,0.9966266962624073,0.9771959087631371,1.016115024439189,True,"{""num_rows"": ""32768"", ""segment_profile"": ""tiny16"", ""shared_suffix"": ""64""}"
experiment-2,unstable-warps,Device=0 num_rows=2097152 shared_suffix=64 segment_profile=tiny16,False,False,5,0.9989136487188288,0.996432968450388,1.0021812512102561,True,"{""num_rows"": ""2097152"", ""segment_profile"": ""tiny16"", ""shared_suffix"": ""64""}"
experiment-2,unstable-warps,Device=0 num_rows=32768 shared_suffix=0 segment_profile=tiny32,False,False,5,0.9993566195873897,0.8472844379545802,1.0818475733072954,True,"{""num_rows"": ""32768"", ""segment_profile"": ""tiny32"", ""shared_suffix"": ""0""}"
experiment-2,unstable-warps,Device=0 num_rows=2097152 shared_suffix=0 segment_profile=tiny32,False,False,5,0.9962653553794373,0.9944345697660184,1.0025371277046327,True,"{""num_rows"": ""2097152"", ""segment_profile"": ""tiny32"", ""shared_suffix"": ""0""}"
experiment-2,unstable-warps,Device=0 num_rows=32768 shared_suffix=64 segment_profile=tiny32,False,False,5,1.0010741144113289,0.9827371610234922,1.0161447756952064,True,"{""num_rows"": ""32768"", ""segment_profile"": ""tiny32"", ""shared_suffix"": ""64""}"
experiment-2,unstable-warps,Device=0 num_rows=2097152 shared_suffix=64 segment_profile=tiny32,False,False,5,0.9989382893090801,0.9971472207923814,1.001925817194179,True,"{""num_rows"": ""2097152"", ""segment_profile"": ""tiny32"", ""shared_suffix"": ""64""}"
experiment-15,identity-null,Device=0 num_rows=2097152 profile=fixed_8 null_percent=100,False,False,5,1.0147277591570485,0.9686123701159864,1.0311693164192077,True,"{""null_percent"": ""100"", ""num_rows"": ""2097152"", ""profile"": ""fixed_8""}"
experiment-15,prefix-targets,Device=0 num_rows=262144 prefix_width=8 suffix_width=32 prefix_cardinality=1,False,False,5,0.9899884393255594,0.9750264076538634,1.0045770353124746,True,"{""num_rows"": ""262144"", ""prefix_cardinality"": ""1"", ""prefix_width"": ""8"", ""suffix_width"": ""32""}"
experiment-15,prefix-targets,Device=0 num_rows=2097152 prefix_width=8 suffix_width=32 prefix_cardinality=1,False,False,5,0.9808931291491727,0.9779517670239293,0.9837202342224249,True,"{""num_rows"": ""2097152"", ""prefix_cardinality"": ""1"", ""prefix_width"": ""8"", ""suffix_width"": ""32""}"
experiment-15,prefix-targets,Device=0 num_rows=262144 prefix_width=10 suffix_width=32 prefix_cardinality=1,False,False,5,0.9902014273345444,0.9788184265078533,0.999119708980096,True,"{""num_rows"": ""262144"", ""prefix_cardinality"": ""1"", ""prefix_width"": ""10"", ""suffix_width"": ""32""}"
experiment-15,prefix-targets,Device=0 num_rows=2097152 prefix_width=10 suffix_width=32 prefix_cardinality=1,False,False,5,0.9827746080070776,0.9808878115258759,0.9857661818947896,True,"{""num_rows"": ""2097152"", ""prefix_cardinality"": ""1"", ""prefix_width"": ""10"", ""suffix_width"": ""32""}"
experiment-15,prefix-targets,Device=0 num_rows=262144 prefix_width=11 suffix_width=32 prefix_cardinality=1,False,False,5,0.9893331342696312,0.9759165889289795,1.0025355517647838,True,"{""num_rows"": ""262144"", ""prefix_cardinality"": ""1"", ""prefix_width"": ""11"", ""suffix_width"": ""32""}"
experiment-15,prefix-targets,Device=0 num_rows=2097152 prefix_width=11 suffix_width=32 prefix_cardinality=1,False,False,5,0.9846226828019169,0.9816316972531031,0.9866235058625258,True,"{""num_rows"": ""2097152"", ""prefix_cardinality"": ""1"", ""prefix_width"": ""11"", ""suffix_width"": ""32""}"
experiment-15,prefix-targets,Device=0 num_rows=262144 prefix_width=12 suffix_width=32 prefix_cardinality=1,False,False,5,0.9909646167739531,0.9809045702565734,0.9991838492401903,True,"{""num_rows"": ""262144"", ""prefix_cardinality"": ""1"", ""prefix_width"": ""12"", ""suffix_width"": ""32""}"
experiment-15,prefix-targets,Device=0 num_rows=2097152 prefix_width=12 suffix_width=32 prefix_cardinality=1,False,False,5,0.9839504249177214,0.9834595473111605,0.9856189885656881,True,"{""num_rows"": ""2097152"", ""prefix_cardinality"": ""1"", ""prefix_width"": ""12"", ""suffix_width"": ""32""}"
experiment-3,active-fractions,Device=0 num_rows=262144 profile=active_10,False,False,5,0.9575643122547315,0.947469458490381,0.9870661046083071,True,"{""num_rows"": ""262144"", ""profile"": ""active_10""}"
experiment-3,active-fractions,Device=0 num_rows=2097152 profile=active_10,False,False,5,0.9766693870103353,0.971587970149193,0.9876079732639383,True,"{""num_rows"": ""2097152"", ""profile"": ""active_10""}"
experiment-3,active-fractions,Device=0 num_rows=262144 profile=active_50,False,False,5,0.9631603072791136,0.9570317436340756,0.9864487454810719,True,"{""num_rows"": ""262144"", ""profile"": ""active_50""}"
experiment-3,active-fractions,Device=0 num_rows=2097152 profile=active_50,False,False,5,0.9666511667456322,0.9619122394287143,0.9734572012409857,True,"{""num_rows"": ""2097152"", ""profile"": ""active_50""}"
experiment-15,zero,Device=0 num_rows=32768 profile=zero_collision_pass1,False,False,5,1.0042225983526696,0.9771280004635052,1.0023983068491826,True,"{""num_rows"": ""32768"", ""profile"": ""zero_collision_pass1""}"
experiment-15,zero,Device=0 num_rows=32768 profile=zero_collision_pass2,False,False,5,0.9926326479053135,0.9761428163437583,0.9918885934443035,True,"{""num_rows"": ""32768"", ""profile"": ""zero_collision_pass2""}"
experiment-3,identity-constant,Device=0 num_rows=2097152 profile=cardinality_1_width_32,False,False,5,1.0045953054050611,0.9932601963306763,1.016720735184047,True,"{""num_rows"": ""2097152"", ""profile"": ""cardinality_1_width_32""}"
experiment-15,identity-constant,Device=0 num_rows=2097152 profile=cardinality_1_width_32,False,False,5,1.0037800098762764,0.9812307415602695,1.0316742578317235,True,"{""num_rows"": ""2097152"", ""profile"": ""cardinality_1_width_32""}"
experiment-15,active-fractions,Device=0 num_rows=262144 profile=active_10,False,False,5,0.9814502660109978,0.9727082361109255,0.9902775474782702,True,"{""num_rows"": ""262144"", ""profile"": ""active_10""}"
experiment-15,active-fractions,Device=0 num_rows=2097152 profile=active_10,False,False,5,0.9962353079844234,0.988625531793947,1.0010594647507147,True,"{""num_rows"": ""2097152"", ""profile"": ""active_10""}"
experiment-15,active-fractions,Device=0 num_rows=262144 profile=active_50,False,False,5,0.9824968924168915,0.9767775724368275,1.0007054526837487,True,"{""num_rows"": ""262144"", ""profile"": ""active_50""}"
experiment-15,active-fractions,Device=0 num_rows=2097152 profile=active_50,False,False,5,0.9770225278758562,0.9717211096674562,0.9840249447138496,True,"{""num_rows"": ""2097152"", ""profile"": ""active_50""}"
experiment-3,unstable-warps,Device=0 num_rows=32768 shared_suffix=0 segment_profile=singletons,False,False,5,0.9944310448413706,0.9835910577412935,1.0027171034444702,True,"{""num_rows"": ""32768"", ""segment_profile"": ""singletons"", ""shared_suffix"": ""0""}"
experiment-3,unstable-warps,Device=0 num_rows=2097152 shared_suffix=0 segment_profile=singletons,False,False,5,0.9836496775943784,0.7861446894241826,1.055806803368496,True,"{""num_rows"": ""2097152"", ""segment_profile"": ""singletons"", ""shared_suffix"": ""0""}"
experiment-3,unstable-warps,Device=0 num_rows=32768 shared_suffix=64 segment_profile=singletons,False,False,5,0.9721364076167094,0.9603704741517004,1.0112802893499064,True,"{""num_rows"": ""32768"", ""segment_profile"": ""singletons"", ""shared_suffix"": ""64""}"
experiment-3,unstable-warps,Device=0 num_rows=2097152 shared_suffix=64 segment_profile=singletons,False,False,5,0.997835974478208,0.9883890506185335,1.0075616954325965,True,"{""num_rows"": ""2097152"", ""segment_profile"": ""singletons"", ""shared_suffix"": ""64""}"
experiment-3,unstable-warps,Device=0 num_rows=32768 shared_suffix=0 segment_profile=pairs,False,False,5,0.9861054115528429,0.9746954225823726,1.009897791910853,True,"{""num_rows"": ""32768"", ""segment_profile"": ""pairs"", ""shared_suffix"": ""0""}"
experiment-3,unstable-warps,Device=0 num_rows=2097152 shared_suffix=0 segment_profile=pairs,False,False,5,1.0017620754547283,0.9955512405572668,1.0114522304230549,True,"{""num_rows"": ""2097152"", ""segment_profile"": ""pairs"", ""shared_suffix"": ""0""}"
experiment-3,unstable-warps,Device=0 num_rows=32768 shared_suffix=64 segment_profile=pairs,False,False,5,0.9836716874638235,0.9637708100309251,1.0167199630581145,True,"{""num_rows"": ""32768"", ""segment_profile"": ""pairs"", ""shared_suffix"": ""64""}"
experiment-3,unstable-warps,Device=0 num_rows=2097152 shared_suffix=64 segment_profile=pairs,False,False,5,1.0021722477260637,0.9974856100253026,1.0071921107875323,True,"{""num_rows"": ""2097152"", ""segment_profile"": ""pairs"", ""shared_suffix"": ""64""}"
experiment-3,unstable-warps,Device=0 num_rows=32768 shared_suffix=0 segment_profile=tiny4,False,False,5,0.9892328851419916,0.9634199247252693,1.0165750456234133,True,"{""num_rows"": ""32768"", ""segment_profile"": ""tiny4"", ""shared_suffix"": ""0""}"
experiment-3,unstable-warps,Device=0 num_rows=2097152 shared_suffix=0 segment_profile=tiny4,False,False,5,0.9971682255002062,0.9897435160790882,1.0083323102327757,True,"{""num_rows"": ""2097152"", ""segment_profile"": ""tiny4"", ""shared_suffix"": ""0""}"
experiment-3,unstable-warps,Device=0 num_rows=32768 shared_suffix=64 segment_profile=tiny4,False,False,5,0.982096949498153,0.9661232037606605,1.0135070953834422,True,"{""num_rows"": ""32768"", ""segment_profile"": ""tiny4"", ""shared_suffix"": ""64""}"
experiment-3,unstable-warps,Device=0 num_rows=2097152 shared_suffix=64 segment_profile=tiny4,False,False,5,0.9973081830933365,0.9939435627028654,1.0039168710712014,True,"{""num_rows"": ""2097152"", ""segment_profile"": ""tiny4"", ""shared_suffix"": ""64""}"
experiment-3,unstable-warps,Device=0 num_rows=32768 shared_suffix=0 segment_profile=tiny8,False,False,5,0.998625286427724,0.9494054635240927,1.0204405182551792,True,"{""num_rows"": ""32768"", ""segment_profile"": ""tiny8"", ""shared_suffix"": ""0""}"
experiment-3,unstable-warps,Device=0 num_rows=2097152 shared_suffix=0 segment_profile=tiny8,False,False,5,0.9859077593121672,0.9747550458008941,0.9992222093554102,True,"{""num_rows"": ""2097152"", ""segment_profile"": ""tiny8"", ""shared_suffix"": ""0""}"
experiment-3,unstable-warps,Device=0 num_rows=32768 shared_suffix=64 segment_profile=tiny8,False,False,5,0.9863272343293537,0.9750410004041598,1.0013096211308459,True,"{""num_rows"": ""32768"", ""segment_profile"": ""tiny8"", ""shared_suffix"": ""64""}"
experiment-3,unstable-warps,Device=0 num_rows=2097152 shared_suffix=64 segment_profile=tiny8,False,False,5,0.9931372113764224,0.9901424738295319,0.9966298248180622,True,"{""num_rows"": ""2097152"", ""segment_profile"": ""tiny8"", ""shared_suffix"": ""64""}"
experiment-3,unstable-warps,Device=0 num_rows=32768 shared_suffix=0 segment_profile=tiny16,False,False,5,0.9914270660849414,0.9700246079108572,1.0145890908937443,True,"{""num_rows"": ""32768"", ""segment_profile"": ""tiny16"", ""shared_suffix"": ""0""}"
experiment-3,unstable-warps,Device=0 num_rows=2097152 shared_suffix=0 segment_profile=tiny16,False,False,5,0.9784442932322631,0.9736749787514806,0.9882206312729479,True,"{""num_rows"": ""2097152"", ""segment_profile"": ""tiny16"", ""shared_suffix"": ""0""}"
experiment-3,unstable-warps,Device=0 num_rows=32768 shared_suffix=64 segment_profile=tiny16,False,False,5,0.983600299291555,0.9715520099220487,1.0017643731423262,True,"{""num_rows"": ""32768"", ""segment_profile"": ""tiny16"", ""shared_suffix"": ""64""}"
experiment-3,unstable-warps,Device=0 num_rows=2097152 shared_suffix=64 segment_profile=tiny16,False,False,5,0.9931922452067292,0.9913921724670854,0.9971796803970673,True,"{""num_rows"": ""2097152"", ""segment_profile"": ""tiny16"", ""shared_suffix"": ""64""}"
experiment-3,unstable-warps,Device=0 num_rows=32768 shared_suffix=0 segment_profile=tiny32,False,False,5,0.993651456655851,0.8488771613709617,1.0704856849215316,True,"{""num_rows"": ""32768"", ""segment_profile"": ""tiny32"", ""shared_suffix"": ""0""}"
experiment-3,unstable-warps,Device=0 num_rows=2097152 shared_suffix=0 segment_profile=tiny32,False,False,5,0.9786103445594122,0.974589084680063,0.9855011558365471,True,"{""num_rows"": ""2097152"", ""segment_profile"": ""tiny32"", ""shared_suffix"": ""0""}"
experiment-3,unstable-warps,Device=0 num_rows=32768 shared_suffix=64 segment_profile=tiny32,False,False,5,0.9969053747832712,0.9707310157329859,1.0340614395796397,True,"{""num_rows"": ""32768"", ""segment_profile"": ""tiny32"", ""shared_suffix"": ""64""}"
experiment-3,unstable-warps,Device=0 num_rows=2097152 shared_suffix=64 segment_profile=tiny32,False,False,5,0.9942460280333543,0.9931440270429532,0.9970819440835067,True,"{""num_rows"": ""2097152"", ""segment_profile"": ""tiny32"", ""shared_suffix"": ""64""}"
experiment-3,prefix-targets,Device=0 num_rows=262144 prefix_width=8 suffix_width=32 prefix_cardinality=1,False,False,5,0.9861204464032054,0.9711931150726854,1.0009784667509158,True,"{""num_rows"": ""262144"", ""prefix_cardinality"": ""1"", ""prefix_width"": ""8"", ""suffix_width"": ""32""}"
experiment-3,prefix-targets,Device=0 num_rows=2097152 prefix_width=8 suffix_width=32 prefix_cardinality=1,False,False,5,0.979085853083557,0.9776031308143828,0.982060142818507,True,"{""num_rows"": ""2097152"", ""prefix_cardinality"": ""1"", ""prefix_width"": ""8"", ""suffix_width"": ""32""}"
experiment-3,prefix-targets,Device=0 num_rows=262144 prefix_width=10 suffix_width=32 prefix_cardinality=1,False,False,5,0.9857777061614028,0.9786617018412228,0.9912517946957117,True,"{""num_rows"": ""262144"", ""prefix_cardinality"": ""1"", ""prefix_width"": ""10"", ""suffix_width"": ""32""}"
experiment-3,prefix-targets,Device=0 num_rows=2097152 prefix_width=10 suffix_width=32 prefix_cardinality=1,False,False,5,0.9822155636391554,0.9774523364549691,0.9928007175881707,True,"{""num_rows"": ""2097152"", ""prefix_cardinality"": ""1"", ""prefix_width"": ""10"", ""suffix_width"": ""32""}"
experiment-3,prefix-targets,Device=0 num_rows=262144 prefix_width=11 suffix_width=32 prefix_cardinality=1,False,False,5,0.9856982632917441,0.9762323254850953,0.9939185901777584,True,"{""num_rows"": ""262144"", ""prefix_cardinality"": ""1"", ""prefix_width"": ""11"", ""suffix_width"": ""32""}"
experiment-3,prefix-targets,Device=0 num_rows=2097152 prefix_width=11 suffix_width=32 prefix_cardinality=1,False,False,5,0.9840277448763709,0.9804673840166941,0.9861380192434086,True,"{""num_rows"": ""2097152"", ""prefix_cardinality"": ""1"", ""prefix_width"": ""11"", ""suffix_width"": ""32""}"
experiment-3,prefix-targets,Device=0 num_rows=262144 prefix_width=12 suffix_width=32 prefix_cardinality=1,False,False,5,0.9846783740203426,0.976592066756477,0.9922520588725233,True,"{""num_rows"": ""262144"", ""prefix_cardinality"": ""1"", ""prefix_width"": ""12"", ""suffix_width"": ""32""}"
experiment-3,prefix-targets,Device=0 num_rows=2097152 prefix_width=12 suffix_width=32 prefix_cardinality=1,False,False,5,0.9835059338802173,0.9816877950563138,0.9854483613082122,True,"{""num_rows"": ""2097152"", ""prefix_cardinality"": ""1"", ""prefix_width"": ""12"", ""suffix_width"": ""32""}"
experiment-31,active-fractions,Device=0 num_rows=262144 profile=active_10,False,False,5,0.9844423767319602,0.9680038790423481,1.0110735965997089,True,"{""num_rows"": ""262144"", ""profile"": ""active_10""}"
experiment-31,active-fractions,Device=0 num_rows=2097152 profile=active_10,False,False,5,0.9958062249818952,0.9842375682796176,1.0063069674116119,True,"{""num_rows"": ""2097152"", ""profile"": ""active_10""}"
experiment-31,active-fractions,Device=0 num_rows=262144 profile=active_50,False,False,5,0.984400307755118,0.9742918407105153,1.0118503266009702,True,"{""num_rows"": ""262144"", ""profile"": ""active_50""}"
experiment-31,active-fractions,Device=0 num_rows=2097152 profile=active_50,False,False,5,0.9787649054277489,0.9710352457955177,0.9842606588931824,True,"{""num_rows"": ""2097152"", ""profile"": ""active_50""}"
experiment-0,unstable-warps,Device=0 num_rows=32768 shared_suffix=0 segment_profile=singletons,False,False,5,0.994531549664734,0.9728881158824987,1.0076283497806098,True,"{""num_rows"": ""32768"", ""segment_profile"": ""singletons"", ""shared_suffix"": ""0""}"
experiment-0,unstable-warps,Device=0 num_rows=2097152 shared_suffix=0 segment_profile=singletons,False,False,5,0.9836657566175729,0.7792129911799814,1.0622508521497838,True,"{""num_rows"": ""2097152"", ""segment_profile"": ""singletons"", ""shared_suffix"": ""0""}"
experiment-0,unstable-warps,Device=0 num_rows=32768 shared_suffix=64 segment_profile=singletons,False,False,5,0.9666657751610231,0.9421589757780722,1.0129205913402142,True,"{""num_rows"": ""32768"", ""segment_profile"": ""singletons"", ""shared_suffix"": ""64""}"
experiment-0,unstable-warps,Device=0 num_rows=2097152 shared_suffix=64 segment_profile=singletons,False,False,5,0.9901487037358225,0.9833198379135265,1.0037932232478355,True,"{""num_rows"": ""2097152"", ""segment_profile"": ""singletons"", ""shared_suffix"": ""64""}"
experiment-0,unstable-warps,Device=0 num_rows=32768 shared_suffix=0 segment_profile=pairs,False,False,5,0.9809004738437936,0.9660376980982522,1.0054249631587986,True,"{""num_rows"": ""32768"", ""segment_profile"": ""pairs"", ""shared_suffix"": ""0""}"
experiment-0,unstable-warps,Device=0 num_rows=2097152 shared_suffix=0 segment_profile=pairs,False,False,5,1.0018172797836515,0.9947484573991944,1.0080179704373096,True,"{""num_rows"": ""2097152"", ""segment_profile"": ""pairs"", ""shared_suffix"": ""0""}"
experiment-0,unstable-warps,Device=0 num_rows=32768 shared_suffix=64 segment_profile=pairs,False,False,5,0.9797228736389619,0.9588973601888985,1.0069118920402504,True,"{""num_rows"": ""32768"", ""segment_profile"": ""pairs"", ""shared_suffix"": ""64""}"
experiment-0,unstable-warps,Device=0 num_rows=2097152 shared_suffix=64 segment_profile=pairs,False,False,5,1.0004052114597073,0.9952934518277115,1.0137956909129557,True,"{""num_rows"": ""2097152"", ""segment_profile"": ""pairs"", ""shared_suffix"": ""64""}"
experiment-0,unstable-warps,Device=0 num_rows=32768 shared_suffix=0 segment_profile=tiny4,False,False,5,0.990847567239975,0.9672226658228625,1.0059631269068214,True,"{""num_rows"": ""32768"", ""segment_profile"": ""tiny4"", ""shared_suffix"": ""0""}"
experiment-0,unstable-warps,Device=0 num_rows=2097152 shared_suffix=0 segment_profile=tiny4,False,False,5,0.9999193731085873,0.9945960871187798,1.0066598132922777,True,"{""num_rows"": ""2097152"", ""segment_profile"": ""tiny4"", ""shared_suffix"": ""0""}"
experiment-0,unstable-warps,Device=0 num_rows=32768 shared_suffix=64 segment_profile=tiny4,False,False,5,0.9830151447753446,0.9661500931427212,1.002835720181739,True,"{""num_rows"": ""32768"", ""segment_profile"": ""tiny4"", ""shared_suffix"": ""64""}"
experiment-0,unstable-warps,Device=0 num_rows=2097152 shared_suffix=64 segment_profile=tiny4,False,False,5,0.998158524640579,0.994173176755656,1.0035217786811306,True,"{""num_rows"": ""2097152"", ""segment_profile"": ""tiny4"", ""shared_suffix"": ""64""}"
experiment-0,unstable-warps,Device=0 num_rows=32768 shared_suffix=0 segment_profile=tiny8,False,False,5,0.9957208904747514,0.9519768128168539,1.0151794094406985,True,"{""num_rows"": ""32768"", ""segment_profile"": ""tiny8"", ""shared_suffix"": ""0""}"
experiment-0,unstable-warps,Device=0 num_rows=2097152 shared_suffix=0 segment_profile=tiny8,False,False,5,0.9977947572486803,0.9856164955230631,1.0056027119867024,True,"{""num_rows"": ""2097152"", ""segment_profile"": ""tiny8"", ""shared_suffix"": ""0""}"
experiment-0,unstable-warps,Device=0 num_rows=32768 shared_suffix=64 segment_profile=tiny8,False,False,5,0.9833349860159216,0.9773933305292078,0.9944885172746287,True,"{""num_rows"": ""32768"", ""segment_profile"": ""tiny8"", ""shared_suffix"": ""64""}"
experiment-0,unstable-warps,Device=0 num_rows=2097152 shared_suffix=64 segment_profile=tiny8,False,False,5,0.9959360760389651,0.9935762108566016,1.0004564493014174,True,"{""num_rows"": ""2097152"", ""segment_profile"": ""tiny8"", ""shared_suffix"": ""64""}"
experiment-0,unstable-warps,Device=0 num_rows=32768 shared_suffix=0 segment_profile=tiny16,False,False,5,0.9940133600341879,0.9780986541537166,1.0051596531932325,True,"{""num_rows"": ""32768"", ""segment_profile"": ""tiny16"", ""shared_suffix"": ""0""}"
experiment-0,unstable-warps,Device=0 num_rows=2097152 shared_suffix=0 segment_profile=tiny16,False,False,5,0.9944726352295686,0.9874301583178978,1.0040377332825667,True,"{""num_rows"": ""2097152"", ""segment_profile"": ""tiny16"", ""shared_suffix"": ""0""}"
experiment-0,unstable-warps,Device=0 num_rows=32768 shared_suffix=64 segment_profile=tiny16,False,False,5,0.9923947400268288,0.9862396040496559,1.0027673840790137,True,"{""num_rows"": ""32768"", ""segment_profile"": ""tiny16"", ""shared_suffix"": ""64""}"
experiment-0,unstable-warps,Device=0 num_rows=2097152 shared_suffix=64 segment_profile=tiny16,False,False,5,0.9975259751325004,0.9949070028708246,1.0005527076288696,True,"{""num_rows"": ""2097152"", ""segment_profile"": ""tiny16"", ""shared_suffix"": ""64""}"
experiment-0,unstable-warps,Device=0 num_rows=32768 shared_suffix=0 segment_profile=tiny32,False,False,5,0.9936359569925204,0.8446661263159941,1.075659136948421,True,"{""num_rows"": ""32768"", ""segment_profile"": ""tiny32"", ""shared_suffix"": ""0""}"
experiment-0,unstable-warps,Device=0 num_rows=2097152 shared_suffix=0 segment_profile=tiny32,False,False,5,0.9965094319029731,0.9925831883081845,1.0033680817828883,True,"{""num_rows"": ""2097152"", ""segment_profile"": ""tiny32"", ""shared_suffix"": ""0""}"
experiment-0,unstable-warps,Device=0 num_rows=32768 shared_suffix=64 segment_profile=tiny32,False,False,5,0.9952549113558363,0.9885970163803551,1.000542127626204,True,"{""num_rows"": ""32768"", ""segment_profile"": ""tiny32"", ""shared_suffix"": ""64""}"
experiment-0,unstable-warps,Device=0 num_rows=2097152 shared_suffix=64 segment_profile=tiny32,False,False,5,0.9977064191238721,0.9959727606877251,1.0011499356542923,True,"{""num_rows"": ""2097152"", ""segment_profile"": ""tiny32"", ""shared_suffix"": ""64""}"
experiment-3,stable-warps-desc,Device=0 num_rows=32768 shared_suffix=0 segment_profile=pairs,True,True,5,0.9988961922159355,0.992215425750143,1.0092831509646643,True,"{""num_rows"": ""32768"", ""segment_profile"": ""pairs"", ""shared_suffix"": ""0""}"
experiment-3,stable-warps-desc,Device=0 num_rows=2097152 shared_suffix=0 segment_profile=pairs,True,True,5,0.9847842280142698,0.8948426238186366,1.0321679638119556,True,"{""num_rows"": ""2097152"", ""segment_profile"": ""pairs"", ""shared_suffix"": ""0""}"
experiment-3,stable-warps-desc,Device=0 num_rows=32768 shared_suffix=64 segment_profile=pairs,True,True,5,0.9937543234279965,0.960628366526217,1.032731164861833,True,"{""num_rows"": ""32768"", ""segment_profile"": ""pairs"", ""shared_suffix"": ""64""}"
experiment-3,stable-warps-desc,Device=0 num_rows=2097152 shared_suffix=64 segment_profile=pairs,True,True,5,0.9542380656361744,0.9462954357041453,0.9586686656824036,True,"{""num_rows"": ""2097152"", ""segment_profile"": ""pairs"", ""shared_suffix"": ""64""}"
experiment-3,stable-warps-desc,Device=0 num_rows=32768 shared_suffix=0 segment_profile=tiny4,True,True,5,0.9912055966499425,0.9758668382037623,1.0079702505906676,True,"{""num_rows"": ""32768"", ""segment_profile"": ""tiny4"", ""shared_suffix"": ""0""}"
experiment-3,stable-warps-desc,Device=0 num_rows=2097152 shared_suffix=0 segment_profile=tiny4,True,True,5,0.9246510600925212,0.9159896401652042,0.9287177918233896,True,"{""num_rows"": ""2097152"", ""segment_profile"": ""tiny4"", ""shared_suffix"": ""0""}"
experiment-3,stable-warps-desc,Device=0 num_rows=32768 shared_suffix=64 segment_profile=tiny4,True,True,5,0.9679653033618604,0.9403877219264085,0.9891157755222841,True,"{""num_rows"": ""32768"", ""segment_profile"": ""tiny4"", ""shared_suffix"": ""64""}"
experiment-3,stable-warps-desc,Device=0 num_rows=2097152 shared_suffix=64 segment_profile=tiny4,True,True,5,0.854372098144517,0.8484806887773949,0.8601436985790288,True,"{""num_rows"": ""2097152"", ""segment_profile"": ""tiny4"", ""shared_suffix"": ""64""}"
experiment-3,stable-warps-desc,Device=0 num_rows=32768 shared_suffix=0 segment_profile=tiny8,True,True,5,0.9459907428909419,0.9325955419207732,0.9542211985503407,True,"{""num_rows"": ""32768"", ""segment_profile"": ""tiny8"", ""shared_suffix"": ""0""}"
experiment-3,stable-warps-desc,Device=0 num_rows=2097152 shared_suffix=0 segment_profile=tiny8,True,True,5,0.8175764521586839,0.8110311695549567,0.8193017546503062,True,"{""num_rows"": ""2097152"", ""segment_profile"": ""tiny8"", ""shared_suffix"": ""0""}"
experiment-3,stable-warps-desc,Device=0 num_rows=32768 shared_suffix=64 segment_profile=tiny8,True,True,5,0.9191687836264217,0.9028498423913515,0.933335248403551,True,"{""num_rows"": ""32768"", ""segment_profile"": ""tiny8"", ""shared_suffix"": ""64""}"
experiment-3,stable-warps-desc,Device=0 num_rows=2097152 shared_suffix=64 segment_profile=tiny8,True,True,5,0.7552837792067943,0.751264066400159,0.7582146732847221,True,"{""num_rows"": ""2097152"", ""segment_profile"": ""tiny8"", ""shared_suffix"": ""64""}"
experiment-3,stable-warps-desc,Device=0 num_rows=32768 shared_suffix=0 segment_profile=tiny16,True,True,5,0.9270051051981538,0.9245991726448635,0.9339817588235159,True,"{""num_rows"": ""32768"", ""segment_profile"": ""tiny16"", ""shared_suffix"": ""0""}"
experiment-3,stable-warps-desc,Device=0 num_rows=2097152 shared_suffix=0 segment_profile=tiny16,True,True,5,0.7531905755325526,0.748547809921575,0.7559317868582681,True,"{""num_rows"": ""2097152"", ""segment_profile"": ""tiny16"", ""shared_suffix"": ""0""}"
experiment-3,stable-warps-desc,Device=0 num_rows=32768 shared_suffix=64 segment_profile=tiny16,True,True,5,0.8777138494386771,0.8694170789929494,0.887839475055985,True,"{""num_rows"": ""32768"", ""segment_profile"": ""tiny16"", ""shared_suffix"": ""64""}"
experiment-3,stable-warps-desc,Device=0 num_rows=2097152 shared_suffix=64 segment_profile=tiny16,True,True,5,0.6776617389101313,0.6758869731507987,0.6794404888608612,True,"{""num_rows"": ""2097152"", ""segment_profile"": ""tiny16"", ""shared_suffix"": ""64""}"
experiment-3,stable-warps-desc,Device=0 num_rows=32768 shared_suffix=0 segment_profile=tiny32,True,True,5,0.9221362756882212,0.9172854857978547,0.9266971238709243,True,"{""num_rows"": ""32768"", ""segment_profile"": ""tiny32"", ""shared_suffix"": ""0""}"
experiment-3,stable-warps-desc,Device=0 num_rows=2097152 shared_suffix=0 segment_profile=tiny32,True,True,5,0.7057897204190051,0.7012859642185766,0.7096403365040159,True,"{""num_rows"": ""2097152"", ""segment_profile"": ""tiny32"", ""shared_suffix"": ""0""}"
experiment-3,stable-warps-desc,Device=0 num_rows=32768 shared_suffix=64 segment_profile=tiny32,True,True,5,0.8615115662733075,0.8561160958226245,0.8686506967921431,True,"{""num_rows"": ""32768"", ""segment_profile"": ""tiny32"", ""shared_suffix"": ""64""}"
experiment-3,stable-warps-desc,Device=0 num_rows=2097152 shared_suffix=64 segment_profile=tiny32,True,True,5,0.6495804648146827,0.6474947702654476,0.6509997560388875,True,"{""num_rows"": ""2097152"", ""segment_profile"": ""tiny32"", ""shared_suffix"": ""64""}"
experiment-3,zero,Device=0 num_rows=32768 profile=zero_collision_pass1,False,False,5,0.9883572869872922,0.9438370941068179,1.02640909835173,True,"{""num_rows"": ""32768"", ""profile"": ""zero_collision_pass1""}"
experiment-3,zero,Device=0 num_rows=32768 profile=zero_collision_pass2,False,False,5,0.9893645727315263,0.9577121266905697,1.0072671362097425,True,"{""num_rows"": ""32768"", ""profile"": ""zero_collision_pass2""}"
experiment-2,stable-warps,Device=0 num_rows=32768 shared_suffix=0 segment_profile=pairs,True,False,5,1.0042131659738232,0.9903548430496106,1.0299908466959105,True,"{""num_rows"": ""32768"", ""segment_profile"": ""pairs"", ""shared_suffix"": ""0""}"
experiment-2,stable-warps,Device=0 num_rows=2097152 shared_suffix=0 segment_profile=pairs,True,False,5,0.9890375535741279,0.9829467796578343,0.9983524583436542,True,"{""num_rows"": ""2097152"", ""segment_profile"": ""pairs"", ""shared_suffix"": ""0""}"
experiment-2,stable-warps,Device=0 num_rows=32768 shared_suffix=64 segment_profile=pairs,True,False,5,0.976133266395496,0.9668789571321976,1.0074505374389768,True,"{""num_rows"": ""32768"", ""segment_profile"": ""pairs"", ""shared_suffix"": ""64""}"
experiment-2,stable-warps,Device=0 num_rows=2097152 shared_suffix=64 segment_profile=pairs,True,False,5,0.9552822231407081,0.9469275001879768,0.9621648980279959,True,"{""num_rows"": ""2097152"", ""segment_profile"": ""pairs"", ""shared_suffix"": ""64""}"
experiment-2,stable-warps,Device=0 num_rows=32768 shared_suffix=0 segment_profile=tiny4,True,False,5,0.9848676930132791,0.9818702859316057,1.0146215416602105,True,"{""num_rows"": ""32768"", ""segment_profile"": ""tiny4"", ""shared_suffix"": ""0""}"
experiment-2,stable-warps,Device=0 num_rows=2097152 shared_suffix=0 segment_profile=tiny4,True,False,5,0.9293867018756226,0.922031707522442,0.9374472517060153,True,"{""num_rows"": ""2097152"", ""segment_profile"": ""tiny4"", ""shared_suffix"": ""0""}"
experiment-2,stable-warps,Device=0 num_rows=32768 shared_suffix=64 segment_profile=tiny4,True,False,5,0.9572999025725013,0.9382683532278231,0.9811451779606166,True,"{""num_rows"": ""32768"", ""segment_profile"": ""tiny4"", ""shared_suffix"": ""64""}"
experiment-2,stable-warps,Device=0 num_rows=2097152 shared_suffix=64 segment_profile=tiny4,True,False,5,0.8554759322018598,0.8491670523685182,0.8601578691434963,True,"{""num_rows"": ""2097152"", ""segment_profile"": ""tiny4"", ""shared_suffix"": ""64""}"
experiment-2,stable-warps,Device=0 num_rows=32768 shared_suffix=0 segment_profile=tiny8,True,False,5,0.9489644136964561,0.9385418439667146,0.9625859286756957,True,"{""num_rows"": ""32768"", ""segment_profile"": ""tiny8"", ""shared_suffix"": ""0""}"
experiment-2,stable-warps,Device=0 num_rows=2097152 shared_suffix=0 segment_profile=tiny8,True,False,5,0.8223931445621624,0.8146678405991439,0.8323632704445335,True,"{""num_rows"": ""2097152"", ""segment_profile"": ""tiny8"", ""shared_suffix"": ""0""}"
experiment-2,stable-warps,Device=0 num_rows=32768 shared_suffix=64 segment_profile=tiny8,True,False,5,0.9164001787054173,0.9107474027073574,0.9328891283978903,True,"{""num_rows"": ""32768"", ""segment_profile"": ""tiny8"", ""shared_suffix"": ""64""}"
experiment-2,stable-warps,Device=0 num_rows=2097152 shared_suffix=64 segment_profile=tiny8,True,False,5,0.7593303279806977,0.7554539574424703,0.7623575697010233,True,"{""num_rows"": ""2097152"", ""segment_profile"": ""tiny8"", ""shared_suffix"": ""64""}"
experiment-2,stable-warps,Device=0 num_rows=32768 shared_suffix=0 segment_profile=tiny16,True,False,5,0.9304157802508911,0.9155807059045467,0.9606803120149259,True,"{""num_rows"": ""32768"", ""segment_profile"": ""tiny16"", ""shared_suffix"": ""0""}"
experiment-2,stable-warps,Device=0 num_rows=2097152 shared_suffix=0 segment_profile=tiny16,True,False,5,0.7647694676733637,0.7595472044588975,0.7705777246122918,True,"{""num_rows"": ""2097152"", ""segment_profile"": ""tiny16"", ""shared_suffix"": ""0""}"
experiment-2,stable-warps,Device=0 num_rows=32768 shared_suffix=64 segment_profile=tiny16,True,False,5,0.886775914759673,0.874492886415241,0.9001378707804869,True,"{""num_rows"": ""32768"", ""segment_profile"": ""tiny16"", ""shared_suffix"": ""64""}"
experiment-2,stable-warps,Device=0 num_rows=2097152 shared_suffix=64 segment_profile=tiny16,True,False,5,0.6821194533954213,0.6811936649261169,0.6849178541174096,True,"{""num_rows"": ""2097152"", ""segment_profile"": ""tiny16"", ""shared_suffix"": ""64""}"
experiment-2,stable-warps,Device=0 num_rows=32768 shared_suffix=0 segment_profile=tiny32,True,False,5,0.9269385993390865,0.9126434698208681,0.94264754900514,True,"{""num_rows"": ""32768"", ""segment_profile"": ""tiny32"", ""shared_suffix"": ""0""}"
experiment-2,stable-warps,Device=0 num_rows=2097152 shared_suffix=0 segment_profile=tiny32,True,False,5,0.7184121968995111,0.7153911864817394,0.7230340850801983,True,"{""num_rows"": ""2097152"", ""segment_profile"": ""tiny32"", ""shared_suffix"": ""0""}"
experiment-2,stable-warps,Device=0 num_rows=32768 shared_suffix=64 segment_profile=tiny32,True,False,5,0.8641045106195933,0.8587429583668398,0.8742343048569181,True,"{""num_rows"": ""32768"", ""segment_profile"": ""tiny32"", ""shared_suffix"": ""64""}"
experiment-2,stable-warps,Device=0 num_rows=2097152 shared_suffix=64 segment_profile=tiny32,True,False,5,0.6530854681439991,0.6448295245676638,0.6579018720751983,True,"{""num_rows"": ""2097152"", ""segment_profile"": ""tiny32"", ""shared_suffix"": ""64""}"
