comparison,group,benchmark,state,baseline_win_over_2,published_win_over_2,preserved,baseline_ms,optimized_ms,other_ms,axes
prefix,target,sorted_order_strings_cardinality,Device=0 num_rows=262144 max_width=128 cardinality=1,True,True,True,1.0285935938358304,0.20753280222415926,4.16353120803833,"{""cardinality"": ""1"", ""max_width"": ""128"", ""num_rows"": ""262144""}"
prefix,target,sorted_order_strings_cardinality,Device=0 num_rows=2097152 max_width=128 cardinality=1,True,True,True,7.137545609474184,0.5123471975326539,35.60904140472412,"{""cardinality"": ""1"", ""max_width"": ""128"", ""num_rows"": ""2097152""}"
prefix,target,sorted_order_strings_cardinality,Device=0 num_rows=262144 max_width=32 cardinality=64,True,True,True,0.45081920027732836,0.4451055973768234,1.2363184034824373,"{""cardinality"": ""64"", ""max_width"": ""32"", ""num_rows"": ""262144""}"
prefix,target,sorted_order_strings_cardinality,Device=0 num_rows=2097152 max_width=32 cardinality=64,True,True,True,2.1414144039154057,1.3758512020111084,3.3052079677581787,"{""cardinality"": ""64"", ""max_width"": ""32"", ""num_rows"": ""2097152""}"
prefix,target,sorted_order_strings_cardinality,Device=0 num_rows=262144 max_width=128 cardinality=64,True,True,True,0.9858447968959807,0.9871311962604522,5.279177618026735,"{""cardinality"": ""64"", ""max_width"": ""128"", ""num_rows"": ""262144""}"
prefix,target,sorted_order_strings_cardinality,Device=0 num_rows=2097152 max_width=128 cardinality=64,True,True,True,6.120367956161498,3.5308864235877984,12.811864089965816,"{""cardinality"": ""64"", ""max_width"": ""128"", ""num_rows"": ""2097152""}"
prefix,target,sorted_order_strings_cardinality,Device=0 num_rows=262144 max_width=32 cardinality=0,True,True,True,0.26248320043087014,0.2578672021627426,0.2789360001683236,"{""cardinality"": ""0"", ""max_width"": ""32"", ""num_rows"": ""262144""}"
prefix,target,sorted_order_strings_cardinality,Device=0 num_rows=2097152 max_width=32 cardinality=0,True,True,True,0.5261456072330476,0.5008575960993766,1.0981119930744172,"{""cardinality"": ""0"", ""max_width"": ""32"", ""num_rows"": ""2097152""}"
prefix,target,sorted_order_strings_cardinality,Device=0 num_rows=262144 max_width=128 cardinality=0,True,True,True,0.2604767993092537,0.25449279844760897,0.3046351984143256,"{""cardinality"": ""0"", ""max_width"": ""128"", ""num_rows"": ""262144""}"
prefix,target,sorted_order_strings_cardinality,Device=0 num_rows=2097152 max_width=128 cardinality=0,True,True,True,0.5324512004852296,0.5267424017190934,1.142217606306076,"{""cardinality"": ""0"", ""max_width"": ""128"", ""num_rows"": ""2097152""}"
prefix,target,sorted_order_strings_prefixes,Device=0 num_rows=262144 prefix_width=4 suffix_width=32 prefix_cardinality=1,True,True,True,0.2357087999582291,0.22885280027985572,0.2902127996087074,"{""num_rows"": ""262144"", ""prefix_cardinality"": ""1"", ""prefix_width"": ""4"", ""suffix_width"": ""32""}"
prefix,target,sorted_order_strings_prefixes,Device=0 num_rows=2097152 prefix_width=4 suffix_width=32 prefix_cardinality=1,True,True,True,0.4747184038162232,0.43364479541778567,1.1045136094093322,"{""num_rows"": ""2097152"", ""prefix_cardinality"": ""1"", ""prefix_width"": ""4"", ""suffix_width"": ""32""}"
prefix,target,sorted_order_strings_prefixes,Device=0 num_rows=262144 prefix_width=8 suffix_width=32 prefix_cardinality=1,True,True,True,0.5759952068328857,0.5659392058849334,0.74517759680748,"{""num_rows"": ""262144"", ""prefix_cardinality"": ""1"", ""prefix_width"": ""8"", ""suffix_width"": ""32""}"
prefix,target,sorted_order_strings_prefixes,Device=0 num_rows=2097152 prefix_width=8 suffix_width=32 prefix_cardinality=1,True,True,True,4.248027181625366,4.157860851287842,6.45949285030365,"{""num_rows"": ""2097152"", ""prefix_cardinality"": ""1"", ""prefix_width"": ""8"", ""suffix_width"": ""32""}"
prefix,target,sorted_order_strings_prefixes,Device=0 num_rows=262144 prefix_width=10 suffix_width=32 prefix_cardinality=1,True,True,True,0.6130544066429139,0.6050687968730927,0.9540432035923005,"{""num_rows"": ""262144"", ""prefix_cardinality"": ""1"", ""prefix_width"": ""10"", ""suffix_width"": ""32""}"
prefix,target,sorted_order_strings_prefixes,Device=0 num_rows=2097152 prefix_width=10 suffix_width=32 prefix_cardinality=1,True,True,True,4.454379200935364,4.387086391448975,7.937926411628724,"{""num_rows"": ""2097152"", ""prefix_cardinality"": ""1"", ""prefix_width"": ""10"", ""suffix_width"": ""32""}"
prefix,target,sorted_order_strings_prefixes,Device=0 num_rows=262144 prefix_width=11 suffix_width=32 prefix_cardinality=1,True,True,True,0.6211055994033815,0.6119728028774262,1.0567711949348446,"{""num_rows"": ""262144"", ""prefix_cardinality"": ""1"", ""prefix_width"": ""11"", ""suffix_width"": ""32""}"
prefix,target,sorted_order_strings_prefixes,Device=0 num_rows=2097152 prefix_width=11 suffix_width=32 prefix_cardinality=1,True,True,True,4.516688013076783,4.441099214553834,8.6580512046814,"{""num_rows"": ""2097152"", ""prefix_cardinality"": ""1"", ""prefix_width"": ""11"", ""suffix_width"": ""32""}"
prefix,target,sorted_order_strings_prefixes,Device=0 num_rows=262144 prefix_width=12 suffix_width=32 prefix_cardinality=1,True,True,True,0.6324368000030519,0.624264007806778,1.1583919942378997,"{""num_rows"": ""262144"", ""prefix_cardinality"": ""1"", ""prefix_width"": ""12"", ""suffix_width"": ""32""}"
prefix,target,sorted_order_strings_prefixes,Device=0 num_rows=2097152 prefix_width=12 suffix_width=32 prefix_cardinality=1,True,True,True,4.57559838294983,4.4991919755935665,9.49816789627075,"{""num_rows"": ""2097152"", ""prefix_cardinality"": ""1"", ""prefix_width"": ""12"", ""suffix_width"": ""32""}"
prefix,target,sorted_order_strings_prefixes,Device=0 num_rows=262144 prefix_width=64 suffix_width=32 prefix_cardinality=1,True,True,True,1.5366448104381558,0.6757360070943832,6.563769578933715,"{""num_rows"": ""262144"", ""prefix_cardinality"": ""1"", ""prefix_width"": ""64"", ""suffix_width"": ""32""}"
prefix,target,sorted_order_strings_prefixes,Device=0 num_rows=2097152 prefix_width=64 suffix_width=32 prefix_cardinality=1,True,True,True,13.502793645858764,5.2204128265380865,64.5929443359375,"{""num_rows"": ""2097152"", ""prefix_cardinality"": ""1"", ""prefix_width"": ""64"", ""suffix_width"": ""32""}"
prefix,target,sorted_order_strings_prefixes,Device=0 num_rows=262144 prefix_width=4 suffix_width=32 prefix_cardinality=64,True,True,True,0.19842719957232474,0.19546239972114562,0.2547248005867004,"{""num_rows"": ""262144"", ""prefix_cardinality"": ""64"", ""prefix_width"": ""4"", ""suffix_width"": ""32""}"
prefix,target,sorted_order_strings_prefixes,Device=0 num_rows=2097152 prefix_width=4 suffix_width=32 prefix_cardinality=64,True,True,True,0.4172191947698593,0.4122255995869637,1.0530079960823058,"{""num_rows"": ""2097152"", ""prefix_cardinality"": ""64"", ""prefix_width"": ""4"", ""suffix_width"": ""32""}"
prefix,target,sorted_order_strings_prefixes,Device=0 num_rows=262144 prefix_width=8 suffix_width=32 prefix_cardinality=64,True,True,True,0.4545008003711701,0.44611519873142247,0.5733536005020142,"{""num_rows"": ""262144"", ""prefix_cardinality"": ""64"", ""prefix_width"": ""8"", ""suffix_width"": ""32""}"
prefix,target,sorted_order_strings_prefixes,Device=0 num_rows=2097152 prefix_width=8 suffix_width=32 prefix_cardinality=64,True,True,True,3.8905872225761415,3.8667119979858406,4.212919974327086,"{""num_rows"": ""2097152"", ""prefix_cardinality"": ""64"", ""prefix_width"": ""8"", ""suffix_width"": ""32""}"
prefix,target,sorted_order_strings_prefixes,Device=0 num_rows=262144 prefix_width=10 suffix_width=32 prefix_cardinality=64,True,True,True,0.4878864005208016,0.47925119549036027,0.7140336006879807,"{""num_rows"": ""262144"", ""prefix_cardinality"": ""64"", ""prefix_width"": ""10"", ""suffix_width"": ""32""}"
prefix,target,sorted_order_strings_prefixes,Device=0 num_rows=2097152 prefix_width=10 suffix_width=32 prefix_cardinality=64,True,True,True,4.193367958068848,4.178593635559081,5.065895962715149,"{""num_rows"": ""2097152"", ""prefix_cardinality"": ""64"", ""prefix_width"": ""10"", ""suffix_width"": ""32""}"
prefix,target,sorted_order_strings_prefixes,Device=0 num_rows=262144 prefix_width=11 suffix_width=32 prefix_cardinality=64,True,True,True,0.5015183985233307,0.49334079921245577,0.781352001428604,"{""num_rows"": ""262144"", ""prefix_cardinality"": ""64"", ""prefix_width"": ""11"", ""suffix_width"": ""32""}"
prefix,target,sorted_order_strings_prefixes,Device=0 num_rows=2097152 prefix_width=11 suffix_width=32 prefix_cardinality=64,True,True,True,4.258377575874329,4.243911981582641,5.563667225837707,"{""num_rows"": ""2097152"", ""prefix_cardinality"": ""64"", ""prefix_width"": ""11"", ""suffix_width"": ""32""}"
prefix,target,sorted_order_strings_prefixes,Device=0 num_rows=262144 prefix_width=12 suffix_width=32 prefix_cardinality=64,True,True,True,0.5117247998714448,0.5012624070048332,0.852273601293564,"{""num_rows"": ""262144"", ""prefix_cardinality"": ""64"", ""prefix_width"": ""12"", ""suffix_width"": ""32""}"
prefix,target,sorted_order_strings_prefixes,Device=0 num_rows=2097152 prefix_width=12 suffix_width=32 prefix_cardinality=64,True,True,True,4.3156863212585455,4.300180816650392,6.087811255455016,"{""num_rows"": ""2097152"", ""prefix_cardinality"": ""64"", ""prefix_width"": ""12"", ""suffix_width"": ""32""}"
prefix,target,sorted_order_strings_prefixes,Device=0 num_rows=262144 prefix_width=64 suffix_width=32 prefix_cardinality=64,True,True,True,1.0830335974693297,1.074113589525223,4.508854341506959,"{""num_rows"": ""262144"", ""prefix_cardinality"": ""64"", ""prefix_width"": ""64"", ""suffix_width"": ""32""}"
prefix,target,sorted_order_strings_prefixes,Device=0 num_rows=2097152 prefix_width=64 suffix_width=32 prefix_cardinality=64,True,True,True,11.646392011642455,8.405825614929197,37.01509895324707,"{""num_rows"": ""2097152"", ""prefix_cardinality"": ""64"", ""prefix_width"": ""64"", ""suffix_width"": ""32""}"
prefix,main,sorted_order_strings,Device=0 min_width=1 max_width=8 num_rows=32768,True,True,True,0.1635167993605137,0.16411519795656204,0.18598719909787179,"{""max_width"": ""8"", ""min_width"": ""1"", ""num_rows"": ""32768""}"
prefix,main,sorted_order_strings,Device=0 min_width=1 max_width=32 num_rows=32768,True,True,True,0.19829600006341933,0.19884960055351258,0.6736783951520919,"{""max_width"": ""32"", ""min_width"": ""1"", ""num_rows"": ""32768""}"
prefix,main,sorted_order_strings,Device=0 min_width=1 max_width=64 num_rows=32768,True,True,True,0.23005599826574322,0.2306176006793976,1.3744943976402282,"{""max_width"": ""64"", ""min_width"": ""1"", ""num_rows"": ""32768""}"
prefix,main,sorted_order_strings,Device=0 min_width=1 max_width=128 num_rows=32768,True,True,True,0.2985920011997223,0.2982511997222901,2.836956799030303,"{""max_width"": ""128"", ""min_width"": ""1"", ""num_rows"": ""32768""}"
prefix,main,sorted_order_strings,Device=0 min_width=1 max_width=256 num_rows=32768,True,True,True,0.44410720169544216,0.44035680294036866,5.7844959735870365,"{""max_width"": ""256"", ""min_width"": ""1"", ""num_rows"": ""32768""}"
prefix,main,sorted_order_strings,Device=0 min_width=1 max_width=8 num_rows=262144,True,True,True,0.25732960253953935,0.2484911978244781,0.30294880270957947,"{""max_width"": ""8"", ""min_width"": ""1"", ""num_rows"": ""262144""}"
prefix,main,sorted_order_strings,Device=0 min_width=1 max_width=32 num_rows=262144,True,True,True,0.39343519955873496,0.3874448001384735,1.012911981344223,"{""max_width"": ""32"", ""min_width"": ""1"", ""num_rows"": ""262144""}"
prefix,main,sorted_order_strings,Device=0 min_width=1 max_width=64 num_rows=262144,True,True,True,0.5328992009162903,0.5255503982305526,1.994729608297348,"{""max_width"": ""64"", ""min_width"": ""1"", ""num_rows"": ""262144""}"
prefix,main,sorted_order_strings,Device=0 min_width=1 max_width=128 num_rows=262144,True,True,True,0.8639264017343522,0.8538480013608931,4.109292769432067,"{""max_width"": ""128"", ""min_width"": ""1"", ""num_rows"": ""262144""}"
prefix,main,sorted_order_strings,Device=0 min_width=1 max_width=256 num_rows=262144,True,True,True,1.5596159994602203,1.5497855961322786,8.783948755264285,"{""max_width"": ""256"", ""min_width"": ""1"", ""num_rows"": ""262144""}"
prefix,main,sorted_order_strings,Device=0 min_width=1 max_width=8 num_rows=2097152,True,True,True,0.6597743988037109,0.6223663955926896,1.1866144061088564,"{""max_width"": ""8"", ""min_width"": ""1"", ""num_rows"": ""2097152""}"
prefix,main,sorted_order_strings,Device=0 min_width=1 max_width=32 num_rows=2097152,True,True,True,1.373193609714508,1.348329597711563,2.915608024597168,"{""max_width"": ""32"", ""min_width"": ""1"", ""num_rows"": ""2097152""}"
prefix,main,sorted_order_strings,Device=0 min_width=1 max_width=64 num_rows=2097152,True,True,True,2.0826416015625,2.050206387042999,5.210251212120056,"{""max_width"": ""64"", ""min_width"": ""1"", ""num_rows"": ""2097152""}"
prefix,main,sorted_order_strings,Device=0 min_width=1 max_width=128 num_rows=2097152,True,True,True,3.7614640116691587,3.720072019100189,9.790793657302856,"{""max_width"": ""128"", ""min_width"": ""1"", ""num_rows"": ""2097152""}"
prefix,main,sorted_order_strings,Device=0 min_width=1 max_width=256 num_rows=2097152,True,True,True,8.026880025863647,7.988707160949706,19.60176496505737,"{""max_width"": ""256"", ""min_width"": ""1"", ""num_rows"": ""2097152""}"
prefix,main,sorted_order_strings,Device=0 min_width=1 max_width=8 num_rows=16777216,True,True,True,4.6929008007049555,4.455478334426881,11.136127948760988,"{""max_width"": ""8"", ""min_width"": ""1"", ""num_rows"": ""16777216""}"
prefix,main,sorted_order_strings,Device=0 min_width=1 max_width=32 num_rows=16777216,True,True,True,10.390443325042728,10.184654474258423,26.332534313201908,"{""max_width"": ""32"", ""min_width"": ""1"", ""num_rows"": ""16777216""}"
prefix,main,sorted_order_strings,Device=0 min_width=1 max_width=64 num_rows=16777216,True,True,True,15.918524646759032,15.76301279067993,37.64839801788331,"{""max_width"": ""64"", ""min_width"": ""1"", ""num_rows"": ""16777216""}"
prefix,main,sorted_order_strings,Device=0 min_width=1 max_width=128 num_rows=16777216,True,True,True,29.457524967193606,29.191189002990725,64.7203483581543,"{""max_width"": ""128"", ""min_width"": ""1"", ""num_rows"": ""16777216""}"
prefix,main,sorted_order_strings,Device=0 min_width=1 max_width=256 num_rows=16777216,True,True,True,58.86725749969483,58.45158710479736,147.9327247619629,"{""max_width"": ""256"", ""min_width"": ""1"", ""num_rows"": ""16777216""}"
prefix,main,sorted_order_strings_distribution,Device=0 num_rows=262144 profile=cardinality_64_width_128,True,True,True,0.9940495967864991,0.9896959930658339,5.272067189216615,"{""num_rows"": ""262144"", ""profile"": ""cardinality_64_width_128""}"
prefix,main,sorted_order_strings_distribution,Device=0 num_rows=2097152 profile=cardinality_64_width_128,True,True,True,6.138742423057557,3.549811196327209,12.806534481048581,"{""num_rows"": ""2097152"", ""profile"": ""cardinality_64_width_128""}"
prefix,main,sorted_order_strings_distribution,Device=0 num_rows=262144 profile=shared_prefix_64,True,True,True,1.538929605484009,0.6798223912715912,6.563542413711547,"{""num_rows"": ""262144"", ""profile"": ""shared_prefix_64""}"
prefix,main,sorted_order_strings_distribution,Device=0 num_rows=2097152 profile=shared_prefix_64,True,True,True,13.518569612503052,5.230635213851929,64.57343101501466,"{""num_rows"": ""2097152"", ""profile"": ""shared_prefix_64""}"
prefix,main,sorted_order_strings_distribution,Device=0 num_rows=262144 profile=variable_128,True,True,True,0.26265439987182615,0.2577215999364853,0.30533280074596403,"{""num_rows"": ""262144"", ""profile"": ""variable_128""}"
prefix,main,sorted_order_strings_distribution,Device=0 num_rows=2097152 profile=variable_128,True,True,True,0.5297696053981782,0.5290079951286317,1.1472991943359374,"{""num_rows"": ""2097152"", ""profile"": ""variable_128""}"
prefix,main,sorted_order_strings_nulls,Device=0 num_rows=262144 profile=fixed_8 null_percent=0,True,True,True,0.18264959976077078,0.18269919976592064,0.23426719903945925,"{""null_percent"": ""0"", ""num_rows"": ""262144"", ""profile"": ""fixed_8""}"
prefix,main,sorted_order_strings_nulls,Device=0 num_rows=2097152 profile=fixed_8 null_percent=0,True,True,True,0.39015360027551654,0.3919551983475685,0.9723583966493609,"{""null_percent"": ""0"", ""num_rows"": ""2097152"", ""profile"": ""fixed_8""}"
prefix,main,sorted_order_strings_nulls,Device=0 num_rows=262144 profile=variable_128 null_percent=0,True,True,True,0.2588544011116028,0.25660959929227833,0.305791999399662,"{""null_percent"": ""0"", ""num_rows"": ""262144"", ""profile"": ""variable_128""}"
prefix,main,sorted_order_strings_nulls,Device=0 num_rows=2097152 profile=variable_128 null_percent=0,True,True,True,0.5339567959308624,0.5307552009820935,1.1406448006629946,"{""null_percent"": ""0"", ""num_rows"": ""2097152"", ""profile"": ""variable_128""}"
prefix,main,sorted_order_strings_nulls,Device=0 num_rows=262144 profile=fixed_8 null_percent=50,True,True,True,0.1988176017999649,0.19695359990000721,0.32610720098018653,"{""null_percent"": ""50"", ""num_rows"": ""262144"", ""profile"": ""fixed_8""}"
prefix,main,sorted_order_strings_nulls,Device=0 num_rows=2097152 profile=fixed_8 null_percent=50,True,True,True,0.6237648010253906,0.6217647969722747,0.99655199944973,"{""null_percent"": ""50"", ""num_rows"": ""2097152"", ""profile"": ""fixed_8""}"
prefix,main,sorted_order_strings_nulls,Device=0 num_rows=262144 profile=variable_128 null_percent=50,True,True,True,0.2612559974193573,0.25678880214691163,0.36907519847154613,"{""null_percent"": ""50"", ""num_rows"": ""262144"", ""profile"": ""variable_128""}"
prefix,main,sorted_order_strings_nulls,Device=0 num_rows=2097152 profile=variable_128 null_percent=50,True,True,True,0.7157295942306519,0.7103760063648225,1.124734401702881,"{""null_percent"": ""50"", ""num_rows"": ""2097152"", ""profile"": ""variable_128""}"
prefix,segments,sorted_order_strings_segments,Device=0 num_rows=32768 shared_suffix=0 segment_profile=singletons,False,False,False,0.13710239902138716,0.13665759935975078,0.1332991994917393,"{""num_rows"": ""32768"", ""segment_profile"": ""singletons"", ""shared_suffix"": ""0""}"
prefix,segments,sorted_order_strings_segments,Device=0 num_rows=2097152 shared_suffix=0 segment_profile=singletons,True,True,True,0.353599999845028,0.3539103969931603,0.9650191962718963,"{""num_rows"": ""2097152"", ""segment_profile"": ""singletons"", ""shared_suffix"": ""0""}"
prefix,segments,sorted_order_strings_segments,Device=0 num_rows=32768 shared_suffix=64 segment_profile=singletons,False,False,False,0.137559999525547,0.138492801040411,0.1342144005000591,"{""num_rows"": ""32768"", ""segment_profile"": ""singletons"", ""shared_suffix"": ""64""}"
prefix,segments,sorted_order_strings_segments,Device=0 num_rows=2097152 shared_suffix=64 segment_profile=singletons,True,True,True,0.3889727979898453,0.388510400056839,1.0056432008743286,"{""num_rows"": ""2097152"", ""segment_profile"": ""singletons"", ""shared_suffix"": ""64""}"
prefix,segments,sorted_order_strings_segments,Device=0 num_rows=32768 shared_suffix=0 segment_profile=pairs,True,True,True,0.15385439991950986,0.15543999895453453,0.217764800041914,"{""num_rows"": ""32768"", ""segment_profile"": ""pairs"", ""shared_suffix"": ""0""}"
prefix,segments,sorted_order_strings_segments,Device=0 num_rows=2097152 shared_suffix=0 segment_profile=pairs,True,True,True,0.6483120054006578,0.649134400486946,1.1306032001972195,"{""num_rows"": ""2097152"", ""segment_profile"": ""pairs"", ""shared_suffix"": ""0""}"
prefix,segments,sorted_order_strings_segments,Device=0 num_rows=32768 shared_suffix=64 segment_profile=pairs,True,True,True,0.16184800118207934,0.15837759971618653,0.7293807983398439,"{""num_rows"": ""32768"", ""segment_profile"": ""pairs"", ""shared_suffix"": ""64""}"
prefix,segments,sorted_order_strings_segments,Device=0 num_rows=2097152 shared_suffix=64 segment_profile=pairs,True,True,True,0.8188096016645433,0.8226512014865875,1.8643503963947292,"{""num_rows"": ""2097152"", ""segment_profile"": ""pairs"", ""shared_suffix"": ""64""}"
prefix,segments,sorted_order_strings_segments,Device=0 num_rows=32768 shared_suffix=0 segment_profile=tiny4,True,True,True,0.15572960004210473,0.15562720075249672,0.250228799879551,"{""num_rows"": ""32768"", ""segment_profile"": ""tiny4"", ""shared_suffix"": ""0""}"
prefix,segments,sorted_order_strings_segments,Device=0 num_rows=2097152 shared_suffix=0 segment_profile=tiny4,True,True,True,0.5762175977230071,0.5764815956354142,1.3186000049114228,"{""num_rows"": ""2097152"", ""segment_profile"": ""tiny4"", ""shared_suffix"": ""0""}"
prefix,segments,sorted_order_strings_segments,Device=0 num_rows=32768 shared_suffix=64 segment_profile=tiny4,True,True,True,0.16662559956312184,0.16697440221905713,0.9403328001499177,"{""num_rows"": ""32768"", ""segment_profile"": ""tiny4"", ""shared_suffix"": ""64""}"
prefix,segments,sorted_order_strings_segments,Device=0 num_rows=2097152 shared_suffix=64 segment_profile=tiny4,True,True,True,0.9084047943353653,0.9146800071001054,2.7767968058586123,"{""num_rows"": ""2097152"", ""segment_profile"": ""tiny4"", ""shared_suffix"": ""64""}"
prefix,segments,sorted_order_strings_segments,Device=0 num_rows=32768 shared_suffix=0 segment_profile=tiny8,True,True,True,0.158822400867939,0.1583999983966351,0.28424319922924046,"{""num_rows"": ""32768"", ""segment_profile"": ""tiny8"", ""shared_suffix"": ""0""}"
prefix,segments,sorted_order_strings_segments,Device=0 num_rows=2097152 shared_suffix=0 segment_profile=tiny8,True,True,True,0.5899343967437742,0.5857823967933653,1.5729663848876954,"{""num_rows"": ""2097152"", ""segment_profile"": ""tiny8"", ""shared_suffix"": ""0""}"
prefix,segments,sorted_order_strings_segments,Device=0 num_rows=32768 shared_suffix=64 segment_profile=tiny8,True,True,True,0.17885280176997184,0.17616800069808963,1.179588794708252,"{""num_rows"": ""32768"", ""segment_profile"": ""tiny8"", ""shared_suffix"": ""64""}"
prefix,segments,sorted_order_strings_segments,Device=0 num_rows=2097152 shared_suffix=64 segment_profile=tiny8,True,True,True,1.1495023906230928,1.1431263983249664,4.772646403312684,"{""num_rows"": ""2097152"", ""segment_profile"": ""tiny8"", ""shared_suffix"": ""64""}"
prefix,segments,sorted_order_strings_segments,Device=0 num_rows=32768 shared_suffix=0 segment_profile=tiny16,True,True,True,0.1631167985498905,0.16128320023417475,0.31843519955873495,"{""num_rows"": ""32768"", ""segment_profile"": ""tiny16"", ""shared_suffix"": ""0""}"
prefix,segments,sorted_order_strings_segments,Device=0 num_rows=2097152 shared_suffix=0 segment_profile=tiny16,True,True,True,0.630715200304985,0.6212319940328598,1.8692063987255092,"{""num_rows"": ""2097152"", ""segment_profile"": ""tiny16"", ""shared_suffix"": ""0""}"
prefix,segments,sorted_order_strings_segments,Device=0 num_rows=32768 shared_suffix=64 segment_profile=tiny16,True,True,True,0.18591839969158167,0.18360799923539164,1.4142751991748808,"{""num_rows"": ""32768"", ""segment_profile"": ""tiny16"", ""shared_suffix"": ""64""}"
prefix,segments,sorted_order_strings_segments,Device=0 num_rows=2097152 shared_suffix=64 segment_profile=tiny16,True,True,True,1.3686703979969024,1.3622511982917784,7.079828763008118,"{""num_rows"": ""2097152"", ""segment_profile"": ""tiny16"", ""shared_suffix"": ""64""}"
prefix,segments,sorted_order_strings_segments,Device=0 num_rows=32768 shared_suffix=0 segment_profile=tiny32,True,True,True,0.16411359980702397,0.16272320002317428,0.353243201971054,"{""num_rows"": ""32768"", ""segment_profile"": ""tiny32"", ""shared_suffix"": ""0""}"
prefix,segments,sorted_order_strings_segments,Device=0 num_rows=2097152 shared_suffix=0 segment_profile=tiny32,True,True,True,0.6841184079647064,0.6685263961553572,2.1956288099288943,"{""num_rows"": ""2097152"", ""segment_profile"": ""tiny32"", ""shared_suffix"": ""0""}"
prefix,segments,sorted_order_strings_segments,Device=0 num_rows=32768 shared_suffix=64 segment_profile=tiny32,True,True,True,0.1954304002225399,0.19457119926810265,1.6601199865341187,"{""num_rows"": ""32768"", ""segment_profile"": ""tiny32"", ""shared_suffix"": ""64""}"
prefix,segments,sorted_order_strings_segments,Device=0 num_rows=2097152 shared_suffix=64 segment_profile=tiny32,True,True,True,1.65896800160408,1.6522096097469328,9.686419200897218,"{""num_rows"": ""2097152"", ""segment_profile"": ""tiny32"", ""shared_suffix"": ""64""}"
prefix,segments,sorted_order_strings_segments,Device=0 num_rows=32768 shared_suffix=0 segment_profile=block256,True,True,True,0.17188479974865914,0.1700239986181259,0.4700688004493713,"{""num_rows"": ""32768"", ""segment_profile"": ""block256"", ""shared_suffix"": ""0""}"
prefix,segments,sorted_order_strings_segments,Device=0 num_rows=2097152 shared_suffix=0 segment_profile=block256,True,True,True,1.1522512018680573,1.119342392683029,3.3706512212753292,"{""num_rows"": ""2097152"", ""segment_profile"": ""block256"", ""shared_suffix"": ""0""}"
prefix,segments,sorted_order_strings_segments,Device=0 num_rows=32768 shared_suffix=64 segment_profile=block256,True,True,True,0.23723200112581252,0.23612639904022215,2.4943007946014406,"{""num_rows"": ""32768"", ""segment_profile"": ""block256"", ""shared_suffix"": ""64""}"
prefix,segments,sorted_order_strings_segments,Device=0 num_rows=2097152 shared_suffix=64 segment_profile=block256,True,True,True,3.225636804103851,3.207972812652588,19.211761856079104,"{""num_rows"": ""2097152"", ""segment_profile"": ""block256"", ""shared_suffix"": ""64""}"
prefix,segments,sorted_order_strings_segments,Device=0 num_rows=32768 shared_suffix=0 segment_profile=logarithmic,True,True,True,0.35848000049591067,0.35257759988307946,0.6823024034500123,"{""num_rows"": ""32768"", ""segment_profile"": ""logarithmic"", ""shared_suffix"": ""0""}"
prefix,segments,sorted_order_strings_segments,Device=0 num_rows=2097152 shared_suffix=0 segment_profile=logarithmic,True,True,True,2.572248017787934,2.5530607938766474,5.08043041229248,"{""num_rows"": ""2097152"", ""segment_profile"": ""logarithmic"", ""shared_suffix"": ""0""}"
prefix,segments,sorted_order_strings_segments,Device=0 num_rows=32768 shared_suffix=64 segment_profile=logarithmic,True,True,True,0.9132848054170609,0.9083888024091722,3.6821248054504387,"{""num_rows"": ""32768"", ""segment_profile"": ""logarithmic"", ""shared_suffix"": ""64""}"
prefix,segments,sorted_order_strings_segments,Device=0 num_rows=2097152 shared_suffix=64 segment_profile=logarithmic,True,True,True,8.383497619628905,8.37140474319458,32.86721611022949,"{""num_rows"": ""2097152"", ""segment_profile"": ""logarithmic"", ""shared_suffix"": ""64""}"
prefix,segments,sorted_order_strings_segments,Device=0 num_rows=32768 shared_suffix=0 segment_profile=tiny_plus_giant,True,True,True,0.2773503988981247,0.27387360036373143,0.43981440067291255,"{""num_rows"": ""32768"", ""segment_profile"": ""tiny_plus_giant"", ""shared_suffix"": ""0""}"
prefix,segments,sorted_order_strings_segments,Device=0 num_rows=2097152 shared_suffix=0 segment_profile=tiny_plus_giant,True,True,True,1.0900751888751985,1.0728911936283112,3.4542928218841547,"{""num_rows"": ""2097152"", ""segment_profile"": ""tiny_plus_giant"", ""shared_suffix"": ""0""}"
prefix,segments,sorted_order_strings_segments,Device=0 num_rows=32768 shared_suffix=64 segment_profile=tiny_plus_giant,True,True,True,0.6839791983366011,0.6808911979198455,2.146672010421753,"{""num_rows"": ""32768"", ""segment_profile"": ""tiny_plus_giant"", ""shared_suffix"": ""64""}"
prefix,segments,sorted_order_strings_segments,Device=0 num_rows=2097152 shared_suffix=64 segment_profile=tiny_plus_giant,True,True,True,3.203248023986816,2.0148000121116634,16.731996726989745,"{""num_rows"": ""2097152"", ""segment_profile"": ""tiny_plus_giant"", ""shared_suffix"": ""64""}"
prefix,segments,sorted_order_strings_segments,Device=0 num_rows=32768 shared_suffix=0 segment_profile=hot90,True,True,True,0.34690240025520325,0.3373696014285088,0.7591552019119263,"{""num_rows"": ""32768"", ""segment_profile"": ""hot90"", ""shared_suffix"": ""0""}"
prefix,segments,sorted_order_strings_segments,Device=0 num_rows=2097152 shared_suffix=0 segment_profile=hot90,True,True,True,3.786356794834138,3.7141007900238026,9.116070413589478,"{""num_rows"": ""2097152"", ""segment_profile"": ""hot90"", ""shared_suffix"": ""0""}"
prefix,segments,sorted_order_strings_segments,Device=0 num_rows=32768 shared_suffix=64 segment_profile=hot90,True,True,True,0.78605760037899,0.7752031922340392,4.165950465202331,"{""num_rows"": ""32768"", ""segment_profile"": ""hot90"", ""shared_suffix"": ""64""}"
prefix,segments,sorted_order_strings_segments,Device=0 num_rows=2097152 shared_suffix=64 segment_profile=hot90,True,True,True,13.29826717376709,4.647382426261901,68.682804107666,"{""num_rows"": ""2097152"", ""segment_profile"": ""hot90"", ""shared_suffix"": ""64""}"
prefix,segments,sorted_order_strings_segments,Device=0 num_rows=32768 shared_suffix=0 segment_profile=few_giants,True,True,True,0.22471359968185425,0.2226224005222321,0.4086991995573044,"{""num_rows"": ""32768"", ""segment_profile"": ""few_giants"", ""shared_suffix"": ""0""}"
prefix,segments,sorted_order_strings_segments,Device=0 num_rows=2097152 shared_suffix=0 segment_profile=few_giants,True,True,True,1.0174880027770996,0.9952592134475708,3.371606397628784,"{""num_rows"": ""2097152"", ""segment_profile"": ""few_giants"", ""shared_suffix"": ""0""}"
prefix,segments,sorted_order_strings_segments,Device=0 num_rows=32768 shared_suffix=64 segment_profile=few_giants,True,True,True,0.3948400020599366,0.3922496020793916,1.9896048009395597,"{""num_rows"": ""32768"", ""segment_profile"": ""few_giants"", ""shared_suffix"": ""64""}"
prefix,segments,sorted_order_strings_segments,Device=0 num_rows=2097152 shared_suffix=64 segment_profile=few_giants,True,True,True,3.0566351890563968,3.041584002971649,16.64974555969238,"{""num_rows"": ""2097152"", ""segment_profile"": ""few_giants"", ""shared_suffix"": ""64""}"
prefix,segments,sorted_order_strings_segments,Device=0 num_rows=32768 shared_suffix=0 segment_profile=one_segment,True,True,True,0.3312368020415306,0.3227807983756065,0.7748272061347963,"{""num_rows"": ""32768"", ""segment_profile"": ""one_segment"", ""shared_suffix"": ""0""}"
prefix,segments,sorted_order_strings_segments,Device=0 num_rows=2097152 shared_suffix=0 segment_profile=one_segment,True,True,True,3.941921603679656,0.6736528009176255,9.948700761795045,"{""num_rows"": ""2097152"", ""segment_profile"": ""one_segment"", ""shared_suffix"": ""0""}"
prefix,segments,sorted_order_strings_segments,Device=0 num_rows=32768 shared_suffix=64 segment_profile=one_segment,True,True,True,0.7350656002759933,0.7242336034774779,4.371329593658447,"{""num_rows"": ""32768"", ""segment_profile"": ""one_segment"", ""shared_suffix"": ""64""}"
prefix,segments,sorted_order_strings_segments,Device=0 num_rows=2097152 shared_suffix=64 segment_profile=one_segment,True,True,True,13.700187158584596,0.8159936040639876,78.19069557189941,"{""num_rows"": ""2097152"", ""segment_profile"": ""one_segment"", ""shared_suffix"": ""64""}"
prefix,pr-diagnostics,sorted_order_strings_segmented_diagnostics,Device=0 num_rows=262144 profile=finish_257,True,True,True,0.21569759994745255,0.21197280064225196,0.4850687980651856,"{""num_rows"": ""262144"", ""profile"": ""finish_257""}"
prefix,pr-diagnostics,sorted_order_strings_segmented_diagnostics,Device=0 num_rows=2097152 profile=finish_257,True,True,True,0.41264639943838116,0.41082240194082253,0.7818783998489379,"{""num_rows"": ""2097152"", ""profile"": ""finish_257""}"
prefix,pr-diagnostics,sorted_order_strings_segmented_diagnostics,Device=0 num_rows=262144 profile=finish_1024,True,True,True,0.24103199988603596,0.23662079945206643,0.6037184000015258,"{""num_rows"": ""262144"", ""profile"": ""finish_1024""}"
prefix,pr-diagnostics,sorted_order_strings_segmented_diagnostics,Device=0 num_rows=2097152 profile=finish_1024,True,True,True,0.4393920004367827,0.4336399972438811,0.9257488071918489,"{""num_rows"": ""2097152"", ""profile"": ""finish_1024""}"
prefix,pr-diagnostics,sorted_order_strings_segmented_diagnostics,Device=0 num_rows=262144 profile=finish_4096,True,True,True,0.2798784017562866,0.27618559896945954,0.919129601120949,"{""num_rows"": ""262144"", ""profile"": ""finish_4096""}"
prefix,pr-diagnostics,sorted_order_strings_segmented_diagnostics,Device=0 num_rows=2097152 profile=finish_4096,True,True,True,0.48063360154628754,0.47482880204916006,1.2265696048736572,"{""num_rows"": ""2097152"", ""profile"": ""finish_4096""}"
prefix,pr-diagnostics,sorted_order_strings_segmented_diagnostics,Device=0 num_rows=262144 profile=active_50,True,True,True,0.3349920004606247,0.3300559982657432,0.6395855993032455,"{""num_rows"": ""262144"", ""profile"": ""active_50""}"
prefix,pr-diagnostics,sorted_order_strings_segmented_diagnostics,Device=0 num_rows=2097152 profile=active_50,True,True,True,0.8830991953611373,0.8611615985631944,1.375518399477005,"{""num_rows"": ""2097152"", ""profile"": ""active_50""}"
prefix,pr-diagnostics,sorted_order_strings_segmented_diagnostics,Device=0 num_rows=262144 profile=active_10,True,True,True,0.29743839949369427,0.2912160009145737,0.5495648056268693,"{""num_rows"": ""262144"", ""profile"": ""active_10""}"
prefix,pr-diagnostics,sorted_order_strings_segmented_diagnostics,Device=0 num_rows=2097152 profile=active_10,True,True,True,0.5444464027881621,0.538724797964096,0.9280239999294282,"{""num_rows"": ""2097152"", ""profile"": ""active_10""}"
prefix,pr-diagnostics,sorted_order_strings_segmented_diagnostics,Device=0 num_rows=262144 profile=active_1,True,True,True,0.2402383983135223,0.23394080027937883,0.3335631996393204,"{""num_rows"": ""262144"", ""profile"": ""active_1""}"
prefix,pr-diagnostics,sorted_order_strings_segmented_diagnostics,Device=0 num_rows=2097152 profile=active_1,True,True,True,0.4881615966558457,0.48552000224590297,0.8166879951953887,"{""num_rows"": ""2097152"", ""profile"": ""active_1""}"
prefix,pr-diagnostics,sorted_order_strings_segmented_diagnostics,Device=0 num_rows=262144 profile=active_0_1,True,True,True,0.19677920043468475,0.1927152007818222,0.2787935972213745,"{""num_rows"": ""262144"", ""profile"": ""active_0_1""}"
prefix,pr-diagnostics,sorted_order_strings_segmented_diagnostics,Device=0 num_rows=2097152 profile=active_0_1,True,True,True,0.42093279808759687,0.4161615997552872,0.6450352042913435,"{""num_rows"": ""2097152"", ""profile"": ""active_0_1""}"
prefix,pr-diagnostics,sorted_order_strings_segmented_diagnostics,Device=0 num_rows=262144 profile=duplicates_6,True,True,True,0.2339071996510029,0.22589119896292684,0.2915472000837326,"{""num_rows"": ""262144"", ""profile"": ""duplicates_6""}"
prefix,pr-diagnostics,sorted_order_strings_segmented_diagnostics,Device=0 num_rows=2097152 profile=duplicates_6,False,False,False,0.9853663980960846,0.9580799996852876,0.9017743945121766,"{""num_rows"": ""2097152"", ""profile"": ""duplicates_6""}"
prefix,pr-diagnostics,sorted_order_strings_segmented_diagnostics,Device=0 num_rows=262144 profile=duplicates_8,True,True,True,0.23391359969973566,0.2258431985974312,0.29180160015821455,"{""num_rows"": ""262144"", ""profile"": ""duplicates_8""}"
prefix,pr-diagnostics,sorted_order_strings_segmented_diagnostics,Device=0 num_rows=2097152 profile=duplicates_8,False,False,False,0.9851648002862932,0.9564703971147537,0.9008287996053697,"{""num_rows"": ""2097152"", ""profile"": ""duplicates_8""}"
prefix,pr-diagnostics,sorted_order_strings_segmented_diagnostics,Device=0 num_rows=262144 profile=duplicates_12,True,True,True,0.3503951981663704,0.3451727986335755,0.4529264003038406,"{""num_rows"": ""262144"", ""profile"": ""duplicates_12""}"
prefix,pr-diagnostics,sorted_order_strings_segmented_diagnostics,Device=0 num_rows=2097152 profile=duplicates_12,False,False,False,2.061299216747284,2.0575360178947455,1.5071136057376862,"{""num_rows"": ""2097152"", ""profile"": ""duplicates_12""}"
prefix,pr-diagnostics,sorted_order_strings_segmented_diagnostics,Device=0 num_rows=262144 profile=duplicates_16,True,True,True,0.3004224002361297,0.2944640025496482,0.5644960016012192,"{""num_rows"": ""262144"", ""profile"": ""duplicates_16""}"
prefix,pr-diagnostics,sorted_order_strings_segmented_diagnostics,Device=0 num_rows=2097152 profile=duplicates_16,True,True,True,1.6010432124137879,1.5723328113555908,1.9426927924156192,"{""num_rows"": ""2097152"", ""profile"": ""duplicates_16""}"
prefix,pr-diagnostics,sorted_order_strings_segmented_diagnostics,Device=0 num_rows=262144 profile=duplicates_24,True,True,True,0.36154880374670023,0.35455680191516875,0.7895023971796038,"{""num_rows"": ""262144"", ""profile"": ""duplicates_24""}"
prefix,pr-diagnostics,sorted_order_strings_segmented_diagnostics,Device=0 num_rows=2097152 profile=duplicates_24,True,True,True,2.0688015937805173,2.0401168107986454,2.799483203887939,"{""num_rows"": ""2097152"", ""profile"": ""duplicates_24""}"
prefix,pr-diagnostics,sorted_order_strings_segmented_diagnostics,Device=0 num_rows=262144 profile=duplicates_32,True,True,True,0.4030415982007979,0.39774079769849785,0.9791391968727108,"{""num_rows"": ""262144"", ""profile"": ""duplicates_32""}"
prefix,pr-diagnostics,sorted_order_strings_segmented_diagnostics,Device=0 num_rows=2097152 profile=duplicates_32,True,True,True,2.50824476480484,2.4764127492904664,3.5522896051406865,"{""num_rows"": ""2097152"", ""profile"": ""duplicates_32""}"
prefix,pr-diagnostics,sorted_order_strings_segmented_diagnostics,Device=0 num_rows=262144 profile=rle_misaligned,True,True,True,0.6264559984207153,0.43068640232086186,2.728600001335144,"{""num_rows"": ""262144"", ""profile"": ""rle_misaligned""}"
prefix,pr-diagnostics,sorted_order_strings_segmented_diagnostics,Device=0 num_rows=2097152 profile=rle_misaligned,True,True,True,3.8498832106590277,2.3443439841270446,13.612857627868651,"{""num_rows"": ""2097152"", ""profile"": ""rle_misaligned""}"
prefix,pr-workload,sorted_order_strings_workload,Device=0 min_width=0 max_width=32 num_rows=32768 workload=normal,True,True,True,0.19661279991269112,0.19577439948916436,0.640499198436737,"{""max_width"": ""32"", ""min_width"": ""0"", ""num_rows"": ""32768"", ""workload"": ""normal""}"
prefix,pr-workload,sorted_order_strings_workload,Device=0 min_width=0 max_width=64 num_rows=32768 workload=normal,True,True,True,0.2209807991981506,0.22270400077104568,1.3126191914081573,"{""max_width"": ""64"", ""min_width"": ""0"", ""num_rows"": ""32768"", ""workload"": ""normal""}"
prefix,pr-workload,sorted_order_strings_workload,Device=0 min_width=0 max_width=128 num_rows=32768 workload=normal,True,True,True,0.27878720015287406,0.27963039875030526,2.7374032020568846,"{""max_width"": ""128"", ""min_width"": ""0"", ""num_rows"": ""32768"", ""workload"": ""normal""}"
prefix,pr-workload,sorted_order_strings_workload,Device=0 min_width=0 max_width=256 num_rows=32768 workload=normal,True,True,True,0.40014080107212063,0.40246080160140985,5.696177601814271,"{""max_width"": ""256"", ""min_width"": ""0"", ""num_rows"": ""32768"", ""workload"": ""normal""}"
prefix,pr-workload,sorted_order_strings_workload,Device=0 min_width=0 max_width=32 num_rows=262144 workload=normal,True,True,True,0.41038399934768677,0.40561439990997317,0.9898063987493518,"{""max_width"": ""32"", ""min_width"": ""0"", ""num_rows"": ""262144"", ""workload"": ""normal""}"
prefix,pr-workload,sorted_order_strings_workload,Device=0 min_width=0 max_width=64 num_rows=262144 workload=normal,True,True,True,0.5262175977230072,0.5229023993015289,1.9756991982460022,"{""max_width"": ""64"", ""min_width"": ""0"", ""num_rows"": ""262144"", ""workload"": ""normal""}"
prefix,pr-workload,sorted_order_strings_workload,Device=0 min_width=0 max_width=128 num_rows=262144 workload=normal,True,True,True,0.8640720009803771,0.8602287977933883,4.034342408180238,"{""max_width"": ""128"", ""min_width"": ""0"", ""num_rows"": ""262144"", ""workload"": ""normal""}"
prefix,pr-workload,sorted_order_strings_workload,Device=0 min_width=0 max_width=256 num_rows=262144 workload=normal,True,True,True,1.5074272096157073,1.5074560046195984,8.630582427978517,"{""max_width"": ""256"", ""min_width"": ""0"", ""num_rows"": ""262144"", ""workload"": ""normal""}"
prefix,pr-workload,sorted_order_strings_workload,Device=0 min_width=0 max_width=32 num_rows=2097152 workload=normal,True,True,True,1.3809231936931607,1.3525680065155032,2.8752992272377007,"{""max_width"": ""32"", ""min_width"": ""0"", ""num_rows"": ""2097152"", ""workload"": ""normal""}"
prefix,pr-workload,sorted_order_strings_workload,Device=0 min_width=0 max_width=64 num_rows=2097152 workload=normal,True,True,True,2.073977601528168,2.041998392343521,5.030344009399415,"{""max_width"": ""64"", ""min_width"": ""0"", ""num_rows"": ""2097152"", ""workload"": ""normal""}"
prefix,pr-workload,sorted_order_strings_workload,Device=0 min_width=0 max_width=128 num_rows=2097152 workload=normal,True,True,True,3.6989408016204823,3.6889439940452573,9.577552127838135,"{""max_width"": ""128"", ""min_width"": ""0"", ""num_rows"": ""2097152"", ""workload"": ""normal""}"
prefix,pr-workload,sorted_order_strings_workload,Device=0 min_width=0 max_width=256 num_rows=2097152 workload=normal,True,True,True,8.03885281085968,7.976220798492433,19.21716794967651,"{""max_width"": ""256"", ""min_width"": ""0"", ""num_rows"": ""2097152"", ""workload"": ""normal""}"
prefix,pr-workload,sorted_order_strings_workload,Device=0 min_width=0 max_width=32 num_rows=32768 workload=duplicates,True,True,True,0.22890079841017721,0.22757759839296338,0.7117792010307312,"{""max_width"": ""32"", ""min_width"": ""0"", ""num_rows"": ""32768"", ""workload"": ""duplicates""}"
prefix,pr-workload,sorted_order_strings_workload,Device=0 min_width=0 max_width=64 num_rows=32768 workload=duplicates,True,True,True,0.2940751984715461,0.29271679818630214,1.4736512064933776,"{""max_width"": ""64"", ""min_width"": ""0"", ""num_rows"": ""32768"", ""workload"": ""duplicates""}"
prefix,pr-workload,sorted_order_strings_workload,Device=0 min_width=0 max_width=128 num_rows=32768 workload=duplicates,True,True,True,0.4321536004543305,0.43007680028676987,3.04345121383667,"{""max_width"": ""128"", ""min_width"": ""0"", ""num_rows"": ""32768"", ""workload"": ""duplicates""}"
prefix,pr-workload,sorted_order_strings_workload,Device=0 min_width=0 max_width=256 num_rows=32768 workload=duplicates,True,True,True,0.8066496074199677,0.8047984033823014,6.125279998779297,"{""max_width"": ""256"", ""min_width"": ""0"", ""num_rows"": ""32768"", ""workload"": ""duplicates""}"
prefix,pr-workload,sorted_order_strings_workload,Device=0 min_width=0 max_width=32 num_rows=262144 workload=duplicates,True,True,True,0.42985439896583566,0.43032319843769073,1.1336463868618012,"{""max_width"": ""32"", ""min_width"": ""0"", ""num_rows"": ""262144"", ""workload"": ""duplicates""}"
prefix,pr-workload,sorted_order_strings_workload,Device=0 min_width=0 max_width=64 num_rows=262144 workload=duplicates,True,True,True,0.5939967960119248,0.5900319993495942,2.2913935780525208,"{""max_width"": ""64"", ""min_width"": ""0"", ""num_rows"": ""262144"", ""workload"": ""duplicates""}"
prefix,pr-workload,sorted_order_strings_workload,Device=0 min_width=0 max_width=128 num_rows=262144 workload=duplicates,True,True,True,0.9221008002758025,0.9171871989965439,4.7831984043121345,"{""max_width"": ""128"", ""min_width"": ""0"", ""num_rows"": ""262144"", ""workload"": ""duplicates""}"
prefix,pr-workload,sorted_order_strings_workload,Device=0 min_width=0 max_width=256 num_rows=262144 workload=duplicates,True,True,True,1.7379855811595915,1.7387104034423828,10.528044795989992,"{""max_width"": ""256"", ""min_width"": ""0"", ""num_rows"": ""262144"", ""workload"": ""duplicates""}"
prefix,pr-workload,sorted_order_strings_workload,Device=0 min_width=0 max_width=32 num_rows=2097152 workload=duplicates,True,True,True,2.208403193950653,1.4869535923004151,3.2037552118301384,"{""max_width"": ""32"", ""min_width"": ""0"", ""num_rows"": ""2097152"", ""workload"": ""duplicates""}"
prefix,pr-workload,sorted_order_strings_workload,Device=0 min_width=0 max_width=64 num_rows=2097152 workload=duplicates,True,True,True,3.3077391862869265,2.1277056097984315,5.958926415443421,"{""max_width"": ""64"", ""min_width"": ""0"", ""num_rows"": ""2097152"", ""workload"": ""duplicates""}"
prefix,pr-workload,sorted_order_strings_workload,Device=0 min_width=0 max_width=128 num_rows=2097152 workload=duplicates,True,True,True,5.456284832954406,3.2417343974113466,11.789247989654543,"{""max_width"": ""128"", ""min_width"": ""0"", ""num_rows"": ""2097152"", ""workload"": ""duplicates""}"
prefix,pr-workload,sorted_order_strings_workload,Device=0 min_width=0 max_width=256 num_rows=2097152 workload=duplicates,True,True,True,9.884473657608032,5.64182231426239,22.945932769775386,"{""max_width"": ""256"", ""min_width"": ""0"", ""num_rows"": ""2097152"", ""workload"": ""duplicates""}"
prefix,pr-workload,sorted_order_strings_workload,Device=0 min_width=0 max_width=32 num_rows=32768 workload=shared_prefix,True,True,True,0.4656512022018433,0.461209599673748,1.6383744001388552,"{""max_width"": ""32"", ""min_width"": ""0"", ""num_rows"": ""32768"", ""workload"": ""shared_prefix""}"
prefix,pr-workload,sorted_order_strings_workload,Device=0 min_width=0 max_width=64 num_rows=32768 workload=shared_prefix,True,True,True,0.7320896089076997,0.7264208018779754,4.015342426300048,"{""max_width"": ""64"", ""min_width"": ""0"", ""num_rows"": ""32768"", ""workload"": ""shared_prefix""}"
prefix,pr-workload,sorted_order_strings_workload,Device=0 min_width=0 max_width=128 num_rows=32768 workload=shared_prefix,True,True,True,1.337611210346222,1.339843201637268,9.014704084396362,"{""max_width"": ""128"", ""min_width"": ""0"", ""num_rows"": ""32768"", ""workload"": ""shared_prefix""}"
prefix,pr-workload,sorted_order_strings_workload,Device=0 min_width=0 max_width=256 num_rows=32768 workload=shared_prefix,True,True,True,3.354206395149231,3.3500959873199467,19.23394556045532,"{""max_width"": ""256"", ""min_width"": ""0"", ""num_rows"": ""32768"", ""workload"": ""shared_prefix""}"
prefix,pr-workload,sorted_order_strings_workload,Device=0 min_width=0 max_width=32 num_rows=262144 workload=shared_prefix,True,True,True,0.7369232058525085,0.5245952010154724,2.2946608424186707,"{""max_width"": ""32"", ""min_width"": ""0"", ""num_rows"": ""262144"", ""workload"": ""shared_prefix""}"
prefix,pr-workload,sorted_order_strings_workload,Device=0 min_width=0 max_width=64 num_rows=262144 workload=shared_prefix,True,True,True,1.2546688079833983,0.5525535941123961,5.5884352207183845,"{""max_width"": ""64"", ""min_width"": ""0"", ""num_rows"": ""262144"", ""workload"": ""shared_prefix""}"
prefix,pr-workload,sorted_order_strings_workload,Device=0 min_width=0 max_width=128 num_rows=262144 workload=shared_prefix,True,True,True,2.6957360029220583,0.6254015982151031,13.36739192008972,"{""max_width"": ""128"", ""min_width"": ""0"", ""num_rows"": ""262144"", ""workload"": ""shared_prefix""}"
prefix,pr-workload,sorted_order_strings_workload,Device=0 min_width=0 max_width=256 num_rows=262144 workload=shared_prefix,True,True,True,7.7717088460922215,0.6988207995891571,39.400748825073244,"{""max_width"": ""256"", ""min_width"": ""0"", ""num_rows"": ""262144"", ""workload"": ""shared_prefix""}"
prefix,pr-workload,sorted_order_strings_workload,Device=0 min_width=0 max_width=32 num_rows=2097152 workload=shared_prefix,True,True,True,5.570593595504761,3.622136008739471,19.347500705718993,"{""max_width"": ""32"", ""min_width"": ""0"", ""num_rows"": ""2097152"", ""workload"": ""shared_prefix""}"
prefix,pr-workload,sorted_order_strings_workload,Device=0 min_width=0 max_width=64 num_rows=2097152 workload=shared_prefix,True,True,True,10.306312036514282,3.9553968191146858,52.79564666748047,"{""max_width"": ""64"", ""min_width"": ""0"", ""num_rows"": ""2097152"", ""workload"": ""shared_prefix""}"
prefix,pr-workload,sorted_order_strings_workload,Device=0 min_width=0 max_width=128 num_rows=2097152 workload=shared_prefix,True,True,True,23.3385326385498,4.756078433990478,122.82959175109862,"{""max_width"": ""128"", ""min_width"": ""0"", ""num_rows"": ""2097152"", ""workload"": ""shared_prefix""}"
prefix,pr-workload,sorted_order_strings_workload,Device=0 min_width=0 max_width=256 num_rows=2097152 workload=shared_prefix,True,True,True,50.04369831085205,5.124852776527405,270.48358459472655,"{""max_width"": ""256"", ""min_width"": ""0"", ""num_rows"": ""2097152"", ""workload"": ""shared_prefix""}"
prefix,pr-workload,sorted_order_strings_workload,Device=0 min_width=0 max_width=32 num_rows=32768 workload=variable,False,False,False,0.1914480000734329,0.18938079997897148,0.1667584002017975,"{""max_width"": ""32"", ""min_width"": ""0"", ""num_rows"": ""32768"", ""workload"": ""variable""}"
prefix,pr-workload,sorted_order_strings_workload,Device=0 min_width=0 max_width=64 num_rows=32768 workload=variable,False,False,False,0.18817599937319757,0.18754400089383122,0.17147360071539883,"{""max_width"": ""64"", ""min_width"": ""0"", ""num_rows"": ""32768"", ""workload"": ""variable""}"
prefix,pr-workload,sorted_order_strings_workload,Device=0 min_width=0 max_width=128 num_rows=32768 workload=variable,False,False,False,0.17309760078787803,0.17495679929852487,0.17146559879183765,"{""max_width"": ""128"", ""min_width"": ""0"", ""num_rows"": ""32768"", ""workload"": ""variable""}"
prefix,pr-workload,sorted_order_strings_workload,Device=0 min_width=0 max_width=256 num_rows=32768 workload=variable,False,False,False,0.17168959975242618,0.1772192008793354,0.17204000055789953,"{""max_width"": ""256"", ""min_width"": ""0"", ""num_rows"": ""32768"", ""workload"": ""variable""}"
prefix,pr-workload,sorted_order_strings_workload,Device=0 min_width=0 max_width=32 num_rows=262144 workload=variable,True,True,True,0.2607839971780777,0.2603887990117073,0.27934560030698774,"{""max_width"": ""32"", ""min_width"": ""0"", ""num_rows"": ""262144"", ""workload"": ""variable""}"
prefix,pr-workload,sorted_order_strings_workload,Device=0 min_width=0 max_width=64 num_rows=262144 workload=variable,True,True,True,0.25829279869794847,0.25830560177564627,0.29020480066537857,"{""max_width"": ""64"", ""min_width"": ""0"", ""num_rows"": ""262144"", ""workload"": ""variable""}"
prefix,pr-workload,sorted_order_strings_workload,Device=0 min_width=0 max_width=128 num_rows=262144 workload=variable,True,True,True,0.26322880089282985,0.2636128008365631,0.3045072004199028,"{""max_width"": ""128"", ""min_width"": ""0"", ""num_rows"": ""262144"", ""workload"": ""variable""}"
prefix,pr-workload,sorted_order_strings_workload,Device=0 min_width=0 max_width=256 num_rows=262144 workload=variable,True,True,True,0.2464128009974956,0.2484784007072449,0.3289712011814118,"{""max_width"": ""256"", ""min_width"": ""0"", ""num_rows"": ""262144"", ""workload"": ""variable""}"
prefix,pr-workload,sorted_order_strings_workload,Device=0 min_width=0 max_width=32 num_rows=2097152 workload=variable,True,True,True,0.5285023987293244,0.5124447941780089,1.1013359963893892,"{""max_width"": ""32"", ""min_width"": ""0"", ""num_rows"": ""2097152"", ""workload"": ""variable""}"
prefix,pr-workload,sorted_order_strings_workload,Device=0 min_width=0 max_width=64 num_rows=2097152 workload=variable,True,True,True,0.5175583928823471,0.5195280015468599,1.1104111909866334,"{""max_width"": ""64"", ""min_width"": ""0"", ""num_rows"": ""2097152"", ""workload"": ""variable""}"
prefix,pr-workload,sorted_order_strings_workload,Device=0 min_width=0 max_width=128 num_rows=2097152 workload=variable,True,True,True,0.5345551997423174,0.534351998567581,1.1438816010951993,"{""max_width"": ""128"", ""min_width"": ""0"", ""num_rows"": ""2097152"", ""workload"": ""variable""}"
prefix,pr-workload,sorted_order_strings_workload,Device=0 min_width=0 max_width=256 num_rows=2097152 workload=variable,True,True,True,0.5276271998882294,0.5294400066137315,1.196345603466034,"{""max_width"": ""256"", ""min_width"": ""0"", ""num_rows"": ""2097152"", ""workload"": ""variable""}"
prefix,pr-zero-collisions,sorted_order_strings_segmented_diagnostics,Device=0 num_rows=32768 profile=zero_collision_pass1,False,False,False,0.21732960194349293,0.2067135997116566,0.18745599910616878,"{""num_rows"": ""32768"", ""profile"": ""zero_collision_pass1""}"
prefix,pr-zero-collisions,sorted_order_strings_segmented_diagnostics,Device=0 num_rows=32768 profile=zero_collision_pass2,True,True,True,0.29644319564104077,0.284596799314022,0.5474288046360016,"{""num_rows"": ""32768"", ""profile"": ""zero_collision_pass2""}"
prefix,pr-source,sorted_order_strings_source_parity,Device=0 num_rows=262144 profile=unique_32,True,True,True,0.47591039836406707,0.23970720097422601,1.1450288116931913,"{""num_rows"": ""262144"", ""profile"": ""unique_32""}"
prefix,pr-source,sorted_order_strings_source_parity,Device=0 num_rows=2097152 profile=unique_32,True,True,True,2.806980776786804,0.5794911980628967,6.488647985458375,"{""num_rows"": ""2097152"", ""profile"": ""unique_32""}"
prefix,pr-source,sorted_order_strings_source_parity,Device=0 num_rows=262144 profile=duplicates_32,True,True,True,0.6170463979244233,0.2125743992626667,1.934470397233963,"{""num_rows"": ""262144"", ""profile"": ""duplicates_32""}"
prefix,pr-source,sorted_order_strings_source_parity,Device=0 num_rows=2097152 profile=duplicates_32,True,True,True,4.072627139091493,0.5053216055035591,12.862752056121824,"{""num_rows"": ""2097152"", ""profile"": ""duplicates_32""}"
prefix,pr-source,sorted_order_strings_source_parity,Device=0 num_rows=262144 profile=shared_prefix_24,True,True,True,0.477515198290348,0.24210080057382585,1.1454223990440369,"{""num_rows"": ""262144"", ""profile"": ""shared_prefix_24""}"
prefix,pr-source,sorted_order_strings_source_parity,Device=0 num_rows=2097152 profile=shared_prefix_24,True,True,True,2.8072479963302612,0.5793327957391738,6.484844779968263,"{""num_rows"": ""2097152"", ""profile"": ""shared_prefix_24""}"
prefix,pr-source,sorted_order_strings_source_parity,Device=0 num_rows=262144 profile=raw_unique_40,True,True,True,0.17495039999485013,0.176231998950243,0.21582079902291296,"{""num_rows"": ""262144"", ""profile"": ""raw_unique_40""}"
prefix,pr-source,sorted_order_strings_source_parity,Device=0 num_rows=2097152 profile=raw_unique_40,True,True,True,0.41448160260915756,0.4162992000579834,0.9789616018533708,"{""num_rows"": ""2097152"", ""profile"": ""raw_unique_40""}"
prefix,pr-source,sorted_order_strings_source_parity,Device=0 num_rows=262144 profile=raw_duplicates_40,True,True,True,0.4819888010621071,0.4801856011152268,1.2526096045970916,"{""num_rows"": ""262144"", ""profile"": ""raw_duplicates_40""}"
prefix,pr-source,sorted_order_strings_source_parity,Device=0 num_rows=2097152 profile=raw_duplicates_40,True,True,True,3.180532801151275,3.1582432031631464,4.691147184371949,"{""num_rows"": ""2097152"", ""profile"": ""raw_duplicates_40""}"
prefix,pr-source,sorted_order_strings_source_parity,Device=0 num_rows=262144 profile=raw_shared_prefix_24_width_40,True,True,True,0.6562464028596877,0.5244864016771317,1.8686447978019711,"{""num_rows"": ""262144"", ""profile"": ""raw_shared_prefix_24_width_40""}"
prefix,pr-source,sorted_order_strings_source_parity,Device=0 num_rows=2097152 profile=raw_shared_prefix_24_width_40,True,True,True,5.730739164352418,3.8778943896293643,20.979836750030515,"{""num_rows"": ""2097152"", ""profile"": ""raw_shared_prefix_24_width_40""}"
pr1-p32-c512,target,sorted_order_strings_cardinality,Device=0 num_rows=262144 max_width=128 cardinality=1,True,True,True,1.0285935938358304,0.20753280222415926,19.52354860305786,"{""cardinality"": ""1"", ""max_width"": ""128"", ""num_rows"": ""262144""}"
pr1-p32-c512,target,sorted_order_strings_cardinality,Device=0 num_rows=2097152 max_width=128 cardinality=1,True,True,True,7.137545609474184,0.5123471975326539,213.60600585937502,"{""cardinality"": ""1"", ""max_width"": ""128"", ""num_rows"": ""2097152""}"
pr1-p32-c512,target,sorted_order_strings_cardinality,Device=0 num_rows=262144 max_width=32 cardinality=64,True,True,True,0.45081920027732836,0.4451055973768234,0.737009596824646,"{""cardinality"": ""64"", ""max_width"": ""32"", ""num_rows"": ""262144""}"
pr1-p32-c512,target,sorted_order_strings_cardinality,Device=0 num_rows=2097152 max_width=32 cardinality=64,False,False,True,2.1414144039154057,1.3758512020111084,1.716539204120636,"{""cardinality"": ""64"", ""max_width"": ""32"", ""num_rows"": ""2097152""}"
pr1-p32-c512,target,sorted_order_strings_cardinality,Device=0 num_rows=262144 max_width=128 cardinality=64,True,True,True,0.9858447968959807,0.9871311962604522,2.389942395687103,"{""cardinality"": ""64"", ""max_width"": ""128"", ""num_rows"": ""262144""}"
pr1-p32-c512,target,sorted_order_strings_cardinality,Device=0 num_rows=2097152 max_width=128 cardinality=64,True,True,True,6.120367956161498,3.5308864235877984,7.008004808425904,"{""cardinality"": ""64"", ""max_width"": ""128"", ""num_rows"": ""2097152""}"
pr1-p32-c512,target,sorted_order_strings_cardinality,Device=0 num_rows=262144 max_width=32 cardinality=0,True,True,True,0.26248320043087014,0.2578672021627426,0.3436048001050949,"{""cardinality"": ""0"", ""max_width"": ""32"", ""num_rows"": ""262144""}"
pr1-p32-c512,target,sorted_order_strings_cardinality,Device=0 num_rows=2097152 max_width=32 cardinality=0,True,True,True,0.5261456072330476,0.5008575960993766,0.8382080018520356,"{""cardinality"": ""0"", ""max_width"": ""32"", ""num_rows"": ""2097152""}"
pr1-p32-c512,target,sorted_order_strings_cardinality,Device=0 num_rows=262144 max_width=128 cardinality=0,True,True,True,0.2604767993092537,0.25449279844760897,0.3652047991752625,"{""cardinality"": ""0"", ""max_width"": ""128"", ""num_rows"": ""262144""}"
pr1-p32-c512,target,sorted_order_strings_cardinality,Device=0 num_rows=2097152 max_width=128 cardinality=0,True,True,True,0.5324512004852296,0.5267424017190934,0.7894672036170959,"{""cardinality"": ""0"", ""max_width"": ""128"", ""num_rows"": ""2097152""}"
pr1-p32-c512,target,sorted_order_strings_prefixes,Device=0 num_rows=262144 prefix_width=4 suffix_width=32 prefix_cardinality=1,True,True,True,0.2357087999582291,0.22885280027985572,0.3534975990653038,"{""num_rows"": ""262144"", ""prefix_cardinality"": ""1"", ""prefix_width"": ""4"", ""suffix_width"": ""32""}"
pr1-p32-c512,target,sorted_order_strings_prefixes,Device=0 num_rows=2097152 prefix_width=4 suffix_width=32 prefix_cardinality=1,True,True,True,0.4747184038162232,0.43364479541778567,1.179710394144058,"{""num_rows"": ""2097152"", ""prefix_cardinality"": ""1"", ""prefix_width"": ""4"", ""suffix_width"": ""32""}"
pr1-p32-c512,target,sorted_order_strings_prefixes,Device=0 num_rows=262144 prefix_width=8 suffix_width=32 prefix_cardinality=1,True,True,True,0.5759952068328857,0.5659392058849334,4.027628803253173,"{""num_rows"": ""262144"", ""prefix_cardinality"": ""1"", ""prefix_width"": ""8"", ""suffix_width"": ""32""}"
pr1-p32-c512,target,sorted_order_strings_prefixes,Device=0 num_rows=2097152 prefix_width=8 suffix_width=32 prefix_cardinality=1,True,True,True,4.248027181625366,4.157860851287842,34.50513286590576,"{""num_rows"": ""2097152"", ""prefix_cardinality"": ""1"", ""prefix_width"": ""8"", ""suffix_width"": ""32""}"
pr1-p32-c512,target,sorted_order_strings_prefixes,Device=0 num_rows=262144 prefix_width=10 suffix_width=32 prefix_cardinality=1,True,True,True,0.6130544066429139,0.6050687968730927,3.430945587158203,"{""num_rows"": ""262144"", ""prefix_cardinality"": ""1"", ""prefix_width"": ""10"", ""suffix_width"": ""32""}"
pr1-p32-c512,target,sorted_order_strings_prefixes,Device=0 num_rows=2097152 prefix_width=10 suffix_width=32 prefix_cardinality=1,True,True,True,4.454379200935364,4.387086391448975,29.877830410003657,"{""num_rows"": ""2097152"", ""prefix_cardinality"": ""1"", ""prefix_width"": ""10"", ""suffix_width"": ""32""}"
pr1-p32-c512,target,sorted_order_strings_prefixes,Device=0 num_rows=262144 prefix_width=11 suffix_width=32 prefix_cardinality=1,True,True,True,0.6211055994033815,0.6119728028774262,3.2379600286483767,"{""num_rows"": ""262144"", ""prefix_cardinality"": ""1"", ""prefix_width"": ""11"", ""suffix_width"": ""32""}"
pr1-p32-c512,target,sorted_order_strings_prefixes,Device=0 num_rows=2097152 prefix_width=11 suffix_width=32 prefix_cardinality=1,True,True,True,4.516688013076783,4.441099214553834,28.383264064788822,"{""num_rows"": ""2097152"", ""prefix_cardinality"": ""1"", ""prefix_width"": ""11"", ""suffix_width"": ""32""}"
pr1-p32-c512,target,sorted_order_strings_prefixes,Device=0 num_rows=262144 prefix_width=12 suffix_width=32 prefix_cardinality=1,True,True,True,0.6324368000030519,0.624264007806778,3.0372319936752317,"{""num_rows"": ""262144"", ""prefix_cardinality"": ""1"", ""prefix_width"": ""12"", ""suffix_width"": ""32""}"
pr1-p32-c512,target,sorted_order_strings_prefixes,Device=0 num_rows=2097152 prefix_width=12 suffix_width=32 prefix_cardinality=1,True,True,True,4.57559838294983,4.4991919755935665,27.029492950439455,"{""num_rows"": ""2097152"", ""prefix_cardinality"": ""1"", ""prefix_width"": ""12"", ""suffix_width"": ""32""}"
pr1-p32-c512,target,sorted_order_strings_prefixes,Device=0 num_rows=262144 prefix_width=64 suffix_width=32 prefix_cardinality=1,True,True,True,1.5366448104381558,0.6757360070943832,14.328284883499146,"{""num_rows"": ""262144"", ""prefix_cardinality"": ""1"", ""prefix_width"": ""64"", ""suffix_width"": ""32""}"
pr1-p32-c512,target,sorted_order_strings_prefixes,Device=0 num_rows=2097152 prefix_width=64 suffix_width=32 prefix_cardinality=1,True,True,True,13.502793645858764,5.2204128265380865,150.2156532287598,"{""num_rows"": ""2097152"", ""prefix_cardinality"": ""1"", ""prefix_width"": ""64"", ""suffix_width"": ""32""}"
pr1-p32-c512,target,sorted_order_strings_prefixes,Device=0 num_rows=262144 prefix_width=4 suffix_width=32 prefix_cardinality=64,True,True,True,0.19842719957232474,0.19546239972114562,0.3357663974165917,"{""num_rows"": ""262144"", ""prefix_cardinality"": ""64"", ""prefix_width"": ""4"", ""suffix_width"": ""32""}"
pr1-p32-c512,target,sorted_order_strings_prefixes,Device=0 num_rows=2097152 prefix_width=4 suffix_width=32 prefix_cardinality=64,True,True,True,0.4172191947698593,0.4122255995869637,0.5923760086297989,"{""num_rows"": ""2097152"", ""prefix_cardinality"": ""64"", ""prefix_width"": ""4"", ""suffix_width"": ""32""}"
pr1-p32-c512,target,sorted_order_strings_prefixes,Device=0 num_rows=262144 prefix_width=8 suffix_width=32 prefix_cardinality=64,True,True,True,0.4545008003711701,0.44611519873142247,0.5469312071800233,"{""num_rows"": ""262144"", ""prefix_cardinality"": ""64"", ""prefix_width"": ""8"", ""suffix_width"": ""32""}"
pr1-p32-c512,target,sorted_order_strings_prefixes,Device=0 num_rows=2097152 prefix_width=8 suffix_width=32 prefix_cardinality=64,False,False,False,3.8905872225761415,3.8667119979858406,1.4255823910236356,"{""num_rows"": ""2097152"", ""prefix_cardinality"": ""64"", ""prefix_width"": ""8"", ""suffix_width"": ""32""}"
pr1-p32-c512,target,sorted_order_strings_prefixes,Device=0 num_rows=262144 prefix_width=10 suffix_width=32 prefix_cardinality=64,True,True,True,0.4878864005208016,0.47925119549036027,0.5376031905412675,"{""num_rows"": ""262144"", ""prefix_cardinality"": ""64"", ""prefix_width"": ""10"", ""suffix_width"": ""32""}"
pr1-p32-c512,target,sorted_order_strings_prefixes,Device=0 num_rows=2097152 prefix_width=10 suffix_width=32 prefix_cardinality=64,False,False,False,4.193367958068848,4.178593635559081,1.3584991991519928,"{""num_rows"": ""2097152"", ""prefix_cardinality"": ""64"", ""prefix_width"": ""10"", ""suffix_width"": ""32""}"
pr1-p32-c512,target,sorted_order_strings_prefixes,Device=0 num_rows=262144 prefix_width=11 suffix_width=32 prefix_cardinality=64,True,True,True,0.5015183985233307,0.49334079921245577,0.5307056039571761,"{""num_rows"": ""262144"", ""prefix_cardinality"": ""64"", ""prefix_width"": ""11"", ""suffix_width"": ""32""}"
pr1-p32-c512,target,sorted_order_strings_prefixes,Device=0 num_rows=2097152 prefix_width=11 suffix_width=32 prefix_cardinality=64,False,False,False,4.258377575874329,4.243911981582641,1.338559991121292,"{""num_rows"": ""2097152"", ""prefix_cardinality"": ""64"", ""prefix_width"": ""11"", ""suffix_width"": ""32""}"
pr1-p32-c512,target,sorted_order_strings_prefixes,Device=0 num_rows=262144 prefix_width=12 suffix_width=32 prefix_cardinality=64,True,True,True,0.5117247998714448,0.5012624070048332,0.5269647926092148,"{""num_rows"": ""262144"", ""prefix_cardinality"": ""64"", ""prefix_width"": ""12"", ""suffix_width"": ""32""}"
pr1-p32-c512,target,sorted_order_strings_prefixes,Device=0 num_rows=2097152 prefix_width=12 suffix_width=32 prefix_cardinality=64,False,False,False,4.3156863212585455,4.300180816650392,1.3214767932891849,"{""num_rows"": ""2097152"", ""prefix_cardinality"": ""64"", ""prefix_width"": ""12"", ""suffix_width"": ""32""}"
pr1-p32-c512,target,sorted_order_strings_prefixes,Device=0 num_rows=262144 prefix_width=64 suffix_width=32 prefix_cardinality=64,True,True,True,1.0830335974693297,1.074113589525223,1.7208016097545624,"{""num_rows"": ""262144"", ""prefix_cardinality"": ""64"", ""prefix_width"": ""64"", ""suffix_width"": ""32""}"
pr1-p32-c512,target,sorted_order_strings_prefixes,Device=0 num_rows=2097152 prefix_width=64 suffix_width=32 prefix_cardinality=64,False,False,False,11.646392011642455,8.405825614929197,5.994134378433227,"{""num_rows"": ""2097152"", ""prefix_cardinality"": ""64"", ""prefix_width"": ""64"", ""suffix_width"": ""32""}"
pr1-p32-c512,main,sorted_order_strings,Device=0 min_width=1 max_width=8 num_rows=32768,True,True,True,0.1635167993605137,0.16411519795656204,0.23496000021696084,"{""max_width"": ""8"", ""min_width"": ""1"", ""num_rows"": ""32768""}"
pr1-p32-c512,main,sorted_order_strings,Device=0 min_width=1 max_width=32 num_rows=32768,True,True,True,0.19829600006341933,0.19884960055351258,0.36917599886655805,"{""max_width"": ""32"", ""min_width"": ""1"", ""num_rows"": ""32768""}"
pr1-p32-c512,main,sorted_order_strings,Device=0 min_width=1 max_width=64 num_rows=32768,True,True,True,0.23005599826574322,0.2306176006793976,0.45245600044727324,"{""max_width"": ""64"", ""min_width"": ""1"", ""num_rows"": ""32768""}"
pr1-p32-c512,main,sorted_order_strings,Device=0 min_width=1 max_width=128 num_rows=32768,True,True,True,0.2985920011997223,0.2982511997222901,0.6825488030910493,"{""max_width"": ""128"", ""min_width"": ""1"", ""num_rows"": ""32768""}"
pr1-p32-c512,main,sorted_order_strings,Device=0 min_width=1 max_width=256 num_rows=32768,True,True,True,0.44410720169544216,0.44035680294036866,0.98167359828949,"{""max_width"": ""256"", ""min_width"": ""1"", ""num_rows"": ""32768""}"
pr1-p32-c512,main,sorted_order_strings,Device=0 min_width=1 max_width=8 num_rows=262144,True,True,True,0.25732960253953935,0.2484911978244781,0.271804803609848,"{""max_width"": ""8"", ""min_width"": ""1"", ""num_rows"": ""262144""}"
pr1-p32-c512,main,sorted_order_strings,Device=0 min_width=1 max_width=32 num_rows=262144,True,True,True,0.39343519955873496,0.3874448001384735,0.5035215988755226,"{""max_width"": ""32"", ""min_width"": ""1"", ""num_rows"": ""262144""}"
pr1-p32-c512,main,sorted_order_strings,Device=0 min_width=1 max_width=64 num_rows=262144,True,True,True,0.5328992009162903,0.5255503982305526,0.6945551961660384,"{""max_width"": ""64"", ""min_width"": ""1"", ""num_rows"": ""262144""}"
pr1-p32-c512,main,sorted_order_strings,Device=0 min_width=1 max_width=128 num_rows=262144,True,True,True,0.8639264017343522,0.8538480013608931,1.2578735888004302,"{""max_width"": ""128"", ""min_width"": ""1"", ""num_rows"": ""262144""}"
pr1-p32-c512,main,sorted_order_strings,Device=0 min_width=1 max_width=256 num_rows=262144,True,True,True,1.5596159994602203,1.5497855961322786,2.707679998874664,"{""max_width"": ""256"", ""min_width"": ""1"", ""num_rows"": ""262144""}"
pr1-p32-c512,main,sorted_order_strings,Device=0 min_width=1 max_width=8 num_rows=2097152,False,False,False,0.6597743988037109,0.6223663955926896,0.6044495999813081,"{""max_width"": ""8"", ""min_width"": ""1"", ""num_rows"": ""2097152""}"
pr1-p32-c512,main,sorted_order_strings,Device=0 min_width=1 max_width=32 num_rows=2097152,True,True,True,1.373193609714508,1.348329597711563,1.9934864044189458,"{""max_width"": ""32"", ""min_width"": ""1"", ""num_rows"": ""2097152""}"
pr1-p32-c512,main,sorted_order_strings,Device=0 min_width=1 max_width=64 num_rows=2097152,True,True,True,2.0826416015625,2.050206387042999,3.852228820323944,"{""max_width"": ""64"", ""min_width"": ""1"", ""num_rows"": ""2097152""}"
pr1-p32-c512,main,sorted_order_strings,Device=0 min_width=1 max_width=128 num_rows=2097152,True,True,True,3.7614640116691587,3.720072019100189,7.756062364578246,"{""max_width"": ""128"", ""min_width"": ""1"", ""num_rows"": ""2097152""}"
pr1-p32-c512,main,sorted_order_strings,Device=0 min_width=1 max_width=256 num_rows=2097152,True,True,True,8.026880025863647,7.988707160949706,15.193815898895267,"{""max_width"": ""256"", ""min_width"": ""1"", ""num_rows"": ""2097152""}"
pr1-p32-c512,main,sorted_order_strings,Device=0 min_width=1 max_width=8 num_rows=16777216,False,False,False,4.6929008007049555,4.455478334426881,2.330744016170501,"{""max_width"": ""8"", ""min_width"": ""1"", ""num_rows"": ""16777216""}"
pr1-p32-c512,main,sorted_order_strings,Device=0 min_width=1 max_width=32 num_rows=16777216,False,False,False,10.390443325042728,10.184654474258423,6.930465674400329,"{""max_width"": ""32"", ""min_width"": ""1"", ""num_rows"": ""16777216""}"
pr1-p32-c512,main,sorted_order_strings,Device=0 min_width=1 max_width=64 num_rows=16777216,False,False,False,15.918524646759032,15.76301279067993,13.280624008178712,"{""max_width"": ""64"", ""min_width"": ""1"", ""num_rows"": ""16777216""}"
pr1-p32-c512,main,sorted_order_strings,Device=0 min_width=1 max_width=128 num_rows=16777216,False,False,False,29.457524967193606,29.191189002990725,26.701163196563726,"{""max_width"": ""128"", ""min_width"": ""1"", ""num_rows"": ""16777216""}"
pr1-p32-c512,main,sorted_order_strings,Device=0 min_width=1 max_width=256 num_rows=16777216,False,False,False,58.86725749969483,58.45158710479736,54.55041065216065,"{""max_width"": ""256"", ""min_width"": ""1"", ""num_rows"": ""16777216""}"
pr1-p32-c512,main,sorted_order_strings_distribution,Device=0 num_rows=262144 profile=cardinality_64_width_128,True,True,True,0.9940495967864991,0.9896959930658339,2.408867192268372,"{""num_rows"": ""262144"", ""profile"": ""cardinality_64_width_128""}"
pr1-p32-c512,main,sorted_order_strings_distribution,Device=0 num_rows=2097152 profile=cardinality_64_width_128,True,True,True,6.138742423057557,3.549811196327209,7.032705569267275,"{""num_rows"": ""2097152"", ""profile"": ""cardinality_64_width_128""}"
pr1-p32-c512,main,sorted_order_strings_distribution,Device=0 num_rows=262144 profile=shared_prefix_64,True,True,True,1.538929605484009,0.6798223912715912,14.332804822921755,"{""num_rows"": ""262144"", ""profile"": ""shared_prefix_64""}"
pr1-p32-c512,main,sorted_order_strings_distribution,Device=0 num_rows=2097152 profile=shared_prefix_64,True,True,True,13.518569612503052,5.230635213851929,150.23014068603513,"{""num_rows"": ""2097152"", ""profile"": ""shared_prefix_64""}"
pr1-p32-c512,main,sorted_order_strings_distribution,Device=0 num_rows=262144 profile=variable_128,True,True,True,0.26265439987182615,0.2577215999364853,0.36984000056982047,"{""num_rows"": ""262144"", ""profile"": ""variable_128""}"
pr1-p32-c512,main,sorted_order_strings_distribution,Device=0 num_rows=2097152 profile=variable_128,True,True,True,0.5297696053981782,0.5290079951286317,0.7913968026638031,"{""num_rows"": ""2097152"", ""profile"": ""variable_128""}"
pr1-p32-c512,main,sorted_order_strings_nulls,Device=0 num_rows=262144 profile=fixed_8 null_percent=0,True,True,True,0.18264959976077078,0.18269919976592064,0.29764160066843026,"{""null_percent"": ""0"", ""num_rows"": ""262144"", ""profile"": ""fixed_8""}"
pr1-p32-c512,main,sorted_order_strings_nulls,Device=0 num_rows=2097152 profile=fixed_8 null_percent=0,True,True,True,0.39015360027551654,0.3919551983475685,0.8566143989562987,"{""null_percent"": ""0"", ""num_rows"": ""2097152"", ""profile"": ""fixed_8""}"
pr1-p32-c512,main,sorted_order_strings_nulls,Device=0 num_rows=262144 profile=variable_128 null_percent=0,True,True,True,0.2588544011116028,0.25660959929227833,0.3646911978721619,"{""null_percent"": ""0"", ""num_rows"": ""262144"", ""profile"": ""variable_128""}"
pr1-p32-c512,main,sorted_order_strings_nulls,Device=0 num_rows=2097152 profile=variable_128 null_percent=0,True,True,True,0.5339567959308624,0.5307552009820935,0.7928176015615463,"{""null_percent"": ""0"", ""num_rows"": ""2097152"", ""profile"": ""variable_128""}"
pr1-p32-c512,main,sorted_order_strings_nulls,Device=0 num_rows=262144 profile=fixed_8 null_percent=50,True,True,True,0.1988176017999649,0.19695359990000721,0.3509903982281686,"{""null_percent"": ""50"", ""num_rows"": ""262144"", ""profile"": ""fixed_8""}"
pr1-p32-c512,main,sorted_order_strings_nulls,Device=0 num_rows=2097152 profile=fixed_8 null_percent=50,True,True,True,0.6237648010253906,0.6217647969722747,0.7731824010610582,"{""null_percent"": ""50"", ""num_rows"": ""2097152"", ""profile"": ""fixed_8""}"
pr1-p32-c512,main,sorted_order_strings_nulls,Device=0 num_rows=262144 profile=variable_128 null_percent=50,True,True,True,0.2612559974193573,0.25678880214691163,0.38701439946889876,"{""null_percent"": ""50"", ""num_rows"": ""262144"", ""profile"": ""variable_128""}"
pr1-p32-c512,main,sorted_order_strings_nulls,Device=0 num_rows=2097152 profile=variable_128 null_percent=50,False,False,False,0.7157295942306519,0.7103760063648225,0.5376192033290863,"{""null_percent"": ""50"", ""num_rows"": ""2097152"", ""profile"": ""variable_128""}"
pr1-p32-c512,segments,sorted_order_strings_segments,Device=0 num_rows=32768 shared_suffix=0 segment_profile=singletons,True,True,True,0.13710239902138716,0.13665759935975078,0.18825120031833648,"{""num_rows"": ""32768"", ""segment_profile"": ""singletons"", ""shared_suffix"": ""0""}"
pr1-p32-c512,segments,sorted_order_strings_segments,Device=0 num_rows=2097152 shared_suffix=0 segment_profile=singletons,True,True,True,0.353599999845028,0.3539103969931603,0.39342879951000215,"{""num_rows"": ""2097152"", ""segment_profile"": ""singletons"", ""shared_suffix"": ""0""}"
pr1-p32-c512,segments,sorted_order_strings_segments,Device=0 num_rows=32768 shared_suffix=64 segment_profile=singletons,True,True,True,0.137559999525547,0.138492801040411,0.2236704014241696,"{""num_rows"": ""32768"", ""segment_profile"": ""singletons"", ""shared_suffix"": ""64""}"
pr1-p32-c512,segments,sorted_order_strings_segments,Device=0 num_rows=2097152 shared_suffix=64 segment_profile=singletons,True,True,True,0.3889727979898453,0.388510400056839,0.47636000066995626,"{""num_rows"": ""2097152"", ""segment_profile"": ""singletons"", ""shared_suffix"": ""64""}"
pr1-p32-c512,segments,sorted_order_strings_segments,Device=0 num_rows=32768 shared_suffix=0 segment_profile=pairs,True,True,True,0.15385439991950986,0.15543999895453453,0.5334111958742144,"{""num_rows"": ""32768"", ""segment_profile"": ""pairs"", ""shared_suffix"": ""0""}"
pr1-p32-c512,segments,sorted_order_strings_segments,Device=0 num_rows=2097152 shared_suffix=0 segment_profile=pairs,True,True,True,0.6483120054006578,0.649134400486946,13.348580837249754,"{""num_rows"": ""2097152"", ""segment_profile"": ""pairs"", ""shared_suffix"": ""0""}"
pr1-p32-c512,segments,sorted_order_strings_segments,Device=0 num_rows=32768 shared_suffix=64 segment_profile=pairs,True,True,True,0.16184800118207934,0.15837759971618653,0.664462399482727,"{""num_rows"": ""32768"", ""segment_profile"": ""pairs"", ""shared_suffix"": ""64""}"
pr1-p32-c512,segments,sorted_order_strings_segments,Device=0 num_rows=2097152 shared_suffix=64 segment_profile=pairs,True,True,True,0.8188096016645433,0.8226512014865875,20.565500640869143,"{""num_rows"": ""2097152"", ""segment_profile"": ""pairs"", ""shared_suffix"": ""64""}"
pr1-p32-c512,segments,sorted_order_strings_segments,Device=0 num_rows=32768 shared_suffix=0 segment_profile=tiny4,True,True,True,0.15572960004210473,0.15562720075249672,0.4734159991145135,"{""num_rows"": ""32768"", ""segment_profile"": ""tiny4"", ""shared_suffix"": ""0""}"
pr1-p32-c512,segments,sorted_order_strings_segments,Device=0 num_rows=2097152 shared_suffix=0 segment_profile=tiny4,True,True,True,0.5762175977230071,0.5764815956354142,8.593486356735228,"{""num_rows"": ""2097152"", ""segment_profile"": ""tiny4"", ""shared_suffix"": ""0""}"
pr1-p32-c512,segments,sorted_order_strings_segments,Device=0 num_rows=32768 shared_suffix=64 segment_profile=tiny4,True,True,True,0.16662559956312184,0.16697440221905713,0.6908096015453339,"{""num_rows"": ""32768"", ""segment_profile"": ""tiny4"", ""shared_suffix"": ""64""}"
pr1-p32-c512,segments,sorted_order_strings_segments,Device=0 num_rows=2097152 shared_suffix=64 segment_profile=tiny4,True,True,True,0.9084047943353653,0.9146800071001054,20.941135883331302,"{""num_rows"": ""2097152"", ""segment_profile"": ""tiny4"", ""shared_suffix"": ""64""}"
pr1-p32-c512,segments,sorted_order_strings_segments,Device=0 num_rows=32768 shared_suffix=0 segment_profile=tiny8,True,True,True,0.158822400867939,0.1583999983966351,0.36288640350103385,"{""num_rows"": ""32768"", ""segment_profile"": ""tiny8"", ""shared_suffix"": ""0""}"
pr1-p32-c512,segments,sorted_order_strings_segments,Device=0 num_rows=2097152 shared_suffix=0 segment_profile=tiny8,True,True,True,0.5899343967437742,0.5857823967933653,5.736995220184326,"{""num_rows"": ""2097152"", ""segment_profile"": ""tiny8"", ""shared_suffix"": ""0""}"
pr1-p32-c512,segments,sorted_order_strings_segments,Device=0 num_rows=32768 shared_suffix=64 segment_profile=tiny8,True,True,True,0.17885280176997184,0.17616800069808963,0.6038128048181535,"{""num_rows"": ""32768"", ""segment_profile"": ""tiny8"", ""shared_suffix"": ""64""}"
pr1-p32-c512,segments,sorted_order_strings_segments,Device=0 num_rows=2097152 shared_suffix=64 segment_profile=tiny8,True,True,True,1.1495023906230928,1.1431263983249664,19.36418228149414,"{""num_rows"": ""2097152"", ""segment_profile"": ""tiny8"", ""shared_suffix"": ""64""}"
pr1-p32-c512,segments,sorted_order_strings_segments,Device=0 num_rows=32768 shared_suffix=0 segment_profile=tiny16,True,True,True,0.1631167985498905,0.16128320023417475,0.341056002676487,"{""num_rows"": ""32768"", ""segment_profile"": ""tiny16"", ""shared_suffix"": ""0""}"
pr1-p32-c512,segments,sorted_order_strings_segments,Device=0 num_rows=2097152 shared_suffix=0 segment_profile=tiny16,True,True,True,0.630715200304985,0.6212319940328598,4.082068777084351,"{""num_rows"": ""2097152"", ""segment_profile"": ""tiny16"", ""shared_suffix"": ""0""}"
pr1-p32-c512,segments,sorted_order_strings_segments,Device=0 num_rows=32768 shared_suffix=64 segment_profile=tiny16,True,True,True,0.18591839969158167,0.18360799923539164,0.5627456039190292,"{""num_rows"": ""32768"", ""segment_profile"": ""tiny16"", ""shared_suffix"": ""64""}"
pr1-p32-c512,segments,sorted_order_strings_segments,Device=0 num_rows=2097152 shared_suffix=64 segment_profile=tiny16,True,True,True,1.3686703979969024,1.3622511982917784,16.503091049194335,"{""num_rows"": ""2097152"", ""segment_profile"": ""tiny16"", ""shared_suffix"": ""64""}"
pr1-p32-c512,segments,sorted_order_strings_segments,Device=0 num_rows=32768 shared_suffix=0 segment_profile=tiny32,True,True,True,0.16411359980702397,0.16272320002317428,0.3313439950346947,"{""num_rows"": ""32768"", ""segment_profile"": ""tiny32"", ""shared_suffix"": ""0""}"
pr1-p32-c512,segments,sorted_order_strings_segments,Device=0 num_rows=2097152 shared_suffix=0 segment_profile=tiny32,True,True,True,0.6841184079647064,0.6685263961553572,3.0190591931343076,"{""num_rows"": ""2097152"", ""segment_profile"": ""tiny32"", ""shared_suffix"": ""0""}"
pr1-p32-c512,segments,sorted_order_strings_segments,Device=0 num_rows=32768 shared_suffix=64 segment_profile=tiny32,True,True,True,0.1954304002225399,0.19457119926810265,0.5228848010301589,"{""num_rows"": ""32768"", ""segment_profile"": ""tiny32"", ""shared_suffix"": ""64""}"
pr1-p32-c512,segments,sorted_order_strings_segments,Device=0 num_rows=2097152 shared_suffix=64 segment_profile=tiny32,True,True,True,1.65896800160408,1.6522096097469328,13.205705595016482,"{""num_rows"": ""2097152"", ""segment_profile"": ""tiny32"", ""shared_suffix"": ""64""}"
pr1-p32-c512,segments,sorted_order_strings_segments,Device=0 num_rows=32768 shared_suffix=0 segment_profile=block256,True,True,True,0.17188479974865914,0.1700239986181259,0.36538239866495137,"{""num_rows"": ""32768"", ""segment_profile"": ""block256"", ""shared_suffix"": ""0""}"
pr1-p32-c512,segments,sorted_order_strings_segments,Device=0 num_rows=2097152 shared_suffix=0 segment_profile=block256,True,True,True,1.1522512018680573,1.119342392683029,1.7918720066547391,"{""num_rows"": ""2097152"", ""segment_profile"": ""block256"", ""shared_suffix"": ""0""}"
pr1-p32-c512,segments,sorted_order_strings_segments,Device=0 num_rows=32768 shared_suffix=64 segment_profile=block256,True,True,True,0.23723200112581252,0.23612639904022215,0.6639567971229554,"{""num_rows"": ""32768"", ""segment_profile"": ""block256"", ""shared_suffix"": ""64""}"
pr1-p32-c512,segments,sorted_order_strings_segments,Device=0 num_rows=2097152 shared_suffix=64 segment_profile=block256,True,True,True,3.225636804103851,3.207972812652588,10.344710397720336,"{""num_rows"": ""2097152"", ""segment_profile"": ""block256"", ""shared_suffix"": ""64""}"
pr1-p32-c512,segments,sorted_order_strings_segments,Device=0 num_rows=32768 shared_suffix=0 segment_profile=logarithmic,True,True,True,0.35848000049591067,0.35257759988307946,0.6021887958049774,"{""num_rows"": ""32768"", ""segment_profile"": ""logarithmic"", ""shared_suffix"": ""0""}"
pr1-p32-c512,segments,sorted_order_strings_segments,Device=0 num_rows=2097152 shared_suffix=0 segment_profile=logarithmic,True,True,True,2.572248017787934,2.5530607938766474,5.697185611724853,"{""num_rows"": ""2097152"", ""segment_profile"": ""logarithmic"", ""shared_suffix"": ""0""}"
pr1-p32-c512,segments,sorted_order_strings_segments,Device=0 num_rows=32768 shared_suffix=64 segment_profile=logarithmic,True,True,True,0.9132848054170609,0.9083888024091722,1.8692607939243313,"{""num_rows"": ""32768"", ""segment_profile"": ""logarithmic"", ""shared_suffix"": ""64""}"
pr1-p32-c512,segments,sorted_order_strings_segments,Device=0 num_rows=2097152 shared_suffix=64 segment_profile=logarithmic,True,True,True,8.383497619628905,8.37140474319458,10.525411319732665,"{""num_rows"": ""2097152"", ""segment_profile"": ""logarithmic"", ""shared_suffix"": ""64""}"
pr1-p32-c512,segments,sorted_order_strings_segments,Device=0 num_rows=32768 shared_suffix=0 segment_profile=tiny_plus_giant,True,True,True,0.2773503988981247,0.27387360036373143,0.47596640288829795,"{""num_rows"": ""32768"", ""segment_profile"": ""tiny_plus_giant"", ""shared_suffix"": ""0""}"
pr1-p32-c512,segments,sorted_order_strings_segments,Device=0 num_rows=2097152 shared_suffix=0 segment_profile=tiny_plus_giant,True,True,True,1.0900751888751985,1.0728911936283112,5.079675221443175,"{""num_rows"": ""2097152"", ""segment_profile"": ""tiny_plus_giant"", ""shared_suffix"": ""0""}"
pr1-p32-c512,segments,sorted_order_strings_segments,Device=0 num_rows=32768 shared_suffix=64 segment_profile=tiny_plus_giant,True,True,True,0.6839791983366011,0.6808911979198455,1.4580064058303837,"{""num_rows"": ""32768"", ""segment_profile"": ""tiny_plus_giant"", ""shared_suffix"": ""64""}"
pr1-p32-c512,segments,sorted_order_strings_segments,Device=0 num_rows=2097152 shared_suffix=64 segment_profile=tiny_plus_giant,True,True,True,3.203248023986816,2.0148000121116634,24.20835981369018,"{""num_rows"": ""2097152"", ""segment_profile"": ""tiny_plus_giant"", ""shared_suffix"": ""64""}"
pr1-p32-c512,segments,sorted_order_strings_segments,Device=0 num_rows=32768 shared_suffix=0 segment_profile=hot90,True,True,True,0.34690240025520325,0.3373696014285088,0.843000003695488,"{""num_rows"": ""32768"", ""segment_profile"": ""hot90"", ""shared_suffix"": ""0""}"
pr1-p32-c512,segments,sorted_order_strings_segments,Device=0 num_rows=2097152 shared_suffix=0 segment_profile=hot90,True,True,True,3.786356794834138,3.7141007900238026,22.761678409576415,"{""num_rows"": ""2097152"", ""segment_profile"": ""hot90"", ""shared_suffix"": ""0""}"
pr1-p32-c512,segments,sorted_order_strings_segments,Device=0 num_rows=32768 shared_suffix=64 segment_profile=hot90,True,True,True,0.78605760037899,0.7752031922340392,2.882497608661652,"{""num_rows"": ""32768"", ""segment_profile"": ""hot90"", ""shared_suffix"": ""64""}"
pr1-p32-c512,segments,sorted_order_strings_segments,Device=0 num_rows=2097152 shared_suffix=64 segment_profile=hot90,True,True,True,13.29826717376709,4.647382426261901,138.0864540100098,"{""num_rows"": ""2097152"", ""segment_profile"": ""hot90"", ""shared_suffix"": ""64""}"
pr1-p32-c512,segments,sorted_order_strings_segments,Device=0 num_rows=32768 shared_suffix=0 segment_profile=few_giants,True,True,True,0.22471359968185425,0.2226224005222321,0.43865760266780857,"{""num_rows"": ""32768"", ""segment_profile"": ""few_giants"", ""shared_suffix"": ""0""}"
pr1-p32-c512,segments,sorted_order_strings_segments,Device=0 num_rows=2097152 shared_suffix=0 segment_profile=few_giants,True,True,True,1.0174880027770996,0.9952592134475708,4.096756792068482,"{""num_rows"": ""2097152"", ""segment_profile"": ""few_giants"", ""shared_suffix"": ""0""}"
pr1-p32-c512,segments,sorted_order_strings_segments,Device=0 num_rows=32768 shared_suffix=64 segment_profile=few_giants,True,True,True,0.3948400020599366,0.3922496020793916,1.3989968001842499,"{""num_rows"": ""32768"", ""segment_profile"": ""few_giants"", ""shared_suffix"": ""64""}"
pr1-p32-c512,segments,sorted_order_strings_segments,Device=0 num_rows=2097152 shared_suffix=64 segment_profile=few_giants,True,True,True,3.0566351890563968,3.041584002971649,15.446777629852294,"{""num_rows"": ""2097152"", ""segment_profile"": ""few_giants"", ""shared_suffix"": ""64""}"
pr1-p32-c512,segments,sorted_order_strings_segments,Device=0 num_rows=32768 shared_suffix=0 segment_profile=one_segment,True,True,True,0.3312368020415306,0.3227807983756065,0.8466560035943987,"{""num_rows"": ""32768"", ""segment_profile"": ""one_segment"", ""shared_suffix"": ""0""}"
pr1-p32-c512,segments,sorted_order_strings_segments,Device=0 num_rows=2097152 shared_suffix=0 segment_profile=one_segment,True,True,True,3.941921603679656,0.6736528009176255,25.125497627258298,"{""num_rows"": ""2097152"", ""segment_profile"": ""one_segment"", ""shared_suffix"": ""0""}"
pr1-p32-c512,segments,sorted_order_strings_segments,Device=0 num_rows=32768 shared_suffix=64 segment_profile=one_segment,True,True,True,0.7350656002759933,0.7242336034774779,2.9387680053710943,"{""num_rows"": ""32768"", ""segment_profile"": ""one_segment"", ""shared_suffix"": ""64""}"
pr1-p32-c512,segments,sorted_order_strings_segments,Device=0 num_rows=2097152 shared_suffix=64 segment_profile=one_segment,True,True,True,13.700187158584596,0.8159936040639876,154.43667373657226,"{""num_rows"": ""2097152"", ""segment_profile"": ""one_segment"", ""shared_suffix"": ""64""}"
pr1-p32-c512,pr-diagnostics,sorted_order_strings_segmented_diagnostics,Device=0 num_rows=262144 profile=finish_257,True,True,True,0.21569759994745255,0.21197280064225196,0.3425855994224548,"{""num_rows"": ""262144"", ""profile"": ""finish_257""}"
pr1-p32-c512,pr-diagnostics,sorted_order_strings_segmented_diagnostics,Device=0 num_rows=2097152 profile=finish_257,True,True,True,0.41264639943838116,0.41082240194082253,0.5354671925306321,"{""num_rows"": ""2097152"", ""profile"": ""finish_257""}"
pr1-p32-c512,pr-diagnostics,sorted_order_strings_segmented_diagnostics,Device=0 num_rows=262144 profile=finish_1024,True,True,True,0.24103199988603596,0.23662079945206643,0.46793120205402366,"{""num_rows"": ""262144"", ""profile"": ""finish_1024""}"
pr1-p32-c512,pr-diagnostics,sorted_order_strings_segmented_diagnostics,Device=0 num_rows=2097152 profile=finish_1024,True,True,True,0.4393920004367827,0.4336399972438811,0.6815567940473558,"{""num_rows"": ""2097152"", ""profile"": ""finish_1024""}"
pr1-p32-c512,pr-diagnostics,sorted_order_strings_segmented_diagnostics,Device=0 num_rows=262144 profile=finish_4096,True,True,True,0.2798784017562866,0.27618559896945954,0.5277280002832412,"{""num_rows"": ""262144"", ""profile"": ""finish_4096""}"
pr1-p32-c512,pr-diagnostics,sorted_order_strings_segmented_diagnostics,Device=0 num_rows=2097152 profile=finish_4096,True,True,True,0.48063360154628754,0.47482880204916006,0.7426991939544678,"{""num_rows"": ""2097152"", ""profile"": ""finish_4096""}"
pr1-p32-c512,pr-diagnostics,sorted_order_strings_segmented_diagnostics,Device=0 num_rows=262144 profile=active_50,True,True,True,0.3349920004606247,0.3300559982657432,1.4514320015907287,"{""num_rows"": ""262144"", ""profile"": ""active_50""}"
pr1-p32-c512,pr-diagnostics,sorted_order_strings_segmented_diagnostics,Device=0 num_rows=2097152 profile=active_50,True,True,True,0.8830991953611373,0.8611615985631944,10.868788909912112,"{""num_rows"": ""2097152"", ""profile"": ""active_50""}"
pr1-p32-c512,pr-diagnostics,sorted_order_strings_segmented_diagnostics,Device=0 num_rows=262144 profile=active_10,True,True,True,0.29743839949369427,0.2912160009145737,0.5269439965486526,"{""num_rows"": ""262144"", ""profile"": ""active_10""}"
pr1-p32-c512,pr-diagnostics,sorted_order_strings_segmented_diagnostics,Device=0 num_rows=2097152 profile=active_10,True,True,True,0.5444464027881621,0.538724797964096,2.432502436637878,"{""num_rows"": ""2097152"", ""profile"": ""active_10""}"
pr1-p32-c512,pr-diagnostics,sorted_order_strings_segmented_diagnostics,Device=0 num_rows=262144 profile=active_1,True,True,True,0.2402383983135223,0.23394080027937883,0.29344160258769986,"{""num_rows"": ""262144"", ""profile"": ""active_1""}"
pr1-p32-c512,pr-diagnostics,sorted_order_strings_segmented_diagnostics,Device=0 num_rows=2097152 profile=active_1,True,True,True,0.4881615966558457,0.48552000224590297,0.6726303994655609,"{""num_rows"": ""2097152"", ""profile"": ""active_1""}"
pr1-p32-c512,pr-diagnostics,sorted_order_strings_segmented_diagnostics,Device=0 num_rows=262144 profile=active_0_1,True,True,True,0.19677920043468475,0.1927152007818222,0.2816752001643181,"{""num_rows"": ""262144"", ""profile"": ""active_0_1""}"
pr1-p32-c512,pr-diagnostics,sorted_order_strings_segmented_diagnostics,Device=0 num_rows=2097152 profile=active_0_1,True,True,True,0.42093279808759687,0.4161615997552872,0.48091359734535216,"{""num_rows"": ""2097152"", ""profile"": ""active_0_1""}"
pr1-p32-c512,pr-diagnostics,sorted_order_strings_segmented_diagnostics,Device=0 num_rows=262144 profile=duplicates_6,False,False,False,0.2339071996510029,0.22589119896292684,0.21982879862189297,"{""num_rows"": ""262144"", ""profile"": ""duplicates_6""}"
pr1-p32-c512,pr-diagnostics,sorted_order_strings_segmented_diagnostics,Device=0 num_rows=2097152 profile=duplicates_6,False,False,False,0.9853663980960846,0.9580799996852876,0.38149760067462923,"{""num_rows"": ""2097152"", ""profile"": ""duplicates_6""}"
pr1-p32-c512,pr-diagnostics,sorted_order_strings_segmented_diagnostics,Device=0 num_rows=262144 profile=duplicates_8,False,False,False,0.23391359969973566,0.2258431985974312,0.214809600263834,"{""num_rows"": ""262144"", ""profile"": ""duplicates_8""}"
pr1-p32-c512,pr-diagnostics,sorted_order_strings_segmented_diagnostics,Device=0 num_rows=2097152 profile=duplicates_8,False,False,False,0.9851648002862932,0.9564703971147537,0.3837487980723381,"{""num_rows"": ""2097152"", ""profile"": ""duplicates_8""}"
pr1-p32-c512,pr-diagnostics,sorted_order_strings_segmented_diagnostics,Device=0 num_rows=262144 profile=duplicates_12,False,False,False,0.3503951981663704,0.3451727986335755,0.33378880321979526,"{""num_rows"": ""262144"", ""profile"": ""duplicates_12""}"
pr1-p32-c512,pr-diagnostics,sorted_order_strings_segmented_diagnostics,Device=0 num_rows=2097152 profile=duplicates_12,False,False,False,2.061299216747284,2.0575360178947455,0.9150112003087999,"{""num_rows"": ""2097152"", ""profile"": ""duplicates_12""}"
pr1-p32-c512,pr-diagnostics,sorted_order_strings_segmented_diagnostics,Device=0 num_rows=262144 profile=duplicates_16,True,True,True,0.3004224002361297,0.2944640025496482,0.3333071976900101,"{""num_rows"": ""262144"", ""profile"": ""duplicates_16""}"
pr1-p32-c512,pr-diagnostics,sorted_order_strings_segmented_diagnostics,Device=0 num_rows=2097152 profile=duplicates_16,False,False,False,1.6010432124137879,1.5723328113555908,0.9188607990741731,"{""num_rows"": ""2097152"", ""profile"": ""duplicates_16""}"
pr1-p32-c512,pr-diagnostics,sorted_order_strings_segmented_diagnostics,Device=0 num_rows=262144 profile=duplicates_24,True,True,True,0.36154880374670023,0.35455680191516875,0.45150559991598127,"{""num_rows"": ""262144"", ""profile"": ""duplicates_24""}"
pr1-p32-c512,pr-diagnostics,sorted_order_strings_segmented_diagnostics,Device=0 num_rows=2097152 profile=duplicates_24,False,False,False,2.0688015937805173,2.0401168107986454,1.453606402873993,"{""num_rows"": ""2097152"", ""profile"": ""duplicates_24""}"
pr1-p32-c512,pr-diagnostics,sorted_order_strings_segmented_diagnostics,Device=0 num_rows=262144 profile=duplicates_32,True,True,True,0.4030415982007979,0.39774079769849785,0.5672448009252549,"{""num_rows"": ""262144"", ""profile"": ""duplicates_32""}"
pr1-p32-c512,pr-diagnostics,sorted_order_strings_segmented_diagnostics,Device=0 num_rows=2097152 profile=duplicates_32,False,False,False,2.50824476480484,2.4764127492904664,2.0262400031089784,"{""num_rows"": ""2097152"", ""profile"": ""duplicates_32""}"
pr1-p32-c512,pr-diagnostics,sorted_order_strings_segmented_diagnostics,Device=0 num_rows=262144 profile=rle_misaligned,True,True,True,0.6264559984207153,0.43068640232086186,9.195779228210451,"{""num_rows"": ""262144"", ""profile"": ""rle_misaligned""}"
pr1-p32-c512,pr-diagnostics,sorted_order_strings_segmented_diagnostics,Device=0 num_rows=2097152 profile=rle_misaligned,True,True,True,3.8498832106590277,2.3443439841270446,91.84494247436524,"{""num_rows"": ""2097152"", ""profile"": ""rle_misaligned""}"
pr1-p32-c512,pr-workload,sorted_order_strings_workload,Device=0 min_width=0 max_width=32 num_rows=32768 workload=normal,True,True,True,0.19661279991269112,0.19577439948916436,0.37043200135231025,"{""max_width"": ""32"", ""min_width"": ""0"", ""num_rows"": ""32768"", ""workload"": ""normal""}"
pr1-p32-c512,pr-workload,sorted_order_strings_workload,Device=0 min_width=0 max_width=64 num_rows=32768 workload=normal,True,True,True,0.2209807991981506,0.22270400077104568,0.4490479975938798,"{""max_width"": ""64"", ""min_width"": ""0"", ""num_rows"": ""32768"", ""workload"": ""normal""}"
pr1-p32-c512,pr-workload,sorted_order_strings_workload,Device=0 min_width=0 max_width=128 num_rows=32768 workload=normal,True,True,True,0.27878720015287406,0.27963039875030526,0.6039440035820007,"{""max_width"": ""128"", ""min_width"": ""0"", ""num_rows"": ""32768"", ""workload"": ""normal""}"
pr1-p32-c512,pr-workload,sorted_order_strings_workload,Device=0 min_width=0 max_width=256 num_rows=32768 workload=normal,True,True,True,0.40014080107212063,0.40246080160140985,0.961660802364349,"{""max_width"": ""256"", ""min_width"": ""0"", ""num_rows"": ""32768"", ""workload"": ""normal""}"
pr1-p32-c512,pr-workload,sorted_order_strings_workload,Device=0 min_width=0 max_width=32 num_rows=262144 workload=normal,True,True,True,0.41038399934768677,0.40561439990997317,0.4993296012282373,"{""max_width"": ""32"", ""min_width"": ""0"", ""num_rows"": ""262144"", ""workload"": ""normal""}"
pr1-p32-c512,pr-workload,sorted_order_strings_workload,Device=0 min_width=0 max_width=64 num_rows=262144 workload=normal,True,True,True,0.5262175977230072,0.5229023993015289,0.6933279931545259,"{""max_width"": ""64"", ""min_width"": ""0"", ""num_rows"": ""262144"", ""workload"": ""normal""}"
pr1-p32-c512,pr-workload,sorted_order_strings_workload,Device=0 min_width=0 max_width=128 num_rows=262144 workload=normal,True,True,True,0.8640720009803771,0.8602287977933883,1.21116960644722,"{""max_width"": ""128"", ""min_width"": ""0"", ""num_rows"": ""262144"", ""workload"": ""normal""}"
pr1-p32-c512,pr-workload,sorted_order_strings_workload,Device=0 min_width=0 max_width=256 num_rows=262144 workload=normal,True,True,True,1.5074272096157073,1.5074560046195984,2.603888010978698,"{""max_width"": ""256"", ""min_width"": ""0"", ""num_rows"": ""262144"", ""workload"": ""normal""}"
pr1-p32-c512,pr-workload,sorted_order_strings_workload,Device=0 min_width=0 max_width=32 num_rows=2097152 workload=normal,True,True,True,1.3809231936931607,1.3525680065155032,1.9306656062602998,"{""max_width"": ""32"", ""min_width"": ""0"", ""num_rows"": ""2097152"", ""workload"": ""normal""}"
pr1-p32-c512,pr-workload,sorted_order_strings_workload,Device=0 min_width=0 max_width=64 num_rows=2097152 workload=normal,True,True,True,2.073977601528168,2.041998392343521,3.822063994407654,"{""max_width"": ""64"", ""min_width"": ""0"", ""num_rows"": ""2097152"", ""workload"": ""normal""}"
pr1-p32-c512,pr-workload,sorted_order_strings_workload,Device=0 min_width=0 max_width=128 num_rows=2097152 workload=normal,True,True,True,3.6989408016204823,3.6889439940452573,7.670576047897339,"{""max_width"": ""128"", ""min_width"": ""0"", ""num_rows"": ""2097152"", ""workload"": ""normal""}"
pr1-p32-c512,pr-workload,sorted_order_strings_workload,Device=0 min_width=0 max_width=256 num_rows=2097152 workload=normal,True,True,True,8.03885281085968,7.976220798492433,15.163420867919923,"{""max_width"": ""256"", ""min_width"": ""0"", ""num_rows"": ""2097152"", ""workload"": ""normal""}"
pr1-p32-c512,pr-workload,sorted_order_strings_workload,Device=0 min_width=0 max_width=32 num_rows=32768 workload=duplicates,True,True,True,0.22890079841017721,0.22757759839296338,0.7211968064308167,"{""max_width"": ""32"", ""min_width"": ""0"", ""num_rows"": ""32768"", ""workload"": ""duplicates""}"
pr1-p32-c512,pr-workload,sorted_order_strings_workload,Device=0 min_width=0 max_width=64 num_rows=32768 workload=duplicates,True,True,True,0.2940751984715461,0.29271679818630214,1.2525007843971252,"{""max_width"": ""64"", ""min_width"": ""0"", ""num_rows"": ""32768"", ""workload"": ""duplicates""}"
pr1-p32-c512,pr-workload,sorted_order_strings_workload,Device=0 min_width=0 max_width=128 num_rows=32768 workload=duplicates,True,True,True,0.4321536004543305,0.43007680028676987,2.251705634593964,"{""max_width"": ""128"", ""min_width"": ""0"", ""num_rows"": ""32768"", ""workload"": ""duplicates""}"
pr1-p32-c512,pr-workload,sorted_order_strings_workload,Device=0 min_width=0 max_width=256 num_rows=32768 workload=duplicates,True,True,True,0.8066496074199677,0.8047984033823014,4.458716845512389,"{""max_width"": ""256"", ""min_width"": ""0"", ""num_rows"": ""32768"", ""workload"": ""duplicates""}"
pr1-p32-c512,pr-workload,sorted_order_strings_workload,Device=0 min_width=0 max_width=32 num_rows=262144 workload=duplicates,True,True,True,0.42985439896583566,0.43032319843769073,0.7250576019287108,"{""max_width"": ""32"", ""min_width"": ""0"", ""num_rows"": ""262144"", ""workload"": ""duplicates""}"
pr1-p32-c512,pr-workload,sorted_order_strings_workload,Device=0 min_width=0 max_width=64 num_rows=262144 workload=duplicates,True,True,True,0.5939967960119248,0.5900319993495942,1.1769296050071716,"{""max_width"": ""64"", ""min_width"": ""0"", ""num_rows"": ""262144"", ""workload"": ""duplicates""}"
pr1-p32-c512,pr-workload,sorted_order_strings_workload,Device=0 min_width=0 max_width=128 num_rows=262144 workload=duplicates,True,True,True,0.9221008002758025,0.9171871989965439,2.2529104232788084,"{""max_width"": ""128"", ""min_width"": ""0"", ""num_rows"": ""262144"", ""workload"": ""duplicates""}"
pr1-p32-c512,pr-workload,sorted_order_strings_workload,Device=0 min_width=0 max_width=256 num_rows=262144 workload=duplicates,True,True,True,1.7379855811595915,1.7387104034423828,4.361097598075867,"{""max_width"": ""256"", ""min_width"": ""0"", ""num_rows"": ""262144"", ""workload"": ""duplicates""}"
pr1-p32-c512,pr-workload,sorted_order_strings_workload,Device=0 min_width=0 max_width=32 num_rows=2097152 workload=duplicates,False,False,True,2.208403193950653,1.4869535923004151,1.763432013988495,"{""max_width"": ""32"", ""min_width"": ""0"", ""num_rows"": ""2097152"", ""workload"": ""duplicates""}"
pr1-p32-c512,pr-workload,sorted_order_strings_workload,Device=0 min_width=0 max_width=64 num_rows=2097152 workload=duplicates,False,False,True,3.3077391862869265,2.1277056097984315,3.330502414703369,"{""max_width"": ""64"", ""min_width"": ""0"", ""num_rows"": ""2097152"", ""workload"": ""duplicates""}"
pr1-p32-c512,pr-workload,sorted_order_strings_workload,Device=0 min_width=0 max_width=128 num_rows=2097152 workload=duplicates,True,True,True,5.456284832954406,3.2417343974113466,6.736193585395812,"{""max_width"": ""128"", ""min_width"": ""0"", ""num_rows"": ""2097152"", ""workload"": ""duplicates""}"
pr1-p32-c512,pr-workload,sorted_order_strings_workload,Device=0 min_width=0 max_width=256 num_rows=2097152 workload=duplicates,True,True,True,9.884473657608032,5.64182231426239,13.659919977188114,"{""max_width"": ""256"", ""min_width"": ""0"", ""num_rows"": ""2097152"", ""workload"": ""duplicates""}"
pr1-p32-c512,pr-workload,sorted_order_strings_workload,Device=0 min_width=0 max_width=32 num_rows=32768 workload=shared_prefix,True,True,True,0.4656512022018433,0.461209599673748,1.2982560038566588,"{""max_width"": ""32"", ""min_width"": ""0"", ""num_rows"": ""32768"", ""workload"": ""shared_prefix""}"
pr1-p32-c512,pr-workload,sorted_order_strings_workload,Device=0 min_width=0 max_width=64 num_rows=32768 workload=shared_prefix,True,True,True,0.7320896089076997,0.7264208018779754,2.3455055952072144,"{""max_width"": ""64"", ""min_width"": ""0"", ""num_rows"": ""32768"", ""workload"": ""shared_prefix""}"
pr1-p32-c512,pr-workload,sorted_order_strings_workload,Device=0 min_width=0 max_width=128 num_rows=32768 workload=shared_prefix,True,True,True,1.337611210346222,1.339843201637268,4.456289553642272,"{""max_width"": ""128"", ""min_width"": ""0"", ""num_rows"": ""32768"", ""workload"": ""shared_prefix""}"
pr1-p32-c512,pr-workload,sorted_order_strings_workload,Device=0 min_width=0 max_width=256 num_rows=32768 workload=shared_prefix,True,True,True,3.354206395149231,3.3500959873199467,8.637606382369997,"{""max_width"": ""256"", ""min_width"": ""0"", ""num_rows"": ""32768"", ""workload"": ""shared_prefix""}"
pr1-p32-c512,pr-workload,sorted_order_strings_workload,Device=0 min_width=0 max_width=32 num_rows=262144 workload=shared_prefix,True,True,True,0.7369232058525085,0.5245952010154724,6.917270374298096,"{""max_width"": ""32"", ""min_width"": ""0"", ""num_rows"": ""262144"", ""workload"": ""shared_prefix""}"
pr1-p32-c512,pr-workload,sorted_order_strings_workload,Device=0 min_width=0 max_width=64 num_rows=262144 workload=shared_prefix,True,True,True,1.2546688079833983,0.5525535941123961,12.822833490371707,"{""max_width"": ""64"", ""min_width"": ""0"", ""num_rows"": ""262144"", ""workload"": ""shared_prefix""}"
pr1-p32-c512,pr-workload,sorted_order_strings_workload,Device=0 min_width=0 max_width=128 num_rows=262144 workload=shared_prefix,True,True,True,2.6957360029220583,0.6254015982151031,24.869950580596925,"{""max_width"": ""128"", ""min_width"": ""0"", ""num_rows"": ""262144"", ""workload"": ""shared_prefix""}"
pr1-p32-c512,pr-workload,sorted_order_strings_workload,Device=0 min_width=0 max_width=256 num_rows=262144 workload=shared_prefix,True,True,True,7.7717088460922215,0.6988207995891571,49.02016334533692,"{""max_width"": ""256"", ""min_width"": ""0"", ""num_rows"": ""262144"", ""workload"": ""shared_prefix""}"
pr1-p32-c512,pr-workload,sorted_order_strings_workload,Device=0 min_width=0 max_width=32 num_rows=2097152 workload=shared_prefix,True,True,True,5.570593595504761,3.622136008739471,67.243851852417,"{""max_width"": ""32"", ""min_width"": ""0"", ""num_rows"": ""2097152"", ""workload"": ""shared_prefix""}"
pr1-p32-c512,pr-workload,sorted_order_strings_workload,Device=0 min_width=0 max_width=64 num_rows=2097152 workload=shared_prefix,True,True,True,10.306312036514282,3.9553968191146858,133.38632736206057,"{""max_width"": ""64"", ""min_width"": ""0"", ""num_rows"": ""2097152"", ""workload"": ""shared_prefix""}"
pr1-p32-c512,pr-workload,sorted_order_strings_workload,Device=0 min_width=0 max_width=128 num_rows=2097152 workload=shared_prefix,True,True,True,23.3385326385498,4.756078433990478,265.8509216308594,"{""max_width"": ""128"", ""min_width"": ""0"", ""num_rows"": ""2097152"", ""workload"": ""shared_prefix""}"
pr1-p32-c512,pr-workload,sorted_order_strings_workload,Device=0 min_width=0 max_width=256 num_rows=2097152 workload=shared_prefix,True,True,True,50.04369831085205,5.124852776527405,531.0270080566405,"{""max_width"": ""256"", ""min_width"": ""0"", ""num_rows"": ""2097152"", ""workload"": ""shared_prefix""}"
pr1-p32-c512,pr-workload,sorted_order_strings_workload,Device=0 min_width=0 max_width=32 num_rows=32768 workload=variable,True,True,True,0.1914480000734329,0.18938079997897148,0.31370560377836226,"{""max_width"": ""32"", ""min_width"": ""0"", ""num_rows"": ""32768"", ""workload"": ""variable""}"
pr1-p32-c512,pr-workload,sorted_order_strings_workload,Device=0 min_width=0 max_width=64 num_rows=32768 workload=variable,True,True,True,0.18817599937319757,0.18754400089383122,0.3198415964841842,"{""max_width"": ""64"", ""min_width"": ""0"", ""num_rows"": ""32768"", ""workload"": ""variable""}"
pr1-p32-c512,pr-workload,sorted_order_strings_workload,Device=0 min_width=0 max_width=128 num_rows=32768 workload=variable,True,True,True,0.17309760078787803,0.17495679929852487,0.34084639996290206,"{""max_width"": ""128"", ""min_width"": ""0"", ""num_rows"": ""32768"", ""workload"": ""variable""}"
pr1-p32-c512,pr-workload,sorted_order_strings_workload,Device=0 min_width=0 max_width=256 num_rows=32768 workload=variable,True,True,True,0.17168959975242618,0.1772192008793354,0.3655087992548942,"{""max_width"": ""256"", ""min_width"": ""0"", ""num_rows"": ""32768"", ""workload"": ""variable""}"
pr1-p32-c512,pr-workload,sorted_order_strings_workload,Device=0 min_width=0 max_width=32 num_rows=262144 workload=variable,True,True,True,0.2607839971780777,0.2603887990117073,0.34743039906024936,"{""max_width"": ""32"", ""min_width"": ""0"", ""num_rows"": ""262144"", ""workload"": ""variable""}"
pr1-p32-c512,pr-workload,sorted_order_strings_workload,Device=0 min_width=0 max_width=64 num_rows=262144 workload=variable,True,True,True,0.25829279869794847,0.25830560177564627,0.3587199985980987,"{""max_width"": ""64"", ""min_width"": ""0"", ""num_rows"": ""262144"", ""workload"": ""variable""}"
pr1-p32-c512,pr-workload,sorted_order_strings_workload,Device=0 min_width=0 max_width=128 num_rows=262144 workload=variable,True,True,True,0.26322880089282985,0.2636128008365631,0.37560159862041476,"{""max_width"": ""128"", ""min_width"": ""0"", ""num_rows"": ""262144"", ""workload"": ""variable""}"
pr1-p32-c512,pr-workload,sorted_order_strings_workload,Device=0 min_width=0 max_width=256 num_rows=262144 workload=variable,True,True,True,0.2464128009974956,0.2484784007072449,0.4131519958376885,"{""max_width"": ""256"", ""min_width"": ""0"", ""num_rows"": ""262144"", ""workload"": ""variable""}"
pr1-p32-c512,pr-workload,sorted_order_strings_workload,Device=0 min_width=0 max_width=32 num_rows=2097152 workload=variable,True,True,True,0.5285023987293244,0.5124447941780089,0.8515536040067673,"{""max_width"": ""32"", ""min_width"": ""0"", ""num_rows"": ""2097152"", ""workload"": ""variable""}"
pr1-p32-c512,pr-workload,sorted_order_strings_workload,Device=0 min_width=0 max_width=64 num_rows=2097152 workload=variable,True,True,True,0.5175583928823471,0.5195280015468599,0.8092863976955414,"{""max_width"": ""64"", ""min_width"": ""0"", ""num_rows"": ""2097152"", ""workload"": ""variable""}"
pr1-p32-c512,pr-workload,sorted_order_strings_workload,Device=0 min_width=0 max_width=128 num_rows=2097152 workload=variable,True,True,True,0.5345551997423174,0.534351998567581,0.7988863974809647,"{""max_width"": ""128"", ""min_width"": ""0"", ""num_rows"": ""2097152"", ""workload"": ""variable""}"
pr1-p32-c512,pr-workload,sorted_order_strings_workload,Device=0 min_width=0 max_width=256 num_rows=2097152 workload=variable,True,True,True,0.5276271998882294,0.5294400066137315,0.7568576008081436,"{""max_width"": ""256"", ""min_width"": ""0"", ""num_rows"": ""2097152"", ""workload"": ""variable""}"
pr1-p32-c512,pr-zero-collisions,sorted_order_strings_segmented_diagnostics,Device=0 num_rows=32768 profile=zero_collision_pass1,True,True,True,0.21732960194349293,0.2067135997116566,0.5949759930372238,"{""num_rows"": ""32768"", ""profile"": ""zero_collision_pass1""}"
pr1-p32-c512,pr-zero-collisions,sorted_order_strings_segmented_diagnostics,Device=0 num_rows=32768 profile=zero_collision_pass2,True,True,True,0.29644319564104077,0.284596799314022,0.8618016004562378,"{""num_rows"": ""32768"", ""profile"": ""zero_collision_pass2""}"
pr1-p32-c512,pr-source,sorted_order_strings_source_parity,Device=0 num_rows=262144 profile=unique_32,True,True,True,0.47591039836406707,0.23970720097422601,5.566262412071229,"{""num_rows"": ""262144"", ""profile"": ""unique_32""}"
pr1-p32-c512,pr-source,sorted_order_strings_source_parity,Device=0 num_rows=2097152 profile=unique_32,True,True,True,2.806980776786804,0.5794911980628967,57.100496292114265,"{""num_rows"": ""2097152"", ""profile"": ""unique_32""}"
pr1-p32-c512,pr-source,sorted_order_strings_source_parity,Device=0 num_rows=262144 profile=duplicates_32,True,True,True,0.6170463979244233,0.2125743992626667,4.990627145767212,"{""num_rows"": ""262144"", ""profile"": ""duplicates_32""}"
pr1-p32-c512,pr-source,sorted_order_strings_source_parity,Device=0 num_rows=2097152 profile=duplicates_32,True,True,True,4.072627139091493,0.5053216055035591,52.58157901763916,"{""num_rows"": ""2097152"", ""profile"": ""duplicates_32""}"
pr1-p32-c512,pr-source,sorted_order_strings_source_parity,Device=0 num_rows=262144 profile=shared_prefix_24,True,True,True,0.477515198290348,0.24210080057382585,5.5641599655151355,"{""num_rows"": ""262144"", ""profile"": ""shared_prefix_24""}"
pr1-p32-c512,pr-source,sorted_order_strings_source_parity,Device=0 num_rows=2097152 profile=shared_prefix_24,True,True,True,2.8072479963302612,0.5793327957391738,57.10272178649902,"{""num_rows"": ""2097152"", ""profile"": ""shared_prefix_24""}"
pr1-p32-c512,pr-source,sorted_order_strings_source_parity,Device=0 num_rows=262144 profile=raw_unique_40,True,True,True,0.17495039999485013,0.176231998950243,0.22230879962444303,"{""num_rows"": ""262144"", ""profile"": ""raw_unique_40""}"
pr1-p32-c512,pr-source,sorted_order_strings_source_parity,Device=0 num_rows=2097152 profile=raw_unique_40,True,True,True,0.41448160260915756,0.4162992000579834,0.45971199870109547,"{""num_rows"": ""2097152"", ""profile"": ""raw_unique_40""}"
pr1-p32-c512,pr-source,sorted_order_strings_source_parity,Device=0 num_rows=262144 profile=raw_duplicates_40,True,True,True,0.4819888010621071,0.4801856011152268,0.680631998181343,"{""num_rows"": ""262144"", ""profile"": ""raw_duplicates_40""}"
pr1-p32-c512,pr-source,sorted_order_strings_source_parity,Device=0 num_rows=2097152 profile=raw_duplicates_40,False,False,False,3.180532801151275,3.1582432031631464,2.504563212394714,"{""num_rows"": ""2097152"", ""profile"": ""raw_duplicates_40""}"
pr1-p32-c512,pr-source,sorted_order_strings_source_parity,Device=0 num_rows=262144 profile=raw_shared_prefix_24_width_40,True,True,True,0.6562464028596877,0.5244864016771317,6.905156803131104,"{""num_rows"": ""262144"", ""profile"": ""raw_shared_prefix_24_width_40""}"
pr1-p32-c512,pr-source,sorted_order_strings_source_parity,Device=0 num_rows=2097152 profile=raw_shared_prefix_24_width_40,True,True,True,5.730739164352418,3.8778943896293643,66.57815399169922,"{""num_rows"": ""2097152"", ""profile"": ""raw_shared_prefix_24_width_40""}"
pr2-p32-c4096,target,sorted_order_strings_cardinality,Device=0 num_rows=262144 max_width=128 cardinality=1,True,True,True,1.0285935938358304,0.20753280222415926,19.493948841094973,"{""cardinality"": ""1"", ""max_width"": ""128"", ""num_rows"": ""262144""}"
pr2-p32-c4096,target,sorted_order_strings_cardinality,Device=0 num_rows=2097152 max_width=128 cardinality=1,True,True,True,7.137545609474184,0.5123471975326539,213.62368545532223,"{""cardinality"": ""1"", ""max_width"": ""128"", ""num_rows"": ""2097152""}"
pr2-p32-c4096,target,sorted_order_strings_cardinality,Device=0 num_rows=262144 max_width=32 cardinality=64,True,True,True,0.45081920027732836,0.4451055973768234,0.7300400078296662,"{""cardinality"": ""64"", ""max_width"": ""32"", ""num_rows"": ""262144""}"
pr2-p32-c4096,target,sorted_order_strings_cardinality,Device=0 num_rows=2097152 max_width=32 cardinality=64,False,False,True,2.1414144039154057,1.3758512020111084,1.7137712121009827,"{""cardinality"": ""64"", ""max_width"": ""32"", ""num_rows"": ""2097152""}"
pr2-p32-c4096,target,sorted_order_strings_cardinality,Device=0 num_rows=262144 max_width=128 cardinality=64,True,True,True,0.9858447968959807,0.9871311962604522,2.4346879959106444,"{""cardinality"": ""64"", ""max_width"": ""128"", ""num_rows"": ""262144""}"
pr2-p32-c4096,target,sorted_order_strings_cardinality,Device=0 num_rows=2097152 max_width=128 cardinality=64,True,True,True,6.120367956161498,3.5308864235877984,7.001279973983763,"{""cardinality"": ""64"", ""max_width"": ""128"", ""num_rows"": ""2097152""}"
pr2-p32-c4096,target,sorted_order_strings_cardinality,Device=0 num_rows=262144 max_width=32 cardinality=0,True,True,True,0.26248320043087014,0.2578672021627426,0.3442576006054878,"{""cardinality"": ""0"", ""max_width"": ""32"", ""num_rows"": ""262144""}"
pr2-p32-c4096,target,sorted_order_strings_cardinality,Device=0 num_rows=2097152 max_width=32 cardinality=0,True,True,True,0.5261456072330476,0.5008575960993766,0.8508992046117783,"{""cardinality"": ""0"", ""max_width"": ""32"", ""num_rows"": ""2097152""}"
pr2-p32-c4096,target,sorted_order_strings_cardinality,Device=0 num_rows=262144 max_width=128 cardinality=0,True,True,True,0.2604767993092537,0.25449279844760897,0.3695263981819153,"{""cardinality"": ""0"", ""max_width"": ""128"", ""num_rows"": ""262144""}"
pr2-p32-c4096,target,sorted_order_strings_cardinality,Device=0 num_rows=2097152 max_width=128 cardinality=0,True,True,True,0.5324512004852296,0.5267424017190934,0.81013759970665,"{""cardinality"": ""0"", ""max_width"": ""128"", ""num_rows"": ""2097152""}"
pr2-p32-c4096,target,sorted_order_strings_prefixes,Device=0 num_rows=262144 prefix_width=4 suffix_width=32 prefix_cardinality=1,True,True,True,0.2357087999582291,0.22885280027985572,0.35260159820318215,"{""num_rows"": ""262144"", ""prefix_cardinality"": ""1"", ""prefix_width"": ""4"", ""suffix_width"": ""32""}"
pr2-p32-c4096,target,sorted_order_strings_prefixes,Device=0 num_rows=2097152 prefix_width=4 suffix_width=32 prefix_cardinality=1,True,True,True,0.4747184038162232,0.43364479541778567,1.179297602176666,"{""num_rows"": ""2097152"", ""prefix_cardinality"": ""1"", ""prefix_width"": ""4"", ""suffix_width"": ""32""}"
pr2-p32-c4096,target,sorted_order_strings_prefixes,Device=0 num_rows=262144 prefix_width=8 suffix_width=32 prefix_cardinality=1,True,True,True,0.5759952068328857,0.5659392058849334,4.0293168306350715,"{""num_rows"": ""262144"", ""prefix_cardinality"": ""1"", ""prefix_width"": ""8"", ""suffix_width"": ""32""}"
pr2-p32-c4096,target,sorted_order_strings_prefixes,Device=0 num_rows=2097152 prefix_width=8 suffix_width=32 prefix_cardinality=1,True,True,True,4.248027181625366,4.157860851287842,34.50826530456544,"{""num_rows"": ""2097152"", ""prefix_cardinality"": ""1"", ""prefix_width"": ""8"", ""suffix_width"": ""32""}"
pr2-p32-c4096,target,sorted_order_strings_prefixes,Device=0 num_rows=262144 prefix_width=10 suffix_width=32 prefix_cardinality=1,True,True,True,0.6130544066429139,0.6050687968730927,3.4436239957809445,"{""num_rows"": ""262144"", ""prefix_cardinality"": ""1"", ""prefix_width"": ""10"", ""suffix_width"": ""32""}"
pr2-p32-c4096,target,sorted_order_strings_prefixes,Device=0 num_rows=2097152 prefix_width=10 suffix_width=32 prefix_cardinality=1,True,True,True,4.454379200935364,4.387086391448975,29.88096141815186,"{""num_rows"": ""2097152"", ""prefix_cardinality"": ""1"", ""prefix_width"": ""10"", ""suffix_width"": ""32""}"
pr2-p32-c4096,target,sorted_order_strings_prefixes,Device=0 num_rows=262144 prefix_width=11 suffix_width=32 prefix_cardinality=1,True,True,True,0.6211055994033815,0.6119728028774262,3.2416623830795284,"{""num_rows"": ""262144"", ""prefix_cardinality"": ""1"", ""prefix_width"": ""11"", ""suffix_width"": ""32""}"
pr2-p32-c4096,target,sorted_order_strings_prefixes,Device=0 num_rows=2097152 prefix_width=11 suffix_width=32 prefix_cardinality=1,True,True,True,4.516688013076783,4.441099214553834,28.381969738006585,"{""num_rows"": ""2097152"", ""prefix_cardinality"": ""1"", ""prefix_width"": ""11"", ""suffix_width"": ""32""}"
pr2-p32-c4096,target,sorted_order_strings_prefixes,Device=0 num_rows=262144 prefix_width=12 suffix_width=32 prefix_cardinality=1,True,True,True,0.6324368000030519,0.624264007806778,3.039516794681549,"{""num_rows"": ""262144"", ""prefix_cardinality"": ""1"", ""prefix_width"": ""12"", ""suffix_width"": ""32""}"
pr2-p32-c4096,target,sorted_order_strings_prefixes,Device=0 num_rows=2097152 prefix_width=12 suffix_width=32 prefix_cardinality=1,True,True,True,4.57559838294983,4.4991919755935665,27.03484630584717,"{""num_rows"": ""2097152"", ""prefix_cardinality"": ""1"", ""prefix_width"": ""12"", ""suffix_width"": ""32""}"
pr2-p32-c4096,target,sorted_order_strings_prefixes,Device=0 num_rows=262144 prefix_width=64 suffix_width=32 prefix_cardinality=1,True,True,True,1.5366448104381558,0.6757360070943832,14.333270406723026,"{""num_rows"": ""262144"", ""prefix_cardinality"": ""1"", ""prefix_width"": ""64"", ""suffix_width"": ""32""}"
pr2-p32-c4096,target,sorted_order_strings_prefixes,Device=0 num_rows=2097152 prefix_width=64 suffix_width=32 prefix_cardinality=1,True,True,True,13.502793645858764,5.2204128265380865,150.22513961791992,"{""num_rows"": ""2097152"", ""prefix_cardinality"": ""1"", ""prefix_width"": ""64"", ""suffix_width"": ""32""}"
pr2-p32-c4096,target,sorted_order_strings_prefixes,Device=0 num_rows=262144 prefix_width=4 suffix_width=32 prefix_cardinality=64,True,True,True,0.19842719957232474,0.19546239972114562,0.3383280023932457,"{""num_rows"": ""262144"", ""prefix_cardinality"": ""64"", ""prefix_width"": ""4"", ""suffix_width"": ""32""}"
pr2-p32-c4096,target,sorted_order_strings_prefixes,Device=0 num_rows=2097152 prefix_width=4 suffix_width=32 prefix_cardinality=64,True,True,True,0.4172191947698593,0.4122255995869637,0.5924736022949219,"{""num_rows"": ""2097152"", ""prefix_cardinality"": ""64"", ""prefix_width"": ""4"", ""suffix_width"": ""32""}"
pr2-p32-c4096,target,sorted_order_strings_prefixes,Device=0 num_rows=262144 prefix_width=8 suffix_width=32 prefix_cardinality=64,True,True,True,0.4545008003711701,0.44611519873142247,0.6652719914913177,"{""num_rows"": ""262144"", ""prefix_cardinality"": ""64"", ""prefix_width"": ""8"", ""suffix_width"": ""32""}"
pr2-p32-c4096,target,sorted_order_strings_prefixes,Device=0 num_rows=2097152 prefix_width=8 suffix_width=32 prefix_cardinality=64,False,False,False,3.8905872225761415,3.8667119979858406,1.4259008049964903,"{""num_rows"": ""2097152"", ""prefix_cardinality"": ""64"", ""prefix_width"": ""8"", ""suffix_width"": ""32""}"
pr2-p32-c4096,target,sorted_order_strings_prefixes,Device=0 num_rows=262144 prefix_width=10 suffix_width=32 prefix_cardinality=64,True,True,True,0.4878864005208016,0.47925119549036027,0.7356079995632172,"{""num_rows"": ""262144"", ""prefix_cardinality"": ""64"", ""prefix_width"": ""10"", ""suffix_width"": ""32""}"
pr2-p32-c4096,target,sorted_order_strings_prefixes,Device=0 num_rows=2097152 prefix_width=10 suffix_width=32 prefix_cardinality=64,False,False,False,4.193367958068848,4.178593635559081,1.3581727981567382,"{""num_rows"": ""2097152"", ""prefix_cardinality"": ""64"", ""prefix_width"": ""10"", ""suffix_width"": ""32""}"
pr2-p32-c4096,target,sorted_order_strings_prefixes,Device=0 num_rows=262144 prefix_width=11 suffix_width=32 prefix_cardinality=64,True,True,True,0.5015183985233307,0.49334079921245577,0.7838607996702194,"{""num_rows"": ""262144"", ""prefix_cardinality"": ""64"", ""prefix_width"": ""11"", ""suffix_width"": ""32""}"
pr2-p32-c4096,target,sorted_order_strings_prefixes,Device=0 num_rows=2097152 prefix_width=11 suffix_width=32 prefix_cardinality=64,False,False,False,4.258377575874329,4.243911981582641,1.3402575969696044,"{""num_rows"": ""2097152"", ""prefix_cardinality"": ""64"", ""prefix_width"": ""11"", ""suffix_width"": ""32""}"
pr2-p32-c4096,target,sorted_order_strings_prefixes,Device=0 num_rows=262144 prefix_width=12 suffix_width=32 prefix_cardinality=64,True,True,True,0.5117247998714448,0.5012624070048332,0.8186319977045058,"{""num_rows"": ""262144"", ""prefix_cardinality"": ""64"", ""prefix_width"": ""12"", ""suffix_width"": ""32""}"
pr2-p32-c4096,target,sorted_order_strings_prefixes,Device=0 num_rows=2097152 prefix_width=12 suffix_width=32 prefix_cardinality=64,False,False,False,4.3156863212585455,4.300180816650392,1.3320288121700286,"{""num_rows"": ""2097152"", ""prefix_cardinality"": ""64"", ""prefix_width"": ""12"", ""suffix_width"": ""32""}"
pr2-p32-c4096,target,sorted_order_strings_prefixes,Device=0 num_rows=262144 prefix_width=64 suffix_width=32 prefix_cardinality=64,True,True,True,1.0830335974693297,1.074113589525223,4.457692790031433,"{""num_rows"": ""262144"", ""prefix_cardinality"": ""64"", ""prefix_width"": ""64"", ""suffix_width"": ""32""}"
pr2-p32-c4096,target,sorted_order_strings_prefixes,Device=0 num_rows=2097152 prefix_width=64 suffix_width=32 prefix_cardinality=64,False,False,False,11.646392011642455,8.405825614929197,5.98787522315979,"{""num_rows"": ""2097152"", ""prefix_cardinality"": ""64"", ""prefix_width"": ""64"", ""suffix_width"": ""32""}"
pr2-p32-c4096,main,sorted_order_strings,Device=0 min_width=1 max_width=8 num_rows=32768,True,True,True,0.1635167993605137,0.16411519795656204,0.23624160066246983,"{""max_width"": ""8"", ""min_width"": ""1"", ""num_rows"": ""32768""}"
pr2-p32-c4096,main,sorted_order_strings,Device=0 min_width=1 max_width=32 num_rows=32768,True,True,True,0.19829600006341933,0.19884960055351258,0.3306768015027046,"{""max_width"": ""32"", ""min_width"": ""1"", ""num_rows"": ""32768""}"
pr2-p32-c4096,main,sorted_order_strings,Device=0 min_width=1 max_width=64 num_rows=32768,True,True,True,0.23005599826574322,0.2306176006793976,0.38540960103273386,"{""max_width"": ""64"", ""min_width"": ""1"", ""num_rows"": ""32768""}"
pr2-p32-c4096,main,sorted_order_strings,Device=0 min_width=1 max_width=128 num_rows=32768,True,True,True,0.2985920011997223,0.2982511997222901,0.475998404622078,"{""max_width"": ""128"", ""min_width"": ""1"", ""num_rows"": ""32768""}"
pr2-p32-c4096,main,sorted_order_strings,Device=0 min_width=1 max_width=256 num_rows=32768,True,True,True,0.44410720169544216,0.44035680294036866,0.6809071958065034,"{""max_width"": ""256"", ""min_width"": ""1"", ""num_rows"": ""32768""}"
pr2-p32-c4096,main,sorted_order_strings,Device=0 min_width=1 max_width=8 num_rows=262144,True,True,True,0.25732960253953935,0.2484911978244781,0.27275680005550385,"{""max_width"": ""8"", ""min_width"": ""1"", ""num_rows"": ""262144""}"
pr2-p32-c4096,main,sorted_order_strings,Device=0 min_width=1 max_width=32 num_rows=262144,True,False,True,0.39343519955873496,0.3874448001384735,0.4018720015883445,"{""max_width"": ""32"", ""min_width"": ""1"", ""num_rows"": ""262144""}"
pr2-p32-c4096,main,sorted_order_strings,Device=0 min_width=1 max_width=64 num_rows=262144,False,False,False,0.5328992009162903,0.5255503982305526,0.4883183985948563,"{""max_width"": ""64"", ""min_width"": ""1"", ""num_rows"": ""262144""}"
pr2-p32-c4096,main,sorted_order_strings,Device=0 min_width=1 max_width=128 num_rows=262144,False,False,False,0.8639264017343522,0.8538480013608931,0.6863823980093003,"{""max_width"": ""128"", ""min_width"": ""1"", ""num_rows"": ""262144""}"
pr2-p32-c4096,main,sorted_order_strings,Device=0 min_width=1 max_width=256 num_rows=262144,False,False,False,1.5596159994602203,1.5497855961322786,1.1456527948379516,"{""max_width"": ""256"", ""min_width"": ""1"", ""num_rows"": ""262144""}"
pr2-p32-c4096,main,sorted_order_strings,Device=0 min_width=1 max_width=8 num_rows=2097152,False,False,False,0.6597743988037109,0.6223663955926896,0.6067088097333908,"{""max_width"": ""8"", ""min_width"": ""1"", ""num_rows"": ""2097152""}"
pr2-p32-c4096,main,sorted_order_strings,Device=0 min_width=1 max_width=32 num_rows=2097152,False,False,False,1.373193609714508,1.348329597711563,0.8623440027236938,"{""max_width"": ""32"", ""min_width"": ""1"", ""num_rows"": ""2097152""}"
pr2-p32-c4096,main,sorted_order_strings,Device=0 min_width=1 max_width=64 num_rows=2097152,False,False,False,2.0826416015625,2.050206387042999,1.056143993139267,"{""max_width"": ""64"", ""min_width"": ""1"", ""num_rows"": ""2097152""}"
pr2-p32-c4096,main,sorted_order_strings,Device=0 min_width=1 max_width=128 num_rows=2097152,False,False,False,3.7614640116691587,3.720072019100189,2.0228719830513,"{""max_width"": ""128"", ""min_width"": ""1"", ""num_rows"": ""2097152""}"
pr2-p32-c4096,main,sorted_order_strings,Device=0 min_width=1 max_width=256 num_rows=2097152,False,False,False,8.026880025863647,7.988707160949706,3.78698399066925,"{""max_width"": ""256"", ""min_width"": ""1"", ""num_rows"": ""2097152""}"
pr2-p32-c4096,main,sorted_order_strings,Device=0 min_width=1 max_width=8 num_rows=16777216,False,False,False,4.6929008007049555,4.455478334426881,2.3359983921051026,"{""max_width"": ""8"", ""min_width"": ""1"", ""num_rows"": ""16777216""}"
pr2-p32-c4096,main,sorted_order_strings,Device=0 min_width=1 max_width=32 num_rows=16777216,False,False,False,10.390443325042728,10.184654474258423,6.8152256250381456,"{""max_width"": ""32"", ""min_width"": ""1"", ""num_rows"": ""16777216""}"
pr2-p32-c4096,main,sorted_order_strings,Device=0 min_width=1 max_width=64 num_rows=16777216,False,False,False,15.918524646759032,15.76301279067993,12.962425565719606,"{""max_width"": ""64"", ""min_width"": ""1"", ""num_rows"": ""16777216""}"
pr2-p32-c4096,main,sorted_order_strings,Device=0 min_width=1 max_width=128 num_rows=16777216,False,False,False,29.457524967193606,29.191189002990725,25.94835996627808,"{""max_width"": ""128"", ""min_width"": ""1"", ""num_rows"": ""16777216""}"
pr2-p32-c4096,main,sorted_order_strings,Device=0 min_width=1 max_width=256 num_rows=16777216,False,False,False,58.86725749969483,58.45158710479736,52.98055992126464,"{""max_width"": ""256"", ""min_width"": ""1"", ""num_rows"": ""16777216""}"
pr2-p32-c4096,main,sorted_order_strings_distribution,Device=0 num_rows=262144 profile=cardinality_64_width_128,True,True,True,0.9940495967864991,0.9896959930658339,2.4692928075790412,"{""num_rows"": ""262144"", ""profile"": ""cardinality_64_width_128""}"
pr2-p32-c4096,main,sorted_order_strings_distribution,Device=0 num_rows=2097152 profile=cardinality_64_width_128,True,True,True,6.138742423057557,3.549811196327209,7.0529072284698495,"{""num_rows"": ""2097152"", ""profile"": ""cardinality_64_width_128""}"
pr2-p32-c4096,main,sorted_order_strings_distribution,Device=0 num_rows=262144 profile=shared_prefix_64,True,True,True,1.538929605484009,0.6798223912715912,14.349244785308839,"{""num_rows"": ""262144"", ""profile"": ""shared_prefix_64""}"
pr2-p32-c4096,main,sorted_order_strings_distribution,Device=0 num_rows=2097152 profile=shared_prefix_64,True,True,True,13.518569612503052,5.230635213851929,150.25064392089843,"{""num_rows"": ""2097152"", ""profile"": ""shared_prefix_64""}"
pr2-p32-c4096,main,sorted_order_strings_distribution,Device=0 num_rows=262144 profile=variable_128,True,True,True,0.26265439987182615,0.2577215999364853,0.377038399875164,"{""num_rows"": ""262144"", ""profile"": ""variable_128""}"
pr2-p32-c4096,main,sorted_order_strings_distribution,Device=0 num_rows=2097152 profile=variable_128,True,True,True,0.5297696053981782,0.5290079951286317,0.8192223995923996,"{""num_rows"": ""2097152"", ""profile"": ""variable_128""}"
pr2-p32-c4096,main,sorted_order_strings_nulls,Device=0 num_rows=262144 profile=fixed_8 null_percent=0,True,True,True,0.18264959976077078,0.18269919976592064,0.30064160078763963,"{""null_percent"": ""0"", ""num_rows"": ""262144"", ""profile"": ""fixed_8""}"
pr2-p32-c4096,main,sorted_order_strings_nulls,Device=0 num_rows=2097152 profile=fixed_8 null_percent=0,True,True,True,0.39015360027551654,0.3919551983475685,0.8605248034000398,"{""null_percent"": ""0"", ""num_rows"": ""2097152"", ""profile"": ""fixed_8""}"
pr2-p32-c4096,main,sorted_order_strings_nulls,Device=0 num_rows=262144 profile=variable_128 null_percent=0,True,True,True,0.2588544011116028,0.25660959929227833,0.3746192008256913,"{""null_percent"": ""0"", ""num_rows"": ""262144"", ""profile"": ""variable_128""}"
pr2-p32-c4096,main,sorted_order_strings_nulls,Device=0 num_rows=2097152 profile=variable_128 null_percent=0,True,True,True,0.5339567959308624,0.5307552009820935,0.8181376010179521,"{""null_percent"": ""0"", ""num_rows"": ""2097152"", ""profile"": ""variable_128""}"
pr2-p32-c4096,main,sorted_order_strings_nulls,Device=0 num_rows=262144 profile=fixed_8 null_percent=50,True,True,True,0.1988176017999649,0.19695359990000721,0.354788801074028,"{""null_percent"": ""50"", ""num_rows"": ""262144"", ""profile"": ""fixed_8""}"
pr2-p32-c4096,main,sorted_order_strings_nulls,Device=0 num_rows=2097152 profile=fixed_8 null_percent=50,True,True,True,0.6237648010253906,0.6217647969722747,0.7765808075666427,"{""null_percent"": ""50"", ""num_rows"": ""2097152"", ""profile"": ""fixed_8""}"
pr2-p32-c4096,main,sorted_order_strings_nulls,Device=0 num_rows=262144 profile=variable_128 null_percent=50,True,True,True,0.2612559974193573,0.25678880214691163,0.39784799963235856,"{""null_percent"": ""50"", ""num_rows"": ""262144"", ""profile"": ""variable_128""}"
pr2-p32-c4096,main,sorted_order_strings_nulls,Device=0 num_rows=2097152 profile=variable_128 null_percent=50,False,False,False,0.7157295942306519,0.7103760063648225,0.5550399988889694,"{""null_percent"": ""50"", ""num_rows"": ""2097152"", ""profile"": ""variable_128""}"
pr2-p32-c4096,segments,sorted_order_strings_segments,Device=0 num_rows=32768 shared_suffix=0 segment_profile=singletons,True,True,True,0.13710239902138716,0.13665759935975078,0.1888528011739254,"{""num_rows"": ""32768"", ""segment_profile"": ""singletons"", ""shared_suffix"": ""0""}"
pr2-p32-c4096,segments,sorted_order_strings_segments,Device=0 num_rows=2097152 shared_suffix=0 segment_profile=singletons,True,True,True,0.353599999845028,0.3539103969931603,0.3940192013978958,"{""num_rows"": ""2097152"", ""segment_profile"": ""singletons"", ""shared_suffix"": ""0""}"
pr2-p32-c4096,segments,sorted_order_strings_segments,Device=0 num_rows=32768 shared_suffix=64 segment_profile=singletons,True,True,True,0.137559999525547,0.138492801040411,0.2234655983746052,"{""num_rows"": ""32768"", ""segment_profile"": ""singletons"", ""shared_suffix"": ""64""}"
pr2-p32-c4096,segments,sorted_order_strings_segments,Device=0 num_rows=2097152 shared_suffix=64 segment_profile=singletons,True,True,True,0.3889727979898453,0.388510400056839,0.47643679976463305,"{""num_rows"": ""2097152"", ""segment_profile"": ""singletons"", ""shared_suffix"": ""64""}"
pr2-p32-c4096,segments,sorted_order_strings_segments,Device=0 num_rows=32768 shared_suffix=0 segment_profile=pairs,True,True,True,0.15385439991950986,0.15543999895453453,0.5337264031171799,"{""num_rows"": ""32768"", ""segment_profile"": ""pairs"", ""shared_suffix"": ""0""}"
pr2-p32-c4096,segments,sorted_order_strings_segments,Device=0 num_rows=2097152 shared_suffix=0 segment_profile=pairs,True,True,True,0.6483120054006578,0.649134400486946,13.697628784179688,"{""num_rows"": ""2097152"", ""segment_profile"": ""pairs"", ""shared_suffix"": ""0""}"
pr2-p32-c4096,segments,sorted_order_strings_segments,Device=0 num_rows=32768 shared_suffix=64 segment_profile=pairs,True,True,True,0.16184800118207934,0.15837759971618653,0.7161488026380539,"{""num_rows"": ""32768"", ""segment_profile"": ""pairs"", ""shared_suffix"": ""64""}"
pr2-p32-c4096,segments,sorted_order_strings_segments,Device=0 num_rows=2097152 shared_suffix=64 segment_profile=pairs,True,True,True,0.8188096016645433,0.8226512014865875,25.001267337799078,"{""num_rows"": ""2097152"", ""segment_profile"": ""pairs"", ""shared_suffix"": ""64""}"
pr2-p32-c4096,segments,sorted_order_strings_segments,Device=0 num_rows=32768 shared_suffix=0 segment_profile=tiny4,True,True,True,0.15572960004210473,0.15562720075249672,0.4811456009745597,"{""num_rows"": ""32768"", ""segment_profile"": ""tiny4"", ""shared_suffix"": ""0""}"
pr2-p32-c4096,segments,sorted_order_strings_segments,Device=0 num_rows=2097152 shared_suffix=0 segment_profile=tiny4,True,True,True,0.5762175977230071,0.5764815956354142,8.839132833480836,"{""num_rows"": ""2097152"", ""segment_profile"": ""tiny4"", ""shared_suffix"": ""0""}"
pr2-p32-c4096,segments,sorted_order_strings_segments,Device=0 num_rows=32768 shared_suffix=64 segment_profile=tiny4,True,True,True,0.16662559956312184,0.16697440221905713,0.7237632006406783,"{""num_rows"": ""32768"", ""segment_profile"": ""tiny4"", ""shared_suffix"": ""64""}"
pr2-p32-c4096,segments,sorted_order_strings_segments,Device=0 num_rows=2097152 shared_suffix=64 segment_profile=tiny4,True,True,True,0.9084047943353653,0.9146800071001054,23.63911838531494,"{""num_rows"": ""2097152"", ""segment_profile"": ""tiny4"", ""shared_suffix"": ""64""}"
pr2-p32-c4096,segments,sorted_order_strings_segments,Device=0 num_rows=32768 shared_suffix=0 segment_profile=tiny8,True,True,True,0.158822400867939,0.1583999983966351,0.36458079963922496,"{""num_rows"": ""32768"", ""segment_profile"": ""tiny8"", ""shared_suffix"": ""0""}"
pr2-p32-c4096,segments,sorted_order_strings_segments,Device=0 num_rows=2097152 shared_suffix=0 segment_profile=tiny8,True,True,True,0.5899343967437742,0.5857823967933653,5.892409634590149,"{""num_rows"": ""2097152"", ""segment_profile"": ""tiny8"", ""shared_suffix"": ""0""}"
pr2-p32-c4096,segments,sorted_order_strings_segments,Device=0 num_rows=32768 shared_suffix=64 segment_profile=tiny8,True,True,True,0.17885280176997184,0.17616800069808963,0.6210127979516982,"{""num_rows"": ""32768"", ""segment_profile"": ""tiny8"", ""shared_suffix"": ""64""}"
pr2-p32-c4096,segments,sorted_order_strings_segments,Device=0 num_rows=2097152 shared_suffix=64 segment_profile=tiny8,True,True,True,1.1495023906230928,1.1431263983249664,21.043606376647944,"{""num_rows"": ""2097152"", ""segment_profile"": ""tiny8"", ""shared_suffix"": ""64""}"
pr2-p32-c4096,segments,sorted_order_strings_segments,Device=0 num_rows=32768 shared_suffix=0 segment_profile=tiny16,True,True,True,0.1631167985498905,0.16128320023417475,0.34350079745054246,"{""num_rows"": ""32768"", ""segment_profile"": ""tiny16"", ""shared_suffix"": ""0""}"
pr2-p32-c4096,segments,sorted_order_strings_segments,Device=0 num_rows=2097152 shared_suffix=0 segment_profile=tiny16,True,True,True,0.630715200304985,0.6212319940328598,4.203507208824158,"{""num_rows"": ""2097152"", ""segment_profile"": ""tiny16"", ""shared_suffix"": ""0""}"
pr2-p32-c4096,segments,sorted_order_strings_segments,Device=0 num_rows=32768 shared_suffix=64 segment_profile=tiny16,True,True,True,0.18591839969158167,0.18360799923539164,0.5806976020336151,"{""num_rows"": ""32768"", ""segment_profile"": ""tiny16"", ""shared_suffix"": ""64""}"
pr2-p32-c4096,segments,sorted_order_strings_segments,Device=0 num_rows=2097152 shared_suffix=64 segment_profile=tiny16,True,True,True,1.3686703979969024,1.3622511982917784,17.55938873291016,"{""num_rows"": ""2097152"", ""segment_profile"": ""tiny16"", ""shared_suffix"": ""64""}"
pr2-p32-c4096,segments,sorted_order_strings_segments,Device=0 num_rows=32768 shared_suffix=0 segment_profile=tiny32,True,True,True,0.16411359980702397,0.16272320002317428,0.3321839973330498,"{""num_rows"": ""32768"", ""segment_profile"": ""tiny32"", ""shared_suffix"": ""0""}"
pr2-p32-c4096,segments,sorted_order_strings_segments,Device=0 num_rows=2097152 shared_suffix=0 segment_profile=tiny32,True,True,True,0.6841184079647064,0.6685263961553572,3.111303985118866,"{""num_rows"": ""2097152"", ""segment_profile"": ""tiny32"", ""shared_suffix"": ""0""}"
pr2-p32-c4096,segments,sorted_order_strings_segments,Device=0 num_rows=32768 shared_suffix=64 segment_profile=tiny32,True,True,True,0.1954304002225399,0.19457119926810265,0.5332463890314104,"{""num_rows"": ""32768"", ""segment_profile"": ""tiny32"", ""shared_suffix"": ""64""}"
pr2-p32-c4096,segments,sorted_order_strings_segments,Device=0 num_rows=2097152 shared_suffix=64 segment_profile=tiny32,True,True,True,1.65896800160408,1.6522096097469328,13.865574407577515,"{""num_rows"": ""2097152"", ""segment_profile"": ""tiny32"", ""shared_suffix"": ""64""}"
pr2-p32-c4096,segments,sorted_order_strings_segments,Device=0 num_rows=32768 shared_suffix=0 segment_profile=block256,True,True,True,0.17188479974865914,0.1700239986181259,0.36461919844150537,"{""num_rows"": ""32768"", ""segment_profile"": ""block256"", ""shared_suffix"": ""0""}"
pr2-p32-c4096,segments,sorted_order_strings_segments,Device=0 num_rows=2097152 shared_suffix=0 segment_profile=block256,True,True,True,1.1522512018680573,1.119342392683029,1.8932896137237545,"{""num_rows"": ""2097152"", ""segment_profile"": ""block256"", ""shared_suffix"": ""0""}"
pr2-p32-c4096,segments,sorted_order_strings_segments,Device=0 num_rows=32768 shared_suffix=64 segment_profile=block256,True,True,True,0.23723200112581252,0.23612639904022215,0.6755456000566482,"{""num_rows"": ""32768"", ""segment_profile"": ""block256"", ""shared_suffix"": ""64""}"
pr2-p32-c4096,segments,sorted_order_strings_segments,Device=0 num_rows=2097152 shared_suffix=64 segment_profile=block256,True,True,True,3.225636804103851,3.207972812652588,10.82337121963501,"{""num_rows"": ""2097152"", ""segment_profile"": ""block256"", ""shared_suffix"": ""64""}"
pr2-p32-c4096,segments,sorted_order_strings_segments,Device=0 num_rows=32768 shared_suffix=0 segment_profile=logarithmic,True,True,True,0.35848000049591067,0.35257759988307946,0.6692943990230559,"{""num_rows"": ""32768"", ""segment_profile"": ""logarithmic"", ""shared_suffix"": ""0""}"
pr2-p32-c4096,segments,sorted_order_strings_segments,Device=0 num_rows=2097152 shared_suffix=0 segment_profile=logarithmic,True,True,True,2.572248017787934,2.5530607938766474,5.518988752365113,"{""num_rows"": ""2097152"", ""segment_profile"": ""logarithmic"", ""shared_suffix"": ""0""}"
pr2-p32-c4096,segments,sorted_order_strings_segments,Device=0 num_rows=32768 shared_suffix=64 segment_profile=logarithmic,True,True,True,0.9132848054170609,0.9083888024091722,2.5265488028526306,"{""num_rows"": ""32768"", ""segment_profile"": ""logarithmic"", ""shared_suffix"": ""64""}"
pr2-p32-c4096,segments,sorted_order_strings_segments,Device=0 num_rows=2097152 shared_suffix=64 segment_profile=logarithmic,True,True,True,8.383497619628905,8.37140474319458,13.279030513763429,"{""num_rows"": ""2097152"", ""segment_profile"": ""logarithmic"", ""shared_suffix"": ""64""}"
pr2-p32-c4096,segments,sorted_order_strings_segments,Device=0 num_rows=32768 shared_suffix=0 segment_profile=tiny_plus_giant,True,True,True,0.2773503988981247,0.27387360036373143,0.4098783984780311,"{""num_rows"": ""32768"", ""segment_profile"": ""tiny_plus_giant"", ""shared_suffix"": ""0""}"
pr2-p32-c4096,segments,sorted_order_strings_segments,Device=0 num_rows=2097152 shared_suffix=0 segment_profile=tiny_plus_giant,True,True,True,1.0900751888751985,1.0728911936283112,5.17040638923645,"{""num_rows"": ""2097152"", ""segment_profile"": ""tiny_plus_giant"", ""shared_suffix"": ""0""}"
pr2-p32-c4096,segments,sorted_order_strings_segments,Device=0 num_rows=32768 shared_suffix=64 segment_profile=tiny_plus_giant,True,True,True,0.6839791983366011,0.6808911979198455,1.2862352013587948,"{""num_rows"": ""32768"", ""segment_profile"": ""tiny_plus_giant"", ""shared_suffix"": ""64""}"
pr2-p32-c4096,segments,sorted_order_strings_segments,Device=0 num_rows=2097152 shared_suffix=64 segment_profile=tiny_plus_giant,True,True,True,3.203248023986816,2.0148000121116634,24.81443347930908,"{""num_rows"": ""2097152"", ""segment_profile"": ""tiny_plus_giant"", ""shared_suffix"": ""64""}"
pr2-p32-c4096,segments,sorted_order_strings_segments,Device=0 num_rows=32768 shared_suffix=0 segment_profile=hot90,True,True,True,0.34690240025520325,0.3373696014285088,0.8410543978214264,"{""num_rows"": ""32768"", ""segment_profile"": ""hot90"", ""shared_suffix"": ""0""}"
pr2-p32-c4096,segments,sorted_order_strings_segments,Device=0 num_rows=2097152 shared_suffix=0 segment_profile=hot90,True,True,True,3.786356794834138,3.7141007900238026,22.82137126922608,"{""num_rows"": ""2097152"", ""segment_profile"": ""hot90"", ""shared_suffix"": ""0""}"
pr2-p32-c4096,segments,sorted_order_strings_segments,Device=0 num_rows=32768 shared_suffix=64 segment_profile=hot90,True,True,True,0.78605760037899,0.7752031922340392,2.899078381061554,"{""num_rows"": ""32768"", ""segment_profile"": ""hot90"", ""shared_suffix"": ""64""}"
pr2-p32-c4096,segments,sorted_order_strings_segments,Device=0 num_rows=2097152 shared_suffix=64 segment_profile=hot90,True,True,True,13.29826717376709,4.647382426261901,138.23621292114257,"{""num_rows"": ""2097152"", ""segment_profile"": ""hot90"", ""shared_suffix"": ""64""}"
pr2-p32-c4096,segments,sorted_order_strings_segments,Device=0 num_rows=32768 shared_suffix=0 segment_profile=few_giants,True,True,True,0.22471359968185425,0.2226224005222321,0.3717695966362953,"{""num_rows"": ""32768"", ""segment_profile"": ""few_giants"", ""shared_suffix"": ""0""}"
pr2-p32-c4096,segments,sorted_order_strings_segments,Device=0 num_rows=2097152 shared_suffix=0 segment_profile=few_giants,True,True,True,1.0174880027770996,0.9952592134475708,4.168956756591798,"{""num_rows"": ""2097152"", ""segment_profile"": ""few_giants"", ""shared_suffix"": ""0""}"
pr2-p32-c4096,segments,sorted_order_strings_segments,Device=0 num_rows=32768 shared_suffix=64 segment_profile=few_giants,True,True,True,0.3948400020599366,0.3922496020793916,0.8786416023969651,"{""num_rows"": ""32768"", ""segment_profile"": ""few_giants"", ""shared_suffix"": ""64""}"
pr2-p32-c4096,segments,sorted_order_strings_segments,Device=0 num_rows=2097152 shared_suffix=64 segment_profile=few_giants,True,True,True,3.0566351890563968,3.041584002971649,16.028870391845704,"{""num_rows"": ""2097152"", ""segment_profile"": ""few_giants"", ""shared_suffix"": ""64""}"
pr2-p32-c4096,segments,sorted_order_strings_segments,Device=0 num_rows=32768 shared_suffix=0 segment_profile=one_segment,True,True,True,0.3312368020415306,0.3227807983756065,0.8508960008621215,"{""num_rows"": ""32768"", ""segment_profile"": ""one_segment"", ""shared_suffix"": ""0""}"
pr2-p32-c4096,segments,sorted_order_strings_segments,Device=0 num_rows=2097152 shared_suffix=0 segment_profile=one_segment,True,True,True,3.941921603679656,0.6736528009176255,25.18254079818725,"{""num_rows"": ""2097152"", ""segment_profile"": ""one_segment"", ""shared_suffix"": ""0""}"
pr2-p32-c4096,segments,sorted_order_strings_segments,Device=0 num_rows=32768 shared_suffix=64 segment_profile=one_segment,True,True,True,0.7350656002759933,0.7242336034774779,2.959599995613098,"{""num_rows"": ""32768"", ""segment_profile"": ""one_segment"", ""shared_suffix"": ""64""}"
pr2-p32-c4096,segments,sorted_order_strings_segments,Device=0 num_rows=2097152 shared_suffix=64 segment_profile=one_segment,True,True,True,13.700187158584596,0.8159936040639876,154.51360702514648,"{""num_rows"": ""2097152"", ""segment_profile"": ""one_segment"", ""shared_suffix"": ""64""}"
pr2-p32-c4096,pr-diagnostics,sorted_order_strings_segmented_diagnostics,Device=0 num_rows=262144 profile=finish_257,True,True,True,0.21569759994745255,0.21197280064225196,0.3403567999601364,"{""num_rows"": ""262144"", ""profile"": ""finish_257""}"
pr2-p32-c4096,pr-diagnostics,sorted_order_strings_segmented_diagnostics,Device=0 num_rows=2097152 profile=finish_257,True,True,True,0.41264639943838116,0.41082240194082253,0.5401120036840439,"{""num_rows"": ""2097152"", ""profile"": ""finish_257""}"
pr2-p32-c4096,pr-diagnostics,sorted_order_strings_segmented_diagnostics,Device=0 num_rows=262144 profile=finish_1024,True,True,True,0.24103199988603596,0.23662079945206643,0.39600640237331386,"{""num_rows"": ""262144"", ""profile"": ""finish_1024""}"
pr2-p32-c4096,pr-diagnostics,sorted_order_strings_segmented_diagnostics,Device=0 num_rows=2097152 profile=finish_1024,True,True,True,0.4393920004367827,0.4336399972438811,0.5861104011535644,"{""num_rows"": ""2097152"", ""profile"": ""finish_1024""}"
pr2-p32-c4096,pr-diagnostics,sorted_order_strings_segmented_diagnostics,Device=0 num_rows=262144 profile=finish_4096,True,True,True,0.2798784017562866,0.27618559896945954,0.5178768038749694,"{""num_rows"": ""262144"", ""profile"": ""finish_4096""}"
pr2-p32-c4096,pr-diagnostics,sorted_order_strings_segmented_diagnostics,Device=0 num_rows=2097152 profile=finish_4096,True,True,True,0.48063360154628754,0.47482880204916006,0.7381872028112411,"{""num_rows"": ""2097152"", ""profile"": ""finish_4096""}"
pr2-p32-c4096,pr-diagnostics,sorted_order_strings_segmented_diagnostics,Device=0 num_rows=262144 profile=active_50,True,True,True,0.3349920004606247,0.3300559982657432,1.4454623937606808,"{""num_rows"": ""262144"", ""profile"": ""active_50""}"
pr2-p32-c4096,pr-diagnostics,sorted_order_strings_segmented_diagnostics,Device=0 num_rows=2097152 profile=active_50,True,True,True,0.8830991953611373,0.8611615985631944,10.864273548126222,"{""num_rows"": ""2097152"", ""profile"": ""active_50""}"
pr2-p32-c4096,pr-diagnostics,sorted_order_strings_segmented_diagnostics,Device=0 num_rows=262144 profile=active_10,True,True,True,0.29743839949369427,0.2912160009145737,0.5251248002052306,"{""num_rows"": ""262144"", ""profile"": ""active_10""}"
pr2-p32-c4096,pr-diagnostics,sorted_order_strings_segmented_diagnostics,Device=0 num_rows=2097152 profile=active_10,True,True,True,0.5444464027881621,0.538724797964096,2.429643213748932,"{""num_rows"": ""2097152"", ""profile"": ""active_10""}"
pr2-p32-c4096,pr-diagnostics,sorted_order_strings_segmented_diagnostics,Device=0 num_rows=262144 profile=active_1,True,True,True,0.2402383983135223,0.23394080027937883,0.31195199787616734,"{""num_rows"": ""262144"", ""profile"": ""active_1""}"
pr2-p32-c4096,pr-diagnostics,sorted_order_strings_segmented_diagnostics,Device=0 num_rows=2097152 profile=active_1,True,True,True,0.4881615966558457,0.48552000224590297,0.6725216001272201,"{""num_rows"": ""2097152"", ""profile"": ""active_1""}"
pr2-p32-c4096,pr-diagnostics,sorted_order_strings_segmented_diagnostics,Device=0 num_rows=262144 profile=active_0_1,True,True,True,0.19677920043468475,0.1927152007818222,0.282132801413536,"{""num_rows"": ""262144"", ""profile"": ""active_0_1""}"
pr2-p32-c4096,pr-diagnostics,sorted_order_strings_segmented_diagnostics,Device=0 num_rows=2097152 profile=active_0_1,True,True,True,0.42093279808759687,0.4161615997552872,0.49305440038442605,"{""num_rows"": ""2097152"", ""profile"": ""active_0_1""}"
pr2-p32-c4096,pr-diagnostics,sorted_order_strings_segmented_diagnostics,Device=0 num_rows=262144 profile=duplicates_6,False,False,False,0.2339071996510029,0.22589119896292684,0.2138640008866787,"{""num_rows"": ""262144"", ""profile"": ""duplicates_6""}"
pr2-p32-c4096,pr-diagnostics,sorted_order_strings_segmented_diagnostics,Device=0 num_rows=2097152 profile=duplicates_6,False,False,False,0.9853663980960846,0.9580799996852876,0.3805375993251801,"{""num_rows"": ""2097152"", ""profile"": ""duplicates_6""}"
pr2-p32-c4096,pr-diagnostics,sorted_order_strings_segmented_diagnostics,Device=0 num_rows=262144 profile=duplicates_8,False,False,False,0.23391359969973566,0.2258431985974312,0.21322559937834742,"{""num_rows"": ""262144"", ""profile"": ""duplicates_8""}"
pr2-p32-c4096,pr-diagnostics,sorted_order_strings_segmented_diagnostics,Device=0 num_rows=2097152 profile=duplicates_8,False,False,False,0.9851648002862932,0.9564703971147537,0.3852784007787705,"{""num_rows"": ""2097152"", ""profile"": ""duplicates_8""}"
pr2-p32-c4096,pr-diagnostics,sorted_order_strings_segmented_diagnostics,Device=0 num_rows=262144 profile=duplicates_12,False,False,False,0.3503951981663704,0.3451727986335755,0.33124319761991505,"{""num_rows"": ""262144"", ""profile"": ""duplicates_12""}"
pr2-p32-c4096,pr-diagnostics,sorted_order_strings_segmented_diagnostics,Device=0 num_rows=2097152 profile=duplicates_12,False,False,False,2.061299216747284,2.0575360178947455,0.9164687991142274,"{""num_rows"": ""2097152"", ""profile"": ""duplicates_12""}"
pr2-p32-c4096,pr-diagnostics,sorted_order_strings_segmented_diagnostics,Device=0 num_rows=262144 profile=duplicates_16,True,True,True,0.3004224002361297,0.2944640025496482,0.3337376013398171,"{""num_rows"": ""262144"", ""profile"": ""duplicates_16""}"
pr2-p32-c4096,pr-diagnostics,sorted_order_strings_segmented_diagnostics,Device=0 num_rows=2097152 profile=duplicates_16,False,False,False,1.6010432124137879,1.5723328113555908,0.9191999971866609,"{""num_rows"": ""2097152"", ""profile"": ""duplicates_16""}"
pr2-p32-c4096,pr-diagnostics,sorted_order_strings_segmented_diagnostics,Device=0 num_rows=262144 profile=duplicates_24,True,True,True,0.36154880374670023,0.35455680191516875,0.4512415990233421,"{""num_rows"": ""262144"", ""profile"": ""duplicates_24""}"
pr2-p32-c4096,pr-diagnostics,sorted_order_strings_segmented_diagnostics,Device=0 num_rows=2097152 profile=duplicates_24,False,False,False,2.0688015937805173,2.0401168107986454,1.4577455937862396,"{""num_rows"": ""2097152"", ""profile"": ""duplicates_24""}"
pr2-p32-c4096,pr-diagnostics,sorted_order_strings_segmented_diagnostics,Device=0 num_rows=262144 profile=duplicates_32,True,True,True,0.4030415982007979,0.39774079769849785,0.5600144028663635,"{""num_rows"": ""262144"", ""profile"": ""duplicates_32""}"
pr2-p32-c4096,pr-diagnostics,sorted_order_strings_segmented_diagnostics,Device=0 num_rows=2097152 profile=duplicates_32,False,False,False,2.50824476480484,2.4764127492904664,2.0202352046966556,"{""num_rows"": ""2097152"", ""profile"": ""duplicates_32""}"
pr2-p32-c4096,pr-diagnostics,sorted_order_strings_segmented_diagnostics,Device=0 num_rows=262144 profile=rle_misaligned,True,True,True,0.6264559984207153,0.43068640232086186,8.991460847854615,"{""num_rows"": ""262144"", ""profile"": ""rle_misaligned""}"
pr2-p32-c4096,pr-diagnostics,sorted_order_strings_segmented_diagnostics,Device=0 num_rows=2097152 profile=rle_misaligned,True,True,True,3.8498832106590277,2.3443439841270446,91.6994686126709,"{""num_rows"": ""2097152"", ""profile"": ""rle_misaligned""}"
pr2-p32-c4096,pr-workload,sorted_order_strings_workload,Device=0 min_width=0 max_width=32 num_rows=32768 workload=normal,True,True,True,0.19661279991269112,0.19577439948916436,0.3348896026611328,"{""max_width"": ""32"", ""min_width"": ""0"", ""num_rows"": ""32768"", ""workload"": ""normal""}"
pr2-p32-c4096,pr-workload,sorted_order_strings_workload,Device=0 min_width=0 max_width=64 num_rows=32768 workload=normal,True,True,True,0.2209807991981506,0.22270400077104568,0.39176959991455074,"{""max_width"": ""64"", ""min_width"": ""0"", ""num_rows"": ""32768"", ""workload"": ""normal""}"
pr2-p32-c4096,pr-workload,sorted_order_strings_workload,Device=0 min_width=0 max_width=128 num_rows=32768 workload=normal,True,True,True,0.27878720015287406,0.27963039875030526,0.4865744024515153,"{""max_width"": ""128"", ""min_width"": ""0"", ""num_rows"": ""32768"", ""workload"": ""normal""}"
pr2-p32-c4096,pr-workload,sorted_order_strings_workload,Device=0 min_width=0 max_width=256 num_rows=32768 workload=normal,True,True,True,0.40014080107212063,0.40246080160140985,0.6309823989868163,"{""max_width"": ""256"", ""min_width"": ""0"", ""num_rows"": ""32768"", ""workload"": ""normal""}"
pr2-p32-c4096,pr-workload,sorted_order_strings_workload,Device=0 min_width=0 max_width=32 num_rows=262144 workload=normal,False,False,True,0.41038399934768677,0.40561439990997317,0.41088639795780174,"{""max_width"": ""32"", ""min_width"": ""0"", ""num_rows"": ""262144"", ""workload"": ""normal""}"
pr2-p32-c4096,pr-workload,sorted_order_strings_workload,Device=0 min_width=0 max_width=64 num_rows=262144 workload=normal,False,False,False,0.5262175977230072,0.5229023993015289,0.48246559798717514,"{""max_width"": ""64"", ""min_width"": ""0"", ""num_rows"": ""262144"", ""workload"": ""normal""}"
pr2-p32-c4096,pr-workload,sorted_order_strings_workload,Device=0 min_width=0 max_width=128 num_rows=262144 workload=normal,False,False,False,0.8640720009803771,0.8602287977933883,0.6343600004911423,"{""max_width"": ""128"", ""min_width"": ""0"", ""num_rows"": ""262144"", ""workload"": ""normal""}"
pr2-p32-c4096,pr-workload,sorted_order_strings_workload,Device=0 min_width=0 max_width=256 num_rows=262144 workload=normal,False,False,False,1.5074272096157073,1.5074560046195984,0.9924255937337875,"{""max_width"": ""256"", ""min_width"": ""0"", ""num_rows"": ""262144"", ""workload"": ""normal""}"
pr2-p32-c4096,pr-workload,sorted_order_strings_workload,Device=0 min_width=0 max_width=32 num_rows=2097152 workload=normal,False,False,False,1.3809231936931607,1.3525680065155032,0.9082848012447358,"{""max_width"": ""32"", ""min_width"": ""0"", ""num_rows"": ""2097152"", ""workload"": ""normal""}"
pr2-p32-c4096,pr-workload,sorted_order_strings_workload,Device=0 min_width=0 max_width=64 num_rows=2097152 workload=normal,False,False,False,2.073977601528168,2.041998392343521,1.0889968037605284,"{""max_width"": ""64"", ""min_width"": ""0"", ""num_rows"": ""2097152"", ""workload"": ""normal""}"
pr2-p32-c4096,pr-workload,sorted_order_strings_workload,Device=0 min_width=0 max_width=128 num_rows=2097152 workload=normal,False,False,False,3.6989408016204823,3.6889439940452573,1.7344815969467162,"{""max_width"": ""128"", ""min_width"": ""0"", ""num_rows"": ""2097152"", ""workload"": ""normal""}"
pr2-p32-c4096,pr-workload,sorted_order_strings_workload,Device=0 min_width=0 max_width=256 num_rows=2097152 workload=normal,False,False,False,8.03885281085968,7.976220798492433,3.523844826221466,"{""max_width"": ""256"", ""min_width"": ""0"", ""num_rows"": ""2097152"", ""workload"": ""normal""}"
pr2-p32-c4096,pr-workload,sorted_order_strings_workload,Device=0 min_width=0 max_width=32 num_rows=32768 workload=duplicates,True,True,True,0.22890079841017721,0.22757759839296338,0.24679680094122888,"{""max_width"": ""32"", ""min_width"": ""0"", ""num_rows"": ""32768"", ""workload"": ""duplicates""}"
pr2-p32-c4096,pr-workload,sorted_order_strings_workload,Device=0 min_width=0 max_width=64 num_rows=32768 workload=duplicates,False,False,False,0.2940751984715461,0.29271679818630214,0.2627967998385429,"{""max_width"": ""64"", ""min_width"": ""0"", ""num_rows"": ""32768"", ""workload"": ""duplicates""}"
pr2-p32-c4096,pr-workload,sorted_order_strings_workload,Device=0 min_width=0 max_width=128 num_rows=32768 workload=duplicates,False,False,False,0.4321536004543305,0.43007680028676987,0.3082128003239631,"{""max_width"": ""128"", ""min_width"": ""0"", ""num_rows"": ""32768"", ""workload"": ""duplicates""}"
pr2-p32-c4096,pr-workload,sorted_order_strings_workload,Device=0 min_width=0 max_width=256 num_rows=32768 workload=duplicates,False,False,False,0.8066496074199677,0.8047984033823014,0.3827647969126701,"{""max_width"": ""256"", ""min_width"": ""0"", ""num_rows"": ""32768"", ""workload"": ""duplicates""}"
pr2-p32-c4096,pr-workload,sorted_order_strings_workload,Device=0 min_width=0 max_width=32 num_rows=262144 workload=duplicates,True,True,True,0.42985439896583566,0.43032319843769073,0.7413599997758864,"{""max_width"": ""32"", ""min_width"": ""0"", ""num_rows"": ""262144"", ""workload"": ""duplicates""}"
pr2-p32-c4096,pr-workload,sorted_order_strings_workload,Device=0 min_width=0 max_width=64 num_rows=262144 workload=duplicates,True,True,True,0.5939967960119248,0.5900319993495942,1.2446591854095461,"{""max_width"": ""64"", ""min_width"": ""0"", ""num_rows"": ""262144"", ""workload"": ""duplicates""}"
pr2-p32-c4096,pr-workload,sorted_order_strings_workload,Device=0 min_width=0 max_width=128 num_rows=262144 workload=duplicates,True,True,True,0.9221008002758025,0.9171871989965439,2.538705599308014,"{""max_width"": ""128"", ""min_width"": ""0"", ""num_rows"": ""262144"", ""workload"": ""duplicates""}"
pr2-p32-c4096,pr-workload,sorted_order_strings_workload,Device=0 min_width=0 max_width=256 num_rows=262144 workload=duplicates,True,True,True,1.7379855811595915,1.7387104034423828,4.68556478023529,"{""max_width"": ""256"", ""min_width"": ""0"", ""num_rows"": ""262144"", ""workload"": ""duplicates""}"
pr2-p32-c4096,pr-workload,sorted_order_strings_workload,Device=0 min_width=0 max_width=32 num_rows=2097152 workload=duplicates,False,False,True,2.208403193950653,1.4869535923004151,1.761241579055786,"{""max_width"": ""32"", ""min_width"": ""0"", ""num_rows"": ""2097152"", ""workload"": ""duplicates""}"
pr2-p32-c4096,pr-workload,sorted_order_strings_workload,Device=0 min_width=0 max_width=64 num_rows=2097152 workload=duplicates,False,False,True,3.3077391862869265,2.1277056097984315,3.2969056129455567,"{""max_width"": ""64"", ""min_width"": ""0"", ""num_rows"": ""2097152"", ""workload"": ""duplicates""}"
pr2-p32-c4096,pr-workload,sorted_order_strings_workload,Device=0 min_width=0 max_width=128 num_rows=2097152 workload=duplicates,True,True,True,5.456284832954406,3.2417343974113466,6.7132288217544565,"{""max_width"": ""128"", ""min_width"": ""0"", ""num_rows"": ""2097152"", ""workload"": ""duplicates""}"
pr2-p32-c4096,pr-workload,sorted_order_strings_workload,Device=0 min_width=0 max_width=256 num_rows=2097152 workload=duplicates,True,True,True,9.884473657608032,5.64182231426239,13.642556810379029,"{""max_width"": ""256"", ""min_width"": ""0"", ""num_rows"": ""2097152"", ""workload"": ""duplicates""}"
pr2-p32-c4096,pr-workload,sorted_order_strings_workload,Device=0 min_width=0 max_width=32 num_rows=32768 workload=shared_prefix,True,True,True,0.4656512022018433,0.461209599673748,1.290881586074829,"{""max_width"": ""32"", ""min_width"": ""0"", ""num_rows"": ""32768"", ""workload"": ""shared_prefix""}"
pr2-p32-c4096,pr-workload,sorted_order_strings_workload,Device=0 min_width=0 max_width=64 num_rows=32768 workload=shared_prefix,True,True,True,0.7320896089076997,0.7264208018779754,2.3373727917671205,"{""max_width"": ""64"", ""min_width"": ""0"", ""num_rows"": ""32768"", ""workload"": ""shared_prefix""}"
pr2-p32-c4096,pr-workload,sorted_order_strings_workload,Device=0 min_width=0 max_width=128 num_rows=32768 workload=shared_prefix,True,True,True,1.337611210346222,1.339843201637268,4.419211220741274,"{""max_width"": ""128"", ""min_width"": ""0"", ""num_rows"": ""32768"", ""workload"": ""shared_prefix""}"
pr2-p32-c4096,pr-workload,sorted_order_strings_workload,Device=0 min_width=0 max_width=256 num_rows=32768 workload=shared_prefix,True,True,True,3.354206395149231,3.3500959873199467,8.594982528686522,"{""max_width"": ""256"", ""min_width"": ""0"", ""num_rows"": ""32768"", ""workload"": ""shared_prefix""}"
pr2-p32-c4096,pr-workload,sorted_order_strings_workload,Device=0 min_width=0 max_width=32 num_rows=262144 workload=shared_prefix,True,True,True,0.7369232058525085,0.5245952010154724,6.915716814994813,"{""max_width"": ""32"", ""min_width"": ""0"", ""num_rows"": ""262144"", ""workload"": ""shared_prefix""}"
pr2-p32-c4096,pr-workload,sorted_order_strings_workload,Device=0 min_width=0 max_width=64 num_rows=262144 workload=shared_prefix,True,True,True,1.2546688079833983,0.5525535941123961,12.798739099502562,"{""max_width"": ""64"", ""min_width"": ""0"", ""num_rows"": ""262144"", ""workload"": ""shared_prefix""}"
pr2-p32-c4096,pr-workload,sorted_order_strings_workload,Device=0 min_width=0 max_width=128 num_rows=262144 workload=shared_prefix,True,True,True,2.6957360029220583,0.6254015982151031,24.871888065338133,"{""max_width"": ""128"", ""min_width"": ""0"", ""num_rows"": ""262144"", ""workload"": ""shared_prefix""}"
pr2-p32-c4096,pr-workload,sorted_order_strings_workload,Device=0 min_width=0 max_width=256 num_rows=262144 workload=shared_prefix,True,True,True,7.7717088460922215,0.6988207995891571,48.99795169830322,"{""max_width"": ""256"", ""min_width"": ""0"", ""num_rows"": ""262144"", ""workload"": ""shared_prefix""}"
pr2-p32-c4096,pr-workload,sorted_order_strings_workload,Device=0 min_width=0 max_width=32 num_rows=2097152 workload=shared_prefix,True,True,True,5.570593595504761,3.622136008739471,67.24188423156738,"{""max_width"": ""32"", ""min_width"": ""0"", ""num_rows"": ""2097152"", ""workload"": ""shared_prefix""}"
pr2-p32-c4096,pr-workload,sorted_order_strings_workload,Device=0 min_width=0 max_width=64 num_rows=2097152 workload=shared_prefix,True,True,True,10.306312036514282,3.9553968191146858,133.38793334960937,"{""max_width"": ""64"", ""min_width"": ""0"", ""num_rows"": ""2097152"", ""workload"": ""shared_prefix""}"
pr2-p32-c4096,pr-workload,sorted_order_strings_workload,Device=0 min_width=0 max_width=128 num_rows=2097152 workload=shared_prefix,True,True,True,23.3385326385498,4.756078433990478,265.85180664062506,"{""max_width"": ""128"", ""min_width"": ""0"", ""num_rows"": ""2097152"", ""workload"": ""shared_prefix""}"
pr2-p32-c4096,pr-workload,sorted_order_strings_workload,Device=0 min_width=0 max_width=256 num_rows=2097152 workload=shared_prefix,True,True,True,50.04369831085205,5.124852776527405,531.0743835449217,"{""max_width"": ""256"", ""min_width"": ""0"", ""num_rows"": ""2097152"", ""workload"": ""shared_prefix""}"
pr2-p32-c4096,pr-workload,sorted_order_strings_workload,Device=0 min_width=0 max_width=32 num_rows=32768 workload=variable,True,True,True,0.1914480000734329,0.18938079997897148,0.31751520037651065,"{""max_width"": ""32"", ""min_width"": ""0"", ""num_rows"": ""32768"", ""workload"": ""variable""}"
pr2-p32-c4096,pr-workload,sorted_order_strings_workload,Device=0 min_width=0 max_width=64 num_rows=32768 workload=variable,True,True,True,0.18817599937319757,0.18754400089383122,0.32377599924802786,"{""max_width"": ""64"", ""min_width"": ""0"", ""num_rows"": ""32768"", ""workload"": ""variable""}"
pr2-p32-c4096,pr-workload,sorted_order_strings_workload,Device=0 min_width=0 max_width=128 num_rows=32768 workload=variable,True,True,True,0.17309760078787803,0.17495679929852487,0.34497279971837996,"{""max_width"": ""128"", ""min_width"": ""0"", ""num_rows"": ""32768"", ""workload"": ""variable""}"
pr2-p32-c4096,pr-workload,sorted_order_strings_workload,Device=0 min_width=0 max_width=256 num_rows=32768 workload=variable,True,True,True,0.17168959975242618,0.1772192008793354,0.371372801065445,"{""max_width"": ""256"", ""min_width"": ""0"", ""num_rows"": ""32768"", ""workload"": ""variable""}"
pr2-p32-c4096,pr-workload,sorted_order_strings_workload,Device=0 min_width=0 max_width=32 num_rows=262144 workload=variable,True,True,True,0.2607839971780777,0.2603887990117073,0.3452384024858474,"{""max_width"": ""32"", ""min_width"": ""0"", ""num_rows"": ""262144"", ""workload"": ""variable""}"
pr2-p32-c4096,pr-workload,sorted_order_strings_workload,Device=0 min_width=0 max_width=64 num_rows=262144 workload=variable,True,True,True,0.25829279869794847,0.25830560177564627,0.3524079993367195,"{""max_width"": ""64"", ""min_width"": ""0"", ""num_rows"": ""262144"", ""workload"": ""variable""}"
pr2-p32-c4096,pr-workload,sorted_order_strings_workload,Device=0 min_width=0 max_width=128 num_rows=262144 workload=variable,True,True,True,0.26322880089282985,0.2636128008365631,0.3708672001957893,"{""max_width"": ""128"", ""min_width"": ""0"", ""num_rows"": ""262144"", ""workload"": ""variable""}"
pr2-p32-c4096,pr-workload,sorted_order_strings_workload,Device=0 min_width=0 max_width=256 num_rows=262144 workload=variable,True,True,True,0.2464128009974956,0.2484784007072449,0.4210751995444297,"{""max_width"": ""256"", ""min_width"": ""0"", ""num_rows"": ""262144"", ""workload"": ""variable""}"
pr2-p32-c4096,pr-workload,sorted_order_strings_workload,Device=0 min_width=0 max_width=32 num_rows=2097152 workload=variable,True,True,True,0.5285023987293244,0.5124447941780089,0.8525184035301208,"{""max_width"": ""32"", ""min_width"": ""0"", ""num_rows"": ""2097152"", ""workload"": ""variable""}"
pr2-p32-c4096,pr-workload,sorted_order_strings_workload,Device=0 min_width=0 max_width=64 num_rows=2097152 workload=variable,True,True,True,0.5175583928823471,0.5195280015468599,0.8152736008167268,"{""max_width"": ""64"", ""min_width"": ""0"", ""num_rows"": ""2097152"", ""workload"": ""variable""}"
pr2-p32-c4096,pr-workload,sorted_order_strings_workload,Device=0 min_width=0 max_width=128 num_rows=2097152 workload=variable,True,True,True,0.5345551997423174,0.534351998567581,0.80793599486351,"{""max_width"": ""128"", ""min_width"": ""0"", ""num_rows"": ""2097152"", ""workload"": ""variable""}"
pr2-p32-c4096,pr-workload,sorted_order_strings_workload,Device=0 min_width=0 max_width=256 num_rows=2097152 workload=variable,True,True,True,0.5276271998882294,0.5294400066137315,0.7824815958738327,"{""max_width"": ""256"", ""min_width"": ""0"", ""num_rows"": ""2097152"", ""workload"": ""variable""}"
pr2-p32-c4096,pr-zero-collisions,sorted_order_strings_segmented_diagnostics,Device=0 num_rows=32768 profile=zero_collision_pass1,True,True,True,0.21732960194349293,0.2067135997116566,0.7099968045949937,"{""num_rows"": ""32768"", ""profile"": ""zero_collision_pass1""}"
pr2-p32-c4096,pr-zero-collisions,sorted_order_strings_segmented_diagnostics,Device=0 num_rows=32768 profile=zero_collision_pass2,True,True,True,0.29644319564104077,0.284596799314022,0.9763391971588135,"{""num_rows"": ""32768"", ""profile"": ""zero_collision_pass2""}"
pr2-p32-c4096,pr-source,sorted_order_strings_source_parity,Device=0 num_rows=262144 profile=unique_32,True,True,True,0.47591039836406707,0.23970720097422601,5.571083164215088,"{""num_rows"": ""262144"", ""profile"": ""unique_32""}"
pr2-p32-c4096,pr-source,sorted_order_strings_source_parity,Device=0 num_rows=2097152 profile=unique_32,True,True,True,2.806980776786804,0.5794911980628967,57.10266036987305,"{""num_rows"": ""2097152"", ""profile"": ""unique_32""}"
pr2-p32-c4096,pr-source,sorted_order_strings_source_parity,Device=0 num_rows=262144 profile=duplicates_32,True,True,True,0.6170463979244233,0.2125743992626667,4.998839974403381,"{""num_rows"": ""262144"", ""profile"": ""duplicates_32""}"
pr2-p32-c4096,pr-source,sorted_order_strings_source_parity,Device=0 num_rows=2097152 profile=duplicates_32,True,True,True,4.072627139091493,0.5053216055035591,52.584049415588375,"{""num_rows"": ""2097152"", ""profile"": ""duplicates_32""}"
pr2-p32-c4096,pr-source,sorted_order_strings_source_parity,Device=0 num_rows=262144 profile=shared_prefix_24,True,True,True,0.477515198290348,0.24210080057382585,5.571036815643311,"{""num_rows"": ""262144"", ""profile"": ""shared_prefix_24""}"
pr2-p32-c4096,pr-source,sorted_order_strings_source_parity,Device=0 num_rows=2097152 profile=shared_prefix_24,True,True,True,2.8072479963302612,0.5793327957391738,57.10474395751954,"{""num_rows"": ""2097152"", ""profile"": ""shared_prefix_24""}"
pr2-p32-c4096,pr-source,sorted_order_strings_source_parity,Device=0 num_rows=262144 profile=raw_unique_40,True,True,True,0.17495039999485013,0.176231998950243,0.22681119889020915,"{""num_rows"": ""262144"", ""profile"": ""raw_unique_40""}"
pr2-p32-c4096,pr-source,sorted_order_strings_source_parity,Device=0 num_rows=2097152 profile=raw_unique_40,True,True,True,0.41448160260915756,0.4162992000579834,0.46142560094594964,"{""num_rows"": ""2097152"", ""profile"": ""raw_unique_40""}"
pr2-p32-c4096,pr-source,sorted_order_strings_source_parity,Device=0 num_rows=262144 profile=raw_duplicates_40,True,True,True,0.4819888010621071,0.4801856011152268,0.6886704027652741,"{""num_rows"": ""262144"", ""profile"": ""raw_duplicates_40""}"
pr2-p32-c4096,pr-source,sorted_order_strings_source_parity,Device=0 num_rows=2097152 profile=raw_duplicates_40,False,False,False,3.180532801151275,3.1582432031631464,2.5120416164398187,"{""num_rows"": ""2097152"", ""profile"": ""raw_duplicates_40""}"
pr2-p32-c4096,pr-source,sorted_order_strings_source_parity,Device=0 num_rows=262144 profile=raw_shared_prefix_24_width_40,True,True,True,0.6562464028596877,0.5244864016771317,6.89409921169281,"{""num_rows"": ""262144"", ""profile"": ""raw_shared_prefix_24_width_40""}"
pr2-p32-c4096,pr-source,sorted_order_strings_source_parity,Device=0 num_rows=2097152 profile=raw_shared_prefix_24_width_40,True,True,True,5.730739164352418,3.8778943896293643,66.57522621154784,"{""num_rows"": ""2097152"", ""profile"": ""raw_shared_prefix_24_width_40""}"
