config,group,state,stable,descending,rounds,ratio,ratio_ci_low,ratio_ci_high,accepted,axes
experiment-15,segments,Device=0 num_rows=32768 shared_suffix=0 segment_profile=singletons,False,False,3,1.0061348169906985,0.9712118364940792,1.070054897465575,True,"{""num_rows"": ""32768"", ""segment_profile"": ""singletons"", ""shared_suffix"": ""0""}"
experiment-15,segments,Device=0 num_rows=2097152 shared_suffix=0 segment_profile=singletons,False,False,3,1.6758726331984775,0.6689225405158779,3.007546575786738,True,"{""num_rows"": ""2097152"", ""segment_profile"": ""singletons"", ""shared_suffix"": ""0""}"
experiment-15,segments,Device=0 num_rows=32768 shared_suffix=64 segment_profile=singletons,False,False,3,1.006397129209377,0.9572114085565766,1.0446875601239813,True,"{""num_rows"": ""32768"", ""segment_profile"": ""singletons"", ""shared_suffix"": ""64""}"
experiment-15,segments,Device=0 num_rows=2097152 shared_suffix=64 segment_profile=singletons,False,False,3,0.9999139622073456,0.9753418304831595,1.030245291504924,True,"{""num_rows"": ""2097152"", ""segment_profile"": ""singletons"", ""shared_suffix"": ""64""}"
experiment-15,segments,Device=0 num_rows=32768 shared_suffix=0 segment_profile=pairs,False,False,3,1.002061171100111,0.9666282455278867,1.0467868368438022,True,"{""num_rows"": ""32768"", ""segment_profile"": ""pairs"", ""shared_suffix"": ""0""}"
experiment-15,segments,Device=0 num_rows=2097152 shared_suffix=0 segment_profile=pairs,False,False,3,0.9948742457519273,0.9784003817387588,1.0190483915177246,True,"{""num_rows"": ""2097152"", ""segment_profile"": ""pairs"", ""shared_suffix"": ""0""}"
experiment-15,segments,Device=0 num_rows=32768 shared_suffix=64 segment_profile=pairs,False,False,3,0.9933504778872441,0.959199422698712,1.0542545392242615,True,"{""num_rows"": ""32768"", ""segment_profile"": ""pairs"", ""shared_suffix"": ""64""}"
experiment-15,segments,Device=0 num_rows=2097152 shared_suffix=64 segment_profile=pairs,False,False,3,0.9952525515944058,0.9831396053359543,1.008287442576002,True,"{""num_rows"": ""2097152"", ""segment_profile"": ""pairs"", ""shared_suffix"": ""64""}"
experiment-15,segments,Device=0 num_rows=32768 shared_suffix=0 segment_profile=tiny4,False,False,3,0.990628106706706,0.9732623425383252,1.0178991460382414,True,"{""num_rows"": ""32768"", ""segment_profile"": ""tiny4"", ""shared_suffix"": ""0""}"
experiment-15,segments,Device=0 num_rows=2097152 shared_suffix=0 segment_profile=tiny4,False,False,3,0.995119832864467,0.9757084158745019,1.0159053171752594,True,"{""num_rows"": ""2097152"", ""segment_profile"": ""tiny4"", ""shared_suffix"": ""0""}"
experiment-15,segments,Device=0 num_rows=32768 shared_suffix=64 segment_profile=tiny4,False,False,3,1.0165797364607698,0.9612922397419886,1.0573005047207424,True,"{""num_rows"": ""32768"", ""segment_profile"": ""tiny4"", ""shared_suffix"": ""64""}"
experiment-15,segments,Device=0 num_rows=2097152 shared_suffix=64 segment_profile=tiny4,False,False,3,0.9996733607444923,0.9853493510161304,1.0112189490023462,True,"{""num_rows"": ""2097152"", ""segment_profile"": ""tiny4"", ""shared_suffix"": ""64""}"
experiment-15,segments,Device=0 num_rows=32768 shared_suffix=0 segment_profile=tiny8,False,False,3,0.9940458269823299,0.9747790464896653,1.0151199162332238,True,"{""num_rows"": ""32768"", ""segment_profile"": ""tiny8"", ""shared_suffix"": ""0""}"
experiment-15,segments,Device=0 num_rows=2097152 shared_suffix=0 segment_profile=tiny8,False,False,3,0.9929060954392562,0.9709557155544163,1.0126327193489006,True,"{""num_rows"": ""2097152"", ""segment_profile"": ""tiny8"", ""shared_suffix"": ""0""}"
experiment-15,segments,Device=0 num_rows=32768 shared_suffix=64 segment_profile=tiny8,False,False,3,0.9861805358997265,0.920942001677306,1.058192992938413,True,"{""num_rows"": ""32768"", ""segment_profile"": ""tiny8"", ""shared_suffix"": ""64""}"
experiment-15,segments,Device=0 num_rows=2097152 shared_suffix=64 segment_profile=tiny8,False,False,3,0.9936061385643029,0.9842048034930836,1.004522793461858,True,"{""num_rows"": ""2097152"", ""segment_profile"": ""tiny8"", ""shared_suffix"": ""64""}"
experiment-15,segments,Device=0 num_rows=32768 shared_suffix=0 segment_profile=tiny16,False,False,3,0.9901429222802189,0.9623412294494269,1.0181896695604193,True,"{""num_rows"": ""32768"", ""segment_profile"": ""tiny16"", ""shared_suffix"": ""0""}"
experiment-15,segments,Device=0 num_rows=2097152 shared_suffix=0 segment_profile=tiny16,False,False,3,0.9817953041978842,0.9589861601694125,1.0040434700840986,True,"{""num_rows"": ""2097152"", ""segment_profile"": ""tiny16"", ""shared_suffix"": ""0""}"
experiment-15,segments,Device=0 num_rows=32768 shared_suffix=64 segment_profile=tiny16,False,False,3,0.9995490853335967,0.9439645938966029,1.042406914719508,True,"{""num_rows"": ""32768"", ""segment_profile"": ""tiny16"", ""shared_suffix"": ""64""}"
experiment-15,segments,Device=0 num_rows=2097152 shared_suffix=64 segment_profile=tiny16,False,False,3,0.9931829451581665,0.9871816028559868,1.001380533971416,True,"{""num_rows"": ""2097152"", ""segment_profile"": ""tiny16"", ""shared_suffix"": ""64""}"
experiment-15,segments,Device=0 num_rows=32768 shared_suffix=0 segment_profile=tiny32,False,False,3,1.0008643225535765,0.9529984002044276,1.0344335974079084,True,"{""num_rows"": ""32768"", ""segment_profile"": ""tiny32"", ""shared_suffix"": ""0""}"
experiment-15,segments,Device=0 num_rows=2097152 shared_suffix=0 segment_profile=tiny32,False,False,3,0.9781181208795533,0.9607766470368504,0.9986872975253573,True,"{""num_rows"": ""2097152"", ""segment_profile"": ""tiny32"", ""shared_suffix"": ""0""}"
experiment-15,segments,Device=0 num_rows=32768 shared_suffix=64 segment_profile=tiny32,False,False,3,1.001505843923267,0.9561775872362113,1.0430367843568011,True,"{""num_rows"": ""32768"", ""segment_profile"": ""tiny32"", ""shared_suffix"": ""64""}"
experiment-15,segments,Device=0 num_rows=2097152 shared_suffix=64 segment_profile=tiny32,False,False,3,0.9939952460031425,0.9886799346774321,0.9996939163897062,True,"{""num_rows"": ""2097152"", ""segment_profile"": ""tiny32"", ""shared_suffix"": ""64""}"
experiment-15,segments,Device=0 num_rows=32768 shared_suffix=0 segment_profile=block256,False,False,3,1.0005933380052292,0.9670530505416894,1.0282390036925269,True,"{""num_rows"": ""32768"", ""segment_profile"": ""block256"", ""shared_suffix"": ""0""}"
experiment-15,segments,Device=0 num_rows=2097152 shared_suffix=0 segment_profile=block256,False,False,3,0.9646399988567325,0.9598892236701557,0.9741153600867515,True,"{""num_rows"": ""2097152"", ""segment_profile"": ""block256"", ""shared_suffix"": ""0""}"
experiment-15,segments,Device=0 num_rows=32768 shared_suffix=64 segment_profile=block256,False,False,3,0.9870038126289272,0.9436725518741191,1.0285362811306367,True,"{""num_rows"": ""32768"", ""segment_profile"": ""block256"", ""shared_suffix"": ""64""}"
experiment-15,segments,Device=0 num_rows=2097152 shared_suffix=64 segment_profile=block256,False,False,3,0.9945891180151404,0.9879975225092034,0.9992273758476791,True,"{""num_rows"": ""2097152"", ""segment_profile"": ""block256"", ""shared_suffix"": ""64""}"
experiment-15,segments,Device=0 num_rows=32768 shared_suffix=0 segment_profile=logarithmic,False,False,3,0.9814124836201825,0.9620900087661589,1.0070738386718197,True,"{""num_rows"": ""32768"", ""segment_profile"": ""logarithmic"", ""shared_suffix"": ""0""}"
experiment-15,segments,Device=0 num_rows=2097152 shared_suffix=0 segment_profile=logarithmic,False,False,3,0.992155860492022,0.9863579569521587,0.9984285417716617,True,"{""num_rows"": ""2097152"", ""segment_profile"": ""logarithmic"", ""shared_suffix"": ""0""}"
experiment-15,segments,Device=0 num_rows=32768 shared_suffix=64 segment_profile=logarithmic,False,False,3,0.9897923021935058,0.9813623977651892,1.0061954095883103,True,"{""num_rows"": ""32768"", ""segment_profile"": ""logarithmic"", ""shared_suffix"": ""64""}"
experiment-15,segments,Device=0 num_rows=2097152 shared_suffix=64 segment_profile=logarithmic,False,False,3,0.9975410245745905,0.9972336756218421,0.9978501690649835,True,"{""num_rows"": ""2097152"", ""segment_profile"": ""logarithmic"", ""shared_suffix"": ""64""}"
experiment-15,segments,Device=0 num_rows=32768 shared_suffix=0 segment_profile=tiny_plus_giant,False,False,3,0.9824471250746141,0.9575296161254071,1.009531820048771,True,"{""num_rows"": ""32768"", ""segment_profile"": ""tiny_plus_giant"", ""shared_suffix"": ""0""}"
experiment-15,segments,Device=0 num_rows=2097152 shared_suffix=0 segment_profile=tiny_plus_giant,False,False,3,1.0231642692002247,1.0122775730508335,1.0382962613124749,False,"{""num_rows"": ""2097152"", ""segment_profile"": ""tiny_plus_giant"", ""shared_suffix"": ""0""}"
experiment-15,segments,Device=0 num_rows=32768 shared_suffix=64 segment_profile=tiny_plus_giant,False,False,3,0.9945332479335948,0.9863387321827902,1.0015266584970353,True,"{""num_rows"": ""32768"", ""segment_profile"": ""tiny_plus_giant"", ""shared_suffix"": ""64""}"
experiment-15,segments,Device=0 num_rows=2097152 shared_suffix=64 segment_profile=tiny_plus_giant,False,False,3,0.6370293317273621,0.6333382761428427,0.6410937122647192,True,"{""num_rows"": ""2097152"", ""segment_profile"": ""tiny_plus_giant"", ""shared_suffix"": ""64""}"
experiment-15,segments,Device=0 num_rows=32768 shared_suffix=0 segment_profile=hot90,False,False,3,0.9784646276524533,0.9332316672189008,1.0209312636605705,True,"{""num_rows"": ""32768"", ""segment_profile"": ""hot90"", ""shared_suffix"": ""0""}"
experiment-15,segments,Device=0 num_rows=2097152 shared_suffix=0 segment_profile=hot90,False,False,3,1.0521911302886955,1.0495298661816796,1.056906022495824,False,"{""num_rows"": ""2097152"", ""segment_profile"": ""hot90"", ""shared_suffix"": ""0""}"
experiment-15,segments,Device=0 num_rows=32768 shared_suffix=64 segment_profile=hot90,False,False,3,0.9856974137639432,0.9746543991129419,1.0052563335168068,True,"{""num_rows"": ""32768"", ""segment_profile"": ""hot90"", ""shared_suffix"": ""64""}"
experiment-15,segments,Device=0 num_rows=2097152 shared_suffix=64 segment_profile=hot90,False,False,3,0.36826344126597194,0.3675239142465944,0.3690889381123931,True,"{""num_rows"": ""2097152"", ""segment_profile"": ""hot90"", ""shared_suffix"": ""64""}"
experiment-15,segments,Device=0 num_rows=32768 shared_suffix=0 segment_profile=few_giants,False,False,3,0.9917671187516077,0.9499390611236566,1.0249363598836962,True,"{""num_rows"": ""32768"", ""segment_profile"": ""few_giants"", ""shared_suffix"": ""0""}"
experiment-15,segments,Device=0 num_rows=2097152 shared_suffix=0 segment_profile=few_giants,False,False,3,0.9787087625720473,0.9669346000744296,0.9944160510941533,True,"{""num_rows"": ""2097152"", ""segment_profile"": ""few_giants"", ""shared_suffix"": ""0""}"
experiment-15,segments,Device=0 num_rows=32768 shared_suffix=64 segment_profile=few_giants,False,False,3,0.9966537978526719,0.9558850730595376,1.0289042997639504,True,"{""num_rows"": ""32768"", ""segment_profile"": ""few_giants"", ""shared_suffix"": ""64""}"
experiment-15,segments,Device=0 num_rows=2097152 shared_suffix=64 segment_profile=few_giants,False,False,3,0.9940902296847819,0.990333917011947,0.9987771950472817,True,"{""num_rows"": ""2097152"", ""segment_profile"": ""few_giants"", ""shared_suffix"": ""64""}"
experiment-15,segments,Device=0 num_rows=32768 shared_suffix=0 segment_profile=one_segment,False,False,3,0.9781077899427091,0.9486421702181185,1.0026136537959516,True,"{""num_rows"": ""32768"", ""segment_profile"": ""one_segment"", ""shared_suffix"": ""0""}"
experiment-15,segments,Device=0 num_rows=2097152 shared_suffix=0 segment_profile=one_segment,False,False,3,1.0612120369489288,1.0598566813584245,1.064349689271418,False,"{""num_rows"": ""2097152"", ""segment_profile"": ""one_segment"", ""shared_suffix"": ""0""}"
experiment-15,segments,Device=0 num_rows=32768 shared_suffix=64 segment_profile=one_segment,False,False,3,0.98638578752571,0.9782641612281483,0.996695975460507,True,"{""num_rows"": ""32768"", ""segment_profile"": ""one_segment"", ""shared_suffix"": ""64""}"
experiment-15,segments,Device=0 num_rows=2097152 shared_suffix=64 segment_profile=one_segment,False,False,3,0.08500002135721191,0.08387181660928057,0.08600589228039683,True,"{""num_rows"": ""2097152"", ""segment_profile"": ""one_segment"", ""shared_suffix"": ""64""}"
experiment-15,pr-workload,Device=0 min_width=0 max_width=32 num_rows=32768 workload=normal,False,False,3,0.9964811198865796,0.9929553875944133,1.00396106179298,True,"{""max_width"": ""32"", ""min_width"": ""0"", ""num_rows"": ""32768"", ""workload"": ""normal""}"
experiment-15,pr-workload,Device=0 min_width=0 max_width=64 num_rows=32768 workload=normal,False,False,3,1.0065484307078847,0.9444614849536852,1.09542597037653,True,"{""max_width"": ""64"", ""min_width"": ""0"", ""num_rows"": ""32768"", ""workload"": ""normal""}"
experiment-15,pr-workload,Device=0 min_width=0 max_width=128 num_rows=32768 workload=normal,False,False,3,1.0007758550450276,0.9873785385410989,1.0092373095772194,True,"{""max_width"": ""128"", ""min_width"": ""0"", ""num_rows"": ""32768"", ""workload"": ""normal""}"
experiment-15,pr-workload,Device=0 min_width=0 max_width=256 num_rows=32768 workload=normal,False,False,3,0.9956132509832099,0.9836187942365644,1.0144495667491797,True,"{""max_width"": ""256"", ""min_width"": ""0"", ""num_rows"": ""32768"", ""workload"": ""normal""}"
experiment-15,pr-workload,Device=0 min_width=0 max_width=32 num_rows=262144 workload=normal,False,False,3,0.9820415522987697,0.9768872754840627,0.986992414926374,True,"{""max_width"": ""32"", ""min_width"": ""0"", ""num_rows"": ""262144"", ""workload"": ""normal""}"
experiment-15,pr-workload,Device=0 min_width=0 max_width=64 num_rows=262144 workload=normal,False,False,3,0.9820947068989877,0.955844277169496,1.0047786980044944,True,"{""max_width"": ""64"", ""min_width"": ""0"", ""num_rows"": ""262144"", ""workload"": ""normal""}"
experiment-15,pr-workload,Device=0 min_width=0 max_width=128 num_rows=262144 workload=normal,False,False,3,0.9916000016979853,0.9748972612407855,1.009946992338119,True,"{""max_width"": ""128"", ""min_width"": ""0"", ""num_rows"": ""262144"", ""workload"": ""normal""}"
experiment-15,pr-workload,Device=0 min_width=0 max_width=256 num_rows=262144 workload=normal,False,False,3,0.9912172929676321,0.9764406090176936,1.0131054116316094,True,"{""max_width"": ""256"", ""min_width"": ""0"", ""num_rows"": ""262144"", ""workload"": ""normal""}"
experiment-15,pr-workload,Device=0 min_width=0 max_width=32 num_rows=2097152 workload=normal,False,False,3,0.9817720358893629,0.9757021259453628,0.987019330560011,True,"{""max_width"": ""32"", ""min_width"": ""0"", ""num_rows"": ""2097152"", ""workload"": ""normal""}"
experiment-15,pr-workload,Device=0 min_width=0 max_width=64 num_rows=2097152 workload=normal,False,False,3,0.9845705041790679,0.9697561958185179,1.0022142353173722,True,"{""max_width"": ""64"", ""min_width"": ""0"", ""num_rows"": ""2097152"", ""workload"": ""normal""}"
experiment-15,pr-workload,Device=0 min_width=0 max_width=128 num_rows=2097152 workload=normal,False,False,3,0.9942317151835272,0.9908619066314862,1.002678179160414,True,"{""max_width"": ""128"", ""min_width"": ""0"", ""num_rows"": ""2097152"", ""workload"": ""normal""}"
experiment-15,pr-workload,Device=0 min_width=0 max_width=256 num_rows=2097152 workload=normal,False,False,3,0.9969836841231766,0.9704638873785919,1.013956035639448,True,"{""max_width"": ""256"", ""min_width"": ""0"", ""num_rows"": ""2097152"", ""workload"": ""normal""}"
experiment-15,pr-workload,Device=0 min_width=0 max_width=32 num_rows=32768 workload=duplicates,False,False,3,0.9991097354226248,0.9513729228362037,1.059082993112507,True,"{""max_width"": ""32"", ""min_width"": ""0"", ""num_rows"": ""32768"", ""workload"": ""duplicates""}"
experiment-15,pr-workload,Device=0 min_width=0 max_width=64 num_rows=32768 workload=duplicates,False,False,3,0.9972101174617916,0.9712934145716104,1.0299192795619931,True,"{""max_width"": ""64"", ""min_width"": ""0"", ""num_rows"": ""32768"", ""workload"": ""duplicates""}"
experiment-15,pr-workload,Device=0 min_width=0 max_width=128 num_rows=32768 workload=duplicates,False,False,3,0.9985625820650311,0.9828329619981226,1.010567417597113,True,"{""max_width"": ""128"", ""min_width"": ""0"", ""num_rows"": ""32768"", ""workload"": ""duplicates""}"
experiment-15,pr-workload,Device=0 min_width=0 max_width=256 num_rows=32768 workload=duplicates,False,False,3,0.9963039050394978,0.987517158946547,1.0100150951064695,True,"{""max_width"": ""256"", ""min_width"": ""0"", ""num_rows"": ""32768"", ""workload"": ""duplicates""}"
experiment-15,pr-workload,Device=0 min_width=0 max_width=32 num_rows=262144 workload=duplicates,False,False,3,0.9922501312246621,0.9766319336812843,1.004993888425784,True,"{""max_width"": ""32"", ""min_width"": ""0"", ""num_rows"": ""262144"", ""workload"": ""duplicates""}"
experiment-15,pr-workload,Device=0 min_width=0 max_width=64 num_rows=262144 workload=duplicates,False,False,3,0.9875499676200835,0.9816722330108729,1.0011278652752278,True,"{""max_width"": ""64"", ""min_width"": ""0"", ""num_rows"": ""262144"", ""workload"": ""duplicates""}"
experiment-15,pr-workload,Device=0 min_width=0 max_width=128 num_rows=262144 workload=duplicates,False,False,3,0.9904263252866117,0.9744015285263234,1.0067978423870116,True,"{""max_width"": ""128"", ""min_width"": ""0"", ""num_rows"": ""262144"", ""workload"": ""duplicates""}"
experiment-15,pr-workload,Device=0 min_width=0 max_width=256 num_rows=262144 workload=duplicates,False,False,3,0.993241336514237,0.9858487743191463,1.001933404672764,True,"{""max_width"": ""256"", ""min_width"": ""0"", ""num_rows"": ""262144"", ""workload"": ""duplicates""}"
experiment-15,pr-workload,Device=0 min_width=0 max_width=32 num_rows=2097152 workload=duplicates,False,False,3,0.6913450605742413,0.6817426756410769,0.7033640803625523,True,"{""max_width"": ""32"", ""min_width"": ""0"", ""num_rows"": ""2097152"", ""workload"": ""duplicates""}"
experiment-15,pr-workload,Device=0 min_width=0 max_width=64 num_rows=2097152 workload=duplicates,False,False,3,0.6615305328301503,0.6515105036935075,0.6679719945795146,True,"{""max_width"": ""64"", ""min_width"": ""0"", ""num_rows"": ""2097152"", ""workload"": ""duplicates""}"
experiment-15,pr-workload,Device=0 min_width=0 max_width=128 num_rows=2097152 workload=duplicates,False,False,3,0.6019394353766341,0.5910792395608911,0.6106360518505467,True,"{""max_width"": ""128"", ""min_width"": ""0"", ""num_rows"": ""2097152"", ""workload"": ""duplicates""}"
experiment-15,pr-workload,Device=0 min_width=0 max_width=256 num_rows=2097152 workload=duplicates,False,False,3,0.5723825347993705,0.5652977568472954,0.5768982105517092,True,"{""max_width"": ""256"", ""min_width"": ""0"", ""num_rows"": ""2097152"", ""workload"": ""duplicates""}"
experiment-15,pr-workload,Device=0 min_width=0 max_width=32 num_rows=32768 workload=shared_prefix,False,False,3,0.9850348626410762,0.978715696871242,0.9959265015415473,True,"{""max_width"": ""32"", ""min_width"": ""0"", ""num_rows"": ""32768"", ""workload"": ""shared_prefix""}"
experiment-15,pr-workload,Device=0 min_width=0 max_width=64 num_rows=32768 workload=shared_prefix,False,False,3,0.9906115570675451,0.9831342365513469,0.9969670385137361,True,"{""max_width"": ""64"", ""min_width"": ""0"", ""num_rows"": ""32768"", ""workload"": ""shared_prefix""}"
experiment-15,pr-workload,Device=0 min_width=0 max_width=128 num_rows=32768 workload=shared_prefix,False,False,3,0.9953973346462164,0.9662622367598226,1.0188469201868287,True,"{""max_width"": ""128"", ""min_width"": ""0"", ""num_rows"": ""32768"", ""workload"": ""shared_prefix""}"
experiment-15,pr-workload,Device=0 min_width=0 max_width=256 num_rows=32768 workload=shared_prefix,False,False,3,0.99775801746138,0.9887552924401593,1.0033303588542597,True,"{""max_width"": ""256"", ""min_width"": ""0"", ""num_rows"": ""32768"", ""workload"": ""shared_prefix""}"
experiment-15,pr-workload,Device=0 min_width=0 max_width=32 num_rows=262144 workload=shared_prefix,False,False,3,0.7473883719407461,0.7364971069160231,0.7622098149691307,True,"{""max_width"": ""32"", ""min_width"": ""0"", ""num_rows"": ""262144"", ""workload"": ""shared_prefix""}"
experiment-15,pr-workload,Device=0 min_width=0 max_width=64 num_rows=262144 workload=shared_prefix,False,False,3,0.4621111753617483,0.45638542939258825,0.46696838298165444,True,"{""max_width"": ""64"", ""min_width"": ""0"", ""num_rows"": ""262144"", ""workload"": ""shared_prefix""}"
experiment-15,pr-workload,Device=0 min_width=0 max_width=128 num_rows=262144 workload=shared_prefix,False,False,3,0.2378838892236341,0.23525319454153557,0.23968585693074956,True,"{""max_width"": ""128"", ""min_width"": ""0"", ""num_rows"": ""262144"", ""workload"": ""shared_prefix""}"
experiment-15,pr-workload,Device=0 min_width=0 max_width=256 num_rows=262144 workload=shared_prefix,False,False,3,0.09066315847284775,0.0902935419183884,0.09097684963844907,True,"{""max_width"": ""256"", ""min_width"": ""0"", ""num_rows"": ""262144"", ""workload"": ""shared_prefix""}"
experiment-15,pr-workload,Device=0 min_width=0 max_width=32 num_rows=2097152 workload=shared_prefix,False,False,3,0.6790580511836294,0.6763997473665856,0.6813378175803655,True,"{""max_width"": ""32"", ""min_width"": ""0"", ""num_rows"": ""2097152"", ""workload"": ""shared_prefix""}"
experiment-15,pr-workload,Device=0 min_width=0 max_width=64 num_rows=2097152 workload=shared_prefix,False,False,3,0.39786441168953973,0.3969277396751469,0.3991673737014737,True,"{""max_width"": ""64"", ""min_width"": ""0"", ""num_rows"": ""2097152"", ""workload"": ""shared_prefix""}"
experiment-15,pr-workload,Device=0 min_width=0 max_width=128 num_rows=2097152 workload=shared_prefix,False,False,3,0.20770927877394876,0.2068723117162601,0.20861849582839537,True,"{""max_width"": ""128"", ""min_width"": ""0"", ""num_rows"": ""2097152"", ""workload"": ""shared_prefix""}"
experiment-15,pr-workload,Device=0 min_width=0 max_width=256 num_rows=2097152 workload=shared_prefix,False,False,3,0.10348550190942894,0.1031723720362852,0.10366767476657827,True,"{""max_width"": ""256"", ""min_width"": ""0"", ""num_rows"": ""2097152"", ""workload"": ""shared_prefix""}"
experiment-15,pr-workload,Device=0 min_width=0 max_width=32 num_rows=32768 workload=variable,False,False,3,0.9922464991901176,0.9845098895610744,1.0036610992880954,True,"{""max_width"": ""32"", ""min_width"": ""0"", ""num_rows"": ""32768"", ""workload"": ""variable""}"
experiment-15,pr-workload,Device=0 min_width=0 max_width=64 num_rows=32768 workload=variable,False,False,3,0.9980631150211005,0.9818875433847188,1.0119446808914603,True,"{""max_width"": ""64"", ""min_width"": ""0"", ""num_rows"": ""32768"", ""workload"": ""variable""}"
experiment-15,pr-workload,Device=0 min_width=0 max_width=128 num_rows=32768 workload=variable,False,False,3,1.000127954505579,0.9828809937724242,1.0225553972311388,True,"{""max_width"": ""128"", ""min_width"": ""0"", ""num_rows"": ""32768"", ""workload"": ""variable""}"
experiment-15,pr-workload,Device=0 min_width=0 max_width=256 num_rows=32768 workload=variable,False,False,3,0.9954517106265713,0.9578943160812531,1.0346551347118422,True,"{""max_width"": ""256"", ""min_width"": ""0"", ""num_rows"": ""32768"", ""workload"": ""variable""}"
experiment-15,pr-workload,Device=0 min_width=0 max_width=32 num_rows=262144 workload=variable,False,False,3,0.9923579093638353,0.9833503595629624,1.0014963011814078,True,"{""max_width"": ""32"", ""min_width"": ""0"", ""num_rows"": ""262144"", ""workload"": ""variable""}"
experiment-15,pr-workload,Device=0 min_width=0 max_width=64 num_rows=262144 workload=variable,False,False,3,0.9756743000454101,0.9616463194201154,1.0087767968250674,True,"{""max_width"": ""64"", ""min_width"": ""0"", ""num_rows"": ""262144"", ""workload"": ""variable""}"
experiment-15,pr-workload,Device=0 min_width=0 max_width=128 num_rows=262144 workload=variable,False,False,3,0.98854063687882,0.9473276600372444,1.0211893957216887,True,"{""max_width"": ""128"", ""min_width"": ""0"", ""num_rows"": ""262144"", ""workload"": ""variable""}"
experiment-15,pr-workload,Device=0 min_width=0 max_width=256 num_rows=262144 workload=variable,False,False,3,0.9950631694091303,0.9766352224972586,1.0222857668486802,True,"{""max_width"": ""256"", ""min_width"": ""0"", ""num_rows"": ""262144"", ""workload"": ""variable""}"
experiment-15,pr-workload,Device=0 min_width=0 max_width=32 num_rows=2097152 workload=variable,False,False,3,1.0031471358957158,0.9827412330177098,1.0247097535596135,True,"{""max_width"": ""32"", ""min_width"": ""0"", ""num_rows"": ""2097152"", ""workload"": ""variable""}"
experiment-15,pr-workload,Device=0 min_width=0 max_width=64 num_rows=2097152 workload=variable,False,False,3,0.9899058773329453,0.9704847160508262,1.0147490695320787,True,"{""max_width"": ""64"", ""min_width"": ""0"", ""num_rows"": ""2097152"", ""workload"": ""variable""}"
experiment-15,pr-workload,Device=0 min_width=0 max_width=128 num_rows=2097152 workload=variable,False,False,3,0.9935515044301767,0.9756097462402968,1.0102027161007117,True,"{""max_width"": ""128"", ""min_width"": ""0"", ""num_rows"": ""2097152"", ""workload"": ""variable""}"
experiment-15,pr-workload,Device=0 min_width=0 max_width=256 num_rows=2097152 workload=variable,False,False,3,0.9875161526254873,0.9744057846587318,1.0079951505214442,True,"{""max_width"": ""256"", ""min_width"": ""0"", ""num_rows"": ""2097152"", ""workload"": ""variable""}"
experiment-15,target,Device=0 num_rows=262144 max_width=32 cardinality=1,False,False,3,1.0283511045695741,0.9338870046350394,1.1921113700516295,True,"{""cardinality"": ""1"", ""max_width"": ""32"", ""num_rows"": ""262144""}"
experiment-15,target,Device=0 num_rows=2097152 max_width=32 cardinality=1,False,False,3,0.9782926036495077,0.8254915251237194,1.21149135545966,True,"{""cardinality"": ""1"", ""max_width"": ""32"", ""num_rows"": ""2097152""}"
experiment-15,target,Device=0 num_rows=262144 max_width=128 cardinality=1,False,False,3,0.2458284506404505,0.23565112201588118,0.2531619610610253,True,"{""cardinality"": ""1"", ""max_width"": ""128"", ""num_rows"": ""262144""}"
experiment-15,target,Device=0 num_rows=2097152 max_width=128 cardinality=1,False,False,3,0.12018851655562568,0.11896506436341953,0.12093731161399113,True,"{""cardinality"": ""1"", ""max_width"": ""128"", ""num_rows"": ""2097152""}"
experiment-15,target,Device=0 num_rows=262144 max_width=32 cardinality=64,False,False,3,0.9940641898044584,0.968493044969355,1.0198101144465472,True,"{""cardinality"": ""64"", ""max_width"": ""32"", ""num_rows"": ""262144""}"
experiment-15,target,Device=0 num_rows=2097152 max_width=32 cardinality=64,False,False,3,0.6829904011338848,0.6789705467998264,0.6906017962566288,True,"{""cardinality"": ""64"", ""max_width"": ""32"", ""num_rows"": ""2097152""}"
experiment-15,target,Device=0 num_rows=262144 max_width=128 cardinality=64,False,False,3,0.9896320858887974,0.980101074260212,1.0012697980192529,True,"{""cardinality"": ""64"", ""max_width"": ""128"", ""num_rows"": ""262144""}"
experiment-15,target,Device=0 num_rows=2097152 max_width=128 cardinality=64,False,False,3,0.5864305513580205,0.5776898179076476,0.5937782141441046,True,"{""cardinality"": ""64"", ""max_width"": ""128"", ""num_rows"": ""2097152""}"
experiment-15,target,Device=0 num_rows=262144 max_width=32 cardinality=0,False,False,3,0.9824955188319063,0.9671433019715311,0.9991552941211874,True,"{""cardinality"": ""0"", ""max_width"": ""32"", ""num_rows"": ""262144""}"
experiment-15,target,Device=0 num_rows=2097152 max_width=32 cardinality=0,False,False,3,0.8292873292047303,0.7906519880090545,0.8827579892160982,True,"{""cardinality"": ""0"", ""max_width"": ""32"", ""num_rows"": ""2097152""}"
experiment-15,target,Device=0 num_rows=262144 max_width=128 cardinality=0,False,False,3,0.9795421443114849,0.921361254837093,1.0357280227520786,True,"{""cardinality"": ""0"", ""max_width"": ""128"", ""num_rows"": ""262144""}"
experiment-15,target,Device=0 num_rows=2097152 max_width=128 cardinality=0,False,False,3,0.9859721208703041,0.9681241277058327,1.0100550059702555,True,"{""cardinality"": ""0"", ""max_width"": ""128"", ""num_rows"": ""2097152""}"
experiment-15,target,Device=0 num_rows=262144 prefix_width=4 suffix_width=32 prefix_cardinality=1,False,False,3,0.9855172200654209,0.9269752656040706,1.0314686106896187,True,"{""num_rows"": ""262144"", ""prefix_cardinality"": ""1"", ""prefix_width"": ""4"", ""suffix_width"": ""32""}"
experiment-15,target,Device=0 num_rows=2097152 prefix_width=4 suffix_width=32 prefix_cardinality=1,False,False,3,0.9601839127707826,0.9288750077001415,0.9882207559152006,True,"{""num_rows"": ""2097152"", ""prefix_cardinality"": ""1"", ""prefix_width"": ""4"", ""suffix_width"": ""32""}"
experiment-15,target,Device=0 num_rows=262144 prefix_width=8 suffix_width=32 prefix_cardinality=1,False,False,3,1.0841587392528325,1.0417179561004444,1.1314241725213994,False,"{""num_rows"": ""262144"", ""prefix_cardinality"": ""1"", ""prefix_width"": ""8"", ""suffix_width"": ""32""}"
experiment-15,target,Device=0 num_rows=2097152 prefix_width=8 suffix_width=32 prefix_cardinality=1,False,False,3,1.0474625617502507,1.0415668959472655,1.0543737200854288,False,"{""num_rows"": ""2097152"", ""prefix_cardinality"": ""1"", ""prefix_width"": ""8"", ""suffix_width"": ""32""}"
experiment-15,target,Device=0 num_rows=262144 prefix_width=10 suffix_width=32 prefix_cardinality=1,False,False,3,1.0808104035876125,1.0711255619327356,1.0914453948668583,False,"{""num_rows"": ""262144"", ""prefix_cardinality"": ""1"", ""prefix_width"": ""10"", ""suffix_width"": ""32""}"
experiment-15,target,Device=0 num_rows=2097152 prefix_width=10 suffix_width=32 prefix_cardinality=1,False,False,3,1.0520333777476791,1.0486895804928218,1.054444223332674,False,"{""num_rows"": ""2097152"", ""prefix_cardinality"": ""1"", ""prefix_width"": ""10"", ""suffix_width"": ""32""}"
experiment-15,target,Device=0 num_rows=262144 prefix_width=11 suffix_width=32 prefix_cardinality=1,False,False,3,1.0846374181600178,1.075100115523537,1.097255302838103,False,"{""num_rows"": ""262144"", ""prefix_cardinality"": ""1"", ""prefix_width"": ""11"", ""suffix_width"": ""32""}"
experiment-15,target,Device=0 num_rows=2097152 prefix_width=11 suffix_width=32 prefix_cardinality=1,False,False,3,1.050761605312961,1.0479360543011067,1.0542793168042937,False,"{""num_rows"": ""2097152"", ""prefix_cardinality"": ""1"", ""prefix_width"": ""11"", ""suffix_width"": ""32""}"
experiment-15,target,Device=0 num_rows=262144 prefix_width=12 suffix_width=32 prefix_cardinality=1,False,False,3,1.0839491300709732,1.0720281103270606,1.0956983544440106,False,"{""num_rows"": ""262144"", ""prefix_cardinality"": ""1"", ""prefix_width"": ""12"", ""suffix_width"": ""32""}"
experiment-15,target,Device=0 num_rows=2097152 prefix_width=12 suffix_width=32 prefix_cardinality=1,False,False,3,1.050685683309017,1.0494384905324345,1.0523258253064893,False,"{""num_rows"": ""2097152"", ""prefix_cardinality"": ""1"", ""prefix_width"": ""12"", ""suffix_width"": ""32""}"
experiment-15,target,Device=0 num_rows=262144 prefix_width=64 suffix_width=32 prefix_cardinality=1,False,False,3,0.45520548687222595,0.44678075523467464,0.46042987576964217,True,"{""num_rows"": ""262144"", ""prefix_cardinality"": ""1"", ""prefix_width"": ""64"", ""suffix_width"": ""32""}"
experiment-15,target,Device=0 num_rows=2097152 prefix_width=64 suffix_width=32 prefix_cardinality=1,False,False,3,0.40268361768898253,0.4012491124098215,0.4036974686866019,True,"{""num_rows"": ""2097152"", ""prefix_cardinality"": ""1"", ""prefix_width"": ""64"", ""suffix_width"": ""32""}"
experiment-15,target,Device=0 num_rows=262144 prefix_width=4 suffix_width=32 prefix_cardinality=64,False,False,3,0.9975118226802772,0.9355624248653543,1.0438090029000509,True,"{""num_rows"": ""262144"", ""prefix_cardinality"": ""64"", ""prefix_width"": ""4"", ""suffix_width"": ""32""}"
experiment-15,target,Device=0 num_rows=2097152 prefix_width=4 suffix_width=32 prefix_cardinality=64,False,False,3,0.9919399974065445,0.9767656828156609,1.007581284758285,True,"{""num_rows"": ""2097152"", ""prefix_cardinality"": ""64"", ""prefix_width"": ""4"", ""suffix_width"": ""32""}"
experiment-15,target,Device=0 num_rows=262144 prefix_width=8 suffix_width=32 prefix_cardinality=64,False,False,3,0.9830005129757347,0.9524722262158801,1.0077620843167276,True,"{""num_rows"": ""262144"", ""prefix_cardinality"": ""64"", ""prefix_width"": ""8"", ""suffix_width"": ""32""}"
experiment-15,target,Device=0 num_rows=2097152 prefix_width=8 suffix_width=32 prefix_cardinality=64,False,False,3,1.0159599569212234,1.008478349902515,1.0215322862681833,True,"{""num_rows"": ""2097152"", ""prefix_cardinality"": ""64"", ""prefix_width"": ""8"", ""suffix_width"": ""32""}"
experiment-15,target,Device=0 num_rows=262144 prefix_width=10 suffix_width=32 prefix_cardinality=64,False,False,3,0.9847556042233021,0.9509683744152683,1.0175030578803679,True,"{""num_rows"": ""262144"", ""prefix_cardinality"": ""64"", ""prefix_width"": ""10"", ""suffix_width"": ""32""}"
experiment-15,target,Device=0 num_rows=2097152 prefix_width=10 suffix_width=32 prefix_cardinality=64,False,False,3,1.0138970286267914,1.0114931644274407,1.0159169174734521,True,"{""num_rows"": ""2097152"", ""prefix_cardinality"": ""64"", ""prefix_width"": ""10"", ""suffix_width"": ""32""}"
experiment-15,target,Device=0 num_rows=262144 prefix_width=11 suffix_width=32 prefix_cardinality=64,False,False,3,0.9866528190811937,0.9531615795151513,1.0121976901357712,True,"{""num_rows"": ""262144"", ""prefix_cardinality"": ""64"", ""prefix_width"": ""11"", ""suffix_width"": ""32""}"
experiment-15,target,Device=0 num_rows=2097152 prefix_width=11 suffix_width=32 prefix_cardinality=64,False,False,3,1.0124519132748309,1.01005430523246,1.0166326874609721,True,"{""num_rows"": ""2097152"", ""prefix_cardinality"": ""64"", ""prefix_width"": ""11"", ""suffix_width"": ""32""}"
experiment-15,target,Device=0 num_rows=262144 prefix_width=12 suffix_width=32 prefix_cardinality=64,False,False,3,0.9839308459464493,0.9514891942805559,1.0087245554749338,True,"{""num_rows"": ""262144"", ""prefix_cardinality"": ""64"", ""prefix_width"": ""12"", ""suffix_width"": ""32""}"
experiment-15,target,Device=0 num_rows=2097152 prefix_width=12 suffix_width=32 prefix_cardinality=64,False,False,3,1.012388562531774,1.0096736105725768,1.0142677107744917,True,"{""num_rows"": ""2097152"", ""prefix_cardinality"": ""64"", ""prefix_width"": ""12"", ""suffix_width"": ""32""}"
experiment-15,target,Device=0 num_rows=262144 prefix_width=64 suffix_width=32 prefix_cardinality=64,False,False,3,0.9891031587215899,0.9719048476723001,1.0093525858945773,True,"{""num_rows"": ""262144"", ""prefix_cardinality"": ""64"", ""prefix_width"": ""64"", ""suffix_width"": ""32""}"
experiment-15,target,Device=0 num_rows=2097152 prefix_width=64 suffix_width=32 prefix_cardinality=64,False,False,3,0.6993429871223736,0.6980588002167477,0.7005969002485274,True,"{""num_rows"": ""2097152"", ""prefix_cardinality"": ""64"", ""prefix_width"": ""64"", ""suffix_width"": ""32""}"
experiment-7,constant,Device=0 num_rows=262144 prefix_width=32 suffix_width=0 prefix_cardinality=1,False,False,3,0.4884001792136246,0.468811164693222,0.506942593345702,True,"{""num_rows"": ""262144"", ""prefix_cardinality"": ""1"", ""prefix_width"": ""32"", ""suffix_width"": ""0""}"
experiment-7,constant,Device=0 num_rows=2097152 prefix_width=32 suffix_width=0 prefix_cardinality=1,False,False,3,0.2889107268453143,0.2878499481943509,0.28976557233721545,True,"{""num_rows"": ""2097152"", ""prefix_cardinality"": ""1"", ""prefix_width"": ""32"", ""suffix_width"": ""0""}"
experiment-3,main,Device=0 min_width=1 max_width=8 num_rows=32768,False,False,3,0.9885372086474716,0.9491282740388499,1.0254469046393924,True,"{""max_width"": ""8"", ""min_width"": ""1"", ""num_rows"": ""32768""}"
experiment-3,main,Device=0 min_width=1 max_width=32 num_rows=32768,False,False,3,0.9915221471694252,0.9427279290162747,1.0618582264284946,True,"{""max_width"": ""32"", ""min_width"": ""1"", ""num_rows"": ""32768""}"
experiment-3,main,Device=0 min_width=1 max_width=64 num_rows=32768,False,False,3,0.9939287522076883,0.9734217541873782,1.0202661144804497,True,"{""max_width"": ""64"", ""min_width"": ""1"", ""num_rows"": ""32768""}"
experiment-3,main,Device=0 min_width=1 max_width=128 num_rows=32768,False,False,3,0.9953187133403691,0.9614496469607119,1.02847086796064,True,"{""max_width"": ""128"", ""min_width"": ""1"", ""num_rows"": ""32768""}"
experiment-3,main,Device=0 min_width=1 max_width=256 num_rows=32768,False,False,3,0.9903574718768121,0.9505889957163348,1.0375558026292213,True,"{""max_width"": ""256"", ""min_width"": ""1"", ""num_rows"": ""32768""}"
experiment-3,main,Device=0 min_width=1 max_width=8 num_rows=262144,False,False,3,0.9560663957068884,0.8989138694328263,1.017329128585258,True,"{""max_width"": ""8"", ""min_width"": ""1"", ""num_rows"": ""262144""}"
experiment-3,main,Device=0 min_width=1 max_width=32 num_rows=262144,False,False,3,0.9787097205427374,0.9489998339348207,1.006157905594435,True,"{""max_width"": ""32"", ""min_width"": ""1"", ""num_rows"": ""262144""}"
experiment-3,main,Device=0 min_width=1 max_width=64 num_rows=262144,False,False,3,0.98244850892875,0.9597785980613136,1.0102866878491286,True,"{""max_width"": ""64"", ""min_width"": ""1"", ""num_rows"": ""262144""}"
experiment-3,main,Device=0 min_width=1 max_width=128 num_rows=262144,False,False,3,0.9893979058157772,0.9516489143008227,1.022200656562118,True,"{""max_width"": ""128"", ""min_width"": ""1"", ""num_rows"": ""262144""}"
experiment-3,main,Device=0 min_width=1 max_width=256 num_rows=262144,False,False,3,0.988686676623729,0.9827848310538323,1.0017398236531048,True,"{""max_width"": ""256"", ""min_width"": ""1"", ""num_rows"": ""262144""}"
experiment-3,main,Device=0 min_width=1 max_width=8 num_rows=2097152,False,False,3,0.9410259430093225,0.9205297469514976,0.9610030057969382,True,"{""max_width"": ""8"", ""min_width"": ""1"", ""num_rows"": ""2097152""}"
experiment-3,main,Device=0 min_width=1 max_width=32 num_rows=2097152,False,False,3,0.9721251075579613,0.9566174030319946,0.9912981729756822,True,"{""max_width"": ""32"", ""min_width"": ""1"", ""num_rows"": ""2097152""}"
experiment-3,main,Device=0 min_width=1 max_width=64 num_rows=2097152,False,False,3,0.9833767703735657,0.9664239075552621,1.008557861986377,True,"{""max_width"": ""64"", ""min_width"": ""1"", ""num_rows"": ""2097152""}"
experiment-3,main,Device=0 min_width=1 max_width=128 num_rows=2097152,False,False,3,0.9894268068851055,0.9711633015394648,1.0119689178707938,True,"{""max_width"": ""128"", ""min_width"": ""1"", ""num_rows"": ""2097152""}"
experiment-3,main,Device=0 min_width=1 max_width=256 num_rows=2097152,False,False,3,0.9915037090095611,0.9729621080586636,1.0251574589746735,True,"{""max_width"": ""256"", ""min_width"": ""1"", ""num_rows"": ""2097152""}"
experiment-3,main,Device=0 min_width=1 max_width=8 num_rows=16777216,False,False,3,0.9499789959401492,0.9403476936368355,0.9567210126486277,True,"{""max_width"": ""8"", ""min_width"": ""1"", ""num_rows"": ""16777216""}"
experiment-3,main,Device=0 min_width=1 max_width=32 num_rows=16777216,False,False,3,0.9789015167385308,0.9674690582481662,0.9895091060384538,True,"{""max_width"": ""32"", ""min_width"": ""1"", ""num_rows"": ""16777216""}"
experiment-3,main,Device=0 min_width=1 max_width=64 num_rows=16777216,False,False,3,0.985491451179172,0.981745349664522,0.9906704241394911,True,"{""max_width"": ""64"", ""min_width"": ""1"", ""num_rows"": ""16777216""}"
experiment-3,main,Device=0 min_width=1 max_width=128 num_rows=16777216,False,False,3,0.9951178984124235,0.9854122740081079,1.0052694625762812,True,"{""max_width"": ""128"", ""min_width"": ""1"", ""num_rows"": ""16777216""}"
experiment-3,main,Device=0 min_width=1 max_width=256 num_rows=16777216,False,False,3,0.9993436069484309,0.9945181297631284,1.0019404285846303,True,"{""max_width"": ""256"", ""min_width"": ""1"", ""num_rows"": ""16777216""}"
experiment-3,main,Device=0 num_rows=262144 profile=cardinality_1_width_32,False,False,3,1.0173674513980915,0.8915923132832658,1.1652839839548432,True,"{""num_rows"": ""262144"", ""profile"": ""cardinality_1_width_32""}"
experiment-3,main,Device=0 num_rows=2097152 profile=cardinality_1_width_32,False,False,3,1.0372881346642462,1.0247271982786426,1.0527498992337407,False,"{""num_rows"": ""2097152"", ""profile"": ""cardinality_1_width_32""}"
experiment-3,main,Device=0 num_rows=262144 profile=cardinality_64_width_128,False,False,3,0.9987097450489935,0.960807468049228,1.031749268265,True,"{""num_rows"": ""262144"", ""profile"": ""cardinality_64_width_128""}"
experiment-3,main,Device=0 num_rows=2097152 profile=cardinality_64_width_128,False,False,3,0.9956168759464673,0.9816654508972201,1.0134182681337627,True,"{""num_rows"": ""2097152"", ""profile"": ""cardinality_64_width_128""}"
experiment-3,main,Device=0 num_rows=262144 profile=shared_prefix_64,False,False,3,0.9932831710761717,0.9695714326682533,1.0124515915161205,True,"{""num_rows"": ""262144"", ""profile"": ""shared_prefix_64""}"
experiment-3,main,Device=0 num_rows=2097152 profile=shared_prefix_64,False,False,3,0.9963103859014544,0.9919244579280524,0.9998998535051972,True,"{""num_rows"": ""2097152"", ""profile"": ""shared_prefix_64""}"
experiment-3,main,Device=0 num_rows=262144 profile=variable_128,False,False,3,0.9731359426522982,0.9179331203441387,1.0425716767783835,True,"{""num_rows"": ""262144"", ""profile"": ""variable_128""}"
experiment-3,main,Device=0 num_rows=2097152 profile=variable_128,False,False,3,0.9904338841833725,0.9614495508261286,1.021557745733736,True,"{""num_rows"": ""2097152"", ""profile"": ""variable_128""}"
experiment-3,main,Device=0 num_rows=262144 profile=fixed_8 null_percent=0,False,False,3,0.9745420926497865,0.8973633097199506,1.0526085321001915,True,"{""null_percent"": ""0"", ""num_rows"": ""262144"", ""profile"": ""fixed_8""}"
experiment-3,main,Device=0 num_rows=2097152 profile=fixed_8 null_percent=0,False,False,3,0.9981003110749235,0.9702638168585259,1.0258365355352186,True,"{""null_percent"": ""0"", ""num_rows"": ""2097152"", ""profile"": ""fixed_8""}"
experiment-3,main,Device=0 num_rows=262144 profile=variable_128 null_percent=0,False,False,3,0.9775782587059908,0.9067622144714095,1.0536189694265292,True,"{""null_percent"": ""0"", ""num_rows"": ""262144"", ""profile"": ""variable_128""}"
experiment-3,main,Device=0 num_rows=2097152 profile=variable_128 null_percent=0,False,False,3,0.9916566974410365,0.9636213917114131,1.023283780885555,True,"{""null_percent"": ""0"", ""num_rows"": ""2097152"", ""profile"": ""variable_128""}"
experiment-3,main,Device=0 num_rows=262144 profile=fixed_8 null_percent=50,False,False,3,0.9999040471765837,0.9199689374036168,1.0623539571700549,True,"{""null_percent"": ""50"", ""num_rows"": ""262144"", ""profile"": ""fixed_8""}"
experiment-3,main,Device=0 num_rows=2097152 profile=fixed_8 null_percent=50,False,False,3,1.0005060841814302,0.9763508818799572,1.0243102799886101,True,"{""null_percent"": ""50"", ""num_rows"": ""2097152"", ""profile"": ""fixed_8""}"
experiment-3,main,Device=0 num_rows=262144 profile=variable_128 null_percent=50,False,False,3,0.9873873467383485,0.9290955296634537,1.0458780480421652,True,"{""null_percent"": ""50"", ""num_rows"": ""262144"", ""profile"": ""variable_128""}"
experiment-3,main,Device=0 num_rows=2097152 profile=variable_128 null_percent=50,False,False,3,0.9898107554673697,0.9688027737576191,1.0156315256660553,True,"{""null_percent"": ""50"", ""num_rows"": ""2097152"", ""profile"": ""variable_128""}"
experiment-3,main,Device=0 num_rows=262144 profile=fixed_8 null_percent=100,False,False,3,1.0283826757494212,0.9791629247720367,1.0768650977958658,True,"{""null_percent"": ""100"", ""num_rows"": ""262144"", ""profile"": ""fixed_8""}"
experiment-3,main,Device=0 num_rows=2097152 profile=fixed_8 null_percent=100,False,False,3,1.0213483192118171,1.0094208415733952,1.0373950306658173,False,"{""null_percent"": ""100"", ""num_rows"": ""2097152"", ""profile"": ""fixed_8""}"
experiment-3,main,Device=0 num_rows=262144 profile=variable_128 null_percent=100,False,False,3,0.9747679174735906,0.9507223199890674,1.0153608133916048,True,"{""null_percent"": ""100"", ""num_rows"": ""262144"", ""profile"": ""variable_128""}"
experiment-3,main,Device=0 num_rows=2097152 profile=variable_128 null_percent=100,False,False,3,1.0356272139553264,0.8682459930611586,1.1923596045777543,True,"{""null_percent"": ""100"", ""num_rows"": ""2097152"", ""profile"": ""variable_128""}"
experiment-3,pr-source,Device=0 num_rows=262144 profile=unique_32,False,False,3,1.000830437416241,0.9404447821736859,1.0457380807195455,True,"{""num_rows"": ""262144"", ""profile"": ""unique_32""}"
experiment-3,pr-source,Device=0 num_rows=2097152 profile=unique_32,False,False,3,0.9852912004809405,0.9672293615880301,0.9990318262633024,True,"{""num_rows"": ""2097152"", ""profile"": ""unique_32""}"
experiment-3,pr-source,Device=0 num_rows=262144 profile=duplicates_32,False,False,3,0.9992001970188137,0.5941886827863675,1.3823165802410713,True,"{""num_rows"": ""262144"", ""profile"": ""duplicates_32""}"
experiment-3,pr-source,Device=0 num_rows=2097152 profile=duplicates_32,False,False,3,0.9850462166941473,0.969432556995277,0.9955965326418886,True,"{""num_rows"": ""2097152"", ""profile"": ""duplicates_32""}"
experiment-3,pr-source,Device=0 num_rows=262144 profile=shared_prefix_24,False,False,3,0.9925748958734727,0.9681947147487687,1.0093410682342319,True,"{""num_rows"": ""262144"", ""profile"": ""shared_prefix_24""}"
experiment-3,pr-source,Device=0 num_rows=2097152 profile=shared_prefix_24,False,False,3,0.9849097212488128,0.9690347122482457,0.9967848774208277,True,"{""num_rows"": ""2097152"", ""profile"": ""shared_prefix_24""}"
experiment-3,pr-source,Device=0 num_rows=262144 profile=raw_unique_40,False,False,3,1.018192455982076,0.9269097928256987,1.098684907605161,True,"{""num_rows"": ""262144"", ""profile"": ""raw_unique_40""}"
experiment-3,pr-source,Device=0 num_rows=2097152 profile=raw_unique_40,False,False,3,1.012179008141582,0.9693395520086727,1.0438508630797887,True,"{""num_rows"": ""2097152"", ""profile"": ""raw_unique_40""}"
experiment-3,pr-source,Device=0 num_rows=262144 profile=raw_duplicates_40,False,False,3,1.0076262090963133,0.9646168138346499,1.0358072054756229,True,"{""num_rows"": ""262144"", ""profile"": ""raw_duplicates_40""}"
experiment-3,pr-source,Device=0 num_rows=2097152 profile=raw_duplicates_40,False,False,3,0.9944980318460922,0.9784193291997267,1.0059008338340671,True,"{""num_rows"": ""2097152"", ""profile"": ""raw_duplicates_40""}"
experiment-3,pr-source,Device=0 num_rows=262144 profile=raw_shared_prefix_24_width_40,False,False,3,0.9980214075952027,0.9507432706824408,1.0326976426297174,True,"{""num_rows"": ""262144"", ""profile"": ""raw_shared_prefix_24_width_40""}"
experiment-3,pr-source,Device=0 num_rows=2097152 profile=raw_shared_prefix_24_width_40,False,False,3,0.9888193347848248,0.9817604914205433,0.9970775846541029,True,"{""num_rows"": ""2097152"", ""profile"": ""raw_shared_prefix_24_width_40""}"
experiment-7,main,Device=0 min_width=1 max_width=8 num_rows=32768,False,False,3,0.9943708543452899,0.9791606865597237,1.0023267655906707,True,"{""max_width"": ""8"", ""min_width"": ""1"", ""num_rows"": ""32768""}"
experiment-7,main,Device=0 min_width=1 max_width=32 num_rows=32768,False,False,3,0.9921575865755758,0.987421159102352,1.0001691180384336,True,"{""max_width"": ""32"", ""min_width"": ""1"", ""num_rows"": ""32768""}"
experiment-7,main,Device=0 min_width=1 max_width=64 num_rows=32768,False,False,3,0.9949001523714216,0.9919083397735339,0.9995986026949476,True,"{""max_width"": ""64"", ""min_width"": ""1"", ""num_rows"": ""32768""}"
experiment-7,main,Device=0 min_width=1 max_width=128 num_rows=32768,False,False,3,0.9957948704687336,0.9807990994738606,1.0038362864168198,True,"{""max_width"": ""128"", ""min_width"": ""1"", ""num_rows"": ""32768""}"
experiment-7,main,Device=0 min_width=1 max_width=256 num_rows=32768,False,False,3,0.9915754370576112,0.9682864283608916,1.011681140979875,True,"{""max_width"": ""256"", ""min_width"": ""1"", ""num_rows"": ""32768""}"
experiment-7,main,Device=0 min_width=1 max_width=8 num_rows=262144,False,False,3,0.9504824436396031,0.925439656965997,0.9797261345931256,True,"{""max_width"": ""8"", ""min_width"": ""1"", ""num_rows"": ""262144""}"
experiment-7,main,Device=0 min_width=1 max_width=32 num_rows=262144,False,False,3,0.974986646355874,0.9713890499480976,0.9836953665560452,True,"{""max_width"": ""32"", ""min_width"": ""1"", ""num_rows"": ""262144""}"
experiment-7,main,Device=0 min_width=1 max_width=64 num_rows=262144,False,False,3,0.9806552865137622,0.9690530005685992,0.9927162418663051,True,"{""max_width"": ""64"", ""min_width"": ""1"", ""num_rows"": ""262144""}"
experiment-7,main,Device=0 min_width=1 max_width=128 num_rows=262144,False,False,3,0.9890282073140062,0.9671055717968859,1.0032803916931383,True,"{""max_width"": ""128"", ""min_width"": ""1"", ""num_rows"": ""262144""}"
experiment-7,main,Device=0 min_width=1 max_width=256 num_rows=262144,False,False,3,0.9868737670283201,0.9629793367400449,1.0131755076577789,True,"{""max_width"": ""256"", ""min_width"": ""1"", ""num_rows"": ""262144""}"
experiment-7,main,Device=0 min_width=1 max_width=8 num_rows=2097152,False,False,3,0.9436454393661415,0.9260224845188362,0.9593356682176822,True,"{""max_width"": ""8"", ""min_width"": ""1"", ""num_rows"": ""2097152""}"
experiment-7,main,Device=0 min_width=1 max_width=32 num_rows=2097152,False,False,3,0.9756868687157632,0.9661764908734392,0.9835128101596665,True,"{""max_width"": ""32"", ""min_width"": ""1"", ""num_rows"": ""2097152""}"
experiment-7,main,Device=0 min_width=1 max_width=64 num_rows=2097152,False,False,3,0.9865244165345914,0.9683783440774854,1.006606119358445,True,"{""max_width"": ""64"", ""min_width"": ""1"", ""num_rows"": ""2097152""}"
experiment-7,main,Device=0 min_width=1 max_width=128 num_rows=2097152,False,False,3,0.9861203275891532,0.9687096067868697,1.0097422030478154,True,"{""max_width"": ""128"", ""min_width"": ""1"", ""num_rows"": ""2097152""}"
experiment-7,main,Device=0 min_width=1 max_width=256 num_rows=2097152,False,False,3,0.9907853379064219,0.966554963215655,1.0243464133182811,True,"{""max_width"": ""256"", ""min_width"": ""1"", ""num_rows"": ""2097152""}"
experiment-7,main,Device=0 min_width=1 max_width=8 num_rows=16777216,False,False,3,0.9476154249640725,0.9414844009246287,0.953001061652458,True,"{""max_width"": ""8"", ""min_width"": ""1"", ""num_rows"": ""16777216""}"
experiment-7,main,Device=0 min_width=1 max_width=32 num_rows=16777216,False,False,3,0.9784977800216774,0.9701176194526759,0.9860656823226083,True,"{""max_width"": ""32"", ""min_width"": ""1"", ""num_rows"": ""16777216""}"
experiment-7,main,Device=0 min_width=1 max_width=64 num_rows=16777216,False,False,3,0.9860882306713179,0.9843405675268776,0.9883299532262766,True,"{""max_width"": ""64"", ""min_width"": ""1"", ""num_rows"": ""16777216""}"
experiment-7,main,Device=0 min_width=1 max_width=128 num_rows=16777216,False,False,3,0.9953428094792222,0.989583031511662,0.9990180672492515,True,"{""max_width"": ""128"", ""min_width"": ""1"", ""num_rows"": ""16777216""}"
experiment-7,main,Device=0 min_width=1 max_width=256 num_rows=16777216,False,False,3,0.999793340536954,0.9899520281494757,1.006802480741092,True,"{""max_width"": ""256"", ""min_width"": ""1"", ""num_rows"": ""16777216""}"
experiment-7,main,Device=0 num_rows=262144 profile=cardinality_1_width_32,False,False,3,0.9961151640563334,0.7936492632784758,1.399506262806332,True,"{""num_rows"": ""262144"", ""profile"": ""cardinality_1_width_32""}"
experiment-7,main,Device=0 num_rows=2097152 profile=cardinality_1_width_32,False,False,3,1.035404892107277,0.9432003561303698,1.1554135329774822,True,"{""num_rows"": ""2097152"", ""profile"": ""cardinality_1_width_32""}"
experiment-7,main,Device=0 num_rows=262144 profile=cardinality_64_width_128,False,False,3,0.9881252085443771,0.9777607236566525,0.9960920621058594,True,"{""num_rows"": ""262144"", ""profile"": ""cardinality_64_width_128""}"
experiment-7,main,Device=0 num_rows=2097152 profile=cardinality_64_width_128,False,False,3,0.5844488623000099,0.5732138541758174,0.5954999406520883,True,"{""num_rows"": ""2097152"", ""profile"": ""cardinality_64_width_128""}"
experiment-7,main,Device=0 num_rows=262144 profile=shared_prefix_64,False,False,3,0.44216243144974504,0.4375217685071321,0.4483797232575388,True,"{""num_rows"": ""262144"", ""profile"": ""shared_prefix_64""}"
experiment-7,main,Device=0 num_rows=2097152 profile=shared_prefix_64,False,False,3,0.4012162676540709,0.3997052496106252,0.40222637113180704,True,"{""num_rows"": ""2097152"", ""profile"": ""shared_prefix_64""}"
experiment-7,main,Device=0 num_rows=262144 profile=variable_128,False,False,3,0.9637848777454319,0.9518245292049632,0.9910658269658886,True,"{""num_rows"": ""262144"", ""profile"": ""variable_128""}"
experiment-7,main,Device=0 num_rows=2097152 profile=variable_128,False,False,3,0.9857831995689462,0.9723375520254854,1.0020786346604216,True,"{""num_rows"": ""2097152"", ""profile"": ""variable_128""}"
experiment-7,main,Device=0 num_rows=262144 profile=fixed_8 null_percent=0,False,False,3,0.9676129199952882,0.9509671731473064,0.9963501288056378,True,"{""null_percent"": ""0"", ""num_rows"": ""262144"", ""profile"": ""fixed_8""}"
experiment-7,main,Device=0 num_rows=2097152 profile=fixed_8 null_percent=0,False,False,3,0.9932188896767207,0.9890696590224538,0.9971257959397168,True,"{""null_percent"": ""0"", ""num_rows"": ""2097152"", ""profile"": ""fixed_8""}"
experiment-7,main,Device=0 num_rows=262144 profile=variable_128 null_percent=0,False,False,3,0.9914618984870339,0.9321504144137722,1.0337945800907724,True,"{""null_percent"": ""0"", ""num_rows"": ""262144"", ""profile"": ""variable_128""}"
experiment-7,main,Device=0 num_rows=2097152 profile=variable_128 null_percent=0,False,False,3,0.9874177147861676,0.9747114037997756,1.0005418259399752,True,"{""null_percent"": ""0"", ""num_rows"": ""2097152"", ""profile"": ""variable_128""}"
experiment-7,main,Device=0 num_rows=262144 profile=fixed_8 null_percent=50,False,False,3,0.9888998343314881,0.9633829869387948,1.0053994555669448,True,"{""null_percent"": ""50"", ""num_rows"": ""262144"", ""profile"": ""fixed_8""}"
experiment-7,main,Device=0 num_rows=2097152 profile=fixed_8 null_percent=50,False,False,3,0.9947194322800192,0.9803202090506156,1.0103661725274427,True,"{""null_percent"": ""50"", ""num_rows"": ""2097152"", ""profile"": ""fixed_8""}"
experiment-7,main,Device=0 num_rows=262144 profile=variable_128 null_percent=50,False,False,3,0.9704955896727278,0.9403663653819463,1.0087544475448555,True,"{""null_percent"": ""50"", ""num_rows"": ""262144"", ""profile"": ""variable_128""}"
experiment-7,main,Device=0 num_rows=2097152 profile=variable_128 null_percent=50,False,False,3,0.9877408278961586,0.976668392830188,0.999525261651896,True,"{""null_percent"": ""50"", ""num_rows"": ""2097152"", ""profile"": ""variable_128""}"
experiment-7,main,Device=0 num_rows=262144 profile=fixed_8 null_percent=100,False,False,3,1.0225103993587104,0.8817532341591755,1.224431067990781,True,"{""null_percent"": ""100"", ""num_rows"": ""262144"", ""profile"": ""fixed_8""}"
experiment-7,main,Device=0 num_rows=2097152 profile=fixed_8 null_percent=100,False,False,3,1.0288389584879205,0.9232551379574245,1.1881932828121733,True,"{""null_percent"": ""100"", ""num_rows"": ""2097152"", ""profile"": ""fixed_8""}"
experiment-7,main,Device=0 num_rows=262144 profile=variable_128 null_percent=100,False,False,3,1.003332551423346,0.8902308191241557,1.1544870654036177,True,"{""null_percent"": ""100"", ""num_rows"": ""262144"", ""profile"": ""variable_128""}"
experiment-7,main,Device=0 num_rows=2097152 profile=variable_128 null_percent=100,False,False,3,1.0170635489364508,0.8889564902553821,1.1235836804854946,True,"{""null_percent"": ""100"", ""num_rows"": ""2097152"", ""profile"": ""variable_128""}"
experiment-7,target,Device=0 num_rows=262144 max_width=32 cardinality=1,False,False,3,0.9802676228230984,0.9224368409370882,1.0488542584197735,True,"{""cardinality"": ""1"", ""max_width"": ""32"", ""num_rows"": ""262144""}"
experiment-7,target,Device=0 num_rows=2097152 max_width=32 cardinality=1,False,False,3,0.9802991646574122,0.8161958565097865,1.2417477254385942,True,"{""cardinality"": ""1"", ""max_width"": ""32"", ""num_rows"": ""2097152""}"
experiment-7,target,Device=0 num_rows=262144 max_width=128 cardinality=1,False,False,3,0.26323839470141197,0.2591242855331405,0.2684602956277451,True,"{""cardinality"": ""1"", ""max_width"": ""128"", ""num_rows"": ""262144""}"
experiment-7,target,Device=0 num_rows=2097152 max_width=128 cardinality=1,False,False,3,0.1283056068874039,0.12815934852181016,0.12860035867942302,True,"{""cardinality"": ""1"", ""max_width"": ""128"", ""num_rows"": ""2097152""}"
experiment-7,target,Device=0 num_rows=262144 max_width=32 cardinality=64,False,False,3,0.9994886647497857,0.9738123911194415,1.0271766520572767,True,"{""cardinality"": ""64"", ""max_width"": ""32"", ""num_rows"": ""262144""}"
experiment-7,target,Device=0 num_rows=2097152 max_width=32 cardinality=64,False,False,3,0.6845968299898134,0.6801500554190416,0.6935407806569163,True,"{""cardinality"": ""64"", ""max_width"": ""32"", ""num_rows"": ""2097152""}"
experiment-7,target,Device=0 num_rows=262144 max_width=128 cardinality=64,False,False,3,0.9835148014830868,0.9703071764093422,1.0100701975202893,True,"{""cardinality"": ""64"", ""max_width"": ""128"", ""num_rows"": ""262144""}"
experiment-7,target,Device=0 num_rows=2097152 max_width=128 cardinality=64,False,False,3,0.5877498408015339,0.5779252539575167,0.5925406064824623,True,"{""cardinality"": ""64"", ""max_width"": ""128"", ""num_rows"": ""2097152""}"
experiment-7,target,Device=0 num_rows=262144 max_width=32 cardinality=0,False,False,3,0.9862161399922559,0.9689488836047989,1.0094107654403481,True,"{""cardinality"": ""0"", ""max_width"": ""32"", ""num_rows"": ""262144""}"
experiment-7,target,Device=0 num_rows=2097152 max_width=32 cardinality=0,False,False,3,0.8142835659837883,0.7854224659754874,0.8548002034904113,True,"{""cardinality"": ""0"", ""max_width"": ""32"", ""num_rows"": ""2097152""}"
experiment-7,target,Device=0 num_rows=262144 max_width=128 cardinality=0,False,False,3,0.9939943646293714,0.9745955380115319,1.0154309251323441,True,"{""cardinality"": ""0"", ""max_width"": ""128"", ""num_rows"": ""262144""}"
experiment-7,target,Device=0 num_rows=2097152 max_width=128 cardinality=0,False,False,3,0.9920947835553325,0.9777342567863305,1.0111260066125927,True,"{""cardinality"": ""0"", ""max_width"": ""128"", ""num_rows"": ""2097152""}"
experiment-7,target,Device=0 num_rows=262144 prefix_width=4 suffix_width=32 prefix_cardinality=1,False,False,3,0.9914025136563933,0.9766220899364956,1.0090926511456024,True,"{""num_rows"": ""262144"", ""prefix_cardinality"": ""1"", ""prefix_width"": ""4"", ""suffix_width"": ""32""}"
experiment-7,target,Device=0 num_rows=2097152 prefix_width=4 suffix_width=32 prefix_cardinality=1,False,False,3,0.9301007979570894,0.9260377762439804,0.9409390809716163,True,"{""num_rows"": ""2097152"", ""prefix_cardinality"": ""1"", ""prefix_width"": ""4"", ""suffix_width"": ""32""}"
experiment-7,target,Device=0 num_rows=262144 prefix_width=8 suffix_width=32 prefix_cardinality=1,False,False,3,1.0548914075240696,1.0325367585339744,1.0749442949256995,False,"{""num_rows"": ""262144"", ""prefix_cardinality"": ""1"", ""prefix_width"": ""8"", ""suffix_width"": ""32""}"
experiment-7,target,Device=0 num_rows=2097152 prefix_width=8 suffix_width=32 prefix_cardinality=1,False,False,3,1.0468295710625286,1.0411714265356253,1.05252264810201,False,"{""num_rows"": ""2097152"", ""prefix_cardinality"": ""1"", ""prefix_width"": ""8"", ""suffix_width"": ""32""}"
experiment-7,target,Device=0 num_rows=262144 prefix_width=10 suffix_width=32 prefix_cardinality=1,False,False,3,1.0577755272755323,1.0460658373186122,1.070493405222532,False,"{""num_rows"": ""262144"", ""prefix_cardinality"": ""1"", ""prefix_width"": ""10"", ""suffix_width"": ""32""}"
experiment-7,target,Device=0 num_rows=2097152 prefix_width=10 suffix_width=32 prefix_cardinality=1,False,False,3,1.0480910658330929,1.0433737637296963,1.0525912756092628,False,"{""num_rows"": ""2097152"", ""prefix_cardinality"": ""1"", ""prefix_width"": ""10"", ""suffix_width"": ""32""}"
experiment-7,target,Device=0 num_rows=262144 prefix_width=11 suffix_width=32 prefix_cardinality=1,False,False,3,1.0609469570201118,1.0476372335765216,1.075090507196996,False,"{""num_rows"": ""262144"", ""prefix_cardinality"": ""1"", ""prefix_width"": ""11"", ""suffix_width"": ""32""}"
experiment-7,target,Device=0 num_rows=2097152 prefix_width=11 suffix_width=32 prefix_cardinality=1,False,False,3,1.0481266956438084,1.0430052262754226,1.0544772568487542,False,"{""num_rows"": ""2097152"", ""prefix_cardinality"": ""1"", ""prefix_width"": ""11"", ""suffix_width"": ""32""}"
experiment-7,target,Device=0 num_rows=262144 prefix_width=12 suffix_width=32 prefix_cardinality=1,False,False,3,1.0595477413890402,1.0457247205652989,1.0742116685458682,False,"{""num_rows"": ""262144"", ""prefix_cardinality"": ""1"", ""prefix_width"": ""12"", ""suffix_width"": ""32""}"
experiment-7,target,Device=0 num_rows=2097152 prefix_width=12 suffix_width=32 prefix_cardinality=1,False,False,3,1.0479190429782015,1.0455648516626355,1.050805147468507,False,"{""num_rows"": ""2097152"", ""prefix_cardinality"": ""1"", ""prefix_width"": ""12"", ""suffix_width"": ""32""}"
experiment-7,target,Device=0 num_rows=262144 prefix_width=64 suffix_width=32 prefix_cardinality=1,False,False,3,0.44751643352685055,0.444818205092479,0.449804596791867,True,"{""num_rows"": ""262144"", ""prefix_cardinality"": ""1"", ""prefix_width"": ""64"", ""suffix_width"": ""32""}"
experiment-7,target,Device=0 num_rows=2097152 prefix_width=64 suffix_width=32 prefix_cardinality=1,False,False,3,0.4018892901547461,0.4005382979775075,0.40296267483432435,True,"{""num_rows"": ""2097152"", ""prefix_cardinality"": ""1"", ""prefix_width"": ""64"", ""suffix_width"": ""32""}"
experiment-7,target,Device=0 num_rows=262144 prefix_width=4 suffix_width=32 prefix_cardinality=64,False,False,3,0.9964645916953401,0.9895537382985842,1.0059111953629778,True,"{""num_rows"": ""262144"", ""prefix_cardinality"": ""64"", ""prefix_width"": ""4"", ""suffix_width"": ""32""}"
experiment-7,target,Device=0 num_rows=2097152 prefix_width=4 suffix_width=32 prefix_cardinality=64,False,False,3,0.999450974081147,0.9762152668438259,1.0179791579959654,True,"{""num_rows"": ""2097152"", ""prefix_cardinality"": ""64"", ""prefix_width"": ""4"", ""suffix_width"": ""32""}"
experiment-7,target,Device=0 num_rows=262144 prefix_width=8 suffix_width=32 prefix_cardinality=64,False,False,3,0.9850371188839382,0.9751015253186909,0.9981750064632594,True,"{""num_rows"": ""262144"", ""prefix_cardinality"": ""64"", ""prefix_width"": ""8"", ""suffix_width"": ""32""}"
experiment-7,target,Device=0 num_rows=2097152 prefix_width=8 suffix_width=32 prefix_cardinality=64,False,False,3,1.016388187985329,1.0118177198347535,1.0202097938740515,True,"{""num_rows"": ""2097152"", ""prefix_cardinality"": ""64"", ""prefix_width"": ""8"", ""suffix_width"": ""32""}"
experiment-7,target,Device=0 num_rows=262144 prefix_width=10 suffix_width=32 prefix_cardinality=64,False,False,3,0.984202141808603,0.9752474939306629,0.9980897651014046,True,"{""num_rows"": ""262144"", ""prefix_cardinality"": ""64"", ""prefix_width"": ""10"", ""suffix_width"": ""32""}"
experiment-7,target,Device=0 num_rows=2097152 prefix_width=10 suffix_width=32 prefix_cardinality=64,False,False,3,1.0144493941094486,1.0128901186335368,1.0160200450890624,True,"{""num_rows"": ""2097152"", ""prefix_cardinality"": ""64"", ""prefix_width"": ""10"", ""suffix_width"": ""32""}"
experiment-7,target,Device=0 num_rows=262144 prefix_width=11 suffix_width=32 prefix_cardinality=64,False,False,3,0.9856525790927139,0.975479657255872,0.9978170197386754,True,"{""num_rows"": ""262144"", ""prefix_cardinality"": ""64"", ""prefix_width"": ""11"", ""suffix_width"": ""32""}"
experiment-7,target,Device=0 num_rows=2097152 prefix_width=11 suffix_width=32 prefix_cardinality=64,False,False,3,1.0137323073713262,1.0121731930637672,1.0157925447951544,True,"{""num_rows"": ""2097152"", ""prefix_cardinality"": ""64"", ""prefix_width"": ""11"", ""suffix_width"": ""32""}"
experiment-7,target,Device=0 num_rows=262144 prefix_width=12 suffix_width=32 prefix_cardinality=64,False,False,3,0.9861494356588582,0.975786155074927,0.9987870236588035,True,"{""num_rows"": ""262144"", ""prefix_cardinality"": ""64"", ""prefix_width"": ""12"", ""suffix_width"": ""32""}"
experiment-7,target,Device=0 num_rows=2097152 prefix_width=12 suffix_width=32 prefix_cardinality=64,False,False,3,1.013646282487835,1.0104328928898494,1.0149295279350516,True,"{""num_rows"": ""2097152"", ""prefix_cardinality"": ""64"", ""prefix_width"": ""12"", ""suffix_width"": ""32""}"
experiment-7,target,Device=0 num_rows=262144 prefix_width=64 suffix_width=32 prefix_cardinality=64,False,False,3,0.9919694395438091,0.9720500751562394,1.010565665889233,True,"{""num_rows"": ""262144"", ""prefix_cardinality"": ""64"", ""prefix_width"": ""64"", ""suffix_width"": ""32""}"
experiment-7,target,Device=0 num_rows=2097152 prefix_width=64 suffix_width=32 prefix_cardinality=64,False,False,3,0.6994862450061592,0.6974422365876697,0.7018818169070983,True,"{""num_rows"": ""2097152"", ""prefix_cardinality"": ""64"", ""prefix_width"": ""64"", ""suffix_width"": ""32""}"
experiment-3,constant,Device=0 num_rows=262144 prefix_width=32 suffix_width=0 prefix_cardinality=1,False,False,3,0.9926964137436167,0.970489179305954,1.0055249144372933,True,"{""num_rows"": ""262144"", ""prefix_cardinality"": ""1"", ""prefix_width"": ""32"", ""suffix_width"": ""0""}"
experiment-3,constant,Device=0 num_rows=2097152 prefix_width=32 suffix_width=0 prefix_cardinality=1,False,False,3,0.9804785793609648,0.9735348763184491,0.9867790770505418,True,"{""num_rows"": ""2097152"", ""prefix_cardinality"": ""1"", ""prefix_width"": ""32"", ""suffix_width"": ""0""}"
experiment-3,pr-workload,Device=0 min_width=0 max_width=32 num_rows=32768 workload=normal,False,False,3,0.999527556744046,0.9900879049171546,1.0105863687904808,True,"{""max_width"": ""32"", ""min_width"": ""0"", ""num_rows"": ""32768"", ""workload"": ""normal""}"
experiment-3,pr-workload,Device=0 min_width=0 max_width=64 num_rows=32768 workload=normal,False,False,3,0.9986975426753241,0.9790903586424119,1.0178455103259345,True,"{""max_width"": ""64"", ""min_width"": ""0"", ""num_rows"": ""32768"", ""workload"": ""normal""}"
experiment-3,pr-workload,Device=0 min_width=0 max_width=128 num_rows=32768 workload=normal,False,False,3,0.9997701251512239,0.9817561829694664,1.0146852917784566,True,"{""max_width"": ""128"", ""min_width"": ""0"", ""num_rows"": ""32768"", ""workload"": ""normal""}"
experiment-3,pr-workload,Device=0 min_width=0 max_width=256 num_rows=32768 workload=normal,False,False,3,0.999964215943392,0.9839547159320128,1.020498262692408,True,"{""max_width"": ""256"", ""min_width"": ""0"", ""num_rows"": ""32768"", ""workload"": ""normal""}"
experiment-3,pr-workload,Device=0 min_width=0 max_width=32 num_rows=262144 workload=normal,False,False,3,0.9828464685192396,0.9683000862298079,0.9977602808297342,True,"{""max_width"": ""32"", ""min_width"": ""0"", ""num_rows"": ""262144"", ""workload"": ""normal""}"
experiment-3,pr-workload,Device=0 min_width=0 max_width=64 num_rows=262144 workload=normal,False,False,3,0.9838004085726066,0.9632690906619907,1.0037062017212057,True,"{""max_width"": ""64"", ""min_width"": ""0"", ""num_rows"": ""262144"", ""workload"": ""normal""}"
experiment-3,pr-workload,Device=0 min_width=0 max_width=128 num_rows=262144 workload=normal,False,False,3,0.9880606305158847,0.9760805235035572,1.0017790413909893,True,"{""max_width"": ""128"", ""min_width"": ""0"", ""num_rows"": ""262144"", ""workload"": ""normal""}"
experiment-3,pr-workload,Device=0 min_width=0 max_width=256 num_rows=262144 workload=normal,False,False,3,0.9913376961299665,0.9740785381113501,1.0109929112324392,True,"{""max_width"": ""256"", ""min_width"": ""0"", ""num_rows"": ""262144"", ""workload"": ""normal""}"
experiment-3,pr-workload,Device=0 min_width=0 max_width=32 num_rows=2097152 workload=normal,False,False,3,0.9764819618312551,0.9674150248782057,0.9920176135954851,True,"{""max_width"": ""32"", ""min_width"": ""0"", ""num_rows"": ""2097152"", ""workload"": ""normal""}"
experiment-3,pr-workload,Device=0 min_width=0 max_width=64 num_rows=2097152 workload=normal,False,False,3,0.9802121534230536,0.962477065551378,1.0006466274535626,True,"{""max_width"": ""64"", ""min_width"": ""0"", ""num_rows"": ""2097152"", ""workload"": ""normal""}"
experiment-3,pr-workload,Device=0 min_width=0 max_width=128 num_rows=2097152 workload=normal,False,False,3,0.9903068081197938,0.9836831883010503,1.0029550144342714,True,"{""max_width"": ""128"", ""min_width"": ""0"", ""num_rows"": ""2097152"", ""workload"": ""normal""}"
experiment-3,pr-workload,Device=0 min_width=0 max_width=256 num_rows=2097152 workload=normal,False,False,3,0.9955389703771836,0.9625563699501891,1.0229952431298248,True,"{""max_width"": ""256"", ""min_width"": ""0"", ""num_rows"": ""2097152"", ""workload"": ""normal""}"
experiment-3,pr-workload,Device=0 min_width=0 max_width=32 num_rows=32768 workload=duplicates,False,False,3,0.9986330539565814,0.9783224298101163,1.0133182069500293,True,"{""max_width"": ""32"", ""min_width"": ""0"", ""num_rows"": ""32768"", ""workload"": ""duplicates""}"
experiment-3,pr-workload,Device=0 min_width=0 max_width=64 num_rows=32768 workload=duplicates,False,False,3,1.0009208786916872,0.9785834237027574,1.0174752870595902,True,"{""max_width"": ""64"", ""min_width"": ""0"", ""num_rows"": ""32768"", ""workload"": ""duplicates""}"
experiment-3,pr-workload,Device=0 min_width=0 max_width=128 num_rows=32768 workload=duplicates,False,False,3,0.9957063287843669,0.9933461475278262,0.9982592862388442,True,"{""max_width"": ""128"", ""min_width"": ""0"", ""num_rows"": ""32768"", ""workload"": ""duplicates""}"
experiment-3,pr-workload,Device=0 min_width=0 max_width=256 num_rows=32768 workload=duplicates,False,False,3,0.9990705178574495,0.9818447299976247,1.0135309272297701,True,"{""max_width"": ""256"", ""min_width"": ""0"", ""num_rows"": ""32768"", ""workload"": ""duplicates""}"
experiment-3,pr-workload,Device=0 min_width=0 max_width=32 num_rows=262144 workload=duplicates,False,False,3,0.9999740427717202,0.9765803757659566,1.0155264636424024,True,"{""max_width"": ""32"", ""min_width"": ""0"", ""num_rows"": ""262144"", ""workload"": ""duplicates""}"
experiment-3,pr-workload,Device=0 min_width=0 max_width=64 num_rows=262144 workload=duplicates,False,False,3,0.9863023005172556,0.9674911074890209,1.015336141034023,True,"{""max_width"": ""64"", ""min_width"": ""0"", ""num_rows"": ""262144"", ""workload"": ""duplicates""}"
experiment-3,pr-workload,Device=0 min_width=0 max_width=128 num_rows=262144 workload=duplicates,False,False,3,0.9945812655052142,0.9661536749722075,1.021941452957564,True,"{""max_width"": ""128"", ""min_width"": ""0"", ""num_rows"": ""262144"", ""workload"": ""duplicates""}"
experiment-3,pr-workload,Device=0 min_width=0 max_width=256 num_rows=262144 workload=duplicates,False,False,3,0.9958836453233374,0.9858420879817514,1.006951678665365,True,"{""max_width"": ""256"", ""min_width"": ""0"", ""num_rows"": ""262144"", ""workload"": ""duplicates""}"
experiment-3,pr-workload,Device=0 min_width=0 max_width=32 num_rows=2097152 workload=duplicates,False,False,3,0.9887143998221971,0.966829659652597,1.0175118641320697,True,"{""max_width"": ""32"", ""min_width"": ""0"", ""num_rows"": ""2097152"", ""workload"": ""duplicates""}"
experiment-3,pr-workload,Device=0 min_width=0 max_width=64 num_rows=2097152 workload=duplicates,False,False,3,0.9955200462384377,0.9810637844890521,1.0079649786369385,True,"{""max_width"": ""64"", ""min_width"": ""0"", ""num_rows"": ""2097152"", ""workload"": ""duplicates""}"
experiment-3,pr-workload,Device=0 min_width=0 max_width=128 num_rows=2097152 workload=duplicates,False,False,3,0.9990693483259654,0.9920270116773671,1.0041993495704762,True,"{""max_width"": ""128"", ""min_width"": ""0"", ""num_rows"": ""2097152"", ""workload"": ""duplicates""}"
experiment-3,pr-workload,Device=0 min_width=0 max_width=256 num_rows=2097152 workload=duplicates,False,False,3,1.0049603605963318,0.981259742954383,1.021572621965079,True,"{""max_width"": ""256"", ""min_width"": ""0"", ""num_rows"": ""2097152"", ""workload"": ""duplicates""}"
experiment-3,pr-workload,Device=0 min_width=0 max_width=32 num_rows=32768 workload=shared_prefix,False,False,3,0.9896413602146222,0.980883808743819,1.0015088831758765,True,"{""max_width"": ""32"", ""min_width"": ""0"", ""num_rows"": ""32768"", ""workload"": ""shared_prefix""}"
experiment-3,pr-workload,Device=0 min_width=0 max_width=64 num_rows=32768 workload=shared_prefix,False,False,3,0.991917499101358,0.9889489126547172,0.9984085666244134,True,"{""max_width"": ""64"", ""min_width"": ""0"", ""num_rows"": ""32768"", ""workload"": ""shared_prefix""}"
experiment-3,pr-workload,Device=0 min_width=0 max_width=128 num_rows=32768 workload=shared_prefix,False,False,3,0.9927000404230802,0.9704383247363594,1.0075457407701274,True,"{""max_width"": ""128"", ""min_width"": ""0"", ""num_rows"": ""32768"", ""workload"": ""shared_prefix""}"
experiment-3,pr-workload,Device=0 min_width=0 max_width=256 num_rows=32768 workload=shared_prefix,False,False,3,0.9978480738024035,0.9913889550704612,1.0029786554646054,True,"{""max_width"": ""256"", ""min_width"": ""0"", ""num_rows"": ""32768"", ""workload"": ""shared_prefix""}"
experiment-3,pr-workload,Device=0 min_width=0 max_width=32 num_rows=262144 workload=shared_prefix,False,False,3,0.986482637839286,0.9775312532501103,0.9968349511475562,True,"{""max_width"": ""32"", ""min_width"": ""0"", ""num_rows"": ""262144"", ""workload"": ""shared_prefix""}"
experiment-3,pr-workload,Device=0 min_width=0 max_width=64 num_rows=262144 workload=shared_prefix,False,False,3,0.9983907336533052,0.982757426507111,1.0104562991220327,True,"{""max_width"": ""64"", ""min_width"": ""0"", ""num_rows"": ""262144"", ""workload"": ""shared_prefix""}"
experiment-3,pr-workload,Device=0 min_width=0 max_width=128 num_rows=262144 workload=shared_prefix,False,False,3,0.9971722584547839,0.989134074940328,1.0041472375774478,True,"{""max_width"": ""128"", ""min_width"": ""0"", ""num_rows"": ""262144"", ""workload"": ""shared_prefix""}"
experiment-3,pr-workload,Device=0 min_width=0 max_width=256 num_rows=262144 workload=shared_prefix,False,False,3,0.9986749584182929,0.9936790301588827,1.0019381333225095,True,"{""max_width"": ""256"", ""min_width"": ""0"", ""num_rows"": ""262144"", ""workload"": ""shared_prefix""}"
experiment-3,pr-workload,Device=0 min_width=0 max_width=32 num_rows=2097152 workload=shared_prefix,False,False,3,0.986858064030872,0.9786366449029992,0.9948318453390346,True,"{""max_width"": ""32"", ""min_width"": ""0"", ""num_rows"": ""2097152"", ""workload"": ""shared_prefix""}"
experiment-3,pr-workload,Device=0 min_width=0 max_width=64 num_rows=2097152 workload=shared_prefix,False,False,3,0.9945126039921127,0.9894365428648856,1.000299460891106,True,"{""max_width"": ""64"", ""min_width"": ""0"", ""num_rows"": ""2097152"", ""workload"": ""shared_prefix""}"
experiment-3,pr-workload,Device=0 min_width=0 max_width=128 num_rows=2097152 workload=shared_prefix,False,False,3,0.9981773549066801,0.9932774887519604,1.002118195688122,True,"{""max_width"": ""128"", ""min_width"": ""0"", ""num_rows"": ""2097152"", ""workload"": ""shared_prefix""}"
experiment-3,pr-workload,Device=0 min_width=0 max_width=256 num_rows=2097152 workload=shared_prefix,False,False,3,0.9990181476769553,0.9948592233324457,1.0019240603676447,True,"{""max_width"": ""256"", ""min_width"": ""0"", ""num_rows"": ""2097152"", ""workload"": ""shared_prefix""}"
experiment-3,pr-workload,Device=0 min_width=0 max_width=32 num_rows=32768 workload=variable,False,False,3,0.9902579961854355,0.9805900655737575,1.0031095844612656,True,"{""max_width"": ""32"", ""min_width"": ""0"", ""num_rows"": ""32768"", ""workload"": ""variable""}"
experiment-3,pr-workload,Device=0 min_width=0 max_width=64 num_rows=32768 workload=variable,False,False,3,0.9959902905225804,0.986036497875508,1.0074748853764381,True,"{""max_width"": ""64"", ""min_width"": ""0"", ""num_rows"": ""32768"", ""workload"": ""variable""}"
experiment-3,pr-workload,Device=0 min_width=0 max_width=128 num_rows=32768 workload=variable,False,False,3,1.0000731077410896,0.9851664070655755,1.0187986026821059,True,"{""max_width"": ""128"", ""min_width"": ""0"", ""num_rows"": ""32768"", ""workload"": ""variable""}"
experiment-3,pr-workload,Device=0 min_width=0 max_width=256 num_rows=32768 workload=variable,False,False,3,1.0030201391947906,0.9845133340962886,1.0247193732349473,True,"{""max_width"": ""256"", ""min_width"": ""0"", ""num_rows"": ""32768"", ""workload"": ""variable""}"
experiment-3,pr-workload,Device=0 min_width=0 max_width=32 num_rows=262144 workload=variable,False,False,3,0.9932274178841912,0.9743852679500822,1.016099806038533,True,"{""max_width"": ""32"", ""min_width"": ""0"", ""num_rows"": ""262144"", ""workload"": ""variable""}"
experiment-3,pr-workload,Device=0 min_width=0 max_width=64 num_rows=262144 workload=variable,False,False,3,0.9901557919894662,0.9632570334428435,1.023915985449004,True,"{""max_width"": ""64"", ""min_width"": ""0"", ""num_rows"": ""262144"", ""workload"": ""variable""}"
experiment-3,pr-workload,Device=0 min_width=0 max_width=128 num_rows=262144 workload=variable,False,False,3,0.9904334970965097,0.9760485621866503,1.0065486703656936,True,"{""max_width"": ""128"", ""min_width"": ""0"", ""num_rows"": ""262144"", ""workload"": ""variable""}"
experiment-3,pr-workload,Device=0 min_width=0 max_width=256 num_rows=262144 workload=variable,False,False,3,0.9968959260103953,0.9940296972550344,1.0030787547179643,True,"{""max_width"": ""256"", ""min_width"": ""0"", ""num_rows"": ""262144"", ""workload"": ""variable""}"
experiment-3,pr-workload,Device=0 min_width=0 max_width=32 num_rows=2097152 workload=variable,False,False,3,0.99079258110894,0.9808951224494958,1.0028941810890086,True,"{""max_width"": ""32"", ""min_width"": ""0"", ""num_rows"": ""2097152"", ""workload"": ""variable""}"
experiment-3,pr-workload,Device=0 min_width=0 max_width=64 num_rows=2097152 workload=variable,False,False,3,0.994038087660529,0.9686656172308418,1.0254759362522914,True,"{""max_width"": ""64"", ""min_width"": ""0"", ""num_rows"": ""2097152"", ""workload"": ""variable""}"
experiment-3,pr-workload,Device=0 min_width=0 max_width=128 num_rows=2097152 workload=variable,False,False,3,0.994627755789158,0.9782426232004406,1.013254763457132,True,"{""max_width"": ""128"", ""min_width"": ""0"", ""num_rows"": ""2097152"", ""workload"": ""variable""}"
experiment-3,pr-workload,Device=0 min_width=0 max_width=256 num_rows=2097152 workload=variable,False,False,3,0.9923273150318015,0.9816442440802828,1.0088437862809712,True,"{""max_width"": ""256"", ""min_width"": ""0"", ""num_rows"": ""2097152"", ""workload"": ""variable""}"
experiment-15,stable-warps-1,Device=0 num_rows=32768 shared_suffix=0 segment_profile=pairs,True,True,3,0.9934816907687751,0.9875854694776246,1.0024643356663387,True,"{""num_rows"": ""32768"", ""segment_profile"": ""pairs"", ""shared_suffix"": ""0""}"
experiment-15,stable-warps-1,Device=0 num_rows=2097152 shared_suffix=0 segment_profile=pairs,True,True,3,0.9791637251058742,0.9748096444095155,0.9897668222642372,True,"{""num_rows"": ""2097152"", ""segment_profile"": ""pairs"", ""shared_suffix"": ""0""}"
experiment-15,stable-warps-1,Device=0 num_rows=32768 shared_suffix=64 segment_profile=pairs,True,True,3,0.9837180266949881,0.9789571957506136,0.9887046172030559,True,"{""num_rows"": ""32768"", ""segment_profile"": ""pairs"", ""shared_suffix"": ""64""}"
experiment-15,stable-warps-1,Device=0 num_rows=2097152 shared_suffix=64 segment_profile=pairs,True,True,3,0.9505034989582589,0.9347541237114951,0.9608000691328508,True,"{""num_rows"": ""2097152"", ""segment_profile"": ""pairs"", ""shared_suffix"": ""64""}"
experiment-15,stable-warps-1,Device=0 num_rows=32768 shared_suffix=0 segment_profile=tiny4,True,True,3,0.9789305853949849,0.9456693312175705,1.0470717892170125,True,"{""num_rows"": ""32768"", ""segment_profile"": ""tiny4"", ""shared_suffix"": ""0""}"
experiment-15,stable-warps-1,Device=0 num_rows=2097152 shared_suffix=0 segment_profile=tiny4,True,True,3,0.9211338523313636,0.8819504578523047,0.946083540389592,True,"{""num_rows"": ""2097152"", ""segment_profile"": ""tiny4"", ""shared_suffix"": ""0""}"
experiment-15,stable-warps-1,Device=0 num_rows=32768 shared_suffix=64 segment_profile=tiny4,True,True,3,0.9363187349715485,0.9007697066768277,0.990298678851284,True,"{""num_rows"": ""32768"", ""segment_profile"": ""tiny4"", ""shared_suffix"": ""64""}"
experiment-15,stable-warps-1,Device=0 num_rows=2097152 shared_suffix=64 segment_profile=tiny4,True,True,3,0.8512598984273271,0.8431135740398119,0.8551156761137786,True,"{""num_rows"": ""2097152"", ""segment_profile"": ""tiny4"", ""shared_suffix"": ""64""}"
experiment-15,stable-warps-1,Device=0 num_rows=32768 shared_suffix=0 segment_profile=tiny8,True,True,3,0.9351517464442519,0.9056497207991486,0.96970139667568,True,"{""num_rows"": ""32768"", ""segment_profile"": ""tiny8"", ""shared_suffix"": ""0""}"
experiment-15,stable-warps-1,Device=0 num_rows=2097152 shared_suffix=0 segment_profile=tiny8,True,True,3,0.8161331823143447,0.8028061603010713,0.8249041129980268,True,"{""num_rows"": ""2097152"", ""segment_profile"": ""tiny8"", ""shared_suffix"": ""0""}"
experiment-15,stable-warps-1,Device=0 num_rows=32768 shared_suffix=64 segment_profile=tiny8,True,True,3,0.9095778603414915,0.8593028944527527,0.9608718957754521,True,"{""num_rows"": ""32768"", ""segment_profile"": ""tiny8"", ""shared_suffix"": ""64""}"
experiment-15,stable-warps-1,Device=0 num_rows=2097152 shared_suffix=64 segment_profile=tiny8,True,True,3,0.7537053488786277,0.7528123908734271,0.7541885369604124,True,"{""num_rows"": ""2097152"", ""segment_profile"": ""tiny8"", ""shared_suffix"": ""64""}"
experiment-15,stable-warps-1,Device=0 num_rows=32768 shared_suffix=0 segment_profile=tiny16,True,True,3,0.9283039460095424,0.9092773490266796,0.9443384332379521,True,"{""num_rows"": ""32768"", ""segment_profile"": ""tiny16"", ""shared_suffix"": ""0""}"
experiment-15,stable-warps-1,Device=0 num_rows=2097152 shared_suffix=0 segment_profile=tiny16,True,True,3,0.7507739263035154,0.7490539263006762,0.7535312271634379,True,"{""num_rows"": ""2097152"", ""segment_profile"": ""tiny16"", ""shared_suffix"": ""0""}"
experiment-15,stable-warps-1,Device=0 num_rows=32768 shared_suffix=64 segment_profile=tiny16,True,True,3,0.8748086250273438,0.8603316896345616,0.8905839389603396,True,"{""num_rows"": ""32768"", ""segment_profile"": ""tiny16"", ""shared_suffix"": ""64""}"
experiment-15,stable-warps-1,Device=0 num_rows=2097152 shared_suffix=64 segment_profile=tiny16,True,True,3,0.6781520705119846,0.6772730410684373,0.6785414718103813,True,"{""num_rows"": ""2097152"", ""segment_profile"": ""tiny16"", ""shared_suffix"": ""64""}"
experiment-15,stable-warps-1,Device=0 num_rows=32768 shared_suffix=0 segment_profile=tiny32,True,True,3,0.9197141867460195,0.859433533815845,1.0089451573616077,True,"{""num_rows"": ""32768"", ""segment_profile"": ""tiny32"", ""shared_suffix"": ""0""}"
experiment-15,stable-warps-1,Device=0 num_rows=2097152 shared_suffix=0 segment_profile=tiny32,True,True,3,0.7052897721180176,0.7042855587832115,0.7078720255883232,True,"{""num_rows"": ""2097152"", ""segment_profile"": ""tiny32"", ""shared_suffix"": ""0""}"
experiment-15,stable-warps-1,Device=0 num_rows=32768 shared_suffix=64 segment_profile=tiny32,True,True,3,0.8500509258986786,0.8430322758592186,0.8678537946687125,True,"{""num_rows"": ""32768"", ""segment_profile"": ""tiny32"", ""shared_suffix"": ""64""}"
experiment-15,stable-warps-1,Device=0 num_rows=2097152 shared_suffix=64 segment_profile=tiny32,True,True,3,0.6490776562767331,0.647789358218902,0.6496082961261836,True,"{""num_rows"": ""2097152"", ""segment_profile"": ""tiny32"", ""shared_suffix"": ""64""}"
experiment-15,constant,Device=0 num_rows=262144 prefix_width=32 suffix_width=0 prefix_cardinality=1,False,False,3,0.46246719086757965,0.4488200100466137,0.4683840350119823,True,"{""num_rows"": ""262144"", ""prefix_cardinality"": ""1"", ""prefix_width"": ""32"", ""suffix_width"": ""0""}"
experiment-15,constant,Device=0 num_rows=2097152 prefix_width=32 suffix_width=0 prefix_cardinality=1,False,False,3,0.26894426066202265,0.26841580073254256,0.26928877673268703,True,"{""num_rows"": ""2097152"", ""prefix_cardinality"": ""1"", ""prefix_width"": ""32"", ""suffix_width"": ""0""}"
experiment-15,pr-zero-collisions,Device=0 num_rows=32768 profile=zero_collision_pass1,False,False,3,0.953789171058264,0.9315191949276598,0.9901645897910798,True,"{""num_rows"": ""32768"", ""profile"": ""zero_collision_pass1""}"
experiment-15,pr-zero-collisions,Device=0 num_rows=32768 profile=zero_collision_pass2,False,False,3,0.9521784549820194,0.9277276272267345,0.9931861751667409,True,"{""num_rows"": ""32768"", ""profile"": ""zero_collision_pass2""}"
experiment-7,pr-workload,Device=0 min_width=0 max_width=32 num_rows=32768 workload=normal,False,False,3,0.9959109525083789,0.9880081189247266,1.009477442238584,True,"{""max_width"": ""32"", ""min_width"": ""0"", ""num_rows"": ""32768"", ""workload"": ""normal""}"
experiment-7,pr-workload,Device=0 min_width=0 max_width=64 num_rows=32768 workload=normal,False,False,3,0.9959334552328272,0.9819373038015105,1.0138446707769702,True,"{""max_width"": ""64"", ""min_width"": ""0"", ""num_rows"": ""32768"", ""workload"": ""normal""}"
experiment-7,pr-workload,Device=0 min_width=0 max_width=128 num_rows=32768 workload=normal,False,False,3,1.0031091042959086,0.9898659882228159,1.0086457742832147,True,"{""max_width"": ""128"", ""min_width"": ""0"", ""num_rows"": ""32768"", ""workload"": ""normal""}"
experiment-7,pr-workload,Device=0 min_width=0 max_width=256 num_rows=32768 workload=normal,False,False,3,0.9912145751822068,0.9846798311541751,1.0087654020801837,True,"{""max_width"": ""256"", ""min_width"": ""0"", ""num_rows"": ""32768"", ""workload"": ""normal""}"
experiment-7,pr-workload,Device=0 min_width=0 max_width=32 num_rows=262144 workload=normal,False,False,3,0.9833075482337003,0.9803602524479144,0.985074174329261,True,"{""max_width"": ""32"", ""min_width"": ""0"", ""num_rows"": ""262144"", ""workload"": ""normal""}"
experiment-7,pr-workload,Device=0 min_width=0 max_width=64 num_rows=262144 workload=normal,False,False,3,0.9824962313885908,0.9569104248135895,1.005392040563345,True,"{""max_width"": ""64"", ""min_width"": ""0"", ""num_rows"": ""262144"", ""workload"": ""normal""}"
experiment-7,pr-workload,Device=0 min_width=0 max_width=128 num_rows=262144 workload=normal,False,False,3,0.9936575473459041,0.978383381878414,1.0111583501408046,True,"{""max_width"": ""128"", ""min_width"": ""0"", ""num_rows"": ""262144"", ""workload"": ""normal""}"
experiment-7,pr-workload,Device=0 min_width=0 max_width=256 num_rows=262144 workload=normal,False,False,3,0.9900143668989231,0.9793608211561263,1.0043292432666506,True,"{""max_width"": ""256"", ""min_width"": ""0"", ""num_rows"": ""262144"", ""workload"": ""normal""}"
experiment-7,pr-workload,Device=0 min_width=0 max_width=32 num_rows=2097152 workload=normal,False,False,3,0.9829654488371169,0.9735269962272812,0.9906610984485753,True,"{""max_width"": ""32"", ""min_width"": ""0"", ""num_rows"": ""2097152"", ""workload"": ""normal""}"
experiment-7,pr-workload,Device=0 min_width=0 max_width=64 num_rows=2097152 workload=normal,False,False,3,0.9867477232105727,0.972375225683528,1.0014934603138768,True,"{""max_width"": ""64"", ""min_width"": ""0"", ""num_rows"": ""2097152"", ""workload"": ""normal""}"
experiment-7,pr-workload,Device=0 min_width=0 max_width=128 num_rows=2097152 workload=normal,False,False,3,0.9948558232945903,0.9901100352946376,1.0023484716570892,True,"{""max_width"": ""128"", ""min_width"": ""0"", ""num_rows"": ""2097152"", ""workload"": ""normal""}"
experiment-7,pr-workload,Device=0 min_width=0 max_width=256 num_rows=2097152 workload=normal,False,False,3,0.9939413770116782,0.9624546253584171,1.0246079757650755,True,"{""max_width"": ""256"", ""min_width"": ""0"", ""num_rows"": ""2097152"", ""workload"": ""normal""}"
experiment-7,pr-workload,Device=0 min_width=0 max_width=32 num_rows=32768 workload=duplicates,False,False,3,0.9914618590259886,0.9516144443827514,1.0275584756773242,True,"{""max_width"": ""32"", ""min_width"": ""0"", ""num_rows"": ""32768"", ""workload"": ""duplicates""}"
experiment-7,pr-workload,Device=0 min_width=0 max_width=64 num_rows=32768 workload=duplicates,False,False,3,1.0002070710900113,0.9814742850060156,1.0165414892195548,True,"{""max_width"": ""64"", ""min_width"": ""0"", ""num_rows"": ""32768"", ""workload"": ""duplicates""}"
experiment-7,pr-workload,Device=0 min_width=0 max_width=128 num_rows=32768 workload=duplicates,False,False,3,0.9947294802553555,0.981459360860723,1.0096544988871536,True,"{""max_width"": ""128"", ""min_width"": ""0"", ""num_rows"": ""32768"", ""workload"": ""duplicates""}"
experiment-7,pr-workload,Device=0 min_width=0 max_width=256 num_rows=32768 workload=duplicates,False,False,3,0.9977815580199748,0.9959913935675545,1.0001640972377972,True,"{""max_width"": ""256"", ""min_width"": ""0"", ""num_rows"": ""32768"", ""workload"": ""duplicates""}"
experiment-7,pr-workload,Device=0 min_width=0 max_width=32 num_rows=262144 workload=duplicates,False,False,3,0.9929839717532615,0.973109623203893,1.0010060144114052,True,"{""max_width"": ""32"", ""min_width"": ""0"", ""num_rows"": ""262144"", ""workload"": ""duplicates""}"
experiment-7,pr-workload,Device=0 min_width=0 max_width=64 num_rows=262144 workload=duplicates,False,False,3,0.9842424208765711,0.9522750592870756,1.0236602840826456,True,"{""max_width"": ""64"", ""min_width"": ""0"", ""num_rows"": ""262144"", ""workload"": ""duplicates""}"
experiment-7,pr-workload,Device=0 min_width=0 max_width=128 num_rows=262144 workload=duplicates,False,False,3,0.9864722134182846,0.9724817859151904,0.9995972542782711,True,"{""max_width"": ""128"", ""min_width"": ""0"", ""num_rows"": ""262144"", ""workload"": ""duplicates""}"
experiment-7,pr-workload,Device=0 min_width=0 max_width=256 num_rows=262144 workload=duplicates,False,False,3,0.9938153492367826,0.988005015217168,0.9987743849987001,True,"{""max_width"": ""256"", ""min_width"": ""0"", ""num_rows"": ""262144"", ""workload"": ""duplicates""}"
experiment-7,pr-workload,Device=0 min_width=0 max_width=32 num_rows=2097152 workload=duplicates,False,False,3,0.6914307679824832,0.6824409842709133,0.7049617237281252,True,"{""max_width"": ""32"", ""min_width"": ""0"", ""num_rows"": ""2097152"", ""workload"": ""duplicates""}"
experiment-7,pr-workload,Device=0 min_width=0 max_width=64 num_rows=2097152 workload=duplicates,False,False,3,0.6573619007280468,0.645061515197004,0.6705083392492847,True,"{""max_width"": ""64"", ""min_width"": ""0"", ""num_rows"": ""2097152"", ""workload"": ""duplicates""}"
experiment-7,pr-workload,Device=0 min_width=0 max_width=128 num_rows=2097152 workload=duplicates,False,False,3,0.6045759681532528,0.5978906684879239,0.6091477164793275,True,"{""max_width"": ""128"", ""min_width"": ""0"", ""num_rows"": ""2097152"", ""workload"": ""duplicates""}"
experiment-7,pr-workload,Device=0 min_width=0 max_width=256 num_rows=2097152 workload=duplicates,False,False,3,0.5734970743505536,0.5664909008776451,0.5772025445720319,True,"{""max_width"": ""256"", ""min_width"": ""0"", ""num_rows"": ""2097152"", ""workload"": ""duplicates""}"
experiment-7,pr-workload,Device=0 min_width=0 max_width=32 num_rows=32768 workload=shared_prefix,False,False,3,0.9826444002010869,0.9730278483953925,0.9998236479567634,True,"{""max_width"": ""32"", ""min_width"": ""0"", ""num_rows"": ""32768"", ""workload"": ""shared_prefix""}"
experiment-7,pr-workload,Device=0 min_width=0 max_width=64 num_rows=32768 workload=shared_prefix,False,False,3,0.9886919305619385,0.9838145638630285,0.9949842116697676,True,"{""max_width"": ""64"", ""min_width"": ""0"", ""num_rows"": ""32768"", ""workload"": ""shared_prefix""}"
experiment-7,pr-workload,Device=0 min_width=0 max_width=128 num_rows=32768 workload=shared_prefix,False,False,3,0.9926821798977853,0.9592685124844934,1.0206465786789995,True,"{""max_width"": ""128"", ""min_width"": ""0"", ""num_rows"": ""32768"", ""workload"": ""shared_prefix""}"
experiment-7,pr-workload,Device=0 min_width=0 max_width=256 num_rows=32768 workload=shared_prefix,False,False,3,0.9975431014082435,0.9958026822411702,0.9989266174685074,True,"{""max_width"": ""256"", ""min_width"": ""0"", ""num_rows"": ""32768"", ""workload"": ""shared_prefix""}"
experiment-7,pr-workload,Device=0 min_width=0 max_width=32 num_rows=262144 workload=shared_prefix,False,False,3,0.7261733500584355,0.7202634658607998,0.7353162952022758,True,"{""max_width"": ""32"", ""min_width"": ""0"", ""num_rows"": ""262144"", ""workload"": ""shared_prefix""}"
experiment-7,pr-workload,Device=0 min_width=0 max_width=64 num_rows=262144 workload=shared_prefix,False,False,3,0.44702788385371467,0.44231486566094075,0.4541779237764506,True,"{""max_width"": ""64"", ""min_width"": ""0"", ""num_rows"": ""262144"", ""workload"": ""shared_prefix""}"
experiment-7,pr-workload,Device=0 min_width=0 max_width=128 num_rows=262144 workload=shared_prefix,False,False,3,0.23246493870236293,0.23034392520640418,0.2355277033816205,True,"{""max_width"": ""128"", ""min_width"": ""0"", ""num_rows"": ""262144"", ""workload"": ""shared_prefix""}"
experiment-7,pr-workload,Device=0 min_width=0 max_width=256 num_rows=262144 workload=shared_prefix,False,False,3,0.08898750568801231,0.08790756955870842,0.09023659718392922,True,"{""max_width"": ""256"", ""min_width"": ""0"", ""num_rows"": ""262144"", ""workload"": ""shared_prefix""}"
experiment-7,pr-workload,Device=0 min_width=0 max_width=32 num_rows=2097152 workload=shared_prefix,False,False,3,0.6768147057438981,0.6729830726253603,0.6809727920068062,True,"{""max_width"": ""32"", ""min_width"": ""0"", ""num_rows"": ""2097152"", ""workload"": ""shared_prefix""}"
experiment-7,pr-workload,Device=0 min_width=0 max_width=64 num_rows=2097152 workload=shared_prefix,False,False,3,0.3965394516411616,0.3955697785575419,0.397804991228656,True,"{""max_width"": ""64"", ""min_width"": ""0"", ""num_rows"": ""2097152"", ""workload"": ""shared_prefix""}"
experiment-7,pr-workload,Device=0 min_width=0 max_width=128 num_rows=2097152 workload=shared_prefix,False,False,3,0.20725516187619814,0.20660006761139216,0.20807495943529286,True,"{""max_width"": ""128"", ""min_width"": ""0"", ""num_rows"": ""2097152"", ""workload"": ""shared_prefix""}"
experiment-7,pr-workload,Device=0 min_width=0 max_width=256 num_rows=2097152 workload=shared_prefix,False,False,3,0.10311671134917459,0.1029631807835453,0.10331718349269783,True,"{""max_width"": ""256"", ""min_width"": ""0"", ""num_rows"": ""2097152"", ""workload"": ""shared_prefix""}"
experiment-7,pr-workload,Device=0 min_width=0 max_width=32 num_rows=32768 workload=variable,False,False,3,0.985278371881821,0.9772593649446302,0.9972814577047894,True,"{""max_width"": ""32"", ""min_width"": ""0"", ""num_rows"": ""32768"", ""workload"": ""variable""}"
experiment-7,pr-workload,Device=0 min_width=0 max_width=64 num_rows=32768 workload=variable,False,False,3,0.9893810522240997,0.9680202519575462,1.0090185954137463,True,"{""max_width"": ""64"", ""min_width"": ""0"", ""num_rows"": ""32768"", ""workload"": ""variable""}"
experiment-7,pr-workload,Device=0 min_width=0 max_width=128 num_rows=32768 workload=variable,False,False,3,1.005254884336736,0.9579060647994988,1.0514678732660487,True,"{""max_width"": ""128"", ""min_width"": ""0"", ""num_rows"": ""32768"", ""workload"": ""variable""}"
experiment-7,pr-workload,Device=0 min_width=0 max_width=256 num_rows=32768 workload=variable,False,False,3,0.9639120609203583,0.9160123967016813,1.0397104525140695,True,"{""max_width"": ""256"", ""min_width"": ""0"", ""num_rows"": ""32768"", ""workload"": ""variable""}"
experiment-7,pr-workload,Device=0 min_width=0 max_width=32 num_rows=262144 workload=variable,False,False,3,0.9871100738293818,0.9756050566551016,1.0035682213896737,True,"{""max_width"": ""32"", ""min_width"": ""0"", ""num_rows"": ""262144"", ""workload"": ""variable""}"
experiment-7,pr-workload,Device=0 min_width=0 max_width=64 num_rows=262144 workload=variable,False,False,3,0.9771628940494267,0.9598790784686142,1.0071702050864535,True,"{""max_width"": ""64"", ""min_width"": ""0"", ""num_rows"": ""262144"", ""workload"": ""variable""}"
experiment-7,pr-workload,Device=0 min_width=0 max_width=128 num_rows=262144 workload=variable,False,False,3,0.9815340034650338,0.9589225362774662,1.008342406607513,True,"{""max_width"": ""128"", ""min_width"": ""0"", ""num_rows"": ""262144"", ""workload"": ""variable""}"
experiment-7,pr-workload,Device=0 min_width=0 max_width=256 num_rows=262144 workload=variable,False,False,3,0.9884097466135849,0.9688183048484176,1.019858062005535,True,"{""max_width"": ""256"", ""min_width"": ""0"", ""num_rows"": ""262144"", ""workload"": ""variable""}"
experiment-7,pr-workload,Device=0 min_width=0 max_width=32 num_rows=2097152 workload=variable,False,False,3,0.9711176841542315,0.9657196264597198,0.9784406484580996,True,"{""max_width"": ""32"", ""min_width"": ""0"", ""num_rows"": ""2097152"", ""workload"": ""variable""}"
experiment-7,pr-workload,Device=0 min_width=0 max_width=64 num_rows=2097152 workload=variable,False,False,3,0.9838764204188873,0.9649623019165926,1.0156288171113694,True,"{""max_width"": ""64"", ""min_width"": ""0"", ""num_rows"": ""2097152"", ""workload"": ""variable""}"
experiment-7,pr-workload,Device=0 min_width=0 max_width=128 num_rows=2097152 workload=variable,False,False,3,0.9861698982157742,0.9813862217907202,0.9937132743177814,True,"{""max_width"": ""128"", ""min_width"": ""0"", ""num_rows"": ""2097152"", ""workload"": ""variable""}"
experiment-7,pr-workload,Device=0 min_width=0 max_width=256 num_rows=2097152 workload=variable,False,False,3,0.9908545844404147,0.9718233288613055,1.0126804666966132,True,"{""max_width"": ""256"", ""min_width"": ""0"", ""num_rows"": ""2097152"", ""workload"": ""variable""}"
experiment-3,end-to-end,Device=0 min_width=0 max_width=32 num_rows=262144 workload=normal,False,False,3,0.9857542267753895,0.9582268495410322,1.0058187061328632,True,"{""max_width"": ""32"", ""min_width"": ""0"", ""num_rows"": ""262144"", ""workload"": ""normal""}"
experiment-3,end-to-end,Device=0 min_width=0 max_width=256 num_rows=262144 workload=normal,False,False,3,0.9980371140237566,0.9951114547461364,0.9991425610036998,True,"{""max_width"": ""256"", ""min_width"": ""0"", ""num_rows"": ""262144"", ""workload"": ""normal""}"
experiment-3,end-to-end,Device=0 min_width=0 max_width=32 num_rows=2097152 workload=normal,False,False,3,0.9888966634386073,0.962388575694752,1.0083310900303566,True,"{""max_width"": ""32"", ""min_width"": ""0"", ""num_rows"": ""2097152"", ""workload"": ""normal""}"
experiment-3,end-to-end,Device=0 min_width=0 max_width=256 num_rows=2097152 workload=normal,False,False,3,1.0001206434527834,0.9812316304810222,1.014600794170106,True,"{""max_width"": ""256"", ""min_width"": ""0"", ""num_rows"": ""2097152"", ""workload"": ""normal""}"
experiment-3,end-to-end,Device=0 min_width=0 max_width=32 num_rows=262144 workload=duplicates,False,False,3,0.9911817209617928,0.9588561005560162,1.0199312009588475,True,"{""max_width"": ""32"", ""min_width"": ""0"", ""num_rows"": ""262144"", ""workload"": ""duplicates""}"
experiment-3,end-to-end,Device=0 min_width=0 max_width=256 num_rows=262144 workload=duplicates,False,False,3,0.9930796350354372,0.9810490979765187,1.002977595001475,True,"{""max_width"": ""256"", ""min_width"": ""0"", ""num_rows"": ""262144"", ""workload"": ""duplicates""}"
experiment-3,end-to-end,Device=0 min_width=0 max_width=32 num_rows=2097152 workload=duplicates,False,False,3,0.9950197929760437,0.9811366545322479,1.005320183070852,True,"{""max_width"": ""32"", ""min_width"": ""0"", ""num_rows"": ""2097152"", ""workload"": ""duplicates""}"
experiment-3,end-to-end,Device=0 min_width=0 max_width=256 num_rows=2097152 workload=duplicates,False,False,3,0.9939086943722061,0.9896213282301244,0.998416153558242,True,"{""max_width"": ""256"", ""min_width"": ""0"", ""num_rows"": ""2097152"", ""workload"": ""duplicates""}"
experiment-3,end-to-end,Device=0 min_width=0 max_width=32 num_rows=262144 workload=shared_prefix,False,False,3,0.9891446808718695,0.9724524100488166,1.0029289914367485,True,"{""max_width"": ""32"", ""min_width"": ""0"", ""num_rows"": ""262144"", ""workload"": ""shared_prefix""}"
experiment-3,end-to-end,Device=0 min_width=0 max_width=256 num_rows=262144 workload=shared_prefix,False,False,3,0.9983837012398222,0.9956003756546663,1.0021335468503751,True,"{""max_width"": ""256"", ""min_width"": ""0"", ""num_rows"": ""262144"", ""workload"": ""shared_prefix""}"
experiment-3,end-to-end,Device=0 min_width=0 max_width=32 num_rows=2097152 workload=shared_prefix,False,False,3,0.9887639675413359,0.9867025091373648,0.9901458457026813,True,"{""max_width"": ""32"", ""min_width"": ""0"", ""num_rows"": ""2097152"", ""workload"": ""shared_prefix""}"
experiment-3,end-to-end,Device=0 min_width=0 max_width=256 num_rows=2097152 workload=shared_prefix,False,False,3,0.999839285227052,0.9983605608420082,1.0007576984929716,True,"{""max_width"": ""256"", ""min_width"": ""0"", ""num_rows"": ""2097152"", ""workload"": ""shared_prefix""}"
experiment-3,end-to-end,Device=0 min_width=0 max_width=32 num_rows=262144 workload=variable,False,False,3,0.9907099047122434,0.9716545856958806,1.0257725014974775,True,"{""max_width"": ""32"", ""min_width"": ""0"", ""num_rows"": ""262144"", ""workload"": ""variable""}"
experiment-3,end-to-end,Device=0 min_width=0 max_width=256 num_rows=262144 workload=variable,False,False,3,0.9937256572894668,0.9844228091503785,0.9999128989350015,True,"{""max_width"": ""256"", ""min_width"": ""0"", ""num_rows"": ""262144"", ""workload"": ""variable""}"
experiment-3,end-to-end,Device=0 min_width=0 max_width=32 num_rows=2097152 workload=variable,False,False,3,0.9942707276081898,0.9838740623810113,1.0034225444046225,True,"{""max_width"": ""32"", ""min_width"": ""0"", ""num_rows"": ""2097152"", ""workload"": ""variable""}"
experiment-3,end-to-end,Device=0 min_width=0 max_width=256 num_rows=2097152 workload=variable,False,False,3,0.9950266742180129,0.9816735708032072,1.0010943074277334,True,"{""max_width"": ""256"", ""min_width"": ""0"", ""num_rows"": ""2097152"", ""workload"": ""variable""}"
experiment-3,target,Device=0 num_rows=262144 max_width=32 cardinality=1,False,False,3,1.007257877436199,0.8652901892944208,1.2972523655860606,True,"{""cardinality"": ""1"", ""max_width"": ""32"", ""num_rows"": ""262144""}"
experiment-3,target,Device=0 num_rows=2097152 max_width=32 cardinality=1,False,False,3,0.97519154323588,0.8238673233136599,1.1540941851708564,True,"{""cardinality"": ""1"", ""max_width"": ""32"", ""num_rows"": ""2097152""}"
experiment-3,target,Device=0 num_rows=262144 max_width=128 cardinality=1,False,False,3,0.9862690719264381,0.976840686178727,0.9978961411750782,True,"{""cardinality"": ""1"", ""max_width"": ""128"", ""num_rows"": ""262144""}"
experiment-3,target,Device=0 num_rows=2097152 max_width=128 cardinality=1,False,False,3,0.9944676810901051,0.9909637426626623,0.998970641235541,True,"{""cardinality"": ""1"", ""max_width"": ""128"", ""num_rows"": ""2097152""}"
experiment-3,target,Device=0 num_rows=262144 max_width=32 cardinality=64,False,False,3,0.9888327876751741,0.9607562026536579,1.0133584594709313,True,"{""cardinality"": ""64"", ""max_width"": ""32"", ""num_rows"": ""262144""}"
experiment-3,target,Device=0 num_rows=2097152 max_width=32 cardinality=64,False,False,3,0.988864740400248,0.9848567640367202,0.9998428934713542,True,"{""cardinality"": ""64"", ""max_width"": ""32"", ""num_rows"": ""2097152""}"
experiment-3,target,Device=0 num_rows=262144 max_width=128 cardinality=64,False,False,3,0.9906923458063961,0.9656869406650553,1.016654772273241,True,"{""cardinality"": ""64"", ""max_width"": ""128"", ""num_rows"": ""262144""}"
experiment-3,target,Device=0 num_rows=2097152 max_width=128 cardinality=64,False,False,3,1.0014747548294485,0.9738150029422249,1.0262470437357036,True,"{""cardinality"": ""64"", ""max_width"": ""128"", ""num_rows"": ""2097152""}"
experiment-3,target,Device=0 num_rows=262144 max_width=32 cardinality=0,False,False,3,0.9860219086061993,0.6263684399626007,2.008064998754912,True,"{""cardinality"": ""0"", ""max_width"": ""32"", ""num_rows"": ""262144""}"
experiment-3,target,Device=0 num_rows=2097152 max_width=32 cardinality=0,False,False,3,0.814431614722308,0.7874713151552957,0.8507402967592264,True,"{""cardinality"": ""0"", ""max_width"": ""32"", ""num_rows"": ""2097152""}"
experiment-3,target,Device=0 num_rows=262144 max_width=128 cardinality=0,False,False,3,0.9710109750111304,0.9008350373190038,1.0854648620176996,True,"{""cardinality"": ""0"", ""max_width"": ""128"", ""num_rows"": ""262144""}"
experiment-3,target,Device=0 num_rows=2097152 max_width=128 cardinality=0,False,False,3,0.982439816115741,0.9684780865056073,1.0001173972629949,True,"{""cardinality"": ""0"", ""max_width"": ""128"", ""num_rows"": ""2097152""}"
experiment-3,target,Device=0 num_rows=262144 prefix_width=4 suffix_width=32 prefix_cardinality=1,False,False,3,0.9686095080852092,0.9304115823852306,1.0069779523769906,True,"{""num_rows"": ""262144"", ""prefix_cardinality"": ""1"", ""prefix_width"": ""4"", ""suffix_width"": ""32""}"
experiment-3,target,Device=0 num_rows=2097152 prefix_width=4 suffix_width=32 prefix_cardinality=1,False,False,3,0.9781416956914827,0.9662561603904697,0.99390149176694,True,"{""num_rows"": ""2097152"", ""prefix_cardinality"": ""1"", ""prefix_width"": ""4"", ""suffix_width"": ""32""}"
experiment-3,target,Device=0 num_rows=262144 prefix_width=8 suffix_width=32 prefix_cardinality=1,False,False,3,0.9760359247130033,0.9638793753018072,0.9848972273717255,True,"{""num_rows"": ""262144"", ""prefix_cardinality"": ""1"", ""prefix_width"": ""8"", ""suffix_width"": ""32""}"
experiment-3,target,Device=0 num_rows=2097152 prefix_width=8 suffix_width=32 prefix_cardinality=1,False,False,3,0.977968916964291,0.9757292872739284,0.9801642400502119,True,"{""num_rows"": ""2097152"", ""prefix_cardinality"": ""1"", ""prefix_width"": ""8"", ""suffix_width"": ""32""}"
experiment-3,target,Device=0 num_rows=262144 prefix_width=10 suffix_width=32 prefix_cardinality=1,False,False,3,0.978295193934936,0.9772886953585224,0.9793447288794027,True,"{""num_rows"": ""262144"", ""prefix_cardinality"": ""1"", ""prefix_width"": ""10"", ""suffix_width"": ""32""}"
experiment-3,target,Device=0 num_rows=2097152 prefix_width=10 suffix_width=32 prefix_cardinality=1,False,False,3,0.9820380934543107,0.9765705631642516,0.9857693500051412,True,"{""num_rows"": ""2097152"", ""prefix_cardinality"": ""1"", ""prefix_width"": ""10"", ""suffix_width"": ""32""}"
experiment-3,target,Device=0 num_rows=262144 prefix_width=11 suffix_width=32 prefix_cardinality=1,False,False,3,0.9806577631984148,0.9725717180259269,0.9892506841554047,True,"{""num_rows"": ""262144"", ""prefix_cardinality"": ""1"", ""prefix_width"": ""11"", ""suffix_width"": ""32""}"
experiment-3,target,Device=0 num_rows=2097152 prefix_width=11 suffix_width=32 prefix_cardinality=1,False,False,3,0.9809380363857335,0.9798475297933603,0.9820794892309682,True,"{""num_rows"": ""2097152"", ""prefix_cardinality"": ""1"", ""prefix_width"": ""11"", ""suffix_width"": ""32""}"
experiment-3,target,Device=0 num_rows=262144 prefix_width=12 suffix_width=32 prefix_cardinality=1,False,False,3,0.9819411658909252,0.9775148284834132,0.9886919271930095,True,"{""num_rows"": ""262144"", ""prefix_cardinality"": ""1"", ""prefix_width"": ""12"", ""suffix_width"": ""32""}"
experiment-3,target,Device=0 num_rows=2097152 prefix_width=12 suffix_width=32 prefix_cardinality=1,False,False,3,0.9817068821317685,0.9797887889241348,0.9839499513873916,True,"{""num_rows"": ""2097152"", ""prefix_cardinality"": ""1"", ""prefix_width"": ""12"", ""suffix_width"": ""32""}"
experiment-3,target,Device=0 num_rows=262144 prefix_width=64 suffix_width=32 prefix_cardinality=1,False,False,3,0.9907562868811838,0.9837431086659459,0.9979132944918133,True,"{""num_rows"": ""262144"", ""prefix_cardinality"": ""1"", ""prefix_width"": ""64"", ""suffix_width"": ""32""}"
experiment-3,target,Device=0 num_rows=2097152 prefix_width=64 suffix_width=32 prefix_cardinality=1,False,False,3,0.9963724389005025,0.9913193202442196,1.000135208003291,True,"{""num_rows"": ""2097152"", ""prefix_cardinality"": ""1"", ""prefix_width"": ""64"", ""suffix_width"": ""32""}"
experiment-3,target,Device=0 num_rows=262144 prefix_width=4 suffix_width=32 prefix_cardinality=64,False,False,3,0.9621892723543118,0.9496576569174929,0.9819084561209696,True,"{""num_rows"": ""262144"", ""prefix_cardinality"": ""64"", ""prefix_width"": ""4"", ""suffix_width"": ""32""}"
experiment-3,target,Device=0 num_rows=2097152 prefix_width=4 suffix_width=32 prefix_cardinality=64,False,False,3,0.9875439871158528,0.9736370344120004,0.9995824352005083,True,"{""num_rows"": ""2097152"", ""prefix_cardinality"": ""64"", ""prefix_width"": ""4"", ""suffix_width"": ""32""}"
experiment-3,target,Device=0 num_rows=262144 prefix_width=8 suffix_width=32 prefix_cardinality=64,False,False,3,0.9738967605168172,0.955715863010355,0.9905957474853461,True,"{""num_rows"": ""262144"", ""prefix_cardinality"": ""64"", ""prefix_width"": ""8"", ""suffix_width"": ""32""}"
experiment-3,target,Device=0 num_rows=2097152 prefix_width=8 suffix_width=32 prefix_cardinality=64,False,False,3,0.9928461952831579,0.9890745483358971,0.9954791103518138,True,"{""num_rows"": ""2097152"", ""prefix_cardinality"": ""64"", ""prefix_width"": ""8"", ""suffix_width"": ""32""}"
experiment-3,target,Device=0 num_rows=262144 prefix_width=10 suffix_width=32 prefix_cardinality=64,False,False,3,0.9716829601042793,0.9673598061156877,0.9815772747671151,True,"{""num_rows"": ""262144"", ""prefix_cardinality"": ""64"", ""prefix_width"": ""10"", ""suffix_width"": ""32""}"
experiment-3,target,Device=0 num_rows=2097152 prefix_width=10 suffix_width=32 prefix_cardinality=64,False,False,3,0.9937521387107299,0.9903145266041644,0.996288901592516,True,"{""num_rows"": ""2097152"", ""prefix_cardinality"": ""64"", ""prefix_width"": ""10"", ""suffix_width"": ""32""}"
experiment-3,target,Device=0 num_rows=262144 prefix_width=11 suffix_width=32 prefix_cardinality=64,False,False,3,0.9782658702675041,0.9607914154320929,0.9925807439884986,True,"{""num_rows"": ""262144"", ""prefix_cardinality"": ""64"", ""prefix_width"": ""11"", ""suffix_width"": ""32""}"
experiment-3,target,Device=0 num_rows=2097152 prefix_width=11 suffix_width=32 prefix_cardinality=64,False,False,3,0.994617883409391,0.9887651786702063,1.0001411366994446,True,"{""num_rows"": ""2097152"", ""prefix_cardinality"": ""64"", ""prefix_width"": ""11"", ""suffix_width"": ""32""}"
experiment-3,target,Device=0 num_rows=262144 prefix_width=12 suffix_width=32 prefix_cardinality=64,False,False,3,0.9740681100765174,0.9616914626301316,0.9894142839033209,True,"{""num_rows"": ""262144"", ""prefix_cardinality"": ""64"", ""prefix_width"": ""12"", ""suffix_width"": ""32""}"
experiment-3,target,Device=0 num_rows=2097152 prefix_width=12 suffix_width=32 prefix_cardinality=64,False,False,3,0.9936359663727354,0.9909892452399476,0.995775417611319,True,"{""num_rows"": ""2097152"", ""prefix_cardinality"": ""64"", ""prefix_width"": ""12"", ""suffix_width"": ""32""}"
experiment-3,target,Device=0 num_rows=262144 prefix_width=64 suffix_width=32 prefix_cardinality=64,False,False,3,0.9883391242832461,0.9776398158736447,1.0019389524304072,True,"{""num_rows"": ""262144"", ""prefix_cardinality"": ""64"", ""prefix_width"": ""64"", ""suffix_width"": ""32""}"
experiment-3,target,Device=0 num_rows=2097152 prefix_width=64 suffix_width=32 prefix_cardinality=64,False,False,3,0.9975959789651188,0.9939778455812021,1.0018218761833733,True,"{""num_rows"": ""2097152"", ""prefix_cardinality"": ""64"", ""prefix_width"": ""64"", ""suffix_width"": ""32""}"
experiment-7,stable-warps-1,Device=0 num_rows=32768 shared_suffix=0 segment_profile=pairs,True,True,3,1.0060925509757257,0.9903555341036073,1.0375340363693017,True,"{""num_rows"": ""32768"", ""segment_profile"": ""pairs"", ""shared_suffix"": ""0""}"
experiment-7,stable-warps-1,Device=0 num_rows=2097152 shared_suffix=0 segment_profile=pairs,True,True,3,0.9833178310841442,0.9655007339593052,0.9998050173749237,True,"{""num_rows"": ""2097152"", ""segment_profile"": ""pairs"", ""shared_suffix"": ""0""}"
experiment-7,stable-warps-1,Device=0 num_rows=32768 shared_suffix=64 segment_profile=pairs,True,True,3,0.981601962985246,0.9462280489308541,1.0327929516131917,True,"{""num_rows"": ""32768"", ""segment_profile"": ""pairs"", ""shared_suffix"": ""64""}"
experiment-7,stable-warps-1,Device=0 num_rows=2097152 shared_suffix=64 segment_profile=pairs,True,True,3,0.9457729812470741,0.9397393872136122,0.9538176779855532,True,"{""num_rows"": ""2097152"", ""segment_profile"": ""pairs"", ""shared_suffix"": ""64""}"
experiment-7,stable-warps-1,Device=0 num_rows=32768 shared_suffix=0 segment_profile=tiny4,True,True,3,0.9783352215997669,0.9237325789671819,1.0325447101436172,True,"{""num_rows"": ""32768"", ""segment_profile"": ""tiny4"", ""shared_suffix"": ""0""}"
experiment-7,stable-warps-1,Device=0 num_rows=2097152 shared_suffix=0 segment_profile=tiny4,True,True,3,0.9155852123886856,0.8709519453451479,0.9527022863045151,True,"{""num_rows"": ""2097152"", ""segment_profile"": ""tiny4"", ""shared_suffix"": ""0""}"
experiment-7,stable-warps-1,Device=0 num_rows=32768 shared_suffix=64 segment_profile=tiny4,True,True,3,0.9355342039731439,0.8636944066304266,1.033478113531968,True,"{""num_rows"": ""32768"", ""segment_profile"": ""tiny4"", ""shared_suffix"": ""64""}"
experiment-7,stable-warps-1,Device=0 num_rows=2097152 shared_suffix=64 segment_profile=tiny4,True,True,3,0.8508094998638597,0.8428131962123571,0.8578962530745384,True,"{""num_rows"": ""2097152"", ""segment_profile"": ""tiny4"", ""shared_suffix"": ""64""}"
experiment-7,stable-warps-1,Device=0 num_rows=32768 shared_suffix=0 segment_profile=tiny8,True,True,3,0.9412661014566929,0.8948959648318817,0.9944009152849156,True,"{""num_rows"": ""32768"", ""segment_profile"": ""tiny8"", ""shared_suffix"": ""0""}"
experiment-7,stable-warps-1,Device=0 num_rows=2097152 shared_suffix=0 segment_profile=tiny8,True,True,3,0.8130650362997396,0.7996622971807323,0.8251195871604453,True,"{""num_rows"": ""2097152"", ""segment_profile"": ""tiny8"", ""shared_suffix"": ""0""}"
experiment-7,stable-warps-1,Device=0 num_rows=32768 shared_suffix=64 segment_profile=tiny8,True,True,3,0.9116310353608585,0.8471771747966719,0.9773922524704606,True,"{""num_rows"": ""32768"", ""segment_profile"": ""tiny8"", ""shared_suffix"": ""64""}"
experiment-7,stable-warps-1,Device=0 num_rows=2097152 shared_suffix=64 segment_profile=tiny8,True,True,3,0.7532692973794943,0.7496900159489497,0.7590157697602951,True,"{""num_rows"": ""2097152"", ""segment_profile"": ""tiny8"", ""shared_suffix"": ""64""}"
experiment-7,stable-warps-1,Device=0 num_rows=32768 shared_suffix=0 segment_profile=tiny16,True,True,3,0.9254261458385563,0.8778218833640876,0.9715812972367348,True,"{""num_rows"": ""32768"", ""segment_profile"": ""tiny16"", ""shared_suffix"": ""0""}"
experiment-7,stable-warps-1,Device=0 num_rows=2097152 shared_suffix=0 segment_profile=tiny16,True,True,3,0.7478764335792897,0.7407989423460638,0.7584349825723277,True,"{""num_rows"": ""2097152"", ""segment_profile"": ""tiny16"", ""shared_suffix"": ""0""}"
experiment-7,stable-warps-1,Device=0 num_rows=32768 shared_suffix=64 segment_profile=tiny16,True,True,3,0.8712591578585044,0.8434810415243381,0.9095333634458487,True,"{""num_rows"": ""32768"", ""segment_profile"": ""tiny16"", ""shared_suffix"": ""64""}"
experiment-7,stable-warps-1,Device=0 num_rows=2097152 shared_suffix=64 segment_profile=tiny16,True,True,3,0.6762965759084614,0.6744129698354676,0.680131507731417,True,"{""num_rows"": ""2097152"", ""segment_profile"": ""tiny16"", ""shared_suffix"": ""64""}"
experiment-7,stable-warps-1,Device=0 num_rows=32768 shared_suffix=0 segment_profile=tiny32,True,True,3,0.8997145522459493,0.8832599126463434,0.9413323787358298,True,"{""num_rows"": ""32768"", ""segment_profile"": ""tiny32"", ""shared_suffix"": ""0""}"
experiment-7,stable-warps-1,Device=0 num_rows=2097152 shared_suffix=0 segment_profile=tiny32,True,True,3,0.7019898546687136,0.6976833066005214,0.7104599374509689,True,"{""num_rows"": ""2097152"", ""segment_profile"": ""tiny32"", ""shared_suffix"": ""0""}"
experiment-7,stable-warps-1,Device=0 num_rows=32768 shared_suffix=64 segment_profile=tiny32,True,True,3,0.8485444331780053,0.8342766673509656,0.8834125493590772,True,"{""num_rows"": ""32768"", ""segment_profile"": ""tiny32"", ""shared_suffix"": ""64""}"
experiment-7,stable-warps-1,Device=0 num_rows=2097152 shared_suffix=64 segment_profile=tiny32,True,True,3,0.6487309992149026,0.6422705670629516,0.6575804201834893,True,"{""num_rows"": ""2097152"", ""segment_profile"": ""tiny32"", ""shared_suffix"": ""64""}"
experiment-7,stable-warps-0,Device=0 num_rows=32768 shared_suffix=0 segment_profile=pairs,True,False,3,0.9997047024824522,0.9492529174490534,1.0690030955274765,True,"{""num_rows"": ""32768"", ""segment_profile"": ""pairs"", ""shared_suffix"": ""0""}"
experiment-7,stable-warps-0,Device=0 num_rows=2097152 shared_suffix=0 segment_profile=pairs,True,False,3,0.9805053010988077,0.948760231438478,1.0249085145216257,True,"{""num_rows"": ""2097152"", ""segment_profile"": ""pairs"", ""shared_suffix"": ""0""}"
experiment-7,stable-warps-0,Device=0 num_rows=32768 shared_suffix=64 segment_profile=pairs,True,False,3,0.9898318423326662,0.9499854837175774,1.0313020863717088,True,"{""num_rows"": ""32768"", ""segment_profile"": ""pairs"", ""shared_suffix"": ""64""}"
experiment-7,stable-warps-0,Device=0 num_rows=2097152 shared_suffix=64 segment_profile=pairs,True,False,3,0.945288554004371,0.9364814521569239,0.964288771475136,True,"{""num_rows"": ""2097152"", ""segment_profile"": ""pairs"", ""shared_suffix"": ""64""}"
experiment-7,stable-warps-0,Device=0 num_rows=32768 shared_suffix=0 segment_profile=tiny4,True,False,3,0.9856922287038938,0.9641481829338305,1.0155378389477039,True,"{""num_rows"": ""32768"", ""segment_profile"": ""tiny4"", ""shared_suffix"": ""0""}"
experiment-7,stable-warps-0,Device=0 num_rows=2097152 shared_suffix=0 segment_profile=tiny4,True,False,3,0.9186643398521196,0.8896841718533401,0.9499386189914157,True,"{""num_rows"": ""2097152"", ""segment_profile"": ""tiny4"", ""shared_suffix"": ""0""}"
experiment-7,stable-warps-0,Device=0 num_rows=32768 shared_suffix=64 segment_profile=tiny4,True,False,3,0.9486061027562835,0.9184414825087177,0.9925390146185771,True,"{""num_rows"": ""32768"", ""segment_profile"": ""tiny4"", ""shared_suffix"": ""64""}"
experiment-7,stable-warps-0,Device=0 num_rows=2097152 shared_suffix=64 segment_profile=tiny4,True,False,3,0.8493046559749616,0.8360199537196641,0.8650939023880004,True,"{""num_rows"": ""2097152"", ""segment_profile"": ""tiny4"", ""shared_suffix"": ""64""}"
experiment-7,stable-warps-0,Device=0 num_rows=32768 shared_suffix=0 segment_profile=tiny8,True,False,3,0.9456938288519351,0.9309472715009812,0.9553870435929197,True,"{""num_rows"": ""32768"", ""segment_profile"": ""tiny8"", ""shared_suffix"": ""0""}"
experiment-7,stable-warps-0,Device=0 num_rows=2097152 shared_suffix=0 segment_profile=tiny8,True,False,3,0.8140004634974032,0.7954601894000305,0.8365053558213289,True,"{""num_rows"": ""2097152"", ""segment_profile"": ""tiny8"", ""shared_suffix"": ""0""}"
experiment-7,stable-warps-0,Device=0 num_rows=32768 shared_suffix=64 segment_profile=tiny8,True,False,3,0.9172362003471719,0.8919423598124323,0.941302651693409,True,"{""num_rows"": ""32768"", ""segment_profile"": ""tiny8"", ""shared_suffix"": ""64""}"
experiment-7,stable-warps-0,Device=0 num_rows=2097152 shared_suffix=64 segment_profile=tiny8,True,False,3,0.7544844793161678,0.7463028963452679,0.7651304399683969,True,"{""num_rows"": ""2097152"", ""segment_profile"": ""tiny8"", ""shared_suffix"": ""64""}"
experiment-7,stable-warps-0,Device=0 num_rows=32768 shared_suffix=0 segment_profile=tiny16,True,False,3,0.9224213108814908,0.8971732322853446,0.9568410870716423,True,"{""num_rows"": ""32768"", ""segment_profile"": ""tiny16"", ""shared_suffix"": ""0""}"
experiment-7,stable-warps-0,Device=0 num_rows=2097152 shared_suffix=0 segment_profile=tiny16,True,False,3,0.7554328365232356,0.7361789667872131,0.7743163668582808,True,"{""num_rows"": ""2097152"", ""segment_profile"": ""tiny16"", ""shared_suffix"": ""0""}"
experiment-7,stable-warps-0,Device=0 num_rows=32768 shared_suffix=64 segment_profile=tiny16,True,False,3,0.8833920704382937,0.8204566270159664,0.9285464502095436,True,"{""num_rows"": ""32768"", ""segment_profile"": ""tiny16"", ""shared_suffix"": ""64""}"
experiment-7,stable-warps-0,Device=0 num_rows=2097152 shared_suffix=64 segment_profile=tiny16,True,False,3,0.678111636426095,0.6695905096120285,0.6877982288495734,True,"{""num_rows"": ""2097152"", ""segment_profile"": ""tiny16"", ""shared_suffix"": ""64""}"
experiment-7,stable-warps-0,Device=0 num_rows=32768 shared_suffix=0 segment_profile=tiny32,True,False,3,0.9204281740765766,0.8899901598746528,0.9509287402039034,True,"{""num_rows"": ""32768"", ""segment_profile"": ""tiny32"", ""shared_suffix"": ""0""}"
experiment-7,stable-warps-0,Device=0 num_rows=2097152 shared_suffix=0 segment_profile=tiny32,True,False,3,0.7069935190203784,0.6921630974313142,0.7226137114659956,True,"{""num_rows"": ""2097152"", ""segment_profile"": ""tiny32"", ""shared_suffix"": ""0""}"
experiment-7,stable-warps-0,Device=0 num_rows=32768 shared_suffix=64 segment_profile=tiny32,True,False,3,0.8602046148981931,0.8232798771716536,0.8910653562677414,True,"{""num_rows"": ""32768"", ""segment_profile"": ""tiny32"", ""shared_suffix"": ""64""}"
experiment-7,stable-warps-0,Device=0 num_rows=2097152 shared_suffix=64 segment_profile=tiny32,True,False,3,0.6492263122511905,0.6406008937328374,0.6597134974341811,True,"{""num_rows"": ""2097152"", ""segment_profile"": ""tiny32"", ""shared_suffix"": ""64""}"
experiment-15,pr-source,Device=0 num_rows=262144 profile=unique_32,False,False,3,0.5849340013666797,0.5645547775526762,0.6041968538491346,True,"{""num_rows"": ""262144"", ""profile"": ""unique_32""}"
experiment-15,pr-source,Device=0 num_rows=2097152 profile=unique_32,False,False,3,0.3339799548968169,0.33155776769219236,0.33601554532291755,True,"{""num_rows"": ""2097152"", ""profile"": ""unique_32""}"
experiment-15,pr-source,Device=0 num_rows=262144 profile=duplicates_32,False,False,3,0.4092135990808544,0.2505762382110469,0.5607497642442583,True,"{""num_rows"": ""262144"", ""profile"": ""duplicates_32""}"
experiment-15,pr-source,Device=0 num_rows=2097152 profile=duplicates_32,False,False,3,0.21209468776033072,0.21102389552871245,0.21318889574588354,True,"{""num_rows"": ""2097152"", ""profile"": ""duplicates_32""}"
experiment-15,pr-source,Device=0 num_rows=262144 profile=shared_prefix_24,False,False,3,0.5821341149997933,0.5697382742047317,0.5994225135886531,True,"{""num_rows"": ""262144"", ""profile"": ""shared_prefix_24""}"
experiment-15,pr-source,Device=0 num_rows=2097152 profile=shared_prefix_24,False,False,3,0.33386279711966244,0.33196117553363996,0.3360414339151409,True,"{""num_rows"": ""2097152"", ""profile"": ""shared_prefix_24""}"
experiment-15,pr-source,Device=0 num_rows=262144 profile=raw_unique_40,False,False,3,1.0051209782135775,0.9661432656795508,1.0336999277807444,True,"{""num_rows"": ""262144"", ""profile"": ""raw_unique_40""}"
experiment-15,pr-source,Device=0 num_rows=2097152 profile=raw_unique_40,False,False,3,0.9988406486859653,0.9836970057053497,1.0111024542040838,True,"{""num_rows"": ""2097152"", ""profile"": ""raw_unique_40""}"
experiment-15,pr-source,Device=0 num_rows=262144 profile=raw_duplicates_40,False,False,3,0.9935998424488004,0.9766332444304179,1.0071549993396516,True,"{""num_rows"": ""262144"", ""profile"": ""raw_duplicates_40""}"
experiment-15,pr-source,Device=0 num_rows=2097152 profile=raw_duplicates_40,False,False,3,0.9929810083909297,0.9882470602717758,0.9968293547011003,True,"{""num_rows"": ""2097152"", ""profile"": ""raw_duplicates_40""}"
experiment-15,pr-source,Device=0 num_rows=262144 profile=raw_shared_prefix_24_width_40,False,False,3,0.8335374464096104,0.8212497595684748,0.8403916085882401,True,"{""num_rows"": ""262144"", ""profile"": ""raw_shared_prefix_24_width_40""}"
experiment-15,pr-source,Device=0 num_rows=2097152 profile=raw_shared_prefix_24_width_40,False,False,3,0.7209903098002977,0.7188531965832183,0.7227857803473461,True,"{""num_rows"": ""2097152"", ""profile"": ""raw_shared_prefix_24_width_40""}"
experiment-15,end-to-end,Device=0 min_width=0 max_width=32 num_rows=262144 workload=normal,False,False,3,0.9859598834344904,0.9477743673892399,1.0121440346328727,True,"{""max_width"": ""32"", ""min_width"": ""0"", ""num_rows"": ""262144"", ""workload"": ""normal""}"
experiment-15,end-to-end,Device=0 min_width=0 max_width=256 num_rows=262144 workload=normal,False,False,3,0.9934023728867327,0.9834569020251853,1.0008202884665842,True,"{""max_width"": ""256"", ""min_width"": ""0"", ""num_rows"": ""262144"", ""workload"": ""normal""}"
experiment-15,end-to-end,Device=0 min_width=0 max_width=32 num_rows=2097152 workload=normal,False,False,3,0.9853757698537204,0.9691729803187806,0.996185016827542,True,"{""max_width"": ""32"", ""min_width"": ""0"", ""num_rows"": ""2097152"", ""workload"": ""normal""}"
experiment-15,end-to-end,Device=0 min_width=0 max_width=256 num_rows=2097152 workload=normal,False,False,3,0.9998157429230898,0.9778148513608114,1.0207341473906892,True,"{""max_width"": ""256"", ""min_width"": ""0"", ""num_rows"": ""2097152"", ""workload"": ""normal""}"
experiment-15,end-to-end,Device=0 min_width=0 max_width=32 num_rows=262144 workload=duplicates,False,False,3,0.9874824857447547,0.9549385129082162,1.0179138936587715,True,"{""max_width"": ""32"", ""min_width"": ""0"", ""num_rows"": ""262144"", ""workload"": ""duplicates""}"
experiment-15,end-to-end,Device=0 min_width=0 max_width=256 num_rows=262144 workload=duplicates,False,False,3,0.996632530004462,0.9764307246231836,1.023842329083669,True,"{""max_width"": ""256"", ""min_width"": ""0"", ""num_rows"": ""262144"", ""workload"": ""duplicates""}"
experiment-15,end-to-end,Device=0 min_width=0 max_width=32 num_rows=2097152 workload=duplicates,False,False,3,0.7388340556289845,0.7346070554353278,0.744016955578193,True,"{""max_width"": ""32"", ""min_width"": ""0"", ""num_rows"": ""2097152"", ""workload"": ""duplicates""}"
experiment-15,end-to-end,Device=0 min_width=0 max_width=256 num_rows=2097152 workload=duplicates,False,False,3,0.6003975855688606,0.5937065873462556,0.6082321577085857,True,"{""max_width"": ""256"", ""min_width"": ""0"", ""num_rows"": ""2097152"", ""workload"": ""duplicates""}"
experiment-15,end-to-end,Device=0 min_width=0 max_width=32 num_rows=262144 workload=shared_prefix,False,False,3,0.7874845441891147,0.7603554778642988,0.816596414453086,True,"{""max_width"": ""32"", ""min_width"": ""0"", ""num_rows"": ""262144"", ""workload"": ""shared_prefix""}"
experiment-15,end-to-end,Device=0 min_width=0 max_width=256 num_rows=262144 workload=shared_prefix,False,False,3,0.10884937652512074,0.10660292634290561,0.11080076912085274,True,"{""max_width"": ""256"", ""min_width"": ""0"", ""num_rows"": ""262144"", ""workload"": ""shared_prefix""}"
experiment-15,end-to-end,Device=0 min_width=0 max_width=32 num_rows=2097152 workload=shared_prefix,False,False,3,0.7094147688087545,0.7010673254101166,0.7192714908069315,True,"{""max_width"": ""32"", ""min_width"": ""0"", ""num_rows"": ""2097152"", ""workload"": ""shared_prefix""}"
experiment-15,end-to-end,Device=0 min_width=0 max_width=256 num_rows=2097152 workload=shared_prefix,False,False,3,0.11627227152881359,0.11506477739609385,0.1180359275958314,True,"{""max_width"": ""256"", ""min_width"": ""0"", ""num_rows"": ""2097152"", ""workload"": ""shared_prefix""}"
experiment-15,end-to-end,Device=0 min_width=0 max_width=32 num_rows=262144 workload=variable,False,False,3,0.9854667473733482,0.9405517742701153,1.0583119509288623,True,"{""max_width"": ""32"", ""min_width"": ""0"", ""num_rows"": ""262144"", ""workload"": ""variable""}"
experiment-15,end-to-end,Device=0 min_width=0 max_width=256 num_rows=262144 workload=variable,False,False,3,1.0046646589812225,0.9747731742269309,1.0247365785731744,True,"{""max_width"": ""256"", ""min_width"": ""0"", ""num_rows"": ""262144"", ""workload"": ""variable""}"
experiment-15,end-to-end,Device=0 min_width=0 max_width=32 num_rows=2097152 workload=variable,False,False,3,1.0053751981402632,0.9741910855211476,1.0417385635296796,True,"{""max_width"": ""32"", ""min_width"": ""0"", ""num_rows"": ""2097152"", ""workload"": ""variable""}"
experiment-15,end-to-end,Device=0 min_width=0 max_width=256 num_rows=2097152 workload=variable,False,False,3,0.9993781569905347,0.9822437179144972,1.0152989745458092,True,"{""max_width"": ""256"", ""min_width"": ""0"", ""num_rows"": ""2097152"", ""workload"": ""variable""}"
experiment-7,pr-diagnostics,Device=0 num_rows=262144 profile=finish_257,False,False,3,0.9837329281589816,0.9621035156614575,1.0119620453867382,True,"{""num_rows"": ""262144"", ""profile"": ""finish_257""}"
experiment-7,pr-diagnostics,Device=0 num_rows=2097152 profile=finish_257,False,False,3,0.9836787139281814,0.9727954371491441,0.9951120557334545,True,"{""num_rows"": ""2097152"", ""profile"": ""finish_257""}"
experiment-7,pr-diagnostics,Device=0 num_rows=262144 profile=finish_1024,False,False,3,0.9767384730224914,0.957986440313265,1.0015495235823555,True,"{""num_rows"": ""262144"", ""profile"": ""finish_1024""}"
experiment-7,pr-diagnostics,Device=0 num_rows=2097152 profile=finish_1024,False,False,3,0.9865343340336474,0.9805005569286549,0.9918580945674021,True,"{""num_rows"": ""2097152"", ""profile"": ""finish_1024""}"
experiment-7,pr-diagnostics,Device=0 num_rows=262144 profile=finish_4096,False,False,3,0.9681058810434882,0.9331436130982261,1.0125498864536102,True,"{""num_rows"": ""262144"", ""profile"": ""finish_4096""}"
experiment-7,pr-diagnostics,Device=0 num_rows=2097152 profile=finish_4096,False,False,3,0.9865980879544628,0.962144215347844,1.011070376920358,True,"{""num_rows"": ""2097152"", ""profile"": ""finish_4096""}"
experiment-7,pr-diagnostics,Device=0 num_rows=262144 profile=active_50,False,False,3,1.0411904286474045,1.0220973905551476,1.0665201059419027,False,"{""num_rows"": ""262144"", ""profile"": ""active_50""}"
experiment-7,pr-diagnostics,Device=0 num_rows=2097152 profile=active_50,False,False,3,1.1804849440705003,1.1649595693784793,1.1973465614943055,False,"{""num_rows"": ""2097152"", ""profile"": ""active_50""}"
experiment-7,pr-diagnostics,Device=0 num_rows=262144 profile=active_10,False,False,3,0.9736534190100926,0.9624090298068564,0.991563356471759,True,"{""num_rows"": ""262144"", ""profile"": ""active_10""}"
experiment-7,pr-diagnostics,Device=0 num_rows=2097152 profile=active_10,False,False,3,1.0623372166228577,1.0373329726158094,1.0876959076565393,False,"{""num_rows"": ""2097152"", ""profile"": ""active_10""}"
experiment-7,pr-diagnostics,Device=0 num_rows=262144 profile=active_1,False,False,3,0.9754208563735235,0.9555986048211913,1.0029754759356169,True,"{""num_rows"": ""262144"", ""profile"": ""active_1""}"
experiment-7,pr-diagnostics,Device=0 num_rows=2097152 profile=active_1,False,False,3,0.9832031898934714,0.9678318993567171,1.0051551959683256,True,"{""num_rows"": ""2097152"", ""profile"": ""active_1""}"
experiment-7,pr-diagnostics,Device=0 num_rows=262144 profile=active_0_1,False,False,3,0.9808785987758489,0.9585799135391722,1.0084778122995144,True,"{""num_rows"": ""262144"", ""profile"": ""active_0_1""}"
experiment-7,pr-diagnostics,Device=0 num_rows=2097152 profile=active_0_1,False,False,3,0.9762527276063074,0.9588133306464932,1.0018686662841583,True,"{""num_rows"": ""2097152"", ""profile"": ""active_0_1""}"
experiment-7,pr-diagnostics,Device=0 num_rows=262144 profile=duplicates_6,False,False,3,0.9603232648568231,0.9329233916398714,1.0062125941985114,True,"{""num_rows"": ""262144"", ""profile"": ""duplicates_6""}"
experiment-7,pr-diagnostics,Device=0 num_rows=2097152 profile=duplicates_6,False,False,3,0.9700956218550839,0.9650916483660381,0.978659205253097,True,"{""num_rows"": ""2097152"", ""profile"": ""duplicates_6""}"
experiment-7,pr-diagnostics,Device=0 num_rows=262144 profile=duplicates_8,False,False,3,0.9544433002013243,0.8996792425477056,1.0134780463829818,True,"{""num_rows"": ""262144"", ""profile"": ""duplicates_8""}"
experiment-7,pr-diagnostics,Device=0 num_rows=2097152 profile=duplicates_8,False,False,3,0.9695570385963567,0.967021973446,0.9749089230378547,True,"{""num_rows"": ""2097152"", ""profile"": ""duplicates_8""}"
experiment-7,pr-diagnostics,Device=0 num_rows=262144 profile=duplicates_12,False,False,3,0.9757968561025622,0.9503689672795405,1.0118214252190327,True,"{""num_rows"": ""262144"", ""profile"": ""duplicates_12""}"
experiment-7,pr-diagnostics,Device=0 num_rows=2097152 profile=duplicates_12,False,False,3,0.9949798520641816,0.9617049556274011,1.0466955485600495,True,"{""num_rows"": ""2097152"", ""profile"": ""duplicates_12""}"
experiment-7,pr-diagnostics,Device=0 num_rows=262144 profile=duplicates_16,False,False,3,0.980744844339936,0.9649971319744588,0.9982123250200531,True,"{""num_rows"": ""262144"", ""profile"": ""duplicates_16""}"
experiment-7,pr-diagnostics,Device=0 num_rows=2097152 profile=duplicates_16,False,False,3,0.9769200342993131,0.9729590631855108,0.9828182835808918,True,"{""num_rows"": ""2097152"", ""profile"": ""duplicates_16""}"
experiment-7,pr-diagnostics,Device=0 num_rows=262144 profile=duplicates_24,False,False,3,0.981286852395288,0.9675424677893523,1.0010441592510553,True,"{""num_rows"": ""262144"", ""profile"": ""duplicates_24""}"
experiment-7,pr-diagnostics,Device=0 num_rows=2097152 profile=duplicates_24,False,False,3,0.983939705883114,0.9820872229536132,0.9857891348507577,True,"{""num_rows"": ""2097152"", ""profile"": ""duplicates_24""}"
experiment-7,pr-diagnostics,Device=0 num_rows=262144 profile=duplicates_32,False,False,3,0.9884669284114712,0.9813173480546913,0.9986740772045491,True,"{""num_rows"": ""262144"", ""profile"": ""duplicates_32""}"
experiment-7,pr-diagnostics,Device=0 num_rows=2097152 profile=duplicates_32,False,False,3,0.9887444478449534,0.9840323774484183,0.9928003952772172,True,"{""num_rows"": ""2097152"", ""profile"": ""duplicates_32""}"
experiment-7,pr-diagnostics,Device=0 num_rows=262144 profile=rle_misaligned,False,False,3,0.72361930328169,0.7155434242317568,0.7322219163582806,True,"{""num_rows"": ""262144"", ""profile"": ""rle_misaligned""}"
experiment-7,pr-diagnostics,Device=0 num_rows=2097152 profile=rle_misaligned,False,False,3,0.6774492921488083,0.6744276045125447,0.6808181915505512,True,"{""num_rows"": ""2097152"", ""profile"": ""rle_misaligned""}"
experiment-15,main,Device=0 min_width=1 max_width=8 num_rows=32768,False,False,3,0.9916147272701706,0.9684822859617437,1.0099635354906746,True,"{""max_width"": ""8"", ""min_width"": ""1"", ""num_rows"": ""32768""}"
experiment-15,main,Device=0 min_width=1 max_width=32 num_rows=32768,False,False,3,0.9955358557636896,0.9762622182105776,1.014044686325744,True,"{""max_width"": ""32"", ""min_width"": ""1"", ""num_rows"": ""32768""}"
experiment-15,main,Device=0 min_width=1 max_width=64 num_rows=32768,False,False,3,0.9971343779176428,0.9839649172425423,1.0074152227137536,True,"{""max_width"": ""64"", ""min_width"": ""1"", ""num_rows"": ""32768""}"
experiment-15,main,Device=0 min_width=1 max_width=128 num_rows=32768,False,False,3,0.9993793773848435,0.9832150617031178,1.007277723480955,True,"{""max_width"": ""128"", ""min_width"": ""1"", ""num_rows"": ""32768""}"
experiment-15,main,Device=0 min_width=1 max_width=256 num_rows=32768,False,False,3,0.9961617827581571,0.9852994512720772,1.0030421067576791,True,"{""max_width"": ""256"", ""min_width"": ""1"", ""num_rows"": ""32768""}"
experiment-15,main,Device=0 min_width=1 max_width=8 num_rows=262144,False,False,3,0.9645222622000571,0.9363327364836918,0.9906432766530507,True,"{""max_width"": ""8"", ""min_width"": ""1"", ""num_rows"": ""262144""}"
experiment-15,main,Device=0 min_width=1 max_width=32 num_rows=262144,False,False,3,0.9766863059064953,0.9637076646742246,0.9969095740612535,True,"{""max_width"": ""32"", ""min_width"": ""1"", ""num_rows"": ""262144""}"
experiment-15,main,Device=0 min_width=1 max_width=64 num_rows=262144,False,False,3,0.984370684817513,0.9712791817392933,0.9963467656447563,True,"{""max_width"": ""64"", ""min_width"": ""1"", ""num_rows"": ""262144""}"
experiment-15,main,Device=0 min_width=1 max_width=128 num_rows=262144,False,False,3,0.9923331195271347,0.9804434495365598,0.9977210898094947,True,"{""max_width"": ""128"", ""min_width"": ""1"", ""num_rows"": ""262144""}"
experiment-15,main,Device=0 min_width=1 max_width=256 num_rows=262144,False,False,3,0.9952585006466173,0.9796963904328885,1.0165057148148713,True,"{""max_width"": ""256"", ""min_width"": ""1"", ""num_rows"": ""262144""}"
experiment-15,main,Device=0 min_width=1 max_width=8 num_rows=2097152,False,False,3,0.9434394742969093,0.940792386113322,0.9481318278875301,True,"{""max_width"": ""8"", ""min_width"": ""1"", ""num_rows"": ""2097152""}"
experiment-15,main,Device=0 min_width=1 max_width=32 num_rows=2097152,False,False,3,0.9798596820436724,0.9715379324035062,0.989734214939268,True,"{""max_width"": ""32"", ""min_width"": ""1"", ""num_rows"": ""2097152""}"
experiment-15,main,Device=0 min_width=1 max_width=64 num_rows=2097152,False,False,3,0.9903732644906145,0.9705599226703614,1.012227376796807,True,"{""max_width"": ""64"", ""min_width"": ""1"", ""num_rows"": ""2097152""}"
experiment-15,main,Device=0 min_width=1 max_width=128 num_rows=2097152,False,False,3,0.9855551292516297,0.9715666594321583,1.0069608344071879,True,"{""max_width"": ""128"", ""min_width"": ""1"", ""num_rows"": ""2097152""}"
experiment-15,main,Device=0 min_width=1 max_width=256 num_rows=2097152,False,False,3,0.9942634477695574,0.9644063316132069,1.0418814383990287,True,"{""max_width"": ""256"", ""min_width"": ""1"", ""num_rows"": ""2097152""}"
experiment-15,main,Device=0 min_width=1 max_width=8 num_rows=16777216,False,False,3,0.9490666777778632,0.9470834182086597,0.9510524546896241,True,"{""max_width"": ""8"", ""min_width"": ""1"", ""num_rows"": ""16777216""}"
experiment-15,main,Device=0 min_width=1 max_width=32 num_rows=16777216,False,False,3,0.9788925957999361,0.9744635332126735,0.9841333410694973,True,"{""max_width"": ""32"", ""min_width"": ""1"", ""num_rows"": ""16777216""}"
experiment-15,main,Device=0 min_width=1 max_width=64 num_rows=16777216,False,False,3,0.9869858579185153,0.9836997160189757,0.9918373850764336,True,"{""max_width"": ""64"", ""min_width"": ""1"", ""num_rows"": ""16777216""}"
experiment-15,main,Device=0 min_width=1 max_width=128 num_rows=16777216,False,False,3,0.996440458184806,0.9952388068125302,0.9982919644404028,True,"{""max_width"": ""128"", ""min_width"": ""1"", ""num_rows"": ""16777216""}"
experiment-15,main,Device=0 min_width=1 max_width=256 num_rows=16777216,False,False,3,0.9984261874630072,0.9946434710821763,1.0003065519517116,True,"{""max_width"": ""256"", ""min_width"": ""1"", ""num_rows"": ""16777216""}"
experiment-15,main,Device=0 num_rows=262144 profile=cardinality_1_width_32,False,False,3,0.993601453723026,0.8627647936954718,1.2181489234493592,True,"{""num_rows"": ""262144"", ""profile"": ""cardinality_1_width_32""}"
experiment-15,main,Device=0 num_rows=2097152 profile=cardinality_1_width_32,False,False,3,1.0058380475418474,0.9876108068706393,1.0129348097067064,True,"{""num_rows"": ""2097152"", ""profile"": ""cardinality_1_width_32""}"
experiment-15,main,Device=0 num_rows=262144 profile=cardinality_64_width_128,False,False,3,1.0007087527219738,0.9861471256315941,1.0108973406198976,True,"{""num_rows"": ""262144"", ""profile"": ""cardinality_64_width_128""}"
experiment-15,main,Device=0 num_rows=2097152 profile=cardinality_64_width_128,False,False,3,0.5843066832448196,0.5725142489382091,0.5966190161320173,True,"{""num_rows"": ""2097152"", ""profile"": ""cardinality_64_width_128""}"
experiment-15,main,Device=0 num_rows=262144 profile=shared_prefix_64,False,False,3,0.4525868176133128,0.4488619775070043,0.4578128529313184,True,"{""num_rows"": ""262144"", ""profile"": ""shared_prefix_64""}"
experiment-15,main,Device=0 num_rows=2097152 profile=shared_prefix_64,False,False,3,0.40222657191138567,0.4016258993817932,0.4027231418728578,True,"{""num_rows"": ""2097152"", ""profile"": ""shared_prefix_64""}"
experiment-15,main,Device=0 num_rows=262144 profile=variable_128,False,False,3,0.9839704452171647,0.93805384739792,1.0289399316299404,True,"{""num_rows"": ""262144"", ""profile"": ""variable_128""}"
experiment-15,main,Device=0 num_rows=2097152 profile=variable_128,False,False,3,0.9928555010333521,0.9820166432447333,1.003989579414946,True,"{""num_rows"": ""2097152"", ""profile"": ""variable_128""}"
experiment-15,main,Device=0 num_rows=262144 profile=fixed_8 null_percent=0,False,False,3,0.9860227748991095,0.9295923159961608,1.0448153184000841,True,"{""null_percent"": ""0"", ""num_rows"": ""262144"", ""profile"": ""fixed_8""}"
experiment-15,main,Device=0 num_rows=2097152 profile=fixed_8 null_percent=0,False,False,3,0.9973436981457422,0.9927592456311205,1.0050010013051767,True,"{""null_percent"": ""0"", ""num_rows"": ""2097152"", ""profile"": ""fixed_8""}"
experiment-15,main,Device=0 num_rows=262144 profile=variable_128 null_percent=0,False,False,3,0.9914802456023112,0.9645935248946813,1.00434320240142,True,"{""null_percent"": ""0"", ""num_rows"": ""262144"", ""profile"": ""variable_128""}"
experiment-15,main,Device=0 num_rows=2097152 profile=variable_128 null_percent=0,False,False,3,0.9898126095612516,0.9812609522767443,0.9993755585788356,True,"{""null_percent"": ""0"", ""num_rows"": ""2097152"", ""profile"": ""variable_128""}"
experiment-15,main,Device=0 num_rows=262144 profile=fixed_8 null_percent=50,False,False,3,1.0034788130721393,0.9765984891001129,1.0251866456621255,True,"{""null_percent"": ""50"", ""num_rows"": ""262144"", ""profile"": ""fixed_8""}"
experiment-15,main,Device=0 num_rows=2097152 profile=fixed_8 null_percent=50,False,False,3,0.9955117699992647,0.9912890832564709,1.0030000266368488,True,"{""null_percent"": ""50"", ""num_rows"": ""2097152"", ""profile"": ""fixed_8""}"
experiment-15,main,Device=0 num_rows=262144 profile=variable_128 null_percent=50,False,False,3,0.9860884525993403,0.9623635476236254,1.010367465370328,True,"{""null_percent"": ""50"", ""num_rows"": ""262144"", ""profile"": ""variable_128""}"
experiment-15,main,Device=0 num_rows=2097152 profile=variable_128 null_percent=50,False,False,3,0.9936319986751191,0.9795350666485775,1.0047468474356247,True,"{""null_percent"": ""50"", ""num_rows"": ""2097152"", ""profile"": ""variable_128""}"
experiment-15,main,Device=0 num_rows=262144 profile=fixed_8 null_percent=100,False,False,3,1.0159040826332877,0.8976115131856103,1.1837886931703137,True,"{""null_percent"": ""100"", ""num_rows"": ""262144"", ""profile"": ""fixed_8""}"
experiment-15,main,Device=0 num_rows=2097152 profile=fixed_8 null_percent=100,False,False,3,1.0110486915697137,0.9893237160320788,1.0366731258048072,True,"{""null_percent"": ""100"", ""num_rows"": ""2097152"", ""profile"": ""fixed_8""}"
experiment-15,main,Device=0 num_rows=262144 profile=variable_128 null_percent=100,False,False,3,0.9666746070036334,0.8723133586227731,1.1469905785367438,True,"{""null_percent"": ""100"", ""num_rows"": ""262144"", ""profile"": ""variable_128""}"
experiment-15,main,Device=0 num_rows=2097152 profile=variable_128 null_percent=100,False,False,3,1.0067504132247285,0.8763677181856145,1.113036687570674,True,"{""null_percent"": ""100"", ""num_rows"": ""2097152"", ""profile"": ""variable_128""}"
experiment-3,pr-zero-collisions,Device=0 num_rows=32768 profile=zero_collision_pass1,False,False,3,0.9862205263400962,0.9156549914515307,1.0667466444858087,True,"{""num_rows"": ""32768"", ""profile"": ""zero_collision_pass1""}"
experiment-3,pr-zero-collisions,Device=0 num_rows=32768 profile=zero_collision_pass2,False,False,3,0.9816203831720404,0.9080580469356306,1.0544613134879945,True,"{""num_rows"": ""32768"", ""profile"": ""zero_collision_pass2""}"
experiment-3,pr-diagnostics,Device=0 num_rows=262144 profile=finish_257,False,False,3,0.9910620495443089,0.9622658353528857,1.01506136781246,True,"{""num_rows"": ""262144"", ""profile"": ""finish_257""}"
experiment-3,pr-diagnostics,Device=0 num_rows=2097152 profile=finish_257,False,False,3,0.9918855296459722,0.974248338864567,1.0043509227382617,True,"{""num_rows"": ""2097152"", ""profile"": ""finish_257""}"
experiment-3,pr-diagnostics,Device=0 num_rows=262144 profile=finish_1024,False,False,3,0.9892450258207344,0.9648272279059311,1.0121200180608367,True,"{""num_rows"": ""262144"", ""profile"": ""finish_1024""}"
experiment-3,pr-diagnostics,Device=0 num_rows=2097152 profile=finish_1024,False,False,3,0.994521947372137,0.9860042723069562,1.002834537008239,True,"{""num_rows"": ""2097152"", ""profile"": ""finish_1024""}"
experiment-3,pr-diagnostics,Device=0 num_rows=262144 profile=finish_4096,False,False,3,0.9781634553129553,0.9325819182448343,1.023070263909491,True,"{""num_rows"": ""262144"", ""profile"": ""finish_4096""}"
experiment-3,pr-diagnostics,Device=0 num_rows=2097152 profile=finish_4096,False,False,3,0.9909051325224064,0.9716712109036438,1.0065102453624755,True,"{""num_rows"": ""2097152"", ""profile"": ""finish_4096""}"
experiment-3,pr-diagnostics,Device=0 num_rows=262144 profile=active_50,False,False,3,0.98339186789443,0.9374341106700393,1.02339194750576,True,"{""num_rows"": ""262144"", ""profile"": ""active_50""}"
experiment-3,pr-diagnostics,Device=0 num_rows=2097152 profile=active_50,False,False,3,0.9754125967170411,0.9550192500815201,0.991131408791518,True,"{""num_rows"": ""2097152"", ""profile"": ""active_50""}"
experiment-3,pr-diagnostics,Device=0 num_rows=262144 profile=active_10,False,False,3,0.9823622860503497,0.9714546600916474,0.9923809652257638,True,"{""num_rows"": ""262144"", ""profile"": ""active_10""}"
experiment-3,pr-diagnostics,Device=0 num_rows=2097152 profile=active_10,False,False,3,0.9909048718358956,0.9634388118623736,1.010050324810116,True,"{""num_rows"": ""2097152"", ""profile"": ""active_10""}"
experiment-3,pr-diagnostics,Device=0 num_rows=262144 profile=active_1,False,False,3,0.985540107795401,0.957077644467841,1.0073765123546452,True,"{""num_rows"": ""262144"", ""profile"": ""active_1""}"
experiment-3,pr-diagnostics,Device=0 num_rows=2097152 profile=active_1,False,False,3,0.9910016016771154,0.9616259296674894,1.016929512046656,True,"{""num_rows"": ""2097152"", ""profile"": ""active_1""}"
experiment-3,pr-diagnostics,Device=0 num_rows=262144 profile=active_0_1,False,False,3,0.9879340414921806,0.9623452080861775,1.02075925211367,True,"{""num_rows"": ""262144"", ""profile"": ""active_0_1""}"
experiment-3,pr-diagnostics,Device=0 num_rows=2097152 profile=active_0_1,False,False,3,0.9872554468886257,0.9617616300630132,1.0114137797243938,True,"{""num_rows"": ""2097152"", ""profile"": ""active_0_1""}"
experiment-3,pr-diagnostics,Device=0 num_rows=262144 profile=duplicates_6,False,False,3,0.9868059832112648,0.9262740664081899,1.0470965950402378,True,"{""num_rows"": ""262144"", ""profile"": ""duplicates_6""}"
experiment-3,pr-diagnostics,Device=0 num_rows=2097152 profile=duplicates_6,False,False,3,0.9738134570145949,0.9590954455066825,0.9881150657083242,True,"{""num_rows"": ""2097152"", ""profile"": ""duplicates_6""}"
experiment-3,pr-diagnostics,Device=0 num_rows=262144 profile=duplicates_8,False,False,3,0.985518756829821,0.8639485883949866,1.1008586201645851,True,"{""num_rows"": ""262144"", ""profile"": ""duplicates_8""}"
experiment-3,pr-diagnostics,Device=0 num_rows=2097152 profile=duplicates_8,False,False,3,0.9736396082145341,0.9591079402470557,0.9894346362813559,True,"{""num_rows"": ""2097152"", ""profile"": ""duplicates_8""}"
experiment-3,pr-diagnostics,Device=0 num_rows=262144 profile=duplicates_12,False,False,3,0.9947179132053282,0.9504620687400677,1.0399857558314765,True,"{""num_rows"": ""262144"", ""profile"": ""duplicates_12""}"
experiment-3,pr-diagnostics,Device=0 num_rows=2097152 profile=duplicates_12,False,False,3,0.9980333576342698,0.9946792082300234,1.0002736266867203,True,"{""num_rows"": ""2097152"", ""profile"": ""duplicates_12""}"
experiment-3,pr-diagnostics,Device=0 num_rows=262144 profile=duplicates_16,False,False,3,0.9906444687251942,0.9618716050778406,1.0172781346876147,True,"{""num_rows"": ""262144"", ""profile"": ""duplicates_16""}"
experiment-3,pr-diagnostics,Device=0 num_rows=2097152 profile=duplicates_16,False,False,3,0.9827149468515818,0.9724683487784338,0.9916642846943194,True,"{""num_rows"": ""2097152"", ""profile"": ""duplicates_16""}"
experiment-3,pr-diagnostics,Device=0 num_rows=262144 profile=duplicates_24,False,False,3,0.9897101906949876,0.9646401346854295,1.014051395028973,True,"{""num_rows"": ""262144"", ""profile"": ""duplicates_24""}"
experiment-3,pr-diagnostics,Device=0 num_rows=2097152 profile=duplicates_24,False,False,3,0.9850453590156298,0.9809874002903619,0.9884551580538073,True,"{""num_rows"": ""2097152"", ""profile"": ""duplicates_24""}"
experiment-3,pr-diagnostics,Device=0 num_rows=262144 profile=duplicates_32,False,False,3,0.9933830537174198,0.9796382583676099,1.0073717695062725,True,"{""num_rows"": ""262144"", ""profile"": ""duplicates_32""}"
experiment-3,pr-diagnostics,Device=0 num_rows=2097152 profile=duplicates_32,False,False,3,0.9891268744710174,0.9847453672931555,0.9912440676217819,True,"{""num_rows"": ""2097152"", ""profile"": ""duplicates_32""}"
experiment-3,pr-diagnostics,Device=0 num_rows=262144 profile=rle_misaligned,False,False,3,0.985859765415399,0.9437278654128244,1.0273306891126917,True,"{""num_rows"": ""262144"", ""profile"": ""rle_misaligned""}"
experiment-3,pr-diagnostics,Device=0 num_rows=2097152 profile=rle_misaligned,False,False,3,0.9903319701714443,0.9862725748373923,0.9933722542343695,True,"{""num_rows"": ""2097152"", ""profile"": ""rle_misaligned""}"
experiment-7,pr-zero-collisions,Device=0 num_rows=32768 profile=zero_collision_pass1,False,False,3,0.9809218702033499,0.9696260411144185,0.9924026422757679,True,"{""num_rows"": ""32768"", ""profile"": ""zero_collision_pass1""}"
experiment-7,pr-zero-collisions,Device=0 num_rows=32768 profile=zero_collision_pass2,False,False,3,0.9812912033559176,0.9741900598959035,0.9863395912974082,True,"{""num_rows"": ""32768"", ""profile"": ""zero_collision_pass2""}"
experiment-7,pr-source,Device=0 num_rows=262144 profile=unique_32,False,False,3,0.9067987714238344,0.8796361546891053,0.9336240904063167,True,"{""num_rows"": ""262144"", ""profile"": ""unique_32""}"
experiment-7,pr-source,Device=0 num_rows=2097152 profile=unique_32,False,False,3,0.8412197804056282,0.8375629432829214,0.8441384356440221,True,"{""num_rows"": ""2097152"", ""profile"": ""unique_32""}"
experiment-7,pr-source,Device=0 num_rows=262144 profile=duplicates_32,False,False,3,0.7810919005215708,0.481318238801677,1.0529102425681822,True,"{""num_rows"": ""262144"", ""profile"": ""duplicates_32""}"
experiment-7,pr-source,Device=0 num_rows=2097152 profile=duplicates_32,False,False,3,0.711725036844737,0.7089706794637888,0.7129083710874489,True,"{""num_rows"": ""2097152"", ""profile"": ""duplicates_32""}"
experiment-7,pr-source,Device=0 num_rows=262144 profile=shared_prefix_24,False,False,3,0.9003163996279296,0.8980003332646108,0.9015054455377961,True,"{""num_rows"": ""262144"", ""profile"": ""shared_prefix_24""}"
experiment-7,pr-source,Device=0 num_rows=2097152 profile=shared_prefix_24,False,False,3,0.8393406963924077,0.8359783354861438,0.842086334869485,True,"{""num_rows"": ""2097152"", ""profile"": ""shared_prefix_24""}"
experiment-7,pr-source,Device=0 num_rows=262144 profile=raw_unique_40,False,False,3,1.0206230729701125,0.9860486141494156,1.0477064575557302,True,"{""num_rows"": ""262144"", ""profile"": ""raw_unique_40""}"
experiment-7,pr-source,Device=0 num_rows=2097152 profile=raw_unique_40,False,False,3,1.0073128302543295,0.9725212277022411,1.049209137225636,True,"{""num_rows"": ""2097152"", ""profile"": ""raw_unique_40""}"
experiment-7,pr-source,Device=0 num_rows=262144 profile=raw_duplicates_40,False,False,3,1.0025953779965149,0.9749938006134594,1.0274769166280087,True,"{""num_rows"": ""262144"", ""profile"": ""raw_duplicates_40""}"
experiment-7,pr-source,Device=0 num_rows=2097152 profile=raw_duplicates_40,False,False,3,0.9941011427198395,0.9892159475397004,0.9982441308103818,True,"{""num_rows"": ""2097152"", ""profile"": ""raw_duplicates_40""}"
experiment-7,pr-source,Device=0 num_rows=262144 profile=raw_shared_prefix_24_width_40,False,False,3,0.8259939217096739,0.8036878653976774,0.8361675111219514,True,"{""num_rows"": ""262144"", ""profile"": ""raw_shared_prefix_24_width_40""}"
experiment-7,pr-source,Device=0 num_rows=2097152 profile=raw_shared_prefix_24_width_40,False,False,3,0.7200708344465906,0.7179191901931876,0.7216881613292638,True,"{""num_rows"": ""2097152"", ""profile"": ""raw_shared_prefix_24_width_40""}"
experiment-3,stable-warps-1,Device=0 num_rows=32768 shared_suffix=0 segment_profile=pairs,True,True,3,0.9959957566358222,0.9663996751183646,1.0398475434092262,True,"{""num_rows"": ""32768"", ""segment_profile"": ""pairs"", ""shared_suffix"": ""0""}"
experiment-3,stable-warps-1,Device=0 num_rows=2097152 shared_suffix=0 segment_profile=pairs,True,True,3,0.9855907886790748,0.9745754604509639,0.9983972967257867,True,"{""num_rows"": ""2097152"", ""segment_profile"": ""pairs"", ""shared_suffix"": ""0""}"
experiment-3,stable-warps-1,Device=0 num_rows=32768 shared_suffix=64 segment_profile=pairs,True,True,3,0.9818370791477029,0.9410934879012437,1.0311415676467972,True,"{""num_rows"": ""32768"", ""segment_profile"": ""pairs"", ""shared_suffix"": ""64""}"
experiment-3,stable-warps-1,Device=0 num_rows=2097152 shared_suffix=64 segment_profile=pairs,True,True,3,0.9453010398492462,0.9382107984100961,0.9556014235867204,True,"{""num_rows"": ""2097152"", ""segment_profile"": ""pairs"", ""shared_suffix"": ""64""}"
experiment-3,stable-warps-1,Device=0 num_rows=32768 shared_suffix=0 segment_profile=tiny4,True,True,3,0.9808074539712559,0.9351760709196583,1.0211606531792505,True,"{""num_rows"": ""32768"", ""segment_profile"": ""tiny4"", ""shared_suffix"": ""0""}"
experiment-3,stable-warps-1,Device=0 num_rows=2097152 shared_suffix=0 segment_profile=tiny4,True,True,3,0.9188610405829871,0.8767646007309696,0.9469245170672449,True,"{""num_rows"": ""2097152"", ""segment_profile"": ""tiny4"", ""shared_suffix"": ""0""}"
experiment-3,stable-warps-1,Device=0 num_rows=32768 shared_suffix=64 segment_profile=tiny4,True,True,3,0.9276531623481944,0.8666009037074578,1.0163867700723233,True,"{""num_rows"": ""32768"", ""segment_profile"": ""tiny4"", ""shared_suffix"": ""64""}"
experiment-3,stable-warps-1,Device=0 num_rows=2097152 shared_suffix=64 segment_profile=tiny4,True,True,3,0.8507494472813432,0.841838724761219,0.8572097531257316,True,"{""num_rows"": ""2097152"", ""segment_profile"": ""tiny4"", ""shared_suffix"": ""64""}"
experiment-3,stable-warps-1,Device=0 num_rows=32768 shared_suffix=0 segment_profile=tiny8,True,True,3,0.9377613238417,0.8876121670468312,0.9867553637152023,True,"{""num_rows"": ""32768"", ""segment_profile"": ""tiny8"", ""shared_suffix"": ""0""}"
experiment-3,stable-warps-1,Device=0 num_rows=2097152 shared_suffix=0 segment_profile=tiny8,True,True,3,0.8131571186678155,0.8052528181371579,0.8218956606499331,True,"{""num_rows"": ""2097152"", ""segment_profile"": ""tiny8"", ""shared_suffix"": ""0""}"
experiment-3,stable-warps-1,Device=0 num_rows=32768 shared_suffix=64 segment_profile=tiny8,True,True,3,0.9151578425955592,0.8299735360281616,1.0168392337693761,True,"{""num_rows"": ""32768"", ""segment_profile"": ""tiny8"", ""shared_suffix"": ""64""}"
experiment-3,stable-warps-1,Device=0 num_rows=2097152 shared_suffix=64 segment_profile=tiny8,True,True,3,0.7540596940779861,0.7479095533513072,0.7607891335364761,True,"{""num_rows"": ""2097152"", ""segment_profile"": ""tiny8"", ""shared_suffix"": ""64""}"
experiment-3,stable-warps-1,Device=0 num_rows=32768 shared_suffix=0 segment_profile=tiny16,True,True,3,0.9191078828919237,0.8792627358903734,0.9713513689963826,True,"{""num_rows"": ""32768"", ""segment_profile"": ""tiny16"", ""shared_suffix"": ""0""}"
experiment-3,stable-warps-1,Device=0 num_rows=2097152 shared_suffix=0 segment_profile=tiny16,True,True,3,0.7507322970293344,0.7365365561325152,0.7667865958805015,True,"{""num_rows"": ""2097152"", ""segment_profile"": ""tiny16"", ""shared_suffix"": ""0""}"
experiment-3,stable-warps-1,Device=0 num_rows=32768 shared_suffix=64 segment_profile=tiny16,True,True,3,0.8773602936940281,0.8514403547594921,0.9111750023414349,True,"{""num_rows"": ""32768"", ""segment_profile"": ""tiny16"", ""shared_suffix"": ""64""}"
experiment-3,stable-warps-1,Device=0 num_rows=2097152 shared_suffix=64 segment_profile=tiny16,True,True,3,0.6776845728716244,0.6720088729724948,0.6835617869896599,True,"{""num_rows"": ""2097152"", ""segment_profile"": ""tiny16"", ""shared_suffix"": ""64""}"
experiment-3,stable-warps-1,Device=0 num_rows=32768 shared_suffix=0 segment_profile=tiny32,True,True,3,0.9086910491123728,0.8794689146590314,0.9518548783787618,True,"{""num_rows"": ""32768"", ""segment_profile"": ""tiny32"", ""shared_suffix"": ""0""}"
experiment-3,stable-warps-1,Device=0 num_rows=2097152 shared_suffix=0 segment_profile=tiny32,True,True,3,0.7038149775026666,0.6938535952212485,0.7162458379220746,True,"{""num_rows"": ""2097152"", ""segment_profile"": ""tiny32"", ""shared_suffix"": ""0""}"
experiment-3,stable-warps-1,Device=0 num_rows=32768 shared_suffix=64 segment_profile=tiny32,True,True,3,0.8494709703011759,0.8277322489044512,0.879297964015382,True,"{""num_rows"": ""32768"", ""segment_profile"": ""tiny32"", ""shared_suffix"": ""64""}"
experiment-3,stable-warps-1,Device=0 num_rows=2097152 shared_suffix=64 segment_profile=tiny32,True,True,3,0.6485513468549328,0.6446507704943674,0.6528888951836478,True,"{""num_rows"": ""2097152"", ""segment_profile"": ""tiny32"", ""shared_suffix"": ""64""}"
experiment-3,segments,Device=0 num_rows=32768 shared_suffix=0 segment_profile=singletons,False,False,3,0.9977153764980483,0.9810363778854699,1.0125905171831902,True,"{""num_rows"": ""32768"", ""segment_profile"": ""singletons"", ""shared_suffix"": ""0""}"
experiment-3,segments,Device=0 num_rows=2097152 shared_suffix=0 segment_profile=singletons,False,False,3,1.0036046912381846,0.5406076643386445,2.6664875455579766,True,"{""num_rows"": ""2097152"", ""segment_profile"": ""singletons"", ""shared_suffix"": ""0""}"
experiment-3,segments,Device=0 num_rows=32768 shared_suffix=64 segment_profile=singletons,False,False,3,1.0014718067879447,0.9848860738540245,1.0149454549628503,True,"{""num_rows"": ""32768"", ""segment_profile"": ""singletons"", ""shared_suffix"": ""64""}"
experiment-3,segments,Device=0 num_rows=2097152 shared_suffix=64 segment_profile=singletons,False,False,3,1.0024784500338393,0.989138219147353,1.012390584321077,True,"{""num_rows"": ""2097152"", ""segment_profile"": ""singletons"", ""shared_suffix"": ""64""}"
experiment-3,segments,Device=0 num_rows=32768 shared_suffix=0 segment_profile=pairs,False,False,3,1.005924577321355,0.9864010038339346,1.016250350926325,True,"{""num_rows"": ""32768"", ""segment_profile"": ""pairs"", ""shared_suffix"": ""0""}"
experiment-3,segments,Device=0 num_rows=2097152 shared_suffix=0 segment_profile=pairs,False,False,3,1.0001781164535464,0.9992459180891641,1.0026189723435668,True,"{""num_rows"": ""2097152"", ""segment_profile"": ""pairs"", ""shared_suffix"": ""0""}"
experiment-3,segments,Device=0 num_rows=32768 shared_suffix=64 segment_profile=pairs,False,False,3,0.9935007008328968,0.9847579219830066,1.0158414281313295,True,"{""num_rows"": ""32768"", ""segment_profile"": ""pairs"", ""shared_suffix"": ""64""}"
experiment-3,segments,Device=0 num_rows=2097152 shared_suffix=64 segment_profile=pairs,False,False,3,0.9992305021408325,0.9878134762562236,1.0089974084672357,True,"{""num_rows"": ""2097152"", ""segment_profile"": ""pairs"", ""shared_suffix"": ""64""}"
experiment-3,segments,Device=0 num_rows=32768 shared_suffix=0 segment_profile=tiny4,False,False,3,0.9880490591943086,0.9672883155988709,1.0116916896663515,True,"{""num_rows"": ""32768"", ""segment_profile"": ""tiny4"", ""shared_suffix"": ""0""}"
experiment-3,segments,Device=0 num_rows=2097152 shared_suffix=0 segment_profile=tiny4,False,False,3,0.9972774034109662,0.981220659384996,1.009421309765137,True,"{""num_rows"": ""2097152"", ""segment_profile"": ""tiny4"", ""shared_suffix"": ""0""}"
experiment-3,segments,Device=0 num_rows=32768 shared_suffix=64 segment_profile=tiny4,False,False,3,1.0119608884131914,0.9668388506346624,1.0545019563551663,True,"{""num_rows"": ""32768"", ""segment_profile"": ""tiny4"", ""shared_suffix"": ""64""}"
experiment-3,segments,Device=0 num_rows=2097152 shared_suffix=64 segment_profile=tiny4,False,False,3,0.9988040999578794,0.9954159954905905,1.0010089350769051,True,"{""num_rows"": ""2097152"", ""segment_profile"": ""tiny4"", ""shared_suffix"": ""64""}"
experiment-3,segments,Device=0 num_rows=32768 shared_suffix=0 segment_profile=tiny8,False,False,3,0.9848648172932136,0.9780251678930522,0.9967740189580907,True,"{""num_rows"": ""32768"", ""segment_profile"": ""tiny8"", ""shared_suffix"": ""0""}"
experiment-3,segments,Device=0 num_rows=2097152 shared_suffix=0 segment_profile=tiny8,False,False,3,0.9896941398194591,0.9861189259869604,0.9912605224247452,True,"{""num_rows"": ""2097152"", ""segment_profile"": ""tiny8"", ""shared_suffix"": ""0""}"
experiment-3,segments,Device=0 num_rows=32768 shared_suffix=64 segment_profile=tiny8,False,False,3,0.9832012764577498,0.927480615120199,1.0335150095110557,True,"{""num_rows"": ""32768"", ""segment_profile"": ""tiny8"", ""shared_suffix"": ""64""}"
experiment-3,segments,Device=0 num_rows=2097152 shared_suffix=64 segment_profile=tiny8,False,False,3,0.9958773622867055,0.9900577748524821,0.9996443931516039,True,"{""num_rows"": ""2097152"", ""segment_profile"": ""tiny8"", ""shared_suffix"": ""64""}"
experiment-3,segments,Device=0 num_rows=32768 shared_suffix=0 segment_profile=tiny16,False,False,3,0.9863253930972588,0.9713912522076459,1.003907112871487,True,"{""num_rows"": ""32768"", ""segment_profile"": ""tiny16"", ""shared_suffix"": ""0""}"
experiment-3,segments,Device=0 num_rows=2097152 shared_suffix=0 segment_profile=tiny16,False,False,3,0.9846965109439788,0.9706915272085741,0.9936347596085561,True,"{""num_rows"": ""2097152"", ""segment_profile"": ""tiny16"", ""shared_suffix"": ""0""}"
experiment-3,segments,Device=0 num_rows=32768 shared_suffix=64 segment_profile=tiny16,False,False,3,0.9958723837801353,0.9614825799738143,1.0209895423525712,True,"{""num_rows"": ""32768"", ""segment_profile"": ""tiny16"", ""shared_suffix"": ""64""}"
experiment-3,segments,Device=0 num_rows=2097152 shared_suffix=64 segment_profile=tiny16,False,False,3,0.9966195159969347,0.9941777659470761,0.9976543109108864,True,"{""num_rows"": ""2097152"", ""segment_profile"": ""tiny16"", ""shared_suffix"": ""64""}"
experiment-3,segments,Device=0 num_rows=32768 shared_suffix=0 segment_profile=tiny32,False,False,3,0.9974561171995717,0.9776880824347689,1.0062160565943081,True,"{""num_rows"": ""32768"", ""segment_profile"": ""tiny32"", ""shared_suffix"": ""0""}"
experiment-3,segments,Device=0 num_rows=2097152 shared_suffix=0 segment_profile=tiny32,False,False,3,0.9787915138313209,0.9767995458116301,0.9819497088775471,True,"{""num_rows"": ""2097152"", ""segment_profile"": ""tiny32"", ""shared_suffix"": ""0""}"
experiment-3,segments,Device=0 num_rows=32768 shared_suffix=64 segment_profile=tiny32,False,False,3,0.9952438573897744,0.9827962584351405,1.0017993898783208,True,"{""num_rows"": ""32768"", ""segment_profile"": ""tiny32"", ""shared_suffix"": ""64""}"
experiment-3,segments,Device=0 num_rows=2097152 shared_suffix=64 segment_profile=tiny32,False,False,3,0.9959749923938381,0.9902583132653648,1.0009405991908609,True,"{""num_rows"": ""2097152"", ""segment_profile"": ""tiny32"", ""shared_suffix"": ""64""}"
experiment-3,segments,Device=0 num_rows=32768 shared_suffix=0 segment_profile=block256,False,False,3,0.9955869417355341,0.9751708648732206,1.0032628423752645,True,"{""num_rows"": ""32768"", ""segment_profile"": ""block256"", ""shared_suffix"": ""0""}"
experiment-3,segments,Device=0 num_rows=2097152 shared_suffix=0 segment_profile=block256,False,False,3,0.9674645486086162,0.966015400208571,0.9683654091333639,True,"{""num_rows"": ""2097152"", ""segment_profile"": ""block256"", ""shared_suffix"": ""0""}"
experiment-3,segments,Device=0 num_rows=32768 shared_suffix=64 segment_profile=block256,False,False,3,0.9847844545079578,0.9413865669018309,1.023792721843879,True,"{""num_rows"": ""32768"", ""segment_profile"": ""block256"", ""shared_suffix"": ""64""}"
experiment-3,segments,Device=0 num_rows=2097152 shared_suffix=64 segment_profile=block256,False,False,3,0.9938429798876735,0.9909276214882129,0.9974920139321976,True,"{""num_rows"": ""2097152"", ""segment_profile"": ""block256"", ""shared_suffix"": ""64""}"
experiment-3,segments,Device=0 num_rows=32768 shared_suffix=0 segment_profile=logarithmic,False,False,3,0.9831391757621721,0.9797774032590479,0.9849616797280419,True,"{""num_rows"": ""32768"", ""segment_profile"": ""logarithmic"", ""shared_suffix"": ""0""}"
experiment-3,segments,Device=0 num_rows=2097152 shared_suffix=0 segment_profile=logarithmic,False,False,3,0.9928252723795779,0.991739076434755,0.9934246621927334,True,"{""num_rows"": ""2097152"", ""segment_profile"": ""logarithmic"", ""shared_suffix"": ""0""}"
experiment-3,segments,Device=0 num_rows=32768 shared_suffix=64 segment_profile=logarithmic,False,False,3,0.9928525166212926,0.9916249147857239,0.9937995550819905,True,"{""num_rows"": ""32768"", ""segment_profile"": ""logarithmic"", ""shared_suffix"": ""64""}"
experiment-3,segments,Device=0 num_rows=2097152 shared_suffix=64 segment_profile=logarithmic,False,False,3,0.9974639842673404,0.9961610476540642,0.9982256718359088,True,"{""num_rows"": ""2097152"", ""segment_profile"": ""logarithmic"", ""shared_suffix"": ""64""}"
experiment-3,segments,Device=0 num_rows=32768 shared_suffix=0 segment_profile=tiny_plus_giant,False,False,3,0.9867733306653204,0.9685201360050153,0.9972441052892494,True,"{""num_rows"": ""32768"", ""segment_profile"": ""tiny_plus_giant"", ""shared_suffix"": ""0""}"
experiment-3,segments,Device=0 num_rows=2097152 shared_suffix=0 segment_profile=tiny_plus_giant,False,False,3,0.9797700018511316,0.9774916223979041,0.9812240503945101,True,"{""num_rows"": ""2097152"", ""segment_profile"": ""tiny_plus_giant"", ""shared_suffix"": ""0""}"
experiment-3,segments,Device=0 num_rows=32768 shared_suffix=64 segment_profile=tiny_plus_giant,False,False,3,0.9934692946233318,0.981539042161534,1.0133527528912243,True,"{""num_rows"": ""32768"", ""segment_profile"": ""tiny_plus_giant"", ""shared_suffix"": ""64""}"
experiment-3,segments,Device=0 num_rows=2097152 shared_suffix=64 segment_profile=tiny_plus_giant,False,False,3,0.9953667873632456,0.9932230259635436,0.9965499103725615,True,"{""num_rows"": ""2097152"", ""segment_profile"": ""tiny_plus_giant"", ""shared_suffix"": ""64""}"
experiment-3,segments,Device=0 num_rows=32768 shared_suffix=0 segment_profile=hot90,False,False,3,0.9780447827737115,0.957515570275529,0.9917352695716158,True,"{""num_rows"": ""32768"", ""segment_profile"": ""hot90"", ""shared_suffix"": ""0""}"
experiment-3,segments,Device=0 num_rows=2097152 shared_suffix=0 segment_profile=hot90,False,False,3,0.9806163124316569,0.9793628767934947,0.9816528590920828,True,"{""num_rows"": ""2097152"", ""segment_profile"": ""hot90"", ""shared_suffix"": ""0""}"
experiment-3,segments,Device=0 num_rows=32768 shared_suffix=64 segment_profile=hot90,False,False,3,0.9847942688524008,0.975953124486448,0.9998325815506045,True,"{""num_rows"": ""32768"", ""segment_profile"": ""hot90"", ""shared_suffix"": ""64""}"
experiment-3,segments,Device=0 num_rows=2097152 shared_suffix=64 segment_profile=hot90,False,False,3,0.9947705872330163,0.9939865683158547,0.9958287010615383,True,"{""num_rows"": ""2097152"", ""segment_profile"": ""hot90"", ""shared_suffix"": ""64""}"
experiment-3,segments,Device=0 num_rows=32768 shared_suffix=0 segment_profile=few_giants,False,False,3,0.989020458049088,0.9575543038371687,1.0171172169351164,True,"{""num_rows"": ""32768"", ""segment_profile"": ""few_giants"", ""shared_suffix"": ""0""}"
experiment-3,segments,Device=0 num_rows=2097152 shared_suffix=0 segment_profile=few_giants,False,False,3,0.98169946676276,0.9784564135341385,0.9861537004653871,True,"{""num_rows"": ""2097152"", ""segment_profile"": ""few_giants"", ""shared_suffix"": ""0""}"
experiment-3,segments,Device=0 num_rows=32768 shared_suffix=64 segment_profile=few_giants,False,False,3,0.9878735617818855,0.9866343161441855,0.9903972240395401,True,"{""num_rows"": ""32768"", ""segment_profile"": ""few_giants"", ""shared_suffix"": ""64""}"
experiment-3,segments,Device=0 num_rows=2097152 shared_suffix=64 segment_profile=few_giants,False,False,3,0.99526589892707,0.9932771681597921,0.9968076490990635,True,"{""num_rows"": ""2097152"", ""segment_profile"": ""few_giants"", ""shared_suffix"": ""64""}"
experiment-3,segments,Device=0 num_rows=32768 shared_suffix=0 segment_profile=one_segment,False,False,3,0.9799309412690294,0.9628600352272275,0.9886700765612675,True,"{""num_rows"": ""32768"", ""segment_profile"": ""one_segment"", ""shared_suffix"": ""0""}"
experiment-3,segments,Device=0 num_rows=2097152 shared_suffix=0 segment_profile=one_segment,False,False,3,0.9802670551545872,0.9789374946268705,0.9839088608964992,True,"{""num_rows"": ""2097152"", ""segment_profile"": ""one_segment"", ""shared_suffix"": ""0""}"
experiment-3,segments,Device=0 num_rows=32768 shared_suffix=64 segment_profile=one_segment,False,False,3,0.987901861718965,0.986670785464716,0.9912680640334206,True,"{""num_rows"": ""32768"", ""segment_profile"": ""one_segment"", ""shared_suffix"": ""64""}"
experiment-3,segments,Device=0 num_rows=2097152 shared_suffix=64 segment_profile=one_segment,False,False,3,0.995448878847951,0.987894221967572,1.003284974367544,True,"{""num_rows"": ""2097152"", ""segment_profile"": ""one_segment"", ""shared_suffix"": ""64""}"
experiment-15,pr-diagnostics,Device=0 num_rows=262144 profile=finish_257,False,False,3,0.9938179136417461,0.9654369704562841,1.020709900899991,True,"{""num_rows"": ""262144"", ""profile"": ""finish_257""}"
experiment-15,pr-diagnostics,Device=0 num_rows=2097152 profile=finish_257,False,False,3,0.9938862538893286,0.9844429900499079,1.0042618954265172,True,"{""num_rows"": ""2097152"", ""profile"": ""finish_257""}"
experiment-15,pr-diagnostics,Device=0 num_rows=262144 profile=finish_1024,False,False,3,0.9885881795904754,0.9792539455256912,1.0015631520168449,True,"{""num_rows"": ""262144"", ""profile"": ""finish_1024""}"
experiment-15,pr-diagnostics,Device=0 num_rows=2097152 profile=finish_1024,False,False,3,0.994481882353168,0.9803910920422904,1.0125305729623437,True,"{""num_rows"": ""2097152"", ""profile"": ""finish_1024""}"
experiment-15,pr-diagnostics,Device=0 num_rows=262144 profile=finish_4096,False,False,3,0.978186026140161,0.9363060953652155,1.029451955520964,True,"{""num_rows"": ""262144"", ""profile"": ""finish_4096""}"
experiment-15,pr-diagnostics,Device=0 num_rows=2097152 profile=finish_4096,False,False,3,0.9956465311949951,0.9809787841959159,1.0061460270047764,True,"{""num_rows"": ""2097152"", ""profile"": ""finish_4096""}"
experiment-15,pr-diagnostics,Device=0 num_rows=262144 profile=active_50,False,False,3,1.1070011440883205,1.0886944907914229,1.1320014898501238,False,"{""num_rows"": ""262144"", ""profile"": ""active_50""}"
experiment-15,pr-diagnostics,Device=0 num_rows=2097152 profile=active_50,False,False,3,1.2053202239786964,1.187130885340341,1.2211112404393816,False,"{""num_rows"": ""2097152"", ""profile"": ""active_50""}"
experiment-15,pr-diagnostics,Device=0 num_rows=262144 profile=active_10,False,False,3,0.9825071502327826,0.9812038282097729,0.9845349634859119,True,"{""num_rows"": ""262144"", ""profile"": ""active_10""}"
experiment-15,pr-diagnostics,Device=0 num_rows=2097152 profile=active_10,False,False,3,1.1016808825440987,1.051180651179548,1.1683044020940225,False,"{""num_rows"": ""2097152"", ""profile"": ""active_10""}"
experiment-15,pr-diagnostics,Device=0 num_rows=262144 profile=active_1,False,False,3,0.9885631797445781,0.974694800461658,0.9995166929532532,True,"{""num_rows"": ""262144"", ""profile"": ""active_1""}"
experiment-15,pr-diagnostics,Device=0 num_rows=2097152 profile=active_1,False,False,3,0.9956064873651961,0.9733757323915554,1.0223342260069934,True,"{""num_rows"": ""2097152"", ""profile"": ""active_1""}"
experiment-15,pr-diagnostics,Device=0 num_rows=262144 profile=active_0_1,False,False,3,0.9898160465282818,0.9663138882575592,1.0128581175220903,True,"{""num_rows"": ""262144"", ""profile"": ""active_0_1""}"
experiment-15,pr-diagnostics,Device=0 num_rows=2097152 profile=active_0_1,False,False,3,0.990973396742552,0.9601382991920162,1.027415219215396,True,"{""num_rows"": ""2097152"", ""profile"": ""active_0_1""}"
experiment-15,pr-diagnostics,Device=0 num_rows=262144 profile=duplicates_6,False,False,3,0.9900182619716881,0.9658119657588707,1.0267172915853797,True,"{""num_rows"": ""262144"", ""profile"": ""duplicates_6""}"
experiment-15,pr-diagnostics,Device=0 num_rows=2097152 profile=duplicates_6,False,False,3,0.9761971371259269,0.9680583553558042,0.9906771715631807,True,"{""num_rows"": ""2097152"", ""profile"": ""duplicates_6""}"
experiment-15,pr-diagnostics,Device=0 num_rows=262144 profile=duplicates_8,False,False,3,0.9881767889096744,0.9155562742826707,1.0628602182537532,True,"{""num_rows"": ""262144"", ""profile"": ""duplicates_8""}"
experiment-15,pr-diagnostics,Device=0 num_rows=2097152 profile=duplicates_8,False,False,3,0.9739372335057022,0.9668933976729862,0.9848183914109412,True,"{""num_rows"": ""2097152"", ""profile"": ""duplicates_8""}"
experiment-15,pr-diagnostics,Device=0 num_rows=262144 profile=duplicates_12,False,False,3,0.9970432968005224,0.9729847133656037,1.0248169202266686,True,"{""num_rows"": ""262144"", ""profile"": ""duplicates_12""}"
experiment-15,pr-diagnostics,Device=0 num_rows=2097152 profile=duplicates_12,False,False,3,0.9973390333398723,0.9959039993517099,0.9989344384503007,True,"{""num_rows"": ""2097152"", ""profile"": ""duplicates_12""}"
experiment-15,pr-diagnostics,Device=0 num_rows=262144 profile=duplicates_16,False,False,3,0.9936661307863814,0.9850710702784201,1.0061969609232075,True,"{""num_rows"": ""262144"", ""profile"": ""duplicates_16""}"
experiment-15,pr-diagnostics,Device=0 num_rows=2097152 profile=duplicates_16,False,False,3,0.9802430888814249,0.977823088011475,0.9835787233323942,True,"{""num_rows"": ""2097152"", ""profile"": ""duplicates_16""}"
experiment-15,pr-diagnostics,Device=0 num_rows=262144 profile=duplicates_24,False,False,3,0.9891233266294016,0.9831908380049098,1.0043421721056007,True,"{""num_rows"": ""262144"", ""profile"": ""duplicates_24""}"
experiment-15,pr-diagnostics,Device=0 num_rows=2097152 profile=duplicates_24,False,False,3,0.9857745030289453,0.9822757104772087,0.9893226699579253,True,"{""num_rows"": ""2097152"", ""profile"": ""duplicates_24""}"
experiment-15,pr-diagnostics,Device=0 num_rows=262144 profile=duplicates_32,False,False,3,0.9924949758239068,0.9796140992344928,1.0080847776263056,True,"{""num_rows"": ""262144"", ""profile"": ""duplicates_32""}"
experiment-15,pr-diagnostics,Device=0 num_rows=2097152 profile=duplicates_32,False,False,3,0.9901097246717298,0.9854824190433323,0.9944390321931507,True,"{""num_rows"": ""2097152"", ""profile"": ""duplicates_32""}"
experiment-15,pr-diagnostics,Device=0 num_rows=262144 profile=rle_misaligned,False,False,3,0.7513389466826622,0.7377828245038611,0.7682774716065417,True,"{""num_rows"": ""262144"", ""profile"": ""rle_misaligned""}"
experiment-15,pr-diagnostics,Device=0 num_rows=2097152 profile=rle_misaligned,False,False,3,0.6823049288589941,0.6806813356180099,0.6836265545394032,True,"{""num_rows"": ""2097152"", ""profile"": ""rle_misaligned""}"
experiment-15,stable-warps-0,Device=0 num_rows=32768 shared_suffix=0 segment_profile=pairs,True,False,3,1.007983227582758,0.9689674354110597,1.082323315955494,True,"{""num_rows"": ""32768"", ""segment_profile"": ""pairs"", ""shared_suffix"": ""0""}"
experiment-15,stable-warps-0,Device=0 num_rows=2097152 shared_suffix=0 segment_profile=pairs,True,False,3,0.9858085805034665,0.9594232831249634,1.0233027870971487,True,"{""num_rows"": ""2097152"", ""segment_profile"": ""pairs"", ""shared_suffix"": ""0""}"
experiment-15,stable-warps-0,Device=0 num_rows=32768 shared_suffix=64 segment_profile=pairs,True,False,3,0.9889664697452301,0.9460752209671757,1.0601842387747793,True,"{""num_rows"": ""32768"", ""segment_profile"": ""pairs"", ""shared_suffix"": ""64""}"
experiment-15,stable-warps-0,Device=0 num_rows=2097152 shared_suffix=64 segment_profile=pairs,True,False,3,0.9447674912044882,0.9372379068851315,0.9656176652131297,True,"{""num_rows"": ""2097152"", ""segment_profile"": ""pairs"", ""shared_suffix"": ""64""}"
experiment-15,stable-warps-0,Device=0 num_rows=32768 shared_suffix=0 segment_profile=tiny4,True,False,3,0.9973394918004896,0.9233857431814589,1.1049551163547546,True,"{""num_rows"": ""32768"", ""segment_profile"": ""tiny4"", ""shared_suffix"": ""0""}"
experiment-15,stable-warps-0,Device=0 num_rows=2097152 shared_suffix=0 segment_profile=tiny4,True,False,3,0.9178429157667085,0.9026397369319528,0.9423346517674112,True,"{""num_rows"": ""2097152"", ""segment_profile"": ""tiny4"", ""shared_suffix"": ""0""}"
experiment-15,stable-warps-0,Device=0 num_rows=32768 shared_suffix=64 segment_profile=tiny4,True,False,3,0.9947904877475763,0.8949482340322044,1.0762439152841334,True,"{""num_rows"": ""32768"", ""segment_profile"": ""tiny4"", ""shared_suffix"": ""64""}"
experiment-15,stable-warps-0,Device=0 num_rows=2097152 shared_suffix=64 segment_profile=tiny4,True,False,3,0.849767769207283,0.838799976076865,0.8645760731679314,True,"{""num_rows"": ""2097152"", ""segment_profile"": ""tiny4"", ""shared_suffix"": ""64""}"
experiment-15,stable-warps-0,Device=0 num_rows=32768 shared_suffix=0 segment_profile=tiny8,True,False,3,0.9438205414276137,0.8828670045601953,1.0412503162403282,True,"{""num_rows"": ""32768"", ""segment_profile"": ""tiny8"", ""shared_suffix"": ""0""}"
experiment-15,stable-warps-0,Device=0 num_rows=2097152 shared_suffix=0 segment_profile=tiny8,True,False,3,0.8175081142390093,0.8034444304102145,0.8346111853376684,True,"{""num_rows"": ""2097152"", ""segment_profile"": ""tiny8"", ""shared_suffix"": ""0""}"
experiment-15,stable-warps-0,Device=0 num_rows=32768 shared_suffix=64 segment_profile=tiny8,True,False,3,0.9227621304445662,0.8771120467928079,0.9901869903826301,True,"{""num_rows"": ""32768"", ""segment_profile"": ""tiny8"", ""shared_suffix"": ""64""}"
experiment-15,stable-warps-0,Device=0 num_rows=2097152 shared_suffix=64 segment_profile=tiny8,True,False,3,0.7548555159558831,0.7465121475898163,0.7670301816560271,True,"{""num_rows"": ""2097152"", ""segment_profile"": ""tiny8"", ""shared_suffix"": ""64""}"
experiment-15,stable-warps-0,Device=0 num_rows=32768 shared_suffix=0 segment_profile=tiny16,True,False,3,0.9298314086394406,0.8842561585152213,1.009613642937982,True,"{""num_rows"": ""32768"", ""segment_profile"": ""tiny16"", ""shared_suffix"": ""0""}"
experiment-15,stable-warps-0,Device=0 num_rows=2097152 shared_suffix=0 segment_profile=tiny16,True,False,3,0.7544239732682931,0.7403001806792158,0.772286810977989,True,"{""num_rows"": ""2097152"", ""segment_profile"": ""tiny16"", ""shared_suffix"": ""0""}"
experiment-15,stable-warps-0,Device=0 num_rows=32768 shared_suffix=64 segment_profile=tiny16,True,False,3,0.8918304936203955,0.7954895658394999,0.9930623229304422,True,"{""num_rows"": ""32768"", ""segment_profile"": ""tiny16"", ""shared_suffix"": ""64""}"
experiment-15,stable-warps-0,Device=0 num_rows=2097152 shared_suffix=64 segment_profile=tiny16,True,False,3,0.6786724684782875,0.6720599035772238,0.6874820508760909,True,"{""num_rows"": ""2097152"", ""segment_profile"": ""tiny16"", ""shared_suffix"": ""64""}"
experiment-15,stable-warps-0,Device=0 num_rows=32768 shared_suffix=0 segment_profile=tiny32,True,False,3,0.9232134527457574,0.8807542642228902,0.9859753274405242,True,"{""num_rows"": ""32768"", ""segment_profile"": ""tiny32"", ""shared_suffix"": ""0""}"
experiment-15,stable-warps-0,Device=0 num_rows=2097152 shared_suffix=0 segment_profile=tiny32,True,False,3,0.7101814978441142,0.6884574818570715,0.7364444394709475,True,"{""num_rows"": ""2097152"", ""segment_profile"": ""tiny32"", ""shared_suffix"": ""0""}"
experiment-15,stable-warps-0,Device=0 num_rows=32768 shared_suffix=64 segment_profile=tiny32,True,False,3,0.8664729485929675,0.8024278183294213,0.9461318042549692,True,"{""num_rows"": ""32768"", ""segment_profile"": ""tiny32"", ""shared_suffix"": ""64""}"
experiment-15,stable-warps-0,Device=0 num_rows=2097152 shared_suffix=64 segment_profile=tiny32,True,False,3,0.6494952877769119,0.6445275881676054,0.6572137941285602,True,"{""num_rows"": ""2097152"", ""segment_profile"": ""tiny32"", ""shared_suffix"": ""64""}"
experiment-7,segments,Device=0 num_rows=32768 shared_suffix=0 segment_profile=singletons,False,False,3,1.0021802251680676,0.9848053016795285,1.024558300128842,True,"{""num_rows"": ""32768"", ""segment_profile"": ""singletons"", ""shared_suffix"": ""0""}"
experiment-7,segments,Device=0 num_rows=2097152 shared_suffix=0 segment_profile=singletons,False,False,3,1.614737943919336,0.6883418553763812,2.822144352695338,True,"{""num_rows"": ""2097152"", ""segment_profile"": ""singletons"", ""shared_suffix"": ""0""}"
experiment-7,segments,Device=0 num_rows=32768 shared_suffix=64 segment_profile=singletons,False,False,3,1.002642298248004,0.9882368296763532,1.0185715624320186,True,"{""num_rows"": ""32768"", ""segment_profile"": ""singletons"", ""shared_suffix"": ""64""}"
experiment-7,segments,Device=0 num_rows=2097152 shared_suffix=64 segment_profile=singletons,False,False,3,1.0044857734291277,0.9884487828051859,1.0263355046602667,True,"{""num_rows"": ""2097152"", ""segment_profile"": ""singletons"", ""shared_suffix"": ""64""}"
experiment-7,segments,Device=0 num_rows=32768 shared_suffix=0 segment_profile=pairs,False,False,3,1.0114452008177388,1.008723958220085,1.0152895351202669,True,"{""num_rows"": ""32768"", ""segment_profile"": ""pairs"", ""shared_suffix"": ""0""}"
experiment-7,segments,Device=0 num_rows=2097152 shared_suffix=0 segment_profile=pairs,False,False,3,1.0049328051243944,0.9967764683830013,1.012915144684246,True,"{""num_rows"": ""2097152"", ""segment_profile"": ""pairs"", ""shared_suffix"": ""0""}"
experiment-7,segments,Device=0 num_rows=32768 shared_suffix=64 segment_profile=pairs,False,False,3,1.000680974313364,0.9856304430621301,1.0320190824528852,True,"{""num_rows"": ""32768"", ""segment_profile"": ""pairs"", ""shared_suffix"": ""64""}"
experiment-7,segments,Device=0 num_rows=2097152 shared_suffix=64 segment_profile=pairs,False,False,3,0.9989480405067781,0.9899550059041852,1.0088418079370456,True,"{""num_rows"": ""2097152"", ""segment_profile"": ""pairs"", ""shared_suffix"": ""64""}"
experiment-7,segments,Device=0 num_rows=32768 shared_suffix=0 segment_profile=tiny4,False,False,3,0.9918668661669848,0.9760546055037905,1.026334769503453,True,"{""num_rows"": ""32768"", ""segment_profile"": ""tiny4"", ""shared_suffix"": ""0""}"
experiment-7,segments,Device=0 num_rows=2097152 shared_suffix=0 segment_profile=tiny4,False,False,3,0.9972164765130962,0.9727422314907792,1.0229399869860067,True,"{""num_rows"": ""2097152"", ""segment_profile"": ""tiny4"", ""shared_suffix"": ""0""}"
experiment-7,segments,Device=0 num_rows=32768 shared_suffix=64 segment_profile=tiny4,False,False,3,1.022872911996635,0.9771352352870692,1.0703968327396955,True,"{""num_rows"": ""32768"", ""segment_profile"": ""tiny4"", ""shared_suffix"": ""64""}"
experiment-7,segments,Device=0 num_rows=2097152 shared_suffix=64 segment_profile=tiny4,False,False,3,1.000948284197126,0.9944268972894317,1.0082680523720633,True,"{""num_rows"": ""2097152"", ""segment_profile"": ""tiny4"", ""shared_suffix"": ""64""}"
experiment-7,segments,Device=0 num_rows=32768 shared_suffix=0 segment_profile=tiny8,False,False,3,0.9903294825973155,0.9555704574219628,1.044174254961118,True,"{""num_rows"": ""32768"", ""segment_profile"": ""tiny8"", ""shared_suffix"": ""0""}"
experiment-7,segments,Device=0 num_rows=2097152 shared_suffix=0 segment_profile=tiny8,False,False,3,0.9924252558655149,0.9806327723129261,1.0053077334593525,True,"{""num_rows"": ""2097152"", ""segment_profile"": ""tiny8"", ""shared_suffix"": ""0""}"
experiment-7,segments,Device=0 num_rows=32768 shared_suffix=64 segment_profile=tiny8,False,False,3,0.9889444253768247,0.9243354304333724,1.0505016797291495,True,"{""num_rows"": ""32768"", ""segment_profile"": ""tiny8"", ""shared_suffix"": ""64""}"
experiment-7,segments,Device=0 num_rows=2097152 shared_suffix=64 segment_profile=tiny8,False,False,3,0.9987059400625203,0.9892820267271328,1.006170228864952,True,"{""num_rows"": ""2097152"", ""segment_profile"": ""tiny8"", ""shared_suffix"": ""64""}"
experiment-7,segments,Device=0 num_rows=32768 shared_suffix=0 segment_profile=tiny16,False,False,3,0.9893108900271396,0.975038590597773,1.0110913878729766,True,"{""num_rows"": ""32768"", ""segment_profile"": ""tiny16"", ""shared_suffix"": ""0""}"
experiment-7,segments,Device=0 num_rows=2097152 shared_suffix=0 segment_profile=tiny16,False,False,3,0.9849851160691598,0.965515589610079,1.0044978362237686,True,"{""num_rows"": ""2097152"", ""segment_profile"": ""tiny16"", ""shared_suffix"": ""0""}"
experiment-7,segments,Device=0 num_rows=32768 shared_suffix=64 segment_profile=tiny16,False,False,3,1.0013960995479578,0.9624712418738294,1.0331814788003186,True,"{""num_rows"": ""32768"", ""segment_profile"": ""tiny16"", ""shared_suffix"": ""64""}"
experiment-7,segments,Device=0 num_rows=2097152 shared_suffix=64 segment_profile=tiny16,False,False,3,0.9968706513419623,0.9913274502332364,1.002207376871936,True,"{""num_rows"": ""2097152"", ""segment_profile"": ""tiny16"", ""shared_suffix"": ""64""}"
experiment-7,segments,Device=0 num_rows=32768 shared_suffix=0 segment_profile=tiny32,False,False,3,0.9983695429082158,0.968784401820043,1.028830334997833,True,"{""num_rows"": ""32768"", ""segment_profile"": ""tiny32"", ""shared_suffix"": ""0""}"
experiment-7,segments,Device=0 num_rows=2097152 shared_suffix=0 segment_profile=tiny32,False,False,3,0.979893650917234,0.976555684247674,0.9871446802934498,True,"{""num_rows"": ""2097152"", ""segment_profile"": ""tiny32"", ""shared_suffix"": ""0""}"
experiment-7,segments,Device=0 num_rows=32768 shared_suffix=64 segment_profile=tiny32,False,False,3,1.0088128564281043,0.9959247944067694,1.0289297369416157,True,"{""num_rows"": ""32768"", ""segment_profile"": ""tiny32"", ""shared_suffix"": ""64""}"
experiment-7,segments,Device=0 num_rows=2097152 shared_suffix=64 segment_profile=tiny32,False,False,3,0.9969220019184303,0.995303625758321,0.9978182077686667,True,"{""num_rows"": ""2097152"", ""segment_profile"": ""tiny32"", ""shared_suffix"": ""64""}"
experiment-7,segments,Device=0 num_rows=32768 shared_suffix=0 segment_profile=block256,False,False,3,0.9994251870783041,0.9592153628426208,1.038209491341777,True,"{""num_rows"": ""32768"", ""segment_profile"": ""block256"", ""shared_suffix"": ""0""}"
experiment-7,segments,Device=0 num_rows=2097152 shared_suffix=0 segment_profile=block256,False,False,3,0.9682256802667355,0.962474482606028,0.9761286685743976,True,"{""num_rows"": ""2097152"", ""segment_profile"": ""block256"", ""shared_suffix"": ""0""}"
experiment-7,segments,Device=0 num_rows=32768 shared_suffix=64 segment_profile=block256,False,False,3,0.9880168565139621,0.9606280921333035,1.0154679524310235,True,"{""num_rows"": ""32768"", ""segment_profile"": ""block256"", ""shared_suffix"": ""64""}"
experiment-7,segments,Device=0 num_rows=2097152 shared_suffix=64 segment_profile=block256,False,False,3,0.9956163586225364,0.9950521670385978,0.995943920773421,True,"{""num_rows"": ""2097152"", ""segment_profile"": ""block256"", ""shared_suffix"": ""64""}"
experiment-7,segments,Device=0 num_rows=32768 shared_suffix=0 segment_profile=logarithmic,False,False,3,0.984549080521891,0.9588863509069706,1.019782601927849,True,"{""num_rows"": ""32768"", ""segment_profile"": ""logarithmic"", ""shared_suffix"": ""0""}"
experiment-7,segments,Device=0 num_rows=2097152 shared_suffix=0 segment_profile=logarithmic,False,False,3,0.992935788471266,0.9884578901901501,0.9989466236081267,True,"{""num_rows"": ""2097152"", ""segment_profile"": ""logarithmic"", ""shared_suffix"": ""0""}"
experiment-7,segments,Device=0 num_rows=32768 shared_suffix=64 segment_profile=logarithmic,False,False,3,0.9942498786997852,0.9883197712060647,1.0019445257481965,True,"{""num_rows"": ""32768"", ""segment_profile"": ""logarithmic"", ""shared_suffix"": ""64""}"
experiment-7,segments,Device=0 num_rows=2097152 shared_suffix=64 segment_profile=logarithmic,False,False,3,0.9984630927595195,0.9969052322558983,0.9991479887089577,True,"{""num_rows"": ""2097152"", ""segment_profile"": ""logarithmic"", ""shared_suffix"": ""64""}"
experiment-7,segments,Device=0 num_rows=32768 shared_suffix=0 segment_profile=tiny_plus_giant,False,False,3,0.9893806008681432,0.9816699661003561,0.9946513562858386,True,"{""num_rows"": ""32768"", ""segment_profile"": ""tiny_plus_giant"", ""shared_suffix"": ""0""}"
experiment-7,segments,Device=0 num_rows=2097152 shared_suffix=0 segment_profile=tiny_plus_giant,False,False,3,1.0119518274611323,1.0039452932987571,1.023807648796336,True,"{""num_rows"": ""2097152"", ""segment_profile"": ""tiny_plus_giant"", ""shared_suffix"": ""0""}"
experiment-7,segments,Device=0 num_rows=32768 shared_suffix=64 segment_profile=tiny_plus_giant,False,False,3,0.9956391921384736,0.9849435970909262,1.005471758997681,True,"{""num_rows"": ""32768"", ""segment_profile"": ""tiny_plus_giant"", ""shared_suffix"": ""64""}"
experiment-7,segments,Device=0 num_rows=2097152 shared_suffix=64 segment_profile=tiny_plus_giant,False,False,3,0.6336909727475541,0.6323295108723371,0.6352377427908916,True,"{""num_rows"": ""2097152"", ""segment_profile"": ""tiny_plus_giant"", ""shared_suffix"": ""64""}"
experiment-7,segments,Device=0 num_rows=32768 shared_suffix=0 segment_profile=hot90,False,False,3,0.9781908215034498,0.967815100202339,0.9990473817011805,True,"{""num_rows"": ""32768"", ""segment_profile"": ""hot90"", ""shared_suffix"": ""0""}"
experiment-7,segments,Device=0 num_rows=2097152 shared_suffix=0 segment_profile=hot90,False,False,3,1.0516747474915198,1.049091983972705,1.0554428184668796,False,"{""num_rows"": ""2097152"", ""segment_profile"": ""hot90"", ""shared_suffix"": ""0""}"
experiment-7,segments,Device=0 num_rows=32768 shared_suffix=64 segment_profile=hot90,False,False,3,0.9877143090308318,0.9671979439685893,1.0149849850962038,True,"{""num_rows"": ""32768"", ""segment_profile"": ""hot90"", ""shared_suffix"": ""64""}"
experiment-7,segments,Device=0 num_rows=2097152 shared_suffix=64 segment_profile=hot90,False,False,3,0.3673340808482089,0.3669274677222565,0.3676953815447738,True,"{""num_rows"": ""2097152"", ""segment_profile"": ""hot90"", ""shared_suffix"": ""64""}"
experiment-7,segments,Device=0 num_rows=32768 shared_suffix=0 segment_profile=few_giants,False,False,3,0.9951186248723329,0.9545262195835048,1.0362085445236253,True,"{""num_rows"": ""32768"", ""segment_profile"": ""few_giants"", ""shared_suffix"": ""0""}"
experiment-7,segments,Device=0 num_rows=2097152 shared_suffix=0 segment_profile=few_giants,False,False,3,0.9822219999418853,0.973959405376873,0.9933257156629373,True,"{""num_rows"": ""2097152"", ""segment_profile"": ""few_giants"", ""shared_suffix"": ""0""}"
experiment-7,segments,Device=0 num_rows=32768 shared_suffix=64 segment_profile=few_giants,False,False,3,0.9995387325616448,0.960028052696704,1.0286327629820826,True,"{""num_rows"": ""32768"", ""segment_profile"": ""few_giants"", ""shared_suffix"": ""64""}"
experiment-7,segments,Device=0 num_rows=2097152 shared_suffix=64 segment_profile=few_giants,False,False,3,0.9960188104739791,0.9921640225390733,1.0002908650009183,True,"{""num_rows"": ""2097152"", ""segment_profile"": ""few_giants"", ""shared_suffix"": ""64""}"
experiment-7,segments,Device=0 num_rows=32768 shared_suffix=0 segment_profile=one_segment,False,False,3,0.9820780868842087,0.9612164098910564,1.0000482890300115,True,"{""num_rows"": ""32768"", ""segment_profile"": ""one_segment"", ""shared_suffix"": ""0""}"
experiment-7,segments,Device=0 num_rows=2097152 shared_suffix=0 segment_profile=one_segment,False,False,3,1.059085297840118,1.057520145055392,1.0618994588832504,False,"{""num_rows"": ""2097152"", ""segment_profile"": ""one_segment"", ""shared_suffix"": ""0""}"
experiment-7,segments,Device=0 num_rows=32768 shared_suffix=64 segment_profile=one_segment,False,False,3,0.992552320318049,0.9781557731937596,1.0042364460710946,True,"{""num_rows"": ""32768"", ""segment_profile"": ""one_segment"", ""shared_suffix"": ""64""}"
experiment-7,segments,Device=0 num_rows=2097152 shared_suffix=64 segment_profile=one_segment,False,False,3,0.35582127014048026,0.3538395721766581,0.3588984194161523,True,"{""num_rows"": ""2097152"", ""segment_profile"": ""one_segment"", ""shared_suffix"": ""64""}"
experiment-3,stable-warps-0,Device=0 num_rows=32768 shared_suffix=0 segment_profile=pairs,True,False,3,1.002107808900244,0.9930441231111804,1.0144538697849093,True,"{""num_rows"": ""32768"", ""segment_profile"": ""pairs"", ""shared_suffix"": ""0""}"
experiment-3,stable-warps-0,Device=0 num_rows=2097152 shared_suffix=0 segment_profile=pairs,True,False,3,0.9833193456092783,0.9708857673424932,1.0057156800730063,True,"{""num_rows"": ""2097152"", ""segment_profile"": ""pairs"", ""shared_suffix"": ""0""}"
experiment-3,stable-warps-0,Device=0 num_rows=32768 shared_suffix=64 segment_profile=pairs,True,False,3,0.9877962307427548,0.9670119711138043,1.0009404377292226,True,"{""num_rows"": ""32768"", ""segment_profile"": ""pairs"", ""shared_suffix"": ""64""}"
experiment-3,stable-warps-0,Device=0 num_rows=2097152 shared_suffix=64 segment_profile=pairs,True,False,3,0.9477977695381619,0.9400029362885052,0.9608786080891694,True,"{""num_rows"": ""2097152"", ""segment_profile"": ""pairs"", ""shared_suffix"": ""64""}"
experiment-3,stable-warps-0,Device=0 num_rows=32768 shared_suffix=0 segment_profile=tiny4,True,False,3,0.9964255940601293,0.9847779942374213,1.0035405731920954,True,"{""num_rows"": ""32768"", ""segment_profile"": ""tiny4"", ""shared_suffix"": ""0""}"
experiment-3,stable-warps-0,Device=0 num_rows=2097152 shared_suffix=0 segment_profile=tiny4,True,False,3,0.9173055347220945,0.9116317648042191,0.9289235180077414,True,"{""num_rows"": ""2097152"", ""segment_profile"": ""tiny4"", ""shared_suffix"": ""0""}"
experiment-3,stable-warps-0,Device=0 num_rows=32768 shared_suffix=64 segment_profile=tiny4,True,False,3,0.9629778090950802,0.9442494339957226,0.9843737617409967,True,"{""num_rows"": ""32768"", ""segment_profile"": ""tiny4"", ""shared_suffix"": ""64""}"
experiment-3,stable-warps-0,Device=0 num_rows=2097152 shared_suffix=64 segment_profile=tiny4,True,False,3,0.8500255475227892,0.8486800743775911,0.8521678723781793,True,"{""num_rows"": ""2097152"", ""segment_profile"": ""tiny4"", ""shared_suffix"": ""64""}"
experiment-3,stable-warps-0,Device=0 num_rows=32768 shared_suffix=0 segment_profile=tiny8,True,False,3,0.9439550260353174,0.9383550719333896,0.9460099493374499,True,"{""num_rows"": ""32768"", ""segment_profile"": ""tiny8"", ""shared_suffix"": ""0""}"
experiment-3,stable-warps-0,Device=0 num_rows=2097152 shared_suffix=0 segment_profile=tiny8,True,False,3,0.8154745225221272,0.8105509248773852,0.8197089466498804,True,"{""num_rows"": ""2097152"", ""segment_profile"": ""tiny8"", ""shared_suffix"": ""0""}"
experiment-3,stable-warps-0,Device=0 num_rows=32768 shared_suffix=64 segment_profile=tiny8,True,False,3,0.9170778568792628,0.9048239907502071,0.9341719261422412,True,"{""num_rows"": ""32768"", ""segment_profile"": ""tiny8"", ""shared_suffix"": ""64""}"
experiment-3,stable-warps-0,Device=0 num_rows=2097152 shared_suffix=64 segment_profile=tiny8,True,False,3,0.7544643424836461,0.7524218726158212,0.75792579983971,True,"{""num_rows"": ""2097152"", ""segment_profile"": ""tiny8"", ""shared_suffix"": ""64""}"
experiment-3,stable-warps-0,Device=0 num_rows=32768 shared_suffix=0 segment_profile=tiny16,True,False,3,0.9265483380440298,0.9233131848073024,0.93088606644313,True,"{""num_rows"": ""32768"", ""segment_profile"": ""tiny16"", ""shared_suffix"": ""0""}"
experiment-3,stable-warps-0,Device=0 num_rows=2097152 shared_suffix=0 segment_profile=tiny16,True,False,3,0.7545746096049193,0.7457105828379027,0.7708902198898224,True,"{""num_rows"": ""2097152"", ""segment_profile"": ""tiny16"", ""shared_suffix"": ""0""}"
experiment-3,stable-warps-0,Device=0 num_rows=32768 shared_suffix=64 segment_profile=tiny16,True,False,3,0.8878508290798965,0.8267890197527943,0.9259220065971071,True,"{""num_rows"": ""32768"", ""segment_profile"": ""tiny16"", ""shared_suffix"": ""64""}"
experiment-3,stable-warps-0,Device=0 num_rows=2097152 shared_suffix=64 segment_profile=tiny16,True,False,3,0.6779155951383198,0.6765037437725703,0.6810692494551638,True,"{""num_rows"": ""2097152"", ""segment_profile"": ""tiny16"", ""shared_suffix"": ""64""}"
experiment-3,stable-warps-0,Device=0 num_rows=32768 shared_suffix=0 segment_profile=tiny32,True,False,3,0.9135832714686751,0.8985231258147871,0.9245551715004602,True,"{""num_rows"": ""32768"", ""segment_profile"": ""tiny32"", ""shared_suffix"": ""0""}"
experiment-3,stable-warps-0,Device=0 num_rows=2097152 shared_suffix=0 segment_profile=tiny32,True,False,3,0.7059554083601464,0.7041455558568899,0.7096586463065874,True,"{""num_rows"": ""2097152"", ""segment_profile"": ""tiny32"", ""shared_suffix"": ""0""}"
experiment-3,stable-warps-0,Device=0 num_rows=32768 shared_suffix=64 segment_profile=tiny32,True,False,3,0.8576701553845709,0.8290405913536774,0.8686303505891353,True,"{""num_rows"": ""32768"", ""segment_profile"": ""tiny32"", ""shared_suffix"": ""64""}"
experiment-3,stable-warps-0,Device=0 num_rows=2097152 shared_suffix=64 segment_profile=tiny32,True,False,3,0.6492604953041622,0.6471049288770129,0.6532071478800885,True,"{""num_rows"": ""2097152"", ""segment_profile"": ""tiny32"", ""shared_suffix"": ""64""}"
experiment-7,end-to-end,Device=0 min_width=0 max_width=32 num_rows=262144 workload=normal,False,False,3,0.986062697254611,0.9775924847069489,0.9938737839965736,True,"{""max_width"": ""32"", ""min_width"": ""0"", ""num_rows"": ""262144"", ""workload"": ""normal""}"
experiment-7,end-to-end,Device=0 min_width=0 max_width=256 num_rows=262144 workload=normal,False,False,3,0.9918687731282978,0.9754775703368271,1.007016958238351,True,"{""max_width"": ""256"", ""min_width"": ""0"", ""num_rows"": ""262144"", ""workload"": ""normal""}"
experiment-7,end-to-end,Device=0 min_width=0 max_width=32 num_rows=2097152 workload=normal,False,False,3,0.9877865166642121,0.9789531243343218,0.9934487219826821,True,"{""max_width"": ""32"", ""min_width"": ""0"", ""num_rows"": ""2097152"", ""workload"": ""normal""}"
experiment-7,end-to-end,Device=0 min_width=0 max_width=256 num_rows=2097152 workload=normal,False,False,3,1.0031345277408663,1.0002069283054567,1.0066474179706937,True,"{""max_width"": ""256"", ""min_width"": ""0"", ""num_rows"": ""2097152"", ""workload"": ""normal""}"
experiment-7,end-to-end,Device=0 min_width=0 max_width=32 num_rows=262144 workload=duplicates,False,False,3,0.9932365379598567,0.9748179380908281,1.0158644560055599,True,"{""max_width"": ""32"", ""min_width"": ""0"", ""num_rows"": ""262144"", ""workload"": ""duplicates""}"
experiment-7,end-to-end,Device=0 min_width=0 max_width=256 num_rows=262144 workload=duplicates,False,False,3,0.9939455219412608,0.9867910801350833,1.0046222109642977,True,"{""max_width"": ""256"", ""min_width"": ""0"", ""num_rows"": ""262144"", ""workload"": ""duplicates""}"
experiment-7,end-to-end,Device=0 min_width=0 max_width=32 num_rows=2097152 workload=duplicates,False,False,3,0.7386178683947372,0.7337427038741405,0.7405186669879258,True,"{""max_width"": ""32"", ""min_width"": ""0"", ""num_rows"": ""2097152"", ""workload"": ""duplicates""}"
experiment-7,end-to-end,Device=0 min_width=0 max_width=256 num_rows=2097152 workload=duplicates,False,False,3,0.6005610683958438,0.6003493149504775,0.6007737091886238,True,"{""max_width"": ""256"", ""min_width"": ""0"", ""num_rows"": ""2097152"", ""workload"": ""duplicates""}"
experiment-7,end-to-end,Device=0 min_width=0 max_width=32 num_rows=262144 workload=shared_prefix,False,False,3,0.7682415325099948,0.7472883894165656,0.7972185205141565,True,"{""max_width"": ""32"", ""min_width"": ""0"", ""num_rows"": ""262144"", ""workload"": ""shared_prefix""}"
experiment-7,end-to-end,Device=0 min_width=0 max_width=256 num_rows=262144 workload=shared_prefix,False,False,3,0.10677302685874775,0.1057552425602767,0.10789225858610633,True,"{""max_width"": ""256"", ""min_width"": ""0"", ""num_rows"": ""262144"", ""workload"": ""shared_prefix""}"
experiment-7,end-to-end,Device=0 min_width=0 max_width=32 num_rows=2097152 workload=shared_prefix,False,False,3,0.7078526538279969,0.7045305721848355,0.7098734632618237,True,"{""max_width"": ""32"", ""min_width"": ""0"", ""num_rows"": ""2097152"", ""workload"": ""shared_prefix""}"
experiment-7,end-to-end,Device=0 min_width=0 max_width=256 num_rows=2097152 workload=shared_prefix,False,False,3,0.11607006389413006,0.11564906001900797,0.11656059924945456,True,"{""max_width"": ""256"", ""min_width"": ""0"", ""num_rows"": ""2097152"", ""workload"": ""shared_prefix""}"
experiment-7,end-to-end,Device=0 min_width=0 max_width=32 num_rows=262144 workload=variable,False,False,3,0.990727375574235,0.9743970167021014,1.0124534674139014,True,"{""max_width"": ""32"", ""min_width"": ""0"", ""num_rows"": ""262144"", ""workload"": ""variable""}"
experiment-7,end-to-end,Device=0 min_width=0 max_width=256 num_rows=262144 workload=variable,False,False,3,0.9935696172026871,0.9812028673754541,1.0052097918710237,True,"{""max_width"": ""256"", ""min_width"": ""0"", ""num_rows"": ""262144"", ""workload"": ""variable""}"
experiment-7,end-to-end,Device=0 min_width=0 max_width=32 num_rows=2097152 workload=variable,False,False,3,0.9881804542294407,0.9820677085857702,0.9950375059571577,True,"{""max_width"": ""32"", ""min_width"": ""0"", ""num_rows"": ""2097152"", ""workload"": ""variable""}"
experiment-7,end-to-end,Device=0 min_width=0 max_width=256 num_rows=2097152 workload=variable,False,False,3,0.9968922084993491,0.9814817856424963,1.0062918888885144,True,"{""max_width"": ""256"", ""min_width"": ""0"", ""num_rows"": ""2097152"", ""workload"": ""variable""}"
