config,group,benchmark,state,stable,descending,gpu_ms,round_min_ms,round_max_ms,noise_max_pct,peak_MiB,axes
experiment-15,segments,sorted_order_strings_segments,Device=0 num_rows=32768 shared_suffix=0 segment_profile=singletons,False,False,0.13881279975175861,0.13855039998888974,0.14393440037965774,28.703220795221508,1.1391592025756836,"{""num_rows"": ""32768"", ""segment_profile"": ""singletons"", ""shared_suffix"": ""0""}"
experiment-15,segments,sorted_order_strings_segments,Device=0 num_rows=2097152 shared_suffix=0 segment_profile=singletons,False,False,0.5913712084293367,0.35301600098609925,0.6023231983184816,186.55926328189466,72.36474514007568,"{""num_rows"": ""2097152"", ""segment_profile"": ""singletons"", ""shared_suffix"": ""0""}"
experiment-15,segments,sorted_order_strings_segments,Device=0 num_rows=32768 shared_suffix=64 segment_profile=singletons,False,False,0.13894560113549234,0.13575359955430033,0.13925280049443242,2.608496905910649,1.1391592025756836,"{""num_rows"": ""32768"", ""segment_profile"": ""singletons"", ""shared_suffix"": ""64""}"
experiment-15,segments,sorted_order_strings_segments,Device=0 num_rows=2097152 shared_suffix=64 segment_profile=singletons,False,False,0.39053439646959304,0.3879936009645462,0.3961295977234841,3.741894648756255,72.36474514007568,"{""num_rows"": ""2097152"", ""segment_profile"": ""singletons"", ""shared_suffix"": ""64""}"
experiment-15,segments,sorted_order_strings_segments,Device=0 num_rows=32768 shared_suffix=0 segment_profile=pairs,False,False,0.15479359924793243,0.1539808012545109,0.15805119946599003,2.236502755048492,1.1391592025756836,"{""num_rows"": ""32768"", ""segment_profile"": ""pairs"", ""shared_suffix"": ""0""}"
experiment-15,segments,sorted_order_strings_segments,Device=0 num_rows=2097152 shared_suffix=0 segment_profile=pairs,False,False,0.6434576004743576,0.6430751919746398,0.6512015998363495,1.3345572324756498,72.36474514007568,"{""num_rows"": ""2097152"", ""segment_profile"": ""pairs"", ""shared_suffix"": ""0""}"
experiment-15,segments,sorted_order_strings_segments,Device=0 num_rows=32768 shared_suffix=64 segment_profile=pairs,False,False,0.15870879814028738,0.1572815991938114,0.16360000073909756,2.6303561281542924,1.1391592025756836,"{""num_rows"": ""32768"", ""segment_profile"": ""pairs"", ""shared_suffix"": ""64""}"
experiment-15,segments,sorted_order_strings_segments,Device=0 num_rows=2097152 shared_suffix=64 segment_profile=pairs,False,False,0.8174272000789643,0.8157216072082519,0.8210688054561615,0.9110857457573033,72.36474514007568,"{""num_rows"": ""2097152"", ""segment_profile"": ""pairs"", ""shared_suffix"": ""64""}"
experiment-15,segments,sorted_order_strings_segments,Device=0 num_rows=32768 shared_suffix=0 segment_profile=tiny4,False,False,0.1561007983982563,0.15528960078954698,0.15834240019321447,2.2099831291227914,1.1391592025756836,"{""num_rows"": ""32768"", ""segment_profile"": ""tiny4"", ""shared_suffix"": ""0""}"
experiment-15,segments,sorted_order_strings_segments,Device=0 num_rows=2097152 shared_suffix=0 segment_profile=tiny4,False,False,0.5748656004667282,0.5727264016866682,0.5771247982978821,1.080564139466184,72.36474514007568,"{""num_rows"": ""2097152"", ""segment_profile"": ""tiny4"", ""shared_suffix"": ""0""}"
experiment-15,segments,sorted_order_strings_segments,Device=0 num_rows=32768 shared_suffix=64 segment_profile=tiny4,False,False,0.1690320000052452,0.16573920026421546,0.16961599811911585,2.2399077124174713,1.1391592025756836,"{""num_rows"": ""32768"", ""segment_profile"": ""tiny4"", ""shared_suffix"": ""64""}"
experiment-15,segments,sorted_order_strings_segments,Device=0 num_rows=2097152 shared_suffix=64 segment_profile=tiny4,False,False,0.9108175963163376,0.9048704028129578,0.9109023988246917,0.5893440860496966,72.36474514007568,"{""num_rows"": ""2097152"", ""segment_profile"": ""tiny4"", ""shared_suffix"": ""64""}"
experiment-15,segments,sorted_order_strings_segments,Device=0 num_rows=32768 shared_suffix=0 segment_profile=tiny8,False,False,0.15920319929718968,0.15837119817733766,0.15966560021042822,1.69311540262317,1.1391592025756836,"{""num_rows"": ""32768"", ""segment_profile"": ""tiny8"", ""shared_suffix"": ""0""}"
experiment-15,segments,sorted_order_strings_segments,Device=0 num_rows=2097152 shared_suffix=0 segment_profile=tiny8,False,False,0.5880831927061081,0.5833440005779267,0.5886927992105483,0.9817348186588316,72.36474514007568,"{""num_rows"": ""2097152"", ""segment_profile"": ""tiny8"", ""shared_suffix"": ""0""}"
experiment-15,segments,sorted_order_strings_segments,Device=0 num_rows=32768 shared_suffix=64 segment_profile=tiny8,False,False,0.1758352003991604,0.17561280056834225,0.17981119975447654,2.3223817457994778,1.1391592025756836,"{""num_rows"": ""32768"", ""segment_profile"": ""tiny8"", ""shared_suffix"": ""64""}"
experiment-15,segments,sorted_order_strings_segments,Device=0 num_rows=2097152 shared_suffix=64 segment_profile=tiny8,False,False,1.1437439918518066,1.1423711895942688,1.1494767963886259,0.3171623262601742,72.36474514007568,"{""num_rows"": ""2097152"", ""segment_profile"": ""tiny8"", ""shared_suffix"": ""64""}"
experiment-15,segments,sorted_order_strings_segments,Device=0 num_rows=32768 shared_suffix=0 segment_profile=tiny16,False,False,0.16184480041265487,0.160623998939991,0.1625375993549824,2.0299206682195625,1.1391592025756836,"{""num_rows"": ""32768"", ""segment_profile"": ""tiny16"", ""shared_suffix"": ""0""}"
experiment-15,segments,sorted_order_strings_segments,Device=0 num_rows=2097152 shared_suffix=0 segment_profile=tiny16,False,False,0.6205072015523909,0.6185328036546707,0.6238240003585814,0.5392403543759773,72.36474514007568,"{""num_rows"": ""2097152"", ""segment_profile"": ""tiny16"", ""shared_suffix"": ""0""}"
experiment-15,segments,sorted_order_strings_segments,Device=0 num_rows=32768 shared_suffix=64 segment_profile=tiny16,False,False,0.18443040028214455,0.18232320100069044,0.18556480035185813,1.386327423147427,1.1391592025756836,"{""num_rows"": ""32768"", ""segment_profile"": ""tiny16"", ""shared_suffix"": ""64""}"
experiment-15,segments,sorted_order_strings_segments,Device=0 num_rows=2097152 shared_suffix=64 segment_profile=tiny16,False,False,1.3604031920433042,1.3598960041999817,1.3656911909580232,0.3021730860193707,72.36474514007568,"{""num_rows"": ""2097152"", ""segment_profile"": ""tiny16"", ""shared_suffix"": ""64""}"
experiment-15,segments,sorted_order_strings_segments,Device=0 num_rows=32768 shared_suffix=0 segment_profile=tiny32,False,False,0.16304160058498382,0.16056320145726205,0.16337919980287555,1.901894840741299,1.1391592025756836,"{""num_rows"": ""32768"", ""segment_profile"": ""tiny32"", ""shared_suffix"": ""0""}"
experiment-15,segments,sorted_order_strings_segments,Device=0 num_rows=2097152 shared_suffix=0 segment_profile=tiny32,False,False,0.6716432005167008,0.6668160080909729,0.6756671994924545,0.5098785337483392,72.36474514007568,"{""num_rows"": ""2097152"", ""segment_profile"": ""tiny32"", ""shared_suffix"": ""0""}"
experiment-15,segments,sorted_order_strings_segments,Device=0 num_rows=32768 shared_suffix=64 segment_profile=tiny32,False,False,0.19473600164055824,0.1916495993733406,0.19672320187091824,1.9425577818336524,1.1391592025756836,"{""num_rows"": ""32768"", ""segment_profile"": ""tiny32"", ""shared_suffix"": ""64""}"
experiment-15,segments,sorted_order_strings_segments,Device=0 num_rows=2097152 shared_suffix=64 segment_profile=tiny32,False,False,1.650846391916275,1.6488640069961547,1.654963213205338,0.3316798751853959,72.36474514007568,"{""num_rows"": ""2097152"", ""segment_profile"": ""tiny32"", ""shared_suffix"": ""64""}"
experiment-15,segments,sorted_order_strings_segments,Device=0 num_rows=32768 shared_suffix=0 segment_profile=block256,False,False,0.17268159985542297,0.1723439991474152,0.17303679957985876,10.50609245411507,1.1391592025756836,"{""num_rows"": ""32768"", ""segment_profile"": ""block256"", ""shared_suffix"": ""0""}"
experiment-15,segments,sorted_order_strings_segments,Device=0 num_rows=2097152 shared_suffix=0 segment_profile=block256,False,False,1.1152719914913178,1.1146736025810242,1.1210768103599549,0.29359226324244375,72.36474514007568,"{""num_rows"": ""2097152"", ""segment_profile"": ""block256"", ""shared_suffix"": ""0""}"
experiment-15,segments,sorted_order_strings_segments,Device=0 num_rows=32768 shared_suffix=64 segment_profile=block256,False,False,0.23695040121674538,0.2364480011165142,0.23793760091066365,1.1690853067580604,1.1391592025756836,"{""num_rows"": ""32768"", ""segment_profile"": ""block256"", ""shared_suffix"": ""64""}"
experiment-15,segments,sorted_order_strings_segments,Device=0 num_rows=2097152 shared_suffix=64 segment_profile=block256,False,False,3.2098112106323247,3.198932802677154,3.2116368174552914,0.286222202385616,72.36474514007568,"{""num_rows"": ""2097152"", ""segment_profile"": ""block256"", ""shared_suffix"": ""64""}"
experiment-15,segments,sorted_order_strings_segments,Device=0 num_rows=32768 shared_suffix=0 segment_profile=logarithmic,False,False,0.35194079726934424,0.35088160187005996,0.35587359666824336,0.9626385013272624,1.1391592025756836,"{""num_rows"": ""32768"", ""segment_profile"": ""logarithmic"", ""shared_suffix"": ""0""}"
experiment-15,segments,sorted_order_strings_segments,Device=0 num_rows=2097152 shared_suffix=0 segment_profile=logarithmic,False,False,2.5563840150833137,2.550179195404053,2.5599600076675424,0.3516604521190494,72.36474514007568,"{""num_rows"": ""2097152"", ""segment_profile"": ""logarithmic"", ""shared_suffix"": ""0""}"
experiment-15,segments,sorted_order_strings_segments,Device=0 num_rows=32768 shared_suffix=64 segment_profile=logarithmic,False,False,0.9066640019416813,0.9065247923135757,0.9153536081314085,0.4700622809692743,1.1391592025756836,"{""num_rows"": ""32768"", ""segment_profile"": ""logarithmic"", ""shared_suffix"": ""64""}"
experiment-15,segments,sorted_order_strings_segments,Device=0 num_rows=2097152 shared_suffix=64 segment_profile=logarithmic,False,False,8.369169664382934,8.368016004562376,8.377488088607787,0.2670910320051259,72.36474514007568,"{""num_rows"": ""2097152"", ""segment_profile"": ""logarithmic"", ""shared_suffix"": ""64""}"
experiment-15,segments,sorted_order_strings_segments,Device=0 num_rows=32768 shared_suffix=0 segment_profile=tiny_plus_giant,False,False,0.27251039892435075,0.2723904028534889,0.2755872011184693,1.1041100048390085,1.1391592025756836,"{""num_rows"": ""32768"", ""segment_profile"": ""tiny_plus_giant"", ""shared_suffix"": ""0""}"
experiment-15,segments,sorted_order_strings_segments,Device=0 num_rows=2097152 shared_suffix=0 segment_profile=tiny_plus_giant,False,False,1.1202912032604218,1.115947192907333,1.1268144130706785,0.2960840528489804,72.36474514007568,"{""num_rows"": ""2097152"", ""segment_profile"": ""tiny_plus_giant"", ""shared_suffix"": ""0""}"
experiment-15,segments,sorted_order_strings_segments,Device=0 num_rows=32768 shared_suffix=64 segment_profile=tiny_plus_giant,False,False,0.6819952040910722,0.680107194185257,0.6822671979665759,0.7156314856005599,1.1391592025756836,"{""num_rows"": ""32768"", ""segment_profile"": ""tiny_plus_giant"", ""shared_suffix"": ""64""}"
experiment-15,segments,sorted_order_strings_segments,Device=0 num_rows=2097152 shared_suffix=64 segment_profile=tiny_plus_giant,False,False,2.043457591533661,2.0382784008979797,2.049494409561157,0.27248360231116736,72.36474514007568,"{""num_rows"": ""2097152"", ""segment_profile"": ""tiny_plus_giant"", ""shared_suffix"": ""64""}"
experiment-15,segments,sorted_order_strings_segments,Device=0 num_rows=32768 shared_suffix=0 segment_profile=hot90,False,False,0.34305439740419386,0.3356416001915931,0.34415520429611207,1.1353061492423429,1.1391592025756836,"{""num_rows"": ""32768"", ""segment_profile"": ""hot90"", ""shared_suffix"": ""0""}"
experiment-15,segments,sorted_order_strings_segments,Device=0 num_rows=2097152 shared_suffix=0 segment_profile=hot90,False,False,3.983974397182464,3.9829503893852225,3.9932144284248348,0.17166370617126314,72.36474514007568,"{""num_rows"": ""2097152"", ""segment_profile"": ""hot90"", ""shared_suffix"": ""0""}"
experiment-15,segments,sorted_order_strings_segments,Device=0 num_rows=32768 shared_suffix=64 segment_profile=hot90,False,False,0.7788223952054978,0.7772656023502349,0.7820608019828796,0.5812986475331068,1.1391592025756836,"{""num_rows"": ""32768"", ""segment_profile"": ""hot90"", ""shared_suffix"": ""64""}"
experiment-15,segments,sorted_order_strings_segments,Device=0 num_rows=2097152 shared_suffix=64 segment_profile=hot90,False,False,4.898974394798279,4.896324777603149,4.90153431892395,0.6002984003475905,72.36474514007568,"{""num_rows"": ""2097152"", ""segment_profile"": ""hot90"", ""shared_suffix"": ""64""}"
experiment-15,segments,sorted_order_strings_segments,Device=0 num_rows=32768 shared_suffix=0 segment_profile=few_giants,False,False,0.22300319969654087,0.22100800052285197,0.22447999939322466,1.2597797503915564,1.1391592025756836,"{""num_rows"": ""32768"", ""segment_profile"": ""few_giants"", ""shared_suffix"": ""0""}"
experiment-15,segments,sorted_order_strings_segments,Device=0 num_rows=2097152 shared_suffix=0 segment_profile=few_giants,False,False,0.9979775965213776,0.994252797961235,1.0025599986314773,0.4857302673184485,72.36474514007568,"{""num_rows"": ""2097152"", ""segment_profile"": ""few_giants"", ""shared_suffix"": ""0""}"
experiment-15,segments,sorted_order_strings_segments,Device=0 num_rows=32768 shared_suffix=64 segment_profile=few_giants,False,False,0.3941103994846344,0.38929439932107923,0.39601120054721833,1.1795761703992076,1.1391592025756836,"{""num_rows"": ""32768"", ""segment_profile"": ""few_giants"", ""shared_suffix"": ""64""}"
experiment-15,segments,sorted_order_strings_segments,Device=0 num_rows=2097152 shared_suffix=64 segment_profile=few_giants,False,False,3.039918398857117,3.035999989509582,3.047091186046601,0.22131454378324636,72.36474514007568,"{""num_rows"": ""2097152"", ""segment_profile"": ""few_giants"", ""shared_suffix"": ""64""}"
experiment-15,segments,sorted_order_strings_segments,Device=0 num_rows=32768 shared_suffix=0 segment_profile=one_segment,False,False,0.3236143976449967,0.3201744005084038,0.3245504006743431,1.0787598241592402,1.1391592025756836,"{""num_rows"": ""32768"", ""segment_profile"": ""one_segment"", ""shared_suffix"": ""0""}"
experiment-15,segments,sorted_order_strings_segments,Device=0 num_rows=2097152 shared_suffix=0 segment_profile=one_segment,False,False,4.187510442733765,4.18372483253479,4.194953632354736,0.268572714630699,72.36474514007568,"{""num_rows"": ""2097152"", ""segment_profile"": ""one_segment"", ""shared_suffix"": ""0""}"
experiment-15,segments,sorted_order_strings_segments,Device=0 num_rows=32768 shared_suffix=64 segment_profile=one_segment,False,False,0.7255696058273317,0.7254992038011551,0.7287535935640336,0.5679942429816693,1.1391592025756836,"{""num_rows"": ""32768"", ""segment_profile"": ""one_segment"", ""shared_suffix"": ""64""}"
experiment-15,segments,sorted_order_strings_segments,Device=0 num_rows=2097152 shared_suffix=64 segment_profile=one_segment,False,False,1.1671312153339384,1.159585607051849,1.1684240102767942,0.40074033399045367,84.36576747894287,"{""num_rows"": ""2097152"", ""segment_profile"": ""one_segment"", ""shared_suffix"": ""64""}"
experiment-15,pr-workload,sorted_order_strings_workload,Device=0 min_width=0 max_width=32 num_rows=32768 workload=normal,False,False,0.19573599770665173,0.19562399983406067,0.19636639952659604,0.9450192452947845,1.1391592025756836,"{""max_width"": ""32"", ""min_width"": ""0"", ""num_rows"": ""32768"", ""workload"": ""normal""}"
experiment-15,pr-workload,sorted_order_strings_workload,Device=0 min_width=0 max_width=64 num_rows=32768 workload=normal,False,False,0.2225695997476578,0.2209823988378048,0.23095840066671378,20.905178626281188,1.1391592025756836,"{""max_width"": ""64"", ""min_width"": ""0"", ""num_rows"": ""32768"", ""workload"": ""normal""}"
experiment-15,pr-workload,sorted_order_strings_workload,Device=0 min_width=0 max_width=128 num_rows=32768 workload=normal,False,False,0.2786240056157112,0.2774960026144982,0.27916320115327836,0.5716103527854499,1.1391592025756836,"{""max_width"": ""128"", ""min_width"": ""0"", ""num_rows"": ""32768"", ""workload"": ""normal""}"
experiment-15,pr-workload,sorted_order_strings_workload,Device=0 min_width=0 max_width=256 num_rows=32768 workload=normal,False,False,0.40053759962320323,0.40015840083360676,0.4021776020526885,1.0146402297141606,1.1391592025756836,"{""max_width"": ""256"", ""min_width"": ""0"", ""num_rows"": ""32768"", ""workload"": ""normal""}"
experiment-15,pr-workload,sorted_order_strings_workload,Device=0 min_width=0 max_width=32 num_rows=262144 workload=normal,False,False,0.4021248012781143,0.4009647965431213,0.4032975986599923,1.2632065301313964,9.053221702575684,"{""max_width"": ""32"", ""min_width"": ""0"", ""num_rows"": ""262144"", ""workload"": ""normal""}"
experiment-15,pr-workload,sorted_order_strings_workload,Device=0 min_width=0 max_width=64 num_rows=262144 workload=normal,False,False,0.5204991966485978,0.5182383924722671,0.5215728014707566,1.2677908899692958,9.053221702575684,"{""max_width"": ""64"", ""min_width"": ""0"", ""num_rows"": ""262144"", ""workload"": ""normal""}"
experiment-15,pr-workload,sorted_order_strings_workload,Device=0 min_width=0 max_width=128 num_rows=262144 workload=normal,False,False,0.8597648084163667,0.8559775978326798,0.8649888038635255,1.8194236679150908,9.053221702575684,"{""max_width"": ""128"", ""min_width"": ""0"", ""num_rows"": ""262144"", ""workload"": ""normal""}"
experiment-15,pr-workload,sorted_order_strings_workload,Device=0 min_width=0 max_width=256 num_rows=262144 workload=normal,False,False,1.501671999692917,1.4940799951553343,1.515310388803482,1.9235564428538459,9.053221702575684,"{""max_width"": ""256"", ""min_width"": ""0"", ""num_rows"": ""262144"", ""workload"": ""normal""}"
experiment-15,pr-workload,sorted_order_strings_workload,Device=0 min_width=0 max_width=32 num_rows=2097152 workload=normal,False,False,1.3504831910133361,1.3487567961215974,1.3517072021961212,1.9695198382120176,72.36474514007568,"{""max_width"": ""32"", ""min_width"": ""0"", ""num_rows"": ""2097152"", ""workload"": ""normal""}"
experiment-15,pr-workload,sorted_order_strings_workload,Device=0 min_width=0 max_width=64 num_rows=2097152 workload=normal,False,False,2.035312026739121,2.0237695872783656,2.0531423807144167,1.694020157969063,72.36474514007568,"{""max_width"": ""64"", ""min_width"": ""0"", ""num_rows"": ""2097152"", ""workload"": ""normal""}"
experiment-15,pr-workload,sorted_order_strings_workload,Device=0 min_width=0 max_width=128 num_rows=2097152 workload=normal,False,False,3.680542409420013,3.6771279692649843,3.6992432117462166,2.8511802026945405,72.36474514007568,"{""max_width"": ""128"", ""min_width"": ""0"", ""num_rows"": ""2097152"", ""workload"": ""normal""}"
experiment-15,pr-workload,sorted_order_strings_workload,Device=0 min_width=0 max_width=256 num_rows=2097152 workload=normal,False,False,7.972932744026185,7.858363175392152,8.044599938392638,2.9005593524523454,72.36474514007568,"{""max_width"": ""256"", ""min_width"": ""0"", ""num_rows"": ""2097152"", ""workload"": ""normal""}"
experiment-15,pr-workload,sorted_order_strings_workload,Device=0 min_width=0 max_width=32 num_rows=32768 workload=duplicates,False,False,0.22804320007562637,0.22696160003542903,0.2348175995051861,2.4208588004413256,1.1391592025756836,"{""max_width"": ""32"", ""min_width"": ""0"", ""num_rows"": ""32768"", ""workload"": ""duplicates""}"
experiment-15,pr-workload,sorted_order_strings_workload,Device=0 min_width=0 max_width=64 num_rows=32768 workload=duplicates,False,False,0.29281280040740965,0.29146559983491904,0.29769439995288843,1.831313952002665,1.1391592025756836,"{""max_width"": ""64"", ""min_width"": ""0"", ""num_rows"": ""32768"", ""workload"": ""duplicates""}"
experiment-15,pr-workload,sorted_order_strings_workload,Device=0 min_width=0 max_width=128 num_rows=32768 workload=duplicates,False,False,0.430155199766159,0.4273743972182275,0.4302639991044998,0.991210070694067,1.1391592025756836,"{""max_width"": ""128"", ""min_width"": ""0"", ""num_rows"": ""32768"", ""workload"": ""duplicates""}"
experiment-15,pr-workload,sorted_order_strings_workload,Device=0 min_width=0 max_width=256 num_rows=32768 workload=duplicates,False,False,0.8026303976774215,0.8020624011754989,0.8085087984800339,0.9341154110103365,1.1391592025756836,"{""max_width"": ""256"", ""min_width"": ""0"", ""num_rows"": ""32768"", ""workload"": ""duplicates""}"
experiment-15,pr-workload,sorted_order_strings_workload,Device=0 min_width=0 max_width=32 num_rows=262144 workload=duplicates,False,False,0.42835200279951097,0.4248639971017838,0.4319856002926826,1.952103839849709,9.053221702575684,"{""max_width"": ""32"", ""min_width"": ""0"", ""num_rows"": ""262144"", ""workload"": ""duplicates""}"
experiment-15,pr-workload,sorted_order_strings_workload,Device=0 min_width=0 max_width=64 num_rows=262144 workload=duplicates,False,False,0.5914176017045973,0.5852623969316483,0.595347198843956,6.56019162882682,9.053221702575684,"{""max_width"": ""64"", ""min_width"": ""0"", ""num_rows"": ""262144"", ""workload"": ""duplicates""}"
experiment-15,pr-workload,sorted_order_strings_workload,Device=0 min_width=0 max_width=128 num_rows=262144 workload=duplicates,False,False,0.9153535991907119,0.9115456014871596,0.9187184035778049,3.15636240173017,9.053221702575684,"{""max_width"": ""128"", ""min_width"": ""0"", ""num_rows"": ""262144"", ""workload"": ""duplicates""}"
experiment-15,pr-workload,sorted_order_strings_workload,Device=0 min_width=0 max_width=256 num_rows=262144 workload=duplicates,False,False,1.73034560084343,1.7226096034049985,1.7406720101833344,1.6101025051061721,9.053221702575684,"{""max_width"": ""256"", ""min_width"": ""0"", ""num_rows"": ""262144"", ""workload"": ""duplicates""}"
experiment-15,pr-workload,sorted_order_strings_workload,Device=0 min_width=0 max_width=32 num_rows=2097152 workload=duplicates,False,False,1.5359839856624602,1.532510417699814,1.5367360055446626,1.7157375984204994,72.36474514007568,"{""max_width"": ""32"", ""min_width"": ""0"", ""num_rows"": ""2097152"", ""workload"": ""duplicates""}"
experiment-15,pr-workload,sorted_order_strings_workload,Device=0 min_width=0 max_width=64 num_rows=2097152 workload=duplicates,False,False,2.1894511938095094,2.177638411521911,2.1951088190078734,1.367648467591243,72.36474514007568,"{""max_width"": ""64"", ""min_width"": ""0"", ""num_rows"": ""2097152"", ""workload"": ""duplicates""}"
experiment-15,pr-workload,sorted_order_strings_workload,Device=0 min_width=0 max_width=128 num_rows=2097152 workload=duplicates,False,False,3.302232015132904,3.2944336056709287,3.3095663905143735,1.6217885021693408,72.36474514007568,"{""max_width"": ""128"", ""min_width"": ""0"", ""num_rows"": ""2097152"", ""workload"": ""duplicates""}"
experiment-15,pr-workload,sorted_order_strings_workload,Device=0 min_width=0 max_width=256 num_rows=2097152 workload=duplicates,False,False,5.6606480121612535,5.659774422645569,5.661401557922363,0.5801399471414912,72.36474514007568,"{""max_width"": ""256"", ""min_width"": ""0"", ""num_rows"": ""2097152"", ""workload"": ""duplicates""}"
experiment-15,pr-workload,sorted_order_strings_workload,Device=0 min_width=0 max_width=32 num_rows=32768 workload=shared_prefix,False,False,0.46085920035839084,0.4594608008861542,0.4634032011032104,0.7725325031235378,1.1391592025756836,"{""max_width"": ""32"", ""min_width"": ""0"", ""num_rows"": ""32768"", ""workload"": ""shared_prefix""}"
experiment-15,pr-workload,sorted_order_strings_workload,Device=0 min_width=0 max_width=64 num_rows=32768 workload=shared_prefix,False,False,0.7257664054632189,0.7224432021379469,0.7276432037353516,0.379240470171483,1.1391592025756836,"{""max_width"": ""64"", ""min_width"": ""0"", ""num_rows"": ""32768"", ""workload"": ""shared_prefix""}"
experiment-15,pr-workload,sorted_order_strings_workload,Device=0 min_width=0 max_width=128 num_rows=32768 workload=shared_prefix,False,False,1.3373839914798735,1.3365871965885163,1.3411680042743683,0.6612995972207206,1.1391592025756836,"{""max_width"": ""128"", ""min_width"": ""0"", ""num_rows"": ""32768"", ""workload"": ""shared_prefix""}"
experiment-15,pr-workload,sorted_order_strings_workload,Device=0 min_width=0 max_width=256 num_rows=32768 workload=shared_prefix,False,False,3.3502176046371464,3.330995178222656,3.3513584017753595,0.18963794756795235,1.1391592025756836,"{""max_width"": ""256"", ""min_width"": ""0"", ""num_rows"": ""32768"", ""workload"": ""shared_prefix""}"
experiment-15,pr-workload,sorted_order_strings_workload,Device=0 min_width=0 max_width=32 num_rows=262144 workload=shared_prefix,False,False,0.5533519983291624,0.5516207993030546,0.5577344059944153,1.051231275591322,9.053221702575684,"{""max_width"": ""32"", ""min_width"": ""0"", ""num_rows"": ""262144"", ""workload"": ""shared_prefix""}"
experiment-15,pr-workload,sorted_order_strings_workload,Device=0 min_width=0 max_width=64 num_rows=262144 workload=shared_prefix,False,False,0.5793631970882416,0.5757728040218354,0.5834607988595961,0.9893423452734853,9.053221702575684,"{""max_width"": ""64"", ""min_width"": ""0"", ""num_rows"": ""262144"", ""workload"": ""shared_prefix""}"
experiment-15,pr-workload,sorted_order_strings_workload,Device=0 min_width=0 max_width=128 num_rows=262144 workload=shared_prefix,False,False,0.640427204966545,0.6367647975683213,0.6407311975955964,0.8145220410662738,9.053221702575684,"{""max_width"": ""128"", ""min_width"": ""0"", ""num_rows"": ""262144"", ""workload"": ""shared_prefix""}"
experiment-15,pr-workload,sorted_order_strings_workload,Device=0 min_width=0 max_width=256 num_rows=262144 workload=shared_prefix,False,False,0.7045920014381408,0.7031968027353286,0.7054991960525512,0.7933102414028297,9.053221702575684,"{""max_width"": ""256"", ""min_width"": ""0"", ""num_rows"": ""262144"", ""workload"": ""shared_prefix""}"
experiment-15,pr-workload,sorted_order_strings_workload,Device=0 min_width=0 max_width=32 num_rows=2097152 workload=shared_prefix,False,False,3.7810832262039185,3.7798431873321534,3.7851871967315667,0.4862789220803,72.36474514007568,"{""max_width"": ""32"", ""min_width"": ""0"", ""num_rows"": ""2097152"", ""workload"": ""shared_prefix""}"
experiment-15,pr-workload,sorted_order_strings_workload,Device=0 min_width=0 max_width=64 num_rows=2097152 workload=shared_prefix,False,False,4.10262565612793,4.1009504079818715,4.105948805809021,0.442461648060053,72.36474514007568,"{""max_width"": ""64"", ""min_width"": ""0"", ""num_rows"": ""2097152"", ""workload"": ""shared_prefix""}"
experiment-15,pr-workload,sorted_order_strings_workload,Device=0 min_width=0 max_width=128 num_rows=2097152 workload=shared_prefix,False,False,4.848359990119933,4.8417887687683105,4.855363202095031,0.4004081491399106,72.36474514007568,"{""max_width"": ""128"", ""min_width"": ""0"", ""num_rows"": ""2097152"", ""workload"": ""shared_prefix""}"
experiment-15,pr-workload,sorted_order_strings_workload,Device=0 min_width=0 max_width=256 num_rows=2097152 workload=shared_prefix,False,False,5.179347205162049,5.167884802818298,5.179534363746644,0.23167265024245498,72.36474514007568,"{""max_width"": ""256"", ""min_width"": ""0"", ""num_rows"": ""2097152"", ""workload"": ""shared_prefix""}"
experiment-15,pr-workload,sorted_order_strings_workload,Device=0 min_width=0 max_width=32 num_rows=32768 workload=variable,False,False,0.1900159999728203,0.1893472008407116,0.19092160016298296,1.4348175765213875,1.1391592025756836,"{""max_width"": ""32"", ""min_width"": ""0"", ""num_rows"": ""32768"", ""workload"": ""variable""}"
experiment-15,pr-workload,sorted_order_strings_workload,Device=0 min_width=0 max_width=64 num_rows=32768 workload=variable,False,False,0.1879776008427143,0.18755840212106706,0.18807680010795588,1.8656601695558555,1.1391592025756836,"{""max_width"": ""64"", ""min_width"": ""0"", ""num_rows"": ""32768"", ""workload"": ""variable""}"
experiment-15,pr-workload,sorted_order_strings_workload,Device=0 min_width=0 max_width=128 num_rows=32768 workload=variable,False,False,0.17509760186076165,0.17502400055527687,0.17578879892826074,2.41389633708549,1.1391592025756836,"{""max_width"": ""128"", ""min_width"": ""0"", ""num_rows"": ""32768"", ""workload"": ""variable""}"
experiment-15,pr-workload,sorted_order_strings_workload,Device=0 min_width=0 max_width=256 num_rows=32768 workload=variable,False,False,0.17614080086350442,0.17420319840312007,0.17748480141162873,2.1024125297451977,1.1391592025756836,"{""max_width"": ""256"", ""min_width"": ""0"", ""num_rows"": ""32768"", ""workload"": ""variable""}"
experiment-15,pr-workload,sorted_order_strings_workload,Device=0 min_width=0 max_width=32 num_rows=262144 workload=variable,False,False,0.2592928022146225,0.2573808014392853,0.25966880321502683,0.869755061628,9.053221702575684,"{""max_width"": ""32"", ""min_width"": ""0"", ""num_rows"": ""262144"", ""workload"": ""variable""}"
experiment-15,pr-workload,sorted_order_strings_workload,Device=0 min_width=0 max_width=64 num_rows=262144 workload=variable,False,False,0.2548351973295212,0.2544432014226914,0.2591583982110024,1.0872534676773518,9.053221702575684,"{""max_width"": ""64"", ""min_width"": ""0"", ""num_rows"": ""262144"", ""workload"": ""variable""}"
experiment-15,pr-workload,sorted_order_strings_workload,Device=0 min_width=0 max_width=128 num_rows=262144 workload=variable,False,False,0.26321120262145997,0.2583023995161057,0.2637584000825883,1.5519441823395583,9.053221702575684,"{""max_width"": ""128"", ""min_width"": ""0"", ""num_rows"": ""262144"", ""workload"": ""variable""}"
experiment-15,pr-workload,sorted_order_strings_workload,Device=0 min_width=0 max_width=256 num_rows=262144 workload=variable,False,False,0.24670879989862443,0.24619999974966045,0.24959039837121963,0.8090343516532943,9.053221702575684,"{""max_width"": ""256"", ""min_width"": ""0"", ""num_rows"": ""262144"", ""workload"": ""variable""}"
experiment-15,pr-workload,sorted_order_strings_workload,Device=0 min_width=0 max_width=32 num_rows=2097152 workload=variable,False,False,0.5349871963262557,0.5323712021112442,0.5371808052062986,0.7395935314603891,72.36474514007568,"{""max_width"": ""32"", ""min_width"": ""0"", ""num_rows"": ""2097152"", ""workload"": ""variable""}"
experiment-15,pr-workload,sorted_order_strings_workload,Device=0 min_width=0 max_width=64 num_rows=2097152 workload=variable,False,False,0.5159136027097702,0.5144672006368638,0.519252797961235,0.8288145595573284,72.36474514007568,"{""max_width"": ""64"", ""min_width"": ""0"", ""num_rows"": ""2097152"", ""workload"": ""variable""}"
experiment-15,pr-workload,sorted_order_strings_workload,Device=0 min_width=0 max_width=128 num_rows=2097152 workload=variable,False,False,0.5332239955663681,0.5307088017463685,0.5342559963464737,0.762759529904952,72.36474514007568,"{""max_width"": ""128"", ""min_width"": ""0"", ""num_rows"": ""2097152"", ""workload"": ""variable""}"
experiment-15,pr-workload,sorted_order_strings_workload,Device=0 min_width=0 max_width=256 num_rows=2097152 workload=variable,False,False,0.5267663955688476,0.5246079981327056,0.5300864040851594,0.7095368045974356,72.36474514007568,"{""max_width"": ""256"", ""min_width"": ""0"", ""num_rows"": ""2097152"", ""workload"": ""variable""}"
experiment-15,target,sorted_order_strings_cardinality,Device=0 num_rows=262144 max_width=32 cardinality=1,False,False,0.007254400057718158,0.007083200011402369,0.007876799977384507,24.83093327573302,1.0,"{""cardinality"": ""1"", ""max_width"": ""32"", ""num_rows"": ""262144""}"
experiment-15,target,sorted_order_strings_cardinality,Device=0 num_rows=2097152 max_width=32 cardinality=1,False,False,0.008580800006166098,0.00847680000588298,0.009179199859499934,17.461610443373374,8.0,"{""cardinality"": ""1"", ""max_width"": ""32"", ""num_rows"": ""2097152""}"
experiment-15,target,sorted_order_strings_cardinality,Device=0 num_rows=262144 max_width=128 cardinality=1,False,False,0.2543407998979092,0.24860480129718787,0.2546703971922397,1.531993517028779,9.053221702575684,"{""cardinality"": ""1"", ""max_width"": ""128"", ""num_rows"": ""262144""}"
experiment-15,target,sorted_order_strings_cardinality,Device=0 num_rows=2097152 max_width=128 cardinality=1,False,False,0.856617596745491,0.8517727941274641,0.8567503988742827,0.5249901631085717,72.36474514007568,"{""cardinality"": ""1"", ""max_width"": ""128"", ""num_rows"": ""2097152""}"
experiment-15,target,sorted_order_strings_cardinality,Device=0 num_rows=262144 max_width=32 cardinality=64,False,False,0.4447968050837516,0.44467359930276873,0.44641760140657416,2.0776698639970355,9.053221702575684,"{""cardinality"": ""64"", ""max_width"": ""32"", ""num_rows"": ""262144""}"
experiment-15,target,sorted_order_strings_cardinality,Device=0 num_rows=2097152 max_width=32 cardinality=64,False,False,1.4632288098335267,1.4599792063236239,1.4708480000495912,2.1610668235432797,72.36474514007568,"{""cardinality"": ""64"", ""max_width"": ""32"", ""num_rows"": ""2097152""}"
experiment-15,target,sorted_order_strings_cardinality,Device=0 num_rows=262144 max_width=128 cardinality=64,False,False,0.9856703966856005,0.982129591703415,0.9903952002525329,2.5914399943865534,9.053221702575684,"{""cardinality"": ""64"", ""max_width"": ""128"", ""num_rows"": ""262144""}"
experiment-15,target,sorted_order_strings_cardinality,Device=0 num_rows=2097152 max_width=128 cardinality=64,False,False,3.585211181640625,3.582382392883301,3.590283226966858,0.9985868018315013,72.36474514007568,"{""cardinality"": ""64"", ""max_width"": ""128"", ""num_rows"": ""2097152""}"
experiment-15,target,sorted_order_strings_cardinality,Device=0 num_rows=262144 max_width=32 cardinality=0,False,False,0.25899839699268346,0.2575663991272449,0.2601279988884926,1.3338689449083647,9.053221702575684,"{""cardinality"": ""0"", ""max_width"": ""32"", ""num_rows"": ""262144""}"
experiment-15,target,sorted_order_strings_cardinality,Device=0 num_rows=2097152 max_width=32 cardinality=0,False,False,0.5287536025047302,0.5249679982662201,0.535376000404358,3.0781897264323574,72.36474514007568,"{""cardinality"": ""0"", ""max_width"": ""32"", ""num_rows"": ""2097152""}"
experiment-15,target,sorted_order_strings_cardinality,Device=0 num_rows=262144 max_width=128 cardinality=0,False,False,0.25940000116825107,0.25245600044727323,0.26212799847126,1.1215933907762052,9.053221702575684,"{""cardinality"": ""0"", ""max_width"": ""128"", ""num_rows"": ""262144""}"
experiment-15,target,sorted_order_strings_cardinality,Device=0 num_rows=2097152 max_width=128 cardinality=0,False,False,0.5292303979396821,0.5274448037147521,0.5335440009832383,0.8380026527948232,72.36474514007568,"{""cardinality"": ""0"", ""max_width"": ""128"", ""num_rows"": ""2097152""}"
experiment-15,target,sorted_order_strings_prefixes,Device=0 num_rows=262144 prefix_width=4 suffix_width=32 prefix_cardinality=1,False,False,0.23604320064187048,0.22855680137872694,0.23654560148715972,1.1685670528461782,9.053221702575684,"{""num_rows"": ""262144"", ""prefix_cardinality"": ""1"", ""prefix_width"": ""4"", ""suffix_width"": ""32""}"
experiment-15,target,sorted_order_strings_prefixes,Device=0 num_rows=2097152 prefix_width=4 suffix_width=32 prefix_cardinality=1,False,False,0.4604319974780082,0.45511680245399483,0.46232639700174327,0.8442735447816556,72.36474514007568,"{""num_rows"": ""2097152"", ""prefix_cardinality"": ""1"", ""prefix_width"": ""4"", ""suffix_width"": ""32""}"
experiment-15,target,sorted_order_strings_prefixes,Device=0 num_rows=262144 prefix_width=8 suffix_width=32 prefix_cardinality=1,False,False,0.6280176013708113,0.6244512051343918,0.6392847895622252,8.996329942263692,9.053221702575684,"{""num_rows"": ""262144"", ""prefix_cardinality"": ""1"", ""prefix_width"": ""8"", ""suffix_width"": ""32""}"
experiment-15,target,sorted_order_strings_prefixes,Device=0 num_rows=2097152 prefix_width=8 suffix_width=32 prefix_cardinality=1,False,False,4.4480623960495,4.440860795974731,4.460078406333923,0.4073003301709524,72.36474514007568,"{""num_rows"": ""2097152"", ""prefix_cardinality"": ""1"", ""prefix_width"": ""8"", ""suffix_width"": ""32""}"
experiment-15,target,sorted_order_strings_prefixes,Device=0 num_rows=262144 prefix_width=10 suffix_width=32 prefix_cardinality=1,False,False,0.6656719982624054,0.6643167942762377,0.6684575974941255,0.5030605015663209,9.053221702575684,"{""num_rows"": ""262144"", ""prefix_cardinality"": ""1"", ""prefix_width"": ""10"", ""suffix_width"": ""32""}"
experiment-15,target,sorted_order_strings_prefixes,Device=0 num_rows=2097152 prefix_width=10 suffix_width=32 prefix_cardinality=1,False,False,4.688993573188781,4.683820819854736,4.69267041683197,0.3615731954315607,72.36474514007568,"{""num_rows"": ""2097152"", ""prefix_cardinality"": ""1"", ""prefix_width"": ""10"", ""suffix_width"": ""32""}"
experiment-15,target,sorted_order_strings_prefixes,Device=0 num_rows=262144 prefix_width=11 suffix_width=32 prefix_cardinality=1,False,False,0.6756944000720978,0.6746623992919923,0.6777247935533524,0.7560868602624962,9.053221702575684,"{""num_rows"": ""262144"", ""prefix_cardinality"": ""1"", ""prefix_width"": ""11"", ""suffix_width"": ""32""}"
experiment-15,target,sorted_order_strings_prefixes,Device=0 num_rows=2097152 prefix_width=11 suffix_width=32 prefix_cardinality=1,False,False,4.750318408012389,4.749404788017273,4.7564111948013315,0.2985858502185101,72.36474514007568,"{""num_rows"": ""2097152"", ""prefix_cardinality"": ""1"", ""prefix_width"": ""11"", ""suffix_width"": ""32""}"
experiment-15,target,sorted_order_strings_prefixes,Device=0 num_rows=262144 prefix_width=12 suffix_width=32 prefix_cardinality=1,False,False,0.6874336034059525,0.6843056023120879,0.6880623996257783,0.5250853021162321,9.053221702575684,"{""num_rows"": ""262144"", ""prefix_cardinality"": ""1"", ""prefix_width"": ""12"", ""suffix_width"": ""32""}"
experiment-15,target,sorted_order_strings_prefixes,Device=0 num_rows=2097152 prefix_width=12 suffix_width=32 prefix_cardinality=1,False,False,4.806343960762024,4.805519938468934,4.809217548370362,0.23825024216230906,72.36474514007568,"{""num_rows"": ""2097152"", ""prefix_cardinality"": ""1"", ""prefix_width"": ""12"", ""suffix_width"": ""32""}"
experiment-15,target,sorted_order_strings_prefixes,Device=0 num_rows=262144 prefix_width=64 suffix_width=32 prefix_cardinality=1,False,False,0.6999072045087814,0.692619204521179,0.7003455996513367,0.8343376062908316,9.053221702575684,"{""num_rows"": ""262144"", ""prefix_cardinality"": ""1"", ""prefix_width"": ""64"", ""suffix_width"": ""32""}"
experiment-15,target,sorted_order_strings_prefixes,Device=0 num_rows=2097152 prefix_width=64 suffix_width=32 prefix_cardinality=1,False,False,5.432048010826111,5.42806236743927,5.435444855690003,0.26582531857655023,72.36474514007568,"{""num_rows"": ""2097152"", ""prefix_cardinality"": ""1"", ""prefix_width"": ""64"", ""suffix_width"": ""32""}"
experiment-15,target,sorted_order_strings_prefixes,Device=0 num_rows=262144 prefix_width=4 suffix_width=32 prefix_cardinality=64,False,False,0.2026959992945194,0.19588799998164175,0.20366559997200967,1.9299665615929753,9.053221702575684,"{""num_rows"": ""262144"", ""prefix_cardinality"": ""64"", ""prefix_width"": ""4"", ""suffix_width"": ""32""}"
experiment-15,target,sorted_order_strings_prefixes,Device=0 num_rows=2097152 prefix_width=4 suffix_width=32 prefix_cardinality=64,False,False,0.41627039760351187,0.41332799643278123,0.41989439874887463,1.0277675014386745,72.36474514007568,"{""num_rows"": ""2097152"", ""prefix_cardinality"": ""64"", ""prefix_width"": ""4"", ""suffix_width"": ""32""}"
experiment-15,target,sorted_order_strings_prefixes,Device=0 num_rows=262144 prefix_width=8 suffix_width=32 prefix_cardinality=64,False,False,0.4517775967717172,0.44528000056743616,0.45234239995479586,0.7060609613442683,9.053221702575684,"{""num_rows"": ""262144"", ""prefix_cardinality"": ""64"", ""prefix_width"": ""8"", ""suffix_width"": ""32""}"
experiment-15,target,sorted_order_strings_prefixes,Device=0 num_rows=2097152 prefix_width=8 suffix_width=32 prefix_cardinality=64,False,False,3.947841596603394,3.9392383813858025,3.949324798583984,0.2835108588236162,72.36474514007568,"{""num_rows"": ""2097152"", ""prefix_cardinality"": ""64"", ""prefix_width"": ""8"", ""suffix_width"": ""32""}"
experiment-15,target,sorted_order_strings_prefixes,Device=0 num_rows=262144 prefix_width=10 suffix_width=32 prefix_cardinality=64,False,False,0.48680960237979903,0.47962399870157246,0.4902335986495018,2.0608412743853863,9.053221702575684,"{""num_rows"": ""262144"", ""prefix_cardinality"": ""64"", ""prefix_width"": ""10"", ""suffix_width"": ""32""}"
experiment-15,target,sorted_order_strings_prefixes,Device=0 num_rows=2097152 prefix_width=10 suffix_width=32 prefix_cardinality=64,False,False,4.255604863166808,4.251268815994264,4.259036779403687,0.30700337377132736,72.36474514007568,"{""num_rows"": ""2097152"", ""prefix_cardinality"": ""64"", ""prefix_width"": ""10"", ""suffix_width"": ""32""}"
experiment-15,target,sorted_order_strings_prefixes,Device=0 num_rows=262144 prefix_width=11 suffix_width=32 prefix_cardinality=64,False,False,0.500305598974228,0.49241759926080686,0.5011487990617751,1.1313606801315763,9.053221702575684,"{""num_rows"": ""262144"", ""prefix_cardinality"": ""64"", ""prefix_width"": ""11"", ""suffix_width"": ""32""}"
experiment-15,target,sorted_order_strings_prefixes,Device=0 num_rows=2097152 prefix_width=11 suffix_width=32 prefix_cardinality=64,False,False,4.31548798084259,4.315292716026306,4.321915197372437,0.34101975951210245,72.36474514007568,"{""num_rows"": ""2097152"", ""prefix_cardinality"": ""64"", ""prefix_width"": ""11"", ""suffix_width"": ""32""}"
experiment-15,target,sorted_order_strings_prefixes,Device=0 num_rows=262144 prefix_width=12 suffix_width=32 prefix_cardinality=64,False,False,0.5080703988671302,0.49927039891481406,0.5082335948944091,0.7535121190114898,9.053221702575684,"{""num_rows"": ""262144"", ""prefix_cardinality"": ""64"", ""prefix_width"": ""12"", ""suffix_width"": ""32""}"
experiment-15,target,sorted_order_strings_prefixes,Device=0 num_rows=2097152 prefix_width=12 suffix_width=32 prefix_cardinality=64,False,False,4.3750687599182125,4.370070385932923,4.3772863864898675,0.3586252041790187,72.36474514007568,"{""num_rows"": ""2097152"", ""prefix_cardinality"": ""64"", ""prefix_width"": ""12"", ""suffix_width"": ""32""}"
experiment-15,target,sorted_order_strings_prefixes,Device=0 num_rows=262144 prefix_width=64 suffix_width=32 prefix_cardinality=64,False,False,1.07500319480896,1.0724944174289706,1.0796607971191405,0.4315302480610381,9.053221702575684,"{""num_rows"": ""262144"", ""prefix_cardinality"": ""64"", ""prefix_width"": ""64"", ""suffix_width"": ""32""}"
experiment-15,target,sorted_order_strings_prefixes,Device=0 num_rows=2097152 prefix_width=64 suffix_width=32 prefix_cardinality=64,False,False,8.146761655807495,8.1414608001709,8.151470327377321,0.26633942057687165,72.36474514007568,"{""num_rows"": ""2097152"", ""prefix_cardinality"": ""64"", ""prefix_width"": ""64"", ""suffix_width"": ""32""}"
baseline,stable-warps-0,sorted_order_strings_segments,Device=0 num_rows=32768 shared_suffix=0 segment_profile=pairs,True,False,0.15712959989905356,0.15290079936385154,0.15775199979543686,2.517330048605554,1.1391592025756836,"{""num_rows"": ""32768"", ""segment_profile"": ""pairs"", ""shared_suffix"": ""0""}"
baseline,stable-warps-0,sorted_order_strings_segments,Device=0 num_rows=2097152 shared_suffix=0 segment_profile=pairs,True,False,0.6601184129714965,0.6481776058673859,0.6607983976602554,1.1811421285160562,72.36474514007568,"{""num_rows"": ""2097152"", ""segment_profile"": ""pairs"", ""shared_suffix"": ""0""}"
baseline,stable-warps-0,sorted_order_strings_segments,Device=0 num_rows=32768 shared_suffix=64 segment_profile=pairs,True,False,0.16270400062203408,0.16097919940948485,0.16345119997859,2.1414722212859827,1.1391592025756836,"{""num_rows"": ""32768"", ""segment_profile"": ""pairs"", ""shared_suffix"": ""64""}"
baseline,stable-warps-0,sorted_order_strings_segments,Device=0 num_rows=2097152 shared_suffix=64 segment_profile=pairs,True,False,0.8659247994422913,0.856758388876915,0.8660976022481918,0.9618938208679281,72.36474514007568,"{""num_rows"": ""2097152"", ""segment_profile"": ""pairs"", ""shared_suffix"": ""64""}"
baseline,stable-warps-0,sorted_order_strings_segments,Device=0 num_rows=32768 shared_suffix=0 segment_profile=tiny4,True,False,0.15756480172276502,0.15651039853692053,0.15778720155358314,2.270100537646032,1.1391592025756836,"{""num_rows"": ""32768"", ""segment_profile"": ""tiny4"", ""shared_suffix"": ""0""}"
baseline,stable-warps-0,sorted_order_strings_segments,Device=0 num_rows=2097152 shared_suffix=0 segment_profile=tiny4,True,False,0.6252608031034468,0.6169552028179168,0.6273823976516724,0.9226754931100077,72.36474514007568,"{""num_rows"": ""2097152"", ""segment_profile"": ""tiny4"", ""shared_suffix"": ""0""}"
baseline,stable-warps-0,sorted_order_strings_segments,Device=0 num_rows=32768 shared_suffix=64 segment_profile=tiny4,True,False,0.17567839920520786,0.17288480028510092,0.1759519994258881,2.767049853645285,1.1391592025756836,"{""num_rows"": ""32768"", ""segment_profile"": ""tiny4"", ""shared_suffix"": ""64""}"
baseline,stable-warps-0,sorted_order_strings_segments,Device=0 num_rows=2097152 shared_suffix=64 segment_profile=tiny4,True,False,1.0675632059574127,1.0590080022811894,1.068033593893051,0.5239324381901507,72.36474514007568,"{""num_rows"": ""2097152"", ""segment_profile"": ""tiny4"", ""shared_suffix"": ""64""}"
baseline,stable-warps-0,sorted_order_strings_segments,Device=0 num_rows=32768 shared_suffix=0 segment_profile=tiny8,True,False,0.1665520004928112,0.16655199974775312,0.16713280081748966,1.4846667199260848,1.1391592025756836,"{""num_rows"": ""32768"", ""segment_profile"": ""tiny8"", ""shared_suffix"": ""0""}"
baseline,stable-warps-0,sorted_order_strings_segments,Device=0 num_rows=2097152 shared_suffix=0 segment_profile=tiny8,True,False,0.7120448052883148,0.7065727949142457,0.7127760082483291,0.7114217571011063,72.36474514007568,"{""num_rows"": ""2097152"", ""segment_profile"": ""tiny8"", ""shared_suffix"": ""0""}"
baseline,stable-warps-0,sorted_order_strings_segments,Device=0 num_rows=32768 shared_suffix=64 segment_profile=tiny8,True,False,0.19196799919009208,0.19046240001916886,0.1930399999022484,1.6470309969512757,1.1391592025756836,"{""num_rows"": ""32768"", ""segment_profile"": ""tiny8"", ""shared_suffix"": ""64""}"
baseline,stable-warps-0,sorted_order_strings_segments,Device=0 num_rows=2097152 shared_suffix=64 segment_profile=tiny8,True,False,1.5092943906784053,1.4988160073757173,1.5094847977161407,0.4129246045286805,72.36474514007568,"{""num_rows"": ""2097152"", ""segment_profile"": ""tiny8"", ""shared_suffix"": ""64""}"
baseline,stable-warps-0,sorted_order_strings_segments,Device=0 num_rows=32768 shared_suffix=0 segment_profile=tiny16,True,False,0.17252159863710406,0.17023680135607722,0.17268320173025128,1.7844390836115502,1.1391592025756836,"{""num_rows"": ""32768"", ""segment_profile"": ""tiny16"", ""shared_suffix"": ""0""}"
baseline,stable-warps-0,sorted_order_strings_segments,Device=0 num_rows=2097152 shared_suffix=0 segment_profile=tiny16,True,False,0.8072384029626847,0.7997743964195253,0.8073343992233276,0.5804646442376811,72.36474514007568,"{""num_rows"": ""2097152"", ""segment_profile"": ""tiny16"", ""shared_suffix"": ""0""}"
baseline,stable-warps-0,sorted_order_strings_segments,Device=0 num_rows=32768 shared_suffix=64 segment_profile=tiny16,True,False,0.2070528000593186,0.205782400816679,0.21580799892544744,17.29927300784681,1.1391592025756836,"{""num_rows"": ""32768"", ""segment_profile"": ""tiny16"", ""shared_suffix"": ""64""}"
baseline,stable-warps-0,sorted_order_strings_segments,Device=0 num_rows=2097152 shared_suffix=64 segment_profile=tiny16,True,False,1.9913487911224361,1.9790144026279448,1.9919952034950255,0.27840659906995696,72.36474514007568,"{""num_rows"": ""2097152"", ""segment_profile"": ""tiny16"", ""shared_suffix"": ""64""}"
baseline,stable-warps-0,sorted_order_strings_segments,Device=0 num_rows=32768 shared_suffix=0 segment_profile=tiny32,True,False,0.17578079998493196,0.17375840023159983,0.1765440002083778,2.9054014193163757,1.1391592025756836,"{""num_rows"": ""32768"", ""segment_profile"": ""tiny32"", ""shared_suffix"": ""0""}"
baseline,stable-warps-0,sorted_order_strings_segments,Device=0 num_rows=2097152 shared_suffix=0 segment_profile=tiny32,True,False,0.9340079963207242,0.926657599210739,0.9353135913610459,0.34899581958749865,72.36474514007568,"{""num_rows"": ""2097152"", ""segment_profile"": ""tiny32"", ""shared_suffix"": ""0""}"
baseline,stable-warps-0,sorted_order_strings_segments,Device=0 num_rows=32768 shared_suffix=64 segment_profile=tiny32,True,False,0.22411040067672727,0.22285760045051578,0.22827199995517736,6.859977840805645,1.1391592025756836,"{""num_rows"": ""32768"", ""segment_profile"": ""tiny32"", ""shared_suffix"": ""64""}"
baseline,stable-warps-0,sorted_order_strings_segments,Device=0 num_rows=2097152 shared_suffix=64 segment_profile=tiny32,True,False,2.5281760096549992,2.5117008209228517,2.529169607162476,0.2878318424496742,72.36474514007568,"{""num_rows"": ""2097152"", ""segment_profile"": ""tiny32"", ""shared_suffix"": ""64""}"
experiment-7,constant,sorted_order_strings_prefixes,Device=0 num_rows=262144 prefix_width=32 suffix_width=0 prefix_cardinality=1,False,False,0.23099999874830243,0.23048000037670133,0.23352639973163608,1.6210693305340684,9.053221702575684,"{""num_rows"": ""262144"", ""prefix_cardinality"": ""1"", ""prefix_width"": ""32"", ""suffix_width"": ""0""}"
experiment-7,constant,sorted_order_strings_prefixes,Device=0 num_rows=2097152 prefix_width=32 suffix_width=0 prefix_cardinality=1,False,False,0.809128001332283,0.8079103976488115,0.8100783973932267,0.3887309980773382,72.36474514007568,"{""num_rows"": ""2097152"", ""prefix_cardinality"": ""1"", ""prefix_width"": ""32"", ""suffix_width"": ""0""}"
experiment-3,main,sorted_order_strings,Device=0 min_width=1 max_width=8 num_rows=32768,False,False,0.16240480095148085,0.1612591989338398,0.16355199888348582,1.882003370227405,1.1391592025756836,"{""max_width"": ""8"", ""min_width"": ""1"", ""num_rows"": ""32768""}"
experiment-3,main,sorted_order_strings,Device=0 min_width=1 max_width=32 num_rows=32768,False,False,0.19723199903964997,0.1970272019505501,0.20317280143499375,2.335270210512283,1.1391592025756836,"{""max_width"": ""32"", ""min_width"": ""1"", ""num_rows"": ""32768""}"
experiment-3,main,sorted_order_strings,Device=0 min_width=1 max_width=64 num_rows=32768,False,False,0.22919519990682602,0.22911520078778266,0.2316975988447666,1.6132451105754282,1.1391592025756836,"{""max_width"": ""64"", ""min_width"": ""1"", ""num_rows"": ""32768""}"
experiment-3,main,sorted_order_strings,Device=0 min_width=1 max_width=128 num_rows=32768,False,False,0.29766399860382076,0.296364800632,0.3012928023934364,0.9003196043688618,1.1391592025756836,"{""max_width"": ""128"", ""min_width"": ""1"", ""num_rows"": ""32768""}"
experiment-3,main,sorted_order_strings,Device=0 min_width=1 max_width=256 num_rows=32768,False,False,0.43843680024147036,0.4357968002557753,0.44680960029363626,0.5639326114385214,1.1391592025756836,"{""max_width"": ""256"", ""min_width"": ""1"", ""num_rows"": ""32768""}"
experiment-3,main,sorted_order_strings,Device=0 min_width=1 max_width=8 num_rows=262144,False,False,0.24874400049448012,0.24529599994420997,0.252164800465107,1.6157287743630548,9.053221702575684,"{""max_width"": ""8"", ""min_width"": ""1"", ""num_rows"": ""262144""}"
experiment-3,main,sorted_order_strings,Device=0 min_width=1 max_width=32 num_rows=262144,False,False,0.38695520311594006,0.3815696001052857,0.38794399797916407,1.7595648026436546,9.053221702575684,"{""max_width"": ""32"", ""min_width"": ""1"", ""num_rows"": ""262144""}"
experiment-3,main,sorted_order_strings,Device=0 min_width=1 max_width=64 num_rows=262144,False,False,0.524196797609329,0.523063999414444,0.5298000067472457,1.4436670298665462,9.053221702575684,"{""max_width"": ""64"", ""min_width"": ""1"", ""num_rows"": ""262144""}"
experiment-3,main,sorted_order_strings,Device=0 min_width=1 max_width=128 num_rows=262144,False,False,0.8521328032016755,0.8457567989826204,0.858852806687355,2.094360317806323,9.053221702575684,"{""max_width"": ""128"", ""min_width"": ""1"", ""num_rows"": ""262144""}"
experiment-3,main,sorted_order_strings,Device=0 min_width=1 max_width=256 num_rows=262144,False,False,1.5427055835723875,1.534951996803284,1.5512671947479248,2.080915090598302,9.053221702575684,"{""max_width"": ""256"", ""min_width"": ""1"", ""num_rows"": ""262144""}"
experiment-3,main,sorted_order_strings,Device=0 min_width=1 max_width=8 num_rows=2097152,False,False,0.6213376015424728,0.617059201002121,0.6249984055757523,0.566482925352107,72.36474514007568,"{""max_width"": ""8"", ""min_width"": ""1"", ""num_rows"": ""2097152""}"
experiment-3,main,sorted_order_strings,Device=0 min_width=1 max_width=32 num_rows=2097152,False,False,1.338904011249542,1.3373487949371339,1.3484048008918763,2.142123238318947,72.36474514007568,"{""max_width"": ""32"", ""min_width"": ""1"", ""num_rows"": ""2097152""}"
experiment-3,main,sorted_order_strings,Device=0 min_width=1 max_width=64 num_rows=2097152,False,False,2.046446406841278,2.045523220300674,2.056556802988053,2.588434765599833,72.36474514007568,"{""max_width"": ""64"", ""min_width"": ""1"", ""num_rows"": ""2097152""}"
experiment-3,main,sorted_order_strings,Device=0 min_width=1 max_width=128 num_rows=2097152,False,False,3.7167984247207646,3.7105744123458866,3.731147181987763,2.3784677805210985,72.36474514007568,"{""max_width"": ""128"", ""min_width"": ""1"", ""num_rows"": ""2097152""}"
experiment-3,main,sorted_order_strings,Device=0 min_width=1 max_width=256 num_rows=2097152,False,False,7.9655503988266005,7.954219150543212,8.08164315223694,3.1524006745871094,72.36474514007568,"{""max_width"": ""256"", ""min_width"": ""1"", ""num_rows"": ""2097152""}"
experiment-3,main,sorted_order_strings,Device=0 min_width=1 max_width=8 num_rows=16777216,False,False,4.461689615249633,4.437409615516662,4.462299203872681,0.4738000503997819,578.8530263900757,"{""max_width"": ""8"", ""min_width"": ""1"", ""num_rows"": ""16777216""}"
experiment-3,main,sorted_order_strings,Device=0 min_width=1 max_width=32 num_rows=16777216,False,False,10.171729516983033,10.120315217971802,10.1958655834198,0.6851057977034167,578.8530263900757,"{""max_width"": ""32"", ""min_width"": ""1"", ""num_rows"": ""16777216""}"
experiment-3,main,sorted_order_strings,Device=0 min_width=1 max_width=64 num_rows=16777216,False,False,15.734006404876707,15.724547147750851,15.778392028808593,0.8646756489040142,578.8530263900757,"{""max_width"": ""64"", ""min_width"": ""1"", ""num_rows"": ""16777216""}"
experiment-3,main,sorted_order_strings,Device=0 min_width=1 max_width=128 num_rows=16777216,False,False,29.19364337921143,29.161798381805426,29.3050064086914,0.9241160910084947,578.8530263900757,"{""max_width"": ""128"", ""min_width"": ""1"", ""num_rows"": ""16777216""}"
experiment-3,main,sorted_order_strings,Device=0 min_width=1 max_width=256 num_rows=16777216,False,False,58.67262268066407,58.61875457763673,58.67983055114746,0.9483557990865744,578.8530263900757,"{""max_width"": ""256"", ""min_width"": ""1"", ""num_rows"": ""16777216""}"
experiment-3,main,sorted_order_strings_distribution,Device=0 num_rows=262144 profile=cardinality_1_width_32,False,False,0.0071231999667361375,0.006833599973469972,0.007486399984918536,22.68791119810557,1.0,"{""num_rows"": ""262144"", ""profile"": ""cardinality_1_width_32""}"
experiment-3,main,sorted_order_strings_distribution,Device=0 num_rows=2097152 profile=cardinality_1_width_32,False,False,0.008812799956649542,0.00876959995366633,0.008942400012165307,10.416461288368096,8.0,"{""num_rows"": ""2097152"", ""profile"": ""cardinality_1_width_32""}"
experiment-3,main,sorted_order_strings_distribution,Device=0 num_rows=262144 profile=cardinality_64_width_128,False,False,0.9920159965753559,0.9814175963401793,0.9934047967195511,2.8419004904703438,9.053221702575684,"{""num_rows"": ""262144"", ""profile"": ""cardinality_64_width_128""}"
experiment-3,main,sorted_order_strings_distribution,Device=0 num_rows=2097152 profile=cardinality_64_width_128,False,False,6.117359995841979,6.111052775382995,6.15679202079773,1.993763772463235,72.36474514007568,"{""num_rows"": ""2097152"", ""profile"": ""cardinality_64_width_128""}"
experiment-3,main,sorted_order_strings_distribution,Device=0 num_rows=262144 profile=shared_prefix_64,False,False,1.5294320046901704,1.5117887973785404,1.5335616052150725,0.7646637411004422,9.053221702575684,"{""num_rows"": ""262144"", ""profile"": ""shared_prefix_64""}"
experiment-3,main,sorted_order_strings_distribution,Device=0 num_rows=2097152 profile=shared_prefix_64,False,False,13.470019197463989,13.437424087524416,13.483054399490355,0.33911544469631744,72.36474514007568,"{""num_rows"": ""2097152"", ""profile"": ""shared_prefix_64""}"
experiment-3,main,sorted_order_strings_distribution,Device=0 num_rows=262144 profile=variable_128,False,False,0.25925119817256925,0.25488800108432763,0.26455360054969784,1.378735587809502,9.053221702575684,"{""num_rows"": ""262144"", ""profile"": ""variable_128""}"
experiment-3,main,sorted_order_strings_distribution,Device=0 num_rows=2097152 profile=variable_128,False,False,0.5267903953790665,0.5234288036823272,0.5309647977352142,0.78135178861914,72.36474514007568,"{""num_rows"": ""2097152"", ""profile"": ""variable_128""}"
experiment-3,main,sorted_order_strings_nulls,Device=0 num_rows=262144 profile=fixed_8 null_percent=0,False,False,0.18362400084733957,0.17957120090723036,0.18604319989681248,2.0246976527367635,9.053221702575684,"{""null_percent"": ""0"", ""num_rows"": ""262144"", ""profile"": ""fixed_8""}"
experiment-3,main,sorted_order_strings_nulls,Device=0 num_rows=2097152 profile=fixed_8 null_percent=0,False,False,0.3925807997584343,0.3886704027652741,0.3953855976462365,0.7599770621412816,72.36474514007568,"{""null_percent"": ""0"", ""num_rows"": ""2097152"", ""profile"": ""fixed_8""}"
experiment-3,main,sorted_order_strings_nulls,Device=0 num_rows=262144 profile=variable_128 null_percent=0,False,False,0.25573759824037556,0.2530831962823868,0.26297760158777234,1.5535988226508206,9.053221702575684,"{""null_percent"": ""0"", ""num_rows"": ""262144"", ""profile"": ""variable_128""}"
experiment-3,main,sorted_order_strings_nulls,Device=0 num_rows=2097152 profile=variable_128 null_percent=0,False,False,0.5300063967704773,0.527012801170349,0.5352943956851961,0.8372941910475908,72.36474514007568,"{""null_percent"": ""0"", ""num_rows"": ""2097152"", ""profile"": ""variable_128""}"
experiment-3,main,sorted_order_strings_nulls,Device=0 num_rows=262144 profile=fixed_8 null_percent=50,False,False,0.20004960000514985,0.19297919943928718,0.20067040026187893,1.4853097368859345,15.104979515075684,"{""null_percent"": ""50"", ""num_rows"": ""262144"", ""profile"": ""fixed_8""}"
experiment-3,main,sorted_order_strings_nulls,Device=0 num_rows=2097152 profile=fixed_8 null_percent=50,False,False,0.6263088017702102,0.6222207993268967,0.6279392033815385,1.0000970050053015,120.77197170257568,"{""null_percent"": ""50"", ""num_rows"": ""2097152"", ""profile"": ""fixed_8""}"
experiment-3,main,sorted_order_strings_nulls,Device=0 num_rows=262144 profile=variable_128 null_percent=50,False,False,0.2602832004427909,0.2566512003540992,0.26291680037975307,3.3633672332649143,15.104979515075684,"{""null_percent"": ""50"", ""num_rows"": ""262144"", ""profile"": ""variable_128""}"
experiment-3,main,sorted_order_strings_nulls,Device=0 num_rows=2097152 profile=variable_128 null_percent=50,False,False,0.7107744008302689,0.7099615961313249,0.7175535976886749,0.47342237639394363,120.77197170257568,"{""null_percent"": ""50"", ""num_rows"": ""2097152"", ""profile"": ""variable_128""}"
experiment-3,main,sorted_order_strings_nulls,Device=0 num_rows=262144 profile=fixed_8 null_percent=100,False,False,0.00672479998320341,0.0066639999859035015,0.00685279997996986,6.915187651351613,1.0,"{""null_percent"": ""100"", ""num_rows"": ""262144"", ""profile"": ""fixed_8""}"
experiment-3,main,sorted_order_strings_nulls,Device=0 num_rows=2097152 profile=fixed_8 null_percent=100,False,False,0.008726399997249246,0.00871519995853305,0.008771199919283391,5.18337310915531,8.0,"{""null_percent"": ""100"", ""num_rows"": ""2097152"", ""profile"": ""fixed_8""}"
experiment-3,main,sorted_order_strings_nulls,Device=0 num_rows=262144 profile=variable_128 null_percent=100,False,False,0.006551999971270562,0.006510400003753602,0.006705599999986587,4.409224051820608,1.0,"{""null_percent"": ""100"", ""num_rows"": ""262144"", ""profile"": ""variable_128""}"
experiment-3,main,sorted_order_strings_nulls,Device=0 num_rows=2097152 profile=variable_128 null_percent=100,False,False,0.008836799953132867,0.008561600046232345,0.009033599914982914,7.978299490826486,8.0,"{""null_percent"": ""100"", ""num_rows"": ""2097152"", ""profile"": ""variable_128""}"
experiment-3,pr-source,sorted_order_strings_source_parity,Device=0 num_rows=262144 profile=unique_32,False,False,0.4743616014719009,0.4649823993444443,0.476104000210762,0.5966583261500344,9.053221702575684,"{""num_rows"": ""262144"", ""profile"": ""unique_32""}"
experiment-3,pr-source,sorted_order_strings_source_parity,Device=0 num_rows=2097152 profile=unique_32,False,False,2.765523195266724,2.744699215888977,2.7713360071182245,0.2989217207185329,72.36474514007568,"{""num_rows"": ""2097152"", ""profile"": ""unique_32""}"
experiment-3,pr-source,sorted_order_strings_source_parity,Device=0 num_rows=262144 profile=duplicates_32,False,False,0.6136623948812484,0.6020240098237991,0.6140351951122285,0.49993208331346833,9.053221702575684,"{""num_rows"": ""262144"", ""profile"": ""duplicates_32""}"
experiment-3,pr-source,sorted_order_strings_source_parity,Device=0 num_rows=2097152 profile=duplicates_32,False,False,4.010015988349915,3.9809663772583,4.012396788597107,0.11342592230099036,72.36474514007568,"{""num_rows"": ""2097152"", ""profile"": ""duplicates_32""}"
experiment-3,pr-source,sorted_order_strings_source_parity,Device=0 num_rows=262144 profile=shared_prefix_24,False,False,0.47332800179719925,0.4683775991201401,0.4736144036054612,0.8383417235531192,9.053221702575684,"{""num_rows"": ""262144"", ""profile"": ""shared_prefix_24""}"
experiment-3,pr-source,sorted_order_strings_source_parity,Device=0 num_rows=2097152 profile=shared_prefix_24,False,False,2.765998375415802,2.7462112069129945,2.770196783542633,0.4700400893369884,72.36474514007568,"{""num_rows"": ""2097152"", ""profile"": ""shared_prefix_24""}"
experiment-3,pr-source,sorted_order_strings_source_parity,Device=0 num_rows=262144 profile=raw_unique_40,False,False,0.17560480013489724,0.1704352006316185,0.17799840047955512,1.7319122464493273,9.053221702575684,"{""num_rows"": ""262144"", ""profile"": ""raw_unique_40""}"
experiment-3,pr-source,sorted_order_strings_source_parity,Device=0 num_rows=2097152 profile=raw_unique_40,False,False,0.41767040342092515,0.411420801281929,0.41819999814033504,0.7201576735179859,72.36474514007568,"{""num_rows"": ""2097152"", ""profile"": ""raw_unique_40""}"
experiment-3,pr-source,sorted_order_strings_source_parity,Device=0 num_rows=262144 profile=raw_duplicates_40,False,False,0.48390079885721193,0.47611999958753587,0.4840496018528939,0.7327969851737312,9.053221702575684,"{""num_rows"": ""262144"", ""profile"": ""raw_duplicates_40""}"
experiment-3,pr-source,sorted_order_strings_source_parity,Device=0 num_rows=2097152 profile=raw_duplicates_40,False,False,3.1592704176902777,3.139204788208008,3.1611984014511116,0.31123633955730523,72.36474514007568,"{""num_rows"": ""2097152"", ""profile"": ""raw_duplicates_40""}"
experiment-3,pr-source,sorted_order_strings_source_parity,Device=0 num_rows=262144 profile=raw_shared_prefix_24_width_40,False,False,0.6545231997966767,0.6431695967912674,0.6572271972894669,0.5340602390233526,9.053221702575684,"{""num_rows"": ""262144"", ""profile"": ""raw_shared_prefix_24_width_40""}"
experiment-3,pr-source,sorted_order_strings_source_parity,Device=0 num_rows=2097152 profile=raw_shared_prefix_24_width_40,False,False,5.661016035079956,5.649499177932739,5.682190465927125,0.4778778701869998,72.36474514007568,"{""num_rows"": ""2097152"", ""profile"": ""raw_shared_prefix_24_width_40""}"
experiment-7,main,sorted_order_strings,Device=0 min_width=1 max_width=8 num_rows=32768,False,False,0.16336319893598555,0.16102399826049804,0.16488159969449043,1.6796318751684445,1.1391592025756836,"{""max_width"": ""8"", ""min_width"": ""1"", ""num_rows"": ""32768""}"
experiment-7,main,sorted_order_strings,Device=0 min_width=1 max_width=32 num_rows=32768,False,False,0.19735839962959287,0.19698240086436272,0.19900799989700313,0.9469812133194974,1.1391592025756836,"{""max_width"": ""32"", ""min_width"": ""1"", ""num_rows"": ""32768""}"
experiment-7,main,sorted_order_strings,Device=0 min_width=1 max_width=64 num_rows=32768,False,False,0.22941920012235642,0.22925440073013306,0.2307584002614021,0.7902288420892076,1.1391592025756836,"{""max_width"": ""64"", ""min_width"": ""1"", ""num_rows"": ""32768""}"
experiment-7,main,sorted_order_strings,Device=0 min_width=1 max_width=128 num_rows=32768,False,False,0.2978064000606536,0.29723840206861485,0.2983248010277749,0.9100798701763104,1.1391592025756836,"{""max_width"": ""128"", ""min_width"": ""1"", ""num_rows"": ""32768""}"
experiment-7,main,sorted_order_strings,Device=0 min_width=1 max_width=256 num_rows=32768,False,False,0.43897600024938577,0.43824160099029524,0.43926240354776386,1.0230199693997473,1.1391592025756836,"{""max_width"": ""256"", ""min_width"": ""1"", ""num_rows"": ""32768""}"
experiment-7,main,sorted_order_strings,Device=0 min_width=1 max_width=8 num_rows=262144,False,False,0.24729119911789893,0.24540800005197527,0.25028799846768385,1.5563752118877245,9.053221702575684,"{""max_width"": ""8"", ""min_width"": ""1"", ""num_rows"": ""262144""}"
experiment-7,main,sorted_order_strings,Device=0 min_width=1 max_width=32 num_rows=262144,False,False,0.3854832008481026,0.3847311988472939,0.3866543993353843,1.1826073394370453,9.053221702575684,"{""max_width"": ""32"", ""min_width"": ""1"", ""num_rows"": ""262144""}"
experiment-7,main,sorted_order_strings,Device=0 min_width=1 max_width=64 num_rows=262144,False,False,0.5232400029897689,0.5216112017631531,0.5259552001953126,1.2676452899047523,9.053221702575684,"{""max_width"": ""64"", ""min_width"": ""1"", ""num_rows"": ""262144""}"
experiment-7,main,sorted_order_strings,Device=0 min_width=1 max_width=128 num_rows=262144,False,False,0.8518143951892855,0.8474527955055237,0.8541536003351212,1.9125146539254856,9.053221702575684,"{""max_width"": ""128"", ""min_width"": ""1"", ""num_rows"": ""262144""}"
experiment-7,main,sorted_order_strings,Device=0 min_width=1 max_width=256 num_rows=262144,False,False,1.5398767948150636,1.5276271998882291,1.5406127989292147,2.4452569700219975,9.053221702575684,"{""max_width"": ""256"", ""min_width"": ""1"", ""num_rows"": ""262144""}"
experiment-7,main,sorted_order_strings,Device=0 min_width=1 max_width=8 num_rows=2097152,False,False,0.6230671942234038,0.6188256055116653,0.625424000620842,0.8689473708948211,72.36474514007568,"{""max_width"": ""8"", ""min_width"": ""1"", ""num_rows"": ""2097152""}"
experiment-7,main,sorted_order_strings,Device=0 min_width=1 max_width=32 num_rows=2097152,False,False,1.3438096106052395,1.340233612060547,1.344735997915268,1.9032975777752779,72.36474514007568,"{""max_width"": ""32"", ""min_width"": ""1"", ""num_rows"": ""2097152""}"
experiment-7,main,sorted_order_strings,Device=0 min_width=1 max_width=64 num_rows=2097152,False,False,2.0529967844486237,2.0394511878490453,2.0563552320003513,2.5717986854222024,72.36474514007568,"{""max_width"": ""64"", ""min_width"": ""1"", ""num_rows"": ""2097152""}"
experiment-7,main,sorted_order_strings,Device=0 min_width=1 max_width=128 num_rows=2097152,False,False,3.7043775796890266,3.6828223943710325,3.7451871991157533,1.9771366696395418,72.36474514007568,"{""max_width"": ""128"", ""min_width"": ""1"", ""num_rows"": ""2097152""}"
experiment-7,main,sorted_order_strings,Device=0 min_width=1 max_width=256 num_rows=2097152,False,False,7.959779143333434,7.927652812004087,8.025049638748168,2.758793802454088,72.36474514007568,"{""max_width"": ""256"", ""min_width"": ""1"", ""num_rows"": ""2097152""}"
experiment-7,main,sorted_order_strings,Device=0 min_width=1 max_width=8 num_rows=16777216,False,False,4.450588822364807,4.43670871257782,4.456134366989135,0.26994959807390345,578.8530263900757,"{""max_width"": ""8"", ""min_width"": ""1"", ""num_rows"": ""16777216""}"
experiment-7,main,sorted_order_strings,Device=0 min_width=1 max_width=32 num_rows=16777216,False,False,10.16753430366516,10.13144793510437,10.177375936508179,1.2189443618787268,578.8530263900757,"{""max_width"": ""32"", ""min_width"": ""1"", ""num_rows"": ""16777216""}"
experiment-7,main,sorted_order_strings,Device=0 min_width=1 max_width=64 num_rows=16777216,False,False,15.743534374237058,15.740863990783689,15.75898876190186,0.6384707656582027,578.8530263900757,"{""max_width"": ""64"", ""min_width"": ""1"", ""num_rows"": ""16777216""}"
experiment-7,main,sorted_order_strings,Device=0 min_width=1 max_width=128 num_rows=16777216,False,False,29.200241565704342,29.140769481658936,29.23106575012207,1.1587938431084885,578.8530263900757,"{""max_width"": ""128"", ""min_width"": ""1"", ""num_rows"": ""16777216""}"
experiment-7,main,sorted_order_strings,Device=0 min_width=1 max_width=256 num_rows=16777216,False,False,58.69902706146239,58.55058879852295,58.74278087615966,1.016762123899712,578.8530263900757,"{""max_width"": ""256"", ""min_width"": ""1"", ""num_rows"": ""16777216""}"
experiment-7,main,sorted_order_strings_distribution,Device=0 num_rows=262144 profile=cardinality_1_width_32,False,False,0.006974399951286614,0.0069472000002861025,0.008313599927350876,7.4467402296864655,1.0,"{""num_rows"": ""262144"", ""profile"": ""cardinality_1_width_32""}"
experiment-7,main,sorted_order_strings_distribution,Device=0 num_rows=2097152 profile=cardinality_1_width_32,False,False,0.008796799927949905,0.008648000005632638,0.00922399996779859,22.801110251084964,8.0,"{""num_rows"": ""2097152"", ""profile"": ""cardinality_1_width_32""}"
experiment-7,main,sorted_order_strings_distribution,Device=0 num_rows=262144 profile=cardinality_64_width_128,False,False,0.981502401828766,0.9752496033906937,0.9839519947767259,2.5109491744008308,9.053221702575684,"{""num_rows"": ""262144"", ""profile"": ""cardinality_64_width_128""}"
experiment-7,main,sorted_order_strings_distribution,Device=0 num_rows=2097152 profile=cardinality_64_width_128,False,False,3.591023993492126,3.5765631914138782,3.6018000125885012,0.9560115369643433,72.36474514007568,"{""num_rows"": ""2097152"", ""profile"": ""cardinality_64_width_128""}"
experiment-7,main,sorted_order_strings_distribution,Device=0 num_rows=262144 profile=shared_prefix_64,False,False,0.6808303952217102,0.678271996974945,0.6859888046979905,0.7623150391638545,9.053221702575684,"{""num_rows"": ""262144"", ""profile"": ""shared_prefix_64""}"
experiment-7,main,sorted_order_strings_distribution,Device=0 num_rows=2097152 profile=shared_prefix_64,False,False,5.424404788017273,5.411812829971314,5.425510406494141,0.26454340354583317,72.36474514007568,"{""num_rows"": ""2097152"", ""profile"": ""shared_prefix_64""}"
experiment-7,main,sorted_order_strings_distribution,Device=0 num_rows=262144 profile=variable_128,False,False,0.25675999969244,0.2551967993378639,0.26109280139207847,1.2867500180538427,9.053221702575684,"{""num_rows"": ""262144"", ""profile"": ""variable_128""}"
experiment-7,main,sorted_order_strings_distribution,Device=0 num_rows=2097152 profile=variable_128,False,False,0.5243167966604231,0.5239008039236069,0.5266383945941925,0.7546018946888333,72.36474514007568,"{""num_rows"": ""2097152"", ""profile"": ""variable_128""}"
experiment-7,main,sorted_order_strings_nulls,Device=0 num_rows=262144 profile=fixed_8 null_percent=0,False,False,0.18231840059161186,0.18150400072336198,0.18624160140752796,2.1460956492554475,9.053221702575684,"{""null_percent"": ""0"", ""num_rows"": ""262144"", ""profile"": ""fixed_8""}"
experiment-7,main,sorted_order_strings_nulls,Device=0 num_rows=2097152 profile=fixed_8 null_percent=0,False,False,0.3906608000397682,0.38934720307588583,0.3912079989910126,0.9984997030190573,72.36474514007568,"{""null_percent"": ""0"", ""num_rows"": ""2097152"", ""profile"": ""fixed_8""}"
experiment-7,main,sorted_order_strings_nulls,Device=0 num_rows=262144 profile=variable_128 null_percent=0,False,False,0.2593696027994155,0.25576480180025096,0.2599151998758316,9.98423343733019,9.053221702575684,"{""null_percent"": ""0"", ""num_rows"": ""262144"", ""profile"": ""variable_128""}"
experiment-7,main,sorted_order_strings_nulls,Device=0 num_rows=2097152 profile=variable_128 null_percent=0,False,False,0.5277408063411714,0.5269487977027895,0.528833594918251,0.6824385329905094,72.36474514007568,"{""null_percent"": ""0"", ""num_rows"": ""2097152"", ""profile"": ""variable_128""}"
experiment-7,main,sorted_order_strings_nulls,Device=0 num_rows=262144 profile=fixed_8 null_percent=50,False,False,0.19784800037741662,0.1942863993346691,0.19883840084075924,5.080581827959838,15.104979515075684,"{""null_percent"": ""50"", ""num_rows"": ""262144"", ""profile"": ""fixed_8""}"
experiment-7,main,sorted_order_strings_nulls,Device=0 num_rows=2097152 profile=fixed_8 null_percent=50,False,False,0.6226864039897918,0.6217519998550416,0.6229856044054031,0.6277781870034079,120.77197170257568,"{""null_percent"": ""50"", ""num_rows"": ""2097152"", ""profile"": ""fixed_8""}"
experiment-7,main,sorted_order_strings_nulls,Device=0 num_rows=262144 profile=variable_128 null_percent=50,False,False,0.2558303982019425,0.2556944027543067,0.2589680016040802,1.4500760774186783,15.104979515075684,"{""null_percent"": ""50"", ""num_rows"": ""262144"", ""profile"": ""variable_128""}"
experiment-7,main,sorted_order_strings_nulls,Device=0 num_rows=2097152 profile=variable_128 null_percent=50,False,False,0.709288004040718,0.7084575980901718,0.7120959997177123,0.9325526195394627,120.77197170257568,"{""null_percent"": ""50"", ""num_rows"": ""2097152"", ""profile"": ""variable_128""}"
experiment-7,main,sorted_order_strings_nulls,Device=0 num_rows=262144 profile=fixed_8 null_percent=100,False,False,0.006686399993486703,0.006489600008353592,0.007332800026051701,4.968163832935852,1.0,"{""null_percent"": ""100"", ""num_rows"": ""262144"", ""profile"": ""fixed_8""}"
experiment-7,main,sorted_order_strings_nulls,Device=0 num_rows=2097152 profile=fixed_8 null_percent=100,False,False,0.008790400018915534,0.00865760003216565,0.009398399852216242,25.394319150148416,8.0,"{""null_percent"": ""100"", ""num_rows"": ""2097152"", ""profile"": ""fixed_8""}"
experiment-7,main,sorted_order_strings_nulls,Device=0 num_rows=262144 profile=variable_128 null_percent=100,False,False,0.006744000012986361,0.006479999981820583,0.007190399966202677,16.784346539323145,1.0,"{""null_percent"": ""100"", ""num_rows"": ""262144"", ""profile"": ""variable_128""}"
experiment-7,main,sorted_order_strings_nulls,Device=0 num_rows=2097152 profile=variable_128 null_percent=100,False,False,0.008678399911150336,0.00857760007493198,0.008700800035148861,4.520014297887402,8.0,"{""null_percent"": ""100"", ""num_rows"": ""2097152"", ""profile"": ""variable_128""}"
experiment-7,target,sorted_order_strings_cardinality,Device=0 num_rows=262144 max_width=32 cardinality=1,False,False,0.00691519994288683,0.006814400013536215,0.0069584000622853635,7.915484237895648,1.0,"{""cardinality"": ""1"", ""max_width"": ""32"", ""num_rows"": ""262144""}"
experiment-7,target,sorted_order_strings_cardinality,Device=0 num_rows=2097152 max_width=32 cardinality=1,False,False,0.008598399953916668,0.008476800052449107,0.009345600055530668,8.877231200709653,8.0,"{""cardinality"": ""1"", ""max_width"": ""32"", ""num_rows"": ""2097152""}"
experiment-7,target,sorted_order_strings_cardinality,Device=0 num_rows=262144 max_width=128 cardinality=1,False,False,0.27235360145568854,0.27187199890613556,0.27383359968662263,2.4409448316054805,9.053221702575684,"{""cardinality"": ""1"", ""max_width"": ""128"", ""num_rows"": ""262144""}"
experiment-7,target,sorted_order_strings_cardinality,Device=0 num_rows=2097152 max_width=128 cardinality=1,False,False,0.9144703984260559,0.9143503963947296,0.9166464000940323,0.507727906439075,72.36474514007568,"{""cardinality"": ""1"", ""max_width"": ""128"", ""num_rows"": ""2097152""}"
experiment-7,target,sorted_order_strings_cardinality,Device=0 num_rows=262144 max_width=32 cardinality=64,False,False,0.44722400158643727,0.4470240011811256,0.45013760030269623,2.1735509782141933,9.053221702575684,"{""cardinality"": ""64"", ""max_width"": ""32"", ""num_rows"": ""262144""}"
experiment-7,target,sorted_order_strings_cardinality,Device=0 num_rows=2097152 max_width=32 cardinality=64,False,False,1.4666703999042514,1.4652927994728089,1.475254398584366,2.2742489749221857,72.36474514007568,"{""cardinality"": ""64"", ""max_width"": ""32"", ""num_rows"": ""2097152""}"
experiment-7,target,sorted_order_strings_cardinality,Device=0 num_rows=262144 max_width=128 cardinality=64,False,False,0.9795776009559631,0.9787695974111557,0.9980400025844574,2.5708567678986523,9.053221702575684,"{""cardinality"": ""64"", ""max_width"": ""128"", ""num_rows"": ""262144""}"
experiment-7,target,sorted_order_strings_cardinality,Device=0 num_rows=2097152 max_width=128 cardinality=64,False,False,3.5932768106460573,3.5584047913551333,3.5972912073135377,0.9483093213207487,72.36474514007568,"{""cardinality"": ""64"", ""max_width"": ""128"", ""num_rows"": ""2097152""}"
experiment-7,target,sorted_order_strings_cardinality,Device=0 num_rows=262144 max_width=32 cardinality=0,False,False,0.25997920036315914,0.25907360166311266,0.26234879940748207,1.71556752432579,9.053221702575684,"{""cardinality"": ""0"", ""max_width"": ""32"", ""num_rows"": ""262144""}"
experiment-7,target,sorted_order_strings_cardinality,Device=0 num_rows=2097152 max_width=32 cardinality=0,False,False,0.5191872030496597,0.5175072014331819,0.5218143999576569,0.7149231649114793,72.36474514007568,"{""cardinality"": ""0"", ""max_width"": ""32"", ""num_rows"": ""2097152""}"
experiment-7,target,sorted_order_strings_cardinality,Device=0 num_rows=262144 max_width=128 cardinality=0,False,False,0.26322720348835,0.26136959940195076,0.26350080072879795,0.5522748675334559,9.053221702575684,"{""cardinality"": ""0"", ""max_width"": ""128"", ""num_rows"": ""262144""}"
experiment-7,target,sorted_order_strings_cardinality,Device=0 num_rows=2097152 max_width=128 cardinality=0,False,False,0.5325167983770371,0.5310799986124041,0.5353327929973601,0.6951683942861645,72.36474514007568,"{""cardinality"": ""0"", ""max_width"": ""128"", ""num_rows"": ""2097152""}"
experiment-7,target,sorted_order_strings_prefixes,Device=0 num_rows=262144 prefix_width=4 suffix_width=32 prefix_cardinality=1,False,False,0.23745279908180236,0.23679999858140946,0.23748799934983256,0.809660387949371,9.053221702575684,"{""num_rows"": ""262144"", ""prefix_cardinality"": ""1"", ""prefix_width"": ""4"", ""suffix_width"": ""32""}"
experiment-7,target,sorted_order_strings_prefixes,Device=0 num_rows=2097152 prefix_width=4 suffix_width=32 prefix_cardinality=1,False,False,0.44600639790296553,0.44587520062923436,0.4505584016442299,0.8722899223441959,72.36474514007568,"{""num_rows"": ""2097152"", ""prefix_cardinality"": ""1"", ""prefix_width"": ""4"", ""suffix_width"": ""32""}"
experiment-7,target,sorted_order_strings_prefixes,Device=0 num_rows=262144 prefix_width=8 suffix_width=32 prefix_cardinality=1,False,False,0.6110639959573746,0.6107632011175156,0.6138735949993134,0.5629946643765854,9.053221702575684,"{""num_rows"": ""262144"", ""prefix_cardinality"": ""1"", ""prefix_width"": ""8"", ""suffix_width"": ""32""}"
experiment-7,target,sorted_order_strings_prefixes,Device=0 num_rows=2097152 prefix_width=8 suffix_width=32 prefix_cardinality=1,False,False,4.445374393463134,4.436801624298096,4.452563214302063,0.3684074144365676,72.36474514007568,"{""num_rows"": ""2097152"", ""prefix_cardinality"": ""1"", ""prefix_width"": ""8"", ""suffix_width"": ""32""}"
experiment-7,target,sorted_order_strings_prefixes,Device=0 num_rows=262144 prefix_width=10 suffix_width=32 prefix_cardinality=1,False,False,0.6514847993850708,0.6498656004667281,0.6545343995094299,0.4654859359083237,9.053221702575684,"{""num_rows"": ""262144"", ""prefix_cardinality"": ""1"", ""prefix_width"": ""10"", ""suffix_width"": ""32""}"
experiment-7,target,sorted_order_strings_prefixes,Device=0 num_rows=2097152 prefix_width=10 suffix_width=32 prefix_cardinality=1,False,False,4.671422386169433,4.665660786628723,4.6803823709487915,0.43031418378029485,72.36474514007568,"{""num_rows"": ""2097152"", ""prefix_cardinality"": ""1"", ""prefix_width"": ""10"", ""suffix_width"": ""32""}"
experiment-7,target,sorted_order_strings_prefixes,Device=0 num_rows=262144 prefix_width=11 suffix_width=32 prefix_cardinality=1,False,False,0.660936000943184,0.6579456001520158,0.6628111988306045,0.3896985151031573,9.053221702575684,"{""num_rows"": ""262144"", ""prefix_cardinality"": ""1"", ""prefix_width"": ""11"", ""suffix_width"": ""32""}"
experiment-7,target,sorted_order_strings_prefixes,Device=0 num_rows=2097152 prefix_width=11 suffix_width=32 prefix_cardinality=1,False,False,4.738406419754028,4.734681582450867,4.750814390182494,0.29392419652024815,72.36474514007568,"{""num_rows"": ""2097152"", ""prefix_cardinality"": ""1"", ""prefix_width"": ""11"", ""suffix_width"": ""32""}"
experiment-7,target,sorted_order_strings_prefixes,Device=0 num_rows=262144 prefix_width=12 suffix_width=32 prefix_cardinality=1,False,False,0.6719583988189697,0.6687024027109147,0.6736719965934754,0.6664189433194434,9.053221702575684,"{""num_rows"": ""262144"", ""prefix_cardinality"": ""1"", ""prefix_width"": ""12"", ""suffix_width"": ""32""}"
experiment-7,target,sorted_order_strings_prefixes,Device=0 num_rows=2097152 prefix_width=12 suffix_width=32 prefix_cardinality=1,False,False,4.793688011169433,4.791228795051575,4.799123239517212,0.2664565659339606,72.36474514007568,"{""num_rows"": ""2097152"", ""prefix_cardinality"": ""1"", ""prefix_width"": ""12"", ""suffix_width"": ""32""}"
experiment-7,target,sorted_order_strings_prefixes,Device=0 num_rows=262144 prefix_width=64 suffix_width=32 prefix_cardinality=1,False,False,0.6880847990512848,0.6874576061964034,0.6884656012058258,0.5947150481993315,9.053221702575684,"{""num_rows"": ""262144"", ""prefix_cardinality"": ""1"", ""prefix_width"": ""64"", ""suffix_width"": ""32""}"
experiment-7,target,sorted_order_strings_prefixes,Device=0 num_rows=2097152 prefix_width=64 suffix_width=32 prefix_cardinality=1,False,False,5.421332836151123,5.420278406143187,5.424678373336793,0.302902373681836,72.36474514007568,"{""num_rows"": ""2097152"", ""prefix_cardinality"": ""1"", ""prefix_width"": ""64"", ""suffix_width"": ""32""}"
experiment-7,target,sorted_order_strings_prefixes,Device=0 num_rows=262144 prefix_width=4 suffix_width=32 prefix_cardinality=64,False,False,0.20248320028185843,0.20233439952135088,0.2031280003488064,1.2445535603169282,9.053221702575684,"{""num_rows"": ""262144"", ""prefix_cardinality"": ""64"", ""prefix_width"": ""4"", ""suffix_width"": ""32""}"
experiment-7,target,sorted_order_strings_prefixes,Device=0 num_rows=2097152 prefix_width=4 suffix_width=32 prefix_cardinality=64,False,False,0.4194223999977112,0.4163391992449761,0.4197904005646706,0.9271509070675751,72.36474514007568,"{""num_rows"": ""2097152"", ""prefix_cardinality"": ""64"", ""prefix_width"": ""4"", ""suffix_width"": ""32""}"
experiment-7,target,sorted_order_strings_prefixes,Device=0 num_rows=262144 prefix_width=8 suffix_width=32 prefix_cardinality=64,False,False,0.4527136012911797,0.4524911984801293,0.4535871967673302,0.5813263130180504,9.053221702575684,"{""num_rows"": ""262144"", ""prefix_cardinality"": ""64"", ""prefix_width"": ""8"", ""suffix_width"": ""32""}"
experiment-7,target,sorted_order_strings_prefixes,Device=0 num_rows=2097152 prefix_width=8 suffix_width=32 prefix_cardinality=64,False,False,3.949505627155304,3.945929610729217,3.952868819236756,0.33704760627369423,72.36474514007568,"{""num_rows"": ""2097152"", ""prefix_cardinality"": ""64"", ""prefix_width"": ""8"", ""suffix_width"": ""32""}"
experiment-7,target,sorted_order_strings_prefixes,Device=0 num_rows=262144 prefix_width=10 suffix_width=32 prefix_cardinality=64,False,False,0.4865360006690026,0.48646240085363385,0.48794719576835627,0.8016576346897986,9.053221702575684,"{""num_rows"": ""262144"", ""prefix_cardinality"": ""64"", ""prefix_width"": ""10"", ""suffix_width"": ""32""}"
experiment-7,target,sorted_order_strings_prefixes,Device=0 num_rows=2097152 prefix_width=10 suffix_width=32 prefix_cardinality=64,False,False,4.257923293113708,4.257288026809693,4.260156822204589,0.32194888928470006,72.36474514007568,"{""num_rows"": ""2097152"", ""prefix_cardinality"": ""64"", ""prefix_width"": ""10"", ""suffix_width"": ""32""}"
experiment-7,target,sorted_order_strings_prefixes,Device=0 num_rows=262144 prefix_width=11 suffix_width=32 prefix_cardinality=64,False,False,0.4997984036803247,0.4992847993969918,0.5013584002852439,0.6640231491454157,9.053221702575684,"{""num_rows"": ""262144"", ""prefix_cardinality"": ""64"", ""prefix_width"": ""11"", ""suffix_width"": ""32""}"
experiment-7,target,sorted_order_strings_prefixes,Device=0 num_rows=2097152 prefix_width=11 suffix_width=32 prefix_cardinality=64,False,False,4.320945549011231,4.315881586074829,4.324089622497558,0.3680999209158718,72.36474514007568,"{""num_rows"": ""2097152"", ""prefix_cardinality"": ""64"", ""prefix_width"": ""11"", ""suffix_width"": ""32""}"
experiment-7,target,sorted_order_strings_prefixes,Device=0 num_rows=262144 prefix_width=12 suffix_width=32 prefix_cardinality=64,False,False,0.509216007590294,0.5077839940786363,0.5101743966341018,0.5914328272379479,9.053221702575684,"{""num_rows"": ""262144"", ""prefix_cardinality"": ""64"", ""prefix_width"": ""12"", ""suffix_width"": ""32""}"
experiment-7,target,sorted_order_strings_prefixes,Device=0 num_rows=2097152 prefix_width=12 suffix_width=32 prefix_cardinality=64,False,False,4.380504035949707,4.370086407661437,4.381055998802185,0.3191878701563726,72.36474514007568,"{""num_rows"": ""2097152"", ""prefix_cardinality"": ""64"", ""prefix_width"": ""12"", ""suffix_width"": ""32""}"
experiment-7,target,sorted_order_strings_prefixes,Device=0 num_rows=262144 prefix_width=64 suffix_width=32 prefix_cardinality=64,False,False,1.0781184017658236,1.0719007909297944,1.0793216049671173,0.5034810896600548,9.053221702575684,"{""num_rows"": ""262144"", ""prefix_cardinality"": ""64"", ""prefix_width"": ""64"", ""suffix_width"": ""32""}"
experiment-7,target,sorted_order_strings_prefixes,Device=0 num_rows=2097152 prefix_width=64 suffix_width=32 prefix_cardinality=64,False,False,8.148430490493775,8.14709439277649,8.155763292312624,0.2921595417022355,72.36474514007568,"{""num_rows"": ""2097152"", ""prefix_cardinality"": ""64"", ""prefix_width"": ""64"", ""suffix_width"": ""32""}"
experiment-3,constant,sorted_order_strings_prefixes,Device=0 num_rows=262144 prefix_width=32 suffix_width=0 prefix_cardinality=1,False,False,0.46951839923858646,0.4647680029273033,0.47405919879674907,5.359911642290327,9.053221702575684,"{""num_rows"": ""262144"", ""prefix_cardinality"": ""1"", ""prefix_width"": ""32"", ""suffix_width"": ""0""}"
experiment-3,constant,sorted_order_strings_prefixes,Device=0 num_rows=2097152 prefix_width=32 suffix_width=0 prefix_cardinality=1,False,False,2.7459439873695373,2.7357519984245293,2.755350422859192,0.33500944665630467,72.36474514007568,"{""num_rows"": ""2097152"", ""prefix_cardinality"": ""1"", ""prefix_width"": ""32"", ""suffix_width"": ""0""}"
experiment-3,pr-workload,sorted_order_strings_workload,Device=0 min_width=0 max_width=32 num_rows=32768 workload=normal,False,False,0.1963344007730484,0.19568159952759742,0.19679520055651661,1.1777798476807055,1.1391592025756836,"{""max_width"": ""32"", ""min_width"": ""0"", ""num_rows"": ""32768"", ""workload"": ""normal""}"
experiment-3,pr-workload,sorted_order_strings_workload,Device=0 min_width=0 max_width=64 num_rows=32768 workload=normal,False,False,0.22083359882235526,0.22019519954919814,0.22084640115499496,1.282836660384166,1.1391592025756836,"{""max_width"": ""64"", ""min_width"": ""0"", ""num_rows"": ""32768"", ""workload"": ""normal""}"
experiment-3,pr-workload,sorted_order_strings_workload,Device=0 min_width=0 max_width=128 num_rows=32768 workload=normal,False,False,0.278344002366066,0.27775200307369224,0.2790496036410331,1.1383368016139146,1.1391592025756836,"{""max_width"": ""128"", ""min_width"": ""0"", ""num_rows"": ""32768"", ""workload"": ""normal""}"
experiment-3,pr-workload,sorted_order_strings_workload,Device=0 min_width=0 max_width=256 num_rows=32768 workload=normal,False,False,0.4022880032658577,0.40196640193462363,0.4024032011628151,0.8140945690614443,1.1391592025756836,"{""max_width"": ""256"", ""min_width"": ""0"", ""num_rows"": ""32768"", ""workload"": ""normal""}"
experiment-3,pr-workload,sorted_order_strings_workload,Device=0 min_width=0 max_width=32 num_rows=262144 workload=normal,False,False,0.40245439708232883,0.40193439871072767,0.40321600139141084,1.452033388883374,9.053221702575684,"{""max_width"": ""32"", ""min_width"": ""0"", ""num_rows"": ""262144"", ""workload"": ""normal""}"
experiment-3,pr-workload,sorted_order_strings_workload,Device=0 min_width=0 max_width=64 num_rows=262144 workload=normal,False,False,0.5214031994342804,0.5195248007774355,0.524601599574089,1.2474965741670163,9.053221702575684,"{""max_width"": ""64"", ""min_width"": ""0"", ""num_rows"": ""262144"", ""workload"": ""normal""}"
experiment-3,pr-workload,sorted_order_strings_workload,Device=0 min_width=0 max_width=128 num_rows=262144 workload=normal,False,False,0.8566960036754606,0.8547695994377137,0.8603535950183868,1.9029853943997057,9.053221702575684,"{""max_width"": ""128"", ""min_width"": ""0"", ""num_rows"": ""262144"", ""workload"": ""normal""}"
experiment-3,pr-workload,sorted_order_strings_workload,Device=0 min_width=0 max_width=256 num_rows=262144 workload=normal,False,False,1.5018544077873228,1.495742392539978,1.5032400012016292,2.167076158054935,9.053221702575684,"{""max_width"": ""256"", ""min_width"": ""0"", ""num_rows"": ""262144"", ""workload"": ""normal""}"
experiment-3,pr-workload,sorted_order_strings_workload,Device=0 min_width=0 max_width=32 num_rows=2097152 workload=normal,False,False,1.3432063937187193,1.3411151945590971,1.3596607983112339,2.006352607924908,72.36474514007568,"{""max_width"": ""32"", ""min_width"": ""0"", ""num_rows"": ""2097152"", ""workload"": ""normal""}"
experiment-3,pr-workload,sorted_order_strings_workload,Device=0 min_width=0 max_width=64 num_rows=2097152 workload=normal,False,False,2.0263024091720583,2.022336006164551,2.0357551872730255,1.85252447609407,72.36474514007568,"{""max_width"": ""64"", ""min_width"": ""0"", ""num_rows"": ""2097152"", ""workload"": ""normal""}"
experiment-3,pr-workload,sorted_order_strings_workload,Device=0 min_width=0 max_width=128 num_rows=2097152 workload=normal,False,False,3.666012811660766,3.6605520248413077,3.691780781745911,2.814578980214234,72.36474514007568,"{""max_width"": ""128"", ""min_width"": ""0"", ""num_rows"": ""2097152"", ""workload"": ""normal""}"
experiment-3,pr-workload,sorted_order_strings_workload,Device=0 min_width=0 max_width=256 num_rows=2097152 workload=normal,False,False,7.961379289627077,7.92356324195862,7.998300719261169,2.3161118275968287,72.36474514007568,"{""max_width"": ""256"", ""min_width"": ""0"", ""num_rows"": ""2097152"", ""workload"": ""normal""}"
experiment-3,pr-workload,sorted_order_strings_workload,Device=0 min_width=0 max_width=32 num_rows=32768 workload=duplicates,False,False,0.22793439924716952,0.22784800082445145,0.22838399931788445,1.1941771691322365,1.1391592025756836,"{""max_width"": ""32"", ""min_width"": ""0"", ""num_rows"": ""32768"", ""workload"": ""duplicates""}"
experiment-3,pr-workload,sorted_order_strings_workload,Device=0 min_width=0 max_width=64 num_rows=32768 workload=duplicates,False,False,0.2939023986458778,0.2917824000120163,0.29419679939746857,1.1057359791367503,1.1391592025756836,"{""max_width"": ""64"", ""min_width"": ""0"", ""num_rows"": ""32768"", ""workload"": ""duplicates""}"
experiment-3,pr-workload,sorted_order_strings_workload,Device=0 min_width=0 max_width=128 num_rows=32768 workload=duplicates,False,False,0.42892479896545405,0.42849279940128326,0.4293312013149262,0.9351541679831084,1.1391592025756836,"{""max_width"": ""128"", ""min_width"": ""0"", ""num_rows"": ""32768"", ""workload"": ""duplicates""}"
experiment-3,pr-workload,sorted_order_strings_workload,Device=0 min_width=0 max_width=256 num_rows=32768 workload=duplicates,False,False,0.8048592031002045,0.798784002661705,0.8068079978227614,1.025759975770669,1.1391592025756836,"{""max_width"": ""256"", ""min_width"": ""0"", ""num_rows"": ""32768"", ""workload"": ""duplicates""}"
experiment-3,pr-workload,sorted_order_strings_workload,Device=0 min_width=0 max_width=32 num_rows=262144 workload=duplicates,False,False,0.43168639689683913,0.4274047985672951,0.4327823996543885,2.086814528323594,9.053221702575684,"{""max_width"": ""32"", ""min_width"": ""0"", ""num_rows"": ""262144"", ""workload"": ""duplicates""}"
experiment-3,pr-workload,sorted_order_strings_workload,Device=0 min_width=0 max_width=64 num_rows=262144 workload=duplicates,False,False,0.5906704068183898,0.5893200010061267,0.5915888011455537,2.257906888475978,9.053221702575684,"{""max_width"": ""64"", ""min_width"": ""0"", ""num_rows"": ""262144"", ""workload"": ""duplicates""}"
experiment-3,pr-workload,sorted_order_strings_workload,Device=0 min_width=0 max_width=128 num_rows=262144 workload=duplicates,False,False,0.9191936016082763,0.9087280005216598,0.9266096025705337,2.592791317841916,9.053221702575684,"{""max_width"": ""128"", ""min_width"": ""0"", ""num_rows"": ""262144"", ""workload"": ""duplicates""}"
experiment-3,pr-workload,sorted_order_strings_workload,Device=0 min_width=0 max_width=256 num_rows=262144 workload=duplicates,False,False,1.7349488198757173,1.731145596504211,1.740470403432846,1.3833326970388775,9.053221702575684,"{""max_width"": ""256"", ""min_width"": ""0"", ""num_rows"": ""262144"", ""workload"": ""duplicates""}"
experiment-3,pr-workload,sorted_order_strings_workload,Device=0 min_width=0 max_width=32 num_rows=2097152 workload=duplicates,False,False,2.1966591954231265,2.1884575963020323,2.2111680030822756,1.4896025437157616,72.36474514007568,"{""max_width"": ""32"", ""min_width"": ""0"", ""num_rows"": ""2097152"", ""workload"": ""duplicates""}"
experiment-3,pr-workload,sorted_order_strings_workload,Device=0 min_width=0 max_width=64 num_rows=2097152 workload=duplicates,False,False,3.294848001003265,3.2941536068916317,3.3028768181800845,1.2785323438034895,72.36474514007568,"{""max_width"": ""64"", ""min_width"": ""0"", ""num_rows"": ""2097152"", ""workload"": ""duplicates""}"
experiment-3,pr-workload,sorted_order_strings_workload,Device=0 min_width=0 max_width=128 num_rows=2097152 workload=duplicates,False,False,5.480881619453431,5.471204876899718,5.505527925491332,2.4956864168221142,72.36474514007568,"{""max_width"": ""128"", ""min_width"": ""0"", ""num_rows"": ""2097152"", ""workload"": ""duplicates""}"
experiment-3,pr-workload,sorted_order_strings_workload,Device=0 min_width=0 max_width=256 num_rows=2097152 workload=duplicates,False,False,9.938680028915407,9.880059242248533,9.954423999786378,3.2827359305667567,72.36474514007568,"{""max_width"": ""256"", ""min_width"": ""0"", ""num_rows"": ""2097152"", ""workload"": ""duplicates""}"
experiment-3,pr-workload,sorted_order_strings_workload,Device=0 min_width=0 max_width=32 num_rows=32768 workload=shared_prefix,False,False,0.4630144000053406,0.46184319853782646,0.4642688006162643,0.6979883217990719,1.1391592025756836,"{""max_width"": ""32"", ""min_width"": ""0"", ""num_rows"": ""32768"", ""workload"": ""shared_prefix""}"
experiment-3,pr-workload,sorted_order_strings_workload,Device=0 min_width=0 max_width=64 num_rows=32768 workload=shared_prefix,False,False,0.7267231971025466,0.7264832049608232,0.730646401643753,0.6659490437601021,1.1391592025756836,"{""max_width"": ""64"", ""min_width"": ""0"", ""num_rows"": ""32768"", ""workload"": ""shared_prefix""}"
experiment-3,pr-workload,sorted_order_strings_workload,Device=0 min_width=0 max_width=128 num_rows=32768 workload=shared_prefix,False,False,1.3337599933147433,1.3307743966579437,1.3368960142135622,0.39708164393003453,1.1391592025756836,"{""max_width"": ""128"", ""min_width"": ""0"", ""num_rows"": ""32768"", ""workload"": ""shared_prefix""}"
experiment-3,pr-workload,sorted_order_strings_workload,Device=0 min_width=0 max_width=256 num_rows=32768 workload=shared_prefix,False,False,3.3505199909210206,3.3407599568367004,3.3528559803962708,0.1702362205192063,1.1391592025756836,"{""max_width"": ""256"", ""min_width"": ""0"", ""num_rows"": ""32768"", ""workload"": ""shared_prefix""}"
experiment-3,pr-workload,sorted_order_strings_workload,Device=0 min_width=0 max_width=32 num_rows=262144 workload=shared_prefix,False,False,0.7303728014230728,0.7297919958829878,0.7304464012384415,0.47445621302023516,9.053221702575684,"{""max_width"": ""32"", ""min_width"": ""0"", ""num_rows"": ""262144"", ""workload"": ""shared_prefix""}"
experiment-3,pr-workload,sorted_order_strings_workload,Device=0 min_width=0 max_width=64 num_rows=262144 workload=shared_prefix,False,False,1.2517136096954347,1.2471023976802826,1.2540751993656158,1.9312641743432737,9.053221702575684,"{""max_width"": ""64"", ""min_width"": ""0"", ""num_rows"": ""262144"", ""workload"": ""shared_prefix""}"
experiment-3,pr-workload,sorted_order_strings_workload,Device=0 min_width=0 max_width=128 num_rows=262144 workload=shared_prefix,False,False,2.6845712184906008,2.673524820804596,2.6913951992988587,1.1692950771169042,9.053221702575684,"{""max_width"": ""128"", ""min_width"": ""0"", ""num_rows"": ""262144"", ""workload"": ""shared_prefix""}"
experiment-3,pr-workload,sorted_order_strings_workload,Device=0 min_width=0 max_width=256 num_rows=262144 workload=shared_prefix,False,False,7.761238408088684,7.739512014389037,7.764539217948915,0.15190933694906625,9.053221702575684,"{""max_width"": ""256"", ""min_width"": ""0"", ""num_rows"": ""262144"", ""workload"": ""shared_prefix""}"
experiment-3,pr-workload,sorted_order_strings_workload,Device=0 min_width=0 max_width=32 num_rows=2097152 workload=shared_prefix,False,False,5.494953584671022,5.485040020942687,5.511139249801637,0.47722722954352687,72.36474514007568,"{""max_width"": ""32"", ""min_width"": ""0"", ""num_rows"": ""2097152"", ""workload"": ""shared_prefix""}"
experiment-3,pr-workload,sorted_order_strings_workload,Device=0 min_width=0 max_width=64 num_rows=2097152 workload=shared_prefix,False,False,10.255033636093138,10.232625579833986,10.278103971481322,0.39587056385661357,72.36474514007568,"{""max_width"": ""64"", ""min_width"": ""0"", ""num_rows"": ""2097152"", ""workload"": ""shared_prefix""}"
experiment-3,pr-workload,sorted_order_strings_workload,Device=0 min_width=0 max_width=128 num_rows=2097152 workload=shared_prefix,False,False,23.299503898620603,23.24522733688354,23.31006546020508,0.2031487509251116,72.36474514007568,"{""max_width"": ""128"", ""min_width"": ""0"", ""num_rows"": ""2097152"", ""workload"": ""shared_prefix""}"
experiment-3,pr-workload,sorted_order_strings_workload,Device=0 min_width=0 max_width=256 num_rows=2097152 workload=shared_prefix,False,False,49.99987201690674,49.88877143859864,50.00245895385742,0.17887461460814771,72.36474514007568,"{""max_width"": ""256"", ""min_width"": ""0"", ""num_rows"": ""2097152"", ""workload"": ""shared_prefix""}"
experiment-3,pr-workload,sorted_order_strings_workload,Device=0 min_width=0 max_width=32 num_rows=32768 workload=variable,False,False,0.18963520005345344,0.18954399973154065,0.1898095995187759,0.6969143228681798,1.1391592025756836,"{""max_width"": ""32"", ""min_width"": ""0"", ""num_rows"": ""32768"", ""workload"": ""variable""}"
experiment-3,pr-workload,sorted_order_strings_workload,Device=0 min_width=0 max_width=64 num_rows=32768 workload=variable,False,False,0.18758720010519025,0.18740800023078918,0.1885600008070469,1.1538849981616126,1.1391592025756836,"{""max_width"": ""64"", ""min_width"": ""0"", ""num_rows"": ""32768"", ""workload"": ""variable""}"
experiment-3,pr-workload,sorted_order_strings_workload,Device=0 min_width=0 max_width=128 num_rows=32768 workload=variable,False,False,0.17508799955248833,0.1745344005525112,0.17593279927968974,1.4036442152531188,1.1391592025756836,"{""max_width"": ""128"", ""min_width"": ""0"", ""num_rows"": ""32768"", ""workload"": ""variable""}"
experiment-3,pr-workload,sorted_order_strings_workload,Device=0 min_width=0 max_width=256 num_rows=32768 workload=variable,False,False,0.17748000100255013,0.17730399817228315,0.1777376003563404,1.550894612101467,1.1391592025756836,"{""max_width"": ""256"", ""min_width"": ""0"", ""num_rows"": ""32768"", ""workload"": ""variable""}"
experiment-3,pr-workload,sorted_order_strings_workload,Device=0 min_width=0 max_width=32 num_rows=262144 workload=variable,False,False,0.2595199957489967,0.25886239856481547,0.26002239882946004,1.0271595722782105,9.053221702575684,"{""max_width"": ""32"", ""min_width"": ""0"", ""num_rows"": ""262144"", ""workload"": ""variable""}"
experiment-3,pr-workload,sorted_order_strings_workload,Device=0 min_width=0 max_width=64 num_rows=262144 workload=variable,False,False,0.2586176007986068,0.25664799958467477,0.25954559892416007,1.5017002028430926,9.053221702575684,"{""max_width"": ""64"", ""min_width"": ""0"", ""num_rows"": ""262144"", ""workload"": ""variable""}"
experiment-3,pr-workload,sorted_order_strings_workload,Device=0 min_width=0 max_width=128 num_rows=262144 workload=variable,False,False,0.26371520012617106,0.2633328005671501,0.2642704024910927,0.5465740596263332,9.053221702575684,"{""max_width"": ""128"", ""min_width"": ""0"", ""num_rows"": ""262144"", ""workload"": ""variable""}"
experiment-3,pr-workload,sorted_order_strings_workload,Device=0 min_width=0 max_width=256 num_rows=262144 workload=variable,False,False,0.24716320037841796,0.24633760005235678,0.2485024005174637,0.9330664450555559,9.053221702575684,"{""max_width"": ""256"", ""min_width"": ""0"", ""num_rows"": ""262144"", ""workload"": ""variable""}"
experiment-3,pr-workload,sorted_order_strings_workload,Device=0 min_width=0 max_width=32 num_rows=2097152 workload=variable,False,False,0.5283984035253525,0.5273327976465225,0.530137598514557,0.7367173201564922,72.36474514007568,"{""max_width"": ""32"", ""min_width"": ""0"", ""num_rows"": ""2097152"", ""workload"": ""variable""}"
experiment-3,pr-workload,sorted_order_strings_workload,Device=0 min_width=0 max_width=64 num_rows=2097152 workload=variable,False,False,0.5180672049522399,0.5168783992528915,0.5213951975107194,0.7303112261571703,72.36474514007568,"{""max_width"": ""64"", ""min_width"": ""0"", ""num_rows"": ""2097152"", ""workload"": ""variable""}"
experiment-3,pr-workload,sorted_order_strings_workload,Device=0 min_width=0 max_width=128 num_rows=2097152 workload=variable,False,False,0.5338016033172606,0.5335360020399094,0.5354175925254822,0.9214662436442271,72.36474514007568,"{""max_width"": ""128"", ""min_width"": ""0"", ""num_rows"": ""2097152"", ""workload"": ""variable""}"
experiment-3,pr-workload,sorted_order_strings_workload,Device=0 min_width=0 max_width=256 num_rows=2097152 workload=variable,False,False,0.5293327927589416,0.5283743977546691,0.530272001028061,0.8066006437285502,72.36474514007568,"{""max_width"": ""256"", ""min_width"": ""0"", ""num_rows"": ""2097152"", ""workload"": ""variable""}"
experiment-15,stable-warps-1,sorted_order_strings_segments,Device=0 num_rows=32768 shared_suffix=0 segment_profile=pairs,True,True,0.15680320113897325,0.15330239906907084,0.15794240087270736,2.3354790546966733,1.1391592025756836,"{""num_rows"": ""32768"", ""segment_profile"": ""pairs"", ""shared_suffix"": ""0""}"
experiment-15,stable-warps-1,sorted_order_strings_segments,Device=0 num_rows=2097152 shared_suffix=0 segment_profile=pairs,True,True,0.6437696039676668,0.6426320016384125,0.6475312024354936,1.1885459418238313,72.36474514007568,"{""num_rows"": ""2097152"", ""segment_profile"": ""pairs"", ""shared_suffix"": ""0""}"
experiment-15,stable-warps-1,sorted_order_strings_segments,Device=0 num_rows=32768 shared_suffix=64 segment_profile=pairs,True,True,0.16066239997744558,0.15711680054664606,0.16141920015215877,2.6316074548546826,1.1391592025756836,"{""num_rows"": ""32768"", ""segment_profile"": ""pairs"", ""shared_suffix"": ""64""}"
experiment-15,stable-warps-1,sorted_order_strings_segments,Device=0 num_rows=2097152 shared_suffix=64 segment_profile=pairs,True,True,0.8217231959104537,0.8115503996610639,0.8226511955261231,0.9610055568226777,72.36474514007568,"{""num_rows"": ""2097152"", ""segment_profile"": ""pairs"", ""shared_suffix"": ""64""}"
experiment-15,stable-warps-1,sorted_order_strings_segments,Device=0 num_rows=32768 shared_suffix=0 segment_profile=tiny4,True,True,0.15522080063819882,0.15495200157165528,0.16518879979848863,1.4381037499205498,1.1391592025756836,"{""num_rows"": ""32768"", ""segment_profile"": ""tiny4"", ""shared_suffix"": ""0""}"
experiment-15,stable-warps-1,sorted_order_strings_segments,Device=0 num_rows=2097152 shared_suffix=0 segment_profile=tiny4,True,True,0.5745296001434325,0.5706496000289918,0.5745888054370879,1.0732610966078673,72.36474514007568,"{""num_rows"": ""2097152"", ""segment_profile"": ""tiny4"", ""shared_suffix"": ""0""}"
experiment-15,stable-warps-1,sorted_order_strings_segments,Device=0 num_rows=32768 shared_suffix=64 segment_profile=tiny4,True,True,0.16803999990224835,0.16583840027451516,0.16928480044007305,1.9260845232844275,1.1391592025756836,"{""num_rows"": ""32768"", ""segment_profile"": ""tiny4"", ""shared_suffix"": ""64""}"
experiment-15,stable-warps-1,sorted_order_strings_segments,Device=0 num_rows=2097152 shared_suffix=64 segment_profile=tiny4,True,True,0.9072224050760268,0.9010784089565278,0.9073792010545728,0.5849175969124042,72.36474514007568,"{""num_rows"": ""2097152"", ""segment_profile"": ""tiny4"", ""shared_suffix"": ""64""}"
experiment-15,stable-warps-1,sorted_order_strings_segments,Device=0 num_rows=32768 shared_suffix=0 segment_profile=tiny8,True,True,0.15710399746894838,0.15706399977207186,0.1584047980606556,1.3916347690821456,1.1391592025756836,"{""num_rows"": ""32768"", ""segment_profile"": ""tiny8"", ""shared_suffix"": ""0""}"
experiment-15,stable-warps-1,sorted_order_strings_segments,Device=0 num_rows=2097152 shared_suffix=0 segment_profile=tiny8,True,True,0.5813727974891661,0.5761983960866928,0.5829296022653581,2.0963906305877704,72.36474514007568,"{""num_rows"": ""2097152"", ""segment_profile"": ""tiny8"", ""shared_suffix"": ""0""}"
experiment-15,stable-warps-1,sorted_order_strings_segments,Device=0 num_rows=32768 shared_suffix=64 segment_profile=tiny8,True,True,0.17578720003366471,0.1749136008322239,0.17819999903440473,2.655239598601432,1.1391592025756836,"{""num_rows"": ""32768"", ""segment_profile"": ""tiny8"", ""shared_suffix"": ""64""}"
experiment-15,stable-warps-1,sorted_order_strings_segments,Device=0 num_rows=2097152 shared_suffix=64 segment_profile=tiny8,True,True,1.1366576075553894,1.1329519927501674,1.1372927904129029,0.3573695623250562,72.36474514007568,"{""num_rows"": ""2097152"", ""segment_profile"": ""tiny8"", ""shared_suffix"": ""64""}"
experiment-15,stable-warps-1,sorted_order_strings_segments,Device=0 num_rows=32768 shared_suffix=0 segment_profile=tiny16,True,True,0.1610288001596928,0.15924480035901067,0.16109759882092475,3.891454260470245,1.1391592025756836,"{""num_rows"": ""32768"", ""segment_profile"": ""tiny16"", ""shared_suffix"": ""0""}"
experiment-15,stable-warps-1,sorted_order_strings_segments,Device=0 num_rows=2097152 shared_suffix=0 segment_profile=tiny16,True,True,0.6061136037111282,0.6029760003089905,0.6071168005466461,0.5830126092528976,72.36474514007568,"{""num_rows"": ""2097152"", ""segment_profile"": ""tiny16"", ""shared_suffix"": ""0""}"
experiment-15,stable-warps-1,sorted_order_strings_segments,Device=0 num_rows=32768 shared_suffix=64 segment_profile=tiny16,True,True,0.1837615981698036,0.18169119954109195,0.1841839998960495,2.099551391692283,1.1391592025756836,"{""num_rows"": ""32768"", ""segment_profile"": ""tiny16"", ""shared_suffix"": ""64""}"
experiment-15,stable-warps-1,sorted_order_strings_segments,Device=0 num_rows=2097152 shared_suffix=64 segment_profile=tiny16,True,True,1.3484863936901093,1.3450112044811253,1.3486735999584196,0.42570996605875877,72.36474514007568,"{""num_rows"": ""2097152"", ""segment_profile"": ""tiny16"", ""shared_suffix"": ""64""}"
experiment-15,stable-warps-1,sorted_order_strings_segments,Device=0 num_rows=32768 shared_suffix=0 segment_profile=tiny32,True,True,0.16393279880285264,0.1624783992767334,0.1679263986647129,16.868131580332026,1.1391592025756836,"{""num_rows"": ""32768"", ""segment_profile"": ""tiny32"", ""shared_suffix"": ""0""}"
experiment-15,stable-warps-1,sorted_order_strings_segments,Device=0 num_rows=2097152 shared_suffix=0 segment_profile=tiny32,True,True,0.6603408068418503,0.6573807924985886,0.6617055982351303,0.6346792241218582,72.36474514007568,"{""num_rows"": ""2097152"", ""segment_profile"": ""tiny32"", ""shared_suffix"": ""0""}"
experiment-15,stable-warps-1,sorted_order_strings_segments,Device=0 num_rows=32768 shared_suffix=64 segment_profile=tiny32,True,True,0.19229919984936716,0.19208000004291534,0.19368800222873692,1.85725277874757,1.1391592025756836,"{""num_rows"": ""32768"", ""segment_profile"": ""tiny32"", ""shared_suffix"": ""64""}"
experiment-15,stable-warps-1,sorted_order_strings_segments,Device=0 num_rows=2097152 shared_suffix=64 segment_profile=tiny32,True,True,1.641716796159744,1.6381583988666533,1.6425071954727175,0.31186081193944243,72.36474514007568,"{""num_rows"": ""2097152"", ""segment_profile"": ""tiny32"", ""shared_suffix"": ""64""}"
baseline,target,sorted_order_strings_cardinality,Device=0 num_rows=262144 max_width=32 cardinality=1,False,False,0.007054400024935603,0.006883199978619816,0.0070960000623017565,7.049686054841513,1.0,"{""cardinality"": ""1"", ""max_width"": ""32"", ""num_rows"": ""262144""}"
baseline,target,sorted_order_strings_cardinality,Device=0 num_rows=2097152 max_width=32 cardinality=1,False,False,0.00877119991928339,0.008423999999649823,0.009035199927166105,13.300265795095292,8.0,"{""cardinality"": ""1"", ""max_width"": ""32"", ""num_rows"": ""2097152""}"
baseline,target,sorted_order_strings_cardinality,Device=0 num_rows=262144 max_width=128 cardinality=1,False,False,1.0346271932125093,1.0300639986991884,1.0369408130645752,0.4499667753378988,9.053221702575684,"{""cardinality"": ""1"", ""max_width"": ""128"", ""num_rows"": ""262144""}"
baseline,target,sorted_order_strings_cardinality,Device=0 num_rows=2097152 max_width=128 cardinality=1,False,False,7.127283215522766,7.12292158603668,7.135316801071168,0.3756897126884253,72.36474514007568,"{""cardinality"": ""1"", ""max_width"": ""128"", ""num_rows"": ""2097152""}"
baseline,target,sorted_order_strings_cardinality,Device=0 num_rows=262144 max_width=32 cardinality=64,False,False,0.447452799975872,0.44404479861259466,0.4527376011013985,1.7168615967778027,9.053221702575684,"{""cardinality"": ""64"", ""max_width"": ""32"", ""num_rows"": ""262144""}"
baseline,target,sorted_order_strings_cardinality,Device=0 num_rows=2097152 max_width=32 cardinality=64,False,False,2.142385613918304,2.1293983817100517,2.1451328158378606,2.169447274346905,72.36474514007568,"{""cardinality"": ""64"", ""max_width"": ""32"", ""num_rows"": ""2097152""}"
baseline,target,sorted_order_strings_cardinality,Device=0 num_rows=262144 max_width=128 cardinality=64,False,False,0.9959968060255051,0.9911103904247287,0.9990703940391539,2.7930792543088163,9.053221702575684,"{""cardinality"": ""64"", ""max_width"": ""128"", ""num_rows"": ""262144""}"
baseline,target,sorted_order_strings_cardinality,Device=0 num_rows=2097152 max_width=128 cardinality=64,False,False,6.1136159658432,6.0875007867813125,6.167366409301758,2.1707072721806315,72.36474514007568,"{""cardinality"": ""64"", ""max_width"": ""128"", ""num_rows"": ""2097152""}"
baseline,target,sorted_order_strings_cardinality,Device=0 num_rows=262144 max_width=32 cardinality=0,False,False,0.2636128023266792,0.2628272056579591,0.2636639982461929,0.9328942180687515,9.053221702575684,"{""cardinality"": ""0"", ""max_width"": ""32"", ""num_rows"": ""262144""}"
baseline,target,sorted_order_strings_cardinality,Device=0 num_rows=2097152 max_width=32 cardinality=0,False,False,0.6376000016927719,0.6246848076581957,0.6398752003908157,75.42475924672665,72.36474514007568,"{""cardinality"": ""0"", ""max_width"": ""32"", ""num_rows"": ""2097152""}"
baseline,target,sorted_order_strings_cardinality,Device=0 num_rows=262144 max_width=128 cardinality=0,False,False,0.2648176014423371,0.26234080046415326,0.26505920290946955,1.2883536937428943,9.053221702575684,"{""cardinality"": ""0"", ""max_width"": ""128"", ""num_rows"": ""262144""}"
baseline,target,sorted_order_strings_cardinality,Device=0 num_rows=2097152 max_width=128 cardinality=0,False,False,0.5367600023746489,0.5343376070261001,0.5370095998048781,0.6443503639791813,72.36474514007568,"{""cardinality"": ""0"", ""max_width"": ""128"", ""num_rows"": ""2097152""}"
baseline,target,sorted_order_strings_prefixes,Device=0 num_rows=262144 prefix_width=4 suffix_width=32 prefix_cardinality=1,False,False,0.23951200023293495,0.23752480000257492,0.23992640078067778,1.6610277258236903,9.053221702575684,"{""num_rows"": ""262144"", ""prefix_cardinality"": ""1"", ""prefix_width"": ""4"", ""suffix_width"": ""32""}"
baseline,target,sorted_order_strings_prefixes,Device=0 num_rows=2097152 prefix_width=4 suffix_width=32 prefix_cardinality=1,False,False,0.47952479869127285,0.47716319859027856,0.48144000023603445,1.0471053473251288,72.36474514007568,"{""num_rows"": ""2097152"", ""prefix_cardinality"": ""1"", ""prefix_width"": ""4"", ""suffix_width"": ""32""}"
baseline,target,sorted_order_strings_prefixes,Device=0 num_rows=262144 prefix_width=8 suffix_width=32 prefix_cardinality=1,False,False,0.5792672038078307,0.5782319992780685,0.5849519968032836,5.122307595323117,9.053221702575684,"{""num_rows"": ""262144"", ""prefix_cardinality"": ""1"", ""prefix_width"": ""8"", ""suffix_width"": ""32""}"
baseline,target,sorted_order_strings_prefixes,Device=0 num_rows=2097152 prefix_width=8 suffix_width=32 prefix_cardinality=1,False,False,4.246512055397035,4.24281437397003,4.248851180076598,0.4631401078138208,72.36474514007568,"{""num_rows"": ""2097152"", ""prefix_cardinality"": ""1"", ""prefix_width"": ""8"", ""suffix_width"": ""32""}"
baseline,target,sorted_order_strings_prefixes,Device=0 num_rows=262144 prefix_width=10 suffix_width=32 prefix_cardinality=1,False,False,0.6159008055925369,0.6155456036329271,0.6168432027101516,0.6311710322258851,9.053221702575684,"{""num_rows"": ""262144"", ""prefix_cardinality"": ""1"", ""prefix_width"": ""10"", ""suffix_width"": ""32""}"
baseline,target,sorted_order_strings_prefixes,Device=0 num_rows=2097152 prefix_width=10 suffix_width=32 prefix_cardinality=1,False,False,4.457076811790466,4.455662441253662,4.4630496263504025,0.3492544945516317,72.36474514007568,"{""num_rows"": ""2097152"", ""prefix_cardinality"": ""1"", ""prefix_width"": ""10"", ""suffix_width"": ""32""}"
baseline,target,sorted_order_strings_prefixes,Device=0 num_rows=262144 prefix_width=11 suffix_width=32 prefix_cardinality=1,False,False,0.6229679971933366,0.6211136043071747,0.6231872022151946,0.43931913424409486,9.053221702575684,"{""num_rows"": ""262144"", ""prefix_cardinality"": ""1"", ""prefix_width"": ""11"", ""suffix_width"": ""32""}"
baseline,target,sorted_order_strings_prefixes,Device=0 num_rows=2097152 prefix_width=11 suffix_width=32 prefix_cardinality=1,False,False,4.5208336353302,4.519084787368775,4.523104071617127,0.3447317593681315,72.36474514007568,"{""num_rows"": ""2097152"", ""prefix_cardinality"": ""1"", ""prefix_width"": ""11"", ""suffix_width"": ""32""}"
baseline,target,sorted_order_strings_prefixes,Device=0 num_rows=262144 prefix_width=12 suffix_width=32 prefix_cardinality=1,False,False,0.6341936022043229,0.6320944011211395,0.6342479974031449,0.44364211235792494,9.053221702575684,"{""num_rows"": ""262144"", ""prefix_cardinality"": ""1"", ""prefix_width"": ""12"", ""suffix_width"": ""32""}"
baseline,target,sorted_order_strings_prefixes,Device=0 num_rows=2097152 prefix_width=12 suffix_width=32 prefix_cardinality=1,False,False,4.574483156204224,4.573452806472778,4.574910402297974,0.33394820445407686,72.36474514007568,"{""num_rows"": ""2097152"", ""prefix_cardinality"": ""1"", ""prefix_width"": ""12"", ""suffix_width"": ""32""}"
baseline,target,sorted_order_strings_prefixes,Device=0 num_rows=262144 prefix_width=64 suffix_width=32 prefix_cardinality=1,False,False,1.5375631988048555,1.5359152019023896,1.540849608182907,0.817091113668025,9.053221702575684,"{""num_rows"": ""262144"", ""prefix_cardinality"": ""1"", ""prefix_width"": ""64"", ""suffix_width"": ""32""}"
baseline,target,sorted_order_strings_prefixes,Device=0 num_rows=2097152 prefix_width=64 suffix_width=32 prefix_cardinality=1,False,False,13.489617586135866,13.487427186965943,13.511687898635865,0.2899001371753757,72.36474514007568,"{""num_rows"": ""2097152"", ""prefix_cardinality"": ""1"", ""prefix_width"": ""64"", ""suffix_width"": ""32""}"
baseline,target,sorted_order_strings_prefixes,Device=0 num_rows=262144 prefix_width=4 suffix_width=32 prefix_cardinality=64,False,False,0.20320160090923312,0.20282239988446238,0.2033231988549233,1.7699392494697086,9.053221702575684,"{""num_rows"": ""262144"", ""prefix_cardinality"": ""64"", ""prefix_width"": ""4"", ""suffix_width"": ""32""}"
baseline,target,sorted_order_strings_prefixes,Device=0 num_rows=2097152 prefix_width=4 suffix_width=32 prefix_cardinality=64,False,False,0.41965280026197427,0.4182336002588272,0.4215952008962632,1.4811832207396327,72.36474514007568,"{""num_rows"": ""2097152"", ""prefix_cardinality"": ""64"", ""prefix_width"": ""4"", ""suffix_width"": ""32""}"
baseline,target,sorted_order_strings_prefixes,Device=0 num_rows=262144 prefix_width=8 suffix_width=32 prefix_cardinality=64,False,False,0.4595903977751732,0.4572927966713905,0.4604095980525017,0.7432952667770235,9.053221702575684,"{""num_rows"": ""262144"", ""prefix_cardinality"": ""64"", ""prefix_width"": ""8"", ""suffix_width"": ""32""}"
baseline,target,sorted_order_strings_prefixes,Device=0 num_rows=2097152 prefix_width=8 suffix_width=32 prefix_cardinality=64,False,False,3.8858240127563475,3.8833600163459767,3.8924768328666683,0.6477930122311029,72.36474514007568,"{""num_rows"": ""2097152"", ""prefix_cardinality"": ""64"", ""prefix_width"": ""8"", ""suffix_width"": ""32""}"
baseline,target,sorted_order_strings_prefixes,Device=0 num_rows=262144 prefix_width=10 suffix_width=32 prefix_cardinality=64,False,False,0.49434560239315034,0.4919200018048286,0.4945215955376625,0.7220096198370359,9.053221702575684,"{""num_rows"": ""262144"", ""prefix_cardinality"": ""64"", ""prefix_width"": ""10"", ""suffix_width"": ""32""}"
baseline,target,sorted_order_strings_prefixes,Device=0 num_rows=2097152 prefix_width=10 suffix_width=32 prefix_cardinality=64,False,False,4.197275209426881,4.196553564071656,4.199516773223878,0.3310939911427091,72.36474514007568,"{""num_rows"": ""2097152"", ""prefix_cardinality"": ""64"", ""prefix_width"": ""10"", ""suffix_width"": ""32""}"
baseline,target,sorted_order_strings_prefixes,Device=0 num_rows=262144 prefix_width=11 suffix_width=32 prefix_cardinality=64,False,False,0.5070736020803451,0.5055343985557557,0.5082367956638335,0.6071228651830056,9.053221702575684,"{""num_rows"": ""262144"", ""prefix_cardinality"": ""64"", ""prefix_width"": ""11"", ""suffix_width"": ""32""}"
baseline,target,sorted_order_strings_prefixes,Device=0 num_rows=2097152 prefix_width=11 suffix_width=32 prefix_cardinality=64,False,False,4.262412786483765,4.254908800125122,4.264886331558228,0.3766996164705267,72.36474514007568,"{""num_rows"": ""2097152"", ""prefix_cardinality"": ""64"", ""prefix_width"": ""11"", ""suffix_width"": ""32""}"
baseline,target,sorted_order_strings_prefixes,Device=0 num_rows=262144 prefix_width=12 suffix_width=32 prefix_cardinality=64,False,False,0.5163679957389832,0.5140975981950759,0.5164799988269806,0.5600171862956108,9.053221702575684,"{""num_rows"": ""262144"", ""prefix_cardinality"": ""64"", ""prefix_width"": ""12"", ""suffix_width"": ""32""}"
baseline,target,sorted_order_strings_prefixes,Device=0 num_rows=2097152 prefix_width=12 suffix_width=32 prefix_cardinality=64,False,False,4.321531200408935,4.318896055221558,4.3268064022064205,0.3762930232441406,72.36474514007568,"{""num_rows"": ""2097152"", ""prefix_cardinality"": ""64"", ""prefix_width"": ""12"", ""suffix_width"": ""32""}"
baseline,target,sorted_order_strings_prefixes,Device=0 num_rows=262144 prefix_width=64 suffix_width=32 prefix_cardinality=64,False,False,1.086846387386322,1.0805711805820466,1.090863996744156,0.37752904695527256,9.053221702575684,"{""num_rows"": ""262144"", ""prefix_cardinality"": ""64"", ""prefix_width"": ""64"", ""suffix_width"": ""32""}"
baseline,target,sorted_order_strings_prefixes,Device=0 num_rows=2097152 prefix_width=64 suffix_width=32 prefix_cardinality=64,False,False,11.649164724349976,11.640099287033081,11.658199977874755,0.3302682243671814,72.36474514007568,"{""num_rows"": ""2097152"", ""prefix_cardinality"": ""64"", ""prefix_width"": ""64"", ""suffix_width"": ""32""}"
experiment-15,constant,sorted_order_strings_prefixes,Device=0 num_rows=262144 prefix_width=32 suffix_width=0 prefix_cardinality=1,False,False,0.21873440071940428,0.21431680098176,0.22063999995589256,2.350417146367564,9.053221702575684,"{""num_rows"": ""262144"", ""prefix_cardinality"": ""1"", ""prefix_width"": ""32"", ""suffix_width"": ""0""}"
experiment-15,constant,sorted_order_strings_prefixes,Device=0 num_rows=2097152 prefix_width=32 suffix_width=0 prefix_cardinality=1,False,False,0.7532095968723295,0.7528912007808685,0.7533200025558473,0.6350812920490487,72.36474514007568,"{""num_rows"": ""2097152"", ""prefix_cardinality"": ""1"", ""prefix_width"": ""32"", ""suffix_width"": ""0""}"
experiment-15,pr-zero-collisions,sorted_order_strings_segmented_diagnostics,Device=0 num_rows=32768 profile=zero_collision_pass1,False,False,0.20765440016984943,0.2051551997661591,0.20774239897727959,1.8051585074225158,1.1391592025756836,"{""num_rows"": ""32768"", ""profile"": ""zero_collision_pass1""}"
experiment-15,pr-zero-collisions,sorted_order_strings_segmented_diagnostics,Device=0 num_rows=32768 profile=zero_collision_pass2,False,False,0.28232319802045824,0.28183999657630915,0.2851615980267525,1.3576011030325668,1.1391592025756836,"{""num_rows"": ""32768"", ""profile"": ""zero_collision_pass2""}"
experiment-7,pr-workload,sorted_order_strings_workload,Device=0 min_width=0 max_width=32 num_rows=32768 workload=normal,False,False,0.19562400132417676,0.19512160047888755,0.19712800085544582,2.0790116221361274,1.1391592025756836,"{""max_width"": ""32"", ""min_width"": ""0"", ""num_rows"": ""32768"", ""workload"": ""normal""}"
experiment-7,pr-workload,sorted_order_strings_workload,Device=0 min_width=0 max_width=64 num_rows=32768 workload=normal,False,False,0.22022239938378338,0.2200000017881394,0.22131199985742567,1.341345112647024,1.1391592025756836,"{""max_width"": ""64"", ""min_width"": ""0"", ""num_rows"": ""32768"", ""workload"": ""normal""}"
experiment-7,pr-workload,sorted_order_strings_workload,Device=0 min_width=0 max_width=128 num_rows=32768 workload=normal,False,False,0.2792736008763313,0.2774432018399238,0.2793743968009949,1.243606765218165,1.1391592025756836,"{""max_width"": ""128"", ""min_width"": ""0"", ""num_rows"": ""32768"", ""workload"": ""normal""}"
experiment-7,pr-workload,sorted_order_strings_workload,Device=0 min_width=0 max_width=256 num_rows=32768 workload=normal,False,False,0.39876800179481503,0.3983183965086937,0.40307360142469406,0.8802244320955879,1.1391592025756836,"{""max_width"": ""256"", ""min_width"": ""0"", ""num_rows"": ""32768"", ""workload"": ""normal""}"
experiment-7,pr-workload,sorted_order_strings_workload,Device=0 min_width=0 max_width=32 num_rows=262144 workload=normal,False,False,0.4026431992650031,0.4006847992539406,0.4040304020047187,0.9339810841437188,9.053221702575684,"{""max_width"": ""32"", ""min_width"": ""0"", ""num_rows"": ""262144"", ""workload"": ""normal""}"
experiment-7,pr-workload,sorted_order_strings_workload,Device=0 min_width=0 max_width=64 num_rows=262144 workload=normal,False,False,0.5207120001316071,0.5191808015108108,0.5217616081237794,1.3207341465514766,9.053221702575684,"{""max_width"": ""64"", ""min_width"": ""0"", ""num_rows"": ""262144"", ""workload"": ""normal""}"
experiment-7,pr-workload,sorted_order_strings_workload,Device=0 min_width=0 max_width=128 num_rows=262144 workload=normal,False,False,0.8615487992763521,0.8585087925195694,0.8668304026126861,1.7115221143172228,9.053221702575684,"{""max_width"": ""128"", ""min_width"": ""0"", ""num_rows"": ""262144"", ""workload"": ""normal""}"
experiment-7,pr-workload,sorted_order_strings_workload,Device=0 min_width=0 max_width=256 num_rows=262144 workload=normal,False,False,1.4998495936393739,1.4978784084320067,1.5003888010978697,2.5380539056642943,9.053221702575684,"{""max_width"": ""256"", ""min_width"": ""0"", ""num_rows"": ""262144"", ""workload"": ""normal""}"
experiment-7,pr-workload,sorted_order_strings_workload,Device=0 min_width=0 max_width=32 num_rows=2097152 workload=normal,False,False,1.3521247982978821,1.3426992058753966,1.359111994504929,1.9964540004028266,72.36474514007568,"{""max_width"": ""32"", ""min_width"": ""0"", ""num_rows"": ""2097152"", ""workload"": ""normal""}"
experiment-7,pr-workload,sorted_order_strings_workload,Device=0 min_width=0 max_width=64 num_rows=2097152 workload=normal,False,False,2.039812791347504,2.0344559967517855,2.0439055800437926,1.7783170889220852,72.36474514007568,"{""max_width"": ""64"", ""min_width"": ""0"", ""num_rows"": ""2097152"", ""workload"": ""normal""}"
experiment-7,pr-workload,sorted_order_strings_workload,Device=0 min_width=0 max_width=128 num_rows=2097152 workload=normal,False,False,3.6828527927398684,3.6775103926658637,3.690510416030885,2.609465931903328,72.36474514007568,"{""max_width"": ""128"", ""min_width"": ""0"", ""num_rows"": ""2097152"", ""workload"": ""normal""}"
experiment-7,pr-workload,sorted_order_strings_workload,Device=0 min_width=0 max_width=256 num_rows=2097152 workload=normal,False,False,7.948603248596195,7.938115167617799,8.014116859436037,2.8598329207423956,72.36474514007568,"{""max_width"": ""256"", ""min_width"": ""0"", ""num_rows"": ""2097152"", ""workload"": ""normal""}"
experiment-7,pr-workload,sorted_order_strings_workload,Device=0 min_width=0 max_width=32 num_rows=32768 workload=duplicates,False,False,0.22629759982228279,0.22346880063414573,0.22976479977369302,1.5840008310726401,1.1391592025756836,"{""max_width"": ""32"", ""min_width"": ""0"", ""num_rows"": ""32768"", ""workload"": ""duplicates""}"
experiment-7,pr-workload,sorted_order_strings_workload,Device=0 min_width=0 max_width=64 num_rows=32768 workload=duplicates,False,False,0.29369280189275737,0.29140159934759136,0.2956911981105805,1.593499447440172,1.1391592025756836,"{""max_width"": ""64"", ""min_width"": ""0"", ""num_rows"": ""32768"", ""workload"": ""duplicates""}"
experiment-7,pr-workload,sorted_order_strings_workload,Device=0 min_width=0 max_width=128 num_rows=32768 workload=duplicates,False,False,0.42850399762392044,0.42690239697694765,0.4309088051319122,1.247768284465354,1.1391592025756836,"{""max_width"": ""128"", ""min_width"": ""0"", ""num_rows"": ""32768"", ""workload"": ""duplicates""}"
experiment-7,pr-workload,sorted_order_strings_workload,Device=0 min_width=0 max_width=256 num_rows=32768 workload=duplicates,False,False,0.8038208067417144,0.8035567998886108,0.8042928069829942,0.9699435866717091,1.1391592025756836,"{""max_width"": ""256"", ""min_width"": ""0"", ""num_rows"": ""32768"", ""workload"": ""duplicates""}"
experiment-7,pr-workload,sorted_order_strings_workload,Device=0 min_width=0 max_width=32 num_rows=262144 workload=duplicates,False,False,0.4286687999963761,0.42289439588785177,0.42876800149679195,2.0586793561606602,9.053221702575684,"{""max_width"": ""32"", ""min_width"": ""0"", ""num_rows"": ""262144"", ""workload"": ""duplicates""}"
experiment-7,pr-workload,sorted_order_strings_workload,Device=0 min_width=0 max_width=64 num_rows=262144 workload=duplicates,False,False,0.589436799287796,0.5849471896886824,0.5904112011194229,2.6771168939849352,9.053221702575684,"{""max_width"": ""64"", ""min_width"": ""0"", ""num_rows"": ""262144"", ""workload"": ""duplicates""}"
experiment-7,pr-workload,sorted_order_strings_workload,Device=0 min_width=0 max_width=128 num_rows=262144 workload=duplicates,False,False,0.9116992026567461,0.9054176032543182,0.9159856021404263,2.6763644429213134,9.053221702575684,"{""max_width"": ""128"", ""min_width"": ""0"", ""num_rows"": ""262144"", ""workload"": ""duplicates""}"
experiment-7,pr-workload,sorted_order_strings_workload,Device=0 min_width=0 max_width=256 num_rows=262144 workload=duplicates,False,False,1.7313455998897551,1.7247839987277982,1.7349392116069793,1.4554840845355368,9.053221702575684,"{""max_width"": ""256"", ""min_width"": ""0"", ""num_rows"": ""262144"", ""workload"": ""duplicates""}"
experiment-7,pr-workload,sorted_order_strings_workload,Device=0 min_width=0 max_width=32 num_rows=2097152 workload=duplicates,False,False,1.5361744046211243,1.5324607968330384,1.5442032039165499,1.959985703798699,72.36474514007568,"{""max_width"": ""32"", ""min_width"": ""0"", ""num_rows"": ""2097152"", ""workload"": ""duplicates""}"
experiment-7,pr-workload,sorted_order_strings_workload,Device=0 min_width=0 max_width=64 num_rows=2097152 workload=duplicates,False,False,2.1756543755531306,2.172820806503296,2.1935711979866026,1.3271586723255453,72.36474514007568,"{""max_width"": ""64"", ""min_width"": ""0"", ""num_rows"": ""2097152"", ""workload"": ""duplicates""}"
experiment-7,pr-workload,sorted_order_strings_workload,Device=0 min_width=0 max_width=128 num_rows=2097152 workload=duplicates,False,False,3.316696000099182,3.3104703903198254,3.3238272070884705,1.5919316784142818,72.36474514007568,"{""max_width"": ""128"", ""min_width"": ""0"", ""num_rows"": ""2097152"", ""workload"": ""duplicates""}"
experiment-7,pr-workload,sorted_order_strings_workload,Device=0 min_width=0 max_width=256 num_rows=2097152 workload=duplicates,False,False,5.671670389175414,5.660262393951415,5.672294449806214,0.6484819018230159,72.36474514007568,"{""max_width"": ""256"", ""min_width"": ""0"", ""num_rows"": ""2097152"", ""workload"": ""duplicates""}"
experiment-7,pr-workload,sorted_order_strings_workload,Device=0 min_width=0 max_width=32 num_rows=32768 workload=shared_prefix,False,False,0.45974079668521883,0.4585583984851837,0.4641039967536926,0.5845635226626701,1.1391592025756836,"{""max_width"": ""32"", ""min_width"": ""0"", ""num_rows"": ""32768"", ""workload"": ""shared_prefix""}"
experiment-7,pr-workload,sorted_order_strings_workload,Device=0 min_width=0 max_width=64 num_rows=32768 workload=shared_prefix,False,False,0.7243600010871886,0.7235648095607757,0.7265087932348251,0.35676118174295457,1.1391592025756836,"{""max_width"": ""64"", ""min_width"": ""0"", ""num_rows"": ""32768"", ""workload"": ""shared_prefix""}"
experiment-7,pr-workload,sorted_order_strings_workload,Device=0 min_width=0 max_width=128 num_rows=32768 workload=shared_prefix,False,False,1.3337359964847564,1.3296751976013184,1.340721595287323,0.37081942938071416,1.1391592025756836,"{""max_width"": ""128"", ""min_width"": ""0"", ""num_rows"": ""32768"", ""workload"": ""shared_prefix""}"
experiment-7,pr-workload,sorted_order_strings_workload,Device=0 min_width=0 max_width=256 num_rows=32768 workload=shared_prefix,False,False,3.3494959712028503,3.3444111824035643,3.35220000743866,0.21984713748960855,1.1391592025756836,"{""max_width"": ""256"", ""min_width"": ""0"", ""num_rows"": ""32768"", ""workload"": ""shared_prefix""}"
experiment-7,pr-workload,sorted_order_strings_workload,Device=0 min_width=0 max_width=32 num_rows=262144 workload=shared_prefix,False,False,0.5376448035240173,0.5373983919620514,0.5399552017450332,0.7287545566021271,9.053221702575684,"{""max_width"": ""32"", ""min_width"": ""0"", ""num_rows"": ""262144"", ""workload"": ""shared_prefix""}"
experiment-7,pr-workload,sorted_order_strings_workload,Device=0 min_width=0 max_width=64 num_rows=262144 workload=shared_prefix,False,False,0.5604528039693834,0.5596128076314927,0.5679296016693114,0.73432315528445,9.053221702575684,"{""max_width"": ""64"", ""min_width"": ""0"", ""num_rows"": ""262144"", ""workload"": ""shared_prefix""}"
experiment-7,pr-workload,sorted_order_strings_workload,Device=0 min_width=0 max_width=128 num_rows=262144 workload=shared_prefix,False,False,0.6258383929729462,0.6251807987689972,0.6302575975656509,0.6461270118645607,9.053221702575684,"{""max_width"": ""128"", ""min_width"": ""0"", ""num_rows"": ""262144"", ""workload"": ""shared_prefix""}"
experiment-7,pr-workload,sorted_order_strings_workload,Device=0 min_width=0 max_width=256 num_rows=262144 workload=shared_prefix,False,False,0.6915696054697035,0.6888480007648469,0.6962799966335296,0.6261711216512772,9.053221702575684,"{""max_width"": ""256"", ""min_width"": ""0"", ""num_rows"": ""262144"", ""workload"": ""shared_prefix""}"
experiment-7,pr-workload,sorted_order_strings_workload,Device=0 min_width=0 max_width=32 num_rows=2097152 workload=shared_prefix,False,False,3.7685919880867003,3.767388832569121,3.7784159779548645,0.3959920387364627,72.36474514007568,"{""max_width"": ""32"", ""min_width"": ""0"", ""num_rows"": ""2097152"", ""workload"": ""shared_prefix""}"
experiment-7,pr-workload,sorted_order_strings_workload,Device=0 min_width=0 max_width=64 num_rows=2097152 workload=shared_prefix,False,False,4.088963174819946,4.087625622749329,4.090872025489807,0.3928941991817561,72.36474514007568,"{""max_width"": ""64"", ""min_width"": ""0"", ""num_rows"": ""2097152"", ""workload"": ""shared_prefix""}"
experiment-7,pr-workload,sorted_order_strings_workload,Device=0 min_width=0 max_width=128 num_rows=2097152 workload=shared_prefix,False,False,4.837759971618652,4.834523177146912,4.844702434539795,0.29731723756393097,72.36474514007568,"{""max_width"": ""128"", ""min_width"": ""0"", ""num_rows"": ""2097152"", ""workload"": ""shared_prefix""}"
experiment-7,pr-workload,sorted_order_strings_workload,Device=0 min_width=0 max_width=256 num_rows=2097152 workload=shared_prefix,False,False,5.160889601707458,5.156793570518494,5.167087984085083,0.2836070454424306,72.36474514007568,"{""max_width"": ""256"", ""min_width"": ""0"", ""num_rows"": ""2097152"", ""workload"": ""shared_prefix""}"
experiment-7,pr-workload,sorted_order_strings_workload,Device=0 min_width=0 max_width=32 num_rows=32768 workload=variable,False,False,0.18868159800767895,0.18800799995660783,0.18968319967389108,1.827670533635311,1.1391592025756836,"{""max_width"": ""32"", ""min_width"": ""0"", ""num_rows"": ""32768"", ""workload"": ""variable""}"
experiment-7,pr-workload,sorted_order_strings_workload,Device=0 min_width=0 max_width=64 num_rows=32768 workload=variable,False,False,0.18634240031242372,0.184638399630785,0.1878415994346142,1.4760654578351302,1.1391592025756836,"{""max_width"": ""64"", ""min_width"": ""0"", ""num_rows"": ""32768"", ""workload"": ""variable""}"
experiment-7,pr-workload,sorted_order_strings_workload,Device=0 min_width=0 max_width=128 num_rows=32768 workload=variable,False,False,0.1759952001273632,0.1733119986951351,0.17718880176544186,13.727810425930848,1.1391592025756836,"{""max_width"": ""128"", ""min_width"": ""0"", ""num_rows"": ""32768"", ""workload"": ""variable""}"
experiment-7,pr-workload,sorted_order_strings_workload,Device=0 min_width=0 max_width=256 num_rows=32768 workload=variable,False,False,0.17055999860167498,0.16964160129427908,0.17730400040745734,4.04341069951249,1.1391592025756836,"{""max_width"": ""256"", ""min_width"": ""0"", ""num_rows"": ""32768"", ""workload"": ""variable""}"
experiment-7,pr-workload,sorted_order_strings_workload,Device=0 min_width=0 max_width=32 num_rows=262144 workload=variable,False,False,0.2579215973615647,0.2567023992538452,0.2594559997320175,1.0929627271582967,9.053221702575684,"{""max_width"": ""32"", ""min_width"": ""0"", ""num_rows"": ""262144"", ""workload"": ""variable""}"
experiment-7,pr-workload,sorted_order_strings_workload,Device=0 min_width=0 max_width=64 num_rows=262144 workload=variable,False,False,0.25522400140762336,0.2545136004686356,0.25736320018768316,1.4263290335193406,9.053221702575684,"{""max_width"": ""64"", ""min_width"": ""0"", ""num_rows"": ""262144"", ""workload"": ""variable""}"
experiment-7,pr-workload,sorted_order_strings_workload,Device=0 min_width=0 max_width=128 num_rows=262144 workload=variable,False,False,0.261345599591732,0.2588384002447129,0.26489439904689793,1.466257482513969,9.053221702575684,"{""max_width"": ""128"", ""min_width"": ""0"", ""num_rows"": ""262144"", ""workload"": ""variable""}"
experiment-7,pr-workload,sorted_order_strings_workload,Device=0 min_width=0 max_width=256 num_rows=262144 workload=variable,False,False,0.24505919814109797,0.2444576010107994,0.24913920089602476,1.6957864982041464,9.053221702575684,"{""max_width"": ""256"", ""min_width"": ""0"", ""num_rows"": ""262144"", ""workload"": ""variable""}"
experiment-7,pr-workload,sorted_order_strings_workload,Device=0 min_width=0 max_width=32 num_rows=2097152 workload=variable,False,False,0.5179056078195572,0.5142847925424576,0.5220863968133928,0.7739318405609613,72.36474514007568,"{""max_width"": ""32"", ""min_width"": ""0"", ""num_rows"": ""2097152"", ""workload"": ""variable""}"
experiment-7,pr-workload,sorted_order_strings_workload,Device=0 min_width=0 max_width=64 num_rows=2097152 workload=variable,False,False,0.5127712041139603,0.5124608039855956,0.520686399936676,0.922123736534345,72.36474514007568,"{""max_width"": ""64"", ""min_width"": ""0"", ""num_rows"": ""2097152"", ""workload"": ""variable""}"
experiment-7,pr-workload,sorted_order_strings_workload,Device=0 min_width=0 max_width=128 num_rows=2097152 workload=variable,False,False,0.529262399673462,0.5253408014774321,0.5352143943309783,0.7295084181587,72.36474514007568,"{""max_width"": ""128"", ""min_width"": ""0"", ""num_rows"": ""2097152"", ""workload"": ""variable""}"
experiment-7,pr-workload,sorted_order_strings_workload,Device=0 min_width=0 max_width=256 num_rows=2097152 workload=variable,False,False,0.5285472005605698,0.5252752006053927,0.5292015969753265,3.4550356955563606,72.36474514007568,"{""max_width"": ""256"", ""min_width"": ""0"", ""num_rows"": ""2097152"", ""workload"": ""variable""}"
baseline,segments,sorted_order_strings_segments,Device=0 num_rows=32768 shared_suffix=0 segment_profile=singletons,False,False,0.137966401129961,0.1371760010719299,0.13806080073118213,1.2149004343117527,1.1391592025756836,"{""num_rows"": ""32768"", ""segment_profile"": ""singletons"", ""shared_suffix"": ""0""}"
baseline,segments,sorted_order_strings_segments,Device=0 num_rows=2097152 shared_suffix=0 segment_profile=singletons,False,False,0.3528735995292664,0.35278560072183607,0.3539743974804878,1.0090345097867608,72.36474514007568,"{""num_rows"": ""2097152"", ""segment_profile"": ""singletons"", ""shared_suffix"": ""0""}"
baseline,segments,sorted_order_strings_segments,Device=0 num_rows=32768 shared_suffix=64 segment_profile=singletons,False,False,0.13806239813566207,0.1373839996755123,0.1384832002222538,2.073485200002747,1.1391592025756836,"{""num_rows"": ""32768"", ""segment_profile"": ""singletons"", ""shared_suffix"": ""64""}"
baseline,segments,sorted_order_strings_segments,Device=0 num_rows=2097152 shared_suffix=64 segment_profile=singletons,False,False,0.3905680000782012,0.39020640254020694,0.39100639820098876,1.0432393486280678,72.36474514007568,"{""num_rows"": ""2097152"", ""segment_profile"": ""singletons"", ""shared_suffix"": ""64""}"
baseline,segments,sorted_order_strings_segments,Device=0 num_rows=32768 shared_suffix=0 segment_profile=pairs,False,False,0.154475199431181,0.1542128019034863,0.15536800026893616,1.2134397123673084,1.1391592025756836,"{""num_rows"": ""32768"", ""segment_profile"": ""pairs"", ""shared_suffix"": ""0""}"
baseline,segments,sorted_order_strings_segments,Device=0 num_rows=2097152 shared_suffix=0 segment_profile=pairs,False,False,0.6467727988958358,0.6445647925138475,0.6492496013641357,1.0498857129668067,72.36474514007568,"{""num_rows"": ""2097152"", ""segment_profile"": ""pairs"", ""shared_suffix"": ""0""}"
baseline,segments,sorted_order_strings_segments,Device=0 num_rows=32768 shared_suffix=64 segment_profile=pairs,False,False,0.1597712002694607,0.15688000172376632,0.1602191984653473,2.525290957882839,1.1391592025756836,"{""num_rows"": ""32768"", ""segment_profile"": ""pairs"", ""shared_suffix"": ""64""}"
baseline,segments,sorted_order_strings_segments,Device=0 num_rows=2097152 shared_suffix=64 segment_profile=pairs,False,False,0.8213264048099517,0.8196672052145004,0.8239823967218399,0.8753774035178477,72.36474514007568,"{""num_rows"": ""2097152"", ""segment_profile"": ""pairs"", ""shared_suffix"": ""64""}"
baseline,segments,sorted_order_strings_segments,Device=0 num_rows=32768 shared_suffix=0 segment_profile=tiny4,False,False,0.15757759883999825,0.15563519895076752,0.15872320085763927,7.03497193838592,1.1391592025756836,"{""num_rows"": ""32768"", ""segment_profile"": ""tiny4"", ""shared_suffix"": ""0""}"
baseline,segments,sorted_order_strings_segments,Device=0 num_rows=2097152 shared_suffix=0 segment_profile=tiny4,False,False,0.5776847988367081,0.5720208019018173,0.5826672017574311,2.7984023935067786,72.36474514007568,"{""num_rows"": ""2097152"", ""segment_profile"": ""tiny4"", ""shared_suffix"": ""0""}"
baseline,segments,sorted_order_strings_segments,Device=0 num_rows=32768 shared_suffix=64 segment_profile=tiny4,False,False,0.16627520099282267,0.16594080179929732,0.1680735997855663,1.2929617292261175,1.1391592025756836,"{""num_rows"": ""32768"", ""segment_profile"": ""tiny4"", ""shared_suffix"": ""64""}"
baseline,segments,sorted_order_strings_segments,Device=0 num_rows=2097152 shared_suffix=64 segment_profile=tiny4,False,False,0.9111152023077012,0.9086112082004546,0.911769598722458,0.5823832411595108,72.36474514007568,"{""num_rows"": ""2097152"", ""segment_profile"": ""tiny4"", ""shared_suffix"": ""64""}"
baseline,segments,sorted_order_strings_segments,Device=0 num_rows=32768 shared_suffix=0 segment_profile=tiny8,False,False,0.1601568005979061,0.15895359963178632,0.16065279990434647,1.9299903398996094,1.1391592025756836,"{""num_rows"": ""32768"", ""segment_profile"": ""tiny8"", ""shared_suffix"": ""0""}"
baseline,segments,sorted_order_strings_segments,Device=0 num_rows=2097152 shared_suffix=0 segment_profile=tiny8,False,False,0.5922848045825958,0.5891359955072402,0.5936480015516282,0.8317876650914937,72.36474514007568,"{""num_rows"": ""2097152"", ""segment_profile"": ""tiny8"", ""shared_suffix"": ""0""}"
baseline,segments,sorted_order_strings_segments,Device=0 num_rows=32768 shared_suffix=64 segment_profile=tiny8,False,False,0.1782991997897625,0.17629120200872422,0.18361279964447022,11.153703998644842,1.1391592025756836,"{""num_rows"": ""32768"", ""segment_profile"": ""tiny8"", ""shared_suffix"": ""64""}"
baseline,segments,sorted_order_strings_segments,Device=0 num_rows=2097152 shared_suffix=64 segment_profile=tiny8,False,False,1.1511039912700654,1.1493439972400665,1.1547920107841492,0.3083681828374378,72.36474514007568,"{""num_rows"": ""2097152"", ""segment_profile"": ""tiny8"", ""shared_suffix"": ""64""}"
baseline,segments,sorted_order_strings_segments,Device=0 num_rows=32768 shared_suffix=0 segment_profile=tiny16,False,False,0.1634559988975525,0.1623695991933346,0.1641423985362053,2.314053566444036,1.1391592025756836,"{""num_rows"": ""32768"", ""segment_profile"": ""tiny16"", ""shared_suffix"": ""0""}"
baseline,segments,sorted_order_strings_segments,Device=0 num_rows=2097152 shared_suffix=0 segment_profile=tiny16,False,False,0.632012802362442,0.629350405931473,0.6370975971221925,2.0226773023432907,72.36474514007568,"{""num_rows"": ""2097152"", ""segment_profile"": ""tiny16"", ""shared_suffix"": ""0""}"
baseline,segments,sorted_order_strings_segments,Device=0 num_rows=32768 shared_suffix=64 segment_profile=tiny16,False,False,0.18451360017061236,0.18423039838671687,0.18805759921669957,1.7236618074637062,1.1391592025756836,"{""num_rows"": ""32768"", ""segment_profile"": ""tiny16"", ""shared_suffix"": ""64""}"
baseline,segments,sorted_order_strings_segments,Device=0 num_rows=2097152 shared_suffix=64 segment_profile=tiny16,False,False,1.369740790128708,1.3680671870708465,1.371784007549286,0.4659441125178022,72.36474514007568,"{""num_rows"": ""2097152"", ""segment_profile"": ""tiny16"", ""shared_suffix"": ""64""}"
baseline,segments,sorted_order_strings_segments,Device=0 num_rows=32768 shared_suffix=0 segment_profile=tiny32,False,False,0.1629008017480373,0.1627551980316639,0.1648128010332584,1.1656123097643265,1.1391592025756836,"{""num_rows"": ""32768"", ""segment_profile"": ""tiny32"", ""shared_suffix"": ""0""}"
baseline,segments,sorted_order_strings_segments,Device=0 num_rows=2097152 shared_suffix=0 segment_profile=tiny32,False,False,0.6866688042879106,0.6826000005006789,0.6868879973888397,0.4450881063159707,72.36474514007568,"{""num_rows"": ""2097152"", ""segment_profile"": ""tiny32"", ""shared_suffix"": ""0""}"
baseline,segments,sorted_order_strings_segments,Device=0 num_rows=32768 shared_suffix=64 segment_profile=tiny32,False,False,0.19444320052862163,0.19387840032577516,0.19553760141134263,1.32141207887488,1.1391592025756836,"{""num_rows"": ""32768"", ""segment_profile"": ""tiny32"", ""shared_suffix"": ""64""}"
baseline,segments,sorted_order_strings_segments,Device=0 num_rows=2097152 shared_suffix=64 segment_profile=tiny32,False,False,1.6608192026615145,1.6603888034820553,1.6625072181224825,0.2964506991458817,72.36474514007568,"{""num_rows"": ""2097152"", ""segment_profile"": ""tiny32"", ""shared_suffix"": ""64""}"
baseline,segments,sorted_order_strings_segments,Device=0 num_rows=32768 shared_suffix=0 segment_profile=block256,False,False,0.17257920205593105,0.17167679965496063,0.17529280036687855,1.8775045151280896,1.1391592025756836,"{""num_rows"": ""32768"", ""segment_profile"": ""block256"", ""shared_suffix"": ""0""}"
baseline,segments,sorted_order_strings_segments,Device=0 num_rows=2097152 shared_suffix=0 segment_profile=block256,False,False,1.1561535835266117,1.152342402935028,1.1569632053375243,0.3011880315070132,72.36474514007568,"{""num_rows"": ""2097152"", ""segment_profile"": ""block256"", ""shared_suffix"": ""0""}"
baseline,segments,sorted_order_strings_segments,Device=0 num_rows=32768 shared_suffix=64 segment_profile=block256,False,False,0.24007040113210684,0.2373312003910542,0.24468159973621367,14.64598329868035,1.1391592025756836,"{""num_rows"": ""32768"", ""segment_profile"": ""block256"", ""shared_suffix"": ""64""}"
baseline,segments,sorted_order_strings_segments,Device=0 num_rows=2097152 shared_suffix=64 segment_profile=block256,False,False,3.2272736072540282,3.2271519780158995,3.227940797805786,0.29068662249758753,72.36474514007568,"{""num_rows"": ""2097152"", ""segment_profile"": ""block256"", ""shared_suffix"": ""64""}"
baseline,segments,sorted_order_strings_segments,Device=0 num_rows=32768 shared_suffix=0 segment_profile=logarithmic,False,False,0.35860639959573737,0.3568944022059441,0.36004159599542623,0.8740575703435078,1.1391592025756836,"{""num_rows"": ""32768"", ""segment_profile"": ""logarithmic"", ""shared_suffix"": ""0""}"
baseline,segments,sorted_order_strings_segments,Device=0 num_rows=2097152 shared_suffix=0 segment_profile=logarithmic,False,False,2.576595187187195,2.5718128085136414,2.577016007900238,0.2914305295140865,72.36474514007568,"{""num_rows"": ""2097152"", ""segment_profile"": ""logarithmic"", ""shared_suffix"": ""0""}"
baseline,segments,sorted_order_strings_segments,Device=0 num_rows=32768 shared_suffix=64 segment_profile=logarithmic,False,False,0.9160144001245498,0.913740798830986,0.9160559952259064,0.3675612405367895,1.1391592025756836,"{""num_rows"": ""32768"", ""segment_profile"": ""logarithmic"", ""shared_suffix"": ""64""}"
baseline,segments,sorted_order_strings_segments,Device=0 num_rows=2097152 shared_suffix=64 segment_profile=logarithmic,False,False,8.389799976348877,8.38948163986206,8.397278404235843,0.2716922853328851,72.36474514007568,"{""num_rows"": ""2097152"", ""segment_profile"": ""logarithmic"", ""shared_suffix"": ""64""}"
baseline,segments,sorted_order_strings_segments,Device=0 num_rows=32768 shared_suffix=0 segment_profile=tiny_plus_giant,False,False,0.2773792013525963,0.2771808013319969,0.2799552038311958,1.1632390815932565,1.1391592025756836,"{""num_rows"": ""32768"", ""segment_profile"": ""tiny_plus_giant"", ""shared_suffix"": ""0""}"
baseline,segments,sorted_order_strings_segments,Device=0 num_rows=2097152 shared_suffix=0 segment_profile=tiny_plus_giant,False,False,1.0949279963970184,1.0900096118450164,1.095417606830597,0.3413803616762508,72.36474514007568,"{""num_rows"": ""2097152"", ""segment_profile"": ""tiny_plus_giant"", ""shared_suffix"": ""0""}"
baseline,segments,sorted_order_strings_segments,Device=0 num_rows=32768 shared_suffix=64 segment_profile=tiny_plus_giant,False,False,0.6857439965009688,0.6845151960849761,0.6866495996713637,0.7363623839294874,1.1391592025756836,"{""num_rows"": ""32768"", ""segment_profile"": ""tiny_plus_giant"", ""shared_suffix"": ""64""}"
baseline,segments,sorted_order_strings_segments,Device=0 num_rows=2097152 shared_suffix=64 segment_profile=tiny_plus_giant,False,False,3.2077919960021974,3.2056128025054935,3.208652806282043,0.2983099654985323,72.36474514007568,"{""num_rows"": ""2097152"", ""segment_profile"": ""tiny_plus_giant"", ""shared_suffix"": ""64""}"
baseline,segments,sorted_order_strings_segments,Device=0 num_rows=32768 shared_suffix=0 segment_profile=hot90,False,False,0.35060480237007136,0.34636320024728773,0.35088479965925223,1.0132993393108987,1.1391592025756836,"{""num_rows"": ""32768"", ""segment_profile"": ""hot90"", ""shared_suffix"": ""0""}"
baseline,segments,sorted_order_strings_segments,Device=0 num_rows=2097152 shared_suffix=0 segment_profile=hot90,False,False,3.7863599896430973,3.781276774406434,3.7882352113723754,0.25660282289228736,72.36474514007568,"{""num_rows"": ""2097152"", ""segment_profile"": ""hot90"", ""shared_suffix"": ""0""}"
baseline,segments,sorted_order_strings_segments,Device=0 num_rows=32768 shared_suffix=64 segment_profile=hot90,False,False,0.7901232004165649,0.7819152057170868,0.7901375979185105,0.6841225681662964,1.1391592025756836,"{""num_rows"": ""32768"", ""segment_profile"": ""hot90"", ""shared_suffix"": ""64""}"
baseline,segments,sorted_order_strings_segments,Device=0 num_rows=2097152 shared_suffix=64 segment_profile=hot90,False,False,13.302907228469849,13.295467138290407,13.305534410476689,0.3478671253687384,72.36474514007568,"{""num_rows"": ""2097152"", ""segment_profile"": ""hot90"", ""shared_suffix"": ""64""}"
baseline,segments,sorted_order_strings_segments,Device=0 num_rows=32768 shared_suffix=0 segment_profile=few_giants,False,False,0.2248543992638588,0.22473919987678523,0.2278911992907524,0.8073903087330513,1.1391592025756836,"{""num_rows"": ""32768"", ""segment_profile"": ""few_giants"", ""shared_suffix"": ""0""}"
baseline,segments,sorted_order_strings_segments,Device=0 num_rows=2097152 shared_suffix=0 segment_profile=few_giants,False,False,1.0196880161762236,1.0138751924037934,1.020536011457443,0.5501418946047115,72.36474514007568,"{""num_rows"": ""2097152"", ""segment_profile"": ""few_giants"", ""shared_suffix"": ""0""}"
baseline,segments,sorted_order_strings_segments,Device=0 num_rows=32768 shared_suffix=64 segment_profile=few_giants,False,False,0.39543360024690627,0.39467199891805654,0.3991376012563706,0.8723041920895432,1.1391592025756836,"{""num_rows"": ""32768"", ""segment_profile"": ""few_giants"", ""shared_suffix"": ""64""}"
baseline,segments,sorted_order_strings_segments,Device=0 num_rows=2097152 shared_suffix=64 segment_profile=few_giants,False,False,3.0579904198646544,3.0541183829307554,3.0609183788299563,0.19966127612918683,72.36474514007568,"{""num_rows"": ""2097152"", ""segment_profile"": ""few_giants"", ""shared_suffix"": ""64""}"
baseline,segments,sorted_order_strings_segments,Device=0 num_rows=32768 shared_suffix=0 segment_profile=one_segment,False,False,0.33085760176181794,0.32950080037117,0.332540799677372,0.790847235834725,1.1391592025756836,"{""num_rows"": ""32768"", ""segment_profile"": ""one_segment"", ""shared_suffix"": ""0""}"
baseline,segments,sorted_order_strings_segments,Device=0 num_rows=2097152 shared_suffix=0 segment_profile=one_segment,False,False,3.9459696054458626,3.9392128109931948,3.9462607860565204,0.45645986472124367,72.36474514007568,"{""num_rows"": ""2097152"", ""segment_profile"": ""one_segment"", ""shared_suffix"": ""0""}"
baseline,segments,sorted_order_strings_segments,Device=0 num_rows=32768 shared_suffix=64 segment_profile=one_segment,False,False,0.7355840027332305,0.7342368006706239,0.7377344012260436,0.3337457126629555,1.1391592025756836,"{""num_rows"": ""32768"", ""segment_profile"": ""one_segment"", ""shared_suffix"": ""64""}"
baseline,segments,sorted_order_strings_segments,Device=0 num_rows=2097152 shared_suffix=64 segment_profile=one_segment,False,False,13.730952024459839,13.687207889556888,13.733811330795287,0.9719370155490764,72.36474514007568,"{""num_rows"": ""2097152"", ""segment_profile"": ""one_segment"", ""shared_suffix"": ""64""}"
experiment-3,end-to-end,sort_strings_workload,Device=0 min_width=0 max_width=32 num_rows=262144 workload=normal,False,False,0.5061840042471886,0.49738239943981183,0.5088639989495277,1.323094390517217,9.053221702575684,"{""max_width"": ""32"", ""min_width"": ""0"", ""num_rows"": ""262144"", ""workload"": ""normal""}"
experiment-3,end-to-end,sort_strings_workload,Device=0 min_width=0 max_width=256 num_rows=262144 workload=normal,False,False,1.6441455900669095,1.6369039952754973,1.6505855977535246,2.471180725183149,33.687255859375,"{""max_width"": ""256"", ""min_width"": ""0"", ""num_rows"": ""262144"", ""workload"": ""normal""}"
experiment-3,end-to-end,sort_strings_workload,Device=0 min_width=0 max_width=32 num_rows=2097152 workload=normal,False,False,1.7031696021556852,1.6913264095783236,1.7079039931297304,1.7887763683058986,95.72902488708496,"{""max_width"": ""32"", ""min_width"": ""0"", ""num_rows"": ""2097152"", ""workload"": ""normal""}"
experiment-3,end-to-end,sort_strings_workload,Device=0 min_width=0 max_width=256 num_rows=2097152 workload=normal,False,False,8.554527950286866,8.495876741409305,8.583089590072632,2.0458066704011433,269.3055658340454,"{""max_width"": ""256"", ""min_width"": ""0"", ""num_rows"": ""2097152"", ""workload"": ""normal""}"
experiment-3,end-to-end,sort_strings_workload,Device=0 min_width=0 max_width=32 num_rows=262144 workload=duplicates,False,False,0.5294527947902681,0.5223919928073884,0.5302863985300064,1.5323571408678693,9.053221702575684,"{""max_width"": ""32"", ""min_width"": ""0"", ""num_rows"": ""262144"", ""workload"": ""duplicates""}"
experiment-3,end-to-end,sort_strings_workload,Device=0 min_width=0 max_width=256 num_rows=262144 workload=duplicates,False,False,1.8680368065834043,1.8566031992435459,1.8697535991668703,1.4924298359755304,34.63582420349121,"{""max_width"": ""256"", ""min_width"": ""0"", ""num_rows"": ""262144"", ""workload"": ""duplicates""}"
experiment-3,end-to-end,sort_strings_workload,Device=0 min_width=0 max_width=32 num_rows=2097152 workload=duplicates,False,False,2.5995743751525877,2.5963216066360464,2.6042320132255554,1.6243132281912258,96.68649291992188,"{""max_width"": ""32"", ""min_width"": ""0"", ""num_rows"": ""2097152"", ""workload"": ""duplicates""}"
experiment-3,end-to-end,sort_strings_workload,Device=0 min_width=0 max_width=256 num_rows=2097152 workload=duplicates,False,False,10.35948648452759,10.352619171142576,10.36590232849121,0.3951036828619308,277.07898902893066,"{""max_width"": ""256"", ""min_width"": ""0"", ""num_rows"": ""2097152"", ""workload"": ""duplicates""}"
experiment-3,end-to-end,sort_strings_workload,Device=0 min_width=0 max_width=32 num_rows=262144 workload=shared_prefix,False,False,0.8549311965703963,0.8504128038883209,0.8574480056762696,0.4650356721633591,9.053221702575684,"{""max_width"": ""32"", ""min_width"": ""0"", ""num_rows"": ""262144"", ""workload"": ""shared_prefix""}"
experiment-3,end-to-end,sort_strings_workload,Device=0 min_width=0 max_width=256 num_rows=262144 workload=shared_prefix,False,False,7.961873555183411,7.957585573196412,7.969807982444763,0.6160745123340606,65.03126335144043,"{""max_width"": ""256"", ""min_width"": ""0"", ""num_rows"": ""262144"", ""workload"": ""shared_prefix""}"
experiment-3,end-to-end,sort_strings_workload,Device=0 min_width=0 max_width=32 num_rows=2097152 workload=shared_prefix,False,False,6.067315173149109,6.059814357757569,6.0725984334945675,0.4100439432762268,120.06652927398682,"{""max_width"": ""32"", ""min_width"": ""0"", ""num_rows"": ""2097152"", ""workload"": ""shared_prefix""}"
experiment-3,end-to-end,sort_strings_workload,Device=0 min_width=0 max_width=256 num_rows=2097152 workload=shared_prefix,False,False,50.73547210693359,50.70577907562256,50.76119060516356,0.16345571945073112,520.2527341842651,"{""max_width"": ""256"", ""min_width"": ""0"", ""num_rows"": ""2097152"", ""workload"": ""shared_prefix""}"
experiment-3,end-to-end,sort_strings_workload,Device=0 min_width=0 max_width=32 num_rows=262144 workload=variable,False,False,0.36309280097484575,0.362507201731205,0.3694928020238876,6.538247502153112,9.053221702575684,"{""max_width"": ""32"", ""min_width"": ""0"", ""num_rows"": ""262144"", ""workload"": ""variable""}"
experiment-3,end-to-end,sort_strings_workload,Device=0 min_width=0 max_width=256 num_rows=262144 workload=variable,False,False,0.3872064009308815,0.3860863998532295,0.3874447986483574,4.325820200251036,34.01968002319336,"{""max_width"": ""256"", ""min_width"": ""0"", ""num_rows"": ""262144"", ""workload"": ""variable""}"
experiment-3,end-to-end,sort_strings_workload,Device=0 min_width=0 max_width=32 num_rows=2097152 workload=variable,False,False,0.9210224032402039,0.9160272032022477,0.9239631980657576,0.6346393769458166,96.05874729156494,"{""max_width"": ""32"", ""min_width"": ""0"", ""num_rows"": ""2097152"", ""workload"": ""variable""}"
experiment-3,end-to-end,sort_strings_workload,Device=0 min_width=0 max_width=256 num_rows=2097152 workload=variable,False,False,1.1290480017662048,1.1250640034675599,1.1300096035003662,0.4038582715106934,272.17790508270264,"{""max_width"": ""256"", ""min_width"": ""0"", ""num_rows"": ""2097152"", ""workload"": ""variable""}"
experiment-3,target,sorted_order_strings_cardinality,Device=0 num_rows=262144 max_width=32 cardinality=1,False,False,0.007105599995702505,0.006982399988919497,0.008259199908934534,7.047180614287763,1.0,"{""cardinality"": ""1"", ""max_width"": ""32"", ""num_rows"": ""262144""}"
experiment-3,target,sorted_order_strings_cardinality,Device=0 num_rows=2097152 max_width=32 cardinality=1,False,False,0.008553599985316395,0.008231999981217087,0.008790399925783276,4.485152342992645,8.0,"{""cardinality"": ""1"", ""max_width"": ""32"", ""num_rows"": ""2097152""}"
experiment-3,target,sorted_order_strings_cardinality,Device=0 num_rows=262144 max_width=128 cardinality=1,False,False,1.020420801639557,1.0199039936065675,1.0219439923763274,0.3977046561941146,9.053221702575684,"{""cardinality"": ""1"", ""max_width"": ""128"", ""num_rows"": ""262144""}"
experiment-3,target,sorted_order_strings_cardinality,Device=0 num_rows=2097152 max_width=128 cardinality=1,False,False,7.087852811813353,7.087464046478272,7.10240797996521,0.38923443307746863,72.36474514007568,"{""cardinality"": ""1"", ""max_width"": ""128"", ""num_rows"": ""2097152""}"
experiment-3,target,sorted_order_strings_cardinality,Device=0 num_rows=262144 max_width=32 cardinality=64,False,False,0.4424559995532036,0.44062400162220006,0.443248000741005,1.7084817475707992,9.053221702575684,"{""cardinality"": ""64"", ""max_width"": ""32"", ""num_rows"": ""262144""}"
experiment-3,target,sorted_order_strings_cardinality,Device=0 num_rows=2097152 max_width=32 cardinality=64,False,False,2.1185295939445496,2.1174240112304683,2.1316879749298097,2.0253519546566445,72.36474514007568,"{""cardinality"": ""64"", ""max_width"": ""32"", ""num_rows"": ""2097152""}"
experiment-3,target,sorted_order_strings_cardinality,Device=0 num_rows=262144 max_width=128 cardinality=64,False,False,0.9867264121770857,0.9798032015562058,0.9923280090093611,2.7302195682023593,9.053221702575684,"{""cardinality"": ""64"", ""max_width"": ""128"", ""num_rows"": ""262144""}"
experiment-3,target,sorted_order_strings_cardinality,Device=0 num_rows=2097152 max_width=128 cardinality=64,False,False,6.1226320505142215,6.0907536268234255,6.1492239952087395,2.112860946443167,72.36474514007568,"{""cardinality"": ""64"", ""max_width"": ""128"", ""num_rows"": ""2097152""}"
experiment-3,target,sorted_order_strings_cardinality,Device=0 num_rows=262144 max_width=32 cardinality=0,False,False,0.259927998483181,0.2565887972712517,0.3863744020462036,146.35311030069607,9.053221702575684,"{""cardinality"": ""0"", ""max_width"": ""32"", ""num_rows"": ""262144""}"
experiment-3,target,sorted_order_strings_cardinality,Device=0 num_rows=2097152 max_width=32 cardinality=0,False,False,0.5192815989255904,0.5169823974370956,0.5205632001161575,0.6834502913270054,72.36474514007568,"{""cardinality"": ""0"", ""max_width"": ""32"", ""num_rows"": ""2097152""}"
experiment-3,target,sorted_order_strings_cardinality,Device=0 num_rows=262144 max_width=128 cardinality=0,False,False,0.2571407973766327,0.2556255996227264,0.27087679505348206,26.855769894815555,9.053221702575684,"{""cardinality"": ""0"", ""max_width"": ""128"", ""num_rows"": ""262144""}"
experiment-3,target,sorted_order_strings_cardinality,Device=0 num_rows=2097152 max_width=128 cardinality=0,False,False,0.5273343980312348,0.5255951941013336,0.5297264039516448,0.8034974252237912,72.36474514007568,"{""cardinality"": ""0"", ""max_width"": ""128"", ""num_rows"": ""2097152""}"
experiment-3,target,sorted_order_strings_prefixes,Device=0 num_rows=262144 prefix_width=4 suffix_width=32 prefix_cardinality=1,False,False,0.23199360072612762,0.2276111997663975,0.23441599905490879,1.775426373560236,9.053221702575684,"{""num_rows"": ""262144"", ""prefix_cardinality"": ""1"", ""prefix_width"": ""4"", ""suffix_width"": ""32""}"
experiment-3,target,sorted_order_strings_prefixes,Device=0 num_rows=2097152 prefix_width=4 suffix_width=32 prefix_cardinality=1,False,False,0.4690431997179985,0.46872160136699675,0.47156959772109985,0.858718769240905,72.36474514007568,"{""num_rows"": ""2097152"", ""prefix_cardinality"": ""1"", ""prefix_width"": ""4"", ""suffix_width"": ""32""}"
experiment-3,target,sorted_order_strings_prefixes,Device=0 num_rows=262144 prefix_width=8 suffix_width=32 prefix_cardinality=1,False,False,0.5653856009244917,0.5651376008987428,0.5671824008226396,0.5814995872538912,9.053221702575684,"{""num_rows"": ""262144"", ""prefix_cardinality"": ""1"", ""prefix_width"": ""8"", ""suffix_width"": ""32""}"
experiment-3,target,sorted_order_strings_prefixes,Device=0 num_rows=2097152 prefix_width=8 suffix_width=32 prefix_cardinality=1,False,False,4.152956795692443,4.15129759311676,4.152971243858337,0.4396754235058458,72.36474514007568,"{""num_rows"": ""2097152"", ""prefix_cardinality"": ""1"", ""prefix_width"": ""8"", ""suffix_width"": ""32""}"
experiment-3,target,sorted_order_strings_prefixes,Device=0 num_rows=262144 prefix_width=10 suffix_width=32 prefix_cardinality=1,False,False,0.6025327980518342,0.6024591982364655,0.603219199180603,0.6541158587004262,9.053221702575684,"{""num_rows"": ""262144"", ""prefix_cardinality"": ""1"", ""prefix_width"": ""10"", ""suffix_width"": ""32""}"
experiment-3,target,sorted_order_strings_prefixes,Device=0 num_rows=2097152 prefix_width=10 suffix_width=32 prefix_cardinality=1,False,False,4.377019214630127,4.36945276260376,4.377307176589967,0.34522248745017137,72.36474514007568,"{""num_rows"": ""2097152"", ""prefix_cardinality"": ""1"", ""prefix_width"": ""10"", ""suffix_width"": ""32""}"
experiment-3,target,sorted_order_strings_prefixes,Device=0 num_rows=262144 prefix_width=11 suffix_width=32 prefix_cardinality=1,False,False,0.6109184026718139,0.6089327991008759,0.6117087930440902,0.6832374615591328,9.053221702575684,"{""num_rows"": ""262144"", ""prefix_cardinality"": ""1"", ""prefix_width"": ""11"", ""suffix_width"": ""32""}"
experiment-3,target,sorted_order_strings_prefixes,Device=0 num_rows=2097152 prefix_width=11 suffix_width=32 prefix_cardinality=1,False,False,4.434657669067383,4.43407838344574,4.436084842681885,0.2848881581150087,72.36474514007568,"{""num_rows"": ""2097152"", ""prefix_cardinality"": ""1"", ""prefix_width"": ""11"", ""suffix_width"": ""32""}"
experiment-3,target,sorted_order_strings_prefixes,Device=0 num_rows=262144 prefix_width=12 suffix_width=32 prefix_cardinality=1,False,False,0.6227408051490784,0.6219696074724198,0.6236815989017487,0.4627793401359147,9.053221702575684,"{""num_rows"": ""262144"", ""prefix_cardinality"": ""1"", ""prefix_width"": ""12"", ""suffix_width"": ""32""}"
experiment-3,target,sorted_order_strings_prefixes,Device=0 num_rows=2097152 prefix_width=12 suffix_width=32 prefix_cardinality=1,False,False,4.49080159664154,4.488543891906738,4.494668793678285,0.3070184539691891,72.36474514007568,"{""num_rows"": ""2097152"", ""prefix_cardinality"": ""1"", ""prefix_width"": ""12"", ""suffix_width"": ""32""}"
experiment-3,target,sorted_order_strings_prefixes,Device=0 num_rows=262144 prefix_width=64 suffix_width=32 prefix_cardinality=1,False,False,1.523350405693054,1.5217776179313658,1.5267616033554077,0.8712152205915955,9.053221702575684,"{""num_rows"": ""262144"", ""prefix_cardinality"": ""1"", ""prefix_width"": ""64"", ""suffix_width"": ""32""}"
experiment-3,target,sorted_order_strings_prefixes,Device=0 num_rows=2097152 prefix_width=64 suffix_width=32 prefix_cardinality=1,False,False,13.440683174133303,13.426348781585695,13.448303985595702,0.3961261668898071,72.36474514007568,"{""num_rows"": ""2097152"", ""prefix_cardinality"": ""1"", ""prefix_width"": ""64"", ""suffix_width"": ""32""}"
experiment-3,target,sorted_order_strings_prefixes,Device=0 num_rows=262144 prefix_width=4 suffix_width=32 prefix_cardinality=64,False,False,0.1955184005200863,0.1952240005135536,0.19768159836530685,2.004204474641391,9.053221702575684,"{""num_rows"": ""262144"", ""prefix_cardinality"": ""64"", ""prefix_width"": ""4"", ""suffix_width"": ""32""}"
experiment-3,target,sorted_order_strings_prefixes,Device=0 num_rows=2097152 prefix_width=4 suffix_width=32 prefix_cardinality=64,False,False,0.41442559957504266,0.41296640038490295,0.41511360108852396,1.286696007588077,72.36474514007568,"{""num_rows"": ""2097152"", ""prefix_cardinality"": ""64"", ""prefix_width"": ""4"", ""suffix_width"": ""32""}"
experiment-3,target,sorted_order_strings_prefixes,Device=0 num_rows=262144 prefix_width=8 suffix_width=32 prefix_cardinality=64,False,False,0.4475935995578766,0.4443951994180679,0.44812000244855876,0.9362871707967987,9.053221702575684,"{""num_rows"": ""262144"", ""prefix_cardinality"": ""64"", ""prefix_width"": ""8"", ""suffix_width"": ""32""}"
experiment-3,target,sorted_order_strings_prefixes,Device=0 num_rows=2097152 prefix_width=8 suffix_width=32 prefix_cardinality=64,False,False,3.8580255866050726,3.854688012599945,3.8588175773620605,0.31201952156690843,72.36474514007568,"{""num_rows"": ""2097152"", ""prefix_cardinality"": ""64"", ""prefix_width"": ""8"", ""suffix_width"": ""32""}"
experiment-3,target,sorted_order_strings_prefixes,Device=0 num_rows=262144 prefix_width=10 suffix_width=32 prefix_cardinality=64,False,False,0.48034719824790945,0.48026719838380816,0.4823263972997665,0.7470514704601898,9.053221702575684,"{""num_rows"": ""262144"", ""prefix_cardinality"": ""64"", ""prefix_width"": ""10"", ""suffix_width"": ""32""}"
experiment-3,target,sorted_order_strings_prefixes,Device=0 num_rows=2097152 prefix_width=10 suffix_width=32 prefix_cardinality=64,False,False,4.171051216125489,4.165646362304686,4.172239971160887,0.3037471770733871,72.36474514007568,"{""num_rows"": ""2097152"", ""prefix_cardinality"": ""64"", ""prefix_width"": ""10"", ""suffix_width"": ""32""}"
experiment-3,target,sorted_order_strings_prefixes,Device=0 num_rows=262144 prefix_width=11 suffix_width=32 prefix_cardinality=64,False,False,0.4960527986288069,0.4926303997635842,0.4965135961771012,0.8216877158710192,9.053221702575684,"{""num_rows"": ""262144"", ""prefix_cardinality"": ""64"", ""prefix_width"": ""11"", ""suffix_width"": ""32""}"
experiment-3,target,sorted_order_strings_prefixes,Device=0 num_rows=2097152 prefix_width=11 suffix_width=32 prefix_cardinality=64,False,False,4.239471983909606,4.231044816970825,4.240582418441773,0.3784399555368359,72.36474514007568,"{""num_rows"": ""2097152"", ""prefix_cardinality"": ""64"", ""prefix_width"": ""11"", ""suffix_width"": ""32""}"
experiment-3,target,sorted_order_strings_prefixes,Device=0 num_rows=262144 prefix_width=12 suffix_width=32 prefix_cardinality=64,False,False,0.5029775977134705,0.5004911988973617,0.5055151984095575,0.6869071249028146,9.053221702575684,"{""num_rows"": ""262144"", ""prefix_cardinality"": ""64"", ""prefix_width"": ""12"", ""suffix_width"": ""32""}"
experiment-3,target,sorted_order_strings_prefixes,Device=0 num_rows=2097152 prefix_width=12 suffix_width=32 prefix_cardinality=64,False,False,4.2940288305282595,4.290235209465026,4.297118425369263,0.4125579029368163,72.36474514007568,"{""num_rows"": ""2097152"", ""prefix_cardinality"": ""64"", ""prefix_width"": ""12"", ""suffix_width"": ""32""}"
experiment-3,target,sorted_order_strings_prefixes,Device=0 num_rows=262144 prefix_width=64 suffix_width=32 prefix_cardinality=64,False,False,1.0741728067398073,1.073887997865677,1.07668639421463,1.6684229849489016,9.053221702575684,"{""num_rows"": ""262144"", ""prefix_cardinality"": ""64"", ""prefix_width"": ""64"", ""suffix_width"": ""32""}"
experiment-3,target,sorted_order_strings_prefixes,Device=0 num_rows=2097152 prefix_width=64 suffix_width=32 prefix_cardinality=64,False,False,11.621159887313842,11.615955209732057,11.636687994003296,0.3902409436292677,72.36474514007568,"{""num_rows"": ""2097152"", ""prefix_cardinality"": ""64"", ""prefix_width"": ""64"", ""suffix_width"": ""32""}"
experiment-7,stable-warps-1,sorted_order_strings_segments,Device=0 num_rows=32768 shared_suffix=0 segment_profile=pairs,True,True,0.15879359841346735,0.15813439935445786,0.15987040027976035,6.352215487600821,1.1391592025756836,"{""num_rows"": ""32768"", ""segment_profile"": ""pairs"", ""shared_suffix"": ""0""}"
experiment-7,stable-warps-1,sorted_order_strings_segments,Device=0 num_rows=2097152 shared_suffix=0 segment_profile=pairs,True,True,0.6465007990598679,0.6413215905427934,0.6465936064720152,1.136887369822825,72.36474514007568,"{""num_rows"": ""2097152"", ""segment_profile"": ""pairs"", ""shared_suffix"": ""0""}"
experiment-7,stable-warps-1,sorted_order_strings_segments,Device=0 num_rows=32768 shared_suffix=64 segment_profile=pairs,True,True,0.16031680107116697,0.15866880118846896,0.16251360177993768,1.949489999350287,1.1391592025756836,"{""num_rows"": ""32768"", ""segment_profile"": ""pairs"", ""shared_suffix"": ""64""}"
experiment-7,stable-warps-1,sorted_order_strings_segments,Device=0 num_rows=2097152 shared_suffix=64 segment_profile=pairs,True,True,0.8176335990428925,0.8145216017961503,0.8213135957717896,1.028336354363688,72.36474514007568,"{""num_rows"": ""2097152"", ""segment_profile"": ""pairs"", ""shared_suffix"": ""64""}"
experiment-7,stable-warps-1,sorted_order_strings_segments,Device=0 num_rows=32768 shared_suffix=0 segment_profile=tiny4,True,True,0.1551263988018036,0.1545088015496731,0.1567103996872902,1.0822333732813914,1.1391592025756836,"{""num_rows"": ""32768"", ""segment_profile"": ""tiny4"", ""shared_suffix"": ""0""}"
experiment-7,stable-warps-1,sorted_order_strings_segments,Device=0 num_rows=2097152 shared_suffix=0 segment_profile=tiny4,True,True,0.5710688024759293,0.570414400100708,0.5734911978244782,1.0437514339056235,72.36474514007568,"{""num_rows"": ""2097152"", ""segment_profile"": ""tiny4"", ""shared_suffix"": ""0""}"
experiment-7,stable-warps-1,sorted_order_strings_segments,Device=0 num_rows=32768 shared_suffix=64 segment_profile=tiny4,True,True,0.16789920106530185,0.1662079989910126,0.16921439915895467,1.7449527697316645,1.1391592025756836,"{""num_rows"": ""32768"", ""segment_profile"": ""tiny4"", ""shared_suffix"": ""64""}"
experiment-7,stable-warps-1,sorted_order_strings_segments,Device=0 num_rows=2097152 shared_suffix=64 segment_profile=tiny4,True,True,0.9067423969507216,0.9017024010419845,0.9111727952957154,0.6279532970088209,72.36474514007568,"{""num_rows"": ""2097152"", ""segment_profile"": ""tiny4"", ""shared_suffix"": ""64""}"
experiment-7,stable-warps-1,sorted_order_strings_segments,Device=0 num_rows=32768 shared_suffix=0 segment_profile=tiny8,True,True,0.15813119933009148,0.15756640061736107,0.16001279875636099,2.0970662969264517,1.1391592025756836,"{""num_rows"": ""32768"", ""segment_profile"": ""tiny8"", ""shared_suffix"": ""0""}"
experiment-7,stable-warps-1,sorted_order_strings_segments,Device=0 num_rows=2097152 shared_suffix=0 segment_profile=tiny8,True,True,0.5791872024536132,0.5763952016830445,0.5817247956991195,0.9701045340747644,72.36474514007568,"{""num_rows"": ""2097152"", ""segment_profile"": ""tiny8"", ""shared_suffix"": ""0""}"
experiment-7,stable-warps-1,sorted_order_strings_segments,Device=0 num_rows=32768 shared_suffix=64 segment_profile=tiny8,True,True,0.17618400156497957,0.17475040182471277,0.17872320041060447,2.020614883589265,1.1391592025756836,"{""num_rows"": ""32768"", ""segment_profile"": ""tiny8"", ""shared_suffix"": ""64""}"
experiment-7,stable-warps-1,sorted_order_strings_segments,Device=0 num_rows=2097152 shared_suffix=64 segment_profile=tiny8,True,True,1.1360000014305114,1.1351455986499785,1.1395471930503847,0.5240827554870444,72.36474514007568,"{""num_rows"": ""2097152"", ""segment_profile"": ""tiny8"", ""shared_suffix"": ""64""}"
experiment-7,stable-warps-1,sorted_order_strings_segments,Device=0 num_rows=32768 shared_suffix=0 segment_profile=tiny16,True,True,0.16052960082888604,0.1583439990878105,0.1608767993748188,2.0349185722095835,1.1391592025756836,"{""num_rows"": ""32768"", ""segment_profile"": ""tiny16"", ""shared_suffix"": ""0""}"
experiment-7,stable-warps-1,sorted_order_strings_segments,Device=0 num_rows=2097152 shared_suffix=0 segment_profile=tiny16,True,True,0.6037744045257569,0.6019807994365692,0.606283190846443,0.5409506973181685,72.36474514007568,"{""num_rows"": ""2097152"", ""segment_profile"": ""tiny16"", ""shared_suffix"": ""0""}"
experiment-7,stable-warps-1,sorted_order_strings_segments,Device=0 num_rows=32768 shared_suffix=64 segment_profile=tiny16,True,True,0.18301599994301798,0.1825455978512764,0.1844207994639874,1.436610812378633,1.1391592025756836,"{""num_rows"": ""32768"", ""segment_profile"": ""tiny16"", ""shared_suffix"": ""64""}"
experiment-7,stable-warps-1,sorted_order_strings_segments,Device=0 num_rows=2097152 shared_suffix=64 segment_profile=tiny16,True,True,1.3447967946529384,1.3431039988994598,1.3504576027393345,0.3763052185293064,72.36474514007568,"{""num_rows"": ""2097152"", ""segment_profile"": ""tiny16"", ""shared_suffix"": ""64""}"
experiment-7,stable-warps-1,sorted_order_strings_segments,Device=0 num_rows=32768 shared_suffix=0 segment_profile=tiny32,True,True,0.16036799997091294,0.16030719801783563,0.1633567996323109,2.4996584704611626,1.1391592025756836,"{""num_rows"": ""32768"", ""segment_profile"": ""tiny32"", ""shared_suffix"": ""0""}"
experiment-7,stable-warps-1,sorted_order_strings_segments,Device=0 num_rows=2097152 shared_suffix=0 segment_profile=tiny32,True,True,0.6572511970996856,0.6564767986536026,0.6599951982498169,0.5743813866363493,72.36474514007568,"{""num_rows"": ""2097152"", ""segment_profile"": ""tiny32"", ""shared_suffix"": ""0""}"
experiment-7,stable-warps-1,sorted_order_strings_segments,Device=0 num_rows=32768 shared_suffix=64 segment_profile=tiny32,True,True,0.19195839986205102,0.19189600124955178,0.19636479914188382,2.3625938669403994,1.1391592025756836,"{""num_rows"": ""32768"", ""segment_profile"": ""tiny32"", ""shared_suffix"": ""64""}"
experiment-7,stable-warps-1,sorted_order_strings_segments,Device=0 num_rows=2097152 shared_suffix=64 segment_profile=tiny32,True,True,1.6408399939537046,1.6361296057701111,1.65443519949913,3.042889196470781,72.36474514007568,"{""num_rows"": ""2097152"", ""segment_profile"": ""tiny32"", ""shared_suffix"": ""64""}"
baseline,pr-workload,sorted_order_strings_workload,Device=0 min_width=0 max_width=32 num_rows=32768 workload=normal,False,False,0.19642720147967338,0.19567199945449829,0.1965440019965172,1.2155025970255666,1.1391592025756836,"{""max_width"": ""32"", ""min_width"": ""0"", ""num_rows"": ""32768"", ""workload"": ""normal""}"
baseline,pr-workload,sorted_order_strings_workload,Device=0 min_width=0 max_width=64 num_rows=32768 workload=normal,False,False,0.22112160027027133,0.219547201693058,0.22235519960522648,1.4488723347397707,1.1391592025756836,"{""max_width"": ""64"", ""min_width"": ""0"", ""num_rows"": ""32768"", ""workload"": ""normal""}"
baseline,pr-workload,sorted_order_strings_workload,Device=0 min_width=0 max_width=128 num_rows=32768 workload=normal,False,False,0.2784080013632774,0.278014400601387,0.28032959997653956,1.2758485398997135,1.1391592025756836,"{""max_width"": ""128"", ""min_width"": ""0"", ""num_rows"": ""32768"", ""workload"": ""normal""}"
baseline,pr-workload,sorted_order_strings_workload,Device=0 min_width=0 max_width=256 num_rows=32768 workload=normal,False,False,0.40230239927768696,0.398124797642231,0.4037712007761001,0.8442502439463468,1.1391592025756836,"{""max_width"": ""256"", ""min_width"": ""0"", ""num_rows"": ""32768"", ""workload"": ""normal""}"
baseline,pr-workload,sorted_order_strings_workload,Device=0 min_width=0 max_width=32 num_rows=262144 workload=normal,False,False,0.409478397667408,0.40752479881048187,0.41159520000219346,1.0673017266011098,9.053221702575684,"{""max_width"": ""32"", ""min_width"": ""0"", ""num_rows"": ""262144"", ""workload"": ""normal""}"
baseline,pr-workload,sorted_order_strings_workload,Device=0 min_width=0 max_width=64 num_rows=262144 workload=normal,False,False,0.5299888014793396,0.5253216028213502,0.5368911981582641,6.357033613483175,9.053221702575684,"{""max_width"": ""64"", ""min_width"": ""0"", ""num_rows"": ""262144"", ""workload"": ""normal""}"
baseline,pr-workload,sorted_order_strings_workload,Device=0 min_width=0 max_width=128 num_rows=262144 workload=normal,False,False,0.8670480102300644,0.8641520023345947,0.8696272045373918,1.9464830421122565,9.053221702575684,"{""max_width"": ""128"", ""min_width"": ""0"", ""num_rows"": ""262144"", ""workload"": ""normal""}"
baseline,pr-workload,sorted_order_strings_workload,Device=0 min_width=0 max_width=256 num_rows=262144 workload=normal,False,False,1.514977604150772,1.501846396923065,1.5186863958835604,1.843301895175981,9.053221702575684,"{""max_width"": ""256"", ""min_width"": ""0"", ""num_rows"": ""262144"", ""workload"": ""normal""}"
baseline,pr-workload,sorted_order_strings_workload,Device=0 min_width=0 max_width=32 num_rows=2097152 workload=normal,False,False,1.375556790828705,1.3725487947463988,1.3798592031002044,1.9840198346715645,72.36474514007568,"{""max_width"": ""32"", ""min_width"": ""0"", ""num_rows"": ""2097152"", ""workload"": ""normal""}"
baseline,pr-workload,sorted_order_strings_workload,Device=0 min_width=0 max_width=64 num_rows=2097152 workload=normal,False,False,2.0672080039978025,2.0571327686309813,2.075534403324127,2.23076834627171,72.36474514007568,"{""max_width"": ""64"", ""min_width"": ""0"", ""num_rows"": ""2097152"", ""workload"": ""normal""}"
baseline,pr-workload,sorted_order_strings_workload,Device=0 min_width=0 max_width=128 num_rows=2097152 workload=normal,False,False,3.7018959999084466,3.6809791803359984,3.7100848078727724,2.030098035952612,72.36474514007568,"{""max_width"": ""128"", ""min_width"": ""0"", ""num_rows"": ""2097152"", ""workload"": ""normal""}"
baseline,pr-workload,sorted_order_strings_workload,Device=0 min_width=0 max_width=256 num_rows=2097152 workload=normal,False,False,7.997054386138916,7.973028779029844,8.098479938507081,3.554983656810235,72.36474514007568,"{""max_width"": ""256"", ""min_width"": ""0"", ""num_rows"": ""2097152"", ""workload"": ""normal""}"
baseline,pr-workload,sorted_order_strings_workload,Device=0 min_width=0 max_width=32 num_rows=32768 workload=duplicates,False,False,0.22824639976024633,0.22811840027570726,0.23078880086541181,0.8044793531561897,1.1391592025756836,"{""max_width"": ""32"", ""min_width"": ""0"", ""num_rows"": ""32768"", ""workload"": ""duplicates""}"
baseline,pr-workload,sorted_order_strings_workload,Device=0 min_width=0 max_width=64 num_rows=32768 workload=duplicates,False,False,0.29363199919462196,0.2930815994739533,0.29507039934396745,0.6199068257082615,1.1391592025756836,"{""max_width"": ""64"", ""min_width"": ""0"", ""num_rows"": ""32768"", ""workload"": ""duplicates""}"
baseline,pr-workload,sorted_order_strings_workload,Device=0 min_width=0 max_width=128 num_rows=32768 workload=duplicates,False,False,0.4307744026184082,0.42985440045595164,0.4315488010644913,1.3008368124573881,1.1391592025756836,"{""max_width"": ""128"", ""min_width"": ""0"", ""num_rows"": ""32768"", ""workload"": ""duplicates""}"
baseline,pr-workload,sorted_order_strings_workload,Device=0 min_width=0 max_width=256 num_rows=32768 workload=duplicates,False,False,0.8056080013513565,0.8043424010276794,0.8063711941242218,1.3454307384446549,1.1391592025756836,"{""max_width"": ""256"", ""min_width"": ""0"", ""num_rows"": ""32768"", ""workload"": ""duplicates""}"
baseline,pr-workload,sorted_order_strings_workload,Device=0 min_width=0 max_width=32 num_rows=262144 workload=duplicates,False,False,0.4316976025700569,0.4307088032364844,0.4348256006836892,1.8671157990552536,9.053221702575684,"{""max_width"": ""32"", ""min_width"": ""0"", ""num_rows"": ""262144"", ""workload"": ""duplicates""}"
baseline,pr-workload,sorted_order_strings_workload,Device=0 min_width=0 max_width=64 num_rows=262144 workload=duplicates,False,False,0.598873597383499,0.5879823952913283,0.6006640046834946,2.1658027753388054,9.053221702575684,"{""max_width"": ""64"", ""min_width"": ""0"", ""num_rows"": ""262144"", ""workload"": ""duplicates""}"
baseline,pr-workload,sorted_order_strings_workload,Device=0 min_width=0 max_width=128 num_rows=262144 workload=duplicates,False,False,0.9242016047239303,0.9214559912681577,0.92637759745121,2.6909093997152174,9.053221702575684,"{""max_width"": ""128"", ""min_width"": ""0"", ""num_rows"": ""262144"", ""workload"": ""duplicates""}"
baseline,pr-workload,sorted_order_strings_workload,Device=0 min_width=0 max_width=256 num_rows=262144 workload=duplicates,False,False,1.7421200037002562,1.7382912039756773,1.74526880979538,1.4608082794718678,9.053221702575684,"{""max_width"": ""256"", ""min_width"": ""0"", ""num_rows"": ""262144"", ""workload"": ""duplicates""}"
baseline,pr-workload,sorted_order_strings_workload,Device=0 min_width=0 max_width=32 num_rows=2097152 workload=duplicates,False,False,2.2217327833175657,2.2031520009040833,2.2256255865097043,1.6637843028608064,72.36474514007568,"{""max_width"": ""32"", ""min_width"": ""0"", ""num_rows"": ""2097152"", ""workload"": ""duplicates""}"
baseline,pr-workload,sorted_order_strings_workload,Device=0 min_width=0 max_width=64 num_rows=2097152 workload=duplicates,False,False,3.3096751928329464,3.303583979606628,3.334163177013397,1.5593118762153533,72.36474514007568,"{""max_width"": ""64"", ""min_width"": ""0"", ""num_rows"": ""2097152"", ""workload"": ""duplicates""}"
baseline,pr-workload,sorted_order_strings_workload,Device=0 min_width=0 max_width=128 num_rows=2097152 workload=duplicates,False,False,5.485987162590027,5.4717024087905894,5.531462383270264,2.3020292219739167,72.36474514007568,"{""max_width"": ""128"", ""min_width"": ""0"", ""num_rows"": ""2097152"", ""workload"": ""duplicates""}"
baseline,pr-workload,sorted_order_strings_workload,Device=0 min_width=0 max_width=256 num_rows=2097152 workload=duplicates,False,False,9.889623928070069,9.886934328079223,9.960545539855959,3.121470981040071,72.36474514007568,"{""max_width"": ""256"", ""min_width"": ""0"", ""num_rows"": ""2097152"", ""workload"": ""duplicates""}"
baseline,pr-workload,sorted_order_strings_workload,Device=0 min_width=0 max_width=32 num_rows=32768 workload=shared_prefix,False,False,0.46786080151796333,0.46514079868793484,0.46854240000247954,0.7192775234393741,1.1391592025756836,"{""max_width"": ""32"", ""min_width"": ""0"", ""num_rows"": ""32768"", ""workload"": ""shared_prefix""}"
baseline,pr-workload,sorted_order_strings_workload,Device=0 min_width=0 max_width=64 num_rows=32768 workload=shared_prefix,False,False,0.7326447993516921,0.7313151985406875,0.7338047981262209,1.1132388128433481,1.1391592025756836,"{""max_width"": ""64"", ""min_width"": ""0"", ""num_rows"": ""32768"", ""workload"": ""shared_prefix""}"
baseline,pr-workload,sorted_order_strings_workload,Device=0 min_width=0 max_width=128 num_rows=32768 workload=shared_prefix,False,False,1.3435679852962494,1.3400063991546631,1.3632144033908842,6.0136497142403105,1.1391592025756836,"{""max_width"": ""128"", ""min_width"": ""0"", ""num_rows"": ""32768"", ""workload"": ""shared_prefix""}"
baseline,pr-workload,sorted_order_strings_workload,Device=0 min_width=0 max_width=256 num_rows=32768 workload=shared_prefix,False,False,3.357745611667633,3.3556032180786137,3.359311997890473,0.22208628573105268,1.1391592025756836,"{""max_width"": ""256"", ""min_width"": ""0"", ""num_rows"": ""32768"", ""workload"": ""shared_prefix""}"
baseline,pr-workload,sorted_order_strings_workload,Device=0 min_width=0 max_width=32 num_rows=262144 workload=shared_prefix,False,False,0.7403807967901229,0.73680000603199,0.7419871985912322,0.649057401046475,9.053221702575684,"{""max_width"": ""32"", ""min_width"": ""0"", ""num_rows"": ""262144"", ""workload"": ""shared_prefix""}"
baseline,pr-workload,sorted_order_strings_workload,Device=0 min_width=0 max_width=64 num_rows=262144 workload=shared_prefix,False,False,1.2537311971187592,1.2529312014579772,1.2593695998191832,1.963135820090572,9.053221702575684,"{""max_width"": ""64"", ""min_width"": ""0"", ""num_rows"": ""262144"", ""workload"": ""shared_prefix""}"
baseline,pr-workload,sorted_order_strings_workload,Device=0 min_width=0 max_width=128 num_rows=262144 workload=shared_prefix,False,False,2.692184019088745,2.6914079785346985,2.6932303786277774,1.1114365518287892,9.053221702575684,"{""max_width"": ""128"", ""min_width"": ""0"", ""num_rows"": ""262144"", ""workload"": ""shared_prefix""}"
baseline,pr-workload,sorted_order_strings_workload,Device=0 min_width=0 max_width=256 num_rows=262144 workload=shared_prefix,False,False,7.771536016464234,7.771152019500731,7.773873615264892,0.13278496267599427,9.053221702575684,"{""max_width"": ""256"", ""min_width"": ""0"", ""num_rows"": ""262144"", ""workload"": ""shared_prefix""}"
baseline,pr-workload,sorted_order_strings_workload,Device=0 min_width=0 max_width=32 num_rows=2097152 workload=shared_prefix,False,False,5.568129587173463,5.5669327735900875,5.57831678390503,0.5046976658709719,72.36474514007568,"{""max_width"": ""32"", ""min_width"": ""0"", ""num_rows"": ""2097152"", ""workload"": ""shared_prefix""}"
baseline,pr-workload,sorted_order_strings_workload,Device=0 min_width=0 max_width=64 num_rows=2097152 workload=shared_prefix,False,False,10.31161756515503,10.293297481536866,10.319980716705324,0.3747181945885234,72.36474514007568,"{""max_width"": ""64"", ""min_width"": ""0"", ""num_rows"": ""2097152"", ""workload"": ""shared_prefix""}"
baseline,pr-workload,sorted_order_strings_workload,Device=0 min_width=0 max_width=128 num_rows=2097152 workload=shared_prefix,False,False,23.342048168182377,23.3293664932251,23.345207977294923,0.20065621224625943,72.36474514007568,"{""max_width"": ""128"", ""min_width"": ""0"", ""num_rows"": ""2097152"", ""workload"": ""shared_prefix""}"
baseline,pr-workload,sorted_order_strings_workload,Device=0 min_width=0 max_width=256 num_rows=2097152 workload=shared_prefix,False,False,50.04901275634766,50.025459480285654,50.058958244323726,0.17885799730915566,72.36474514007568,"{""max_width"": ""256"", ""min_width"": ""0"", ""num_rows"": ""2097152"", ""workload"": ""shared_prefix""}"
baseline,pr-workload,sorted_order_strings_workload,Device=0 min_width=0 max_width=32 num_rows=32768 workload=variable,False,False,0.19150080159306523,0.19020799994468687,0.19199679940938946,0.9269848155649143,1.1391592025756836,"{""max_width"": ""32"", ""min_width"": ""0"", ""num_rows"": ""32768"", ""workload"": ""variable""}"
baseline,pr-workload,sorted_order_strings_workload,Device=0 min_width=0 max_width=64 num_rows=32768 workload=variable,False,False,0.18834239840507502,0.18715839833021167,0.18992960005998613,1.1508549217082,1.1391592025756836,"{""max_width"": ""64"", ""min_width"": ""0"", ""num_rows"": ""32768"", ""workload"": ""variable""}"
baseline,pr-workload,sorted_order_strings_workload,Device=0 min_width=0 max_width=128 num_rows=32768 workload=variable,False,False,0.17507520020008088,0.1734255999326706,0.1760960005223751,1.5606366633168012,1.1391592025756836,"{""max_width"": ""128"", ""min_width"": ""0"", ""num_rows"": ""32768"", ""workload"": ""variable""}"
baseline,pr-workload,sorted_order_strings_workload,Device=0 min_width=0 max_width=256 num_rows=32768 workload=variable,False,False,0.17694560065865514,0.17511359974741939,0.17813439965248107,1.3910141397694964,1.1391592025756836,"{""max_width"": ""256"", ""min_width"": ""0"", ""num_rows"": ""32768"", ""workload"": ""variable""}"
baseline,pr-workload,sorted_order_strings_workload,Device=0 min_width=0 max_width=32 num_rows=262144 workload=variable,False,False,0.2612896010279655,0.2586431965231895,0.2623776003718376,0.8791354389587067,9.053221702575684,"{""max_width"": ""32"", ""min_width"": ""0"", ""num_rows"": ""262144"", ""workload"": ""variable""}"
baseline,pr-workload,sorted_order_strings_workload,Device=0 min_width=0 max_width=64 num_rows=262144 workload=variable,False,False,0.2611887976527214,0.25692800134420396,0.2620799988508224,1.2653968721712294,9.053221702575684,"{""max_width"": ""64"", ""min_width"": ""0"", ""num_rows"": ""262144"", ""workload"": ""variable""}"
baseline,pr-workload,sorted_order_strings_workload,Device=0 min_width=0 max_width=128 num_rows=262144 workload=variable,False,False,0.26626240015029917,0.2648847982287408,0.26721600145101543,0.6982794741339312,9.053221702575684,"{""max_width"": ""128"", ""min_width"": ""0"", ""num_rows"": ""262144"", ""workload"": ""variable""}"
baseline,pr-workload,sorted_order_strings_workload,Device=0 min_width=0 max_width=256 num_rows=262144 workload=variable,False,False,0.24793280214071275,0.24621440023183824,0.24894079864025123,0.7771768089581579,9.053221702575684,"{""max_width"": ""256"", ""min_width"": ""0"", ""num_rows"": ""262144"", ""workload"": ""variable""}"
baseline,pr-workload,sorted_order_strings_workload,Device=0 min_width=0 max_width=32 num_rows=2097152 workload=variable,False,False,0.5333088010549545,0.5301327943801879,0.5354944020509719,0.6306413722375248,72.36474514007568,"{""max_width"": ""32"", ""min_width"": ""0"", ""num_rows"": ""2097152"", ""workload"": ""variable""}"
baseline,pr-workload,sorted_order_strings_workload,Device=0 min_width=0 max_width=64 num_rows=2097152 workload=variable,False,False,0.5211744010448456,0.5166096031665802,0.5237776011228561,2.768481826827931,72.36474514007568,"{""max_width"": ""64"", ""min_width"": ""0"", ""num_rows"": ""2097152"", ""workload"": ""variable""}"
baseline,pr-workload,sorted_order_strings_workload,Device=0 min_width=0 max_width=128 num_rows=2097152 workload=variable,False,False,0.5366848051548003,0.5327839970588684,0.5404032051563262,0.7525559984022424,72.36474514007568,"{""max_width"": ""128"", ""min_width"": ""0"", ""num_rows"": ""2097152"", ""workload"": ""variable""}"
baseline,pr-workload,sorted_order_strings_workload,Device=0 min_width=0 max_width=256 num_rows=2097152 workload=variable,False,False,0.533425599336624,0.5286928027868271,0.53361120223999,0.6460057224104289,72.36474514007568,"{""max_width"": ""256"", ""min_width"": ""0"", ""num_rows"": ""2097152"", ""workload"": ""variable""}"
experiment-7,stable-warps-0,sorted_order_strings_segments,Device=0 num_rows=32768 shared_suffix=0 segment_profile=pairs,True,False,0.1570831999182701,0.1557840012013912,0.15831840112805365,2.0208035355577634,1.1391592025756836,"{""num_rows"": ""32768"", ""segment_profile"": ""pairs"", ""shared_suffix"": ""0""}"
experiment-7,stable-warps-0,sorted_order_strings_segments,Device=0 num_rows=2097152 shared_suffix=0 segment_profile=pairs,True,False,0.6472496032714843,0.6439104080200196,0.6505040019750593,1.4273834644858845,72.36474514007568,"{""num_rows"": ""2097152"", ""segment_profile"": ""pairs"", ""shared_suffix"": ""0""}"
experiment-7,stable-warps-0,sorted_order_strings_segments,Device=0 num_rows=32768 shared_suffix=64 segment_profile=pairs,True,False,0.16104960069060326,0.1588432006537914,0.16228639930486677,1.770844335587713,1.1391592025756836,"{""num_rows"": ""32768"", ""segment_profile"": ""pairs"", ""shared_suffix"": ""64""}"
experiment-7,stable-warps-0,sorted_order_strings_segments,Device=0 num_rows=2097152 shared_suffix=64 segment_profile=pairs,True,False,0.8185488015413285,0.8178719997406005,0.8236351966857911,0.8733039753497466,72.36474514007568,"{""num_rows"": ""2097152"", ""segment_profile"": ""pairs"", ""shared_suffix"": ""64""}"
experiment-7,stable-warps-0,sorted_order_strings_segments,Device=0 num_rows=32768 shared_suffix=0 segment_profile=tiny4,True,False,0.15531040057539938,0.15489279925823213,0.15671200081706044,1.9437275949309256,1.1391592025756836,"{""num_rows"": ""32768"", ""segment_profile"": ""tiny4"", ""shared_suffix"": ""0""}"
experiment-7,stable-warps-0,sorted_order_strings_segments,Device=0 num_rows=2097152 shared_suffix=0 segment_profile=tiny4,True,False,0.5744048029184341,0.5694175988435746,0.5749039977788926,1.0387155344626513,72.36474514007568,"{""num_rows"": ""2097152"", ""segment_profile"": ""tiny4"", ""shared_suffix"": ""0""}"
experiment-7,stable-warps-0,sorted_order_strings_segments,Device=0 num_rows=32768 shared_suffix=64 segment_profile=tiny4,True,False,0.1666496016085148,0.166100799292326,0.16803200095891954,1.891163305805959,1.1391592025756836,"{""num_rows"": ""32768"", ""segment_profile"": ""tiny4"", ""shared_suffix"": ""64""}"
experiment-7,stable-warps-0,sorted_order_strings_segments,Device=0 num_rows=2097152 shared_suffix=64 segment_profile=tiny4,True,False,0.9066864013671875,0.901529610157013,0.9085743993520736,0.673202285015303,72.36474514007568,"{""num_rows"": ""2097152"", ""segment_profile"": ""tiny4"", ""shared_suffix"": ""64""}"
experiment-7,stable-warps-0,sorted_order_strings_segments,Device=0 num_rows=32768 shared_suffix=0 segment_profile=tiny8,True,False,0.157507199048996,0.15631840154528617,0.15794559866189953,1.4826738889443958,1.1391592025756836,"{""num_rows"": ""32768"", ""segment_profile"": ""tiny8"", ""shared_suffix"": ""0""}"
experiment-7,stable-warps-0,sorted_order_strings_segments,Device=0 num_rows=2097152 shared_suffix=0 segment_profile=tiny8,True,False,0.5796048015356065,0.5762767940759659,0.5827535986900331,0.7686183578095317,72.36474514007568,"{""num_rows"": ""2097152"", ""segment_profile"": ""tiny8"", ""shared_suffix"": ""0""}"
experiment-7,stable-warps-0,sorted_order_strings_segments,Device=0 num_rows=32768 shared_suffix=64 segment_profile=tiny8,True,False,0.17607999816536904,0.17475839778780938,0.17645599916577337,2.0096314777785818,1.1391592025756836,"{""num_rows"": ""32768"", ""segment_profile"": ""tiny8"", ""shared_suffix"": ""64""}"
experiment-7,stable-warps-0,sorted_order_strings_segments,Device=0 num_rows=2097152 shared_suffix=64 segment_profile=tiny8,True,False,1.1387391924858095,1.1360047936439512,1.1389967978000641,1.2639175028243892,72.36474514007568,"{""num_rows"": ""2097152"", ""segment_profile"": ""tiny8"", ""shared_suffix"": ""64""}"
experiment-7,stable-warps-0,sorted_order_strings_segments,Device=0 num_rows=32768 shared_suffix=0 segment_profile=tiny16,True,False,0.15913759917020795,0.15837920010089873,0.16004800125956536,1.1036282672460132,1.1391592025756836,"{""num_rows"": ""32768"", ""segment_profile"": ""tiny16"", ""shared_suffix"": ""0""}"
experiment-7,stable-warps-0,sorted_order_strings_segments,Device=0 num_rows=2097152 shared_suffix=0 segment_profile=tiny16,True,False,0.6098143965005876,0.6031344026327133,0.6099072009325026,0.5541788077666135,72.36474514007568,"{""num_rows"": ""2097152"", ""segment_profile"": ""tiny16"", ""shared_suffix"": ""0""}"
experiment-7,stable-warps-0,sorted_order_strings_segments,Device=0 num_rows=32768 shared_suffix=64 segment_profile=tiny16,True,False,0.1829088017344475,0.18257599994540216,0.18309120163321496,1.2615586865531552,1.1391592025756836,"{""num_rows"": ""32768"", ""segment_profile"": ""tiny16"", ""shared_suffix"": ""64""}"
experiment-7,stable-warps-0,sorted_order_strings_segments,Device=0 num_rows=2097152 shared_suffix=64 segment_profile=tiny16,True,False,1.350356787443161,1.3446159839630125,1.351273596286774,0.3378300474147939,72.36474514007568,"{""num_rows"": ""2097152"", ""segment_profile"": ""tiny16"", ""shared_suffix"": ""64""}"
experiment-7,stable-warps-0,sorted_order_strings_segments,Device=0 num_rows=32768 shared_suffix=0 segment_profile=tiny32,True,False,0.16179360076785085,0.15994080007076264,0.162236800044775,1.865051313376583,1.1391592025756836,"{""num_rows"": ""32768"", ""segment_profile"": ""tiny32"", ""shared_suffix"": ""0""}"
experiment-7,stable-warps-0,sorted_order_strings_segments,Device=0 num_rows=2097152 shared_suffix=0 segment_profile=tiny32,True,False,0.6603376001119614,0.6558800011873246,0.6611632019281387,0.42925198542088405,72.36474514007568,"{""num_rows"": ""2097152"", ""segment_profile"": ""tiny32"", ""shared_suffix"": ""0""}"
experiment-7,stable-warps-0,sorted_order_strings_segments,Device=0 num_rows=32768 shared_suffix=64 segment_profile=tiny32,True,False,0.19278080090880395,0.19133920073509214,0.19420479983091357,1.6259446755913354,1.1391592025756836,"{""num_rows"": ""32768"", ""segment_profile"": ""tiny32"", ""shared_suffix"": ""64""}"
experiment-7,stable-warps-0,sorted_order_strings_segments,Device=0 num_rows=2097152 shared_suffix=64 segment_profile=tiny32,True,False,1.6413583874702453,1.6357472002506261,1.6434175789356236,0.28030717852233134,72.36474514007568,"{""num_rows"": ""2097152"", ""segment_profile"": ""tiny32"", ""shared_suffix"": ""64""}"
baseline,pr-diagnostics,sorted_order_strings_segmented_diagnostics,Device=0 num_rows=262144 profile=finish_257,False,False,0.2148143999278546,0.21305600032210356,0.2166720002889633,1.4704662779918178,9.053221702575684,"{""num_rows"": ""262144"", ""profile"": ""finish_257""}"
baseline,pr-diagnostics,sorted_order_strings_segmented_diagnostics,Device=0 num_rows=2097152 profile=finish_257,False,False,0.4158495992422104,0.4151823997497558,0.41718239933252343,0.7283251209985979,72.36474514007568,"{""num_rows"": ""2097152"", ""profile"": ""finish_257""}"
baseline,pr-diagnostics,sorted_order_strings_segmented_diagnostics,Device=0 num_rows=262144 profile=finish_1024,False,False,0.24115360081195836,0.23904640004038816,0.24186079949140543,0.888615637091239,9.053221702575684,"{""num_rows"": ""262144"", ""profile"": ""finish_1024""}"
baseline,pr-diagnostics,sorted_order_strings_segmented_diagnostics,Device=0 num_rows=2097152 profile=finish_1024,False,False,0.4392799988389014,0.4377727970480919,0.44016639739274976,0.6581160457883951,72.36474514007568,"{""num_rows"": ""2097152"", ""profile"": ""finish_1024""}"
baseline,pr-diagnostics,sorted_order_strings_segmented_diagnostics,Device=0 num_rows=262144 profile=finish_4096,False,False,0.2834879979491234,0.2778640016913414,0.28718719929456715,1.645387132908915,9.053221702575684,"{""num_rows"": ""262144"", ""profile"": ""finish_4096""}"
baseline,pr-diagnostics,sorted_order_strings_segmented_diagnostics,Device=0 num_rows=2097152 profile=finish_4096,False,False,0.4825584039092064,0.48089280128478995,0.4846991971135139,0.7592180833682296,72.36474514007568,"{""num_rows"": ""2097152"", ""profile"": ""finish_4096""}"
baseline,pr-diagnostics,sorted_order_strings_segmented_diagnostics,Device=0 num_rows=262144 profile=active_50,False,False,0.3370879992842674,0.3339535996317864,0.33756479918956755,0.9018158618272903,9.053221702575684,"{""num_rows"": ""262144"", ""profile"": ""active_50""}"
baseline,pr-diagnostics,sorted_order_strings_segmented_diagnostics,Device=0 num_rows=2097152 profile=active_50,False,False,0.8843551993370057,0.8801519989967347,0.8892671972513198,0.9021328599508613,72.36474514007568,"{""num_rows"": ""2097152"", ""profile"": ""active_50""}"
baseline,pr-diagnostics,sorted_order_strings_segmented_diagnostics,Device=0 num_rows=262144 profile=active_10,False,False,0.29817920029163364,0.29713920205831523,0.2982208013534546,0.6411808691477703,9.053221702575684,"{""num_rows"": ""262144"", ""profile"": ""active_10""}"
baseline,pr-diagnostics,sorted_order_strings_segmented_diagnostics,Device=0 num_rows=2097152 profile=active_10,False,False,0.5442911982536316,0.5410095989704132,0.5490319997072222,0.7547317625960841,72.36474514007568,"{""num_rows"": ""2097152"", ""profile"": ""active_10""}"
baseline,pr-diagnostics,sorted_order_strings_segmented_diagnostics,Device=0 num_rows=262144 profile=active_1,False,False,0.23922719955444335,0.23734080195426938,0.24100320041179657,1.3533814400240187,9.053221702575684,"{""num_rows"": ""262144"", ""profile"": ""active_1""}"
baseline,pr-diagnostics,sorted_order_strings_segmented_diagnostics,Device=0 num_rows=2097152 profile=active_1,False,False,0.4919983997941017,0.48779680281877524,0.4945119976997376,0.8565562605963146,72.36474514007568,"{""num_rows"": ""2097152"", ""profile"": ""active_1""}"
baseline,pr-diagnostics,sorted_order_strings_segmented_diagnostics,Device=0 num_rows=262144 profile=active_0_1,False,False,0.19638719856739045,0.19485279917716974,0.19813119992613792,1.5476561808588225,9.053221702575684,"{""num_rows"": ""262144"", ""profile"": ""active_0_1""}"
baseline,pr-diagnostics,sorted_order_strings_segmented_diagnostics,Device=0 num_rows=2097152 profile=active_0_1,False,False,0.4234591990709306,0.41928639858961114,0.4252400010824204,1.038600905469034,72.36474514007568,"{""num_rows"": ""2097152"", ""profile"": ""active_0_1""}"
baseline,pr-diagnostics,sorted_order_strings_segmented_diagnostics,Device=0 num_rows=262144 profile=duplicates_6,False,False,0.23659199923276905,0.23196639940142638,0.23736800104379657,1.8647945915605448,9.053221702575684,"{""num_rows"": ""262144"", ""profile"": ""duplicates_6""}"
baseline,pr-diagnostics,sorted_order_strings_segmented_diagnostics,Device=0 num_rows=2097152 profile=duplicates_6,False,False,0.9893935978412627,0.9844272017478944,0.9906560033559797,0.3385793591519727,72.36474514007568,"{""num_rows"": ""2097152"", ""profile"": ""duplicates_6""}"
baseline,pr-diagnostics,sorted_order_strings_segmented_diagnostics,Device=0 num_rows=262144 profile=duplicates_8,False,False,0.23776960000395778,0.2312447987496853,0.24487999975681307,14.065239438393306,9.053221702575684,"{""num_rows"": ""262144"", ""profile"": ""duplicates_8""}"
baseline,pr-diagnostics,sorted_order_strings_segmented_diagnostics,Device=0 num_rows=2097152 profile=duplicates_8,False,False,0.9891807943582536,0.9837951987981797,0.9892335981130601,0.4266579516249881,72.36474514007568,"{""num_rows"": ""2097152"", ""profile"": ""duplicates_8""}"
baseline,pr-diagnostics,sorted_order_strings_segmented_diagnostics,Device=0 num_rows=262144 profile=duplicates_12,False,False,0.35228480100631715,0.34806720167398447,0.35484640151262287,1.002649251213386,9.053221702575684,"{""num_rows"": ""262144"", ""profile"": ""duplicates_12""}"
baseline,pr-diagnostics,sorted_order_strings_segmented_diagnostics,Device=0 num_rows=2097152 profile=duplicates_12,False,False,2.0624047875404354,2.061289608478546,2.0636959910392756,0.7784938690626934,72.36474514007568,"{""num_rows"": ""2097152"", ""profile"": ""duplicates_12""}"
baseline,pr-diagnostics,sorted_order_strings_segmented_diagnostics,Device=0 num_rows=262144 profile=duplicates_16,False,False,0.30288000106811525,0.3005551978945732,0.30320639908313746,0.9467216111140344,9.053221702575684,"{""num_rows"": ""262144"", ""profile"": ""duplicates_16""}"
baseline,pr-diagnostics,sorted_order_strings_segmented_diagnostics,Device=0 num_rows=2097152 profile=duplicates_16,False,False,1.6052703917026518,1.602764809131622,1.6058320045471193,0.293224772001936,72.36474514007568,"{""num_rows"": ""2097152"", ""profile"": ""duplicates_16""}"
baseline,pr-diagnostics,sorted_order_strings_segmented_diagnostics,Device=0 num_rows=262144 profile=duplicates_24,False,False,0.3626111999154091,0.35957280397415153,0.36394399851560594,2.201021343688413,9.053221702575684,"{""num_rows"": ""262144"", ""profile"": ""duplicates_24""}"
baseline,pr-diagnostics,sorted_order_strings_segmented_diagnostics,Device=0 num_rows=2097152 profile=duplicates_24,False,False,2.073684811592102,2.0712495803833004,2.0754111886024478,0.2422227745858418,72.36474514007568,"{""num_rows"": ""2097152"", ""profile"": ""duplicates_24""}"
baseline,pr-diagnostics,sorted_order_strings_segmented_diagnostics,Device=0 num_rows=262144 profile=duplicates_32,False,False,0.40356959849596014,0.4012607976794243,0.4045759961009026,0.648128654247717,9.053221702575684,"{""num_rows"": ""262144"", ""profile"": ""duplicates_32""}"
baseline,pr-diagnostics,sorted_order_strings_segmented_diagnostics,Device=0 num_rows=2097152 profile=duplicates_32,False,False,2.5102656126022334,2.509825587272644,2.5148848056793214,0.17528288265587183,72.36474514007568,"{""num_rows"": ""2097152"", ""profile"": ""duplicates_32""}"
baseline,pr-diagnostics,sorted_order_strings_segmented_diagnostics,Device=0 num_rows=262144 profile=rle_misaligned,False,False,0.6276560038328169,0.6211743980646133,0.6306544005870821,1.7066096952736742,9.053221702575684,"{""num_rows"": ""262144"", ""profile"": ""rle_misaligned""}"
baseline,pr-diagnostics,sorted_order_strings_segmented_diagnostics,Device=0 num_rows=2097152 profile=rle_misaligned,False,False,3.848067200183869,3.846220779418946,3.8487535953521728,0.1889032659421139,72.36474514007568,"{""num_rows"": ""2097152"", ""profile"": ""rle_misaligned""}"
baseline,constant,sorted_order_strings_prefixes,Device=0 num_rows=262144 prefix_width=32 suffix_width=0 prefix_cardinality=1,False,False,0.472972796857357,0.47144799828529355,0.4812559992074967,0.6258678758959811,9.053221702575684,"{""num_rows"": ""262144"", ""prefix_cardinality"": ""1"", ""prefix_width"": ""32"", ""suffix_width"": ""0""}"
baseline,constant,sorted_order_strings_prefixes,Device=0 num_rows=2097152 prefix_width=32 suffix_width=0 prefix_cardinality=1,False,False,2.8006159901618957,2.799244809150696,2.8041008114814754,0.2731536155792117,72.36474514007568,"{""num_rows"": ""2097152"", ""prefix_cardinality"": ""1"", ""prefix_width"": ""32"", ""suffix_width"": ""0""}"
experiment-15,pr-source,sorted_order_strings_source_parity,Device=0 num_rows=262144 profile=unique_32,False,False,0.2772399991750717,0.2766768008470536,0.27964800149202346,2.223018809873901,10.550337791442871,"{""num_rows"": ""262144"", ""profile"": ""unique_32""}"
experiment-15,pr-source,sorted_order_strings_source_parity,Device=0 num_rows=2097152 profile=unique_32,False,False,0.9374175995588303,0.9353727966547015,0.9391999959945678,0.46366623339558877,84.36186122894287,"{""num_rows"": ""2097152"", ""profile"": ""unique_32""}"
experiment-15,pr-source,sorted_order_strings_source_parity,Device=0 num_rows=262144 profile=duplicates_32,False,False,0.2513200037181377,0.25066880062222485,0.2547856032848358,2.029474086097812,10.548384666442871,"{""num_rows"": ""262144"", ""profile"": ""duplicates_32""}"
experiment-15,pr-source,sorted_order_strings_source_parity,Device=0 num_rows=2097152 profile=duplicates_32,False,False,0.8634144008159638,0.8628544002771379,0.8652159988880158,0.48921759563162365,84.35990810394287,"{""num_rows"": ""2097152"", ""profile"": ""duplicates_32""}"
experiment-15,pr-source,sorted_order_strings_source_parity,Device=0 num_rows=262144 profile=shared_prefix_24,False,False,0.2776015982031822,0.2774255990982056,0.2816608026623726,2.0911919706493243,10.550337791442871,"{""num_rows"": ""262144"", ""profile"": ""shared_prefix_24""}"
experiment-15,pr-source,sorted_order_strings_source_parity,Device=0 num_rows=2097152 profile=shared_prefix_24,False,False,0.9376127928495406,0.9364399999380111,0.9405935972929003,0.48455013685531356,84.36186122894287,"{""num_rows"": ""2097152"", ""profile"": ""shared_prefix_24""}"
experiment-15,pr-source,sorted_order_strings_source_parity,Device=0 num_rows=262144 profile=raw_unique_40,False,False,0.17335039898753166,0.17055200040340424,0.17499200105667115,2.607927069230051,9.053221702575684,"{""num_rows"": ""262144"", ""profile"": ""raw_unique_40""}"
experiment-15,pr-source,sorted_order_strings_source_parity,Device=0 num_rows=2097152 profile=raw_unique_40,False,False,0.41216639876365657,0.41206560134887693,0.41236160099506375,0.8451461586592321,72.36474514007568,"{""num_rows"": ""2097152"", ""profile"": ""raw_unique_40""}"
experiment-15,pr-source,sorted_order_strings_source_parity,Device=0 num_rows=262144 profile=raw_duplicates_40,False,False,0.47716479897499087,0.4766272023320198,0.47896800041198734,0.7933397923957518,9.053221702575684,"{""num_rows"": ""262144"", ""profile"": ""raw_duplicates_40""}"
experiment-15,pr-source,sorted_order_strings_source_parity,Device=0 num_rows=2097152 profile=raw_duplicates_40,False,False,3.1544512152671818,3.1538672089576716,3.1557327747344974,0.3465856839721437,72.36474514007568,"{""num_rows"": ""2097152"", ""profile"": ""raw_duplicates_40""}"
experiment-15,pr-source,sorted_order_strings_source_parity,Device=0 num_rows=262144 profile=raw_shared_prefix_24_width_40,False,False,0.5466511964797974,0.5454704016447067,0.546846404671669,0.7208840376592923,9.053221702575684,"{""num_rows"": ""262144"", ""profile"": ""raw_shared_prefix_24_width_40""}"
experiment-15,pr-source,sorted_order_strings_source_parity,Device=0 num_rows=2097152 profile=raw_shared_prefix_24_width_40,False,False,4.127688002586364,4.123384094238281,4.128881549835205,0.23682439161470506,72.36474514007568,"{""num_rows"": ""2097152"", ""profile"": ""raw_shared_prefix_24_width_40""}"
experiment-15,end-to-end,sort_strings_workload,Device=0 min_width=0 max_width=32 num_rows=262144 workload=normal,False,False,0.5062896087765694,0.4954511970281601,0.5071536004543303,1.317663269968597,9.053221702575684,"{""max_width"": ""32"", ""min_width"": ""0"", ""num_rows"": ""262144"", ""workload"": ""normal""}"
experiment-15,end-to-end,sort_strings_workload,Device=0 min_width=0 max_width=256 num_rows=262144 workload=normal,False,False,1.6365104138851165,1.6232159972190854,1.6471183955669402,2.0188468931713404,33.687255859375,"{""max_width"": ""256"", ""min_width"": ""0"", ""num_rows"": ""262144"", ""workload"": ""normal""}"
experiment-15,end-to-end,sort_strings_workload,Device=0 min_width=0 max_width=32 num_rows=2097152 workload=normal,False,False,1.6971055924892429,1.6900384068489076,1.7022559940814974,1.3980590589207005,95.72902488708496,"{""max_width"": ""32"", ""min_width"": ""0"", ""num_rows"": ""2097152"", ""workload"": ""normal""}"
experiment-15,end-to-end,sort_strings_workload,Device=0 min_width=0 max_width=256 num_rows=2097152 workload=normal,False,False,8.551919984817504,8.500952100753784,8.613318443298342,2.382356677357087,269.3055658340454,"{""max_width"": ""256"", ""min_width"": ""0"", ""num_rows"": ""2097152"", ""workload"": ""normal""}"
experiment-15,end-to-end,sort_strings_workload,Device=0 min_width=0 max_width=32 num_rows=262144 workload=duplicates,False,False,0.5274767994880677,0.5202447950839997,0.5296223998069763,1.8446605835244414,9.053221702575684,"{""max_width"": ""32"", ""min_width"": ""0"", ""num_rows"": ""262144"", ""workload"": ""duplicates""}"
experiment-15,end-to-end,sort_strings_workload,Device=0 min_width=0 max_width=256 num_rows=262144 workload=duplicates,False,False,1.8747199952602385,1.8677551984786986,1.8965808033943177,1.547467318241217,34.63582420349121,"{""max_width"": ""256"", ""min_width"": ""0"", ""num_rows"": ""262144"", ""workload"": ""duplicates""}"
experiment-15,end-to-end,sort_strings_workload,Device=0 min_width=0 max_width=32 num_rows=2097152 workload=duplicates,False,False,1.9302672088146209,1.9272047996520998,1.9489520072937012,1.788350315382043,96.68649291992188,"{""max_width"": ""32"", ""min_width"": ""0"", ""num_rows"": ""2097152"", ""workload"": ""duplicates""}"
experiment-15,end-to-end,sort_strings_workload,Device=0 min_width=0 max_width=256 num_rows=2097152 workload=duplicates,False,False,6.2579296350479146,6.243451213836669,6.286820793151855,0.6715516902600154,277.07898902893066,"{""max_width"": ""256"", ""min_width"": ""0"", ""num_rows"": ""2097152"", ""workload"": ""duplicates""}"
experiment-15,end-to-end,sort_strings_workload,Device=0 min_width=0 max_width=32 num_rows=262144 workload=shared_prefix,False,False,0.6806335985660554,0.6728624045848846,0.6914447933435441,1.492507288540698,9.053221702575684,"{""max_width"": ""32"", ""min_width"": ""0"", ""num_rows"": ""262144"", ""workload"": ""shared_prefix""}"
experiment-15,end-to-end,sort_strings_workload,Device=0 min_width=0 max_width=256 num_rows=262144 workload=shared_prefix,False,False,0.8680479973554612,0.8603103995323182,0.870958402752876,0.8421689667189581,65.03126335144043,"{""max_width"": ""256"", ""min_width"": ""0"", ""num_rows"": ""262144"", ""workload"": ""shared_prefix""}"
experiment-15,end-to-end,sort_strings_workload,Device=0 min_width=0 max_width=32 num_rows=2097152 workload=shared_prefix,False,False,4.353155183792114,4.340708780288696,4.381435227394105,0.7197001469506953,120.06652927398682,"{""max_width"": ""32"", ""min_width"": ""0"", ""num_rows"": ""2097152"", ""workload"": ""shared_prefix""}"
experiment-15,end-to-end,sort_strings_workload,Device=0 min_width=0 max_width=256 num_rows=2097152 workload=shared_prefix,False,False,5.900076818466186,5.89696319103241,5.9487439632415775,0.37378714127588164,520.2527341842651,"{""max_width"": ""256"", ""min_width"": ""0"", ""num_rows"": ""2097152"", ""workload"": ""shared_prefix""}"
experiment-15,end-to-end,sort_strings_workload,Device=0 min_width=0 max_width=32 num_rows=262144 workload=variable,False,False,0.36117119640111917,0.3576144024729729,0.37580480277538303,1.5181028116455104,9.053221702575684,"{""max_width"": ""32"", ""min_width"": ""0"", ""num_rows"": ""262144"", ""workload"": ""variable""}"
experiment-15,end-to-end,sort_strings_workload,Device=0 min_width=0 max_width=256 num_rows=262144 workload=variable,False,False,0.39146879613399505,0.38441759794950486,0.3934544026851654,4.200865874543604,34.01968002319336,"{""max_width"": ""256"", ""min_width"": ""0"", ""num_rows"": ""262144"", ""workload"": ""variable""}"
experiment-15,end-to-end,sort_strings_workload,Device=0 min_width=0 max_width=32 num_rows=2097152 workload=variable,False,False,0.9313088029623032,0.9217663973569872,0.9464288026094438,1.0887630302558633,96.05874729156494,"{""max_width"": ""32"", ""min_width"": ""0"", ""num_rows"": ""2097152"", ""workload"": ""variable""}"
experiment-15,end-to-end,sort_strings_workload,Device=0 min_width=0 max_width=256 num_rows=2097152 workload=variable,False,False,1.1339855909347534,1.1251263976097106,1.1500576078891753,0.9728443356927937,272.17790508270264,"{""max_width"": ""256"", ""min_width"": ""0"", ""num_rows"": ""2097152"", ""workload"": ""variable""}"
experiment-7,pr-diagnostics,sorted_order_strings_segmented_diagnostics,Device=0 num_rows=262144 profile=finish_257,False,False,0.21131999865174292,0.2111711993813515,0.21348320096731188,1.0154835397883195,9.053221702575684,"{""num_rows"": ""262144"", ""profile"": ""finish_257""}"
experiment-7,pr-diagnostics,sorted_order_strings_segmented_diagnostics,Device=0 num_rows=2097152 profile=finish_257,False,False,0.40906239897012714,0.40837439745664594,0.4106703996658325,0.7167574932065167,72.36474514007568,"{""num_rows"": ""2097152"", ""profile"": ""finish_257""}"
experiment-7,pr-diagnostics,sorted_order_strings_segmented_diagnostics,Device=0 num_rows=262144 profile=finish_1024,False,False,0.23554399982094765,0.23521439954638484,0.23651199862360953,1.665192171544359,9.053221702575684,"{""num_rows"": ""262144"", ""profile"": ""finish_1024""}"
experiment-7,pr-diagnostics,sorted_order_strings_segmented_diagnostics,Device=0 num_rows=2097152 profile=finish_1024,False,False,0.433364801108837,0.4312783986330032,0.43435200005769725,0.7809182598649405,72.36474514007568,"{""num_rows"": ""2097152"", ""profile"": ""finish_1024""}"
experiment-7,pr-diagnostics,sorted_order_strings_segmented_diagnostics,Device=0 num_rows=262144 profile=finish_4096,False,False,0.27444639801979065,0.27439199984073637,0.2758991971611976,0.5133576279487705,9.053221702575684,"{""num_rows"": ""262144"", ""profile"": ""finish_4096""}"
experiment-7,pr-diagnostics,sorted_order_strings_segmented_diagnostics,Device=0 num_rows=2097152 profile=finish_4096,False,False,0.4760911986231804,0.4732432007789611,0.4789920032024383,4.164544023017296,72.36474514007568,"{""num_rows"": ""2097152"", ""profile"": ""finish_4096""}"
experiment-7,pr-diagnostics,sorted_order_strings_segmented_diagnostics,Device=0 num_rows=262144 profile=active_50,False,False,0.3509727984666824,0.34904640018939975,0.3530383959412575,1.1032885021805696,9.053221702575684,"{""num_rows"": ""262144"", ""profile"": ""active_50""}"
experiment-7,pr-diagnostics,sorted_order_strings_segmented_diagnostics,Device=0 num_rows=2097152 profile=active_50,False,False,1.0439679980278014,1.0437439978122711,1.0464815974235535,0.328509223515125,72.36474514007568,"{""num_rows"": ""2097152"", ""profile"": ""active_50""}"
experiment-7,pr-diagnostics,sorted_order_strings_segmented_diagnostics,Device=0 num_rows=262144 profile=active_10,False,False,0.2903231978416443,0.29027039408683775,0.29228800088167195,0.92871902498095,9.053221702575684,"{""num_rows"": ""262144"", ""profile"": ""active_10""}"
experiment-7,pr-diagnostics,sorted_order_strings_segmented_diagnostics,Device=0 num_rows=2097152 profile=active_10,False,False,0.5782207965850831,0.5768159985542296,0.5809536039829255,0.6508169865640494,72.36474514007568,"{""num_rows"": ""2097152"", ""profile"": ""active_10""}"
experiment-7,pr-diagnostics,sorted_order_strings_segmented_diagnostics,Device=0 num_rows=262144 profile=active_1,False,False,0.23334719985723493,0.2333279989659786,0.23582239896059043,0.8514279808667584,9.053221702575684,"{""num_rows"": ""262144"", ""profile"": ""active_1""}"
experiment-7,pr-diagnostics,sorted_order_strings_segmented_diagnostics,Device=0 num_rows=2097152 profile=active_1,False,False,0.48373439610004426,0.4835167989134789,0.4868671998381615,0.8691932891520492,72.36474514007568,"{""num_rows"": ""2097152"", ""profile"": ""active_1""}"
experiment-7,pr-diagnostics,sorted_order_strings_segmented_diagnostics,Device=0 num_rows=262144 profile=active_0_1,False,False,0.19263200014829635,0.19252320006489754,0.1943135991692543,1.2177241027587282,9.053221702575684,"{""num_rows"": ""262144"", ""profile"": ""active_0_1""}"
experiment-7,pr-diagnostics,sorted_order_strings_segmented_diagnostics,Device=0 num_rows=2097152 profile=active_0_1,False,False,0.4134031981229783,0.41256800442934033,0.41677759736776354,1.0490610977251364,72.36474514007568,"{""num_rows"": ""2097152"", ""profile"": ""active_0_1""}"
experiment-7,pr-diagnostics,sorted_order_strings_segmented_diagnostics,Device=0 num_rows=262144 profile=duplicates_6,False,False,0.22720480114221575,0.2260144017636776,0.2307263985276222,1.591068386470448,9.053221702575684,"{""num_rows"": ""262144"", ""profile"": ""duplicates_6""}"
experiment-7,pr-diagnostics,sorted_order_strings_segmented_diagnostics,Device=0 num_rows=2097152 profile=duplicates_6,False,False,0.9598063975572585,0.9596911996603011,0.9615247964859011,0.48191540270202593,72.36474514007568,"{""num_rows"": ""2097152"", ""profile"": ""duplicates_6""}"
experiment-7,pr-diagnostics,sorted_order_strings_segmented_diagnostics,Device=0 num_rows=262144 profile=duplicates_8,False,False,0.22693760171532626,0.22622080072760575,0.22834719941020007,1.809068206612038,9.053221702575684,"{""num_rows"": ""262144"", ""profile"": ""duplicates_8""}"
experiment-7,pr-diagnostics,sorted_order_strings_segmented_diagnostics,Device=0 num_rows=2097152 profile=duplicates_8,False,False,0.95906720161438,0.9568911999464035,0.9602144002914427,0.4077161884609321,72.36474514007568,"{""num_rows"": ""2097152"", ""profile"": ""duplicates_8""}"
experiment-7,pr-diagnostics,sorted_order_strings_segmented_diagnostics,Device=0 num_rows=262144 profile=duplicates_12,False,False,0.343758401274681,0.34293759763240816,0.3480351984500885,1.0282661431456033,9.053221702575684,"{""num_rows"": ""262144"", ""profile"": ""duplicates_12""}"
experiment-7,pr-diagnostics,sorted_order_strings_segmented_diagnostics,Device=0 num_rows=2097152 profile=duplicates_12,False,False,2.0520512104034423,2.0463024139404293,2.1100559830665593,12.30917105461159,72.36474514007568,"{""num_rows"": ""2097152"", ""profile"": ""duplicates_12""}"
experiment-7,pr-diagnostics,sorted_order_strings_segmented_diagnostics,Device=0 num_rows=262144 profile=duplicates_16,False,False,0.29704799950122834,0.29561760127544406,0.2971664041280746,5.909006842722818,9.053221702575684,"{""num_rows"": ""262144"", ""profile"": ""duplicates_16""}"
experiment-7,pr-diagnostics,sorted_order_strings_segmented_diagnostics,Device=0 num_rows=2097152 profile=duplicates_16,False,False,1.5682208061218263,1.5681792020797736,1.5709663927555082,0.7775105052475099,72.36474514007568,"{""num_rows"": ""2097152"", ""profile"": ""duplicates_16""}"
experiment-7,pr-diagnostics,sorted_order_strings_segmented_diagnostics,Device=0 num_rows=262144 profile=duplicates_24,False,False,0.3558256030082703,0.3541360020637511,0.3589551985263824,1.1550857593766273,9.053221702575684,"{""num_rows"": ""262144"", ""profile"": ""duplicates_24""}"
experiment-7,pr-diagnostics,sorted_order_strings_segmented_diagnostics,Device=0 num_rows=2097152 profile=duplicates_24,False,False,2.0403808236122134,2.038331198692321,2.04171199798584,0.16648193020212051,72.36474514007568,"{""num_rows"": ""2097152"", ""profile"": ""duplicates_24""}"
experiment-7,pr-diagnostics,sorted_order_strings_segmented_diagnostics,Device=0 num_rows=262144 profile=duplicates_32,False,False,0.3989152014255524,0.3982975989580154,0.40004319995641696,0.7131501544442355,9.053221702575684,"{""num_rows"": ""262144"", ""profile"": ""duplicates_32""}"
experiment-7,pr-diagnostics,sorted_order_strings_segmented_diagnostics,Device=0 num_rows=2097152 profile=duplicates_32,False,False,2.482011187076569,2.4807951688766483,2.4848127603530883,0.21403560559068416,72.36474514007568,"{""num_rows"": ""2097152"", ""profile"": ""duplicates_32""}"
experiment-7,pr-diagnostics,sorted_order_strings_segmented_diagnostics,Device=0 num_rows=262144 profile=rle_misaligned,False,False,0.45418400019407273,0.4514480009675027,0.4547840014100074,4.111559911419313,9.053221702575684,"{""num_rows"": ""262144"", ""profile"": ""rle_misaligned""}"
experiment-7,pr-diagnostics,sorted_order_strings_segmented_diagnostics,Device=0 num_rows=2097152 profile=rle_misaligned,False,False,2.606870400905609,2.6019600033760075,2.612923181056976,1.9112377267685974,72.36474514007568,"{""num_rows"": ""2097152"", ""profile"": ""rle_misaligned""}"
baseline,main,sorted_order_strings,Device=0 min_width=1 max_width=8 num_rows=32768,False,False,0.16428800001740454,0.16340159922838213,0.16617280021309855,1.0077962337642332,1.1391592025756836,"{""max_width"": ""8"", ""min_width"": ""1"", ""num_rows"": ""32768""}"
baseline,main,sorted_order_strings,Device=0 min_width=1 max_width=32 num_rows=32768,False,False,0.1989183999598026,0.1976272016763687,0.20052480027079583,1.6365758804545427,1.1391592025756836,"{""max_width"": ""32"", ""min_width"": ""1"", ""num_rows"": ""32768""}"
baseline,main,sorted_order_strings,Device=0 min_width=1 max_width=64 num_rows=32768,False,False,0.23059520050883295,0.23004479855299,0.2317376010119915,0.5923761816593998,1.1391592025756836,"{""max_width"": ""64"", ""min_width"": ""1"", ""num_rows"": ""32768""}"
baseline,main,sorted_order_strings,Device=0 min_width=1 max_width=128 num_rows=32768,False,False,0.299064002931118,0.29904799908399576,0.3022448003292084,1.0989994451312686,1.1391592025756836,"{""max_width"": ""128"", ""min_width"": ""1"", ""num_rows"": ""32768""}"
baseline,main,sorted_order_strings,Device=0 min_width=1 max_width=256 num_rows=32768,False,False,0.44270560145378124,0.4402960017323494,0.44714399725198756,0.8574920287203047,1.1391592025756836,"{""max_width"": ""256"", ""min_width"": ""1"", ""num_rows"": ""32768""}"
baseline,main,sorted_order_strings,Device=0 min_width=1 max_width=8 num_rows=262144,False,False,0.26017439961433414,0.2571744009852409,0.2629455983638763,1.3688085072088596,9.053221702575684,"{""max_width"": ""8"", ""min_width"": ""1"", ""num_rows"": ""262144""}"
baseline,main,sorted_order_strings,Device=0 min_width=1 max_width=32 num_rows=262144,False,False,0.3953728005290031,0.3926784008741379,0.39542240351438523,1.138818106039898,9.053221702575684,"{""max_width"": ""32"", ""min_width"": ""1"", ""num_rows"": ""262144""}"
baseline,main,sorted_order_strings,Device=0 min_width=1 max_width=64 num_rows=262144,False,False,0.5335615992546081,0.5319936007261277,0.5359776020050049,1.9754109398157103,9.053221702575684,"{""max_width"": ""64"", ""min_width"": ""1"", ""num_rows"": ""262144""}"
baseline,main,sorted_order_strings,Device=0 min_width=1 max_width=128 num_rows=262144,False,False,0.8612640053033829,0.8594128042459489,0.8715936064720151,1.9785983669828606,9.053221702575684,"{""max_width"": ""128"", ""min_width"": ""1"", ""num_rows"": ""262144""}"
baseline,main,sorted_order_strings,Device=0 min_width=1 max_width=256 num_rows=262144,False,False,1.560358422994614,1.5431903839111327,1.5617104053497317,1.9968639719738268,9.053221702575684,"{""max_width"": ""256"", ""min_width"": ""1"", ""num_rows"": ""262144""}"
baseline,main,sorted_order_strings,Device=0 min_width=1 max_width=8 num_rows=2097152,False,False,0.6602768033742905,0.6589488059282304,0.6619296014308927,0.44629016667800775,72.36474514007568,"{""max_width"": ""8"", ""min_width"": ""1"", ""num_rows"": ""2097152""}"
baseline,main,sorted_order_strings,Device=0 min_width=1 max_width=32 num_rows=2097152,False,False,1.3772959887981415,1.373820799589157,1.3817936062812806,1.3160331754968133,72.36474514007568,"{""max_width"": ""32"", ""min_width"": ""1"", ""num_rows"": ""2097152""}"
baseline,main,sorted_order_strings,Device=0 min_width=1 max_width=64 num_rows=2097152,False,False,2.081040012836456,2.06256799697876,2.084270429611206,1.9064422381783679,72.36474514007568,"{""max_width"": ""64"", ""min_width"": ""1"", ""num_rows"": ""2097152""}"
baseline,main,sorted_order_strings,Device=0 min_width=1 max_width=128 num_rows=2097152,False,False,3.756516802310944,3.716204810142518,3.7833664059638976,3.026104076075348,72.36474514007568,"{""max_width"": ""128"", ""min_width"": ""1"", ""num_rows"": ""2097152""}"
baseline,main,sorted_order_strings,Device=0 min_width=1 max_width=256 num_rows=2097152,False,False,8.033807969093324,7.925902390480041,8.072593641281129,3.180722613461385,72.36474514007568,"{""max_width"": ""256"", ""min_width"": ""1"", ""num_rows"": ""2097152""}"
baseline,main,sorted_order_strings,Device=0 min_width=1 max_width=8 num_rows=16777216,False,False,4.696619224548339,4.693137645721436,4.697083210945129,0.1964750576265945,578.8530263900757,"{""max_width"": ""8"", ""min_width"": ""1"", ""num_rows"": ""16777216""}"
baseline,main,sorted_order_strings,Device=0 min_width=1 max_width=32 num_rows=16777216,False,False,10.390963077545164,10.37136645317078,10.397665548324584,0.951838877385636,578.8530263900757,"{""max_width"": ""32"", ""min_width"": ""1"", ""num_rows"": ""16777216""}"
baseline,main,sorted_order_strings,Device=0 min_width=1 max_width=64 num_rows=16777216,False,False,15.965644741058348,15.962825632095338,15.96952157020569,1.0011730118844386,578.8530263900757,"{""max_width"": ""64"", ""min_width"": ""1"", ""num_rows"": ""16777216""}"
baseline,main,sorted_order_strings,Device=0 min_width=1 max_width=128 num_rows=16777216,False,False,29.336868953704837,29.32318563461304,29.414998149871828,0.9301817247706845,578.8530263900757,"{""max_width"": ""128"", ""min_width"": ""1"", ""num_rows"": ""16777216""}"
baseline,main,sorted_order_strings,Device=0 min_width=1 max_width=256 num_rows=16777216,False,False,58.711160278320314,58.695816230773936,58.877752304077134,0.9138009177573119,578.8530263900757,"{""max_width"": ""256"", ""min_width"": ""1"", ""num_rows"": ""16777216""}"
baseline,main,sorted_order_strings_distribution,Device=0 num_rows=262144 profile=cardinality_1_width_32,False,False,0.007001600018702446,0.006915199942886832,0.007107200007885695,5.949080906837037,1.0,"{""num_rows"": ""262144"", ""profile"": ""cardinality_1_width_32""}"
baseline,main,sorted_order_strings_distribution,Device=0 num_rows=2097152 profile=cardinality_1_width_32,False,False,0.008495999965816736,0.008452799916267396,0.00858879997394979,5.345317615696196,8.0,"{""num_rows"": ""2097152"", ""profile"": ""cardinality_1_width_32""}"
baseline,main,sorted_order_strings_distribution,Device=0 num_rows=262144 profile=cardinality_64_width_128,False,False,0.9932976037263868,0.9853024005889892,1.001230406761169,2.8751873628095974,9.053221702575684,"{""num_rows"": ""262144"", ""profile"": ""cardinality_64_width_128""}"
baseline,main,sorted_order_strings_distribution,Device=0 num_rows=2097152 profile=cardinality_64_width_128,False,False,6.144291186332703,6.0883856296539305,6.2005792379379265,1.8563872369683103,72.36474514007568,"{""num_rows"": ""2097152"", ""profile"": ""cardinality_64_width_128""}"
baseline,main,sorted_order_strings_distribution,Device=0 num_rows=262144 profile=shared_prefix_64,False,False,1.539774405956268,1.535060793161392,1.5424416005611417,0.7507942108019677,9.053221702575684,"{""num_rows"": ""262144"", ""profile"": ""shared_prefix_64""}"
baseline,main,sorted_order_strings_distribution,Device=0 num_rows=2097152 profile=shared_prefix_64,False,False,13.519902420043945,13.516678380966189,13.519988822937016,0.28910870652390996,72.36474514007568,"{""num_rows"": ""2097152"", ""profile"": ""shared_prefix_64""}"
baseline,main,sorted_order_strings_distribution,Device=0 num_rows=262144 profile=variable_128,False,False,0.26640799790620806,0.26295679807662964,0.266548801958561,1.2985889831637196,9.053221702575684,"{""num_rows"": ""262144"", ""profile"": ""variable_128""}"
baseline,main,sorted_order_strings_distribution,Device=0 num_rows=2097152 profile=variable_128,False,False,0.5318784058094024,0.5291040033102036,0.5344703972339631,0.7368157457452061,72.36474514007568,"{""num_rows"": ""2097152"", ""profile"": ""variable_128""}"
baseline,main,sorted_order_strings_nulls,Device=0 num_rows=262144 profile=fixed_8 null_percent=0,False,False,0.1884208001196384,0.184459200501442,0.19226400107145308,14.71047299587116,9.053221702575684,"{""null_percent"": ""0"", ""num_rows"": ""262144"", ""profile"": ""fixed_8""}"
baseline,main,sorted_order_strings_nulls,Device=0 num_rows=2097152 profile=fixed_8 null_percent=0,False,False,0.3933280006051063,0.39198239892721176,0.3940559983253478,0.9967637733076765,72.36474514007568,"{""null_percent"": ""0"", ""num_rows"": ""2097152"", ""profile"": ""fixed_8""}"
baseline,main,sorted_order_strings_nulls,Device=0 num_rows=262144 profile=variable_128 null_percent=0,False,False,0.2616031974554063,0.2610608011484146,0.2668864011764527,1.6147949825355983,9.053221702575684,"{""null_percent"": ""0"", ""num_rows"": ""262144"", ""profile"": ""variable_128""}"
baseline,main,sorted_order_strings_nulls,Device=0 num_rows=2097152 profile=variable_128 null_percent=0,False,False,0.5344656050205231,0.5322559982538222,0.5367856055498123,0.778674179326348,72.36474514007568,"{""null_percent"": ""0"", ""num_rows"": ""2097152"", ""profile"": ""variable_128""}"
baseline,main,sorted_order_strings_nulls,Device=0 num_rows=262144 profile=fixed_8 null_percent=50,False,False,0.20006879717111592,0.19865600019693375,0.20173760056495665,1.2200603790847515,15.104979515075684,"{""null_percent"": ""50"", ""num_rows"": ""262144"", ""profile"": ""fixed_8""}"
baseline,main,sorted_order_strings_nulls,Device=0 num_rows=2097152 profile=fixed_8 null_percent=50,False,False,0.6259919971227645,0.6220304012298585,0.628368005156517,0.7238545033332323,120.77197170257568,"{""null_percent"": ""50"", ""num_rows"": ""2097152"", ""profile"": ""fixed_8""}"
baseline,main,sorted_order_strings_nulls,Device=0 num_rows=262144 profile=variable_128 null_percent=50,False,False,0.26360799670219426,0.26066079884767523,0.26684639900922774,1.4305043053637476,15.104979515075684,"{""null_percent"": ""50"", ""num_rows"": ""262144"", ""profile"": ""variable_128""}"
baseline,main,sorted_order_strings_nulls,Device=0 num_rows=2097152 profile=variable_128 null_percent=50,False,False,0.718091207742691,0.7159055948257447,0.7216527909040451,0.48658177566000027,120.77197170257568,"{""null_percent"": ""50"", ""num_rows"": ""2097152"", ""profile"": ""variable_128""}"
baseline,main,sorted_order_strings_nulls,Device=0 num_rows=262144 profile=fixed_8 null_percent=100,False,False,0.006539199990220367,0.006507199979387223,0.00666559999808669,4.644342519845496,1.0,"{""null_percent"": ""100"", ""num_rows"": ""262144"", ""profile"": ""fixed_8""}"
baseline,main,sorted_order_strings_nulls,Device=0 num_rows=2097152 profile=fixed_8 null_percent=100,False,False,0.008543999958783386,0.0084735999815166,0.00859839990735054,4.11970237274903,8.0,"{""null_percent"": ""100"", ""num_rows"": ""2097152"", ""profile"": ""fixed_8""}"
baseline,main,sorted_order_strings_nulls,Device=0 num_rows=262144 profile=variable_128 null_percent=100,False,False,0.0067215999355539685,0.006671999976970254,0.0067248000297695405,7.904332022120478,1.0,"{""null_percent"": ""100"", ""num_rows"": ""262144"", ""profile"": ""variable_128""}"
baseline,main,sorted_order_strings_nulls,Device=0 num_rows=2097152 profile=variable_128 null_percent=100,False,False,0.008532800059765576,0.008395199943333865,0.00905759995803237,23.72948444258185,8.0,"{""null_percent"": ""100"", ""num_rows"": ""2097152"", ""profile"": ""variable_128""}"
experiment-15,main,sorted_order_strings,Device=0 min_width=1 max_width=8 num_rows=32768,False,False,0.1629104003310204,0.16259679943323135,0.16291360110044478,1.580967885683253,1.1391592025756836,"{""max_width"": ""8"", ""min_width"": ""1"", ""num_rows"": ""32768""}"
experiment-15,main,sorted_order_strings,Device=0 min_width=1 max_width=32 num_rows=32768,False,False,0.19803039953112597,0.1978560000658035,0.19817280024290088,1.2840742764377577,1.1391592025756836,"{""max_width"": ""32"", ""min_width"": ""1"", ""num_rows"": ""32768""}"
experiment-15,main,sorted_order_strings,Device=0 min_width=1 max_width=64 num_rows=32768,False,False,0.22993440181016925,0.22912960126996043,0.2302799999713898,0.9272158102295699,1.1391592025756836,"{""max_width"": ""64"", ""min_width"": ""1"", ""num_rows"": ""32768""}"
experiment-15,main,sorted_order_strings,Device=0 min_width=1 max_width=128 num_rows=32768,False,False,0.29887839704751973,0.29793439954519274,0.29918880164623257,1.2052857978952323,1.1391592025756836,"{""max_width"": ""128"", ""min_width"": ""1"", ""num_rows"": ""32768""}"
experiment-15,main,sorted_order_strings,Device=0 min_width=1 max_width=256 num_rows=32768,False,False,0.4410064011812209,0.4386351972818376,0.44267999976873385,0.7928490706930559,1.1391592025756836,"{""max_width"": ""256"", ""min_width"": ""1"", ""num_rows"": ""32768""}"
experiment-15,main,sorted_order_strings,Device=0 min_width=1 max_width=8 num_rows=262144,False,False,0.2509440004825592,0.24873599633574484,0.25180479884147644,1.424009497688827,9.053221702575684,"{""max_width"": ""8"", ""min_width"": ""1"", ""num_rows"": ""262144""}"
experiment-15,main,sorted_order_strings,Device=0 min_width=1 max_width=32 num_rows=262144,False,False,0.38615520000457765,0.3859167978167534,0.38792799711227416,0.994732574317134,9.053221702575684,"{""max_width"": ""32"", ""min_width"": ""1"", ""num_rows"": ""262144""}"
experiment-15,main,sorted_order_strings,Device=0 min_width=1 max_width=64 num_rows=262144,False,False,0.525222396850586,0.5241712033748627,0.5260816007852553,1.6165416937470516,9.053221702575684,"{""max_width"": ""64"", ""min_width"": ""1"", ""num_rows"": ""262144""}"
experiment-15,main,sorted_order_strings,Device=0 min_width=1 max_width=128 num_rows=262144,False,False,0.8546607971191406,0.8503071993589401,0.8588752061128614,2.098255574105059,9.053221702575684,"{""max_width"": ""128"", ""min_width"": ""1"", ""num_rows"": ""262144""}"
experiment-15,main,sorted_order_strings,Device=0 min_width=1 max_width=256 num_rows=262144,False,False,1.5529599845409396,1.5495520174503328,1.5530303955078122,2.8270321847320363,9.053221702575684,"{""max_width"": ""256"", ""min_width"": ""1"", ""num_rows"": ""262144""}"
experiment-15,main,sorted_order_strings,Device=0 min_width=1 max_width=8 num_rows=2097152,False,False,0.6229312002658844,0.6224768042564393,0.6257055997848511,0.8055780374937651,72.36474514007568,"{""max_width"": ""8"", ""min_width"": ""1"", ""num_rows"": ""2097152""}"
experiment-15,main,sorted_order_strings,Device=0 min_width=1 max_width=32 num_rows=2097152,False,False,1.3495568096637722,1.3480080127716065,1.3551408052444456,1.9786716771330863,72.36474514007568,"{""max_width"": ""32"", ""min_width"": ""1"", ""num_rows"": ""2097152""}"
experiment-15,main,sorted_order_strings,Device=0 min_width=1 max_width=64 num_rows=2097152,False,False,2.0610063910484313,2.0482255935668947,2.063651204109192,1.9285862900746946,72.36474514007568,"{""max_width"": ""64"", ""min_width"": ""1"", ""num_rows"": ""2097152""}"
experiment-15,main,sorted_order_strings,Device=0 min_width=1 max_width=128 num_rows=2097152,False,False,3.702254402637481,3.688899195194244,3.7422095894813534,3.3693171410132803,72.36474514007568,"{""max_width"": ""128"", ""min_width"": ""1"", ""num_rows"": ""2097152""}"
experiment-15,main,sorted_order_strings,Device=0 min_width=1 max_width=256 num_rows=2097152,False,False,7.987721610069275,7.951345634460449,8.151494431495667,6.710516248840223,72.36474514007568,"{""max_width"": ""256"", ""min_width"": ""1"", ""num_rows"": ""2097152""}"
experiment-15,main,sorted_order_strings,Device=0 min_width=1 max_width=8 num_rows=16777216,False,False,4.4574048042297365,4.453887987136841,4.458046412467958,0.28499146268434483,578.8530263900757,"{""max_width"": ""8"", ""min_width"": ""1"", ""num_rows"": ""16777216""}"
experiment-15,main,sorted_order_strings,Device=0 min_width=1 max_width=32 num_rows=16777216,False,False,10.17163681983948,10.152784156799317,10.190158319473266,0.9236756249839152,578.8530263900757,"{""max_width"": ""32"", ""min_width"": ""1"", ""num_rows"": ""16777216""}"
experiment-15,main,sorted_order_strings,Device=0 min_width=1 max_width=64 num_rows=16777216,False,False,15.757865571975707,15.750235271453857,15.80368008613587,1.0157436425531015,578.8530263900757,"{""max_width"": ""64"", ""min_width"": ""1"", ""num_rows"": ""16777216""}"
experiment-15,main,sorted_order_strings,Device=0 min_width=1 max_width=128 num_rows=16777216,False,False,29.232443141937257,29.217019176483152,29.340670394897455,1.1395637366327527,578.8530263900757,"{""max_width"": ""128"", ""min_width"": ""1"", ""num_rows"": ""16777216""}"
experiment-15,main,sorted_order_strings,Device=0 min_width=1 max_width=256 num_rows=16777216,False,False,58.618759918212895,58.50136966705324,58.71880321502685,0.9562482626811056,578.8530263900757,"{""max_width"": ""256"", ""min_width"": ""1"", ""num_rows"": ""16777216""}"
experiment-15,main,sorted_order_strings_distribution,Device=0 num_rows=262144 profile=cardinality_1_width_32,False,False,0.006956799956969916,0.006940799974836409,0.00767840000335127,7.7926092939608145,1.0,"{""num_rows"": ""262144"", ""profile"": ""cardinality_1_width_32""}"
experiment-15,main,sorted_order_strings_distribution,Device=0 num_rows=2097152 profile=cardinality_1_width_32,False,False,0.008545600017532708,0.008443200029432774,0.008553599938750267,4.05318206933941,8.0,"{""num_rows"": ""2097152"", ""profile"": ""cardinality_1_width_32""}"
experiment-15,main,sorted_order_strings_distribution,Device=0 num_rows=262144 profile=cardinality_64_width_128,False,False,0.9940016061067579,0.9858079940080644,0.9953519880771637,2.4830711378829613,9.053221702575684,"{""num_rows"": ""262144"", ""profile"": ""cardinality_64_width_128""}"
experiment-15,main,sorted_order_strings_distribution,Device=0 num_rows=2097152 profile=cardinality_64_width_128,False,False,3.5901504039764394,3.585988795757294,3.5967455863952633,0.9551002237269594,72.36474514007568,"{""num_rows"": ""2097152"", ""profile"": ""cardinality_64_width_128""}"
experiment-15,main,sorted_order_strings_distribution,Device=0 num_rows=262144 profile=shared_prefix_64,False,False,0.6968815982341765,0.6960751980543136,0.7001280039548874,0.7769325641504063,9.053221702575684,"{""num_rows"": ""262144"", ""profile"": ""shared_prefix_64""}"
experiment-15,main,sorted_order_strings_distribution,Device=0 num_rows=2097152 profile=shared_prefix_64,False,False,5.438064002990723,5.434091186523437,5.438649606704711,0.27565089794790215,72.36474514007568,"{""num_rows"": ""2097152"", ""profile"": ""shared_prefix_64""}"
experiment-15,main,sorted_order_strings_distribution,Device=0 num_rows=262144 profile=variable_128,False,False,0.26213759630918504,0.25685440152883526,0.2629776000976563,1.5607527562453407,9.053221702575684,"{""num_rows"": ""262144"", ""profile"": ""variable_128""}"
experiment-15,main,sorted_order_strings_distribution,Device=0 num_rows=2097152 profile=variable_128,False,False,0.5280784010887147,0.5267488002777099,0.5293551981449128,0.6787070387918375,72.36474514007568,"{""num_rows"": ""2097152"", ""profile"": ""variable_128""}"
experiment-15,main,sorted_order_strings_nulls,Device=0 num_rows=262144 profile=fixed_8 null_percent=0,False,False,0.18578720018267633,0.18481119945645333,0.1862864002585411,2.1377110553787793,9.053221702575684,"{""null_percent"": ""0"", ""num_rows"": ""262144"", ""profile"": ""fixed_8""}"
experiment-15,main,sorted_order_strings_nulls,Device=0 num_rows=2097152 profile=fixed_8 null_percent=0,False,False,0.39228320270776745,0.39178719967603676,0.39395359754562376,1.3632541219766467,72.36474514007568,"{""null_percent"": ""0"", ""num_rows"": ""2097152"", ""profile"": ""fixed_8""}"
experiment-15,main,sorted_order_strings_nulls,Device=0 num_rows=262144 profile=variable_128 null_percent=0,False,False,0.2593744024634361,0.2561968013644219,0.2615471988916397,1.4898041321181266,9.053221702575684,"{""null_percent"": ""0"", ""num_rows"": ""262144"", ""profile"": ""variable_128""}"
experiment-15,main,sorted_order_strings_nulls,Device=0 num_rows=2097152 profile=variable_128 null_percent=0,False,False,0.5290207952260971,0.5273200035095215,0.5315744012594223,0.8021752270333504,72.36474514007568,"{""null_percent"": ""0"", ""num_rows"": ""2097152"", ""profile"": ""variable_128""}"
experiment-15,main,sorted_order_strings_nulls,Device=0 num_rows=262144 profile=fixed_8 null_percent=50,False,False,0.200764799118042,0.19828160107135773,0.20177920013666154,1.6512485651805429,15.104979515075684,"{""null_percent"": ""50"", ""num_rows"": ""262144"", ""profile"": ""fixed_8""}"
experiment-15,main,sorted_order_strings_nulls,Device=0 num_rows=2097152 profile=fixed_8 null_percent=50,False,False,0.6231824010610579,0.621927997469902,0.6258799940347672,0.7820274664329494,120.77197170257568,"{""null_percent"": ""50"", ""num_rows"": ""2097152"", ""profile"": ""fixed_8""}"
experiment-15,main,sorted_order_strings_nulls,Device=0 num_rows=262144 profile=variable_128 null_percent=50,False,False,0.25994080156087873,0.25872480422258376,0.2614032030105591,1.53542993644945,15.104979515075684,"{""null_percent"": ""50"", ""num_rows"": ""262144"", ""profile"": ""variable_128""}"
experiment-15,main,sorted_order_strings_nulls,Device=0 num_rows=2097152 profile=variable_128 null_percent=50,False,False,0.7135184019804002,0.7105967968702316,0.7144143968820571,0.5944772039232514,120.77197170257568,"{""null_percent"": ""50"", ""num_rows"": ""2097152"", ""profile"": ""variable_128""}"
experiment-15,main,sorted_order_strings_nulls,Device=0 num_rows=262144 profile=fixed_8 null_percent=100,False,False,0.006643199967220426,0.006534400000236929,0.0071568000363186005,7.269700334725833,1.0,"{""null_percent"": ""100"", ""num_rows"": ""262144"", ""profile"": ""fixed_8""}"
experiment-15,main,sorted_order_strings_nulls,Device=0 num_rows=2097152 profile=fixed_8 null_percent=100,False,False,0.00863839997909963,0.008560000034049154,0.00874400003813207,5.390290563079015,8.0,"{""null_percent"": ""100"", ""num_rows"": ""2097152"", ""profile"": ""fixed_8""}"
experiment-15,main,sorted_order_strings_nulls,Device=0 num_rows=262144 profile=variable_128 null_percent=100,False,False,0.00649759997613728,0.006484799971804022,0.007163199991919099,4.379477498481857,1.0,"{""null_percent"": ""100"", ""num_rows"": ""262144"", ""profile"": ""variable_128""}"
experiment-15,main,sorted_order_strings_nulls,Device=0 num_rows=2097152 profile=variable_128 null_percent=100,False,False,0.008590399986132981,0.008468799898400903,0.008591999998316169,4.6099908657464805,8.0,"{""null_percent"": ""100"", ""num_rows"": ""2097152"", ""profile"": ""variable_128""}"
experiment-3,pr-zero-collisions,sorted_order_strings_segmented_diagnostics,Device=0 num_rows=32768 profile=zero_collision_pass1,False,False,0.21471519917249687,0.20889920070767404,0.2150256022810936,1.5173553447207841,1.1391592025756836,"{""num_rows"": ""32768"", ""profile"": ""zero_collision_pass1""}"
experiment-3,pr-zero-collisions,sorted_order_strings_segmented_diagnostics,Device=0 num_rows=32768 profile=zero_collision_pass2,False,False,0.29105280041694637,0.2829631984233856,0.29186240136623387,1.1672878137368403,1.1391592025756836,"{""num_rows"": ""32768"", ""profile"": ""zero_collision_pass2""}"
baseline,pr-zero-collisions,sorted_order_strings_segmented_diagnostics,Device=0 num_rows=32768 profile=zero_collision_pass1,False,False,0.21771520003676417,0.21060640141367917,0.2178912006318569,1.8407531148707856,1.1391592025756836,"{""num_rows"": ""32768"", ""profile"": ""zero_collision_pass1""}"
baseline,pr-zero-collisions,sorted_order_strings_segmented_diagnostics,Device=0 num_rows=32768 profile=zero_collision_pass2,False,False,0.29650240093469615,0.28992160260677335,0.29843840152025225,1.1699993064553904,1.1391592025756836,"{""num_rows"": ""32768"", ""profile"": ""zero_collision_pass2""}"
experiment-3,pr-diagnostics,sorted_order_strings_segmented_diagnostics,Device=0 num_rows=262144 profile=finish_257,False,False,0.2128943994641304,0.21008959859609602,0.214028798788786,1.445791105686733,9.053221702575684,"{""num_rows"": ""262144"", ""profile"": ""finish_257""}"
experiment-3,pr-diagnostics,sorted_order_strings_segmented_diagnostics,Device=0 num_rows=2097152 profile=finish_257,False,False,0.4124751999974251,0.4084799960255623,0.4137760028243065,0.762244074989566,72.36474514007568,"{""num_rows"": ""2097152"", ""profile"": ""finish_257""}"
experiment-3,pr-diagnostics,sorted_order_strings_segmented_diagnostics,Device=0 num_rows=262144 profile=finish_1024,False,False,0.23856000006198883,0.2362736009061337,0.2386992007493973,1.1811586913858263,9.053221702575684,"{""num_rows"": ""262144"", ""profile"": ""finish_1024""}"
experiment-3,pr-diagnostics,sorted_order_strings_segmented_diagnostics,Device=0 num_rows=2097152 profile=finish_1024,False,False,0.4368735998868943,0.43541439920663827,0.4375328004360199,1.096450765586786,72.36474514007568,"{""num_rows"": ""2097152"", ""profile"": ""finish_1024""}"
experiment-3,pr-diagnostics,sorted_order_strings_segmented_diagnostics,Device=0 num_rows=262144 profile=finish_4096,False,False,0.2772975996136665,0.27354879826307293,0.27793279737234117,1.0357875230987519,9.053221702575684,"{""num_rows"": ""262144"", ""profile"": ""finish_4096""}"
experiment-3,pr-diagnostics,sorted_order_strings_segmented_diagnostics,Device=0 num_rows=2097152 profile=finish_4096,False,False,0.4781695991754531,0.47340960204601285,0.48057119846343993,0.6995424283911545,72.36474514007568,"{""num_rows"": ""2097152"", ""profile"": ""finish_4096""}"
experiment-3,pr-diagnostics,sorted_order_strings_segmented_diagnostics,Device=0 num_rows=262144 profile=active_50,False,False,0.331489597260952,0.3236224010586739,0.33285280019044877,1.0769777827598175,9.053221702575684,"{""num_rows"": ""262144"", ""profile"": ""active_50""}"
experiment-3,pr-diagnostics,sorted_order_strings_segmented_diagnostics,Device=0 num_rows=2097152 profile=active_50,False,False,0.8626112014055252,0.8556512027978896,0.8636143982410428,0.5399577153267572,72.36474514007568,"{""num_rows"": ""2097152"", ""profile"": ""active_50""}"
experiment-3,pr-diagnostics,sorted_order_strings_segmented_diagnostics,Device=0 num_rows=262144 profile=active_10,False,False,0.2929200008511543,0.29043360203504553,0.2939888000488281,0.8987768897703394,9.053221702575684,"{""num_rows"": ""262144"", ""profile"": ""active_10""}"
experiment-3,pr-diagnostics,sorted_order_strings_segmented_diagnostics,Device=0 num_rows=2097152 profile=active_10,False,False,0.5393408000469209,0.5333424001932143,0.5395296037197113,0.7216267464111705,72.36474514007568,"{""num_rows"": ""2097152"", ""profile"": ""active_10""}"
experiment-3,pr-diagnostics,sorted_order_strings_segmented_diagnostics,Device=0 num_rows=262144 profile=active_1,False,False,0.23576800003647802,0.2330095991492272,0.2358064003288746,1.164469773689112,9.053221702575684,"{""num_rows"": ""262144"", ""profile"": ""active_1""}"
experiment-3,pr-diagnostics,sorted_order_strings_segmented_diagnostics,Device=0 num_rows=2097152 profile=active_1,False,False,0.48757120221853256,0.48085919916629793,0.4895184010267259,0.8368773078584244,72.36474514007568,"{""num_rows"": ""2097152"", ""profile"": ""active_1""}"
experiment-3,pr-diagnostics,sorted_order_strings_segmented_diagnostics,Device=0 num_rows=262144 profile=active_0_1,False,False,0.19401759877800942,0.19203839972615244,0.19811839908361437,1.7927148719843984,9.053221702575684,"{""num_rows"": ""262144"", ""profile"": ""active_0_1""}"
experiment-3,pr-diagnostics,sorted_order_strings_segmented_diagnostics,Device=0 num_rows=2097152 profile=active_0_1,False,False,0.4180624008178711,0.41384959965944285,0.41866559833288197,0.9451698948584646,72.36474514007568,"{""num_rows"": ""2097152"", ""profile"": ""active_0_1""}"
experiment-3,pr-diagnostics,sorted_order_strings_segmented_diagnostics,Device=0 num_rows=262144 profile=duplicates_6,False,False,0.23347040042281147,0.22747519984841347,0.234299198538065,1.7573900333833155,9.053221702575684,"{""num_rows"": ""262144"", ""profile"": ""duplicates_6""}"
experiment-3,pr-diagnostics,sorted_order_strings_segmented_diagnostics,Device=0 num_rows=2097152 profile=duplicates_6,False,False,0.9634847998619078,0.9581696003675458,0.964255991578102,0.3823101864117625,72.36474514007568,"{""num_rows"": ""2097152"", ""profile"": ""duplicates_6""}"
experiment-3,pr-diagnostics,sorted_order_strings_segmented_diagnostics,Device=0 num_rows=262144 profile=duplicates_8,False,False,0.23432640060782428,0.22645119950175283,0.2353503994643688,2.3864761322199324,9.053221702575684,"{""num_rows"": ""262144"", ""profile"": ""duplicates_8""}"
experiment-3,pr-diagnostics,sorted_order_strings_segmented_diagnostics,Device=0 num_rows=2097152 profile=duplicates_8,False,False,0.9631056010723116,0.9578928023576737,0.964651197195053,0.6274236367745052,72.36474514007568,"{""num_rows"": ""2097152"", ""profile"": ""duplicates_8""}"
experiment-3,pr-diagnostics,sorted_order_strings_segmented_diagnostics,Device=0 num_rows=262144 profile=duplicates_12,False,False,0.3504240021109581,0.3454544007778168,0.35322880297899245,1.0567109059887767,9.053221702575684,"{""num_rows"": ""262144"", ""profile"": ""duplicates_12""}"
experiment-3,pr-diagnostics,sorted_order_strings_segmented_diagnostics,Device=0 num_rows=2097152 profile=duplicates_12,False,False,2.0583487749099736,2.0534095883369443,2.059998381137848,0.937710794074828,72.36474514007568,"{""num_rows"": ""2097152"", ""profile"": ""duplicates_12""}"
experiment-3,pr-diagnostics,sorted_order_strings_segmented_diagnostics,Device=0 num_rows=262144 profile=duplicates_16,False,False,0.30004639774560926,0.2958592027425766,0.30095040053129196,2.4059946712814835,9.053221702575684,"{""num_rows"": ""262144"", ""profile"": ""duplicates_16""}"
experiment-3,pr-diagnostics,sorted_order_strings_segmented_diagnostics,Device=0 num_rows=2097152 profile=duplicates_16,False,False,1.5775232076644894,1.569955199956894,1.5798480093479155,0.2955174978693467,72.36474514007568,"{""num_rows"": ""2097152"", ""profile"": ""duplicates_16""}"
experiment-3,pr-diagnostics,sorted_order_strings_segmented_diagnostics,Device=0 num_rows=262144 profile=duplicates_24,False,False,0.35887999981641777,0.35623839944601055,0.35909599959850313,0.6578334808271132,9.053221702575684,"{""num_rows"": ""262144"", ""profile"": ""duplicates_24""}"
experiment-3,pr-diagnostics,sorted_order_strings_segmented_diagnostics,Device=0 num_rows=2097152 profile=duplicates_24,False,False,2.042673599720001,2.0395039916038513,2.043084836006164,0.22986863923082093,72.36474514007568,"{""num_rows"": ""2097152"", ""profile"": ""duplicates_24""}"
experiment-3,pr-diagnostics,sorted_order_strings_segmented_diagnostics,Device=0 num_rows=262144 profile=duplicates_32,False,False,0.4008992001414299,0.398702397942543,0.4018320009112358,0.9405049181139928,9.053221702575684,"{""num_rows"": ""262144"", ""profile"": ""duplicates_32""}"
experiment-3,pr-diagnostics,sorted_order_strings_segmented_diagnostics,Device=0 num_rows=2097152 profile=duplicates_32,False,False,2.482971179485321,2.4768399953842164,2.484668803215027,0.20074239361481777,72.36474514007568,"{""num_rows"": ""2097152"", ""profile"": ""duplicates_32""}"
experiment-3,pr-diagnostics,sorted_order_strings_segmented_diagnostics,Device=0 num_rows=262144 profile=rle_misaligned,False,False,0.6187808007001877,0.6100943922996521,0.621767994761467,1.690788984470357,9.053221702575684,"{""num_rows"": ""262144"", ""profile"": ""rle_misaligned""}"
experiment-3,pr-diagnostics,sorted_order_strings_segmented_diagnostics,Device=0 num_rows=2097152 profile=rle_misaligned,False,False,3.810863971710204,3.8032592058181773,3.8113696098327634,0.20016773053922626,72.36474514007568,"{""num_rows"": ""2097152"", ""profile"": ""rle_misaligned""}"
experiment-7,pr-zero-collisions,sorted_order_strings_segmented_diagnostics,Device=0 num_rows=32768 profile=zero_collision_pass1,False,False,0.21356160119175913,0.2056336000561714,0.2147439993917942,2.015884696657775,1.1391592025756836,"{""num_rows"": ""32768"", ""profile"": ""zero_collision_pass1""}"
experiment-7,pr-zero-collisions,sorted_order_strings_segmented_diagnostics,Device=0 num_rows=32768 profile=zero_collision_pass2,False,False,0.2909551978111267,0.2833856001496315,0.2930655956268311,3.1084739522706295,1.1391592025756836,"{""num_rows"": ""32768"", ""profile"": ""zero_collision_pass2""}"
experiment-7,pr-source,sorted_order_strings_source_parity,Device=0 num_rows=262144 profile=unique_32,False,False,0.4297936007380485,0.42970560044050216,0.4339056015014649,0.6298981846010514,9.053221702575684,"{""num_rows"": ""262144"", ""profile"": ""unique_32""}"
experiment-7,pr-source,sorted_order_strings_source_parity,Device=0 num_rows=2097152 profile=unique_32,False,False,2.361142385005951,2.3592064023017887,2.3635055899620054,0.1967333767029352,72.36474514007568,"{""num_rows"": ""2097152"", ""profile"": ""unique_32""}"
experiment-7,pr-source,sorted_order_strings_source_parity,Device=0 num_rows=262144 profile=duplicates_32,False,False,0.47971040010452265,0.47751039862632755,0.47996800094842906,0.5455812864956593,9.053221702575684,"{""num_rows"": ""262144"", ""profile"": ""duplicates_32""}"
experiment-7,pr-source,sorted_order_strings_source_parity,Device=0 num_rows=2097152 profile=duplicates_32,False,False,2.8973551988601685,2.891046392917633,2.8978320121765138,0.1544569787026576,72.36474514007568,"{""num_rows"": ""2097152"", ""profile"": ""duplicates_32""}"
experiment-7,pr-source,sorted_order_strings_source_parity,Device=0 num_rows=262144 profile=shared_prefix_24,False,False,0.4293328031897544,0.42876479774713516,0.43006720095872886,0.37698566876115064,9.053221702575684,"{""num_rows"": ""262144"", ""profile"": ""shared_prefix_24""}"
experiment-7,pr-source,sorted_order_strings_source_parity,Device=0 num_rows=2097152 profile=shared_prefix_24,False,False,2.357185590267181,2.3550544023513797,2.358403205871582,0.20300146011643683,72.36474514007568,"{""num_rows"": ""2097152"", ""profile"": ""shared_prefix_24""}"
experiment-7,pr-source,sorted_order_strings_source_parity,Device=0 num_rows=262144 profile=raw_unique_40,False,False,0.17602400183677677,0.1754815995693207,0.1762175999581814,1.761201673966427,9.053221702575684,"{""num_rows"": ""262144"", ""profile"": ""raw_unique_40""}"
experiment-7,pr-source,sorted_order_strings_source_parity,Device=0 num_rows=2097152 profile=raw_unique_40,False,False,0.41566240042448044,0.41412639915943145,0.42276640087366096,1.0269157183074182,72.36474514007568,"{""num_rows"": ""2097152"", ""profile"": ""raw_unique_40""}"
experiment-7,pr-source,sorted_order_strings_source_parity,Device=0 num_rows=262144 profile=raw_duplicates_40,False,False,0.48148480057716375,0.4779279962182046,0.4865504026412964,0.7684204939386373,9.053221702575684,"{""num_rows"": ""262144"", ""profile"": ""raw_duplicates_40""}"
experiment-7,pr-source,sorted_order_strings_source_parity,Device=0 num_rows=2097152 profile=raw_duplicates_40,False,False,3.1580096006393426,3.156251192092895,3.1611472129821774,0.24314361755379618,72.36474514007568,"{""num_rows"": ""2097152"", ""profile"": ""raw_duplicates_40""}"
experiment-7,pr-source,sorted_order_strings_source_parity,Device=0 num_rows=262144 profile=raw_shared_prefix_24_width_40,False,False,0.5417039960622786,0.5337168067693708,0.5418880105018616,0.8242685661342588,9.053221702575684,"{""num_rows"": ""262144"", ""profile"": ""raw_shared_prefix_24_width_40""}"
experiment-7,pr-source,sorted_order_strings_source_parity,Device=0 num_rows=2097152 profile=raw_shared_prefix_24_width_40,False,False,4.12242398262024,4.116726422309876,4.123361563682556,0.2707127418940872,72.36474514007568,"{""num_rows"": ""2097152"", ""profile"": ""raw_shared_prefix_24_width_40""}"
experiment-3,stable-warps-1,sorted_order_strings_segments,Device=0 num_rows=32768 shared_suffix=0 segment_profile=pairs,True,True,0.15720000118017197,0.1569327987730503,0.15738400071859357,1.9366585236943445,1.1391592025756836,"{""num_rows"": ""32768"", ""segment_profile"": ""pairs"", ""shared_suffix"": ""0""}"
experiment-3,stable-warps-1,sorted_order_strings_segments,Device=0 num_rows=2097152 shared_suffix=0 segment_profile=pairs,True,True,0.6479951977729795,0.6457760006189346,0.6483344018459318,1.3316803888028779,72.36474514007568,"{""num_rows"": ""2097152"", ""segment_profile"": ""pairs"", ""shared_suffix"": ""0""}"
experiment-3,stable-warps-1,sorted_order_strings_segments,Device=0 num_rows=32768 shared_suffix=64 segment_profile=pairs,True,True,0.16035520061850547,0.15853119790554046,0.1609071984887123,2.153308529388915,1.1391592025756836,"{""num_rows"": ""32768"", ""segment_profile"": ""pairs"", ""shared_suffix"": ""64""}"
experiment-3,stable-warps-1,sorted_order_strings_segments,Device=0 num_rows=2097152 shared_suffix=64 segment_profile=pairs,True,True,0.8172255992889403,0.8170031994581224,0.8195232063531874,0.8837424523400266,72.36474514007568,"{""num_rows"": ""2097152"", ""segment_profile"": ""pairs"", ""shared_suffix"": ""64""}"
experiment-3,stable-warps-1,sorted_order_strings_segments,Device=0 num_rows=32768 shared_suffix=0 segment_profile=tiny4,True,True,0.15551839992403982,0.1552031993865967,0.15590239986777304,1.4900175998310368,1.1391592025756836,"{""num_rows"": ""32768"", ""segment_profile"": ""tiny4"", ""shared_suffix"": ""0""}"
experiment-3,stable-warps-1,sorted_order_strings_segments,Device=0 num_rows=2097152 shared_suffix=0 segment_profile=tiny4,True,True,0.5731120020151137,0.5691071927547454,0.5732479959726334,1.0548244959774804,72.36474514007568,"{""num_rows"": ""2097152"", ""segment_profile"": ""tiny4"", ""shared_suffix"": ""0""}"
experiment-3,stable-warps-1,sorted_order_strings_segments,Device=0 num_rows=32768 shared_suffix=64 segment_profile=tiny4,True,True,0.16648479998111723,0.1662560015916824,0.1672287993133068,1.6840571633008148,1.1391592025756836,"{""num_rows"": ""32768"", ""segment_profile"": ""tiny4"", ""shared_suffix"": ""64""}"
experiment-3,stable-warps-1,sorted_order_strings_segments,Device=0 num_rows=2097152 shared_suffix=64 segment_profile=tiny4,True,True,0.9066783964633941,0.9035728007555008,0.9066847980022429,0.706727850186114,72.36474514007568,"{""num_rows"": ""2097152"", ""segment_profile"": ""tiny4"", ""shared_suffix"": ""64""}"
experiment-3,stable-warps-1,sorted_order_strings_segments,Device=0 num_rows=32768 shared_suffix=0 segment_profile=tiny8,True,True,0.15754240229725838,0.15664480030536654,0.1577504001557827,1.360996557306109,1.1391592025756836,"{""num_rows"": ""32768"", ""segment_profile"": ""tiny8"", ""shared_suffix"": ""0""}"
experiment-3,stable-warps-1,sorted_order_strings_segments,Device=0 num_rows=2097152 shared_suffix=0 segment_profile=tiny8,True,True,0.5792527973651886,0.5789583981037139,0.5817408055067063,0.6750580848409872,72.36474514007568,"{""num_rows"": ""2097152"", ""segment_profile"": ""tiny8"", ""shared_suffix"": ""0""}"
experiment-3,stable-warps-1,sorted_order_strings_segments,Device=0 num_rows=32768 shared_suffix=64 segment_profile=tiny8,True,True,0.17686560079455377,0.17478400021791457,0.18316000178456304,2.086439939628223,1.1391592025756836,"{""num_rows"": ""32768"", ""segment_profile"": ""tiny8"", ""shared_suffix"": ""64""}"
experiment-3,stable-warps-1,sorted_order_strings_segments,Device=0 num_rows=2097152 shared_suffix=64 segment_profile=tiny8,True,True,1.1371919929981233,1.1344047963619233,1.1390207946300508,0.46434639639310743,72.36474514007568,"{""num_rows"": ""2097152"", ""segment_profile"": ""tiny8"", ""shared_suffix"": ""64""}"
experiment-3,stable-warps-1,sorted_order_strings_segments,Device=0 num_rows=32768 shared_suffix=0 segment_profile=tiny16,True,True,0.15943359956145284,0.159324798732996,0.1613247998058796,3.870755496072873,1.1391592025756836,"{""num_rows"": ""32768"", ""segment_profile"": ""tiny16"", ""shared_suffix"": ""0""}"
experiment-3,stable-warps-1,sorted_order_strings_segments,Device=0 num_rows=2097152 shared_suffix=0 segment_profile=tiny16,True,True,0.6060799956321717,0.6025487959384918,0.6081151962280273,0.5409475384183067,72.36474514007568,"{""num_rows"": ""2097152"", ""segment_profile"": ""tiny16"", ""shared_suffix"": ""0""}"
experiment-3,stable-warps-1,sorted_order_strings_segments,Device=0 num_rows=32768 shared_suffix=64 segment_profile=tiny16,True,True,0.18429759964346887,0.18298079892992974,0.18579679802060126,1.674742810707636,1.1391592025756836,"{""num_rows"": ""32768"", ""segment_profile"": ""tiny16"", ""shared_suffix"": ""64""}"
experiment-3,stable-warps-1,sorted_order_strings_segments,Device=0 num_rows=2097152 shared_suffix=64 segment_profile=tiny16,True,True,1.3475567877292636,1.3443664073944088,1.349377602338791,0.2824920531373436,72.36474514007568,"{""num_rows"": ""2097152"", ""segment_profile"": ""tiny16"", ""shared_suffix"": ""64""}"
experiment-3,stable-warps-1,sorted_order_strings_segments,Device=0 num_rows=32768 shared_suffix=0 segment_profile=tiny32,True,True,0.16196799948811533,0.16164960041642185,0.1620479993522167,1.2241769385999584,1.1391592025756836,"{""num_rows"": ""32768"", ""segment_profile"": ""tiny32"", ""shared_suffix"": ""0""}"
experiment-3,stable-warps-1,sorted_order_strings_segments,Device=0 num_rows=2097152 shared_suffix=0 segment_profile=tiny32,True,True,0.6589600026607514,0.6565008044242859,0.6608383983373644,0.573329406743848,72.36474514007568,"{""num_rows"": ""2097152"", ""segment_profile"": ""tiny32"", ""shared_suffix"": ""0""}"
experiment-3,stable-warps-1,sorted_order_strings_segments,Device=0 num_rows=32768 shared_suffix=64 segment_profile=tiny32,True,True,0.19216800183057786,0.19119199886918067,0.19320320114493372,1.876787613244231,1.1391592025756836,"{""num_rows"": ""32768"", ""segment_profile"": ""tiny32"", ""shared_suffix"": ""64""}"
experiment-3,stable-warps-1,sorted_order_strings_segments,Device=0 num_rows=2097152 shared_suffix=64 segment_profile=tiny32,True,True,1.6403855979442594,1.638817596435547,1.6436239957809446,0.3005773590704967,72.36474514007568,"{""num_rows"": ""2097152"", ""segment_profile"": ""tiny32"", ""shared_suffix"": ""64""}"
experiment-3,segments,sorted_order_strings_segments,Device=0 num_rows=32768 shared_suffix=0 segment_profile=singletons,False,False,0.1376511998474598,0.13579199910163883,0.13840319961309427,2.226870438190505,1.1391592025756836,"{""num_rows"": ""32768"", ""segment_profile"": ""singletons"", ""shared_suffix"": ""0""}"
experiment-3,segments,sorted_order_strings_segments,Device=0 num_rows=2097152 shared_suffix=0 segment_profile=singletons,False,False,0.3541455999016762,0.3508928015828133,0.6137311935424805,186.73001157549103,72.36474514007568,"{""num_rows"": ""2097152"", ""segment_profile"": ""singletons"", ""shared_suffix"": ""0""}"
experiment-3,segments,sorted_order_strings_segments,Device=0 num_rows=32768 shared_suffix=64 segment_profile=singletons,False,False,0.13826559931039806,0.13663839995861052,0.13895199969410896,2.7835903443945584,1.1391592025756836,"{""num_rows"": ""32768"", ""segment_profile"": ""singletons"", ""shared_suffix"": ""64""}"
experiment-3,segments,sorted_order_strings_segments,Device=0 num_rows=2097152 shared_suffix=64 segment_profile=singletons,False,False,0.3915360033512116,0.38854240179061894,0.3925295978784561,1.102557186799318,72.36474514007568,"{""num_rows"": ""2097152"", ""segment_profile"": ""singletons"", ""shared_suffix"": ""64""}"
experiment-3,segments,sorted_order_strings_segments,Device=0 num_rows=32768 shared_suffix=0 segment_profile=pairs,False,False,0.15539039969444277,0.15356960147619247,0.15566559955477718,2.043789329245016,1.1391592025756836,"{""num_rows"": ""32768"", ""segment_profile"": ""pairs"", ""shared_suffix"": ""0""}"
experiment-3,segments,sorted_order_strings_segments,Device=0 num_rows=2097152 shared_suffix=0 segment_profile=pairs,False,False,0.6468879997730255,0.6452864050865174,0.6502208024263383,1.2449110314218155,72.36474514007568,"{""num_rows"": ""2097152"", ""segment_profile"": ""pairs"", ""shared_suffix"": ""0""}"
experiment-3,segments,sorted_order_strings_segments,Device=0 num_rows=32768 shared_suffix=64 segment_profile=pairs,False,False,0.15873279944062232,0.15706719905138014,0.16116159930825233,2.281754645802997,1.1391592025756836,"{""num_rows"": ""32768"", ""segment_profile"": ""pairs"", ""shared_suffix"": ""64""}"
experiment-3,segments,sorted_order_strings_segments,Device=0 num_rows=2097152 shared_suffix=64 segment_profile=pairs,False,False,0.8206943958997727,0.8162031978368759,0.8240223944187165,0.9980584243491541,72.36474514007568,"{""num_rows"": ""2097152"", ""segment_profile"": ""pairs"", ""shared_suffix"": ""64""}"
experiment-3,segments,sorted_order_strings_segments,Device=0 num_rows=32768 shared_suffix=0 segment_profile=tiny4,False,False,0.15569439828395845,0.1554336003959179,0.15571520030498506,1.5900434543693807,1.1391592025756836,"{""num_rows"": ""32768"", ""segment_profile"": ""tiny4"", ""shared_suffix"": ""0""}"
experiment-3,segments,sorted_order_strings_segments,Device=0 num_rows=2097152 shared_suffix=0 segment_profile=tiny4,False,False,0.5761119961738586,0.571590405702591,0.5763551980257035,0.9388283803082651,72.36474514007568,"{""num_rows"": ""2097152"", ""segment_profile"": ""tiny4"", ""shared_suffix"": ""0""}"
experiment-3,segments,sorted_order_strings_segments,Device=0 num_rows=32768 shared_suffix=64 segment_profile=tiny4,False,False,0.16826400011777878,0.16562879905104638,0.17129919826984405,2.115044501923868,1.1391592025756836,"{""num_rows"": ""32768"", ""segment_profile"": ""tiny4"", ""shared_suffix"": ""64""}"
experiment-3,segments,sorted_order_strings_segments,Device=0 num_rows=2097152 shared_suffix=64 segment_profile=tiny4,False,False,0.9100255995988847,0.906020799279213,0.9105599969625473,0.7462857076344909,72.36474514007568,"{""num_rows"": ""2097152"", ""segment_profile"": ""tiny4"", ""shared_suffix"": ""64""}"
experiment-3,segments,sorted_order_strings_segments,Device=0 num_rows=32768 shared_suffix=0 segment_profile=tiny8,False,False,0.15773279815912244,0.15763520076870915,0.1583248004317284,1.443293853346757,1.1391592025756836,"{""num_rows"": ""32768"", ""segment_profile"": ""tiny8"", ""shared_suffix"": ""0""}"
experiment-3,segments,sorted_order_strings_segments,Device=0 num_rows=2097152 shared_suffix=0 segment_profile=tiny8,False,False,0.5861808001995086,0.5818464010953902,0.5869632005691527,0.9013462418954066,72.36474514007568,"{""num_rows"": ""2097152"", ""segment_profile"": ""tiny8"", ""shared_suffix"": ""0""}"
experiment-3,segments,sorted_order_strings_segments,Device=0 num_rows=32768 shared_suffix=64 segment_profile=tiny8,False,False,0.17530400082468983,0.1748800009489059,0.17667839899659157,2.0070293066622105,1.1391592025756836,"{""num_rows"": ""32768"", ""segment_profile"": ""tiny8"", ""shared_suffix"": ""64""}"
experiment-3,segments,sorted_order_strings_segments,Device=0 num_rows=2097152 shared_suffix=64 segment_profile=tiny8,False,False,1.1463584065437316,1.1440463960170748,1.1469999909400943,0.4352583976484243,72.36474514007568,"{""num_rows"": ""2097152"", ""segment_profile"": ""tiny8"", ""shared_suffix"": ""64""}"
experiment-3,segments,sorted_order_strings_segments,Device=0 num_rows=32768 shared_suffix=0 segment_profile=tiny16,False,False,0.16122080236673356,0.16109280139207838,0.16153280138969422,2.056471575066221,1.1391592025756836,"{""num_rows"": ""32768"", ""segment_profile"": ""tiny16"", ""shared_suffix"": ""0""}"
experiment-3,segments,sorted_order_strings_segments,Device=0 num_rows=2097152 shared_suffix=0 segment_profile=tiny16,False,False,0.622340801358223,0.6193120002746583,0.6228000104427339,0.6386063124920011,72.36474514007568,"{""num_rows"": ""2097152"", ""segment_profile"": ""tiny16"", ""shared_suffix"": ""0""}"
experiment-3,segments,sorted_order_strings_segments,Device=0 num_rows=32768 shared_suffix=64 segment_profile=tiny16,False,False,0.18375199884176252,0.18362400010228158,0.18427359834313392,1.4969822850299772,1.1391592025756836,"{""num_rows"": ""32768"", ""segment_profile"": ""tiny16"", ""shared_suffix"": ""64""}"
experiment-3,segments,sorted_order_strings_segments,Device=0 num_rows=2097152 shared_suffix=64 segment_profile=tiny16,False,False,1.3651104032993318,1.3624639987945555,1.3652272045612335,0.36833976383544464,72.36474514007568,"{""num_rows"": ""2097152"", ""segment_profile"": ""tiny16"", ""shared_suffix"": ""64""}"
experiment-3,segments,sorted_order_strings_segments,Device=0 num_rows=32768 shared_suffix=0 segment_profile=tiny32,False,False,0.1624864012002945,0.16124479994177818,0.16273600086569787,1.9193699632177863,1.1391592025756836,"{""num_rows"": ""32768"", ""segment_profile"": ""tiny32"", ""shared_suffix"": ""0""}"
experiment-3,segments,sorted_order_strings_segments,Device=0 num_rows=2097152 shared_suffix=0 segment_profile=tiny32,False,False,0.672105598449707,0.6683519959449767,0.6732847988605501,0.5108319265538578,72.36474514007568,"{""num_rows"": ""2097152"", ""segment_profile"": ""tiny32"", ""shared_suffix"": ""0""}"
experiment-3,segments,sorted_order_strings_segments,Device=0 num_rows=32768 shared_suffix=64 segment_profile=tiny32,False,False,0.1935184009373188,0.191542399674654,0.19428159818053242,2.642623803944673,1.1391592025756836,"{""num_rows"": ""32768"", ""segment_profile"": ""tiny32"", ""shared_suffix"": ""64""}"
experiment-3,segments,sorted_order_strings_segments,Device=0 num_rows=2097152 shared_suffix=64 segment_profile=tiny32,False,False,1.6541343927383423,1.650548803806305,1.6570352017879482,0.24607721750916586,72.36474514007568,"{""num_rows"": ""2097152"", ""segment_profile"": ""tiny32"", ""shared_suffix"": ""64""}"
experiment-3,segments,sorted_order_strings_segments,Device=0 num_rows=32768 shared_suffix=0 segment_profile=block256,False,False,0.1718175999820232,0.16940640062093731,0.17266720086336143,2.060157257436791,1.1391592025756836,"{""num_rows"": ""32768"", ""segment_profile"": ""block256"", ""shared_suffix"": ""0""}"
experiment-3,segments,sorted_order_strings_segments,Device=0 num_rows=2097152 shared_suffix=0 segment_profile=block256,False,False,1.1185376048088074,1.1143968045711519,1.1188223898410798,0.30300680854372214,72.36474514007568,"{""num_rows"": ""2097152"", ""segment_profile"": ""block256"", ""shared_suffix"": ""0""}"
experiment-3,segments,sorted_order_strings_segments,Device=0 num_rows=32768 shared_suffix=64 segment_profile=block256,False,False,0.23641759902238846,0.2358064010739326,0.23660800009965896,0.6962282314165249,1.1391592025756836,"{""num_rows"": ""32768"", ""segment_profile"": ""block256"", ""shared_suffix"": ""64""}"
experiment-3,segments,sorted_order_strings_segments,Device=0 num_rows=2097152 shared_suffix=64 segment_profile=block256,False,False,3.2074032187461845,3.2056751966476433,3.213177597522736,0.2638337888520941,72.36474514007568,"{""num_rows"": ""2097152"", ""segment_profile"": ""block256"", ""shared_suffix"": ""64""}"
experiment-3,segments,sorted_order_strings_segments,Device=0 num_rows=32768 shared_suffix=0 segment_profile=logarithmic,False,False,0.3525600001215934,0.3507488012313843,0.35326559841632843,0.9155820617737797,1.1391592025756836,"{""num_rows"": ""32768"", ""segment_profile"": ""logarithmic"", ""shared_suffix"": ""0""}"
experiment-3,segments,sorted_order_strings_segments,Device=0 num_rows=2097152 shared_suffix=0 segment_profile=logarithmic,False,False,2.558108818531036,2.5517376065254207,2.558268821239471,0.35021114929635183,72.36474514007568,"{""num_rows"": ""2097152"", ""segment_profile"": ""logarithmic"", ""shared_suffix"": ""0""}"
experiment-3,segments,sorted_order_strings_segments,Device=0 num_rows=32768 shared_suffix=64 segment_profile=logarithmic,False,False,0.909467202425003,0.9066448003053666,0.9096879959106446,0.4990016593342998,1.1391592025756836,"{""num_rows"": ""32768"", ""segment_profile"": ""logarithmic"", ""shared_suffix"": ""64""}"
experiment-3,segments,sorted_order_strings_segments,Device=0 num_rows=2097152 shared_suffix=64 segment_profile=logarithmic,False,False,8.36852331161499,8.361918401718139,8.375446462631222,0.3145395357488557,72.36474514007568,"{""num_rows"": ""2097152"", ""segment_profile"": ""logarithmic"", ""shared_suffix"": ""64""}"
experiment-3,segments,sorted_order_strings_segments,Device=0 num_rows=32768 shared_suffix=0 segment_profile=tiny_plus_giant,False,False,0.273710398375988,0.2722735986113549,0.2741536006331444,0.986267739068193,1.1391592025756836,"{""num_rows"": ""32768"", ""segment_profile"": ""tiny_plus_giant"", ""shared_suffix"": ""0""}"
experiment-3,segments,sorted_order_strings_segments,Device=0 num_rows=2097152 shared_suffix=0 segment_profile=tiny_plus_giant,False,False,1.0727776050567626,1.0667023956775665,1.0731600046157839,0.3888622845936735,72.36474514007568,"{""num_rows"": ""2097152"", ""segment_profile"": ""tiny_plus_giant"", ""shared_suffix"": ""0""}"
experiment-3,segments,sorted_order_strings_segments,Device=0 num_rows=32768 shared_suffix=64 segment_profile=tiny_plus_giant,False,False,0.681265604496002,0.6802655935287476,0.6899024009704592,4.606940405268853,1.1391592025756836,"{""num_rows"": ""32768"", ""segment_profile"": ""tiny_plus_giant"", ""shared_suffix"": ""64""}"
experiment-3,segments,sorted_order_strings_segments,Device=0 num_rows=2097152 shared_suffix=64 segment_profile=tiny_plus_giant,False,False,3.1929296135902403,3.1868111968040465,3.1931039810180666,0.4289888838144764,72.36474514007568,"{""num_rows"": ""2097152"", ""segment_profile"": ""tiny_plus_giant"", ""shared_suffix"": ""64""}"
experiment-3,segments,sorted_order_strings_segments,Device=0 num_rows=32768 shared_suffix=0 segment_profile=hot90,False,False,0.3429071977734565,0.3347839996218682,0.3434671998023987,1.0210156852730914,1.1391592025756836,"{""num_rows"": ""32768"", ""segment_profile"": ""hot90"", ""shared_suffix"": ""0""}"
experiment-3,segments,sorted_order_strings_segments,Device=0 num_rows=2097152 shared_suffix=0 segment_profile=hot90,False,False,3.712966370582581,3.705657601356506,3.715894389152527,0.26122510592159426,72.36474514007568,"{""num_rows"": ""2097152"", ""segment_profile"": ""hot90"", ""shared_suffix"": ""0""}"
experiment-3,segments,sorted_order_strings_segments,Device=0 num_rows=32768 shared_suffix=64 segment_profile=hot90,False,False,0.7781087994575501,0.7767359972000121,0.7785344004631043,0.6330980261323346,1.1391592025756836,"{""num_rows"": ""32768"", ""segment_profile"": ""hot90"", ""shared_suffix"": ""64""}"
experiment-3,segments,sorted_order_strings_segments,Device=0 num_rows=2097152 shared_suffix=64 segment_profile=hot90,False,False,13.233340835571289,13.23140802383423,13.235935974121096,0.3269093325366565,72.36474514007568,"{""num_rows"": ""2097152"", ""segment_profile"": ""hot90"", ""shared_suffix"": ""64""}"
experiment-3,segments,sorted_order_strings_segments,Device=0 num_rows=32768 shared_suffix=0 segment_profile=few_giants,False,False,0.22238560095429416,0.22143360152840622,0.22478080019354824,1.4046188527968235,1.1391592025756836,"{""num_rows"": ""32768"", ""segment_profile"": ""few_giants"", ""shared_suffix"": ""0""}"
experiment-3,segments,sorted_order_strings_segments,Device=0 num_rows=2097152 shared_suffix=0 segment_profile=few_giants,False,False,1.0010271817445753,0.9956831961870192,1.0033263951539992,0.3863855688243063,72.36474514007568,"{""num_rows"": ""2097152"", ""segment_profile"": ""few_giants"", ""shared_suffix"": ""0""}"
experiment-3,segments,sorted_order_strings_segments,Device=0 num_rows=32768 shared_suffix=64 segment_profile=few_giants,False,False,0.39063839912414555,0.39046880006790163,0.39447519928216923,0.8439244761680761,1.1391592025756836,"{""num_rows"": ""32768"", ""segment_profile"": ""few_giants"", ""shared_suffix"": ""64""}"
experiment-3,segments,sorted_order_strings_segments,Device=0 num_rows=2097152 shared_suffix=64 segment_profile=few_giants,False,False,3.043513584136963,3.0390783905982977,3.044944012165069,0.23688074482768723,72.36474514007568,"{""num_rows"": ""2097152"", ""segment_profile"": ""few_giants"", ""shared_suffix"": ""64""}"
experiment-3,segments,sorted_order_strings_segments,Device=0 num_rows=32768 shared_suffix=0 segment_profile=one_segment,False,False,0.32421760112047193,0.31958400160074235,0.32496960014104836,1.1739376417647729,1.1391592025756836,"{""num_rows"": ""32768"", ""segment_profile"": ""one_segment"", ""shared_suffix"": ""0""}"
experiment-3,segments,sorted_order_strings_segments,Device=0 num_rows=2097152 shared_suffix=0 segment_profile=one_segment,False,False,3.8681040048599242,3.868083190917969,3.8754288196563715,0.3916447063930875,72.36474514007568,"{""num_rows"": ""2097152"", ""segment_profile"": ""one_segment"", ""shared_suffix"": ""0""}"
experiment-3,segments,sorted_order_strings_segments,Device=0 num_rows=32768 shared_suffix=64 segment_profile=one_segment,False,False,0.7266848057508467,0.726476800441742,0.7300384014844893,0.580848240420713,1.1391592025756836,"{""num_rows"": ""32768"", ""segment_profile"": ""one_segment"", ""shared_suffix"": ""64""}"
experiment-3,segments,sorted_order_strings_segments,Device=0 num_rows=2097152 shared_suffix=64 segment_profile=one_segment,False,False,13.668460798263549,13.629865503311159,13.670913600921628,0.9465137133848601,72.36474514007568,"{""num_rows"": ""2097152"", ""segment_profile"": ""one_segment"", ""shared_suffix"": ""64""}"
experiment-15,pr-diagnostics,sorted_order_strings_segmented_diagnostics,Device=0 num_rows=262144 profile=finish_257,False,False,0.2134863987565041,0.2124336004257203,0.2138976000249386,1.435466315760808,9.053221702575684,"{""num_rows"": ""262144"", ""profile"": ""finish_257""}"
experiment-15,pr-diagnostics,sorted_order_strings_segmented_diagnostics,Device=0 num_rows=2097152 profile=finish_257,False,False,0.4133072003722191,0.4131936013698577,0.4146016001701356,0.9728549964251477,72.36474514007568,"{""num_rows"": ""2097152"", ""profile"": ""finish_257""}"
experiment-15,pr-diagnostics,sorted_order_strings_segmented_diagnostics,Device=0 num_rows=262144 profile=finish_1024,False,False,0.2384015992283821,0.23796160221099855,0.2387184008955956,0.9172384011696239,9.053221702575684,"{""num_rows"": ""262144"", ""profile"": ""finish_1024""}"
experiment-15,pr-diagnostics,sorted_order_strings_segmented_diagnostics,Device=0 num_rows=2097152 profile=finish_1024,False,False,0.43685600012540815,0.43608639836311347,0.43944800049066535,0.7158727680037813,72.36474514007568,"{""num_rows"": ""2097152"", ""profile"": ""finish_1024""}"
experiment-15,pr-diagnostics,sorted_order_strings_segmented_diagnostics,Device=0 num_rows=262144 profile=finish_4096,False,False,0.27730399817228313,0.2771503999829292,0.2785455986857414,1.4205814948324775,9.053221702575684,"{""num_rows"": ""262144"", ""profile"": ""finish_4096""}"
experiment-15,pr-diagnostics,sorted_order_strings_segmented_diagnostics,Device=0 num_rows=2097152 profile=finish_4096,False,False,0.4804576009511947,0.47769759893417363,0.4805551990866661,0.7900009418646051,72.36474514007568,"{""num_rows"": ""2097152"", ""profile"": ""finish_4096""}"
experiment-15,pr-diagnostics,sorted_order_strings_segmented_diagnostics,Device=0 num_rows=262144 profile=active_50,False,False,0.37315680086612696,0.3724848002195358,0.3740384012460708,0.6612129646554932,9.053221702575684,"{""num_rows"": ""262144"", ""profile"": ""active_50""}"
experiment-15,pr-diagnostics,sorted_order_strings_segmented_diagnostics,Device=0 num_rows=2097152 profile=active_50,False,False,1.0659312069416045,1.0626847922801972,1.066507202386856,0.493504395621281,72.36474514007568,"{""num_rows"": ""2097152"", ""profile"": ""active_50""}"
experiment-15,pr-diagnostics,sorted_order_strings_segmented_diagnostics,Device=0 num_rows=262144 profile=active_10,False,False,0.29296319633722306,0.29227520227432247,0.2929920002818107,0.5742003819393163,9.053221702575684,"{""num_rows"": ""262144"", ""profile"": ""active_10""}"
experiment-15,pr-diagnostics,sorted_order_strings_segmented_diagnostics,Device=0 num_rows=2097152 profile=active_10,False,False,0.5996352076530458,0.5977663993835449,0.6138543993234634,10.460041695244776,72.36474514007568,"{""num_rows"": ""2097152"", ""profile"": ""active_10""}"
experiment-15,pr-diagnostics,sorted_order_strings_segmented_diagnostics,Device=0 num_rows=262144 profile=active_1,False,False,0.23649120107293123,0.23497919887304305,0.23678239956498148,3.2909508177057347,9.053221702575684,"{""num_rows"": ""262144"", ""profile"": ""active_1""}"
experiment-15,pr-diagnostics,sorted_order_strings_segmented_diagnostics,Device=0 num_rows=2097152 profile=active_1,False,False,0.489836798608303,0.4887199983000755,0.492128001153469,1.961842917554221,72.36474514007568,"{""num_rows"": ""2097152"", ""profile"": ""active_1""}"
experiment-15,pr-diagnostics,sorted_order_strings_segmented_diagnostics,Device=0 num_rows=262144 profile=active_0_1,False,False,0.19438720047473906,0.1940080001950264,0.19466399922966954,1.3200422981587472,9.053221702575684,"{""num_rows"": ""262144"", ""profile"": ""active_0_1""}"
experiment-15,pr-diagnostics,sorted_order_strings_segmented_diagnostics,Device=0 num_rows=2097152 profile=active_0_1,False,False,0.4196368008852006,0.41716159880161285,0.4225695982575417,2.9239593994510518,72.36474514007568,"{""num_rows"": ""2097152"", ""profile"": ""active_0_1""}"
experiment-15,pr-diagnostics,sorted_order_strings_segmented_diagnostics,Device=0 num_rows=262144 profile=duplicates_6,False,False,0.23423039987683297,0.2341520003974438,0.23454239889979367,1.1243790598592474,9.053221702575684,"{""num_rows"": ""262144"", ""profile"": ""duplicates_6""}"
experiment-15,pr-diagnostics,sorted_order_strings_segmented_diagnostics,Device=0 num_rows=2097152 profile=duplicates_6,False,False,0.9658431977033614,0.9650335997343064,0.9722479969263077,3.6294349925962957,72.36474514007568,"{""num_rows"": ""2097152"", ""profile"": ""duplicates_6""}"
experiment-15,pr-diagnostics,sorted_order_strings_segmented_diagnostics,Device=0 num_rows=262144 profile=duplicates_8,False,False,0.2349583998322487,0.23357760086655616,0.23550560101866722,1.1232561343716314,9.053221702575684,"{""num_rows"": ""262144"", ""profile"": ""duplicates_8""}"
experiment-15,pr-diagnostics,sorted_order_strings_segmented_diagnostics,Device=0 num_rows=2097152 profile=duplicates_8,False,False,0.9634000062942504,0.9630560010671615,0.9641023993492127,0.39005572124427945,72.36474514007568,"{""num_rows"": ""2097152"", ""profile"": ""duplicates_8""}"
experiment-15,pr-diagnostics,sorted_order_strings_segmented_diagnostics,Device=0 num_rows=262144 profile=duplicates_12,False,False,0.35124319940805443,0.3506816014647484,0.35172639787197113,0.4286040507955622,9.053221702575684,"{""num_rows"": ""262144"", ""profile"": ""duplicates_12""}"
experiment-15,pr-diagnostics,sorted_order_strings_segmented_diagnostics,Device=0 num_rows=2097152 profile=duplicates_12,False,False,2.0569167971611027,2.056758415699005,2.057739186286926,1.024242320201079,72.36474514007568,"{""num_rows"": ""2097152"", ""profile"": ""duplicates_12""}"
experiment-15,pr-diagnostics,sorted_order_strings_segmented_diagnostics,Device=0 num_rows=262144 profile=duplicates_16,False,False,0.30096159875392914,0.3006927996873856,0.3009711995720863,2.025098668846225,9.053221702575684,"{""num_rows"": ""262144"", ""profile"": ""duplicates_16""}"
experiment-15,pr-diagnostics,sorted_order_strings_segmented_diagnostics,Device=0 num_rows=2097152 profile=duplicates_16,False,False,1.5735552072525023,1.5728688001632694,1.5745184004306798,0.28219705850031873,72.36474514007568,"{""num_rows"": ""2097152"", ""profile"": ""duplicates_16""}"
experiment-15,pr-diagnostics,sorted_order_strings_segmented_diagnostics,Device=0 num_rows=262144 profile=duplicates_24,False,False,0.35866719633340843,0.3586592018604279,0.3619664013385772,2.7437525443310125,9.053221702575684,"{""num_rows"": ""262144"", ""profile"": ""duplicates_24""}"
experiment-15,pr-diagnostics,sorted_order_strings_segmented_diagnostics,Device=0 num_rows=2097152 profile=duplicates_24,False,False,2.0441856145858766,2.042631983757019,2.0451535820961,0.18972281997955714,72.36474514007568,"{""num_rows"": ""2097152"", ""profile"": ""duplicates_24""}"
experiment-15,pr-diagnostics,sorted_order_strings_segmented_diagnostics,Device=0 num_rows=262144 profile=duplicates_32,False,False,0.4005407989025117,0.4000288009643555,0.40126879960298545,0.5150717619619393,9.053221702575684,"{""num_rows"": ""262144"", ""profile"": ""duplicates_32""}"
experiment-15,pr-diagnostics,sorted_order_strings_segmented_diagnostics,Device=0 num_rows=2097152 profile=duplicates_32,False,False,2.485438394546508,2.4848960161209113,2.488918399810791,0.17358765138763838,72.36474514007568,"{""num_rows"": ""2097152"", ""profile"": ""duplicates_32""}"
experiment-15,pr-diagnostics,sorted_order_strings_segmented_diagnostics,Device=0 num_rows=262144 profile=rle_misaligned,False,False,0.4715824007987977,0.4714975997805594,0.4719104006886482,1.3514159436614164,9.053221702575684,"{""num_rows"": ""262144"", ""profile"": ""rle_misaligned""}"
experiment-15,pr-diagnostics,sorted_order_strings_segmented_diagnostics,Device=0 num_rows=2097152 profile=rle_misaligned,False,False,2.625555217266083,2.6229199767112736,2.62563841342926,0.5664858502838402,72.36474514007568,"{""num_rows"": ""2097152"", ""profile"": ""rle_misaligned""}"
experiment-15,stable-warps-0,sorted_order_strings_segments,Device=0 num_rows=32768 shared_suffix=0 segment_profile=pairs,True,False,0.1583840012550354,0.15745760053396224,0.1632176004350185,1.6181476855365597,1.1391592025756836,"{""num_rows"": ""32768"", ""segment_profile"": ""pairs"", ""shared_suffix"": ""0""}"
experiment-15,stable-warps-0,sorted_order_strings_segments,Device=0 num_rows=2097152 shared_suffix=0 segment_profile=pairs,True,False,0.6507503956556321,0.6457695990800857,0.6545072019100189,1.2480018305295257,72.36474514007568,"{""num_rows"": ""2097152"", ""segment_profile"": ""pairs"", ""shared_suffix"": ""0""}"
experiment-15,stable-warps-0,sorted_order_strings_segments,Device=0 num_rows=32768 shared_suffix=64 segment_profile=pairs,True,False,0.16090880110859876,0.16015359908342366,0.16687839850783348,2.6415717185055376,1.1391592025756836,"{""num_rows"": ""32768"", ""segment_profile"": ""pairs"", ""shared_suffix"": ""64""}"
experiment-15,stable-warps-0,sorted_order_strings_segments,Device=0 num_rows=2097152 shared_suffix=64 segment_profile=pairs,True,False,0.8180976003408431,0.8175135999917984,0.8271568030118941,0.854720665279161,72.36474514007568,"{""num_rows"": ""2097152"", ""segment_profile"": ""pairs"", ""shared_suffix"": ""64""}"
experiment-15,stable-warps-0,sorted_order_strings_segments,Device=0 num_rows=32768 shared_suffix=0 segment_profile=tiny4,True,False,0.15714559927582739,0.15424480140209196,0.1654448002576828,2.520597489835476,1.1391592025756836,"{""num_rows"": ""32768"", ""segment_profile"": ""tiny4"", ""shared_suffix"": ""0""}"
experiment-15,stable-warps-0,sorted_order_strings_segments,Device=0 num_rows=2097152 shared_suffix=0 segment_profile=tiny4,True,False,0.5738911986351014,0.5716304033994677,0.5787375956773759,1.673894622539383,72.36474514007568,"{""num_rows"": ""2097152"", ""segment_profile"": ""tiny4"", ""shared_suffix"": ""0""}"
experiment-15,stable-warps-0,sorted_order_strings_segments,Device=0 num_rows=32768 shared_suffix=64 segment_profile=tiny4,True,False,0.17476320043206214,0.1653775990009308,0.17478559985756872,14.007901606032542,1.1391592025756836,"{""num_rows"": ""32768"", ""segment_profile"": ""tiny4"", ""shared_suffix"": ""64""}"
experiment-15,stable-warps-0,sorted_order_strings_segments,Device=0 num_rows=2097152 shared_suffix=64 segment_profile=tiny4,True,False,0.9071808040142059,0.9038480073213577,0.9094543993473052,0.5553282703492592,72.36474514007568,"{""num_rows"": ""2097152"", ""segment_profile"": ""tiny4"", ""shared_suffix"": ""64""}"
experiment-15,stable-warps-0,sorted_order_strings_segments,Device=0 num_rows=32768 shared_suffix=0 segment_profile=tiny8,True,False,0.15719519928097725,0.15669439956545825,0.1658991999924183,0.6779680490418608,1.1391592025756836,"{""num_rows"": ""32768"", ""segment_profile"": ""tiny8"", ""shared_suffix"": ""0""}"
experiment-15,stable-warps-0,sorted_order_strings_segments,Device=0 num_rows=2097152 shared_suffix=0 segment_profile=tiny8,True,False,0.5821024060249328,0.5780767977237702,0.5851839989423749,0.7629516372730554,72.36474514007568,"{""num_rows"": ""2097152"", ""segment_profile"": ""tiny8"", ""shared_suffix"": ""0""}"
experiment-15,stable-warps-0,sorted_order_strings_segments,Device=0 num_rows=32768 shared_suffix=64 segment_profile=tiny8,True,False,0.17714079990983014,0.1747759982943535,0.18451999947428704,2.0010070510287155,1.1391592025756836,"{""num_rows"": ""32768"", ""segment_profile"": ""tiny8"", ""shared_suffix"": ""64""}"
experiment-15,stable-warps-0,sorted_order_strings_segments,Device=0 num_rows=2097152 shared_suffix=64 segment_profile=tiny8,True,False,1.1392991960048677,1.135327994823456,1.1438415944576263,0.41232487595911066,72.36474514007568,"{""num_rows"": ""2097152"", ""segment_profile"": ""tiny8"", ""shared_suffix"": ""64""}"
experiment-15,stable-warps-0,sorted_order_strings_segments,Device=0 num_rows=32768 shared_suffix=0 segment_profile=tiny16,True,False,0.16041600108146667,0.15894720032811166,0.16778240054845805,2.0728985255889656,1.1391592025756836,"{""num_rows"": ""32768"", ""segment_profile"": ""tiny16"", ""shared_suffix"": ""0""}"
experiment-15,stable-warps-0,sorted_order_strings_segments,Device=0 num_rows=2097152 shared_suffix=0 segment_profile=tiny16,True,False,0.6090000033378601,0.6046959966421127,0.6118544042110444,0.6562513457091018,72.36474514007568,"{""num_rows"": ""2097152"", ""segment_profile"": ""tiny16"", ""shared_suffix"": ""0""}"
experiment-15,stable-warps-0,sorted_order_strings_segments,Device=0 num_rows=32768 shared_suffix=64 segment_profile=tiny16,True,False,0.18465600088238715,0.18270240053534503,0.19136639907956116,2.23668027109519,1.1391592025756836,"{""num_rows"": ""32768"", ""segment_profile"": ""tiny16"", ""shared_suffix"": ""64""}"
experiment-15,stable-warps-0,sorted_order_strings_segments,Device=0 num_rows=2097152 shared_suffix=64 segment_profile=tiny16,True,False,1.3514735996723175,1.3475424051284792,1.3537503898143763,0.3587315359566992,72.36474514007568,"{""num_rows"": ""2097152"", ""segment_profile"": ""tiny16"", ""shared_suffix"": ""64""}"
experiment-15,stable-warps-0,sorted_order_strings_segments,Device=0 num_rows=32768 shared_suffix=0 segment_profile=tiny32,True,False,0.16228319928050042,0.160657599568367,0.1673695996403694,2.0403994299536836,1.1391592025756836,"{""num_rows"": ""32768"", ""segment_profile"": ""tiny32"", ""shared_suffix"": ""0""}"
experiment-15,stable-warps-0,sorted_order_strings_segments,Device=0 num_rows=2097152 shared_suffix=0 segment_profile=tiny32,True,False,0.6633151978254318,0.6577183991670609,0.6698735952377319,7.128403783383123,72.36474514007568,"{""num_rows"": ""2097152"", ""segment_profile"": ""tiny32"", ""shared_suffix"": ""0""}"
experiment-15,stable-warps-0,sorted_order_strings_segments,Device=0 num_rows=32768 shared_suffix=64 segment_profile=tiny32,True,False,0.19418559968471527,0.19240959882736208,0.2018527999520302,2.2213426728315415,1.1391592025756836,"{""num_rows"": ""32768"", ""segment_profile"": ""tiny32"", ""shared_suffix"": ""64""}"
experiment-15,stable-warps-0,sorted_order_strings_segments,Device=0 num_rows=2097152 shared_suffix=64 segment_profile=tiny32,True,False,1.6420384049415586,1.640721595287323,1.6434527993202213,0.28569527709380105,72.36474514007568,"{""num_rows"": ""2097152"", ""segment_profile"": ""tiny32"", ""shared_suffix"": ""64""}"
experiment-7,segments,sorted_order_strings_segments,Device=0 num_rows=32768 shared_suffix=0 segment_profile=singletons,False,False,0.13826719895005227,0.1377728015184403,0.13901760056614876,1.0134563812478512,1.1391592025756836,"{""num_rows"": ""32768"", ""segment_profile"": ""singletons"", ""shared_suffix"": ""0""}"
experiment-7,segments,sorted_order_strings_segments,Device=0 num_rows=2097152 shared_suffix=0 segment_profile=singletons,False,False,0.5697983905673027,0.35451359748840333,0.59064000248909,178.696081116055,72.36474514007568,"{""num_rows"": ""2097152"", ""segment_profile"": ""singletons"", ""shared_suffix"": ""0""}"
experiment-7,segments,sorted_order_strings_segments,Device=0 num_rows=32768 shared_suffix=64 segment_profile=singletons,False,False,0.13842720016837118,0.13814400061964988,0.13871839940547945,1.3480167945099162,1.1391592025756836,"{""num_rows"": ""32768"", ""segment_profile"": ""singletons"", ""shared_suffix"": ""64""}"
experiment-7,segments,sorted_order_strings_segments,Device=0 num_rows=2097152 shared_suffix=64 segment_profile=singletons,False,False,0.3923199996352196,0.39126879423856736,0.3966655999422074,0.9756185889299145,72.36474514007568,"{""num_rows"": ""2097152"", ""segment_profile"": ""singletons"", ""shared_suffix"": ""64""}"
experiment-7,segments,sorted_order_strings_segments,Device=0 num_rows=32768 shared_suffix=0 segment_profile=pairs,False,False,0.15624319911003112,0.15591679885983464,0.15746719986200336,2.8563087354666377,1.1391592025756836,"{""num_rows"": ""32768"", ""segment_profile"": ""pairs"", ""shared_suffix"": ""0""}"
experiment-7,segments,sorted_order_strings_segments,Device=0 num_rows=2097152 shared_suffix=0 segment_profile=pairs,False,False,0.6499632030725481,0.6494048058986666,0.6505519926548006,1.3786875150082802,72.36474514007568,"{""num_rows"": ""2097152"", ""segment_profile"": ""pairs"", ""shared_suffix"": ""0""}"
experiment-7,segments,sorted_order_strings_segments,Device=0 num_rows=32768 shared_suffix=64 segment_profile=pairs,False,False,0.15988000035285954,0.15920479968190193,0.1618575997650623,2.2961450167757373,1.1391592025756836,"{""num_rows"": ""32768"", ""segment_profile"": ""pairs"", ""shared_suffix"": ""64""}"
experiment-7,segments,sorted_order_strings_segments,Device=0 num_rows=2097152 shared_suffix=64 segment_profile=pairs,False,False,0.820462402701378,0.819879996776581,0.8230383932590485,0.9314577325127096,72.36474514007568,"{""num_rows"": ""2097152"", ""segment_profile"": ""pairs"", ""shared_suffix"": ""64""}"
experiment-7,segments,sorted_order_strings_segments,Device=0 num_rows=32768 shared_suffix=0 segment_profile=tiny4,False,False,0.15629599913954736,0.15593440234661105,0.16013919860124592,11.932720517883864,1.1391592025756836,"{""num_rows"": ""32768"", ""segment_profile"": ""tiny4"", ""shared_suffix"": ""0""}"
experiment-7,segments,sorted_order_strings_segments,Device=0 num_rows=2097152 shared_suffix=0 segment_profile=tiny4,False,False,0.5760767996311188,0.5750336021184922,0.5769279986619948,1.1306723174093878,72.36474514007568,"{""num_rows"": ""2097152"", ""segment_profile"": ""tiny4"", ""shared_suffix"": ""0""}"
experiment-7,segments,sorted_order_strings_segments,Device=0 num_rows=32768 shared_suffix=64 segment_profile=tiny4,False,False,0.1700783990323543,0.16792000010609628,0.17369120046496386,18.13161992207869,1.1391592025756836,"{""num_rows"": ""32768"", ""segment_profile"": ""tiny4"", ""shared_suffix"": ""64""}"
experiment-7,segments,sorted_order_strings_segments,Device=0 num_rows=2097152 shared_suffix=64 segment_profile=tiny4,False,False,0.9119791984558108,0.9101871997117996,0.912943997979164,1.690407442842586,72.36474514007568,"{""num_rows"": ""2097152"", ""segment_profile"": ""tiny4"", ""shared_suffix"": ""64""}"
experiment-7,segments,sorted_order_strings_segments,Device=0 num_rows=32768 shared_suffix=0 segment_profile=tiny8,False,False,0.15860800147056578,0.15857440158724787,0.1620688013732433,4.248434005397836,1.1391592025756836,"{""num_rows"": ""32768"", ""segment_profile"": ""tiny8"", ""shared_suffix"": ""0""}"
experiment-7,segments,sorted_order_strings_segments,Device=0 num_rows=2097152 shared_suffix=0 segment_profile=tiny8,False,False,0.5877983987331391,0.5866368025541305,0.5880111962556839,0.9765869784180015,72.36474514007568,"{""num_rows"": ""2097152"", ""segment_profile"": ""tiny8"", ""shared_suffix"": ""0""}"
experiment-7,segments,sorted_order_strings_segments,Device=0 num_rows=32768 shared_suffix=64 segment_profile=tiny8,False,False,0.17632799968123433,0.17604960203170775,0.17789600044488907,1.4583794148063765,1.1391592025756836,"{""num_rows"": ""32768"", ""segment_profile"": ""tiny8"", ""shared_suffix"": ""64""}"
experiment-7,segments,sorted_order_strings_segments,Device=0 num_rows=2097152 shared_suffix=64 segment_profile=tiny8,False,False,1.1496143937110899,1.1476751923561097,1.1499648034572603,0.4657624816228638,72.36474514007568,"{""num_rows"": ""2097152"", ""segment_profile"": ""tiny8"", ""shared_suffix"": ""64""}"
experiment-7,segments,sorted_order_strings_segments,Device=0 num_rows=32768 shared_suffix=0 segment_profile=tiny16,False,False,0.1617087997496128,0.16162399947643277,0.16315679997205731,1.7552571854570538,1.1391592025756836,"{""num_rows"": ""32768"", ""segment_profile"": ""tiny16"", ""shared_suffix"": ""0""}"
experiment-7,segments,sorted_order_strings_segments,Device=0 num_rows=2097152 shared_suffix=0 segment_profile=tiny16,False,False,0.6225232034921648,0.6222608000040054,0.6248256027698518,0.5586465206871823,72.36474514007568,"{""num_rows"": ""2097152"", ""segment_profile"": ""tiny16"", ""shared_suffix"": ""0""}"
experiment-7,segments,sorted_order_strings_segments,Device=0 num_rows=32768 shared_suffix=64 segment_profile=tiny16,False,False,0.1847711995244026,0.18421600013971332,0.18623679801821708,1.571522981196065,1.1391592025756836,"{""num_rows"": ""32768"", ""segment_profile"": ""tiny16"", ""shared_suffix"": ""64""}"
experiment-7,segments,sorted_order_strings_segments,Device=0 num_rows=2097152 shared_suffix=64 segment_profile=tiny16,False,False,1.3654543936252592,1.364251208305359,1.366539204120636,0.34576983076035556,72.36474514007568,"{""num_rows"": ""2097152"", ""segment_profile"": ""tiny16"", ""shared_suffix"": ""64""}"
experiment-7,segments,sorted_order_strings_segments,Device=0 num_rows=32768 shared_suffix=0 segment_profile=tiny32,False,False,0.16263519898056988,0.16249279975891118,0.1645343996584415,2.065251200658262,1.1391592025756836,"{""num_rows"": ""32768"", ""segment_profile"": ""tiny32"", ""shared_suffix"": ""0""}"
experiment-7,segments,sorted_order_strings_segments,Device=0 num_rows=2097152 shared_suffix=0 segment_profile=tiny32,False,False,0.6728624016046523,0.6715520054101943,0.6743888020515442,0.5180537140148653,72.36474514007568,"{""num_rows"": ""2097152"", ""segment_profile"": ""tiny32"", ""shared_suffix"": ""0""}"
experiment-7,segments,sorted_order_strings_segments,Device=0 num_rows=32768 shared_suffix=64 segment_profile=tiny32,False,False,0.19615680053830145,0.19560160040855407,0.1992943994700909,13.111844719911403,1.1391592025756836,"{""num_rows"": ""32768"", ""segment_profile"": ""tiny32"", ""shared_suffix"": ""64""}"
experiment-7,segments,sorted_order_strings_segments,Device=0 num_rows=2097152 shared_suffix=64 segment_profile=tiny32,False,False,1.6557072043418881,1.6550368070602415,1.6558272063732147,0.29395753825187415,72.36474514007568,"{""num_rows"": ""2097152"", ""segment_profile"": ""tiny32"", ""shared_suffix"": ""64""}"
experiment-7,segments,sorted_order_strings_segments,Device=0 num_rows=32768 shared_suffix=0 segment_profile=block256,False,False,0.17248000130057334,0.17204640060663226,0.17393279969692232,1.6132219491902844,1.1391592025756836,"{""num_rows"": ""32768"", ""segment_profile"": ""block256"", ""shared_suffix"": ""0""}"
experiment-7,segments,sorted_order_strings_segments,Device=0 num_rows=2097152 shared_suffix=0 segment_profile=block256,False,False,1.1194175899028775,1.119030386209488,1.1205391943454739,0.3232657135869915,72.36474514007568,"{""num_rows"": ""2097152"", ""segment_profile"": ""block256"", ""shared_suffix"": ""0""}"
experiment-7,segments,sorted_order_strings_segments,Device=0 num_rows=32768 shared_suffix=64 segment_profile=block256,False,False,0.23719360306859014,0.23699520081281664,0.2389376007020474,1.1687421265948508,1.1391592025756836,"{""num_rows"": ""32768"", ""segment_profile"": ""block256"", ""shared_suffix"": ""64""}"
experiment-7,segments,sorted_order_strings_segments,Device=0 num_rows=2097152 shared_suffix=64 segment_profile=block256,False,False,3.213126397132873,3.2119568228721613,3.2136927962303163,0.30020940939364554,72.36474514007568,"{""num_rows"": ""2097152"", ""segment_profile"": ""block256"", ""shared_suffix"": ""64""}"
experiment-7,segments,sorted_order_strings_segments,Device=0 num_rows=32768 shared_suffix=0 segment_profile=logarithmic,False,False,0.35306560099124906,0.3525392010807991,0.3579807966947556,1.075698542070735,1.1391592025756836,"{""num_rows"": ""32768"", ""segment_profile"": ""logarithmic"", ""shared_suffix"": ""0""}"
experiment-7,segments,sorted_order_strings_segments,Device=0 num_rows=2097152 shared_suffix=0 segment_profile=logarithmic,False,False,2.5583935737609864,2.5564735889434815,2.561796808242798,0.3430058493271958,72.36474514007568,"{""num_rows"": ""2097152"", ""segment_profile"": ""logarithmic"", ""shared_suffix"": ""0""}"
experiment-7,segments,sorted_order_strings_segments,Device=0 num_rows=32768 shared_suffix=64 segment_profile=logarithmic,False,False,0.9107472062110902,0.9095536023378372,0.9120800018310544,0.3903612114925579,1.1391592025756836,"{""num_rows"": ""32768"", ""segment_profile"": ""logarithmic"", ""shared_suffix"": ""64""}"
experiment-7,segments,sorted_order_strings_segments,Device=0 num_rows=2097152 shared_suffix=64 segment_profile=logarithmic,False,False,8.376905632019044,8.372934436798095,8.377019262313844,0.29744958671700783,72.36474514007568,"{""num_rows"": ""2097152"", ""segment_profile"": ""logarithmic"", ""shared_suffix"": ""64""}"
experiment-7,segments,sorted_order_strings_segments,Device=0 num_rows=32768 shared_suffix=0 segment_profile=tiny_plus_giant,False,False,0.2744336009025574,0.2743728026747704,0.27580479681491854,0.8140398493150607,1.1391592025756836,"{""num_rows"": ""32768"", ""segment_profile"": ""tiny_plus_giant"", ""shared_suffix"": ""0""}"
experiment-7,segments,sorted_order_strings_segments,Device=0 num_rows=2097152 shared_suffix=0 segment_profile=tiny_plus_giant,False,False,1.108014386892319,1.1075696051120758,1.110124796628952,0.31260397072526713,72.36474514007568,"{""num_rows"": ""2097152"", ""segment_profile"": ""tiny_plus_giant"", ""shared_suffix"": ""0""}"
experiment-7,segments,sorted_order_strings_segments,Device=0 num_rows=32768 shared_suffix=64 segment_profile=tiny_plus_giant,False,False,0.6827535986900329,0.6800559997558594,0.6841376036405564,0.8619064230316258,1.1391592025756836,"{""num_rows"": ""32768"", ""segment_profile"": ""tiny_plus_giant"", ""shared_suffix"": ""64""}"
experiment-7,segments,sorted_order_strings_segments,Device=0 num_rows=2097152 shared_suffix=64 segment_profile=tiny_plus_giant,False,False,2.0327488303184507,2.031871998310089,2.0336655974388123,0.2278515671765402,72.36474514007568,"{""num_rows"": ""2097152"", ""segment_profile"": ""tiny_plus_giant"", ""shared_suffix"": ""64""}"
experiment-7,segments,sorted_order_strings_segments,Device=0 num_rows=32768 shared_suffix=0 segment_profile=hot90,False,False,0.3429583996534348,0.3428752020001412,0.34451200366020196,1.172791850252552,1.1391592025756836,"{""num_rows"": ""32768"", ""segment_profile"": ""hot90"", ""shared_suffix"": ""0""}"
experiment-7,segments,sorted_order_strings_segments,Device=0 num_rows=2097152 shared_suffix=0 segment_profile=hot90,False,False,3.982019186019898,3.980644798278808,3.986694419384003,0.5739587780952129,72.36474514007568,"{""num_rows"": ""2097152"", ""segment_profile"": ""hot90"", ""shared_suffix"": ""0""}"
experiment-7,segments,sorted_order_strings_segments,Device=0 num_rows=32768 shared_suffix=64 segment_profile=hot90,False,False,0.7804159909486769,0.7768192023038863,0.7832015931606292,0.5449143884648989,1.1391592025756836,"{""num_rows"": ""32768"", ""segment_profile"": ""hot90"", ""shared_suffix"": ""64""}"
experiment-7,segments,sorted_order_strings_segments,Device=0 num_rows=2097152 shared_suffix=64 segment_profile=hot90,False,False,4.886611199378966,4.881931209564209,4.888612818717955,0.16906361579486648,72.36474514007568,"{""num_rows"": ""2097152"", ""segment_profile"": ""hot90"", ""shared_suffix"": ""64""}"
experiment-7,segments,sorted_order_strings_segments,Device=0 num_rows=32768 shared_suffix=0 segment_profile=few_giants,False,False,0.2237568005919457,0.22286560013890264,0.227164800465107,1.9418392929216703,1.1391592025756836,"{""num_rows"": ""32768"", ""segment_profile"": ""few_giants"", ""shared_suffix"": ""0""}"
experiment-7,segments,sorted_order_strings_segments,Device=0 num_rows=2097152 shared_suffix=0 segment_profile=few_giants,False,False,1.001560002565384,1.000711992383003,1.0017119884490964,0.43969761472112,72.36474514007568,"{""num_rows"": ""2097152"", ""segment_profile"": ""few_giants"", ""shared_suffix"": ""0""}"
experiment-7,segments,sorted_order_strings_segments,Device=0 num_rows=32768 shared_suffix=64 segment_profile=few_giants,False,False,0.3952511996030808,0.390328000485897,0.3962287992238998,0.7555949929458257,1.1391592025756836,"{""num_rows"": ""32768"", ""segment_profile"": ""few_giants"", ""shared_suffix"": ""64""}"
experiment-7,segments,sorted_order_strings_segments,Device=0 num_rows=2097152 shared_suffix=64 segment_profile=few_giants,False,False,3.045815980434417,3.0435855984687805,3.0489424109458922,0.23192173865132448,72.36474514007568,"{""num_rows"": ""2097152"", ""segment_profile"": ""few_giants"", ""shared_suffix"": ""64""}"
experiment-7,segments,sorted_order_strings_segments,Device=0 num_rows=32768 shared_suffix=0 segment_profile=one_segment,False,False,0.32492800056934357,0.3232207998633384,0.3253264024853706,0.8273522755350605,1.1391592025756836,"{""num_rows"": ""32768"", ""segment_profile"": ""one_segment"", ""shared_suffix"": ""0""}"
experiment-7,segments,sorted_order_strings_segments,Device=0 num_rows=2097152 shared_suffix=0 segment_profile=one_segment,False,False,4.179118394851685,4.178313565254211,4.180433607101441,0.2933998997399334,72.36474514007568,"{""num_rows"": ""2097152"", ""segment_profile"": ""one_segment"", ""shared_suffix"": ""0""}"
experiment-7,segments,sorted_order_strings_segments,Device=0 num_rows=32768 shared_suffix=64 segment_profile=one_segment,False,False,0.730105608701706,0.7268959999084471,0.7309311956167223,0.34049462113218715,1.1391592025756836,"{""num_rows"": ""32768"", ""segment_profile"": ""one_segment"", ""shared_suffix"": ""64""}"
experiment-7,segments,sorted_order_strings_segments,Device=0 num_rows=2097152 shared_suffix=64 segment_profile=one_segment,False,False,4.885764789581299,4.885465574264526,4.893673586845397,0.2838271021510445,72.36474514007568,"{""num_rows"": ""2097152"", ""segment_profile"": ""one_segment"", ""shared_suffix"": ""64""}"
baseline,stable-warps-1,sorted_order_strings_segments,Device=0 num_rows=32768 shared_suffix=0 segment_profile=pairs,True,True,0.1578319989144802,0.15437280014157295,0.15818720012903215,2.442189432827501,1.1391592025756836,"{""num_rows"": ""32768"", ""segment_profile"": ""pairs"", ""shared_suffix"": ""0""}"
baseline,stable-warps-1,sorted_order_strings_segments,Device=0 num_rows=2097152 shared_suffix=0 segment_profile=pairs,True,True,0.6574688047170638,0.653795200586319,0.6575935930013657,1.1631351869562145,72.36474514007568,"{""num_rows"": ""2097152"", ""segment_profile"": ""pairs"", ""shared_suffix"": ""0""}"
baseline,stable-warps-1,sorted_order_strings_segments,Device=0 num_rows=32768 shared_suffix=64 segment_profile=pairs,True,True,0.16332159787416461,0.16001119986176493,0.16373920142650603,1.7615410982237605,1.1391592025756836,"{""num_rows"": ""32768"", ""segment_profile"": ""pairs"", ""shared_suffix"": ""64""}"
baseline,stable-warps-1,sorted_order_strings_segments,Device=0 num_rows=2097152 shared_suffix=64 segment_profile=pairs,True,True,0.8645135939121246,0.8618303984403609,0.8651024013757704,1.1190903445302947,72.36474514007568,"{""num_rows"": ""2097152"", ""segment_profile"": ""pairs"", ""shared_suffix"": ""64""}"
baseline,stable-warps-1,sorted_order_strings_segments,Device=0 num_rows=32768 shared_suffix=0 segment_profile=tiny4,True,True,0.15856160074472428,0.15664000138640405,0.1623503997921944,2.17281559965004,1.1391592025756836,"{""num_rows"": ""32768"", ""segment_profile"": ""tiny4"", ""shared_suffix"": ""0""}"
baseline,stable-warps-1,sorted_order_strings_segments,Device=0 num_rows=2097152 shared_suffix=0 segment_profile=tiny4,True,True,0.6237199932336809,0.6197759985923766,0.6393727928400039,8.983811809446951,72.36474514007568,"{""num_rows"": ""2097152"", ""segment_profile"": ""tiny4"", ""shared_suffix"": ""0""}"
baseline,stable-warps-1,sorted_order_strings_segments,Device=0 num_rows=32768 shared_suffix=64 segment_profile=tiny4,True,True,0.17946880012750627,0.17179040014743804,0.1816175989806652,2.122688586100894,1.1391592025756836,"{""num_rows"": ""32768"", ""segment_profile"": ""tiny4"", ""shared_suffix"": ""64""}"
baseline,stable-warps-1,sorted_order_strings_segments,Device=0 num_rows=2097152 shared_suffix=64 segment_profile=tiny4,True,True,1.0657407999038702,1.0644863963127136,1.0680880069732668,0.6261075486045534,72.36474514007568,"{""num_rows"": ""2097152"", ""segment_profile"": ""tiny4"", ""shared_suffix"": ""64""}"
baseline,stable-warps-1,sorted_order_strings_segments,Device=0 num_rows=32768 shared_suffix=0 segment_profile=tiny8,True,True,0.16799840033054353,0.16518400087952612,0.17114399895071986,2.1011591763632897,1.1391592025756836,"{""num_rows"": ""32768"", ""segment_profile"": ""tiny8"", ""shared_suffix"": ""0""}"
baseline,stable-warps-1,sorted_order_strings_segments,Device=0 num_rows=2097152 shared_suffix=0 segment_profile=tiny8,True,True,0.7123503983020782,0.7118592023849485,0.7145520001649857,2.302777271432717,72.36474514007568,"{""num_rows"": ""2097152"", ""segment_profile"": ""tiny8"", ""shared_suffix"": ""0""}"
baseline,stable-warps-1,sorted_order_strings_segments,Device=0 num_rows=32768 shared_suffix=64 segment_profile=tiny8,True,True,0.19326239973306655,0.19033920019865033,0.19852960109710693,1.1001613822638847,1.1391592025756836,"{""num_rows"": ""32768"", ""segment_profile"": ""tiny8"", ""shared_suffix"": ""64""}"
baseline,stable-warps-1,sorted_order_strings_segments,Device=0 num_rows=2097152 shared_suffix=64 segment_profile=tiny8,True,True,1.5080927968025208,1.5042144119739531,1.5091264009475707,0.3330402799204049,72.36474514007568,"{""num_rows"": ""2097152"", ""segment_profile"": ""tiny8"", ""shared_suffix"": ""64""}"
baseline,stable-warps-1,sorted_order_strings_segments,Device=0 num_rows=32768 shared_suffix=0 segment_profile=tiny16,True,True,0.17346559911966325,0.17072799950838088,0.17530879974365232,2.039233303923238,1.1391592025756836,"{""num_rows"": ""32768"", ""segment_profile"": ""tiny16"", ""shared_suffix"": ""0""}"
baseline,stable-warps-1,sorted_order_strings_segments,Device=0 num_rows=2097152 shared_suffix=0 segment_profile=tiny16,True,True,0.8073183983564377,0.8022879987955093,0.8078480005264281,0.43465446054340456,72.36474514007568,"{""num_rows"": ""2097152"", ""segment_profile"": ""tiny16"", ""shared_suffix"": ""0""}"
baseline,stable-warps-1,sorted_order_strings_segments,Device=0 num_rows=32768 shared_suffix=64 segment_profile=tiny16,True,True,0.21005919799208633,0.2060735993087292,0.2118192002177238,2.1762031848075454,1.1391592025756836,"{""num_rows"": ""32768"", ""segment_profile"": ""tiny16"", ""shared_suffix"": ""64""}"
baseline,stable-warps-1,sorted_order_strings_segments,Device=0 num_rows=2097152 shared_suffix=64 segment_profile=tiny16,True,True,1.9884719848632806,1.9840080082416536,1.9902432143688196,0.23933461567765463,72.36474514007568,"{""num_rows"": ""2097152"", ""segment_profile"": ""tiny16"", ""shared_suffix"": ""64""}"
baseline,stable-warps-1,sorted_order_strings_segments,Device=0 num_rows=32768 shared_suffix=0 segment_profile=tiny32,True,True,0.17824319899082186,0.1738463997840881,0.17876479998230932,3.112460596235413,1.1391592025756836,"{""num_rows"": ""32768"", ""segment_profile"": ""tiny32"", ""shared_suffix"": ""0""}"
baseline,stable-warps-1,sorted_order_strings_segments,Device=0 num_rows=2097152 shared_suffix=0 segment_profile=tiny32,True,True,0.9362687975168228,0.9308272004127501,0.9363215953111648,0.38695799827367794,72.36474514007568,"{""num_rows"": ""2097152"", ""segment_profile"": ""tiny32"", ""shared_suffix"": ""0""}"
baseline,stable-warps-1,sorted_order_strings_segments,Device=0 num_rows=32768 shared_suffix=64 segment_profile=tiny32,True,True,0.22622079923748967,0.22337760180234909,0.2262319996953011,1.9434534631810476,1.1391592025756836,"{""num_rows"": ""32768"", ""segment_profile"": ""tiny32"", ""shared_suffix"": ""64""}"
baseline,stable-warps-1,sorted_order_strings_segments,Device=0 num_rows=2097152 shared_suffix=64 segment_profile=tiny32,True,True,2.5293072104454035,2.526668787002564,2.5321151971817013,0.7201218334429463,72.36474514007568,"{""num_rows"": ""2097152"", ""segment_profile"": ""tiny32"", ""shared_suffix"": ""64""}"
experiment-3,stable-warps-0,sorted_order_strings_segments,Device=0 num_rows=32768 shared_suffix=0 segment_profile=pairs,True,False,0.15746079906821256,0.1542127996683121,0.15781600102782248,2.316984609003981,1.1391592025756836,"{""num_rows"": ""32768"", ""segment_profile"": ""pairs"", ""shared_suffix"": ""0""}"
experiment-3,stable-warps-0,sorted_order_strings_segments,Device=0 num_rows=2097152 shared_suffix=0 segment_profile=pairs,True,False,0.6491072058677673,0.6457264006137847,0.6508559972047805,1.2369377638624268,72.36474514007568,"{""num_rows"": ""2097152"", ""segment_profile"": ""pairs"", ""shared_suffix"": ""0""}"
experiment-3,stable-warps-0,sorted_order_strings_segments,Device=0 num_rows=32768 shared_suffix=64 segment_profile=pairs,True,False,0.1607183985412121,0.15711200237274164,0.16145119965076446,2.5424385559447953,1.1391592025756836,"{""num_rows"": ""32768"", ""segment_profile"": ""pairs"", ""shared_suffix"": ""64""}"
experiment-3,stable-warps-0,sorted_order_strings_segments,Device=0 num_rows=2097152 shared_suffix=64 segment_profile=pairs,True,False,0.8207215934991838,0.8184127986431121,0.8211712002754211,2.0759089126341803,72.36474514007568,"{""num_rows"": ""2097152"", ""segment_profile"": ""pairs"", ""shared_suffix"": ""64""}"
experiment-3,stable-warps-0,sorted_order_strings_segments,Device=0 num_rows=32768 shared_suffix=0 segment_profile=tiny4,True,False,0.15700160115957262,0.154908799380064,0.15718239992856978,2.916821435153616,1.1391592025756836,"{""num_rows"": ""32768"", ""segment_profile"": ""tiny4"", ""shared_suffix"": ""0""}"
experiment-3,stable-warps-0,sorted_order_strings_segments,Device=0 num_rows=2097152 shared_suffix=0 segment_profile=tiny4,True,False,0.5735551953315735,0.5701215982437134,0.5767711967229844,1.0203611331284126,72.36474514007568,"{""num_rows"": ""2097152"", ""segment_profile"": ""tiny4"", ""shared_suffix"": ""0""}"
experiment-3,stable-warps-0,sorted_order_strings_segments,Device=0 num_rows=32768 shared_suffix=64 segment_profile=tiny4,True,False,0.16917439997196196,0.16539520174264907,0.17115199938416478,3.393610472393253,1.1391592025756836,"{""num_rows"": ""32768"", ""segment_profile"": ""tiny4"", ""shared_suffix"": ""64""}"
experiment-3,stable-warps-0,sorted_order_strings_segments,Device=0 num_rows=2097152 shared_suffix=64 segment_profile=tiny4,True,False,0.907455998659134,0.9007840007543563,0.9085215985774993,0.76213104969199,72.36474514007568,"{""num_rows"": ""2097152"", ""segment_profile"": ""tiny4"", ""shared_suffix"": ""64""}"
experiment-3,stable-warps-0,sorted_order_strings_segments,Device=0 num_rows=32768 shared_suffix=0 segment_profile=tiny8,True,False,0.1572175979614258,0.156767999380827,0.15732479989528653,1.3893116850881646,1.1391592025756836,"{""num_rows"": ""32768"", ""segment_profile"": ""tiny8"", ""shared_suffix"": ""0""}"
experiment-3,stable-warps-0,sorted_order_strings_segments,Device=0 num_rows=2097152 shared_suffix=0 segment_profile=tiny8,True,False,0.5806543976068496,0.5745311975479125,0.5821648001670838,0.9295909474975881,72.36474514007568,"{""num_rows"": ""2097152"", ""segment_profile"": ""tiny8"", ""shared_suffix"": ""0""}"
experiment-3,stable-warps-0,sorted_order_strings_segments,Device=0 num_rows=32768 shared_suffix=64 segment_profile=tiny8,True,False,0.1760496012866497,0.17427039965987204,0.1787776008248329,2.1468176157022656,1.1391592025756836,"{""num_rows"": ""32768"", ""segment_profile"": ""tiny8"", ""shared_suffix"": ""64""}"
experiment-3,stable-warps-0,sorted_order_strings_segments,Device=0 num_rows=2097152 shared_suffix=64 segment_profile=tiny8,True,False,1.1387088000774384,1.1337744057178496,1.1390527904033658,0.3911484584896547,72.36474514007568,"{""num_rows"": ""2097152"", ""segment_profile"": ""tiny8"", ""shared_suffix"": ""64""}"
experiment-3,stable-warps-0,sorted_order_strings_segments,Device=0 num_rows=32768 shared_suffix=0 segment_profile=tiny16,True,False,0.15984960049390792,0.15779040008783338,0.16022240072488786,1.9696027523590385,1.1391592025756836,"{""num_rows"": ""32768"", ""segment_profile"": ""tiny16"", ""shared_suffix"": ""0""}"
experiment-3,stable-warps-0,sorted_order_strings_segments,Device=0 num_rows=2097152 shared_suffix=0 segment_profile=tiny16,True,False,0.6091216027736663,0.6047472029924393,0.6167216032743454,5.318206124788262,72.36474514007568,"{""num_rows"": ""2097152"", ""segment_profile"": ""tiny16"", ""shared_suffix"": ""0""}"
experiment-3,stable-warps-0,sorted_order_strings_segments,Device=0 num_rows=32768 shared_suffix=64 segment_profile=tiny16,True,False,0.18383200019598006,0.18215520009398456,0.18392800018191338,5.052519232061864,1.1391592025756836,"{""num_rows"": ""32768"", ""segment_profile"": ""tiny16"", ""shared_suffix"": ""64""}"
experiment-3,stable-warps-0,sorted_order_strings_segments,Device=0 num_rows=2097152 shared_suffix=64 segment_profile=tiny16,True,False,1.34996640086174,1.3452272057533263,1.3519424080848697,0.36317097603748455,72.36474514007568,"{""num_rows"": ""2097152"", ""segment_profile"": ""tiny16"", ""shared_suffix"": ""64""}"
experiment-3,stable-warps-0,sorted_order_strings_segments,Device=0 num_rows=32768 shared_suffix=0 segment_profile=tiny32,True,False,0.16059039831161498,0.15733759850263598,0.16158879920840263,2.5033857446186096,1.1391592025756836,"{""num_rows"": ""32768"", ""segment_profile"": ""tiny32"", ""shared_suffix"": ""0""}"
experiment-3,stable-warps-0,sorted_order_strings_segments,Device=0 num_rows=2097152 shared_suffix=0 segment_profile=tiny32,True,False,0.6593679964542389,0.6561855971813203,0.6609072029590609,0.5155284181971482,72.36474514007568,"{""num_rows"": ""2097152"", ""segment_profile"": ""tiny32"", ""shared_suffix"": ""0""}"
experiment-3,stable-warps-0,sorted_order_strings_segments,Device=0 num_rows=32768 shared_suffix=64 segment_profile=tiny32,True,False,0.19221280217170714,0.18776639997959138,0.19304480031132698,2.221974920525312,1.1391592025756836,"{""num_rows"": ""32768"", ""segment_profile"": ""tiny32"", ""shared_suffix"": ""64""}"
experiment-3,stable-warps-0,sorted_order_strings_segments,Device=0 num_rows=2097152 shared_suffix=64 segment_profile=tiny32,True,False,1.641444808244705,1.6362415850162508,1.6433039963245395,0.2213986591693767,72.36474514007568,"{""num_rows"": ""2097152"", ""segment_profile"": ""tiny32"", ""shared_suffix"": ""64""}"
baseline,pr-source,sorted_order_strings_source_parity,Device=0 num_rows=262144 profile=unique_32,False,False,0.47396800071001044,0.47271360158920284,0.48058079779148105,0.5315937830519942,9.053221702575684,"{""num_rows"": ""262144"", ""profile"": ""unique_32""}"
baseline,pr-source,sorted_order_strings_source_parity,Device=0 num_rows=2097152 profile=unique_32,False,False,2.806807971000671,2.8051167845726015,2.812771201133728,0.31287562983315453,72.36474514007568,"{""num_rows"": ""2097152"", ""profile"": ""unique_32""}"
baseline,pr-source,sorted_order_strings_source_parity,Device=0 num_rows=262144 profile=duplicates_32,False,False,0.6141535967588424,0.6139008015394211,0.808283191919327,102.29238892206473,9.053221702575684,"{""num_rows"": ""262144"", ""profile"": ""duplicates_32""}"
baseline,pr-source,sorted_order_strings_source_parity,Device=0 num_rows=2097152 profile=duplicates_32,False,False,4.070891213417053,4.0697984457016005,4.077318382263184,0.13171405774647713,72.36474514007568,"{""num_rows"": ""2097152"", ""profile"": ""duplicates_32""}"
baseline,pr-source,sorted_order_strings_source_parity,Device=0 num_rows=262144 profile=shared_prefix_24,False,False,0.4768688023090362,0.476417601108551,0.4784048005938531,0.7660362512571052,9.053221702575684,"{""num_rows"": ""262144"", ""profile"": ""shared_prefix_24""}"
baseline,pr-source,sorted_order_strings_source_parity,Device=0 num_rows=2097152 profile=shared_prefix_24,False,False,2.8083775758743292,2.806227195262909,2.8125936269760126,0.2970109188317292,72.36474514007568,"{""num_rows"": ""2097152"", ""profile"": ""shared_prefix_24""}"
baseline,pr-source,sorted_order_strings_source_parity,Device=0 num_rows=262144 profile=raw_unique_40,False,False,0.17246719822287557,0.17136480212211608,0.17539519965648653,5.347036291945085,9.053221702575684,"{""num_rows"": ""262144"", ""profile"": ""raw_unique_40""}"
baseline,pr-source,sorted_order_strings_source_parity,Device=0 num_rows=2097152 profile=raw_unique_40,False,False,0.412644799053669,0.4112832009792327,0.4160208001732826,0.7194367386665852,72.36474514007568,"{""num_rows"": ""2097152"", ""profile"": ""raw_unique_40""}"
baseline,pr-source,sorted_order_strings_source_parity,Device=0 num_rows=262144 profile=raw_duplicates_40,False,False,0.4802384003996849,0.4801423966884613,0.48426720350980745,0.928281649967716,9.053221702575684,"{""num_rows"": ""262144"", ""profile"": ""raw_duplicates_40""}"
baseline,pr-source,sorted_order_strings_source_parity,Device=0 num_rows=2097152 profile=raw_duplicates_40,False,False,3.176748788356782,3.1739823937416074,3.1845680117607116,0.2650623988085285,72.36474514007568,"{""num_rows"": ""2097152"", ""profile"": ""raw_duplicates_40""}"
baseline,pr-source,sorted_order_strings_source_parity,Device=0 num_rows=262144 profile=raw_shared_prefix_24_width_40,False,False,0.6558208018541334,0.6554208040237426,0.6616160005331039,0.6601273304464608,9.053221702575684,"{""num_rows"": ""262144"", ""profile"": ""raw_shared_prefix_24_width_40""}"
baseline,pr-source,sorted_order_strings_source_parity,Device=0 num_rows=2097152 profile=raw_shared_prefix_24_width_40,False,False,5.725025629997253,5.722209596633911,5.727659201622009,0.5104797571013344,72.36474514007568,"{""num_rows"": ""2097152"", ""profile"": ""raw_shared_prefix_24_width_40""}"
experiment-7,end-to-end,sort_strings_workload,Device=0 min_width=0 max_width=32 num_rows=262144 workload=normal,False,False,0.5063424035906793,0.5056287989020347,0.5064960047602652,1.1450911406032882,9.053221702575684,"{""max_width"": ""32"", ""min_width"": ""0"", ""num_rows"": ""262144"", ""workload"": ""normal""}"
experiment-7,end-to-end,sort_strings_workload,Device=0 min_width=0 max_width=256 num_rows=262144 workload=normal,False,False,1.6339839935302736,1.6278383910655978,1.6401168048381805,1.9195582256495876,33.687255859375,"{""max_width"": ""256"", ""min_width"": ""0"", ""num_rows"": ""262144"", ""workload"": ""normal""}"
experiment-7,end-to-end,sort_strings_workload,Device=0 min_width=0 max_width=32 num_rows=2097152 workload=normal,False,False,1.7012576043605805,1.7011456072330475,1.7055631995201113,1.8940113856844207,95.72902488708496,"{""max_width"": ""32"", ""min_width"": ""0"", ""num_rows"": ""2097152"", ""workload"": ""normal""}"
experiment-7,end-to-end,sort_strings_workload,Device=0 min_width=0 max_width=256 num_rows=2097152 workload=normal,False,False,8.580307197570798,8.55552968978882,8.642689609527586,2.6976329882374923,269.3055658340454,"{""max_width"": ""256"", ""min_width"": ""0"", ""num_rows"": ""2097152"", ""workload"": ""normal""}"
experiment-7,end-to-end,sort_strings_workload,Device=0 min_width=0 max_width=32 num_rows=262144 workload=duplicates,False,False,0.530550402402878,0.5292127966880801,0.5322672009468078,1.5149509601038258,9.053221702575684,"{""max_width"": ""32"", ""min_width"": ""0"", ""num_rows"": ""262144"", ""workload"": ""duplicates""}"
experiment-7,end-to-end,sort_strings_workload,Device=0 min_width=0 max_width=256 num_rows=262144 workload=duplicates,False,False,1.8696655869483945,1.869433605670929,1.876220798492432,1.2060319939397754,34.63582420349121,"{""max_width"": ""256"", ""min_width"": ""0"", ""num_rows"": ""262144"", ""workload"": ""duplicates""}"
experiment-7,end-to-end,sort_strings_workload,Device=0 min_width=0 max_width=32 num_rows=2097152 workload=duplicates,False,False,1.9297024011611936,1.9228223979473111,1.9367776036262516,1.4985442030030067,96.68649291992188,"{""max_width"": ""32"", ""min_width"": ""0"", ""num_rows"": ""2097152"", ""workload"": ""duplicates""}"
experiment-7,end-to-end,sort_strings_workload,Device=0 min_width=0 max_width=256 num_rows=2097152 workload=duplicates,False,False,6.259633612632751,6.2510400056838975,6.2660784244537355,0.7407949780459634,277.07898902893066,"{""max_width"": ""256"", ""min_width"": ""0"", ""num_rows"": ""2097152"", ""workload"": ""duplicates""}"
experiment-7,end-to-end,sort_strings_workload,Device=0 min_width=0 max_width=32 num_rows=262144 workload=shared_prefix,False,False,0.664001601934433,0.6625440031290054,0.6765119969844818,8.469527642203884,9.053221702575684,"{""max_width"": ""32"", ""min_width"": ""0"", ""num_rows"": ""262144"", ""workload"": ""shared_prefix""}"
experiment-7,end-to-end,sort_strings_workload,Device=0 min_width=0 max_width=256 num_rows=262144 workload=shared_prefix,False,False,0.8514896005392075,0.8492096006870269,0.854028797149658,0.6161317915158254,65.03126335144043,"{""max_width"": ""256"", ""min_width"": ""0"", ""num_rows"": ""262144"", ""workload"": ""shared_prefix""}"
experiment-7,end-to-end,sort_strings_workload,Device=0 min_width=0 max_width=32 num_rows=2097152 workload=shared_prefix,False,False,4.343569636344909,4.331964850425719,4.3460207939147955,0.4143387522778928,120.06652927398682,"{""max_width"": ""32"", ""min_width"": ""0"", ""num_rows"": ""2097152"", ""workload"": ""shared_prefix""}"
experiment-7,end-to-end,sort_strings_workload,Device=0 min_width=0 max_width=256 num_rows=2097152 workload=shared_prefix,False,False,5.8898160696029676,5.889331221580507,5.899966382980347,0.2553242725735519,520.2527341842651,"{""max_width"": ""256"", ""min_width"": ""0"", ""num_rows"": ""2097152"", ""workload"": ""shared_prefix""}"
experiment-7,end-to-end,sort_strings_workload,Device=0 min_width=0 max_width=32 num_rows=262144 workload=variable,False,False,0.36309920400381096,0.36261120289564125,0.36374399811029434,1.0921720411713087,9.053221702575684,"{""max_width"": ""32"", ""min_width"": ""0"", ""num_rows"": ""262144"", ""workload"": ""variable""}"
experiment-7,end-to-end,sort_strings_workload,Device=0 min_width=0 max_width=256 num_rows=262144 workload=variable,False,False,0.3871455997228622,0.38615680038928984,0.3886032000184059,0.6378623581859142,34.01968002319336,"{""max_width"": ""256"", ""min_width"": ""0"", ""num_rows"": ""262144"", ""workload"": ""variable""}"
experiment-7,end-to-end,sort_strings_workload,Device=0 min_width=0 max_width=32 num_rows=2097152 workload=variable,False,False,0.9153808027505878,0.9135888040065767,0.9179455995559693,0.46010141445975844,96.05874729156494,"{""max_width"": ""32"", ""min_width"": ""0"", ""num_rows"": ""2097152"", ""workload"": ""variable""}"
experiment-7,end-to-end,sort_strings_workload,Device=0 min_width=0 max_width=256 num_rows=2097152 workload=variable,False,False,1.1311648070812224,1.1290992081165314,1.132295995950699,0.34605980541256737,272.17790508270264,"{""max_width"": ""256"", ""min_width"": ""0"", ""num_rows"": ""2097152"", ""workload"": ""variable""}"
baseline,end-to-end,sort_strings_workload,Device=0 min_width=0 max_width=32 num_rows=262144 workload=normal,False,False,0.5134991973638535,0.5117807924747466,0.5152224034070968,1.4814906113561443,9.053221702575684,"{""max_width"": ""32"", ""min_width"": ""0"", ""num_rows"": ""262144"", ""workload"": ""normal""}"
baseline,end-to-end,sort_strings_workload,Device=0 min_width=0 max_width=256 num_rows=262144 workload=normal,False,False,1.6473792076110843,1.64268159866333,1.655792009830475,2.100884729445539,33.687255859375,"{""max_width"": ""256"", ""min_width"": ""0"", ""num_rows"": ""262144"", ""workload"": ""normal""}"
baseline,end-to-end,sort_strings_workload,Device=0 min_width=0 max_width=32 num_rows=2097152 workload=normal,False,False,1.7222927987575534,1.7219247937202455,1.7353904008865357,1.2871171470651133,95.72902488708496,"{""max_width"": ""32"", ""min_width"": ""0"", ""num_rows"": ""2097152"", ""workload"": ""normal""}"
baseline,end-to-end,sort_strings_workload,Device=0 min_width=0 max_width=256 num_rows=2097152 workload=normal,False,False,8.5534960269928,8.535945463180543,8.601070404052733,2.496118766545516,269.3055658340454,"{""max_width"": ""256"", ""min_width"": ""0"", ""num_rows"": ""2097152"", ""workload"": ""normal""}"
baseline,end-to-end,sort_strings_workload,Device=0 min_width=0 max_width=32 num_rows=262144 workload=duplicates,False,False,0.5341631948947906,0.5300336062908173,0.5356368005275728,1.2166600566985986,9.053221702575684,"{""max_width"": ""32"", ""min_width"": ""0"", ""num_rows"": ""262144"", ""workload"": ""duplicates""}"
baseline,end-to-end,sort_strings_workload,Device=0 min_width=0 max_width=256 num_rows=262144 workload=duplicates,False,False,1.8810543894767766,1.8765952050685881,1.8821055889129639,1.3291398529960763,34.63582420349121,"{""max_width"": ""256"", ""min_width"": ""0"", ""num_rows"": ""262144"", ""workload"": ""duplicates""}"
baseline,end-to-end,sort_strings_workload,Device=0 min_width=0 max_width=32 num_rows=2097152 workload=duplicates,False,False,2.6125855922698973,2.612523210048676,2.6288080096244815,1.331799484705194,96.68649291992188,"{""max_width"": ""32"", ""min_width"": ""0"", ""num_rows"": ""2097152"", ""workload"": ""duplicates""}"
baseline,end-to-end,sort_strings_workload,Device=0 min_width=0 max_width=256 num_rows=2097152 workload=duplicates,False,False,10.422976016998293,10.407175922393801,10.435180759429931,2.1306200905650843,277.07898902893066,"{""max_width"": ""256"", ""min_width"": ""0"", ""num_rows"": ""2097152"", ""workload"": ""duplicates""}"
baseline,end-to-end,sort_strings_workload,Device=0 min_width=0 max_width=32 num_rows=262144 workload=shared_prefix,False,False,0.8643135964870454,0.8636815994977952,0.8670335918664933,0.37687350500621,9.053221702575684,"{""max_width"": ""32"", ""min_width"": ""0"", ""num_rows"": ""262144"", ""workload"": ""shared_prefix""}"
baseline,end-to-end,sort_strings_workload,Device=0 min_width=0 max_width=256 num_rows=262144 workload=shared_prefix,False,False,7.974763154983522,7.958859157562257,7.9828847646713275,0.3215684628062685,65.03126335144043,"{""max_width"": ""256"", ""min_width"": ""0"", ""num_rows"": ""262144"", ""workload"": ""shared_prefix""}"
baseline,end-to-end,sort_strings_workload,Device=0 min_width=0 max_width=32 num_rows=2097152 workload=shared_prefix,False,False,6.1362624168396,6.135740828514098,6.140891218185423,0.4368156583903385,120.06652927398682,"{""max_width"": ""32"", ""min_width"": ""0"", ""num_rows"": ""2097152"", ""workload"": ""shared_prefix""}"
baseline,end-to-end,sort_strings_workload,Device=0 min_width=0 max_width=256 num_rows=2097152 workload=shared_prefix,False,False,50.74362735748291,50.729646873474124,50.79641742706298,0.1690070928745392,520.2527341842651,"{""max_width"": ""256"", ""min_width"": ""0"", ""num_rows"": ""2097152"", ""workload"": ""shared_prefix""}"
baseline,end-to-end,sort_strings_workload,Device=0 min_width=0 max_width=32 num_rows=262144 workload=variable,False,False,0.3664975985884666,0.36298079490661617,0.36740159988403326,1.4301834334472219,9.053221702575684,"{""max_width"": ""32"", ""min_width"": ""0"", ""num_rows"": ""262144"", ""workload"": ""variable""}"
baseline,end-to-end,sort_strings_workload,Device=0 min_width=0 max_width=256 num_rows=262144 workload=variable,False,False,0.3896512061357498,0.3891183987259865,0.3911679983139039,2.442852872050093,34.01968002319336,"{""max_width"": ""256"", ""min_width"": ""0"", ""num_rows"": ""262144"", ""workload"": ""variable""}"
baseline,end-to-end,sort_strings_workload,Device=0 min_width=0 max_width=32 num_rows=2097152 workload=variable,False,False,0.9263295978307724,0.9256687968969344,0.9267807930707929,0.4313996682733306,96.05874729156494,"{""max_width"": ""32"", ""min_width"": ""0"", ""num_rows"": ""2097152"", ""workload"": ""variable""}"
baseline,end-to-end,sort_strings_workload,Device=0 min_width=0 max_width=256 num_rows=2097152 workload=variable,False,False,1.1346911907196042,1.1344191968441009,1.1446096003055575,4.0266183887581395,272.17790508270264,"{""max_width"": ""256"", ""min_width"": ""0"", ""num_rows"": ""2097152"", ""workload"": ""variable""}"
