config,group,benchmark,state,stable,descending,round,gpu_ms,noise_pct,peak_MiB,axes
experiment-3,stable-warps-1,sorted_order_strings_segments,Device=0 num_rows=32768 shared_suffix=0 segment_profile=pairs,True,True,1,0.15690559893846512,1.7411703473977889,1.1391592025756836,"{""num_rows"": ""32768"", ""segment_profile"": ""pairs"", ""shared_suffix"": ""0""}"
experiment-3,stable-warps-1,sorted_order_strings_segments,Device=0 num_rows=2097152 shared_suffix=0 segment_profile=pairs,True,True,1,0.6453135997056961,0.9843627758305461,72.36474514007568,"{""num_rows"": ""2097152"", ""segment_profile"": ""pairs"", ""shared_suffix"": ""0""}"
experiment-3,stable-warps-1,sorted_order_strings_segments,Device=0 num_rows=32768 shared_suffix=64 segment_profile=pairs,True,True,1,0.16044479832053185,0.7570604870311225,1.1391592025756836,"{""num_rows"": ""32768"", ""segment_profile"": ""pairs"", ""shared_suffix"": ""64""}"
experiment-3,stable-warps-1,sorted_order_strings_segments,Device=0 num_rows=2097152 shared_suffix=64 segment_profile=pairs,True,True,1,0.8145087987184524,0.7432277255015677,72.36474514007568,"{""num_rows"": ""2097152"", ""segment_profile"": ""pairs"", ""shared_suffix"": ""64""}"
experiment-3,stable-warps-1,sorted_order_strings_segments,Device=0 num_rows=32768 shared_suffix=0 segment_profile=tiny4,True,True,1,0.15470400005578996,0.8167987742934668,1.1391592025756836,"{""num_rows"": ""32768"", ""segment_profile"": ""tiny4"", ""shared_suffix"": ""0""}"
experiment-3,stable-warps-1,sorted_order_strings_segments,Device=0 num_rows=2097152 shared_suffix=0 segment_profile=tiny4,True,True,1,0.5718704044818878,0.951294760701378,72.36474514007568,"{""num_rows"": ""2097152"", ""segment_profile"": ""tiny4"", ""shared_suffix"": ""0""}"
experiment-3,stable-warps-1,sorted_order_strings_segments,Device=0 num_rows=32768 shared_suffix=64 segment_profile=tiny4,True,True,1,0.17145119905471806,15.254530766138194,1.1391592025756836,"{""num_rows"": ""32768"", ""segment_profile"": ""tiny4"", ""shared_suffix"": ""64""}"
experiment-3,stable-warps-1,sorted_order_strings_segments,Device=0 num_rows=2097152 shared_suffix=64 segment_profile=tiny4,True,True,1,0.9035535991191862,0.3785906947673813,72.36474514007568,"{""num_rows"": ""2097152"", ""segment_profile"": ""tiny4"", ""shared_suffix"": ""64""}"
experiment-3,stable-warps-1,sorted_order_strings_segments,Device=0 num_rows=32768 shared_suffix=0 segment_profile=tiny8,True,True,1,0.15743680074810987,0.9536721401260285,1.1391592025756836,"{""num_rows"": ""32768"", ""segment_profile"": ""tiny8"", ""shared_suffix"": ""0""}"
experiment-3,stable-warps-1,sorted_order_strings_segments,Device=0 num_rows=2097152 shared_suffix=0 segment_profile=tiny8,True,True,1,0.5778848022222519,0.6888163946643768,72.36474514007568,"{""num_rows"": ""2097152"", ""segment_profile"": ""tiny8"", ""shared_suffix"": ""0""}"
experiment-3,stable-warps-1,sorted_order_strings_segments,Device=0 num_rows=32768 shared_suffix=64 segment_profile=tiny8,True,True,1,0.17459200024604798,0.5343284930365588,1.1391592025756836,"{""num_rows"": ""32768"", ""segment_profile"": ""tiny8"", ""shared_suffix"": ""64""}"
experiment-3,stable-warps-1,sorted_order_strings_segments,Device=0 num_rows=2097152 shared_suffix=64 segment_profile=tiny8,True,True,1,1.1348511993885042,0.44115671190067784,72.36474514007568,"{""num_rows"": ""2097152"", ""segment_profile"": ""tiny8"", ""shared_suffix"": ""64""}"
experiment-3,stable-warps-1,sorted_order_strings_segments,Device=0 num_rows=32768 shared_suffix=0 segment_profile=tiny16,True,True,1,0.15963999927043918,0.7089662341723757,1.1391592025756836,"{""num_rows"": ""32768"", ""segment_profile"": ""tiny16"", ""shared_suffix"": ""0""}"
experiment-3,stable-warps-1,sorted_order_strings_segments,Device=0 num_rows=2097152 shared_suffix=0 segment_profile=tiny16,True,True,1,0.6041711956262588,0.5447519952493295,72.36474514007568,"{""num_rows"": ""2097152"", ""segment_profile"": ""tiny16"", ""shared_suffix"": ""0""}"
experiment-3,stable-warps-1,sorted_order_strings_segments,Device=0 num_rows=32768 shared_suffix=64 segment_profile=tiny16,True,True,1,0.1831408008933067,1.1965423925935403,1.1391592025756836,"{""num_rows"": ""32768"", ""segment_profile"": ""tiny16"", ""shared_suffix"": ""64""}"
experiment-3,stable-warps-1,sorted_order_strings_segments,Device=0 num_rows=2097152 shared_suffix=64 segment_profile=tiny16,True,True,1,1.3431007921695706,0.33480381107868123,72.36474514007568,"{""num_rows"": ""2097152"", ""segment_profile"": ""tiny16"", ""shared_suffix"": ""64""}"
experiment-3,stable-warps-1,sorted_order_strings_segments,Device=0 num_rows=32768 shared_suffix=0 segment_profile=tiny32,True,True,1,0.16161920130252838,1.3141194940820011,1.1391592025756836,"{""num_rows"": ""32768"", ""segment_profile"": ""tiny32"", ""shared_suffix"": ""0""}"
experiment-3,stable-warps-1,sorted_order_strings_segments,Device=0 num_rows=2097152 shared_suffix=0 segment_profile=tiny32,True,True,1,0.6568831950426103,0.456586085396553,72.36474514007568,"{""num_rows"": ""2097152"", ""segment_profile"": ""tiny32"", ""shared_suffix"": ""0""}"
experiment-3,stable-warps-1,sorted_order_strings_segments,Device=0 num_rows=32768 shared_suffix=64 segment_profile=tiny32,True,True,1,0.1937216006219387,1.3640787594479729,1.1391592025756836,"{""num_rows"": ""32768"", ""segment_profile"": ""tiny32"", ""shared_suffix"": ""64""}"
experiment-3,stable-warps-1,sorted_order_strings_segments,Device=0 num_rows=2097152 shared_suffix=64 segment_profile=tiny32,True,True,1,1.6367568016052245,0.22209101021014474,72.36474514007568,"{""num_rows"": ""2097152"", ""segment_profile"": ""tiny32"", ""shared_suffix"": ""64""}"
experiment-31,segments,sorted_order_strings_segments,Device=0 num_rows=32768 shared_suffix=0 segment_profile=singletons,False,False,0,0.1382448025047779,1.1635222518356185,1.1391592025756836,"{""num_rows"": ""32768"", ""segment_profile"": ""singletons"", ""shared_suffix"": ""0""}"
experiment-31,segments,sorted_order_strings_segments,Device=0 num_rows=2097152 shared_suffix=0 segment_profile=singletons,False,False,0,0.3517007976770401,0.8296673908893968,72.36474514007568,"{""num_rows"": ""2097152"", ""segment_profile"": ""singletons"", ""shared_suffix"": ""0""}"
experiment-31,segments,sorted_order_strings_segments,Device=0 num_rows=32768 shared_suffix=64 segment_profile=singletons,False,False,0,0.1385088004171848,0.942708712469718,1.1391592025756836,"{""num_rows"": ""32768"", ""segment_profile"": ""singletons"", ""shared_suffix"": ""64""}"
experiment-31,segments,sorted_order_strings_segments,Device=0 num_rows=2097152 shared_suffix=64 segment_profile=singletons,False,False,0,0.39030719697475424,0.5928456287936089,72.36474514007568,"{""num_rows"": ""2097152"", ""segment_profile"": ""singletons"", ""shared_suffix"": ""64""}"
experiment-31,segments,sorted_order_strings_segments,Device=0 num_rows=32768 shared_suffix=0 segment_profile=pairs,False,False,0,0.154568000882864,1.18512504356505,1.1391592025756836,"{""num_rows"": ""32768"", ""segment_profile"": ""pairs"", ""shared_suffix"": ""0""}"
experiment-31,segments,sorted_order_strings_segments,Device=0 num_rows=2097152 shared_suffix=0 segment_profile=pairs,False,False,0,0.6500272005796432,1.0569687832169077,72.36474514007568,"{""num_rows"": ""2097152"", ""segment_profile"": ""pairs"", ""shared_suffix"": ""0""}"
experiment-31,segments,sorted_order_strings_segments,Device=0 num_rows=32768 shared_suffix=64 segment_profile=pairs,False,False,0,0.16226080060005188,1.3094206767193068,1.1391592025756836,"{""num_rows"": ""32768"", ""segment_profile"": ""pairs"", ""shared_suffix"": ""64""}"
experiment-31,segments,sorted_order_strings_segments,Device=0 num_rows=2097152 shared_suffix=64 segment_profile=pairs,False,False,0,0.8227407991886138,0.7000896270046105,72.36474514007568,"{""num_rows"": ""2097152"", ""segment_profile"": ""pairs"", ""shared_suffix"": ""64""}"
experiment-31,segments,sorted_order_strings_segments,Device=0 num_rows=32768 shared_suffix=0 segment_profile=tiny4,False,False,0,0.15543359890580175,0.9935642427680729,1.1391592025756836,"{""num_rows"": ""32768"", ""segment_profile"": ""tiny4"", ""shared_suffix"": ""0""}"
experiment-31,segments,sorted_order_strings_segments,Device=0 num_rows=2097152 shared_suffix=0 segment_profile=tiny4,False,False,0,0.5757456004619599,0.7388676804304444,72.36474514007568,"{""num_rows"": ""2097152"", ""segment_profile"": ""tiny4"", ""shared_suffix"": ""0""}"
experiment-31,segments,sorted_order_strings_segments,Device=0 num_rows=32768 shared_suffix=64 segment_profile=tiny4,False,False,0,0.16664799898862842,1.376488197547885,1.1391592025756836,"{""num_rows"": ""32768"", ""segment_profile"": ""tiny4"", ""shared_suffix"": ""64""}"
experiment-31,segments,sorted_order_strings_segments,Device=0 num_rows=2097152 shared_suffix=64 segment_profile=tiny4,False,False,0,0.9094896018505095,0.5117637557007406,72.36474514007568,"{""num_rows"": ""2097152"", ""segment_profile"": ""tiny4"", ""shared_suffix"": ""64""}"
experiment-31,segments,sorted_order_strings_segments,Device=0 num_rows=32768 shared_suffix=0 segment_profile=tiny8,False,False,0,0.15954559966921808,1.1295921419600254,1.1391592025756836,"{""num_rows"": ""32768"", ""segment_profile"": ""tiny8"", ""shared_suffix"": ""0""}"
experiment-31,segments,sorted_order_strings_segments,Device=0 num_rows=2097152 shared_suffix=0 segment_profile=tiny8,False,False,0,0.5879360049962997,0.8467402948424293,72.36474514007568,"{""num_rows"": ""2097152"", ""segment_profile"": ""tiny8"", ""shared_suffix"": ""0""}"
experiment-31,segments,sorted_order_strings_segments,Device=0 num_rows=32768 shared_suffix=64 segment_profile=tiny8,False,False,0,0.17569760009646415,1.1883412994053362,1.1391592025756836,"{""num_rows"": ""32768"", ""segment_profile"": ""tiny8"", ""shared_suffix"": ""64""}"
experiment-31,segments,sorted_order_strings_segments,Device=0 num_rows=2097152 shared_suffix=64 segment_profile=tiny8,False,False,0,1.14514719247818,0.33428164959589857,72.36474514007568,"{""num_rows"": ""2097152"", ""segment_profile"": ""tiny8"", ""shared_suffix"": ""64""}"
experiment-31,segments,sorted_order_strings_segments,Device=0 num_rows=32768 shared_suffix=0 segment_profile=tiny16,False,False,0,0.16179199963808058,1.8042008750719274,1.1391592025756836,"{""num_rows"": ""32768"", ""segment_profile"": ""tiny16"", ""shared_suffix"": ""0""}"
experiment-31,segments,sorted_order_strings_segments,Device=0 num_rows=2097152 shared_suffix=0 segment_profile=tiny16,False,False,0,0.623174399137497,0.5273318543562038,72.36474514007568,"{""num_rows"": ""2097152"", ""segment_profile"": ""tiny16"", ""shared_suffix"": ""0""}"
experiment-31,segments,sorted_order_strings_segments,Device=0 num_rows=32768 shared_suffix=64 segment_profile=tiny16,False,False,0,0.18380479812622072,0.9776749507645341,1.1391592025756836,"{""num_rows"": ""32768"", ""segment_profile"": ""tiny16"", ""shared_suffix"": ""64""}"
experiment-31,segments,sorted_order_strings_segments,Device=0 num_rows=2097152 shared_suffix=64 segment_profile=tiny16,False,False,0,1.3630335986614226,0.32025128769252564,72.36474514007568,"{""num_rows"": ""2097152"", ""segment_profile"": ""tiny16"", ""shared_suffix"": ""64""}"
experiment-31,segments,sorted_order_strings_segments,Device=0 num_rows=32768 shared_suffix=0 segment_profile=tiny32,False,False,0,0.16288000047206877,0.9425732677566641,1.1391592025756836,"{""num_rows"": ""32768"", ""segment_profile"": ""tiny32"", ""shared_suffix"": ""0""}"
experiment-31,segments,sorted_order_strings_segments,Device=0 num_rows=2097152 shared_suffix=0 segment_profile=tiny32,False,False,0,0.672046399116516,0.6171147157611274,72.36474514007568,"{""num_rows"": ""2097152"", ""segment_profile"": ""tiny32"", ""shared_suffix"": ""0""}"
experiment-31,segments,sorted_order_strings_segments,Device=0 num_rows=32768 shared_suffix=64 segment_profile=tiny32,False,False,0,0.1936000004410744,1.4465159581518217,1.1391592025756836,"{""num_rows"": ""32768"", ""segment_profile"": ""tiny32"", ""shared_suffix"": ""64""}"
experiment-31,segments,sorted_order_strings_segments,Device=0 num_rows=2097152 shared_suffix=64 segment_profile=tiny32,False,False,0,1.6548143863677978,0.24326674183466684,72.36474514007568,"{""num_rows"": ""2097152"", ""segment_profile"": ""tiny32"", ""shared_suffix"": ""64""}"
experiment-31,segments,sorted_order_strings_segments,Device=0 num_rows=32768 shared_suffix=0 segment_profile=block256,False,False,0,0.1725456014275551,0.7184143527681551,1.1391592025756836,"{""num_rows"": ""32768"", ""segment_profile"": ""block256"", ""shared_suffix"": ""0""}"
experiment-31,segments,sorted_order_strings_segments,Device=0 num_rows=2097152 shared_suffix=0 segment_profile=block256,False,False,0,1.1195967853069304,0.20183502274564008,72.36474514007568,"{""num_rows"": ""2097152"", ""segment_profile"": ""block256"", ""shared_suffix"": ""0""}"
experiment-31,segments,sorted_order_strings_segments,Device=0 num_rows=32768 shared_suffix=64 segment_profile=block256,False,False,0,0.252300800383091,26.096828246768457,1.1391592025756836,"{""num_rows"": ""32768"", ""segment_profile"": ""block256"", ""shared_suffix"": ""64""}"
experiment-31,segments,sorted_order_strings_segments,Device=0 num_rows=2097152 shared_suffix=64 segment_profile=block256,False,False,0,3.2140064120292657,0.21564159816791958,72.36474514007568,"{""num_rows"": ""2097152"", ""segment_profile"": ""block256"", ""shared_suffix"": ""64""}"
experiment-31,segments,sorted_order_strings_segments,Device=0 num_rows=32768 shared_suffix=0 segment_profile=logarithmic,False,False,0,0.35304639786481856,0.9010719709163071,1.1391592025756836,"{""num_rows"": ""32768"", ""segment_profile"": ""logarithmic"", ""shared_suffix"": ""0""}"
experiment-31,segments,sorted_order_strings_segments,Device=0 num_rows=2097152 shared_suffix=0 segment_profile=logarithmic,False,False,0,2.5588719844818115,0.2951258261182774,72.36474514007568,"{""num_rows"": ""2097152"", ""segment_profile"": ""logarithmic"", ""shared_suffix"": ""0""}"
experiment-31,segments,sorted_order_strings_segments,Device=0 num_rows=32768 shared_suffix=64 segment_profile=logarithmic,False,False,0,0.9102015942335128,0.3254729334704228,1.1391592025756836,"{""num_rows"": ""32768"", ""segment_profile"": ""logarithmic"", ""shared_suffix"": ""64""}"
experiment-31,segments,sorted_order_strings_segments,Device=0 num_rows=2097152 shared_suffix=64 segment_profile=logarithmic,False,False,0,8.371006345748901,0.248127709103269,72.36474514007568,"{""num_rows"": ""2097152"", ""segment_profile"": ""logarithmic"", ""shared_suffix"": ""64""}"
experiment-31,segments,sorted_order_strings_segments,Device=0 num_rows=32768 shared_suffix=0 segment_profile=tiny_plus_giant,False,False,0,0.27519040256738664,0.49800036855290103,1.1391592025756836,"{""num_rows"": ""32768"", ""segment_profile"": ""tiny_plus_giant"", ""shared_suffix"": ""0""}"
experiment-31,segments,sorted_order_strings_segments,Device=0 num_rows=2097152 shared_suffix=0 segment_profile=tiny_plus_giant,False,False,0,1.1392512083053585,0.3384367644553688,72.36474514007568,"{""num_rows"": ""2097152"", ""segment_profile"": ""tiny_plus_giant"", ""shared_suffix"": ""0""}"
experiment-31,segments,sorted_order_strings_segments,Device=0 num_rows=32768 shared_suffix=64 segment_profile=tiny_plus_giant,False,False,0,0.6811615973711014,0.48976971525300494,1.1391592025756836,"{""num_rows"": ""32768"", ""segment_profile"": ""tiny_plus_giant"", ""shared_suffix"": ""64""}"
experiment-31,segments,sorted_order_strings_segments,Device=0 num_rows=2097152 shared_suffix=64 segment_profile=tiny_plus_giant,False,False,0,2.04793758392334,0.2418370765907538,72.36474514007568,"{""num_rows"": ""2097152"", ""segment_profile"": ""tiny_plus_giant"", ""shared_suffix"": ""64""}"
experiment-31,segments,sorted_order_strings_segments,Device=0 num_rows=32768 shared_suffix=0 segment_profile=hot90,False,False,0,0.36970080137252803,0.48626213182014677,1.1391592025756836,"{""num_rows"": ""32768"", ""segment_profile"": ""hot90"", ""shared_suffix"": ""0""}"
experiment-31,segments,sorted_order_strings_segments,Device=0 num_rows=2097152 shared_suffix=0 segment_profile=hot90,False,False,0,4.211225628852844,0.08800165906525101,72.36474514007568,"{""num_rows"": ""2097152"", ""segment_profile"": ""hot90"", ""shared_suffix"": ""0""}"
experiment-31,segments,sorted_order_strings_segments,Device=0 num_rows=32768 shared_suffix=64 segment_profile=hot90,False,False,0,0.3972784012556076,0.737441252356253,1.1391592025756836,"{""num_rows"": ""32768"", ""segment_profile"": ""hot90"", ""shared_suffix"": ""64""}"
experiment-31,segments,sorted_order_strings_segments,Device=0 num_rows=2097152 shared_suffix=64 segment_profile=hot90,False,False,0,4.95775043964386,0.2264417656984062,72.36474514007568,"{""num_rows"": ""2097152"", ""segment_profile"": ""hot90"", ""shared_suffix"": ""64""}"
experiment-31,segments,sorted_order_strings_segments,Device=0 num_rows=32768 shared_suffix=0 segment_profile=few_giants,False,False,0,0.22425279840826987,0.8769638179063403,1.1391592025756836,"{""num_rows"": ""32768"", ""segment_profile"": ""few_giants"", ""shared_suffix"": ""0""}"
experiment-31,segments,sorted_order_strings_segments,Device=0 num_rows=2097152 shared_suffix=0 segment_profile=few_giants,False,False,0,1.0862992048263551,0.31122962645354096,72.36474514007568,"{""num_rows"": ""2097152"", ""segment_profile"": ""few_giants"", ""shared_suffix"": ""0""}"
experiment-31,segments,sorted_order_strings_segments,Device=0 num_rows=32768 shared_suffix=64 segment_profile=few_giants,False,False,0,0.39144960045814514,0.5685407399029065,1.1391592025756836,"{""num_rows"": ""32768"", ""segment_profile"": ""few_giants"", ""shared_suffix"": ""64""}"
experiment-31,segments,sorted_order_strings_segments,Device=0 num_rows=2097152 shared_suffix=64 segment_profile=few_giants,False,False,0,2.01386079788208,0.24923092008348446,72.36474514007568,"{""num_rows"": ""2097152"", ""segment_profile"": ""few_giants"", ""shared_suffix"": ""64""}"
experiment-31,segments,sorted_order_strings_segments,Device=0 num_rows=32768 shared_suffix=0 segment_profile=one_segment,False,False,0,0.26246559917926787,0.96693436534611,1.327681541442871,"{""num_rows"": ""32768"", ""segment_profile"": ""one_segment"", ""shared_suffix"": ""0""}"
experiment-31,segments,sorted_order_strings_segments,Device=0 num_rows=2097152 shared_suffix=0 segment_profile=one_segment,False,False,0,1.041119998693466,0.4003836459732991,84.36576747894287,"{""num_rows"": ""2097152"", ""segment_profile"": ""one_segment"", ""shared_suffix"": ""0""}"
experiment-31,segments,sorted_order_strings_segments,Device=0 num_rows=32768 shared_suffix=64 segment_profile=one_segment,False,False,0,0.2748783975839615,1.1229999774981643,1.327681541442871,"{""num_rows"": ""32768"", ""segment_profile"": ""one_segment"", ""shared_suffix"": ""64""}"
experiment-31,segments,sorted_order_strings_segments,Device=0 num_rows=2097152 shared_suffix=64 segment_profile=one_segment,False,False,0,1.1629823982715608,0.4066617010352881,84.36576747894287,"{""num_rows"": ""2097152"", ""segment_profile"": ""one_segment"", ""shared_suffix"": ""64""}"
experiment-15,stable-warps-1,sorted_order_strings_segments,Device=0 num_rows=32768 shared_suffix=0 segment_profile=pairs,True,True,2,0.1559744000434876,2.7674948552274885,1.1391592025756836,"{""num_rows"": ""32768"", ""segment_profile"": ""pairs"", ""shared_suffix"": ""0""}"
experiment-15,stable-warps-1,sorted_order_strings_segments,Device=0 num_rows=2097152 shared_suffix=0 segment_profile=pairs,True,True,2,0.64932159781456,4.236510354413211,72.36474514007568,"{""num_rows"": ""2097152"", ""segment_profile"": ""pairs"", ""shared_suffix"": ""0""}"
experiment-15,stable-warps-1,sorted_order_strings_segments,Device=0 num_rows=32768 shared_suffix=64 segment_profile=pairs,True,True,2,0.15779359936714174,1.890511867683437,1.1391592025756836,"{""num_rows"": ""32768"", ""segment_profile"": ""pairs"", ""shared_suffix"": ""64""}"
experiment-15,stable-warps-1,sorted_order_strings_segments,Device=0 num_rows=2097152 shared_suffix=64 segment_profile=pairs,True,True,2,0.8151615977287292,0.6006878840043359,72.36474514007568,"{""num_rows"": ""2097152"", ""segment_profile"": ""pairs"", ""shared_suffix"": ""64""}"
experiment-15,stable-warps-1,sorted_order_strings_segments,Device=0 num_rows=32768 shared_suffix=0 segment_profile=tiny4,True,True,2,0.1551472008228302,1.1479585845300242,1.1391592025756836,"{""num_rows"": ""32768"", ""segment_profile"": ""tiny4"", ""shared_suffix"": ""0""}"
experiment-15,stable-warps-1,sorted_order_strings_segments,Device=0 num_rows=2097152 shared_suffix=0 segment_profile=tiny4,True,True,2,0.5721119940280914,0.912162075100091,72.36474514007568,"{""num_rows"": ""2097152"", ""segment_profile"": ""tiny4"", ""shared_suffix"": ""0""}"
experiment-15,stable-warps-1,sorted_order_strings_segments,Device=0 num_rows=32768 shared_suffix=64 segment_profile=tiny4,True,True,2,0.16618719995021822,1.2827974238955198,1.1391592025756836,"{""num_rows"": ""32768"", ""segment_profile"": ""tiny4"", ""shared_suffix"": ""64""}"
experiment-15,stable-warps-1,sorted_order_strings_segments,Device=0 num_rows=2097152 shared_suffix=64 segment_profile=tiny4,True,True,2,0.9017215996980666,0.5918929123120412,72.36474514007568,"{""num_rows"": ""2097152"", ""segment_profile"": ""tiny4"", ""shared_suffix"": ""64""}"
experiment-15,stable-warps-1,sorted_order_strings_segments,Device=0 num_rows=32768 shared_suffix=0 segment_profile=tiny8,True,True,2,0.1567439995706082,1.0007603908831866,1.1391592025756836,"{""num_rows"": ""32768"", ""segment_profile"": ""tiny8"", ""shared_suffix"": ""0""}"
experiment-15,stable-warps-1,sorted_order_strings_segments,Device=0 num_rows=2097152 shared_suffix=0 segment_profile=tiny8,True,True,2,0.5833743959665298,3.5351956695899864,72.36474514007568,"{""num_rows"": ""2097152"", ""segment_profile"": ""tiny8"", ""shared_suffix"": ""0""}"
experiment-15,stable-warps-1,sorted_order_strings_segments,Device=0 num_rows=32768 shared_suffix=64 segment_profile=tiny8,True,True,2,0.1753632001578808,1.429706486097457,1.1391592025756836,"{""num_rows"": ""32768"", ""segment_profile"": ""tiny8"", ""shared_suffix"": ""64""}"
experiment-15,stable-warps-1,sorted_order_strings_segments,Device=0 num_rows=2097152 shared_suffix=64 segment_profile=tiny8,True,True,2,1.1344159960746765,0.27277723755473643,72.36474514007568,"{""num_rows"": ""2097152"", ""segment_profile"": ""tiny8"", ""shared_suffix"": ""64""}"
experiment-15,stable-warps-1,sorted_order_strings_segments,Device=0 num_rows=32768 shared_suffix=0 segment_profile=tiny16,True,True,2,0.15924960002303123,0.5577630801241127,1.1391592025756836,"{""num_rows"": ""32768"", ""segment_profile"": ""tiny16"", ""shared_suffix"": ""0""}"
experiment-15,stable-warps-1,sorted_order_strings_segments,Device=0 num_rows=2097152 shared_suffix=0 segment_profile=tiny16,True,True,2,0.6039360046386719,0.5180644440178039,72.36474514007568,"{""num_rows"": ""2097152"", ""segment_profile"": ""tiny16"", ""shared_suffix"": ""0""}"
experiment-15,stable-warps-1,sorted_order_strings_segments,Device=0 num_rows=32768 shared_suffix=64 segment_profile=tiny16,True,True,2,0.18232000023126602,1.4060574805883517,1.1391592025756836,"{""num_rows"": ""32768"", ""segment_profile"": ""tiny16"", ""shared_suffix"": ""64""}"
experiment-15,stable-warps-1,sorted_order_strings_segments,Device=0 num_rows=2097152 shared_suffix=64 segment_profile=tiny16,True,True,2,1.343894404172897,0.28841694139793755,72.36474514007568,"{""num_rows"": ""2097152"", ""segment_profile"": ""tiny16"", ""shared_suffix"": ""64""}"
experiment-15,stable-warps-1,sorted_order_strings_segments,Device=0 num_rows=32768 shared_suffix=0 segment_profile=tiny32,True,True,2,0.1603791996836662,2.655012334577925,1.1391592025756836,"{""num_rows"": ""32768"", ""segment_profile"": ""tiny32"", ""shared_suffix"": ""0""}"
experiment-15,stable-warps-1,sorted_order_strings_segments,Device=0 num_rows=2097152 shared_suffix=0 segment_profile=tiny32,True,True,2,0.6573088049888611,0.5889463435175379,72.36474514007568,"{""num_rows"": ""2097152"", ""segment_profile"": ""tiny32"", ""shared_suffix"": ""0""}"
experiment-15,stable-warps-1,sorted_order_strings_segments,Device=0 num_rows=32768 shared_suffix=64 segment_profile=tiny32,True,True,2,0.19163040071725848,1.8434613121327974,1.1391592025756836,"{""num_rows"": ""32768"", ""segment_profile"": ""tiny32"", ""shared_suffix"": ""64""}"
experiment-15,stable-warps-1,sorted_order_strings_segments,Device=0 num_rows=2097152 shared_suffix=64 segment_profile=tiny32,True,True,2,1.6379423975944516,0.20029458300920275,72.36474514007568,"{""num_rows"": ""2097152"", ""segment_profile"": ""tiny32"", ""shared_suffix"": ""64""}"
baseline,stable-warps-0,sorted_order_strings_segments,Device=0 num_rows=32768 shared_suffix=0 segment_profile=pairs,True,False,2,0.15488000139594074,2.4490317657403167,1.1391592025756836,"{""num_rows"": ""32768"", ""segment_profile"": ""pairs"", ""shared_suffix"": ""0""}"
baseline,stable-warps-0,sorted_order_strings_segments,Device=0 num_rows=2097152 shared_suffix=0 segment_profile=pairs,True,False,2,0.6519648015499114,1.1032643947078482,72.36474514007568,"{""num_rows"": ""2097152"", ""segment_profile"": ""pairs"", ""shared_suffix"": ""0""}"
baseline,stable-warps-0,sorted_order_strings_segments,Device=0 num_rows=32768 shared_suffix=64 segment_profile=pairs,True,False,2,0.15948480144143104,2.0021149956185122,1.1391592025756836,"{""num_rows"": ""32768"", ""segment_profile"": ""pairs"", ""shared_suffix"": ""64""}"
baseline,stable-warps-0,sorted_order_strings_segments,Device=0 num_rows=2097152 shared_suffix=64 segment_profile=pairs,True,False,2,0.8632479965686796,0.8651963903834934,72.36474514007568,"{""num_rows"": ""2097152"", ""segment_profile"": ""pairs"", ""shared_suffix"": ""64""}"
baseline,stable-warps-0,sorted_order_strings_segments,Device=0 num_rows=32768 shared_suffix=0 segment_profile=tiny4,True,False,2,0.160308800637722,1.8102461056179218,1.1391592025756836,"{""num_rows"": ""32768"", ""segment_profile"": ""tiny4"", ""shared_suffix"": ""0""}"
baseline,stable-warps-0,sorted_order_strings_segments,Device=0 num_rows=2097152 shared_suffix=0 segment_profile=tiny4,True,False,2,0.6203631997108461,0.8142930473577522,72.36474514007568,"{""num_rows"": ""2097152"", ""segment_profile"": ""tiny4"", ""shared_suffix"": ""0""}"
baseline,stable-warps-0,sorted_order_strings_segments,Device=0 num_rows=32768 shared_suffix=64 segment_profile=tiny4,True,False,2,0.17346239984035497,1.6656346136103142,1.1391592025756836,"{""num_rows"": ""32768"", ""segment_profile"": ""tiny4"", ""shared_suffix"": ""64""}"
baseline,stable-warps-0,sorted_order_strings_segments,Device=0 num_rows=2097152 shared_suffix=64 segment_profile=tiny4,True,False,2,1.0652783989906311,0.5624474910029509,72.36474514007568,"{""num_rows"": ""2097152"", ""segment_profile"": ""tiny4"", ""shared_suffix"": ""64""}"
baseline,stable-warps-0,sorted_order_strings_segments,Device=0 num_rows=32768 shared_suffix=0 segment_profile=tiny8,True,False,2,0.16762880012392997,1.396469347328419,1.1391592025756836,"{""num_rows"": ""32768"", ""segment_profile"": ""tiny8"", ""shared_suffix"": ""0""}"
baseline,stable-warps-0,sorted_order_strings_segments,Device=0 num_rows=2097152 shared_suffix=0 segment_profile=tiny8,True,False,2,0.7072320014238357,0.557772976412642,72.36474514007568,"{""num_rows"": ""2097152"", ""segment_profile"": ""tiny8"", ""shared_suffix"": ""0""}"
baseline,stable-warps-0,sorted_order_strings_segments,Device=0 num_rows=32768 shared_suffix=64 segment_profile=tiny8,True,False,2,0.1924864009022713,1.106692842346236,1.1391592025756836,"{""num_rows"": ""32768"", ""segment_profile"": ""tiny8"", ""shared_suffix"": ""64""}"
baseline,stable-warps-0,sorted_order_strings_segments,Device=0 num_rows=2097152 shared_suffix=64 segment_profile=tiny8,True,False,2,1.504921591281891,0.22932221185625615,72.36474514007568,"{""num_rows"": ""2097152"", ""segment_profile"": ""tiny8"", ""shared_suffix"": ""64""}"
baseline,stable-warps-0,sorted_order_strings_segments,Device=0 num_rows=32768 shared_suffix=0 segment_profile=tiny16,True,False,2,0.1718336008489132,1.9290671969021407,1.1391592025756836,"{""num_rows"": ""32768"", ""segment_profile"": ""tiny16"", ""shared_suffix"": ""0""}"
baseline,stable-warps-0,sorted_order_strings_segments,Device=0 num_rows=2097152 shared_suffix=0 segment_profile=tiny16,True,False,2,0.8045327991247176,0.347729448321802,72.36474514007568,"{""num_rows"": ""2097152"", ""segment_profile"": ""tiny16"", ""shared_suffix"": ""0""}"
baseline,stable-warps-0,sorted_order_strings_segments,Device=0 num_rows=32768 shared_suffix=64 segment_profile=tiny16,True,False,2,0.20852000042796134,1.3496423978210936,1.1391592025756836,"{""num_rows"": ""32768"", ""segment_profile"": ""tiny16"", ""shared_suffix"": ""64""}"
baseline,stable-warps-0,sorted_order_strings_segments,Device=0 num_rows=2097152 shared_suffix=64 segment_profile=tiny16,True,False,2,1.9886096060276033,0.30366709791432617,72.36474514007568,"{""num_rows"": ""2097152"", ""segment_profile"": ""tiny16"", ""shared_suffix"": ""64""}"
baseline,stable-warps-0,sorted_order_strings_segments,Device=0 num_rows=32768 shared_suffix=0 segment_profile=tiny32,True,False,2,0.17504640072584146,2.901539842653466,1.1391592025756836,"{""num_rows"": ""32768"", ""segment_profile"": ""tiny32"", ""shared_suffix"": ""0""}"
baseline,stable-warps-0,sorted_order_strings_segments,Device=0 num_rows=2097152 shared_suffix=0 segment_profile=tiny32,True,False,2,0.9315120011568069,0.38439302685266474,72.36474514007568,"{""num_rows"": ""2097152"", ""segment_profile"": ""tiny32"", ""shared_suffix"": ""0""}"
baseline,stable-warps-0,sorted_order_strings_segments,Device=0 num_rows=32768 shared_suffix=64 segment_profile=tiny32,True,False,2,0.22498239874839784,1.4476066721136391,1.1391592025756836,"{""num_rows"": ""32768"", ""segment_profile"": ""tiny32"", ""shared_suffix"": ""64""}"
baseline,stable-warps-0,sorted_order_strings_segments,Device=0 num_rows=2097152 shared_suffix=64 segment_profile=tiny32,True,False,2,2.5268015742301944,0.2797399892119154,72.36474514007568,"{""num_rows"": ""2097152"", ""segment_profile"": ""tiny32"", ""shared_suffix"": ""64""}"
experiment-31,segments,sorted_order_strings_segments,Device=0 num_rows=32768 shared_suffix=0 segment_profile=singletons,False,False,2,0.14331199973821643,16.62042494222372,1.1391592025756836,"{""num_rows"": ""32768"", ""segment_profile"": ""singletons"", ""shared_suffix"": ""0""}"
experiment-31,segments,sorted_order_strings_segments,Device=0 num_rows=2097152 shared_suffix=0 segment_profile=singletons,False,False,2,0.35430720001459126,1.356709963118617,72.36474514007568,"{""num_rows"": ""2097152"", ""segment_profile"": ""singletons"", ""shared_suffix"": ""0""}"
experiment-31,segments,sorted_order_strings_segments,Device=0 num_rows=32768 shared_suffix=64 segment_profile=singletons,False,False,2,0.13819519877433775,0.9718812850794434,1.1391592025756836,"{""num_rows"": ""32768"", ""segment_profile"": ""singletons"", ""shared_suffix"": ""64""}"
experiment-31,segments,sorted_order_strings_segments,Device=0 num_rows=2097152 shared_suffix=64 segment_profile=singletons,False,False,2,0.39397120028734206,1.1115955417756205,72.36474514007568,"{""num_rows"": ""2097152"", ""segment_profile"": ""singletons"", ""shared_suffix"": ""64""}"
experiment-31,segments,sorted_order_strings_segments,Device=0 num_rows=32768 shared_suffix=0 segment_profile=pairs,False,False,2,0.1568112000823021,2.4833881724679143,1.1391592025756836,"{""num_rows"": ""32768"", ""segment_profile"": ""pairs"", ""shared_suffix"": ""0""}"
experiment-31,segments,sorted_order_strings_segments,Device=0 num_rows=2097152 shared_suffix=0 segment_profile=pairs,False,False,2,0.6477600038051603,0.8580676089227101,72.36474514007568,"{""num_rows"": ""2097152"", ""segment_profile"": ""pairs"", ""shared_suffix"": ""0""}"
experiment-31,segments,sorted_order_strings_segments,Device=0 num_rows=32768 shared_suffix=64 segment_profile=pairs,False,False,2,0.1623439997434616,2.836997391596336,1.1391592025756836,"{""num_rows"": ""32768"", ""segment_profile"": ""pairs"", ""shared_suffix"": ""64""}"
experiment-31,segments,sorted_order_strings_segments,Device=0 num_rows=2097152 shared_suffix=64 segment_profile=pairs,False,False,2,0.8240399986505509,0.9805865494094897,72.36474514007568,"{""num_rows"": ""2097152"", ""segment_profile"": ""pairs"", ""shared_suffix"": ""64""}"
experiment-31,segments,sorted_order_strings_segments,Device=0 num_rows=32768 shared_suffix=0 segment_profile=tiny4,False,False,2,0.15647360086441042,1.786314502805707,1.1391592025756836,"{""num_rows"": ""32768"", ""segment_profile"": ""tiny4"", ""shared_suffix"": ""0""}"
experiment-31,segments,sorted_order_strings_segments,Device=0 num_rows=2097152 shared_suffix=0 segment_profile=tiny4,False,False,2,0.5790656030178071,1.0735490454610226,72.36474514007568,"{""num_rows"": ""2097152"", ""segment_profile"": ""tiny4"", ""shared_suffix"": ""0""}"
experiment-31,segments,sorted_order_strings_segments,Device=0 num_rows=32768 shared_suffix=64 segment_profile=tiny4,False,False,2,0.16948160156607628,1.9344962242031718,1.1391592025756836,"{""num_rows"": ""32768"", ""segment_profile"": ""tiny4"", ""shared_suffix"": ""64""}"
experiment-31,segments,sorted_order_strings_segments,Device=0 num_rows=2097152 shared_suffix=64 segment_profile=tiny4,False,False,2,0.9098543971776962,0.5446300587659667,72.36474514007568,"{""num_rows"": ""2097152"", ""segment_profile"": ""tiny4"", ""shared_suffix"": ""64""}"
experiment-31,segments,sorted_order_strings_segments,Device=0 num_rows=32768 shared_suffix=0 segment_profile=tiny8,False,False,2,0.15850719958543777,1.136136616696533,1.1391592025756836,"{""num_rows"": ""32768"", ""segment_profile"": ""tiny8"", ""shared_suffix"": ""0""}"
experiment-31,segments,sorted_order_strings_segments,Device=0 num_rows=2097152 shared_suffix=0 segment_profile=tiny8,False,False,2,0.5868671953678132,0.708425730486027,72.36474514007568,"{""num_rows"": ""2097152"", ""segment_profile"": ""tiny8"", ""shared_suffix"": ""0""}"
experiment-31,segments,sorted_order_strings_segments,Device=0 num_rows=32768 shared_suffix=64 segment_profile=tiny8,False,False,2,0.17723360061645513,2.104588468156331,1.1391592025756836,"{""num_rows"": ""32768"", ""segment_profile"": ""tiny8"", ""shared_suffix"": ""64""}"
experiment-31,segments,sorted_order_strings_segments,Device=0 num_rows=2097152 shared_suffix=64 segment_profile=tiny8,False,False,2,1.1484656095504762,0.35866571848379963,72.36474514007568,"{""num_rows"": ""2097152"", ""segment_profile"": ""tiny8"", ""shared_suffix"": ""64""}"
experiment-31,segments,sorted_order_strings_segments,Device=0 num_rows=32768 shared_suffix=0 segment_profile=tiny16,False,False,2,0.1621647983789444,2.623277897231831,1.1391592025756836,"{""num_rows"": ""32768"", ""segment_profile"": ""tiny16"", ""shared_suffix"": ""0""}"
experiment-31,segments,sorted_order_strings_segments,Device=0 num_rows=2097152 shared_suffix=0 segment_profile=tiny16,False,False,2,0.6229535967111588,0.4829201755685358,72.36474514007568,"{""num_rows"": ""2097152"", ""segment_profile"": ""tiny16"", ""shared_suffix"": ""0""}"
experiment-31,segments,sorted_order_strings_segments,Device=0 num_rows=32768 shared_suffix=64 segment_profile=tiny16,False,False,2,0.18478880077600482,2.370306293953864,1.1391592025756836,"{""num_rows"": ""32768"", ""segment_profile"": ""tiny16"", ""shared_suffix"": ""64""}"
experiment-31,segments,sorted_order_strings_segments,Device=0 num_rows=2097152 shared_suffix=64 segment_profile=tiny16,False,False,2,1.3644831895828247,0.23850129975318,72.36474514007568,"{""num_rows"": ""2097152"", ""segment_profile"": ""tiny16"", ""shared_suffix"": ""64""}"
experiment-31,segments,sorted_order_strings_segments,Device=0 num_rows=32768 shared_suffix=0 segment_profile=tiny32,False,False,2,0.16273279860615736,1.3399646537335417,1.1391592025756836,"{""num_rows"": ""32768"", ""segment_profile"": ""tiny32"", ""shared_suffix"": ""0""}"
experiment-31,segments,sorted_order_strings_segments,Device=0 num_rows=2097152 shared_suffix=0 segment_profile=tiny32,False,False,2,0.6724048048257828,0.33628566162089035,72.36474514007568,"{""num_rows"": ""2097152"", ""segment_profile"": ""tiny32"", ""shared_suffix"": ""0""}"
experiment-31,segments,sorted_order_strings_segments,Device=0 num_rows=32768 shared_suffix=64 segment_profile=tiny32,False,False,2,0.19359040036797523,1.5262785468805218,1.1391592025756836,"{""num_rows"": ""32768"", ""segment_profile"": ""tiny32"", ""shared_suffix"": ""64""}"
experiment-31,segments,sorted_order_strings_segments,Device=0 num_rows=2097152 shared_suffix=64 segment_profile=tiny32,False,False,2,1.6528271973133088,0.1939367342318476,72.36474514007568,"{""num_rows"": ""2097152"", ""segment_profile"": ""tiny32"", ""shared_suffix"": ""64""}"
experiment-31,segments,sorted_order_strings_segments,Device=0 num_rows=32768 shared_suffix=0 segment_profile=block256,False,False,2,0.17207359969615937,0.7953799010695425,1.1391592025756836,"{""num_rows"": ""32768"", ""segment_profile"": ""block256"", ""shared_suffix"": ""0""}"
experiment-31,segments,sorted_order_strings_segments,Device=0 num_rows=2097152 shared_suffix=0 segment_profile=block256,False,False,2,1.1185887992382049,0.307905998860578,72.36474514007568,"{""num_rows"": ""2097152"", ""segment_profile"": ""block256"", ""shared_suffix"": ""0""}"
experiment-31,segments,sorted_order_strings_segments,Device=0 num_rows=32768 shared_suffix=64 segment_profile=block256,False,False,2,0.23691999912261957,1.1127523725033701,1.1391592025756836,"{""num_rows"": ""32768"", ""segment_profile"": ""block256"", ""shared_suffix"": ""64""}"
experiment-31,segments,sorted_order_strings_segments,Device=0 num_rows=2097152 shared_suffix=64 segment_profile=block256,False,False,2,3.2096224069595336,0.19606399104826344,72.36474514007568,"{""num_rows"": ""2097152"", ""segment_profile"": ""block256"", ""shared_suffix"": ""64""}"
experiment-31,segments,sorted_order_strings_segments,Device=0 num_rows=32768 shared_suffix=0 segment_profile=logarithmic,False,False,2,0.35417439788579935,0.9759949822868758,1.1391592025756836,"{""num_rows"": ""32768"", ""segment_profile"": ""logarithmic"", ""shared_suffix"": ""0""}"
experiment-31,segments,sorted_order_strings_segments,Device=0 num_rows=2097152 shared_suffix=0 segment_profile=logarithmic,False,False,2,2.559454381465912,0.28180257668822056,72.36474514007568,"{""num_rows"": ""2097152"", ""segment_profile"": ""logarithmic"", ""shared_suffix"": ""0""}"
experiment-31,segments,sorted_order_strings_segments,Device=0 num_rows=32768 shared_suffix=64 segment_profile=logarithmic,False,False,2,0.912225595116615,0.4452362935142673,1.1391592025756836,"{""num_rows"": ""32768"", ""segment_profile"": ""logarithmic"", ""shared_suffix"": ""64""}"
experiment-31,segments,sorted_order_strings_segments,Device=0 num_rows=2097152 shared_suffix=64 segment_profile=logarithmic,False,False,2,8.36379041671753,0.22613523488564163,72.36474514007568,"{""num_rows"": ""2097152"", ""segment_profile"": ""logarithmic"", ""shared_suffix"": ""64""}"
experiment-31,segments,sorted_order_strings_segments,Device=0 num_rows=32768 shared_suffix=0 segment_profile=tiny_plus_giant,False,False,2,0.2758511990308762,1.2492615847189823,1.1391592025756836,"{""num_rows"": ""32768"", ""segment_profile"": ""tiny_plus_giant"", ""shared_suffix"": ""0""}"
experiment-31,segments,sorted_order_strings_segments,Device=0 num_rows=2097152 shared_suffix=0 segment_profile=tiny_plus_giant,False,False,2,1.1392319798469541,0.27234546849632324,72.36474514007568,"{""num_rows"": ""2097152"", ""segment_profile"": ""tiny_plus_giant"", ""shared_suffix"": ""0""}"
experiment-31,segments,sorted_order_strings_segments,Device=0 num_rows=32768 shared_suffix=64 segment_profile=tiny_plus_giant,False,False,2,0.6827775955200196,0.3211793087346333,1.1391592025756836,"{""num_rows"": ""32768"", ""segment_profile"": ""tiny_plus_giant"", ""shared_suffix"": ""64""}"
experiment-31,segments,sorted_order_strings_segments,Device=0 num_rows=2097152 shared_suffix=64 segment_profile=tiny_plus_giant,False,False,2,2.049566388130188,0.1991745488530604,72.36474514007568,"{""num_rows"": ""2097152"", ""segment_profile"": ""tiny_plus_giant"", ""shared_suffix"": ""64""}"
experiment-31,segments,sorted_order_strings_segments,Device=0 num_rows=32768 shared_suffix=0 segment_profile=hot90,False,False,2,0.3694496035575866,0.5297612471905234,1.1391592025756836,"{""num_rows"": ""32768"", ""segment_profile"": ""hot90"", ""shared_suffix"": ""0""}"
experiment-31,segments,sorted_order_strings_segments,Device=0 num_rows=2097152 shared_suffix=0 segment_profile=hot90,False,False,2,4.214494419097901,0.19690185021378587,72.36474514007568,"{""num_rows"": ""2097152"", ""segment_profile"": ""hot90"", ""shared_suffix"": ""0""}"
experiment-31,segments,sorted_order_strings_segments,Device=0 num_rows=32768 shared_suffix=64 segment_profile=hot90,False,False,2,0.398369599878788,0.9862007534664939,1.1391592025756836,"{""num_rows"": ""32768"", ""segment_profile"": ""hot90"", ""shared_suffix"": ""64""}"
experiment-31,segments,sorted_order_strings_segments,Device=0 num_rows=2097152 shared_suffix=64 segment_profile=hot90,False,False,2,4.962022423744202,0.1986808921107315,72.36474514007568,"{""num_rows"": ""2097152"", ""segment_profile"": ""hot90"", ""shared_suffix"": ""64""}"
experiment-31,segments,sorted_order_strings_segments,Device=0 num_rows=32768 shared_suffix=0 segment_profile=few_giants,False,False,2,0.223174399882555,0.7336166472894855,1.1391592025756836,"{""num_rows"": ""32768"", ""segment_profile"": ""few_giants"", ""shared_suffix"": ""0""}"
experiment-31,segments,sorted_order_strings_segments,Device=0 num_rows=2097152 shared_suffix=0 segment_profile=few_giants,False,False,2,1.0863423943519592,0.3095691163508349,72.36474514007568,"{""num_rows"": ""2097152"", ""segment_profile"": ""few_giants"", ""shared_suffix"": ""0""}"
experiment-31,segments,sorted_order_strings_segments,Device=0 num_rows=32768 shared_suffix=64 segment_profile=few_giants,False,False,2,0.39476159811019906,0.3644220118104927,1.1391592025756836,"{""num_rows"": ""32768"", ""segment_profile"": ""few_giants"", ""shared_suffix"": ""64""}"
experiment-31,segments,sorted_order_strings_segments,Device=0 num_rows=2097152 shared_suffix=64 segment_profile=few_giants,False,False,2,2.016318392753601,0.274626856500329,72.36474514007568,"{""num_rows"": ""2097152"", ""segment_profile"": ""few_giants"", ""shared_suffix"": ""64""}"
experiment-31,segments,sorted_order_strings_segments,Device=0 num_rows=32768 shared_suffix=0 segment_profile=one_segment,False,False,2,0.26240160167217247,0.8806899053582102,1.327681541442871,"{""num_rows"": ""32768"", ""segment_profile"": ""one_segment"", ""shared_suffix"": ""0""}"
experiment-31,segments,sorted_order_strings_segments,Device=0 num_rows=2097152 shared_suffix=0 segment_profile=one_segment,False,False,2,1.0398656010627747,0.4661813866347132,84.36576747894287,"{""num_rows"": ""2097152"", ""segment_profile"": ""one_segment"", ""shared_suffix"": ""0""}"
experiment-31,segments,sorted_order_strings_segments,Device=0 num_rows=32768 shared_suffix=64 segment_profile=one_segment,False,False,2,0.287095995247364,14.097066322270182,1.327681541442871,"{""num_rows"": ""32768"", ""segment_profile"": ""one_segment"", ""shared_suffix"": ""64""}"
experiment-31,segments,sorted_order_strings_segments,Device=0 num_rows=2097152 shared_suffix=64 segment_profile=one_segment,False,False,2,1.1664463996887207,0.43995835512289283,84.36576747894287,"{""num_rows"": ""2097152"", ""segment_profile"": ""one_segment"", ""shared_suffix"": ""64""}"
baseline,segments,sorted_order_strings_segments,Device=0 num_rows=32768 shared_suffix=0 segment_profile=singletons,False,False,0,0.13829120099544528,1.1280549439359842,1.1391592025756836,"{""num_rows"": ""32768"", ""segment_profile"": ""singletons"", ""shared_suffix"": ""0""}"
baseline,segments,sorted_order_strings_segments,Device=0 num_rows=2097152 shared_suffix=0 segment_profile=singletons,False,False,0,0.5837808087468147,174.25556114400547,72.36474514007568,"{""num_rows"": ""2097152"", ""segment_profile"": ""singletons"", ""shared_suffix"": ""0""}"
baseline,segments,sorted_order_strings_segments,Device=0 num_rows=32768 shared_suffix=64 segment_profile=singletons,False,False,0,0.13803039863705635,0.6738695397822657,1.1391592025756836,"{""num_rows"": ""32768"", ""segment_profile"": ""singletons"", ""shared_suffix"": ""64""}"
baseline,segments,sorted_order_strings_segments,Device=0 num_rows=2097152 shared_suffix=64 segment_profile=singletons,False,False,0,0.3941311985254288,0.7480057880647115,72.36474514007568,"{""num_rows"": ""2097152"", ""segment_profile"": ""singletons"", ""shared_suffix"": ""64""}"
baseline,segments,sorted_order_strings_segments,Device=0 num_rows=32768 shared_suffix=0 segment_profile=pairs,False,False,0,0.15452319979667664,1.029348650240575,1.1391592025756836,"{""num_rows"": ""32768"", ""segment_profile"": ""pairs"", ""shared_suffix"": ""0""}"
baseline,segments,sorted_order_strings_segments,Device=0 num_rows=2097152 shared_suffix=0 segment_profile=pairs,False,False,0,0.6474656015634537,1.251826493729237,72.36474514007568,"{""num_rows"": ""2097152"", ""segment_profile"": ""pairs"", ""shared_suffix"": ""0""}"
baseline,segments,sorted_order_strings_segments,Device=0 num_rows=32768 shared_suffix=64 segment_profile=pairs,False,False,0,0.15906399935483934,1.9242572032046767,1.1391592025756836,"{""num_rows"": ""32768"", ""segment_profile"": ""pairs"", ""shared_suffix"": ""64""}"
baseline,segments,sorted_order_strings_segments,Device=0 num_rows=2097152 shared_suffix=64 segment_profile=pairs,False,False,0,0.8226400017738343,0.8410721666971617,72.36474514007568,"{""num_rows"": ""2097152"", ""segment_profile"": ""pairs"", ""shared_suffix"": ""64""}"
baseline,segments,sorted_order_strings_segments,Device=0 num_rows=32768 shared_suffix=0 segment_profile=tiny4,False,False,0,0.15664160102605823,1.962289754240669,1.1391592025756836,"{""num_rows"": ""32768"", ""segment_profile"": ""tiny4"", ""shared_suffix"": ""0""}"
baseline,segments,sorted_order_strings_segments,Device=0 num_rows=2097152 shared_suffix=0 segment_profile=tiny4,False,False,0,0.5790496051311493,0.9978542756058874,72.36474514007568,"{""num_rows"": ""2097152"", ""segment_profile"": ""tiny4"", ""shared_suffix"": ""0""}"
baseline,segments,sorted_order_strings_segments,Device=0 num_rows=32768 shared_suffix=64 segment_profile=tiny4,False,False,0,0.16759039908647538,1.4203051263335607,1.1391592025756836,"{""num_rows"": ""32768"", ""segment_profile"": ""tiny4"", ""shared_suffix"": ""64""}"
baseline,segments,sorted_order_strings_segments,Device=0 num_rows=2097152 shared_suffix=64 segment_profile=tiny4,False,False,0,0.9158671915531158,0.42328665753410527,72.36474514007568,"{""num_rows"": ""2097152"", ""segment_profile"": ""tiny4"", ""shared_suffix"": ""64""}"
baseline,segments,sorted_order_strings_segments,Device=0 num_rows=32768 shared_suffix=0 segment_profile=tiny8,False,False,0,0.15868799835443495,1.601270076501015,1.1391592025756836,"{""num_rows"": ""32768"", ""segment_profile"": ""tiny8"", ""shared_suffix"": ""0""}"
baseline,segments,sorted_order_strings_segments,Device=0 num_rows=2097152 shared_suffix=0 segment_profile=tiny8,False,False,0,0.5925983965396882,0.5697695376872322,72.36474514007568,"{""num_rows"": ""2097152"", ""segment_profile"": ""tiny8"", ""shared_suffix"": ""0""}"
baseline,segments,sorted_order_strings_segments,Device=0 num_rows=32768 shared_suffix=64 segment_profile=tiny8,False,False,0,0.17682719901204108,1.3121054385990334,1.1391592025756836,"{""num_rows"": ""32768"", ""segment_profile"": ""tiny8"", ""shared_suffix"": ""64""}"
baseline,segments,sorted_order_strings_segments,Device=0 num_rows=2097152 shared_suffix=64 segment_profile=tiny8,False,False,0,1.1561759948730468,0.5414787351410539,72.36474514007568,"{""num_rows"": ""2097152"", ""segment_profile"": ""tiny8"", ""shared_suffix"": ""64""}"
baseline,segments,sorted_order_strings_segments,Device=0 num_rows=32768 shared_suffix=0 segment_profile=tiny16,False,False,0,0.16290079951286315,1.758148224139355,1.1391592025756836,"{""num_rows"": ""32768"", ""segment_profile"": ""tiny16"", ""shared_suffix"": ""0""}"
baseline,segments,sorted_order_strings_segments,Device=0 num_rows=2097152 shared_suffix=0 segment_profile=tiny16,False,False,0,0.6350096017122269,0.6669347647970368,72.36474514007568,"{""num_rows"": ""2097152"", ""segment_profile"": ""tiny16"", ""shared_suffix"": ""0""}"
baseline,segments,sorted_order_strings_segments,Device=0 num_rows=32768 shared_suffix=64 segment_profile=tiny16,False,False,0,0.18556000143289567,1.3950065930851212,1.1391592025756836,"{""num_rows"": ""32768"", ""segment_profile"": ""tiny16"", ""shared_suffix"": ""64""}"
baseline,segments,sorted_order_strings_segments,Device=0 num_rows=2097152 shared_suffix=64 segment_profile=tiny16,False,False,0,1.3715376198291782,0.2615006864437829,72.36474514007568,"{""num_rows"": ""2097152"", ""segment_profile"": ""tiny16"", ""shared_suffix"": ""64""}"
baseline,segments,sorted_order_strings_segments,Device=0 num_rows=32768 shared_suffix=0 segment_profile=tiny32,False,False,0,0.16339360028505323,0.4409324041739803,1.1391592025756836,"{""num_rows"": ""32768"", ""segment_profile"": ""tiny32"", ""shared_suffix"": ""0""}"
baseline,segments,sorted_order_strings_segments,Device=0 num_rows=2097152 shared_suffix=0 segment_profile=tiny32,False,False,0,0.686443191766739,0.5831388854035885,72.36474514007568,"{""num_rows"": ""2097152"", ""segment_profile"": ""tiny32"", ""shared_suffix"": ""0""}"
baseline,segments,sorted_order_strings_segments,Device=0 num_rows=32768 shared_suffix=64 segment_profile=tiny32,False,False,0,0.1947952002286911,1.6692388797000073,1.1391592025756836,"{""num_rows"": ""32768"", ""segment_profile"": ""tiny32"", ""shared_suffix"": ""64""}"
baseline,segments,sorted_order_strings_segments,Device=0 num_rows=2097152 shared_suffix=64 segment_profile=tiny32,False,False,0,1.6629631996154786,0.26032543871912855,72.36474514007568,"{""num_rows"": ""2097152"", ""segment_profile"": ""tiny32"", ""shared_suffix"": ""64""}"
baseline,segments,sorted_order_strings_segments,Device=0 num_rows=32768 shared_suffix=0 segment_profile=block256,False,False,0,0.1727455995976925,0.9834563962034569,1.1391592025756836,"{""num_rows"": ""32768"", ""segment_profile"": ""block256"", ""shared_suffix"": ""0""}"
baseline,segments,sorted_order_strings_segments,Device=0 num_rows=2097152 shared_suffix=0 segment_profile=block256,False,False,0,1.1552991986274719,0.24921637214412604,72.36474514007568,"{""num_rows"": ""2097152"", ""segment_profile"": ""block256"", ""shared_suffix"": ""0""}"
baseline,segments,sorted_order_strings_segments,Device=0 num_rows=32768 shared_suffix=64 segment_profile=block256,False,False,0,0.23848960027098656,0.6743629692289931,1.1391592025756836,"{""num_rows"": ""32768"", ""segment_profile"": ""block256"", ""shared_suffix"": ""64""}"
baseline,segments,sorted_order_strings_segments,Device=0 num_rows=2097152 shared_suffix=64 segment_profile=block256,False,False,0,3.232716798782348,0.23716755368579676,72.36474514007568,"{""num_rows"": ""2097152"", ""segment_profile"": ""block256"", ""shared_suffix"": ""64""}"
baseline,segments,sorted_order_strings_segments,Device=0 num_rows=32768 shared_suffix=0 segment_profile=logarithmic,False,False,0,0.35725440233945843,0.297454119737678,1.1391592025756836,"{""num_rows"": ""32768"", ""segment_profile"": ""logarithmic"", ""shared_suffix"": ""0""}"
baseline,segments,sorted_order_strings_segments,Device=0 num_rows=2097152 shared_suffix=0 segment_profile=logarithmic,False,False,0,2.5764960050582886,0.3325226839759567,72.36474514007568,"{""num_rows"": ""2097152"", ""segment_profile"": ""logarithmic"", ""shared_suffix"": ""0""}"
baseline,segments,sorted_order_strings_segments,Device=0 num_rows=32768 shared_suffix=64 segment_profile=logarithmic,False,False,0,0.9151392042636872,0.32018350903926984,1.1391592025756836,"{""num_rows"": ""32768"", ""segment_profile"": ""logarithmic"", ""shared_suffix"": ""64""}"
baseline,segments,sorted_order_strings_segments,Device=0 num_rows=2097152 shared_suffix=64 segment_profile=logarithmic,False,False,0,8.394227123260498,0.2926726915046326,72.36474514007568,"{""num_rows"": ""2097152"", ""segment_profile"": ""logarithmic"", ""shared_suffix"": ""64""}"
baseline,segments,sorted_order_strings_segments,Device=0 num_rows=32768 shared_suffix=0 segment_profile=tiny_plus_giant,False,False,0,0.2786304011940956,0.4608331900441514,1.1391592025756836,"{""num_rows"": ""32768"", ""segment_profile"": ""tiny_plus_giant"", ""shared_suffix"": ""0""}"
baseline,segments,sorted_order_strings_segments,Device=0 num_rows=2097152 shared_suffix=0 segment_profile=tiny_plus_giant,False,False,0,1.0962399959564213,0.3785518538456043,72.36474514007568,"{""num_rows"": ""2097152"", ""segment_profile"": ""tiny_plus_giant"", ""shared_suffix"": ""0""}"
baseline,segments,sorted_order_strings_segments,Device=0 num_rows=32768 shared_suffix=64 segment_profile=tiny_plus_giant,False,False,0,0.6866256028413772,0.7046908563161934,1.1391592025756836,"{""num_rows"": ""32768"", ""segment_profile"": ""tiny_plus_giant"", ""shared_suffix"": ""64""}"
baseline,segments,sorted_order_strings_segments,Device=0 num_rows=2097152 shared_suffix=64 segment_profile=tiny_plus_giant,False,False,0,3.2072143912315374,0.3494116751769524,72.36474514007568,"{""num_rows"": ""2097152"", ""segment_profile"": ""tiny_plus_giant"", ""shared_suffix"": ""64""}"
baseline,segments,sorted_order_strings_segments,Device=0 num_rows=32768 shared_suffix=0 segment_profile=hot90,False,False,0,0.3511999994516372,0.7157111183072907,1.1391592025756836,"{""num_rows"": ""32768"", ""segment_profile"": ""hot90"", ""shared_suffix"": ""0""}"
baseline,segments,sorted_order_strings_segments,Device=0 num_rows=2097152 shared_suffix=0 segment_profile=hot90,False,False,0,3.782360005378723,0.18309068134910764,72.36474514007568,"{""num_rows"": ""2097152"", ""segment_profile"": ""hot90"", ""shared_suffix"": ""0""}"
baseline,segments,sorted_order_strings_segments,Device=0 num_rows=32768 shared_suffix=64 segment_profile=hot90,False,False,0,0.7880815982818604,0.4296462777238278,1.1391592025756836,"{""num_rows"": ""32768"", ""segment_profile"": ""hot90"", ""shared_suffix"": ""64""}"
baseline,segments,sorted_order_strings_segments,Device=0 num_rows=2097152 shared_suffix=64 segment_profile=hot90,False,False,0,13.309046411514283,0.2891786302663673,72.36474514007568,"{""num_rows"": ""2097152"", ""segment_profile"": ""hot90"", ""shared_suffix"": ""64""}"
baseline,segments,sorted_order_strings_segments,Device=0 num_rows=32768 shared_suffix=0 segment_profile=few_giants,False,False,0,0.22554399967193603,0.9117628503346363,1.1391592025756836,"{""num_rows"": ""32768"", ""segment_profile"": ""few_giants"", ""shared_suffix"": ""0""}"
baseline,segments,sorted_order_strings_segments,Device=0 num_rows=2097152 shared_suffix=0 segment_profile=few_giants,False,False,0,1.0190560042858121,0.5337545951010071,72.36474514007568,"{""num_rows"": ""2097152"", ""segment_profile"": ""few_giants"", ""shared_suffix"": ""0""}"
baseline,segments,sorted_order_strings_segments,Device=0 num_rows=32768 shared_suffix=64 segment_profile=few_giants,False,False,0,0.397145602107048,0.6625676830286626,1.1391592025756836,"{""num_rows"": ""32768"", ""segment_profile"": ""few_giants"", ""shared_suffix"": ""64""}"
baseline,segments,sorted_order_strings_segments,Device=0 num_rows=2097152 shared_suffix=64 segment_profile=few_giants,False,False,0,3.0644927859306335,0.6806685285010444,72.36474514007568,"{""num_rows"": ""2097152"", ""segment_profile"": ""few_giants"", ""shared_suffix"": ""64""}"
baseline,segments,sorted_order_strings_segments,Device=0 num_rows=32768 shared_suffix=0 segment_profile=one_segment,False,False,0,0.3311168015003204,0.4365046259531268,1.1391592025756836,"{""num_rows"": ""32768"", ""segment_profile"": ""one_segment"", ""shared_suffix"": ""0""}"
baseline,segments,sorted_order_strings_segments,Device=0 num_rows=2097152 shared_suffix=0 segment_profile=one_segment,False,False,0,3.9440239906311048,0.3427047209270192,72.36474514007568,"{""num_rows"": ""2097152"", ""segment_profile"": ""one_segment"", ""shared_suffix"": ""0""}"
baseline,segments,sorted_order_strings_segments,Device=0 num_rows=32768 shared_suffix=64 segment_profile=one_segment,False,False,0,0.7351359933614731,0.36534152386060387,1.1391592025756836,"{""num_rows"": ""32768"", ""segment_profile"": ""one_segment"", ""shared_suffix"": ""64""}"
baseline,segments,sorted_order_strings_segments,Device=0 num_rows=2097152 shared_suffix=64 segment_profile=one_segment,False,False,0,13.685332775115967,0.7625994000616729,72.36474514007568,"{""num_rows"": ""2097152"", ""segment_profile"": ""one_segment"", ""shared_suffix"": ""64""}"
experiment-15,pr-diagnostics,sorted_order_strings_segmented_diagnostics,Device=0 num_rows=262144 profile=finish_257,False,False,0,0.21326240077614786,1.2734066125336345,9.053221702575684,"{""num_rows"": ""262144"", ""profile"": ""finish_257""}"
experiment-15,pr-diagnostics,sorted_order_strings_segmented_diagnostics,Device=0 num_rows=2097152 profile=finish_257,False,False,0,0.4134751990437508,0.8006118110939521,72.36474514007568,"{""num_rows"": ""2097152"", ""profile"": ""finish_257""}"
experiment-15,pr-diagnostics,sorted_order_strings_segmented_diagnostics,Device=0 num_rows=262144 profile=finish_1024,False,False,0,0.2376143999397755,0.9274669428573875,9.053221702575684,"{""num_rows"": ""262144"", ""profile"": ""finish_1024""}"
experiment-15,pr-diagnostics,sorted_order_strings_segmented_diagnostics,Device=0 num_rows=2097152 profile=finish_1024,False,False,0,0.4365263998508453,0.7009123666632091,72.36474514007568,"{""num_rows"": ""2097152"", ""profile"": ""finish_1024""}"
experiment-15,pr-diagnostics,sorted_order_strings_segmented_diagnostics,Device=0 num_rows=262144 profile=finish_4096,False,False,0,0.28171360194683076,0.6907233297617001,9.053221702575684,"{""num_rows"": ""262144"", ""profile"": ""finish_4096""}"
experiment-15,pr-diagnostics,sorted_order_strings_segmented_diagnostics,Device=0 num_rows=2097152 profile=finish_4096,False,False,0,0.4784432023763657,0.5089414078608152,72.36474514007568,"{""num_rows"": ""2097152"", ""profile"": ""finish_4096""}"
experiment-15,pr-diagnostics,sorted_order_strings_segmented_diagnostics,Device=0 num_rows=262144 profile=active_50,False,False,0,0.3735104009509086,0.8823290061657506,9.053221702575684,"{""num_rows"": ""262144"", ""profile"": ""active_50""}"
experiment-15,pr-diagnostics,sorted_order_strings_segmented_diagnostics,Device=0 num_rows=2097152 profile=active_50,False,False,0,1.0790864050388336,0.401746465512078,72.36474514007568,"{""num_rows"": ""2097152"", ""profile"": ""active_50""}"
experiment-15,pr-diagnostics,sorted_order_strings_segmented_diagnostics,Device=0 num_rows=262144 profile=active_10,False,False,0,0.29239040017127993,0.8178281790058842,9.053221702575684,"{""num_rows"": ""262144"", ""profile"": ""active_10""}"
experiment-15,pr-diagnostics,sorted_order_strings_segmented_diagnostics,Device=0 num_rows=2097152 profile=active_10,False,False,0,0.5960335969924927,0.7739671147872239,72.36474514007568,"{""num_rows"": ""2097152"", ""profile"": ""active_10""}"
experiment-15,pr-diagnostics,sorted_order_strings_segmented_diagnostics,Device=0 num_rows=262144 profile=active_1,False,False,0,0.23648800030350683,1.4300424099982096,9.053221702575684,"{""num_rows"": ""262144"", ""profile"": ""active_1""}"
experiment-15,pr-diagnostics,sorted_order_strings_segmented_diagnostics,Device=0 num_rows=2097152 profile=active_1,False,False,0,0.4896255984902381,0.8422772379522411,72.36474514007568,"{""num_rows"": ""2097152"", ""profile"": ""active_1""}"
experiment-15,pr-diagnostics,sorted_order_strings_segmented_diagnostics,Device=0 num_rows=262144 profile=active_0_1,False,False,0,0.1950240008533001,1.9307745236401164,9.053221702575684,"{""num_rows"": ""262144"", ""profile"": ""active_0_1""}"
experiment-15,pr-diagnostics,sorted_order_strings_segmented_diagnostics,Device=0 num_rows=2097152 profile=active_0_1,False,False,0,0.4187568008899688,0.9144340691437545,72.36474514007568,"{""num_rows"": ""2097152"", ""profile"": ""active_0_1""}"
experiment-15,pr-diagnostics,sorted_order_strings_segmented_diagnostics,Device=0 num_rows=262144 profile=duplicates_6,False,False,0,0.2333807989954948,0.5367387507073962,9.053221702575684,"{""num_rows"": ""262144"", ""profile"": ""duplicates_6""}"
experiment-15,pr-diagnostics,sorted_order_strings_segmented_diagnostics,Device=0 num_rows=2097152 profile=duplicates_6,False,False,0,0.9647760003805159,0.33779616451485595,72.36474514007568,"{""num_rows"": ""2097152"", ""profile"": ""duplicates_6""}"
experiment-15,pr-diagnostics,sorted_order_strings_segmented_diagnostics,Device=0 num_rows=262144 profile=duplicates_8,False,False,0,0.23323519825935357,1.1361949202838504,9.053221702575684,"{""num_rows"": ""262144"", ""profile"": ""duplicates_8""}"
experiment-15,pr-diagnostics,sorted_order_strings_segmented_diagnostics,Device=0 num_rows=2097152 profile=duplicates_8,False,False,0,0.9635359942913053,0.32326568312761206,72.36474514007568,"{""num_rows"": ""2097152"", ""profile"": ""duplicates_8""}"
experiment-15,pr-diagnostics,sorted_order_strings_segmented_diagnostics,Device=0 num_rows=262144 profile=duplicates_12,False,False,0,0.34891360253095627,0.43015740413174947,9.053221702575684,"{""num_rows"": ""262144"", ""profile"": ""duplicates_12""}"
experiment-15,pr-diagnostics,sorted_order_strings_segmented_diagnostics,Device=0 num_rows=2097152 profile=duplicates_12,False,False,0,2.056840002536774,0.7550424805710898,72.36474514007568,"{""num_rows"": ""2097152"", ""profile"": ""duplicates_12""}"
experiment-15,pr-diagnostics,sorted_order_strings_segmented_diagnostics,Device=0 num_rows=262144 profile=duplicates_16,False,False,0,0.29876480102539066,0.43534265440171294,9.053221702575684,"{""num_rows"": ""262144"", ""profile"": ""duplicates_16""}"
experiment-15,pr-diagnostics,sorted_order_strings_segmented_diagnostics,Device=0 num_rows=2097152 profile=duplicates_16,False,False,0,1.5741615891456608,0.23329932084061805,72.36474514007568,"{""num_rows"": ""2097152"", ""profile"": ""duplicates_16""}"
experiment-15,pr-diagnostics,sorted_order_strings_segmented_diagnostics,Device=0 num_rows=262144 profile=duplicates_24,False,False,0,0.3568688035011292,0.26656027110658587,9.053221702575684,"{""num_rows"": ""262144"", ""profile"": ""duplicates_24""}"
experiment-15,pr-diagnostics,sorted_order_strings_segmented_diagnostics,Device=0 num_rows=2097152 profile=duplicates_24,False,False,0,2.0459103941917416,0.17491212078064372,72.36474514007568,"{""num_rows"": ""2097152"", ""profile"": ""duplicates_24""}"
experiment-15,pr-diagnostics,sorted_order_strings_segmented_diagnostics,Device=0 num_rows=262144 profile=duplicates_32,False,False,0,0.40039680004119865,0.812955478350544,9.053221702575684,"{""num_rows"": ""262144"", ""profile"": ""duplicates_32""}"
experiment-15,pr-diagnostics,sorted_order_strings_segmented_diagnostics,Device=0 num_rows=2097152 profile=duplicates_32,False,False,0,2.4894896149635315,0.1874513985374637,72.36474514007568,"{""num_rows"": ""2097152"", ""profile"": ""duplicates_32""}"
experiment-15,pr-diagnostics,sorted_order_strings_segmented_diagnostics,Device=0 num_rows=262144 profile=rle_misaligned,False,False,0,0.47657759934663774,0.8277654214335363,9.053221702575684,"{""num_rows"": ""262144"", ""profile"": ""rle_misaligned""}"
experiment-15,pr-diagnostics,sorted_order_strings_segmented_diagnostics,Device=0 num_rows=2097152 profile=rle_misaligned,False,False,0,2.6943408012390133,0.1854174794586328,72.36474514007568,"{""num_rows"": ""2097152"", ""profile"": ""rle_misaligned""}"
experiment-31,stable-warps-1,sorted_order_strings_segments,Device=0 num_rows=32768 shared_suffix=0 segment_profile=pairs,True,True,1,0.15766399875283243,1.0742435115400897,1.1391592025756836,"{""num_rows"": ""32768"", ""segment_profile"": ""pairs"", ""shared_suffix"": ""0""}"
experiment-31,stable-warps-1,sorted_order_strings_segments,Device=0 num_rows=2097152 shared_suffix=0 segment_profile=pairs,True,True,1,0.6444528013467788,1.0988609768827295,72.36474514007568,"{""num_rows"": ""2097152"", ""segment_profile"": ""pairs"", ""shared_suffix"": ""0""}"
experiment-31,stable-warps-1,sorted_order_strings_segments,Device=0 num_rows=32768 shared_suffix=64 segment_profile=pairs,True,True,1,0.16062240004539488,1.0734726216148243,1.1391592025756836,"{""num_rows"": ""32768"", ""segment_profile"": ""pairs"", ""shared_suffix"": ""64""}"
experiment-31,stable-warps-1,sorted_order_strings_segments,Device=0 num_rows=2097152 shared_suffix=64 segment_profile=pairs,True,True,1,0.8204816013574597,0.7044896497820599,72.36474514007568,"{""num_rows"": ""2097152"", ""segment_profile"": ""pairs"", ""shared_suffix"": ""64""}"
experiment-31,stable-warps-1,sorted_order_strings_segments,Device=0 num_rows=32768 shared_suffix=0 segment_profile=tiny4,True,True,1,0.15545920133590702,1.5800265906687645,1.1391592025756836,"{""num_rows"": ""32768"", ""segment_profile"": ""tiny4"", ""shared_suffix"": ""0""}"
experiment-31,stable-warps-1,sorted_order_strings_segments,Device=0 num_rows=2097152 shared_suffix=0 segment_profile=tiny4,True,True,1,0.5734624028205872,1.2144309215852582,72.36474514007568,"{""num_rows"": ""2097152"", ""segment_profile"": ""tiny4"", ""shared_suffix"": ""0""}"
experiment-31,stable-warps-1,sorted_order_strings_segments,Device=0 num_rows=32768 shared_suffix=64 segment_profile=tiny4,True,True,1,0.16720319986343385,1.628106782550619,1.1391592025756836,"{""num_rows"": ""32768"", ""segment_profile"": ""tiny4"", ""shared_suffix"": ""64""}"
experiment-31,stable-warps-1,sorted_order_strings_segments,Device=0 num_rows=2097152 shared_suffix=64 segment_profile=tiny4,True,True,1,0.9077343970537189,0.5474548340591628,72.36474514007568,"{""num_rows"": ""2097152"", ""segment_profile"": ""tiny4"", ""shared_suffix"": ""64""}"
experiment-31,stable-warps-1,sorted_order_strings_segments,Device=0 num_rows=32768 shared_suffix=0 segment_profile=tiny8,True,True,1,0.15882559865713122,2.7673073253750693,1.1391592025756836,"{""num_rows"": ""32768"", ""segment_profile"": ""tiny8"", ""shared_suffix"": ""0""}"
experiment-31,stable-warps-1,sorted_order_strings_segments,Device=0 num_rows=2097152 shared_suffix=0 segment_profile=tiny8,True,True,1,0.582092797756195,0.598167109090996,72.36474514007568,"{""num_rows"": ""2097152"", ""segment_profile"": ""tiny8"", ""shared_suffix"": ""0""}"
experiment-31,stable-warps-1,sorted_order_strings_segments,Device=0 num_rows=32768 shared_suffix=64 segment_profile=tiny8,True,True,1,0.17634399905800824,1.7922909425048317,1.1391592025756836,"{""num_rows"": ""32768"", ""segment_profile"": ""tiny8"", ""shared_suffix"": ""64""}"
experiment-31,stable-warps-1,sorted_order_strings_segments,Device=0 num_rows=2097152 shared_suffix=64 segment_profile=tiny8,True,True,1,1.1362751901149748,0.31104184318200595,72.36474514007568,"{""num_rows"": ""2097152"", ""segment_profile"": ""tiny8"", ""shared_suffix"": ""64""}"
experiment-31,stable-warps-1,sorted_order_strings_segments,Device=0 num_rows=32768 shared_suffix=0 segment_profile=tiny16,True,True,1,0.16002559810876846,1.779290045141308,1.1391592025756836,"{""num_rows"": ""32768"", ""segment_profile"": ""tiny16"", ""shared_suffix"": ""0""}"
experiment-31,stable-warps-1,sorted_order_strings_segments,Device=0 num_rows=2097152 shared_suffix=0 segment_profile=tiny16,True,True,1,0.6076175957918165,0.46326600553412006,72.36474514007568,"{""num_rows"": ""2097152"", ""segment_profile"": ""tiny16"", ""shared_suffix"": ""0""}"
experiment-31,stable-warps-1,sorted_order_strings_segments,Device=0 num_rows=32768 shared_suffix=64 segment_profile=tiny16,True,True,1,0.18205439895391468,1.3893585472838448,1.1391592025756836,"{""num_rows"": ""32768"", ""segment_profile"": ""tiny16"", ""shared_suffix"": ""64""}"
experiment-31,stable-warps-1,sorted_order_strings_segments,Device=0 num_rows=2097152 shared_suffix=64 segment_profile=tiny16,True,True,1,1.3469888031482697,0.28256085615442694,72.36474514007568,"{""num_rows"": ""2097152"", ""segment_profile"": ""tiny16"", ""shared_suffix"": ""64""}"
experiment-31,stable-warps-1,sorted_order_strings_segments,Device=0 num_rows=32768 shared_suffix=0 segment_profile=tiny32,True,True,1,0.16181440204381944,0.5831976596774396,1.1391592025756836,"{""num_rows"": ""32768"", ""segment_profile"": ""tiny32"", ""shared_suffix"": ""0""}"
experiment-31,stable-warps-1,sorted_order_strings_segments,Device=0 num_rows=2097152 shared_suffix=0 segment_profile=tiny32,True,True,1,0.6591391950845719,0.42322158204160415,72.36474514007568,"{""num_rows"": ""2097152"", ""segment_profile"": ""tiny32"", ""shared_suffix"": ""0""}"
experiment-31,stable-warps-1,sorted_order_strings_segments,Device=0 num_rows=32768 shared_suffix=64 segment_profile=tiny32,True,True,1,0.19320639967918396,1.2458458061970035,1.1391592025756836,"{""num_rows"": ""32768"", ""segment_profile"": ""tiny32"", ""shared_suffix"": ""64""}"
experiment-31,stable-warps-1,sorted_order_strings_segments,Device=0 num_rows=2097152 shared_suffix=64 segment_profile=tiny32,True,True,1,1.641078406572342,0.2951514427788762,72.36474514007568,"{""num_rows"": ""2097152"", ""segment_profile"": ""tiny32"", ""shared_suffix"": ""64""}"
experiment-3,stable-warps-0,sorted_order_strings_segments,Device=0 num_rows=32768 shared_suffix=0 segment_profile=pairs,True,False,2,0.15781119912862782,1.316007881675875,1.1391592025756836,"{""num_rows"": ""32768"", ""segment_profile"": ""pairs"", ""shared_suffix"": ""0""}"
experiment-3,stable-warps-0,sorted_order_strings_segments,Device=0 num_rows=2097152 shared_suffix=0 segment_profile=pairs,True,False,2,0.6502367943525315,0.993204752407126,72.36474514007568,"{""num_rows"": ""2097152"", ""segment_profile"": ""pairs"", ""shared_suffix"": ""0""}"
experiment-3,stable-warps-0,sorted_order_strings_segments,Device=0 num_rows=32768 shared_suffix=64 segment_profile=pairs,True,False,2,0.16106079891324043,0.7366157507673798,1.1391592025756836,"{""num_rows"": ""32768"", ""segment_profile"": ""pairs"", ""shared_suffix"": ""64""}"
experiment-3,stable-warps-0,sorted_order_strings_segments,Device=0 num_rows=2097152 shared_suffix=64 segment_profile=pairs,True,False,2,0.8236640006303788,1.0497793846753463,72.36474514007568,"{""num_rows"": ""2097152"", ""segment_profile"": ""pairs"", ""shared_suffix"": ""64""}"
experiment-3,stable-warps-0,sorted_order_strings_segments,Device=0 num_rows=32768 shared_suffix=0 segment_profile=tiny4,True,False,2,0.15710720047354698,2.741276521985099,1.1391592025756836,"{""num_rows"": ""32768"", ""segment_profile"": ""tiny4"", ""shared_suffix"": ""0""}"
experiment-3,stable-warps-0,sorted_order_strings_segments,Device=0 num_rows=2097152 shared_suffix=0 segment_profile=tiny4,True,False,2,0.574294400215149,0.9409399600729564,72.36474514007568,"{""num_rows"": ""2097152"", ""segment_profile"": ""tiny4"", ""shared_suffix"": ""0""}"
experiment-3,stable-warps-0,sorted_order_strings_segments,Device=0 num_rows=32768 shared_suffix=64 segment_profile=tiny4,True,False,2,0.16700479984283448,1.4570796349580502,1.1391592025756836,"{""num_rows"": ""32768"", ""segment_profile"": ""tiny4"", ""shared_suffix"": ""64""}"
experiment-3,stable-warps-0,sorted_order_strings_segments,Device=0 num_rows=2097152 shared_suffix=64 segment_profile=tiny4,True,False,2,0.9077440023422242,0.7020573362137864,72.36474514007568,"{""num_rows"": ""2097152"", ""segment_profile"": ""tiny4"", ""shared_suffix"": ""64""}"
experiment-3,stable-warps-0,sorted_order_strings_segments,Device=0 num_rows=32768 shared_suffix=0 segment_profile=tiny8,True,False,2,0.15784799978137015,1.6102069499351648,1.1391592025756836,"{""num_rows"": ""32768"", ""segment_profile"": ""tiny8"", ""shared_suffix"": ""0""}"
experiment-3,stable-warps-0,sorted_order_strings_segments,Device=0 num_rows=2097152 shared_suffix=0 segment_profile=tiny8,True,False,2,0.5814496040344238,0.6200345096927862,72.36474514007568,"{""num_rows"": ""2097152"", ""segment_profile"": ""tiny8"", ""shared_suffix"": ""0""}"
experiment-3,stable-warps-0,sorted_order_strings_segments,Device=0 num_rows=32768 shared_suffix=64 segment_profile=tiny8,True,False,2,0.1769600011408329,1.773132873376139,1.1391592025756836,"{""num_rows"": ""32768"", ""segment_profile"": ""tiny8"", ""shared_suffix"": ""64""}"
experiment-3,stable-warps-0,sorted_order_strings_segments,Device=0 num_rows=2097152 shared_suffix=64 segment_profile=tiny8,True,False,2,1.1394335746765138,0.3191510010778856,72.36474514007568,"{""num_rows"": ""2097152"", ""segment_profile"": ""tiny8"", ""shared_suffix"": ""64""}"
experiment-3,stable-warps-0,sorted_order_strings_segments,Device=0 num_rows=32768 shared_suffix=0 segment_profile=tiny16,True,False,2,0.1608927994966507,2.204031991035475,1.1391592025756836,"{""num_rows"": ""32768"", ""segment_profile"": ""tiny16"", ""shared_suffix"": ""0""}"
experiment-3,stable-warps-0,sorted_order_strings_segments,Device=0 num_rows=2097152 shared_suffix=0 segment_profile=tiny16,True,False,2,0.6095567911863328,0.48367367241132686,72.36474514007568,"{""num_rows"": ""2097152"", ""segment_profile"": ""tiny16"", ""shared_suffix"": ""0""}"
experiment-3,stable-warps-0,sorted_order_strings_segments,Device=0 num_rows=32768 shared_suffix=64 segment_profile=tiny16,True,False,2,0.18197920024394992,1.3371739295075162,1.1391592025756836,"{""num_rows"": ""32768"", ""segment_profile"": ""tiny16"", ""shared_suffix"": ""64""}"
experiment-3,stable-warps-0,sorted_order_strings_segments,Device=0 num_rows=2097152 shared_suffix=64 segment_profile=tiny16,True,False,2,1.3503839910030362,0.2671045668966439,72.36474514007568,"{""num_rows"": ""2097152"", ""segment_profile"": ""tiny16"", ""shared_suffix"": ""64""}"
experiment-3,stable-warps-0,sorted_order_strings_segments,Device=0 num_rows=32768 shared_suffix=0 segment_profile=tiny32,True,False,2,0.16269280016422272,1.4914768664669542,1.1391592025756836,"{""num_rows"": ""32768"", ""segment_profile"": ""tiny32"", ""shared_suffix"": ""0""}"
experiment-3,stable-warps-0,sorted_order_strings_segments,Device=0 num_rows=2097152 shared_suffix=0 segment_profile=tiny32,True,False,2,0.660249599814415,0.3623613303729667,72.36474514007568,"{""num_rows"": ""2097152"", ""segment_profile"": ""tiny32"", ""shared_suffix"": ""0""}"
experiment-3,stable-warps-0,sorted_order_strings_segments,Device=0 num_rows=32768 shared_suffix=64 segment_profile=tiny32,True,False,2,0.19290240034461026,1.215047661070057,1.1391592025756836,"{""num_rows"": ""32768"", ""segment_profile"": ""tiny32"", ""shared_suffix"": ""64""}"
experiment-3,stable-warps-0,sorted_order_strings_segments,Device=0 num_rows=2097152 shared_suffix=64 segment_profile=tiny32,True,False,2,1.6434975922107695,0.2268837102954295,72.36474514007568,"{""num_rows"": ""2097152"", ""segment_profile"": ""tiny32"", ""shared_suffix"": ""64""}"
baseline,segments,sorted_order_strings_segments,Device=0 num_rows=32768 shared_suffix=0 segment_profile=singletons,False,False,2,0.13670400008559228,1.6342224143361634,1.1391592025756836,"{""num_rows"": ""32768"", ""segment_profile"": ""singletons"", ""shared_suffix"": ""0""}"
baseline,segments,sorted_order_strings_segments,Device=0 num_rows=2097152 shared_suffix=0 segment_profile=singletons,False,False,2,0.3483823969960213,0.7438652915794078,72.36474514007568,"{""num_rows"": ""2097152"", ""segment_profile"": ""singletons"", ""shared_suffix"": ""0""}"
baseline,segments,sorted_order_strings_segments,Device=0 num_rows=32768 shared_suffix=64 segment_profile=singletons,False,False,2,0.13760959953069685,0.9923182980262601,1.1391592025756836,"{""num_rows"": ""32768"", ""segment_profile"": ""singletons"", ""shared_suffix"": ""64""}"
baseline,segments,sorted_order_strings_segments,Device=0 num_rows=2097152 shared_suffix=64 segment_profile=singletons,False,False,2,0.40526239722967144,18.315010637806537,72.36474514007568,"{""num_rows"": ""2097152"", ""segment_profile"": ""singletons"", ""shared_suffix"": ""64""}"
baseline,segments,sorted_order_strings_segments,Device=0 num_rows=32768 shared_suffix=0 segment_profile=pairs,False,False,2,0.15404160171747208,1.1775183984130067,1.1391592025756836,"{""num_rows"": ""32768"", ""segment_profile"": ""pairs"", ""shared_suffix"": ""0""}"
baseline,segments,sorted_order_strings_segments,Device=0 num_rows=2097152 shared_suffix=0 segment_profile=pairs,False,False,2,0.6447200030088426,1.1469168578839786,72.36474514007568,"{""num_rows"": ""2097152"", ""segment_profile"": ""pairs"", ""shared_suffix"": ""0""}"
baseline,segments,sorted_order_strings_segments,Device=0 num_rows=32768 shared_suffix=64 segment_profile=pairs,False,False,2,0.157167999446392,0.8910092644898788,1.1391592025756836,"{""num_rows"": ""32768"", ""segment_profile"": ""pairs"", ""shared_suffix"": ""64""}"
baseline,segments,sorted_order_strings_segments,Device=0 num_rows=2097152 shared_suffix=64 segment_profile=pairs,False,False,2,0.8160752028226854,0.7853154593068205,72.36474514007568,"{""num_rows"": ""2097152"", ""segment_profile"": ""pairs"", ""shared_suffix"": ""64""}"
baseline,segments,sorted_order_strings_segments,Device=0 num_rows=32768 shared_suffix=0 segment_profile=tiny4,False,False,2,0.15456960126757618,0.8187677189553006,1.1391592025756836,"{""num_rows"": ""32768"", ""segment_profile"": ""tiny4"", ""shared_suffix"": ""0""}"
baseline,segments,sorted_order_strings_segments,Device=0 num_rows=2097152 shared_suffix=0 segment_profile=tiny4,False,False,2,0.5722191989421844,0.9446337051598829,72.36474514007568,"{""num_rows"": ""2097152"", ""segment_profile"": ""tiny4"", ""shared_suffix"": ""0""}"
baseline,segments,sorted_order_strings_segments,Device=0 num_rows=32768 shared_suffix=64 segment_profile=tiny4,False,False,2,0.16562559977173805,0.6739271828299984,1.1391592025756836,"{""num_rows"": ""32768"", ""segment_profile"": ""tiny4"", ""shared_suffix"": ""64""}"
baseline,segments,sorted_order_strings_segments,Device=0 num_rows=2097152 shared_suffix=64 segment_profile=tiny4,False,False,2,0.908424001932144,0.6496845957939179,72.36474514007568,"{""num_rows"": ""2097152"", ""segment_profile"": ""tiny4"", ""shared_suffix"": ""64""}"
baseline,segments,sorted_order_strings_segments,Device=0 num_rows=32768 shared_suffix=0 segment_profile=tiny8,False,False,2,0.15759519934654237,0.9521300538218058,1.1391592025756836,"{""num_rows"": ""32768"", ""segment_profile"": ""tiny8"", ""shared_suffix"": ""0""}"
baseline,segments,sorted_order_strings_segments,Device=0 num_rows=2097152 shared_suffix=0 segment_profile=tiny8,False,False,2,0.5885280013084412,0.7139107569897739,72.36474514007568,"{""num_rows"": ""2097152"", ""segment_profile"": ""tiny8"", ""shared_suffix"": ""0""}"
baseline,segments,sorted_order_strings_segments,Device=0 num_rows=32768 shared_suffix=64 segment_profile=tiny8,False,False,2,0.17600640058517458,1.0844959849567388,1.1391592025756836,"{""num_rows"": ""32768"", ""segment_profile"": ""tiny8"", ""shared_suffix"": ""64""}"
baseline,segments,sorted_order_strings_segments,Device=0 num_rows=2097152 shared_suffix=64 segment_profile=tiny8,False,False,2,1.1496447980403899,0.26739132515878467,72.36474514007568,"{""num_rows"": ""2097152"", ""segment_profile"": ""tiny8"", ""shared_suffix"": ""64""}"
baseline,segments,sorted_order_strings_segments,Device=0 num_rows=32768 shared_suffix=0 segment_profile=tiny16,False,False,2,0.1628351993858814,2.8145758306485935,1.1391592025756836,"{""num_rows"": ""32768"", ""segment_profile"": ""tiny16"", ""shared_suffix"": ""0""}"
baseline,segments,sorted_order_strings_segments,Device=0 num_rows=2097152 shared_suffix=0 segment_profile=tiny16,False,False,2,0.6281023979187011,0.5817036976147146,72.36474514007568,"{""num_rows"": ""2097152"", ""segment_profile"": ""tiny16"", ""shared_suffix"": ""0""}"
baseline,segments,sorted_order_strings_segments,Device=0 num_rows=32768 shared_suffix=64 segment_profile=tiny16,False,False,2,0.18403519839048382,0.9155051233494671,1.1391592025756836,"{""num_rows"": ""32768"", ""segment_profile"": ""tiny16"", ""shared_suffix"": ""64""}"
baseline,segments,sorted_order_strings_segments,Device=0 num_rows=2097152 shared_suffix=64 segment_profile=tiny16,False,False,2,1.3672111988067626,0.2231733161204587,72.36474514007568,"{""num_rows"": ""2097152"", ""segment_profile"": ""tiny16"", ""shared_suffix"": ""64""}"
baseline,segments,sorted_order_strings_segments,Device=0 num_rows=32768 shared_suffix=0 segment_profile=tiny32,False,False,2,0.16225120052695277,0.751591028015965,1.1391592025756836,"{""num_rows"": ""32768"", ""segment_profile"": ""tiny32"", ""shared_suffix"": ""0""}"
baseline,segments,sorted_order_strings_segments,Device=0 num_rows=2097152 shared_suffix=0 segment_profile=tiny32,False,False,2,0.6814480036497117,0.35077609649065394,72.36474514007568,"{""num_rows"": ""2097152"", ""segment_profile"": ""tiny32"", ""shared_suffix"": ""0""}"
baseline,segments,sorted_order_strings_segments,Device=0 num_rows=32768 shared_suffix=64 segment_profile=tiny32,False,False,2,0.1918320000171661,1.0170723377870106,1.1391592025756836,"{""num_rows"": ""32768"", ""segment_profile"": ""tiny32"", ""shared_suffix"": ""64""}"
baseline,segments,sorted_order_strings_segments,Device=0 num_rows=2097152 shared_suffix=64 segment_profile=tiny32,False,False,2,1.6562032043933872,0.22641820823979159,72.36474514007568,"{""num_rows"": ""2097152"", ""segment_profile"": ""tiny32"", ""shared_suffix"": ""64""}"
baseline,segments,sorted_order_strings_segments,Device=0 num_rows=32768 shared_suffix=0 segment_profile=block256,False,False,2,0.17057440057396894,2.1595529272909206,1.1391592025756836,"{""num_rows"": ""32768"", ""segment_profile"": ""block256"", ""shared_suffix"": ""0""}"
baseline,segments,sorted_order_strings_segments,Device=0 num_rows=2097152 shared_suffix=0 segment_profile=block256,False,False,2,1.1510543942451477,0.30497227899706997,72.36474514007568,"{""num_rows"": ""2097152"", ""segment_profile"": ""block256"", ""shared_suffix"": ""0""}"
baseline,segments,sorted_order_strings_segments,Device=0 num_rows=32768 shared_suffix=64 segment_profile=block256,False,False,2,0.23708160147070884,0.5085962939458695,1.1391592025756836,"{""num_rows"": ""32768"", ""segment_profile"": ""block256"", ""shared_suffix"": ""64""}"
baseline,segments,sorted_order_strings_segments,Device=0 num_rows=2097152 shared_suffix=64 segment_profile=block256,False,False,2,3.2274799942970276,0.2151530999574749,72.36474514007568,"{""num_rows"": ""2097152"", ""segment_profile"": ""block256"", ""shared_suffix"": ""64""}"
baseline,segments,sorted_order_strings_segments,Device=0 num_rows=32768 shared_suffix=0 segment_profile=logarithmic,False,False,2,0.356996800005436,0.3428382384118552,1.1391592025756836,"{""num_rows"": ""32768"", ""segment_profile"": ""logarithmic"", ""shared_suffix"": ""0""}"
baseline,segments,sorted_order_strings_segments,Device=0 num_rows=2097152 shared_suffix=0 segment_profile=logarithmic,False,False,2,2.567792022228241,0.2843838730144003,72.36474514007568,"{""num_rows"": ""2097152"", ""segment_profile"": ""logarithmic"", ""shared_suffix"": ""0""}"
baseline,segments,sorted_order_strings_segments,Device=0 num_rows=32768 shared_suffix=64 segment_profile=logarithmic,False,False,2,0.9140671998262405,0.46605881067949273,1.1391592025756836,"{""num_rows"": ""32768"", ""segment_profile"": ""logarithmic"", ""shared_suffix"": ""64""}"
baseline,segments,sorted_order_strings_segments,Device=0 num_rows=2097152 shared_suffix=64 segment_profile=logarithmic,False,False,2,8.380947160720824,0.22429245727242003,72.36474514007568,"{""num_rows"": ""2097152"", ""segment_profile"": ""logarithmic"", ""shared_suffix"": ""64""}"
baseline,segments,sorted_order_strings_segments,Device=0 num_rows=32768 shared_suffix=0 segment_profile=tiny_plus_giant,False,False,2,0.2757055968046188,0.9875020141498871,1.1391592025756836,"{""num_rows"": ""32768"", ""segment_profile"": ""tiny_plus_giant"", ""shared_suffix"": ""0""}"
baseline,segments,sorted_order_strings_segments,Device=0 num_rows=2097152 shared_suffix=0 segment_profile=tiny_plus_giant,False,False,2,1.0895120084285734,0.21930248179790998,72.36474514007568,"{""num_rows"": ""2097152"", ""segment_profile"": ""tiny_plus_giant"", ""shared_suffix"": ""0""}"
baseline,segments,sorted_order_strings_segments,Device=0 num_rows=32768 shared_suffix=64 segment_profile=tiny_plus_giant,False,False,2,0.6848671972751618,0.5585100006322328,1.1391592025756836,"{""num_rows"": ""32768"", ""segment_profile"": ""tiny_plus_giant"", ""shared_suffix"": ""64""}"
baseline,segments,sorted_order_strings_segments,Device=0 num_rows=2097152 shared_suffix=64 segment_profile=tiny_plus_giant,False,False,2,3.200356781482697,0.3303573657343262,72.36474514007568,"{""num_rows"": ""2097152"", ""segment_profile"": ""tiny_plus_giant"", ""shared_suffix"": ""64""}"
baseline,segments,sorted_order_strings_segments,Device=0 num_rows=32768 shared_suffix=0 segment_profile=hot90,False,False,2,0.34438559710979455,1.101775898964283,1.1391592025756836,"{""num_rows"": ""32768"", ""segment_profile"": ""hot90"", ""shared_suffix"": ""0""}"
baseline,segments,sorted_order_strings_segments,Device=0 num_rows=2097152 shared_suffix=0 segment_profile=hot90,False,False,2,3.783097565174102,0.26455600110554556,72.36474514007568,"{""num_rows"": ""2097152"", ""segment_profile"": ""hot90"", ""shared_suffix"": ""0""}"
baseline,segments,sorted_order_strings_segments,Device=0 num_rows=32768 shared_suffix=64 segment_profile=hot90,False,False,2,0.7866096109151842,0.4732708251975609,1.1391592025756836,"{""num_rows"": ""32768"", ""segment_profile"": ""hot90"", ""shared_suffix"": ""64""}"
baseline,segments,sorted_order_strings_segments,Device=0 num_rows=2097152 shared_suffix=64 segment_profile=hot90,False,False,2,13.274710273742677,0.24871689469503402,72.36474514007568,"{""num_rows"": ""2097152"", ""segment_profile"": ""hot90"", ""shared_suffix"": ""64""}"
baseline,segments,sorted_order_strings_segments,Device=0 num_rows=32768 shared_suffix=0 segment_profile=few_giants,False,False,2,0.2248176008462906,0.42497233884541974,1.1391592025756836,"{""num_rows"": ""32768"", ""segment_profile"": ""few_giants"", ""shared_suffix"": ""0""}"
baseline,segments,sorted_order_strings_segments,Device=0 num_rows=2097152 shared_suffix=0 segment_profile=few_giants,False,False,2,1.013422417640686,0.3981416195887882,72.36474514007568,"{""num_rows"": ""2097152"", ""segment_profile"": ""few_giants"", ""shared_suffix"": ""0""}"
baseline,segments,sorted_order_strings_segments,Device=0 num_rows=32768 shared_suffix=64 segment_profile=few_giants,False,False,2,0.3959343999624253,0.8872796064858879,1.1391592025756836,"{""num_rows"": ""32768"", ""segment_profile"": ""few_giants"", ""shared_suffix"": ""64""}"
baseline,segments,sorted_order_strings_segments,Device=0 num_rows=2097152 shared_suffix=64 segment_profile=few_giants,False,False,2,3.0539456129074094,0.24226274537431988,72.36474514007568,"{""num_rows"": ""2097152"", ""segment_profile"": ""few_giants"", ""shared_suffix"": ""64""}"
baseline,segments,sorted_order_strings_segments,Device=0 num_rows=32768 shared_suffix=0 segment_profile=one_segment,False,False,2,0.3281567975878714,0.5836629581686643,1.1391592025756836,"{""num_rows"": ""32768"", ""segment_profile"": ""one_segment"", ""shared_suffix"": ""0""}"
baseline,segments,sorted_order_strings_segments,Device=0 num_rows=2097152 shared_suffix=0 segment_profile=one_segment,False,False,2,3.945166420936584,0.4759555478484032,72.36474514007568,"{""num_rows"": ""2097152"", ""segment_profile"": ""one_segment"", ""shared_suffix"": ""0""}"
baseline,segments,sorted_order_strings_segments,Device=0 num_rows=32768 shared_suffix=64 segment_profile=one_segment,False,False,2,0.7362864017486573,2.4451016439764417,1.1391592025756836,"{""num_rows"": ""32768"", ""segment_profile"": ""one_segment"", ""shared_suffix"": ""64""}"
baseline,segments,sorted_order_strings_segments,Device=0 num_rows=2097152 shared_suffix=64 segment_profile=one_segment,False,False,2,13.682726430892943,0.8236183361617317,72.36474514007568,"{""num_rows"": ""2097152"", ""segment_profile"": ""one_segment"", ""shared_suffix"": ""64""}"
baseline,segments,sorted_order_strings_segments,Device=0 num_rows=32768 shared_suffix=0 segment_profile=singletons,False,False,1,0.14147519916296009,13.2692721905996,1.1391592025756836,"{""num_rows"": ""32768"", ""segment_profile"": ""singletons"", ""shared_suffix"": ""0""}"
baseline,segments,sorted_order_strings_segments,Device=0 num_rows=2097152 shared_suffix=0 segment_profile=singletons,False,False,1,0.35018879920244217,0.8776990659268236,72.36474514007568,"{""num_rows"": ""2097152"", ""segment_profile"": ""singletons"", ""shared_suffix"": ""0""}"
baseline,segments,sorted_order_strings_segments,Device=0 num_rows=32768 shared_suffix=64 segment_profile=singletons,False,False,1,0.1380047991871834,0.886995189164291,1.1391592025756836,"{""num_rows"": ""32768"", ""segment_profile"": ""singletons"", ""shared_suffix"": ""64""}"
baseline,segments,sorted_order_strings_segments,Device=0 num_rows=2097152 shared_suffix=64 segment_profile=singletons,False,False,1,0.38740800172090534,0.9740553980402125,72.36474514007568,"{""num_rows"": ""2097152"", ""segment_profile"": ""singletons"", ""shared_suffix"": ""64""}"
baseline,segments,sorted_order_strings_segments,Device=0 num_rows=32768 shared_suffix=0 segment_profile=pairs,False,False,1,0.15381920039653776,1.4436432553041478,1.1391592025756836,"{""num_rows"": ""32768"", ""segment_profile"": ""pairs"", ""shared_suffix"": ""0""}"
baseline,segments,sorted_order_strings_segments,Device=0 num_rows=2097152 shared_suffix=0 segment_profile=pairs,False,False,1,0.6457311928272247,1.4773965989746027,72.36474514007568,"{""num_rows"": ""2097152"", ""segment_profile"": ""pairs"", ""shared_suffix"": ""0""}"
baseline,segments,sorted_order_strings_segments,Device=0 num_rows=32768 shared_suffix=64 segment_profile=pairs,False,False,1,0.15761760026216506,1.7524035967419107,1.1391592025756836,"{""num_rows"": ""32768"", ""segment_profile"": ""pairs"", ""shared_suffix"": ""64""}"
baseline,segments,sorted_order_strings_segments,Device=0 num_rows=2097152 shared_suffix=64 segment_profile=pairs,False,False,1,0.8213631987571718,2.0960266985951064,72.36474514007568,"{""num_rows"": ""2097152"", ""segment_profile"": ""pairs"", ""shared_suffix"": ""64""}"
baseline,segments,sorted_order_strings_segments,Device=0 num_rows=32768 shared_suffix=0 segment_profile=tiny4,False,False,1,0.15510560125112532,1.9097280352883377,1.1391592025756836,"{""num_rows"": ""32768"", ""segment_profile"": ""tiny4"", ""shared_suffix"": ""0""}"
baseline,segments,sorted_order_strings_segments,Device=0 num_rows=2097152 shared_suffix=0 segment_profile=tiny4,False,False,1,0.5748544067144393,1.1352609968503857,72.36474514007568,"{""num_rows"": ""2097152"", ""segment_profile"": ""tiny4"", ""shared_suffix"": ""0""}"
baseline,segments,sorted_order_strings_segments,Device=0 num_rows=32768 shared_suffix=64 segment_profile=tiny4,False,False,1,0.16781759932637216,6.31921844718287,1.1391592025756836,"{""num_rows"": ""32768"", ""segment_profile"": ""tiny4"", ""shared_suffix"": ""64""}"
baseline,segments,sorted_order_strings_segments,Device=0 num_rows=2097152 shared_suffix=64 segment_profile=tiny4,False,False,1,0.9083072006702425,0.6791508106030394,72.36474514007568,"{""num_rows"": ""2097152"", ""segment_profile"": ""tiny4"", ""shared_suffix"": ""64""}"
baseline,segments,sorted_order_strings_segments,Device=0 num_rows=32768 shared_suffix=0 segment_profile=tiny8,False,False,1,0.1582864008843899,0.8817663172132154,1.1391592025756836,"{""num_rows"": ""32768"", ""segment_profile"": ""tiny8"", ""shared_suffix"": ""0""}"
baseline,segments,sorted_order_strings_segments,Device=0 num_rows=2097152 shared_suffix=0 segment_profile=tiny8,False,False,1,0.5898431956768035,0.6483719296621764,72.36474514007568,"{""num_rows"": ""2097152"", ""segment_profile"": ""tiny8"", ""shared_suffix"": ""0""}"
baseline,segments,sorted_order_strings_segments,Device=0 num_rows=32768 shared_suffix=64 segment_profile=tiny8,False,False,1,0.17583679929375648,0.7503485132952112,1.1391592025756836,"{""num_rows"": ""32768"", ""segment_profile"": ""tiny8"", ""shared_suffix"": ""64""}"
baseline,segments,sorted_order_strings_segments,Device=0 num_rows=2097152 shared_suffix=64 segment_profile=tiny8,False,False,1,1.1500576019287112,0.34878167393154597,72.36474514007568,"{""num_rows"": ""2097152"", ""segment_profile"": ""tiny8"", ""shared_suffix"": ""64""}"
baseline,segments,sorted_order_strings_segments,Device=0 num_rows=32768 shared_suffix=0 segment_profile=tiny16,False,False,1,0.1628175996243954,1.9493158274365812,1.1391592025756836,"{""num_rows"": ""32768"", ""segment_profile"": ""tiny16"", ""shared_suffix"": ""0""}"
baseline,segments,sorted_order_strings_segments,Device=0 num_rows=2097152 shared_suffix=0 segment_profile=tiny16,False,False,1,0.6301407992839814,0.4329036761143817,72.36474514007568,"{""num_rows"": ""2097152"", ""segment_profile"": ""tiny16"", ""shared_suffix"": ""0""}"
baseline,segments,sorted_order_strings_segments,Device=0 num_rows=32768 shared_suffix=64 segment_profile=tiny16,False,False,1,0.184519998729229,1.588578912878304,1.1391592025756836,"{""num_rows"": ""32768"", ""segment_profile"": ""tiny16"", ""shared_suffix"": ""64""}"
baseline,segments,sorted_order_strings_segments,Device=0 num_rows=2097152 shared_suffix=64 segment_profile=tiny16,False,False,1,1.3655023992061615,0.3484731728457431,72.36474514007568,"{""num_rows"": ""2097152"", ""segment_profile"": ""tiny16"", ""shared_suffix"": ""64""}"
baseline,segments,sorted_order_strings_segments,Device=0 num_rows=32768 shared_suffix=0 segment_profile=tiny32,False,False,1,0.16192640066146846,1.0772454473069597,1.1391592025756836,"{""num_rows"": ""32768"", ""segment_profile"": ""tiny32"", ""shared_suffix"": ""0""}"
baseline,segments,sorted_order_strings_segments,Device=0 num_rows=2097152 shared_suffix=0 segment_profile=tiny32,False,False,1,0.6824864000082017,0.4033301808118535,72.36474514007568,"{""num_rows"": ""2097152"", ""segment_profile"": ""tiny32"", ""shared_suffix"": ""0""}"
baseline,segments,sorted_order_strings_segments,Device=0 num_rows=32768 shared_suffix=64 segment_profile=tiny32,False,False,1,0.19283999949693675,1.630908363468575,1.1391592025756836,"{""num_rows"": ""32768"", ""segment_profile"": ""tiny32"", ""shared_suffix"": ""64""}"
baseline,segments,sorted_order_strings_segments,Device=0 num_rows=2097152 shared_suffix=64 segment_profile=tiny32,False,False,1,1.658236813545227,0.2578172985977075,72.36474514007568,"{""num_rows"": ""2097152"", ""segment_profile"": ""tiny32"", ""shared_suffix"": ""64""}"
baseline,segments,sorted_order_strings_segments,Device=0 num_rows=32768 shared_suffix=0 segment_profile=block256,False,False,1,0.17088960111141205,1.224440385201515,1.1391592025756836,"{""num_rows"": ""32768"", ""segment_profile"": ""block256"", ""shared_suffix"": ""0""}"
baseline,segments,sorted_order_strings_segments,Device=0 num_rows=2097152 shared_suffix=0 segment_profile=block256,False,False,1,1.1513503909111023,0.360595657080713,72.36474514007568,"{""num_rows"": ""2097152"", ""segment_profile"": ""block256"", ""shared_suffix"": ""0""}"
baseline,segments,sorted_order_strings_segments,Device=0 num_rows=32768 shared_suffix=64 segment_profile=block256,False,False,1,0.23723679929971694,0.5529957331106358,1.1391592025756836,"{""num_rows"": ""32768"", ""segment_profile"": ""block256"", ""shared_suffix"": ""64""}"
baseline,segments,sorted_order_strings_segments,Device=0 num_rows=2097152 shared_suffix=64 segment_profile=block256,False,False,1,3.2256560087203985,0.23881944239096745,72.36474514007568,"{""num_rows"": ""2097152"", ""segment_profile"": ""block256"", ""shared_suffix"": ""64""}"
baseline,segments,sorted_order_strings_segments,Device=0 num_rows=32768 shared_suffix=0 segment_profile=logarithmic,False,False,1,0.3592256009578705,0.8562848126593997,1.1391592025756836,"{""num_rows"": ""32768"", ""segment_profile"": ""logarithmic"", ""shared_suffix"": ""0""}"
baseline,segments,sorted_order_strings_segments,Device=0 num_rows=2097152 shared_suffix=0 segment_profile=logarithmic,False,False,1,2.5709936141967766,0.2118483377827315,72.36474514007568,"{""num_rows"": ""2097152"", ""segment_profile"": ""logarithmic"", ""shared_suffix"": ""0""}"
baseline,segments,sorted_order_strings_segments,Device=0 num_rows=32768 shared_suffix=64 segment_profile=logarithmic,False,False,1,0.9127008020877838,0.2506881097433093,1.1391592025756836,"{""num_rows"": ""32768"", ""segment_profile"": ""logarithmic"", ""shared_suffix"": ""64""}"
baseline,segments,sorted_order_strings_segments,Device=0 num_rows=2097152 shared_suffix=64 segment_profile=logarithmic,False,False,1,8.392801570892333,0.25882810663297523,72.36474514007568,"{""num_rows"": ""2097152"", ""segment_profile"": ""logarithmic"", ""shared_suffix"": ""64""}"
baseline,segments,sorted_order_strings_segments,Device=0 num_rows=32768 shared_suffix=0 segment_profile=tiny_plus_giant,False,False,1,0.2768239974975586,0.7975343299414446,1.1391592025756836,"{""num_rows"": ""32768"", ""segment_profile"": ""tiny_plus_giant"", ""shared_suffix"": ""0""}"
baseline,segments,sorted_order_strings_segments,Device=0 num_rows=2097152 shared_suffix=0 segment_profile=tiny_plus_giant,False,False,1,1.0903343915939332,0.24439418372653707,72.36474514007568,"{""num_rows"": ""2097152"", ""segment_profile"": ""tiny_plus_giant"", ""shared_suffix"": ""0""}"
baseline,segments,sorted_order_strings_segments,Device=0 num_rows=32768 shared_suffix=64 segment_profile=tiny_plus_giant,False,False,1,0.6827743977308274,0.2062678365455936,1.1391592025756836,"{""num_rows"": ""32768"", ""segment_profile"": ""tiny_plus_giant"", ""shared_suffix"": ""64""}"
baseline,segments,sorted_order_strings_segments,Device=0 num_rows=2097152 shared_suffix=64 segment_profile=tiny_plus_giant,False,False,1,3.2022319912910455,0.3545095729590358,72.36474514007568,"{""num_rows"": ""2097152"", ""segment_profile"": ""tiny_plus_giant"", ""shared_suffix"": ""64""}"
baseline,segments,sorted_order_strings_segments,Device=0 num_rows=32768 shared_suffix=0 segment_profile=hot90,False,False,1,0.3449183970689773,1.2381609399062818,1.1391592025756836,"{""num_rows"": ""32768"", ""segment_profile"": ""hot90"", ""shared_suffix"": ""0""}"
baseline,segments,sorted_order_strings_segments,Device=0 num_rows=2097152 shared_suffix=0 segment_profile=hot90,False,False,1,3.7806495904922484,0.18494338336655633,72.36474514007568,"{""num_rows"": ""2097152"", ""segment_profile"": ""hot90"", ""shared_suffix"": ""0""}"
baseline,segments,sorted_order_strings_segments,Device=0 num_rows=32768 shared_suffix=64 segment_profile=hot90,False,False,1,0.784976002573967,0.7185535903129274,1.1391592025756836,"{""num_rows"": ""32768"", ""segment_profile"": ""hot90"", ""shared_suffix"": ""64""}"
baseline,segments,sorted_order_strings_segments,Device=0 num_rows=2097152 shared_suffix=64 segment_profile=hot90,False,False,1,13.278430366516114,0.2628529130542903,72.36474514007568,"{""num_rows"": ""2097152"", ""segment_profile"": ""hot90"", ""shared_suffix"": ""64""}"
baseline,segments,sorted_order_strings_segments,Device=0 num_rows=32768 shared_suffix=0 segment_profile=few_giants,False,False,1,0.2242992006242275,1.5225822638301858,1.1391592025756836,"{""num_rows"": ""32768"", ""segment_profile"": ""few_giants"", ""shared_suffix"": ""0""}"
baseline,segments,sorted_order_strings_segments,Device=0 num_rows=2097152 shared_suffix=0 segment_profile=few_giants,False,False,1,1.0131807982921601,0.3205939904204726,72.36474514007568,"{""num_rows"": ""2097152"", ""segment_profile"": ""few_giants"", ""shared_suffix"": ""0""}"
baseline,segments,sorted_order_strings_segments,Device=0 num_rows=32768 shared_suffix=64 segment_profile=few_giants,False,False,1,0.39352319836616517,0.9300250292099983,1.1391592025756836,"{""num_rows"": ""32768"", ""segment_profile"": ""few_giants"", ""shared_suffix"": ""64""}"
baseline,segments,sorted_order_strings_segments,Device=0 num_rows=2097152 shared_suffix=64 segment_profile=few_giants,False,False,1,3.055263996124267,0.195684287805558,72.36474514007568,"{""num_rows"": ""2097152"", ""segment_profile"": ""few_giants"", ""shared_suffix"": ""64""}"
baseline,segments,sorted_order_strings_segments,Device=0 num_rows=32768 shared_suffix=0 segment_profile=one_segment,False,False,1,0.32926879823207844,0.42817439801824086,1.1391592025756836,"{""num_rows"": ""32768"", ""segment_profile"": ""one_segment"", ""shared_suffix"": ""0""}"
baseline,segments,sorted_order_strings_segments,Device=0 num_rows=2097152 shared_suffix=0 segment_profile=one_segment,False,False,1,3.943848013877869,0.3631916140498446,72.36474514007568,"{""num_rows"": ""2097152"", ""segment_profile"": ""one_segment"", ""shared_suffix"": ""0""}"
baseline,segments,sorted_order_strings_segments,Device=0 num_rows=32768 shared_suffix=64 segment_profile=one_segment,False,False,1,0.7328512012958527,0.38970688184646096,1.1391592025756836,"{""num_rows"": ""32768"", ""segment_profile"": ""one_segment"", ""shared_suffix"": ""64""}"
baseline,segments,sorted_order_strings_segments,Device=0 num_rows=2097152 shared_suffix=64 segment_profile=one_segment,False,False,1,13.739076757431029,0.7253908780866106,72.36474514007568,"{""num_rows"": ""2097152"", ""segment_profile"": ""one_segment"", ""shared_suffix"": ""64""}"
experiment-31,stable-warps-0,sorted_order_strings_segments,Device=0 num_rows=32768 shared_suffix=0 segment_profile=pairs,True,False,1,0.15801919996738437,3.124995171092333,1.1391592025756836,"{""num_rows"": ""32768"", ""segment_profile"": ""pairs"", ""shared_suffix"": ""0""}"
experiment-31,stable-warps-0,sorted_order_strings_segments,Device=0 num_rows=2097152 shared_suffix=0 segment_profile=pairs,True,False,1,0.6429024010896682,1.2122509088329385,72.36474514007568,"{""num_rows"": ""2097152"", ""segment_profile"": ""pairs"", ""shared_suffix"": ""0""}"
experiment-31,stable-warps-0,sorted_order_strings_segments,Device=0 num_rows=32768 shared_suffix=64 segment_profile=pairs,True,False,1,0.16419519931077955,0.9779704826580767,1.1391592025756836,"{""num_rows"": ""32768"", ""segment_profile"": ""pairs"", ""shared_suffix"": ""64""}"
experiment-31,stable-warps-0,sorted_order_strings_segments,Device=0 num_rows=2097152 shared_suffix=64 segment_profile=pairs,True,False,1,0.821652802824974,1.1180499453659292,72.36474514007568,"{""num_rows"": ""2097152"", ""segment_profile"": ""pairs"", ""shared_suffix"": ""64""}"
experiment-31,stable-warps-0,sorted_order_strings_segments,Device=0 num_rows=32768 shared_suffix=0 segment_profile=tiny4,True,False,1,0.15872479975223544,1.3613152305571954,1.1391592025756836,"{""num_rows"": ""32768"", ""segment_profile"": ""tiny4"", ""shared_suffix"": ""0""}"
experiment-31,stable-warps-0,sorted_order_strings_segments,Device=0 num_rows=2097152 shared_suffix=0 segment_profile=tiny4,True,False,1,0.5686319977045059,0.882029550009053,72.36474514007568,"{""num_rows"": ""2097152"", ""segment_profile"": ""tiny4"", ""shared_suffix"": ""0""}"
experiment-31,stable-warps-0,sorted_order_strings_segments,Device=0 num_rows=32768 shared_suffix=64 segment_profile=tiny4,True,False,1,0.1663152001798153,0.9815424409558953,1.1391592025756836,"{""num_rows"": ""32768"", ""segment_profile"": ""tiny4"", ""shared_suffix"": ""64""}"
experiment-31,stable-warps-0,sorted_order_strings_segments,Device=0 num_rows=2097152 shared_suffix=64 segment_profile=tiny4,True,False,1,0.9042176038026808,0.5806596899346526,72.36474514007568,"{""num_rows"": ""2097152"", ""segment_profile"": ""tiny4"", ""shared_suffix"": ""64""}"
experiment-31,stable-warps-0,sorted_order_strings_segments,Device=0 num_rows=32768 shared_suffix=0 segment_profile=tiny8,True,False,1,0.1577551998198032,2.4725169903318562,1.1391592025756836,"{""num_rows"": ""32768"", ""segment_profile"": ""tiny8"", ""shared_suffix"": ""0""}"
experiment-31,stable-warps-0,sorted_order_strings_segments,Device=0 num_rows=2097152 shared_suffix=0 segment_profile=tiny8,True,False,1,0.5773088037967682,0.7421448989235707,72.36474514007568,"{""num_rows"": ""2097152"", ""segment_profile"": ""tiny8"", ""shared_suffix"": ""0""}"
experiment-31,stable-warps-0,sorted_order_strings_segments,Device=0 num_rows=32768 shared_suffix=64 segment_profile=tiny8,True,False,1,0.17616799995303153,0.5577490134807451,1.1391592025756836,"{""num_rows"": ""32768"", ""segment_profile"": ""tiny8"", ""shared_suffix"": ""64""}"
experiment-31,stable-warps-0,sorted_order_strings_segments,Device=0 num_rows=2097152 shared_suffix=64 segment_profile=tiny8,True,False,1,1.1352688014507293,0.34350080448606035,72.36474514007568,"{""num_rows"": ""2097152"", ""segment_profile"": ""tiny8"", ""shared_suffix"": ""64""}"
experiment-31,stable-warps-0,sorted_order_strings_segments,Device=0 num_rows=32768 shared_suffix=0 segment_profile=tiny16,True,False,1,0.15830719992518424,2.054227746763272,1.1391592025756836,"{""num_rows"": ""32768"", ""segment_profile"": ""tiny16"", ""shared_suffix"": ""0""}"
experiment-31,stable-warps-0,sorted_order_strings_segments,Device=0 num_rows=2097152 shared_suffix=0 segment_profile=tiny16,True,False,1,0.6029888033866881,0.5369480991194996,72.36474514007568,"{""num_rows"": ""2097152"", ""segment_profile"": ""tiny16"", ""shared_suffix"": ""0""}"
experiment-31,stable-warps-0,sorted_order_strings_segments,Device=0 num_rows=32768 shared_suffix=64 segment_profile=tiny16,True,False,1,0.18289599865674974,1.5693208376936785,1.1391592025756836,"{""num_rows"": ""32768"", ""segment_profile"": ""tiny16"", ""shared_suffix"": ""64""}"
experiment-31,stable-warps-0,sorted_order_strings_segments,Device=0 num_rows=2097152 shared_suffix=64 segment_profile=tiny16,True,False,1,1.3459760010242463,0.2059439199372356,72.36474514007568,"{""num_rows"": ""2097152"", ""segment_profile"": ""tiny16"", ""shared_suffix"": ""64""}"
experiment-31,stable-warps-0,sorted_order_strings_segments,Device=0 num_rows=32768 shared_suffix=0 segment_profile=tiny32,True,False,1,0.15947680026292804,2.7019864467167705,1.1391592025756836,"{""num_rows"": ""32768"", ""segment_profile"": ""tiny32"", ""shared_suffix"": ""0""}"
experiment-31,stable-warps-0,sorted_order_strings_segments,Device=0 num_rows=2097152 shared_suffix=0 segment_profile=tiny32,True,False,1,0.6577359914779662,0.41878231492865764,72.36474514007568,"{""num_rows"": ""2097152"", ""segment_profile"": ""tiny32"", ""shared_suffix"": ""0""}"
experiment-31,stable-warps-0,sorted_order_strings_segments,Device=0 num_rows=32768 shared_suffix=64 segment_profile=tiny32,True,False,1,0.19041120037436488,2.448587973891989,1.1391592025756836,"{""num_rows"": ""32768"", ""segment_profile"": ""tiny32"", ""shared_suffix"": ""64""}"
experiment-31,stable-warps-0,sorted_order_strings_segments,Device=0 num_rows=2097152 shared_suffix=64 segment_profile=tiny32,True,False,1,1.6380223989486697,0.2259969588793796,72.36474514007568,"{""num_rows"": ""2097152"", ""segment_profile"": ""tiny32"", ""shared_suffix"": ""64""}"
experiment-3,pr-diagnostics,sorted_order_strings_segmented_diagnostics,Device=0 num_rows=262144 profile=finish_257,False,False,2,0.2129392005503177,0.43443371418746574,9.053221702575684,"{""num_rows"": ""262144"", ""profile"": ""finish_257""}"
experiment-3,pr-diagnostics,sorted_order_strings_segmented_diagnostics,Device=0 num_rows=2097152 profile=finish_257,False,False,2,0.412534399330616,0.8511782161557482,72.36474514007568,"{""num_rows"": ""2097152"", ""profile"": ""finish_257""}"
experiment-3,pr-diagnostics,sorted_order_strings_segmented_diagnostics,Device=0 num_rows=262144 profile=finish_1024,False,False,2,0.23837599977850912,0.7603326665777286,9.053221702575684,"{""num_rows"": ""262144"", ""profile"": ""finish_1024""}"
experiment-3,pr-diagnostics,sorted_order_strings_segmented_diagnostics,Device=0 num_rows=2097152 profile=finish_1024,False,False,2,0.4375023961067199,0.980647131326281,72.36474514007568,"{""num_rows"": ""2097152"", ""profile"": ""finish_1024""}"
experiment-3,pr-diagnostics,sorted_order_strings_segmented_diagnostics,Device=0 num_rows=262144 profile=finish_4096,False,False,2,0.27711359858512874,0.9460783839931945,9.053221702575684,"{""num_rows"": ""262144"", ""profile"": ""finish_4096""}"
experiment-3,pr-diagnostics,sorted_order_strings_segmented_diagnostics,Device=0 num_rows=2097152 profile=finish_4096,False,False,2,0.4781759977340699,0.9051653520181872,72.36474514007568,"{""num_rows"": ""2097152"", ""profile"": ""finish_4096""}"
experiment-3,pr-diagnostics,sorted_order_strings_segmented_diagnostics,Device=0 num_rows=262144 profile=active_50,False,False,2,0.33139200210571296,0.5788571091593443,9.053221702575684,"{""num_rows"": ""262144"", ""profile"": ""active_50""}"
experiment-3,pr-diagnostics,sorted_order_strings_segmented_diagnostics,Device=0 num_rows=2097152 profile=active_50,False,False,2,0.8630239933729172,0.5488427967785949,72.36474514007568,"{""num_rows"": ""2097152"", ""profile"": ""active_50""}"
experiment-3,pr-diagnostics,sorted_order_strings_segmented_diagnostics,Device=0 num_rows=262144 profile=active_10,False,False,2,0.29342079609632493,0.42506069324925333,9.053221702575684,"{""num_rows"": ""262144"", ""profile"": ""active_10""}"
experiment-3,pr-diagnostics,sorted_order_strings_segmented_diagnostics,Device=0 num_rows=2097152 profile=active_10,False,False,2,0.5387648046016693,0.789428395307977,72.36474514007568,"{""num_rows"": ""2097152"", ""profile"": ""active_10""}"
experiment-3,pr-diagnostics,sorted_order_strings_segmented_diagnostics,Device=0 num_rows=262144 profile=active_1,False,False,2,0.23480800017714504,0.5265899755449949,9.053221702575684,"{""num_rows"": ""262144"", ""profile"": ""active_1""}"
experiment-3,pr-diagnostics,sorted_order_strings_segmented_diagnostics,Device=0 num_rows=2097152 profile=active_1,False,False,2,0.48986079990863807,0.6078697780638593,72.36474514007568,"{""num_rows"": ""2097152"", ""profile"": ""active_1""}"
experiment-3,pr-diagnostics,sorted_order_strings_segmented_diagnostics,Device=0 num_rows=262144 profile=active_0_1,False,False,2,0.19403520002961158,0.9503480871505121,9.053221702575684,"{""num_rows"": ""262144"", ""profile"": ""active_0_1""}"
experiment-3,pr-diagnostics,sorted_order_strings_segmented_diagnostics,Device=0 num_rows=2097152 profile=active_0_1,False,False,2,0.42086240202188496,0.8535598017588731,72.36474514007568,"{""num_rows"": ""2097152"", ""profile"": ""active_0_1""}"
experiment-3,pr-diagnostics,sorted_order_strings_segmented_diagnostics,Device=0 num_rows=262144 profile=duplicates_6,False,False,2,0.2364671990275383,5.545474311679169,9.053221702575684,"{""num_rows"": ""262144"", ""profile"": ""duplicates_6""}"
experiment-3,pr-diagnostics,sorted_order_strings_segmented_diagnostics,Device=0 num_rows=2097152 profile=duplicates_6,False,False,2,0.962064000964165,0.35391950515525794,72.36474514007568,"{""num_rows"": ""2097152"", ""profile"": ""duplicates_6""}"
experiment-3,pr-diagnostics,sorted_order_strings_segmented_diagnostics,Device=0 num_rows=262144 profile=duplicates_8,False,False,2,0.23399359881877904,1.0340571083688002,9.053221702575684,"{""num_rows"": ""262144"", ""profile"": ""duplicates_8""}"
experiment-3,pr-diagnostics,sorted_order_strings_segmented_diagnostics,Device=0 num_rows=2097152 profile=duplicates_8,False,False,2,0.961905598640442,0.4142903747781204,72.36474514007568,"{""num_rows"": ""2097152"", ""profile"": ""duplicates_8""}"
experiment-3,pr-diagnostics,sorted_order_strings_segmented_diagnostics,Device=0 num_rows=262144 profile=duplicates_12,False,False,2,0.3503439992666245,0.5350836960701991,9.053221702575684,"{""num_rows"": ""262144"", ""profile"": ""duplicates_12""}"
experiment-3,pr-diagnostics,sorted_order_strings_segmented_diagnostics,Device=0 num_rows=2097152 profile=duplicates_12,False,False,2,2.0594063997268677,0.9711185712471626,72.36474514007568,"{""num_rows"": ""2097152"", ""profile"": ""duplicates_12""}"
experiment-3,pr-diagnostics,sorted_order_strings_segmented_diagnostics,Device=0 num_rows=262144 profile=duplicates_16,False,False,2,0.3001232028007507,0.4235103640498246,9.053221702575684,"{""num_rows"": ""262144"", ""profile"": ""duplicates_16""}"
experiment-3,pr-diagnostics,sorted_order_strings_segmented_diagnostics,Device=0 num_rows=2097152 profile=duplicates_16,False,False,2,1.576211196184158,0.30571743924179545,72.36474514007568,"{""num_rows"": ""2097152"", ""profile"": ""duplicates_16""}"
experiment-3,pr-diagnostics,sorted_order_strings_segmented_diagnostics,Device=0 num_rows=262144 profile=duplicates_24,False,False,2,0.35835839807987213,0.33598202065828353,9.053221702575684,"{""num_rows"": ""262144"", ""profile"": ""duplicates_24""}"
experiment-3,pr-diagnostics,sorted_order_strings_segmented_diagnostics,Device=0 num_rows=2097152 profile=duplicates_24,False,False,2,2.041267216205597,0.1456905465820569,72.36474514007568,"{""num_rows"": ""2097152"", ""profile"": ""duplicates_24""}"
experiment-3,pr-diagnostics,sorted_order_strings_segmented_diagnostics,Device=0 num_rows=262144 profile=duplicates_32,False,False,2,0.4001824051141739,0.2785296648885415,9.053221702575684,"{""num_rows"": ""262144"", ""profile"": ""duplicates_32""}"
experiment-3,pr-diagnostics,sorted_order_strings_segmented_diagnostics,Device=0 num_rows=2097152 profile=duplicates_32,False,False,2,2.48374240398407,0.18938375025690113,72.36474514007568,"{""num_rows"": ""2097152"", ""profile"": ""duplicates_32""}"
experiment-3,pr-diagnostics,sorted_order_strings_segmented_diagnostics,Device=0 num_rows=262144 profile=rle_misaligned,False,False,2,0.6172319978475572,1.2845159573770184,9.053221702575684,"{""num_rows"": ""262144"", ""profile"": ""rle_misaligned""}"
experiment-3,pr-diagnostics,sorted_order_strings_segmented_diagnostics,Device=0 num_rows=2097152 profile=rle_misaligned,False,False,2,3.810139203071594,0.2287159341151924,72.36474514007568,"{""num_rows"": ""2097152"", ""profile"": ""rle_misaligned""}"
experiment-15,pr-diagnostics,sorted_order_strings_segmented_diagnostics,Device=0 num_rows=262144 profile=finish_257,False,False,2,0.21015199944376944,1.5148003580495741,9.053221702575684,"{""num_rows"": ""262144"", ""profile"": ""finish_257""}"
experiment-15,pr-diagnostics,sorted_order_strings_segmented_diagnostics,Device=0 num_rows=2097152 profile=finish_257,False,False,2,0.4091407999396323,0.78156924659486,72.36474514007568,"{""num_rows"": ""2097152"", ""profile"": ""finish_257""}"
experiment-15,pr-diagnostics,sorted_order_strings_segmented_diagnostics,Device=0 num_rows=262144 profile=finish_1024,False,False,2,0.23463359922170635,1.5182575043861402,9.053221702575684,"{""num_rows"": ""262144"", ""profile"": ""finish_1024""}"
experiment-15,pr-diagnostics,sorted_order_strings_segmented_diagnostics,Device=0 num_rows=2097152 profile=finish_1024,False,False,2,0.4325807988643647,0.6773263116991297,72.36474514007568,"{""num_rows"": ""2097152"", ""profile"": ""finish_1024""}"
experiment-15,pr-diagnostics,sorted_order_strings_segmented_diagnostics,Device=0 num_rows=262144 profile=finish_4096,False,False,2,0.27454720586538317,0.6441376777276739,9.053221702575684,"{""num_rows"": ""262144"", ""profile"": ""finish_4096""}"
experiment-15,pr-diagnostics,sorted_order_strings_segmented_diagnostics,Device=0 num_rows=2097152 profile=finish_4096,False,False,2,0.47401440143585205,0.7080266417590254,72.36474514007568,"{""num_rows"": ""2097152"", ""profile"": ""finish_4096""}"
experiment-15,pr-diagnostics,sorted_order_strings_segmented_diagnostics,Device=0 num_rows=262144 profile=active_50,False,False,2,0.36446560025215147,0.2712523367416178,9.053221702575684,"{""num_rows"": ""262144"", ""profile"": ""active_50""}"
experiment-15,pr-diagnostics,sorted_order_strings_segmented_diagnostics,Device=0 num_rows=2097152 profile=active_50,False,False,2,1.0709519863128658,0.2504317726022201,72.36474514007568,"{""num_rows"": ""2097152"", ""profile"": ""active_50""}"
experiment-15,pr-diagnostics,sorted_order_strings_segmented_diagnostics,Device=0 num_rows=262144 profile=active_10,False,False,2,0.28981279879808425,1.0646039634691304,9.053221702575684,"{""num_rows"": ""262144"", ""profile"": ""active_10""}"
experiment-15,pr-diagnostics,sorted_order_strings_segmented_diagnostics,Device=0 num_rows=2097152 profile=active_10,False,False,2,0.5897823959589004,0.5951421005358373,72.36474514007568,"{""num_rows"": ""2097152"", ""profile"": ""active_10""}"
experiment-15,pr-diagnostics,sorted_order_strings_segmented_diagnostics,Device=0 num_rows=262144 profile=active_1,False,False,2,0.23434719741344445,0.573769342462799,9.053221702575684,"{""num_rows"": ""262144"", ""profile"": ""active_1""}"
experiment-15,pr-diagnostics,sorted_order_strings_segmented_diagnostics,Device=0 num_rows=2097152 profile=active_1,False,False,2,0.48416479974985127,1.0533197338945872,72.36474514007568,"{""num_rows"": ""2097152"", ""profile"": ""active_1""}"
experiment-15,pr-diagnostics,sorted_order_strings_segmented_diagnostics,Device=0 num_rows=262144 profile=active_0_1,False,False,2,0.19340319782495502,0.640684734509466,9.053221702575684,"{""num_rows"": ""262144"", ""profile"": ""active_0_1""}"
experiment-15,pr-diagnostics,sorted_order_strings_segmented_diagnostics,Device=0 num_rows=2097152 profile=active_0_1,False,False,2,0.41313919872045524,0.39845286125946966,72.36474514007568,"{""num_rows"": ""2097152"", ""profile"": ""active_0_1""}"
experiment-15,pr-diagnostics,sorted_order_strings_segmented_diagnostics,Device=0 num_rows=262144 profile=duplicates_6,False,False,2,0.22659520134329794,0.8543081506699113,9.053221702575684,"{""num_rows"": ""262144"", ""profile"": ""duplicates_6""}"
experiment-15,pr-diagnostics,sorted_order_strings_segmented_diagnostics,Device=0 num_rows=2097152 profile=duplicates_6,False,False,2,0.9572208046913148,0.35415772478635243,72.36474514007568,"{""num_rows"": ""2097152"", ""profile"": ""duplicates_6""}"
experiment-15,pr-diagnostics,sorted_order_strings_segmented_diagnostics,Device=0 num_rows=262144 profile=duplicates_8,False,False,2,0.22690559998154639,0.8112227105102449,9.053221702575684,"{""num_rows"": ""262144"", ""profile"": ""duplicates_8""}"
experiment-15,pr-diagnostics,sorted_order_strings_segmented_diagnostics,Device=0 num_rows=2097152 profile=duplicates_8,False,False,2,0.9587472051382064,0.43995652811087627,72.36474514007568,"{""num_rows"": ""2097152"", ""profile"": ""duplicates_8""}"
experiment-15,pr-diagnostics,sorted_order_strings_segmented_diagnostics,Device=0 num_rows=262144 profile=duplicates_12,False,False,2,0.34248639941215514,0.46172156495387573,9.053221702575684,"{""num_rows"": ""262144"", ""profile"": ""duplicates_12""}"
experiment-15,pr-diagnostics,sorted_order_strings_segmented_diagnostics,Device=0 num_rows=2097152 profile=duplicates_12,False,False,2,2.0551360249519353,0.7995682046376466,72.36474514007568,"{""num_rows"": ""2097152"", ""profile"": ""duplicates_12""}"
experiment-15,pr-diagnostics,sorted_order_strings_segmented_diagnostics,Device=0 num_rows=262144 profile=duplicates_16,False,False,2,0.29216640144586564,0.4100817427467234,9.053221702575684,"{""num_rows"": ""262144"", ""profile"": ""duplicates_16""}"
experiment-15,pr-diagnostics,sorted_order_strings_segmented_diagnostics,Device=0 num_rows=2097152 profile=duplicates_16,False,False,2,1.5681423962116237,0.19727896845205978,72.36474514007568,"{""num_rows"": ""2097152"", ""profile"": ""duplicates_16""}"
experiment-15,pr-diagnostics,sorted_order_strings_segmented_diagnostics,Device=0 num_rows=262144 profile=duplicates_24,False,False,2,0.3533599987626076,0.6484709728290027,9.053221702575684,"{""num_rows"": ""262144"", ""profile"": ""duplicates_24""}"
experiment-15,pr-diagnostics,sorted_order_strings_segmented_diagnostics,Device=0 num_rows=2097152 profile=duplicates_24,False,False,2,2.0382047772407534,0.17331484856519613,72.36474514007568,"{""num_rows"": ""2097152"", ""profile"": ""duplicates_24""}"
experiment-15,pr-diagnostics,sorted_order_strings_segmented_diagnostics,Device=0 num_rows=262144 profile=duplicates_32,False,False,2,0.398014397919178,0.9125601702232052,9.053221702575684,"{""num_rows"": ""262144"", ""profile"": ""duplicates_32""}"
experiment-15,pr-diagnostics,sorted_order_strings_segmented_diagnostics,Device=0 num_rows=2097152 profile=duplicates_32,False,False,2,2.481523203849793,0.20277653498797943,72.36474514007568,"{""num_rows"": ""2097152"", ""profile"": ""duplicates_32""}"
experiment-15,pr-diagnostics,sorted_order_strings_segmented_diagnostics,Device=0 num_rows=262144 profile=rle_misaligned,False,False,2,0.466022403538227,1.4006047225046587,9.053221702575684,"{""num_rows"": ""262144"", ""profile"": ""rle_misaligned""}"
experiment-15,pr-diagnostics,sorted_order_strings_segmented_diagnostics,Device=0 num_rows=2097152 profile=rle_misaligned,False,False,2,2.685678398609162,0.18952196439678926,72.36474514007568,"{""num_rows"": ""2097152"", ""profile"": ""rle_misaligned""}"
baseline,pr-diagnostics,sorted_order_strings_segmented_diagnostics,Device=0 num_rows=262144 profile=finish_257,False,False,2,0.21574239954352376,0.5219398561340963,9.053221702575684,"{""num_rows"": ""262144"", ""profile"": ""finish_257""}"
baseline,pr-diagnostics,sorted_order_strings_segmented_diagnostics,Device=0 num_rows=2097152 profile=finish_257,False,False,2,0.4170383960008621,0.8255032793682129,72.36474514007568,"{""num_rows"": ""2097152"", ""profile"": ""finish_257""}"
baseline,pr-diagnostics,sorted_order_strings_segmented_diagnostics,Device=0 num_rows=262144 profile=finish_1024,False,False,2,0.24163359850645064,0.9499736139157574,9.053221702575684,"{""num_rows"": ""262144"", ""profile"": ""finish_1024""}"
baseline,pr-diagnostics,sorted_order_strings_segmented_diagnostics,Device=0 num_rows=2097152 profile=finish_1024,False,False,2,0.4411200001835823,0.8455037564088321,72.36474514007568,"{""num_rows"": ""2097152"", ""profile"": ""finish_1024""}"
baseline,pr-diagnostics,sorted_order_strings_segmented_diagnostics,Device=0 num_rows=262144 profile=finish_4096,False,False,2,0.28315040171146394,1.3324554547402714,9.053221702575684,"{""num_rows"": ""262144"", ""profile"": ""finish_4096""}"
baseline,pr-diagnostics,sorted_order_strings_segmented_diagnostics,Device=0 num_rows=2097152 profile=finish_4096,False,False,2,0.48313760012388235,0.7728673376075446,72.36474514007568,"{""num_rows"": ""2097152"", ""profile"": ""finish_4096""}"
baseline,pr-diagnostics,sorted_order_strings_segmented_diagnostics,Device=0 num_rows=262144 profile=active_50,False,False,2,0.33735839873552326,0.45976745156756077,9.053221702575684,"{""num_rows"": ""262144"", ""profile"": ""active_50""}"
baseline,pr-diagnostics,sorted_order_strings_segmented_diagnostics,Device=0 num_rows=2097152 profile=active_50,False,False,2,0.8889103978872298,0.4626821120371329,72.36474514007568,"{""num_rows"": ""2097152"", ""profile"": ""active_50""}"
baseline,pr-diagnostics,sorted_order_strings_segmented_diagnostics,Device=0 num_rows=262144 profile=active_10,False,False,2,0.29885759949684143,0.8377352489329798,9.053221702575684,"{""num_rows"": ""262144"", ""profile"": ""active_10""}"
baseline,pr-diagnostics,sorted_order_strings_segmented_diagnostics,Device=0 num_rows=2097152 profile=active_10,False,False,2,0.547457605600357,0.7070323332621842,72.36474514007568,"{""num_rows"": ""2097152"", ""profile"": ""active_10""}"
baseline,pr-diagnostics,sorted_order_strings_segmented_diagnostics,Device=0 num_rows=262144 profile=active_1,False,False,2,0.24160320013761521,1.4248176385838938,9.053221702575684,"{""num_rows"": ""262144"", ""profile"": ""active_1""}"
baseline,pr-diagnostics,sorted_order_strings_segmented_diagnostics,Device=0 num_rows=2097152 profile=active_1,False,False,2,0.49377440214157114,0.622219159875766,72.36474514007568,"{""num_rows"": ""2097152"", ""profile"": ""active_1""}"
baseline,pr-diagnostics,sorted_order_strings_segmented_diagnostics,Device=0 num_rows=262144 profile=active_0_1,False,False,2,0.19842720031738278,1.501124421145934,9.053221702575684,"{""num_rows"": ""262144"", ""profile"": ""active_0_1""}"
baseline,pr-diagnostics,sorted_order_strings_segmented_diagnostics,Device=0 num_rows=2097152 profile=active_0_1,False,False,2,0.42436799854040147,0.7513893635696126,72.36474514007568,"{""num_rows"": ""2097152"", ""profile"": ""active_0_1""}"
baseline,pr-diagnostics,sorted_order_strings_segmented_diagnostics,Device=0 num_rows=262144 profile=duplicates_6,False,False,2,0.2380736000835896,2.2195240656722306,9.053221702575684,"{""num_rows"": ""262144"", ""profile"": ""duplicates_6""}"
baseline,pr-diagnostics,sorted_order_strings_segmented_diagnostics,Device=0 num_rows=2097152 profile=duplicates_6,False,False,2,0.989840006828308,0.24964445492763448,72.36474514007568,"{""num_rows"": ""2097152"", ""profile"": ""duplicates_6""}"
baseline,pr-diagnostics,sorted_order_strings_segmented_diagnostics,Device=0 num_rows=262144 profile=duplicates_8,False,False,2,0.23721600100398063,0.7433518009027194,9.053221702575684,"{""num_rows"": ""262144"", ""profile"": ""duplicates_8""}"
baseline,pr-diagnostics,sorted_order_strings_segmented_diagnostics,Device=0 num_rows=2097152 profile=duplicates_8,False,False,2,0.9898896038532258,0.39590522826244656,72.36474514007568,"{""num_rows"": ""2097152"", ""profile"": ""duplicates_8""}"
baseline,pr-diagnostics,sorted_order_strings_segmented_diagnostics,Device=0 num_rows=262144 profile=duplicates_12,False,False,2,0.3534111961722373,0.5140211715430069,9.053221702575684,"{""num_rows"": ""262144"", ""profile"": ""duplicates_12""}"
baseline,pr-diagnostics,sorted_order_strings_segmented_diagnostics,Device=0 num_rows=2097152 profile=duplicates_12,False,False,2,2.065236794948578,0.6472858668368909,72.36474514007568,"{""num_rows"": ""2097152"", ""profile"": ""duplicates_12""}"
baseline,pr-diagnostics,sorted_order_strings_segmented_diagnostics,Device=0 num_rows=262144 profile=duplicates_16,False,False,2,0.3057776004076004,1.8217651123419034,9.053221702575684,"{""num_rows"": ""262144"", ""profile"": ""duplicates_16""}"
baseline,pr-diagnostics,sorted_order_strings_segmented_diagnostics,Device=0 num_rows=2097152 profile=duplicates_16,False,False,2,1.6070799887180325,0.245440879837537,72.36474514007568,"{""num_rows"": ""2097152"", ""profile"": ""duplicates_16""}"
baseline,pr-diagnostics,sorted_order_strings_segmented_diagnostics,Device=0 num_rows=262144 profile=duplicates_24,False,False,2,0.36272479742765423,0.5366768540947459,9.053221702575684,"{""num_rows"": ""262144"", ""profile"": ""duplicates_24""}"
baseline,pr-diagnostics,sorted_order_strings_segmented_diagnostics,Device=0 num_rows=2097152 profile=duplicates_24,False,False,2,2.0726400017738342,0.1474926269200212,72.36474514007568,"{""num_rows"": ""2097152"", ""profile"": ""duplicates_24""}"
baseline,pr-diagnostics,sorted_order_strings_segmented_diagnostics,Device=0 num_rows=262144 profile=duplicates_32,False,False,2,0.4040831997990608,0.6869474698138833,9.053221702575684,"{""num_rows"": ""262144"", ""profile"": ""duplicates_32""}"
baseline,pr-diagnostics,sorted_order_strings_segmented_diagnostics,Device=0 num_rows=2097152 profile=duplicates_32,False,False,2,2.5131023883819585,0.14388489981435496,72.36474514007568,"{""num_rows"": ""2097152"", ""profile"": ""duplicates_32""}"
baseline,pr-diagnostics,sorted_order_strings_segmented_diagnostics,Device=0 num_rows=262144 profile=rle_misaligned,False,False,2,0.6297888010740279,1.8204760032649454,9.053221702575684,"{""num_rows"": ""262144"", ""profile"": ""rle_misaligned""}"
baseline,pr-diagnostics,sorted_order_strings_segmented_diagnostics,Device=0 num_rows=2097152 profile=rle_misaligned,False,False,2,3.851894402503967,0.2541598815837022,72.36474514007568,"{""num_rows"": ""2097152"", ""profile"": ""rle_misaligned""}"
experiment-31,stable-warps-0,sorted_order_strings_segments,Device=0 num_rows=32768 shared_suffix=0 segment_profile=pairs,True,False,2,0.15492959842085838,1.8420245387263687,1.1391592025756836,"{""num_rows"": ""32768"", ""segment_profile"": ""pairs"", ""shared_suffix"": ""0""}"
experiment-31,stable-warps-0,sorted_order_strings_segments,Device=0 num_rows=2097152 shared_suffix=0 segment_profile=pairs,True,False,2,0.6478319972753526,0.9499850198895279,72.36474514007568,"{""num_rows"": ""2097152"", ""segment_profile"": ""pairs"", ""shared_suffix"": ""0""}"
experiment-31,stable-warps-0,sorted_order_strings_segments,Device=0 num_rows=32768 shared_suffix=64 segment_profile=pairs,True,False,2,0.15805119946599006,2.3722052824550617,1.1391592025756836,"{""num_rows"": ""32768"", ""segment_profile"": ""pairs"", ""shared_suffix"": ""64""}"
experiment-31,stable-warps-0,sorted_order_strings_segments,Device=0 num_rows=2097152 shared_suffix=64 segment_profile=pairs,True,False,2,0.8149520009756087,0.9736998459129456,72.36474514007568,"{""num_rows"": ""2097152"", ""segment_profile"": ""pairs"", ""shared_suffix"": ""64""}"
experiment-31,stable-warps-0,sorted_order_strings_segments,Device=0 num_rows=32768 shared_suffix=0 segment_profile=tiny4,True,False,2,0.15443040207028386,1.5378432113079143,1.1391592025756836,"{""num_rows"": ""32768"", ""segment_profile"": ""tiny4"", ""shared_suffix"": ""0""}"
experiment-31,stable-warps-0,sorted_order_strings_segments,Device=0 num_rows=2097152 shared_suffix=0 segment_profile=tiny4,True,False,2,0.5700032085180283,0.7024306342294174,72.36474514007568,"{""num_rows"": ""2097152"", ""segment_profile"": ""tiny4"", ""shared_suffix"": ""0""}"
experiment-31,stable-warps-0,sorted_order_strings_segments,Device=0 num_rows=32768 shared_suffix=64 segment_profile=tiny4,True,False,2,0.16547039896249768,0.7622859936698255,1.1391592025756836,"{""num_rows"": ""32768"", ""segment_profile"": ""tiny4"", ""shared_suffix"": ""64""}"
experiment-31,stable-warps-0,sorted_order_strings_segments,Device=0 num_rows=2097152 shared_suffix=64 segment_profile=tiny4,True,False,2,0.9035856008529661,0.5106249080714963,72.36474514007568,"{""num_rows"": ""2097152"", ""segment_profile"": ""tiny4"", ""shared_suffix"": ""64""}"
experiment-31,stable-warps-0,sorted_order_strings_segments,Device=0 num_rows=32768 shared_suffix=0 segment_profile=tiny8,True,False,2,0.15588479861617088,1.5431520717355247,1.1391592025756836,"{""num_rows"": ""32768"", ""segment_profile"": ""tiny8"", ""shared_suffix"": ""0""}"
experiment-31,stable-warps-0,sorted_order_strings_segments,Device=0 num_rows=2097152 shared_suffix=0 segment_profile=tiny8,True,False,2,0.5768992006778717,0.6969069683465768,72.36474514007568,"{""num_rows"": ""2097152"", ""segment_profile"": ""tiny8"", ""shared_suffix"": ""0""}"
experiment-31,stable-warps-0,sorted_order_strings_segments,Device=0 num_rows=32768 shared_suffix=64 segment_profile=tiny8,True,False,2,0.17472159937024118,1.0767457777379428,1.1391592025756836,"{""num_rows"": ""32768"", ""segment_profile"": ""tiny8"", ""shared_suffix"": ""64""}"
experiment-31,stable-warps-0,sorted_order_strings_segments,Device=0 num_rows=2097152 shared_suffix=64 segment_profile=tiny8,True,False,2,1.134219181537628,0.3131510814864316,72.36474514007568,"{""num_rows"": ""2097152"", ""segment_profile"": ""tiny8"", ""shared_suffix"": ""64""}"
experiment-31,stable-warps-0,sorted_order_strings_segments,Device=0 num_rows=32768 shared_suffix=0 segment_profile=tiny16,True,False,2,0.15907840058207515,0.7946638048706125,1.1391592025756836,"{""num_rows"": ""32768"", ""segment_profile"": ""tiny16"", ""shared_suffix"": ""0""}"
experiment-31,stable-warps-0,sorted_order_strings_segments,Device=0 num_rows=2097152 shared_suffix=0 segment_profile=tiny16,True,False,2,0.6036431938409804,0.527121393386025,72.36474514007568,"{""num_rows"": ""2097152"", ""segment_profile"": ""tiny16"", ""shared_suffix"": ""0""}"
experiment-31,stable-warps-0,sorted_order_strings_segments,Device=0 num_rows=32768 shared_suffix=64 segment_profile=tiny16,True,False,2,0.18216160088777547,1.5228730201979668,1.1391592025756836,"{""num_rows"": ""32768"", ""segment_profile"": ""tiny16"", ""shared_suffix"": ""64""}"
experiment-31,stable-warps-0,sorted_order_strings_segments,Device=0 num_rows=2097152 shared_suffix=64 segment_profile=tiny16,True,False,2,1.3471567928791048,0.2110050781666297,72.36474514007568,"{""num_rows"": ""2097152"", ""segment_profile"": ""tiny16"", ""shared_suffix"": ""64""}"
experiment-31,stable-warps-0,sorted_order_strings_segments,Device=0 num_rows=32768 shared_suffix=0 segment_profile=tiny32,True,False,2,0.16202560067176824,1.5322015685235593,1.1391592025756836,"{""num_rows"": ""32768"", ""segment_profile"": ""tiny32"", ""shared_suffix"": ""0""}"
experiment-31,stable-warps-0,sorted_order_strings_segments,Device=0 num_rows=2097152 shared_suffix=0 segment_profile=tiny32,True,False,2,0.6581407994031907,0.8085940703078729,72.36474514007568,"{""num_rows"": ""2097152"", ""segment_profile"": ""tiny32"", ""shared_suffix"": ""0""}"
experiment-31,stable-warps-0,sorted_order_strings_segments,Device=0 num_rows=32768 shared_suffix=64 segment_profile=tiny32,True,False,2,0.19121120050549503,1.9167134732665527,1.1391592025756836,"{""num_rows"": ""32768"", ""segment_profile"": ""tiny32"", ""shared_suffix"": ""64""}"
experiment-31,stable-warps-0,sorted_order_strings_segments,Device=0 num_rows=2097152 shared_suffix=64 segment_profile=tiny32,True,False,2,1.637803208827972,0.27530725066063655,72.36474514007568,"{""num_rows"": ""2097152"", ""segment_profile"": ""tiny32"", ""shared_suffix"": ""64""}"
baseline,target,sorted_order_strings_cardinality,Device=0 num_rows=262144 max_width=32 cardinality=1,False,False,0,0.007095999992452561,4.693057066754909,1.0,"{""cardinality"": ""1"", ""max_width"": ""32"", ""num_rows"": ""262144""}"
baseline,target,sorted_order_strings_cardinality,Device=0 num_rows=2097152 max_width=32 cardinality=1,False,False,0,0.008622400043532253,5.232577080815665,8.0,"{""cardinality"": ""1"", ""max_width"": ""32"", ""num_rows"": ""2097152""}"
baseline,target,sorted_order_strings_cardinality,Device=0 num_rows=262144 max_width=128 cardinality=1,False,False,0,1.0360271990299224,0.4073806645356932,9.053221702575684,"{""cardinality"": ""1"", ""max_width"": ""128"", ""num_rows"": ""262144""}"
baseline,target,sorted_order_strings_cardinality,Device=0 num_rows=2097152 max_width=128 cardinality=1,False,False,0,7.13624005317688,0.2984760108854667,72.36474514007568,"{""cardinality"": ""1"", ""max_width"": ""128"", ""num_rows"": ""2097152""}"
baseline,target,sorted_order_strings_cardinality,Device=0 num_rows=262144 max_width=32 cardinality=64,False,False,0,0.44907519668340684,2.057499469959841,9.053221702575684,"{""cardinality"": ""64"", ""max_width"": ""32"", ""num_rows"": ""262144""}"
baseline,target,sorted_order_strings_cardinality,Device=0 num_rows=2097152 max_width=32 cardinality=64,False,False,0,2.143177616596222,1.8572817263614958,72.36474514007568,"{""cardinality"": ""64"", ""max_width"": ""32"", ""num_rows"": ""2097152""}"
baseline,target,sorted_order_strings_cardinality,Device=0 num_rows=262144 max_width=128 cardinality=64,False,False,0,0.9935183942317962,2.7381904682447464,9.053221702575684,"{""cardinality"": ""64"", ""max_width"": ""128"", ""num_rows"": ""262144""}"
baseline,target,sorted_order_strings_cardinality,Device=0 num_rows=2097152 max_width=128 cardinality=64,False,False,0,6.124929571151735,1.6687894793782247,72.36474514007568,"{""cardinality"": ""64"", ""max_width"": ""128"", ""num_rows"": ""2097152""}"
baseline,target,sorted_order_strings_cardinality,Device=0 num_rows=262144 max_width=32 cardinality=0,False,False,0,0.2636367976665497,0.9169439790693407,9.053221702575684,"{""cardinality"": ""0"", ""max_width"": ""32"", ""num_rows"": ""262144""}"
baseline,target,sorted_order_strings_cardinality,Device=0 num_rows=2097152 max_width=32 cardinality=0,False,False,0,0.5313631951808929,0.682961769557094,72.36474514007568,"{""cardinality"": ""0"", ""max_width"": ""32"", ""num_rows"": ""2097152""}"
baseline,target,sorted_order_strings_cardinality,Device=0 num_rows=262144 max_width=128 cardinality=0,False,False,0,0.26375680118799205,0.6994863911101681,9.053221702575684,"{""cardinality"": ""0"", ""max_width"": ""128"", ""num_rows"": ""262144""}"
baseline,target,sorted_order_strings_cardinality,Device=0 num_rows=2097152 max_width=128 cardinality=0,False,False,0,0.5380096018314361,0.7367596960439893,72.36474514007568,"{""cardinality"": ""0"", ""max_width"": ""128"", ""num_rows"": ""2097152""}"
baseline,target,sorted_order_strings_prefixes,Device=0 num_rows=262144 prefix_width=4 suffix_width=32 prefix_cardinality=1,False,False,0,0.2396384000778198,1.0839492021204287,9.053221702575684,"{""num_rows"": ""262144"", ""prefix_cardinality"": ""1"", ""prefix_width"": ""4"", ""suffix_width"": ""32""}"
baseline,target,sorted_order_strings_prefixes,Device=0 num_rows=2097152 prefix_width=4 suffix_width=32 prefix_cardinality=1,False,False,0,0.4792943984270096,0.6303734479083225,72.36474514007568,"{""num_rows"": ""2097152"", ""prefix_cardinality"": ""1"", ""prefix_width"": ""4"", ""suffix_width"": ""32""}"
baseline,target,sorted_order_strings_prefixes,Device=0 num_rows=262144 prefix_width=8 suffix_width=32 prefix_cardinality=1,False,False,0,0.5791567981243133,0.585007587459389,9.053221702575684,"{""num_rows"": ""262144"", ""prefix_cardinality"": ""1"", ""prefix_width"": ""8"", ""suffix_width"": ""32""}"
baseline,target,sorted_order_strings_prefixes,Device=0 num_rows=2097152 prefix_width=8 suffix_width=32 prefix_cardinality=1,False,False,0,4.245020747184753,0.4227402356844337,72.36474514007568,"{""num_rows"": ""2097152"", ""prefix_cardinality"": ""1"", ""prefix_width"": ""8"", ""suffix_width"": ""32""}"
baseline,target,sorted_order_strings_prefixes,Device=0 num_rows=262144 prefix_width=10 suffix_width=32 prefix_cardinality=1,False,False,0,0.6157552033662798,0.5246611133155318,9.053221702575684,"{""num_rows"": ""262144"", ""prefix_cardinality"": ""1"", ""prefix_width"": ""10"", ""suffix_width"": ""32""}"
baseline,target,sorted_order_strings_prefixes,Device=0 num_rows=2097152 prefix_width=10 suffix_width=32 prefix_cardinality=1,False,False,0,4.4564496040344235,0.32166202833615043,72.36474514007568,"{""num_rows"": ""2097152"", ""prefix_cardinality"": ""1"", ""prefix_width"": ""10"", ""suffix_width"": ""32""}"
baseline,target,sorted_order_strings_prefixes,Device=0 num_rows=262144 prefix_width=11 suffix_width=32 prefix_cardinality=1,False,False,0,0.622995200753212,0.35317695176955294,9.053221702575684,"{""num_rows"": ""262144"", ""prefix_cardinality"": ""1"", ""prefix_width"": ""11"", ""suffix_width"": ""32""}"
baseline,target,sorted_order_strings_prefixes,Device=0 num_rows=2097152 prefix_width=11 suffix_width=32 prefix_cardinality=1,False,False,0,4.518220853805542,0.24915636163748692,72.36474514007568,"{""num_rows"": ""2097152"", ""prefix_cardinality"": ""1"", ""prefix_width"": ""11"", ""suffix_width"": ""32""}"
baseline,target,sorted_order_strings_prefixes,Device=0 num_rows=262144 prefix_width=12 suffix_width=32 prefix_cardinality=1,False,False,0,0.6344655990600587,0.2869819866790037,9.053221702575684,"{""num_rows"": ""262144"", ""prefix_cardinality"": ""1"", ""prefix_width"": ""12"", ""suffix_width"": ""32""}"
baseline,target,sorted_order_strings_prefixes,Device=0 num_rows=2097152 prefix_width=12 suffix_width=32 prefix_cardinality=1,False,False,0,4.572427201271058,0.2945777916804468,72.36474514007568,"{""num_rows"": ""2097152"", ""prefix_cardinality"": ""1"", ""prefix_width"": ""12"", ""suffix_width"": ""32""}"
baseline,target,sorted_order_strings_prefixes,Device=0 num_rows=262144 prefix_width=64 suffix_width=32 prefix_cardinality=1,False,False,0,1.5408591866493224,0.6320107864009077,9.053221702575684,"{""num_rows"": ""262144"", ""prefix_cardinality"": ""1"", ""prefix_width"": ""64"", ""suffix_width"": ""32""}"
baseline,target,sorted_order_strings_prefixes,Device=0 num_rows=2097152 prefix_width=64 suffix_width=32 prefix_cardinality=1,False,False,0,13.493580770492553,0.2083479313099793,72.36474514007568,"{""num_rows"": ""2097152"", ""prefix_cardinality"": ""1"", ""prefix_width"": ""64"", ""suffix_width"": ""32""}"
baseline,target,sorted_order_strings_prefixes,Device=0 num_rows=262144 prefix_width=4 suffix_width=32 prefix_cardinality=64,False,False,0,0.20391359925270078,1.3689484996802688,9.053221702575684,"{""num_rows"": ""262144"", ""prefix_cardinality"": ""64"", ""prefix_width"": ""4"", ""suffix_width"": ""32""}"
baseline,target,sorted_order_strings_prefixes,Device=0 num_rows=2097152 prefix_width=4 suffix_width=32 prefix_cardinality=64,False,False,0,0.41960159689188015,0.7730512820046256,72.36474514007568,"{""num_rows"": ""2097152"", ""prefix_cardinality"": ""64"", ""prefix_width"": ""4"", ""suffix_width"": ""32""}"
baseline,target,sorted_order_strings_prefixes,Device=0 num_rows=262144 prefix_width=8 suffix_width=32 prefix_cardinality=64,False,False,0,0.45953120440244666,0.4937231892720737,9.053221702575684,"{""num_rows"": ""262144"", ""prefix_cardinality"": ""64"", ""prefix_width"": ""8"", ""suffix_width"": ""32""}"
baseline,target,sorted_order_strings_prefixes,Device=0 num_rows=2097152 prefix_width=8 suffix_width=32 prefix_cardinality=64,False,False,0,3.886985611915589,0.23517370611753854,72.36474514007568,"{""num_rows"": ""2097152"", ""prefix_cardinality"": ""64"", ""prefix_width"": ""8"", ""suffix_width"": ""32""}"
baseline,target,sorted_order_strings_prefixes,Device=0 num_rows=262144 prefix_width=10 suffix_width=32 prefix_cardinality=64,False,False,0,0.4942624032497404,0.3901193137129473,9.053221702575684,"{""num_rows"": ""262144"", ""prefix_cardinality"": ""64"", ""prefix_width"": ""10"", ""suffix_width"": ""32""}"
baseline,target,sorted_order_strings_prefixes,Device=0 num_rows=2097152 prefix_width=10 suffix_width=32 prefix_cardinality=64,False,False,0,4.19397919178009,0.3035041060323269,72.36474514007568,"{""num_rows"": ""2097152"", ""prefix_cardinality"": ""64"", ""prefix_width"": ""10"", ""suffix_width"": ""32""}"
baseline,target,sorted_order_strings_prefixes,Device=0 num_rows=262144 prefix_width=11 suffix_width=32 prefix_cardinality=64,False,False,0,0.5067136049270629,0.5204053062579858,9.053221702575684,"{""num_rows"": ""262144"", ""prefix_cardinality"": ""64"", ""prefix_width"": ""11"", ""suffix_width"": ""32""}"
baseline,target,sorted_order_strings_prefixes,Device=0 num_rows=2097152 prefix_width=11 suffix_width=32 prefix_cardinality=64,False,False,0,4.259851217269897,0.3561337343024408,72.36474514007568,"{""num_rows"": ""2097152"", ""prefix_cardinality"": ""64"", ""prefix_width"": ""11"", ""suffix_width"": ""32""}"
baseline,target,sorted_order_strings_prefixes,Device=0 num_rows=262144 prefix_width=12 suffix_width=32 prefix_cardinality=64,False,False,0,0.5155104041099547,0.5326425487161308,9.053221702575684,"{""num_rows"": ""262144"", ""prefix_cardinality"": ""64"", ""prefix_width"": ""12"", ""suffix_width"": ""32""}"
baseline,target,sorted_order_strings_prefixes,Device=0 num_rows=2097152 prefix_width=12 suffix_width=32 prefix_cardinality=64,False,False,0,4.313473606109619,0.2717246084758778,72.36474514007568,"{""num_rows"": ""2097152"", ""prefix_cardinality"": ""64"", ""prefix_width"": ""12"", ""suffix_width"": ""32""}"
baseline,target,sorted_order_strings_prefixes,Device=0 num_rows=262144 prefix_width=64 suffix_width=32 prefix_cardinality=64,False,False,0,1.085441613197327,0.526045979537922,9.053221702575684,"{""num_rows"": ""262144"", ""prefix_cardinality"": ""64"", ""prefix_width"": ""64"", ""suffix_width"": ""32""}"
baseline,target,sorted_order_strings_prefixes,Device=0 num_rows=2097152 prefix_width=64 suffix_width=32 prefix_cardinality=64,False,False,0,11.643686389923092,0.36934496555719587,72.36474514007568,"{""num_rows"": ""2097152"", ""prefix_cardinality"": ""64"", ""prefix_width"": ""64"", ""suffix_width"": ""32""}"
experiment-3,stable-warps-1,sorted_order_strings_segments,Device=0 num_rows=32768 shared_suffix=0 segment_profile=pairs,True,True,0,0.15352640002965925,2.3177021289114657,1.1391592025756836,"{""num_rows"": ""32768"", ""segment_profile"": ""pairs"", ""shared_suffix"": ""0""}"
experiment-3,stable-warps-1,sorted_order_strings_segments,Device=0 num_rows=2097152 shared_suffix=0 segment_profile=pairs,True,True,0,0.6434896022081374,1.4640732812775978,72.36474514007568,"{""num_rows"": ""2097152"", ""segment_profile"": ""pairs"", ""shared_suffix"": ""0""}"
experiment-3,stable-warps-1,sorted_order_strings_segments,Device=0 num_rows=32768 shared_suffix=64 segment_profile=pairs,True,True,0,0.15665919855237007,2.375421015210115,1.1391592025756836,"{""num_rows"": ""32768"", ""segment_profile"": ""pairs"", ""shared_suffix"": ""64""}"
experiment-3,stable-warps-1,sorted_order_strings_segments,Device=0 num_rows=2097152 shared_suffix=64 segment_profile=pairs,True,True,0,0.8106672108173371,0.6275212022254669,72.36474514007568,"{""num_rows"": ""2097152"", ""segment_profile"": ""pairs"", ""shared_suffix"": ""64""}"
experiment-3,stable-warps-1,sorted_order_strings_segments,Device=0 num_rows=32768 shared_suffix=0 segment_profile=tiny4,True,True,0,0.15315680056810382,1.3569811453063712,1.1391592025756836,"{""num_rows"": ""32768"", ""segment_profile"": ""tiny4"", ""shared_suffix"": ""0""}"
experiment-3,stable-warps-1,sorted_order_strings_segments,Device=0 num_rows=2097152 shared_suffix=0 segment_profile=tiny4,True,True,0,0.5698351919651032,1.1186730842824328,72.36474514007568,"{""num_rows"": ""2097152"", ""segment_profile"": ""tiny4"", ""shared_suffix"": ""0""}"
experiment-3,stable-warps-1,sorted_order_strings_segments,Device=0 num_rows=32768 shared_suffix=64 segment_profile=tiny4,True,True,0,0.1656191997230053,0.7570715652696564,1.1391592025756836,"{""num_rows"": ""32768"", ""segment_profile"": ""tiny4"", ""shared_suffix"": ""64""}"
experiment-3,stable-warps-1,sorted_order_strings_segments,Device=0 num_rows=2097152 shared_suffix=64 segment_profile=tiny4,True,True,0,0.9032112002372743,0.6642020303987465,72.36474514007568,"{""num_rows"": ""2097152"", ""segment_profile"": ""tiny4"", ""shared_suffix"": ""64""}"
experiment-3,stable-warps-1,sorted_order_strings_segments,Device=0 num_rows=32768 shared_suffix=0 segment_profile=tiny8,True,True,0,0.15650720074772834,0.7585424009435852,1.1391592025756836,"{""num_rows"": ""32768"", ""segment_profile"": ""tiny8"", ""shared_suffix"": ""0""}"
experiment-3,stable-warps-1,sorted_order_strings_segments,Device=0 num_rows=2097152 shared_suffix=0 segment_profile=tiny8,True,True,0,0.5751199960708618,0.8233826432530088,72.36474514007568,"{""num_rows"": ""2097152"", ""segment_profile"": ""tiny8"", ""shared_suffix"": ""0""}"
experiment-3,stable-warps-1,sorted_order_strings_segments,Device=0 num_rows=32768 shared_suffix=64 segment_profile=tiny8,True,True,0,0.17450399994850158,0.898710776874875,1.1391592025756836,"{""num_rows"": ""32768"", ""segment_profile"": ""tiny8"", ""shared_suffix"": ""64""}"
experiment-3,stable-warps-1,sorted_order_strings_segments,Device=0 num_rows=2097152 shared_suffix=64 segment_profile=tiny8,True,True,0,1.1322655975818632,0.45727850585025887,72.36474514007568,"{""num_rows"": ""2097152"", ""segment_profile"": ""tiny8"", ""shared_suffix"": ""64""}"
experiment-3,stable-warps-1,sorted_order_strings_segments,Device=0 num_rows=32768 shared_suffix=0 segment_profile=tiny16,True,True,0,0.1590896002948284,2.059448591355653,1.1391592025756836,"{""num_rows"": ""32768"", ""segment_profile"": ""tiny16"", ""shared_suffix"": ""0""}"
experiment-3,stable-warps-1,sorted_order_strings_segments,Device=0 num_rows=2097152 shared_suffix=0 segment_profile=tiny16,True,True,0,0.6018527984619141,0.5556474715250384,72.36474514007568,"{""num_rows"": ""2097152"", ""segment_profile"": ""tiny16"", ""shared_suffix"": ""0""}"
experiment-3,stable-warps-1,sorted_order_strings_segments,Device=0 num_rows=32768 shared_suffix=64 segment_profile=tiny16,True,True,0,0.18203519955277442,1.4765645028555845,1.1391592025756836,"{""num_rows"": ""32768"", ""segment_profile"": ""tiny16"", ""shared_suffix"": ""64""}"
experiment-3,stable-warps-1,sorted_order_strings_segments,Device=0 num_rows=2097152 shared_suffix=64 segment_profile=tiny16,True,True,0,1.3425504028797148,0.33699426815435835,72.36474514007568,"{""num_rows"": ""2097152"", ""segment_profile"": ""tiny16"", ""shared_suffix"": ""64""}"
experiment-3,stable-warps-1,sorted_order_strings_segments,Device=0 num_rows=32768 shared_suffix=0 segment_profile=tiny32,True,True,0,0.1592191994190216,2.4216432448559893,1.1391592025756836,"{""num_rows"": ""32768"", ""segment_profile"": ""tiny32"", ""shared_suffix"": ""0""}"
experiment-3,stable-warps-1,sorted_order_strings_segments,Device=0 num_rows=2097152 shared_suffix=0 segment_profile=tiny32,True,True,0,0.6563423961400985,0.40897853545088186,72.36474514007568,"{""num_rows"": ""2097152"", ""segment_profile"": ""tiny32"", ""shared_suffix"": ""0""}"
experiment-3,stable-warps-1,sorted_order_strings_segments,Device=0 num_rows=32768 shared_suffix=64 segment_profile=tiny32,True,True,0,0.1896863982081413,2.2408155723657024,1.1391592025756836,"{""num_rows"": ""32768"", ""segment_profile"": ""tiny32"", ""shared_suffix"": ""64""}"
experiment-3,stable-warps-1,sorted_order_strings_segments,Device=0 num_rows=2097152 shared_suffix=64 segment_profile=tiny32,True,True,0,1.63643519282341,0.17393486266952496,72.36474514007568,"{""num_rows"": ""2097152"", ""segment_profile"": ""tiny32"", ""shared_suffix"": ""64""}"
experiment-31,stable-warps-1,sorted_order_strings_segments,Device=0 num_rows=32768 shared_suffix=0 segment_profile=pairs,True,True,2,0.15453920066356658,2.76641144088148,1.1391592025756836,"{""num_rows"": ""32768"", ""segment_profile"": ""pairs"", ""shared_suffix"": ""0""}"
experiment-31,stable-warps-1,sorted_order_strings_segments,Device=0 num_rows=2097152 shared_suffix=0 segment_profile=pairs,True,True,2,0.6449487954378127,0.918385843498494,72.36474514007568,"{""num_rows"": ""2097152"", ""segment_profile"": ""pairs"", ""shared_suffix"": ""0""}"
experiment-31,stable-warps-1,sorted_order_strings_segments,Device=0 num_rows=32768 shared_suffix=64 segment_profile=pairs,True,True,2,0.15723679885268213,2.1870338265371476,1.1391592025756836,"{""num_rows"": ""32768"", ""segment_profile"": ""pairs"", ""shared_suffix"": ""64""}"
experiment-31,stable-warps-1,sorted_order_strings_segments,Device=0 num_rows=2097152 shared_suffix=64 segment_profile=pairs,True,True,2,0.8148239940404891,0.8784158213394362,72.36474514007568,"{""num_rows"": ""2097152"", ""segment_profile"": ""pairs"", ""shared_suffix"": ""64""}"
experiment-31,stable-warps-1,sorted_order_strings_segments,Device=0 num_rows=32768 shared_suffix=0 segment_profile=tiny4,True,True,2,0.15520800054073333,0.8654662739748175,1.1391592025756836,"{""num_rows"": ""32768"", ""segment_profile"": ""tiny4"", ""shared_suffix"": ""0""}"
experiment-31,stable-warps-1,sorted_order_strings_segments,Device=0 num_rows=2097152 shared_suffix=0 segment_profile=tiny4,True,True,2,0.5701375961303712,1.0874577267177632,72.36474514007568,"{""num_rows"": ""2097152"", ""segment_profile"": ""tiny4"", ""shared_suffix"": ""0""}"
experiment-31,stable-warps-1,sorted_order_strings_segments,Device=0 num_rows=32768 shared_suffix=64 segment_profile=tiny4,True,True,2,0.1656431995332241,0.98530528470251,1.1391592025756836,"{""num_rows"": ""32768"", ""segment_profile"": ""tiny4"", ""shared_suffix"": ""64""}"
experiment-31,stable-warps-1,sorted_order_strings_segments,Device=0 num_rows=2097152 shared_suffix=64 segment_profile=tiny4,True,True,2,0.900608006119728,0.4517355558853683,72.36474514007568,"{""num_rows"": ""2097152"", ""segment_profile"": ""tiny4"", ""shared_suffix"": ""64""}"
experiment-31,stable-warps-1,sorted_order_strings_segments,Device=0 num_rows=32768 shared_suffix=0 segment_profile=tiny8,True,True,2,0.15763520002365114,0.7782010061393805,1.1391592025756836,"{""num_rows"": ""32768"", ""segment_profile"": ""tiny8"", ""shared_suffix"": ""0""}"
experiment-31,stable-warps-1,sorted_order_strings_segments,Device=0 num_rows=2097152 shared_suffix=0 segment_profile=tiny8,True,True,2,0.5759663969278335,0.7233309419095038,72.36474514007568,"{""num_rows"": ""2097152"", ""segment_profile"": ""tiny8"", ""shared_suffix"": ""0""}"
experiment-31,stable-warps-1,sorted_order_strings_segments,Device=0 num_rows=32768 shared_suffix=64 segment_profile=tiny8,True,True,2,0.17524639889597887,0.7262178850162354,1.1391592025756836,"{""num_rows"": ""32768"", ""segment_profile"": ""tiny8"", ""shared_suffix"": ""64""}"
experiment-31,stable-warps-1,sorted_order_strings_segments,Device=0 num_rows=2097152 shared_suffix=64 segment_profile=tiny8,True,True,2,1.1354847967624666,0.3718442637673341,72.36474514007568,"{""num_rows"": ""2097152"", ""segment_profile"": ""tiny8"", ""shared_suffix"": ""64""}"
experiment-31,stable-warps-1,sorted_order_strings_segments,Device=0 num_rows=32768 shared_suffix=0 segment_profile=tiny16,True,True,2,0.158185601234436,1.5916213653040028,1.1391592025756836,"{""num_rows"": ""32768"", ""segment_profile"": ""tiny16"", ""shared_suffix"": ""0""}"
experiment-31,stable-warps-1,sorted_order_strings_segments,Device=0 num_rows=2097152 shared_suffix=0 segment_profile=tiny16,True,True,2,0.6028591990470886,0.6245798602838407,72.36474514007568,"{""num_rows"": ""2097152"", ""segment_profile"": ""tiny16"", ""shared_suffix"": ""0""}"
experiment-31,stable-warps-1,sorted_order_strings_segments,Device=0 num_rows=32768 shared_suffix=64 segment_profile=tiny16,True,True,2,0.18274240046739576,1.361692505146659,1.1391592025756836,"{""num_rows"": ""32768"", ""segment_profile"": ""tiny16"", ""shared_suffix"": ""64""}"
experiment-31,stable-warps-1,sorted_order_strings_segments,Device=0 num_rows=2097152 shared_suffix=64 segment_profile=tiny16,True,True,2,1.343910390138626,0.3444035712967494,72.36474514007568,"{""num_rows"": ""2097152"", ""segment_profile"": ""tiny16"", ""shared_suffix"": ""64""}"
experiment-31,stable-warps-1,sorted_order_strings_segments,Device=0 num_rows=32768 shared_suffix=0 segment_profile=tiny32,True,True,2,0.16055519878864288,2.620872107377388,1.1391592025756836,"{""num_rows"": ""32768"", ""segment_profile"": ""tiny32"", ""shared_suffix"": ""0""}"
experiment-31,stable-warps-1,sorted_order_strings_segments,Device=0 num_rows=2097152 shared_suffix=0 segment_profile=tiny32,True,True,2,0.6558687984943389,0.44205441719285266,72.36474514007568,"{""num_rows"": ""2097152"", ""segment_profile"": ""tiny32"", ""shared_suffix"": ""0""}"
experiment-31,stable-warps-1,sorted_order_strings_segments,Device=0 num_rows=32768 shared_suffix=64 segment_profile=tiny32,True,True,2,0.19159359857439995,1.9640190173406191,1.1391592025756836,"{""num_rows"": ""32768"", ""segment_profile"": ""tiny32"", ""shared_suffix"": ""64""}"
experiment-31,stable-warps-1,sorted_order_strings_segments,Device=0 num_rows=2097152 shared_suffix=64 segment_profile=tiny32,True,True,2,1.6381520032882688,0.1816671218754543,72.36474514007568,"{""num_rows"": ""2097152"", ""segment_profile"": ""tiny32"", ""shared_suffix"": ""64""}"
experiment-3,pr-diagnostics,sorted_order_strings_segmented_diagnostics,Device=0 num_rows=262144 profile=finish_257,False,False,0,0.21627520099282266,1.8168546079113894,9.053221702575684,"{""num_rows"": ""262144"", ""profile"": ""finish_257""}"
experiment-3,pr-diagnostics,sorted_order_strings_segmented_diagnostics,Device=0 num_rows=2097152 profile=finish_257,False,False,0,0.41809759885072706,0.7815375688090302,72.36474514007568,"{""num_rows"": ""2097152"", ""profile"": ""finish_257""}"
experiment-3,pr-diagnostics,sorted_order_strings_segmented_diagnostics,Device=0 num_rows=262144 profile=finish_1024,False,False,0,0.24080799967050553,2.59839121451701,9.053221702575684,"{""num_rows"": ""262144"", ""profile"": ""finish_1024""}"
experiment-3,pr-diagnostics,sorted_order_strings_segmented_diagnostics,Device=0 num_rows=2097152 profile=finish_1024,False,False,0,0.44210560321807874,0.804958003956297,72.36474514007568,"{""num_rows"": ""2097152"", ""profile"": ""finish_1024""}"
experiment-3,pr-diagnostics,sorted_order_strings_segmented_diagnostics,Device=0 num_rows=262144 profile=finish_4096,False,False,0,0.2930992037057877,12.760196780801653,9.053221702575684,"{""num_rows"": ""262144"", ""profile"": ""finish_4096""}"
experiment-3,pr-diagnostics,sorted_order_strings_segmented_diagnostics,Device=0 num_rows=2097152 profile=finish_4096,False,False,0,0.48358079791069014,0.6347380170440035,72.36474514007568,"{""num_rows"": ""2097152"", ""profile"": ""finish_4096""}"
experiment-3,pr-diagnostics,sorted_order_strings_segmented_diagnostics,Device=0 num_rows=262144 profile=active_50,False,False,0,0.33260800093412396,0.3316373248286497,9.053221702575684,"{""num_rows"": ""262144"", ""profile"": ""active_50""}"
experiment-3,pr-diagnostics,sorted_order_strings_segmented_diagnostics,Device=0 num_rows=2097152 profile=active_50,False,False,0,0.8646687984466553,0.5376950244402123,72.36474514007568,"{""num_rows"": ""2097152"", ""profile"": ""active_50""}"
experiment-3,pr-diagnostics,sorted_order_strings_segmented_diagnostics,Device=0 num_rows=262144 profile=active_10,False,False,0,0.29652319848537456,1.482797197696368,9.053221702575684,"{""num_rows"": ""262144"", ""profile"": ""active_10""}"
experiment-3,pr-diagnostics,sorted_order_strings_segmented_diagnostics,Device=0 num_rows=2097152 profile=active_10,False,False,0,0.543905594944954,0.7811104770277755,72.36474514007568,"{""num_rows"": ""2097152"", ""profile"": ""active_10""}"
experiment-3,pr-diagnostics,sorted_order_strings_segmented_diagnostics,Device=0 num_rows=262144 profile=active_1,False,False,0,0.2413951978087425,1.2663900573000257,9.053221702575684,"{""num_rows"": ""262144"", ""profile"": ""active_1""}"
experiment-3,pr-diagnostics,sorted_order_strings_segmented_diagnostics,Device=0 num_rows=2097152 profile=active_1,False,False,0,0.4910063996911049,0.8188493026548764,72.36474514007568,"{""num_rows"": ""2097152"", ""profile"": ""active_1""}"
experiment-3,pr-diagnostics,sorted_order_strings_segmented_diagnostics,Device=0 num_rows=262144 profile=active_0_1,False,False,0,0.20090240091085435,1.5751407253285312,9.053221702575684,"{""num_rows"": ""262144"", ""profile"": ""active_0_1""}"
experiment-3,pr-diagnostics,sorted_order_strings_segmented_diagnostics,Device=0 num_rows=2097152 profile=active_0_1,False,False,0,0.42116959989070896,0.8555559461684514,72.36474514007568,"{""num_rows"": ""2097152"", ""profile"": ""active_0_1""}"
experiment-3,pr-diagnostics,sorted_order_strings_segmented_diagnostics,Device=0 num_rows=262144 profile=duplicates_6,False,False,0,0.23520319908857348,0.791248530544463,9.053221702575684,"{""num_rows"": ""262144"", ""profile"": ""duplicates_6""}"
experiment-3,pr-diagnostics,sorted_order_strings_segmented_diagnostics,Device=0 num_rows=2097152 profile=duplicates_6,False,False,0,0.9661824017763136,0.2736774119566761,72.36474514007568,"{""num_rows"": ""2097152"", ""profile"": ""duplicates_6""}"
experiment-3,pr-diagnostics,sorted_order_strings_segmented_diagnostics,Device=0 num_rows=262144 profile=duplicates_8,False,False,0,0.23550879955291754,1.219416378203006,9.053221702575684,"{""num_rows"": ""262144"", ""profile"": ""duplicates_8""}"
experiment-3,pr-diagnostics,sorted_order_strings_segmented_diagnostics,Device=0 num_rows=2097152 profile=duplicates_8,False,False,0,0.9652448028326033,0.27564130524516783,72.36474514007568,"{""num_rows"": ""2097152"", ""profile"": ""duplicates_8""}"
experiment-3,pr-diagnostics,sorted_order_strings_segmented_diagnostics,Device=0 num_rows=262144 profile=duplicates_12,False,False,0,0.35421919822692866,0.749105580076142,9.053221702575684,"{""num_rows"": ""262144"", ""profile"": ""duplicates_12""}"
experiment-3,pr-diagnostics,sorted_order_strings_segmented_diagnostics,Device=0 num_rows=2097152 profile=duplicates_12,False,False,0,2.0590767860412598,1.0434425888935472,72.36474514007568,"{""num_rows"": ""2097152"", ""profile"": ""duplicates_12""}"
experiment-3,pr-diagnostics,sorted_order_strings_segmented_diagnostics,Device=0 num_rows=262144 profile=duplicates_16,False,False,0,0.3005664020776749,0.4592671879021442,9.053221702575684,"{""num_rows"": ""262144"", ""profile"": ""duplicates_16""}"
experiment-3,pr-diagnostics,sorted_order_strings_segmented_diagnostics,Device=0 num_rows=2097152 profile=duplicates_16,False,False,0,1.5801840007305143,0.23092624442384196,72.36474514007568,"{""num_rows"": ""2097152"", ""profile"": ""duplicates_16""}"
experiment-3,pr-diagnostics,sorted_order_strings_segmented_diagnostics,Device=0 num_rows=262144 profile=duplicates_24,False,False,0,0.3594592019915581,0.6886395587924842,9.053221702575684,"{""num_rows"": ""262144"", ""profile"": ""duplicates_24""}"
experiment-3,pr-diagnostics,sorted_order_strings_segmented_diagnostics,Device=0 num_rows=2097152 profile=duplicates_24,False,False,0,2.049147164821625,0.17635402991316596,72.36474514007568,"{""num_rows"": ""2097152"", ""profile"": ""duplicates_24""}"
experiment-3,pr-diagnostics,sorted_order_strings_segmented_diagnostics,Device=0 num_rows=262144 profile=duplicates_32,False,False,0,0.4024911999702454,0.9243182928729033,9.053221702575684,"{""num_rows"": ""262144"", ""profile"": ""duplicates_32""}"
experiment-3,pr-diagnostics,sorted_order_strings_segmented_diagnostics,Device=0 num_rows=2097152 profile=duplicates_32,False,False,0,2.4892816066741936,0.172183200936759,72.36474514007568,"{""num_rows"": ""2097152"", ""profile"": ""duplicates_32""}"
experiment-3,pr-diagnostics,sorted_order_strings_segmented_diagnostics,Device=0 num_rows=262144 profile=rle_misaligned,False,False,0,0.6195840030908584,1.5278149093973954,9.053221702575684,"{""num_rows"": ""262144"", ""profile"": ""rle_misaligned""}"
experiment-3,pr-diagnostics,sorted_order_strings_segmented_diagnostics,Device=0 num_rows=2097152 profile=rle_misaligned,False,False,0,3.814208018779754,0.22574663729838287,72.36474514007568,"{""num_rows"": ""2097152"", ""profile"": ""rle_misaligned""}"
experiment-31,pr-diagnostics,sorted_order_strings_segmented_diagnostics,Device=0 num_rows=262144 profile=finish_257,False,False,2,0.21259680017828944,1.4227283318934831,9.053221702575684,"{""num_rows"": ""262144"", ""profile"": ""finish_257""}"
experiment-31,pr-diagnostics,sorted_order_strings_segmented_diagnostics,Device=0 num_rows=2097152 profile=finish_257,False,False,2,0.4162703976035119,0.6940728996520983,72.36474514007568,"{""num_rows"": ""2097152"", ""profile"": ""finish_257""}"
experiment-31,pr-diagnostics,sorted_order_strings_segmented_diagnostics,Device=0 num_rows=262144 profile=finish_1024,False,False,2,0.23787199929356576,0.6596695156248041,9.053221702575684,"{""num_rows"": ""262144"", ""profile"": ""finish_1024""}"
experiment-31,pr-diagnostics,sorted_order_strings_segmented_diagnostics,Device=0 num_rows=2097152 profile=finish_1024,False,False,2,0.43774399757385263,0.7815060479331492,72.36474514007568,"{""num_rows"": ""2097152"", ""profile"": ""finish_1024""}"
experiment-31,pr-diagnostics,sorted_order_strings_segmented_diagnostics,Device=0 num_rows=262144 profile=finish_4096,False,False,2,0.2795328006148339,1.4044674240328487,9.053221702575684,"{""num_rows"": ""262144"", ""profile"": ""finish_4096""}"
experiment-31,pr-diagnostics,sorted_order_strings_segmented_diagnostics,Device=0 num_rows=2097152 profile=finish_4096,False,False,2,0.4803359985351563,0.602660361644149,72.36474514007568,"{""num_rows"": ""2097152"", ""profile"": ""finish_4096""}"
experiment-31,pr-diagnostics,sorted_order_strings_segmented_diagnostics,Device=0 num_rows=262144 profile=active_50,False,False,2,0.37470239996910093,0.5129051739303198,9.053221702575684,"{""num_rows"": ""262144"", ""profile"": ""active_50""}"
experiment-31,pr-diagnostics,sorted_order_strings_segmented_diagnostics,Device=0 num_rows=2097152 profile=active_50,False,False,2,1.0812703967094424,0.40810277781233556,72.36474514007568,"{""num_rows"": ""2097152"", ""profile"": ""active_50""}"
experiment-31,pr-diagnostics,sorted_order_strings_segmented_diagnostics,Device=0 num_rows=262144 profile=active_10,False,False,2,0.3130464002490044,0.9923267247877152,9.053221702575684,"{""num_rows"": ""262144"", ""profile"": ""active_10""}"
experiment-31,pr-diagnostics,sorted_order_strings_segmented_diagnostics,Device=0 num_rows=2097152 profile=active_10,False,False,2,0.597836795449257,0.6573970014705632,72.36474514007568,"{""num_rows"": ""2097152"", ""profile"": ""active_10""}"
experiment-31,pr-diagnostics,sorted_order_strings_segmented_diagnostics,Device=0 num_rows=262144 profile=active_1,False,False,2,0.23504959940910344,1.3026448951318557,9.053221702575684,"{""num_rows"": ""262144"", ""profile"": ""active_1""}"
experiment-31,pr-diagnostics,sorted_order_strings_segmented_diagnostics,Device=0 num_rows=2097152 profile=active_1,False,False,2,0.5104927957057953,0.7463754265316038,72.36474514007568,"{""num_rows"": ""2097152"", ""profile"": ""active_1""}"
experiment-31,pr-diagnostics,sorted_order_strings_segmented_diagnostics,Device=0 num_rows=262144 profile=active_0_1,False,False,2,0.19498400241136551,1.9577895261975318,9.053221702575684,"{""num_rows"": ""262144"", ""profile"": ""active_0_1""}"
experiment-31,pr-diagnostics,sorted_order_strings_segmented_diagnostics,Device=0 num_rows=2097152 profile=active_0_1,False,False,2,0.41893919855356215,1.0536779572877215,72.36474514007568,"{""num_rows"": ""2097152"", ""profile"": ""active_0_1""}"
experiment-31,pr-diagnostics,sorted_order_strings_segmented_diagnostics,Device=0 num_rows=262144 profile=duplicates_6,False,False,2,0.23365440145134933,1.014203396315685,9.053221702575684,"{""num_rows"": ""262144"", ""profile"": ""duplicates_6""}"
experiment-31,pr-diagnostics,sorted_order_strings_segmented_diagnostics,Device=0 num_rows=2097152 profile=duplicates_6,False,False,2,0.6769663989543916,1.4479341424121772,72.36474514007568,"{""num_rows"": ""2097152"", ""profile"": ""duplicates_6""}"
experiment-31,pr-diagnostics,sorted_order_strings_segmented_diagnostics,Device=0 num_rows=262144 profile=duplicates_8,False,False,2,0.23303679972887043,0.7673281094822929,9.053221702575684,"{""num_rows"": ""262144"", ""profile"": ""duplicates_8""}"
experiment-31,pr-diagnostics,sorted_order_strings_segmented_diagnostics,Device=0 num_rows=2097152 profile=duplicates_8,False,False,2,0.6764048010110854,1.0611732306533155,72.36474514007568,"{""num_rows"": ""2097152"", ""profile"": ""duplicates_8""}"
experiment-31,pr-diagnostics,sorted_order_strings_segmented_diagnostics,Device=0 num_rows=262144 profile=duplicates_12,False,False,2,0.35007359981536873,0.3116055906000173,9.053221702575684,"{""num_rows"": ""262144"", ""profile"": ""duplicates_12""}"
experiment-31,pr-diagnostics,sorted_order_strings_segmented_diagnostics,Device=0 num_rows=2097152 profile=duplicates_12,False,False,2,0.7312271922826767,1.7598573043430539,72.36474514007568,"{""num_rows"": ""2097152"", ""profile"": ""duplicates_12""}"
experiment-31,pr-diagnostics,sorted_order_strings_segmented_diagnostics,Device=0 num_rows=262144 profile=duplicates_16,False,False,2,0.3013375982642174,2.3152682977020755,9.053221702575684,"{""num_rows"": ""262144"", ""profile"": ""duplicates_16""}"
experiment-31,pr-diagnostics,sorted_order_strings_segmented_diagnostics,Device=0 num_rows=2097152 profile=duplicates_16,False,False,2,0.72154880464077,1.2555652567858204,72.36474514007568,"{""num_rows"": ""2097152"", ""profile"": ""duplicates_16""}"
experiment-31,pr-diagnostics,sorted_order_strings_segmented_diagnostics,Device=0 num_rows=262144 profile=duplicates_24,False,False,2,0.35765919983386996,0.41207014210653425,9.053221702575684,"{""num_rows"": ""262144"", ""profile"": ""duplicates_24""}"
experiment-31,pr-diagnostics,sorted_order_strings_segmented_diagnostics,Device=0 num_rows=2097152 profile=duplicates_24,False,False,2,0.7456176042556761,0.9712423407658723,72.36474514007568,"{""num_rows"": ""2097152"", ""profile"": ""duplicates_24""}"
experiment-31,pr-diagnostics,sorted_order_strings_segmented_diagnostics,Device=0 num_rows=262144 profile=duplicates_32,False,False,2,0.40008159577846536,0.42472315894189827,9.053221702575684,"{""num_rows"": ""262144"", ""profile"": ""duplicates_32""}"
experiment-31,pr-diagnostics,sorted_order_strings_segmented_diagnostics,Device=0 num_rows=2097152 profile=duplicates_32,False,False,2,0.7608784019947052,1.2445597026015318,72.36474514007568,"{""num_rows"": ""2097152"", ""profile"": ""duplicates_32""}"
experiment-31,pr-diagnostics,sorted_order_strings_segmented_diagnostics,Device=0 num_rows=262144 profile=rle_misaligned,False,False,2,0.47564640194177626,1.21471325374657,9.053221702575684,"{""num_rows"": ""262144"", ""profile"": ""rle_misaligned""}"
experiment-31,pr-diagnostics,sorted_order_strings_segmented_diagnostics,Device=0 num_rows=2097152 profile=rle_misaligned,False,False,2,2.6954383730888365,0.20339411097911603,72.36474514007568,"{""num_rows"": ""2097152"", ""profile"": ""rle_misaligned""}"
experiment-3,pr-diagnostics,sorted_order_strings_segmented_diagnostics,Device=0 num_rows=262144 profile=finish_257,False,False,1,0.212441598623991,0.7611383235435686,9.053221702575684,"{""num_rows"": ""262144"", ""profile"": ""finish_257""}"
experiment-3,pr-diagnostics,sorted_order_strings_segmented_diagnostics,Device=0 num_rows=2097152 profile=finish_257,False,False,1,0.4134303987026215,0.9143941700334302,72.36474514007568,"{""num_rows"": ""2097152"", ""profile"": ""finish_257""}"
experiment-3,pr-diagnostics,sorted_order_strings_segmented_diagnostics,Device=0 num_rows=262144 profile=finish_1024,False,False,1,0.23774240091443063,0.4923560410260572,9.053221702575684,"{""num_rows"": ""262144"", ""profile"": ""finish_1024""}"
experiment-3,pr-diagnostics,sorted_order_strings_segmented_diagnostics,Device=0 num_rows=2097152 profile=finish_1024,False,False,1,0.43836160004138947,0.6712940715647482,72.36474514007568,"{""num_rows"": ""2097152"", ""profile"": ""finish_1024""}"
experiment-3,pr-diagnostics,sorted_order_strings_segmented_diagnostics,Device=0 num_rows=262144 profile=finish_4096,False,False,1,0.2778687968850135,1.1141896185411864,9.053221702575684,"{""num_rows"": ""262144"", ""profile"": ""finish_4096""}"
experiment-3,pr-diagnostics,sorted_order_strings_segmented_diagnostics,Device=0 num_rows=2097152 profile=finish_4096,False,False,1,0.4788256004452705,0.7823112188953691,72.36474514007568,"{""num_rows"": ""2097152"", ""profile"": ""finish_4096""}"
experiment-3,pr-diagnostics,sorted_order_strings_segmented_diagnostics,Device=0 num_rows=262144 profile=active_50,False,False,1,0.33071999996900564,0.45240225182745075,9.053221702575684,"{""num_rows"": ""262144"", ""profile"": ""active_50""}"
experiment-3,pr-diagnostics,sorted_order_strings_segmented_diagnostics,Device=0 num_rows=2097152 profile=active_50,False,False,1,0.8610976040363313,0.6176069237744277,72.36474514007568,"{""num_rows"": ""2097152"", ""profile"": ""active_50""}"
experiment-3,pr-diagnostics,sorted_order_strings_segmented_diagnostics,Device=0 num_rows=262144 profile=active_10,False,False,1,0.29260479956865304,0.640090227533419,9.053221702575684,"{""num_rows"": ""262144"", ""profile"": ""active_10""}"
experiment-3,pr-diagnostics,sorted_order_strings_segmented_diagnostics,Device=0 num_rows=2097152 profile=active_10,False,False,1,0.5472800016403199,5.9900116338981375,72.36474514007568,"{""num_rows"": ""2097152"", ""profile"": ""active_10""}"
experiment-3,pr-diagnostics,sorted_order_strings_segmented_diagnostics,Device=0 num_rows=262144 profile=active_1,False,False,1,0.2374960012733936,1.3240919169007968,9.053221702575684,"{""num_rows"": ""262144"", ""profile"": ""active_1""}"
experiment-3,pr-diagnostics,sorted_order_strings_segmented_diagnostics,Device=0 num_rows=2097152 profile=active_1,False,False,1,0.4881135985255242,0.6004787531245407,72.36474514007568,"{""num_rows"": ""2097152"", ""profile"": ""active_1""}"
experiment-3,pr-diagnostics,sorted_order_strings_segmented_diagnostics,Device=0 num_rows=262144 profile=active_0_1,False,False,1,0.19673600047826764,1.7739200240723112,9.053221702575684,"{""num_rows"": ""262144"", ""profile"": ""active_0_1""}"
experiment-3,pr-diagnostics,sorted_order_strings_segmented_diagnostics,Device=0 num_rows=2097152 profile=active_0_1,False,False,1,0.41894239932298655,0.9333399396528861,72.36474514007568,"{""num_rows"": ""2097152"", ""profile"": ""active_0_1""}"
experiment-3,pr-diagnostics,sorted_order_strings_segmented_diagnostics,Device=0 num_rows=262144 profile=duplicates_6,False,False,1,0.23419039994478225,0.6317208326782834,9.053221702575684,"{""num_rows"": ""262144"", ""profile"": ""duplicates_6""}"
experiment-3,pr-diagnostics,sorted_order_strings_segmented_diagnostics,Device=0 num_rows=2097152 profile=duplicates_6,False,False,1,0.9626224011182785,0.4026725134326409,72.36474514007568,"{""num_rows"": ""2097152"", ""profile"": ""duplicates_6""}"
experiment-3,pr-diagnostics,sorted_order_strings_segmented_diagnostics,Device=0 num_rows=262144 profile=duplicates_8,False,False,1,0.23389600068330765,0.46231459624870286,9.053221702575684,"{""num_rows"": ""262144"", ""profile"": ""duplicates_8""}"
experiment-3,pr-diagnostics,sorted_order_strings_segmented_diagnostics,Device=0 num_rows=2097152 profile=duplicates_8,False,False,1,0.9626224011182785,0.3031318894543653,72.36474514007568,"{""num_rows"": ""2097152"", ""profile"": ""duplicates_8""}"
experiment-3,pr-diagnostics,sorted_order_strings_segmented_diagnostics,Device=0 num_rows=262144 profile=duplicates_12,False,False,1,0.3499168008565904,0.46004371973993075,9.053221702575684,"{""num_rows"": ""262144"", ""profile"": ""duplicates_12""}"
experiment-3,pr-diagnostics,sorted_order_strings_segmented_diagnostics,Device=0 num_rows=2097152 profile=duplicates_12,False,False,1,2.0557199954986576,0.7468840817019463,72.36474514007568,"{""num_rows"": ""2097152"", ""profile"": ""duplicates_12""}"
experiment-3,pr-diagnostics,sorted_order_strings_segmented_diagnostics,Device=0 num_rows=262144 profile=duplicates_16,False,False,1,0.3075679987668991,7.706985404670731,9.053221702575684,"{""num_rows"": ""262144"", ""profile"": ""duplicates_16""}"
experiment-3,pr-diagnostics,sorted_order_strings_segmented_diagnostics,Device=0 num_rows=2097152 profile=duplicates_16,False,False,1,1.5775680065155027,0.18758159878437805,72.36474514007568,"{""num_rows"": ""2097152"", ""profile"": ""duplicates_16""}"
experiment-3,pr-diagnostics,sorted_order_strings_segmented_diagnostics,Device=0 num_rows=262144 profile=duplicates_24,False,False,1,0.3589119985699653,0.5058300402403824,9.053221702575684,"{""num_rows"": ""262144"", ""profile"": ""duplicates_24""}"
experiment-3,pr-diagnostics,sorted_order_strings_segmented_diagnostics,Device=0 num_rows=2097152 profile=duplicates_24,False,False,1,2.045156800746918,0.1838346135202041,72.36474514007568,"{""num_rows"": ""2097152"", ""profile"": ""duplicates_24""}"
experiment-3,pr-diagnostics,sorted_order_strings_segmented_diagnostics,Device=0 num_rows=262144 profile=duplicates_32,False,False,1,0.4006127998232842,0.3176157301429102,9.053221702575684,"{""num_rows"": ""262144"", ""profile"": ""duplicates_32""}"
experiment-3,pr-diagnostics,sorted_order_strings_segmented_diagnostics,Device=0 num_rows=2097152 profile=duplicates_32,False,False,1,2.4829663634300227,0.21524246119443455,72.36474514007568,"{""num_rows"": ""2097152"", ""profile"": ""duplicates_32""}"
experiment-3,pr-diagnostics,sorted_order_strings_segmented_diagnostics,Device=0 num_rows=262144 profile=rle_misaligned,False,False,1,0.6191455990076066,1.385726269653023,9.053221702575684,"{""num_rows"": ""262144"", ""profile"": ""rle_misaligned""}"
experiment-3,pr-diagnostics,sorted_order_strings_segmented_diagnostics,Device=0 num_rows=2097152 profile=rle_misaligned,False,False,1,3.8095552206039427,0.1325575911879197,72.36474514007568,"{""num_rows"": ""2097152"", ""profile"": ""rle_misaligned""}"
baseline,target,sorted_order_strings_cardinality,Device=0 num_rows=262144 max_width=32 cardinality=1,False,False,2,0.007065600017085671,6.831668248506968,1.0,"{""cardinality"": ""1"", ""max_width"": ""32"", ""num_rows"": ""262144""}"
baseline,target,sorted_order_strings_cardinality,Device=0 num_rows=2097152 max_width=32 cardinality=1,False,False,2,0.00864160000346601,3.7829894654143215,8.0,"{""cardinality"": ""1"", ""max_width"": ""32"", ""num_rows"": ""2097152""}"
baseline,target,sorted_order_strings_cardinality,Device=0 num_rows=262144 max_width=128 cardinality=1,False,False,2,1.0371151804924013,0.29943953154092806,9.053221702575684,"{""cardinality"": ""1"", ""max_width"": ""128"", ""num_rows"": ""262144""}"
baseline,target,sorted_order_strings_cardinality,Device=0 num_rows=2097152 max_width=128 cardinality=1,False,False,2,7.136630415916443,0.29398698930570877,72.36474514007568,"{""cardinality"": ""1"", ""max_width"": ""128"", ""num_rows"": ""2097152""}"
baseline,target,sorted_order_strings_cardinality,Device=0 num_rows=262144 max_width=32 cardinality=64,False,False,2,0.4494783997535705,1.9008451990444848,9.053221702575684,"{""cardinality"": ""64"", ""max_width"": ""32"", ""num_rows"": ""262144""}"
baseline,target,sorted_order_strings_cardinality,Device=0 num_rows=2097152 max_width=32 cardinality=64,False,False,2,2.1363888263702395,1.7698660003691424,72.36474514007568,"{""cardinality"": ""64"", ""max_width"": ""32"", ""num_rows"": ""2097152""}"
baseline,target,sorted_order_strings_cardinality,Device=0 num_rows=262144 max_width=128 cardinality=64,False,False,2,1.0031136035919188,2.5531487759471405,9.053221702575684,"{""cardinality"": ""64"", ""max_width"": ""128"", ""num_rows"": ""262144""}"
baseline,target,sorted_order_strings_cardinality,Device=0 num_rows=2097152 max_width=128 cardinality=64,False,False,2,6.106739211082458,1.9750988849959967,72.36474514007568,"{""cardinality"": ""64"", ""max_width"": ""128"", ""num_rows"": ""2097152""}"
baseline,target,sorted_order_strings_cardinality,Device=0 num_rows=262144 max_width=32 cardinality=0,False,False,2,0.2633760020136834,0.6086912570729557,9.053221702575684,"{""cardinality"": ""0"", ""max_width"": ""32"", ""num_rows"": ""262144""}"
baseline,target,sorted_order_strings_cardinality,Device=0 num_rows=2097152 max_width=32 cardinality=0,False,False,2,0.6482191950082778,80.14104105238886,72.36474514007568,"{""cardinality"": ""0"", ""max_width"": ""32"", ""num_rows"": ""2097152""}"
baseline,target,sorted_order_strings_cardinality,Device=0 num_rows=262144 max_width=128 cardinality=0,False,False,2,0.26610239893198023,0.5031529284579161,9.053221702575684,"{""cardinality"": ""0"", ""max_width"": ""128"", ""num_rows"": ""262144""}"
baseline,target,sorted_order_strings_cardinality,Device=0 num_rows=2097152 max_width=128 cardinality=0,False,False,2,0.5373423963785171,0.7260992270483644,72.36474514007568,"{""cardinality"": ""0"", ""max_width"": ""128"", ""num_rows"": ""2097152""}"
baseline,target,sorted_order_strings_prefixes,Device=0 num_rows=262144 prefix_width=4 suffix_width=32 prefix_cardinality=1,False,False,2,0.2416047997772693,0.7258444588121996,9.053221702575684,"{""num_rows"": ""262144"", ""prefix_cardinality"": ""1"", ""prefix_width"": ""4"", ""suffix_width"": ""32""}"
baseline,target,sorted_order_strings_prefixes,Device=0 num_rows=2097152 prefix_width=4 suffix_width=32 prefix_cardinality=1,False,False,2,0.4796576008200645,0.8357253697343603,72.36474514007568,"{""num_rows"": ""2097152"", ""prefix_cardinality"": ""1"", ""prefix_width"": ""4"", ""suffix_width"": ""32""}"
baseline,target,sorted_order_strings_prefixes,Device=0 num_rows=262144 prefix_width=8 suffix_width=32 prefix_cardinality=1,False,False,2,0.5786800026893616,0.4945026179054514,9.053221702575684,"{""num_rows"": ""262144"", ""prefix_cardinality"": ""1"", ""prefix_width"": ""8"", ""suffix_width"": ""32""}"
baseline,target,sorted_order_strings_prefixes,Device=0 num_rows=2097152 prefix_width=8 suffix_width=32 prefix_cardinality=1,False,False,2,4.242062401771546,0.35540353363240124,72.36474514007568,"{""num_rows"": ""2097152"", ""prefix_cardinality"": ""1"", ""prefix_width"": ""8"", ""suffix_width"": ""32""}"
baseline,target,sorted_order_strings_prefixes,Device=0 num_rows=262144 prefix_width=10 suffix_width=32 prefix_cardinality=1,False,False,2,0.6163744002580642,0.41784833367221574,9.053221702575684,"{""num_rows"": ""262144"", ""prefix_cardinality"": ""1"", ""prefix_width"": ""10"", ""suffix_width"": ""32""}"
baseline,target,sorted_order_strings_prefixes,Device=0 num_rows=2097152 prefix_width=10 suffix_width=32 prefix_cardinality=1,False,False,2,4.4624943971633915,0.28800887745767517,72.36474514007568,"{""num_rows"": ""2097152"", ""prefix_cardinality"": ""1"", ""prefix_width"": ""10"", ""suffix_width"": ""32""}"
baseline,target,sorted_order_strings_prefixes,Device=0 num_rows=262144 prefix_width=11 suffix_width=32 prefix_cardinality=1,False,False,2,0.6258960038423539,0.4367926636337847,9.053221702575684,"{""num_rows"": ""262144"", ""prefix_cardinality"": ""1"", ""prefix_width"": ""11"", ""suffix_width"": ""32""}"
baseline,target,sorted_order_strings_prefixes,Device=0 num_rows=2097152 prefix_width=11 suffix_width=32 prefix_cardinality=1,False,False,2,4.5196944236755385,0.30155652845435826,72.36474514007568,"{""num_rows"": ""2097152"", ""prefix_cardinality"": ""1"", ""prefix_width"": ""11"", ""suffix_width"": ""32""}"
baseline,target,sorted_order_strings_prefixes,Device=0 num_rows=262144 prefix_width=12 suffix_width=32 prefix_cardinality=1,False,False,2,0.6338432073593139,0.3774001817372546,9.053221702575684,"{""num_rows"": ""262144"", ""prefix_cardinality"": ""1"", ""prefix_width"": ""12"", ""suffix_width"": ""32""}"
baseline,target,sorted_order_strings_prefixes,Device=0 num_rows=2097152 prefix_width=12 suffix_width=32 prefix_cardinality=1,False,False,2,4.571211266517638,0.33729726219719003,72.36474514007568,"{""num_rows"": ""2097152"", ""prefix_cardinality"": ""1"", ""prefix_width"": ""12"", ""suffix_width"": ""32""}"
baseline,target,sorted_order_strings_prefixes,Device=0 num_rows=262144 prefix_width=64 suffix_width=32 prefix_cardinality=1,False,False,2,1.5396128058433531,0.7808741514655867,9.053221702575684,"{""num_rows"": ""262144"", ""prefix_cardinality"": ""1"", ""prefix_width"": ""64"", ""suffix_width"": ""32""}"
baseline,target,sorted_order_strings_prefixes,Device=0 num_rows=2097152 prefix_width=64 suffix_width=32 prefix_cardinality=1,False,False,2,13.516606283187866,0.3591466927820392,72.36474514007568,"{""num_rows"": ""2097152"", ""prefix_cardinality"": ""1"", ""prefix_width"": ""64"", ""suffix_width"": ""32""}"
baseline,target,sorted_order_strings_prefixes,Device=0 num_rows=262144 prefix_width=4 suffix_width=32 prefix_cardinality=64,False,False,2,0.20415360108017916,0.7318059684407057,9.053221702575684,"{""num_rows"": ""262144"", ""prefix_cardinality"": ""64"", ""prefix_width"": ""4"", ""suffix_width"": ""32""}"
baseline,target,sorted_order_strings_prefixes,Device=0 num_rows=2097152 prefix_width=4 suffix_width=32 prefix_cardinality=64,False,False,2,0.42264959812164316,1.0693555637080456,72.36474514007568,"{""num_rows"": ""2097152"", ""prefix_cardinality"": ""64"", ""prefix_width"": ""4"", ""suffix_width"": ""32""}"
baseline,target,sorted_order_strings_prefixes,Device=0 num_rows=262144 prefix_width=8 suffix_width=32 prefix_cardinality=64,False,False,2,0.4601039990782738,0.43316774722242346,9.053221702575684,"{""num_rows"": ""262144"", ""prefix_cardinality"": ""64"", ""prefix_width"": ""8"", ""suffix_width"": ""32""}"
baseline,target,sorted_order_strings_prefixes,Device=0 num_rows=2097152 prefix_width=8 suffix_width=32 prefix_cardinality=64,False,False,2,3.885513579845428,0.3079989952685415,72.36474514007568,"{""num_rows"": ""2097152"", ""prefix_cardinality"": ""64"", ""prefix_width"": ""8"", ""suffix_width"": ""32""}"
baseline,target,sorted_order_strings_prefixes,Device=0 num_rows=262144 prefix_width=10 suffix_width=32 prefix_cardinality=64,False,False,2,0.4954191997647286,0.5985347013208021,9.053221702575684,"{""num_rows"": ""262144"", ""prefix_cardinality"": ""64"", ""prefix_width"": ""10"", ""suffix_width"": ""32""}"
baseline,target,sorted_order_strings_prefixes,Device=0 num_rows=2097152 prefix_width=10 suffix_width=32 prefix_cardinality=64,False,False,2,4.190999984741211,0.2675639622469455,72.36474514007568,"{""num_rows"": ""2097152"", ""prefix_cardinality"": ""64"", ""prefix_width"": ""10"", ""suffix_width"": ""32""}"
baseline,target,sorted_order_strings_prefixes,Device=0 num_rows=262144 prefix_width=11 suffix_width=32 prefix_cardinality=64,False,False,2,0.5076800048351289,0.36766622454428666,9.053221702575684,"{""num_rows"": ""262144"", ""prefix_cardinality"": ""64"", ""prefix_width"": ""11"", ""suffix_width"": ""32""}"
baseline,target,sorted_order_strings_prefixes,Device=0 num_rows=2097152 prefix_width=11 suffix_width=32 prefix_cardinality=64,False,False,2,4.260272002220154,0.3183440496842861,72.36474514007568,"{""num_rows"": ""2097152"", ""prefix_cardinality"": ""64"", ""prefix_width"": ""11"", ""suffix_width"": ""32""}"
baseline,target,sorted_order_strings_prefixes,Device=0 num_rows=262144 prefix_width=12 suffix_width=32 prefix_cardinality=64,False,False,2,0.5164239943027497,0.39354990551495467,9.053221702575684,"{""num_rows"": ""262144"", ""prefix_cardinality"": ""64"", ""prefix_width"": ""12"", ""suffix_width"": ""32""}"
baseline,target,sorted_order_strings_prefixes,Device=0 num_rows=2097152 prefix_width=12 suffix_width=32 prefix_cardinality=64,False,False,2,4.318628787994385,0.3069649729288477,72.36474514007568,"{""num_rows"": ""2097152"", ""prefix_cardinality"": ""64"", ""prefix_width"": ""12"", ""suffix_width"": ""32""}"
baseline,target,sorted_order_strings_prefixes,Device=0 num_rows=262144 prefix_width=64 suffix_width=32 prefix_cardinality=64,False,False,2,1.087967997789383,0.4361912066791776,9.053221702575684,"{""num_rows"": ""262144"", ""prefix_cardinality"": ""64"", ""prefix_width"": ""64"", ""suffix_width"": ""32""}"
baseline,target,sorted_order_strings_prefixes,Device=0 num_rows=2097152 prefix_width=64 suffix_width=32 prefix_cardinality=64,False,False,2,11.646110486984254,0.2863807870396225,72.36474514007568,"{""num_rows"": ""2097152"", ""prefix_cardinality"": ""64"", ""prefix_width"": ""64"", ""suffix_width"": ""32""}"
experiment-15,stable-warps-0,sorted_order_strings_segments,Device=0 num_rows=32768 shared_suffix=0 segment_profile=pairs,True,False,2,0.1642687991261482,18.05063435636038,1.1391592025756836,"{""num_rows"": ""32768"", ""segment_profile"": ""pairs"", ""shared_suffix"": ""0""}"
experiment-15,stable-warps-0,sorted_order_strings_segments,Device=0 num_rows=2097152 shared_suffix=0 segment_profile=pairs,True,False,2,0.6480240076780317,0.8423717685225139,72.36474514007568,"{""num_rows"": ""2097152"", ""segment_profile"": ""pairs"", ""shared_suffix"": ""0""}"
experiment-15,stable-warps-0,sorted_order_strings_segments,Device=0 num_rows=32768 shared_suffix=64 segment_profile=pairs,True,False,2,0.16140960007905958,1.2865743759036175,1.1391592025756836,"{""num_rows"": ""32768"", ""segment_profile"": ""pairs"", ""shared_suffix"": ""64""}"
experiment-15,stable-warps-0,sorted_order_strings_segments,Device=0 num_rows=2097152 shared_suffix=64 segment_profile=pairs,True,False,2,0.8214816033840179,0.5180605706756233,72.36474514007568,"{""num_rows"": ""2097152"", ""segment_profile"": ""pairs"", ""shared_suffix"": ""64""}"
experiment-15,stable-warps-0,sorted_order_strings_segments,Device=0 num_rows=32768 shared_suffix=0 segment_profile=tiny4,True,False,2,0.15533120259642597,0.6758318043845454,1.1391592025756836,"{""num_rows"": ""32768"", ""segment_profile"": ""tiny4"", ""shared_suffix"": ""0""}"
experiment-15,stable-warps-0,sorted_order_strings_segments,Device=0 num_rows=2097152 shared_suffix=0 segment_profile=tiny4,True,False,2,0.5750575929880142,0.8760653458632324,72.36474514007568,"{""num_rows"": ""2097152"", ""segment_profile"": ""tiny4"", ""shared_suffix"": ""0""}"
experiment-15,stable-warps-0,sorted_order_strings_segments,Device=0 num_rows=32768 shared_suffix=64 segment_profile=tiny4,True,False,2,0.16730559915304183,1.826393532173765,1.1391592025756836,"{""num_rows"": ""32768"", ""segment_profile"": ""tiny4"", ""shared_suffix"": ""64""}"
experiment-15,stable-warps-0,sorted_order_strings_segments,Device=0 num_rows=2097152 shared_suffix=64 segment_profile=tiny4,True,False,2,0.9073007971048356,0.40901599282896883,72.36474514007568,"{""num_rows"": ""2097152"", ""segment_profile"": ""tiny4"", ""shared_suffix"": ""64""}"
experiment-15,stable-warps-0,sorted_order_strings_segments,Device=0 num_rows=32768 shared_suffix=0 segment_profile=tiny8,True,False,2,0.1577264003455639,0.5941488194047666,1.1391592025756836,"{""num_rows"": ""32768"", ""segment_profile"": ""tiny8"", ""shared_suffix"": ""0""}"
experiment-15,stable-warps-0,sorted_order_strings_segments,Device=0 num_rows=2097152 shared_suffix=0 segment_profile=tiny8,True,False,2,0.5800896018743515,0.680290209688376,72.36474514007568,"{""num_rows"": ""2097152"", ""segment_profile"": ""tiny8"", ""shared_suffix"": ""0""}"
experiment-15,stable-warps-0,sorted_order_strings_segments,Device=0 num_rows=32768 shared_suffix=64 segment_profile=tiny8,True,False,2,0.17648319974541665,1.8466212304263645,1.1391592025756836,"{""num_rows"": ""32768"", ""segment_profile"": ""tiny8"", ""shared_suffix"": ""64""}"
experiment-15,stable-warps-0,sorted_order_strings_segments,Device=0 num_rows=2097152 shared_suffix=64 segment_profile=tiny8,True,False,2,1.142223995923996,0.32180650401223837,72.36474514007568,"{""num_rows"": ""2097152"", ""segment_profile"": ""tiny8"", ""shared_suffix"": ""64""}"
experiment-15,stable-warps-0,sorted_order_strings_segments,Device=0 num_rows=32768 shared_suffix=0 segment_profile=tiny16,True,False,2,0.1600255988538265,1.4045434418236902,1.1391592025756836,"{""num_rows"": ""32768"", ""segment_profile"": ""tiny16"", ""shared_suffix"": ""0""}"
experiment-15,stable-warps-0,sorted_order_strings_segments,Device=0 num_rows=2097152 shared_suffix=0 segment_profile=tiny16,True,False,2,0.6104303985834121,0.5671229683254134,72.36474514007568,"{""num_rows"": ""2097152"", ""segment_profile"": ""tiny16"", ""shared_suffix"": ""0""}"
experiment-15,stable-warps-0,sorted_order_strings_segments,Device=0 num_rows=32768 shared_suffix=64 segment_profile=tiny16,True,False,2,0.18390560150146484,1.749743614400043,1.1391592025756836,"{""num_rows"": ""32768"", ""segment_profile"": ""tiny16"", ""shared_suffix"": ""64""}"
experiment-15,stable-warps-0,sorted_order_strings_segments,Device=0 num_rows=2097152 shared_suffix=64 segment_profile=tiny16,True,False,2,1.349844807386398,0.2902482868872484,72.36474514007568,"{""num_rows"": ""2097152"", ""segment_profile"": ""tiny16"", ""shared_suffix"": ""64""}"
experiment-15,stable-warps-0,sorted_order_strings_segments,Device=0 num_rows=32768 shared_suffix=0 segment_profile=tiny32,True,False,2,0.16189600005745888,0.7418680308607724,1.1391592025756836,"{""num_rows"": ""32768"", ""segment_profile"": ""tiny32"", ""shared_suffix"": ""0""}"
experiment-15,stable-warps-0,sorted_order_strings_segments,Device=0 num_rows=2097152 shared_suffix=0 segment_profile=tiny32,True,False,2,0.6618095993995665,0.44746350701830556,72.36474514007568,"{""num_rows"": ""2097152"", ""segment_profile"": ""tiny32"", ""shared_suffix"": ""0""}"
experiment-15,stable-warps-0,sorted_order_strings_segments,Device=0 num_rows=32768 shared_suffix=64 segment_profile=tiny32,True,False,2,0.1959647998213768,1.9825258174237126,1.1391592025756836,"{""num_rows"": ""32768"", ""segment_profile"": ""tiny32"", ""shared_suffix"": ""64""}"
experiment-15,stable-warps-0,sorted_order_strings_segments,Device=0 num_rows=2097152 shared_suffix=64 segment_profile=tiny32,True,False,2,1.6423151969909666,0.25389965568932565,72.36474514007568,"{""num_rows"": ""2097152"", ""segment_profile"": ""tiny32"", ""shared_suffix"": ""64""}"
baseline,stable-warps-1,sorted_order_strings_segments,Device=0 num_rows=32768 shared_suffix=0 segment_profile=pairs,True,True,0,0.15814239978790282,0.675708066720692,1.1391592025756836,"{""num_rows"": ""32768"", ""segment_profile"": ""pairs"", ""shared_suffix"": ""0""}"
baseline,stable-warps-1,sorted_order_strings_segments,Device=0 num_rows=2097152 shared_suffix=0 segment_profile=pairs,True,True,0,0.6583087980747224,1.0910897932857513,72.36474514007568,"{""num_rows"": ""2097152"", ""segment_profile"": ""pairs"", ""shared_suffix"": ""0""}"
baseline,stable-warps-1,sorted_order_strings_segments,Device=0 num_rows=32768 shared_suffix=64 segment_profile=pairs,True,True,0,0.16379200145602227,1.935592772340471,1.1391592025756836,"{""num_rows"": ""32768"", ""segment_profile"": ""pairs"", ""shared_suffix"": ""64""}"
baseline,stable-warps-1,sorted_order_strings_segments,Device=0 num_rows=2097152 shared_suffix=64 segment_profile=pairs,True,True,0,0.8622368067502976,0.685296475176597,72.36474514007568,"{""num_rows"": ""2097152"", ""segment_profile"": ""pairs"", ""shared_suffix"": ""64""}"
baseline,stable-warps-1,sorted_order_strings_segments,Device=0 num_rows=32768 shared_suffix=0 segment_profile=tiny4,True,True,0,0.15944800078868868,3.94082682785616,1.1391592025756836,"{""num_rows"": ""32768"", ""segment_profile"": ""tiny4"", ""shared_suffix"": ""0""}"
baseline,stable-warps-1,sorted_order_strings_segments,Device=0 num_rows=2097152 shared_suffix=0 segment_profile=tiny4,True,True,0,0.6255807995796204,0.8822309163398915,72.36474514007568,"{""num_rows"": ""2097152"", ""segment_profile"": ""tiny4"", ""shared_suffix"": ""0""}"
baseline,stable-warps-1,sorted_order_strings_segments,Device=0 num_rows=32768 shared_suffix=64 segment_profile=tiny4,True,True,0,0.17295039892196656,0.6127478397807048,1.1391592025756836,"{""num_rows"": ""32768"", ""segment_profile"": ""tiny4"", ""shared_suffix"": ""64""}"
baseline,stable-warps-1,sorted_order_strings_segments,Device=0 num_rows=2097152 shared_suffix=64 segment_profile=tiny4,True,True,0,1.0694735884666444,0.5054789512416171,72.36474514007568,"{""num_rows"": ""2097152"", ""segment_profile"": ""tiny4"", ""shared_suffix"": ""64""}"
baseline,stable-warps-1,sorted_order_strings_segments,Device=0 num_rows=32768 shared_suffix=0 segment_profile=tiny8,True,True,0,0.16733759939670562,0.9746542492797088,1.1391592025756836,"{""num_rows"": ""32768"", ""segment_profile"": ""tiny8"", ""shared_suffix"": ""0""}"
baseline,stable-warps-1,sorted_order_strings_segments,Device=0 num_rows=2097152 shared_suffix=0 segment_profile=tiny8,True,True,0,0.710495999455452,0.659206480661141,72.36474514007568,"{""num_rows"": ""2097152"", ""segment_profile"": ""tiny8"", ""shared_suffix"": ""0""}"
baseline,stable-warps-1,sorted_order_strings_segments,Device=0 num_rows=32768 shared_suffix=64 segment_profile=tiny8,True,True,0,0.19283839985728263,1.6193965847165128,1.1391592025756836,"{""num_rows"": ""32768"", ""segment_profile"": ""tiny8"", ""shared_suffix"": ""64""}"
baseline,stable-warps-1,sorted_order_strings_segments,Device=0 num_rows=2097152 shared_suffix=64 segment_profile=tiny8,True,True,0,1.508926397562027,0.19373828376342042,72.36474514007568,"{""num_rows"": ""2097152"", ""segment_profile"": ""tiny8"", ""shared_suffix"": ""64""}"
baseline,stable-warps-1,sorted_order_strings_segments,Device=0 num_rows=32768 shared_suffix=0 segment_profile=tiny16,True,True,0,0.17320799976587298,1.2753079672249095,1.1391592025756836,"{""num_rows"": ""32768"", ""segment_profile"": ""tiny16"", ""shared_suffix"": ""0""}"
baseline,stable-warps-1,sorted_order_strings_segments,Device=0 num_rows=2097152 shared_suffix=0 segment_profile=tiny16,True,True,0,0.8036047995090484,0.3539025424588222,72.36474514007568,"{""num_rows"": ""2097152"", ""segment_profile"": ""tiny16"", ""shared_suffix"": ""0""}"
baseline,stable-warps-1,sorted_order_strings_segments,Device=0 num_rows=32768 shared_suffix=64 segment_profile=tiny16,True,True,0,0.2079872004687786,1.0681302547273328,1.1391592025756836,"{""num_rows"": ""32768"", ""segment_profile"": ""tiny16"", ""shared_suffix"": ""64""}"
baseline,stable-warps-1,sorted_order_strings_segments,Device=0 num_rows=2097152 shared_suffix=64 segment_profile=tiny16,True,True,0,1.9884335935115818,0.2994368646578973,72.36474514007568,"{""num_rows"": ""2097152"", ""segment_profile"": ""tiny16"", ""shared_suffix"": ""64""}"
baseline,stable-warps-1,sorted_order_strings_segments,Device=0 num_rows=32768 shared_suffix=0 segment_profile=tiny32,True,True,0,0.17636319920420646,0.7066457753034008,1.1391592025756836,"{""num_rows"": ""32768"", ""segment_profile"": ""tiny32"", ""shared_suffix"": ""0""}"
baseline,stable-warps-1,sorted_order_strings_segments,Device=0 num_rows=2097152 shared_suffix=0 segment_profile=tiny32,True,True,0,0.9352400004863738,0.37529913201016296,72.36474514007568,"{""num_rows"": ""2097152"", ""segment_profile"": ""tiny32"", ""shared_suffix"": ""0""}"
baseline,stable-warps-1,sorted_order_strings_segments,Device=0 num_rows=32768 shared_suffix=64 segment_profile=tiny32,True,True,0,0.22732960060238838,3.4785541546243968,1.1391592025756836,"{""num_rows"": ""32768"", ""segment_profile"": ""tiny32"", ""shared_suffix"": ""64""}"
baseline,stable-warps-1,sorted_order_strings_segments,Device=0 num_rows=2097152 shared_suffix=64 segment_profile=tiny32,True,True,0,2.529763197898865,0.2282190894748451,72.36474514007568,"{""num_rows"": ""2097152"", ""segment_profile"": ""tiny32"", ""shared_suffix"": ""64""}"
experiment-3,segments,sorted_order_strings_segments,Device=0 num_rows=32768 shared_suffix=0 segment_profile=singletons,False,False,1,0.13558720126748083,2.38826834624945,1.1391592025756836,"{""num_rows"": ""32768"", ""segment_profile"": ""singletons"", ""shared_suffix"": ""0""}"
experiment-3,segments,sorted_order_strings_segments,Device=0 num_rows=2097152 shared_suffix=0 segment_profile=singletons,False,False,1,0.5706143870949745,173.36997655990007,72.36474514007568,"{""num_rows"": ""2097152"", ""segment_profile"": ""singletons"", ""shared_suffix"": ""0""}"
experiment-3,segments,sorted_order_strings_segments,Device=0 num_rows=32768 shared_suffix=64 segment_profile=singletons,False,False,1,0.13638719990849496,1.8959902582007133,1.1391592025756836,"{""num_rows"": ""32768"", ""segment_profile"": ""singletons"", ""shared_suffix"": ""64""}"
experiment-3,segments,sorted_order_strings_segments,Device=0 num_rows=2097152 shared_suffix=64 segment_profile=singletons,False,False,1,0.3870303988456726,0.8875497013551895,72.36474514007568,"{""num_rows"": ""2097152"", ""segment_profile"": ""singletons"", ""shared_suffix"": ""64""}"
experiment-3,segments,sorted_order_strings_segments,Device=0 num_rows=32768 shared_suffix=0 segment_profile=pairs,False,False,1,0.15340319871902466,0.9858224969435886,1.1391592025756836,"{""num_rows"": ""32768"", ""segment_profile"": ""pairs"", ""shared_suffix"": ""0""}"
experiment-3,segments,sorted_order_strings_segments,Device=0 num_rows=2097152 shared_suffix=0 segment_profile=pairs,False,False,1,0.6441759973764419,1.2504726592598947,72.36474514007568,"{""num_rows"": ""2097152"", ""segment_profile"": ""pairs"", ""shared_suffix"": ""0""}"
experiment-3,segments,sorted_order_strings_segments,Device=0 num_rows=32768 shared_suffix=64 segment_profile=pairs,False,False,1,0.15691199898719788,1.259538181880743,1.1391592025756836,"{""num_rows"": ""32768"", ""segment_profile"": ""pairs"", ""shared_suffix"": ""64""}"
experiment-3,segments,sorted_order_strings_segments,Device=0 num_rows=2097152 shared_suffix=64 segment_profile=pairs,False,False,1,0.8152175962924958,0.6145230561285456,72.36474514007568,"{""num_rows"": ""2097152"", ""segment_profile"": ""pairs"", ""shared_suffix"": ""64""}"
experiment-3,segments,sorted_order_strings_segments,Device=0 num_rows=32768 shared_suffix=0 segment_profile=tiny4,False,False,1,0.15425279885530468,0.6626630803229273,1.1391592025756836,"{""num_rows"": ""32768"", ""segment_profile"": ""tiny4"", ""shared_suffix"": ""0""}"
experiment-3,segments,sorted_order_strings_segments,Device=0 num_rows=2097152 shared_suffix=0 segment_profile=tiny4,False,False,1,0.5700095981359482,1.2747545390799335,72.36474514007568,"{""num_rows"": ""2097152"", ""segment_profile"": ""tiny4"", ""shared_suffix"": ""0""}"
experiment-3,segments,sorted_order_strings_segments,Device=0 num_rows=32768 shared_suffix=64 segment_profile=tiny4,False,False,1,0.1650015994906426,0.8702337041245456,1.1391592025756836,"{""num_rows"": ""32768"", ""segment_profile"": ""tiny4"", ""shared_suffix"": ""64""}"
experiment-3,segments,sorted_order_strings_segments,Device=0 num_rows=2097152 shared_suffix=64 segment_profile=tiny4,False,False,1,0.9047407954931261,0.5942445256730781,72.36474514007568,"{""num_rows"": ""2097152"", ""segment_profile"": ""tiny4"", ""shared_suffix"": ""64""}"
experiment-3,segments,sorted_order_strings_segments,Device=0 num_rows=32768 shared_suffix=0 segment_profile=tiny8,False,False,1,0.15676960200071335,1.3354372701624753,1.1391592025756836,"{""num_rows"": ""32768"", ""segment_profile"": ""tiny8"", ""shared_suffix"": ""0""}"
experiment-3,segments,sorted_order_strings_segments,Device=0 num_rows=2097152 shared_suffix=0 segment_profile=tiny8,False,False,1,0.5829407960176468,0.7966287620805238,72.36474514007568,"{""num_rows"": ""2097152"", ""segment_profile"": ""tiny8"", ""shared_suffix"": ""0""}"
experiment-3,segments,sorted_order_strings_segments,Device=0 num_rows=32768 shared_suffix=64 segment_profile=tiny8,False,False,1,0.17558880001306534,2.1280432638685234,1.1391592025756836,"{""num_rows"": ""32768"", ""segment_profile"": ""tiny8"", ""shared_suffix"": ""64""}"
experiment-3,segments,sorted_order_strings_segments,Device=0 num_rows=2097152 shared_suffix=64 segment_profile=tiny8,False,False,1,1.1436927974224091,0.425715931239871,72.36474514007568,"{""num_rows"": ""2097152"", ""segment_profile"": ""tiny8"", ""shared_suffix"": ""64""}"
experiment-3,segments,sorted_order_strings_segments,Device=0 num_rows=32768 shared_suffix=0 segment_profile=tiny16,False,False,1,0.1616703987121582,2.363617280270404,1.1391592025756836,"{""num_rows"": ""32768"", ""segment_profile"": ""tiny16"", ""shared_suffix"": ""0""}"
experiment-3,segments,sorted_order_strings_segments,Device=0 num_rows=2097152 shared_suffix=0 segment_profile=tiny16,False,False,1,0.6188271969556809,0.41435362274752824,72.36474514007568,"{""num_rows"": ""2097152"", ""segment_profile"": ""tiny16"", ""shared_suffix"": ""0""}"
experiment-3,segments,sorted_order_strings_segments,Device=0 num_rows=32768 shared_suffix=64 segment_profile=tiny16,False,False,1,0.18380319997668265,1.4452094410462122,1.1391592025756836,"{""num_rows"": ""32768"", ""segment_profile"": ""tiny16"", ""shared_suffix"": ""64""}"
experiment-3,segments,sorted_order_strings_segments,Device=0 num_rows=2097152 shared_suffix=64 segment_profile=tiny16,False,False,1,1.359150391817093,0.32459799363298897,72.36474514007568,"{""num_rows"": ""2097152"", ""segment_profile"": ""tiny16"", ""shared_suffix"": ""64""}"
experiment-3,segments,sorted_order_strings_segments,Device=0 num_rows=32768 shared_suffix=0 segment_profile=tiny32,False,False,1,0.1612031988799572,2.4863922207603344,1.1391592025756836,"{""num_rows"": ""32768"", ""segment_profile"": ""tiny32"", ""shared_suffix"": ""0""}"
experiment-3,segments,sorted_order_strings_segments,Device=0 num_rows=2097152 shared_suffix=0 segment_profile=tiny32,False,False,1,0.668593594431877,0.41873136250159526,72.36474514007568,"{""num_rows"": ""2097152"", ""segment_profile"": ""tiny32"", ""shared_suffix"": ""0""}"
experiment-3,segments,sorted_order_strings_segments,Device=0 num_rows=32768 shared_suffix=64 segment_profile=tiny32,False,False,1,0.19131039977073674,1.4583795884692239,1.1391592025756836,"{""num_rows"": ""32768"", ""segment_profile"": ""tiny32"", ""shared_suffix"": ""64""}"
experiment-3,segments,sorted_order_strings_segments,Device=0 num_rows=2097152 shared_suffix=64 segment_profile=tiny32,False,False,1,1.648795199394226,0.18373547970040896,72.36474514007568,"{""num_rows"": ""2097152"", ""segment_profile"": ""tiny32"", ""shared_suffix"": ""64""}"
experiment-3,segments,sorted_order_strings_segments,Device=0 num_rows=32768 shared_suffix=0 segment_profile=block256,False,False,1,0.1695855997502804,1.9437542846030336,1.1391592025756836,"{""num_rows"": ""32768"", ""segment_profile"": ""block256"", ""shared_suffix"": ""0""}"
experiment-3,segments,sorted_order_strings_segments,Device=0 num_rows=2097152 shared_suffix=0 segment_profile=block256,False,False,1,1.113910400867462,0.31653406889074426,72.36474514007568,"{""num_rows"": ""2097152"", ""segment_profile"": ""block256"", ""shared_suffix"": ""0""}"
experiment-3,segments,sorted_order_strings_segments,Device=0 num_rows=32768 shared_suffix=64 segment_profile=block256,False,False,1,0.23603200092911725,0.9468295137321012,1.1391592025756836,"{""num_rows"": ""32768"", ""segment_profile"": ""block256"", ""shared_suffix"": ""64""}"
experiment-3,segments,sorted_order_strings_segments,Device=0 num_rows=2097152 shared_suffix=64 segment_profile=block256,False,False,1,3.210468792915344,0.26543283725235783,72.36474514007568,"{""num_rows"": ""2097152"", ""segment_profile"": ""block256"", ""shared_suffix"": ""64""}"
experiment-3,segments,sorted_order_strings_segments,Device=0 num_rows=32768 shared_suffix=0 segment_profile=logarithmic,False,False,1,0.35028960108757023,0.26879142667912187,1.1391592025756836,"{""num_rows"": ""32768"", ""segment_profile"": ""logarithmic"", ""shared_suffix"": ""0""}"
experiment-3,segments,sorted_order_strings_segments,Device=0 num_rows=2097152 shared_suffix=0 segment_profile=logarithmic,False,False,1,2.5535216093063355,0.30507046958555945,72.36474514007568,"{""num_rows"": ""2097152"", ""segment_profile"": ""logarithmic"", ""shared_suffix"": ""0""}"
experiment-3,segments,sorted_order_strings_segments,Device=0 num_rows=32768 shared_suffix=64 segment_profile=logarithmic,False,False,1,0.9056351929903029,0.1558251264016813,1.1391592025756836,"{""num_rows"": ""32768"", ""segment_profile"": ""logarithmic"", ""shared_suffix"": ""64""}"
experiment-3,segments,sorted_order_strings_segments,Device=0 num_rows=2097152 shared_suffix=64 segment_profile=logarithmic,False,False,1,8.373232030868532,0.204549236945483,72.36474514007568,"{""num_rows"": ""2097152"", ""segment_profile"": ""logarithmic"", ""shared_suffix"": ""64""}"
experiment-3,segments,sorted_order_strings_segments,Device=0 num_rows=32768 shared_suffix=0 segment_profile=tiny_plus_giant,False,False,1,0.27217440456151965,0.8076935827144434,1.1391592025756836,"{""num_rows"": ""32768"", ""segment_profile"": ""tiny_plus_giant"", ""shared_suffix"": ""0""}"
experiment-3,segments,sorted_order_strings_segments,Device=0 num_rows=2097152 shared_suffix=0 segment_profile=tiny_plus_giant,False,False,1,1.0668208062648776,0.1897085417009104,72.36474514007568,"{""num_rows"": ""2097152"", ""segment_profile"": ""tiny_plus_giant"", ""shared_suffix"": ""0""}"
experiment-3,segments,sorted_order_strings_segments,Device=0 num_rows=32768 shared_suffix=64 segment_profile=tiny_plus_giant,False,False,1,0.6785039991140365,0.7465932038162174,1.1391592025756836,"{""num_rows"": ""32768"", ""segment_profile"": ""tiny_plus_giant"", ""shared_suffix"": ""64""}"
experiment-3,segments,sorted_order_strings_segments,Device=0 num_rows=2097152 shared_suffix=64 segment_profile=tiny_plus_giant,False,False,1,3.183287990093231,0.33747500240464484,72.36474514007568,"{""num_rows"": ""2097152"", ""segment_profile"": ""tiny_plus_giant"", ""shared_suffix"": ""64""}"
experiment-3,segments,sorted_order_strings_segments,Device=0 num_rows=32768 shared_suffix=0 segment_profile=hot90,False,False,1,0.34394879788160326,12.290283246816795,1.1391592025756836,"{""num_rows"": ""32768"", ""segment_profile"": ""hot90"", ""shared_suffix"": ""0""}"
experiment-3,segments,sorted_order_strings_segments,Device=0 num_rows=2097152 shared_suffix=0 segment_profile=hot90,False,False,1,3.7052111744880674,0.1737918220880147,72.36474514007568,"{""num_rows"": ""2097152"", ""segment_profile"": ""hot90"", ""shared_suffix"": ""0""}"
experiment-3,segments,sorted_order_strings_segments,Device=0 num_rows=32768 shared_suffix=64 segment_profile=hot90,False,False,1,0.771110400557518,0.5636960732865293,1.1391592025756836,"{""num_rows"": ""32768"", ""segment_profile"": ""hot90"", ""shared_suffix"": ""64""}"
experiment-3,segments,sorted_order_strings_segments,Device=0 num_rows=2097152 shared_suffix=64 segment_profile=hot90,False,False,1,13.243907117843628,0.2877194430025707,72.36474514007568,"{""num_rows"": ""2097152"", ""segment_profile"": ""hot90"", ""shared_suffix"": ""64""}"
experiment-3,segments,sorted_order_strings_segments,Device=0 num_rows=32768 shared_suffix=0 segment_profile=few_giants,False,False,1,0.22115360125899314,1.3179283571606488,1.1391592025756836,"{""num_rows"": ""32768"", ""segment_profile"": ""few_giants"", ""shared_suffix"": ""0""}"
experiment-3,segments,sorted_order_strings_segments,Device=0 num_rows=2097152 shared_suffix=0 segment_profile=few_giants,False,False,1,0.9947312027215958,0.4732572555597449,72.36474514007568,"{""num_rows"": ""2097152"", ""segment_profile"": ""few_giants"", ""shared_suffix"": ""0""}"
experiment-3,segments,sorted_order_strings_segments,Device=0 num_rows=32768 shared_suffix=64 segment_profile=few_giants,False,False,1,0.38887359797954557,1.2579667062695596,1.1391592025756836,"{""num_rows"": ""32768"", ""segment_profile"": ""few_giants"", ""shared_suffix"": ""64""}"
experiment-3,segments,sorted_order_strings_segments,Device=0 num_rows=2097152 shared_suffix=64 segment_profile=few_giants,False,False,1,3.0400895833969117,0.1899719877199986,72.36474514007568,"{""num_rows"": ""2097152"", ""segment_profile"": ""few_giants"", ""shared_suffix"": ""64""}"
experiment-3,segments,sorted_order_strings_segments,Device=0 num_rows=32768 shared_suffix=0 segment_profile=one_segment,False,False,1,0.31929279714822767,1.335130186660235,1.1391592025756836,"{""num_rows"": ""32768"", ""segment_profile"": ""one_segment"", ""shared_suffix"": ""0""}"
experiment-3,segments,sorted_order_strings_segments,Device=0 num_rows=2097152 shared_suffix=0 segment_profile=one_segment,False,False,1,3.8643840193748473,0.40691984820113863,72.36474514007568,"{""num_rows"": ""2097152"", ""segment_profile"": ""one_segment"", ""shared_suffix"": ""0""}"
experiment-3,segments,sorted_order_strings_segments,Device=0 num_rows=32768 shared_suffix=64 segment_profile=one_segment,False,False,1,0.7228784024715422,0.4340153698924638,1.1391592025756836,"{""num_rows"": ""32768"", ""segment_profile"": ""one_segment"", ""shared_suffix"": ""64""}"
experiment-3,segments,sorted_order_strings_segments,Device=0 num_rows=2097152 shared_suffix=64 segment_profile=one_segment,False,False,1,13.659163331985472,0.8293448116834902,72.36474514007568,"{""num_rows"": ""2097152"", ""segment_profile"": ""one_segment"", ""shared_suffix"": ""64""}"
baseline,stable-warps-1,sorted_order_strings_segments,Device=0 num_rows=32768 shared_suffix=0 segment_profile=pairs,True,True,1,0.15658239945769312,1.7109042917658683,1.1391592025756836,"{""num_rows"": ""32768"", ""segment_profile"": ""pairs"", ""shared_suffix"": ""0""}"
baseline,stable-warps-1,sorted_order_strings_segments,Device=0 num_rows=2097152 shared_suffix=0 segment_profile=pairs,True,True,1,0.6575471967458727,1.1017438003533953,72.36474514007568,"{""num_rows"": ""2097152"", ""segment_profile"": ""pairs"", ""shared_suffix"": ""0""}"
baseline,stable-warps-1,sorted_order_strings_segments,Device=0 num_rows=32768 shared_suffix=64 segment_profile=pairs,True,True,1,0.16279839947819713,1.7005034643698502,1.1391592025756836,"{""num_rows"": ""32768"", ""segment_profile"": ""pairs"", ""shared_suffix"": ""64""}"
baseline,stable-warps-1,sorted_order_strings_segments,Device=0 num_rows=2097152 shared_suffix=64 segment_profile=pairs,True,True,1,0.86183679997921,0.9716071221242892,72.36474514007568,"{""num_rows"": ""2097152"", ""segment_profile"": ""pairs"", ""shared_suffix"": ""64""}"
baseline,stable-warps-1,sorted_order_strings_segments,Device=0 num_rows=32768 shared_suffix=0 segment_profile=tiny4,True,True,1,0.15814240127801898,1.5784541697584475,1.1391592025756836,"{""num_rows"": ""32768"", ""segment_profile"": ""tiny4"", ""shared_suffix"": ""0""}"
baseline,stable-warps-1,sorted_order_strings_segments,Device=0 num_rows=2097152 shared_suffix=0 segment_profile=tiny4,True,True,1,0.6204031974077225,1.0184051283267346,72.36474514007568,"{""num_rows"": ""2097152"", ""segment_profile"": ""tiny4"", ""shared_suffix"": ""0""}"
baseline,stable-warps-1,sorted_order_strings_segments,Device=0 num_rows=32768 shared_suffix=64 segment_profile=tiny4,True,True,1,0.17258239984512325,0.903640966707993,1.1391592025756836,"{""num_rows"": ""32768"", ""segment_profile"": ""tiny4"", ""shared_suffix"": ""64""}"
baseline,stable-warps-1,sorted_order_strings_segments,Device=0 num_rows=2097152 shared_suffix=64 segment_profile=tiny4,True,True,1,1.064827197790146,0.5164351000285494,72.36474514007568,"{""num_rows"": ""2097152"", ""segment_profile"": ""tiny4"", ""shared_suffix"": ""64""}"
baseline,stable-warps-1,sorted_order_strings_segments,Device=0 num_rows=32768 shared_suffix=0 segment_profile=tiny8,True,True,1,0.16615840122103692,0.6706293321129511,1.1391592025756836,"{""num_rows"": ""32768"", ""segment_profile"": ""tiny8"", ""shared_suffix"": ""0""}"
baseline,stable-warps-1,sorted_order_strings_segments,Device=0 num_rows=2097152 shared_suffix=0 segment_profile=tiny8,True,True,1,0.7084528028964996,0.5092253599559979,72.36474514007568,"{""num_rows"": ""2097152"", ""segment_profile"": ""tiny8"", ""shared_suffix"": ""0""}"
baseline,stable-warps-1,sorted_order_strings_segments,Device=0 num_rows=32768 shared_suffix=64 segment_profile=tiny8,True,True,1,0.19502400159835814,0.9473264494756116,1.1391592025756836,"{""num_rows"": ""32768"", ""segment_profile"": ""tiny8"", ""shared_suffix"": ""64""}"
baseline,stable-warps-1,sorted_order_strings_segments,Device=0 num_rows=2097152 shared_suffix=64 segment_profile=tiny8,True,True,1,1.5054063975811005,0.2988440210995963,72.36474514007568,"{""num_rows"": ""2097152"", ""segment_profile"": ""tiny8"", ""shared_suffix"": ""64""}"
baseline,stable-warps-1,sorted_order_strings_segments,Device=0 num_rows=32768 shared_suffix=0 segment_profile=tiny16,True,True,1,0.17232960015535354,1.3470617904146935,1.1391592025756836,"{""num_rows"": ""32768"", ""segment_profile"": ""tiny16"", ""shared_suffix"": ""0""}"
baseline,stable-warps-1,sorted_order_strings_segments,Device=0 num_rows=2097152 shared_suffix=0 segment_profile=tiny16,True,True,1,0.8025440007448197,0.4647768416898573,72.36474514007568,"{""num_rows"": ""2097152"", ""segment_profile"": ""tiny16"", ""shared_suffix"": ""0""}"
baseline,stable-warps-1,sorted_order_strings_segments,Device=0 num_rows=32768 shared_suffix=64 segment_profile=tiny16,True,True,1,0.20743199959397315,1.105694595758528,1.1391592025756836,"{""num_rows"": ""32768"", ""segment_profile"": ""tiny16"", ""shared_suffix"": ""64""}"
baseline,stable-warps-1,sorted_order_strings_segments,Device=0 num_rows=2097152 shared_suffix=64 segment_profile=tiny16,True,True,1,1.987260812520981,0.28895038940306694,72.36474514007568,"{""num_rows"": ""2097152"", ""segment_profile"": ""tiny16"", ""shared_suffix"": ""64""}"
baseline,stable-warps-1,sorted_order_strings_segments,Device=0 num_rows=32768 shared_suffix=0 segment_profile=tiny32,True,True,1,0.17629919797182084,1.1490132937925583,1.1391592025756836,"{""num_rows"": ""32768"", ""segment_profile"": ""tiny32"", ""shared_suffix"": ""0""}"
baseline,stable-warps-1,sorted_order_strings_segments,Device=0 num_rows=2097152 shared_suffix=0 segment_profile=tiny32,True,True,1,0.9331279963254929,0.42225552924235316,72.36474514007568,"{""num_rows"": ""2097152"", ""segment_profile"": ""tiny32"", ""shared_suffix"": ""0""}"
baseline,stable-warps-1,sorted_order_strings_segments,Device=0 num_rows=32768 shared_suffix=64 segment_profile=tiny32,True,True,1,0.22453600019216535,1.3821306522971384,1.1391592025756836,"{""num_rows"": ""32768"", ""segment_profile"": ""tiny32"", ""shared_suffix"": ""64""}"
baseline,stable-warps-1,sorted_order_strings_segments,Device=0 num_rows=2097152 shared_suffix=64 segment_profile=tiny32,True,True,1,2.526531195640564,0.22642698037816056,72.36474514007568,"{""num_rows"": ""2097152"", ""segment_profile"": ""tiny32"", ""shared_suffix"": ""64""}"
experiment-15,stable-warps-1,sorted_order_strings_segments,Device=0 num_rows=32768 shared_suffix=0 segment_profile=pairs,True,True,0,0.15641119927167893,1.8680295164438556,1.1391592025756836,"{""num_rows"": ""32768"", ""segment_profile"": ""pairs"", ""shared_suffix"": ""0""}"
experiment-15,stable-warps-1,sorted_order_strings_segments,Device=0 num_rows=2097152 shared_suffix=0 segment_profile=pairs,True,True,0,0.6441279947757721,0.9272433757536119,72.36474514007568,"{""num_rows"": ""2097152"", ""segment_profile"": ""pairs"", ""shared_suffix"": ""0""}"
experiment-15,stable-warps-1,sorted_order_strings_segments,Device=0 num_rows=32768 shared_suffix=64 segment_profile=pairs,True,True,0,0.15875199809670446,1.785359266862641,1.1391592025756836,"{""num_rows"": ""32768"", ""segment_profile"": ""pairs"", ""shared_suffix"": ""64""}"
experiment-15,stable-warps-1,sorted_order_strings_segments,Device=0 num_rows=2097152 shared_suffix=64 segment_profile=pairs,True,True,0,0.8153631955385207,0.8245695644606233,72.36474514007568,"{""num_rows"": ""2097152"", ""segment_profile"": ""pairs"", ""shared_suffix"": ""64""}"
experiment-15,stable-warps-1,sorted_order_strings_segments,Device=0 num_rows=32768 shared_suffix=0 segment_profile=tiny4,True,True,0,0.15420800000429152,0.6049578872357569,1.1391592025756836,"{""num_rows"": ""32768"", ""segment_profile"": ""tiny4"", ""shared_suffix"": ""0""}"
experiment-15,stable-warps-1,sorted_order_strings_segments,Device=0 num_rows=2097152 shared_suffix=0 segment_profile=tiny4,True,True,0,0.5697536021471025,0.8481453823627823,72.36474514007568,"{""num_rows"": ""2097152"", ""segment_profile"": ""tiny4"", ""shared_suffix"": ""0""}"
experiment-15,stable-warps-1,sorted_order_strings_segments,Device=0 num_rows=32768 shared_suffix=64 segment_profile=tiny4,True,True,0,0.16543200016021728,0.7260391524193084,1.1391592025756836,"{""num_rows"": ""32768"", ""segment_profile"": ""tiny4"", ""shared_suffix"": ""64""}"
experiment-15,stable-warps-1,sorted_order_strings_segments,Device=0 num_rows=2097152 shared_suffix=64 segment_profile=tiny4,True,True,0,0.9020239919424059,0.6002910504410353,72.36474514007568,"{""num_rows"": ""2097152"", ""segment_profile"": ""tiny4"", ""shared_suffix"": ""64""}"
experiment-15,stable-warps-1,sorted_order_strings_segments,Device=0 num_rows=32768 shared_suffix=0 segment_profile=tiny8,True,True,0,0.15715039968490602,1.6433043100391356,1.1391592025756836,"{""num_rows"": ""32768"", ""segment_profile"": ""tiny8"", ""shared_suffix"": ""0""}"
experiment-15,stable-warps-1,sorted_order_strings_segments,Device=0 num_rows=2097152 shared_suffix=0 segment_profile=tiny8,True,True,0,0.576596799492836,0.6468475182962525,72.36474514007568,"{""num_rows"": ""2097152"", ""segment_profile"": ""tiny8"", ""shared_suffix"": ""0""}"
experiment-15,stable-warps-1,sorted_order_strings_segments,Device=0 num_rows=32768 shared_suffix=64 segment_profile=tiny8,True,True,0,0.17474399954080577,1.318539393229352,1.1391592025756836,"{""num_rows"": ""32768"", ""segment_profile"": ""tiny8"", ""shared_suffix"": ""64""}"
experiment-15,stable-warps-1,sorted_order_strings_segments,Device=0 num_rows=2097152 shared_suffix=64 segment_profile=tiny8,True,True,0,1.1351647973060608,0.3577749123411854,72.36474514007568,"{""num_rows"": ""2097152"", ""segment_profile"": ""tiny8"", ""shared_suffix"": ""64""}"
experiment-15,stable-warps-1,sorted_order_strings_segments,Device=0 num_rows=32768 shared_suffix=0 segment_profile=tiny16,True,True,0,0.15933600142598153,0.9940931618181317,1.1391592025756836,"{""num_rows"": ""32768"", ""segment_profile"": ""tiny16"", ""shared_suffix"": ""0""}"
experiment-15,stable-warps-1,sorted_order_strings_segments,Device=0 num_rows=2097152 shared_suffix=0 segment_profile=tiny16,True,True,0,0.6073552012443543,1.5773250625817161,72.36474514007568,"{""num_rows"": ""2097152"", ""segment_profile"": ""tiny16"", ""shared_suffix"": ""0""}"
experiment-15,stable-warps-1,sorted_order_strings_segments,Device=0 num_rows=32768 shared_suffix=64 segment_profile=tiny16,True,True,0,0.18347839936614038,1.763320485266575,1.1391592025756836,"{""num_rows"": ""32768"", ""segment_profile"": ""tiny16"", ""shared_suffix"": ""64""}"
experiment-15,stable-warps-1,sorted_order_strings_segments,Device=0 num_rows=2097152 shared_suffix=64 segment_profile=tiny16,True,True,0,1.3464271903038025,0.3965326016965386,72.36474514007568,"{""num_rows"": ""2097152"", ""segment_profile"": ""tiny16"", ""shared_suffix"": ""64""}"
experiment-15,stable-warps-1,sorted_order_strings_segments,Device=0 num_rows=32768 shared_suffix=0 segment_profile=tiny32,True,True,0,0.1602656006813049,1.1506625533439376,1.1391592025756836,"{""num_rows"": ""32768"", ""segment_profile"": ""tiny32"", ""shared_suffix"": ""0""}"
experiment-15,stable-warps-1,sorted_order_strings_segments,Device=0 num_rows=2097152 shared_suffix=0 segment_profile=tiny32,True,True,0,0.657556802034378,0.5356667275945924,72.36474514007568,"{""num_rows"": ""2097152"", ""segment_profile"": ""tiny32"", ""shared_suffix"": ""0""}"
experiment-15,stable-warps-1,sorted_order_strings_segments,Device=0 num_rows=32768 shared_suffix=64 segment_profile=tiny32,True,True,0,0.1925296008586883,1.2239748671599944,1.1391592025756836,"{""num_rows"": ""32768"", ""segment_profile"": ""tiny32"", ""shared_suffix"": ""64""}"
experiment-15,stable-warps-1,sorted_order_strings_segments,Device=0 num_rows=2097152 shared_suffix=64 segment_profile=tiny32,True,True,0,1.638073593378067,0.31008399998976693,72.36474514007568,"{""num_rows"": ""2097152"", ""segment_profile"": ""tiny32"", ""shared_suffix"": ""64""}"
experiment-15,target,sorted_order_strings_cardinality,Device=0 num_rows=262144 max_width=32 cardinality=1,False,False,2,0.007422399963252245,17.32008312626261,1.0,"{""cardinality"": ""1"", ""max_width"": ""32"", ""num_rows"": ""262144""}"
experiment-15,target,sorted_order_strings_cardinality,Device=0 num_rows=2097152 max_width=32 cardinality=1,False,False,2,0.00886720009148121,5.355155796367008,8.0,"{""cardinality"": ""1"", ""max_width"": ""32"", ""num_rows"": ""2097152""}"
experiment-15,target,sorted_order_strings_cardinality,Device=0 num_rows=262144 max_width=128 cardinality=1,False,False,2,0.2562319993972778,1.4637708187269731,9.053221702575684,"{""cardinality"": ""1"", ""max_width"": ""128"", ""num_rows"": ""262144""}"
experiment-15,target,sorted_order_strings_cardinality,Device=0 num_rows=2097152 max_width=128 cardinality=1,False,False,2,0.8576447993516921,0.5043980465056674,72.36474514007568,"{""cardinality"": ""1"", ""max_width"": ""128"", ""num_rows"": ""2097152""}"
experiment-15,target,sorted_order_strings_cardinality,Device=0 num_rows=262144 max_width=32 cardinality=64,False,False,2,0.4630015954375266,16.123312259755192,9.053221702575684,"{""cardinality"": ""64"", ""max_width"": ""32"", ""num_rows"": ""262144""}"
experiment-15,target,sorted_order_strings_cardinality,Device=0 num_rows=2097152 max_width=32 cardinality=64,False,False,2,1.533143997192383,1.6585853433143782,72.36474514007568,"{""cardinality"": ""64"", ""max_width"": ""32"", ""num_rows"": ""2097152""}"
experiment-15,target,sorted_order_strings_cardinality,Device=0 num_rows=262144 max_width=128 cardinality=64,False,False,2,0.9930288016796114,2.5563639736993142,9.053221702575684,"{""cardinality"": ""64"", ""max_width"": ""128"", ""num_rows"": ""262144""}"
experiment-15,target,sorted_order_strings_cardinality,Device=0 num_rows=2097152 max_width=128 cardinality=64,False,False,2,3.684083187580108,0.9370236522368859,72.36474514007568,"{""cardinality"": ""64"", ""max_width"": ""128"", ""num_rows"": ""2097152""}"
experiment-15,target,sorted_order_strings_cardinality,Device=0 num_rows=262144 max_width=32 cardinality=0,False,False,2,0.260894401371479,1.0683586214395127,9.053221702575684,"{""cardinality"": ""0"", ""max_width"": ""32"", ""num_rows"": ""262144""}"
experiment-15,target,sorted_order_strings_cardinality,Device=0 num_rows=2097152 max_width=32 cardinality=0,False,False,2,0.5218432009220124,0.720513472069987,72.36474514007568,"{""cardinality"": ""0"", ""max_width"": ""32"", ""num_rows"": ""2097152""}"
experiment-15,target,sorted_order_strings_cardinality,Device=0 num_rows=262144 max_width=128 cardinality=0,False,False,2,0.26423200070858,3.6070167034317957,9.053221702575684,"{""cardinality"": ""0"", ""max_width"": ""128"", ""num_rows"": ""262144""}"
experiment-15,target,sorted_order_strings_cardinality,Device=0 num_rows=2097152 max_width=128 cardinality=0,False,False,2,0.5338303953409195,0.7076706832162448,72.36474514007568,"{""cardinality"": ""0"", ""max_width"": ""128"", ""num_rows"": ""2097152""}"
experiment-15,target,sorted_order_strings_prefixes,Device=0 num_rows=262144 prefix_width=4 suffix_width=32 prefix_cardinality=1,False,False,2,0.23734880164265632,0.38206973308340275,9.053221702575684,"{""num_rows"": ""262144"", ""prefix_cardinality"": ""1"", ""prefix_width"": ""4"", ""suffix_width"": ""32""}"
experiment-15,target,sorted_order_strings_prefixes,Device=0 num_rows=2097152 prefix_width=4 suffix_width=32 prefix_cardinality=1,False,False,2,0.45338400006294255,0.5576664650099715,72.36474514007568,"{""num_rows"": ""2097152"", ""prefix_cardinality"": ""1"", ""prefix_width"": ""4"", ""suffix_width"": ""32""}"
experiment-15,target,sorted_order_strings_prefixes,Device=0 num_rows=262144 prefix_width=8 suffix_width=32 prefix_cardinality=1,False,False,2,0.6571984052658081,0.26889542825048335,9.053221702575684,"{""num_rows"": ""262144"", ""prefix_cardinality"": ""1"", ""prefix_width"": ""8"", ""suffix_width"": ""32""}"
experiment-15,target,sorted_order_strings_prefixes,Device=0 num_rows=2097152 prefix_width=8 suffix_width=32 prefix_cardinality=1,False,False,2,4.6976624011993415,0.32529917863021157,72.36474514007568,"{""num_rows"": ""2097152"", ""prefix_cardinality"": ""1"", ""prefix_width"": ""8"", ""suffix_width"": ""32""}"
experiment-15,target,sorted_order_strings_prefixes,Device=0 num_rows=262144 prefix_width=10 suffix_width=32 prefix_cardinality=1,False,False,2,0.6950495958328248,0.4273901479793009,9.053221702575684,"{""num_rows"": ""262144"", ""prefix_cardinality"": ""1"", ""prefix_width"": ""10"", ""suffix_width"": ""32""}"
experiment-15,target,sorted_order_strings_prefixes,Device=0 num_rows=2097152 prefix_width=10 suffix_width=32 prefix_cardinality=1,False,False,2,4.930664038658141,0.2703031202350457,72.36474514007568,"{""num_rows"": ""2097152"", ""prefix_cardinality"": ""1"", ""prefix_width"": ""10"", ""suffix_width"": ""32""}"
experiment-15,target,sorted_order_strings_prefixes,Device=0 num_rows=262144 prefix_width=11 suffix_width=32 prefix_cardinality=1,False,False,2,0.7060752004384995,0.6687164049458835,9.053221702575684,"{""num_rows"": ""262144"", ""prefix_cardinality"": ""1"", ""prefix_width"": ""11"", ""suffix_width"": ""32""}"
experiment-15,target,sorted_order_strings_prefixes,Device=0 num_rows=2097152 prefix_width=11 suffix_width=32 prefix_cardinality=1,False,False,2,4.989243173599242,0.20190382441117347,72.36474514007568,"{""num_rows"": ""2097152"", ""prefix_cardinality"": ""1"", ""prefix_width"": ""11"", ""suffix_width"": ""32""}"
experiment-15,target,sorted_order_strings_prefixes,Device=0 num_rows=262144 prefix_width=12 suffix_width=32 prefix_cardinality=1,False,False,2,0.7145136028528212,0.38701750956746905,9.053221702575684,"{""num_rows"": ""262144"", ""prefix_cardinality"": ""1"", ""prefix_width"": ""12"", ""suffix_width"": ""32""}"
experiment-15,target,sorted_order_strings_prefixes,Device=0 num_rows=2097152 prefix_width=12 suffix_width=32 prefix_cardinality=1,False,False,2,5.049700832366943,0.20480888223509403,72.36474514007568,"{""num_rows"": ""2097152"", ""prefix_cardinality"": ""1"", ""prefix_width"": ""12"", ""suffix_width"": ""32""}"
experiment-15,target,sorted_order_strings_prefixes,Device=0 num_rows=262144 prefix_width=64 suffix_width=32 prefix_cardinality=1,False,False,2,0.7204320013523102,0.44862549323179274,9.053221702575684,"{""num_rows"": ""262144"", ""prefix_cardinality"": ""1"", ""prefix_width"": ""64"", ""suffix_width"": ""32""}"
experiment-15,target,sorted_order_strings_prefixes,Device=0 num_rows=2097152 prefix_width=64 suffix_width=32 prefix_cardinality=1,False,False,2,5.568622422218323,0.24375365581334815,72.36474514007568,"{""num_rows"": ""2097152"", ""prefix_cardinality"": ""1"", ""prefix_width"": ""64"", ""suffix_width"": ""32""}"
experiment-15,target,sorted_order_strings_prefixes,Device=0 num_rows=262144 prefix_width=4 suffix_width=32 prefix_cardinality=64,False,False,2,0.2025280013680458,0.4144059065549442,9.053221702575684,"{""num_rows"": ""262144"", ""prefix_cardinality"": ""64"", ""prefix_width"": ""4"", ""suffix_width"": ""32""}"
experiment-15,target,sorted_order_strings_prefixes,Device=0 num_rows=2097152 prefix_width=4 suffix_width=32 prefix_cardinality=64,False,False,2,0.42102719992399223,0.918952956391692,72.36474514007568,"{""num_rows"": ""2097152"", ""prefix_cardinality"": ""64"", ""prefix_width"": ""4"", ""suffix_width"": ""32""}"
experiment-15,target,sorted_order_strings_prefixes,Device=0 num_rows=262144 prefix_width=8 suffix_width=32 prefix_cardinality=64,False,False,2,0.45357119888067243,0.3196785562269198,9.053221702575684,"{""num_rows"": ""262144"", ""prefix_cardinality"": ""64"", ""prefix_width"": ""8"", ""suffix_width"": ""32""}"
experiment-15,target,sorted_order_strings_prefixes,Device=0 num_rows=2097152 prefix_width=8 suffix_width=32 prefix_cardinality=64,False,False,2,4.130070376396179,0.2866441536112176,72.36474514007568,"{""num_rows"": ""2097152"", ""prefix_cardinality"": ""64"", ""prefix_width"": ""8"", ""suffix_width"": ""32""}"
experiment-15,target,sorted_order_strings_prefixes,Device=0 num_rows=262144 prefix_width=10 suffix_width=32 prefix_cardinality=64,False,False,2,0.48815519660711293,0.4101301767806851,9.053221702575684,"{""num_rows"": ""262144"", ""prefix_cardinality"": ""64"", ""prefix_width"": ""10"", ""suffix_width"": ""32""}"
experiment-15,target,sorted_order_strings_prefixes,Device=0 num_rows=2097152 prefix_width=10 suffix_width=32 prefix_cardinality=64,False,False,2,4.452307200431824,0.2631358710938708,72.36474514007568,"{""num_rows"": ""2097152"", ""prefix_cardinality"": ""64"", ""prefix_width"": ""10"", ""suffix_width"": ""32""}"
experiment-15,target,sorted_order_strings_prefixes,Device=0 num_rows=262144 prefix_width=11 suffix_width=32 prefix_cardinality=64,False,False,2,0.5005888029932977,0.2837231590567639,9.053221702575684,"{""num_rows"": ""262144"", ""prefix_cardinality"": ""64"", ""prefix_width"": ""11"", ""suffix_width"": ""32""}"
experiment-15,target,sorted_order_strings_prefixes,Device=0 num_rows=2097152 prefix_width=11 suffix_width=32 prefix_cardinality=64,False,False,2,4.525326371192933,0.3505422645181582,72.36474514007568,"{""num_rows"": ""2097152"", ""prefix_cardinality"": ""64"", ""prefix_width"": ""11"", ""suffix_width"": ""32""}"
experiment-15,target,sorted_order_strings_prefixes,Device=0 num_rows=262144 prefix_width=12 suffix_width=32 prefix_cardinality=64,False,False,2,0.5086800009012222,0.4052613493351052,9.053221702575684,"{""num_rows"": ""262144"", ""prefix_cardinality"": ""64"", ""prefix_width"": ""12"", ""suffix_width"": ""32""}"
experiment-15,target,sorted_order_strings_prefixes,Device=0 num_rows=2097152 prefix_width=12 suffix_width=32 prefix_cardinality=64,False,False,2,4.575633573532104,0.27310466117236887,72.36474514007568,"{""num_rows"": ""2097152"", ""prefix_cardinality"": ""64"", ""prefix_width"": ""12"", ""suffix_width"": ""32""}"
experiment-15,target,sorted_order_strings_prefixes,Device=0 num_rows=262144 prefix_width=64 suffix_width=32 prefix_cardinality=64,False,False,2,1.0807024002075196,0.3456692905236629,9.053221702575684,"{""num_rows"": ""262144"", ""prefix_cardinality"": ""64"", ""prefix_width"": ""64"", ""suffix_width"": ""32""}"
experiment-15,target,sorted_order_strings_prefixes,Device=0 num_rows=2097152 prefix_width=64 suffix_width=32 prefix_cardinality=64,False,False,2,8.565414333343504,0.4528751838654404,72.36474514007568,"{""num_rows"": ""2097152"", ""prefix_cardinality"": ""64"", ""prefix_width"": ""64"", ""suffix_width"": ""32""}"
experiment-3,target,sorted_order_strings_cardinality,Device=0 num_rows=262144 max_width=32 cardinality=1,False,False,2,0.007147199986502528,7.50918632633486,1.0,"{""cardinality"": ""1"", ""max_width"": ""32"", ""num_rows"": ""262144""}"
experiment-3,target,sorted_order_strings_cardinality,Device=0 num_rows=2097152 max_width=32 cardinality=1,False,False,2,0.008611199958249927,5.903914520274159,8.0,"{""cardinality"": ""1"", ""max_width"": ""32"", ""num_rows"": ""2097152""}"
experiment-3,target,sorted_order_strings_cardinality,Device=0 num_rows=262144 max_width=128 cardinality=1,False,False,2,1.0293583929538728,0.3140008842244702,9.053221702575684,"{""cardinality"": ""1"", ""max_width"": ""128"", ""num_rows"": ""262144""}"
experiment-3,target,sorted_order_strings_cardinality,Device=0 num_rows=2097152 max_width=128 cardinality=1,False,False,2,7.103793573379517,0.3557567901591409,72.36474514007568,"{""cardinality"": ""1"", ""max_width"": ""128"", ""num_rows"": ""2097152""}"
experiment-3,target,sorted_order_strings_cardinality,Device=0 num_rows=262144 max_width=32 cardinality=64,False,False,2,0.4429296001791954,1.3393294147756059,9.053221702575684,"{""cardinality"": ""64"", ""max_width"": ""32"", ""num_rows"": ""262144""}"
experiment-3,target,sorted_order_strings_cardinality,Device=0 num_rows=2097152 max_width=32 cardinality=64,False,False,2,2.1209280014038083,2.055348995473836,72.36474514007568,"{""cardinality"": ""64"", ""max_width"": ""32"", ""num_rows"": ""2097152""}"
experiment-3,target,sorted_order_strings_cardinality,Device=0 num_rows=262144 max_width=128 cardinality=64,False,False,2,0.9943904101848604,2.7574469402125463,9.053221702575684,"{""cardinality"": ""64"", ""max_width"": ""128"", ""num_rows"": ""262144""}"
experiment-3,target,sorted_order_strings_cardinality,Device=0 num_rows=2097152 max_width=128 cardinality=64,False,False,2,6.10291039943695,1.7232790983078339,72.36474514007568,"{""cardinality"": ""64"", ""max_width"": ""128"", ""num_rows"": ""2097152""}"
experiment-3,target,sorted_order_strings_cardinality,Device=0 num_rows=262144 max_width=32 cardinality=0,False,False,2,0.2647647991776467,7.443544485221657,9.053221702575684,"{""cardinality"": ""0"", ""max_width"": ""32"", ""num_rows"": ""262144""}"
experiment-3,target,sorted_order_strings_cardinality,Device=0 num_rows=2097152 max_width=32 cardinality=0,False,False,2,0.5260288059711455,0.7062731047596114,72.36474514007568,"{""cardinality"": ""0"", ""max_width"": ""32"", ""num_rows"": ""2097152""}"
experiment-3,target,sorted_order_strings_cardinality,Device=0 num_rows=262144 max_width=128 cardinality=0,False,False,2,0.2612495988607407,0.6013495297622033,9.053221702575684,"{""cardinality"": ""0"", ""max_width"": ""128"", ""num_rows"": ""262144""}"
experiment-3,target,sorted_order_strings_cardinality,Device=0 num_rows=2097152 max_width=128 cardinality=0,False,False,2,0.5361343950033186,0.5636168651010363,72.36474514007568,"{""cardinality"": ""0"", ""max_width"": ""128"", ""num_rows"": ""2097152""}"
experiment-3,target,sorted_order_strings_prefixes,Device=0 num_rows=262144 prefix_width=4 suffix_width=32 prefix_cardinality=1,False,False,2,0.23642720058560374,0.729180438831503,9.053221702575684,"{""num_rows"": ""262144"", ""prefix_cardinality"": ""1"", ""prefix_width"": ""4"", ""suffix_width"": ""32""}"
experiment-3,target,sorted_order_strings_prefixes,Device=0 num_rows=2097152 prefix_width=4 suffix_width=32 prefix_cardinality=1,False,False,2,0.47538879960775376,0.6045586313374876,72.36474514007568,"{""num_rows"": ""2097152"", ""prefix_cardinality"": ""1"", ""prefix_width"": ""4"", ""suffix_width"": ""32""}"
experiment-3,target,sorted_order_strings_prefixes,Device=0 num_rows=262144 prefix_width=8 suffix_width=32 prefix_cardinality=1,False,False,2,0.5720720022916795,1.2434861824347556,9.053221702575684,"{""num_rows"": ""262144"", ""prefix_cardinality"": ""1"", ""prefix_width"": ""8"", ""suffix_width"": ""32""}"
experiment-3,target,sorted_order_strings_prefixes,Device=0 num_rows=2097152 prefix_width=8 suffix_width=32 prefix_cardinality=1,False,False,2,4.162352061271669,0.3616949193525504,72.36474514007568,"{""num_rows"": ""2097152"", ""prefix_cardinality"": ""1"", ""prefix_width"": ""8"", ""suffix_width"": ""32""}"
experiment-3,target,sorted_order_strings_prefixes,Device=0 num_rows=262144 prefix_width=10 suffix_width=32 prefix_cardinality=1,False,False,2,0.6039503991603851,0.3830167665759236,9.053221702575684,"{""num_rows"": ""262144"", ""prefix_cardinality"": ""1"", ""prefix_width"": ""10"", ""suffix_width"": ""32""}"
experiment-3,target,sorted_order_strings_prefixes,Device=0 num_rows=2097152 prefix_width=10 suffix_width=32 prefix_cardinality=1,False,False,2,4.375420808792114,0.33955862116921404,72.36474514007568,"{""num_rows"": ""2097152"", ""prefix_cardinality"": ""1"", ""prefix_width"": ""10"", ""suffix_width"": ""32""}"
experiment-3,target,sorted_order_strings_prefixes,Device=0 num_rows=262144 prefix_width=11 suffix_width=32 prefix_cardinality=1,False,False,2,0.61323199570179,0.338018081238458,9.053221702575684,"{""num_rows"": ""262144"", ""prefix_cardinality"": ""1"", ""prefix_width"": ""11"", ""suffix_width"": ""32""}"
experiment-3,target,sorted_order_strings_prefixes,Device=0 num_rows=2097152 prefix_width=11 suffix_width=32 prefix_cardinality=1,False,False,2,4.441500806808471,0.3260316032603299,72.36474514007568,"{""num_rows"": ""2097152"", ""prefix_cardinality"": ""1"", ""prefix_width"": ""11"", ""suffix_width"": ""32""}"
experiment-3,target,sorted_order_strings_prefixes,Device=0 num_rows=262144 prefix_width=12 suffix_width=32 prefix_cardinality=1,False,False,2,0.6248879939317704,0.40876951075213735,9.053221702575684,"{""num_rows"": ""262144"", ""prefix_cardinality"": ""1"", ""prefix_width"": ""12"", ""suffix_width"": ""32""}"
experiment-3,target,sorted_order_strings_prefixes,Device=0 num_rows=2097152 prefix_width=12 suffix_width=32 prefix_cardinality=1,False,False,2,4.4962624311447135,0.22371858524428465,72.36474514007568,"{""num_rows"": ""2097152"", ""prefix_cardinality"": ""1"", ""prefix_width"": ""12"", ""suffix_width"": ""32""}"
experiment-3,target,sorted_order_strings_prefixes,Device=0 num_rows=262144 prefix_width=64 suffix_width=32 prefix_cardinality=1,False,False,2,1.534679996967316,2.753503277046607,9.053221702575684,"{""num_rows"": ""262144"", ""prefix_cardinality"": ""1"", ""prefix_width"": ""64"", ""suffix_width"": ""32""}"
experiment-3,target,sorted_order_strings_prefixes,Device=0 num_rows=2097152 prefix_width=64 suffix_width=32 prefix_cardinality=1,False,False,2,13.449116802215578,0.25093905411104833,72.36474514007568,"{""num_rows"": ""2097152"", ""prefix_cardinality"": ""1"", ""prefix_width"": ""64"", ""suffix_width"": ""32""}"
experiment-3,target,sorted_order_strings_prefixes,Device=0 num_rows=262144 prefix_width=4 suffix_width=32 prefix_cardinality=64,False,False,2,0.20280639976263046,0.3652325455788313,9.053221702575684,"{""num_rows"": ""262144"", ""prefix_cardinality"": ""64"", ""prefix_width"": ""4"", ""suffix_width"": ""32""}"
experiment-3,target,sorted_order_strings_prefixes,Device=0 num_rows=2097152 prefix_width=4 suffix_width=32 prefix_cardinality=64,False,False,2,0.41773120164871225,0.7249700061800916,72.36474514007568,"{""num_rows"": ""2097152"", ""prefix_cardinality"": ""64"", ""prefix_width"": ""4"", ""suffix_width"": ""32""}"
experiment-3,target,sorted_order_strings_prefixes,Device=0 num_rows=262144 prefix_width=8 suffix_width=32 prefix_cardinality=64,False,False,2,0.45347679555416104,0.49509203175113975,9.053221702575684,"{""num_rows"": ""262144"", ""prefix_cardinality"": ""64"", ""prefix_width"": ""8"", ""suffix_width"": ""32""}"
experiment-3,target,sorted_order_strings_prefixes,Device=0 num_rows=2097152 prefix_width=8 suffix_width=32 prefix_cardinality=64,False,False,2,3.868487989902497,0.6781076014424019,72.36474514007568,"{""num_rows"": ""2097152"", ""prefix_cardinality"": ""64"", ""prefix_width"": ""8"", ""suffix_width"": ""32""}"
experiment-3,target,sorted_order_strings_prefixes,Device=0 num_rows=262144 prefix_width=10 suffix_width=32 prefix_cardinality=64,False,False,2,0.4892480000853539,0.48190521001084813,9.053221702575684,"{""num_rows"": ""262144"", ""prefix_cardinality"": ""64"", ""prefix_width"": ""10"", ""suffix_width"": ""32""}"
experiment-3,target,sorted_order_strings_prefixes,Device=0 num_rows=2097152 prefix_width=10 suffix_width=32 prefix_cardinality=64,False,False,2,4.173110437393189,0.27820713470508485,72.36474514007568,"{""num_rows"": ""2097152"", ""prefix_cardinality"": ""64"", ""prefix_width"": ""10"", ""suffix_width"": ""32""}"
experiment-3,target,sorted_order_strings_prefixes,Device=0 num_rows=262144 prefix_width=11 suffix_width=32 prefix_cardinality=64,False,False,2,0.49988480359315873,0.4602627377052325,9.053221702575684,"{""num_rows"": ""262144"", ""prefix_cardinality"": ""64"", ""prefix_width"": ""11"", ""suffix_width"": ""32""}"
experiment-3,target,sorted_order_strings_prefixes,Device=0 num_rows=2097152 prefix_width=11 suffix_width=32 prefix_cardinality=64,False,False,2,4.24632797241211,0.3881204333206131,72.36474514007568,"{""num_rows"": ""2097152"", ""prefix_cardinality"": ""64"", ""prefix_width"": ""11"", ""suffix_width"": ""32""}"
experiment-3,target,sorted_order_strings_prefixes,Device=0 num_rows=262144 prefix_width=12 suffix_width=32 prefix_cardinality=64,False,False,2,0.5093215942382813,0.6535736845613971,9.053221702575684,"{""num_rows"": ""262144"", ""prefix_cardinality"": ""64"", ""prefix_width"": ""12"", ""suffix_width"": ""32""}"
experiment-3,target,sorted_order_strings_prefixes,Device=0 num_rows=2097152 prefix_width=12 suffix_width=32 prefix_cardinality=64,False,False,2,4.301779198646546,0.3621091822642668,72.36474514007568,"{""num_rows"": ""2097152"", ""prefix_cardinality"": ""64"", ""prefix_width"": ""12"", ""suffix_width"": ""32""}"
experiment-3,target,sorted_order_strings_prefixes,Device=0 num_rows=262144 prefix_width=64 suffix_width=32 prefix_cardinality=64,False,False,2,1.0812288045883178,0.35383753991836286,9.053221702575684,"{""num_rows"": ""262144"", ""prefix_cardinality"": ""64"", ""prefix_width"": ""64"", ""suffix_width"": ""32""}"
experiment-3,target,sorted_order_strings_prefixes,Device=0 num_rows=2097152 prefix_width=64 suffix_width=32 prefix_cardinality=64,False,False,2,11.627454280853273,0.36882883921456855,72.36474514007568,"{""num_rows"": ""2097152"", ""prefix_cardinality"": ""64"", ""prefix_width"": ""64"", ""suffix_width"": ""32""}"
experiment-3,target,sorted_order_strings_cardinality,Device=0 num_rows=262144 max_width=32 cardinality=1,False,False,1,0.0069616000400856155,5.1239809762295145,1.0,"{""cardinality"": ""1"", ""max_width"": ""32"", ""num_rows"": ""262144""}"
experiment-3,target,sorted_order_strings_cardinality,Device=0 num_rows=2097152 max_width=32 cardinality=1,False,False,1,0.008751999959349633,5.921220652552016,8.0,"{""cardinality"": ""1"", ""max_width"": ""32"", ""num_rows"": ""2097152""}"
experiment-3,target,sorted_order_strings_cardinality,Device=0 num_rows=262144 max_width=128 cardinality=1,False,False,1,1.029380804300308,0.3701821773406574,9.053221702575684,"{""cardinality"": ""1"", ""max_width"": ""128"", ""num_rows"": ""262144""}"
experiment-3,target,sorted_order_strings_cardinality,Device=0 num_rows=2097152 max_width=128 cardinality=1,False,False,1,7.0975680351257315,0.34428682008750316,72.36474514007568,"{""cardinality"": ""1"", ""max_width"": ""128"", ""num_rows"": ""2097152""}"
experiment-3,target,sorted_order_strings_cardinality,Device=0 num_rows=262144 max_width=32 cardinality=64,False,False,1,0.446323199570179,1.744059673910562,9.053221702575684,"{""cardinality"": ""64"", ""max_width"": ""32"", ""num_rows"": ""262144""}"
experiment-3,target,sorted_order_strings_cardinality,Device=0 num_rows=2097152 max_width=32 cardinality=64,False,False,1,2.1332575917243957,1.6028223971677291,72.36474514007568,"{""cardinality"": ""64"", ""max_width"": ""32"", ""num_rows"": ""2097152""}"
experiment-3,target,sorted_order_strings_cardinality,Device=0 num_rows=262144 max_width=128 cardinality=64,False,False,1,0.9907472044229505,3.0522991078661654,9.053221702575684,"{""cardinality"": ""64"", ""max_width"": ""128"", ""num_rows"": ""262144""}"
experiment-3,target,sorted_order_strings_cardinality,Device=0 num_rows=2097152 max_width=128 cardinality=64,False,False,1,6.112235212326049,1.59078327102189,72.36474514007568,"{""cardinality"": ""64"", ""max_width"": ""128"", ""num_rows"": ""2097152""}"
experiment-3,target,sorted_order_strings_cardinality,Device=0 num_rows=262144 max_width=32 cardinality=0,False,False,1,0.2649744004011154,7.591234734204049,9.053221702575684,"{""cardinality"": ""0"", ""max_width"": ""32"", ""num_rows"": ""262144""}"
experiment-3,target,sorted_order_strings_cardinality,Device=0 num_rows=2097152 max_width=32 cardinality=0,False,False,1,0.5259407997131348,0.6704207105983252,72.36474514007568,"{""cardinality"": ""0"", ""max_width"": ""32"", ""num_rows"": ""2097152""}"
experiment-3,target,sorted_order_strings_cardinality,Device=0 num_rows=262144 max_width=128 cardinality=0,False,False,1,0.26222719997167593,0.4739740461703402,9.053221702575684,"{""cardinality"": ""0"", ""max_width"": ""128"", ""num_rows"": ""262144""}"
experiment-3,target,sorted_order_strings_cardinality,Device=0 num_rows=2097152 max_width=128 cardinality=0,False,False,1,0.5327791929244997,0.6308811780067732,72.36474514007568,"{""cardinality"": ""0"", ""max_width"": ""128"", ""num_rows"": ""2097152""}"
experiment-3,target,sorted_order_strings_prefixes,Device=0 num_rows=262144 prefix_width=4 suffix_width=32 prefix_cardinality=1,False,False,1,0.2374304004013539,0.42146605343307275,9.053221702575684,"{""num_rows"": ""262144"", ""prefix_cardinality"": ""1"", ""prefix_width"": ""4"", ""suffix_width"": ""32""}"
experiment-3,target,sorted_order_strings_prefixes,Device=0 num_rows=2097152 prefix_width=4 suffix_width=32 prefix_cardinality=1,False,False,1,0.47535040080547325,0.7383971994186082,72.36474514007568,"{""num_rows"": ""2097152"", ""prefix_cardinality"": ""1"", ""prefix_width"": ""4"", ""suffix_width"": ""32""}"
experiment-3,target,sorted_order_strings_prefixes,Device=0 num_rows=262144 prefix_width=8 suffix_width=32 prefix_cardinality=1,False,False,1,0.5687664002180101,0.36379719531309784,9.053221702575684,"{""num_rows"": ""262144"", ""prefix_cardinality"": ""1"", ""prefix_width"": ""8"", ""suffix_width"": ""32""}"
experiment-3,target,sorted_order_strings_prefixes,Device=0 num_rows=2097152 prefix_width=8 suffix_width=32 prefix_cardinality=1,False,False,1,4.1652368068695065,0.35254738254957513,72.36474514007568,"{""num_rows"": ""2097152"", ""prefix_cardinality"": ""1"", ""prefix_width"": ""8"", ""suffix_width"": ""32""}"
experiment-3,target,sorted_order_strings_prefixes,Device=0 num_rows=262144 prefix_width=10 suffix_width=32 prefix_cardinality=1,False,False,1,0.6058991938829421,0.29534740893838224,9.053221702575684,"{""num_rows"": ""262144"", ""prefix_cardinality"": ""1"", ""prefix_width"": ""10"", ""suffix_width"": ""32""}"
experiment-3,target,sorted_order_strings_prefixes,Device=0 num_rows=2097152 prefix_width=10 suffix_width=32 prefix_cardinality=1,False,False,1,4.381942367553712,0.3807513071269124,72.36474514007568,"{""num_rows"": ""2097152"", ""prefix_cardinality"": ""1"", ""prefix_width"": ""10"", ""suffix_width"": ""32""}"
experiment-3,target,sorted_order_strings_prefixes,Device=0 num_rows=262144 prefix_width=11 suffix_width=32 prefix_cardinality=1,False,False,1,0.6130224019289017,0.3679148856756741,9.053221702575684,"{""num_rows"": ""262144"", ""prefix_cardinality"": ""1"", ""prefix_width"": ""11"", ""suffix_width"": ""32""}"
experiment-3,target,sorted_order_strings_prefixes,Device=0 num_rows=2097152 prefix_width=11 suffix_width=32 prefix_cardinality=1,False,False,1,4.44448001384735,0.25125229291471946,72.36474514007568,"{""num_rows"": ""2097152"", ""prefix_cardinality"": ""1"", ""prefix_width"": ""11"", ""suffix_width"": ""32""}"
experiment-3,target,sorted_order_strings_prefixes,Device=0 num_rows=262144 prefix_width=12 suffix_width=32 prefix_cardinality=1,False,False,1,0.6254800021648407,0.34830317521089593,9.053221702575684,"{""num_rows"": ""262144"", ""prefix_cardinality"": ""1"", ""prefix_width"": ""12"", ""suffix_width"": ""32""}"
experiment-3,target,sorted_order_strings_prefixes,Device=0 num_rows=2097152 prefix_width=12 suffix_width=32 prefix_cardinality=1,False,False,1,4.5090639829635615,0.27270050345587254,72.36474514007568,"{""num_rows"": ""2097152"", ""prefix_cardinality"": ""1"", ""prefix_width"": ""12"", ""suffix_width"": ""32""}"
experiment-3,target,sorted_order_strings_prefixes,Device=0 num_rows=262144 prefix_width=64 suffix_width=32 prefix_cardinality=1,False,False,1,1.533550411462784,0.4645870153347729,9.053221702575684,"{""num_rows"": ""262144"", ""prefix_cardinality"": ""1"", ""prefix_width"": ""64"", ""suffix_width"": ""32""}"
experiment-3,target,sorted_order_strings_prefixes,Device=0 num_rows=2097152 prefix_width=64 suffix_width=32 prefix_cardinality=1,False,False,1,13.44967999458313,0.3195718860124102,72.36474514007568,"{""num_rows"": ""2097152"", ""prefix_cardinality"": ""1"", ""prefix_width"": ""64"", ""suffix_width"": ""32""}"
experiment-3,target,sorted_order_strings_prefixes,Device=0 num_rows=262144 prefix_width=4 suffix_width=32 prefix_cardinality=64,False,False,1,0.20317920148372648,0.41431676521041305,9.053221702575684,"{""num_rows"": ""262144"", ""prefix_cardinality"": ""64"", ""prefix_width"": ""4"", ""suffix_width"": ""32""}"
experiment-3,target,sorted_order_strings_prefixes,Device=0 num_rows=2097152 prefix_width=4 suffix_width=32 prefix_cardinality=64,False,False,1,0.41803679913282393,1.0054668342181616,72.36474514007568,"{""num_rows"": ""2097152"", ""prefix_cardinality"": ""64"", ""prefix_width"": ""4"", ""suffix_width"": ""32""}"
experiment-3,target,sorted_order_strings_prefixes,Device=0 num_rows=262144 prefix_width=8 suffix_width=32 prefix_cardinality=64,False,False,1,0.45332319885492334,0.6113563498349729,9.053221702575684,"{""num_rows"": ""262144"", ""prefix_cardinality"": ""64"", ""prefix_width"": ""8"", ""suffix_width"": ""32""}"
experiment-3,target,sorted_order_strings_prefixes,Device=0 num_rows=2097152 prefix_width=8 suffix_width=32 prefix_cardinality=64,False,False,1,3.8669296026229865,0.3373833866033037,72.36474514007568,"{""num_rows"": ""2097152"", ""prefix_cardinality"": ""64"", ""prefix_width"": ""8"", ""suffix_width"": ""32""}"
experiment-3,target,sorted_order_strings_prefixes,Device=0 num_rows=262144 prefix_width=10 suffix_width=32 prefix_cardinality=64,False,False,1,0.48794399946928024,0.6647231837151375,9.053221702575684,"{""num_rows"": ""262144"", ""prefix_cardinality"": ""64"", ""prefix_width"": ""10"", ""suffix_width"": ""32""}"
experiment-3,target,sorted_order_strings_prefixes,Device=0 num_rows=2097152 prefix_width=10 suffix_width=32 prefix_cardinality=64,False,False,1,4.172779202461244,0.3243161635379801,72.36474514007568,"{""num_rows"": ""2097152"", ""prefix_cardinality"": ""64"", ""prefix_width"": ""10"", ""suffix_width"": ""32""}"
experiment-3,target,sorted_order_strings_prefixes,Device=0 num_rows=262144 prefix_width=11 suffix_width=32 prefix_cardinality=64,False,False,1,0.5004432037472725,0.2403333699070258,9.053221702575684,"{""num_rows"": ""262144"", ""prefix_cardinality"": ""64"", ""prefix_width"": ""11"", ""suffix_width"": ""32""}"
experiment-3,target,sorted_order_strings_prefixes,Device=0 num_rows=2097152 prefix_width=11 suffix_width=32 prefix_cardinality=64,False,False,1,4.243763208389281,0.27533282303159534,72.36474514007568,"{""num_rows"": ""2097152"", ""prefix_cardinality"": ""64"", ""prefix_width"": ""11"", ""suffix_width"": ""32""}"
experiment-3,target,sorted_order_strings_prefixes,Device=0 num_rows=262144 prefix_width=12 suffix_width=32 prefix_cardinality=64,False,False,1,0.5091760039329529,0.5590466518698215,9.053221702575684,"{""num_rows"": ""262144"", ""prefix_cardinality"": ""64"", ""prefix_width"": ""12"", ""suffix_width"": ""32""}"
experiment-3,target,sorted_order_strings_prefixes,Device=0 num_rows=2097152 prefix_width=12 suffix_width=32 prefix_cardinality=64,False,False,1,4.300563263893127,0.3133077198795803,72.36474514007568,"{""num_rows"": ""2097152"", ""prefix_cardinality"": ""64"", ""prefix_width"": ""12"", ""suffix_width"": ""32""}"
experiment-3,target,sorted_order_strings_prefixes,Device=0 num_rows=262144 prefix_width=64 suffix_width=32 prefix_cardinality=64,False,False,1,1.0804672122001648,0.3833490260255678,9.053221702575684,"{""num_rows"": ""262144"", ""prefix_cardinality"": ""64"", ""prefix_width"": ""64"", ""suffix_width"": ""32""}"
experiment-3,target,sorted_order_strings_prefixes,Device=0 num_rows=2097152 prefix_width=64 suffix_width=32 prefix_cardinality=64,False,False,1,11.63311686515808,0.3446360661437214,72.36474514007568,"{""num_rows"": ""2097152"", ""prefix_cardinality"": ""64"", ""prefix_width"": ""64"", ""suffix_width"": ""32""}"
experiment-3,stable-warps-0,sorted_order_strings_segments,Device=0 num_rows=32768 shared_suffix=0 segment_profile=pairs,True,False,0,0.15775200128555297,1.531947881189668,1.1391592025756836,"{""num_rows"": ""32768"", ""segment_profile"": ""pairs"", ""shared_suffix"": ""0""}"
experiment-3,stable-warps-0,sorted_order_strings_segments,Device=0 num_rows=2097152 shared_suffix=0 segment_profile=pairs,True,False,0,0.6488800078630448,1.211284991434292,72.36474514007568,"{""num_rows"": ""2097152"", ""segment_profile"": ""pairs"", ""shared_suffix"": ""0""}"
experiment-3,stable-warps-0,sorted_order_strings_segments,Device=0 num_rows=32768 shared_suffix=64 segment_profile=pairs,True,False,0,0.16024479866027833,0.8878114067936655,1.1391592025756836,"{""num_rows"": ""32768"", ""segment_profile"": ""pairs"", ""shared_suffix"": ""64""}"
experiment-3,stable-warps-0,sorted_order_strings_segments,Device=0 num_rows=2097152 shared_suffix=64 segment_profile=pairs,True,False,0,0.8189439952373503,0.6964058706814733,72.36474514007568,"{""num_rows"": ""2097152"", ""segment_profile"": ""pairs"", ""shared_suffix"": ""64""}"
experiment-3,stable-warps-0,sorted_order_strings_segments,Device=0 num_rows=32768 shared_suffix=0 segment_profile=tiny4,True,False,0,0.15597600117325786,1.8570118594032192,1.1391592025756836,"{""num_rows"": ""32768"", ""segment_profile"": ""tiny4"", ""shared_suffix"": ""0""}"
experiment-3,stable-warps-0,sorted_order_strings_segments,Device=0 num_rows=2097152 shared_suffix=0 segment_profile=tiny4,True,False,0,0.5760832011699677,1.075689541906843,72.36474514007568,"{""num_rows"": ""2097152"", ""segment_profile"": ""tiny4"", ""shared_suffix"": ""0""}"
experiment-3,stable-warps-0,sorted_order_strings_segments,Device=0 num_rows=32768 shared_suffix=64 segment_profile=tiny4,True,False,0,0.17009599953889845,2.205456124303375,1.1391592025756836,"{""num_rows"": ""32768"", ""segment_profile"": ""tiny4"", ""shared_suffix"": ""64""}"
experiment-3,stable-warps-0,sorted_order_strings_segments,Device=0 num_rows=2097152 shared_suffix=64 segment_profile=tiny4,True,False,0,0.9094752013683319,0.5713471807823558,72.36474514007568,"{""num_rows"": ""2097152"", ""segment_profile"": ""tiny4"", ""shared_suffix"": ""64""}"
experiment-3,stable-warps-0,sorted_order_strings_segments,Device=0 num_rows=32768 shared_suffix=0 segment_profile=tiny8,True,False,0,0.1577232018113136,1.241837001112916,1.1391592025756836,"{""num_rows"": ""32768"", ""segment_profile"": ""tiny8"", ""shared_suffix"": ""0""}"
experiment-3,stable-warps-0,sorted_order_strings_segments,Device=0 num_rows=2097152 shared_suffix=0 segment_profile=tiny8,True,False,0,0.5815056025981904,0.8839516149258243,72.36474514007568,"{""num_rows"": ""2097152"", ""segment_profile"": ""tiny8"", ""shared_suffix"": ""0""}"
experiment-3,stable-warps-0,sorted_order_strings_segments,Device=0 num_rows=32768 shared_suffix=64 segment_profile=tiny8,True,False,0,0.17625120133161545,1.6901302165305734,1.1391592025756836,"{""num_rows"": ""32768"", ""segment_profile"": ""tiny8"", ""shared_suffix"": ""64""}"
experiment-3,stable-warps-0,sorted_order_strings_segments,Device=0 num_rows=2097152 shared_suffix=64 segment_profile=tiny8,True,False,0,1.1380319952964786,0.3593806529414462,72.36474514007568,"{""num_rows"": ""2097152"", ""segment_profile"": ""tiny8"", ""shared_suffix"": ""64""}"
experiment-3,stable-warps-0,sorted_order_strings_segments,Device=0 num_rows=32768 shared_suffix=0 segment_profile=tiny16,True,False,0,0.15970080047845844,1.140817807242484,1.1391592025756836,"{""num_rows"": ""32768"", ""segment_profile"": ""tiny16"", ""shared_suffix"": ""0""}"
experiment-3,stable-warps-0,sorted_order_strings_segments,Device=0 num_rows=2097152 shared_suffix=0 segment_profile=tiny16,True,False,0,0.6090927988290785,0.544778915415204,72.36474514007568,"{""num_rows"": ""2097152"", ""segment_profile"": ""tiny16"", ""shared_suffix"": ""0""}"
experiment-3,stable-warps-0,sorted_order_strings_segments,Device=0 num_rows=32768 shared_suffix=64 segment_profile=tiny16,True,False,0,0.18254079893231392,0.8633229054638462,1.1391592025756836,"{""num_rows"": ""32768"", ""segment_profile"": ""tiny16"", ""shared_suffix"": ""64""}"
experiment-3,stable-warps-0,sorted_order_strings_segments,Device=0 num_rows=2097152 shared_suffix=64 segment_profile=tiny16,True,False,0,1.3506416141986846,0.33611345756484895,72.36474514007568,"{""num_rows"": ""2097152"", ""segment_profile"": ""tiny16"", ""shared_suffix"": ""64""}"
experiment-3,stable-warps-0,sorted_order_strings_segments,Device=0 num_rows=32768 shared_suffix=0 segment_profile=tiny32,True,False,0,0.16159999817609783,0.6348669417627615,1.1391592025756836,"{""num_rows"": ""32768"", ""segment_profile"": ""tiny32"", ""shared_suffix"": ""0""}"
experiment-3,stable-warps-0,sorted_order_strings_segments,Device=0 num_rows=2097152 shared_suffix=0 segment_profile=tiny32,True,False,0,0.6603552013635637,0.4286574193266358,72.36474514007568,"{""num_rows"": ""2097152"", ""segment_profile"": ""tiny32"", ""shared_suffix"": ""0""}"
experiment-3,stable-warps-0,sorted_order_strings_segments,Device=0 num_rows=32768 shared_suffix=64 segment_profile=tiny32,True,False,0,0.19348800033330915,1.207571981768463,1.1391592025756836,"{""num_rows"": ""32768"", ""segment_profile"": ""tiny32"", ""shared_suffix"": ""64""}"
experiment-3,stable-warps-0,sorted_order_strings_segments,Device=0 num_rows=2097152 shared_suffix=64 segment_profile=tiny32,True,False,0,1.641172808408737,0.20741056805457103,72.36474514007568,"{""num_rows"": ""2097152"", ""segment_profile"": ""tiny32"", ""shared_suffix"": ""64""}"
experiment-3,stable-warps-1,sorted_order_strings_segments,Device=0 num_rows=32768 shared_suffix=0 segment_profile=pairs,True,True,2,0.15780959948897363,0.951909880648772,1.1391592025756836,"{""num_rows"": ""32768"", ""segment_profile"": ""pairs"", ""shared_suffix"": ""0""}"
experiment-3,stable-warps-1,sorted_order_strings_segments,Device=0 num_rows=2097152 shared_suffix=0 segment_profile=pairs,True,True,2,0.6469631969928742,1.307280032873085,72.36474514007568,"{""num_rows"": ""2097152"", ""segment_profile"": ""pairs"", ""shared_suffix"": ""0""}"
experiment-3,stable-warps-1,sorted_order_strings_segments,Device=0 num_rows=32768 shared_suffix=64 segment_profile=pairs,True,True,2,0.16142079979181292,1.215078695295038,1.1391592025756836,"{""num_rows"": ""32768"", ""segment_profile"": ""pairs"", ""shared_suffix"": ""64""}"
experiment-3,stable-warps-1,sorted_order_strings_segments,Device=0 num_rows=2097152 shared_suffix=64 segment_profile=pairs,True,True,2,0.8199632048606872,0.9777983273850173,72.36474514007568,"{""num_rows"": ""2097152"", ""segment_profile"": ""pairs"", ""shared_suffix"": ""64""}"
experiment-3,stable-warps-1,sorted_order_strings_segments,Device=0 num_rows=32768 shared_suffix=0 segment_profile=tiny4,True,True,2,0.15781920105218886,2.1478977410256053,1.1391592025756836,"{""num_rows"": ""32768"", ""segment_profile"": ""tiny4"", ""shared_suffix"": ""0""}"
experiment-3,stable-warps-1,sorted_order_strings_segments,Device=0 num_rows=2097152 shared_suffix=0 segment_profile=tiny4,True,True,2,0.5728480011224747,0.896620276661711,72.36474514007568,"{""num_rows"": ""2097152"", ""segment_profile"": ""tiny4"", ""shared_suffix"": ""0""}"
experiment-3,stable-warps-1,sorted_order_strings_segments,Device=0 num_rows=32768 shared_suffix=64 segment_profile=tiny4,True,True,2,0.17565119937062262,1.5024730437334868,1.1391592025756836,"{""num_rows"": ""32768"", ""segment_profile"": ""tiny4"", ""shared_suffix"": ""64""}"
experiment-3,stable-warps-1,sorted_order_strings_segments,Device=0 num_rows=2097152 shared_suffix=64 segment_profile=tiny4,True,True,2,0.9079248011112213,0.4843788371578792,72.36474514007568,"{""num_rows"": ""2097152"", ""segment_profile"": ""tiny4"", ""shared_suffix"": ""64""}"
experiment-3,stable-warps-1,sorted_order_strings_segments,Device=0 num_rows=32768 shared_suffix=0 segment_profile=tiny8,True,True,2,0.1599648006260395,2.6956016002210963,1.1391592025756836,"{""num_rows"": ""32768"", ""segment_profile"": ""tiny8"", ""shared_suffix"": ""0""}"
experiment-3,stable-warps-1,sorted_order_strings_segments,Device=0 num_rows=2097152 shared_suffix=0 segment_profile=tiny8,True,True,2,0.5806815981864929,0.5529293468114342,72.36474514007568,"{""num_rows"": ""2097152"", ""segment_profile"": ""tiny8"", ""shared_suffix"": ""0""}"
experiment-3,stable-warps-1,sorted_order_strings_segments,Device=0 num_rows=32768 shared_suffix=64 segment_profile=tiny8,True,True,2,0.1776528000831604,1.6225419987045755,1.1391592025756836,"{""num_rows"": ""32768"", ""segment_profile"": ""tiny8"", ""shared_suffix"": ""64""}"
experiment-3,stable-warps-1,sorted_order_strings_segments,Device=0 num_rows=2097152 shared_suffix=64 segment_profile=tiny8,True,True,2,1.1404384076595309,0.44406061314217077,72.36474514007568,"{""num_rows"": ""2097152"", ""segment_profile"": ""tiny8"", ""shared_suffix"": ""64""}"
experiment-3,stable-warps-1,sorted_order_strings_segments,Device=0 num_rows=32768 shared_suffix=0 segment_profile=tiny16,True,True,2,0.16090080067515372,0.9694756172513068,1.1391592025756836,"{""num_rows"": ""32768"", ""segment_profile"": ""tiny16"", ""shared_suffix"": ""0""}"
experiment-3,stable-warps-1,sorted_order_strings_segments,Device=0 num_rows=2097152 shared_suffix=0 segment_profile=tiny16,True,True,2,0.6083727926015854,0.6562535820158761,72.36474514007568,"{""num_rows"": ""2097152"", ""segment_profile"": ""tiny16"", ""shared_suffix"": ""0""}"
experiment-3,stable-warps-1,sorted_order_strings_segments,Device=0 num_rows=32768 shared_suffix=64 segment_profile=tiny16,True,True,2,0.18414080142974854,1.5030187504419923,1.1391592025756836,"{""num_rows"": ""32768"", ""segment_profile"": ""tiny16"", ""shared_suffix"": ""64""}"
experiment-3,stable-warps-1,sorted_order_strings_segments,Device=0 num_rows=2097152 shared_suffix=64 segment_profile=tiny16,True,True,2,1.3488032162189483,0.212316986069448,72.36474514007568,"{""num_rows"": ""2097152"", ""segment_profile"": ""tiny16"", ""shared_suffix"": ""64""}"
experiment-3,stable-warps-1,sorted_order_strings_segments,Device=0 num_rows=32768 shared_suffix=0 segment_profile=tiny32,True,True,2,0.16340640038251877,0.6469576628243682,1.1391592025756836,"{""num_rows"": ""32768"", ""segment_profile"": ""tiny32"", ""shared_suffix"": ""0""}"
experiment-3,stable-warps-1,sorted_order_strings_segments,Device=0 num_rows=2097152 shared_suffix=0 segment_profile=tiny32,True,True,2,0.6600383996963504,0.45141975009461077,72.36474514007568,"{""num_rows"": ""2097152"", ""segment_profile"": ""tiny32"", ""shared_suffix"": ""0""}"
experiment-3,stable-warps-1,sorted_order_strings_segments,Device=0 num_rows=32768 shared_suffix=64 segment_profile=tiny32,True,True,2,0.1948736004531384,1.26368120299386,1.1391592025756836,"{""num_rows"": ""32768"", ""segment_profile"": ""tiny32"", ""shared_suffix"": ""64""}"
experiment-3,stable-warps-1,sorted_order_strings_segments,Device=0 num_rows=2097152 shared_suffix=64 segment_profile=tiny32,True,True,2,1.6414847910404204,0.18833887200286023,72.36474514007568,"{""num_rows"": ""2097152"", ""segment_profile"": ""tiny32"", ""shared_suffix"": ""64""}"
experiment-15,segments,sorted_order_strings_segments,Device=0 num_rows=32768 shared_suffix=0 segment_profile=singletons,False,False,2,0.13857599943876264,2.016785120877549,1.1391592025756836,"{""num_rows"": ""32768"", ""segment_profile"": ""singletons"", ""shared_suffix"": ""0""}"
experiment-15,segments,sorted_order_strings_segments,Device=0 num_rows=2097152 shared_suffix=0 segment_profile=singletons,False,False,2,0.35539199858903886,1.2999484783112905,72.36474514007568,"{""num_rows"": ""2097152"", ""segment_profile"": ""singletons"", ""shared_suffix"": ""0""}"
experiment-15,segments,sorted_order_strings_segments,Device=0 num_rows=32768 shared_suffix=64 segment_profile=singletons,False,False,2,0.13852320089936257,0.9590904609856378,1.1391592025756836,"{""num_rows"": ""32768"", ""segment_profile"": ""singletons"", ""shared_suffix"": ""64""}"
experiment-15,segments,sorted_order_strings_segments,Device=0 num_rows=2097152 shared_suffix=64 segment_profile=singletons,False,False,2,0.3921007990837096,0.9086402565424395,72.36474514007568,"{""num_rows"": ""2097152"", ""segment_profile"": ""singletons"", ""shared_suffix"": ""64""}"
experiment-15,segments,sorted_order_strings_segments,Device=0 num_rows=32768 shared_suffix=0 segment_profile=pairs,False,False,2,0.15726559981703758,2.2582905868251504,1.1391592025756836,"{""num_rows"": ""32768"", ""segment_profile"": ""pairs"", ""shared_suffix"": ""0""}"
experiment-15,segments,sorted_order_strings_segments,Device=0 num_rows=2097152 shared_suffix=0 segment_profile=pairs,False,False,2,0.6502879947423935,0.7493341018856955,72.36474514007568,"{""num_rows"": ""2097152"", ""segment_profile"": ""pairs"", ""shared_suffix"": ""0""}"
experiment-15,segments,sorted_order_strings_segments,Device=0 num_rows=32768 shared_suffix=64 segment_profile=pairs,False,False,2,0.16116000115871432,2.292997018379729,1.1391592025756836,"{""num_rows"": ""32768"", ""segment_profile"": ""pairs"", ""shared_suffix"": ""64""}"
experiment-15,segments,sorted_order_strings_segments,Device=0 num_rows=2097152 shared_suffix=64 segment_profile=pairs,False,False,2,0.8249359995126724,1.0660195310137919,72.36474514007568,"{""num_rows"": ""2097152"", ""segment_profile"": ""pairs"", ""shared_suffix"": ""64""}"
experiment-15,segments,sorted_order_strings_segments,Device=0 num_rows=32768 shared_suffix=0 segment_profile=tiny4,False,False,2,0.15738879889249807,2.044168860319664,1.1391592025756836,"{""num_rows"": ""32768"", ""segment_profile"": ""tiny4"", ""shared_suffix"": ""0""}"
experiment-15,segments,sorted_order_strings_segments,Device=0 num_rows=2097152 shared_suffix=0 segment_profile=tiny4,False,False,2,0.577259200811386,0.7669313560869542,72.36474514007568,"{""num_rows"": ""2097152"", ""segment_profile"": ""tiny4"", ""shared_suffix"": ""0""}"
experiment-15,segments,sorted_order_strings_segments,Device=0 num_rows=32768 shared_suffix=64 segment_profile=tiny4,False,False,2,0.16896319910883903,2.308361779498789,1.1391592025756836,"{""num_rows"": ""32768"", ""segment_profile"": ""tiny4"", ""shared_suffix"": ""64""}"
experiment-15,segments,sorted_order_strings_segments,Device=0 num_rows=2097152 shared_suffix=64 segment_profile=tiny4,False,False,2,0.9098655968904495,0.4750859916928349,72.36474514007568,"{""num_rows"": ""2097152"", ""segment_profile"": ""tiny4"", ""shared_suffix"": ""64""}"
experiment-15,segments,sorted_order_strings_segments,Device=0 num_rows=32768 shared_suffix=0 segment_profile=tiny8,False,False,2,0.16020000055432324,1.843884866435992,1.1391592025756836,"{""num_rows"": ""32768"", ""segment_profile"": ""tiny8"", ""shared_suffix"": ""0""}"
experiment-15,segments,sorted_order_strings_segments,Device=0 num_rows=2097152 shared_suffix=0 segment_profile=tiny8,False,False,2,0.5874480038881301,0.6468580322888755,72.36474514007568,"{""num_rows"": ""2097152"", ""segment_profile"": ""tiny8"", ""shared_suffix"": ""0""}"
experiment-15,segments,sorted_order_strings_segments,Device=0 num_rows=32768 shared_suffix=64 segment_profile=tiny8,False,False,2,0.17741599902510646,2.0706060568856284,1.1391592025756836,"{""num_rows"": ""32768"", ""segment_profile"": ""tiny8"", ""shared_suffix"": ""64""}"
experiment-15,segments,sorted_order_strings_segments,Device=0 num_rows=2097152 shared_suffix=64 segment_profile=tiny8,False,False,2,1.1462527990341183,0.31130083544483056,72.36474514007568,"{""num_rows"": ""2097152"", ""segment_profile"": ""tiny8"", ""shared_suffix"": ""64""}"
experiment-15,segments,sorted_order_strings_segments,Device=0 num_rows=32768 shared_suffix=0 segment_profile=tiny16,False,False,2,0.16145119965076446,1.6946766073560673,1.1391592025756836,"{""num_rows"": ""32768"", ""segment_profile"": ""tiny16"", ""shared_suffix"": ""0""}"
experiment-15,segments,sorted_order_strings_segments,Device=0 num_rows=2097152 shared_suffix=0 segment_profile=tiny16,False,False,2,0.622639998793602,0.343996257500922,72.36474514007568,"{""num_rows"": ""2097152"", ""segment_profile"": ""tiny16"", ""shared_suffix"": ""0""}"
experiment-15,segments,sorted_order_strings_segments,Device=0 num_rows=32768 shared_suffix=64 segment_profile=tiny16,False,False,2,0.1835871994495392,1.0203297807778828,1.1391592025756836,"{""num_rows"": ""32768"", ""segment_profile"": ""tiny16"", ""shared_suffix"": ""64""}"
experiment-15,segments,sorted_order_strings_segments,Device=0 num_rows=2097152 shared_suffix=64 segment_profile=tiny16,False,False,2,1.376115196943283,3.2085198237910735,72.36474514007568,"{""num_rows"": ""2097152"", ""segment_profile"": ""tiny16"", ""shared_suffix"": ""64""}"
experiment-15,segments,sorted_order_strings_segments,Device=0 num_rows=32768 shared_suffix=0 segment_profile=tiny32,False,False,2,0.16284800022840498,0.6922209249525623,1.1391592025756836,"{""num_rows"": ""32768"", ""segment_profile"": ""tiny32"", ""shared_suffix"": ""0""}"
experiment-15,segments,sorted_order_strings_segments,Device=0 num_rows=2097152 shared_suffix=0 segment_profile=tiny32,False,False,2,0.6738880008459092,0.46482344946584714,72.36474514007568,"{""num_rows"": ""2097152"", ""segment_profile"": ""tiny32"", ""shared_suffix"": ""0""}"
experiment-15,segments,sorted_order_strings_segments,Device=0 num_rows=32768 shared_suffix=64 segment_profile=tiny32,False,False,2,0.1939327992498875,1.5309142642997602,1.1391592025756836,"{""num_rows"": ""32768"", ""segment_profile"": ""tiny32"", ""shared_suffix"": ""64""}"
experiment-15,segments,sorted_order_strings_segments,Device=0 num_rows=2097152 shared_suffix=64 segment_profile=tiny32,False,False,2,1.6563327968120576,0.2867946233527872,72.36474514007568,"{""num_rows"": ""2097152"", ""segment_profile"": ""tiny32"", ""shared_suffix"": ""64""}"
experiment-15,segments,sorted_order_strings_segments,Device=0 num_rows=32768 shared_suffix=0 segment_profile=block256,False,False,2,0.1729471996426582,1.40086097588661,1.1391592025756836,"{""num_rows"": ""32768"", ""segment_profile"": ""block256"", ""shared_suffix"": ""0""}"
experiment-15,segments,sorted_order_strings_segments,Device=0 num_rows=2097152 shared_suffix=0 segment_profile=block256,False,False,2,1.1196800112724306,0.27996281763416936,72.36474514007568,"{""num_rows"": ""2097152"", ""segment_profile"": ""block256"", ""shared_suffix"": ""0""}"
experiment-15,segments,sorted_order_strings_segments,Device=0 num_rows=32768 shared_suffix=64 segment_profile=block256,False,False,2,0.2368416011333466,0.5880727641303772,1.1391592025756836,"{""num_rows"": ""32768"", ""segment_profile"": ""block256"", ""shared_suffix"": ""64""}"
experiment-15,segments,sorted_order_strings_segments,Device=0 num_rows=2097152 shared_suffix=64 segment_profile=block256,False,False,2,3.21283359527588,0.21037766057196414,72.36474514007568,"{""num_rows"": ""2097152"", ""segment_profile"": ""block256"", ""shared_suffix"": ""64""}"
experiment-15,segments,sorted_order_strings_segments,Device=0 num_rows=32768 shared_suffix=0 segment_profile=logarithmic,False,False,2,0.3561983987689019,1.1939153535870206,1.1391592025756836,"{""num_rows"": ""32768"", ""segment_profile"": ""logarithmic"", ""shared_suffix"": ""0""}"
experiment-15,segments,sorted_order_strings_segments,Device=0 num_rows=2097152 shared_suffix=0 segment_profile=logarithmic,False,False,2,2.5614064097404476,0.351613090322388,72.36474514007568,"{""num_rows"": ""2097152"", ""segment_profile"": ""logarithmic"", ""shared_suffix"": ""0""}"
experiment-15,segments,sorted_order_strings_segments,Device=0 num_rows=32768 shared_suffix=64 segment_profile=logarithmic,False,False,2,0.9117488026618957,0.3902791968646348,1.1391592025756836,"{""num_rows"": ""32768"", ""segment_profile"": ""logarithmic"", ""shared_suffix"": ""64""}"
experiment-15,segments,sorted_order_strings_segments,Device=0 num_rows=2097152 shared_suffix=64 segment_profile=logarithmic,False,False,2,8.374873638153076,0.22430601048766224,72.36474514007568,"{""num_rows"": ""2097152"", ""segment_profile"": ""logarithmic"", ""shared_suffix"": ""64""}"
experiment-15,segments,sorted_order_strings_segments,Device=0 num_rows=32768 shared_suffix=0 segment_profile=tiny_plus_giant,False,False,2,0.2742496013641357,0.6007548189269752,1.1391592025756836,"{""num_rows"": ""32768"", ""segment_profile"": ""tiny_plus_giant"", ""shared_suffix"": ""0""}"
experiment-15,segments,sorted_order_strings_segments,Device=0 num_rows=2097152 shared_suffix=0 segment_profile=tiny_plus_giant,False,False,2,1.1402464032173159,0.27910113635469597,72.36474514007568,"{""num_rows"": ""2097152"", ""segment_profile"": ""tiny_plus_giant"", ""shared_suffix"": ""0""}"
experiment-15,segments,sorted_order_strings_segments,Device=0 num_rows=32768 shared_suffix=64 segment_profile=tiny_plus_giant,False,False,2,0.6821823984384539,0.542416177284179,1.1391592025756836,"{""num_rows"": ""32768"", ""segment_profile"": ""tiny_plus_giant"", ""shared_suffix"": ""64""}"
experiment-15,segments,sorted_order_strings_segments,Device=0 num_rows=2097152 shared_suffix=64 segment_profile=tiny_plus_giant,False,False,2,2.0476543903350826,0.194733324677619,72.36474514007568,"{""num_rows"": ""2097152"", ""segment_profile"": ""tiny_plus_giant"", ""shared_suffix"": ""64""}"
experiment-15,segments,sorted_order_strings_segments,Device=0 num_rows=32768 shared_suffix=0 segment_profile=hot90,False,False,2,0.3431695997714996,0.9255208081107953,1.1391592025756836,"{""num_rows"": ""32768"", ""segment_profile"": ""hot90"", ""shared_suffix"": ""0""}"
experiment-15,segments,sorted_order_strings_segments,Device=0 num_rows=2097152 shared_suffix=0 segment_profile=hot90,False,False,2,4.21279354095459,0.23480850400558922,72.36474514007568,"{""num_rows"": ""2097152"", ""segment_profile"": ""hot90"", ""shared_suffix"": ""0""}"
experiment-15,segments,sorted_order_strings_segments,Device=0 num_rows=32768 shared_suffix=64 segment_profile=hot90,False,False,2,0.7863311976194383,0.545170609695935,1.1391592025756836,"{""num_rows"": ""32768"", ""segment_profile"": ""hot90"", ""shared_suffix"": ""64""}"
experiment-15,segments,sorted_order_strings_segments,Device=0 num_rows=2097152 shared_suffix=64 segment_profile=hot90,False,False,2,4.957468795776367,0.4294718243623972,72.36474514007568,"{""num_rows"": ""2097152"", ""segment_profile"": ""hot90"", ""shared_suffix"": ""64""}"
experiment-15,segments,sorted_order_strings_segments,Device=0 num_rows=32768 shared_suffix=0 segment_profile=few_giants,False,False,2,0.22357920035719864,0.6747051969205801,1.1391592025756836,"{""num_rows"": ""32768"", ""segment_profile"": ""few_giants"", ""shared_suffix"": ""0""}"
experiment-15,segments,sorted_order_strings_segments,Device=0 num_rows=2097152 shared_suffix=0 segment_profile=few_giants,False,False,2,1.0030192166566847,0.3494513252800058,72.36474514007568,"{""num_rows"": ""2097152"", ""segment_profile"": ""few_giants"", ""shared_suffix"": ""0""}"
experiment-15,segments,sorted_order_strings_segments,Device=0 num_rows=32768 shared_suffix=64 segment_profile=few_giants,False,False,2,0.39324479848146443,0.9669897865606467,1.1391592025756836,"{""num_rows"": ""32768"", ""segment_profile"": ""few_giants"", ""shared_suffix"": ""64""}"
experiment-15,segments,sorted_order_strings_segments,Device=0 num_rows=2097152 shared_suffix=64 segment_profile=few_giants,False,False,2,3.0476767778396603,0.18824038699059178,72.36474514007568,"{""num_rows"": ""2097152"", ""segment_profile"": ""few_giants"", ""shared_suffix"": ""64""}"
experiment-15,segments,sorted_order_strings_segments,Device=0 num_rows=32768 shared_suffix=0 segment_profile=one_segment,False,False,2,0.32500480115413666,0.6688374997228795,1.1391592025756836,"{""num_rows"": ""32768"", ""segment_profile"": ""one_segment"", ""shared_suffix"": ""0""}"
experiment-15,segments,sorted_order_strings_segments,Device=0 num_rows=2097152 shared_suffix=0 segment_profile=one_segment,False,False,2,1.0414416015148162,0.3525625795725608,84.36576747894287,"{""num_rows"": ""2097152"", ""segment_profile"": ""one_segment"", ""shared_suffix"": ""0""}"
experiment-15,segments,sorted_order_strings_segments,Device=0 num_rows=32768 shared_suffix=64 segment_profile=one_segment,False,False,2,0.7312688022851944,1.766127763094619,1.1391592025756836,"{""num_rows"": ""32768"", ""segment_profile"": ""one_segment"", ""shared_suffix"": ""64""}"
experiment-15,segments,sorted_order_strings_segments,Device=0 num_rows=2097152 shared_suffix=64 segment_profile=one_segment,False,False,2,1.1663791954517364,0.33423022514149403,84.36576747894287,"{""num_rows"": ""2097152"", ""segment_profile"": ""one_segment"", ""shared_suffix"": ""64""}"
experiment-3,segments,sorted_order_strings_segments,Device=0 num_rows=32768 shared_suffix=0 segment_profile=singletons,False,False,2,0.1388768009841442,0.8520086506144781,1.1391592025756836,"{""num_rows"": ""32768"", ""segment_profile"": ""singletons"", ""shared_suffix"": ""0""}"
experiment-3,segments,sorted_order_strings_segments,Device=0 num_rows=2097152 shared_suffix=0 segment_profile=singletons,False,False,2,0.3549792006611824,0.5193254433534101,72.36474514007568,"{""num_rows"": ""2097152"", ""segment_profile"": ""singletons"", ""shared_suffix"": ""0""}"
experiment-3,segments,sorted_order_strings_segments,Device=0 num_rows=32768 shared_suffix=64 segment_profile=singletons,False,False,2,0.13887199983000753,1.279017682887238,1.1391592025756836,"{""num_rows"": ""32768"", ""segment_profile"": ""singletons"", ""shared_suffix"": ""64""}"
experiment-3,segments,sorted_order_strings_segments,Device=0 num_rows=2097152 shared_suffix=64 segment_profile=singletons,False,False,2,0.39252800196409227,1.1016671713945023,72.36474514007568,"{""num_rows"": ""2097152"", ""segment_profile"": ""singletons"", ""shared_suffix"": ""64""}"
experiment-3,segments,sorted_order_strings_segments,Device=0 num_rows=32768 shared_suffix=0 segment_profile=pairs,False,False,2,0.15583840087056158,1.966284336704042,1.1391592025756836,"{""num_rows"": ""32768"", ""segment_profile"": ""pairs"", ""shared_suffix"": ""0""}"
experiment-3,segments,sorted_order_strings_segments,Device=0 num_rows=2097152 shared_suffix=0 segment_profile=pairs,False,False,2,0.6479968011379241,0.9579094549646372,72.36474514007568,"{""num_rows"": ""2097152"", ""segment_profile"": ""pairs"", ""shared_suffix"": ""0""}"
experiment-3,segments,sorted_order_strings_segments,Device=0 num_rows=32768 shared_suffix=64 segment_profile=pairs,False,False,2,0.1614880010485649,2.2549859290016623,1.1391592025756836,"{""num_rows"": ""32768"", ""segment_profile"": ""pairs"", ""shared_suffix"": ""64""}"
experiment-3,segments,sorted_order_strings_segments,Device=0 num_rows=2097152 shared_suffix=64 segment_profile=pairs,False,False,2,0.8220367938280108,0.7867692814539673,72.36474514007568,"{""num_rows"": ""2097152"", ""segment_profile"": ""pairs"", ""shared_suffix"": ""64""}"
experiment-3,segments,sorted_order_strings_segments,Device=0 num_rows=32768 shared_suffix=0 segment_profile=tiny4,False,False,2,0.15594879910349851,1.3570113567579167,1.1391592025756836,"{""num_rows"": ""32768"", ""segment_profile"": ""tiny4"", ""shared_suffix"": ""0""}"
experiment-3,segments,sorted_order_strings_segments,Device=0 num_rows=2097152 shared_suffix=0 segment_profile=tiny4,False,False,2,0.5756735980510711,0.9368613451784842,72.36474514007568,"{""num_rows"": ""2097152"", ""segment_profile"": ""tiny4"", ""shared_suffix"": ""0""}"
experiment-3,segments,sorted_order_strings_segments,Device=0 num_rows=32768 shared_suffix=64 segment_profile=tiny4,False,False,2,0.1688927985727787,2.1058156880812495,1.1391592025756836,"{""num_rows"": ""32768"", ""segment_profile"": ""tiny4"", ""shared_suffix"": ""64""}"
experiment-3,segments,sorted_order_strings_segments,Device=0 num_rows=2097152 shared_suffix=64 segment_profile=tiny4,False,False,2,0.9106496036052705,0.3879275145235832,72.36474514007568,"{""num_rows"": ""2097152"", ""segment_profile"": ""tiny4"", ""shared_suffix"": ""64""}"
experiment-3,segments,sorted_order_strings_segments,Device=0 num_rows=32768 shared_suffix=0 segment_profile=tiny8,False,False,2,0.15861919894814494,0.6667985107083094,1.1391592025756836,"{""num_rows"": ""32768"", ""segment_profile"": ""tiny8"", ""shared_suffix"": ""0""}"
experiment-3,segments,sorted_order_strings_segments,Device=0 num_rows=2097152 shared_suffix=0 segment_profile=tiny8,False,False,2,0.5875312030315398,0.6718701773570315,72.36474514007568,"{""num_rows"": ""2097152"", ""segment_profile"": ""tiny8"", ""shared_suffix"": ""0""}"
experiment-3,segments,sorted_order_strings_segments,Device=0 num_rows=32768 shared_suffix=64 segment_profile=tiny8,False,False,2,0.17794720008969309,2.07363207877149,1.1391592025756836,"{""num_rows"": ""32768"", ""segment_profile"": ""tiny8"", ""shared_suffix"": ""64""}"
experiment-3,segments,sorted_order_strings_segments,Device=0 num_rows=2097152 shared_suffix=64 segment_profile=tiny8,False,False,2,1.3696143746376037,72.36083501017512,72.36474514007568,"{""num_rows"": ""2097152"", ""segment_profile"": ""tiny8"", ""shared_suffix"": ""64""}"
experiment-3,segments,sorted_order_strings_segments,Device=0 num_rows=32768 shared_suffix=0 segment_profile=tiny16,False,False,2,0.16312160193920136,2.577817796515305,1.1391592025756836,"{""num_rows"": ""32768"", ""segment_profile"": ""tiny16"", ""shared_suffix"": ""0""}"
experiment-3,segments,sorted_order_strings_segments,Device=0 num_rows=2097152 shared_suffix=0 segment_profile=tiny16,False,False,2,0.6222719937562944,0.5923609652511678,72.36474514007568,"{""num_rows"": ""2097152"", ""segment_profile"": ""tiny16"", ""shared_suffix"": ""0""}"
experiment-3,segments,sorted_order_strings_segments,Device=0 num_rows=32768 shared_suffix=64 segment_profile=tiny16,False,False,2,0.18420160040259362,0.9436075521118976,1.1391592025756836,"{""num_rows"": ""32768"", ""segment_profile"": ""tiny16"", ""shared_suffix"": ""64""}"
experiment-3,segments,sorted_order_strings_segments,Device=0 num_rows=2097152 shared_suffix=64 segment_profile=tiny16,False,False,2,1.3661567986011507,0.2601533376467846,72.36474514007568,"{""num_rows"": ""2097152"", ""segment_profile"": ""tiny16"", ""shared_suffix"": ""64""}"
experiment-3,segments,sorted_order_strings_segments,Device=0 num_rows=32768 shared_suffix=0 segment_profile=tiny32,False,False,2,0.16252480000257488,0.46863695616183,1.1391592025756836,"{""num_rows"": ""32768"", ""segment_profile"": ""tiny32"", ""shared_suffix"": ""0""}"
experiment-3,segments,sorted_order_strings_segments,Device=0 num_rows=2097152 shared_suffix=0 segment_profile=tiny32,False,False,2,0.6740336030721663,0.434116052935612,72.36474514007568,"{""num_rows"": ""2097152"", ""segment_profile"": ""tiny32"", ""shared_suffix"": ""0""}"
experiment-3,segments,sorted_order_strings_segments,Device=0 num_rows=32768 shared_suffix=64 segment_profile=tiny32,False,False,2,0.19401279911398892,1.3199552176447942,1.1391592025756836,"{""num_rows"": ""32768"", ""segment_profile"": ""tiny32"", ""shared_suffix"": ""64""}"
experiment-3,segments,sorted_order_strings_segments,Device=0 num_rows=2097152 shared_suffix=64 segment_profile=tiny32,False,False,2,1.655678391456604,0.3312641343399667,72.36474514007568,"{""num_rows"": ""2097152"", ""segment_profile"": ""tiny32"", ""shared_suffix"": ""64""}"
experiment-3,segments,sorted_order_strings_segments,Device=0 num_rows=32768 shared_suffix=0 segment_profile=block256,False,False,2,0.17368159964680674,1.486640071182847,1.1391592025756836,"{""num_rows"": ""32768"", ""segment_profile"": ""block256"", ""shared_suffix"": ""0""}"
experiment-3,segments,sorted_order_strings_segments,Device=0 num_rows=2097152 shared_suffix=0 segment_profile=block256,False,False,2,1.1209728002548216,0.32901809913498997,72.36474514007568,"{""num_rows"": ""2097152"", ""segment_profile"": ""block256"", ""shared_suffix"": ""0""}"
experiment-3,segments,sorted_order_strings_segments,Device=0 num_rows=32768 shared_suffix=64 segment_profile=block256,False,False,2,0.2370624013245106,0.5618519616510238,1.1391592025756836,"{""num_rows"": ""32768"", ""segment_profile"": ""block256"", ""shared_suffix"": ""64""}"
experiment-3,segments,sorted_order_strings_segments,Device=0 num_rows=2097152 shared_suffix=64 segment_profile=block256,False,False,2,3.2108223676681513,0.23259504329326283,72.36474514007568,"{""num_rows"": ""2097152"", ""segment_profile"": ""block256"", ""shared_suffix"": ""64""}"
experiment-3,segments,sorted_order_strings_segments,Device=0 num_rows=32768 shared_suffix=0 segment_profile=logarithmic,False,False,2,0.3539215996861458,0.993512255203395,1.1391592025756836,"{""num_rows"": ""32768"", ""segment_profile"": ""logarithmic"", ""shared_suffix"": ""0""}"
experiment-3,segments,sorted_order_strings_segments,Device=0 num_rows=2097152 shared_suffix=0 segment_profile=logarithmic,False,False,2,2.5609552264213566,0.2264480753259639,72.36474514007568,"{""num_rows"": ""2097152"", ""segment_profile"": ""logarithmic"", ""shared_suffix"": ""0""}"
experiment-3,segments,sorted_order_strings_segments,Device=0 num_rows=32768 shared_suffix=64 segment_profile=logarithmic,False,False,2,0.910745593905449,0.38948351130547515,1.1391592025756836,"{""num_rows"": ""32768"", ""segment_profile"": ""logarithmic"", ""shared_suffix"": ""64""}"
experiment-3,segments,sorted_order_strings_segments,Device=0 num_rows=2097152 shared_suffix=64 segment_profile=logarithmic,False,False,2,8.38081440925598,0.20648016223062388,72.36474514007568,"{""num_rows"": ""2097152"", ""segment_profile"": ""logarithmic"", ""shared_suffix"": ""64""}"
experiment-3,segments,sorted_order_strings_segments,Device=0 num_rows=32768 shared_suffix=0 segment_profile=tiny_plus_giant,False,False,2,0.27417440116405484,1.3144194990748255,1.1391592025756836,"{""num_rows"": ""32768"", ""segment_profile"": ""tiny_plus_giant"", ""shared_suffix"": ""0""}"
experiment-3,segments,sorted_order_strings_segments,Device=0 num_rows=2097152 shared_suffix=0 segment_profile=tiny_plus_giant,False,False,2,1.075540781021118,0.4794964020881391,72.36474514007568,"{""num_rows"": ""2097152"", ""segment_profile"": ""tiny_plus_giant"", ""shared_suffix"": ""0""}"
experiment-3,segments,sorted_order_strings_segments,Device=0 num_rows=32768 shared_suffix=64 segment_profile=tiny_plus_giant,False,False,2,0.6828735977411272,0.5217299769159904,1.1391592025756836,"{""num_rows"": ""32768"", ""segment_profile"": ""tiny_plus_giant"", ""shared_suffix"": ""64""}"
experiment-3,segments,sorted_order_strings_segments,Device=0 num_rows=2097152 shared_suffix=64 segment_profile=tiny_plus_giant,False,False,2,3.197321581840514,0.23091878123864626,72.36474514007568,"{""num_rows"": ""2097152"", ""segment_profile"": ""tiny_plus_giant"", ""shared_suffix"": ""64""}"
experiment-3,segments,sorted_order_strings_segments,Device=0 num_rows=32768 shared_suffix=0 segment_profile=hot90,False,False,2,0.3434239953756332,0.6277064571318227,1.1391592025756836,"{""num_rows"": ""32768"", ""segment_profile"": ""hot90"", ""shared_suffix"": ""0""}"
experiment-3,segments,sorted_order_strings_segments,Device=0 num_rows=2097152 shared_suffix=0 segment_profile=hot90,False,False,2,3.7178799867630006,0.202964381704657,72.36474514007568,"{""num_rows"": ""2097152"", ""segment_profile"": ""hot90"", ""shared_suffix"": ""0""}"
experiment-3,segments,sorted_order_strings_segments,Device=0 num_rows=32768 shared_suffix=64 segment_profile=hot90,False,False,2,0.7830895990133285,0.41786770053852734,1.1391592025756836,"{""num_rows"": ""32768"", ""segment_profile"": ""hot90"", ""shared_suffix"": ""64""}"
experiment-3,segments,sorted_order_strings_segments,Device=0 num_rows=2097152 shared_suffix=64 segment_profile=hot90,False,False,2,13.233414363861085,0.333609818804177,72.36474514007568,"{""num_rows"": ""2097152"", ""segment_profile"": ""hot90"", ""shared_suffix"": ""64""}"
experiment-3,segments,sorted_order_strings_segments,Device=0 num_rows=32768 shared_suffix=0 segment_profile=few_giants,False,False,2,0.22379839941859248,0.5540172480684512,1.1391592025756836,"{""num_rows"": ""32768"", ""segment_profile"": ""few_giants"", ""shared_suffix"": ""0""}"
experiment-3,segments,sorted_order_strings_segments,Device=0 num_rows=2097152 shared_suffix=0 segment_profile=few_giants,False,False,2,1.0010576009750365,0.417017046704408,72.36474514007568,"{""num_rows"": ""2097152"", ""segment_profile"": ""few_giants"", ""shared_suffix"": ""0""}"
experiment-3,segments,sorted_order_strings_segments,Device=0 num_rows=32768 shared_suffix=64 segment_profile=few_giants,False,False,2,0.39628959894180293,0.8984779522564873,1.1391592025756836,"{""num_rows"": ""32768"", ""segment_profile"": ""few_giants"", ""shared_suffix"": ""64""}"
experiment-3,segments,sorted_order_strings_segments,Device=0 num_rows=2097152 shared_suffix=64 segment_profile=few_giants,False,False,2,3.0483968257904053,0.23677244641727027,72.36474514007568,"{""num_rows"": ""2097152"", ""segment_profile"": ""few_giants"", ""shared_suffix"": ""64""}"
experiment-3,segments,sorted_order_strings_segments,Device=0 num_rows=32768 shared_suffix=0 segment_profile=one_segment,False,False,2,0.3245792001485825,0.448357675376621,1.1391592025756836,"{""num_rows"": ""32768"", ""segment_profile"": ""one_segment"", ""shared_suffix"": ""0""}"
experiment-3,segments,sorted_order_strings_segments,Device=0 num_rows=2097152 shared_suffix=0 segment_profile=one_segment,False,False,2,3.873876786231995,0.313947515598561,72.36474514007568,"{""num_rows"": ""2097152"", ""segment_profile"": ""one_segment"", ""shared_suffix"": ""0""}"
experiment-3,segments,sorted_order_strings_segments,Device=0 num_rows=32768 shared_suffix=64 segment_profile=one_segment,False,False,2,0.7296160042285919,0.8284038311710438,1.1391592025756836,"{""num_rows"": ""32768"", ""segment_profile"": ""one_segment"", ""shared_suffix"": ""64""}"
experiment-3,segments,sorted_order_strings_segments,Device=0 num_rows=2097152 shared_suffix=64 segment_profile=one_segment,False,False,2,13.636363172531127,0.809965030360133,72.36474514007568,"{""num_rows"": ""2097152"", ""segment_profile"": ""one_segment"", ""shared_suffix"": ""64""}"
experiment-31,pr-diagnostics,sorted_order_strings_segmented_diagnostics,Device=0 num_rows=262144 profile=finish_257,False,False,1,0.21230239942669868,0.8043948416602738,9.053221702575684,"{""num_rows"": ""262144"", ""profile"": ""finish_257""}"
experiment-31,pr-diagnostics,sorted_order_strings_segmented_diagnostics,Device=0 num_rows=2097152 profile=finish_257,False,False,1,0.41031680256128317,0.5393912897524769,72.36474514007568,"{""num_rows"": ""2097152"", ""profile"": ""finish_257""}"
experiment-31,pr-diagnostics,sorted_order_strings_segmented_diagnostics,Device=0 num_rows=262144 profile=finish_1024,False,False,1,0.23755199983716008,0.8858566554371606,9.053221702575684,"{""num_rows"": ""262144"", ""profile"": ""finish_1024""}"
experiment-31,pr-diagnostics,sorted_order_strings_segmented_diagnostics,Device=0 num_rows=2097152 profile=finish_1024,False,False,1,0.4338815972208977,0.7702911581098492,72.36474514007568,"{""num_rows"": ""2097152"", ""profile"": ""finish_1024""}"
experiment-31,pr-diagnostics,sorted_order_strings_segmented_diagnostics,Device=0 num_rows=262144 profile=finish_4096,False,False,1,0.275283196568489,0.239312640080997,9.053221702575684,"{""num_rows"": ""262144"", ""profile"": ""finish_4096""}"
experiment-31,pr-diagnostics,sorted_order_strings_segmented_diagnostics,Device=0 num_rows=2097152 profile=finish_4096,False,False,1,0.47600319683551784,0.5518125544901122,72.36474514007568,"{""num_rows"": ""2097152"", ""profile"": ""finish_4096""}"
experiment-31,pr-diagnostics,sorted_order_strings_segmented_diagnostics,Device=0 num_rows=262144 profile=active_50,False,False,1,0.3696207970380784,0.9997496315761346,9.053221702575684,"{""num_rows"": ""262144"", ""profile"": ""active_50""}"
experiment-31,pr-diagnostics,sorted_order_strings_segmented_diagnostics,Device=0 num_rows=2097152 profile=active_50,False,False,1,1.0789423882961273,0.4364056610274244,72.36474514007568,"{""num_rows"": ""2097152"", ""profile"": ""active_50""}"
experiment-31,pr-diagnostics,sorted_order_strings_segmented_diagnostics,Device=0 num_rows=262144 profile=active_10,False,False,1,0.3119503989815712,0.6828017055752784,9.053221702575684,"{""num_rows"": ""262144"", ""profile"": ""active_10""}"
experiment-31,pr-diagnostics,sorted_order_strings_segmented_diagnostics,Device=0 num_rows=2097152 profile=active_10,False,False,1,0.6093807965517044,11.1444617419909,72.36474514007568,"{""num_rows"": ""2097152"", ""profile"": ""active_10""}"
experiment-31,pr-diagnostics,sorted_order_strings_segmented_diagnostics,Device=0 num_rows=262144 profile=active_1,False,False,1,0.2350383996963501,1.9387749286480331,9.053221702575684,"{""num_rows"": ""262144"", ""profile"": ""active_1""}"
experiment-31,pr-diagnostics,sorted_order_strings_segmented_diagnostics,Device=0 num_rows=2097152 profile=active_1,False,False,1,0.5071135997772216,0.42709339013247866,72.36474514007568,"{""num_rows"": ""2097152"", ""profile"": ""active_1""}"
experiment-31,pr-diagnostics,sorted_order_strings_segmented_diagnostics,Device=0 num_rows=262144 profile=active_0_1,False,False,1,0.1924543999135494,0.4277274468327404,9.053221702575684,"{""num_rows"": ""262144"", ""profile"": ""active_0_1""}"
experiment-31,pr-diagnostics,sorted_order_strings_segmented_diagnostics,Device=0 num_rows=2097152 profile=active_0_1,False,False,1,0.4158976003527641,1.1734461692061295,72.36474514007568,"{""num_rows"": ""2097152"", ""profile"": ""active_0_1""}"
experiment-31,pr-diagnostics,sorted_order_strings_segmented_diagnostics,Device=0 num_rows=262144 profile=duplicates_6,False,False,1,0.23073440119624133,1.9064402717783484,9.053221702575684,"{""num_rows"": ""262144"", ""profile"": ""duplicates_6""}"
experiment-31,pr-diagnostics,sorted_order_strings_segmented_diagnostics,Device=0 num_rows=2097152 profile=duplicates_6,False,False,1,0.6713711977005006,0.8713239475192548,72.36474514007568,"{""num_rows"": ""2097152"", ""profile"": ""duplicates_6""}"
experiment-31,pr-diagnostics,sorted_order_strings_segmented_diagnostics,Device=0 num_rows=262144 profile=duplicates_8,False,False,1,0.23054080009460456,1.9052906704297685,9.053221702575684,"{""num_rows"": ""262144"", ""profile"": ""duplicates_8""}"
experiment-31,pr-diagnostics,sorted_order_strings_segmented_diagnostics,Device=0 num_rows=2097152 profile=duplicates_8,False,False,1,0.6745855957269667,1.1346396905938834,72.36474514007568,"{""num_rows"": ""2097152"", ""profile"": ""duplicates_8""}"
experiment-31,pr-diagnostics,sorted_order_strings_segmented_diagnostics,Device=0 num_rows=262144 profile=duplicates_12,False,False,1,0.3474096000194549,1.0872030674499478,9.053221702575684,"{""num_rows"": ""262144"", ""profile"": ""duplicates_12""}"
experiment-31,pr-diagnostics,sorted_order_strings_segmented_diagnostics,Device=0 num_rows=2097152 profile=duplicates_12,False,False,1,0.7279487967491148,1.7239200325804778,72.36474514007568,"{""num_rows"": ""2097152"", ""profile"": ""duplicates_12""}"
experiment-31,pr-diagnostics,sorted_order_strings_segmented_diagnostics,Device=0 num_rows=262144 profile=duplicates_16,False,False,1,0.29552799910306926,1.1807158807274347,9.053221702575684,"{""num_rows"": ""262144"", ""profile"": ""duplicates_16""}"
experiment-31,pr-diagnostics,sorted_order_strings_segmented_diagnostics,Device=0 num_rows=2097152 profile=duplicates_16,False,False,1,0.7199503988027572,1.6777880206157891,72.36474514007568,"{""num_rows"": ""2097152"", ""profile"": ""duplicates_16""}"
experiment-31,pr-diagnostics,sorted_order_strings_segmented_diagnostics,Device=0 num_rows=262144 profile=duplicates_24,False,False,1,0.35802879929542547,0.4203968565794046,9.053221702575684,"{""num_rows"": ""262144"", ""profile"": ""duplicates_24""}"
experiment-31,pr-diagnostics,sorted_order_strings_segmented_diagnostics,Device=0 num_rows=2097152 profile=duplicates_24,False,False,1,0.7430752009153364,0.7603883203736452,72.36474514007568,"{""num_rows"": ""2097152"", ""profile"": ""duplicates_24""}"
experiment-31,pr-diagnostics,sorted_order_strings_segmented_diagnostics,Device=0 num_rows=262144 profile=duplicates_32,False,False,1,0.3997056007385254,0.34790961308634344,9.053221702575684,"{""num_rows"": ""262144"", ""profile"": ""duplicates_32""}"
experiment-31,pr-diagnostics,sorted_order_strings_segmented_diagnostics,Device=0 num_rows=2097152 profile=duplicates_32,False,False,1,0.7564095973968505,1.0948825912513465,72.36474514007568,"{""num_rows"": ""2097152"", ""profile"": ""duplicates_32""}"
experiment-31,pr-diagnostics,sorted_order_strings_segmented_diagnostics,Device=0 num_rows=262144 profile=rle_misaligned,False,False,1,0.4681344002485274,1.256152044583193,9.053221702575684,"{""num_rows"": ""262144"", ""profile"": ""rle_misaligned""}"
experiment-31,pr-diagnostics,sorted_order_strings_segmented_diagnostics,Device=0 num_rows=2097152 profile=rle_misaligned,False,False,1,2.693278408050537,0.17709786081720183,72.36474514007568,"{""num_rows"": ""2097152"", ""profile"": ""rle_misaligned""}"
baseline,stable-warps-0,sorted_order_strings_segments,Device=0 num_rows=32768 shared_suffix=0 segment_profile=pairs,True,False,1,0.15376479923725128,2.587597582566305,1.1391592025756836,"{""num_rows"": ""32768"", ""segment_profile"": ""pairs"", ""shared_suffix"": ""0""}"
baseline,stable-warps-0,sorted_order_strings_segments,Device=0 num_rows=2097152 shared_suffix=0 segment_profile=pairs,True,False,1,0.6546895980834962,1.1386397402794037,72.36474514007568,"{""num_rows"": ""2097152"", ""segment_profile"": ""pairs"", ""shared_suffix"": ""0""}"
baseline,stable-warps-0,sorted_order_strings_segments,Device=0 num_rows=32768 shared_suffix=64 segment_profile=pairs,True,False,1,0.15911039933562285,2.050083583366691,1.1391592025756836,"{""num_rows"": ""32768"", ""segment_profile"": ""pairs"", ""shared_suffix"": ""64""}"
baseline,stable-warps-0,sorted_order_strings_segments,Device=0 num_rows=2097152 shared_suffix=64 segment_profile=pairs,True,False,1,0.8590816020965576,0.8792467083971053,72.36474514007568,"{""num_rows"": ""2097152"", ""segment_profile"": ""pairs"", ""shared_suffix"": ""64""}"
baseline,stable-warps-0,sorted_order_strings_segments,Device=0 num_rows=32768 shared_suffix=0 segment_profile=tiny4,True,False,1,0.15658399909734727,0.8885703737155246,1.1391592025756836,"{""num_rows"": ""32768"", ""segment_profile"": ""tiny4"", ""shared_suffix"": ""0""}"
baseline,stable-warps-0,sorted_order_strings_segments,Device=0 num_rows=2097152 shared_suffix=0 segment_profile=tiny4,True,False,1,0.6216176003217696,0.8816525444377024,72.36474514007568,"{""num_rows"": ""2097152"", ""segment_profile"": ""tiny4"", ""shared_suffix"": ""0""}"
baseline,stable-warps-0,sorted_order_strings_segments,Device=0 num_rows=32768 shared_suffix=64 segment_profile=tiny4,True,False,1,0.17276320010423662,1.2134441964280822,1.1391592025756836,"{""num_rows"": ""32768"", ""segment_profile"": ""tiny4"", ""shared_suffix"": ""64""}"
baseline,stable-warps-0,sorted_order_strings_segments,Device=0 num_rows=2097152 shared_suffix=64 segment_profile=tiny4,True,False,1,1.0623359918594364,0.4184956191243076,72.36474514007568,"{""num_rows"": ""2097152"", ""segment_profile"": ""tiny4"", ""shared_suffix"": ""64""}"
baseline,stable-warps-0,sorted_order_strings_segments,Device=0 num_rows=32768 shared_suffix=0 segment_profile=tiny8,True,False,1,0.16706239953637123,2.310340446111924,1.1391592025756836,"{""num_rows"": ""32768"", ""segment_profile"": ""tiny8"", ""shared_suffix"": ""0""}"
baseline,stable-warps-0,sorted_order_strings_segments,Device=0 num_rows=2097152 shared_suffix=0 segment_profile=tiny8,True,False,1,0.707238408923149,0.6271548180704173,72.36474514007568,"{""num_rows"": ""2097152"", ""segment_profile"": ""tiny8"", ""shared_suffix"": ""0""}"
baseline,stable-warps-0,sorted_order_strings_segments,Device=0 num_rows=32768 shared_suffix=64 segment_profile=tiny8,True,False,1,0.19040479883551603,0.7589477384318617,1.1391592025756836,"{""num_rows"": ""32768"", ""segment_profile"": ""tiny8"", ""shared_suffix"": ""64""}"
baseline,stable-warps-0,sorted_order_strings_segments,Device=0 num_rows=2097152 shared_suffix=64 segment_profile=tiny8,True,False,1,1.5036303997039795,0.3054456775786976,72.36474514007568,"{""num_rows"": ""2097152"", ""segment_profile"": ""tiny8"", ""shared_suffix"": ""64""}"
baseline,stable-warps-0,sorted_order_strings_segments,Device=0 num_rows=32768 shared_suffix=0 segment_profile=tiny16,True,False,1,0.17319199964404108,2.9940139719355536,1.1391592025756836,"{""num_rows"": ""32768"", ""segment_profile"": ""tiny16"", ""shared_suffix"": ""0""}"
baseline,stable-warps-0,sorted_order_strings_segments,Device=0 num_rows=2097152 shared_suffix=0 segment_profile=tiny16,True,False,1,0.8029279947280885,0.4691087745957732,72.36474514007568,"{""num_rows"": ""2097152"", ""segment_profile"": ""tiny16"", ""shared_suffix"": ""0""}"
baseline,stable-warps-0,sorted_order_strings_segments,Device=0 num_rows=32768 shared_suffix=64 segment_profile=tiny16,True,False,1,0.20557919964194302,1.065069679508476,1.1391592025756836,"{""num_rows"": ""32768"", ""segment_profile"": ""tiny16"", ""shared_suffix"": ""64""}"
baseline,stable-warps-0,sorted_order_strings_segments,Device=0 num_rows=2097152 shared_suffix=64 segment_profile=tiny16,True,False,1,1.9860016167163852,0.24791011461618517,72.36474514007568,"{""num_rows"": ""2097152"", ""segment_profile"": ""tiny16"", ""shared_suffix"": ""64""}"
baseline,stable-warps-0,sorted_order_strings_segments,Device=0 num_rows=32768 shared_suffix=0 segment_profile=tiny32,True,False,1,0.17339520081877707,2.2278482840597453,1.1391592025756836,"{""num_rows"": ""32768"", ""segment_profile"": ""tiny32"", ""shared_suffix"": ""0""}"
baseline,stable-warps-0,sorted_order_strings_segments,Device=0 num_rows=2097152 shared_suffix=0 segment_profile=tiny32,True,False,1,0.9312848031520843,0.38479073314665635,72.36474514007568,"{""num_rows"": ""2097152"", ""segment_profile"": ""tiny32"", ""shared_suffix"": ""0""}"
baseline,stable-warps-0,sorted_order_strings_segments,Device=0 num_rows=32768 shared_suffix=64 segment_profile=tiny32,True,False,1,0.22382399961352348,1.8705316697185392,1.1391592025756836,"{""num_rows"": ""32768"", ""segment_profile"": ""tiny32"", ""shared_suffix"": ""64""}"
baseline,stable-warps-0,sorted_order_strings_segments,Device=0 num_rows=2097152 shared_suffix=64 segment_profile=tiny32,True,False,1,2.532468795776367,1.317370928935671,72.36474514007568,"{""num_rows"": ""2097152"", ""segment_profile"": ""tiny32"", ""shared_suffix"": ""64""}"
baseline,pr-diagnostics,sorted_order_strings_segmented_diagnostics,Device=0 num_rows=262144 profile=finish_257,False,False,1,0.21502400040626524,0.5179546722545867,9.053221702575684,"{""num_rows"": ""262144"", ""profile"": ""finish_257""}"
baseline,pr-diagnostics,sorted_order_strings_segmented_diagnostics,Device=0 num_rows=2097152 profile=finish_257,False,False,1,0.41674239784479145,0.7415009526106595,72.36474514007568,"{""num_rows"": ""2097152"", ""profile"": ""finish_257""}"
baseline,pr-diagnostics,sorted_order_strings_segmented_diagnostics,Device=0 num_rows=262144 profile=finish_1024,False,False,1,0.24049600139260288,0.589304606435614,9.053221702575684,"{""num_rows"": ""262144"", ""profile"": ""finish_1024""}"
baseline,pr-diagnostics,sorted_order_strings_segmented_diagnostics,Device=0 num_rows=2097152 profile=finish_1024,False,False,1,0.4409775972366332,0.5916710682687456,72.36474514007568,"{""num_rows"": ""2097152"", ""profile"": ""finish_1024""}"
baseline,pr-diagnostics,sorted_order_strings_segmented_diagnostics,Device=0 num_rows=262144 profile=finish_4096,False,False,1,0.2813056007027625,1.1841809146552125,9.053221702575684,"{""num_rows"": ""262144"", ""profile"": ""finish_4096""}"
baseline,pr-diagnostics,sorted_order_strings_segmented_diagnostics,Device=0 num_rows=2097152 profile=finish_4096,False,False,1,0.4851167976856231,0.7857130288023514,72.36474514007568,"{""num_rows"": ""2097152"", ""profile"": ""finish_4096""}"
baseline,pr-diagnostics,sorted_order_strings_segmented_diagnostics,Device=0 num_rows=262144 profile=active_50,False,False,1,0.3374960005283355,0.3854979283408152,9.053221702575684,"{""num_rows"": ""262144"", ""profile"": ""active_50""}"
baseline,pr-diagnostics,sorted_order_strings_segmented_diagnostics,Device=0 num_rows=2097152 profile=active_50,False,False,1,0.8909439921379089,2.271826358869581,72.36474514007568,"{""num_rows"": ""2097152"", ""profile"": ""active_50""}"
baseline,pr-diagnostics,sorted_order_strings_segmented_diagnostics,Device=0 num_rows=262144 profile=active_10,False,False,1,0.297310397028923,0.38330366223473705,9.053221702575684,"{""num_rows"": ""262144"", ""profile"": ""active_10""}"
baseline,pr-diagnostics,sorted_order_strings_segmented_diagnostics,Device=0 num_rows=2097152 profile=active_10,False,False,1,0.546995198726654,0.6622516405062381,72.36474514007568,"{""num_rows"": ""2097152"", ""profile"": ""active_10""}"
baseline,pr-diagnostics,sorted_order_strings_segmented_diagnostics,Device=0 num_rows=262144 profile=active_1,False,False,1,0.2385919988155365,0.49598716440128987,9.053221702575684,"{""num_rows"": ""262144"", ""profile"": ""active_1""}"
baseline,pr-diagnostics,sorted_order_strings_segmented_diagnostics,Device=0 num_rows=2097152 profile=active_1,False,False,1,0.495081602036953,0.7032922369576728,72.36474514007568,"{""num_rows"": ""2097152"", ""profile"": ""active_1""}"
baseline,pr-diagnostics,sorted_order_strings_segmented_diagnostics,Device=0 num_rows=262144 profile=active_0_1,False,False,1,0.19576959982514383,0.6632174712806608,9.053221702575684,"{""num_rows"": ""262144"", ""profile"": ""active_0_1""}"
baseline,pr-diagnostics,sorted_order_strings_segmented_diagnostics,Device=0 num_rows=2097152 profile=active_0_1,False,False,1,0.42326559424400323,0.8101780058917617,72.36474514007568,"{""num_rows"": ""2097152"", ""profile"": ""active_0_1""}"
baseline,pr-diagnostics,sorted_order_strings_segmented_diagnostics,Device=0 num_rows=262144 profile=duplicates_6,False,False,1,0.2371616013348102,0.7276050147277643,9.053221702575684,"{""num_rows"": ""262144"", ""profile"": ""duplicates_6""}"
baseline,pr-diagnostics,sorted_order_strings_segmented_diagnostics,Device=0 num_rows=2097152 profile=duplicates_6,False,False,1,0.9884160041809082,0.2700881019117515,72.36474514007568,"{""num_rows"": ""2097152"", ""profile"": ""duplicates_6""}"
baseline,pr-diagnostics,sorted_order_strings_segmented_diagnostics,Device=0 num_rows=262144 profile=duplicates_8,False,False,1,0.23751839920878415,1.2704314763355504,9.053221702575684,"{""num_rows"": ""262144"", ""profile"": ""duplicates_8""}"
baseline,pr-diagnostics,sorted_order_strings_segmented_diagnostics,Device=0 num_rows=2097152 profile=duplicates_8,False,False,1,0.9868208020925523,0.31031365470226957,72.36474514007568,"{""num_rows"": ""2097152"", ""profile"": ""duplicates_8""}"
baseline,pr-diagnostics,sorted_order_strings_segmented_diagnostics,Device=0 num_rows=262144 profile=duplicates_12,False,False,1,0.352420799434185,0.4545971257696958,9.053221702575684,"{""num_rows"": ""262144"", ""profile"": ""duplicates_12""}"
baseline,pr-diagnostics,sorted_order_strings_segmented_diagnostics,Device=0 num_rows=2097152 profile=duplicates_12,False,False,1,2.0618336081504824,0.6121263520259539,72.36474514007568,"{""num_rows"": ""2097152"", ""profile"": ""duplicates_12""}"
baseline,pr-diagnostics,sorted_order_strings_segmented_diagnostics,Device=0 num_rows=262144 profile=duplicates_16,False,False,1,0.30367040038108833,0.6669742874232716,9.053221702575684,"{""num_rows"": ""262144"", ""profile"": ""duplicates_16""}"
baseline,pr-diagnostics,sorted_order_strings_segmented_diagnostics,Device=0 num_rows=2097152 profile=duplicates_16,False,False,1,1.6063311874866486,0.23057095548251377,72.36474514007568,"{""num_rows"": ""2097152"", ""profile"": ""duplicates_16""}"
baseline,pr-diagnostics,sorted_order_strings_segmented_diagnostics,Device=0 num_rows=262144 profile=duplicates_24,False,False,1,0.3644751995801925,0.6122625251662868,9.053221702575684,"{""num_rows"": ""262144"", ""profile"": ""duplicates_24""}"
baseline,pr-diagnostics,sorted_order_strings_segmented_diagnostics,Device=0 num_rows=2097152 profile=duplicates_24,False,False,1,2.0729183793067936,0.207381792778527,72.36474514007568,"{""num_rows"": ""2097152"", ""profile"": ""duplicates_24""}"
baseline,pr-diagnostics,sorted_order_strings_segmented_diagnostics,Device=0 num_rows=262144 profile=duplicates_32,False,False,1,0.40526239722967156,0.49958124260505193,9.053221702575684,"{""num_rows"": ""262144"", ""profile"": ""duplicates_32""}"
baseline,pr-diagnostics,sorted_order_strings_segmented_diagnostics,Device=0 num_rows=2097152 profile=duplicates_32,False,False,1,2.512632012367248,0.22993716173863066,72.36474514007568,"{""num_rows"": ""2097152"", ""profile"": ""duplicates_32""}"
baseline,pr-diagnostics,sorted_order_strings_segmented_diagnostics,Device=0 num_rows=262144 profile=rle_misaligned,False,False,1,0.6247759997844695,1.5637182775756944,9.053221702575684,"{""num_rows"": ""262144"", ""profile"": ""rle_misaligned""}"
baseline,pr-diagnostics,sorted_order_strings_segmented_diagnostics,Device=0 num_rows=2097152 profile=rle_misaligned,False,False,1,3.8515343904495247,0.23623518236309352,72.36474514007568,"{""num_rows"": ""2097152"", ""profile"": ""rle_misaligned""}"
experiment-31,stable-warps-1,sorted_order_strings_segments,Device=0 num_rows=32768 shared_suffix=0 segment_profile=pairs,True,True,0,0.15643839836120604,1.0330528980888287,1.1391592025756836,"{""num_rows"": ""32768"", ""segment_profile"": ""pairs"", ""shared_suffix"": ""0""}"
experiment-31,stable-warps-1,sorted_order_strings_segments,Device=0 num_rows=2097152 shared_suffix=0 segment_profile=pairs,True,True,0,0.6432943999767303,1.3080784745057357,72.36474514007568,"{""num_rows"": ""2097152"", ""segment_profile"": ""pairs"", ""shared_suffix"": ""0""}"
experiment-31,stable-warps-1,sorted_order_strings_segments,Device=0 num_rows=32768 shared_suffix=64 segment_profile=pairs,True,True,0,0.1597103990614414,0.6401530662017396,1.1391592025756836,"{""num_rows"": ""32768"", ""segment_profile"": ""pairs"", ""shared_suffix"": ""64""}"
experiment-31,stable-warps-1,sorted_order_strings_segments,Device=0 num_rows=2097152 shared_suffix=64 segment_profile=pairs,True,True,0,0.8147727996110916,0.7770404820513497,72.36474514007568,"{""num_rows"": ""2097152"", ""segment_profile"": ""pairs"", ""shared_suffix"": ""64""}"
experiment-31,stable-warps-1,sorted_order_strings_segments,Device=0 num_rows=32768 shared_suffix=0 segment_profile=tiny4,True,True,0,0.1561424009501934,2.0806732815507734,1.1391592025756836,"{""num_rows"": ""32768"", ""segment_profile"": ""tiny4"", ""shared_suffix"": ""0""}"
experiment-31,stable-warps-1,sorted_order_strings_segments,Device=0 num_rows=2097152 shared_suffix=0 segment_profile=tiny4,True,True,0,0.5685024023056029,0.9825900359529879,72.36474514007568,"{""num_rows"": ""2097152"", ""segment_profile"": ""tiny4"", ""shared_suffix"": ""0""}"
experiment-31,stable-warps-1,sorted_order_strings_segments,Device=0 num_rows=32768 shared_suffix=64 segment_profile=tiny4,True,True,0,0.1693663977086544,11.28518124248585,1.1391592025756836,"{""num_rows"": ""32768"", ""segment_profile"": ""tiny4"", ""shared_suffix"": ""64""}"
experiment-31,stable-warps-1,sorted_order_strings_segments,Device=0 num_rows=2097152 shared_suffix=64 segment_profile=tiny4,True,True,0,0.9024064064025878,0.5611363693907626,72.36474514007568,"{""num_rows"": ""2097152"", ""segment_profile"": ""tiny4"", ""shared_suffix"": ""64""}"
experiment-31,stable-warps-1,sorted_order_strings_segments,Device=0 num_rows=32768 shared_suffix=0 segment_profile=tiny8,True,True,0,0.15680160149931907,1.0232821405965942,1.1391592025756836,"{""num_rows"": ""32768"", ""segment_profile"": ""tiny8"", ""shared_suffix"": ""0""}"
experiment-31,stable-warps-1,sorted_order_strings_segments,Device=0 num_rows=2097152 shared_suffix=0 segment_profile=tiny8,True,True,0,0.5764896035194397,0.8719647329620881,72.36474514007568,"{""num_rows"": ""2097152"", ""segment_profile"": ""tiny8"", ""shared_suffix"": ""0""}"
experiment-31,stable-warps-1,sorted_order_strings_segments,Device=0 num_rows=32768 shared_suffix=64 segment_profile=tiny8,True,True,0,0.17428480088710788,0.7487480504011137,1.1391592025756836,"{""num_rows"": ""32768"", ""segment_profile"": ""tiny8"", ""shared_suffix"": ""64""}"
experiment-31,stable-warps-1,sorted_order_strings_segments,Device=0 num_rows=2097152 shared_suffix=64 segment_profile=tiny8,True,True,0,1.1347871959209441,0.32456833376851785,72.36474514007568,"{""num_rows"": ""2097152"", ""segment_profile"": ""tiny8"", ""shared_suffix"": ""64""}"
experiment-31,stable-warps-1,sorted_order_strings_segments,Device=0 num_rows=32768 shared_suffix=0 segment_profile=tiny16,True,True,0,0.15844479948282242,0.6133335582088885,1.1391592025756836,"{""num_rows"": ""32768"", ""segment_profile"": ""tiny16"", ""shared_suffix"": ""0""}"
experiment-31,stable-warps-1,sorted_order_strings_segments,Device=0 num_rows=2097152 shared_suffix=0 segment_profile=tiny16,True,True,0,0.6039631992578506,0.359816334026752,72.36474514007568,"{""num_rows"": ""2097152"", ""segment_profile"": ""tiny16"", ""shared_suffix"": ""0""}"
experiment-31,stable-warps-1,sorted_order_strings_segments,Device=0 num_rows=32768 shared_suffix=64 segment_profile=tiny16,True,True,0,0.18314879983663562,3.691706169445921,1.1391592025756836,"{""num_rows"": ""32768"", ""segment_profile"": ""tiny16"", ""shared_suffix"": ""64""}"
experiment-31,stable-warps-1,sorted_order_strings_segments,Device=0 num_rows=2097152 shared_suffix=64 segment_profile=tiny16,True,True,0,1.3440368115901946,0.33418280561195624,72.36474514007568,"{""num_rows"": ""2097152"", ""segment_profile"": ""tiny16"", ""shared_suffix"": ""64""}"
experiment-31,stable-warps-1,sorted_order_strings_segments,Device=0 num_rows=32768 shared_suffix=0 segment_profile=tiny32,True,True,0,0.16064319908618932,1.4932733197428196,1.1391592025756836,"{""num_rows"": ""32768"", ""segment_profile"": ""tiny32"", ""shared_suffix"": ""0""}"
experiment-31,stable-warps-1,sorted_order_strings_segments,Device=0 num_rows=2097152 shared_suffix=0 segment_profile=tiny32,True,True,0,0.6570911943912507,0.530901181252271,72.36474514007568,"{""num_rows"": ""2097152"", ""segment_profile"": ""tiny32"", ""shared_suffix"": ""0""}"
experiment-31,stable-warps-1,sorted_order_strings_segments,Device=0 num_rows=32768 shared_suffix=64 segment_profile=tiny32,True,True,0,0.2000991992652416,19.066068986331516,1.1391592025756836,"{""num_rows"": ""32768"", ""segment_profile"": ""tiny32"", ""shared_suffix"": ""64""}"
experiment-31,stable-warps-1,sorted_order_strings_segments,Device=0 num_rows=2097152 shared_suffix=64 segment_profile=tiny32,True,True,0,1.6375424146652224,0.2658493512934071,72.36474514007568,"{""num_rows"": ""2097152"", ""segment_profile"": ""tiny32"", ""shared_suffix"": ""64""}"
experiment-31,stable-warps-0,sorted_order_strings_segments,Device=0 num_rows=32768 shared_suffix=0 segment_profile=pairs,True,False,0,0.15669120028614997,1.0183057297787261,1.1391592025756836,"{""num_rows"": ""32768"", ""segment_profile"": ""pairs"", ""shared_suffix"": ""0""}"
experiment-31,stable-warps-0,sorted_order_strings_segments,Device=0 num_rows=2097152 shared_suffix=0 segment_profile=pairs,True,False,0,0.6474655956029893,0.9987517067379085,72.36474514007568,"{""num_rows"": ""2097152"", ""segment_profile"": ""pairs"", ""shared_suffix"": ""0""}"
experiment-31,stable-warps-0,sorted_order_strings_segments,Device=0 num_rows=32768 shared_suffix=64 segment_profile=pairs,True,False,0,0.16042239889502527,1.0045563696587596,1.1391592025756836,"{""num_rows"": ""32768"", ""segment_profile"": ""pairs"", ""shared_suffix"": ""64""}"
experiment-31,stable-warps-0,sorted_order_strings_segments,Device=0 num_rows=2097152 shared_suffix=64 segment_profile=pairs,True,False,0,0.8162848025560381,0.6443665096183006,72.36474514007568,"{""num_rows"": ""2097152"", ""segment_profile"": ""pairs"", ""shared_suffix"": ""64""}"
experiment-31,stable-warps-0,sorted_order_strings_segments,Device=0 num_rows=32768 shared_suffix=0 segment_profile=tiny4,True,False,0,0.15509280040860177,1.6912448068071844,1.1391592025756836,"{""num_rows"": ""32768"", ""segment_profile"": ""tiny4"", ""shared_suffix"": ""0""}"
experiment-31,stable-warps-0,sorted_order_strings_segments,Device=0 num_rows=2097152 shared_suffix=0 segment_profile=tiny4,True,False,0,0.572784000635147,0.7856081272587092,72.36474514007568,"{""num_rows"": ""2097152"", ""segment_profile"": ""tiny4"", ""shared_suffix"": ""0""}"
experiment-31,stable-warps-0,sorted_order_strings_segments,Device=0 num_rows=32768 shared_suffix=64 segment_profile=tiny4,True,False,0,0.16532480195164678,0.8504843501690555,1.1391592025756836,"{""num_rows"": ""32768"", ""segment_profile"": ""tiny4"", ""shared_suffix"": ""64""}"
experiment-31,stable-warps-0,sorted_order_strings_segments,Device=0 num_rows=2097152 shared_suffix=64 segment_profile=tiny4,True,False,0,0.9027904003858568,0.3849396001730953,72.36474514007568,"{""num_rows"": ""2097152"", ""segment_profile"": ""tiny4"", ""shared_suffix"": ""64""}"
experiment-31,stable-warps-0,sorted_order_strings_segments,Device=0 num_rows=32768 shared_suffix=0 segment_profile=tiny8,True,False,0,0.15785439908504484,1.8060631469376511,1.1391592025756836,"{""num_rows"": ""32768"", ""segment_profile"": ""tiny8"", ""shared_suffix"": ""0""}"
experiment-31,stable-warps-0,sorted_order_strings_segments,Device=0 num_rows=2097152 shared_suffix=0 segment_profile=tiny8,True,False,0,0.5779024004936217,1.0085596677423088,72.36474514007568,"{""num_rows"": ""2097152"", ""segment_profile"": ""tiny8"", ""shared_suffix"": ""0""}"
experiment-31,stable-warps-0,sorted_order_strings_segments,Device=0 num_rows=32768 shared_suffix=64 segment_profile=tiny8,True,False,0,0.17437120005488393,0.5308099693094726,1.1391592025756836,"{""num_rows"": ""32768"", ""segment_profile"": ""tiny8"", ""shared_suffix"": ""64""}"
experiment-31,stable-warps-0,sorted_order_strings_segments,Device=0 num_rows=2097152 shared_suffix=64 segment_profile=tiny8,True,False,0,1.135560005903244,0.32020344547328383,72.36474514007568,"{""num_rows"": ""2097152"", ""segment_profile"": ""tiny8"", ""shared_suffix"": ""64""}"
experiment-31,stable-warps-0,sorted_order_strings_segments,Device=0 num_rows=32768 shared_suffix=0 segment_profile=tiny16,True,False,0,0.15860800072550774,1.2646035382275878,1.1391592025756836,"{""num_rows"": ""32768"", ""segment_profile"": ""tiny16"", ""shared_suffix"": ""0""}"
experiment-31,stable-warps-0,sorted_order_strings_segments,Device=0 num_rows=2097152 shared_suffix=0 segment_profile=tiny16,True,False,0,0.6051583945751191,0.5810907558608479,72.36474514007568,"{""num_rows"": ""2097152"", ""segment_profile"": ""tiny16"", ""shared_suffix"": ""0""}"
experiment-31,stable-warps-0,sorted_order_strings_segments,Device=0 num_rows=32768 shared_suffix=64 segment_profile=tiny16,True,False,0,0.1822943985462189,1.1139344626601428,1.1391592025756836,"{""num_rows"": ""32768"", ""segment_profile"": ""tiny16"", ""shared_suffix"": ""64""}"
experiment-31,stable-warps-0,sorted_order_strings_segments,Device=0 num_rows=2097152 shared_suffix=64 segment_profile=tiny16,True,False,0,1.3462671935558324,0.30333305307367164,72.36474514007568,"{""num_rows"": ""2097152"", ""segment_profile"": ""tiny16"", ""shared_suffix"": ""64""}"
experiment-31,stable-warps-0,sorted_order_strings_segments,Device=0 num_rows=32768 shared_suffix=0 segment_profile=tiny32,True,False,0,0.16133439913392064,1.1360999402763323,1.1391592025756836,"{""num_rows"": ""32768"", ""segment_profile"": ""tiny32"", ""shared_suffix"": ""0""}"
experiment-31,stable-warps-0,sorted_order_strings_segments,Device=0 num_rows=2097152 shared_suffix=0 segment_profile=tiny32,True,False,0,0.658067199587822,0.6336157782235909,72.36474514007568,"{""num_rows"": ""2097152"", ""segment_profile"": ""tiny32"", ""shared_suffix"": ""0""}"
experiment-31,stable-warps-0,sorted_order_strings_segments,Device=0 num_rows=32768 shared_suffix=64 segment_profile=tiny32,True,False,0,0.19244640171527858,1.597632000422076,1.1391592025756836,"{""num_rows"": ""32768"", ""segment_profile"": ""tiny32"", ""shared_suffix"": ""64""}"
experiment-31,stable-warps-0,sorted_order_strings_segments,Device=0 num_rows=2097152 shared_suffix=64 segment_profile=tiny32,True,False,0,1.6380527853965756,0.1989532608718987,72.36474514007568,"{""num_rows"": ""2097152"", ""segment_profile"": ""tiny32"", ""shared_suffix"": ""64""}"
baseline,target,sorted_order_strings_cardinality,Device=0 num_rows=262144 max_width=32 cardinality=1,False,False,1,0.007406400027684865,27.142703931260613,1.0,"{""cardinality"": ""1"", ""max_width"": ""32"", ""num_rows"": ""262144""}"
baseline,target,sorted_order_strings_cardinality,Device=0 num_rows=2097152 max_width=32 cardinality=1,False,False,1,0.008443200029432774,3.808488717591063,8.0,"{""cardinality"": ""1"", ""max_width"": ""32"", ""num_rows"": ""2097152""}"
baseline,target,sorted_order_strings_cardinality,Device=0 num_rows=262144 max_width=128 cardinality=1,False,False,1,1.0289040029048917,0.4568458520896067,9.053221702575684,"{""cardinality"": ""1"", ""max_width"": ""128"", ""num_rows"": ""262144""}"
baseline,target,sorted_order_strings_cardinality,Device=0 num_rows=2097152 max_width=128 cardinality=1,False,False,1,7.1309440374374375,0.3672882493013314,72.36474514007568,"{""cardinality"": ""1"", ""max_width"": ""128"", ""num_rows"": ""2097152""}"
baseline,target,sorted_order_strings_cardinality,Device=0 num_rows=262144 max_width=32 cardinality=64,False,False,1,0.4478911980986595,2.00167192618202,9.053221702575684,"{""cardinality"": ""64"", ""max_width"": ""32"", ""num_rows"": ""262144""}"
baseline,target,sorted_order_strings_cardinality,Device=0 num_rows=2097152 max_width=32 cardinality=64,False,False,1,2.1428768038749695,1.9731815639476933,72.36474514007568,"{""cardinality"": ""64"", ""max_width"": ""32"", ""num_rows"": ""2097152""}"
baseline,target,sorted_order_strings_cardinality,Device=0 num_rows=262144 max_width=128 cardinality=64,False,False,1,1.000024002790451,2.2324713314449576,9.053221702575684,"{""cardinality"": ""64"", ""max_width"": ""128"", ""num_rows"": ""262144""}"
baseline,target,sorted_order_strings_cardinality,Device=0 num_rows=2097152 max_width=128 cardinality=64,False,False,1,6.098792004585267,1.8970598246006862,72.36474514007568,"{""cardinality"": ""64"", ""max_width"": ""128"", ""num_rows"": ""2097152""}"
baseline,target,sorted_order_strings_cardinality,Device=0 num_rows=262144 max_width=32 cardinality=0,False,False,1,0.26160319745540617,0.9331094429390251,9.053221702575684,"{""cardinality"": ""0"", ""max_width"": ""32"", ""num_rows"": ""262144""}"
baseline,target,sorted_order_strings_cardinality,Device=0 num_rows=2097152 max_width=32 cardinality=0,False,False,1,0.5277487993240356,2.5148136380835653,72.36474514007568,"{""cardinality"": ""0"", ""max_width"": ""32"", ""num_rows"": ""2097152""}"
baseline,target,sorted_order_strings_cardinality,Device=0 num_rows=262144 max_width=128 cardinality=0,False,False,1,0.25877920240163804,1.4099481636757683,9.053221702575684,"{""cardinality"": ""0"", ""max_width"": ""128"", ""num_rows"": ""262144""}"
baseline,target,sorted_order_strings_cardinality,Device=0 num_rows=2097152 max_width=128 cardinality=0,False,False,1,0.5312240034341813,0.5392085430149303,72.36474514007568,"{""cardinality"": ""0"", ""max_width"": ""128"", ""num_rows"": ""2097152""}"
baseline,target,sorted_order_strings_prefixes,Device=0 num_rows=262144 prefix_width=4 suffix_width=32 prefix_cardinality=1,False,False,1,0.23467839956283568,1.689655836695423,9.053221702575684,"{""num_rows"": ""262144"", ""prefix_cardinality"": ""1"", ""prefix_width"": ""4"", ""suffix_width"": ""32""}"
baseline,target,sorted_order_strings_prefixes,Device=0 num_rows=2097152 prefix_width=4 suffix_width=32 prefix_cardinality=1,False,False,1,0.47330400198698047,0.5345433368658454,72.36474514007568,"{""num_rows"": ""2097152"", ""prefix_cardinality"": ""1"", ""prefix_width"": ""4"", ""suffix_width"": ""32""}"
baseline,target,sorted_order_strings_prefixes,Device=0 num_rows=262144 prefix_width=8 suffix_width=32 prefix_cardinality=1,False,False,1,0.5758623957633973,0.4606331835367802,9.053221702575684,"{""num_rows"": ""262144"", ""prefix_cardinality"": ""1"", ""prefix_width"": ""8"", ""suffix_width"": ""32""}"
baseline,target,sorted_order_strings_prefixes,Device=0 num_rows=2097152 prefix_width=8 suffix_width=32 prefix_cardinality=1,False,False,1,4.233540773391724,0.3568688043375033,72.36474514007568,"{""num_rows"": ""2097152"", ""prefix_cardinality"": ""1"", ""prefix_width"": ""8"", ""suffix_width"": ""32""}"
baseline,target,sorted_order_strings_prefixes,Device=0 num_rows=262144 prefix_width=10 suffix_width=32 prefix_cardinality=1,False,False,1,0.6136543989181517,0.501529535315467,9.053221702575684,"{""num_rows"": ""262144"", ""prefix_cardinality"": ""1"", ""prefix_width"": ""10"", ""suffix_width"": ""32""}"
baseline,target,sorted_order_strings_prefixes,Device=0 num_rows=2097152 prefix_width=10 suffix_width=32 prefix_cardinality=1,False,False,1,4.452971220016479,0.34206979343869315,72.36474514007568,"{""num_rows"": ""2097152"", ""prefix_cardinality"": ""1"", ""prefix_width"": ""10"", ""suffix_width"": ""32""}"
baseline,target,sorted_order_strings_prefixes,Device=0 num_rows=262144 prefix_width=11 suffix_width=32 prefix_cardinality=1,False,False,1,0.6211360037326815,0.40636773936528636,9.053221702575684,"{""num_rows"": ""262144"", ""prefix_cardinality"": ""1"", ""prefix_width"": ""11"", ""suffix_width"": ""32""}"
baseline,target,sorted_order_strings_prefixes,Device=0 num_rows=2097152 prefix_width=11 suffix_width=32 prefix_cardinality=1,False,False,1,4.5089487552642815,0.31495099007923893,72.36474514007568,"{""num_rows"": ""2097152"", ""prefix_cardinality"": ""1"", ""prefix_width"": ""11"", ""suffix_width"": ""32""}"
baseline,target,sorted_order_strings_prefixes,Device=0 num_rows=262144 prefix_width=12 suffix_width=32 prefix_cardinality=1,False,False,1,0.6355967998504638,2.9708481989603417,9.053221702575684,"{""num_rows"": ""262144"", ""prefix_cardinality"": ""1"", ""prefix_width"": ""12"", ""suffix_width"": ""32""}"
baseline,target,sorted_order_strings_prefixes,Device=0 num_rows=2097152 prefix_width=12 suffix_width=32 prefix_cardinality=1,False,False,1,4.563619208335877,0.24663436814986417,72.36474514007568,"{""num_rows"": ""2097152"", ""prefix_cardinality"": ""1"", ""prefix_width"": ""12"", ""suffix_width"": ""32""}"
baseline,target,sorted_order_strings_prefixes,Device=0 num_rows=262144 prefix_width=64 suffix_width=32 prefix_cardinality=1,False,False,1,1.5368319988250732,0.7284364102886839,9.053221702575684,"{""num_rows"": ""262144"", ""prefix_cardinality"": ""1"", ""prefix_width"": ""64"", ""suffix_width"": ""32""}"
baseline,target,sorted_order_strings_prefixes,Device=0 num_rows=2097152 prefix_width=64 suffix_width=32 prefix_cardinality=1,False,False,1,13.501784133911135,0.31447165356862106,72.36474514007568,"{""num_rows"": ""2097152"", ""prefix_cardinality"": ""1"", ""prefix_width"": ""64"", ""suffix_width"": ""32""}"
baseline,target,sorted_order_strings_prefixes,Device=0 num_rows=262144 prefix_width=4 suffix_width=32 prefix_cardinality=64,False,False,1,0.19749279990792273,1.6589461173085838,9.053221702575684,"{""num_rows"": ""262144"", ""prefix_cardinality"": ""64"", ""prefix_width"": ""4"", ""suffix_width"": ""32""}"
baseline,target,sorted_order_strings_prefixes,Device=0 num_rows=2097152 prefix_width=4 suffix_width=32 prefix_cardinality=64,False,False,1,0.41737120300531394,0.8908583978237624,72.36474514007568,"{""num_rows"": ""2097152"", ""prefix_cardinality"": ""64"", ""prefix_width"": ""4"", ""suffix_width"": ""32""}"
baseline,target,sorted_order_strings_prefixes,Device=0 num_rows=262144 prefix_width=8 suffix_width=32 prefix_cardinality=64,False,False,1,0.4561567991971969,0.825667136110007,9.053221702575684,"{""num_rows"": ""262144"", ""prefix_cardinality"": ""64"", ""prefix_width"": ""8"", ""suffix_width"": ""32""}"
baseline,target,sorted_order_strings_prefixes,Device=0 num_rows=2097152 prefix_width=8 suffix_width=32 prefix_cardinality=64,False,False,1,3.8837344050407414,0.24083067850982814,72.36474514007568,"{""num_rows"": ""2097152"", ""prefix_cardinality"": ""64"", ""prefix_width"": ""8"", ""suffix_width"": ""32""}"
baseline,target,sorted_order_strings_prefixes,Device=0 num_rows=262144 prefix_width=10 suffix_width=32 prefix_cardinality=64,False,False,1,0.48970239758491513,0.735366840350629,9.053221702575684,"{""num_rows"": ""262144"", ""prefix_cardinality"": ""64"", ""prefix_width"": ""10"", ""suffix_width"": ""32""}"
baseline,target,sorted_order_strings_prefixes,Device=0 num_rows=2097152 prefix_width=10 suffix_width=32 prefix_cardinality=64,False,False,1,4.188932847976684,0.3422328954236351,72.36474514007568,"{""num_rows"": ""2097152"", ""prefix_cardinality"": ""64"", ""prefix_width"": ""10"", ""suffix_width"": ""32""}"
baseline,target,sorted_order_strings_prefixes,Device=0 num_rows=262144 prefix_width=11 suffix_width=32 prefix_cardinality=64,False,False,1,0.5024496003985405,0.6528347370029669,9.053221702575684,"{""num_rows"": ""262144"", ""prefix_cardinality"": ""64"", ""prefix_width"": ""11"", ""suffix_width"": ""32""}"
baseline,target,sorted_order_strings_prefixes,Device=0 num_rows=2097152 prefix_width=11 suffix_width=32 prefix_cardinality=64,False,False,1,4.258543992042541,0.3417723438149739,72.36474514007568,"{""num_rows"": ""2097152"", ""prefix_cardinality"": ""64"", ""prefix_width"": ""11"", ""suffix_width"": ""32""}"
baseline,target,sorted_order_strings_prefixes,Device=0 num_rows=262144 prefix_width=12 suffix_width=32 prefix_cardinality=64,False,False,1,0.5108416050672532,1.0512556688884467,9.053221702575684,"{""num_rows"": ""262144"", ""prefix_cardinality"": ""64"", ""prefix_width"": ""12"", ""suffix_width"": ""32""}"
baseline,target,sorted_order_strings_prefixes,Device=0 num_rows=2097152 prefix_width=12 suffix_width=32 prefix_cardinality=64,False,False,1,4.310443210601806,0.23263187142683375,72.36474514007568,"{""num_rows"": ""2097152"", ""prefix_cardinality"": ""64"", ""prefix_width"": ""12"", ""suffix_width"": ""32""}"
baseline,target,sorted_order_strings_prefixes,Device=0 num_rows=262144 prefix_width=64 suffix_width=32 prefix_cardinality=64,False,False,1,1.0816208124160769,0.2640696556489673,9.053221702575684,"{""num_rows"": ""262144"", ""prefix_cardinality"": ""64"", ""prefix_width"": ""64"", ""suffix_width"": ""32""}"
baseline,target,sorted_order_strings_prefixes,Device=0 num_rows=2097152 prefix_width=64 suffix_width=32 prefix_cardinality=64,False,False,1,11.642127943038941,0.3395091248936179,72.36474514007568,"{""num_rows"": ""2097152"", ""prefix_cardinality"": ""64"", ""prefix_width"": ""64"", ""suffix_width"": ""32""}"
experiment-3,target,sorted_order_strings_cardinality,Device=0 num_rows=262144 max_width=32 cardinality=1,False,False,0,0.007151999999769033,6.521913682833215,1.0,"{""cardinality"": ""1"", ""max_width"": ""32"", ""num_rows"": ""262144""}"
experiment-3,target,sorted_order_strings_cardinality,Device=0 num_rows=2097152 max_width=32 cardinality=1,False,False,0,0.008788800006732345,4.710800518627331,8.0,"{""cardinality"": ""1"", ""max_width"": ""32"", ""num_rows"": ""2097152""}"
experiment-3,target,sorted_order_strings_cardinality,Device=0 num_rows=262144 max_width=128 cardinality=1,False,False,0,1.0277376055717466,0.3832073962638391,9.053221702575684,"{""cardinality"": ""1"", ""max_width"": ""128"", ""num_rows"": ""262144""}"
experiment-3,target,sorted_order_strings_cardinality,Device=0 num_rows=2097152 max_width=128 cardinality=1,False,False,0,7.085529613494873,0.40411274446257495,72.36474514007568,"{""cardinality"": ""1"", ""max_width"": ""128"", ""num_rows"": ""2097152""}"
experiment-3,target,sorted_order_strings_cardinality,Device=0 num_rows=262144 max_width=32 cardinality=64,False,False,0,0.44928640127182007,1.7498520717054502,9.053221702575684,"{""cardinality"": ""64"", ""max_width"": ""32"", ""num_rows"": ""262144""}"
experiment-3,target,sorted_order_strings_cardinality,Device=0 num_rows=2097152 max_width=32 cardinality=64,False,False,0,2.1304672241210936,1.7039171005792357,72.36474514007568,"{""cardinality"": ""64"", ""max_width"": ""32"", ""num_rows"": ""2097152""}"
experiment-3,target,sorted_order_strings_cardinality,Device=0 num_rows=262144 max_width=128 cardinality=64,False,False,0,0.9844783991575241,3.213679858713911,9.053221702575684,"{""cardinality"": ""64"", ""max_width"": ""128"", ""num_rows"": ""262144""}"
experiment-3,target,sorted_order_strings_cardinality,Device=0 num_rows=2097152 max_width=128 cardinality=64,False,False,0,6.107411193847655,1.7913621699986775,72.36474514007568,"{""cardinality"": ""64"", ""max_width"": ""128"", ""num_rows"": ""2097152""}"
experiment-3,target,sorted_order_strings_cardinality,Device=0 num_rows=262144 max_width=32 cardinality=0,False,False,0,0.264529599249363,7.08333682881796,9.053221702575684,"{""cardinality"": ""0"", ""max_width"": ""32"", ""num_rows"": ""262144""}"
experiment-3,target,sorted_order_strings_cardinality,Device=0 num_rows=2097152 max_width=32 cardinality=0,False,False,0,0.5247104048728944,0.6243365437402517,72.36474514007568,"{""cardinality"": ""0"", ""max_width"": ""32"", ""num_rows"": ""2097152""}"
experiment-3,target,sorted_order_strings_cardinality,Device=0 num_rows=262144 max_width=128 cardinality=0,False,False,0,0.2621007978916168,0.39365639886366854,9.053221702575684,"{""cardinality"": ""0"", ""max_width"": ""128"", ""num_rows"": ""262144""}"
experiment-3,target,sorted_order_strings_cardinality,Device=0 num_rows=2097152 max_width=128 cardinality=0,False,False,0,0.533568000793457,0.7654085722899875,72.36474514007568,"{""cardinality"": ""0"", ""max_width"": ""128"", ""num_rows"": ""2097152""}"
experiment-3,target,sorted_order_strings_prefixes,Device=0 num_rows=262144 prefix_width=4 suffix_width=32 prefix_cardinality=1,False,False,0,0.2365440018475056,0.7812484830114363,9.053221702575684,"{""num_rows"": ""262144"", ""prefix_cardinality"": ""1"", ""prefix_width"": ""4"", ""suffix_width"": ""32""}"
experiment-3,target,sorted_order_strings_prefixes,Device=0 num_rows=2097152 prefix_width=4 suffix_width=32 prefix_cardinality=1,False,False,0,0.47546239942312235,0.7020244154389375,72.36474514007568,"{""num_rows"": ""2097152"", ""prefix_cardinality"": ""1"", ""prefix_width"": ""4"", ""suffix_width"": ""32""}"
experiment-3,target,sorted_order_strings_prefixes,Device=0 num_rows=262144 prefix_width=8 suffix_width=32 prefix_cardinality=1,False,False,0,0.566849598288536,0.4235985947645665,9.053221702575684,"{""num_rows"": ""262144"", ""prefix_cardinality"": ""1"", ""prefix_width"": ""8"", ""suffix_width"": ""32""}"
experiment-3,target,sorted_order_strings_prefixes,Device=0 num_rows=2097152 prefix_width=8 suffix_width=32 prefix_cardinality=1,False,False,0,4.157022452354432,0.4174168266212226,72.36474514007568,"{""num_rows"": ""2097152"", ""prefix_cardinality"": ""1"", ""prefix_width"": ""8"", ""suffix_width"": ""32""}"
experiment-3,target,sorted_order_strings_prefixes,Device=0 num_rows=262144 prefix_width=10 suffix_width=32 prefix_cardinality=1,False,False,0,0.60595840215683,0.5912201922637593,9.053221702575684,"{""num_rows"": ""262144"", ""prefix_cardinality"": ""1"", ""prefix_width"": ""10"", ""suffix_width"": ""32""}"
experiment-3,target,sorted_order_strings_prefixes,Device=0 num_rows=2097152 prefix_width=10 suffix_width=32 prefix_cardinality=1,False,False,0,4.3835040569305415,0.4597733707671397,72.36474514007568,"{""num_rows"": ""2097152"", ""prefix_cardinality"": ""1"", ""prefix_width"": ""10"", ""suffix_width"": ""32""}"
experiment-3,target,sorted_order_strings_prefixes,Device=0 num_rows=262144 prefix_width=11 suffix_width=32 prefix_cardinality=1,False,False,0,0.6143296033143998,0.4883699183294889,9.053221702575684,"{""num_rows"": ""262144"", ""prefix_cardinality"": ""1"", ""prefix_width"": ""11"", ""suffix_width"": ""32""}"
experiment-3,target,sorted_order_strings_prefixes,Device=0 num_rows=2097152 prefix_width=11 suffix_width=32 prefix_cardinality=1,False,False,0,4.445323252677918,0.32844557520589024,72.36474514007568,"{""num_rows"": ""2097152"", ""prefix_cardinality"": ""1"", ""prefix_width"": ""11"", ""suffix_width"": ""32""}"
experiment-3,target,sorted_order_strings_prefixes,Device=0 num_rows=262144 prefix_width=12 suffix_width=32 prefix_cardinality=1,False,False,0,0.6239072024822234,0.41768827363679856,9.053221702575684,"{""num_rows"": ""262144"", ""prefix_cardinality"": ""1"", ""prefix_width"": ""12"", ""suffix_width"": ""32""}"
experiment-3,target,sorted_order_strings_prefixes,Device=0 num_rows=2097152 prefix_width=12 suffix_width=32 prefix_cardinality=1,False,False,0,4.497099256515503,0.27090549888145926,72.36474514007568,"{""num_rows"": ""2097152"", ""prefix_cardinality"": ""1"", ""prefix_width"": ""12"", ""suffix_width"": ""32""}"
experiment-3,target,sorted_order_strings_prefixes,Device=0 num_rows=262144 prefix_width=64 suffix_width=32 prefix_cardinality=1,False,False,0,1.5270623922348023,0.5937347723151545,9.053221702575684,"{""num_rows"": ""262144"", ""prefix_cardinality"": ""1"", ""prefix_width"": ""64"", ""suffix_width"": ""32""}"
experiment-3,target,sorted_order_strings_prefixes,Device=0 num_rows=2097152 prefix_width=64 suffix_width=32 prefix_cardinality=1,False,False,0,13.442951965332032,0.19257440960233896,72.36474514007568,"{""num_rows"": ""2097152"", ""prefix_cardinality"": ""1"", ""prefix_width"": ""64"", ""suffix_width"": ""32""}"
experiment-3,target,sorted_order_strings_prefixes,Device=0 num_rows=262144 prefix_width=4 suffix_width=32 prefix_cardinality=64,False,False,0,0.20215200036764144,0.7784935335791803,9.053221702575684,"{""num_rows"": ""262144"", ""prefix_cardinality"": ""64"", ""prefix_width"": ""4"", ""suffix_width"": ""32""}"
experiment-3,target,sorted_order_strings_prefixes,Device=0 num_rows=2097152 prefix_width=4 suffix_width=32 prefix_cardinality=64,False,False,0,0.41820959597826,0.9289813146320183,72.36474514007568,"{""num_rows"": ""2097152"", ""prefix_cardinality"": ""64"", ""prefix_width"": ""4"", ""suffix_width"": ""32""}"
experiment-3,target,sorted_order_strings_prefixes,Device=0 num_rows=262144 prefix_width=8 suffix_width=32 prefix_cardinality=64,False,False,0,0.4528144001960755,0.7623978210686034,9.053221702575684,"{""num_rows"": ""262144"", ""prefix_cardinality"": ""64"", ""prefix_width"": ""8"", ""suffix_width"": ""32""}"
experiment-3,target,sorted_order_strings_prefixes,Device=0 num_rows=2097152 prefix_width=8 suffix_width=32 prefix_cardinality=64,False,False,0,3.8615360021591187,0.2867114605141124,72.36474514007568,"{""num_rows"": ""2097152"", ""prefix_cardinality"": ""64"", ""prefix_width"": ""8"", ""suffix_width"": ""32""}"
experiment-3,target,sorted_order_strings_prefixes,Device=0 num_rows=262144 prefix_width=10 suffix_width=32 prefix_cardinality=64,False,False,0,0.48864959627389914,0.6676868775907672,9.053221702575684,"{""num_rows"": ""262144"", ""prefix_cardinality"": ""64"", ""prefix_width"": ""10"", ""suffix_width"": ""32""}"
experiment-3,target,sorted_order_strings_prefixes,Device=0 num_rows=2097152 prefix_width=10 suffix_width=32 prefix_cardinality=64,False,False,0,4.168908762931825,0.2556748636293844,72.36474514007568,"{""num_rows"": ""2097152"", ""prefix_cardinality"": ""64"", ""prefix_width"": ""10"", ""suffix_width"": ""32""}"
experiment-3,target,sorted_order_strings_prefixes,Device=0 num_rows=262144 prefix_width=11 suffix_width=32 prefix_cardinality=64,False,False,0,0.4989616006612778,0.5729280645673381,9.053221702575684,"{""num_rows"": ""262144"", ""prefix_cardinality"": ""64"", ""prefix_width"": ""11"", ""suffix_width"": ""32""}"
experiment-3,target,sorted_order_strings_prefixes,Device=0 num_rows=2097152 prefix_width=11 suffix_width=32 prefix_cardinality=64,False,False,0,4.236016035079955,0.3566233761653953,72.36474514007568,"{""num_rows"": ""2097152"", ""prefix_cardinality"": ""64"", ""prefix_width"": ""11"", ""suffix_width"": ""32""}"
experiment-3,target,sorted_order_strings_prefixes,Device=0 num_rows=262144 prefix_width=12 suffix_width=32 prefix_cardinality=64,False,False,0,0.5083247989416122,0.5991003597259797,9.053221702575684,"{""num_rows"": ""262144"", ""prefix_cardinality"": ""64"", ""prefix_width"": ""12"", ""suffix_width"": ""32""}"
experiment-3,target,sorted_order_strings_prefixes,Device=0 num_rows=2097152 prefix_width=12 suffix_width=32 prefix_cardinality=64,False,False,0,4.29886245727539,0.37582113511965926,72.36474514007568,"{""num_rows"": ""2097152"", ""prefix_cardinality"": ""64"", ""prefix_width"": ""12"", ""suffix_width"": ""32""}"
experiment-3,target,sorted_order_strings_prefixes,Device=0 num_rows=262144 prefix_width=64 suffix_width=32 prefix_cardinality=64,False,False,0,1.0774639904499053,0.32648595798158403,9.053221702575684,"{""num_rows"": ""262144"", ""prefix_cardinality"": ""64"", ""prefix_width"": ""64"", ""suffix_width"": ""32""}"
experiment-3,target,sorted_order_strings_prefixes,Device=0 num_rows=2097152 prefix_width=64 suffix_width=32 prefix_cardinality=64,False,False,0,11.614843177795413,0.31916739291963286,72.36474514007568,"{""num_rows"": ""2097152"", ""prefix_cardinality"": ""64"", ""prefix_width"": ""64"", ""suffix_width"": ""32""}"
baseline,pr-diagnostics,sorted_order_strings_segmented_diagnostics,Device=0 num_rows=262144 profile=finish_257,False,False,0,0.21526880115270616,0.9504045542891061,9.053221702575684,"{""num_rows"": ""262144"", ""profile"": ""finish_257""}"
baseline,pr-diagnostics,sorted_order_strings_segmented_diagnostics,Device=0 num_rows=2097152 profile=finish_257,False,False,0,0.4162160009145737,0.6712574635922645,72.36474514007568,"{""num_rows"": ""2097152"", ""profile"": ""finish_257""}"
baseline,pr-diagnostics,sorted_order_strings_segmented_diagnostics,Device=0 num_rows=262144 profile=finish_1024,False,False,0,0.24124160110950468,1.4190643116645096,9.053221702575684,"{""num_rows"": ""262144"", ""profile"": ""finish_1024""}"
baseline,pr-diagnostics,sorted_order_strings_segmented_diagnostics,Device=0 num_rows=2097152 profile=finish_1024,False,False,0,0.43946079611778255,0.6370864045811572,72.36474514007568,"{""num_rows"": ""2097152"", ""profile"": ""finish_1024""}"
baseline,pr-diagnostics,sorted_order_strings_segmented_diagnostics,Device=0 num_rows=262144 profile=finish_4096,False,False,0,0.28479520082473747,1.2556908615789255,9.053221702575684,"{""num_rows"": ""262144"", ""profile"": ""finish_4096""}"
baseline,pr-diagnostics,sorted_order_strings_segmented_diagnostics,Device=0 num_rows=2097152 profile=finish_4096,False,False,0,0.48396480083465576,0.5764486939295244,72.36474514007568,"{""num_rows"": ""2097152"", ""profile"": ""finish_4096""}"
baseline,pr-diagnostics,sorted_order_strings_segmented_diagnostics,Device=0 num_rows=262144 profile=active_50,False,False,0,0.33779360204935077,0.9154992976782699,9.053221702575684,"{""num_rows"": ""262144"", ""profile"": ""active_50""}"
baseline,pr-diagnostics,sorted_order_strings_segmented_diagnostics,Device=0 num_rows=2097152 profile=active_50,False,False,0,0.8893632024526597,0.5779519317700961,72.36474514007568,"{""num_rows"": ""2097152"", ""profile"": ""active_50""}"
baseline,pr-diagnostics,sorted_order_strings_segmented_diagnostics,Device=0 num_rows=262144 profile=active_10,False,False,0,0.30053440034389495,1.6339875285819705,9.053221702575684,"{""num_rows"": ""262144"", ""profile"": ""active_10""}"
baseline,pr-diagnostics,sorted_order_strings_segmented_diagnostics,Device=0 num_rows=2097152 profile=active_10,False,False,0,0.548062402009964,0.6027557236472778,72.36474514007568,"{""num_rows"": ""2097152"", ""profile"": ""active_10""}"
baseline,pr-diagnostics,sorted_order_strings_segmented_diagnostics,Device=0 num_rows=262144 profile=active_1,False,False,0,0.24172480031847957,1.5321610336178255,9.053221702575684,"{""num_rows"": ""262144"", ""profile"": ""active_1""}"
baseline,pr-diagnostics,sorted_order_strings_segmented_diagnostics,Device=0 num_rows=2097152 profile=active_1,False,False,0,0.4933488041162491,0.7566498355114358,72.36474514007568,"{""num_rows"": ""2097152"", ""profile"": ""active_1""}"
baseline,pr-diagnostics,sorted_order_strings_segmented_diagnostics,Device=0 num_rows=262144 profile=active_0_1,False,False,0,0.2015568003058434,1.2863379268129562,9.053221702575684,"{""num_rows"": ""262144"", ""profile"": ""active_0_1""}"
baseline,pr-diagnostics,sorted_order_strings_segmented_diagnostics,Device=0 num_rows=2097152 profile=active_0_1,False,False,0,0.4251072004437447,0.8634116142768835,72.36474514007568,"{""num_rows"": ""2097152"", ""profile"": ""active_0_1""}"
baseline,pr-diagnostics,sorted_order_strings_segmented_diagnostics,Device=0 num_rows=262144 profile=duplicates_6,False,False,0,0.23644479960203174,0.5794866679674786,9.053221702575684,"{""num_rows"": ""262144"", ""profile"": ""duplicates_6""}"
baseline,pr-diagnostics,sorted_order_strings_segmented_diagnostics,Device=0 num_rows=2097152 profile=duplicates_6,False,False,0,0.988468798995018,0.28348672803274616,72.36474514007568,"{""num_rows"": ""2097152"", ""profile"": ""duplicates_6""}"
baseline,pr-diagnostics,sorted_order_strings_segmented_diagnostics,Device=0 num_rows=262144 profile=duplicates_8,False,False,0,0.23637279942631725,0.7332126324608362,9.053221702575684,"{""num_rows"": ""262144"", ""profile"": ""duplicates_8""}"
baseline,pr-diagnostics,sorted_order_strings_segmented_diagnostics,Device=0 num_rows=2097152 profile=duplicates_8,False,False,0,0.9892159968614577,0.30856303096533155,72.36474514007568,"{""num_rows"": ""2097152"", ""profile"": ""duplicates_8""}"
baseline,pr-diagnostics,sorted_order_strings_segmented_diagnostics,Device=0 num_rows=262144 profile=duplicates_12,False,False,0,0.35219839960336685,0.47806180312378294,9.053221702575684,"{""num_rows"": ""262144"", ""profile"": ""duplicates_12""}"
baseline,pr-diagnostics,sorted_order_strings_segmented_diagnostics,Device=0 num_rows=2097152 profile=duplicates_12,False,False,0,2.078580808639526,3.224604839558217,72.36474514007568,"{""num_rows"": ""2097152"", ""profile"": ""duplicates_12""}"
baseline,pr-diagnostics,sorted_order_strings_segmented_diagnostics,Device=0 num_rows=262144 profile=duplicates_16,False,False,0,0.3030383974313736,0.7778708320717217,9.053221702575684,"{""num_rows"": ""262144"", ""profile"": ""duplicates_16""}"
baseline,pr-diagnostics,sorted_order_strings_segmented_diagnostics,Device=0 num_rows=2097152 profile=duplicates_16,False,False,0,1.6070624053478242,0.27726355809473263,72.36474514007568,"{""num_rows"": ""2097152"", ""profile"": ""duplicates_16""}"
baseline,pr-diagnostics,sorted_order_strings_segmented_diagnostics,Device=0 num_rows=262144 profile=duplicates_24,False,False,0,0.3617008030414581,0.6533013249046089,9.053221702575684,"{""num_rows"": ""262144"", ""profile"": ""duplicates_24""}"
baseline,pr-diagnostics,sorted_order_strings_segmented_diagnostics,Device=0 num_rows=2097152 profile=duplicates_24,False,False,0,2.0742159605026242,0.19017024044038375,72.36474514007568,"{""num_rows"": ""2097152"", ""profile"": ""duplicates_24""}"
baseline,pr-diagnostics,sorted_order_strings_segmented_diagnostics,Device=0 num_rows=262144 profile=duplicates_32,False,False,0,0.4034944012761115,1.2596734397030458,9.053221702575684,"{""num_rows"": ""262144"", ""profile"": ""duplicates_32""}"
baseline,pr-diagnostics,sorted_order_strings_segmented_diagnostics,Device=0 num_rows=2097152 profile=duplicates_32,False,False,0,2.512110400199891,0.12463655360606925,72.36474514007568,"{""num_rows"": ""2097152"", ""profile"": ""duplicates_32""}"
baseline,pr-diagnostics,sorted_order_strings_segmented_diagnostics,Device=0 num_rows=262144 profile=rle_misaligned,False,False,0,0.625907188653946,1.545473551326662,9.053221702575684,"{""num_rows"": ""262144"", ""profile"": ""rle_misaligned""}"
baseline,pr-diagnostics,sorted_order_strings_segmented_diagnostics,Device=0 num_rows=2097152 profile=rle_misaligned,False,False,0,3.852630424499512,0.22337991109941716,72.36474514007568,"{""num_rows"": ""2097152"", ""profile"": ""rle_misaligned""}"
experiment-3,stable-warps-0,sorted_order_strings_segments,Device=0 num_rows=32768 shared_suffix=0 segment_profile=pairs,True,False,1,0.1570144005119801,0.9580020106281216,1.1391592025756836,"{""num_rows"": ""32768"", ""segment_profile"": ""pairs"", ""shared_suffix"": ""0""}"
experiment-3,stable-warps-0,sorted_order_strings_segments,Device=0 num_rows=2097152 shared_suffix=0 segment_profile=pairs,True,False,1,0.6502048015594482,1.2711285662591056,72.36474514007568,"{""num_rows"": ""2097152"", ""segment_profile"": ""pairs"", ""shared_suffix"": ""0""}"
experiment-3,stable-warps-0,sorted_order_strings_segments,Device=0 num_rows=32768 shared_suffix=64 segment_profile=pairs,True,False,1,0.16196960061788557,3.6489472364725906,1.1391592025756836,"{""num_rows"": ""32768"", ""segment_profile"": ""pairs"", ""shared_suffix"": ""64""}"
experiment-3,stable-warps-0,sorted_order_strings_segments,Device=0 num_rows=2097152 shared_suffix=64 segment_profile=pairs,True,False,1,0.8172064036130906,0.9019000422347024,72.36474514007568,"{""num_rows"": ""2097152"", ""segment_profile"": ""pairs"", ""shared_suffix"": ""64""}"
experiment-3,stable-warps-0,sorted_order_strings_segments,Device=0 num_rows=32768 shared_suffix=0 segment_profile=tiny4,True,False,1,0.15660799816250803,2.4215645617867114,1.1391592025756836,"{""num_rows"": ""32768"", ""segment_profile"": ""tiny4"", ""shared_suffix"": ""0""}"
experiment-3,stable-warps-0,sorted_order_strings_segments,Device=0 num_rows=2097152 shared_suffix=0 segment_profile=tiny4,True,False,1,0.5756895989179609,1.014074838764584,72.36474514007568,"{""num_rows"": ""2097152"", ""segment_profile"": ""tiny4"", ""shared_suffix"": ""0""}"
experiment-3,stable-warps-0,sorted_order_strings_segments,Device=0 num_rows=32768 shared_suffix=64 segment_profile=tiny4,True,False,1,0.16770080029964443,1.962445959233459,1.1391592025756836,"{""num_rows"": ""32768"", ""segment_profile"": ""tiny4"", ""shared_suffix"": ""64""}"
experiment-3,stable-warps-0,sorted_order_strings_segments,Device=0 num_rows=2097152 shared_suffix=64 segment_profile=tiny4,True,False,1,0.9069440037012104,0.5746438892561914,72.36474514007568,"{""num_rows"": ""2097152"", ""segment_profile"": ""tiny4"", ""shared_suffix"": ""64""}"
experiment-3,stable-warps-0,sorted_order_strings_segments,Device=0 num_rows=32768 shared_suffix=0 segment_profile=tiny8,True,False,1,0.16022719964385035,1.6086243193558027,1.1391592025756836,"{""num_rows"": ""32768"", ""segment_profile"": ""tiny8"", ""shared_suffix"": ""0""}"
experiment-3,stable-warps-0,sorted_order_strings_segments,Device=0 num_rows=2097152 shared_suffix=0 segment_profile=tiny8,True,False,1,0.5789536029100417,0.810872467397025,72.36474514007568,"{""num_rows"": ""2097152"", ""segment_profile"": ""tiny8"", ""shared_suffix"": ""0""}"
experiment-3,stable-warps-0,sorted_order_strings_segments,Device=0 num_rows=32768 shared_suffix=64 segment_profile=tiny8,True,False,1,0.1766831994056701,0.57494056164011,1.1391592025756836,"{""num_rows"": ""32768"", ""segment_profile"": ""tiny8"", ""shared_suffix"": ""64""}"
experiment-3,stable-warps-0,sorted_order_strings_segments,Device=0 num_rows=2097152 shared_suffix=64 segment_profile=tiny8,True,False,1,1.1375535964965822,0.3967421831325296,72.36474514007568,"{""num_rows"": ""2097152"", ""segment_profile"": ""tiny8"", ""shared_suffix"": ""64""}"
experiment-3,stable-warps-0,sorted_order_strings_segments,Device=0 num_rows=32768 shared_suffix=0 segment_profile=tiny16,True,False,1,0.1604367986321449,0.9256343703871693,1.1391592025756836,"{""num_rows"": ""32768"", ""segment_profile"": ""tiny16"", ""shared_suffix"": ""0""}"
experiment-3,stable-warps-0,sorted_order_strings_segments,Device=0 num_rows=2097152 shared_suffix=0 segment_profile=tiny16,True,False,1,0.6091488003730774,0.49261646892819694,72.36474514007568,"{""num_rows"": ""2097152"", ""segment_profile"": ""tiny16"", ""shared_suffix"": ""0""}"
experiment-3,stable-warps-0,sorted_order_strings_segments,Device=0 num_rows=32768 shared_suffix=64 segment_profile=tiny16,True,False,1,0.1854975983500481,0.9143847582118395,1.1391592025756836,"{""num_rows"": ""32768"", ""segment_profile"": ""tiny16"", ""shared_suffix"": ""64""}"
experiment-3,stable-warps-0,sorted_order_strings_segments,Device=0 num_rows=2097152 shared_suffix=64 segment_profile=tiny16,True,False,1,1.3509888052940369,0.2501180950609219,72.36474514007568,"{""num_rows"": ""2097152"", ""segment_profile"": ""tiny16"", ""shared_suffix"": ""64""}"
experiment-3,stable-warps-0,sorted_order_strings_segments,Device=0 num_rows=32768 shared_suffix=0 segment_profile=tiny32,True,False,1,0.16346719861030581,1.2890056260358171,1.1391592025756836,"{""num_rows"": ""32768"", ""segment_profile"": ""tiny32"", ""shared_suffix"": ""0""}"
experiment-3,stable-warps-0,sorted_order_strings_segments,Device=0 num_rows=2097152 shared_suffix=0 segment_profile=tiny32,True,False,1,0.6594367980957031,0.33463023271471704,72.36474514007568,"{""num_rows"": ""2097152"", ""segment_profile"": ""tiny32"", ""shared_suffix"": ""0""}"
experiment-3,stable-warps-0,sorted_order_strings_segments,Device=0 num_rows=32768 shared_suffix=64 segment_profile=tiny32,True,False,1,0.19458400160074232,1.1737645722342211,1.1391592025756836,"{""num_rows"": ""32768"", ""segment_profile"": ""tiny32"", ""shared_suffix"": ""64""}"
experiment-3,stable-warps-0,sorted_order_strings_segments,Device=0 num_rows=2097152 shared_suffix=64 segment_profile=tiny32,True,False,1,1.6417136013507843,0.2011381961692833,72.36474514007568,"{""num_rows"": ""2097152"", ""segment_profile"": ""tiny32"", ""shared_suffix"": ""64""}"
experiment-15,stable-warps-1,sorted_order_strings_segments,Device=0 num_rows=32768 shared_suffix=0 segment_profile=pairs,True,True,1,0.15848320052027703,1.1480330745337644,1.1391592025756836,"{""num_rows"": ""32768"", ""segment_profile"": ""pairs"", ""shared_suffix"": ""0""}"
experiment-15,stable-warps-1,sorted_order_strings_segments,Device=0 num_rows=2097152 shared_suffix=0 segment_profile=pairs,True,True,1,0.6460127949714661,0.9691549522570281,72.36474514007568,"{""num_rows"": ""2097152"", ""segment_profile"": ""pairs"", ""shared_suffix"": ""0""}"
experiment-15,stable-warps-1,sorted_order_strings_segments,Device=0 num_rows=32768 shared_suffix=64 segment_profile=pairs,True,True,1,0.16089280024170874,0.6989331103686997,1.1391592025756836,"{""num_rows"": ""32768"", ""segment_profile"": ""pairs"", ""shared_suffix"": ""64""}"
experiment-15,stable-warps-1,sorted_order_strings_segments,Device=0 num_rows=2097152 shared_suffix=64 segment_profile=pairs,True,True,1,0.8191504031419753,0.7927812886742451,72.36474514007568,"{""num_rows"": ""2097152"", ""segment_profile"": ""pairs"", ""shared_suffix"": ""64""}"
experiment-15,stable-warps-1,sorted_order_strings_segments,Device=0 num_rows=32768 shared_suffix=0 segment_profile=tiny4,True,True,1,0.1561040014028549,1.053242686420992,1.1391592025756836,"{""num_rows"": ""32768"", ""segment_profile"": ""tiny4"", ""shared_suffix"": ""0""}"
experiment-15,stable-warps-1,sorted_order_strings_segments,Device=0 num_rows=2097152 shared_suffix=0 segment_profile=tiny4,True,True,1,0.5751471996307373,0.663806098562935,72.36474514007568,"{""num_rows"": ""2097152"", ""segment_profile"": ""tiny4"", ""shared_suffix"": ""0""}"
experiment-15,stable-warps-1,sorted_order_strings_segments,Device=0 num_rows=32768 shared_suffix=64 segment_profile=tiny4,True,True,1,0.16836479976773258,1.8154617811700433,1.1391592025756836,"{""num_rows"": ""32768"", ""segment_profile"": ""tiny4"", ""shared_suffix"": ""64""}"
experiment-15,stable-warps-1,sorted_order_strings_segments,Device=0 num_rows=2097152 shared_suffix=64 segment_profile=tiny4,True,True,1,0.912905600667,3.1923457685567267,72.36474514007568,"{""num_rows"": ""2097152"", ""segment_profile"": ""tiny4"", ""shared_suffix"": ""64""}"
experiment-15,stable-warps-1,sorted_order_strings_segments,Device=0 num_rows=32768 shared_suffix=0 segment_profile=tiny8,True,True,1,0.1583599992096424,0.5402247787928794,1.1391592025756836,"{""num_rows"": ""32768"", ""segment_profile"": ""tiny8"", ""shared_suffix"": ""0""}"
experiment-15,stable-warps-1,sorted_order_strings_segments,Device=0 num_rows=2097152 shared_suffix=0 segment_profile=tiny8,True,True,1,0.5789087951183318,0.801640439312207,72.36474514007568,"{""num_rows"": ""2097152"", ""segment_profile"": ""tiny8"", ""shared_suffix"": ""0""}"
experiment-15,stable-warps-1,sorted_order_strings_segments,Device=0 num_rows=32768 shared_suffix=64 segment_profile=tiny8,True,True,1,0.17577759996056555,1.25618840631924,1.1391592025756836,"{""num_rows"": ""32768"", ""segment_profile"": ""tiny8"", ""shared_suffix"": ""64""}"
experiment-15,stable-warps-1,sorted_order_strings_segments,Device=0 num_rows=2097152 shared_suffix=64 segment_profile=tiny8,True,True,1,1.1399311900138855,0.3184299459800091,72.36474514007568,"{""num_rows"": ""2097152"", ""segment_profile"": ""tiny8"", ""shared_suffix"": ""64""}"
experiment-15,stable-warps-1,sorted_order_strings_segments,Device=0 num_rows=32768 shared_suffix=0 segment_profile=tiny16,True,True,1,0.15985439866781231,0.7313310863361228,1.1391592025756836,"{""num_rows"": ""32768"", ""segment_profile"": ""tiny16"", ""shared_suffix"": ""0""}"
experiment-15,stable-warps-1,sorted_order_strings_segments,Device=0 num_rows=2097152 shared_suffix=0 segment_profile=tiny16,True,True,1,0.6070688009262085,0.5437000471262408,72.36474514007568,"{""num_rows"": ""2097152"", ""segment_profile"": ""tiny16"", ""shared_suffix"": ""0""}"
experiment-15,stable-warps-1,sorted_order_strings_segments,Device=0 num_rows=32768 shared_suffix=64 segment_profile=tiny16,True,True,1,0.18348480090498923,1.4516329890427822,1.1391592025756836,"{""num_rows"": ""32768"", ""segment_profile"": ""tiny16"", ""shared_suffix"": ""64""}"
experiment-15,stable-warps-1,sorted_order_strings_segments,Device=0 num_rows=2097152 shared_suffix=64 segment_profile=tiny16,True,True,1,1.3480159997940062,0.29309508895701186,72.36474514007568,"{""num_rows"": ""2097152"", ""segment_profile"": ""tiny16"", ""shared_suffix"": ""64""}"
experiment-15,stable-warps-1,sorted_order_strings_segments,Device=0 num_rows=32768 shared_suffix=0 segment_profile=tiny32,True,True,1,0.1626607991755009,1.1007415020601974,1.1391592025756836,"{""num_rows"": ""32768"", ""segment_profile"": ""tiny32"", ""shared_suffix"": ""0""}"
experiment-15,stable-warps-1,sorted_order_strings_segments,Device=0 num_rows=2097152 shared_suffix=0 segment_profile=tiny32,True,True,1,0.6604879945516586,0.5107517684349197,72.36474514007568,"{""num_rows"": ""2097152"", ""segment_profile"": ""tiny32"", ""shared_suffix"": ""0""}"
experiment-15,stable-warps-1,sorted_order_strings_segments,Device=0 num_rows=32768 shared_suffix=64 segment_profile=tiny32,True,True,1,0.19379359930753706,1.0700117736197257,1.1391592025756836,"{""num_rows"": ""32768"", ""segment_profile"": ""tiny32"", ""shared_suffix"": ""64""}"
experiment-15,stable-warps-1,sorted_order_strings_segments,Device=0 num_rows=2097152 shared_suffix=64 segment_profile=tiny32,True,True,1,1.6414752006530762,0.2692984604233969,72.36474514007568,"{""num_rows"": ""2097152"", ""segment_profile"": ""tiny32"", ""shared_suffix"": ""64""}"
experiment-31,target,sorted_order_strings_cardinality,Device=0 num_rows=262144 max_width=32 cardinality=1,False,False,0,0.008115199930034579,7.520350416798857,1.0,"{""cardinality"": ""1"", ""max_width"": ""32"", ""num_rows"": ""262144""}"
experiment-31,target,sorted_order_strings_cardinality,Device=0 num_rows=2097152 max_width=32 cardinality=1,False,False,0,0.008627199986949562,2.3192058235542863,8.0,"{""cardinality"": ""1"", ""max_width"": ""32"", ""num_rows"": ""2097152""}"
experiment-31,target,sorted_order_strings_cardinality,Device=0 num_rows=262144 max_width=128 cardinality=1,False,False,0,0.2516960002481938,1.2900037250750778,9.053221702575684,"{""cardinality"": ""1"", ""max_width"": ""128"", ""num_rows"": ""262144""}"
experiment-31,target,sorted_order_strings_cardinality,Device=0 num_rows=2097152 max_width=128 cardinality=1,False,False,0,0.854732808470726,0.6224066273122479,72.36474514007568,"{""cardinality"": ""1"", ""max_width"": ""128"", ""num_rows"": ""2097152""}"
experiment-31,target,sorted_order_strings_cardinality,Device=0 num_rows=262144 max_width=32 cardinality=64,False,False,0,0.46202239990234384,2.560002367821037,9.053221702575684,"{""cardinality"": ""64"", ""max_width"": ""32"", ""num_rows"": ""262144""}"
experiment-31,target,sorted_order_strings_cardinality,Device=0 num_rows=2097152 max_width=32 cardinality=64,False,False,0,0.7514975994825362,1.249875949379388,72.36474514007568,"{""cardinality"": ""64"", ""max_width"": ""32"", ""num_rows"": ""2097152""}"
experiment-31,target,sorted_order_strings_cardinality,Device=0 num_rows=262144 max_width=128 cardinality=64,False,False,0,0.9828527987003324,2.9127373549134714,9.053221702575684,"{""cardinality"": ""64"", ""max_width"": ""128"", ""num_rows"": ""262144""}"
experiment-31,target,sorted_order_strings_cardinality,Device=0 num_rows=2097152 max_width=128 cardinality=64,False,False,0,0.8960255980491637,1.3983517224052575,72.36474514007568,"{""cardinality"": ""64"", ""max_width"": ""128"", ""num_rows"": ""2097152""}"
experiment-31,target,sorted_order_strings_cardinality,Device=0 num_rows=262144 max_width=32 cardinality=0,False,False,0,0.2583568051457405,0.6601940308947795,9.053221702575684,"{""cardinality"": ""0"", ""max_width"": ""32"", ""num_rows"": ""262144""}"
experiment-31,target,sorted_order_strings_cardinality,Device=0 num_rows=2097152 max_width=32 cardinality=0,False,False,0,0.5119887948036195,0.6910467426338283,72.36474514007568,"{""cardinality"": ""0"", ""max_width"": ""32"", ""num_rows"": ""2097152""}"
experiment-31,target,sorted_order_strings_cardinality,Device=0 num_rows=262144 max_width=128 cardinality=0,False,False,0,0.2547567993402481,1.2318700305831594,9.053221702575684,"{""cardinality"": ""0"", ""max_width"": ""128"", ""num_rows"": ""262144""}"
experiment-31,target,sorted_order_strings_cardinality,Device=0 num_rows=2097152 max_width=128 cardinality=0,False,False,0,0.5170319944620133,0.5409633340841636,72.36474514007568,"{""cardinality"": ""0"", ""max_width"": ""128"", ""num_rows"": ""2097152""}"
experiment-31,target,sorted_order_strings_prefixes,Device=0 num_rows=262144 prefix_width=4 suffix_width=32 prefix_cardinality=1,False,False,0,0.22836639955639843,0.47734797144158897,9.053221702575684,"{""num_rows"": ""262144"", ""prefix_cardinality"": ""1"", ""prefix_width"": ""4"", ""suffix_width"": ""32""}"
experiment-31,target,sorted_order_strings_prefixes,Device=0 num_rows=2097152 prefix_width=4 suffix_width=32 prefix_cardinality=1,False,False,0,0.44339359700679787,0.4794100694050122,72.36474514007568,"{""num_rows"": ""2097152"", ""prefix_cardinality"": ""1"", ""prefix_width"": ""4"", ""suffix_width"": ""32""}"
experiment-31,target,sorted_order_strings_prefixes,Device=0 num_rows=262144 prefix_width=8 suffix_width=32 prefix_cardinality=1,False,False,0,0.6554271936416627,0.4209470185266485,9.053221702575684,"{""num_rows"": ""262144"", ""prefix_cardinality"": ""1"", ""prefix_width"": ""8"", ""suffix_width"": ""32""}"
experiment-31,target,sorted_order_strings_prefixes,Device=0 num_rows=2097152 prefix_width=8 suffix_width=32 prefix_cardinality=1,False,False,0,4.7004079818725595,0.32869062396776605,72.36474514007568,"{""num_rows"": ""2097152"", ""prefix_cardinality"": ""1"", ""prefix_width"": ""8"", ""suffix_width"": ""32""}"
experiment-31,target,sorted_order_strings_prefixes,Device=0 num_rows=262144 prefix_width=10 suffix_width=32 prefix_cardinality=1,False,False,0,0.69619200527668,0.4054469205341849,9.053221702575684,"{""num_rows"": ""262144"", ""prefix_cardinality"": ""1"", ""prefix_width"": ""10"", ""suffix_width"": ""32""}"
experiment-31,target,sorted_order_strings_prefixes,Device=0 num_rows=2097152 prefix_width=10 suffix_width=32 prefix_cardinality=1,False,False,0,4.93631043434143,0.3971602269778789,72.36474514007568,"{""num_rows"": ""2097152"", ""prefix_cardinality"": ""1"", ""prefix_width"": ""10"", ""suffix_width"": ""32""}"
experiment-31,target,sorted_order_strings_prefixes,Device=0 num_rows=262144 prefix_width=11 suffix_width=32 prefix_cardinality=1,False,False,0,0.7027231991291046,0.4604143824078177,9.053221702575684,"{""num_rows"": ""262144"", ""prefix_cardinality"": ""1"", ""prefix_width"": ""11"", ""suffix_width"": ""32""}"
experiment-31,target,sorted_order_strings_prefixes,Device=0 num_rows=2097152 prefix_width=11 suffix_width=32 prefix_cardinality=1,False,False,0,4.992715167999267,0.2299568244191173,72.36474514007568,"{""num_rows"": ""2097152"", ""prefix_cardinality"": ""1"", ""prefix_width"": ""11"", ""suffix_width"": ""32""}"
experiment-31,target,sorted_order_strings_prefixes,Device=0 num_rows=262144 prefix_width=12 suffix_width=32 prefix_cardinality=1,False,False,0,0.7152496010065078,0.48535548743312606,9.053221702575684,"{""num_rows"": ""262144"", ""prefix_cardinality"": ""1"", ""prefix_width"": ""12"", ""suffix_width"": ""32""}"
experiment-31,target,sorted_order_strings_prefixes,Device=0 num_rows=2097152 prefix_width=12 suffix_width=32 prefix_cardinality=1,False,False,0,5.049569606781006,0.2513519846504951,72.36474514007568,"{""num_rows"": ""2097152"", ""prefix_cardinality"": ""1"", ""prefix_width"": ""12"", ""suffix_width"": ""32""}"
experiment-31,target,sorted_order_strings_prefixes,Device=0 num_rows=262144 prefix_width=64 suffix_width=32 prefix_cardinality=1,False,False,0,0.7147200018167496,0.4948909016177807,9.053221702575684,"{""num_rows"": ""262144"", ""prefix_cardinality"": ""1"", ""prefix_width"": ""64"", ""suffix_width"": ""32""}"
experiment-31,target,sorted_order_strings_prefixes,Device=0 num_rows=2097152 prefix_width=64 suffix_width=32 prefix_cardinality=1,False,False,0,5.570067238807678,0.26970170788319003,72.36474514007568,"{""num_rows"": ""2097152"", ""prefix_cardinality"": ""1"", ""prefix_width"": ""64"", ""suffix_width"": ""32""}"
experiment-31,target,sorted_order_strings_prefixes,Device=0 num_rows=262144 prefix_width=4 suffix_width=32 prefix_cardinality=64,False,False,0,0.19472479969263076,0.937795277149177,9.053221702575684,"{""num_rows"": ""262144"", ""prefix_cardinality"": ""64"", ""prefix_width"": ""4"", ""suffix_width"": ""32""}"
experiment-31,target,sorted_order_strings_prefixes,Device=0 num_rows=2097152 prefix_width=4 suffix_width=32 prefix_cardinality=64,False,False,0,0.41238880008459095,0.9670218050910999,72.36474514007568,"{""num_rows"": ""2097152"", ""prefix_cardinality"": ""64"", ""prefix_width"": ""4"", ""suffix_width"": ""32""}"
experiment-31,target,sorted_order_strings_prefixes,Device=0 num_rows=262144 prefix_width=8 suffix_width=32 prefix_cardinality=64,False,False,0,0.44540800005197523,0.4408424828068569,9.053221702575684,"{""num_rows"": ""262144"", ""prefix_cardinality"": ""64"", ""prefix_width"": ""8"", ""suffix_width"": ""32""}"
experiment-31,target,sorted_order_strings_prefixes,Device=0 num_rows=2097152 prefix_width=8 suffix_width=32 prefix_cardinality=64,False,False,0,4.179646372795104,0.22011070016830442,72.36474514007568,"{""num_rows"": ""2097152"", ""prefix_cardinality"": ""64"", ""prefix_width"": ""8"", ""suffix_width"": ""32""}"
experiment-31,target,sorted_order_strings_prefixes,Device=0 num_rows=262144 prefix_width=10 suffix_width=32 prefix_cardinality=64,False,False,0,0.48042399883270265,0.4857496034796619,9.053221702575684,"{""num_rows"": ""262144"", ""prefix_cardinality"": ""64"", ""prefix_width"": ""10"", ""suffix_width"": ""32""}"
experiment-31,target,sorted_order_strings_prefixes,Device=0 num_rows=2097152 prefix_width=10 suffix_width=32 prefix_cardinality=64,False,False,0,4.510247969627381,0.3326127354661361,72.36474514007568,"{""num_rows"": ""2097152"", ""prefix_cardinality"": ""64"", ""prefix_width"": ""10"", ""suffix_width"": ""32""}"
experiment-31,target,sorted_order_strings_prefixes,Device=0 num_rows=262144 prefix_width=11 suffix_width=32 prefix_cardinality=64,False,False,0,0.4952767997980117,0.9593732770831744,9.053221702575684,"{""num_rows"": ""262144"", ""prefix_cardinality"": ""64"", ""prefix_width"": ""11"", ""suffix_width"": ""32""}"
experiment-31,target,sorted_order_strings_prefixes,Device=0 num_rows=2097152 prefix_width=11 suffix_width=32 prefix_cardinality=64,False,False,0,4.579180836677551,0.8190524317099603,72.36474514007568,"{""num_rows"": ""2097152"", ""prefix_cardinality"": ""64"", ""prefix_width"": ""11"", ""suffix_width"": ""32""}"
experiment-31,target,sorted_order_strings_prefixes,Device=0 num_rows=262144 prefix_width=12 suffix_width=32 prefix_cardinality=64,False,False,0,0.5020527988672255,0.5217348843331814,9.053221702575684,"{""num_rows"": ""262144"", ""prefix_cardinality"": ""64"", ""prefix_width"": ""12"", ""suffix_width"": ""32""}"
experiment-31,target,sorted_order_strings_prefixes,Device=0 num_rows=2097152 prefix_width=12 suffix_width=32 prefix_cardinality=64,False,False,0,4.6328432083129885,0.39636722762003246,72.36474514007568,"{""num_rows"": ""2097152"", ""prefix_cardinality"": ""64"", ""prefix_width"": ""12"", ""suffix_width"": ""32""}"
experiment-31,target,sorted_order_strings_prefixes,Device=0 num_rows=262144 prefix_width=64 suffix_width=32 prefix_cardinality=64,False,False,0,1.0739823937416078,0.35268461973278026,9.053221702575684,"{""num_rows"": ""262144"", ""prefix_cardinality"": ""64"", ""prefix_width"": ""64"", ""suffix_width"": ""32""}"
experiment-31,target,sorted_order_strings_prefixes,Device=0 num_rows=2097152 prefix_width=64 suffix_width=32 prefix_cardinality=64,False,False,0,5.078673624992371,0.2676373017618181,72.36474514007568,"{""num_rows"": ""2097152"", ""prefix_cardinality"": ""64"", ""prefix_width"": ""64"", ""suffix_width"": ""32""}"
experiment-31,segments,sorted_order_strings_segments,Device=0 num_rows=32768 shared_suffix=0 segment_profile=singletons,False,False,1,0.13695680052042006,1.5838932227474716,1.1391592025756836,"{""num_rows"": ""32768"", ""segment_profile"": ""singletons"", ""shared_suffix"": ""0""}"
experiment-31,segments,sorted_order_strings_segments,Device=0 num_rows=2097152 shared_suffix=0 segment_profile=singletons,False,False,1,0.3508720025420189,0.9266020810534996,72.36474514007568,"{""num_rows"": ""2097152"", ""segment_profile"": ""singletons"", ""shared_suffix"": ""0""}"
experiment-31,segments,sorted_order_strings_segments,Device=0 num_rows=32768 shared_suffix=64 segment_profile=singletons,False,False,1,0.13832320049405097,2.4445480739972756,1.1391592025756836,"{""num_rows"": ""32768"", ""segment_profile"": ""singletons"", ""shared_suffix"": ""64""}"
experiment-31,segments,sorted_order_strings_segments,Device=0 num_rows=2097152 shared_suffix=64 segment_profile=singletons,False,False,1,0.38879040032625195,0.7471767824282544,72.36474514007568,"{""num_rows"": ""2097152"", ""segment_profile"": ""singletons"", ""shared_suffix"": ""64""}"
experiment-31,segments,sorted_order_strings_segments,Device=0 num_rows=32768 shared_suffix=0 segment_profile=pairs,False,False,1,0.1543152004480362,0.7976536568629699,1.1391592025756836,"{""num_rows"": ""32768"", ""segment_profile"": ""pairs"", ""shared_suffix"": ""0""}"
experiment-31,segments,sorted_order_strings_segments,Device=0 num_rows=2097152 shared_suffix=0 segment_profile=pairs,False,False,1,0.6446943998336793,1.1329261838006623,72.36474514007568,"{""num_rows"": ""2097152"", ""segment_profile"": ""pairs"", ""shared_suffix"": ""0""}"
experiment-31,segments,sorted_order_strings_segments,Device=0 num_rows=32768 shared_suffix=64 segment_profile=pairs,False,False,1,0.15735519975423815,0.8449270100588491,1.1391592025756836,"{""num_rows"": ""32768"", ""segment_profile"": ""pairs"", ""shared_suffix"": ""64""}"
experiment-31,segments,sorted_order_strings_segments,Device=0 num_rows=2097152 shared_suffix=64 segment_profile=pairs,False,False,1,0.8201599985361099,1.0398171710634503,72.36474514007568,"{""num_rows"": ""2097152"", ""segment_profile"": ""pairs"", ""shared_suffix"": ""64""}"
experiment-31,segments,sorted_order_strings_segments,Device=0 num_rows=32768 shared_suffix=0 segment_profile=tiny4,False,False,1,0.15531359985470775,0.5530710324390841,1.1391592025756836,"{""num_rows"": ""32768"", ""segment_profile"": ""tiny4"", ""shared_suffix"": ""0""}"
experiment-31,segments,sorted_order_strings_segments,Device=0 num_rows=2097152 shared_suffix=0 segment_profile=tiny4,False,False,1,0.5722479999065399,0.9746590672960661,72.36474514007568,"{""num_rows"": ""2097152"", ""segment_profile"": ""tiny4"", ""shared_suffix"": ""0""}"
experiment-31,segments,sorted_order_strings_segments,Device=0 num_rows=32768 shared_suffix=64 segment_profile=tiny4,False,False,1,0.16604960039258004,0.8520433582896192,1.1391592025756836,"{""num_rows"": ""32768"", ""segment_profile"": ""tiny4"", ""shared_suffix"": ""64""}"
experiment-31,segments,sorted_order_strings_segments,Device=0 num_rows=2097152 shared_suffix=64 segment_profile=tiny4,False,False,1,0.908790409564972,0.5548453356939981,72.36474514007568,"{""num_rows"": ""2097152"", ""segment_profile"": ""tiny4"", ""shared_suffix"": ""64""}"
experiment-31,segments,sorted_order_strings_segments,Device=0 num_rows=32768 shared_suffix=0 segment_profile=tiny8,False,False,1,0.15812319964170454,0.757249527855574,1.1391592025756836,"{""num_rows"": ""32768"", ""segment_profile"": ""tiny8"", ""shared_suffix"": ""0""}"
experiment-31,segments,sorted_order_strings_segments,Device=0 num_rows=2097152 shared_suffix=0 segment_profile=tiny8,False,False,1,0.5854688048362732,0.6844881678923173,72.36474514007568,"{""num_rows"": ""2097152"", ""segment_profile"": ""tiny8"", ""shared_suffix"": ""0""}"
experiment-31,segments,sorted_order_strings_segments,Device=0 num_rows=32768 shared_suffix=64 segment_profile=tiny8,False,False,1,0.17599680051207545,0.8783065346064635,1.1391592025756836,"{""num_rows"": ""32768"", ""segment_profile"": ""tiny8"", ""shared_suffix"": ""64""}"
experiment-31,segments,sorted_order_strings_segments,Device=0 num_rows=2097152 shared_suffix=64 segment_profile=tiny8,False,False,1,1.1440335929393768,0.4516657886276758,72.36474514007568,"{""num_rows"": ""2097152"", ""segment_profile"": ""tiny8"", ""shared_suffix"": ""64""}"
experiment-31,segments,sorted_order_strings_segments,Device=0 num_rows=32768 shared_suffix=0 segment_profile=tiny16,False,False,1,0.16152799949049948,1.759600440585473,1.1391592025756836,"{""num_rows"": ""32768"", ""segment_profile"": ""tiny16"", ""shared_suffix"": ""0""}"
experiment-31,segments,sorted_order_strings_segments,Device=0 num_rows=2097152 shared_suffix=0 segment_profile=tiny16,False,False,1,0.6205216020345687,0.3183220145474919,72.36474514007568,"{""num_rows"": ""2097152"", ""segment_profile"": ""tiny16"", ""shared_suffix"": ""0""}"
experiment-31,segments,sorted_order_strings_segments,Device=0 num_rows=32768 shared_suffix=64 segment_profile=tiny16,False,False,1,0.18362880051136019,1.0728155788936906,1.1391592025756836,"{""num_rows"": ""32768"", ""segment_profile"": ""tiny16"", ""shared_suffix"": ""64""}"
experiment-31,segments,sorted_order_strings_segments,Device=0 num_rows=2097152 shared_suffix=64 segment_profile=tiny16,False,False,1,1.3612111926078794,0.2684125898165891,72.36474514007568,"{""num_rows"": ""2097152"", ""segment_profile"": ""tiny16"", ""shared_suffix"": ""64""}"
experiment-31,segments,sorted_order_strings_segments,Device=0 num_rows=32768 shared_suffix=0 segment_profile=tiny32,False,False,1,0.16203519925475118,1.4028358469959756,1.1391592025756836,"{""num_rows"": ""32768"", ""segment_profile"": ""tiny32"", ""shared_suffix"": ""0""}"
experiment-31,segments,sorted_order_strings_segments,Device=0 num_rows=2097152 shared_suffix=0 segment_profile=tiny32,False,False,1,0.6704416006803513,0.5174117060025721,72.36474514007568,"{""num_rows"": ""2097152"", ""segment_profile"": ""tiny32"", ""shared_suffix"": ""0""}"
experiment-31,segments,sorted_order_strings_segments,Device=0 num_rows=32768 shared_suffix=64 segment_profile=tiny32,False,False,1,0.19203200042247773,2.380719274641975,1.1391592025756836,"{""num_rows"": ""32768"", ""segment_profile"": ""tiny32"", ""shared_suffix"": ""64""}"
experiment-31,segments,sorted_order_strings_segments,Device=0 num_rows=2097152 shared_suffix=64 segment_profile=tiny32,False,False,1,1.6513583958148956,0.2117743205603036,72.36474514007568,"{""num_rows"": ""2097152"", ""segment_profile"": ""tiny32"", ""shared_suffix"": ""64""}"
experiment-31,segments,sorted_order_strings_segments,Device=0 num_rows=32768 shared_suffix=0 segment_profile=block256,False,False,1,0.17227199971675874,1.7032354536078727,1.1391592025756836,"{""num_rows"": ""32768"", ""segment_profile"": ""block256"", ""shared_suffix"": ""0""}"
experiment-31,segments,sorted_order_strings_segments,Device=0 num_rows=2097152 shared_suffix=0 segment_profile=block256,False,False,1,1.1163392007350923,0.26895487036680676,72.36474514007568,"{""num_rows"": ""2097152"", ""segment_profile"": ""block256"", ""shared_suffix"": ""0""}"
experiment-31,segments,sorted_order_strings_segments,Device=0 num_rows=32768 shared_suffix=64 segment_profile=block256,False,False,1,0.23668799921870232,0.9884532932721725,1.1391592025756836,"{""num_rows"": ""32768"", ""segment_profile"": ""block256"", ""shared_suffix"": ""64""}"
experiment-31,segments,sorted_order_strings_segments,Device=0 num_rows=2097152 shared_suffix=64 segment_profile=block256,False,False,1,3.2079135894775384,0.19315934665592366,72.36474514007568,"{""num_rows"": ""2097152"", ""segment_profile"": ""block256"", ""shared_suffix"": ""64""}"
experiment-31,segments,sorted_order_strings_segments,Device=0 num_rows=32768 shared_suffix=0 segment_profile=logarithmic,False,False,1,0.3508416011929512,0.31708661971431185,1.1391592025756836,"{""num_rows"": ""32768"", ""segment_profile"": ""logarithmic"", ""shared_suffix"": ""0""}"
experiment-31,segments,sorted_order_strings_segments,Device=0 num_rows=2097152 shared_suffix=0 segment_profile=logarithmic,False,False,1,2.5518447756767264,0.25133812943372175,72.36474514007568,"{""num_rows"": ""2097152"", ""segment_profile"": ""logarithmic"", ""shared_suffix"": ""0""}"
experiment-31,segments,sorted_order_strings_segments,Device=0 num_rows=32768 shared_suffix=64 segment_profile=logarithmic,False,False,1,0.9067440032958987,0.22555211107751957,1.1391592025756836,"{""num_rows"": ""32768"", ""segment_profile"": ""logarithmic"", ""shared_suffix"": ""64""}"
experiment-31,segments,sorted_order_strings_segments,Device=0 num_rows=2097152 shared_suffix=64 segment_profile=logarithmic,False,False,1,8.36466555595398,0.28423681630163555,72.36474514007568,"{""num_rows"": ""2097152"", ""segment_profile"": ""logarithmic"", ""shared_suffix"": ""64""}"
experiment-31,segments,sorted_order_strings_segments,Device=0 num_rows=32768 shared_suffix=0 segment_profile=tiny_plus_giant,False,False,1,0.27175680100917815,1.3030134130086035,1.1391592025756836,"{""num_rows"": ""32768"", ""segment_profile"": ""tiny_plus_giant"", ""shared_suffix"": ""0""}"
experiment-31,segments,sorted_order_strings_segments,Device=0 num_rows=2097152 shared_suffix=0 segment_profile=tiny_plus_giant,False,False,1,1.1357247948646545,0.31458728016000637,72.36474514007568,"{""num_rows"": ""2097152"", ""segment_profile"": ""tiny_plus_giant"", ""shared_suffix"": ""0""}"
experiment-31,segments,sorted_order_strings_segments,Device=0 num_rows=32768 shared_suffix=64 segment_profile=tiny_plus_giant,False,False,1,0.6797568053007127,0.9344631098414731,1.1391592025756836,"{""num_rows"": ""32768"", ""segment_profile"": ""tiny_plus_giant"", ""shared_suffix"": ""64""}"
experiment-31,segments,sorted_order_strings_segments,Device=0 num_rows=2097152 shared_suffix=64 segment_profile=tiny_plus_giant,False,False,1,2.044540810585022,0.22248291932044803,72.36474514007568,"{""num_rows"": ""2097152"", ""segment_profile"": ""tiny_plus_giant"", ""shared_suffix"": ""64""}"
experiment-31,segments,sorted_order_strings_segments,Device=0 num_rows=32768 shared_suffix=0 segment_profile=hot90,False,False,1,0.36428799778223037,1.1661373540761708,1.1391592025756836,"{""num_rows"": ""32768"", ""segment_profile"": ""hot90"", ""shared_suffix"": ""0""}"
experiment-31,segments,sorted_order_strings_segments,Device=0 num_rows=2097152 shared_suffix=0 segment_profile=hot90,False,False,1,4.212660813331604,0.18155539791770572,72.36474514007568,"{""num_rows"": ""2097152"", ""segment_profile"": ""hot90"", ""shared_suffix"": ""0""}"
experiment-31,segments,sorted_order_strings_segments,Device=0 num_rows=32768 shared_suffix=64 segment_profile=hot90,False,False,1,0.39114079922437667,1.107671811519162,1.1391592025756836,"{""num_rows"": ""32768"", ""segment_profile"": ""hot90"", ""shared_suffix"": ""64""}"
experiment-31,segments,sorted_order_strings_segments,Device=0 num_rows=2097152 shared_suffix=64 segment_profile=hot90,False,False,1,4.951243209838866,0.1228900491975089,72.36474514007568,"{""num_rows"": ""2097152"", ""segment_profile"": ""hot90"", ""shared_suffix"": ""64""}"
experiment-31,segments,sorted_order_strings_segments,Device=0 num_rows=32768 shared_suffix=0 segment_profile=few_giants,False,False,1,0.22150239869952204,1.7091139208085397,1.1391592025756836,"{""num_rows"": ""32768"", ""segment_profile"": ""few_giants"", ""shared_suffix"": ""0""}"
experiment-31,segments,sorted_order_strings_segments,Device=0 num_rows=2097152 shared_suffix=0 segment_profile=few_giants,False,False,1,1.082310390472412,0.5220457222865194,72.36474514007568,"{""num_rows"": ""2097152"", ""segment_profile"": ""few_giants"", ""shared_suffix"": ""0""}"
experiment-31,segments,sorted_order_strings_segments,Device=0 num_rows=32768 shared_suffix=64 segment_profile=few_giants,False,False,1,0.3933807983994484,0.8981950479375703,1.1391592025756836,"{""num_rows"": ""32768"", ""segment_profile"": ""few_giants"", ""shared_suffix"": ""64""}"
experiment-31,segments,sorted_order_strings_segments,Device=0 num_rows=2097152 shared_suffix=64 segment_profile=few_giants,False,False,1,2.0205152034759526,2.4000750757722438,72.36474514007568,"{""num_rows"": ""2097152"", ""segment_profile"": ""few_giants"", ""shared_suffix"": ""64""}"
experiment-31,segments,sorted_order_strings_segments,Device=0 num_rows=32768 shared_suffix=0 segment_profile=one_segment,False,False,1,0.2568399988114833,1.767331641927807,1.327681541442871,"{""num_rows"": ""32768"", ""segment_profile"": ""one_segment"", ""shared_suffix"": ""0""}"
experiment-31,segments,sorted_order_strings_segments,Device=0 num_rows=2097152 shared_suffix=0 segment_profile=one_segment,False,False,1,1.0343199968338015,0.42536389320774626,84.36576747894287,"{""num_rows"": ""2097152"", ""segment_profile"": ""one_segment"", ""shared_suffix"": ""0""}"
experiment-31,segments,sorted_order_strings_segments,Device=0 num_rows=32768 shared_suffix=64 segment_profile=one_segment,False,False,1,0.2713344007730483,1.4265639598392308,1.327681541442871,"{""num_rows"": ""32768"", ""segment_profile"": ""one_segment"", ""shared_suffix"": ""64""}"
experiment-31,segments,sorted_order_strings_segments,Device=0 num_rows=2097152 shared_suffix=64 segment_profile=one_segment,False,False,1,1.1618560194969176,0.4502516126843611,84.36576747894287,"{""num_rows"": ""2097152"", ""segment_profile"": ""one_segment"", ""shared_suffix"": ""64""}"
experiment-31,target,sorted_order_strings_cardinality,Device=0 num_rows=262144 max_width=32 cardinality=1,False,False,2,0.007081599975936114,12.716982551901182,1.0,"{""cardinality"": ""1"", ""max_width"": ""32"", ""num_rows"": ""262144""}"
experiment-31,target,sorted_order_strings_cardinality,Device=0 num_rows=2097152 max_width=32 cardinality=1,False,False,2,0.008827200019732117,6.014836165077319,8.0,"{""cardinality"": ""1"", ""max_width"": ""32"", ""num_rows"": ""2097152""}"
experiment-31,target,sorted_order_strings_cardinality,Device=0 num_rows=262144 max_width=128 cardinality=1,False,False,2,0.25317600071430213,1.4657604900928185,9.053221702575684,"{""cardinality"": ""1"", ""max_width"": ""128"", ""num_rows"": ""262144""}"
experiment-31,target,sorted_order_strings_cardinality,Device=0 num_rows=2097152 max_width=128 cardinality=1,False,False,2,0.8532288014888763,0.5946661966480609,72.36474514007568,"{""cardinality"": ""1"", ""max_width"": ""128"", ""num_rows"": ""2097152""}"
experiment-31,target,sorted_order_strings_cardinality,Device=0 num_rows=262144 max_width=32 cardinality=64,False,False,2,0.46166719943284995,2.915452709100014,9.053221702575684,"{""cardinality"": ""64"", ""max_width"": ""32"", ""num_rows"": ""262144""}"
experiment-31,target,sorted_order_strings_cardinality,Device=0 num_rows=2097152 max_width=32 cardinality=64,False,False,2,0.7498560041189195,1.2480479546025447,72.36474514007568,"{""cardinality"": ""64"", ""max_width"": ""32"", ""num_rows"": ""2097152""}"
experiment-31,target,sorted_order_strings_cardinality,Device=0 num_rows=262144 max_width=128 cardinality=64,False,False,2,0.9964991986751556,1.939260683781737,9.053221702575684,"{""cardinality"": ""64"", ""max_width"": ""128"", ""num_rows"": ""262144""}"
experiment-31,target,sorted_order_strings_cardinality,Device=0 num_rows=2097152 max_width=128 cardinality=64,False,False,2,0.8944384068250655,1.12034321391235,72.36474514007568,"{""cardinality"": ""64"", ""max_width"": ""128"", ""num_rows"": ""2097152""}"
experiment-31,target,sorted_order_strings_cardinality,Device=0 num_rows=262144 max_width=32 cardinality=0,False,False,2,0.2572735980153084,0.5620975978171648,9.053221702575684,"{""cardinality"": ""0"", ""max_width"": ""32"", ""num_rows"": ""262144""}"
experiment-31,target,sorted_order_strings_cardinality,Device=0 num_rows=2097152 max_width=32 cardinality=0,False,False,2,0.5128464013338089,0.3590562106505691,72.36474514007568,"{""cardinality"": ""0"", ""max_width"": ""32"", ""num_rows"": ""2097152""}"
experiment-31,target,sorted_order_strings_cardinality,Device=0 num_rows=262144 max_width=128 cardinality=0,False,False,2,0.2570656031370163,1.3820054940905557,9.053221702575684,"{""cardinality"": ""0"", ""max_width"": ""128"", ""num_rows"": ""262144""}"
experiment-31,target,sorted_order_strings_cardinality,Device=0 num_rows=2097152 max_width=128 cardinality=0,False,False,2,0.5139695972204209,0.6808067790229424,72.36474514007568,"{""cardinality"": ""0"", ""max_width"": ""128"", ""num_rows"": ""2097152""}"
experiment-31,target,sorted_order_strings_prefixes,Device=0 num_rows=262144 prefix_width=4 suffix_width=32 prefix_cardinality=1,False,False,2,0.23262240141630172,1.22595200952928,9.053221702575684,"{""num_rows"": ""262144"", ""prefix_cardinality"": ""1"", ""prefix_width"": ""4"", ""suffix_width"": ""32""}"
experiment-31,target,sorted_order_strings_prefixes,Device=0 num_rows=2097152 prefix_width=4 suffix_width=32 prefix_cardinality=1,False,False,2,0.44482879787683477,0.7767241710340376,72.36474514007568,"{""num_rows"": ""2097152"", ""prefix_cardinality"": ""1"", ""prefix_width"": ""4"", ""suffix_width"": ""32""}"
experiment-31,target,sorted_order_strings_prefixes,Device=0 num_rows=262144 prefix_width=8 suffix_width=32 prefix_cardinality=1,False,False,2,0.6536848038434983,0.5131591047112251,9.053221702575684,"{""num_rows"": ""262144"", ""prefix_cardinality"": ""1"", ""prefix_width"": ""8"", ""suffix_width"": ""32""}"
experiment-31,target,sorted_order_strings_prefixes,Device=0 num_rows=2097152 prefix_width=8 suffix_width=32 prefix_cardinality=1,False,False,2,4.698025631904601,0.3038372002778358,72.36474514007568,"{""num_rows"": ""2097152"", ""prefix_cardinality"": ""1"", ""prefix_width"": ""8"", ""suffix_width"": ""32""}"
experiment-31,target,sorted_order_strings_prefixes,Device=0 num_rows=262144 prefix_width=10 suffix_width=32 prefix_cardinality=1,False,False,2,0.7002608031034471,5.094403813400607,9.053221702575684,"{""num_rows"": ""262144"", ""prefix_cardinality"": ""1"", ""prefix_width"": ""10"", ""suffix_width"": ""32""}"
experiment-31,target,sorted_order_strings_prefixes,Device=0 num_rows=2097152 prefix_width=10 suffix_width=32 prefix_cardinality=1,False,False,2,4.935868811607361,0.38086903064572697,72.36474514007568,"{""num_rows"": ""2097152"", ""prefix_cardinality"": ""1"", ""prefix_width"": ""10"", ""suffix_width"": ""32""}"
experiment-31,target,sorted_order_strings_prefixes,Device=0 num_rows=262144 prefix_width=11 suffix_width=32 prefix_cardinality=1,False,False,2,0.7011199980974196,0.48329251663760797,9.053221702575684,"{""num_rows"": ""262144"", ""prefix_cardinality"": ""1"", ""prefix_width"": ""11"", ""suffix_width"": ""32""}"
experiment-31,target,sorted_order_strings_prefixes,Device=0 num_rows=2097152 prefix_width=11 suffix_width=32 prefix_cardinality=1,False,False,2,4.987551975250244,0.2526936874444893,72.36474514007568,"{""num_rows"": ""2097152"", ""prefix_cardinality"": ""1"", ""prefix_width"": ""11"", ""suffix_width"": ""32""}"
experiment-31,target,sorted_order_strings_prefixes,Device=0 num_rows=262144 prefix_width=12 suffix_width=32 prefix_cardinality=1,False,False,2,0.7132383972406388,0.4708389369857226,9.053221702575684,"{""num_rows"": ""262144"", ""prefix_cardinality"": ""1"", ""prefix_width"": ""12"", ""suffix_width"": ""32""}"
experiment-31,target,sorted_order_strings_prefixes,Device=0 num_rows=2097152 prefix_width=12 suffix_width=32 prefix_cardinality=1,False,False,2,5.050347185134887,0.24276192732191507,72.36474514007568,"{""num_rows"": ""2097152"", ""prefix_cardinality"": ""1"", ""prefix_width"": ""12"", ""suffix_width"": ""32""}"
experiment-31,target,sorted_order_strings_prefixes,Device=0 num_rows=262144 prefix_width=64 suffix_width=32 prefix_cardinality=1,False,False,2,0.7160528033971786,0.9121210408400721,9.053221702575684,"{""num_rows"": ""262144"", ""prefix_cardinality"": ""1"", ""prefix_width"": ""64"", ""suffix_width"": ""32""}"
experiment-31,target,sorted_order_strings_prefixes,Device=0 num_rows=2097152 prefix_width=64 suffix_width=32 prefix_cardinality=1,False,False,2,5.55889277458191,0.22864639113165858,72.36474514007568,"{""num_rows"": ""2097152"", ""prefix_cardinality"": ""1"", ""prefix_width"": ""64"", ""suffix_width"": ""32""}"
experiment-31,target,sorted_order_strings_prefixes,Device=0 num_rows=262144 prefix_width=4 suffix_width=32 prefix_cardinality=64,False,False,2,0.19580319896340367,1.6873907225566174,9.053221702575684,"{""num_rows"": ""262144"", ""prefix_cardinality"": ""64"", ""prefix_width"": ""4"", ""suffix_width"": ""32""}"
experiment-31,target,sorted_order_strings_prefixes,Device=0 num_rows=2097152 prefix_width=4 suffix_width=32 prefix_cardinality=64,False,False,2,0.41320160031318665,0.6655940342440292,72.36474514007568,"{""num_rows"": ""2097152"", ""prefix_cardinality"": ""64"", ""prefix_width"": ""4"", ""suffix_width"": ""32""}"
experiment-31,target,sorted_order_strings_prefixes,Device=0 num_rows=262144 prefix_width=8 suffix_width=32 prefix_cardinality=64,False,False,2,0.44457120150327684,0.9034602484375283,9.053221702575684,"{""num_rows"": ""262144"", ""prefix_cardinality"": ""64"", ""prefix_width"": ""8"", ""suffix_width"": ""32""}"
experiment-31,target,sorted_order_strings_prefixes,Device=0 num_rows=2097152 prefix_width=8 suffix_width=32 prefix_cardinality=64,False,False,2,4.181131219863893,0.29088119096838777,72.36474514007568,"{""num_rows"": ""2097152"", ""prefix_cardinality"": ""64"", ""prefix_width"": ""8"", ""suffix_width"": ""32""}"
experiment-31,target,sorted_order_strings_prefixes,Device=0 num_rows=262144 prefix_width=10 suffix_width=32 prefix_cardinality=64,False,False,2,0.48046880066394815,0.8690871511916297,9.053221702575684,"{""num_rows"": ""262144"", ""prefix_cardinality"": ""64"", ""prefix_width"": ""10"", ""suffix_width"": ""32""}"
experiment-31,target,sorted_order_strings_prefixes,Device=0 num_rows=2097152 prefix_width=10 suffix_width=32 prefix_cardinality=64,False,False,2,4.501492834091187,0.2786053397604215,72.36474514007568,"{""num_rows"": ""2097152"", ""prefix_cardinality"": ""64"", ""prefix_width"": ""10"", ""suffix_width"": ""32""}"
experiment-31,target,sorted_order_strings_prefixes,Device=0 num_rows=262144 prefix_width=11 suffix_width=32 prefix_cardinality=64,False,False,2,0.4943808004260064,0.6306027275078107,9.053221702575684,"{""num_rows"": ""262144"", ""prefix_cardinality"": ""64"", ""prefix_width"": ""11"", ""suffix_width"": ""32""}"
experiment-31,target,sorted_order_strings_prefixes,Device=0 num_rows=2097152 prefix_width=11 suffix_width=32 prefix_cardinality=64,False,False,2,4.5752623796463014,0.392790924853163,72.36474514007568,"{""num_rows"": ""2097152"", ""prefix_cardinality"": ""64"", ""prefix_width"": ""11"", ""suffix_width"": ""32""}"
experiment-31,target,sorted_order_strings_prefixes,Device=0 num_rows=262144 prefix_width=12 suffix_width=32 prefix_cardinality=64,False,False,2,0.5042288035154343,0.8409039286668765,9.053221702575684,"{""num_rows"": ""262144"", ""prefix_cardinality"": ""64"", ""prefix_width"": ""12"", ""suffix_width"": ""32""}"
experiment-31,target,sorted_order_strings_prefixes,Device=0 num_rows=2097152 prefix_width=12 suffix_width=32 prefix_cardinality=64,False,False,2,4.625928020477295,0.34405470120950327,72.36474514007568,"{""num_rows"": ""2097152"", ""prefix_cardinality"": ""64"", ""prefix_width"": ""12"", ""suffix_width"": ""32""}"
experiment-31,target,sorted_order_strings_prefixes,Device=0 num_rows=262144 prefix_width=64 suffix_width=32 prefix_cardinality=64,False,False,2,1.0748064100742338,0.9223850238415692,9.053221702575684,"{""num_rows"": ""262144"", ""prefix_cardinality"": ""64"", ""prefix_width"": ""64"", ""suffix_width"": ""32""}"
experiment-31,target,sorted_order_strings_prefixes,Device=0 num_rows=2097152 prefix_width=64 suffix_width=32 prefix_cardinality=64,False,False,2,5.087155199050904,0.7953331625944758,72.36474514007568,"{""num_rows"": ""2097152"", ""prefix_cardinality"": ""64"", ""prefix_width"": ""64"", ""suffix_width"": ""32""}"
baseline,stable-warps-1,sorted_order_strings_segments,Device=0 num_rows=32768 shared_suffix=0 segment_profile=pairs,True,True,2,0.15758240073919294,1.058470204863632,1.1391592025756836,"{""num_rows"": ""32768"", ""segment_profile"": ""pairs"", ""shared_suffix"": ""0""}"
baseline,stable-warps-1,sorted_order_strings_segments,Device=0 num_rows=2097152 shared_suffix=0 segment_profile=pairs,True,True,2,0.6596447974443435,1.0883253501268322,72.36474514007568,"{""num_rows"": ""2097152"", ""segment_profile"": ""pairs"", ""shared_suffix"": ""0""}"
baseline,stable-warps-1,sorted_order_strings_segments,Device=0 num_rows=32768 shared_suffix=64 segment_profile=pairs,True,True,2,0.1629936009645462,0.919474503810159,1.1391592025756836,"{""num_rows"": ""32768"", ""segment_profile"": ""pairs"", ""shared_suffix"": ""64""}"
baseline,stable-warps-1,sorted_order_strings_segments,Device=0 num_rows=2097152 shared_suffix=64 segment_profile=pairs,True,True,2,0.8665711998939513,0.8936450601696017,72.36474514007568,"{""num_rows"": ""2097152"", ""segment_profile"": ""pairs"", ""shared_suffix"": ""64""}"
baseline,stable-warps-1,sorted_order_strings_segments,Device=0 num_rows=32768 shared_suffix=0 segment_profile=tiny4,True,True,2,0.15824320018291477,1.7288167904887932,1.1391592025756836,"{""num_rows"": ""32768"", ""segment_profile"": ""tiny4"", ""shared_suffix"": ""0""}"
baseline,stable-warps-1,sorted_order_strings_segments,Device=0 num_rows=2097152 shared_suffix=0 segment_profile=tiny4,True,True,2,0.6240623980760575,0.7297545835319638,72.36474514007568,"{""num_rows"": ""2097152"", ""segment_profile"": ""tiny4"", ""shared_suffix"": ""0""}"
baseline,stable-warps-1,sorted_order_strings_segments,Device=0 num_rows=32768 shared_suffix=64 segment_profile=tiny4,True,True,2,0.17407040148973466,1.5189801826469749,1.1391592025756836,"{""num_rows"": ""32768"", ""segment_profile"": ""tiny4"", ""shared_suffix"": ""64""}"
baseline,stable-warps-1,sorted_order_strings_segments,Device=0 num_rows=2097152 shared_suffix=64 segment_profile=tiny4,True,True,2,1.0672095954418181,0.6381711866032118,72.36474514007568,"{""num_rows"": ""2097152"", ""segment_profile"": ""tiny4"", ""shared_suffix"": ""64""}"
baseline,stable-warps-1,sorted_order_strings_segments,Device=0 num_rows=32768 shared_suffix=0 segment_profile=tiny8,True,True,2,0.16692160144448281,0.9231111255039728,1.1391592025756836,"{""num_rows"": ""32768"", ""segment_profile"": ""tiny8"", ""shared_suffix"": ""0""}"
baseline,stable-warps-1,sorted_order_strings_segments,Device=0 num_rows=2097152 shared_suffix=0 segment_profile=tiny8,True,True,2,0.7114464074373246,0.5372648028029097,72.36474514007568,"{""num_rows"": ""2097152"", ""segment_profile"": ""tiny8"", ""shared_suffix"": ""0""}"
baseline,stable-warps-1,sorted_order_strings_segments,Device=0 num_rows=32768 shared_suffix=64 segment_profile=tiny8,True,True,2,0.1931712001562118,1.5977503266362023,1.1391592025756836,"{""num_rows"": ""32768"", ""segment_profile"": ""tiny8"", ""shared_suffix"": ""64""}"
baseline,stable-warps-1,sorted_order_strings_segments,Device=0 num_rows=2097152 shared_suffix=64 segment_profile=tiny8,True,True,2,1.5073040008544925,0.2475995540831658,72.36474514007568,"{""num_rows"": ""2097152"", ""segment_profile"": ""tiny8"", ""shared_suffix"": ""64""}"
baseline,stable-warps-1,sorted_order_strings_segments,Device=0 num_rows=32768 shared_suffix=0 segment_profile=tiny16,True,True,2,0.17236799746751783,0.9439519885472641,1.1391592025756836,"{""num_rows"": ""32768"", ""segment_profile"": ""tiny16"", ""shared_suffix"": ""0""}"
baseline,stable-warps-1,sorted_order_strings_segments,Device=0 num_rows=2097152 shared_suffix=0 segment_profile=tiny16,True,True,2,0.8091248005628584,1.9773542599727305,72.36474514007568,"{""num_rows"": ""2097152"", ""segment_profile"": ""tiny16"", ""shared_suffix"": ""0""}"
baseline,stable-warps-1,sorted_order_strings_segments,Device=0 num_rows=32768 shared_suffix=64 segment_profile=tiny16,True,True,2,0.20833600014448167,0.8914750488596168,1.1391592025756836,"{""num_rows"": ""32768"", ""segment_profile"": ""tiny16"", ""shared_suffix"": ""64""}"
baseline,stable-warps-1,sorted_order_strings_segments,Device=0 num_rows=2097152 shared_suffix=64 segment_profile=tiny16,True,True,2,1.9888368010520936,0.34918254068222726,72.36474514007568,"{""num_rows"": ""2097152"", ""segment_profile"": ""tiny16"", ""shared_suffix"": ""64""}"
baseline,stable-warps-1,sorted_order_strings_segments,Device=0 num_rows=32768 shared_suffix=0 segment_profile=tiny32,True,True,2,0.17693599984049793,1.3255791050982553,1.1391592025756836,"{""num_rows"": ""32768"", ""segment_profile"": ""tiny32"", ""shared_suffix"": ""0""}"
baseline,stable-warps-1,sorted_order_strings_segments,Device=0 num_rows=2097152 shared_suffix=0 segment_profile=tiny32,True,True,2,0.9344944030046465,0.3760391989111368,72.36474514007568,"{""num_rows"": ""2097152"", ""segment_profile"": ""tiny32"", ""shared_suffix"": ""0""}"
baseline,stable-warps-1,sorted_order_strings_segments,Device=0 num_rows=32768 shared_suffix=64 segment_profile=tiny32,True,True,2,0.2244927987456322,1.1724420197754573,1.1391592025756836,"{""num_rows"": ""32768"", ""segment_profile"": ""tiny32"", ""shared_suffix"": ""64""}"
baseline,stable-warps-1,sorted_order_strings_segments,Device=0 num_rows=2097152 shared_suffix=64 segment_profile=tiny32,True,True,2,2.529940795898438,0.2692898766517,72.36474514007568,"{""num_rows"": ""2097152"", ""segment_profile"": ""tiny32"", ""shared_suffix"": ""64""}"
experiment-15,target,sorted_order_strings_cardinality,Device=0 num_rows=262144 max_width=32 cardinality=1,False,False,1,0.0072815999854356035,6.301809540920138,1.0,"{""cardinality"": ""1"", ""max_width"": ""32"", ""num_rows"": ""262144""}"
experiment-15,target,sorted_order_strings_cardinality,Device=0 num_rows=2097152 max_width=32 cardinality=1,False,False,1,0.008502399967983366,4.258251619033757,8.0,"{""cardinality"": ""1"", ""max_width"": ""32"", ""num_rows"": ""2097152""}"
experiment-15,target,sorted_order_strings_cardinality,Device=0 num_rows=262144 max_width=128 cardinality=1,False,False,1,0.24816960170865057,0.6004168448075285,9.053221702575684,"{""cardinality"": ""1"", ""max_width"": ""128"", ""num_rows"": ""262144""}"
experiment-15,target,sorted_order_strings_cardinality,Device=0 num_rows=2097152 max_width=128 cardinality=1,False,False,1,0.851899203658104,0.3834042141498478,72.36474514007568,"{""cardinality"": ""1"", ""max_width"": ""128"", ""num_rows"": ""2097152""}"
experiment-15,target,sorted_order_strings_cardinality,Device=0 num_rows=262144 max_width=32 cardinality=64,False,False,1,0.44346239864826204,2.0050178271617756,9.053221702575684,"{""cardinality"": ""64"", ""max_width"": ""32"", ""num_rows"": ""262144""}"
experiment-15,target,sorted_order_strings_cardinality,Device=0 num_rows=2097152 max_width=32 cardinality=64,False,False,1,1.5290544033050537,1.9303601261106795,72.36474514007568,"{""cardinality"": ""64"", ""max_width"": ""32"", ""num_rows"": ""2097152""}"
experiment-15,target,sorted_order_strings_cardinality,Device=0 num_rows=262144 max_width=128 cardinality=64,False,False,1,0.9795487999916075,2.749064913918621,9.053221702575684,"{""cardinality"": ""64"", ""max_width"": ""128"", ""num_rows"": ""262144""}"
experiment-15,target,sorted_order_strings_cardinality,Device=0 num_rows=2097152 max_width=128 cardinality=64,False,False,1,3.6852271914482118,1.104860212121326,72.36474514007568,"{""cardinality"": ""64"", ""max_width"": ""128"", ""num_rows"": ""2097152""}"
experiment-15,target,sorted_order_strings_cardinality,Device=0 num_rows=262144 max_width=32 cardinality=0,False,False,1,0.2539600029587745,1.1659578866847065,9.053221702575684,"{""cardinality"": ""0"", ""max_width"": ""32"", ""num_rows"": ""262144""}"
experiment-15,target,sorted_order_strings_cardinality,Device=0 num_rows=2097152 max_width=32 cardinality=0,False,False,1,0.5106047987937927,0.3483447548467331,72.36474514007568,"{""cardinality"": ""0"", ""max_width"": ""32"", ""num_rows"": ""2097152""}"
experiment-15,target,sorted_order_strings_cardinality,Device=0 num_rows=262144 max_width=128 cardinality=0,False,False,1,0.2537328019738197,0.6472149491825164,9.053221702575684,"{""cardinality"": ""0"", ""max_width"": ""128"", ""num_rows"": ""262144""}"
experiment-15,target,sorted_order_strings_cardinality,Device=0 num_rows=2097152 max_width=128 cardinality=0,False,False,1,0.5254384011030196,0.4985327680555397,72.36474514007568,"{""cardinality"": ""0"", ""max_width"": ""128"", ""num_rows"": ""2097152""}"
experiment-15,target,sorted_order_strings_prefixes,Device=0 num_rows=262144 prefix_width=4 suffix_width=32 prefix_cardinality=1,False,False,1,0.22766239941120145,0.41054364552895756,9.053221702575684,"{""num_rows"": ""262144"", ""prefix_cardinality"": ""1"", ""prefix_width"": ""4"", ""suffix_width"": ""32""}"
experiment-15,target,sorted_order_strings_prefixes,Device=0 num_rows=2097152 prefix_width=4 suffix_width=32 prefix_cardinality=1,False,False,1,0.44238400161266334,0.7226004364141227,72.36474514007568,"{""num_rows"": ""2097152"", ""prefix_cardinality"": ""1"", ""prefix_width"": ""4"", ""suffix_width"": ""32""}"
experiment-15,target,sorted_order_strings_prefixes,Device=0 num_rows=262144 prefix_width=8 suffix_width=32 prefix_cardinality=1,False,False,1,0.6505488008260727,0.658103905541734,9.053221702575684,"{""num_rows"": ""262144"", ""prefix_cardinality"": ""1"", ""prefix_width"": ""8"", ""suffix_width"": ""32""}"
experiment-15,target,sorted_order_strings_prefixes,Device=0 num_rows=2097152 prefix_width=8 suffix_width=32 prefix_cardinality=1,False,False,1,4.692044782638549,0.36521275230048583,72.36474514007568,"{""num_rows"": ""2097152"", ""prefix_cardinality"": ""1"", ""prefix_width"": ""8"", ""suffix_width"": ""32""}"
experiment-15,target,sorted_order_strings_prefixes,Device=0 num_rows=262144 prefix_width=10 suffix_width=32 prefix_cardinality=1,False,False,1,0.6899375915527345,0.621611720119009,9.053221702575684,"{""num_rows"": ""262144"", ""prefix_cardinality"": ""1"", ""prefix_width"": ""10"", ""suffix_width"": ""32""}"
experiment-15,target,sorted_order_strings_prefixes,Device=0 num_rows=2097152 prefix_width=10 suffix_width=32 prefix_cardinality=1,False,False,1,4.934204816818237,0.32363236257737543,72.36474514007568,"{""num_rows"": ""2097152"", ""prefix_cardinality"": ""1"", ""prefix_width"": ""10"", ""suffix_width"": ""32""}"
experiment-15,target,sorted_order_strings_prefixes,Device=0 num_rows=262144 prefix_width=11 suffix_width=32 prefix_cardinality=1,False,False,1,0.6974240064620972,0.6149610059007314,9.053221702575684,"{""num_rows"": ""262144"", ""prefix_cardinality"": ""1"", ""prefix_width"": ""11"", ""suffix_width"": ""32""}"
experiment-15,target,sorted_order_strings_prefixes,Device=0 num_rows=2097152 prefix_width=11 suffix_width=32 prefix_cardinality=1,False,False,1,4.985758423805238,0.1993067667715143,72.36474514007568,"{""num_rows"": ""2097152"", ""prefix_cardinality"": ""1"", ""prefix_width"": ""11"", ""suffix_width"": ""32""}"
experiment-15,target,sorted_order_strings_prefixes,Device=0 num_rows=262144 prefix_width=12 suffix_width=32 prefix_cardinality=1,False,False,1,0.7079248011112214,0.3396142944616672,9.053221702575684,"{""num_rows"": ""262144"", ""prefix_cardinality"": ""1"", ""prefix_width"": ""12"", ""suffix_width"": ""32""}"
experiment-15,target,sorted_order_strings_prefixes,Device=0 num_rows=2097152 prefix_width=12 suffix_width=32 prefix_cardinality=1,False,False,1,5.046667194366455,0.24389194805289321,72.36474514007568,"{""num_rows"": ""2097152"", ""prefix_cardinality"": ""1"", ""prefix_width"": ""12"", ""suffix_width"": ""32""}"
experiment-15,target,sorted_order_strings_prefixes,Device=0 num_rows=262144 prefix_width=64 suffix_width=32 prefix_cardinality=1,False,False,1,0.7150127977132797,0.5112625687501734,9.053221702575684,"{""num_rows"": ""262144"", ""prefix_cardinality"": ""1"", ""prefix_width"": ""64"", ""suffix_width"": ""32""}"
experiment-15,target,sorted_order_strings_prefixes,Device=0 num_rows=2097152 prefix_width=64 suffix_width=32 prefix_cardinality=1,False,False,1,5.556020736694338,0.2294542503087777,72.36474514007568,"{""num_rows"": ""2097152"", ""prefix_cardinality"": ""1"", ""prefix_width"": ""64"", ""suffix_width"": ""32""}"
experiment-15,target,sorted_order_strings_prefixes,Device=0 num_rows=262144 prefix_width=4 suffix_width=32 prefix_cardinality=64,False,False,1,0.19440160021185876,0.6613150444750416,9.053221702575684,"{""num_rows"": ""262144"", ""prefix_cardinality"": ""64"", ""prefix_width"": ""4"", ""suffix_width"": ""32""}"
experiment-15,target,sorted_order_strings_prefixes,Device=0 num_rows=2097152 prefix_width=4 suffix_width=32 prefix_cardinality=64,False,False,1,0.41118080168962473,0.7168205422811795,72.36474514007568,"{""num_rows"": ""2097152"", ""prefix_cardinality"": ""64"", ""prefix_width"": ""4"", ""suffix_width"": ""32""}"
experiment-15,target,sorted_order_strings_prefixes,Device=0 num_rows=262144 prefix_width=8 suffix_width=32 prefix_cardinality=64,False,False,1,0.4443007990717888,0.5232552480206278,9.053221702575684,"{""num_rows"": ""262144"", ""prefix_cardinality"": ""64"", ""prefix_width"": ""8"", ""suffix_width"": ""32""}"
experiment-15,target,sorted_order_strings_prefixes,Device=0 num_rows=2097152 prefix_width=8 suffix_width=32 prefix_cardinality=64,False,False,1,4.121371221542358,0.23472423153776892,72.36474514007568,"{""num_rows"": ""2097152"", ""prefix_cardinality"": ""64"", ""prefix_width"": ""8"", ""suffix_width"": ""32""}"
experiment-15,target,sorted_order_strings_prefixes,Device=0 num_rows=262144 prefix_width=10 suffix_width=32 prefix_cardinality=64,False,False,1,0.48808639794588093,8.030280231408701,9.053221702575684,"{""num_rows"": ""262144"", ""prefix_cardinality"": ""64"", ""prefix_width"": ""10"", ""suffix_width"": ""32""}"
experiment-15,target,sorted_order_strings_prefixes,Device=0 num_rows=2097152 prefix_width=10 suffix_width=32 prefix_cardinality=64,False,False,1,4.4481632232666,0.24047658734815297,72.36474514007568,"{""num_rows"": ""2097152"", ""prefix_cardinality"": ""64"", ""prefix_width"": ""10"", ""suffix_width"": ""32""}"
experiment-15,target,sorted_order_strings_prefixes,Device=0 num_rows=262144 prefix_width=11 suffix_width=32 prefix_cardinality=64,False,False,1,0.4930880025029183,0.5082479055019381,9.053221702575684,"{""num_rows"": ""262144"", ""prefix_cardinality"": ""64"", ""prefix_width"": ""11"", ""suffix_width"": ""32""}"
experiment-15,target,sorted_order_strings_prefixes,Device=0 num_rows=2097152 prefix_width=11 suffix_width=32 prefix_cardinality=64,False,False,1,4.518363165855408,0.34727406166268665,72.36474514007568,"{""num_rows"": ""2097152"", ""prefix_cardinality"": ""64"", ""prefix_width"": ""11"", ""suffix_width"": ""32""}"
experiment-15,target,sorted_order_strings_prefixes,Device=0 num_rows=262144 prefix_width=12 suffix_width=32 prefix_cardinality=64,False,False,1,0.5006352007389071,0.6313227199999144,9.053221702575684,"{""num_rows"": ""262144"", ""prefix_cardinality"": ""64"", ""prefix_width"": ""12"", ""suffix_width"": ""32""}"
experiment-15,target,sorted_order_strings_prefixes,Device=0 num_rows=2097152 prefix_width=12 suffix_width=32 prefix_cardinality=64,False,False,1,4.569318389892577,0.290302917511204,72.36474514007568,"{""num_rows"": ""2097152"", ""prefix_cardinality"": ""64"", ""prefix_width"": ""12"", ""suffix_width"": ""32""}"
experiment-15,target,sorted_order_strings_prefixes,Device=0 num_rows=262144 prefix_width=64 suffix_width=32 prefix_cardinality=64,False,False,1,1.0746752023696897,0.26506627218874557,9.053221702575684,"{""num_rows"": ""262144"", ""prefix_cardinality"": ""64"", ""prefix_width"": ""64"", ""suffix_width"": ""32""}"
experiment-15,target,sorted_order_strings_prefixes,Device=0 num_rows=2097152 prefix_width=64 suffix_width=32 prefix_cardinality=64,False,False,1,8.576971197128296,0.4527562505350464,72.36474514007568,"{""num_rows"": ""2097152"", ""prefix_cardinality"": ""64"", ""prefix_width"": ""64"", ""suffix_width"": ""32""}"
experiment-3,segments,sorted_order_strings_segments,Device=0 num_rows=32768 shared_suffix=0 segment_profile=singletons,False,False,0,0.1383408010005951,1.2109527226635715,1.1391592025756836,"{""num_rows"": ""32768"", ""segment_profile"": ""singletons"", ""shared_suffix"": ""0""}"
experiment-3,segments,sorted_order_strings_segments,Device=0 num_rows=2097152 shared_suffix=0 segment_profile=singletons,False,False,0,0.35688960254192353,0.9571094184062483,72.36474514007568,"{""num_rows"": ""2097152"", ""segment_profile"": ""singletons"", ""shared_suffix"": ""0""}"
experiment-3,segments,sorted_order_strings_segments,Device=0 num_rows=32768 shared_suffix=64 segment_profile=singletons,False,False,0,0.13907040134072302,1.4743833375971895,1.1391592025756836,"{""num_rows"": ""32768"", ""segment_profile"": ""singletons"", ""shared_suffix"": ""64""}"
experiment-3,segments,sorted_order_strings_segments,Device=0 num_rows=2097152 shared_suffix=64 segment_profile=singletons,False,False,0,0.39346720129251483,0.7362619387122291,72.36474514007568,"{""num_rows"": ""2097152"", ""segment_profile"": ""singletons"", ""shared_suffix"": ""64""}"
experiment-3,segments,sorted_order_strings_segments,Device=0 num_rows=32768 shared_suffix=0 segment_profile=pairs,False,False,0,0.1572879999876023,2.5623617318405563,1.1391592025756836,"{""num_rows"": ""32768"", ""segment_profile"": ""pairs"", ""shared_suffix"": ""0""}"
experiment-3,segments,sorted_order_strings_segments,Device=0 num_rows=2097152 shared_suffix=0 segment_profile=pairs,False,False,0,0.6490160048007965,1.2049858264680116,72.36474514007568,"{""num_rows"": ""2097152"", ""segment_profile"": ""pairs"", ""shared_suffix"": ""0""}"
experiment-3,segments,sorted_order_strings_segments,Device=0 num_rows=32768 shared_suffix=64 segment_profile=pairs,False,False,0,0.16108319982886313,2.3330041370903207,1.1391592025756836,"{""num_rows"": ""32768"", ""segment_profile"": ""pairs"", ""shared_suffix"": ""64""}"
experiment-3,segments,sorted_order_strings_segments,Device=0 num_rows=2097152 shared_suffix=64 segment_profile=pairs,False,False,0,0.8249647974967957,1.010279045897917,72.36474514007568,"{""num_rows"": ""2097152"", ""segment_profile"": ""pairs"", ""shared_suffix"": ""64""}"
experiment-3,segments,sorted_order_strings_segments,Device=0 num_rows=32768 shared_suffix=0 segment_profile=tiny4,False,False,0,0.1558464005589485,1.6472913037140393,1.1391592025756836,"{""num_rows"": ""32768"", ""segment_profile"": ""tiny4"", ""shared_suffix"": ""0""}"
experiment-3,segments,sorted_order_strings_segments,Device=0 num_rows=2097152 shared_suffix=0 segment_profile=tiny4,False,False,0,0.5774111926555635,0.940923492576144,72.36474514007568,"{""num_rows"": ""2097152"", ""segment_profile"": ""tiny4"", ""shared_suffix"": ""0""}"
experiment-3,segments,sorted_order_strings_segments,Device=0 num_rows=32768 shared_suffix=64 segment_profile=tiny4,False,False,0,0.16949919909238817,2.29208884774963,1.1391592025756836,"{""num_rows"": ""32768"", ""segment_profile"": ""tiny4"", ""shared_suffix"": ""64""}"
experiment-3,segments,sorted_order_strings_segments,Device=0 num_rows=2097152 shared_suffix=64 segment_profile=tiny4,False,False,0,0.9118815928697587,0.3843123373086717,72.36474514007568,"{""num_rows"": ""2097152"", ""segment_profile"": ""tiny4"", ""shared_suffix"": ""64""}"
experiment-3,segments,sorted_order_strings_segments,Device=0 num_rows=32768 shared_suffix=0 segment_profile=tiny8,False,False,0,0.15886560007929804,1.5836000081075767,1.1391592025756836,"{""num_rows"": ""32768"", ""segment_profile"": ""tiny8"", ""shared_suffix"": ""0""}"
experiment-3,segments,sorted_order_strings_segments,Device=0 num_rows=2097152 shared_suffix=0 segment_profile=tiny8,False,False,0,0.5883680015802383,0.7648647744386421,72.36474514007568,"{""num_rows"": ""2097152"", ""segment_profile"": ""tiny8"", ""shared_suffix"": ""0""}"
experiment-3,segments,sorted_order_strings_segments,Device=0 num_rows=32768 shared_suffix=64 segment_profile=tiny8,False,False,0,0.17968639954924584,2.3656093298500327,1.1391592025756836,"{""num_rows"": ""32768"", ""segment_profile"": ""tiny8"", ""shared_suffix"": ""64""}"
experiment-3,segments,sorted_order_strings_segments,Device=0 num_rows=2097152 shared_suffix=64 segment_profile=tiny8,False,False,0,1.1473743915557861,0.36609228534803867,72.36474514007568,"{""num_rows"": ""2097152"", ""segment_profile"": ""tiny8"", ""shared_suffix"": ""64""}"
experiment-3,segments,sorted_order_strings_segments,Device=0 num_rows=32768 shared_suffix=0 segment_profile=tiny16,False,False,0,0.1630240008234978,2.3805340327391113,1.1391592025756836,"{""num_rows"": ""32768"", ""segment_profile"": ""tiny16"", ""shared_suffix"": ""0""}"
experiment-3,segments,sorted_order_strings_segments,Device=0 num_rows=2097152 shared_suffix=0 segment_profile=tiny16,False,False,0,0.6231823980808258,0.36052705980568944,72.36474514007568,"{""num_rows"": ""2097152"", ""segment_profile"": ""tiny16"", ""shared_suffix"": ""0""}"
experiment-3,segments,sorted_order_strings_segments,Device=0 num_rows=32768 shared_suffix=64 segment_profile=tiny16,False,False,0,0.18461600095033642,1.5673051945265675,1.1391592025756836,"{""num_rows"": ""32768"", ""segment_profile"": ""tiny16"", ""shared_suffix"": ""64""}"
experiment-3,segments,sorted_order_strings_segments,Device=0 num_rows=2097152 shared_suffix=64 segment_profile=tiny16,False,False,0,1.3653231859207158,0.2362047308251176,72.36474514007568,"{""num_rows"": ""2097152"", ""segment_profile"": ""tiny16"", ""shared_suffix"": ""64""}"
experiment-3,segments,sorted_order_strings_segments,Device=0 num_rows=32768 shared_suffix=0 segment_profile=tiny32,False,False,0,0.16247519999742507,0.8283444827603166,1.1391592025756836,"{""num_rows"": ""32768"", ""segment_profile"": ""tiny32"", ""shared_suffix"": ""0""}"
experiment-3,segments,sorted_order_strings_segments,Device=0 num_rows=2097152 shared_suffix=0 segment_profile=tiny32,False,False,0,0.6739263951778411,0.497482079499979,72.36474514007568,"{""num_rows"": ""2097152"", ""segment_profile"": ""tiny32"", ""shared_suffix"": ""0""}"
experiment-3,segments,sorted_order_strings_segments,Device=0 num_rows=32768 shared_suffix=64 segment_profile=tiny32,False,False,0,0.19375360086560245,1.5646517383697722,1.1391592025756836,"{""num_rows"": ""32768"", ""segment_profile"": ""tiny32"", ""shared_suffix"": ""64""}"
experiment-3,segments,sorted_order_strings_segments,Device=0 num_rows=2097152 shared_suffix=64 segment_profile=tiny32,False,False,0,1.6549503982067106,0.2163954633011507,72.36474514007568,"{""num_rows"": ""2097152"", ""segment_profile"": ""tiny32"", ""shared_suffix"": ""64""}"
experiment-3,segments,sorted_order_strings_segments,Device=0 num_rows=32768 shared_suffix=0 segment_profile=block256,False,False,0,0.17242080047726632,0.8212833862217421,1.1391592025756836,"{""num_rows"": ""32768"", ""segment_profile"": ""block256"", ""shared_suffix"": ""0""}"
experiment-3,segments,sorted_order_strings_segments,Device=0 num_rows=2097152 shared_suffix=0 segment_profile=block256,False,False,0,1.1201295971870422,0.23885930780043066,72.36474514007568,"{""num_rows"": ""2097152"", ""segment_profile"": ""block256"", ""shared_suffix"": ""0""}"
experiment-3,segments,sorted_order_strings_segments,Device=0 num_rows=32768 shared_suffix=64 segment_profile=block256,False,False,0,0.23629120066761974,0.5919401378501941,1.1391592025756836,"{""num_rows"": ""32768"", ""segment_profile"": ""block256"", ""shared_suffix"": ""64""}"
experiment-3,segments,sorted_order_strings_segments,Device=0 num_rows=2097152 shared_suffix=64 segment_profile=block256,False,False,0,3.2112159729003906,0.19170158936688053,72.36474514007568,"{""num_rows"": ""2097152"", ""segment_profile"": ""block256"", ""shared_suffix"": ""64""}"
experiment-3,segments,sorted_order_strings_segments,Device=0 num_rows=32768 shared_suffix=0 segment_profile=logarithmic,False,False,0,0.3544559970498085,1.0842479653487669,1.1391592025756836,"{""num_rows"": ""32768"", ""segment_profile"": ""logarithmic"", ""shared_suffix"": ""0""}"
experiment-3,segments,sorted_order_strings_segments,Device=0 num_rows=2097152 shared_suffix=0 segment_profile=logarithmic,False,False,0,2.5599167823791507,0.23444045324603696,72.36474514007568,"{""num_rows"": ""2097152"", ""segment_profile"": ""logarithmic"", ""shared_suffix"": ""0""}"
experiment-3,segments,sorted_order_strings_segments,Device=0 num_rows=32768 shared_suffix=64 segment_profile=logarithmic,False,False,0,0.9126991987228392,0.37024452698203963,1.1391592025756836,"{""num_rows"": ""32768"", ""segment_profile"": ""logarithmic"", ""shared_suffix"": ""64""}"
experiment-3,segments,sorted_order_strings_segments,Device=0 num_rows=2097152 shared_suffix=64 segment_profile=logarithmic,False,False,0,8.384699153900147,0.2850064003501735,72.36474514007568,"{""num_rows"": ""2097152"", ""segment_profile"": ""logarithmic"", ""shared_suffix"": ""64""}"
experiment-3,segments,sorted_order_strings_segments,Device=0 num_rows=32768 shared_suffix=0 segment_profile=tiny_plus_giant,False,False,0,0.27387520223855977,1.1591567021774478,1.1391592025756836,"{""num_rows"": ""32768"", ""segment_profile"": ""tiny_plus_giant"", ""shared_suffix"": ""0""}"
experiment-3,segments,sorted_order_strings_segments,Device=0 num_rows=2097152 shared_suffix=0 segment_profile=tiny_plus_giant,False,False,0,1.0749919950962066,0.34554606244609914,72.36474514007568,"{""num_rows"": ""2097152"", ""segment_profile"": ""tiny_plus_giant"", ""shared_suffix"": ""0""}"
experiment-3,segments,sorted_order_strings_segments,Device=0 num_rows=32768 shared_suffix=64 segment_profile=tiny_plus_giant,False,False,0,0.6817040026187896,0.7266934029748827,1.1391592025756836,"{""num_rows"": ""32768"", ""segment_profile"": ""tiny_plus_giant"", ""shared_suffix"": ""64""}"
experiment-3,segments,sorted_order_strings_segments,Device=0 num_rows=2097152 shared_suffix=64 segment_profile=tiny_plus_giant,False,False,0,3.195511984825135,0.3341125908721855,72.36474514007568,"{""num_rows"": ""2097152"", ""segment_profile"": ""tiny_plus_giant"", ""shared_suffix"": ""64""}"
experiment-3,segments,sorted_order_strings_segments,Device=0 num_rows=32768 shared_suffix=0 segment_profile=hot90,False,False,0,0.345456001162529,2.3602177169322833,1.1391592025756836,"{""num_rows"": ""32768"", ""segment_profile"": ""hot90"", ""shared_suffix"": ""0""}"
experiment-3,segments,sorted_order_strings_segments,Device=0 num_rows=2097152 shared_suffix=0 segment_profile=hot90,False,False,0,3.7152111768722538,0.19083808492502619,72.36474514007568,"{""num_rows"": ""2097152"", ""segment_profile"": ""hot90"", ""shared_suffix"": ""0""}"
experiment-3,segments,sorted_order_strings_segments,Device=0 num_rows=32768 shared_suffix=64 segment_profile=hot90,False,False,0,0.7813296020030974,0.3139790021611724,1.1391592025756836,"{""num_rows"": ""32768"", ""segment_profile"": ""hot90"", ""shared_suffix"": ""64""}"
experiment-3,segments,sorted_order_strings_segments,Device=0 num_rows=2097152 shared_suffix=64 segment_profile=hot90,False,False,0,13.24071354866028,0.24931787006353254,72.36474514007568,"{""num_rows"": ""2097152"", ""segment_profile"": ""hot90"", ""shared_suffix"": ""64""}"
experiment-3,segments,sorted_order_strings_segments,Device=0 num_rows=32768 shared_suffix=0 segment_profile=few_giants,False,False,0,0.22276640012860302,0.5253525551301795,1.1391592025756836,"{""num_rows"": ""32768"", ""segment_profile"": ""few_giants"", ""shared_suffix"": ""0""}"
experiment-3,segments,sorted_order_strings_segments,Device=0 num_rows=2097152 shared_suffix=0 segment_profile=few_giants,False,False,0,1.0019472032785415,0.4508961831116799,72.36474514007568,"{""num_rows"": ""2097152"", ""segment_profile"": ""few_giants"", ""shared_suffix"": ""0""}"
experiment-3,segments,sorted_order_strings_segments,Device=0 num_rows=32768 shared_suffix=64 segment_profile=few_giants,False,False,0,0.3952544003725052,0.6166778087057593,1.1391592025756836,"{""num_rows"": ""32768"", ""segment_profile"": ""few_giants"", ""shared_suffix"": ""64""}"
experiment-3,segments,sorted_order_strings_segments,Device=0 num_rows=2097152 shared_suffix=64 segment_profile=few_giants,False,False,0,3.0466816306114195,0.21080986969730003,72.36474514007568,"{""num_rows"": ""2097152"", ""segment_profile"": ""few_giants"", ""shared_suffix"": ""64""}"
experiment-3,segments,sorted_order_strings_segments,Device=0 num_rows=32768 shared_suffix=0 segment_profile=one_segment,False,False,0,0.32434719800949086,0.5068644710411828,1.1391592025756836,"{""num_rows"": ""32768"", ""segment_profile"": ""one_segment"", ""shared_suffix"": ""0""}"
experiment-3,segments,sorted_order_strings_segments,Device=0 num_rows=2097152 shared_suffix=0 segment_profile=one_segment,False,False,0,3.8799968004226684,0.4499535233333421,72.36474514007568,"{""num_rows"": ""2097152"", ""segment_profile"": ""one_segment"", ""shared_suffix"": ""0""}"
experiment-3,segments,sorted_order_strings_segments,Device=0 num_rows=32768 shared_suffix=64 segment_profile=one_segment,False,False,0,0.7287984013557434,0.4101181115035309,1.1391592025756836,"{""num_rows"": ""32768"", ""segment_profile"": ""one_segment"", ""shared_suffix"": ""64""}"
experiment-3,segments,sorted_order_strings_segments,Device=0 num_rows=2097152 shared_suffix=64 segment_profile=one_segment,False,False,0,13.640932655334476,0.7776065138565905,72.36474514007568,"{""num_rows"": ""2097152"", ""segment_profile"": ""one_segment"", ""shared_suffix"": ""64""}"
experiment-15,stable-warps-0,sorted_order_strings_segments,Device=0 num_rows=32768 shared_suffix=0 segment_profile=pairs,True,False,0,0.15260960012674335,2.2133628767334392,1.1391592025756836,"{""num_rows"": ""32768"", ""segment_profile"": ""pairs"", ""shared_suffix"": ""0""}"
experiment-15,stable-warps-0,sorted_order_strings_segments,Device=0 num_rows=2097152 shared_suffix=0 segment_profile=pairs,True,False,0,0.6434399992227555,0.930577964528385,72.36474514007568,"{""num_rows"": ""2097152"", ""segment_profile"": ""pairs"", ""shared_suffix"": ""0""}"
experiment-15,stable-warps-0,sorted_order_strings_segments,Device=0 num_rows=32768 shared_suffix=64 segment_profile=pairs,True,False,0,0.15635360032320025,2.1557552781003717,1.1391592025756836,"{""num_rows"": ""32768"", ""segment_profile"": ""pairs"", ""shared_suffix"": ""64""}"
experiment-15,stable-warps-0,sorted_order_strings_segments,Device=0 num_rows=2097152 shared_suffix=64 segment_profile=pairs,True,False,0,0.8165711998939515,0.8933167866417027,72.36474514007568,"{""num_rows"": ""2097152"", ""segment_profile"": ""pairs"", ""shared_suffix"": ""64""}"
experiment-15,stable-warps-0,sorted_order_strings_segments,Device=0 num_rows=32768 shared_suffix=0 segment_profile=tiny4,True,False,0,0.15645440146327022,7.070533017284462,1.1391592025756836,"{""num_rows"": ""32768"", ""segment_profile"": ""tiny4"", ""shared_suffix"": ""0""}"
experiment-15,stable-warps-0,sorted_order_strings_segments,Device=0 num_rows=2097152 shared_suffix=0 segment_profile=tiny4,True,False,0,0.5711263984441758,0.8225192456442633,72.36474514007568,"{""num_rows"": ""2097152"", ""segment_profile"": ""tiny4"", ""shared_suffix"": ""0""}"
experiment-15,stable-warps-0,sorted_order_strings_segments,Device=0 num_rows=32768 shared_suffix=64 segment_profile=tiny4,True,False,0,0.16512960046529768,0.9388946824435526,1.1391592025756836,"{""num_rows"": ""32768"", ""segment_profile"": ""tiny4"", ""shared_suffix"": ""64""}"
experiment-15,stable-warps-0,sorted_order_strings_segments,Device=0 num_rows=2097152 shared_suffix=64 segment_profile=tiny4,True,False,0,0.9038704007863999,0.47459050480524667,72.36474514007568,"{""num_rows"": ""2097152"", ""segment_profile"": ""tiny4"", ""shared_suffix"": ""64""}"
experiment-15,stable-warps-0,sorted_order_strings_segments,Device=0 num_rows=32768 shared_suffix=0 segment_profile=tiny8,True,False,0,0.15599200055003165,0.8560093337413622,1.1391592025756836,"{""num_rows"": ""32768"", ""segment_profile"": ""tiny8"", ""shared_suffix"": ""0""}"
experiment-15,stable-warps-0,sorted_order_strings_segments,Device=0 num_rows=2097152 shared_suffix=0 segment_profile=tiny8,True,False,0,0.5750896006822587,0.5072421542335188,72.36474514007568,"{""num_rows"": ""2097152"", ""segment_profile"": ""tiny8"", ""shared_suffix"": ""0""}"
experiment-15,stable-warps-0,sorted_order_strings_segments,Device=0 num_rows=32768 shared_suffix=64 segment_profile=tiny8,True,False,0,0.17441920116543772,0.7880030680218398,1.1391592025756836,"{""num_rows"": ""32768"", ""segment_profile"": ""tiny8"", ""shared_suffix"": ""64""}"
experiment-15,stable-warps-0,sorted_order_strings_segments,Device=0 num_rows=2097152 shared_suffix=64 segment_profile=tiny8,True,False,0,1.1352607905864713,0.39611523400196946,72.36474514007568,"{""num_rows"": ""2097152"", ""segment_profile"": ""tiny8"", ""shared_suffix"": ""64""}"
experiment-15,stable-warps-0,sorted_order_strings_segments,Device=0 num_rows=32768 shared_suffix=0 segment_profile=tiny16,True,False,0,0.15793280005455015,1.4335444986724475,1.1391592025756836,"{""num_rows"": ""32768"", ""segment_profile"": ""tiny16"", ""shared_suffix"": ""0""}"
experiment-15,stable-warps-0,sorted_order_strings_segments,Device=0 num_rows=2097152 shared_suffix=0 segment_profile=tiny16,True,False,0,0.6038687914609909,0.4703407807592227,72.36474514007568,"{""num_rows"": ""2097152"", ""segment_profile"": ""tiny16"", ""shared_suffix"": ""0""}"
experiment-15,stable-warps-0,sorted_order_strings_segments,Device=0 num_rows=32768 shared_suffix=64 segment_profile=tiny16,True,False,0,0.18236800059676164,1.8075539143224955,1.1391592025756836,"{""num_rows"": ""32768"", ""segment_profile"": ""tiny16"", ""shared_suffix"": ""64""}"
experiment-15,stable-warps-0,sorted_order_strings_segments,Device=0 num_rows=2097152 shared_suffix=64 segment_profile=tiny16,True,False,0,1.3453263938426971,0.3238017761891226,72.36474514007568,"{""num_rows"": ""2097152"", ""segment_profile"": ""tiny16"", ""shared_suffix"": ""64""}"
experiment-15,stable-warps-0,sorted_order_strings_segments,Device=0 num_rows=32768 shared_suffix=0 segment_profile=tiny32,True,False,0,0.1595839999616146,2.2628403934260533,1.1391592025756836,"{""num_rows"": ""32768"", ""segment_profile"": ""tiny32"", ""shared_suffix"": ""0""}"
experiment-15,stable-warps-0,sorted_order_strings_segments,Device=0 num_rows=2097152 shared_suffix=0 segment_profile=tiny32,True,False,0,0.6559743970632554,0.5473512261028811,72.36474514007568,"{""num_rows"": ""2097152"", ""segment_profile"": ""tiny32"", ""shared_suffix"": ""0""}"
experiment-15,stable-warps-0,sorted_order_strings_segments,Device=0 num_rows=32768 shared_suffix=64 segment_profile=tiny32,True,False,0,0.1901999995112419,2.1476963690666286,1.1391592025756836,"{""num_rows"": ""32768"", ""segment_profile"": ""tiny32"", ""shared_suffix"": ""64""}"
experiment-15,stable-warps-0,sorted_order_strings_segments,Device=0 num_rows=2097152 shared_suffix=64 segment_profile=tiny32,True,False,0,1.639558398723602,0.23358584345563826,72.36474514007568,"{""num_rows"": ""2097152"", ""segment_profile"": ""tiny32"", ""shared_suffix"": ""64""}"
baseline,stable-warps-0,sorted_order_strings_segments,Device=0 num_rows=32768 shared_suffix=0 segment_profile=pairs,True,False,0,0.1580527998507023,2.669958741574156,1.1391592025756836,"{""num_rows"": ""32768"", ""segment_profile"": ""pairs"", ""shared_suffix"": ""0""}"
baseline,stable-warps-0,sorted_order_strings_segments,Device=0 num_rows=2097152 shared_suffix=0 segment_profile=pairs,True,False,0,0.6601599991321562,1.1080824846321116,72.36474514007568,"{""num_rows"": ""2097152"", ""segment_profile"": ""pairs"", ""shared_suffix"": ""0""}"
baseline,stable-warps-0,sorted_order_strings_segments,Device=0 num_rows=32768 shared_suffix=64 segment_profile=pairs,True,False,0,0.16243520081043242,0.9861462882367316,1.1391592025756836,"{""num_rows"": ""32768"", ""segment_profile"": ""pairs"", ""shared_suffix"": ""64""}"
baseline,stable-warps-0,sorted_order_strings_segments,Device=0 num_rows=2097152 shared_suffix=64 segment_profile=pairs,True,False,0,0.8642319977283477,0.5637314778801381,72.36474514007568,"{""num_rows"": ""2097152"", ""segment_profile"": ""pairs"", ""shared_suffix"": ""64""}"
baseline,stable-warps-0,sorted_order_strings_segments,Device=0 num_rows=32768 shared_suffix=0 segment_profile=tiny4,True,False,0,0.15779040008783338,2.495117307864548,1.1391592025756836,"{""num_rows"": ""32768"", ""segment_profile"": ""tiny4"", ""shared_suffix"": ""0""}"
baseline,stable-warps-0,sorted_order_strings_segments,Device=0 num_rows=2097152 shared_suffix=0 segment_profile=tiny4,True,False,0,0.6241840034723283,0.6211731801095346,72.36474514007568,"{""num_rows"": ""2097152"", ""segment_profile"": ""tiny4"", ""shared_suffix"": ""0""}"
baseline,stable-warps-0,sorted_order_strings_segments,Device=0 num_rows=32768 shared_suffix=64 segment_profile=tiny4,True,False,0,0.17510399967432017,2.024150131346894,1.1391592025756836,"{""num_rows"": ""32768"", ""segment_profile"": ""tiny4"", ""shared_suffix"": ""64""}"
baseline,stable-warps-0,sorted_order_strings_segments,Device=0 num_rows=2097152 shared_suffix=64 segment_profile=tiny4,True,False,0,1.0652895987033846,0.5343743083320113,72.36474514007568,"{""num_rows"": ""2097152"", ""segment_profile"": ""tiny4"", ""shared_suffix"": ""64""}"
baseline,stable-warps-0,sorted_order_strings_segments,Device=0 num_rows=32768 shared_suffix=0 segment_profile=tiny8,True,False,0,0.16640639975667001,1.214172644635468,1.1391592025756836,"{""num_rows"": ""32768"", ""segment_profile"": ""tiny8"", ""shared_suffix"": ""0""}"
baseline,stable-warps-0,sorted_order_strings_segments,Device=0 num_rows=2097152 shared_suffix=0 segment_profile=tiny8,True,False,0,0.7116624027490618,0.5189587944350985,72.36474514007568,"{""num_rows"": ""2097152"", ""segment_profile"": ""tiny8"", ""shared_suffix"": ""0""}"
baseline,stable-warps-0,sorted_order_strings_segments,Device=0 num_rows=32768 shared_suffix=64 segment_profile=tiny8,True,False,0,0.19388160109519958,2.2315923665051267,1.1391592025756836,"{""num_rows"": ""32768"", ""segment_profile"": ""tiny8"", ""shared_suffix"": ""64""}"
baseline,stable-warps-0,sorted_order_strings_segments,Device=0 num_rows=2097152 shared_suffix=64 segment_profile=tiny8,True,False,0,1.5059183955192568,0.31539919565496066,72.36474514007568,"{""num_rows"": ""2097152"", ""segment_profile"": ""tiny8"", ""shared_suffix"": ""64""}"
baseline,stable-warps-0,sorted_order_strings_segments,Device=0 num_rows=32768 shared_suffix=0 segment_profile=tiny16,True,False,0,0.17245599925518035,1.5647829718844066,1.1391592025756836,"{""num_rows"": ""32768"", ""segment_profile"": ""tiny16"", ""shared_suffix"": ""0""}"
baseline,stable-warps-0,sorted_order_strings_segments,Device=0 num_rows=2097152 shared_suffix=0 segment_profile=tiny16,True,False,0,0.8073407977819442,0.2295505103957447,72.36474514007568,"{""num_rows"": ""2097152"", ""segment_profile"": ""tiny16"", ""shared_suffix"": ""0""}"
baseline,stable-warps-0,sorted_order_strings_segments,Device=0 num_rows=32768 shared_suffix=64 segment_profile=tiny16,True,False,0,0.20783519968390465,1.655721393665187,1.1391592025756836,"{""num_rows"": ""32768"", ""segment_profile"": ""tiny16"", ""shared_suffix"": ""64""}"
baseline,stable-warps-0,sorted_order_strings_segments,Device=0 num_rows=2097152 shared_suffix=64 segment_profile=tiny16,True,False,0,1.9913583934307093,0.3589291546442724,72.36474514007568,"{""num_rows"": ""2097152"", ""segment_profile"": ""tiny16"", ""shared_suffix"": ""64""}"
baseline,stable-warps-0,sorted_order_strings_segments,Device=0 num_rows=32768 shared_suffix=0 segment_profile=tiny32,True,False,0,0.1751375995576381,0.785644835044443,1.1391592025756836,"{""num_rows"": ""32768"", ""segment_profile"": ""tiny32"", ""shared_suffix"": ""0""}"
baseline,stable-warps-0,sorted_order_strings_segments,Device=0 num_rows=2097152 shared_suffix=0 segment_profile=tiny32,True,False,0,0.9351567983627319,0.30203818280155953,72.36474514007568,"{""num_rows"": ""2097152"", ""segment_profile"": ""tiny32"", ""shared_suffix"": ""0""}"
baseline,stable-warps-0,sorted_order_strings_segments,Device=0 num_rows=32768 shared_suffix=64 segment_profile=tiny32,True,False,0,0.2237808026373387,1.302007562723282,1.1391592025756836,"{""num_rows"": ""32768"", ""segment_profile"": ""tiny32"", ""shared_suffix"": ""64""}"
baseline,stable-warps-0,sorted_order_strings_segments,Device=0 num_rows=2097152 shared_suffix=64 segment_profile=tiny32,True,False,0,2.524304020404815,0.2386096324105597,72.36474514007568,"{""num_rows"": ""2097152"", ""segment_profile"": ""tiny32"", ""shared_suffix"": ""64""}"
experiment-15,stable-warps-0,sorted_order_strings_segments,Device=0 num_rows=32768 shared_suffix=0 segment_profile=pairs,True,False,1,0.1598207987844944,1.9550161478339316,1.1391592025756836,"{""num_rows"": ""32768"", ""segment_profile"": ""pairs"", ""shared_suffix"": ""0""}"
experiment-15,stable-warps-0,sorted_order_strings_segments,Device=0 num_rows=2097152 shared_suffix=0 segment_profile=pairs,True,False,1,0.6476096034049987,1.2457758488741015,72.36474514007568,"{""num_rows"": ""2097152"", ""segment_profile"": ""pairs"", ""shared_suffix"": ""0""}"
experiment-15,stable-warps-0,sorted_order_strings_segments,Device=0 num_rows=32768 shared_suffix=64 segment_profile=pairs,True,False,1,0.1615088000893593,1.8018945344498327,1.1391592025756836,"{""num_rows"": ""32768"", ""segment_profile"": ""pairs"", ""shared_suffix"": ""64""}"
experiment-15,stable-warps-0,sorted_order_strings_segments,Device=0 num_rows=2097152 shared_suffix=64 segment_profile=pairs,True,False,1,0.8212687939405442,0.9139131569377137,72.36474514007568,"{""num_rows"": ""2097152"", ""segment_profile"": ""pairs"", ""shared_suffix"": ""64""}"
experiment-15,stable-warps-0,sorted_order_strings_segments,Device=0 num_rows=32768 shared_suffix=0 segment_profile=tiny4,True,False,1,0.15651200190186498,0.7159237423659135,1.1391592025756836,"{""num_rows"": ""32768"", ""segment_profile"": ""tiny4"", ""shared_suffix"": ""0""}"
experiment-15,stable-warps-0,sorted_order_strings_segments,Device=0 num_rows=2097152 shared_suffix=0 segment_profile=tiny4,True,False,1,0.5734960019588471,0.7811017778852267,72.36474514007568,"{""num_rows"": ""2097152"", ""segment_profile"": ""tiny4"", ""shared_suffix"": ""0""}"
experiment-15,stable-warps-0,sorted_order_strings_segments,Device=0 num_rows=32768 shared_suffix=64 segment_profile=tiny4,True,False,1,0.16754719913005828,1.7784501900321874,1.1391592025756836,"{""num_rows"": ""32768"", ""segment_profile"": ""tiny4"", ""shared_suffix"": ""64""}"
experiment-15,stable-warps-0,sorted_order_strings_segments,Device=0 num_rows=2097152 shared_suffix=64 segment_profile=tiny4,True,False,1,0.9041087955236435,0.6685586810881047,72.36474514007568,"{""num_rows"": ""2097152"", ""segment_profile"": ""tiny4"", ""shared_suffix"": ""64""}"
experiment-15,stable-warps-0,sorted_order_strings_segments,Device=0 num_rows=32768 shared_suffix=0 segment_profile=tiny8,True,False,1,0.1578592002391815,0.7092612730155146,1.1391592025756836,"{""num_rows"": ""32768"", ""segment_profile"": ""tiny8"", ""shared_suffix"": ""0""}"
experiment-15,stable-warps-0,sorted_order_strings_segments,Device=0 num_rows=2097152 shared_suffix=0 segment_profile=tiny8,True,False,1,0.5800431936979293,0.83098173731624,72.36474514007568,"{""num_rows"": ""2097152"", ""segment_profile"": ""tiny8"", ""shared_suffix"": ""0""}"
experiment-15,stable-warps-0,sorted_order_strings_segments,Device=0 num_rows=32768 shared_suffix=64 segment_profile=tiny8,True,False,1,0.17669920101761818,1.4051734958981013,1.1391592025756836,"{""num_rows"": ""32768"", ""segment_profile"": ""tiny8"", ""shared_suffix"": ""64""}"
experiment-15,stable-warps-0,sorted_order_strings_segments,Device=0 num_rows=2097152 shared_suffix=64 segment_profile=tiny8,True,False,1,1.1386991977691647,0.37138424064876935,72.36474514007568,"{""num_rows"": ""2097152"", ""segment_profile"": ""tiny8"", ""shared_suffix"": ""64""}"
experiment-15,stable-warps-0,sorted_order_strings_segments,Device=0 num_rows=32768 shared_suffix=0 segment_profile=tiny16,True,False,1,0.16043520122766497,0.5750102769643818,1.1391592025756836,"{""num_rows"": ""32768"", ""segment_profile"": ""tiny16"", ""shared_suffix"": ""0""}"
experiment-15,stable-warps-0,sorted_order_strings_segments,Device=0 num_rows=2097152 shared_suffix=0 segment_profile=tiny16,True,False,1,0.6068352043628693,0.5919343720360933,72.36474514007568,"{""num_rows"": ""2097152"", ""segment_profile"": ""tiny16"", ""shared_suffix"": ""0""}"
experiment-15,stable-warps-0,sorted_order_strings_segments,Device=0 num_rows=32768 shared_suffix=64 segment_profile=tiny16,True,False,1,0.1834607996046543,1.3317738362912857,1.1391592025756836,"{""num_rows"": ""32768"", ""segment_profile"": ""tiny16"", ""shared_suffix"": ""64""}"
experiment-15,stable-warps-0,sorted_order_strings_segments,Device=0 num_rows=2097152 shared_suffix=64 segment_profile=tiny16,True,False,1,1.3490016043186188,0.4196994048728456,72.36474514007568,"{""num_rows"": ""2097152"", ""segment_profile"": ""tiny16"", ""shared_suffix"": ""64""}"
experiment-15,stable-warps-0,sorted_order_strings_segments,Device=0 num_rows=32768 shared_suffix=0 segment_profile=tiny32,True,False,1,0.16289120092988013,0.5285655909118071,1.1391592025756836,"{""num_rows"": ""32768"", ""segment_profile"": ""tiny32"", ""shared_suffix"": ""0""}"
experiment-15,stable-warps-0,sorted_order_strings_segments,Device=0 num_rows=2097152 shared_suffix=0 segment_profile=tiny32,True,False,1,0.6591360002756118,0.4175883679797165,72.36474514007568,"{""num_rows"": ""2097152"", ""segment_profile"": ""tiny32"", ""shared_suffix"": ""0""}"
experiment-15,stable-warps-0,sorted_order_strings_segments,Device=0 num_rows=32768 shared_suffix=64 segment_profile=tiny32,True,False,1,0.1947087988257408,1.8123070337184035,1.1391592025756836,"{""num_rows"": ""32768"", ""segment_profile"": ""tiny32"", ""shared_suffix"": ""64""}"
experiment-15,stable-warps-0,sorted_order_strings_segments,Device=0 num_rows=2097152 shared_suffix=64 segment_profile=tiny32,True,False,1,1.6400864005088802,0.2776705963827967,72.36474514007568,"{""num_rows"": ""2097152"", ""segment_profile"": ""tiny32"", ""shared_suffix"": ""64""}"
experiment-15,segments,sorted_order_strings_segments,Device=0 num_rows=32768 shared_suffix=0 segment_profile=singletons,False,False,1,0.13686879947781566,1.8498225093793927,1.1391592025756836,"{""num_rows"": ""32768"", ""segment_profile"": ""singletons"", ""shared_suffix"": ""0""}"
experiment-15,segments,sorted_order_strings_segments,Device=0 num_rows=2097152 shared_suffix=0 segment_profile=singletons,False,False,1,0.5830448061227799,176.56710481458708,72.36474514007568,"{""num_rows"": ""2097152"", ""segment_profile"": ""singletons"", ""shared_suffix"": ""0""}"
experiment-15,segments,sorted_order_strings_segments,Device=0 num_rows=32768 shared_suffix=64 segment_profile=singletons,False,False,1,0.13735199943184853,1.1629476728292902,1.1391592025756836,"{""num_rows"": ""32768"", ""segment_profile"": ""singletons"", ""shared_suffix"": ""64""}"
experiment-15,segments,sorted_order_strings_segments,Device=0 num_rows=2097152 shared_suffix=64 segment_profile=singletons,False,False,1,0.3898671984672546,0.8492737930800895,72.36474514007568,"{""num_rows"": ""2097152"", ""segment_profile"": ""singletons"", ""shared_suffix"": ""64""}"
experiment-15,segments,sorted_order_strings_segments,Device=0 num_rows=32768 shared_suffix=0 segment_profile=pairs,False,False,1,0.1535120010375977,0.9956445779763803,1.1391592025756836,"{""num_rows"": ""32768"", ""segment_profile"": ""pairs"", ""shared_suffix"": ""0""}"
experiment-15,segments,sorted_order_strings_segments,Device=0 num_rows=2097152 shared_suffix=0 segment_profile=pairs,False,False,1,0.6430304050445559,0.8244002676458204,72.36474514007568,"{""num_rows"": ""2097152"", ""segment_profile"": ""pairs"", ""shared_suffix"": ""0""}"
experiment-15,segments,sorted_order_strings_segments,Device=0 num_rows=32768 shared_suffix=64 segment_profile=pairs,False,False,1,0.15686719939112667,0.8826371126618989,1.1391592025756836,"{""num_rows"": ""32768"", ""segment_profile"": ""pairs"", ""shared_suffix"": ""64""}"
experiment-15,segments,sorted_order_strings_segments,Device=0 num_rows=2097152 shared_suffix=64 segment_profile=pairs,False,False,1,0.8178607970476149,0.6580907319069588,72.36474514007568,"{""num_rows"": ""2097152"", ""segment_profile"": ""pairs"", ""shared_suffix"": ""64""}"
experiment-15,segments,sorted_order_strings_segments,Device=0 num_rows=32768 shared_suffix=0 segment_profile=tiny4,False,False,1,0.1543727993965149,1.648107820143729,1.1391592025756836,"{""num_rows"": ""32768"", ""segment_profile"": ""tiny4"", ""shared_suffix"": ""0""}"
experiment-15,segments,sorted_order_strings_segments,Device=0 num_rows=2097152 shared_suffix=0 segment_profile=tiny4,False,False,1,0.5735776007175445,0.7287136368311914,72.36474514007568,"{""num_rows"": ""2097152"", ""segment_profile"": ""tiny4"", ""shared_suffix"": ""0""}"
experiment-15,segments,sorted_order_strings_segments,Device=0 num_rows=32768 shared_suffix=64 segment_profile=tiny4,False,False,1,0.16476319953799248,0.8177408310101784,1.1391592025756836,"{""num_rows"": ""32768"", ""segment_profile"": ""tiny4"", ""shared_suffix"": ""64""}"
experiment-15,segments,sorted_order_strings_segments,Device=0 num_rows=2097152 shared_suffix=64 segment_profile=tiny4,False,False,1,0.9104479938745498,2.294126802655124,72.36474514007568,"{""num_rows"": ""2097152"", ""segment_profile"": ""tiny4"", ""shared_suffix"": ""64""}"
experiment-15,segments,sorted_order_strings_segments,Device=0 num_rows=32768 shared_suffix=0 segment_profile=tiny8,False,False,1,0.15767039954662326,1.6877172010826664,1.1391592025756836,"{""num_rows"": ""32768"", ""segment_profile"": ""tiny8"", ""shared_suffix"": ""0""}"
experiment-15,segments,sorted_order_strings_segments,Device=0 num_rows=2097152 shared_suffix=0 segment_profile=tiny8,False,False,1,0.5848400056362153,0.8882567476748928,72.36474514007568,"{""num_rows"": ""2097152"", ""segment_profile"": ""tiny8"", ""shared_suffix"": ""0""}"
experiment-15,segments,sorted_order_strings_segments,Device=0 num_rows=32768 shared_suffix=64 segment_profile=tiny8,False,False,1,0.1742831982672214,1.8751937362473912,1.1391592025756836,"{""num_rows"": ""32768"", ""segment_profile"": ""tiny8"", ""shared_suffix"": ""64""}"
experiment-15,segments,sorted_order_strings_segments,Device=0 num_rows=2097152 shared_suffix=64 segment_profile=tiny8,False,False,1,1.1440415918827058,0.3265822565363765,72.36474514007568,"{""num_rows"": ""2097152"", ""segment_profile"": ""tiny8"", ""shared_suffix"": ""64""}"
experiment-15,segments,sorted_order_strings_segments,Device=0 num_rows=32768 shared_suffix=0 segment_profile=tiny16,False,False,1,0.1610639989376068,2.4090749396773847,1.1391592025756836,"{""num_rows"": ""32768"", ""segment_profile"": ""tiny16"", ""shared_suffix"": ""0""}"
experiment-15,segments,sorted_order_strings_segments,Device=0 num_rows=2097152 shared_suffix=0 segment_profile=tiny16,False,False,1,0.6189135968685149,0.5082699443172609,72.36474514007568,"{""num_rows"": ""2097152"", ""segment_profile"": ""tiny16"", ""shared_suffix"": ""0""}"
experiment-15,segments,sorted_order_strings_segments,Device=0 num_rows=32768 shared_suffix=64 segment_profile=tiny16,False,False,1,0.18405439928174022,3.3020948988766174,1.1391592025756836,"{""num_rows"": ""32768"", ""segment_profile"": ""tiny16"", ""shared_suffix"": ""64""}"
experiment-15,segments,sorted_order_strings_segments,Device=0 num_rows=2097152 shared_suffix=64 segment_profile=tiny16,False,False,1,1.3615856051445008,0.24700424725849396,72.36474514007568,"{""num_rows"": ""2097152"", ""segment_profile"": ""tiny16"", ""shared_suffix"": ""64""}"
experiment-15,segments,sorted_order_strings_segments,Device=0 num_rows=32768 shared_suffix=0 segment_profile=tiny32,False,False,1,0.16116480007767678,0.6919465168867314,1.1391592025756836,"{""num_rows"": ""32768"", ""segment_profile"": ""tiny32"", ""shared_suffix"": ""0""}"
experiment-15,segments,sorted_order_strings_segments,Device=0 num_rows=2097152 shared_suffix=0 segment_profile=tiny32,False,False,1,0.6716879934072494,0.40978663827709777,72.36474514007568,"{""num_rows"": ""2097152"", ""segment_profile"": ""tiny32"", ""shared_suffix"": ""0""}"
experiment-15,segments,sorted_order_strings_segments,Device=0 num_rows=32768 shared_suffix=64 segment_profile=tiny32,False,False,1,0.19260639920830727,1.4390689074920089,1.1391592025756836,"{""num_rows"": ""32768"", ""segment_profile"": ""tiny32"", ""shared_suffix"": ""64""}"
experiment-15,segments,sorted_order_strings_segments,Device=0 num_rows=2097152 shared_suffix=64 segment_profile=tiny32,False,False,1,1.6509151995182039,0.32535014659049505,72.36474514007568,"{""num_rows"": ""2097152"", ""segment_profile"": ""tiny32"", ""shared_suffix"": ""64""}"
experiment-15,segments,sorted_order_strings_segments,Device=0 num_rows=32768 shared_suffix=0 segment_profile=block256,False,False,1,0.17090559899806979,0.9050958807944681,1.1391592025756836,"{""num_rows"": ""32768"", ""segment_profile"": ""block256"", ""shared_suffix"": ""0""}"
experiment-15,segments,sorted_order_strings_segments,Device=0 num_rows=2097152 shared_suffix=0 segment_profile=block256,False,False,1,1.1158143937587737,0.22099555580076213,72.36474514007568,"{""num_rows"": ""2097152"", ""segment_profile"": ""block256"", ""shared_suffix"": ""0""}"
experiment-15,segments,sorted_order_strings_segments,Device=0 num_rows=32768 shared_suffix=64 segment_profile=block256,False,False,1,0.23580960035324094,0.8762238387044908,1.1391592025756836,"{""num_rows"": ""32768"", ""segment_profile"": ""block256"", ""shared_suffix"": ""64""}"
experiment-15,segments,sorted_order_strings_segments,Device=0 num_rows=2097152 shared_suffix=64 segment_profile=block256,False,False,1,3.2088000059127806,0.24796429173876136,72.36474514007568,"{""num_rows"": ""2097152"", ""segment_profile"": ""block256"", ""shared_suffix"": ""64""}"
experiment-15,segments,sorted_order_strings_segments,Device=0 num_rows=32768 shared_suffix=0 segment_profile=logarithmic,False,False,1,0.3506927981972695,0.37983268048468827,1.1391592025756836,"{""num_rows"": ""32768"", ""segment_profile"": ""logarithmic"", ""shared_suffix"": ""0""}"
experiment-15,segments,sorted_order_strings_segments,Device=0 num_rows=2097152 shared_suffix=0 segment_profile=logarithmic,False,False,1,2.55474396944046,0.27309229086622283,72.36474514007568,"{""num_rows"": ""2097152"", ""segment_profile"": ""logarithmic"", ""shared_suffix"": ""0""}"
experiment-15,segments,sorted_order_strings_segments,Device=0 num_rows=32768 shared_suffix=64 segment_profile=logarithmic,False,False,1,0.9069360017776491,0.2692446525659439,1.1391592025756836,"{""num_rows"": ""32768"", ""segment_profile"": ""logarithmic"", ""shared_suffix"": ""64""}"
experiment-15,segments,sorted_order_strings_segments,Device=0 num_rows=2097152 shared_suffix=64 segment_profile=logarithmic,False,False,1,8.376873493194582,0.2721189252090613,72.36474514007568,"{""num_rows"": ""2097152"", ""segment_profile"": ""logarithmic"", ""shared_suffix"": ""64""}"
experiment-15,segments,sorted_order_strings_segments,Device=0 num_rows=32768 shared_suffix=0 segment_profile=tiny_plus_giant,False,False,1,0.2706064015626908,1.2909147982130182,1.1391592025756836,"{""num_rows"": ""32768"", ""segment_profile"": ""tiny_plus_giant"", ""shared_suffix"": ""0""}"
experiment-15,segments,sorted_order_strings_segments,Device=0 num_rows=2097152 shared_suffix=0 segment_profile=tiny_plus_giant,False,False,1,1.1374943912029265,0.28047779241389253,72.36474514007568,"{""num_rows"": ""2097152"", ""segment_profile"": ""tiny_plus_giant"", ""shared_suffix"": ""0""}"
experiment-15,segments,sorted_order_strings_segments,Device=0 num_rows=32768 shared_suffix=64 segment_profile=tiny_plus_giant,False,False,1,0.6794703990221022,0.6797252272457923,1.1391592025756836,"{""num_rows"": ""32768"", ""segment_profile"": ""tiny_plus_giant"", ""shared_suffix"": ""64""}"
experiment-15,segments,sorted_order_strings_segments,Device=0 num_rows=2097152 shared_suffix=64 segment_profile=tiny_plus_giant,False,False,1,2.0424304008483887,0.16612165778136276,72.36474514007568,"{""num_rows"": ""2097152"", ""segment_profile"": ""tiny_plus_giant"", ""shared_suffix"": ""64""}"
experiment-15,segments,sorted_order_strings_segments,Device=0 num_rows=32768 shared_suffix=0 segment_profile=hot90,False,False,1,0.3356895998120308,0.8521349555278647,1.1391592025756836,"{""num_rows"": ""32768"", ""segment_profile"": ""hot90"", ""shared_suffix"": ""0""}"
experiment-15,segments,sorted_order_strings_segments,Device=0 num_rows=2097152 shared_suffix=0 segment_profile=hot90,False,False,1,4.203892803192138,0.182475302229121,72.36474514007568,"{""num_rows"": ""2097152"", ""segment_profile"": ""hot90"", ""shared_suffix"": ""0""}"
experiment-15,segments,sorted_order_strings_segments,Device=0 num_rows=32768 shared_suffix=64 segment_profile=hot90,False,False,1,0.777444803714752,0.5359599690965227,1.1391592025756836,"{""num_rows"": ""32768"", ""segment_profile"": ""hot90"", ""shared_suffix"": ""64""}"
experiment-15,segments,sorted_order_strings_segments,Device=0 num_rows=2097152 shared_suffix=64 segment_profile=hot90,False,False,1,4.950620794296265,0.20525545926261446,72.36474514007568,"{""num_rows"": ""2097152"", ""segment_profile"": ""hot90"", ""shared_suffix"": ""64""}"
experiment-15,segments,sorted_order_strings_segments,Device=0 num_rows=32768 shared_suffix=0 segment_profile=few_giants,False,False,1,0.2218063995242119,1.2371720856242747,1.1391592025756836,"{""num_rows"": ""32768"", ""segment_profile"": ""few_giants"", ""shared_suffix"": ""0""}"
experiment-15,segments,sorted_order_strings_segments,Device=0 num_rows=2097152 shared_suffix=0 segment_profile=few_giants,False,False,1,0.9985503941774367,0.448744483583889,72.36474514007568,"{""num_rows"": ""2097152"", ""segment_profile"": ""few_giants"", ""shared_suffix"": ""0""}"
experiment-15,segments,sorted_order_strings_segments,Device=0 num_rows=32768 shared_suffix=64 segment_profile=few_giants,False,False,1,0.39295520186424254,1.2120279533026521,1.1391592025756836,"{""num_rows"": ""32768"", ""segment_profile"": ""few_giants"", ""shared_suffix"": ""64""}"
experiment-15,segments,sorted_order_strings_segments,Device=0 num_rows=2097152 shared_suffix=64 segment_profile=few_giants,False,False,1,3.041927981376648,0.20808981580587782,72.36474514007568,"{""num_rows"": ""2097152"", ""segment_profile"": ""few_giants"", ""shared_suffix"": ""64""}"
experiment-15,segments,sorted_order_strings_segments,Device=0 num_rows=32768 shared_suffix=0 segment_profile=one_segment,False,False,1,0.32182240188121797,1.0198743773434813,1.1391592025756836,"{""num_rows"": ""32768"", ""segment_profile"": ""one_segment"", ""shared_suffix"": ""0""}"
experiment-15,segments,sorted_order_strings_segments,Device=0 num_rows=2097152 shared_suffix=0 segment_profile=one_segment,False,False,1,1.0341823995113375,0.45563691331160017,84.36576747894287,"{""num_rows"": ""2097152"", ""segment_profile"": ""one_segment"", ""shared_suffix"": ""0""}"
experiment-15,segments,sorted_order_strings_segments,Device=0 num_rows=32768 shared_suffix=64 segment_profile=one_segment,False,False,1,0.7266383886337279,0.4862595960224363,1.1391592025756836,"{""num_rows"": ""32768"", ""segment_profile"": ""one_segment"", ""shared_suffix"": ""64""}"
experiment-15,segments,sorted_order_strings_segments,Device=0 num_rows=2097152 shared_suffix=64 segment_profile=one_segment,False,False,1,1.1620832026004788,0.4505481652545665,84.36576747894287,"{""num_rows"": ""2097152"", ""segment_profile"": ""one_segment"", ""shared_suffix"": ""64""}"
experiment-15,segments,sorted_order_strings_segments,Device=0 num_rows=32768 shared_suffix=0 segment_profile=singletons,False,False,0,0.1375808000564575,1.2074064130129818,1.1391592025756836,"{""num_rows"": ""32768"", ""segment_profile"": ""singletons"", ""shared_suffix"": ""0""}"
experiment-15,segments,sorted_order_strings_segments,Device=0 num_rows=2097152 shared_suffix=0 segment_profile=singletons,False,False,0,0.562276804447174,164.63176176272796,72.36474514007568,"{""num_rows"": ""2097152"", ""segment_profile"": ""singletons"", ""shared_suffix"": ""0""}"
experiment-15,segments,sorted_order_strings_segments,Device=0 num_rows=32768 shared_suffix=64 segment_profile=singletons,False,False,0,0.13857439979910852,1.184714970982317,1.1391592025756836,"{""num_rows"": ""32768"", ""segment_profile"": ""singletons"", ""shared_suffix"": ""64""}"
experiment-15,segments,sorted_order_strings_segments,Device=0 num_rows=2097152 shared_suffix=64 segment_profile=singletons,False,False,0,0.39096960127353675,0.9190450915301422,72.36474514007568,"{""num_rows"": ""2097152"", ""segment_profile"": ""singletons"", ""shared_suffix"": ""64""}"
experiment-15,segments,sorted_order_strings_segments,Device=0 num_rows=32768 shared_suffix=0 segment_profile=pairs,False,False,0,0.15735679939389227,2.9090266818705524,1.1391592025756836,"{""num_rows"": ""32768"", ""segment_profile"": ""pairs"", ""shared_suffix"": ""0""}"
experiment-15,segments,sorted_order_strings_segments,Device=0 num_rows=2097152 shared_suffix=0 segment_profile=pairs,False,False,0,0.6486719965934754,0.9358272171355048,72.36474514007568,"{""num_rows"": ""2097152"", ""segment_profile"": ""pairs"", ""shared_suffix"": ""0""}"
experiment-15,segments,sorted_order_strings_segments,Device=0 num_rows=32768 shared_suffix=64 segment_profile=pairs,False,False,0,0.16310880035161976,1.7201341078931893,1.1391592025756836,"{""num_rows"": ""32768"", ""segment_profile"": ""pairs"", ""shared_suffix"": ""64""}"
experiment-15,segments,sorted_order_strings_segments,Device=0 num_rows=2097152 shared_suffix=64 segment_profile=pairs,False,False,0,0.8189967930316925,0.9615827499435237,72.36474514007568,"{""num_rows"": ""2097152"", ""segment_profile"": ""pairs"", ""shared_suffix"": ""64""}"
experiment-15,segments,sorted_order_strings_segments,Device=0 num_rows=32768 shared_suffix=0 segment_profile=tiny4,False,False,0,0.1566704012453556,2.375695507625997,1.1391592025756836,"{""num_rows"": ""32768"", ""segment_profile"": ""tiny4"", ""shared_suffix"": ""0""}"
experiment-15,segments,sorted_order_strings_segments,Device=0 num_rows=2097152 shared_suffix=0 segment_profile=tiny4,False,False,0,0.5755631983280182,0.7293069095361514,72.36474514007568,"{""num_rows"": ""2097152"", ""segment_profile"": ""tiny4"", ""shared_suffix"": ""0""}"
experiment-15,segments,sorted_order_strings_segments,Device=0 num_rows=32768 shared_suffix=64 segment_profile=tiny4,False,False,0,0.17107999995350837,1.8919737539731585,1.1391592025756836,"{""num_rows"": ""32768"", ""segment_profile"": ""tiny4"", ""shared_suffix"": ""64""}"
experiment-15,segments,sorted_order_strings_segments,Device=0 num_rows=2097152 shared_suffix=64 segment_profile=tiny4,False,False,0,0.9103119969367981,0.5934818618380786,72.36474514007568,"{""num_rows"": ""2097152"", ""segment_profile"": ""tiny4"", ""shared_suffix"": ""64""}"
experiment-15,segments,sorted_order_strings_segments,Device=0 num_rows=32768 shared_suffix=0 segment_profile=tiny8,False,False,0,0.15842719823122028,1.5838499700909627,1.1391592025756836,"{""num_rows"": ""32768"", ""segment_profile"": ""tiny8"", ""shared_suffix"": ""0""}"
experiment-15,segments,sorted_order_strings_segments,Device=0 num_rows=2097152 shared_suffix=0 segment_profile=tiny8,False,False,0,0.5877791970968247,0.5245098640426115,72.36474514007568,"{""num_rows"": ""2097152"", ""segment_profile"": ""tiny8"", ""shared_suffix"": ""0""}"
experiment-15,segments,sorted_order_strings_segments,Device=0 num_rows=32768 shared_suffix=64 segment_profile=tiny8,False,False,0,0.1795119985938072,2.1275920990232122,1.1391592025756836,"{""num_rows"": ""32768"", ""segment_profile"": ""tiny8"", ""shared_suffix"": ""64""}"
experiment-15,segments,sorted_order_strings_segments,Device=0 num_rows=2097152 shared_suffix=64 segment_profile=tiny8,False,False,0,1.1482864141464235,0.41142311113227004,72.36474514007568,"{""num_rows"": ""2097152"", ""segment_profile"": ""tiny8"", ""shared_suffix"": ""64""}"
experiment-15,segments,sorted_order_strings_segments,Device=0 num_rows=32768 shared_suffix=0 segment_profile=tiny16,False,False,0,0.16302560120820997,2.2523312099170347,1.1391592025756836,"{""num_rows"": ""32768"", ""segment_profile"": ""tiny16"", ""shared_suffix"": ""0""}"
experiment-15,segments,sorted_order_strings_segments,Device=0 num_rows=2097152 shared_suffix=0 segment_profile=tiny16,False,False,0,0.6239183992147446,0.6081621038462419,72.36474514007568,"{""num_rows"": ""2097152"", ""segment_profile"": ""tiny16"", ""shared_suffix"": ""0""}"
experiment-15,segments,sorted_order_strings_segments,Device=0 num_rows=32768 shared_suffix=64 segment_profile=tiny16,False,False,0,0.18498080149292945,2.215835061483247,1.1391592025756836,"{""num_rows"": ""32768"", ""segment_profile"": ""tiny16"", ""shared_suffix"": ""64""}"
experiment-15,segments,sorted_order_strings_segments,Device=0 num_rows=2097152 shared_suffix=64 segment_profile=tiny16,False,False,0,1.3651295900344849,0.247132081846636,72.36474514007568,"{""num_rows"": ""2097152"", ""segment_profile"": ""tiny16"", ""shared_suffix"": ""64""}"
experiment-15,segments,sorted_order_strings_segments,Device=0 num_rows=32768 shared_suffix=0 segment_profile=tiny32,False,False,0,0.16629280075430874,0.8850151921877794,1.1391592025756836,"{""num_rows"": ""32768"", ""segment_profile"": ""tiny32"", ""shared_suffix"": ""0""}"
experiment-15,segments,sorted_order_strings_segments,Device=0 num_rows=2097152 shared_suffix=0 segment_profile=tiny32,False,False,0,0.6749904066324235,1.255226916702667,72.36474514007568,"{""num_rows"": ""2097152"", ""segment_profile"": ""tiny32"", ""shared_suffix"": ""0""}"
experiment-15,segments,sorted_order_strings_segments,Device=0 num_rows=32768 shared_suffix=64 segment_profile=tiny32,False,False,0,0.19320000112056732,1.3274089764824586,1.1391592025756836,"{""num_rows"": ""32768"", ""segment_profile"": ""tiny32"", ""shared_suffix"": ""64""}"
experiment-15,segments,sorted_order_strings_segments,Device=0 num_rows=2097152 shared_suffix=64 segment_profile=tiny32,False,False,0,1.6543616175651552,0.2203979284663876,72.36474514007568,"{""num_rows"": ""2097152"", ""segment_profile"": ""tiny32"", ""shared_suffix"": ""64""}"
experiment-15,segments,sorted_order_strings_segments,Device=0 num_rows=32768 shared_suffix=0 segment_profile=block256,False,False,0,0.17182879969477652,0.8443957795976195,1.1391592025756836,"{""num_rows"": ""32768"", ""segment_profile"": ""block256"", ""shared_suffix"": ""0""}"
experiment-15,segments,sorted_order_strings_segments,Device=0 num_rows=2097152 shared_suffix=0 segment_profile=block256,False,False,0,1.1200096011161802,0.2923767271002086,72.36474514007568,"{""num_rows"": ""2097152"", ""segment_profile"": ""block256"", ""shared_suffix"": ""0""}"
experiment-15,segments,sorted_order_strings_segments,Device=0 num_rows=32768 shared_suffix=64 segment_profile=block256,False,False,0,0.23659199923276897,0.7469581642296954,1.1391592025756836,"{""num_rows"": ""32768"", ""segment_profile"": ""block256"", ""shared_suffix"": ""64""}"
experiment-15,segments,sorted_order_strings_segments,Device=0 num_rows=2097152 shared_suffix=64 segment_profile=block256,False,False,0,3.2132351875305183,0.24245618565889865,72.36474514007568,"{""num_rows"": ""2097152"", ""segment_profile"": ""block256"", ""shared_suffix"": ""64""}"
experiment-15,segments,sorted_order_strings_segments,Device=0 num_rows=32768 shared_suffix=0 segment_profile=logarithmic,False,False,0,0.35562559962272644,1.22131628227357,1.1391592025756836,"{""num_rows"": ""32768"", ""segment_profile"": ""logarithmic"", ""shared_suffix"": ""0""}"
experiment-15,segments,sorted_order_strings_segments,Device=0 num_rows=2097152 shared_suffix=0 segment_profile=logarithmic,False,False,0,2.5631840109825137,0.17074074917679324,72.36474514007568,"{""num_rows"": ""2097152"", ""segment_profile"": ""logarithmic"", ""shared_suffix"": ""0""}"
experiment-15,segments,sorted_order_strings_segments,Device=0 num_rows=32768 shared_suffix=64 segment_profile=logarithmic,False,False,0,0.9151295989751815,0.6594597320196263,1.1391592025756836,"{""num_rows"": ""32768"", ""segment_profile"": ""logarithmic"", ""shared_suffix"": ""64""}"
experiment-15,segments,sorted_order_strings_segments,Device=0 num_rows=2097152 shared_suffix=64 segment_profile=logarithmic,False,False,0,8.37232322692871,0.26047326309187196,72.36474514007568,"{""num_rows"": ""2097152"", ""segment_profile"": ""logarithmic"", ""shared_suffix"": ""64""}"
experiment-15,segments,sorted_order_strings_segments,Device=0 num_rows=32768 shared_suffix=0 segment_profile=tiny_plus_giant,False,False,0,0.2726975977420807,0.26668347660410685,1.1391592025756836,"{""num_rows"": ""32768"", ""segment_profile"": ""tiny_plus_giant"", ""shared_suffix"": ""0""}"
experiment-15,segments,sorted_order_strings_segments,Device=0 num_rows=2097152 shared_suffix=0 segment_profile=tiny_plus_giant,False,False,0,1.1380592107772827,0.278779527031324,72.36474514007568,"{""num_rows"": ""2097152"", ""segment_profile"": ""tiny_plus_giant"", ""shared_suffix"": ""0""}"
experiment-15,segments,sorted_order_strings_segments,Device=0 num_rows=32768 shared_suffix=64 segment_profile=tiny_plus_giant,False,False,0,0.683038404583931,0.8208448372073365,1.1391592025756836,"{""num_rows"": ""32768"", ""segment_profile"": ""tiny_plus_giant"", ""shared_suffix"": ""64""}"
experiment-15,segments,sorted_order_strings_segments,Device=0 num_rows=2097152 shared_suffix=64 segment_profile=tiny_plus_giant,False,False,0,2.0492400169372553,0.34411975553941493,72.36474514007568,"{""num_rows"": ""2097152"", ""segment_profile"": ""tiny_plus_giant"", ""shared_suffix"": ""64""}"
experiment-15,segments,sorted_order_strings_segments,Device=0 num_rows=32768 shared_suffix=0 segment_profile=hot90,False,False,0,0.34276160150766366,0.5634797985305173,1.1391592025756836,"{""num_rows"": ""32768"", ""segment_profile"": ""hot90"", ""shared_suffix"": ""0""}"
experiment-15,segments,sorted_order_strings_segments,Device=0 num_rows=2097152 shared_suffix=0 segment_profile=hot90,False,False,0,4.207692861557005,0.10090327867692617,72.36474514007568,"{""num_rows"": ""2097152"", ""segment_profile"": ""hot90"", ""shared_suffix"": ""0""}"
experiment-15,segments,sorted_order_strings_segments,Device=0 num_rows=32768 shared_suffix=64 segment_profile=hot90,False,False,0,0.7852719992399216,0.48302553051783537,1.1391592025756836,"{""num_rows"": ""32768"", ""segment_profile"": ""hot90"", ""shared_suffix"": ""64""}"
experiment-15,segments,sorted_order_strings_segments,Device=0 num_rows=2097152 shared_suffix=64 segment_profile=hot90,False,False,0,4.956436753273011,0.218860949072864,72.36474514007568,"{""num_rows"": ""2097152"", ""segment_profile"": ""hot90"", ""shared_suffix"": ""64""}"
experiment-15,segments,sorted_order_strings_segments,Device=0 num_rows=32768 shared_suffix=0 segment_profile=few_giants,False,False,0,0.22289599925279618,1.568179048748713,1.1391592025756836,"{""num_rows"": ""32768"", ""segment_profile"": ""few_giants"", ""shared_suffix"": ""0""}"
experiment-15,segments,sorted_order_strings_segments,Device=0 num_rows=2097152 shared_suffix=0 segment_profile=few_giants,False,False,0,1.0015952050685886,0.364089596356586,72.36474514007568,"{""num_rows"": ""2097152"", ""segment_profile"": ""few_giants"", ""shared_suffix"": ""0""}"
experiment-15,segments,sorted_order_strings_segments,Device=0 num_rows=32768 shared_suffix=64 segment_profile=few_giants,False,False,0,0.3933984011411667,0.5200034609526123,1.1391592025756836,"{""num_rows"": ""32768"", ""segment_profile"": ""few_giants"", ""shared_suffix"": ""64""}"
experiment-15,segments,sorted_order_strings_segments,Device=0 num_rows=2097152 shared_suffix=64 segment_profile=few_giants,False,False,0,3.046182382106781,0.23091423242750497,72.36474514007568,"{""num_rows"": ""2097152"", ""segment_profile"": ""few_giants"", ""shared_suffix"": ""64""}"
experiment-15,segments,sorted_order_strings_segments,Device=0 num_rows=32768 shared_suffix=0 segment_profile=one_segment,False,False,0,0.3240112036466598,0.5192121867955616,1.1391592025756836,"{""num_rows"": ""32768"", ""segment_profile"": ""one_segment"", ""shared_suffix"": ""0""}"
experiment-15,segments,sorted_order_strings_segments,Device=0 num_rows=2097152 shared_suffix=0 segment_profile=one_segment,False,False,0,1.041644811630249,0.858254210636688,84.36576747894287,"{""num_rows"": ""2097152"", ""segment_profile"": ""one_segment"", ""shared_suffix"": ""0""}"
experiment-15,segments,sorted_order_strings_segments,Device=0 num_rows=32768 shared_suffix=64 segment_profile=one_segment,False,False,0,0.7274607986211777,0.30499617383836486,1.1391592025756836,"{""num_rows"": ""32768"", ""segment_profile"": ""one_segment"", ""shared_suffix"": ""64""}"
experiment-15,segments,sorted_order_strings_segments,Device=0 num_rows=2097152 shared_suffix=64 segment_profile=one_segment,False,False,0,1.1680607914924623,0.49589664708355774,84.36576747894287,"{""num_rows"": ""2097152"", ""segment_profile"": ""one_segment"", ""shared_suffix"": ""64""}"
experiment-31,pr-diagnostics,sorted_order_strings_segmented_diagnostics,Device=0 num_rows=262144 profile=finish_257,False,False,0,0.2075935997068882,1.064622716656193,9.053221702575684,"{""num_rows"": ""262144"", ""profile"": ""finish_257""}"
experiment-31,pr-diagnostics,sorted_order_strings_segmented_diagnostics,Device=0 num_rows=2097152 profile=finish_257,False,False,0,0.4084624007344245,1.0683889433981204,72.36474514007568,"{""num_rows"": ""2097152"", ""profile"": ""finish_257""}"
experiment-31,pr-diagnostics,sorted_order_strings_segmented_diagnostics,Device=0 num_rows=262144 profile=finish_1024,False,False,0,0.23318240121006975,0.941954334187855,9.053221702575684,"{""num_rows"": ""262144"", ""profile"": ""finish_1024""}"
experiment-31,pr-diagnostics,sorted_order_strings_segmented_diagnostics,Device=0 num_rows=2097152 profile=finish_1024,False,False,0,0.4321136012673379,0.6850399206270144,72.36474514007568,"{""num_rows"": ""2097152"", ""profile"": ""finish_1024""}"
experiment-31,pr-diagnostics,sorted_order_strings_segmented_diagnostics,Device=0 num_rows=262144 profile=finish_4096,False,False,0,0.27743519991636273,1.3819977580269007,9.053221702575684,"{""num_rows"": ""262144"", ""profile"": ""finish_4096""}"
experiment-31,pr-diagnostics,sorted_order_strings_segmented_diagnostics,Device=0 num_rows=2097152 profile=finish_4096,False,False,0,0.4749919965863227,0.5650229685485446,72.36474514007568,"{""num_rows"": ""2097152"", ""profile"": ""finish_4096""}"
experiment-31,pr-diagnostics,sorted_order_strings_segmented_diagnostics,Device=0 num_rows=262144 profile=active_50,False,False,0,0.3672496005892753,0.21543787440700107,9.053221702575684,"{""num_rows"": ""262144"", ""profile"": ""active_50""}"
experiment-31,pr-diagnostics,sorted_order_strings_segmented_diagnostics,Device=0 num_rows=2097152 profile=active_50,False,False,0,1.0754368007183075,0.32846328468270736,72.36474514007568,"{""num_rows"": ""2097152"", ""profile"": ""active_50""}"
experiment-31,pr-diagnostics,sorted_order_strings_segmented_diagnostics,Device=0 num_rows=262144 profile=active_10,False,False,0,0.3078640013933182,1.04460317553374,9.053221702575684,"{""num_rows"": ""262144"", ""profile"": ""active_10""}"
experiment-31,pr-diagnostics,sorted_order_strings_segmented_diagnostics,Device=0 num_rows=2097152 profile=active_10,False,False,0,0.5911168038845062,0.7333188035825774,72.36474514007568,"{""num_rows"": ""2097152"", ""profile"": ""active_10""}"
experiment-31,pr-diagnostics,sorted_order_strings_segmented_diagnostics,Device=0 num_rows=262144 profile=active_1,False,False,0,0.2345247998833656,1.2172107197488407,9.053221702575684,"{""num_rows"": ""262144"", ""profile"": ""active_1""}"
experiment-31,pr-diagnostics,sorted_order_strings_segmented_diagnostics,Device=0 num_rows=2097152 profile=active_1,False,False,0,0.5061712026596069,0.6239181396934709,72.36474514007568,"{""num_rows"": ""2097152"", ""profile"": ""active_1""}"
experiment-31,pr-diagnostics,sorted_order_strings_segmented_diagnostics,Device=0 num_rows=262144 profile=active_0_1,False,False,0,0.1939648002386093,1.209314809856167,9.053221702575684,"{""num_rows"": ""262144"", ""profile"": ""active_0_1""}"
experiment-31,pr-diagnostics,sorted_order_strings_segmented_diagnostics,Device=0 num_rows=2097152 profile=active_0_1,False,False,0,0.41500480175018306,0.5351933155124126,72.36474514007568,"{""num_rows"": ""2097152"", ""profile"": ""active_0_1""}"
experiment-31,pr-diagnostics,sorted_order_strings_segmented_diagnostics,Device=0 num_rows=262144 profile=duplicates_6,False,False,0,0.22799679934978484,0.46751791648638896,9.053221702575684,"{""num_rows"": ""262144"", ""profile"": ""duplicates_6""}"
experiment-31,pr-diagnostics,sorted_order_strings_segmented_diagnostics,Device=0 num_rows=2097152 profile=duplicates_6,False,False,0,0.671969598531723,0.8966036125367586,72.36474514007568,"{""num_rows"": ""2097152"", ""profile"": ""duplicates_6""}"
experiment-31,pr-diagnostics,sorted_order_strings_segmented_diagnostics,Device=0 num_rows=262144 profile=duplicates_8,False,False,0,0.22740960046648978,0.5663396221215329,9.053221702575684,"{""num_rows"": ""262144"", ""profile"": ""duplicates_8""}"
experiment-31,pr-diagnostics,sorted_order_strings_segmented_diagnostics,Device=0 num_rows=2097152 profile=duplicates_8,False,False,0,0.6699903994798662,1.5463104903820772,72.36474514007568,"{""num_rows"": ""2097152"", ""profile"": ""duplicates_8""}"
experiment-31,pr-diagnostics,sorted_order_strings_segmented_diagnostics,Device=0 num_rows=262144 profile=duplicates_12,False,False,0,0.344318400323391,0.44846072873110265,9.053221702575684,"{""num_rows"": ""262144"", ""profile"": ""duplicates_12""}"
experiment-31,pr-diagnostics,sorted_order_strings_segmented_diagnostics,Device=0 num_rows=2097152 profile=duplicates_12,False,False,0,0.7299295961856842,1.7219704910944826,72.36474514007568,"{""num_rows"": ""2097152"", ""profile"": ""duplicates_12""}"
experiment-31,pr-diagnostics,sorted_order_strings_segmented_diagnostics,Device=0 num_rows=262144 profile=duplicates_16,False,False,0,0.2941055968403817,0.35853652197899544,9.053221702575684,"{""num_rows"": ""262144"", ""profile"": ""duplicates_16""}"
experiment-31,pr-diagnostics,sorted_order_strings_segmented_diagnostics,Device=0 num_rows=2097152 profile=duplicates_16,False,False,0,0.7198815941810608,1.8743864127056105,72.36474514007568,"{""num_rows"": ""2097152"", ""profile"": ""duplicates_16""}"
experiment-31,pr-diagnostics,sorted_order_strings_segmented_diagnostics,Device=0 num_rows=262144 profile=duplicates_24,False,False,0,0.3531152009963989,0.8311267646874317,9.053221702575684,"{""num_rows"": ""262144"", ""profile"": ""duplicates_24""}"
experiment-31,pr-diagnostics,sorted_order_strings_segmented_diagnostics,Device=0 num_rows=2097152 profile=duplicates_24,False,False,0,0.7439824014902118,0.8296408279412418,72.36474514007568,"{""num_rows"": ""2097152"", ""profile"": ""duplicates_24""}"
experiment-31,pr-diagnostics,sorted_order_strings_segmented_diagnostics,Device=0 num_rows=262144 profile=duplicates_32,False,False,0,0.3940608009696006,0.7930001284163752,9.053221702575684,"{""num_rows"": ""262144"", ""profile"": ""duplicates_32""}"
experiment-31,pr-diagnostics,sorted_order_strings_segmented_diagnostics,Device=0 num_rows=2097152 profile=duplicates_32,False,False,0,0.7557279944419864,1.3805959278331237,72.36474514007568,"{""num_rows"": ""2097152"", ""profile"": ""duplicates_32""}"
experiment-31,pr-diagnostics,sorted_order_strings_segmented_diagnostics,Device=0 num_rows=262144 profile=rle_misaligned,False,False,0,0.46918240338563916,0.8852958152321413,9.053221702575684,"{""num_rows"": ""262144"", ""profile"": ""rle_misaligned""}"
experiment-31,pr-diagnostics,sorted_order_strings_segmented_diagnostics,Device=0 num_rows=2097152 profile=rle_misaligned,False,False,0,2.690744006633759,0.1805742468752681,72.36474514007568,"{""num_rows"": ""2097152"", ""profile"": ""rle_misaligned""}"
experiment-15,pr-diagnostics,sorted_order_strings_segmented_diagnostics,Device=0 num_rows=262144 profile=finish_257,False,False,1,0.21313600093126298,0.6262885893718847,9.053221702575684,"{""num_rows"": ""262144"", ""profile"": ""finish_257""}"
experiment-15,pr-diagnostics,sorted_order_strings_segmented_diagnostics,Device=0 num_rows=2097152 profile=finish_257,False,False,1,0.4152432039380074,0.7548111364006247,72.36474514007568,"{""num_rows"": ""2097152"", ""profile"": ""finish_257""}"
experiment-15,pr-diagnostics,sorted_order_strings_segmented_diagnostics,Device=0 num_rows=262144 profile=finish_1024,False,False,1,0.23822399973869324,0.5633751444856677,9.053221702575684,"{""num_rows"": ""262144"", ""profile"": ""finish_1024""}"
experiment-15,pr-diagnostics,sorted_order_strings_segmented_diagnostics,Device=0 num_rows=2097152 profile=finish_1024,False,False,1,0.43926719725131985,0.5878227348959345,72.36474514007568,"{""num_rows"": ""2097152"", ""profile"": ""finish_1024""}"
experiment-15,pr-diagnostics,sorted_order_strings_segmented_diagnostics,Device=0 num_rows=262144 profile=finish_4096,False,False,1,0.2800127983093262,1.7115477293085652,9.053221702575684,"{""num_rows"": ""262144"", ""profile"": ""finish_4096""}"
experiment-15,pr-diagnostics,sorted_order_strings_segmented_diagnostics,Device=0 num_rows=2097152 profile=finish_4096,False,False,1,0.4812608003616333,0.6911310867286725,72.36474514007568,"{""num_rows"": ""2097152"", ""profile"": ""finish_4096""}"
experiment-15,pr-diagnostics,sorted_order_strings_segmented_diagnostics,Device=0 num_rows=262144 profile=active_50,False,False,1,0.3747088000178338,0.37554639887404584,9.053221702575684,"{""num_rows"": ""262144"", ""profile"": ""active_50""}"
experiment-15,pr-diagnostics,sorted_order_strings_segmented_diagnostics,Device=0 num_rows=2097152 profile=active_50,False,False,1,1.0821599900722503,0.3505000505596088,72.36474514007568,"{""num_rows"": ""2097152"", ""profile"": ""active_50""}"
experiment-15,pr-diagnostics,sorted_order_strings_segmented_diagnostics,Device=0 num_rows=262144 profile=active_10,False,False,1,0.29716000258922576,1.3052124304165702,9.053221702575684,"{""num_rows"": ""262144"", ""profile"": ""active_10""}"
experiment-15,pr-diagnostics,sorted_order_strings_segmented_diagnostics,Device=0 num_rows=2097152 profile=active_10,False,False,1,0.6008272022008896,0.754502224007578,72.36474514007568,"{""num_rows"": ""2097152"", ""profile"": ""active_10""}"
experiment-15,pr-diagnostics,sorted_order_strings_segmented_diagnostics,Device=0 num_rows=262144 profile=active_1,False,False,1,0.2390335999429226,1.4101566505690388,9.053221702575684,"{""num_rows"": ""262144"", ""profile"": ""active_1""}"
experiment-15,pr-diagnostics,sorted_order_strings_segmented_diagnostics,Device=0 num_rows=2097152 profile=active_1,False,False,1,0.4925887987017631,0.6244493423893868,72.36474514007568,"{""num_rows"": ""2097152"", ""profile"": ""active_1""}"
experiment-15,pr-diagnostics,sorted_order_strings_segmented_diagnostics,Device=0 num_rows=262144 profile=active_0_1,False,False,1,0.20008000060915948,1.677523522643919,9.053221702575684,"{""num_rows"": ""262144"", ""profile"": ""active_0_1""}"
experiment-15,pr-diagnostics,sorted_order_strings_segmented_diagnostics,Device=0 num_rows=2097152 profile=active_0_1,False,False,1,0.42268799990415584,0.9654467574507106,72.36474514007568,"{""num_rows"": ""2097152"", ""profile"": ""active_0_1""}"
experiment-15,pr-diagnostics,sorted_order_strings_segmented_diagnostics,Device=0 num_rows=262144 profile=duplicates_6,False,False,1,0.23659520149230956,1.0247960880974116,9.053221702575684,"{""num_rows"": ""262144"", ""profile"": ""duplicates_6""}"
experiment-15,pr-diagnostics,sorted_order_strings_segmented_diagnostics,Device=0 num_rows=2097152 profile=duplicates_6,False,False,1,0.9795552074909212,4.3325038293382905,72.36474514007568,"{""num_rows"": ""2097152"", ""profile"": ""duplicates_6""}"
experiment-15,pr-diagnostics,sorted_order_strings_segmented_diagnostics,Device=0 num_rows=262144 profile=duplicates_8,False,False,1,0.23638560101389886,0.7333334003658847,9.053221702575684,"{""num_rows"": ""262144"", ""profile"": ""duplicates_8""}"
experiment-15,pr-diagnostics,sorted_order_strings_segmented_diagnostics,Device=0 num_rows=2097152 profile=duplicates_8,False,False,1,0.9661631971597671,0.331746083379874,72.36474514007568,"{""num_rows"": ""2097152"", ""profile"": ""duplicates_8""}"
experiment-15,pr-diagnostics,sorted_order_strings_segmented_diagnostics,Device=0 num_rows=262144 profile=duplicates_12,False,False,1,0.3530463963747024,0.6167783146373635,9.053221702575684,"{""num_rows"": ""262144"", ""profile"": ""duplicates_12""}"
experiment-15,pr-diagnostics,sorted_order_strings_segmented_diagnostics,Device=0 num_rows=2097152 profile=duplicates_12,False,False,1,2.060211193561554,0.9653537391575249,72.36474514007568,"{""num_rows"": ""2097152"", ""profile"": ""duplicates_12""}"
experiment-15,pr-diagnostics,sorted_order_strings_segmented_diagnostics,Device=0 num_rows=262144 profile=duplicates_16,False,False,1,0.30214720070362094,0.4997162199407593,9.053221702575684,"{""num_rows"": ""262144"", ""profile"": ""duplicates_16""}"
experiment-15,pr-diagnostics,sorted_order_strings_segmented_diagnostics,Device=0 num_rows=2097152 profile=duplicates_16,False,False,1,1.5768991947174074,0.3403909663984553,72.36474514007568,"{""num_rows"": ""2097152"", ""profile"": ""duplicates_16""}"
experiment-15,pr-diagnostics,sorted_order_strings_segmented_diagnostics,Device=0 num_rows=262144 profile=duplicates_24,False,False,1,0.3609695985913276,0.5365385719055109,9.053221702575684,"{""num_rows"": ""262144"", ""profile"": ""duplicates_24""}"
experiment-15,pr-diagnostics,sorted_order_strings_segmented_diagnostics,Device=0 num_rows=2097152 profile=duplicates_24,False,False,1,2.0447296142578124,0.15817828380203,72.36474514007568,"{""num_rows"": ""2097152"", ""profile"": ""duplicates_24""}"
experiment-15,pr-diagnostics,sorted_order_strings_segmented_diagnostics,Device=0 num_rows=262144 profile=duplicates_32,False,False,1,0.40157920271158215,0.4060322608254884,9.053221702575684,"{""num_rows"": ""262144"", ""profile"": ""duplicates_32""}"
experiment-15,pr-diagnostics,sorted_order_strings_segmented_diagnostics,Device=0 num_rows=2097152 profile=duplicates_32,False,False,1,2.487548804283142,0.19571667349888408,72.36474514007568,"{""num_rows"": ""2097152"", ""profile"": ""duplicates_32""}"
experiment-15,pr-diagnostics,sorted_order_strings_segmented_diagnostics,Device=0 num_rows=262144 profile=rle_misaligned,False,False,1,0.47507039755582803,0.9947985465745318,9.053221702575684,"{""num_rows"": ""262144"", ""profile"": ""rle_misaligned""}"
experiment-15,pr-diagnostics,sorted_order_strings_segmented_diagnostics,Device=0 num_rows=2097152 profile=rle_misaligned,False,False,1,2.6920704126358026,0.18729061874195999,72.36474514007568,"{""num_rows"": ""2097152"", ""profile"": ""rle_misaligned""}"
experiment-31,target,sorted_order_strings_cardinality,Device=0 num_rows=262144 max_width=32 cardinality=1,False,False,1,0.0075839999830350285,25.802935778804404,1.0,"{""cardinality"": ""1"", ""max_width"": ""32"", ""num_rows"": ""262144""}"
experiment-31,target,sorted_order_strings_cardinality,Device=0 num_rows=2097152 max_width=32 cardinality=1,False,False,1,0.008891200041398407,12.999850516158434,8.0,"{""cardinality"": ""1"", ""max_width"": ""32"", ""num_rows"": ""2097152""}"
experiment-31,target,sorted_order_strings_cardinality,Device=0 num_rows=262144 max_width=128 cardinality=1,False,False,1,0.2525664009153843,1.4349837562247743,9.053221702575684,"{""cardinality"": ""1"", ""max_width"": ""128"", ""num_rows"": ""262144""}"
experiment-31,target,sorted_order_strings_cardinality,Device=0 num_rows=2097152 max_width=128 cardinality=1,False,False,1,0.8537103921175003,0.5538006544707691,72.36474514007568,"{""cardinality"": ""1"", ""max_width"": ""128"", ""num_rows"": ""2097152""}"
experiment-31,target,sorted_order_strings_cardinality,Device=0 num_rows=262144 max_width=32 cardinality=64,False,False,1,0.46285119801759717,2.4446802236485867,9.053221702575684,"{""cardinality"": ""64"", ""max_width"": ""32"", ""num_rows"": ""262144""}"
experiment-31,target,sorted_order_strings_cardinality,Device=0 num_rows=2097152 max_width=32 cardinality=64,False,False,1,0.7517167985439299,0.9396571509529451,72.36474514007568,"{""cardinality"": ""64"", ""max_width"": ""32"", ""num_rows"": ""2097152""}"
experiment-31,target,sorted_order_strings_cardinality,Device=0 num_rows=262144 max_width=128 cardinality=64,False,False,1,0.9928368031978606,2.742115629709023,9.053221702575684,"{""cardinality"": ""64"", ""max_width"": ""128"", ""num_rows"": ""262144""}"
experiment-31,target,sorted_order_strings_cardinality,Device=0 num_rows=2097152 max_width=128 cardinality=64,False,False,1,0.8974943995475768,1.9842563610490471,72.36474514007568,"{""cardinality"": ""64"", ""max_width"": ""128"", ""num_rows"": ""2097152""}"
experiment-31,target,sorted_order_strings_cardinality,Device=0 num_rows=262144 max_width=32 cardinality=0,False,False,1,0.25919360071420666,0.27874336029034125,9.053221702575684,"{""cardinality"": ""0"", ""max_width"": ""32"", ""num_rows"": ""262144""}"
experiment-31,target,sorted_order_strings_cardinality,Device=0 num_rows=2097152 max_width=32 cardinality=0,False,False,1,0.5218880057334899,0.8290482801788182,72.36474514007568,"{""cardinality"": ""0"", ""max_width"": ""32"", ""num_rows"": ""2097152""}"
experiment-31,target,sorted_order_strings_cardinality,Device=0 num_rows=262144 max_width=128 cardinality=0,False,False,1,0.2627359986305237,0.5065943378840848,9.053221702575684,"{""cardinality"": ""0"", ""max_width"": ""128"", ""num_rows"": ""262144""}"
experiment-31,target,sorted_order_strings_cardinality,Device=0 num_rows=2097152 max_width=128 cardinality=0,False,False,1,0.5198992013931274,0.4081048155517618,72.36474514007568,"{""cardinality"": ""0"", ""max_width"": ""128"", ""num_rows"": ""2097152""}"
experiment-31,target,sorted_order_strings_prefixes,Device=0 num_rows=262144 prefix_width=4 suffix_width=32 prefix_cardinality=1,False,False,1,0.2368432015180588,0.47523310158393794,9.053221702575684,"{""num_rows"": ""262144"", ""prefix_cardinality"": ""1"", ""prefix_width"": ""4"", ""suffix_width"": ""32""}"
experiment-31,target,sorted_order_strings_prefixes,Device=0 num_rows=2097152 prefix_width=4 suffix_width=32 prefix_cardinality=1,False,False,1,0.4505167990922927,0.6434407804232443,72.36474514007568,"{""num_rows"": ""2097152"", ""prefix_cardinality"": ""1"", ""prefix_width"": ""4"", ""suffix_width"": ""32""}"
experiment-31,target,sorted_order_strings_prefixes,Device=0 num_rows=262144 prefix_width=8 suffix_width=32 prefix_cardinality=1,False,False,1,0.6569920033216475,0.30205232858383746,9.053221702575684,"{""num_rows"": ""262144"", ""prefix_cardinality"": ""1"", ""prefix_width"": ""8"", ""suffix_width"": ""32""}"
experiment-31,target,sorted_order_strings_prefixes,Device=0 num_rows=2097152 prefix_width=8 suffix_width=32 prefix_cardinality=1,False,False,1,4.709452772140503,0.44675235193279955,72.36474514007568,"{""num_rows"": ""2097152"", ""prefix_cardinality"": ""1"", ""prefix_width"": ""8"", ""suffix_width"": ""32""}"
experiment-31,target,sorted_order_strings_prefixes,Device=0 num_rows=262144 prefix_width=10 suffix_width=32 prefix_cardinality=1,False,False,1,0.6966208010911942,0.4774004689271782,9.053221702575684,"{""num_rows"": ""262144"", ""prefix_cardinality"": ""1"", ""prefix_width"": ""10"", ""suffix_width"": ""32""}"
experiment-31,target,sorted_order_strings_prefixes,Device=0 num_rows=2097152 prefix_width=10 suffix_width=32 prefix_cardinality=1,False,False,1,4.940352034568787,0.4697383766150815,72.36474514007568,"{""num_rows"": ""2097152"", ""prefix_cardinality"": ""1"", ""prefix_width"": ""10"", ""suffix_width"": ""32""}"
experiment-31,target,sorted_order_strings_prefixes,Device=0 num_rows=262144 prefix_width=11 suffix_width=32 prefix_cardinality=1,False,False,1,0.7037984013557435,0.3072776350637236,9.053221702575684,"{""num_rows"": ""262144"", ""prefix_cardinality"": ""1"", ""prefix_width"": ""11"", ""suffix_width"": ""32""}"
experiment-31,target,sorted_order_strings_prefixes,Device=0 num_rows=2097152 prefix_width=11 suffix_width=32 prefix_cardinality=1,False,False,1,5.003686404228211,0.22643289120937374,72.36474514007568,"{""num_rows"": ""2097152"", ""prefix_cardinality"": ""1"", ""prefix_width"": ""11"", ""suffix_width"": ""32""}"
experiment-31,target,sorted_order_strings_prefixes,Device=0 num_rows=262144 prefix_width=12 suffix_width=32 prefix_cardinality=1,False,False,1,0.7155119985342024,0.4743146110080294,9.053221702575684,"{""num_rows"": ""262144"", ""prefix_cardinality"": ""1"", ""prefix_width"": ""12"", ""suffix_width"": ""32""}"
experiment-31,target,sorted_order_strings_prefixes,Device=0 num_rows=2097152 prefix_width=12 suffix_width=32 prefix_cardinality=1,False,False,1,5.05962564945221,0.23537641284275937,72.36474514007568,"{""num_rows"": ""2097152"", ""prefix_cardinality"": ""1"", ""prefix_width"": ""12"", ""suffix_width"": ""32""}"
experiment-31,target,sorted_order_strings_prefixes,Device=0 num_rows=262144 prefix_width=64 suffix_width=32 prefix_cardinality=1,False,False,1,0.7220160007476806,0.5003083304501675,9.053221702575684,"{""num_rows"": ""262144"", ""prefix_cardinality"": ""1"", ""prefix_width"": ""64"", ""suffix_width"": ""32""}"
experiment-31,target,sorted_order_strings_prefixes,Device=0 num_rows=2097152 prefix_width=64 suffix_width=32 prefix_cardinality=1,False,False,1,5.5805744409561155,0.29149493573487334,72.36474514007568,"{""num_rows"": ""2097152"", ""prefix_cardinality"": ""1"", ""prefix_width"": ""64"", ""suffix_width"": ""32""}"
experiment-31,target,sorted_order_strings_prefixes,Device=0 num_rows=262144 prefix_width=4 suffix_width=32 prefix_cardinality=64,False,False,1,0.2033023998141289,1.1020505421994473,9.053221702575684,"{""num_rows"": ""262144"", ""prefix_cardinality"": ""64"", ""prefix_width"": ""4"", ""suffix_width"": ""32""}"
experiment-31,target,sorted_order_strings_prefixes,Device=0 num_rows=2097152 prefix_width=4 suffix_width=32 prefix_cardinality=64,False,False,1,0.4174560040235519,0.7411265796917023,72.36474514007568,"{""num_rows"": ""2097152"", ""prefix_cardinality"": ""64"", ""prefix_width"": ""4"", ""suffix_width"": ""32""}"
experiment-31,target,sorted_order_strings_prefixes,Device=0 num_rows=262144 prefix_width=8 suffix_width=32 prefix_cardinality=64,False,False,1,0.45739519894123076,4.2154169858179555,9.053221702575684,"{""num_rows"": ""262144"", ""prefix_cardinality"": ""64"", ""prefix_width"": ""8"", ""suffix_width"": ""32""}"
experiment-31,target,sorted_order_strings_prefixes,Device=0 num_rows=2097152 prefix_width=8 suffix_width=32 prefix_cardinality=64,False,False,1,4.188355231285096,0.2850839148167527,72.36474514007568,"{""num_rows"": ""2097152"", ""prefix_cardinality"": ""64"", ""prefix_width"": ""8"", ""suffix_width"": ""32""}"
experiment-31,target,sorted_order_strings_prefixes,Device=0 num_rows=262144 prefix_width=10 suffix_width=32 prefix_cardinality=64,False,False,1,0.4880416005849838,0.4661442308704312,9.053221702575684,"{""num_rows"": ""262144"", ""prefix_cardinality"": ""64"", ""prefix_width"": ""10"", ""suffix_width"": ""32""}"
experiment-31,target,sorted_order_strings_prefixes,Device=0 num_rows=2097152 prefix_width=10 suffix_width=32 prefix_cardinality=64,False,False,1,4.515161609649659,0.2771104984807188,72.36474514007568,"{""num_rows"": ""2097152"", ""prefix_cardinality"": ""64"", ""prefix_width"": ""10"", ""suffix_width"": ""32""}"
experiment-31,target,sorted_order_strings_prefixes,Device=0 num_rows=262144 prefix_width=11 suffix_width=32 prefix_cardinality=64,False,False,1,0.5000576004385948,0.44019550911905253,9.053221702575684,"{""num_rows"": ""262144"", ""prefix_cardinality"": ""64"", ""prefix_width"": ""11"", ""suffix_width"": ""32""}"
experiment-31,target,sorted_order_strings_prefixes,Device=0 num_rows=2097152 prefix_width=11 suffix_width=32 prefix_cardinality=64,False,False,1,4.576387214660644,0.3276783796816783,72.36474514007568,"{""num_rows"": ""2097152"", ""prefix_cardinality"": ""64"", ""prefix_width"": ""11"", ""suffix_width"": ""32""}"
experiment-31,target,sorted_order_strings_prefixes,Device=0 num_rows=262144 prefix_width=12 suffix_width=32 prefix_cardinality=64,False,False,1,0.5087855964899062,0.4570145890948598,9.053221702575684,"{""num_rows"": ""262144"", ""prefix_cardinality"": ""64"", ""prefix_width"": ""12"", ""suffix_width"": ""32""}"
experiment-31,target,sorted_order_strings_prefixes,Device=0 num_rows=2097152 prefix_width=12 suffix_width=32 prefix_cardinality=64,False,False,1,4.638620853424072,0.3602889203811178,72.36474514007568,"{""num_rows"": ""2097152"", ""prefix_cardinality"": ""64"", ""prefix_width"": ""12"", ""suffix_width"": ""32""}"
experiment-31,target,sorted_order_strings_prefixes,Device=0 num_rows=262144 prefix_width=64 suffix_width=32 prefix_cardinality=64,False,False,1,1.0808192074298857,0.3010280370670644,9.053221702575684,"{""num_rows"": ""262144"", ""prefix_cardinality"": ""64"", ""prefix_width"": ""64"", ""suffix_width"": ""32""}"
experiment-31,target,sorted_order_strings_prefixes,Device=0 num_rows=2097152 prefix_width=64 suffix_width=32 prefix_cardinality=64,False,False,1,5.090814375877382,0.29841244020538465,72.36474514007568,"{""num_rows"": ""2097152"", ""prefix_cardinality"": ""64"", ""prefix_width"": ""64"", ""suffix_width"": ""32""}"
experiment-15,target,sorted_order_strings_cardinality,Device=0 num_rows=262144 max_width=32 cardinality=1,False,False,0,0.00712800002656877,5.220965957458438,1.0,"{""cardinality"": ""1"", ""max_width"": ""32"", ""num_rows"": ""262144""}"
experiment-15,target,sorted_order_strings_cardinality,Device=0 num_rows=2097152 max_width=32 cardinality=1,False,False,0,0.008540799934417012,5.071967818177341,8.0,"{""cardinality"": ""1"", ""max_width"": ""32"", ""num_rows"": ""2097152""}"
experiment-15,target,sorted_order_strings_cardinality,Device=0 num_rows=262144 max_width=128 cardinality=1,False,False,0,0.24664639979600905,0.7162685047305789,9.053221702575684,"{""cardinality"": ""1"", ""max_width"": ""128"", ""num_rows"": ""262144""}"
experiment-15,target,sorted_order_strings_cardinality,Device=0 num_rows=2097152 max_width=128 cardinality=1,False,False,0,0.8535104036331177,0.5388106105692745,72.36474514007568,"{""cardinality"": ""1"", ""max_width"": ""128"", ""num_rows"": ""2097152""}"
experiment-15,target,sorted_order_strings_cardinality,Device=0 num_rows=262144 max_width=32 cardinality=64,False,False,0,0.4472704038023948,1.9563757806669548,9.053221702575684,"{""cardinality"": ""64"", ""max_width"": ""32"", ""num_rows"": ""262144""}"
experiment-15,target,sorted_order_strings_cardinality,Device=0 num_rows=2097152 max_width=32 cardinality=64,False,False,0,1.5251167893409725,1.6678683560964813,72.36474514007568,"{""cardinality"": ""64"", ""max_width"": ""32"", ""num_rows"": ""2097152""}"
experiment-15,target,sorted_order_strings_cardinality,Device=0 num_rows=262144 max_width=128 cardinality=64,False,False,0,0.992142391204834,2.477748001020572,9.053221702575684,"{""cardinality"": ""64"", ""max_width"": ""128"", ""num_rows"": ""262144""}"
experiment-15,target,sorted_order_strings_cardinality,Device=0 num_rows=2097152 max_width=128 cardinality=64,False,False,0,3.6697664022445675,0.8576936381514266,72.36474514007568,"{""cardinality"": ""64"", ""max_width"": ""128"", ""num_rows"": ""2097152""}"
experiment-15,target,sorted_order_strings_cardinality,Device=0 num_rows=262144 max_width=32 cardinality=0,False,False,0,0.2567711979150772,0.6172029820269981,9.053221702575684,"{""cardinality"": ""0"", ""max_width"": ""32"", ""num_rows"": ""262144""}"
experiment-15,target,sorted_order_strings_cardinality,Device=0 num_rows=2097152 max_width=32 cardinality=0,False,False,0,0.5132463991641999,0.45168152415136464,72.36474514007568,"{""cardinality"": ""0"", ""max_width"": ""32"", ""num_rows"": ""2097152""}"
experiment-15,target,sorted_order_strings_cardinality,Device=0 num_rows=262144 max_width=128 cardinality=0,False,False,0,0.25563199669122694,1.437360880522579,9.053221702575684,"{""cardinality"": ""0"", ""max_width"": ""128"", ""num_rows"": ""262144""}"
experiment-15,target,sorted_order_strings_cardinality,Device=0 num_rows=2097152 max_width=128 cardinality=0,False,False,0,0.5271536022424699,0.5809170516464862,72.36474514007568,"{""cardinality"": ""0"", ""max_width"": ""128"", ""num_rows"": ""2097152""}"
experiment-15,target,sorted_order_strings_prefixes,Device=0 num_rows=262144 prefix_width=4 suffix_width=32 prefix_cardinality=1,False,False,0,0.23193119913339608,1.6494083357856812,9.053221702575684,"{""num_rows"": ""262144"", ""prefix_cardinality"": ""1"", ""prefix_width"": ""4"", ""suffix_width"": ""32""}"
experiment-15,target,sorted_order_strings_prefixes,Device=0 num_rows=2097152 prefix_width=4 suffix_width=32 prefix_cardinality=1,False,False,0,0.44337759763002393,0.8192137996184383,72.36474514007568,"{""num_rows"": ""2097152"", ""prefix_cardinality"": ""1"", ""prefix_width"": ""4"", ""suffix_width"": ""32""}"
experiment-15,target,sorted_order_strings_prefixes,Device=0 num_rows=262144 prefix_width=8 suffix_width=32 prefix_cardinality=1,False,False,0,0.6534703999757766,0.31724463517245727,9.053221702575684,"{""num_rows"": ""262144"", ""prefix_cardinality"": ""1"", ""prefix_width"": ""8"", ""suffix_width"": ""32""}"
experiment-15,target,sorted_order_strings_prefixes,Device=0 num_rows=2097152 prefix_width=8 suffix_width=32 prefix_cardinality=1,False,False,0,4.703040003776549,0.25875651862831234,72.36474514007568,"{""num_rows"": ""2097152"", ""prefix_cardinality"": ""1"", ""prefix_width"": ""8"", ""suffix_width"": ""32""}"
experiment-15,target,sorted_order_strings_prefixes,Device=0 num_rows=262144 prefix_width=10 suffix_width=32 prefix_cardinality=1,False,False,0,0.6908128023147582,0.4346449904179175,9.053221702575684,"{""num_rows"": ""262144"", ""prefix_cardinality"": ""1"", ""prefix_width"": ""10"", ""suffix_width"": ""32""}"
experiment-15,target,sorted_order_strings_prefixes,Device=0 num_rows=2097152 prefix_width=10 suffix_width=32 prefix_cardinality=1,False,False,0,4.929223966598511,0.29779983938403487,72.36474514007568,"{""num_rows"": ""2097152"", ""prefix_cardinality"": ""1"", ""prefix_width"": ""10"", ""suffix_width"": ""32""}"
experiment-15,target,sorted_order_strings_prefixes,Device=0 num_rows=262144 prefix_width=11 suffix_width=32 prefix_cardinality=1,False,False,0,0.7012224048376082,0.3639095904479667,9.053221702575684,"{""num_rows"": ""262144"", ""prefix_cardinality"": ""1"", ""prefix_width"": ""11"", ""suffix_width"": ""32""}"
experiment-15,target,sorted_order_strings_prefixes,Device=0 num_rows=2097152 prefix_width=11 suffix_width=32 prefix_cardinality=1,False,False,0,4.991505551338195,0.2479745324987736,72.36474514007568,"{""num_rows"": ""2097152"", ""prefix_cardinality"": ""1"", ""prefix_width"": ""11"", ""suffix_width"": ""32""}"
experiment-15,target,sorted_order_strings_prefixes,Device=0 num_rows=262144 prefix_width=12 suffix_width=32 prefix_cardinality=1,False,False,0,0.7115343987941741,0.3881416579481353,9.053221702575684,"{""num_rows"": ""262144"", ""prefix_cardinality"": ""1"", ""prefix_width"": ""12"", ""suffix_width"": ""32""}"
experiment-15,target,sorted_order_strings_prefixes,Device=0 num_rows=2097152 prefix_width=12 suffix_width=32 prefix_cardinality=1,False,False,0,5.047968006134033,0.2839122736554449,72.36474514007568,"{""num_rows"": ""2097152"", ""prefix_cardinality"": ""1"", ""prefix_width"": ""12"", ""suffix_width"": ""32""}"
experiment-15,target,sorted_order_strings_prefixes,Device=0 num_rows=262144 prefix_width=64 suffix_width=32 prefix_cardinality=1,False,False,0,0.7144160002470016,0.6296176336098174,9.053221702575684,"{""num_rows"": ""262144"", ""prefix_cardinality"": ""1"", ""prefix_width"": ""64"", ""suffix_width"": ""32""}"
experiment-15,target,sorted_order_strings_prefixes,Device=0 num_rows=2097152 prefix_width=64 suffix_width=32 prefix_cardinality=1,False,False,0,5.562478446960449,0.2504672136431333,72.36474514007568,"{""num_rows"": ""2097152"", ""prefix_cardinality"": ""1"", ""prefix_width"": ""64"", ""suffix_width"": ""32""}"
experiment-15,target,sorted_order_strings_prefixes,Device=0 num_rows=262144 prefix_width=4 suffix_width=32 prefix_cardinality=64,False,False,0,0.1953791990876198,1.5849587731056651,9.053221702575684,"{""num_rows"": ""262144"", ""prefix_cardinality"": ""64"", ""prefix_width"": ""4"", ""suffix_width"": ""32""}"
experiment-15,target,sorted_order_strings_prefixes,Device=0 num_rows=2097152 prefix_width=4 suffix_width=32 prefix_cardinality=64,False,False,0,0.41126560121774675,0.6566927897218189,72.36474514007568,"{""num_rows"": ""2097152"", ""prefix_cardinality"": ""64"", ""prefix_width"": ""4"", ""suffix_width"": ""32""}"
experiment-15,target,sorted_order_strings_prefixes,Device=0 num_rows=262144 prefix_width=8 suffix_width=32 prefix_cardinality=64,False,False,0,0.4445536017417908,0.6183562261303861,9.053221702575684,"{""num_rows"": ""262144"", ""prefix_cardinality"": ""64"", ""prefix_width"": ""8"", ""suffix_width"": ""32""}"
experiment-15,target,sorted_order_strings_prefixes,Device=0 num_rows=2097152 prefix_width=8 suffix_width=32 prefix_cardinality=64,False,False,0,4.130676770210266,0.25812147285955833,72.36474514007568,"{""num_rows"": ""2097152"", ""prefix_cardinality"": ""64"", ""prefix_width"": ""8"", ""suffix_width"": ""32""}"
experiment-15,target,sorted_order_strings_prefixes,Device=0 num_rows=262144 prefix_width=10 suffix_width=32 prefix_cardinality=64,False,False,0,0.4790688008069992,0.760612972655111,9.053221702575684,"{""num_rows"": ""262144"", ""prefix_cardinality"": ""64"", ""prefix_width"": ""10"", ""suffix_width"": ""32""}"
experiment-15,target,sorted_order_strings_prefixes,Device=0 num_rows=2097152 prefix_width=10 suffix_width=32 prefix_cardinality=64,False,False,0,4.453987193107605,0.241081805776289,72.36474514007568,"{""num_rows"": ""2097152"", ""prefix_cardinality"": ""64"", ""prefix_width"": ""10"", ""suffix_width"": ""32""}"
experiment-15,target,sorted_order_strings_prefixes,Device=0 num_rows=262144 prefix_width=11 suffix_width=32 prefix_cardinality=64,False,False,0,0.4928383991122246,0.6646928215174757,9.053221702575684,"{""num_rows"": ""262144"", ""prefix_cardinality"": ""64"", ""prefix_width"": ""11"", ""suffix_width"": ""32""}"
experiment-15,target,sorted_order_strings_prefixes,Device=0 num_rows=2097152 prefix_width=11 suffix_width=32 prefix_cardinality=64,False,False,0,4.516907143592834,0.35938380492798094,72.36474514007568,"{""num_rows"": ""2097152"", ""prefix_cardinality"": ""64"", ""prefix_width"": ""11"", ""suffix_width"": ""32""}"
experiment-15,target,sorted_order_strings_prefixes,Device=0 num_rows=262144 prefix_width=12 suffix_width=32 prefix_cardinality=64,False,False,0,0.5034223988652229,0.8211015528065542,9.053221702575684,"{""num_rows"": ""262144"", ""prefix_cardinality"": ""64"", ""prefix_width"": ""12"", ""suffix_width"": ""32""}"
experiment-15,target,sorted_order_strings_prefixes,Device=0 num_rows=2097152 prefix_width=12 suffix_width=32 prefix_cardinality=64,False,False,0,4.571950387954713,0.33558926824360075,72.36474514007568,"{""num_rows"": ""2097152"", ""prefix_cardinality"": ""64"", ""prefix_width"": ""12"", ""suffix_width"": ""32""}"
experiment-15,target,sorted_order_strings_prefixes,Device=0 num_rows=262144 prefix_width=64 suffix_width=32 prefix_cardinality=64,False,False,0,1.0735103964805601,0.2329724668975472,9.053221702575684,"{""num_rows"": ""262144"", ""prefix_cardinality"": ""64"", ""prefix_width"": ""64"", ""suffix_width"": ""32""}"
experiment-15,target,sorted_order_strings_prefixes,Device=0 num_rows=2097152 prefix_width=64 suffix_width=32 prefix_cardinality=64,False,False,0,8.569232034683228,0.4178905036589309,72.36474514007568,"{""num_rows"": ""2097152"", ""prefix_cardinality"": ""64"", ""prefix_width"": ""64"", ""suffix_width"": ""32""}"
