optimized states 272 speedup 1.366366932679711 failed 1
[
  {
    "config": "optimized",
    "group": "target",
    "state": "Device=0 num_rows=262144 max_width=32 cardinality=64",
    "stable": "False",
    "descending": "False",
    "rounds": 3,
    "ratio": 1.0331030532313012,
    "ratio_ci_low": 1.0196122762584294,
    "ratio_ci_high": 1.0395995823523345,
    "accepted": false,
    "axes": "{\"cardinality\": \"64\", \"max_width\": \"32\", \"num_rows\": \"262144\"}"
  }
]
pr1-p32-c512 states 232 speedup 0.41371821589683655 failed 196
[
  {
    "config": "pr1-p32-c512",
    "group": "pr-workload",
    "state": "Device=0 min_width=0 max_width=32 num_rows=32768 workload=normal",
    "stable": "False",
    "descending": "False",
    "rounds": 3,
    "ratio": 1.892283745567259,
    "ratio_ci_low": 1.8683179394890637,
    "ratio_ci_high": 1.935595738889577,
    "accepted": false,
    "axes": "{\"max_width\": \"32\", \"min_width\": \"0\", \"num_rows\": \"32768\", \"workload\": \"normal\"}"
  },
  {
    "config": "pr1-p32-c512",
    "group": "pr-workload",
    "state": "Device=0 min_width=0 max_width=64 num_rows=32768 workload=normal",
    "stable": "False",
    "descending": "False",
    "rounds": 3,
    "ratio": 2.05187901556579,
    "ratio_ci_low": 2.0098024866696487,
    "ratio_ci_high": 2.1048442494470403,
    "accepted": false,
    "axes": "{\"max_width\": \"64\", \"min_width\": \"0\", \"num_rows\": \"32768\", \"workload\": \"normal\"}"
  },
  {
    "config": "pr1-p32-c512",
    "group": "pr-workload",
    "state": "Device=0 min_width=0 max_width=128 num_rows=32768 workload=normal",
    "stable": "False",
    "descending": "False",
    "rounds": 3,
    "ratio": 2.1859383593133517,
    "ratio_ci_low": 2.147485718209936,
    "ratio_ci_high": 2.2256199564024697,
    "accepted": false,
    "axes": "{\"max_width\": \"128\", \"min_width\": \"0\", \"num_rows\": \"32768\", \"workload\": \"normal\"}"
  },
  {
    "config": "pr1-p32-c512",
    "group": "pr-workload",
    "state": "Device=0 min_width=0 max_width=256 num_rows=32768 workload=normal",
    "stable": "False",
    "descending": "False",
    "rounds": 3,
    "ratio": 2.4025669782839185,
    "ratio_ci_low": 2.361947178767727,
    "ratio_ci_high": 2.4562289937748893,
    "accepted": false,
    "axes": "{\"max_width\": \"256\", \"min_width\": \"0\", \"num_rows\": \"32768\", \"workload\": \"normal\"}"
  },
  {
    "config": "pr1-p32-c512",
    "group": "pr-workload",
    "state": "Device=0 min_width=0 max_width=32 num_rows=262144 workload=normal",
    "stable": "False",
    "descending": "False",
    "rounds": 3,
    "ratio": 1.2331523840037284,
    "ratio_ci_low": 1.227408143490146,
    "ratio_ci_high": 1.2416029166835763,
    "accepted": false,
    "axes": "{\"max_width\": \"32\", \"min_width\": \"0\", \"num_rows\": \"262144\", \"workload\": \"normal\"}"
  },
  {
    "config": "pr1-p32-c512",
    "group": "pr-workload",
    "state": "Device=0 min_width=0 max_width=64 num_rows=262144 workload=normal",
    "stable": "False",
    "descending": "False",
    "rounds": 3,
    "ratio": 1.3279553022446744,
    "ratio_ci_low": 1.2829746328222027,
    "ratio_ci_high": 1.3829894514379473,
    "accepted": false,
    "axes": "{\"max_width\": \"64\", \"min_width\": \"0\", \"num_rows\": \"262144\", \"workload\": \"normal\"}"
  },
  {
    "config": "pr1-p32-c512",
    "group": "pr-workload",
    "state": "Device=0 min_width=0 max_width=128 num_rows=262144 workload=normal",
    "stable": "False",
    "descending": "False",
    "rounds": 3,
    "ratio": 1.4108570163085616,
    "ratio_ci_low": 1.3714064691650556,
    "ratio_ci_high": 1.4577625250148183,
    "accepted": false,
    "axes": "{\"max_width\": \"128\", \"min_width\": \"0\", \"num_rows\": \"262144\", \"workload\": \"normal\"}"
  },
  {
    "config": "pr1-p32-c512",
    "group": "pr-workload",
    "state": "Device=0 min_width=0 max_width=256 num_rows=262144 workload=normal",
    "stable": "False",
    "descending": "False",
    "rounds": 3,
    "ratio": 1.6988150344284492,
    "ratio_ci_low": 1.626572129728911,
    "ratio_ci_high": 1.7911112594337977,
    "accepted": false,
    "axes": "{\"max_width\": \"256\", \"min_width\": \"0\", \"num_rows\": \"262144\", \"workload\": \"normal\"}"
  },
  {
    "config": "pr1-p32-c512",
    "group": "pr-workload",
    "state": "Device=0 min_width=0 max_width=32 num_rows=2097152 workload=normal",
    "stable": "False",
    "descending": "False",
    "rounds": 3,
    "ratio": 1.409884503287318,
    "ratio_ci_low": 1.3942056148993578,
    "ratio_ci_high": 1.4255453258942334,
    "accepted": false,
    "axes": "{\"max_width\": \"32\", \"min_width\": \"0\", \"num_rows\": \"2097152\", \"workload\": \"normal\"}"
  },
  {
    "config": "pr1-p32-c512",
    "group": "pr-workload",
    "state": "Device=0 min_width=0 max_width=64 num_rows=2097152 workload=normal",
    "stable": "False",
    "descending": "False",
    "rounds": 3,
    "ratio": 1.8773582190144953,
    "ratio_ci_low": 1.8391180224720831,
    "ratio_ci_high": 1.898627140371114,
    "accepted": false,
    "axes": "{\"max_width\": \"64\", \"min_width\": \"0\", \"num_rows\": \"2097152\", \"workload\": \"normal\"}"
  },
  {
    "config": "pr1-p32-c512",
    "group": "pr-workload",
    "state": "Device=0 min_width=0 max_width=128 num_rows=2097152 workload=normal",
    "stable": "False",
    "descending": "False",
    "rounds": 3,
    "ratio": 2.068935787928064,
    "ratio_ci_low": 2.0147911512679633,
    "ratio_ci_high": 2.1210342913082902,
    "accepted": false,
    "axes": "{\"max_width\": \"128\", \"min_width\": \"0\", \"num_rows\": \"2097152\", \"workload\": \"normal\"}"
  },
  {
    "config": "pr1-p32-c512",
    "group": "pr-workload",
    "state": "Device=0 min_width=0 max_width=256 num_rows=2097152 workload=normal",
    "stable": "False",
    "descending": "False",
    "rounds": 3,
    "ratio": 1.9136307327078343,
    "ratio_ci_low": 1.8868160985967064,
    "ratio_ci_high": 1.9413681150008426,
    "accepted": false,
    "axes": "{\"max_width\": \"256\", \"min_width\": \"0\", \"num_rows\": \"2097152\", \"workload\": \"normal\"}"
  },
  {
    "config": "pr1-p32-c512",
    "group": "pr-workload",
    "state": "Device=0 min_width=0 max_width=32 num_rows=32768 workload=duplicates",
    "stable": "False",
    "descending": "False",
    "rounds": 3,
    "ratio": 3.179471546131305,
    "ratio_ci_low": 3.0859427967058704,
    "ratio_ci_high": 3.2870311269778507,
    "accepted": false,
    "axes": "{\"max_width\": \"32\", \"min_width\": \"0\", \"num_rows\": \"32768\", \"workload\": \"duplicates\"}"
  },
  {
    "config": "pr1-p32-c512",
    "group": "pr-workload",
    "state": "Device=0 min_width=0 max_width=64 num_rows=32768 workload=duplicates",
    "stable": "False",
    "descending": "False",
    "rounds": 3,
    "ratio": 4.312787259406524,
    "ratio_ci_low": 4.27235202625082,
    "ratio_ci_high": 4.348854792160411,
    "accepted": false,
    "axes": "{\"max_width\": \"64\", \"min_width\": \"0\", \"num_rows\": \"32768\", \"workload\": \"duplicates\"}"
  },
  {
    "config": "pr1-p32-c512",
    "group": "pr-workload",
    "state": "Device=0 min_width=0 max_width=128 num_rows=32768 workload=duplicates",
    "stable": "False",
    "descending": "False",
    "rounds": 3,
    "ratio": 5.294246901088032,
    "ratio_ci_low": 5.234559607707401,
    "ratio_ci_high": 5.395509869967106,
    "accepted": false,
    "axes": "{\"max_width\": \"128\", \"min_width\": \"0\", \"num_rows\": \"32768\", \"workload\": \"duplicates\"}"
  },
  {
    "config": "pr1-p32-c512",
    "group": "pr-workload",
    "state": "Device=0 min_width=0 max_width=256 num_rows=32768 workload=duplicates",
    "stable": "False",
    "descending": "False",
    "rounds": 3,
    "ratio": 5.6331893255291865,
    "ratio_ci_low": 5.561504074652332,
    "ratio_ci_high": 5.687929317739444,
    "accepted": false,
    "axes": "{\"max_width\": \"256\", \"min_width\": \"0\", \"num_rows\": \"32768\", \"workload\": \"duplicates\"}"
  },
  {
    "config": "pr1-p32-c512",
    "group": "pr-workload",
    "state": "Device=0 min_width=0 max_width=32 num_rows=262144 workload=duplicates",
    "stable": "False",
    "descending": "False",
    "rounds": 3,
    "ratio": 1.6807130399851333,
    "ratio_ci_low": 1.6351579969552525,
    "ratio_ci_high": 1.7534727140086697,
    "accepted": false,
    "axes": "{\"max_width\": \"32\", \"min_width\": \"0\", \"num_rows\": \"262144\", \"workload\": \"duplicates\"}"
  },
  {
    "config": "pr1-p32-c512",
    "group": "pr-workload",
    "state": "Device=0 min_width=0 max_width=64 num_rows=262144 workload=duplicates",
    "stable": "False",
    "descending": "False",
    "rounds": 3,
    "ratio": 2.0006936535730104,
    "ratio_ci_low": 1.9581526322059686,
    "ratio_ci_high": 2.047489821454306,
    "accepted": false,
    "axes": "{\"max_width\": \"64\", \"min_width\": \"0\", \"num_rows\": \"262144\", \"workload\": \"duplicates\"}"
  },
  {
    "config": "pr1-p32-c512",
    "group": "pr-workload",
    "state": "Device=0 min_width=0 max_width=128 num_rows=262144 workload=duplicates",
    "stable": "False",
    "descending": "False",
    "rounds": 3,
    "ratio": 2.416557529024196,
    "ratio_ci_low": 2.388207957892783,
    "ratio_ci_high": 2.4566317230925034,
    "accepted": false,
    "axes": "{\"max_width\": \"128\", \"min_width\": \"0\", \"num_rows\": \"262144\", \"workload\": \"duplicates\"}"
  },
  {
    "config": "pr1-p32-c512",
    "group": "pr-workload",
    "state": "Device=0 min_width=0 max_width=256 num_rows=262144 workload=duplicates",
    "stable": "False",
    "descending": "False",
    "rounds": 3,
    "ratio": 2.543986434116904,
    "ratio_ci_low": 2.484519885844102,
    "ratio_ci_high": 2.5951646970245705,
    "accepted": false,
    "axes": "{\"max_width\": \"256\", \"min_width\": \"0\", \"num_rows\": \"262144\", \"workload\": \"duplicates\"}"
  },
  {
    "config": "pr1-p32-c512",
    "group": "pr-workload",
    "state": "Device=0 min_width=0 max_width=128 num_rows=2097152 workload=duplicates",
    "stable": "False",
    "descending": "False",
    "rounds": 3,
    "ratio": 1.2342690766609783,
    "ratio_ci_low": 1.230739772303686,
    "ratio_ci_high": 1.2378093126074674,
    "accepted": false,
    "axes": "{\"max_width\": \"128\", \"min_width\": \"0\", \"num_rows\": \"2097152\", \"workload\": \"duplicates\"}"
  },
  {
    "config": "pr1-p32-c512",
    "group": "pr-workload",
    "state": "Device=0 min_width=0 max_width=256 num_rows=2097152 workload=duplicates",
    "stable": "False",
    "descending": "False",
    "rounds": 3,
    "ratio": 1.384923388184287,
    "ratio_ci_low": 1.372936813288514,
    "ratio_ci_high": 1.3968930106488644,
    "accepted": false,
    "axes": "{\"max_width\": \"256\", \"min_width\": \"0\", \"num_rows\": \"2097152\", \"workload\": \"duplicates\"}"
  },
  {
    "config": "pr1-p32-c512",
    "group": "pr-workload",
    "state": "Device=0 min_width=0 max_width=32 num_rows=32768 workload=shared_prefix",
    "stable": "False",
    "descending": "False",
    "rounds": 3,
    "ratio": 2.8010251355357494,
    "ratio_ci_low": 2.762340310687515,
    "ratio_ci_high": 2.853045743428142,
    "accepted": false,
    "axes": "{\"max_width\": \"32\", \"min_width\": \"0\", \"num_rows\": \"32768\", \"workload\": \"shared_prefix\"}"
  },
  {
    "config": "pr1-p32-c512",
    "group": "pr-workload",
    "state": "Device=0 min_width=0 max_width=64 num_rows=32768 workload=shared_prefix",
    "stable": "False",
    "descending": "False",
    "rounds": 3,
    "ratio": 3.2261841537283282,
    "ratio_ci_low": 3.1887077645945623,
    "ratio_ci_high": 3.274371111827689,
    "accepted": false,
    "axes": "{\"max_width\": \"64\", \"min_width\": \"0\", \"num_rows\": \"32768\", \"workload\": \"shared_prefix\"}"
  },
  {
    "config": "pr1-p32-c512",
    "group": "pr-workload",
    "state": "Device=0 min_width=0 max_width=128 num_rows=32768 workload=shared_prefix",
    "stable": "False",
    "descending": "False",
    "rounds": 3,
    "ratio": 3.3348769732656174,
    "ratio_ci_low": 3.2601984461713327,
    "ratio_ci_high": 3.3962736347607136,
    "accepted": false,
    "axes": "{\"max_width\": \"128\", \"min_width\": \"0\", \"num_rows\": \"32768\", \"workload\": \"shared_prefix\"}"
  },
  {
    "config": "pr1-p32-c512",
    "group": "pr-workload",
    "state": "Device=0 min_width=0 max_width=256 num_rows=32768 workload=shared_prefix",
    "stable": "False",
    "descending": "False",
    "rounds": 3,
    "ratio": 2.592008238606385,
    "ratio_ci_low": 2.568980157383606,
    "ratio_ci_high": 2.607906226438276,
    "accepted": false,
    "axes": "{\"max_width\": \"256\", \"min_width\": \"0\", \"num_rows\": \"32768\", \"workload\": \"shared_prefix\"}"
  },
  {
    "config": "pr1-p32-c512",
    "group": "pr-workload",
    "state": "Device=0 min_width=0 max_width=32 num_rows=262144 workload=shared_prefix",
    "stable": "False",
    "descending": "False",
    "rounds": 3,
    "ratio": 9.372887594911877,
    "ratio_ci_low": 9.242957242663868,
    "ratio_ci_high": 9.491799345018737,
    "accepted": false,
    "axes": "{\"max_width\": \"32\", \"min_width\": \"0\", \"num_rows\": \"262144\", \"workload\": \"shared_prefix\"}"
  },
  {
    "config": "pr1-p32-c512",
    "group": "pr-workload",
    "state": "Device=0 min_width=0 max_width=64 num_rows=262144 workload=shared_prefix",
    "stable": "False",
    "descending": "False",
    "rounds": 3,
    "ratio": 10.23483663922358,
    "ratio_ci_low": 10.138032593541945,
    "ratio_ci_high": 10.344133922574144,
    "accepted": false,
    "axes": "{\"max_width\": \"64\", \"min_width\": \"0\", \"num_rows\": \"262144\", \"workload\": \"shared_prefix\"}"
  },
  {
    "config": "pr1-p32-c512",
    "group": "pr-workload",
    "state": "Device=0 min_width=0 max_width=128 num_rows=262144 workload=shared_prefix",
    "stable": "False",
    "descending": "False",
    "rounds": 3,
    "ratio": 9.28446162129624,
    "ratio_ci_low": 9.21512440972084,
    "ratio_ci_high": 9.35981271739232,
    "accepted": false,
    "axes": "{\"max_width\": \"128\", \"min_width\": \"0\", \"num_rows\": \"262144\", \"workload\": \"shared_prefix\"}"
  },
  {
    "config": "pr1-p32-c512",
    "group": "pr-workload",
    "state": "Device=0 min_width=0 max_width=256 num_rows=262144 workload=shared_prefix",
    "stable": "False",
    "descending": "False",
    "rounds": 3,
    "ratio": 6.329324153974885,
    "ratio_ci_low": 6.2903687507922506,
    "ratio_ci_high": 6.363396537534267,
    "accepted": false,
    "axes": "{\"max_width\": \"256\", \"min_width\": \"0\", \"num_rows\": \"262144\", \"workload\": \"shared_prefix\"}"
  },
  {
    "config": "pr1-p32-c512",
    "group": "pr-workload",
    "state": "Device=0 min_width=0 max_width=32 num_rows=2097152 workload=shared_prefix",
    "stable": "False",
    "descending": "False",
    "rounds": 3,
    "ratio": 12.086496273496167,
    "ratio_ci_low": 11.996550892621713,
    "ratio_ci_high": 12.171854391290756,
    "accepted": false,
    "axes": "{\"max_width\": \"32\", \"min_width\": \"0\", \"num_rows\": \"2097152\", \"workload\": \"shared_prefix\"}"
  },
  {
    "config": "pr1-p32-c512",
    "group": "pr-workload",
    "state": "Device=0 min_width=0 max_width=64 num_rows=2097152 workload=shared_prefix",
    "stable": "False",
    "descending": "False",
    "rounds": 3,
    "ratio": 12.96814084818575,
    "ratio_ci_low": 12.880258712185743,
    "ratio_ci_high": 13.025583062612641,
    "accepted": false,
    "axes": "{\"max_width\": \"64\", \"min_width\": \"0\", \"num_rows\": \"2097152\", \"workload\": \"shared_prefix\"}"
  },
  {
    "config": "pr1-p32-c512",
    "group": "pr-workload",
    "state": "Device=0 min_width=0 max_width=128 num_rows=2097152 workload=shared_prefix",
    "stable": "False",
    "descending": "False",
    "rounds": 3,
    "ratio": 11.405373154372885,
    "ratio_ci_low": 11.362564971384918,
    "ratio_ci_high": 11.434617087693308,
    "accepted": false,
    "axes": "{\"max_width\": \"128\", \"min_width\": \"0\", \"num_rows\": \"2097152\", \"workload\": \"shared_prefix\"}"
  },
  {
    "config": "pr1-p32-c512",
    "group": "pr-workload",
    "state": "Device=0 min_width=0 max_width=256 num_rows=2097152 workload=shared_prefix",
    "stable": "False",
    "descending": "False",
    "rounds": 3,
    "ratio": 10.622237312293585,
    "ratio_ci_low": 10.609546696853824,
    "ratio_ci_high": 10.635143047090798,
    "accepted": false,
    "axes": "{\"max_width\": \"256\", \"min_width\": \"0\", \"num_rows\": \"2097152\", \"workload\": \"shared_prefix\"}"
  },
  {
    "config": "pr1-p32-c512",
    "group": "pr-workload",
    "state": "Device=0 min_width=0 max_width=32 num_rows=32768 workload=variable",
    "stable": "False",
    "descending": "False",
    "rounds": 3,
    "ratio": 1.65424476527008,
    "ratio_ci_low": 1.590453965216607,
    "ratio_ci_high": 1.7145329466394392,
    "accepted": false,
    "axes": "{\"max_width\": \"32\", \"min_width\": \"0\", \"num_rows\": \"32768\", \"workload\": \"variable\"}"
  },
  {
    "config": "pr1-p32-c512",
    "group": "pr-workload",
    "state": "Device=0 min_width=0 max_width=64 num_rows=32768 workload=variable",
    "stable": "False",
    "descending": "False",
    "rounds": 3,
    "ratio": 1.7338832234242012,
    "ratio_ci_low": 1.681761464032282,
    "ratio_ci_high": 1.806108771704685,
    "accepted": false,
    "axes": "{\"max_width\": \"64\", \"min_width\": \"0\", \"num_rows\": \"32768\", \"workload\": \"variable\"}"
  },
  {
    "config": "pr1-p32-c512",
    "group": "pr-workload",
    "state": "Device=0 min_width=0 max_width=128 num_rows=32768 workload=variable",
    "stable": "False",
    "descending": "False",
    "rounds": 3,
    "ratio": 1.9665562257910283,
    "ratio_ci_low": 1.915927451404909,
    "ratio_ci_high": 2.0281721561725656,
    "accepted": false,
    "axes": "{\"max_width\": \"128\", \"min_width\": \"0\", \"num_rows\": \"32768\", \"workload\": \"variable\"}"
  },
  {
    "config": "pr1-p32-c512",
    "group": "pr-workload",
    "state": "Device=0 min_width=0 max_width=256 num_rows=32768 workload=variable",
    "stable": "False",
    "descending": "False",
    "rounds": 3,
    "ratio": 2.076712927439874,
    "ratio_ci_low": 1.9657110976665053,
    "ratio_ci_high": 2.258545108955058,
    "accepted": false,
    "axes": "{\"max_width\": \"256\", \"min_width\": \"0\", \"num_rows\": \"32768\", \"workload\": \"variable\"}"
  },
  {
    "config": "pr1-p32-c512",
    "group": "pr-workload",
    "state": "Device=0 min_width=0 max_width=32 num_rows=262144 workload=variable",
    "stable": "False",
    "descending": "False",
    "rounds": 3,
    "ratio": 1.351490725910521,
    "ratio_ci_low": 1.25226268555293,
    "ratio_ci_high": 1.4390978673831407,
    "accepted": false,
    "axes": "{\"max_width\": \"32\", \"min_width\": \"0\", \"num_rows\": \"262144\", \"workload\": \"variable\"}"
  },
  {
    "config": "pr1-p32-c512",
    "group": "pr-workload",
    "state": "Device=0 min_width=0 max_width=64 num_rows=262144 workload=variable",
    "stable": "False",
    "descending": "False",
    "rounds": 3,
    "ratio": 1.395552285321371,
    "ratio_ci_low": 1.356839889870004,
    "ratio_ci_high": 1.4480826932879836,
    "accepted": false,
    "axes": "{\"max_width\": \"64\", \"min_width\": \"0\", \"num_rows\": \"262144\", \"workload\": \"variable\"}"
  },
  {
    "config": "pr1-p32-c512",
    "group": "pr-workload",
    "state": "Device=0 min_width=0 max_width=128 num_rows=262144 workload=variable",
    "stable": "False",
    "descending": "False",
    "rounds": 3,
    "ratio": 1.400618471451098,
    "ratio_ci_low": 1.3750452771072037,
    "ratio_ci_high": 1.4368703983443036,
    "accepted": false,
    "axes": "{\"max_width\": \"128\", \"min_width\": \"0\", \"num_rows\": \"262144\", \"workload\": \"variable\"}"
  },
  {
    "config": "pr1-p32-c512",
    "group": "pr-workload",
    "state": "Device=0 min_width=0 max_width=256 num_rows=262144 workload=variable",
    "stable": "False",
    "descending": "False",
    "rounds": 3,
    "ratio": 1.6636770939291647,
    "ratio_ci_low": 1.629581863127652,
    "ratio_ci_high": 1.707860080921039,
    "accepted": false,
    "axes": "{\"max_width\": \"256\", \"min_width\": \"0\", \"num_rows\": \"262144\", \"workload\": \"variable\"}"
  },
  {
    "config": "pr1-p32-c512",
    "group": "pr-workload",
    "state": "Device=0 min_width=0 max_width=32 num_rows=2097152 workload=variable",
    "stable": "False",
    "descending": "False",
    "rounds": 3,
    "ratio": 1.6062094572609122,
    "ratio_ci_low": 1.586102413554943,
    "ratio_ci_high": 1.6389208460432363,
    "accepted": false,
    "axes": "{\"max_width\": \"32\", \"min_width\": \"0\", \"num_rows\": \"2097152\", \"workload\": \"variable\"}"
  },
  {
    "config": "pr1-p32-c512",
    "group": "pr-workload",
    "state": "Device=0 min_width=0 max_width=64 num_rows=2097152 workload=variable",
    "stable": "False",
    "descending": "False",
    "rounds": 3,
    "ratio": 1.5662601873835449,
    "ratio_ci_low": 1.5330484377736242,
    "ratio_ci_high": 1.6018343577446779,
    "accepted": false,
    "axes": "{\"max_width\": \"64\", \"min_width\": \"0\", \"num_rows\": \"2097152\", \"workload\": \"variable\"}"
  },
  {
    "config": "pr1-p32-c512",
    "group": "pr-workload",
    "state": "Device=0 min_width=0 max_width=128 num_rows=2097152 workload=variable",
    "stable": "False",
    "descending": "False",
    "rounds": 3,
    "ratio": 1.4984739816007218,
    "ratio_ci_low": 1.4769671353334746,
    "ratio_ci_high": 1.5366615894746574,
    "accepted": false,
    "axes": "{\"max_width\": \"128\", \"min_width\": \"0\", \"num_rows\": \"2097152\", \"workload\": \"variable\"}"
  },
  {
    "config": "pr1-p32-c512",
    "group": "pr-workload",
    "state": "Device=0 min_width=0 max_width=256 num_rows=2097152 workload=variable",
    "stable": "False",
    "descending": "False",
    "rounds": 3,
    "ratio": 1.4393386242737074,
    "ratio_ci_low": 1.4144730938153138,
    "ratio_ci_high": 1.4696680565319669,
    "accepted": false,
    "axes": "{\"max_width\": \"256\", \"min_width\": \"0\", \"num_rows\": \"2097152\", \"workload\": \"variable\"}"
  },
  {
    "config": "pr1-p32-c512",
    "group": "pr-zero-collisions",
    "state": "Device=0 num_rows=32768 profile=zero_collision_pass1",
    "stable": "False",
    "descending": "False",
    "rounds": 3,
    "ratio": 2.806944687280773,
    "ratio_ci_low": 2.6848282194233373,
    "ratio_ci_high": 2.961725039935309,
    "accepted": false,
    "axes": "{\"num_rows\": \"32768\", \"profile\": \"zero_collision_pass1\"}"
  },
  {
    "config": "pr1-p32-c512",
    "group": "pr-zero-collisions",
    "state": "Device=0 num_rows=32768 profile=zero_collision_pass2",
    "stable": "False",
    "descending": "False",
    "rounds": 3,
    "ratio": 3.007066828110421,
    "ratio_ci_low": 2.9257361248516327,
    "ratio_ci_high": 3.0685928214677043,
    "accepted": false,
    "axes": "{\"num_rows\": \"32768\", \"profile\": \"zero_collision_pass2\"}"
  },
  {
    "config": "pr1-p32-c512",
    "group": "pr-source",
    "state": "Device=0 num_rows=262144 profile=unique_32",
    "stable": "False",
    "descending": "False",
    "rounds": 3,
    "ratio": 11.70977538867322,
    "ratio_ci_low": 11.257133337574654,
    "ratio_ci_high": 12.116257246040616,
    "accepted": false,
    "axes": "{\"num_rows\": \"262144\", \"profile\": \"unique_32\"}"
  },
  {
    "config": "pr1-p32-c512",
    "group": "pr-source",
    "state": "Device=0 num_rows=2097152 profile=unique_32",
    "stable": "False",
    "descending": "False",
    "rounds": 3,
    "ratio": 20.384836873003813,
    "ratio_ci_low": 20.179020369175547,
    "ratio_ci_high": 20.53504151462442,
    "accepted": false,
    "axes": "{\"num_rows\": \"2097152\", \"profile\": \"unique_32\"}"
  },
  {
    "config": "pr1-p32-c512",
    "group": "pr-source",
    "state": "Device=0 num_rows=262144 profile=duplicates_32",
    "stable": "False",
    "descending": "False",
    "rounds": 3,
    "ratio": 8.135210745667129,
    "ratio_ci_low": 7.813459475908533,
    "ratio_ci_high": 8.359078664299243,
    "accepted": false,
    "axes": "{\"num_rows\": \"262144\", \"profile\": \"duplicates_32\"}"
  },
  {
    "config": "pr1-p32-c512",
    "group": "pr-source",
    "state": "Device=0 num_rows=2097152 profile=duplicates_32",
    "stable": "False",
    "descending": "False",
    "rounds": 3,
    "ratio": 12.959574024122036,
    "ratio_ci_low": 12.831426575414786,
    "ratio_ci_high": 13.045046089345416,
    "accepted": false,
    "axes": "{\"num_rows\": \"2097152\", \"profile\": \"duplicates_32\"}"
  },
  {
    "config": "pr1-p32-c512",
    "group": "pr-source",
    "state": "Device=0 num_rows=262144 profile=shared_prefix_24",
    "stable": "False",
    "descending": "False",
    "rounds": 3,
    "ratio": 11.700327313903227,
    "ratio_ci_low": 11.462768477014066,
    "ratio_ci_high": 11.931409720014411,
    "accepted": false,
    "axes": "{\"num_rows\": \"262144\", \"profile\": \"shared_prefix_24\"}"
  },
  {
    "config": "pr1-p32-c512",
    "group": "pr-source",
    "state": "Device=0 num_rows=2097152 profile=shared_prefix_24",
    "stable": "False",
    "descending": "False",
    "rounds": 3,
    "ratio": 20.394905385399223,
    "ratio_ci_low": 20.194031702420176,
    "ratio_ci_high": 20.56360853515931,
    "accepted": false,
    "axes": "{\"num_rows\": \"2097152\", \"profile\": \"shared_prefix_24\"}"
  },
  {
    "config": "pr1-p32-c512",
    "group": "pr-source",
    "state": "Device=0 num_rows=262144 profile=raw_unique_40",
    "stable": "False",
    "descending": "False",
    "rounds": 3,
    "ratio": 1.3143484939187429,
    "ratio_ci_low": 1.201789968300873,
    "ratio_ci_high": 1.4299947442670242,
    "accepted": false,
    "axes": "{\"num_rows\": \"262144\", \"profile\": \"raw_unique_40\"}"
  },
  {
    "config": "pr1-p32-c512",
    "group": "pr-source",
    "state": "Device=0 num_rows=2097152 profile=raw_unique_40",
    "stable": "False",
    "descending": "False",
    "rounds": 3,
    "ratio": 1.132298819674103,
    "ratio_ci_low": 1.095831034229625,
    "ratio_ci_high": 1.1595254547651264,
    "accepted": false,
    "axes": "{\"num_rows\": \"2097152\", \"profile\": \"raw_unique_40\"}"
  },
  {
    "config": "pr1-p32-c512",
    "group": "pr-source",
    "state": "Device=0 num_rows=262144 profile=raw_duplicates_40",
    "stable": "False",
    "descending": "False",
    "rounds": 3,
    "ratio": 1.4677031931182205,
    "ratio_ci_low": 1.4410900565155196,
    "ratio_ci_high": 1.5000074684515798,
    "accepted": false,
    "axes": "{\"num_rows\": \"262144\", \"profile\": \"raw_duplicates_40\"}"
  },
  {
    "config": "pr1-p32-c512",
    "group": "pr-source",
    "state": "Device=0 num_rows=262144 profile=raw_shared_prefix_24_width_40",
    "stable": "False",
    "descending": "False",
    "rounds": 3,
    "ratio": 10.48835877228554,
    "ratio_ci_low": 10.21416595962427,
    "ratio_ci_high": 10.70892059034517,
    "accepted": false,
    "axes": "{\"num_rows\": \"262144\", \"profile\": \"raw_shared_prefix_24_width_40\"}"
  },
  {
    "config": "pr1-p32-c512",
    "group": "pr-source",
    "state": "Device=0 num_rows=2097152 profile=raw_shared_prefix_24_width_40",
    "stable": "False",
    "descending": "False",
    "rounds": 3,
    "ratio": 11.628716680795593,
    "ratio_ci_low": 11.566432400518881,
    "ratio_ci_high": 11.660279177464062,
    "accepted": false,
    "axes": "{\"num_rows\": \"2097152\", \"profile\": \"raw_shared_prefix_24_width_40\"}"
  },
  {
    "config": "pr1-p32-c512",
    "group": "constant",
    "state": "Device=0 num_rows=262144 prefix_width=32 suffix_width=0 prefix_cardinality=1",
    "stable": "False",
    "descending": "False",
    "rounds": 3,
    "ratio": 9.589958292757819,
    "ratio_ci_low": 9.36098610017586,
    "ratio_ci_high": 9.936653736959896,
    "accepted": false,
    "axes": "{\"num_rows\": \"262144\", \"prefix_cardinality\": \"1\", \"prefix_width\": \"32\", \"suffix_width\": \"0\"}"
  },
  {
    "config": "pr1-p32-c512",
    "group": "constant",
    "state": "Device=0 num_rows=2097152 prefix_width=32 suffix_width=0 prefix_cardinality=1",
    "stable": "False",
    "descending": "False",
    "rounds": 3,
    "ratio": 17.723962562207394,
    "ratio_ci_low": 17.56164350477682,
    "ratio_ci_high": 17.97426442890257,
    "accepted": false,
    "axes": "{\"num_rows\": \"2097152\", \"prefix_cardinality\": \"1\", \"prefix_width\": \"32\", \"suffix_width\": \"0\"}"
  },
  {
    "config": "pr1-p32-c512",
    "group": "target",
    "state": "Device=0 num_rows=262144 max_width=128 cardinality=1",
    "stable": "False",
    "descending": "False",
    "rounds": 3,
    "ratio": 18.965138872519145,
    "ratio_ci_low": 18.62039375144352,
    "ratio_ci_high": 19.176504843311772,
    "accepted": false,
    "axes": "{\"cardinality\": \"1\", \"max_width\": \"128\", \"num_rows\": \"262144\"}"
  },
  {
    "config": "pr1-p32-c512",
    "group": "target",
    "state": "Device=0 num_rows=2097152 max_width=128 cardinality=1",
    "stable": "False",
    "descending": "False",
    "rounds": 3,
    "ratio": 30.0083271327107,
    "ratio_ci_low": 29.843570783951037,
    "ratio_ci_high": 30.12179443440225,
    "accepted": false,
    "axes": "{\"cardinality\": \"1\", \"max_width\": \"128\", \"num_rows\": \"2097152\"}"
  },
  {
    "config": "pr1-p32-c512",
    "group": "target",
    "state": "Device=0 num_rows=262144 max_width=32 cardinality=64",
    "stable": "False",
    "descending": "False",
    "rounds": 3,
    "ratio": 1.644054937029568,
    "ratio_ci_low": 1.617584769963073,
    "ratio_ci_high": 1.6611187088064618,
    "accepted": false,
    "axes": "{\"cardinality\": \"64\", \"max_width\": \"32\", \"num_rows\": \"262144\"}"
  },
  {
    "config": "pr1-p32-c512",
    "group": "target",
    "state": "Device=0 num_rows=262144 max_width=128 cardinality=64",
    "stable": "False",
    "descending": "False",
    "rounds": 3,
    "ratio": 2.4069627134274874,
    "ratio_ci_low": 2.3656204288964293,
    "ratio_ci_high": 2.4523463501245155,
    "accepted": false,
    "axes": "{\"cardinality\": \"64\", \"max_width\": \"128\", \"num_rows\": \"262144\"}"
  },
  {
    "config": "pr1-p32-c512",
    "group": "target",
    "state": "Device=0 num_rows=2097152 max_width=128 cardinality=64",
    "stable": "False",
    "descending": "False",
    "rounds": 3,
    "ratio": 1.1435653192107245,
    "ratio_ci_low": 1.1263636539026909,
    "ratio_ci_high": 1.1646786670317533,
    "accepted": false,
    "axes": "{\"cardinality\": \"64\", \"max_width\": \"128\", \"num_rows\": \"2097152\"}"
  },
  {
    "config": "pr1-p32-c512",
    "group": "target",
    "state": "Device=0 num_rows=2097152 max_width=32 cardinality=0",
    "stable": "False",
    "descending": "False",
    "rounds": 3,
    "ratio": 1.6185553974427649,
    "ratio_ci_low": 1.5758625616786348,
    "ratio_ci_high": 1.6470654707184238,
    "accepted": false,
    "axes": "{\"cardinality\": \"0\", \"max_width\": \"32\", \"num_rows\": \"2097152\"}"
  },
  {
    "config": "pr1-p32-c512",
    "group": "target",
    "state": "Device=0 num_rows=262144 max_width=128 cardinality=0",
    "stable": "False",
    "descending": "False",
    "rounds": 3,
    "ratio": 1.4335177142932303,
    "ratio_ci_low": 1.367985969627538,
    "ratio_ci_high": 1.461999838753784,
    "accepted": false,
    "axes": "{\"cardinality\": \"0\", \"max_width\": \"128\", \"num_rows\": \"262144\"}"
  },
  {
    "config": "pr1-p32-c512",
    "group": "target",
    "state": "Device=0 num_rows=2097152 max_width=128 cardinality=0",
    "stable": "False",
    "descending": "False",
    "rounds": 3,
    "ratio": 1.492778222959933,
    "ratio_ci_low": 1.4589649598219168,
    "ratio_ci_high": 1.5159520567376967,
    "accepted": false,
    "axes": "{\"cardinality\": \"0\", \"max_width\": \"128\", \"num_rows\": \"2097152\"}"
  },
  {
    "config": "pr1-p32-c512",
    "group": "target",
    "state": "Device=0 num_rows=262144 prefix_width=4 suffix_width=32 prefix_cardinality=1",
    "stable": "False",
    "descending": "False",
    "rounds": 3,
    "ratio": 1.5181689203991204,
    "ratio_ci_low": 1.3981435407910794,
    "ratio_ci_high": 1.6160588956285185,
    "accepted": false,
    "axes": "{\"num_rows\": \"262144\", \"prefix_cardinality\": \"1\", \"prefix_width\": \"4\", \"suffix_width\": \"32\"}"
  },
  {
    "config": "pr1-p32-c512",
    "group": "target",
    "state": "Device=0 num_rows=2097152 prefix_width=4 suffix_width=32 prefix_cardinality=1",
    "stable": "False",
    "descending": "False",
    "rounds": 3,
    "ratio": 2.499981438272355,
    "ratio_ci_low": 2.439111965303798,
    "ratio_ci_high": 2.538276381528204,
    "accepted": false,
    "axes": "{\"num_rows\": \"2097152\", \"prefix_cardinality\": \"1\", \"prefix_width\": \"4\", \"suffix_width\": \"32\"}"
  },
  {
    "config": "pr1-p32-c512",
    "group": "target",
    "state": "Device=0 num_rows=262144 prefix_width=8 suffix_width=32 prefix_cardinality=1",
    "stable": "False",
    "descending": "False",
    "rounds": 3,
    "ratio": 6.995708640264836,
    "ratio_ci_low": 6.924797036582607,
    "ratio_ci_high": 7.056449645309423,
    "accepted": false,
    "axes": "{\"num_rows\": \"262144\", \"prefix_cardinality\": \"1\", \"prefix_width\": \"8\", \"suffix_width\": \"32\"}"
  },
  {
    "config": "pr1-p32-c512",
    "group": "target",
    "state": "Device=0 num_rows=2097152 prefix_width=8 suffix_width=32 prefix_cardinality=1",
    "stable": "False",
    "descending": "False",
    "rounds": 3,
    "ratio": 8.096592879326915,
    "ratio_ci_low": 8.070957521875547,
    "ratio_ci_high": 8.148272320872058,
    "accepted": false,
    "axes": "{\"num_rows\": \"2097152\", \"prefix_cardinality\": \"1\", \"prefix_width\": \"8\", \"suffix_width\": \"32\"}"
  },
  {
    "config": "pr1-p32-c512",
    "group": "target",
    "state": "Device=0 num_rows=262144 prefix_width=10 suffix_width=32 prefix_cardinality=1",
    "stable": "False",
    "descending": "False",
    "rounds": 3,
    "ratio": 5.537446921864184,
    "ratio_ci_low": 5.49515522513202,
    "ratio_ci_high": 5.638806109004043,
    "accepted": false,
    "axes": "{\"num_rows\": \"262144\", \"prefix_cardinality\": \"1\", \"prefix_width\": \"10\", \"suffix_width\": \"32\"}"
  },
  {
    "config": "pr1-p32-c512",
    "group": "target",
    "state": "Device=0 num_rows=2097152 prefix_width=10 suffix_width=32 prefix_cardinality=1",
    "stable": "False",
    "descending": "False",
    "rounds": 3,
    "ratio": 6.682663150046042,
    "ratio_ci_low": 6.664304068657988,
    "ratio_ci_high": 6.722081036085686,
    "accepted": false,
    "axes": "{\"num_rows\": \"2097152\", \"prefix_cardinality\": \"1\", \"prefix_width\": \"10\", \"suffix_width\": \"32\"}"
  },
  {
    "config": "pr1-p32-c512",
    "group": "target",
    "state": "Device=0 num_rows=262144 prefix_width=11 suffix_width=32 prefix_cardinality=1",
    "stable": "False",
    "descending": "False",
    "rounds": 3,
    "ratio": 5.193790954425363,
    "ratio_ci_low": 5.151577140220704,
    "ratio_ci_high": 5.239989089080579,
    "accepted": false,
    "axes": "{\"num_rows\": \"262144\", \"prefix_cardinality\": \"1\", \"prefix_width\": \"11\", \"suffix_width\": \"32\"}"
  },
  {
    "config": "pr1-p32-c512",
    "group": "target",
    "state": "Device=0 num_rows=2097152 prefix_width=11 suffix_width=32 prefix_cardinality=1",
    "stable": "False",
    "descending": "False",
    "rounds": 3,
    "ratio": 6.267048483884531,
    "ratio_ci_low": 6.256118871357646,
    "ratio_ci_high": 6.287417799409709,
    "accepted": false,
    "axes": "{\"num_rows\": \"2097152\", \"prefix_cardinality\": \"1\", \"prefix_width\": \"11\", \"suffix_width\": \"32\"}"
  },
  {
    "config": "pr1-p32-c512",
    "group": "target",
    "state": "Device=0 num_rows=262144 prefix_width=12 suffix_width=32 prefix_cardinality=1",
    "stable": "False",
    "descending": "False",
    "rounds": 3,
    "ratio": 4.801841491995338,
    "ratio_ci_low": 4.778923451460977,
    "ratio_ci_high": 4.8291177760413,
    "accepted": false,
    "axes": "{\"num_rows\": \"262144\", \"prefix_cardinality\": \"1\", \"prefix_width\": \"12\", \"suffix_width\": \"32\"}"
  },
  {
    "config": "pr1-p32-c512",
    "group": "target",
    "state": "Device=0 num_rows=2097152 prefix_width=12 suffix_width=32 prefix_cardinality=1",
    "stable": "False",
    "descending": "False",
    "rounds": 3,
    "ratio": 5.888267519003397,
    "ratio_ci_low": 5.867517481413208,
    "ratio_ci_high": 5.936494733125988,
    "accepted": false,
    "axes": "{\"num_rows\": \"2097152\", \"prefix_cardinality\": \"1\", \"prefix_width\": \"12\", \"suffix_width\": \"32\"}"
  },
  {
    "config": "pr1-p32-c512",
    "group": "target",
    "state": "Device=0 num_rows=262144 prefix_width=64 suffix_width=32 prefix_cardinality=1",
    "stable": "False",
    "descending": "False",
    "rounds": 3,
    "ratio": 9.338753434668634,
    "ratio_ci_low": 9.28851095855605,
    "ratio_ci_high": 9.39977766327101,
    "accepted": false,
    "axes": "{\"num_rows\": \"262144\", \"prefix_cardinality\": \"1\", \"prefix_width\": \"64\", \"suffix_width\": \"32\"}"
  },
  {
    "config": "pr1-p32-c512",
    "group": "target",
    "state": "Device=0 num_rows=2097152 prefix_width=64 suffix_width=32 prefix_cardinality=1",
    "stable": "False",
    "descending": "False",
    "rounds": 3,
    "ratio": 11.119432787267579,
    "ratio_ci_low": 11.109429219857784,
    "ratio_ci_high": 11.140100307637933,
    "accepted": false,
    "axes": "{\"num_rows\": \"2097152\", \"prefix_cardinality\": \"1\", \"prefix_width\": \"64\", \"suffix_width\": \"32\"}"
  },
  {
    "config": "pr1-p32-c512",
    "group": "target",
    "state": "Device=0 num_rows=262144 prefix_width=4 suffix_width=32 prefix_cardinality=64",
    "stable": "False",
    "descending": "False",
    "rounds": 3,
    "ratio": 1.750115921830889,
    "ratio_ci_low": 1.5943342830832266,
    "ratio_ci_high": 1.8733268868921178,
    "accepted": false,
    "axes": "{\"num_rows\": \"262144\", \"prefix_cardinality\": \"64\", \"prefix_width\": \"4\", \"suffix_width\": \"32\"}"
  },
  {
    "config": "pr1-p32-c512",
    "group": "target",
    "state": "Device=0 num_rows=2097152 prefix_width=4 suffix_width=32 prefix_cardinality=64",
    "stable": "False",
    "descending": "False",
    "rounds": 3,
    "ratio": 1.4395649337137861,
    "ratio_ci_low": 1.4040028985775994,
    "ratio_ci_high": 1.460805127714915,
    "accepted": false,
    "axes": "{\"num_rows\": \"2097152\", \"prefix_cardinality\": \"64\", \"prefix_width\": \"4\", \"suffix_width\": \"32\"}"
  },
  {
    "config": "pr1-p32-c512",
    "group": "target",
    "state": "Device=0 num_rows=262144 prefix_width=8 suffix_width=32 prefix_cardinality=64",
    "stable": "False",
    "descending": "False",
    "rounds": 3,
    "ratio": 1.2397125229161623,
    "ratio_ci_low": 1.1945667961824413,
    "ratio_ci_high": 1.266569178828592,
    "accepted": false,
    "axes": "{\"num_rows\": \"262144\", \"prefix_cardinality\": \"64\", \"prefix_width\": \"8\", \"suffix_width\": \"32\"}"
  },
  {
    "config": "pr1-p32-c512",
    "group": "target",
    "state": "Device=0 num_rows=262144 prefix_width=10 suffix_width=32 prefix_cardinality=64",
    "stable": "False",
    "descending": "False",
    "rounds": 3,
    "ratio": 1.1153011012914382,
    "ratio_ci_low": 1.0928407818129082,
    "ratio_ci_high": 1.1279241688749826,
    "accepted": false,
    "axes": "{\"num_rows\": \"262144\", \"prefix_cardinality\": \"64\", \"prefix_width\": \"10\", \"suffix_width\": \"32\"}"
  },
  {
    "config": "pr1-p32-c512",
    "group": "target",
    "state": "Device=0 num_rows=262144 prefix_width=11 suffix_width=32 prefix_cardinality=64",
    "stable": "False",
    "descending": "False",
    "rounds": 3,
    "ratio": 1.0827254351416968,
    "ratio_ci_low": 1.0326678907324596,
    "ratio_ci_high": 1.132451879618621,
    "accepted": false,
    "axes": "{\"num_rows\": \"262144\", \"prefix_cardinality\": \"64\", \"prefix_width\": \"11\", \"suffix_width\": \"32\"}"
  },
  {
    "config": "pr1-p32-c512",
    "group": "target",
    "state": "Device=0 num_rows=262144 prefix_width=12 suffix_width=32 prefix_cardinality=64",
    "stable": "False",
    "descending": "False",
    "rounds": 3,
    "ratio": 1.0334457963369392,
    "ratio_ci_low": 1.004257095494465,
    "ratio_ci_high": 1.06679102876435,
    "accepted": false,
    "axes": "{\"num_rows\": \"262144\", \"prefix_cardinality\": \"64\", \"prefix_width\": \"12\", \"suffix_width\": \"32\"}"
  },
  {
    "config": "pr1-p32-c512",
    "group": "target",
    "state": "Device=0 num_rows=262144 prefix_width=64 suffix_width=32 prefix_cardinality=64",
    "stable": "False",
    "descending": "False",
    "rounds": 3,
    "ratio": 1.6133705557886653,
    "ratio_ci_low": 1.5760881541788714,
    "ratio_ci_high": 1.6480804710276848,
    "accepted": false,
    "axes": "{\"num_rows\": \"262144\", \"prefix_cardinality\": \"64\", \"prefix_width\": \"64\", \"suffix_width\": \"32\"}"
  },
  {
    "config": "pr1-p32-c512",
    "group": "end-to-end",
    "state": "Device=0 min_width=0 max_width=32 num_rows=262144 workload=normal",
    "stable": "False",
    "descending": "False",
    "rounds": 3,
    "ratio": 1.202674577042672,
    "ratio_ci_low": 1.1521179266673518,
    "ratio_ci_high": 1.2602352975141964,
    "accepted": false,
    "axes": "{\"max_width\": \"32\", \"min_width\": \"0\", \"num_rows\": \"262144\", \"workload\": \"normal\"}"
  },
  {
    "config": "pr1-p32-c512",
    "group": "end-to-end",
    "state": "Device=0 min_width=0 max_width=256 num_rows=262144 workload=normal",
    "stable": "False",
    "descending": "False",
    "rounds": 3,
    "ratio": 1.664157177884379,
    "ratio_ci_low": 1.6299869383296244,
    "ratio_ci_high": 1.7129561599890581,
    "accepted": false,
    "axes": "{\"max_width\": \"256\", \"min_width\": \"0\", \"num_rows\": \"262144\", \"workload\": \"normal\"}"
  },
  {
    "config": "pr1-p32-c512",
    "group": "end-to-end",
    "state": "Device=0 min_width=0 max_width=32 num_rows=2097152 workload=normal",
    "stable": "False",
    "descending": "False",
    "rounds": 3,
    "ratio": 1.3302413918929061,
    "ratio_ci_low": 1.2984768440446415,
    "ratio_ci_high": 1.3670567277127634,
    "accepted": false,
    "axes": "{\"max_width\": \"32\", \"min_width\": \"0\", \"num_rows\": \"2097152\", \"workload\": \"normal\"}"
  },
  {
    "config": "pr1-p32-c512",
    "group": "end-to-end",
    "state": "Device=0 min_width=0 max_width=256 num_rows=2097152 workload=normal",
    "stable": "False",
    "descending": "False",
    "rounds": 3,
    "ratio": 1.862787645443439,
    "ratio_ci_low": 1.839864451539247,
    "ratio_ci_high": 1.873300003997839,
    "accepted": false,
    "axes": "{\"max_width\": \"256\", \"min_width\": \"0\", \"num_rows\": \"2097152\", \"workload\": \"normal\"}"
  },
  {
    "config": "pr1-p32-c512",
    "group": "end-to-end",
    "state": "Device=0 min_width=0 max_width=32 num_rows=262144 workload=duplicates",
    "stable": "False",
    "descending": "False",
    "rounds": 3,
    "ratio": 1.5697449865937618,
    "ratio_ci_low": 1.5398087384226649,
    "ratio_ci_high": 1.5997449899263616,
    "accepted": false,
    "axes": "{\"max_width\": \"32\", \"min_width\": \"0\", \"num_rows\": \"262144\", \"workload\": \"duplicates\"}"
  },
  {
    "config": "pr1-p32-c512",
    "group": "end-to-end",
    "state": "Device=0 min_width=0 max_width=256 num_rows=262144 workload=duplicates",
    "stable": "False",
    "descending": "False",
    "rounds": 3,
    "ratio": 2.423786195779469,
    "ratio_ci_low": 2.4051330991800497,
    "ratio_ci_high": 2.4424602106499833,
    "accepted": false,
    "axes": "{\"max_width\": \"256\", \"min_width\": \"0\", \"num_rows\": \"262144\", \"workload\": \"duplicates\"}"
  },
  {
    "config": "pr1-p32-c512",
    "group": "end-to-end",
    "state": "Device=0 min_width=0 max_width=256 num_rows=2097152 workload=duplicates",
    "stable": "False",
    "descending": "False",
    "rounds": 3,
    "ratio": 1.3760506869798486,
    "ratio_ci_low": 1.3648383971286155,
    "ratio_ci_high": 1.3878706469168658,
    "accepted": false,
    "axes": "{\"max_width\": \"256\", \"min_width\": \"0\", \"num_rows\": \"2097152\", \"workload\": \"duplicates\"}"
  },
  {
    "config": "pr1-p32-c512",
    "group": "end-to-end",
    "state": "Device=0 min_width=0 max_width=32 num_rows=262144 workload=shared_prefix",
    "stable": "False",
    "descending": "False",
    "rounds": 3,
    "ratio": 8.13807391967346,
    "ratio_ci_low": 7.992889297509954,
    "ratio_ci_high": 8.282377402828555,
    "accepted": false,
    "axes": "{\"max_width\": \"32\", \"min_width\": \"0\", \"num_rows\": \"262144\", \"workload\": \"shared_prefix\"}"
  },
  {
    "config": "pr1-p32-c512",
    "group": "end-to-end",
    "state": "Device=0 min_width=0 max_width=256 num_rows=262144 workload=shared_prefix",
    "stable": "False",
    "descending": "False",
    "rounds": 3,
    "ratio": 6.194330550156668,
    "ratio_ci_low": 6.128512532385161,
    "ratio_ci_high": 6.2388407694056,
    "accepted": false,
    "axes": "{\"max_width\": \"256\", \"min_width\": \"0\", \"num_rows\": \"262144\", \"workload\": \"shared_prefix\"}"
  },
  {
    "config": "pr1-p32-c512",
    "group": "end-to-end",
    "state": "Device=0 min_width=0 max_width=32 num_rows=2097152 workload=shared_prefix",
    "stable": "False",
    "descending": "False",
    "rounds": 3,
    "ratio": 11.072862550556058,
    "ratio_ci_low": 10.987516473751155,
    "ratio_ci_high": 11.11018695026075,
    "accepted": false,
    "axes": "{\"max_width\": \"32\", \"min_width\": \"0\", \"num_rows\": \"2097152\", \"workload\": \"shared_prefix\"}"
  },
  {
    "config": "pr1-p32-c512",
    "group": "end-to-end",
    "state": "Device=0 min_width=0 max_width=256 num_rows=2097152 workload=shared_prefix",
    "stable": "False",
    "descending": "False",
    "rounds": 3,
    "ratio": 10.494546561799,
    "ratio_ci_low": 10.434505818150821,
    "ratio_ci_high": 10.52556228647346,
    "accepted": false,
    "axes": "{\"max_width\": \"256\", \"min_width\": \"0\", \"num_rows\": \"2097152\", \"workload\": \"shared_prefix\"}"
  },
  {
    "config": "pr1-p32-c512",
    "group": "end-to-end",
    "state": "Device=0 min_width=0 max_width=32 num_rows=262144 workload=variable",
    "stable": "False",
    "descending": "False",
    "rounds": 3,
    "ratio": 1.2435657721297302,
    "ratio_ci_low": 1.1987498840211077,
    "ratio_ci_high": 1.2908929272311733,
    "accepted": false,
    "axes": "{\"max_width\": \"32\", \"min_width\": \"0\", \"num_rows\": \"262144\", \"workload\": \"variable\"}"
  },
  {
    "config": "pr1-p32-c512",
    "group": "end-to-end",
    "state": "Device=0 min_width=0 max_width=256 num_rows=262144 workload=variable",
    "stable": "False",
    "descending": "False",
    "rounds": 3,
    "ratio": 1.4356133575837615,
    "ratio_ci_low": 1.4073628242884013,
    "ratio_ci_high": 1.4570481412029,
    "accepted": false,
    "axes": "{\"max_width\": \"256\", \"min_width\": \"0\", \"num_rows\": \"262144\", \"workload\": \"variable\"}"
  },
  {
    "config": "pr1-p32-c512",
    "group": "end-to-end",
    "state": "Device=0 min_width=0 max_width=32 num_rows=2097152 workload=variable",
    "stable": "False",
    "descending": "False",
    "rounds": 3,
    "ratio": 1.3599778940505245,
    "ratio_ci_low": 1.3396250399969893,
    "ratio_ci_high": 1.372395079744443,
    "accepted": false,
    "axes": "{\"max_width\": \"32\", \"min_width\": \"0\", \"num_rows\": \"2097152\", \"workload\": \"variable\"}"
  },
  {
    "config": "pr1-p32-c512",
    "group": "end-to-end",
    "state": "Device=0 min_width=0 max_width=256 num_rows=2097152 workload=variable",
    "stable": "False",
    "descending": "False",
    "rounds": 3,
    "ratio": 1.211038065708477,
    "ratio_ci_low": 1.1802209581100562,
    "ratio_ci_high": 1.2497406772339776,
    "accepted": false,
    "axes": "{\"max_width\": \"256\", \"min_width\": \"0\", \"num_rows\": \"2097152\", \"workload\": \"variable\"}"
  },
  {
    "config": "pr1-p32-c512",
    "group": "main",
    "state": "Device=0 min_width=1 max_width=8 num_rows=32768",
    "stable": "False",
    "descending": "False",
    "rounds": 3,
    "ratio": 1.4764601757326192,
    "ratio_ci_low": 1.340129284125775,
    "ratio_ci_high": 1.5389700757951779,
    "accepted": false,
    "axes": "{\"max_width\": \"8\", \"min_width\": \"1\", \"num_rows\": \"32768\"}"
  },
  {
    "config": "pr1-p32-c512",
    "group": "main",
    "state": "Device=0 min_width=1 max_width=32 num_rows=32768",
    "stable": "False",
    "descending": "False",
    "rounds": 3,
    "ratio": 1.8948096504706866,
    "ratio_ci_low": 1.7904597271081182,
    "ratio_ci_high": 1.9623943391382244,
    "accepted": false,
    "axes": "{\"max_width\": \"32\", \"min_width\": \"1\", \"num_rows\": \"32768\"}"
  },
  {
    "config": "pr1-p32-c512",
    "group": "main",
    "state": "Device=0 min_width=1 max_width=64 num_rows=32768",
    "stable": "False",
    "descending": "False",
    "rounds": 3,
    "ratio": 2.0053481107732014,
    "ratio_ci_low": 1.8833225186253202,
    "ratio_ci_high": 2.107842082152093,
    "accepted": false,
    "axes": "{\"max_width\": \"64\", \"min_width\": \"1\", \"num_rows\": \"32768\"}"
  },
  {
    "config": "pr1-p32-c512",
    "group": "main",
    "state": "Device=0 min_width=1 max_width=128 num_rows=32768",
    "stable": "False",
    "descending": "False",
    "rounds": 3,
    "ratio": 2.316224581065095,
    "ratio_ci_low": 2.2490725821620203,
    "ratio_ci_high": 2.3562238898711807,
    "accepted": false,
    "axes": "{\"max_width\": \"128\", \"min_width\": \"1\", \"num_rows\": \"32768\"}"
  },
  {
    "config": "pr1-p32-c512",
    "group": "main",
    "state": "Device=0 min_width=1 max_width=256 num_rows=32768",
    "stable": "False",
    "descending": "False",
    "rounds": 3,
    "ratio": 2.2382718451653307,
    "ratio_ci_low": 2.1783094992201795,
    "ratio_ci_high": 2.2740305832652323,
    "accepted": false,
    "axes": "{\"max_width\": \"256\", \"min_width\": \"1\", \"num_rows\": \"32768\"}"
  },
  {
    "config": "pr1-p32-c512",
    "group": "main",
    "state": "Device=0 min_width=1 max_width=8 num_rows=262144",
    "stable": "False",
    "descending": "False",
    "rounds": 3,
    "ratio": 1.0662424181511665,
    "ratio_ci_low": 1.0084757141331295,
    "ratio_ci_high": 1.1147618875836907,
    "accepted": false,
    "axes": "{\"max_width\": \"8\", \"min_width\": \"1\", \"num_rows\": \"262144\"}"
  },
  {
    "config": "pr1-p32-c512",
    "group": "main",
    "state": "Device=0 min_width=1 max_width=32 num_rows=262144",
    "stable": "False",
    "descending": "False",
    "rounds": 3,
    "ratio": 1.2993505462970036,
    "ratio_ci_low": 1.2318741424000565,
    "ratio_ci_high": 1.3534021518521788,
    "accepted": false,
    "axes": "{\"max_width\": \"32\", \"min_width\": \"1\", \"num_rows\": \"262144\"}"
  },
  {
    "config": "pr1-p32-c512",
    "group": "main",
    "state": "Device=0 min_width=1 max_width=64 num_rows=262144",
    "stable": "False",
    "descending": "False",
    "rounds": 3,
    "ratio": 1.3264918626889264,
    "ratio_ci_low": 1.2758776474797047,
    "ratio_ci_high": 1.3535529342822237,
    "accepted": false,
    "axes": "{\"max_width\": \"64\", \"min_width\": \"1\", \"num_rows\": \"262144\"}"
  },
  {
    "config": "pr1-p32-c512",
    "group": "main",
    "state": "Device=0 min_width=1 max_width=128 num_rows=262144",
    "stable": "False",
    "descending": "False",
    "rounds": 3,
    "ratio": 1.487296851474846,
    "ratio_ci_low": 1.4169964879680257,
    "ratio_ci_high": 1.54349661857586,
    "accepted": false,
    "axes": "{\"max_width\": \"128\", \"min_width\": \"1\", \"num_rows\": \"262144\"}"
  },
  {
    "config": "pr1-p32-c512",
    "group": "main",
    "state": "Device=0 min_width=1 max_width=256 num_rows=262144",
    "stable": "False",
    "descending": "False",
    "rounds": 3,
    "ratio": 1.7584075617719492,
    "ratio_ci_low": 1.6900758676863918,
    "ratio_ci_high": 1.8153613630552812,
    "accepted": false,
    "axes": "{\"max_width\": \"256\", \"min_width\": \"1\", \"num_rows\": \"262144\"}"
  },
  {
    "config": "pr1-p32-c512",
    "group": "main",
    "state": "Device=0 min_width=1 max_width=32 num_rows=2097152",
    "stable": "False",
    "descending": "False",
    "rounds": 3,
    "ratio": 1.4667849321023605,
    "ratio_ci_low": 1.444903432020651,
    "ratio_ci_high": 1.4753481626497196,
    "accepted": false,
    "axes": "{\"max_width\": \"32\", \"min_width\": \"1\", \"num_rows\": \"2097152\"}"
  },
  {
    "config": "pr1-p32-c512",
    "group": "main",
    "state": "Device=0 min_width=1 max_width=64 num_rows=2097152",
    "stable": "False",
    "descending": "False",
    "rounds": 3,
    "ratio": 1.8646873230604253,
    "ratio_ci_low": 1.8203636476175167,
    "ratio_ci_high": 1.9174160145982204,
    "accepted": false,
    "axes": "{\"max_width\": \"64\", \"min_width\": \"1\", \"num_rows\": \"2097152\"}"
  },
  {
    "config": "pr1-p32-c512",
    "group": "main",
    "state": "Device=0 min_width=1 max_width=128 num_rows=2097152",
    "stable": "False",
    "descending": "False",
    "rounds": 3,
    "ratio": 2.1015801132224747,
    "ratio_ci_low": 2.0558653343871685,
    "ratio_ci_high": 2.1484872776804376,
    "accepted": false,
    "axes": "{\"max_width\": \"128\", \"min_width\": \"1\", \"num_rows\": \"2097152\"}"
  },
  {
    "config": "pr1-p32-c512",
    "group": "main",
    "state": "Device=0 min_width=1 max_width=256 num_rows=2097152",
    "stable": "False",
    "descending": "False",
    "rounds": 3,
    "ratio": 1.9016935244802462,
    "ratio_ci_low": 1.8805446713914993,
    "ratio_ci_high": 1.9329719564570254,
    "accepted": false,
    "axes": "{\"max_width\": \"256\", \"min_width\": \"1\", \"num_rows\": \"2097152\"}"
  },
  {
    "config": "pr1-p32-c512",
    "group": "main",
    "state": "Device=0 num_rows=262144 profile=cardinality_64_width_128",
    "stable": "False",
    "descending": "False",
    "rounds": 3,
    "ratio": 2.447483253002553,
    "ratio_ci_low": 2.394396119371253,
    "ratio_ci_high": 2.494305304198529,
    "accepted": false,
    "axes": "{\"num_rows\": \"262144\", \"profile\": \"cardinality_64_width_128\"}"
  },
  {
    "config": "pr1-p32-c512",
    "group": "main",
    "state": "Device=0 num_rows=2097152 profile=cardinality_64_width_128",
    "stable": "False",
    "descending": "False",
    "rounds": 3,
    "ratio": 1.1473655154221172,
    "ratio_ci_low": 1.1306005070683758,
    "ratio_ci_high": 1.1611312490103998,
    "accepted": false,
    "axes": "{\"num_rows\": \"2097152\", \"profile\": \"cardinality_64_width_128\"}"
  },
  {
    "config": "pr1-p32-c512",
    "group": "main",
    "state": "Device=0 num_rows=262144 profile=shared_prefix_64",
    "stable": "False",
    "descending": "False",
    "rounds": 3,
    "ratio": 9.351063129877613,
    "ratio_ci_low": 9.199347955743614,
    "ratio_ci_high": 9.447020862061187,
    "accepted": false,
    "axes": "{\"num_rows\": \"262144\", \"profile\": \"shared_prefix_64\"}"
  },
  {
    "config": "pr1-p32-c512",
    "group": "main",
    "state": "Device=0 num_rows=2097152 profile=shared_prefix_64",
    "stable": "False",
    "descending": "False",
    "rounds": 3,
    "ratio": 11.120555989798826,
    "ratio_ci_low": 11.034576956648808,
    "ratio_ci_high": 11.17542139599574,
    "accepted": false,
    "axes": "{\"num_rows\": \"2097152\", \"profile\": \"shared_prefix_64\"}"
  },
  {
    "config": "pr1-p32-c512",
    "group": "main",
    "state": "Device=0 num_rows=262144 profile=variable_128",
    "stable": "False",
    "descending": "False",
    "rounds": 3,
    "ratio": 1.4357623228362395,
    "ratio_ci_low": 1.3691394573692348,
    "ratio_ci_high": 1.4762589246624305,
    "accepted": false,
    "axes": "{\"num_rows\": \"262144\", \"profile\": \"variable_128\"}"
  },
  {
    "config": "pr1-p32-c512",
    "group": "main",
    "state": "Device=0 num_rows=2097152 profile=variable_128",
    "stable": "False",
    "descending": "False",
    "rounds": 3,
    "ratio": 1.5023535531485133,
    "ratio_ci_low": 1.4826274533456956,
    "ratio_ci_high": 1.5217789192813218,
    "accepted": false,
    "axes": "{\"num_rows\": \"2097152\", \"profile\": \"variable_128\"}"
  },
  {
    "config": "pr1-p32-c512",
    "group": "main",
    "state": "Device=0 num_rows=262144 profile=fixed_8 null_percent=0",
    "stable": "False",
    "descending": "False",
    "rounds": 3,
    "ratio": 1.6419847924878814,
    "ratio_ci_low": 1.5348398924646274,
    "ratio_ci_high": 1.7180759710421698,
    "accepted": false,
    "axes": "{\"null_percent\": \"0\", \"num_rows\": \"262144\", \"profile\": \"fixed_8\"}"
  },
  {
    "config": "pr1-p32-c512",
    "group": "main",
    "state": "Device=0 num_rows=2097152 profile=fixed_8 null_percent=0",
    "stable": "False",
    "descending": "False",
    "rounds": 3,
    "ratio": 2.20200235300044,
    "ratio_ci_low": 2.1593251450517745,
    "ratio_ci_high": 2.225940235211426,
    "accepted": false,
    "axes": "{\"null_percent\": \"0\", \"num_rows\": \"2097152\", \"profile\": \"fixed_8\"}"
  },
  {
    "config": "pr1-p32-c512",
    "group": "main",
    "state": "Device=0 num_rows=262144 profile=variable_128 null_percent=0",
    "stable": "False",
    "descending": "False",
    "rounds": 3,
    "ratio": 1.4463667005935945,
    "ratio_ci_low": 1.3725136899518715,
    "ratio_ci_high": 1.485504509228451,
    "accepted": false,
    "axes": "{\"null_percent\": \"0\", \"num_rows\": \"262144\", \"profile\": \"variable_128\"}"
  },
  {
    "config": "pr1-p32-c512",
    "group": "main",
    "state": "Device=0 num_rows=2097152 profile=variable_128 null_percent=0",
    "stable": "False",
    "descending": "False",
    "rounds": 3,
    "ratio": 1.4957996848771127,
    "ratio_ci_low": 1.4616458032834982,
    "ratio_ci_high": 1.5198505879180568,
    "accepted": false,
    "axes": "{\"null_percent\": \"0\", \"num_rows\": \"2097152\", \"profile\": \"variable_128\"}"
  },
  {
    "config": "pr1-p32-c512",
    "group": "main",
    "state": "Device=0 num_rows=262144 profile=fixed_8 null_percent=50",
    "stable": "False",
    "descending": "False",
    "rounds": 3,
    "ratio": 1.7841104052365409,
    "ratio_ci_low": 1.693519720639045,
    "ratio_ci_high": 1.8542601308191466,
    "accepted": false,
    "axes": "{\"null_percent\": \"50\", \"num_rows\": \"262144\", \"profile\": \"fixed_8\"}"
  },
  {
    "config": "pr1-p32-c512",
    "group": "main",
    "state": "Device=0 num_rows=2097152 profile=fixed_8 null_percent=50",
    "stable": "False",
    "descending": "False",
    "rounds": 3,
    "ratio": 1.252298077072239,
    "ratio_ci_low": 1.2152036798217525,
    "ratio_ci_high": 1.27504743334154,
    "accepted": false,
    "axes": "{\"null_percent\": \"50\", \"num_rows\": \"2097152\", \"profile\": \"fixed_8\"}"
  },
  {
    "config": "pr1-p32-c512",
    "group": "main",
    "state": "Device=0 num_rows=262144 profile=variable_128 null_percent=50",
    "stable": "False",
    "descending": "False",
    "rounds": 3,
    "ratio": 1.5189685674626587,
    "ratio_ci_low": 1.4198490649339202,
    "ratio_ci_high": 1.5858094367207507,
    "accepted": false,
    "axes": "{\"null_percent\": \"50\", \"num_rows\": \"262144\", \"profile\": \"variable_128\"}"
  },
  {
    "config": "pr1-p32-c512",
    "group": "segments",
    "state": "Device=0 num_rows=32768 shared_suffix=0 segment_profile=singletons",
    "stable": "False",
    "descending": "False",
    "rounds": 3,
    "ratio": 1.3556504726480887,
    "ratio_ci_low": 1.3370195432145944,
    "ratio_ci_high": 1.3888099699491976,
    "accepted": false,
    "axes": "{\"num_rows\": \"32768\", \"segment_profile\": \"singletons\", \"shared_suffix\": \"0\"}"
  },
  {
    "config": "pr1-p32-c512",
    "group": "segments",
    "state": "Device=0 num_rows=32768 shared_suffix=64 segment_profile=singletons",
    "stable": "False",
    "descending": "False",
    "rounds": 3,
    "ratio": 1.6091365847174885,
    "ratio_ci_low": 1.6035817616449388,
    "ratio_ci_high": 1.6114962887373714,
    "accepted": false,
    "axes": "{\"num_rows\": \"32768\", \"segment_profile\": \"singletons\", \"shared_suffix\": \"64\"}"
  },
  {
    "config": "pr1-p32-c512",
    "group": "segments",
    "state": "Device=0 num_rows=2097152 shared_suffix=64 segment_profile=singletons",
    "stable": "False",
    "descending": "False",
    "rounds": 3,
    "ratio": 1.2289272263105444,
    "ratio_ci_low": 1.210544836873057,
    "ratio_ci_high": 1.2391030353151888,
    "accepted": false,
    "axes": "{\"num_rows\": \"2097152\", \"segment_profile\": \"singletons\", \"shared_suffix\": \"64\"}"
  },
  {
    "config": "pr1-p32-c512",
    "group": "segments",
    "state": "Device=0 num_rows=32768 shared_suffix=0 segment_profile=pairs",
    "stable": "False",
    "descending": "False",
    "rounds": 3,
    "ratio": 3.4225455762913755,
    "ratio_ci_low": 3.213153984802777,
    "ratio_ci_high": 3.548656617132904,
    "accepted": false,
    "axes": "{\"num_rows\": \"32768\", \"segment_profile\": \"pairs\", \"shared_suffix\": \"0\"}"
  },
  {
    "config": "pr1-p32-c512",
    "group": "segments",
    "state": "Device=0 num_rows=2097152 shared_suffix=0 segment_profile=pairs",
    "stable": "False",
    "descending": "False",
    "rounds": 3,
    "ratio": 20.574159322078255,
    "ratio_ci_low": 20.27568896346381,
    "ratio_ci_high": 20.96874767644646,
    "accepted": false,
    "axes": "{\"num_rows\": \"2097152\", \"segment_profile\": \"pairs\", \"shared_suffix\": \"0\"}"
  },
  {
    "config": "pr1-p32-c512",
    "group": "segments",
    "state": "Device=0 num_rows=32768 shared_suffix=64 segment_profile=pairs",
    "stable": "False",
    "descending": "False",
    "rounds": 3,
    "ratio": 4.142502154420775,
    "ratio_ci_low": 4.02561856568947,
    "ratio_ci_high": 4.264291677664732,
    "accepted": false,
    "axes": "{\"num_rows\": \"32768\", \"segment_profile\": \"pairs\", \"shared_suffix\": \"64\"}"
  },
  {
    "config": "pr1-p32-c512",
    "group": "segments",
    "state": "Device=0 num_rows=2097152 shared_suffix=64 segment_profile=pairs",
    "stable": "False",
    "descending": "False",
    "rounds": 3,
    "ratio": 24.936989282929584,
    "ratio_ci_low": 24.58842315720565,
    "ratio_ci_high": 25.446059075731274,
    "accepted": false,
    "axes": "{\"num_rows\": \"2097152\", \"segment_profile\": \"pairs\", \"shared_suffix\": \"64\"}"
  },
  {
    "config": "pr1-p32-c512",
    "group": "segments",
    "state": "Device=0 num_rows=32768 shared_suffix=0 segment_profile=tiny4",
    "stable": "False",
    "descending": "False",
    "rounds": 3,
    "ratio": 3.020064395269346,
    "ratio_ci_low": 2.912510933367935,
    "ratio_ci_high": 3.0999595830794684,
    "accepted": false,
    "axes": "{\"num_rows\": \"32768\", \"segment_profile\": \"tiny4\", \"shared_suffix\": \"0\"}"
  },
  {
    "config": "pr1-p32-c512",
    "group": "segments",
    "state": "Device=0 num_rows=2097152 shared_suffix=0 segment_profile=tiny4",
    "stable": "False",
    "descending": "False",
    "rounds": 3,
    "ratio": 14.810567702542283,
    "ratio_ci_low": 14.604724863578785,
    "ratio_ci_high": 15.076680867973627,
    "accepted": false,
    "axes": "{\"num_rows\": \"2097152\", \"segment_profile\": \"tiny4\", \"shared_suffix\": \"0\"}"
  },
  {
    "config": "pr1-p32-c512",
    "group": "segments",
    "state": "Device=0 num_rows=32768 shared_suffix=64 segment_profile=tiny4",
    "stable": "False",
    "descending": "False",
    "rounds": 3,
    "ratio": 4.125934678040696,
    "ratio_ci_low": 4.0973628188595725,
    "ratio_ci_high": 4.139065769608944,
    "accepted": false,
    "axes": "{\"num_rows\": \"32768\", \"segment_profile\": \"tiny4\", \"shared_suffix\": \"64\"}"
  },
  {
    "config": "pr1-p32-c512",
    "group": "segments",
    "state": "Device=0 num_rows=2097152 shared_suffix=64 segment_profile=tiny4",
    "stable": "False",
    "descending": "False",
    "rounds": 3,
    "ratio": 22.874356418288766,
    "ratio_ci_low": 22.63005768187893,
    "ratio_ci_high": 23.223856642050425,
    "accepted": false,
    "axes": "{\"num_rows\": \"2097152\", \"segment_profile\": \"tiny4\", \"shared_suffix\": \"64\"}"
  },
  {
    "config": "pr1-p32-c512",
    "group": "segments",
    "state": "Device=0 num_rows=32768 shared_suffix=0 segment_profile=tiny8",
    "stable": "False",
    "descending": "False",
    "rounds": 3,
    "ratio": 2.290252607626032,
    "ratio_ci_low": 2.243976006109406,
    "ratio_ci_high": 2.309438649689854,
    "accepted": false,
    "axes": "{\"num_rows\": \"32768\", \"segment_profile\": \"tiny8\", \"shared_suffix\": \"0\"}"
  },
  {
    "config": "pr1-p32-c512",
    "group": "segments",
    "state": "Device=0 num_rows=2097152 shared_suffix=0 segment_profile=tiny8",
    "stable": "False",
    "descending": "False",
    "rounds": 3,
    "ratio": 9.680319827439417,
    "ratio_ci_low": 9.54502347651334,
    "ratio_ci_high": 9.808774385878046,
    "accepted": false,
    "axes": "{\"num_rows\": \"2097152\", \"segment_profile\": \"tiny8\", \"shared_suffix\": \"0\"}"
  },
  {
    "config": "pr1-p32-c512",
    "group": "segments",
    "state": "Device=0 num_rows=32768 shared_suffix=64 segment_profile=tiny8",
    "stable": "False",
    "descending": "False",
    "rounds": 3,
    "ratio": 3.415133480316758,
    "ratio_ci_low": 3.239453417962683,
    "ratio_ci_high": 3.5243507330677435,
    "accepted": false,
    "axes": "{\"num_rows\": \"32768\", \"segment_profile\": \"tiny8\", \"shared_suffix\": \"64\"}"
  },
  {
    "config": "pr1-p32-c512",
    "group": "segments",
    "state": "Device=0 num_rows=2097152 shared_suffix=64 segment_profile=tiny8",
    "stable": "False",
    "descending": "False",
    "rounds": 3,
    "ratio": 16.710412452068624,
    "ratio_ci_low": 16.565575949526885,
    "ratio_ci_high": 16.969667613682763,
    "accepted": false,
    "axes": "{\"num_rows\": \"2097152\", \"segment_profile\": \"tiny8\", \"shared_suffix\": \"64\"}"
  },
  {
    "config": "pr1-p32-c512",
    "group": "segments",
    "state": "Device=0 num_rows=32768 shared_suffix=0 segment_profile=tiny16",
    "stable": "False",
    "descending": "False",
    "rounds": 3,
    "ratio": 2.0946818002897873,
    "ratio_ci_low": 2.0589007587032593,
    "ratio_ci_high": 2.1082058252335565,
    "accepted": false,
    "axes": "{\"num_rows\": \"32768\", \"segment_profile\": \"tiny16\", \"shared_suffix\": \"0\"}"
  },
  {
    "config": "pr1-p32-c512",
    "group": "segments",
    "state": "Device=0 num_rows=2097152 shared_suffix=0 segment_profile=tiny16",
    "stable": "False",
    "descending": "False",
    "rounds": 3,
    "ratio": 6.453185316932532,
    "ratio_ci_low": 6.344153630096313,
    "ratio_ci_high": 6.54377356502572,
    "accepted": false,
    "axes": "{\"num_rows\": \"2097152\", \"segment_profile\": \"tiny16\", \"shared_suffix\": \"0\"}"
  },
  {
    "config": "pr1-p32-c512",
    "group": "segments",
    "state": "Device=0 num_rows=32768 shared_suffix=64 segment_profile=tiny16",
    "stable": "False",
    "descending": "False",
    "rounds": 3,
    "ratio": 3.0140934479393033,
    "ratio_ci_low": 3.0064603667217407,
    "ratio_ci_high": 3.03508258067095,
    "accepted": false,
    "axes": "{\"num_rows\": \"32768\", \"segment_profile\": \"tiny16\", \"shared_suffix\": \"64\"}"
  },
  {
    "config": "pr1-p32-c512",
    "group": "segments",
    "state": "Device=0 num_rows=2097152 shared_suffix=64 segment_profile=tiny16",
    "stable": "False",
    "descending": "False",
    "rounds": 3,
    "ratio": 11.999279248249211,
    "ratio_ci_low": 11.8579837191556,
    "ratio_ci_high": 12.182839643205,
    "accepted": false,
    "axes": "{\"num_rows\": \"2097152\", \"segment_profile\": \"tiny16\", \"shared_suffix\": \"64\"}"
  },
  {
    "config": "pr1-p32-c512",
    "group": "segments",
    "state": "Device=0 num_rows=32768 shared_suffix=0 segment_profile=tiny32",
    "stable": "False",
    "descending": "False",
    "rounds": 3,
    "ratio": 2.0421754912097314,
    "ratio_ci_low": 2.0216623196791255,
    "ratio_ci_high": 2.0574576256502115,
    "accepted": false,
    "axes": "{\"num_rows\": \"32768\", \"segment_profile\": \"tiny32\", \"shared_suffix\": \"0\"}"
  },
  {
    "config": "pr1-p32-c512",
    "group": "segments",
    "state": "Device=0 num_rows=2097152 shared_suffix=0 segment_profile=tiny32",
    "stable": "False",
    "descending": "False",
    "rounds": 3,
    "ratio": 4.378660395635448,
    "ratio_ci_low": 3.56305683231718,
    "ratio_ci_high": 5.00343178528065,
    "accepted": false,
    "axes": "{\"num_rows\": \"2097152\", \"segment_profile\": \"tiny32\", \"shared_suffix\": \"0\"}"
  },
  {
    "config": "pr1-p32-c512",
    "group": "segments",
    "state": "Device=0 num_rows=32768 shared_suffix=64 segment_profile=tiny32",
    "stable": "False",
    "descending": "False",
    "rounds": 3,
    "ratio": 2.701023832906416,
    "ratio_ci_low": 2.6350533719827145,
    "ratio_ci_high": 2.742470448916853,
    "accepted": false,
    "axes": "{\"num_rows\": \"32768\", \"segment_profile\": \"tiny32\", \"shared_suffix\": \"64\"}"
  },
  {
    "config": "pr1-p32-c512",
    "group": "segments",
    "state": "Device=0 num_rows=2097152 shared_suffix=64 segment_profile=tiny32",
    "stable": "False",
    "descending": "False",
    "rounds": 3,
    "ratio": 7.913216834690945,
    "ratio_ci_low": 7.856872578697681,
    "ratio_ci_high": 8.01218867917468,
    "accepted": false,
    "axes": "{\"num_rows\": \"2097152\", \"segment_profile\": \"tiny32\", \"shared_suffix\": \"64\"}"
  },
  {
    "config": "pr1-p32-c512",
    "group": "segments",
    "state": "Device=0 num_rows=32768 shared_suffix=0 segment_profile=block256",
    "stable": "False",
    "descending": "False",
    "rounds": 3,
    "ratio": 2.102681428517079,
    "ratio_ci_low": 2.015936720433192,
    "ratio_ci_high": 2.2158644284304487,
    "accepted": false,
    "axes": "{\"num_rows\": \"32768\", \"segment_profile\": \"block256\", \"shared_suffix\": \"0\"}"
  },
  {
    "config": "pr1-p32-c512",
    "group": "segments",
    "state": "Device=0 num_rows=2097152 shared_suffix=0 segment_profile=block256",
    "stable": "False",
    "descending": "False",
    "rounds": 3,
    "ratio": 1.549834599538013,
    "ratio_ci_low": 1.5392308401733898,
    "ratio_ci_high": 1.5644495314786437,
    "accepted": false,
    "axes": "{\"num_rows\": \"2097152\", \"segment_profile\": \"block256\", \"shared_suffix\": \"0\"}"
  },
  {
    "config": "pr1-p32-c512",
    "group": "segments",
    "state": "Device=0 num_rows=32768 shared_suffix=64 segment_profile=block256",
    "stable": "False",
    "descending": "False",
    "rounds": 3,
    "ratio": 2.7799376841420416,
    "ratio_ci_low": 2.7557600130116033,
    "ratio_ci_high": 2.7956998087214653,
    "accepted": false,
    "axes": "{\"num_rows\": \"32768\", \"segment_profile\": \"block256\", \"shared_suffix\": \"64\"}"
  },
  {
    "config": "pr1-p32-c512",
    "group": "segments",
    "state": "Device=0 num_rows=2097152 shared_suffix=64 segment_profile=block256",
    "stable": "False",
    "descending": "False",
    "rounds": 3,
    "ratio": 3.1915336504375413,
    "ratio_ci_low": 3.1667026448333004,
    "ratio_ci_high": 3.2340228954372994,
    "accepted": false,
    "axes": "{\"num_rows\": \"2097152\", \"segment_profile\": \"block256\", \"shared_suffix\": \"64\"}"
  },
  {
    "config": "pr1-p32-c512",
    "group": "segments",
    "state": "Device=0 num_rows=32768 shared_suffix=0 segment_profile=logarithmic",
    "stable": "False",
    "descending": "False",
    "rounds": 3,
    "ratio": 1.687896712285343,
    "ratio_ci_low": 1.669353272760552,
    "ratio_ci_high": 1.7002366171510495,
    "accepted": false,
    "axes": "{\"num_rows\": \"32768\", \"segment_profile\": \"logarithmic\", \"shared_suffix\": \"0\"}"
  },
  {
    "config": "pr1-p32-c512",
    "group": "segments",
    "state": "Device=0 num_rows=2097152 shared_suffix=0 segment_profile=logarithmic",
    "stable": "False",
    "descending": "False",
    "rounds": 3,
    "ratio": 2.205090704340153,
    "ratio_ci_low": 2.196177653740227,
    "ratio_ci_high": 2.2180425353121205,
    "accepted": false,
    "axes": "{\"num_rows\": \"2097152\", \"segment_profile\": \"logarithmic\", \"shared_suffix\": \"0\"}"
  },
  {
    "config": "pr1-p32-c512",
    "group": "segments",
    "state": "Device=0 num_rows=32768 shared_suffix=64 segment_profile=logarithmic",
    "stable": "False",
    "descending": "False",
    "rounds": 3,
    "ratio": 2.087308497218435,
    "ratio_ci_low": 2.0334124845501567,
    "ratio_ci_high": 2.1162436077214077,
    "accepted": false,
    "axes": "{\"num_rows\": \"32768\", \"segment_profile\": \"logarithmic\", \"shared_suffix\": \"64\"}"
  },
  {
    "config": "pr1-p32-c512",
    "group": "segments",
    "state": "Device=0 num_rows=2097152 shared_suffix=64 segment_profile=logarithmic",
    "stable": "False",
    "descending": "False",
    "rounds": 3,
    "ratio": 1.2548528255337008,
    "ratio_ci_low": 1.2483445891251268,
    "ratio_ci_high": 1.258606417456684,
    "accepted": false,
    "axes": "{\"num_rows\": \"2097152\", \"segment_profile\": \"logarithmic\", \"shared_suffix\": \"64\"}"
  },
  {
    "config": "pr1-p32-c512",
    "group": "segments",
    "state": "Device=0 num_rows=32768 shared_suffix=0 segment_profile=tiny_plus_giant",
    "stable": "False",
    "descending": "False",
    "rounds": 3,
    "ratio": 1.701987010019068,
    "ratio_ci_low": 1.6756139468024498,
    "ratio_ci_high": 1.7383471822775045,
    "accepted": false,
    "axes": "{\"num_rows\": \"32768\", \"segment_profile\": \"tiny_plus_giant\", \"shared_suffix\": \"0\"}"
  },
  {
    "config": "pr1-p32-c512",
    "group": "segments",
    "state": "Device=0 num_rows=2097152 shared_suffix=0 segment_profile=tiny_plus_giant",
    "stable": "False",
    "descending": "False",
    "rounds": 3,
    "ratio": 4.635654821088644,
    "ratio_ci_low": 4.57568009470901,
    "ratio_ci_high": 4.703689685619259,
    "accepted": false,
    "axes": "{\"num_rows\": \"2097152\", \"segment_profile\": \"tiny_plus_giant\", \"shared_suffix\": \"0\"}"
  },
  {
    "config": "pr1-p32-c512",
    "group": "segments",
    "state": "Device=0 num_rows=32768 shared_suffix=64 segment_profile=tiny_plus_giant",
    "stable": "False",
    "descending": "False",
    "rounds": 3,
    "ratio": 2.1651015716636453,
    "ratio_ci_low": 2.070214326941881,
    "ratio_ci_high": 2.244458153646582,
    "accepted": false,
    "axes": "{\"num_rows\": \"32768\", \"segment_profile\": \"tiny_plus_giant\", \"shared_suffix\": \"64\"}"
  },
  {
    "config": "pr1-p32-c512",
    "group": "segments",
    "state": "Device=0 num_rows=2097152 shared_suffix=64 segment_profile=tiny_plus_giant",
    "stable": "False",
    "descending": "False",
    "rounds": 3,
    "ratio": 7.527785082381707,
    "ratio_ci_low": 7.451277177341622,
    "ratio_ci_high": 7.623531936301908,
    "accepted": false,
    "axes": "{\"num_rows\": \"2097152\", \"segment_profile\": \"tiny_plus_giant\", \"shared_suffix\": \"64\"}"
  },
  {
    "config": "pr1-p32-c512",
    "group": "segments",
    "state": "Device=0 num_rows=32768 shared_suffix=0 segment_profile=hot90",
    "stable": "False",
    "descending": "False",
    "rounds": 3,
    "ratio": 2.43421930829702,
    "ratio_ci_low": 2.403701452684163,
    "ratio_ci_high": 2.45278030258356,
    "accepted": false,
    "axes": "{\"num_rows\": \"32768\", \"segment_profile\": \"hot90\", \"shared_suffix\": \"0\"}"
  },
  {
    "config": "pr1-p32-c512",
    "group": "segments",
    "state": "Device=0 num_rows=2097152 shared_suffix=0 segment_profile=hot90",
    "stable": "False",
    "descending": "False",
    "rounds": 3,
    "ratio": 5.987521386854229,
    "ratio_ci_low": 5.949695405202754,
    "ratio_ci_high": 6.0469935540649455,
    "accepted": false,
    "axes": "{\"num_rows\": \"2097152\", \"segment_profile\": \"hot90\", \"shared_suffix\": \"0\"}"
  },
  {
    "config": "pr1-p32-c512",
    "group": "segments",
    "state": "Device=0 num_rows=32768 shared_suffix=64 segment_profile=hot90",
    "stable": "False",
    "descending": "False",
    "rounds": 3,
    "ratio": 3.692319786750403,
    "ratio_ci_low": 3.662421170302882,
    "ratio_ci_high": 3.707269669322496,
    "accepted": false,
    "axes": "{\"num_rows\": \"32768\", \"segment_profile\": \"hot90\", \"shared_suffix\": \"64\"}"
  },
  {
    "config": "pr1-p32-c512",
    "group": "segments",
    "state": "Device=0 num_rows=2097152 shared_suffix=64 segment_profile=hot90",
    "stable": "False",
    "descending": "False",
    "rounds": 3,
    "ratio": 10.356250336077654,
    "ratio_ci_low": 10.328956768672253,
    "ratio_ci_high": 10.421239389586017,
    "accepted": false,
    "axes": "{\"num_rows\": \"2097152\", \"segment_profile\": \"hot90\", \"shared_suffix\": \"64\"}"
  },
  {
    "config": "pr1-p32-c512",
    "group": "segments",
    "state": "Device=0 num_rows=32768 shared_suffix=0 segment_profile=few_giants",
    "stable": "False",
    "descending": "False",
    "rounds": 3,
    "ratio": 1.9182785814881933,
    "ratio_ci_low": 1.8979451279633215,
    "ratio_ci_high": 1.9403423674407527,
    "accepted": false,
    "axes": "{\"num_rows\": \"32768\", \"segment_profile\": \"few_giants\", \"shared_suffix\": \"0\"}"
  },
  {
    "config": "pr1-p32-c512",
    "group": "segments",
    "state": "Device=0 num_rows=2097152 shared_suffix=0 segment_profile=few_giants",
    "stable": "False",
    "descending": "False",
    "rounds": 3,
    "ratio": 3.999347924277001,
    "ratio_ci_low": 3.9672251609488534,
    "ratio_ci_high": 4.056773380460041,
    "accepted": false,
    "axes": "{\"num_rows\": \"2097152\", \"segment_profile\": \"few_giants\", \"shared_suffix\": \"0\"}"
  },
  {
    "config": "pr1-p32-c512",
    "group": "segments",
    "state": "Device=0 num_rows=32768 shared_suffix=64 segment_profile=few_giants",
    "stable": "False",
    "descending": "False",
    "rounds": 3,
    "ratio": 3.5401696839984824,
    "ratio_ci_low": 3.458206015429623,
    "ratio_ci_high": 3.6124621047817884,
    "accepted": false,
    "axes": "{\"num_rows\": \"32768\", \"segment_profile\": \"few_giants\", \"shared_suffix\": \"64\"}"
  },
  {
    "config": "pr1-p32-c512",
    "group": "segments",
    "state": "Device=0 num_rows=2097152 shared_suffix=64 segment_profile=few_giants",
    "stable": "False",
    "descending": "False",
    "rounds": 3,
    "ratio": 5.0306959007642185,
    "ratio_ci_low": 4.999367410528198,
    "ratio_ci_high": 5.077367012688233,
    "accepted": false,
    "axes": "{\"num_rows\": \"2097152\", \"segment_profile\": \"few_giants\", \"shared_suffix\": \"64\"}"
  },
  {
    "config": "pr1-p32-c512",
    "group": "segments",
    "state": "Device=0 num_rows=32768 shared_suffix=0 segment_profile=one_segment",
    "stable": "False",
    "descending": "False",
    "rounds": 3,
    "ratio": 2.5824911057821,
    "ratio_ci_low": 2.560981469719031,
    "ratio_ci_high": 2.6073880664814038,
    "accepted": false,
    "axes": "{\"num_rows\": \"32768\", \"segment_profile\": \"one_segment\", \"shared_suffix\": \"0\"}"
  },
  {
    "config": "pr1-p32-c512",
    "group": "segments",
    "state": "Device=0 num_rows=2097152 shared_suffix=0 segment_profile=one_segment",
    "stable": "False",
    "descending": "False",
    "rounds": 3,
    "ratio": 6.352648506674317,
    "ratio_ci_low": 6.299641587956283,
    "ratio_ci_high": 6.425664827589748,
    "accepted": false,
    "axes": "{\"num_rows\": \"2097152\", \"segment_profile\": \"one_segment\", \"shared_suffix\": \"0\"}"
  },
  {
    "config": "pr1-p32-c512",
    "group": "segments",
    "state": "Device=0 num_rows=32768 shared_suffix=64 segment_profile=one_segment",
    "stable": "False",
    "descending": "False",
    "rounds": 3,
    "ratio": 4.042918742049571,
    "ratio_ci_low": 3.9454578594420933,
    "ratio_ci_high": 4.094070018079431,
    "accepted": false,
    "axes": "{\"num_rows\": \"32768\", \"segment_profile\": \"one_segment\", \"shared_suffix\": \"64\"}"
  },
  {
    "config": "pr1-p32-c512",
    "group": "segments",
    "state": "Device=0 num_rows=2097152 shared_suffix=64 segment_profile=one_segment",
    "stable": "False",
    "descending": "False",
    "rounds": 3,
    "ratio": 11.236163261589567,
    "ratio_ci_low": 11.191487280311785,
    "ratio_ci_high": 11.311412070674264,
    "accepted": false,
    "axes": "{\"num_rows\": \"2097152\", \"segment_profile\": \"one_segment\", \"shared_suffix\": \"64\"}"
  },
  {
    "config": "pr1-p32-c512",
    "group": "pr-diagnostics",
    "state": "Device=0 num_rows=262144 profile=finish_257",
    "stable": "False",
    "descending": "False",
    "rounds": 3,
    "ratio": 1.5953737576757865,
    "ratio_ci_low": 1.5066169806310052,
    "ratio_ci_high": 1.6630694896889686,
    "accepted": false,
    "axes": "{\"num_rows\": \"262144\", \"profile\": \"finish_257\"}"
  },
  {
    "config": "pr1-p32-c512",
    "group": "pr-diagnostics",
    "state": "Device=0 num_rows=2097152 profile=finish_257",
    "stable": "False",
    "descending": "False",
    "rounds": 3,
    "ratio": 1.3005267838855081,
    "ratio_ci_low": 1.2874567338038896,
    "ratio_ci_high": 1.3077306522412093,
    "accepted": false,
    "axes": "{\"num_rows\": \"2097152\", \"profile\": \"finish_257\"}"
  },
  {
    "config": "pr1-p32-c512",
    "group": "pr-diagnostics",
    "state": "Device=0 num_rows=262144 profile=finish_1024",
    "stable": "False",
    "descending": "False",
    "rounds": 3,
    "ratio": 1.9726536307535592,
    "ratio_ci_low": 1.9253476739336504,
    "ratio_ci_high": 1.9984159145599776,
    "accepted": false,
    "axes": "{\"num_rows\": \"262144\", \"profile\": \"finish_1024\"}"
  },
  {
    "config": "pr1-p32-c512",
    "group": "pr-diagnostics",
    "state": "Device=0 num_rows=2097152 profile=finish_1024",
    "stable": "False",
    "descending": "False",
    "rounds": 3,
    "ratio": 1.5749509765378489,
    "ratio_ci_low": 1.5389525863417324,
    "ratio_ci_high": 1.6091145119528052,
    "accepted": false,
    "axes": "{\"num_rows\": \"2097152\", \"profile\": \"finish_1024\"}"
  },
  {
    "config": "pr1-p32-c512",
    "group": "pr-diagnostics",
    "state": "Device=0 num_rows=262144 profile=finish_4096",
    "stable": "False",
    "descending": "False",
    "rounds": 3,
    "ratio": 1.8804078626274898,
    "ratio_ci_low": 1.8734926495745963,
    "ratio_ci_high": 1.8927236277454007,
    "accepted": false,
    "axes": "{\"num_rows\": \"262144\", \"profile\": \"finish_4096\"}"
  },
  {
    "config": "pr1-p32-c512",
    "group": "pr-diagnostics",
    "state": "Device=0 num_rows=2097152 profile=finish_4096",
    "stable": "False",
    "descending": "False",
    "rounds": 3,
    "ratio": 1.535283391389489,
    "ratio_ci_low": 1.5217242152551744,
    "ratio_ci_high": 1.550203110934489,
    "accepted": false,
    "axes": "{\"num_rows\": \"2097152\", \"profile\": \"finish_4096\"}"
  },
  {
    "config": "pr1-p32-c512",
    "group": "pr-diagnostics",
    "state": "Device=0 num_rows=262144 profile=active_50",
    "stable": "False",
    "descending": "False",
    "rounds": 3,
    "ratio": 4.295713529132325,
    "ratio_ci_low": 4.235749186360453,
    "ratio_ci_high": 4.352790995696246,
    "accepted": false,
    "axes": "{\"num_rows\": \"262144\", \"profile\": \"active_50\"}"
  },
  {
    "config": "pr1-p32-c512",
    "group": "pr-diagnostics",
    "state": "Device=0 num_rows=2097152 profile=active_50",
    "stable": "False",
    "descending": "False",
    "rounds": 3,
    "ratio": 12.198797292205734,
    "ratio_ci_low": 12.086723468720738,
    "ratio_ci_high": 12.302546598874317,
    "accepted": false,
    "axes": "{\"num_rows\": \"2097152\", \"profile\": \"active_50\"}"
  },
  {
    "config": "pr1-p32-c512",
    "group": "pr-diagnostics",
    "state": "Device=0 num_rows=262144 profile=active_10",
    "stable": "False",
    "descending": "False",
    "rounds": 3,
    "ratio": 1.7713105112575054,
    "ratio_ci_low": 1.7484447277589412,
    "ratio_ci_high": 1.7881823636231635,
    "accepted": false,
    "axes": "{\"num_rows\": \"262144\", \"profile\": \"active_10\"}"
  },
  {
    "config": "pr1-p32-c512",
    "group": "pr-diagnostics",
    "state": "Device=0 num_rows=2097152 profile=active_10",
    "stable": "False",
    "descending": "False",
    "rounds": 3,
    "ratio": 4.4335438460744205,
    "ratio_ci_low": 4.37685833389106,
    "ratio_ci_high": 4.483165333208225,
    "accepted": false,
    "axes": "{\"num_rows\": \"2097152\", \"profile\": \"active_10\"}"
  },
  {
    "config": "pr1-p32-c512",
    "group": "pr-diagnostics",
    "state": "Device=0 num_rows=262144 profile=active_1",
    "stable": "False",
    "descending": "False",
    "rounds": 3,
    "ratio": 1.219392285787337,
    "ratio_ci_low": 1.2108185405817418,
    "ratio_ci_high": 1.227049993809668,
    "accepted": false,
    "axes": "{\"num_rows\": \"262144\", \"profile\": \"active_1\"}"
  },
  {
    "config": "pr1-p32-c512",
    "group": "pr-diagnostics",
    "state": "Device=0 num_rows=2097152 profile=active_1",
    "stable": "False",
    "descending": "False",
    "rounds": 3,
    "ratio": 1.3683608962128537,
    "ratio_ci_low": 1.295533354308352,
    "ratio_ci_high": 1.4861980813263072,
    "accepted": false,
    "axes": "{\"num_rows\": \"2097152\", \"profile\": \"active_1\"}"
  },
  {
    "config": "pr1-p32-c512",
    "group": "pr-diagnostics",
    "state": "Device=0 num_rows=262144 profile=active_0_1",
    "stable": "False",
    "descending": "False",
    "rounds": 3,
    "ratio": 1.424650612567628,
    "ratio_ci_low": 1.254147862025228,
    "ratio_ci_high": 1.567101045009887,
    "accepted": false,
    "axes": "{\"num_rows\": \"262144\", \"profile\": \"active_0_1\"}"
  },
  {
    "config": "pr1-p32-c512",
    "group": "pr-diagnostics",
    "state": "Device=0 num_rows=2097152 profile=active_0_1",
    "stable": "False",
    "descending": "False",
    "rounds": 3,
    "ratio": 1.1366546536237536,
    "ratio_ci_low": 1.119265823931494,
    "ratio_ci_high": 1.1523192040821586,
    "accepted": false,
    "axes": "{\"num_rows\": \"2097152\", \"profile\": \"active_0_1\"}"
  },
  {
    "config": "pr1-p32-c512",
    "group": "pr-diagnostics",
    "state": "Device=0 num_rows=262144 profile=duplicates_16",
    "stable": "False",
    "descending": "False",
    "rounds": 3,
    "ratio": 1.1054350626157046,
    "ratio_ci_low": 1.1013907803726837,
    "ratio_ci_high": 1.1108639689471789,
    "accepted": false,
    "axes": "{\"num_rows\": \"262144\", \"profile\": \"duplicates_16\"}"
  },
  {
    "config": "pr1-p32-c512",
    "group": "pr-diagnostics",
    "state": "Device=0 num_rows=262144 profile=duplicates_24",
    "stable": "False",
    "descending": "False",
    "rounds": 3,
    "ratio": 1.2586820858144323,
    "ratio_ci_low": 1.2553395956461242,
    "ratio_ci_high": 1.262610086130906,
    "accepted": false,
    "axes": "{\"num_rows\": \"262144\", \"profile\": \"duplicates_24\"}"
  },
  {
    "config": "pr1-p32-c512",
    "group": "pr-diagnostics",
    "state": "Device=0 num_rows=262144 profile=duplicates_32",
    "stable": "False",
    "descending": "False",
    "rounds": 3,
    "ratio": 1.4190555277839452,
    "ratio_ci_low": 1.4082017636804165,
    "ratio_ci_high": 1.4251488116046827,
    "accepted": false,
    "axes": "{\"num_rows\": \"262144\", \"profile\": \"duplicates_32\"}"
  },
  {
    "config": "pr1-p32-c512",
    "group": "pr-diagnostics",
    "state": "Device=0 num_rows=262144 profile=rle_misaligned",
    "stable": "False",
    "descending": "False",
    "rounds": 3,
    "ratio": 14.581330794764469,
    "ratio_ci_low": 14.342706591509806,
    "ratio_ci_high": 14.76627422892065,
    "accepted": false,
    "axes": "{\"num_rows\": \"262144\", \"profile\": \"rle_misaligned\"}"
  },
  {
    "config": "pr1-p32-c512",
    "group": "pr-diagnostics",
    "state": "Device=0 num_rows=2097152 profile=rle_misaligned",
    "stable": "False",
    "descending": "False",
    "rounds": 3,
    "ratio": 23.848125399848673,
    "ratio_ci_low": 23.676738572173477,
    "ratio_ci_high": 23.971711789675133,
    "accepted": false,
    "axes": "{\"num_rows\": \"2097152\", \"profile\": \"rle_misaligned\"}"
  }
]
pr2-p32-c4096 states 232 speedup 0.45547566669454653 failed 173
[
  {
    "config": "pr2-p32-c4096",
    "group": "pr-workload",
    "state": "Device=0 min_width=0 max_width=32 num_rows=32768 workload=normal",
    "stable": "False",
    "descending": "False",
    "rounds": 3,
    "ratio": 1.7152157861659196,
    "ratio_ci_low": 1.673718652005598,
    "ratio_ci_high": 1.7931752455498864,
    "accepted": false,
    "axes": "{\"max_width\": \"32\", \"min_width\": \"0\", \"num_rows\": \"32768\", \"workload\": \"normal\"}"
  },
  {
    "config": "pr2-p32-c4096",
    "group": "pr-workload",
    "state": "Device=0 min_width=0 max_width=64 num_rows=32768 workload=normal",
    "stable": "False",
    "descending": "False",
    "rounds": 3,
    "ratio": 1.7688097391474529,
    "ratio_ci_low": 1.7479274207514803,
    "ratio_ci_high": 1.8199257701934841,
    "accepted": false,
    "axes": "{\"max_width\": \"64\", \"min_width\": \"0\", \"num_rows\": \"32768\", \"workload\": \"normal\"}"
  },
  {
    "config": "pr2-p32-c4096",
    "group": "pr-workload",
    "state": "Device=0 min_width=0 max_width=128 num_rows=32768 workload=normal",
    "stable": "False",
    "descending": "False",
    "rounds": 3,
    "ratio": 1.761196393646424,
    "ratio_ci_low": 1.7194445856463212,
    "ratio_ci_high": 1.809043429840382,
    "accepted": false,
    "axes": "{\"max_width\": \"128\", \"min_width\": \"0\", \"num_rows\": \"32768\", \"workload\": \"normal\"}"
  },
  {
    "config": "pr2-p32-c4096",
    "group": "pr-workload",
    "state": "Device=0 min_width=0 max_width=256 num_rows=32768 workload=normal",
    "stable": "False",
    "descending": "False",
    "rounds": 3,
    "ratio": 1.57351595986166,
    "ratio_ci_low": 1.5453742885916686,
    "ratio_ci_high": 1.6156289584009247,
    "accepted": false,
    "axes": "{\"max_width\": \"256\", \"min_width\": \"0\", \"num_rows\": \"32768\", \"workload\": \"normal\"}"
  },
  {
    "config": "pr2-p32-c4096",
    "group": "pr-workload",
    "state": "Device=0 min_width=0 max_width=32 num_rows=32768 workload=duplicates",
    "stable": "False",
    "descending": "False",
    "rounds": 3,
    "ratio": 1.0840188503426862,
    "ratio_ci_low": 1.0459900558856141,
    "ratio_ci_high": 1.1531573824624148,
    "accepted": false,
    "axes": "{\"max_width\": \"32\", \"min_width\": \"0\", \"num_rows\": \"32768\", \"workload\": \"duplicates\"}"
  },
  {
    "config": "pr2-p32-c4096",
    "group": "pr-workload",
    "state": "Device=0 min_width=0 max_width=32 num_rows=262144 workload=duplicates",
    "stable": "False",
    "descending": "False",
    "rounds": 3,
    "ratio": 1.727540062260733,
    "ratio_ci_low": 1.6810018810434129,
    "ratio_ci_high": 1.793028854491103,
    "accepted": false,
    "axes": "{\"max_width\": \"32\", \"min_width\": \"0\", \"num_rows\": \"262144\", \"workload\": \"duplicates\"}"
  },
  {
    "config": "pr2-p32-c4096",
    "group": "pr-workload",
    "state": "Device=0 min_width=0 max_width=64 num_rows=262144 workload=duplicates",
    "stable": "False",
    "descending": "False",
    "rounds": 3,
    "ratio": 2.107276270225031,
    "ratio_ci_low": 2.0722084815706165,
    "ratio_ci_high": 2.168373050166997,
    "accepted": false,
    "axes": "{\"max_width\": \"64\", \"min_width\": \"0\", \"num_rows\": \"262144\", \"workload\": \"duplicates\"}"
  },
  {
    "config": "pr2-p32-c4096",
    "group": "pr-workload",
    "state": "Device=0 min_width=0 max_width=128 num_rows=262144 workload=duplicates",
    "stable": "False",
    "descending": "False",
    "rounds": 3,
    "ratio": 2.737580211601783,
    "ratio_ci_low": 2.6605112065846774,
    "ratio_ci_high": 2.8203781604769342,
    "accepted": false,
    "axes": "{\"max_width\": \"128\", \"min_width\": \"0\", \"num_rows\": \"262144\", \"workload\": \"duplicates\"}"
  },
  {
    "config": "pr2-p32-c4096",
    "group": "pr-workload",
    "state": "Device=0 min_width=0 max_width=256 num_rows=262144 workload=duplicates",
    "stable": "False",
    "descending": "False",
    "rounds": 3,
    "ratio": 2.7004237716767006,
    "ratio_ci_low": 2.6473068100990544,
    "ratio_ci_high": 2.7594723770499745,
    "accepted": false,
    "axes": "{\"max_width\": \"256\", \"min_width\": \"0\", \"num_rows\": \"262144\", \"workload\": \"duplicates\"}"
  },
  {
    "config": "pr2-p32-c4096",
    "group": "pr-workload",
    "state": "Device=0 min_width=0 max_width=128 num_rows=2097152 workload=duplicates",
    "stable": "False",
    "descending": "False",
    "rounds": 3,
    "ratio": 1.2334393405780557,
    "ratio_ci_low": 1.2250096226165774,
    "ratio_ci_high": 1.23840560638521,
    "accepted": false,
    "axes": "{\"max_width\": \"128\", \"min_width\": \"0\", \"num_rows\": \"2097152\", \"workload\": \"duplicates\"}"
  },
  {
    "config": "pr2-p32-c4096",
    "group": "pr-workload",
    "state": "Device=0 min_width=0 max_width=256 num_rows=2097152 workload=duplicates",
    "stable": "False",
    "descending": "False",
    "rounds": 3,
    "ratio": 1.3828152124252808,
    "ratio_ci_low": 1.3744013331808613,
    "ratio_ci_high": 1.3892594872961486,
    "accepted": false,
    "axes": "{\"max_width\": \"256\", \"min_width\": \"0\", \"num_rows\": \"2097152\", \"workload\": \"duplicates\"}"
  },
  {
    "config": "pr2-p32-c4096",
    "group": "pr-workload",
    "state": "Device=0 min_width=0 max_width=32 num_rows=32768 workload=shared_prefix",
    "stable": "False",
    "descending": "False",
    "rounds": 3,
    "ratio": 2.7854231123016895,
    "ratio_ci_low": 2.7580016397759337,
    "ratio_ci_high": 2.8319483751274452,
    "accepted": false,
    "axes": "{\"max_width\": \"32\", \"min_width\": \"0\", \"num_rows\": \"32768\", \"workload\": \"shared_prefix\"}"
  },
  {
    "config": "pr2-p32-c4096",
    "group": "pr-workload",
    "state": "Device=0 min_width=0 max_width=64 num_rows=32768 workload=shared_prefix",
    "stable": "False",
    "descending": "False",
    "rounds": 3,
    "ratio": 3.2166896671032688,
    "ratio_ci_low": 3.172047862761893,
    "ratio_ci_high": 3.272559915315461,
    "accepted": false,
    "axes": "{\"max_width\": \"64\", \"min_width\": \"0\", \"num_rows\": \"32768\", \"workload\": \"shared_prefix\"}"
  },
  {
    "config": "pr2-p32-c4096",
    "group": "pr-workload",
    "state": "Device=0 min_width=0 max_width=128 num_rows=32768 workload=shared_prefix",
    "stable": "False",
    "descending": "False",
    "rounds": 3,
    "ratio": 3.3360158427042426,
    "ratio_ci_low": 3.2677959920159427,
    "ratio_ci_high": 3.387800495770538,
    "accepted": false,
    "axes": "{\"max_width\": \"128\", \"min_width\": \"0\", \"num_rows\": \"32768\", \"workload\": \"shared_prefix\"}"
  },
  {
    "config": "pr2-p32-c4096",
    "group": "pr-workload",
    "state": "Device=0 min_width=0 max_width=256 num_rows=32768 workload=shared_prefix",
    "stable": "False",
    "descending": "False",
    "rounds": 3,
    "ratio": 2.5870629316795895,
    "ratio_ci_low": 2.564144452599561,
    "ratio_ci_high": 2.606621613057262,
    "accepted": false,
    "axes": "{\"max_width\": \"256\", \"min_width\": \"0\", \"num_rows\": \"32768\", \"workload\": \"shared_prefix\"}"
  },
  {
    "config": "pr2-p32-c4096",
    "group": "pr-workload",
    "state": "Device=0 min_width=0 max_width=32 num_rows=262144 workload=shared_prefix",
    "stable": "False",
    "descending": "False",
    "rounds": 3,
    "ratio": 9.36446823775071,
    "ratio_ci_low": 9.242982667260438,
    "ratio_ci_high": 9.478658159667734,
    "accepted": false,
    "axes": "{\"max_width\": \"32\", \"min_width\": \"0\", \"num_rows\": \"262144\", \"workload\": \"shared_prefix\"}"
  },
  {
    "config": "pr2-p32-c4096",
    "group": "pr-workload",
    "state": "Device=0 min_width=0 max_width=64 num_rows=262144 workload=shared_prefix",
    "stable": "False",
    "descending": "False",
    "rounds": 3,
    "ratio": 10.216890969738797,
    "ratio_ci_low": 10.115402339550291,
    "ratio_ci_high": 10.326564008638663,
    "accepted": false,
    "axes": "{\"max_width\": \"64\", \"min_width\": \"0\", \"num_rows\": \"262144\", \"workload\": \"shared_prefix\"}"
  },
  {
    "config": "pr2-p32-c4096",
    "group": "pr-workload",
    "state": "Device=0 min_width=0 max_width=128 num_rows=262144 workload=shared_prefix",
    "stable": "False",
    "descending": "False",
    "rounds": 3,
    "ratio": 9.27967815409946,
    "ratio_ci_low": 9.191152752098034,
    "ratio_ci_high": 9.371146927900554,
    "accepted": false,
    "axes": "{\"max_width\": \"128\", \"min_width\": \"0\", \"num_rows\": \"262144\", \"workload\": \"shared_prefix\"}"
  },
  {
    "config": "pr2-p32-c4096",
    "group": "pr-workload",
    "state": "Device=0 min_width=0 max_width=256 num_rows=262144 workload=shared_prefix",
    "stable": "False",
    "descending": "False",
    "rounds": 3,
    "ratio": 6.327458751372832,
    "ratio_ci_low": 6.287403664548183,
    "ratio_ci_high": 6.363617999792111,
    "accepted": false,
    "axes": "{\"max_width\": \"256\", \"min_width\": \"0\", \"num_rows\": \"262144\", \"workload\": \"shared_prefix\"}"
  },
  {
    "config": "pr2-p32-c4096",
    "group": "pr-workload",
    "state": "Device=0 min_width=0 max_width=32 num_rows=2097152 workload=shared_prefix",
    "stable": "False",
    "descending": "False",
    "rounds": 3,
    "ratio": 12.084754379747189,
    "ratio_ci_low": 11.995458718680078,
    "ratio_ci_high": 12.168842363406624,
    "accepted": false,
    "axes": "{\"max_width\": \"32\", \"min_width\": \"0\", \"num_rows\": \"2097152\", \"workload\": \"shared_prefix\"}"
  },
  {
    "config": "pr2-p32-c4096",
    "group": "pr-workload",
    "state": "Device=0 min_width=0 max_width=64 num_rows=2097152 workload=shared_prefix",
    "stable": "False",
    "descending": "False",
    "rounds": 3,
    "ratio": 12.967526566943073,
    "ratio_ci_low": 12.880229644796524,
    "ratio_ci_high": 13.023364165625939,
    "accepted": false,
    "axes": "{\"max_width\": \"64\", \"min_width\": \"0\", \"num_rows\": \"2097152\", \"workload\": \"shared_prefix\"}"
  },
  {
    "config": "pr2-p32-c4096",
    "group": "pr-workload",
    "state": "Device=0 min_width=0 max_width=128 num_rows=2097152 workload=shared_prefix",
    "stable": "False",
    "descending": "False",
    "rounds": 3,
    "ratio": 11.404491707222927,
    "ratio_ci_low": 11.36385277215784,
    "ratio_ci_high": 11.432684982467906,
    "accepted": false,
    "axes": "{\"max_width\": \"128\", \"min_width\": \"0\", \"num_rows\": \"2097152\", \"workload\": \"shared_prefix\"}"
  },
  {
    "config": "pr2-p32-c4096",
    "group": "pr-workload",
    "state": "Device=0 min_width=0 max_width=256 num_rows=2097152 workload=shared_prefix",
    "stable": "False",
    "descending": "False",
    "rounds": 3,
    "ratio": 10.622518073578567,
    "ratio_ci_low": 10.60839286883258,
    "ratio_ci_high": 10.635759474564331,
    "accepted": false,
    "axes": "{\"max_width\": \"256\", \"min_width\": \"0\", \"num_rows\": \"2097152\", \"workload\": \"shared_prefix\"}"
  },
  {
    "config": "pr2-p32-c4096",
    "group": "pr-workload",
    "state": "Device=0 min_width=0 max_width=32 num_rows=32768 workload=variable",
    "stable": "False",
    "descending": "False",
    "rounds": 3,
    "ratio": 1.6580027807774473,
    "ratio_ci_low": 1.6128138824501201,
    "ratio_ci_high": 1.7319606138973527,
    "accepted": false,
    "axes": "{\"max_width\": \"32\", \"min_width\": \"0\", \"num_rows\": \"32768\", \"workload\": \"variable\"}"
  },
  {
    "config": "pr2-p32-c4096",
    "group": "pr-workload",
    "state": "Device=0 min_width=0 max_width=64 num_rows=32768 workload=variable",
    "stable": "False",
    "descending": "False",
    "rounds": 3,
    "ratio": 1.7426600694995278,
    "ratio_ci_low": 1.7219016675429049,
    "ratio_ci_high": 1.7943669776452207,
    "accepted": false,
    "axes": "{\"max_width\": \"64\", \"min_width\": \"0\", \"num_rows\": \"32768\", \"workload\": \"variable\"}"
  },
  {
    "config": "pr2-p32-c4096",
    "group": "pr-workload",
    "state": "Device=0 min_width=0 max_width=128 num_rows=32768 workload=variable",
    "stable": "False",
    "descending": "False",
    "rounds": 3,
    "ratio": 1.9951644304886393,
    "ratio_ci_low": 1.9570142528468495,
    "ratio_ci_high": 2.0585556796822075,
    "accepted": false,
    "axes": "{\"max_width\": \"128\", \"min_width\": \"0\", \"num_rows\": \"32768\", \"workload\": \"variable\"}"
  },
  {
    "config": "pr2-p32-c4096",
    "group": "pr-workload",
    "state": "Device=0 min_width=0 max_width=256 num_rows=32768 workload=variable",
    "stable": "False",
    "descending": "False",
    "rounds": 3,
    "ratio": 2.120939163588607,
    "ratio_ci_low": 2.033041325075435,
    "ratio_ci_high": 2.284894756658043,
    "accepted": false,
    "axes": "{\"max_width\": \"256\", \"min_width\": \"0\", \"num_rows\": \"32768\", \"workload\": \"variable\"}"
  },
  {
    "config": "pr2-p32-c4096",
    "group": "pr-workload",
    "state": "Device=0 min_width=0 max_width=32 num_rows=262144 workload=variable",
    "stable": "False",
    "descending": "False",
    "rounds": 3,
    "ratio": 1.3241001126724223,
    "ratio_ci_low": 1.2332651399976822,
    "ratio_ci_high": 1.4413455927445977,
    "accepted": false,
    "axes": "{\"max_width\": \"32\", \"min_width\": \"0\", \"num_rows\": \"262144\", \"workload\": \"variable\"}"
  },
  {
    "config": "pr2-p32-c4096",
    "group": "pr-workload",
    "state": "Device=0 min_width=0 max_width=64 num_rows=262144 workload=variable",
    "stable": "False",
    "descending": "False",
    "rounds": 3,
    "ratio": 1.3665652837547249,
    "ratio_ci_low": 1.3348387425634616,
    "ratio_ci_high": 1.42770168694407,
    "accepted": false,
    "axes": "{\"max_width\": \"64\", \"min_width\": \"0\", \"num_rows\": \"262144\", \"workload\": \"variable\"}"
  },
  {
    "config": "pr2-p32-c4096",
    "group": "pr-workload",
    "state": "Device=0 min_width=0 max_width=128 num_rows=262144 workload=variable",
    "stable": "False",
    "descending": "False",
    "rounds": 3,
    "ratio": 1.4165990243573636,
    "ratio_ci_low": 1.3493926172706456,
    "ratio_ci_high": 1.5382603223933873,
    "accepted": false,
    "axes": "{\"max_width\": \"128\", \"min_width\": \"0\", \"num_rows\": \"262144\", \"workload\": \"variable\"}"
  },
  {
    "config": "pr2-p32-c4096",
    "group": "pr-workload",
    "state": "Device=0 min_width=0 max_width=256 num_rows=262144 workload=variable",
    "stable": "False",
    "descending": "False",
    "rounds": 3,
    "ratio": 1.7128540697987662,
    "ratio_ci_low": 1.6743840913459926,
    "ratio_ci_high": 1.7700390123579661,
    "accepted": false,
    "axes": "{\"max_width\": \"256\", \"min_width\": \"0\", \"num_rows\": \"262144\", \"workload\": \"variable\"}"
  },
  {
    "config": "pr2-p32-c4096",
    "group": "pr-workload",
    "state": "Device=0 min_width=0 max_width=32 num_rows=2097152 workload=variable",
    "stable": "False",
    "descending": "False",
    "rounds": 3,
    "ratio": 1.609646187478987,
    "ratio_ci_low": 1.5857747542225833,
    "ratio_ci_high": 1.6585851060887233,
    "accepted": false,
    "axes": "{\"max_width\": \"32\", \"min_width\": \"0\", \"num_rows\": \"2097152\", \"workload\": \"variable\"}"
  },
  {
    "config": "pr2-p32-c4096",
    "group": "pr-workload",
    "state": "Device=0 min_width=0 max_width=64 num_rows=2097152 workload=variable",
    "stable": "False",
    "descending": "False",
    "rounds": 3,
    "ratio": 1.5721003775751479,
    "ratio_ci_low": 1.5459530205943117,
    "ratio_ci_high": 1.6117714950928712,
    "accepted": false,
    "axes": "{\"max_width\": \"64\", \"min_width\": \"0\", \"num_rows\": \"2097152\", \"workload\": \"variable\"}"
  },
  {
    "config": "pr2-p32-c4096",
    "group": "pr-workload",
    "state": "Device=0 min_width=0 max_width=128 num_rows=2097152 workload=variable",
    "stable": "False",
    "descending": "False",
    "rounds": 3,
    "ratio": 1.5143053517304694,
    "ratio_ci_low": 1.4860972602639497,
    "ratio_ci_high": 1.5599940686128482,
    "accepted": false,
    "axes": "{\"max_width\": \"128\", \"min_width\": \"0\", \"num_rows\": \"2097152\", \"workload\": \"variable\"}"
  },
  {
    "config": "pr2-p32-c4096",
    "group": "pr-workload",
    "state": "Device=0 min_width=0 max_width=256 num_rows=2097152 workload=variable",
    "stable": "False",
    "descending": "False",
    "rounds": 3,
    "ratio": 1.4707368794413331,
    "ratio_ci_low": 1.4562815272088458,
    "ratio_ci_high": 1.498958764991968,
    "accepted": false,
    "axes": "{\"max_width\": \"256\", \"min_width\": \"0\", \"num_rows\": \"2097152\", \"workload\": \"variable\"}"
  },
  {
    "config": "pr2-p32-c4096",
    "group": "pr-zero-collisions",
    "state": "Device=0 num_rows=32768 profile=zero_collision_pass1",
    "stable": "False",
    "descending": "False",
    "rounds": 3,
    "ratio": 3.360028971918638,
    "ratio_ci_low": 3.201553810888794,
    "ratio_ci_high": 3.5710130007017837,
    "accepted": false,
    "axes": "{\"num_rows\": \"32768\", \"profile\": \"zero_collision_pass1\"}"
  },
  {
    "config": "pr2-p32-c4096",
    "group": "pr-zero-collisions",
    "state": "Device=0 num_rows=32768 profile=zero_collision_pass2",
    "stable": "False",
    "descending": "False",
    "rounds": 3,
    "ratio": 3.402136475691964,
    "ratio_ci_low": 3.277068046612211,
    "ratio_ci_high": 3.529819798599477,
    "accepted": false,
    "axes": "{\"num_rows\": \"32768\", \"profile\": \"zero_collision_pass2\"}"
  },
  {
    "config": "pr2-p32-c4096",
    "group": "end-to-end",
    "state": "Device=0 min_width=0 max_width=32 num_rows=262144 workload=duplicates",
    "stable": "False",
    "descending": "False",
    "rounds": 3,
    "ratio": 1.6067934342048105,
    "ratio_ci_low": 1.5851463922637772,
    "ratio_ci_high": 1.619302331894236,
    "accepted": false,
    "axes": "{\"max_width\": \"32\", \"min_width\": \"0\", \"num_rows\": \"262144\", \"workload\": \"duplicates\"}"
  },
  {
    "config": "pr2-p32-c4096",
    "group": "end-to-end",
    "state": "Device=0 min_width=0 max_width=256 num_rows=262144 workload=duplicates",
    "stable": "False",
    "descending": "False",
    "rounds": 3,
    "ratio": 2.594942350779504,
    "ratio_ci_low": 2.536905738061194,
    "ratio_ci_high": 2.6295176478094984,
    "accepted": false,
    "axes": "{\"max_width\": \"256\", \"min_width\": \"0\", \"num_rows\": \"262144\", \"workload\": \"duplicates\"}"
  },
  {
    "config": "pr2-p32-c4096",
    "group": "end-to-end",
    "state": "Device=0 min_width=0 max_width=256 num_rows=2097152 workload=duplicates",
    "stable": "False",
    "descending": "False",
    "rounds": 3,
    "ratio": 1.3823713026633113,
    "ratio_ci_low": 1.369798764807176,
    "ratio_ci_high": 1.3950618563290627,
    "accepted": false,
    "axes": "{\"max_width\": \"256\", \"min_width\": \"0\", \"num_rows\": \"2097152\", \"workload\": \"duplicates\"}"
  },
  {
    "config": "pr2-p32-c4096",
    "group": "end-to-end",
    "state": "Device=0 min_width=0 max_width=32 num_rows=262144 workload=shared_prefix",
    "stable": "False",
    "descending": "False",
    "rounds": 3,
    "ratio": 8.089920968020037,
    "ratio_ci_low": 8.058323928687935,
    "ratio_ci_high": 8.175173324139056,
    "accepted": false,
    "axes": "{\"max_width\": \"32\", \"min_width\": \"0\", \"num_rows\": \"262144\", \"workload\": \"shared_prefix\"}"
  },
  {
    "config": "pr2-p32-c4096",
    "group": "end-to-end",
    "state": "Device=0 min_width=0 max_width=256 num_rows=262144 workload=shared_prefix",
    "stable": "False",
    "descending": "False",
    "rounds": 3,
    "ratio": 6.158544480646114,
    "ratio_ci_low": 6.122807260757011,
    "ratio_ci_high": 6.218635685702332,
    "accepted": false,
    "axes": "{\"max_width\": \"256\", \"min_width\": \"0\", \"num_rows\": \"262144\", \"workload\": \"shared_prefix\"}"
  },
  {
    "config": "pr2-p32-c4096",
    "group": "end-to-end",
    "state": "Device=0 min_width=0 max_width=32 num_rows=2097152 workload=shared_prefix",
    "stable": "False",
    "descending": "False",
    "rounds": 3,
    "ratio": 11.025300607520343,
    "ratio_ci_low": 10.9396685514613,
    "ratio_ci_high": 11.12641691842369,
    "accepted": false,
    "axes": "{\"max_width\": \"32\", \"min_width\": \"0\", \"num_rows\": \"2097152\", \"workload\": \"shared_prefix\"}"
  },
  {
    "config": "pr2-p32-c4096",
    "group": "end-to-end",
    "state": "Device=0 min_width=0 max_width=256 num_rows=2097152 workload=shared_prefix",
    "stable": "False",
    "descending": "False",
    "rounds": 3,
    "ratio": 10.456479257205672,
    "ratio_ci_low": 10.400616930273857,
    "ratio_ci_high": 10.533466773935277,
    "accepted": false,
    "axes": "{\"max_width\": \"256\", \"min_width\": \"0\", \"num_rows\": \"2097152\", \"workload\": \"shared_prefix\"}"
  },
  {
    "config": "pr2-p32-c4096",
    "group": "end-to-end",
    "state": "Device=0 min_width=0 max_width=32 num_rows=262144 workload=variable",
    "stable": "False",
    "descending": "False",
    "rounds": 3,
    "ratio": 1.2472220759958943,
    "ratio_ci_low": 1.2217573790861622,
    "ratio_ci_high": 1.2569455996449617,
    "accepted": false,
    "axes": "{\"max_width\": \"32\", \"min_width\": \"0\", \"num_rows\": \"262144\", \"workload\": \"variable\"}"
  },
  {
    "config": "pr2-p32-c4096",
    "group": "end-to-end",
    "state": "Device=0 min_width=0 max_width=256 num_rows=262144 workload=variable",
    "stable": "False",
    "descending": "False",
    "rounds": 3,
    "ratio": 1.471562496213021,
    "ratio_ci_low": 1.437475273239377,
    "ratio_ci_high": 1.5011806002675634,
    "accepted": false,
    "axes": "{\"max_width\": \"256\", \"min_width\": \"0\", \"num_rows\": \"262144\", \"workload\": \"variable\"}"
  },
  {
    "config": "pr2-p32-c4096",
    "group": "end-to-end",
    "state": "Device=0 min_width=0 max_width=32 num_rows=2097152 workload=variable",
    "stable": "False",
    "descending": "False",
    "rounds": 3,
    "ratio": 1.365079746559629,
    "ratio_ci_low": 1.337829946141963,
    "ratio_ci_high": 1.3766872028571797,
    "accepted": false,
    "axes": "{\"max_width\": \"32\", \"min_width\": \"0\", \"num_rows\": \"2097152\", \"workload\": \"variable\"}"
  },
  {
    "config": "pr2-p32-c4096",
    "group": "end-to-end",
    "state": "Device=0 min_width=0 max_width=256 num_rows=2097152 workload=variable",
    "stable": "False",
    "descending": "False",
    "rounds": 3,
    "ratio": 1.2247608793899811,
    "ratio_ci_low": 1.2177122530997952,
    "ratio_ci_high": 1.2342934616863905,
    "accepted": false,
    "axes": "{\"max_width\": \"256\", \"min_width\": \"0\", \"num_rows\": \"2097152\", \"workload\": \"variable\"}"
  },
  {
    "config": "pr2-p32-c4096",
    "group": "main",
    "state": "Device=0 min_width=1 max_width=8 num_rows=32768",
    "stable": "False",
    "descending": "False",
    "rounds": 3,
    "ratio": 1.4291497652837666,
    "ratio_ci_low": 1.386693892743337,
    "ratio_ci_high": 1.453262284265129,
    "accepted": false,
    "axes": "{\"max_width\": \"8\", \"min_width\": \"1\", \"num_rows\": \"32768\"}"
  },
  {
    "config": "pr2-p32-c4096",
    "group": "main",
    "state": "Device=0 min_width=1 max_width=32 num_rows=32768",
    "stable": "False",
    "descending": "False",
    "rounds": 3,
    "ratio": 1.654231476660068,
    "ratio_ci_low": 1.6268604039292023,
    "ratio_ci_high": 1.6986207064745296,
    "accepted": false,
    "axes": "{\"max_width\": \"32\", \"min_width\": \"1\", \"num_rows\": \"32768\"}"
  },
  {
    "config": "pr2-p32-c4096",
    "group": "main",
    "state": "Device=0 min_width=1 max_width=64 num_rows=32768",
    "stable": "False",
    "descending": "False",
    "rounds": 3,
    "ratio": 1.6784163928763112,
    "ratio_ci_low": 1.6231194392869412,
    "ratio_ci_high": 1.7256815150901774,
    "accepted": false,
    "axes": "{\"max_width\": \"64\", \"min_width\": \"1\", \"num_rows\": \"32768\"}"
  },
  {
    "config": "pr2-p32-c4096",
    "group": "main",
    "state": "Device=0 min_width=1 max_width=128 num_rows=32768",
    "stable": "False",
    "descending": "False",
    "rounds": 3,
    "ratio": 1.5766407558434523,
    "ratio_ci_low": 1.5169048108446817,
    "ratio_ci_high": 1.6144361571850847,
    "accepted": false,
    "axes": "{\"max_width\": \"128\", \"min_width\": \"1\", \"num_rows\": \"32768\"}"
  },
  {
    "config": "pr2-p32-c4096",
    "group": "main",
    "state": "Device=0 min_width=1 max_width=256 num_rows=32768",
    "stable": "False",
    "descending": "False",
    "rounds": 3,
    "ratio": 1.542598770223175,
    "ratio_ci_low": 1.4961126034227514,
    "ratio_ci_high": 1.5987826925218653,
    "accepted": false,
    "axes": "{\"max_width\": \"256\", \"min_width\": \"1\", \"num_rows\": \"32768\"}"
  },
  {
    "config": "pr2-p32-c4096",
    "group": "main",
    "state": "Device=0 min_width=1 max_width=8 num_rows=262144",
    "stable": "False",
    "descending": "False",
    "rounds": 3,
    "ratio": 1.051015541439951,
    "ratio_ci_low": 1.0362411428251548,
    "ratio_ci_high": 1.070831266494741,
    "accepted": false,
    "axes": "{\"max_width\": \"8\", \"min_width\": \"1\", \"num_rows\": \"262144\"}"
  },
  {
    "config": "pr2-p32-c4096",
    "group": "main",
    "state": "Device=0 num_rows=262144 profile=cardinality_64_width_128",
    "stable": "False",
    "descending": "False",
    "rounds": 3,
    "ratio": 2.4928763471046422,
    "ratio_ci_low": 2.4644537806591247,
    "ratio_ci_high": 2.5250871383540763,
    "accepted": false,
    "axes": "{\"num_rows\": \"262144\", \"profile\": \"cardinality_64_width_128\"}"
  },
  {
    "config": "pr2-p32-c4096",
    "group": "main",
    "state": "Device=0 num_rows=2097152 profile=cardinality_64_width_128",
    "stable": "False",
    "descending": "False",
    "rounds": 3,
    "ratio": 1.1432897709781829,
    "ratio_ci_low": 1.125540445536242,
    "ratio_ci_high": 1.1577383386027618,
    "accepted": false,
    "axes": "{\"num_rows\": \"2097152\", \"profile\": \"cardinality_64_width_128\"}"
  },
  {
    "config": "pr2-p32-c4096",
    "group": "main",
    "state": "Device=0 num_rows=262144 profile=shared_prefix_64",
    "stable": "False",
    "descending": "False",
    "rounds": 3,
    "ratio": 9.294283072644625,
    "ratio_ci_low": 9.167782379013083,
    "ratio_ci_high": 9.441560546380494,
    "accepted": false,
    "axes": "{\"num_rows\": \"262144\", \"profile\": \"shared_prefix_64\"}"
  },
  {
    "config": "pr2-p32-c4096",
    "group": "main",
    "state": "Device=0 num_rows=2097152 profile=shared_prefix_64",
    "stable": "False",
    "descending": "False",
    "rounds": 3,
    "ratio": 11.075866838332013,
    "ratio_ci_low": 11.019618104472,
    "ratio_ci_high": 11.162220566447052,
    "accepted": false,
    "axes": "{\"num_rows\": \"2097152\", \"profile\": \"shared_prefix_64\"}"
  },
  {
    "config": "pr2-p32-c4096",
    "group": "main",
    "state": "Device=0 num_rows=262144 profile=variable_128",
    "stable": "False",
    "descending": "False",
    "rounds": 3,
    "ratio": 1.4433118576614752,
    "ratio_ci_low": 1.3952695046484358,
    "ratio_ci_high": 1.463434193602651,
    "accepted": false,
    "axes": "{\"num_rows\": \"262144\", \"profile\": \"variable_128\"}"
  },
  {
    "config": "pr2-p32-c4096",
    "group": "main",
    "state": "Device=0 num_rows=2097152 profile=variable_128",
    "stable": "False",
    "descending": "False",
    "rounds": 3,
    "ratio": 1.5260829457877862,
    "ratio_ci_low": 1.5141801467536438,
    "ratio_ci_high": 1.5370982347896345,
    "accepted": false,
    "axes": "{\"num_rows\": \"2097152\", \"profile\": \"variable_128\"}"
  },
  {
    "config": "pr2-p32-c4096",
    "group": "main",
    "state": "Device=0 num_rows=262144 profile=fixed_8 null_percent=0",
    "stable": "False",
    "descending": "False",
    "rounds": 3,
    "ratio": 1.6083407948987858,
    "ratio_ci_low": 1.556000727888472,
    "ratio_ci_high": 1.670788756439751,
    "accepted": false,
    "axes": "{\"null_percent\": \"0\", \"num_rows\": \"262144\", \"profile\": \"fixed_8\"}"
  },
  {
    "config": "pr2-p32-c4096",
    "group": "main",
    "state": "Device=0 num_rows=2097152 profile=fixed_8 null_percent=0",
    "stable": "False",
    "descending": "False",
    "rounds": 3,
    "ratio": 2.1839241201231374,
    "ratio_ci_low": 2.148465405529358,
    "ratio_ci_high": 2.220477976756288,
    "accepted": false,
    "axes": "{\"null_percent\": \"0\", \"num_rows\": \"2097152\", \"profile\": \"fixed_8\"}"
  },
  {
    "config": "pr2-p32-c4096",
    "group": "main",
    "state": "Device=0 num_rows=262144 profile=variable_128 null_percent=0",
    "stable": "False",
    "descending": "False",
    "rounds": 3,
    "ratio": 1.4643204758030255,
    "ratio_ci_low": 1.3944283978012955,
    "ratio_ci_high": 1.4990044858955873,
    "accepted": false,
    "axes": "{\"null_percent\": \"0\", \"num_rows\": \"262144\", \"profile\": \"variable_128\"}"
  },
  {
    "config": "pr2-p32-c4096",
    "group": "main",
    "state": "Device=0 num_rows=2097152 profile=variable_128 null_percent=0",
    "stable": "False",
    "descending": "False",
    "rounds": 3,
    "ratio": 1.5240252944603532,
    "ratio_ci_low": 1.502271931456077,
    "ratio_ci_high": 1.5369316944897025,
    "accepted": false,
    "axes": "{\"null_percent\": \"0\", \"num_rows\": \"2097152\", \"profile\": \"variable_128\"}"
  },
  {
    "config": "pr2-p32-c4096",
    "group": "main",
    "state": "Device=0 num_rows=262144 profile=fixed_8 null_percent=50",
    "stable": "False",
    "descending": "False",
    "rounds": 3,
    "ratio": 1.7717470640188293,
    "ratio_ci_low": 1.7251348115654035,
    "ratio_ci_high": 1.8127173012776912,
    "accepted": false,
    "axes": "{\"null_percent\": \"50\", \"num_rows\": \"262144\", \"profile\": \"fixed_8\"}"
  },
  {
    "config": "pr2-p32-c4096",
    "group": "main",
    "state": "Device=0 num_rows=2097152 profile=fixed_8 null_percent=50",
    "stable": "False",
    "descending": "False",
    "rounds": 3,
    "ratio": 1.2415461031790527,
    "ratio_ci_low": 1.228525545965116,
    "ratio_ci_high": 1.2494936890238697,
    "accepted": false,
    "axes": "{\"null_percent\": \"50\", \"num_rows\": \"2097152\", \"profile\": \"fixed_8\"}"
  },
  {
    "config": "pr2-p32-c4096",
    "group": "main",
    "state": "Device=0 num_rows=262144 profile=variable_128 null_percent=50",
    "stable": "False",
    "descending": "False",
    "rounds": 3,
    "ratio": 1.5292126703648952,
    "ratio_ci_low": 1.4863350287905117,
    "ratio_ci_high": 1.5635704994571873,
    "accepted": false,
    "axes": "{\"null_percent\": \"50\", \"num_rows\": \"262144\", \"profile\": \"variable_128\"}"
  },
  {
    "config": "pr2-p32-c4096",
    "group": "segments",
    "state": "Device=0 num_rows=32768 shared_suffix=0 segment_profile=singletons",
    "stable": "False",
    "descending": "False",
    "rounds": 3,
    "ratio": 1.3748585949592214,
    "ratio_ci_low": 1.2971681261873382,
    "ratio_ci_high": 1.4365962451232492,
    "accepted": false,
    "axes": "{\"num_rows\": \"32768\", \"segment_profile\": \"singletons\", \"shared_suffix\": \"0\"}"
  },
  {
    "config": "pr2-p32-c4096",
    "group": "segments",
    "state": "Device=0 num_rows=32768 shared_suffix=64 segment_profile=singletons",
    "stable": "False",
    "descending": "False",
    "rounds": 3,
    "ratio": 1.612153815136006,
    "ratio_ci_low": 1.5516085887306577,
    "ratio_ci_high": 1.6596489355122206,
    "accepted": false,
    "axes": "{\"num_rows\": \"32768\", \"segment_profile\": \"singletons\", \"shared_suffix\": \"64\"}"
  },
  {
    "config": "pr2-p32-c4096",
    "group": "segments",
    "state": "Device=0 num_rows=2097152 shared_suffix=64 segment_profile=singletons",
    "stable": "False",
    "descending": "False",
    "rounds": 3,
    "ratio": 1.2338312488686214,
    "ratio_ci_low": 1.1920187291554474,
    "ratio_ci_high": 1.2667645564102334,
    "accepted": false,
    "axes": "{\"num_rows\": \"2097152\", \"segment_profile\": \"singletons\", \"shared_suffix\": \"64\"}"
  },
  {
    "config": "pr2-p32-c4096",
    "group": "segments",
    "state": "Device=0 num_rows=32768 shared_suffix=0 segment_profile=pairs",
    "stable": "False",
    "descending": "False",
    "rounds": 3,
    "ratio": 3.431382005545689,
    "ratio_ci_low": 3.160458020646553,
    "ratio_ci_high": 3.6251355455364593,
    "accepted": false,
    "axes": "{\"num_rows\": \"32768\", \"segment_profile\": \"pairs\", \"shared_suffix\": \"0\"}"
  },
  {
    "config": "pr2-p32-c4096",
    "group": "segments",
    "state": "Device=0 num_rows=2097152 shared_suffix=0 segment_profile=pairs",
    "stable": "False",
    "descending": "False",
    "rounds": 3,
    "ratio": 21.183191287590255,
    "ratio_ci_low": 20.81991498447759,
    "ratio_ci_high": 21.604323579620388,
    "accepted": false,
    "axes": "{\"num_rows\": \"2097152\", \"segment_profile\": \"pairs\", \"shared_suffix\": \"0\"}"
  },
  {
    "config": "pr2-p32-c4096",
    "group": "segments",
    "state": "Device=0 num_rows=32768 shared_suffix=64 segment_profile=pairs",
    "stable": "False",
    "descending": "False",
    "rounds": 3,
    "ratio": 4.492764729607693,
    "ratio_ci_low": 4.195949373052867,
    "ratio_ci_high": 4.767373610933132,
    "accepted": false,
    "axes": "{\"num_rows\": \"32768\", \"segment_profile\": \"pairs\", \"shared_suffix\": \"64\"}"
  },
  {
    "config": "pr2-p32-c4096",
    "group": "segments",
    "state": "Device=0 num_rows=2097152 shared_suffix=64 segment_profile=pairs",
    "stable": "False",
    "descending": "False",
    "rounds": 3,
    "ratio": 30.42731517955305,
    "ratio_ci_low": 29.710429921923115,
    "ratio_ci_high": 31.201710793023764,
    "accepted": false,
    "axes": "{\"num_rows\": \"2097152\", \"segment_profile\": \"pairs\", \"shared_suffix\": \"64\"}"
  },
  {
    "config": "pr2-p32-c4096",
    "group": "segments",
    "state": "Device=0 num_rows=32768 shared_suffix=0 segment_profile=tiny4",
    "stable": "False",
    "descending": "False",
    "rounds": 3,
    "ratio": 3.035368056168214,
    "ratio_ci_low": 2.8074141872138174,
    "ratio_ci_high": 3.2044641620308956,
    "accepted": false,
    "axes": "{\"num_rows\": \"32768\", \"segment_profile\": \"tiny4\", \"shared_suffix\": \"0\"}"
  },
  {
    "config": "pr2-p32-c4096",
    "group": "segments",
    "state": "Device=0 num_rows=2097152 shared_suffix=0 segment_profile=tiny4",
    "stable": "False",
    "descending": "False",
    "rounds": 3,
    "ratio": 15.282211725538325,
    "ratio_ci_low": 14.938030401948962,
    "ratio_ci_high": 15.640204310692955,
    "accepted": false,
    "axes": "{\"num_rows\": \"2097152\", \"segment_profile\": \"tiny4\", \"shared_suffix\": \"0\"}"
  },
  {
    "config": "pr2-p32-c4096",
    "group": "segments",
    "state": "Device=0 num_rows=32768 shared_suffix=64 segment_profile=tiny4",
    "stable": "False",
    "descending": "False",
    "rounds": 3,
    "ratio": 4.339663103633084,
    "ratio_ci_low": 4.143067752875379,
    "ratio_ci_high": 4.4739507592075745,
    "accepted": false,
    "axes": "{\"num_rows\": \"32768\", \"segment_profile\": \"tiny4\", \"shared_suffix\": \"64\"}"
  },
  {
    "config": "pr2-p32-c4096",
    "group": "segments",
    "state": "Device=0 num_rows=2097152 shared_suffix=64 segment_profile=tiny4",
    "stable": "False",
    "descending": "False",
    "rounds": 3,
    "ratio": 25.97227935518199,
    "ratio_ci_low": 25.457021066931908,
    "ratio_ci_high": 26.432705400228766,
    "accepted": false,
    "axes": "{\"num_rows\": \"2097152\", \"segment_profile\": \"tiny4\", \"shared_suffix\": \"64\"}"
  },
  {
    "config": "pr2-p32-c4096",
    "group": "segments",
    "state": "Device=0 num_rows=32768 shared_suffix=0 segment_profile=tiny8",
    "stable": "False",
    "descending": "False",
    "rounds": 3,
    "ratio": 2.2911866615413445,
    "ratio_ci_low": 2.195600707749522,
    "ratio_ci_high": 2.3629842203140874,
    "accepted": false,
    "axes": "{\"num_rows\": \"32768\", \"segment_profile\": \"tiny8\", \"shared_suffix\": \"0\"}"
  },
  {
    "config": "pr2-p32-c4096",
    "group": "segments",
    "state": "Device=0 num_rows=2097152 shared_suffix=0 segment_profile=tiny8",
    "stable": "False",
    "descending": "False",
    "rounds": 3,
    "ratio": 9.983699198081915,
    "ratio_ci_low": 9.741671473933128,
    "ratio_ci_high": 10.182113024674068,
    "accepted": false,
    "axes": "{\"num_rows\": \"2097152\", \"segment_profile\": \"tiny8\", \"shared_suffix\": \"0\"}"
  },
  {
    "config": "pr2-p32-c4096",
    "group": "segments",
    "state": "Device=0 num_rows=32768 shared_suffix=64 segment_profile=tiny8",
    "stable": "False",
    "descending": "False",
    "rounds": 3,
    "ratio": 3.508928310435768,
    "ratio_ci_low": 3.2198239459398486,
    "ratio_ci_high": 3.762682945434296,
    "accepted": false,
    "axes": "{\"num_rows\": \"32768\", \"segment_profile\": \"tiny8\", \"shared_suffix\": \"64\"}"
  },
  {
    "config": "pr2-p32-c4096",
    "group": "segments",
    "state": "Device=0 num_rows=2097152 shared_suffix=64 segment_profile=tiny8",
    "stable": "False",
    "descending": "False",
    "rounds": 3,
    "ratio": 18.278905560705454,
    "ratio_ci_low": 17.912691569003357,
    "ratio_ci_high": 18.62686457833683,
    "accepted": false,
    "axes": "{\"num_rows\": \"2097152\", \"segment_profile\": \"tiny8\", \"shared_suffix\": \"64\"}"
  },
  {
    "config": "pr2-p32-c4096",
    "group": "segments",
    "state": "Device=0 num_rows=32768 shared_suffix=0 segment_profile=tiny16",
    "stable": "False",
    "descending": "False",
    "rounds": 3,
    "ratio": 2.105357330008068,
    "ratio_ci_low": 2.015768529506399,
    "ratio_ci_high": 2.1659987357134853,
    "accepted": false,
    "axes": "{\"num_rows\": \"32768\", \"segment_profile\": \"tiny16\", \"shared_suffix\": \"0\"}"
  },
  {
    "config": "pr2-p32-c4096",
    "group": "segments",
    "state": "Device=0 num_rows=2097152 shared_suffix=0 segment_profile=tiny16",
    "stable": "False",
    "descending": "False",
    "rounds": 3,
    "ratio": 6.676197528524758,
    "ratio_ci_low": 6.495912661708485,
    "ratio_ci_high": 6.806858553475179,
    "accepted": false,
    "axes": "{\"num_rows\": \"2097152\", \"segment_profile\": \"tiny16\", \"shared_suffix\": \"0\"}"
  },
  {
    "config": "pr2-p32-c4096",
    "group": "segments",
    "state": "Device=0 num_rows=32768 shared_suffix=64 segment_profile=tiny16",
    "stable": "False",
    "descending": "False",
    "rounds": 3,
    "ratio": 3.103152206832462,
    "ratio_ci_low": 3.051263774844063,
    "ratio_ci_high": 3.1870737013638646,
    "accepted": false,
    "axes": "{\"num_rows\": \"32768\", \"segment_profile\": \"tiny16\", \"shared_suffix\": \"64\"}"
  },
  {
    "config": "pr2-p32-c4096",
    "group": "segments",
    "state": "Device=0 num_rows=2097152 shared_suffix=64 segment_profile=tiny16",
    "stable": "False",
    "descending": "False",
    "rounds": 3,
    "ratio": 12.849077934806624,
    "ratio_ci_low": 12.582532374863753,
    "ratio_ci_high": 13.06850991938666,
    "accepted": false,
    "axes": "{\"num_rows\": \"2097152\", \"segment_profile\": \"tiny16\", \"shared_suffix\": \"64\"}"
  },
  {
    "config": "pr2-p32-c4096",
    "group": "segments",
    "state": "Device=0 num_rows=32768 shared_suffix=0 segment_profile=tiny32",
    "stable": "False",
    "descending": "False",
    "rounds": 3,
    "ratio": 2.0571769290147404,
    "ratio_ci_low": 2.0091391530573,
    "ratio_ci_high": 2.0942765867623776,
    "accepted": false,
    "axes": "{\"num_rows\": \"32768\", \"segment_profile\": \"tiny32\", \"shared_suffix\": \"0\"}"
  },
  {
    "config": "pr2-p32-c4096",
    "group": "segments",
    "state": "Device=0 num_rows=2097152 shared_suffix=0 segment_profile=tiny32",
    "stable": "False",
    "descending": "False",
    "rounds": 3,
    "ratio": 4.530311040184444,
    "ratio_ci_low": 3.700146101016089,
    "ratio_ci_high": 5.137478238458724,
    "accepted": false,
    "axes": "{\"num_rows\": \"2097152\", \"segment_profile\": \"tiny32\", \"shared_suffix\": \"0\"}"
  },
  {
    "config": "pr2-p32-c4096",
    "group": "segments",
    "state": "Device=0 num_rows=32768 shared_suffix=64 segment_profile=tiny32",
    "stable": "False",
    "descending": "False",
    "rounds": 3,
    "ratio": 2.736094695279974,
    "ratio_ci_low": 2.6692298288436787,
    "ratio_ci_high": 2.7879564646732704,
    "accepted": false,
    "axes": "{\"num_rows\": \"32768\", \"segment_profile\": \"tiny32\", \"shared_suffix\": \"64\"}"
  },
  {
    "config": "pr2-p32-c4096",
    "group": "segments",
    "state": "Device=0 num_rows=2097152 shared_suffix=64 segment_profile=tiny32",
    "stable": "False",
    "descending": "False",
    "rounds": 3,
    "ratio": 8.360494049644256,
    "ratio_ci_low": 8.201958439226226,
    "ratio_ci_high": 8.502527150444742,
    "accepted": false,
    "axes": "{\"num_rows\": \"2097152\", \"segment_profile\": \"tiny32\", \"shared_suffix\": \"64\"}"
  },
  {
    "config": "pr2-p32-c4096",
    "group": "segments",
    "state": "Device=0 num_rows=32768 shared_suffix=0 segment_profile=block256",
    "stable": "False",
    "descending": "False",
    "rounds": 3,
    "ratio": 2.1219902336594947,
    "ratio_ci_low": 1.9780384522973355,
    "ratio_ci_high": 2.2219282636610203,
    "accepted": false,
    "axes": "{\"num_rows\": \"32768\", \"segment_profile\": \"block256\", \"shared_suffix\": \"0\"}"
  },
  {
    "config": "pr2-p32-c4096",
    "group": "segments",
    "state": "Device=0 num_rows=2097152 shared_suffix=0 segment_profile=block256",
    "stable": "False",
    "descending": "False",
    "rounds": 3,
    "ratio": 1.6424979625202567,
    "ratio_ci_low": 1.612944871305002,
    "ratio_ci_high": 1.6700492472938853,
    "accepted": false,
    "axes": "{\"num_rows\": \"2097152\", \"segment_profile\": \"block256\", \"shared_suffix\": \"0\"}"
  },
  {
    "config": "pr2-p32-c4096",
    "group": "segments",
    "state": "Device=0 num_rows=32768 shared_suffix=64 segment_profile=block256",
    "stable": "False",
    "descending": "False",
    "rounds": 3,
    "ratio": 2.8246508124436467,
    "ratio_ci_low": 2.749473410569781,
    "ratio_ci_high": 2.8999822951449206,
    "accepted": false,
    "axes": "{\"num_rows\": \"32768\", \"segment_profile\": \"block256\", \"shared_suffix\": \"64\"}"
  },
  {
    "config": "pr2-p32-c4096",
    "group": "segments",
    "state": "Device=0 num_rows=2097152 shared_suffix=64 segment_profile=block256",
    "stable": "False",
    "descending": "False",
    "rounds": 3,
    "ratio": 3.3591877486419337,
    "ratio_ci_low": 3.2927817501347163,
    "ratio_ci_high": 3.4140216417531635,
    "accepted": false,
    "axes": "{\"num_rows\": \"2097152\", \"segment_profile\": \"block256\", \"shared_suffix\": \"64\"}"
  },
  {
    "config": "pr2-p32-c4096",
    "group": "segments",
    "state": "Device=0 num_rows=32768 shared_suffix=0 segment_profile=logarithmic",
    "stable": "False",
    "descending": "False",
    "rounds": 3,
    "ratio": 1.874303972620585,
    "ratio_ci_low": 1.7732442196359675,
    "ratio_ci_high": 1.958401567145452,
    "accepted": false,
    "axes": "{\"num_rows\": \"32768\", \"segment_profile\": \"logarithmic\", \"shared_suffix\": \"0\"}"
  },
  {
    "config": "pr2-p32-c4096",
    "group": "segments",
    "state": "Device=0 num_rows=2097152 shared_suffix=0 segment_profile=logarithmic",
    "stable": "False",
    "descending": "False",
    "rounds": 3,
    "ratio": 2.140947629709132,
    "ratio_ci_low": 2.11527528821025,
    "ratio_ci_high": 2.16472864404698,
    "accepted": false,
    "axes": "{\"num_rows\": \"2097152\", \"segment_profile\": \"logarithmic\", \"shared_suffix\": \"0\"}"
  },
  {
    "config": "pr2-p32-c4096",
    "group": "segments",
    "state": "Device=0 num_rows=32768 shared_suffix=64 segment_profile=logarithmic",
    "stable": "False",
    "descending": "False",
    "rounds": 3,
    "ratio": 2.8183273368165165,
    "ratio_ci_low": 2.713729596895861,
    "ratio_ci_high": 2.907777348504845,
    "accepted": false,
    "axes": "{\"num_rows\": \"32768\", \"segment_profile\": \"logarithmic\", \"shared_suffix\": \"64\"}"
  },
  {
    "config": "pr2-p32-c4096",
    "group": "segments",
    "state": "Device=0 num_rows=2097152 shared_suffix=64 segment_profile=logarithmic",
    "stable": "False",
    "descending": "False",
    "rounds": 3,
    "ratio": 1.5818000197047362,
    "ratio_ci_low": 1.5684468927633715,
    "ratio_ci_high": 1.59593330091925,
    "accepted": false,
    "axes": "{\"num_rows\": \"2097152\", \"segment_profile\": \"logarithmic\", \"shared_suffix\": \"64\"}"
  },
  {
    "config": "pr2-p32-c4096",
    "group": "segments",
    "state": "Device=0 num_rows=32768 shared_suffix=0 segment_profile=tiny_plus_giant",
    "stable": "False",
    "descending": "False",
    "rounds": 3,
    "ratio": 1.4627726957617053,
    "ratio_ci_low": 1.4391978936440146,
    "ratio_ci_high": 1.4905910326016856,
    "accepted": false,
    "axes": "{\"num_rows\": \"32768\", \"segment_profile\": \"tiny_plus_giant\", \"shared_suffix\": \"0\"}"
  },
  {
    "config": "pr2-p32-c4096",
    "group": "segments",
    "state": "Device=0 num_rows=2097152 shared_suffix=0 segment_profile=tiny_plus_giant",
    "stable": "False",
    "descending": "False",
    "rounds": 3,
    "ratio": 4.735700248197176,
    "ratio_ci_low": 4.622856951591635,
    "ratio_ci_high": 4.831671328416775,
    "accepted": false,
    "axes": "{\"num_rows\": \"2097152\", \"segment_profile\": \"tiny_plus_giant\", \"shared_suffix\": \"0\"}"
  },
  {
    "config": "pr2-p32-c4096",
    "group": "segments",
    "state": "Device=0 num_rows=32768 shared_suffix=64 segment_profile=tiny_plus_giant",
    "stable": "False",
    "descending": "False",
    "rounds": 3,
    "ratio": 1.8705561781995852,
    "ratio_ci_low": 1.8354050901137566,
    "ratio_ci_high": 1.9000537516025167,
    "accepted": false,
    "axes": "{\"num_rows\": \"32768\", \"segment_profile\": \"tiny_plus_giant\", \"shared_suffix\": \"64\"}"
  },
  {
    "config": "pr2-p32-c4096",
    "group": "segments",
    "state": "Device=0 num_rows=2097152 shared_suffix=64 segment_profile=tiny_plus_giant",
    "stable": "False",
    "descending": "False",
    "rounds": 3,
    "ratio": 7.76110979615828,
    "ratio_ci_low": 7.595944274235462,
    "ratio_ci_high": 7.89360501394445,
    "accepted": false,
    "axes": "{\"num_rows\": \"2097152\", \"segment_profile\": \"tiny_plus_giant\", \"shared_suffix\": \"64\"}"
  },
  {
    "config": "pr2-p32-c4096",
    "group": "segments",
    "state": "Device=0 num_rows=32768 shared_suffix=0 segment_profile=hot90",
    "stable": "False",
    "descending": "False",
    "rounds": 3,
    "ratio": 2.4461084994335263,
    "ratio_ci_low": 2.3139789104942188,
    "ratio_ci_high": 2.542800687239389,
    "accepted": false,
    "axes": "{\"num_rows\": \"32768\", \"segment_profile\": \"hot90\", \"shared_suffix\": \"0\"}"
  },
  {
    "config": "pr2-p32-c4096",
    "group": "segments",
    "state": "Device=0 num_rows=2097152 shared_suffix=0 segment_profile=hot90",
    "stable": "False",
    "descending": "False",
    "rounds": 3,
    "ratio": 6.03181940436757,
    "ratio_ci_low": 5.948676976649912,
    "ratio_ci_high": 6.098985774079511,
    "accepted": false,
    "axes": "{\"num_rows\": \"2097152\", \"segment_profile\": \"hot90\", \"shared_suffix\": \"0\"}"
  },
  {
    "config": "pr2-p32-c4096",
    "group": "segments",
    "state": "Device=0 num_rows=32768 shared_suffix=64 segment_profile=hot90",
    "stable": "False",
    "descending": "False",
    "rounds": 3,
    "ratio": 3.7097947743671575,
    "ratio_ci_low": 3.601868299453681,
    "ratio_ci_high": 3.8006560289255447,
    "accepted": false,
    "axes": "{\"num_rows\": \"32768\", \"segment_profile\": \"hot90\", \"shared_suffix\": \"64\"}"
  },
  {
    "config": "pr2-p32-c4096",
    "group": "segments",
    "state": "Device=0 num_rows=2097152 shared_suffix=64 segment_profile=hot90",
    "stable": "False",
    "descending": "False",
    "rounds": 3,
    "ratio": 10.408994253085137,
    "ratio_ci_low": 10.321408523106367,
    "ratio_ci_high": 10.480825288329063,
    "accepted": false,
    "axes": "{\"num_rows\": \"2097152\", \"segment_profile\": \"hot90\", \"shared_suffix\": \"64\"}"
  },
  {
    "config": "pr2-p32-c4096",
    "group": "segments",
    "state": "Device=0 num_rows=32768 shared_suffix=0 segment_profile=few_giants",
    "stable": "False",
    "descending": "False",
    "rounds": 3,
    "ratio": 1.6653516105042572,
    "ratio_ci_low": 1.6182207312465877,
    "ratio_ci_high": 1.6968654419034919,
    "accepted": false,
    "axes": "{\"num_rows\": \"32768\", \"segment_profile\": \"few_giants\", \"shared_suffix\": \"0\"}"
  },
  {
    "config": "pr2-p32-c4096",
    "group": "segments",
    "state": "Device=0 num_rows=2097152 shared_suffix=0 segment_profile=few_giants",
    "stable": "False",
    "descending": "False",
    "rounds": 3,
    "ratio": 4.085769305708691,
    "ratio_ci_low": 3.9950602722975272,
    "ratio_ci_high": 4.197155493968914,
    "accepted": false,
    "axes": "{\"num_rows\": \"2097152\", \"segment_profile\": \"few_giants\", \"shared_suffix\": \"0\"}"
  },
  {
    "config": "pr2-p32-c4096",
    "group": "segments",
    "state": "Device=0 num_rows=32768 shared_suffix=64 segment_profile=few_giants",
    "stable": "False",
    "descending": "False",
    "rounds": 3,
    "ratio": 2.2297548961677185,
    "ratio_ci_low": 2.1875097434773605,
    "ratio_ci_high": 2.2676929019036263,
    "accepted": false,
    "axes": "{\"num_rows\": \"32768\", \"segment_profile\": \"few_giants\", \"shared_suffix\": \"64\"}"
  },
  {
    "config": "pr2-p32-c4096",
    "group": "segments",
    "state": "Device=0 num_rows=2097152 shared_suffix=64 segment_profile=few_giants",
    "stable": "False",
    "descending": "False",
    "rounds": 3,
    "ratio": 5.247488927197428,
    "ratio_ci_low": 5.156318672920042,
    "ratio_ci_high": 5.322729385583627,
    "accepted": false,
    "axes": "{\"num_rows\": \"2097152\", \"segment_profile\": \"few_giants\", \"shared_suffix\": \"64\"}"
  },
  {
    "config": "pr2-p32-c4096",
    "group": "segments",
    "state": "Device=0 num_rows=32768 shared_suffix=0 segment_profile=one_segment",
    "stable": "False",
    "descending": "False",
    "rounds": 3,
    "ratio": 2.597345013864421,
    "ratio_ci_low": 2.4888158584365616,
    "ratio_ci_high": 2.6981197968771453,
    "accepted": false,
    "axes": "{\"num_rows\": \"32768\", \"segment_profile\": \"one_segment\", \"shared_suffix\": \"0\"}"
  },
  {
    "config": "pr2-p32-c4096",
    "group": "segments",
    "state": "Device=0 num_rows=2097152 shared_suffix=0 segment_profile=one_segment",
    "stable": "False",
    "descending": "False",
    "rounds": 3,
    "ratio": 6.395523298806899,
    "ratio_ci_low": 6.29773931387953,
    "ratio_ci_high": 6.47094631682955,
    "accepted": false,
    "axes": "{\"num_rows\": \"2097152\", \"segment_profile\": \"one_segment\", \"shared_suffix\": \"0\"}"
  },
  {
    "config": "pr2-p32-c4096",
    "group": "segments",
    "state": "Device=0 num_rows=32768 shared_suffix=64 segment_profile=one_segment",
    "stable": "False",
    "descending": "False",
    "rounds": 3,
    "ratio": 4.033011049215536,
    "ratio_ci_low": 3.979086214089947,
    "ratio_ci_high": 4.077903519243938,
    "accepted": false,
    "axes": "{\"num_rows\": \"32768\", \"segment_profile\": \"one_segment\", \"shared_suffix\": \"64\"}"
  },
  {
    "config": "pr2-p32-c4096",
    "group": "segments",
    "state": "Device=0 num_rows=2097152 shared_suffix=64 segment_profile=one_segment",
    "stable": "False",
    "descending": "False",
    "rounds": 3,
    "ratio": 11.282174834872219,
    "ratio_ci_low": 11.18295365266361,
    "ratio_ci_high": 11.359054665442471,
    "accepted": false,
    "axes": "{\"num_rows\": \"2097152\", \"segment_profile\": \"one_segment\", \"shared_suffix\": \"64\"}"
  },
  {
    "config": "pr2-p32-c4096",
    "group": "pr-source",
    "state": "Device=0 num_rows=262144 profile=unique_32",
    "stable": "False",
    "descending": "False",
    "rounds": 3,
    "ratio": 11.737695689044713,
    "ratio_ci_low": 11.267791370958523,
    "ratio_ci_high": 12.137162806143238,
    "accepted": false,
    "axes": "{\"num_rows\": \"262144\", \"profile\": \"unique_32\"}"
  },
  {
    "config": "pr2-p32-c4096",
    "group": "pr-source",
    "state": "Device=0 num_rows=2097152 profile=unique_32",
    "stable": "False",
    "descending": "False",
    "rounds": 3,
    "ratio": 20.38344665994549,
    "ratio_ci_low": 20.171918562993508,
    "ratio_ci_high": 20.541197293725613,
    "accepted": false,
    "axes": "{\"num_rows\": \"2097152\", \"profile\": \"unique_32\"}"
  },
  {
    "config": "pr2-p32-c4096",
    "group": "pr-source",
    "state": "Device=0 num_rows=262144 profile=duplicates_32",
    "stable": "False",
    "descending": "False",
    "rounds": 3,
    "ratio": 8.148409969259315,
    "ratio_ci_low": 7.811810033108852,
    "ratio_ci_high": 8.374360416336092,
    "accepted": false,
    "axes": "{\"num_rows\": \"262144\", \"profile\": \"duplicates_32\"}"
  },
  {
    "config": "pr2-p32-c4096",
    "group": "pr-source",
    "state": "Device=0 num_rows=2097152 profile=duplicates_32",
    "stable": "False",
    "descending": "False",
    "rounds": 3,
    "ratio": 12.961079299689207,
    "ratio_ci_low": 12.8282759262385,
    "ratio_ci_high": 13.048800339089071,
    "accepted": false,
    "axes": "{\"num_rows\": \"2097152\", \"profile\": \"duplicates_32\"}"
  },
  {
    "config": "pr2-p32-c4096",
    "group": "pr-source",
    "state": "Device=0 num_rows=262144 profile=shared_prefix_24",
    "stable": "False",
    "descending": "False",
    "rounds": 3,
    "ratio": 11.697494924943053,
    "ratio_ci_low": 11.493649033222255,
    "ratio_ci_high": 11.90799531741273,
    "accepted": false,
    "axes": "{\"num_rows\": \"262144\", \"profile\": \"shared_prefix_24\"}"
  },
  {
    "config": "pr2-p32-c4096",
    "group": "pr-source",
    "state": "Device=0 num_rows=2097152 profile=shared_prefix_24",
    "stable": "False",
    "descending": "False",
    "rounds": 3,
    "ratio": 20.398190708663005,
    "ratio_ci_low": 20.188799604981924,
    "ratio_ci_high": 20.571069874687552,
    "accepted": false,
    "axes": "{\"num_rows\": \"2097152\", \"profile\": \"shared_prefix_24\"}"
  },
  {
    "config": "pr2-p32-c4096",
    "group": "pr-source",
    "state": "Device=0 num_rows=262144 profile=raw_unique_40",
    "stable": "False",
    "descending": "False",
    "rounds": 3,
    "ratio": 1.3286169960380492,
    "ratio_ci_low": 1.1847988400948748,
    "ratio_ci_high": 1.5193942920092405,
    "accepted": false,
    "axes": "{\"num_rows\": \"262144\", \"profile\": \"raw_unique_40\"}"
  },
  {
    "config": "pr2-p32-c4096",
    "group": "pr-source",
    "state": "Device=0 num_rows=2097152 profile=raw_unique_40",
    "stable": "False",
    "descending": "False",
    "rounds": 3,
    "ratio": 1.127631910238517,
    "ratio_ci_low": 1.084798677848837,
    "ratio_ci_high": 1.1556569132383265,
    "accepted": false,
    "axes": "{\"num_rows\": \"2097152\", \"profile\": \"raw_unique_40\"}"
  },
  {
    "config": "pr2-p32-c4096",
    "group": "pr-source",
    "state": "Device=0 num_rows=262144 profile=raw_duplicates_40",
    "stable": "False",
    "descending": "False",
    "rounds": 3,
    "ratio": 1.4829388142648043,
    "ratio_ci_low": 1.4625040416361696,
    "ratio_ci_high": 1.5074030659289241,
    "accepted": false,
    "axes": "{\"num_rows\": \"262144\", \"profile\": \"raw_duplicates_40\"}"
  },
  {
    "config": "pr2-p32-c4096",
    "group": "pr-source",
    "state": "Device=0 num_rows=262144 profile=raw_shared_prefix_24_width_40",
    "stable": "False",
    "descending": "False",
    "rounds": 3,
    "ratio": 10.502109033944715,
    "ratio_ci_low": 10.200264879476258,
    "ratio_ci_high": 10.729424679930208,
    "accepted": false,
    "axes": "{\"num_rows\": \"262144\", \"profile\": \"raw_shared_prefix_24_width_40\"}"
  },
  {
    "config": "pr2-p32-c4096",
    "group": "pr-source",
    "state": "Device=0 num_rows=2097152 profile=raw_shared_prefix_24_width_40",
    "stable": "False",
    "descending": "False",
    "rounds": 3,
    "ratio": 11.628552007435582,
    "ratio_ci_low": 11.560892395601444,
    "ratio_ci_high": 11.663970384053734,
    "accepted": false,
    "axes": "{\"num_rows\": \"2097152\", \"profile\": \"raw_shared_prefix_24_width_40\"}"
  },
  {
    "config": "pr2-p32-c4096",
    "group": "constant",
    "state": "Device=0 num_rows=262144 prefix_width=32 suffix_width=0 prefix_cardinality=1",
    "stable": "False",
    "descending": "False",
    "rounds": 3,
    "ratio": 9.557009084249424,
    "ratio_ci_low": 9.2748925531469,
    "ratio_ci_high": 9.963141725715603,
    "accepted": false,
    "axes": "{\"num_rows\": \"262144\", \"prefix_cardinality\": \"1\", \"prefix_width\": \"32\", \"suffix_width\": \"0\"}"
  },
  {
    "config": "pr2-p32-c4096",
    "group": "constant",
    "state": "Device=0 num_rows=2097152 prefix_width=32 suffix_width=0 prefix_cardinality=1",
    "stable": "False",
    "descending": "False",
    "rounds": 3,
    "ratio": 17.720901386826668,
    "ratio_ci_low": 17.460962803020163,
    "ratio_ci_high": 18.048960037037872,
    "accepted": false,
    "axes": "{\"num_rows\": \"2097152\", \"prefix_cardinality\": \"1\", \"prefix_width\": \"32\", \"suffix_width\": \"0\"}"
  },
  {
    "config": "pr2-p32-c4096",
    "group": "target",
    "state": "Device=0 num_rows=262144 max_width=128 cardinality=1",
    "stable": "False",
    "descending": "False",
    "rounds": 3,
    "ratio": 19.092861051916877,
    "ratio_ci_low": 18.380462458508458,
    "ratio_ci_high": 19.60414984657258,
    "accepted": false,
    "axes": "{\"cardinality\": \"1\", \"max_width\": \"128\", \"num_rows\": \"262144\"}"
  },
  {
    "config": "pr2-p32-c4096",
    "group": "target",
    "state": "Device=0 num_rows=2097152 max_width=128 cardinality=1",
    "stable": "False",
    "descending": "False",
    "rounds": 3,
    "ratio": 30.104847048098232,
    "ratio_ci_low": 29.588442282730494,
    "ratio_ci_high": 30.449956875323146,
    "accepted": false,
    "axes": "{\"cardinality\": \"1\", \"max_width\": \"128\", \"num_rows\": \"2097152\"}"
  },
  {
    "config": "pr2-p32-c4096",
    "group": "target",
    "state": "Device=0 num_rows=262144 max_width=32 cardinality=64",
    "stable": "False",
    "descending": "False",
    "rounds": 3,
    "ratio": 1.6572056163361597,
    "ratio_ci_low": 1.6305929031802926,
    "ratio_ci_high": 1.6676557898715714,
    "accepted": false,
    "axes": "{\"cardinality\": \"64\", \"max_width\": \"32\", \"num_rows\": \"262144\"}"
  },
  {
    "config": "pr2-p32-c4096",
    "group": "target",
    "state": "Device=0 num_rows=262144 max_width=128 cardinality=64",
    "stable": "False",
    "descending": "False",
    "rounds": 3,
    "ratio": 2.495277174222633,
    "ratio_ci_low": 2.403566791167867,
    "ratio_ci_high": 2.609904234196283,
    "accepted": false,
    "axes": "{\"cardinality\": \"64\", \"max_width\": \"128\", \"num_rows\": \"262144\"}"
  },
  {
    "config": "pr2-p32-c4096",
    "group": "target",
    "state": "Device=0 num_rows=2097152 max_width=128 cardinality=64",
    "stable": "False",
    "descending": "False",
    "rounds": 3,
    "ratio": 1.1471942051860144,
    "ratio_ci_low": 1.1336978829224589,
    "ratio_ci_high": 1.1642855942127703,
    "accepted": false,
    "axes": "{\"cardinality\": \"64\", \"max_width\": \"128\", \"num_rows\": \"2097152\"}"
  },
  {
    "config": "pr2-p32-c4096",
    "group": "target",
    "state": "Device=0 num_rows=2097152 max_width=32 cardinality=0",
    "stable": "False",
    "descending": "False",
    "rounds": 3,
    "ratio": 1.6435833200141385,
    "ratio_ci_low": 1.5830575625126067,
    "ratio_ci_high": 1.686232846211786,
    "accepted": false,
    "axes": "{\"cardinality\": \"0\", \"max_width\": \"32\", \"num_rows\": \"2097152\"}"
  },
  {
    "config": "pr2-p32-c4096",
    "group": "target",
    "state": "Device=0 num_rows=262144 max_width=128 cardinality=0",
    "stable": "False",
    "descending": "False",
    "rounds": 3,
    "ratio": 1.4733083131391453,
    "ratio_ci_low": 1.381027251490267,
    "ratio_ci_high": 1.531890989720974,
    "accepted": false,
    "axes": "{\"cardinality\": \"0\", \"max_width\": \"128\", \"num_rows\": \"262144\"}"
  },
  {
    "config": "pr2-p32-c4096",
    "group": "target",
    "state": "Device=0 num_rows=2097152 max_width=128 cardinality=0",
    "stable": "False",
    "descending": "False",
    "rounds": 3,
    "ratio": 1.545920842433501,
    "ratio_ci_low": 1.4923845595484395,
    "ratio_ci_high": 1.5725878577257881,
    "accepted": false,
    "axes": "{\"cardinality\": \"0\", \"max_width\": \"128\", \"num_rows\": \"2097152\"}"
  },
  {
    "config": "pr2-p32-c4096",
    "group": "target",
    "state": "Device=0 num_rows=262144 prefix_width=4 suffix_width=32 prefix_cardinality=1",
    "stable": "False",
    "descending": "False",
    "rounds": 3,
    "ratio": 1.5510272987666767,
    "ratio_ci_low": 1.4284625269059323,
    "ratio_ci_high": 1.6396151866834856,
    "accepted": false,
    "axes": "{\"num_rows\": \"262144\", \"prefix_cardinality\": \"1\", \"prefix_width\": \"4\", \"suffix_width\": \"32\"}"
  },
  {
    "config": "pr2-p32-c4096",
    "group": "target",
    "state": "Device=0 num_rows=2097152 prefix_width=4 suffix_width=32 prefix_cardinality=1",
    "stable": "False",
    "descending": "False",
    "rounds": 3,
    "ratio": 2.5056276378048508,
    "ratio_ci_low": 2.4341004771078993,
    "ratio_ci_high": 2.5685455308232634,
    "accepted": false,
    "axes": "{\"num_rows\": \"2097152\", \"prefix_cardinality\": \"1\", \"prefix_width\": \"4\", \"suffix_width\": \"32\"}"
  },
  {
    "config": "pr2-p32-c4096",
    "group": "target",
    "state": "Device=0 num_rows=262144 prefix_width=8 suffix_width=32 prefix_cardinality=1",
    "stable": "False",
    "descending": "False",
    "rounds": 3,
    "ratio": 7.039934317031471,
    "ratio_ci_low": 6.838727648955704,
    "ratio_ci_high": 7.186802235991982,
    "accepted": false,
    "axes": "{\"num_rows\": \"262144\", \"prefix_cardinality\": \"1\", \"prefix_width\": \"8\", \"suffix_width\": \"32\"}"
  },
  {
    "config": "pr2-p32-c4096",
    "group": "target",
    "state": "Device=0 num_rows=2097152 prefix_width=8 suffix_width=32 prefix_cardinality=1",
    "stable": "False",
    "descending": "False",
    "rounds": 3,
    "ratio": 8.144357468343898,
    "ratio_ci_low": 8.026549251679583,
    "ratio_ci_high": 8.231027508781466,
    "accepted": false,
    "axes": "{\"num_rows\": \"2097152\", \"prefix_cardinality\": \"1\", \"prefix_width\": \"8\", \"suffix_width\": \"32\"}"
  },
  {
    "config": "pr2-p32-c4096",
    "group": "target",
    "state": "Device=0 num_rows=262144 prefix_width=10 suffix_width=32 prefix_cardinality=1",
    "stable": "False",
    "descending": "False",
    "rounds": 3,
    "ratio": 5.579577716807825,
    "ratio_ci_low": 5.473034282283178,
    "ratio_ci_high": 5.705406971395843,
    "accepted": false,
    "axes": "{\"num_rows\": \"262144\", \"prefix_cardinality\": \"1\", \"prefix_width\": \"10\", \"suffix_width\": \"32\"}"
  },
  {
    "config": "pr2-p32-c4096",
    "group": "target",
    "state": "Device=0 num_rows=2097152 prefix_width=10 suffix_width=32 prefix_cardinality=1",
    "stable": "False",
    "descending": "False",
    "rounds": 3,
    "ratio": 6.716344926511521,
    "ratio_ci_low": 6.626878465166169,
    "ratio_ci_high": 6.784172939211223,
    "accepted": false,
    "axes": "{\"num_rows\": \"2097152\", \"prefix_cardinality\": \"1\", \"prefix_width\": \"10\", \"suffix_width\": \"32\"}"
  },
  {
    "config": "pr2-p32-c4096",
    "group": "target",
    "state": "Device=0 num_rows=262144 prefix_width=11 suffix_width=32 prefix_cardinality=1",
    "stable": "False",
    "descending": "False",
    "rounds": 3,
    "ratio": 5.226714172908772,
    "ratio_ci_low": 5.095024939812136,
    "ratio_ci_high": 5.341802463233273,
    "accepted": false,
    "axes": "{\"num_rows\": \"262144\", \"prefix_cardinality\": \"1\", \"prefix_width\": \"11\", \"suffix_width\": \"32\"}"
  },
  {
    "config": "pr2-p32-c4096",
    "group": "target",
    "state": "Device=0 num_rows=2097152 prefix_width=11 suffix_width=32 prefix_cardinality=1",
    "stable": "False",
    "descending": "False",
    "rounds": 3,
    "ratio": 6.296933420530099,
    "ratio_ci_low": 6.198531331553327,
    "ratio_ci_high": 6.368945101255063,
    "accepted": false,
    "axes": "{\"num_rows\": \"2097152\", \"prefix_cardinality\": \"1\", \"prefix_width\": \"11\", \"suffix_width\": \"32\"}"
  },
  {
    "config": "pr2-p32-c4096",
    "group": "target",
    "state": "Device=0 num_rows=262144 prefix_width=12 suffix_width=32 prefix_cardinality=1",
    "stable": "False",
    "descending": "False",
    "rounds": 3,
    "ratio": 4.831648829259201,
    "ratio_ci_low": 4.701330975513538,
    "ratio_ci_high": 4.940317000502484,
    "accepted": false,
    "axes": "{\"num_rows\": \"262144\", \"prefix_cardinality\": \"1\", \"prefix_width\": \"12\", \"suffix_width\": \"32\"}"
  },
  {
    "config": "pr2-p32-c4096",
    "group": "target",
    "state": "Device=0 num_rows=2097152 prefix_width=12 suffix_width=32 prefix_cardinality=1",
    "stable": "False",
    "descending": "False",
    "rounds": 3,
    "ratio": 5.916894643897484,
    "ratio_ci_low": 5.854925636747312,
    "ratio_ci_high": 5.971548691654237,
    "accepted": false,
    "axes": "{\"num_rows\": \"2097152\", \"prefix_cardinality\": \"1\", \"prefix_width\": \"12\", \"suffix_width\": \"32\"}"
  },
  {
    "config": "pr2-p32-c4096",
    "group": "target",
    "state": "Device=0 num_rows=262144 prefix_width=64 suffix_width=32 prefix_cardinality=1",
    "stable": "False",
    "descending": "False",
    "rounds": 3,
    "ratio": 9.394309495443935,
    "ratio_ci_low": 9.17678826521242,
    "ratio_ci_high": 9.565412699492237,
    "accepted": false,
    "axes": "{\"num_rows\": \"262144\", \"prefix_cardinality\": \"1\", \"prefix_width\": \"64\", \"suffix_width\": \"32\"}"
  },
  {
    "config": "pr2-p32-c4096",
    "group": "target",
    "state": "Device=0 num_rows=2097152 prefix_width=64 suffix_width=32 prefix_cardinality=1",
    "stable": "False",
    "descending": "False",
    "rounds": 3,
    "ratio": 11.163284173027224,
    "ratio_ci_low": 11.022454482129568,
    "ratio_ci_high": 11.259179858463911,
    "accepted": false,
    "axes": "{\"num_rows\": \"2097152\", \"prefix_cardinality\": \"1\", \"prefix_width\": \"64\", \"suffix_width\": \"32\"}"
  },
  {
    "config": "pr2-p32-c4096",
    "group": "target",
    "state": "Device=0 num_rows=262144 prefix_width=4 suffix_width=32 prefix_cardinality=64",
    "stable": "False",
    "descending": "False",
    "rounds": 3,
    "ratio": 1.769073664996973,
    "ratio_ci_low": 1.6568221582641431,
    "ratio_ci_high": 1.8453651348258595,
    "accepted": false,
    "axes": "{\"num_rows\": \"262144\", \"prefix_cardinality\": \"64\", \"prefix_width\": \"4\", \"suffix_width\": \"32\"}"
  },
  {
    "config": "pr2-p32-c4096",
    "group": "target",
    "state": "Device=0 num_rows=2097152 prefix_width=4 suffix_width=32 prefix_cardinality=64",
    "stable": "False",
    "descending": "False",
    "rounds": 3,
    "ratio": 1.45907015779066,
    "ratio_ci_low": 1.4192037427591804,
    "ratio_ci_high": 1.4762520667032801,
    "accepted": false,
    "axes": "{\"num_rows\": \"2097152\", \"prefix_cardinality\": \"64\", \"prefix_width\": \"4\", \"suffix_width\": \"32\"}"
  },
  {
    "config": "pr2-p32-c4096",
    "group": "target",
    "state": "Device=0 num_rows=262144 prefix_width=8 suffix_width=32 prefix_cardinality=64",
    "stable": "False",
    "descending": "False",
    "rounds": 3,
    "ratio": 1.5069115902185672,
    "ratio_ci_low": 1.4312261974679343,
    "ratio_ci_high": 1.5571739154228312,
    "accepted": false,
    "axes": "{\"num_rows\": \"262144\", \"prefix_cardinality\": \"64\", \"prefix_width\": \"8\", \"suffix_width\": \"32\"}"
  },
  {
    "config": "pr2-p32-c4096",
    "group": "target",
    "state": "Device=0 num_rows=262144 prefix_width=10 suffix_width=32 prefix_cardinality=64",
    "stable": "False",
    "descending": "False",
    "rounds": 3,
    "ratio": 1.547405885707026,
    "ratio_ci_low": 1.4825554773639686,
    "ratio_ci_high": 1.598057259057223,
    "accepted": false,
    "axes": "{\"num_rows\": \"262144\", \"prefix_cardinality\": \"64\", \"prefix_width\": \"10\", \"suffix_width\": \"32\"}"
  },
  {
    "config": "pr2-p32-c4096",
    "group": "target",
    "state": "Device=0 num_rows=262144 prefix_width=11 suffix_width=32 prefix_cardinality=64",
    "stable": "False",
    "descending": "False",
    "rounds": 3,
    "ratio": 1.588995798332026,
    "ratio_ci_low": 1.52296824619977,
    "ratio_ci_high": 1.6505440159802864,
    "accepted": false,
    "axes": "{\"num_rows\": \"262144\", \"prefix_cardinality\": \"64\", \"prefix_width\": \"11\", \"suffix_width\": \"32\"}"
  },
  {
    "config": "pr2-p32-c4096",
    "group": "target",
    "state": "Device=0 num_rows=262144 prefix_width=12 suffix_width=32 prefix_cardinality=64",
    "stable": "False",
    "descending": "False",
    "rounds": 3,
    "ratio": 1.621579927476297,
    "ratio_ci_low": 1.594471874809422,
    "ratio_ci_high": 1.655838149917061,
    "accepted": false,
    "axes": "{\"num_rows\": \"262144\", \"prefix_cardinality\": \"64\", \"prefix_width\": \"12\", \"suffix_width\": \"32\"}"
  },
  {
    "config": "pr2-p32-c4096",
    "group": "target",
    "state": "Device=0 num_rows=262144 prefix_width=64 suffix_width=32 prefix_cardinality=64",
    "stable": "False",
    "descending": "False",
    "rounds": 3,
    "ratio": 4.15485516173047,
    "ratio_ci_low": 4.051583457753619,
    "ratio_ci_high": 4.225377814009559,
    "accepted": false,
    "axes": "{\"num_rows\": \"262144\", \"prefix_cardinality\": \"64\", \"prefix_width\": \"64\", \"suffix_width\": \"32\"}"
  },
  {
    "config": "pr2-p32-c4096",
    "group": "pr-diagnostics",
    "state": "Device=0 num_rows=262144 profile=finish_257",
    "stable": "False",
    "descending": "False",
    "rounds": 3,
    "ratio": 1.5741763035930103,
    "ratio_ci_low": 1.5317917918460744,
    "ratio_ci_high": 1.602311419278884,
    "accepted": false,
    "axes": "{\"num_rows\": \"262144\", \"profile\": \"finish_257\"}"
  },
  {
    "config": "pr2-p32-c4096",
    "group": "pr-diagnostics",
    "state": "Device=0 num_rows=2097152 profile=finish_257",
    "stable": "False",
    "descending": "False",
    "rounds": 3,
    "ratio": 1.3117128539257448,
    "ratio_ci_low": 1.2940098804742355,
    "ratio_ci_high": 1.3246057195385208,
    "accepted": false,
    "axes": "{\"num_rows\": \"2097152\", \"profile\": \"finish_257\"}"
  },
  {
    "config": "pr2-p32-c4096",
    "group": "pr-diagnostics",
    "state": "Device=0 num_rows=262144 profile=finish_1024",
    "stable": "False",
    "descending": "False",
    "rounds": 3,
    "ratio": 1.63603308752768,
    "ratio_ci_low": 1.5920865023946345,
    "ratio_ci_high": 1.6980116075917548,
    "accepted": false,
    "axes": "{\"num_rows\": \"262144\", \"profile\": \"finish_1024\"}"
  },
  {
    "config": "pr2-p32-c4096",
    "group": "pr-diagnostics",
    "state": "Device=0 num_rows=2097152 profile=finish_1024",
    "stable": "False",
    "descending": "False",
    "rounds": 3,
    "ratio": 1.3489280206784233,
    "ratio_ci_low": 1.3129778127806306,
    "ratio_ci_high": 1.3734655250122125,
    "accepted": false,
    "axes": "{\"num_rows\": \"2097152\", \"profile\": \"finish_1024\"}"
  },
  {
    "config": "pr2-p32-c4096",
    "group": "pr-diagnostics",
    "state": "Device=0 num_rows=262144 profile=finish_4096",
    "stable": "False",
    "descending": "False",
    "rounds": 3,
    "ratio": 1.8749610352144537,
    "ratio_ci_low": 1.8401899386377132,
    "ratio_ci_high": 1.9014785633121498,
    "accepted": false,
    "axes": "{\"num_rows\": \"262144\", \"profile\": \"finish_4096\"}"
  },
  {
    "config": "pr2-p32-c4096",
    "group": "pr-diagnostics",
    "state": "Device=0 num_rows=2097152 profile=finish_4096",
    "stable": "False",
    "descending": "False",
    "rounds": 3,
    "ratio": 1.5296874119272565,
    "ratio_ci_low": 1.5029344515858558,
    "ratio_ci_high": 1.5544403472694994,
    "accepted": false,
    "axes": "{\"num_rows\": \"2097152\", \"profile\": \"finish_4096\"}"
  },
  {
    "config": "pr2-p32-c4096",
    "group": "pr-diagnostics",
    "state": "Device=0 num_rows=262144 profile=active_50",
    "stable": "False",
    "descending": "False",
    "rounds": 3,
    "ratio": 4.315148809730902,
    "ratio_ci_low": 4.241043455066045,
    "ratio_ci_high": 4.379386132597056,
    "accepted": false,
    "axes": "{\"num_rows\": \"262144\", \"profile\": \"active_50\"}"
  },
  {
    "config": "pr2-p32-c4096",
    "group": "pr-diagnostics",
    "state": "Device=0 num_rows=2097152 profile=active_50",
    "stable": "False",
    "descending": "False",
    "rounds": 3,
    "ratio": 12.271714306950557,
    "ratio_ci_low": 12.095887848250564,
    "ratio_ci_high": 12.393105968947893,
    "accepted": false,
    "axes": "{\"num_rows\": \"2097152\", \"profile\": \"active_50\"}"
  },
  {
    "config": "pr2-p32-c4096",
    "group": "pr-diagnostics",
    "state": "Device=0 num_rows=262144 profile=active_10",
    "stable": "False",
    "descending": "False",
    "rounds": 3,
    "ratio": 1.7803657654060356,
    "ratio_ci_low": 1.7414679470951997,
    "ratio_ci_high": 1.81118019109472,
    "accepted": false,
    "axes": "{\"num_rows\": \"262144\", \"profile\": \"active_10\"}"
  },
  {
    "config": "pr2-p32-c4096",
    "group": "pr-diagnostics",
    "state": "Device=0 num_rows=2097152 profile=active_10",
    "stable": "False",
    "descending": "False",
    "rounds": 3,
    "ratio": 4.45326389819082,
    "ratio_ci_low": 4.389613736206989,
    "ratio_ci_high": 4.48500340373626,
    "accepted": false,
    "axes": "{\"num_rows\": \"2097152\", \"profile\": \"active_10\"}"
  },
  {
    "config": "pr2-p32-c4096",
    "group": "pr-diagnostics",
    "state": "Device=0 num_rows=262144 profile=active_1",
    "stable": "False",
    "descending": "False",
    "rounds": 3,
    "ratio": 1.3127685521301546,
    "ratio_ci_low": 1.2960908938697784,
    "ratio_ci_high": 1.3246580948492326,
    "accepted": false,
    "axes": "{\"num_rows\": \"262144\", \"profile\": \"active_1\"}"
  },
  {
    "config": "pr2-p32-c4096",
    "group": "pr-diagnostics",
    "state": "Device=0 num_rows=2097152 profile=active_1",
    "stable": "False",
    "descending": "False",
    "rounds": 3,
    "ratio": 1.4465686943575655,
    "ratio_ci_low": 1.2901686725355477,
    "ratio_ci_high": 1.5677312137972539,
    "accepted": false,
    "axes": "{\"num_rows\": \"2097152\", \"profile\": \"active_1\"}"
  },
  {
    "config": "pr2-p32-c4096",
    "group": "pr-diagnostics",
    "state": "Device=0 num_rows=262144 profile=active_0_1",
    "stable": "False",
    "descending": "False",
    "rounds": 3,
    "ratio": 1.422713732252546,
    "ratio_ci_low": 1.2694915335575945,
    "ratio_ci_high": 1.5347674074535973,
    "accepted": false,
    "axes": "{\"num_rows\": \"262144\", \"profile\": \"active_0_1\"}"
  },
  {
    "config": "pr2-p32-c4096",
    "group": "pr-diagnostics",
    "state": "Device=0 num_rows=2097152 profile=active_0_1",
    "stable": "False",
    "descending": "False",
    "rounds": 3,
    "ratio": 1.1627089264906287,
    "ratio_ci_low": 1.1384428958388586,
    "ratio_ci_high": 1.1883562360690774,
    "accepted": false,
    "axes": "{\"num_rows\": \"2097152\", \"profile\": \"active_0_1\"}"
  },
  {
    "config": "pr2-p32-c4096",
    "group": "pr-diagnostics",
    "state": "Device=0 num_rows=262144 profile=duplicates_16",
    "stable": "False",
    "descending": "False",
    "rounds": 3,
    "ratio": 1.1039734105365395,
    "ratio_ci_low": 1.0847508213563692,
    "ratio_ci_high": 1.1173720727803726,
    "accepted": false,
    "axes": "{\"num_rows\": \"262144\", \"profile\": \"duplicates_16\"}"
  },
  {
    "config": "pr2-p32-c4096",
    "group": "pr-diagnostics",
    "state": "Device=0 num_rows=262144 profile=duplicates_24",
    "stable": "False",
    "descending": "False",
    "rounds": 3,
    "ratio": 1.2563049928502987,
    "ratio_ci_low": 1.215992609557782,
    "ratio_ci_high": 1.2904075567000968,
    "accepted": false,
    "axes": "{\"num_rows\": \"262144\", \"profile\": \"duplicates_24\"}"
  },
  {
    "config": "pr2-p32-c4096",
    "group": "pr-diagnostics",
    "state": "Device=0 num_rows=262144 profile=duplicates_32",
    "stable": "False",
    "descending": "False",
    "rounds": 3,
    "ratio": 1.415985256802687,
    "ratio_ci_low": 1.3743221352980843,
    "ratio_ci_high": 1.4561890666249766,
    "accepted": false,
    "axes": "{\"num_rows\": \"262144\", \"profile\": \"duplicates_32\"}"
  },
  {
    "config": "pr2-p32-c4096",
    "group": "pr-diagnostics",
    "state": "Device=0 num_rows=262144 profile=rle_misaligned",
    "stable": "False",
    "descending": "False",
    "rounds": 3,
    "ratio": 14.349396205720394,
    "ratio_ci_low": 14.055730825233308,
    "ratio_ci_high": 14.528909431344571,
    "accepted": false,
    "axes": "{\"num_rows\": \"262144\", \"profile\": \"rle_misaligned\"}"
  },
  {
    "config": "pr2-p32-c4096",
    "group": "pr-diagnostics",
    "state": "Device=0 num_rows=2097152 profile=rle_misaligned",
    "stable": "False",
    "descending": "False",
    "rounds": 3,
    "ratio": 23.898380343193057,
    "ratio_ci_low": 23.683702751419837,
    "ratio_ci_high": 24.008878876555407,
    "accepted": false,
    "axes": "{\"num_rows\": \"2097152\", \"profile\": \"rle_misaligned\"}"
  }
]
prefix states 232 speedup 0.4107404801923967 failed 213
[
  {
    "config": "prefix",
    "group": "segments",
    "state": "Device=0 num_rows=2097152 shared_suffix=0 segment_profile=singletons",
    "stable": "False",
    "descending": "False",
    "rounds": 3,
    "ratio": 2.738738951555364,
    "ratio_ci_low": 2.686298741819883,
    "ratio_ci_high": 2.7942465069854325,
    "accepted": false,
    "axes": "{\"num_rows\": \"2097152\", \"segment_profile\": \"singletons\", \"shared_suffix\": \"0\"}"
  },
  {
    "config": "prefix",
    "group": "segments",
    "state": "Device=0 num_rows=2097152 shared_suffix=64 segment_profile=singletons",
    "stable": "False",
    "descending": "False",
    "rounds": 3,
    "ratio": 2.5803362799240803,
    "ratio_ci_low": 2.5149539277106303,
    "ratio_ci_high": 2.641875967837123,
    "accepted": false,
    "axes": "{\"num_rows\": \"2097152\", \"segment_profile\": \"singletons\", \"shared_suffix\": \"64\"}"
  },
  {
    "config": "prefix",
    "group": "segments",
    "state": "Device=0 num_rows=32768 shared_suffix=0 segment_profile=pairs",
    "stable": "False",
    "descending": "False",
    "rounds": 3,
    "ratio": 1.4060325507361384,
    "ratio_ci_low": 1.2780625301749982,
    "ratio_ci_high": 1.5016032253157696,
    "accepted": false,
    "axes": "{\"num_rows\": \"32768\", \"segment_profile\": \"pairs\", \"shared_suffix\": \"0\"}"
  },
  {
    "config": "prefix",
    "group": "segments",
    "state": "Device=0 num_rows=2097152 shared_suffix=0 segment_profile=pairs",
    "stable": "False",
    "descending": "False",
    "rounds": 3,
    "ratio": 1.7489731260800636,
    "ratio_ci_low": 1.7080879112410208,
    "ratio_ci_high": 1.7936878619663499,
    "accepted": false,
    "axes": "{\"num_rows\": \"2097152\", \"segment_profile\": \"pairs\", \"shared_suffix\": \"0\"}"
  },
  {
    "config": "prefix",
    "group": "segments",
    "state": "Device=0 num_rows=32768 shared_suffix=64 segment_profile=pairs",
    "stable": "False",
    "descending": "False",
    "rounds": 3,
    "ratio": 4.5753697983094614,
    "ratio_ci_low": 4.312393781863763,
    "ratio_ci_high": 4.8053889659469835,
    "accepted": false,
    "axes": "{\"num_rows\": \"32768\", \"segment_profile\": \"pairs\", \"shared_suffix\": \"64\"}"
  },
  {
    "config": "prefix",
    "group": "segments",
    "state": "Device=0 num_rows=2097152 shared_suffix=64 segment_profile=pairs",
    "stable": "False",
    "descending": "False",
    "rounds": 3,
    "ratio": 2.2699336673052954,
    "ratio_ci_low": 2.2114284271915543,
    "ratio_ci_high": 2.3315422029785053,
    "accepted": false,
    "axes": "{\"num_rows\": \"2097152\", \"segment_profile\": \"pairs\", \"shared_suffix\": \"64\"}"
  },
  {
    "config": "prefix",
    "group": "segments",
    "state": "Device=0 num_rows=32768 shared_suffix=0 segment_profile=tiny4",
    "stable": "False",
    "descending": "False",
    "rounds": 3,
    "ratio": 1.601736740361921,
    "ratio_ci_low": 1.4857077043285822,
    "ratio_ci_high": 1.6944898178030599,
    "accepted": false,
    "axes": "{\"num_rows\": \"32768\", \"segment_profile\": \"tiny4\", \"shared_suffix\": \"0\"}"
  },
  {
    "config": "prefix",
    "group": "segments",
    "state": "Device=0 num_rows=2097152 shared_suffix=0 segment_profile=tiny4",
    "stable": "False",
    "descending": "False",
    "rounds": 3,
    "ratio": 2.2813930447713497,
    "ratio_ci_low": 2.2333112499626453,
    "ratio_ci_high": 2.334111931076608,
    "accepted": false,
    "axes": "{\"num_rows\": \"2097152\", \"segment_profile\": \"tiny4\", \"shared_suffix\": \"0\"}"
  },
  {
    "config": "prefix",
    "group": "segments",
    "state": "Device=0 num_rows=32768 shared_suffix=64 segment_profile=tiny4",
    "stable": "False",
    "descending": "False",
    "rounds": 3,
    "ratio": 5.636433190523445,
    "ratio_ci_low": 5.304615060279426,
    "ratio_ci_high": 5.868137936991474,
    "accepted": false,
    "axes": "{\"num_rows\": \"32768\", \"segment_profile\": \"tiny4\", \"shared_suffix\": \"64\"}"
  },
  {
    "config": "prefix",
    "group": "segments",
    "state": "Device=0 num_rows=2097152 shared_suffix=64 segment_profile=tiny4",
    "stable": "False",
    "descending": "False",
    "rounds": 3,
    "ratio": 3.046544692556044,
    "ratio_ci_low": 3.003521611575904,
    "ratio_ci_high": 3.096536216352139,
    "accepted": false,
    "axes": "{\"num_rows\": \"2097152\", \"segment_profile\": \"tiny4\", \"shared_suffix\": \"64\"}"
  },
  {
    "config": "prefix",
    "group": "segments",
    "state": "Device=0 num_rows=32768 shared_suffix=0 segment_profile=tiny8",
    "stable": "False",
    "descending": "False",
    "rounds": 3,
    "ratio": 1.7885602177703717,
    "ratio_ci_low": 1.6998757389550008,
    "ratio_ci_high": 1.8601100451789692,
    "accepted": false,
    "axes": "{\"num_rows\": \"32768\", \"segment_profile\": \"tiny8\", \"shared_suffix\": \"0\"}"
  },
  {
    "config": "prefix",
    "group": "segments",
    "state": "Device=0 num_rows=2097152 shared_suffix=0 segment_profile=tiny8",
    "stable": "False",
    "descending": "False",
    "rounds": 3,
    "ratio": 2.663926822259805,
    "ratio_ci_low": 2.617626239079931,
    "ratio_ci_high": 2.7086959314442414,
    "accepted": false,
    "axes": "{\"num_rows\": \"2097152\", \"segment_profile\": \"tiny8\", \"shared_suffix\": \"0\"}"
  },
  {
    "config": "prefix",
    "group": "segments",
    "state": "Device=0 num_rows=32768 shared_suffix=64 segment_profile=tiny8",
    "stable": "False",
    "descending": "False",
    "rounds": 3,
    "ratio": 6.654795258469239,
    "ratio_ci_low": 6.1737975300062224,
    "ratio_ci_high": 6.992251810249691,
    "accepted": false,
    "axes": "{\"num_rows\": \"32768\", \"segment_profile\": \"tiny8\", \"shared_suffix\": \"64\"}"
  },
  {
    "config": "prefix",
    "group": "segments",
    "state": "Device=0 num_rows=2097152 shared_suffix=64 segment_profile=tiny8",
    "stable": "False",
    "descending": "False",
    "rounds": 3,
    "ratio": 4.140618289565385,
    "ratio_ci_low": 4.087586266000827,
    "ratio_ci_high": 4.204219633941779,
    "accepted": false,
    "axes": "{\"num_rows\": \"2097152\", \"segment_profile\": \"tiny8\", \"shared_suffix\": \"64\"}"
  },
  {
    "config": "prefix",
    "group": "segments",
    "state": "Device=0 num_rows=32768 shared_suffix=0 segment_profile=tiny16",
    "stable": "False",
    "descending": "False",
    "rounds": 3,
    "ratio": 1.9485873519073966,
    "ratio_ci_low": 1.8592805701466792,
    "ratio_ci_high": 2.009267299070392,
    "accepted": false,
    "axes": "{\"num_rows\": \"32768\", \"segment_profile\": \"tiny16\", \"shared_suffix\": \"0\"}"
  },
  {
    "config": "prefix",
    "group": "segments",
    "state": "Device=0 num_rows=2097152 shared_suffix=0 segment_profile=tiny16",
    "stable": "False",
    "descending": "False",
    "rounds": 3,
    "ratio": 2.96934932402698,
    "ratio_ci_low": 2.906574745280949,
    "ratio_ci_high": 3.017934353793977,
    "accepted": false,
    "axes": "{\"num_rows\": \"2097152\", \"segment_profile\": \"tiny16\", \"shared_suffix\": \"0\"}"
  },
  {
    "config": "prefix",
    "group": "segments",
    "state": "Device=0 num_rows=32768 shared_suffix=64 segment_profile=tiny16",
    "stable": "False",
    "descending": "False",
    "rounds": 3,
    "ratio": 7.559486634771546,
    "ratio_ci_low": 7.424780988209349,
    "ratio_ci_high": 7.701212448298655,
    "accepted": false,
    "axes": "{\"num_rows\": \"32768\", \"segment_profile\": \"tiny16\", \"shared_suffix\": \"64\"}"
  },
  {
    "config": "prefix",
    "group": "segments",
    "state": "Device=0 num_rows=2097152 shared_suffix=64 segment_profile=tiny16",
    "stable": "False",
    "descending": "False",
    "rounds": 3,
    "ratio": 5.174956028717299,
    "ratio_ci_low": 5.120082492053312,
    "ratio_ci_high": 5.227219816694595,
    "accepted": false,
    "axes": "{\"num_rows\": \"2097152\", \"segment_profile\": \"tiny16\", \"shared_suffix\": \"64\"}"
  },
  {
    "config": "prefix",
    "group": "segments",
    "state": "Device=0 num_rows=32768 shared_suffix=0 segment_profile=tiny32",
    "stable": "False",
    "descending": "False",
    "rounds": 3,
    "ratio": 2.178292264007794,
    "ratio_ci_low": 2.103225055176116,
    "ratio_ci_high": 2.229884419318976,
    "accepted": false,
    "axes": "{\"num_rows\": \"32768\", \"segment_profile\": \"tiny32\", \"shared_suffix\": \"0\"}"
  },
  {
    "config": "prefix",
    "group": "segments",
    "state": "Device=0 num_rows=2097152 shared_suffix=0 segment_profile=tiny32",
    "stable": "False",
    "descending": "False",
    "rounds": 3,
    "ratio": 3.1946847438183728,
    "ratio_ci_low": 2.603031425095212,
    "ratio_ci_high": 3.649550402526462,
    "accepted": false,
    "axes": "{\"num_rows\": \"2097152\", \"segment_profile\": \"tiny32\", \"shared_suffix\": \"0\"}"
  },
  {
    "config": "prefix",
    "group": "segments",
    "state": "Device=0 num_rows=32768 shared_suffix=64 segment_profile=tiny32",
    "stable": "False",
    "descending": "False",
    "rounds": 3,
    "ratio": 8.518712565277044,
    "ratio_ci_low": 8.272019572701067,
    "ratio_ci_high": 8.717236989713385,
    "accepted": false,
    "axes": "{\"num_rows\": \"32768\", \"segment_profile\": \"tiny32\", \"shared_suffix\": \"64\"}"
  },
  {
    "config": "prefix",
    "group": "segments",
    "state": "Device=0 num_rows=2097152 shared_suffix=64 segment_profile=tiny32",
    "stable": "False",
    "descending": "False",
    "rounds": 3,
    "ratio": 5.830141974142358,
    "ratio_ci_low": 5.787373965150022,
    "ratio_ci_high": 5.890487088861694,
    "accepted": false,
    "axes": "{\"num_rows\": \"2097152\", \"segment_profile\": \"tiny32\", \"shared_suffix\": \"64\"}"
  },
  {
    "config": "prefix",
    "group": "segments",
    "state": "Device=0 num_rows=32768 shared_suffix=0 segment_profile=block256",
    "stable": "False",
    "descending": "False",
    "rounds": 3,
    "ratio": 2.716098691441804,
    "ratio_ci_low": 2.6109474904606476,
    "ratio_ci_high": 2.791726180443232,
    "accepted": false,
    "axes": "{\"num_rows\": \"32768\", \"segment_profile\": \"block256\", \"shared_suffix\": \"0\"}"
  },
  {
    "config": "prefix",
    "group": "segments",
    "state": "Device=0 num_rows=2097152 shared_suffix=0 segment_profile=block256",
    "stable": "False",
    "descending": "False",
    "rounds": 3,
    "ratio": 2.9240721632096105,
    "ratio_ci_low": 2.894357909965871,
    "ratio_ci_high": 2.958110153499794,
    "accepted": false,
    "axes": "{\"num_rows\": \"2097152\", \"segment_profile\": \"block256\", \"shared_suffix\": \"0\"}"
  },
  {
    "config": "prefix",
    "group": "segments",
    "state": "Device=0 num_rows=32768 shared_suffix=64 segment_profile=block256",
    "stable": "False",
    "descending": "False",
    "rounds": 3,
    "ratio": 10.436768539065687,
    "ratio_ci_low": 10.184389561684064,
    "ratio_ci_high": 10.66743457223962,
    "accepted": false,
    "axes": "{\"num_rows\": \"32768\", \"segment_profile\": \"block256\", \"shared_suffix\": \"64\"}"
  },
  {
    "config": "prefix",
    "group": "segments",
    "state": "Device=0 num_rows=2097152 shared_suffix=64 segment_profile=block256",
    "stable": "False",
    "descending": "False",
    "rounds": 3,
    "ratio": 5.964606069005722,
    "ratio_ci_low": 5.896174721580893,
    "ratio_ci_high": 6.03366333680419,
    "accepted": false,
    "axes": "{\"num_rows\": \"2097152\", \"segment_profile\": \"block256\", \"shared_suffix\": \"64\"}"
  },
  {
    "config": "prefix",
    "group": "segments",
    "state": "Device=0 num_rows=32768 shared_suffix=0 segment_profile=logarithmic",
    "stable": "False",
    "descending": "False",
    "rounds": 3,
    "ratio": 1.9092309908934757,
    "ratio_ci_low": 1.8219578404300676,
    "ratio_ci_high": 1.9793494445716795,
    "accepted": false,
    "axes": "{\"num_rows\": \"32768\", \"segment_profile\": \"logarithmic\", \"shared_suffix\": \"0\"}"
  },
  {
    "config": "prefix",
    "group": "segments",
    "state": "Device=0 num_rows=2097152 shared_suffix=0 segment_profile=logarithmic",
    "stable": "False",
    "descending": "False",
    "rounds": 3,
    "ratio": 1.9718480844486987,
    "ratio_ci_low": 1.9582197707313984,
    "ratio_ci_high": 1.9882990409386483,
    "accepted": false,
    "axes": "{\"num_rows\": \"2097152\", \"segment_profile\": \"logarithmic\", \"shared_suffix\": \"0\"}"
  },
  {
    "config": "prefix",
    "group": "segments",
    "state": "Device=0 num_rows=32768 shared_suffix=64 segment_profile=logarithmic",
    "stable": "False",
    "descending": "False",
    "rounds": 3,
    "ratio": 4.020115190274397,
    "ratio_ci_low": 3.931573709586666,
    "ratio_ci_high": 4.107242374790111,
    "accepted": false,
    "axes": "{\"num_rows\": \"32768\", \"segment_profile\": \"logarithmic\", \"shared_suffix\": \"64\"}"
  },
  {
    "config": "prefix",
    "group": "segments",
    "state": "Device=0 num_rows=2097152 shared_suffix=64 segment_profile=logarithmic",
    "stable": "False",
    "descending": "False",
    "rounds": 3,
    "ratio": 3.9188966193328656,
    "ratio_ci_low": 3.9013674355849544,
    "ratio_ci_high": 3.9382243104815733,
    "accepted": false,
    "axes": "{\"num_rows\": \"2097152\", \"segment_profile\": \"logarithmic\", \"shared_suffix\": \"64\"}"
  },
  {
    "config": "prefix",
    "group": "segments",
    "state": "Device=0 num_rows=32768 shared_suffix=0 segment_profile=tiny_plus_giant",
    "stable": "False",
    "descending": "False",
    "rounds": 3,
    "ratio": 1.5770077642113722,
    "ratio_ci_low": 1.5256804101445582,
    "ratio_ci_high": 1.6243856978684281,
    "accepted": false,
    "axes": "{\"num_rows\": \"32768\", \"segment_profile\": \"tiny_plus_giant\", \"shared_suffix\": \"0\"}"
  },
  {
    "config": "prefix",
    "group": "segments",
    "state": "Device=0 num_rows=2097152 shared_suffix=0 segment_profile=tiny_plus_giant",
    "stable": "False",
    "descending": "False",
    "rounds": 3,
    "ratio": 3.171759359911825,
    "ratio_ci_low": 3.1287527678279603,
    "ratio_ci_high": 3.2120846689141542,
    "accepted": false,
    "axes": "{\"num_rows\": \"2097152\", \"segment_profile\": \"tiny_plus_giant\", \"shared_suffix\": \"0\"}"
  },
  {
    "config": "prefix",
    "group": "segments",
    "state": "Device=0 num_rows=32768 shared_suffix=64 segment_profile=tiny_plus_giant",
    "stable": "False",
    "descending": "False",
    "rounds": 3,
    "ratio": 3.124394755445745,
    "ratio_ci_low": 3.0793727213496602,
    "ratio_ci_high": 3.1692128031088607,
    "accepted": false,
    "axes": "{\"num_rows\": \"32768\", \"segment_profile\": \"tiny_plus_giant\", \"shared_suffix\": \"64\"}"
  },
  {
    "config": "prefix",
    "group": "segments",
    "state": "Device=0 num_rows=2097152 shared_suffix=64 segment_profile=tiny_plus_giant",
    "stable": "False",
    "descending": "False",
    "rounds": 3,
    "ratio": 5.223529891548934,
    "ratio_ci_low": 5.129769730204053,
    "ratio_ci_high": 5.320911980142858,
    "accepted": false,
    "axes": "{\"num_rows\": \"2097152\", \"segment_profile\": \"tiny_plus_giant\", \"shared_suffix\": \"64\"}"
  },
  {
    "config": "prefix",
    "group": "segments",
    "state": "Device=0 num_rows=32768 shared_suffix=0 segment_profile=hot90",
    "stable": "False",
    "descending": "False",
    "rounds": 3,
    "ratio": 2.1948658541230786,
    "ratio_ci_low": 2.1003666239254706,
    "ratio_ci_high": 2.2759258165918896,
    "accepted": false,
    "axes": "{\"num_rows\": \"32768\", \"segment_profile\": \"hot90\", \"shared_suffix\": \"0\"}"
  },
  {
    "config": "prefix",
    "group": "segments",
    "state": "Device=0 num_rows=2097152 shared_suffix=0 segment_profile=hot90",
    "stable": "False",
    "descending": "False",
    "rounds": 3,
    "ratio": 2.410336678883305,
    "ratio_ci_low": 2.393532213054746,
    "ratio_ci_high": 2.428166882639163,
    "accepted": false,
    "axes": "{\"num_rows\": \"2097152\", \"segment_profile\": \"hot90\", \"shared_suffix\": \"0\"}"
  },
  {
    "config": "prefix",
    "group": "segments",
    "state": "Device=0 num_rows=32768 shared_suffix=64 segment_profile=hot90",
    "stable": "False",
    "descending": "False",
    "rounds": 3,
    "ratio": 5.31713373558715,
    "ratio_ci_low": 5.162453052631139,
    "ratio_ci_high": 5.444330740592943,
    "accepted": false,
    "axes": "{\"num_rows\": \"32768\", \"segment_profile\": \"hot90\", \"shared_suffix\": \"64\"}"
  },
  {
    "config": "prefix",
    "group": "segments",
    "state": "Device=0 num_rows=2097152 shared_suffix=64 segment_profile=hot90",
    "stable": "False",
    "descending": "False",
    "rounds": 3,
    "ratio": 5.1713305506675,
    "ratio_ci_low": 5.1455797489547725,
    "ratio_ci_high": 5.198634501183639,
    "accepted": false,
    "axes": "{\"num_rows\": \"2097152\", \"segment_profile\": \"hot90\", \"shared_suffix\": \"64\"}"
  },
  {
    "config": "prefix",
    "group": "segments",
    "state": "Device=0 num_rows=32768 shared_suffix=0 segment_profile=few_giants",
    "stable": "False",
    "descending": "False",
    "rounds": 3,
    "ratio": 1.8125807115533814,
    "ratio_ci_low": 1.76719069388415,
    "ratio_ci_high": 1.8533050197694683,
    "accepted": false,
    "axes": "{\"num_rows\": \"32768\", \"segment_profile\": \"few_giants\", \"shared_suffix\": \"0\"}"
  },
  {
    "config": "prefix",
    "group": "segments",
    "state": "Device=0 num_rows=2097152 shared_suffix=0 segment_profile=few_giants",
    "stable": "False",
    "descending": "False",
    "rounds": 3,
    "ratio": 3.2969862507271563,
    "ratio_ci_low": 3.2448884261995685,
    "ratio_ci_high": 3.3761955378822015,
    "accepted": false,
    "axes": "{\"num_rows\": \"2097152\", \"segment_profile\": \"few_giants\", \"shared_suffix\": \"0\"}"
  },
  {
    "config": "prefix",
    "group": "segments",
    "state": "Device=0 num_rows=32768 shared_suffix=64 segment_profile=few_giants",
    "stable": "False",
    "descending": "False",
    "rounds": 3,
    "ratio": 5.0429469480317595,
    "ratio_ci_low": 4.957432016973185,
    "ratio_ci_high": 5.124269966776884,
    "accepted": false,
    "axes": "{\"num_rows\": \"32768\", \"segment_profile\": \"few_giants\", \"shared_suffix\": \"64\"}"
  },
  {
    "config": "prefix",
    "group": "segments",
    "state": "Device=0 num_rows=2097152 shared_suffix=64 segment_profile=few_giants",
    "stable": "False",
    "descending": "False",
    "rounds": 3,
    "ratio": 5.479336170999761,
    "ratio_ci_low": 5.400680375482734,
    "ratio_ci_high": 5.546337150147973,
    "accepted": false,
    "axes": "{\"num_rows\": \"2097152\", \"segment_profile\": \"few_giants\", \"shared_suffix\": \"64\"}"
  },
  {
    "config": "prefix",
    "group": "segments",
    "state": "Device=0 num_rows=32768 shared_suffix=0 segment_profile=one_segment",
    "stable": "False",
    "descending": "False",
    "rounds": 3,
    "ratio": 2.3579765230089693,
    "ratio_ci_low": 2.2884234016353906,
    "ratio_ci_high": 2.4179937982817012,
    "accepted": false,
    "axes": "{\"num_rows\": \"32768\", \"segment_profile\": \"one_segment\", \"shared_suffix\": \"0\"}"
  },
  {
    "config": "prefix",
    "group": "segments",
    "state": "Device=0 num_rows=2097152 shared_suffix=0 segment_profile=one_segment",
    "stable": "False",
    "descending": "False",
    "rounds": 3,
    "ratio": 2.528751580259175,
    "ratio_ci_low": 2.515687197939494,
    "ratio_ci_high": 2.5423752944461446,
    "accepted": false,
    "axes": "{\"num_rows\": \"2097152\", \"segment_profile\": \"one_segment\", \"shared_suffix\": \"0\"}"
  },
  {
    "config": "prefix",
    "group": "segments",
    "state": "Device=0 num_rows=32768 shared_suffix=64 segment_profile=one_segment",
    "stable": "False",
    "descending": "False",
    "rounds": 3,
    "ratio": 5.9571206037167626,
    "ratio_ci_low": 5.842942889057735,
    "ratio_ci_high": 6.039536676992396,
    "accepted": false,
    "axes": "{\"num_rows\": \"32768\", \"segment_profile\": \"one_segment\", \"shared_suffix\": \"64\"}"
  },
  {
    "config": "prefix",
    "group": "segments",
    "state": "Device=0 num_rows=2097152 shared_suffix=64 segment_profile=one_segment",
    "stable": "False",
    "descending": "False",
    "rounds": 3,
    "ratio": 5.707602707937147,
    "ratio_ci_low": 5.6911838244126365,
    "ratio_ci_high": 5.72667362773765,
    "accepted": false,
    "axes": "{\"num_rows\": \"2097152\", \"segment_profile\": \"one_segment\", \"shared_suffix\": \"64\"}"
  },
  {
    "config": "prefix",
    "group": "pr-source",
    "state": "Device=0 num_rows=262144 profile=unique_32",
    "stable": "False",
    "descending": "False",
    "rounds": 3,
    "ratio": 2.398755264699331,
    "ratio_ci_low": 2.366599969650198,
    "ratio_ci_high": 2.431335549272926,
    "accepted": false,
    "axes": "{\"num_rows\": \"262144\", \"profile\": \"unique_32\"}"
  },
  {
    "config": "prefix",
    "group": "pr-source",
    "state": "Device=0 num_rows=2097152 profile=unique_32",
    "stable": "False",
    "descending": "False",
    "rounds": 3,
    "ratio": 2.299705610899053,
    "ratio_ci_low": 2.285751884722289,
    "ratio_ci_high": 2.312697677293774,
    "accepted": false,
    "axes": "{\"num_rows\": \"2097152\", \"profile\": \"unique_32\"}"
  },
  {
    "config": "prefix",
    "group": "pr-source",
    "state": "Device=0 num_rows=262144 profile=duplicates_32",
    "stable": "False",
    "descending": "False",
    "rounds": 3,
    "ratio": 3.13107190997941,
    "ratio_ci_low": 3.088105853068591,
    "ratio_ci_high": 3.154998355793689,
    "accepted": false,
    "axes": "{\"num_rows\": \"262144\", \"profile\": \"duplicates_32\"}"
  },
  {
    "config": "prefix",
    "group": "pr-source",
    "state": "Device=0 num_rows=2097152 profile=duplicates_32",
    "stable": "False",
    "descending": "False",
    "rounds": 3,
    "ratio": 3.166202892915646,
    "ratio_ci_low": 3.1454938870451223,
    "ratio_ci_high": 3.184574846937432,
    "accepted": false,
    "axes": "{\"num_rows\": \"2097152\", \"profile\": \"duplicates_32\"}"
  },
  {
    "config": "prefix",
    "group": "pr-source",
    "state": "Device=0 num_rows=262144 profile=shared_prefix_24",
    "stable": "False",
    "descending": "False",
    "rounds": 3,
    "ratio": 2.3943127843482634,
    "ratio_ci_low": 2.384442345601726,
    "ratio_ci_high": 2.4123360813277603,
    "accepted": false,
    "axes": "{\"num_rows\": \"262144\", \"profile\": \"shared_prefix_24\"}"
  },
  {
    "config": "prefix",
    "group": "pr-source",
    "state": "Device=0 num_rows=2097152 profile=shared_prefix_24",
    "stable": "False",
    "descending": "False",
    "rounds": 3,
    "ratio": 2.311613146561642,
    "ratio_ci_low": 2.298569432335004,
    "ratio_ci_high": 2.331031412427778,
    "accepted": false,
    "axes": "{\"num_rows\": \"2097152\", \"profile\": \"shared_prefix_24\"}"
  },
  {
    "config": "prefix",
    "group": "pr-source",
    "state": "Device=0 num_rows=262144 profile=raw_unique_40",
    "stable": "False",
    "descending": "False",
    "rounds": 3,
    "ratio": 1.2542681443892392,
    "ratio_ci_low": 1.1938941594954098,
    "ratio_ci_high": 1.3091139460027772,
    "accepted": false,
    "axes": "{\"num_rows\": \"262144\", \"profile\": \"raw_unique_40\"}"
  },
  {
    "config": "prefix",
    "group": "pr-source",
    "state": "Device=0 num_rows=2097152 profile=raw_unique_40",
    "stable": "False",
    "descending": "False",
    "rounds": 3,
    "ratio": 2.372350668120647,
    "ratio_ci_low": 2.345686117710189,
    "ratio_ci_high": 2.3848616727239826,
    "accepted": false,
    "axes": "{\"num_rows\": \"2097152\", \"profile\": \"raw_unique_40\"}"
  },
  {
    "config": "prefix",
    "group": "pr-source",
    "state": "Device=0 num_rows=262144 profile=raw_duplicates_40",
    "stable": "False",
    "descending": "False",
    "rounds": 3,
    "ratio": 2.5890001919142387,
    "ratio_ci_low": 2.5770936816480003,
    "ratio_ci_high": 2.61676657963597,
    "accepted": false,
    "axes": "{\"num_rows\": \"262144\", \"profile\": \"raw_duplicates_40\"}"
  },
  {
    "config": "prefix",
    "group": "pr-source",
    "state": "Device=0 num_rows=2097152 profile=raw_duplicates_40",
    "stable": "False",
    "descending": "False",
    "rounds": 3,
    "ratio": 1.4759969129000072,
    "ratio_ci_low": 1.4582106169236382,
    "ratio_ci_high": 1.4933681532310332,
    "accepted": false,
    "axes": "{\"num_rows\": \"2097152\", \"profile\": \"raw_duplicates_40\"}"
  },
  {
    "config": "prefix",
    "group": "pr-source",
    "state": "Device=0 num_rows=262144 profile=raw_shared_prefix_24_width_40",
    "stable": "False",
    "descending": "False",
    "rounds": 3,
    "ratio": 2.8221710358082426,
    "ratio_ci_low": 2.812502394868009,
    "ratio_ci_high": 2.834147378193818,
    "accepted": false,
    "axes": "{\"num_rows\": \"262144\", \"profile\": \"raw_shared_prefix_24_width_40\"}"
  },
  {
    "config": "prefix",
    "group": "pr-source",
    "state": "Device=0 num_rows=2097152 profile=raw_shared_prefix_24_width_40",
    "stable": "False",
    "descending": "False",
    "rounds": 3,
    "ratio": 3.664856054928325,
    "ratio_ci_low": 3.6587806361924478,
    "ratio_ci_high": 3.6769757259704905,
    "accepted": false,
    "axes": "{\"num_rows\": \"2097152\", \"profile\": \"raw_shared_prefix_24_width_40\"}"
  },
  {
    "config": "prefix",
    "group": "pr-workload",
    "state": "Device=0 min_width=0 max_width=32 num_rows=32768 workload=normal",
    "stable": "False",
    "descending": "False",
    "rounds": 3,
    "ratio": 3.214766247774615,
    "ratio_ci_low": 3.141240642309925,
    "ratio_ci_high": 3.3086656122790066,
    "accepted": false,
    "axes": "{\"max_width\": \"32\", \"min_width\": \"0\", \"num_rows\": \"32768\", \"workload\": \"normal\"}"
  },
  {
    "config": "prefix",
    "group": "pr-workload",
    "state": "Device=0 min_width=0 max_width=64 num_rows=32768 workload=normal",
    "stable": "False",
    "descending": "False",
    "rounds": 3,
    "ratio": 5.8660650235342775,
    "ratio_ci_low": 5.767808482453059,
    "ratio_ci_high": 5.990826915663828,
    "accepted": false,
    "axes": "{\"max_width\": \"64\", \"min_width\": \"0\", \"num_rows\": \"32768\", \"workload\": \"normal\"}"
  },
  {
    "config": "prefix",
    "group": "pr-workload",
    "state": "Device=0 min_width=0 max_width=128 num_rows=32768 workload=normal",
    "stable": "False",
    "descending": "False",
    "rounds": 3,
    "ratio": 9.744706286995147,
    "ratio_ci_low": 9.504258068004305,
    "ratio_ci_high": 9.997394360044662,
    "accepted": false,
    "axes": "{\"max_width\": \"128\", \"min_width\": \"0\", \"num_rows\": \"32768\", \"workload\": \"normal\"}"
  },
  {
    "config": "prefix",
    "group": "pr-workload",
    "state": "Device=0 min_width=0 max_width=256 num_rows=32768 workload=normal",
    "stable": "False",
    "descending": "False",
    "rounds": 3,
    "ratio": 14.129044452820157,
    "ratio_ci_low": 13.803925929301961,
    "ratio_ci_high": 14.535559154129322,
    "accepted": false,
    "axes": "{\"max_width\": \"256\", \"min_width\": \"0\", \"num_rows\": \"32768\", \"workload\": \"normal\"}"
  },
  {
    "config": "prefix",
    "group": "pr-workload",
    "state": "Device=0 min_width=0 max_width=32 num_rows=262144 workload=normal",
    "stable": "False",
    "descending": "False",
    "rounds": 3,
    "ratio": 2.399353372488131,
    "ratio_ci_low": 2.382612479120722,
    "ratio_ci_high": 2.423788750440377,
    "accepted": false,
    "axes": "{\"max_width\": \"32\", \"min_width\": \"0\", \"num_rows\": \"262144\", \"workload\": \"normal\"}"
  },
  {
    "config": "prefix",
    "group": "pr-workload",
    "state": "Device=0 min_width=0 max_width=64 num_rows=262144 workload=normal",
    "stable": "False",
    "descending": "False",
    "rounds": 3,
    "ratio": 3.7332211703202796,
    "ratio_ci_low": 3.6176343612344826,
    "ratio_ci_high": 3.846529451086694,
    "accepted": false,
    "axes": "{\"max_width\": \"64\", \"min_width\": \"0\", \"num_rows\": \"262144\", \"workload\": \"normal\"}"
  },
  {
    "config": "prefix",
    "group": "pr-workload",
    "state": "Device=0 min_width=0 max_width=128 num_rows=262144 workload=normal",
    "stable": "False",
    "descending": "False",
    "rounds": 3,
    "ratio": 4.6456883541154665,
    "ratio_ci_low": 4.518553871657353,
    "ratio_ci_high": 4.76387525436343,
    "accepted": false,
    "axes": "{\"max_width\": \"128\", \"min_width\": \"0\", \"num_rows\": \"262144\", \"workload\": \"normal\"}"
  },
  {
    "config": "prefix",
    "group": "pr-workload",
    "state": "Device=0 min_width=0 max_width=256 num_rows=262144 workload=normal",
    "stable": "False",
    "descending": "False",
    "rounds": 3,
    "ratio": 5.712494835958503,
    "ratio_ci_low": 5.526606394574904,
    "ratio_ci_high": 5.9231935146233265,
    "accepted": false,
    "axes": "{\"max_width\": \"256\", \"min_width\": \"0\", \"num_rows\": \"262144\", \"workload\": \"normal\"}"
  },
  {
    "config": "prefix",
    "group": "pr-workload",
    "state": "Device=0 min_width=0 max_width=32 num_rows=2097152 workload=normal",
    "stable": "False",
    "descending": "False",
    "rounds": 3,
    "ratio": 2.086820164988642,
    "ratio_ci_low": 2.0577124613149693,
    "ratio_ci_high": 2.1140821618928705,
    "accepted": false,
    "axes": "{\"max_width\": \"32\", \"min_width\": \"0\", \"num_rows\": \"2097152\", \"workload\": \"normal\"}"
  },
  {
    "config": "prefix",
    "group": "pr-workload",
    "state": "Device=0 min_width=0 max_width=64 num_rows=2097152 workload=normal",
    "stable": "False",
    "descending": "False",
    "rounds": 3,
    "ratio": 2.45724827447858,
    "ratio_ci_low": 2.3849055567992403,
    "ratio_ci_high": 2.5042600665184107,
    "accepted": false,
    "axes": "{\"max_width\": \"64\", \"min_width\": \"0\", \"num_rows\": \"2097152\", \"workload\": \"normal\"}"
  },
  {
    "config": "prefix",
    "group": "pr-workload",
    "state": "Device=0 min_width=0 max_width=128 num_rows=2097152 workload=normal",
    "stable": "False",
    "descending": "False",
    "rounds": 3,
    "ratio": 2.580288499267578,
    "ratio_ci_low": 2.5515060023141474,
    "ratio_ci_high": 2.6004972506482416,
    "accepted": false,
    "axes": "{\"max_width\": \"128\", \"min_width\": \"0\", \"num_rows\": \"2097152\", \"workload\": \"normal\"}"
  },
  {
    "config": "prefix",
    "group": "pr-workload",
    "state": "Device=0 min_width=0 max_width=256 num_rows=2097152 workload=normal",
    "stable": "False",
    "descending": "False",
    "rounds": 3,
    "ratio": 2.4176965332244347,
    "ratio_ci_low": 2.3790903815804243,
    "ratio_ci_high": 2.448887330772029,
    "accepted": false,
    "axes": "{\"max_width\": \"256\", \"min_width\": \"0\", \"num_rows\": \"2097152\", \"workload\": \"normal\"}"
  },
  {
    "config": "prefix",
    "group": "pr-workload",
    "state": "Device=0 min_width=0 max_width=32 num_rows=32768 workload=duplicates",
    "stable": "False",
    "descending": "False",
    "rounds": 3,
    "ratio": 3.0842746167132304,
    "ratio_ci_low": 3.013956520324469,
    "ratio_ci_high": 3.1750809362822876,
    "accepted": false,
    "axes": "{\"max_width\": \"32\", \"min_width\": \"0\", \"num_rows\": \"32768\", \"workload\": \"duplicates\"}"
  },
  {
    "config": "prefix",
    "group": "pr-workload",
    "state": "Device=0 min_width=0 max_width=64 num_rows=32768 workload=duplicates",
    "stable": "False",
    "descending": "False",
    "rounds": 3,
    "ratio": 5.0008572972330745,
    "ratio_ci_low": 4.886864916489431,
    "ratio_ci_high": 5.096064088532934,
    "accepted": false,
    "axes": "{\"max_width\": \"64\", \"min_width\": \"0\", \"num_rows\": \"32768\", \"workload\": \"duplicates\"}"
  },
  {
    "config": "prefix",
    "group": "pr-workload",
    "state": "Device=0 min_width=0 max_width=128 num_rows=32768 workload=duplicates",
    "stable": "False",
    "descending": "False",
    "rounds": 3,
    "ratio": 7.03505330035576,
    "ratio_ci_low": 6.888517004827941,
    "ratio_ci_high": 7.202614117707286,
    "accepted": false,
    "axes": "{\"max_width\": \"128\", \"min_width\": \"0\", \"num_rows\": \"32768\", \"workload\": \"duplicates\"}"
  },
  {
    "config": "prefix",
    "group": "pr-workload",
    "state": "Device=0 min_width=0 max_width=256 num_rows=32768 workload=duplicates",
    "stable": "False",
    "descending": "False",
    "rounds": 3,
    "ratio": 7.60330289225196,
    "ratio_ci_low": 7.453066326331659,
    "ratio_ci_high": 7.718604385120775,
    "accepted": false,
    "axes": "{\"max_width\": \"256\", \"min_width\": \"0\", \"num_rows\": \"32768\", \"workload\": \"duplicates\"}"
  },
  {
    "config": "prefix",
    "group": "pr-workload",
    "state": "Device=0 min_width=0 max_width=32 num_rows=262144 workload=duplicates",
    "stable": "False",
    "descending": "False",
    "rounds": 3,
    "ratio": 2.606504268354675,
    "ratio_ci_low": 2.547422831213453,
    "ratio_ci_high": 2.6965175201797784,
    "accepted": false,
    "axes": "{\"max_width\": \"32\", \"min_width\": \"0\", \"num_rows\": \"262144\", \"workload\": \"duplicates\"}"
  },
  {
    "config": "prefix",
    "group": "pr-workload",
    "state": "Device=0 min_width=0 max_width=64 num_rows=262144 workload=duplicates",
    "stable": "False",
    "descending": "False",
    "rounds": 3,
    "ratio": 3.882009524202627,
    "ratio_ci_low": 3.798090493019629,
    "ratio_ci_high": 3.9811178216597116,
    "accepted": false,
    "axes": "{\"max_width\": \"64\", \"min_width\": \"0\", \"num_rows\": \"262144\", \"workload\": \"duplicates\"}"
  },
  {
    "config": "prefix",
    "group": "pr-workload",
    "state": "Device=0 min_width=0 max_width=128 num_rows=262144 workload=duplicates",
    "stable": "False",
    "descending": "False",
    "rounds": 3,
    "ratio": 5.15880550310345,
    "ratio_ci_low": 5.136772552043718,
    "ratio_ci_high": 5.17062794184656,
    "accepted": false,
    "axes": "{\"max_width\": \"128\", \"min_width\": \"0\", \"num_rows\": \"262144\", \"workload\": \"duplicates\"}"
  },
  {
    "config": "prefix",
    "group": "pr-workload",
    "state": "Device=0 min_width=0 max_width=256 num_rows=262144 workload=duplicates",
    "stable": "False",
    "descending": "False",
    "rounds": 3,
    "ratio": 6.070861459675007,
    "ratio_ci_low": 5.941944828282781,
    "ratio_ci_high": 6.183062753391267,
    "accepted": false,
    "axes": "{\"max_width\": \"256\", \"min_width\": \"0\", \"num_rows\": \"262144\", \"workload\": \"duplicates\"}"
  },
  {
    "config": "prefix",
    "group": "pr-workload",
    "state": "Device=0 min_width=0 max_width=32 num_rows=2097152 workload=duplicates",
    "stable": "False",
    "descending": "False",
    "rounds": 3,
    "ratio": 1.4444598889070321,
    "ratio_ci_low": 1.4381508997518995,
    "ratio_ci_high": 1.4569376107712035,
    "accepted": false,
    "axes": "{\"max_width\": \"32\", \"min_width\": \"0\", \"num_rows\": \"2097152\", \"workload\": \"duplicates\"}"
  },
  {
    "config": "prefix",
    "group": "pr-workload",
    "state": "Device=0 min_width=0 max_width=64 num_rows=2097152 workload=duplicates",
    "stable": "False",
    "descending": "False",
    "rounds": 3,
    "ratio": 1.7969195946191774,
    "ratio_ci_low": 1.7621761243524057,
    "ratio_ci_high": 1.8284974775496297,
    "accepted": false,
    "axes": "{\"max_width\": \"64\", \"min_width\": \"0\", \"num_rows\": \"2097152\", \"workload\": \"duplicates\"}"
  },
  {
    "config": "prefix",
    "group": "pr-workload",
    "state": "Device=0 min_width=0 max_width=128 num_rows=2097152 workload=duplicates",
    "stable": "False",
    "descending": "False",
    "rounds": 3,
    "ratio": 2.149404516460403,
    "ratio_ci_low": 2.1305412677835758,
    "ratio_ci_high": 2.1694036365072926,
    "accepted": false,
    "axes": "{\"max_width\": \"128\", \"min_width\": \"0\", \"num_rows\": \"2097152\", \"workload\": \"duplicates\"}"
  },
  {
    "config": "prefix",
    "group": "pr-workload",
    "state": "Device=0 min_width=0 max_width=256 num_rows=2097152 workload=duplicates",
    "stable": "False",
    "descending": "False",
    "rounds": 3,
    "ratio": 2.3160183191769623,
    "ratio_ci_low": 2.2955153259377807,
    "ratio_ci_high": 2.333509672963387,
    "accepted": false,
    "axes": "{\"max_width\": \"256\", \"min_width\": \"0\", \"num_rows\": \"2097152\", \"workload\": \"duplicates\"}"
  },
  {
    "config": "prefix",
    "group": "pr-workload",
    "state": "Device=0 min_width=0 max_width=32 num_rows=32768 workload=shared_prefix",
    "stable": "False",
    "descending": "False",
    "rounds": 3,
    "ratio": 3.4958808399976884,
    "ratio_ci_low": 3.4307007450380334,
    "ratio_ci_high": 3.5642239823855575,
    "accepted": false,
    "axes": "{\"max_width\": \"32\", \"min_width\": \"0\", \"num_rows\": \"32768\", \"workload\": \"shared_prefix\"}"
  },
  {
    "config": "prefix",
    "group": "pr-workload",
    "state": "Device=0 min_width=0 max_width=64 num_rows=32768 workload=shared_prefix",
    "stable": "False",
    "descending": "False",
    "rounds": 3,
    "ratio": 5.472938531861161,
    "ratio_ci_low": 5.374226094640545,
    "ratio_ci_high": 5.577196074022031,
    "accepted": false,
    "axes": "{\"max_width\": \"64\", \"min_width\": \"0\", \"num_rows\": \"32768\", \"workload\": \"shared_prefix\"}"
  },
  {
    "config": "prefix",
    "group": "pr-workload",
    "state": "Device=0 min_width=0 max_width=128 num_rows=32768 workload=shared_prefix",
    "stable": "False",
    "descending": "False",
    "rounds": 3,
    "ratio": 6.730534180099992,
    "ratio_ci_low": 6.541807799865132,
    "ratio_ci_high": 6.88015435775506,
    "accepted": false,
    "axes": "{\"max_width\": \"128\", \"min_width\": \"0\", \"num_rows\": \"32768\", \"workload\": \"shared_prefix\"}"
  },
  {
    "config": "prefix",
    "group": "pr-workload",
    "state": "Device=0 min_width=0 max_width=256 num_rows=32768 workload=shared_prefix",
    "stable": "False",
    "descending": "False",
    "rounds": 3,
    "ratio": 5.749129451156158,
    "ratio_ci_low": 5.661922293467139,
    "ratio_ci_high": 5.8077713251123475,
    "accepted": false,
    "axes": "{\"max_width\": \"256\", \"min_width\": \"0\", \"num_rows\": \"32768\", \"workload\": \"shared_prefix\"}"
  },
  {
    "config": "prefix",
    "group": "pr-workload",
    "state": "Device=0 min_width=0 max_width=32 num_rows=262144 workload=shared_prefix",
    "stable": "False",
    "descending": "False",
    "rounds": 3,
    "ratio": 3.104124560258956,
    "ratio_ci_low": 3.036035157938546,
    "ratio_ci_high": 3.1594062801602956,
    "accepted": false,
    "axes": "{\"max_width\": \"32\", \"min_width\": \"0\", \"num_rows\": \"262144\", \"workload\": \"shared_prefix\"}"
  },
  {
    "config": "prefix",
    "group": "pr-workload",
    "state": "Device=0 min_width=0 max_width=64 num_rows=262144 workload=shared_prefix",
    "stable": "False",
    "descending": "False",
    "rounds": 3,
    "ratio": 4.448648381118661,
    "ratio_ci_low": 4.37541002633606,
    "ratio_ci_high": 4.512969934272089,
    "accepted": false,
    "axes": "{\"max_width\": \"64\", \"min_width\": \"0\", \"num_rows\": \"262144\", \"workload\": \"shared_prefix\"}"
  },
  {
    "config": "prefix",
    "group": "pr-workload",
    "state": "Device=0 min_width=0 max_width=128 num_rows=262144 workload=shared_prefix",
    "stable": "False",
    "descending": "False",
    "rounds": 3,
    "ratio": 4.971655995315382,
    "ratio_ci_low": 4.897767127684324,
    "ratio_ci_high": 5.048970233172823,
    "accepted": false,
    "axes": "{\"max_width\": \"128\", \"min_width\": \"0\", \"num_rows\": \"262144\", \"workload\": \"shared_prefix\"}"
  },
  {
    "config": "prefix",
    "group": "pr-workload",
    "state": "Device=0 min_width=0 max_width=256 num_rows=262144 workload=shared_prefix",
    "stable": "False",
    "descending": "False",
    "rounds": 3,
    "ratio": 5.076002092267255,
    "ratio_ci_low": 5.014493214671096,
    "ratio_ci_high": 5.121650513650103,
    "accepted": false,
    "axes": "{\"max_width\": \"256\", \"min_width\": \"0\", \"num_rows\": \"262144\", \"workload\": \"shared_prefix\"}"
  },
  {
    "config": "prefix",
    "group": "pr-workload",
    "state": "Device=0 min_width=0 max_width=32 num_rows=2097152 workload=shared_prefix",
    "stable": "False",
    "descending": "False",
    "rounds": 3,
    "ratio": 3.485178781695153,
    "ratio_ci_low": 3.4418588638617797,
    "ratio_ci_high": 3.5229402249476958,
    "accepted": false,
    "axes": "{\"max_width\": \"32\", \"min_width\": \"0\", \"num_rows\": \"2097152\", \"workload\": \"shared_prefix\"}"
  },
  {
    "config": "prefix",
    "group": "pr-workload",
    "state": "Device=0 min_width=0 max_width=64 num_rows=2097152 workload=shared_prefix",
    "stable": "False",
    "descending": "False",
    "rounds": 3,
    "ratio": 5.132523109363331,
    "ratio_ci_low": 5.088818772103461,
    "ratio_ci_high": 5.1608641379486775,
    "accepted": false,
    "axes": "{\"max_width\": \"64\", \"min_width\": \"0\", \"num_rows\": \"2097152\", \"workload\": \"shared_prefix\"}"
  },
  {
    "config": "prefix",
    "group": "pr-workload",
    "state": "Device=0 min_width=0 max_width=128 num_rows=2097152 workload=shared_prefix",
    "stable": "False",
    "descending": "False",
    "rounds": 3,
    "ratio": 5.271771048815022,
    "ratio_ci_low": 5.248049771442586,
    "ratio_ci_high": 5.290712865045205,
    "accepted": false,
    "axes": "{\"max_width\": \"128\", \"min_width\": \"0\", \"num_rows\": \"2097152\", \"workload\": \"shared_prefix\"}"
  },
  {
    "config": "prefix",
    "group": "pr-workload",
    "state": "Device=0 min_width=0 max_width=256 num_rows=2097152 workload=shared_prefix",
    "stable": "False",
    "descending": "False",
    "rounds": 3,
    "ratio": 5.406179544438494,
    "ratio_ci_low": 5.3933674507200715,
    "ratio_ci_high": 5.418596651561636,
    "accepted": false,
    "axes": "{\"max_width\": \"256\", \"min_width\": \"0\", \"num_rows\": \"2097152\", \"workload\": \"shared_prefix\"}"
  },
  {
    "config": "prefix",
    "group": "pr-workload",
    "state": "Device=0 min_width=0 max_width=32 num_rows=262144 workload=variable",
    "stable": "False",
    "descending": "False",
    "rounds": 3,
    "ratio": 1.0687734817575485,
    "ratio_ci_low": 1.0085609116018666,
    "ratio_ci_high": 1.1238513269610595,
    "accepted": false,
    "axes": "{\"max_width\": \"32\", \"min_width\": \"0\", \"num_rows\": \"262144\", \"workload\": \"variable\"}"
  },
  {
    "config": "prefix",
    "group": "pr-workload",
    "state": "Device=0 min_width=0 max_width=64 num_rows=262144 workload=variable",
    "stable": "False",
    "descending": "False",
    "rounds": 3,
    "ratio": 1.1159175638006127,
    "ratio_ci_low": 1.1015098435813995,
    "ratio_ci_high": 1.134472425083564,
    "accepted": false,
    "axes": "{\"max_width\": \"64\", \"min_width\": \"0\", \"num_rows\": \"262144\", \"workload\": \"variable\"}"
  },
  {
    "config": "prefix",
    "group": "pr-workload",
    "state": "Device=0 min_width=0 max_width=128 num_rows=262144 workload=variable",
    "stable": "False",
    "descending": "False",
    "rounds": 3,
    "ratio": 1.1438489658467037,
    "ratio_ci_low": 1.1353699409121794,
    "ratio_ci_high": 1.1548775278219536,
    "accepted": false,
    "axes": "{\"max_width\": \"128\", \"min_width\": \"0\", \"num_rows\": \"262144\", \"workload\": \"variable\"}"
  },
  {
    "config": "prefix",
    "group": "pr-workload",
    "state": "Device=0 min_width=0 max_width=256 num_rows=262144 workload=variable",
    "stable": "False",
    "descending": "False",
    "rounds": 3,
    "ratio": 1.3323360975791492,
    "ratio_ci_low": 1.324750273549896,
    "ratio_ci_high": 1.3384867752693952,
    "accepted": false,
    "axes": "{\"max_width\": \"256\", \"min_width\": \"0\", \"num_rows\": \"262144\", \"workload\": \"variable\"}"
  },
  {
    "config": "prefix",
    "group": "pr-workload",
    "state": "Device=0 min_width=0 max_width=32 num_rows=2097152 workload=variable",
    "stable": "False",
    "descending": "False",
    "rounds": 3,
    "ratio": 2.0685041756450304,
    "ratio_ci_low": 2.0447215953240074,
    "ratio_ci_high": 2.1056822665695822,
    "accepted": false,
    "axes": "{\"max_width\": \"32\", \"min_width\": \"0\", \"num_rows\": \"2097152\", \"workload\": \"variable\"}"
  },
  {
    "config": "prefix",
    "group": "pr-workload",
    "state": "Device=0 min_width=0 max_width=64 num_rows=2097152 workload=variable",
    "stable": "False",
    "descending": "False",
    "rounds": 3,
    "ratio": 2.1313003525700807,
    "ratio_ci_low": 2.103067425185595,
    "ratio_ci_high": 2.1637674420089597,
    "accepted": false,
    "axes": "{\"max_width\": \"64\", \"min_width\": \"0\", \"num_rows\": \"2097152\", \"workload\": \"variable\"}"
  },
  {
    "config": "prefix",
    "group": "pr-workload",
    "state": "Device=0 min_width=0 max_width=128 num_rows=2097152 workload=variable",
    "stable": "False",
    "descending": "False",
    "rounds": 3,
    "ratio": 2.1302176621057254,
    "ratio_ci_low": 2.099539365031715,
    "ratio_ci_high": 2.1720081417385813,
    "accepted": false,
    "axes": "{\"max_width\": \"128\", \"min_width\": \"0\", \"num_rows\": \"2097152\", \"workload\": \"variable\"}"
  },
  {
    "config": "prefix",
    "group": "pr-workload",
    "state": "Device=0 min_width=0 max_width=256 num_rows=2097152 workload=variable",
    "stable": "False",
    "descending": "False",
    "rounds": 3,
    "ratio": 2.248524337137192,
    "ratio_ci_low": 2.2169071353252146,
    "ratio_ci_high": 2.2879151887347757,
    "accepted": false,
    "axes": "{\"max_width\": \"256\", \"min_width\": \"0\", \"num_rows\": \"2097152\", \"workload\": \"variable\"}"
  },
  {
    "config": "prefix",
    "group": "pr-diagnostics",
    "state": "Device=0 num_rows=262144 profile=finish_257",
    "stable": "False",
    "descending": "False",
    "rounds": 3,
    "ratio": 2.222929665301848,
    "ratio_ci_low": 2.097929226133619,
    "ratio_ci_high": 2.31334838586005,
    "accepted": false,
    "axes": "{\"num_rows\": \"262144\", \"profile\": \"finish_257\"}"
  },
  {
    "config": "prefix",
    "group": "pr-diagnostics",
    "state": "Device=0 num_rows=2097152 profile=finish_257",
    "stable": "False",
    "descending": "False",
    "rounds": 3,
    "ratio": 1.8733400662553992,
    "ratio_ci_low": 1.8480862037246337,
    "ratio_ci_high": 1.8960843458375536,
    "accepted": false,
    "axes": "{\"num_rows\": \"2097152\", \"profile\": \"finish_257\"}"
  },
  {
    "config": "prefix",
    "group": "pr-diagnostics",
    "state": "Device=0 num_rows=262144 profile=finish_1024",
    "stable": "False",
    "descending": "False",
    "rounds": 3,
    "ratio": 2.4903999800053285,
    "ratio_ci_low": 2.4457695685864684,
    "ratio_ci_high": 2.531604169035445,
    "accepted": false,
    "axes": "{\"num_rows\": \"262144\", \"profile\": \"finish_1024\"}"
  },
  {
    "config": "prefix",
    "group": "pr-diagnostics",
    "state": "Device=0 num_rows=2097152 profile=finish_1024",
    "stable": "False",
    "descending": "False",
    "rounds": 3,
    "ratio": 2.094052195022031,
    "ratio_ci_low": 2.080071796147429,
    "ratio_ci_high": 2.1071045302928493,
    "accepted": false,
    "axes": "{\"num_rows\": \"2097152\", \"profile\": \"finish_1024\"}"
  },
  {
    "config": "prefix",
    "group": "pr-diagnostics",
    "state": "Device=0 num_rows=262144 profile=finish_4096",
    "stable": "False",
    "descending": "False",
    "rounds": 3,
    "ratio": 3.2277578225160553,
    "ratio_ci_low": 3.1546476074010377,
    "ratio_ci_high": 3.281943923874042,
    "accepted": false,
    "axes": "{\"num_rows\": \"262144\", \"profile\": \"finish_4096\"}"
  },
  {
    "config": "prefix",
    "group": "pr-diagnostics",
    "state": "Device=0 num_rows=2097152 profile=finish_4096",
    "stable": "False",
    "descending": "False",
    "rounds": 3,
    "ratio": 2.5333474657059876,
    "ratio_ci_low": 2.5058619641941857,
    "ratio_ci_high": 2.5519352005677325,
    "accepted": false,
    "axes": "{\"num_rows\": \"2097152\", \"profile\": \"finish_4096\"}"
  },
  {
    "config": "prefix",
    "group": "pr-diagnostics",
    "state": "Device=0 num_rows=262144 profile=active_50",
    "stable": "False",
    "descending": "False",
    "rounds": 3,
    "ratio": 1.8891850993778683,
    "ratio_ci_low": 1.856812282494954,
    "ratio_ci_high": 1.9309369217594283,
    "accepted": false,
    "axes": "{\"num_rows\": \"262144\", \"profile\": \"active_50\"}"
  },
  {
    "config": "prefix",
    "group": "pr-diagnostics",
    "state": "Device=0 num_rows=2097152 profile=active_50",
    "stable": "False",
    "descending": "False",
    "rounds": 3,
    "ratio": 1.5448359610349123,
    "ratio_ci_low": 1.5242759793889176,
    "ratio_ci_high": 1.5688664466064592,
    "accepted": false,
    "axes": "{\"num_rows\": \"2097152\", \"profile\": \"active_50\"}"
  },
  {
    "config": "prefix",
    "group": "pr-diagnostics",
    "state": "Device=0 num_rows=262144 profile=active_10",
    "stable": "False",
    "descending": "False",
    "rounds": 3,
    "ratio": 1.8603134791739417,
    "ratio_ci_low": 1.8251819879873623,
    "ratio_ci_high": 1.8945631927014932,
    "accepted": false,
    "axes": "{\"num_rows\": \"262144\", \"profile\": \"active_10\"}"
  },
  {
    "config": "prefix",
    "group": "pr-diagnostics",
    "state": "Device=0 num_rows=2097152 profile=active_10",
    "stable": "False",
    "descending": "False",
    "rounds": 3,
    "ratio": 1.6973915521108822,
    "ratio_ci_low": 1.660329716848794,
    "ratio_ci_high": 1.723955882954525,
    "accepted": false,
    "axes": "{\"num_rows\": \"2097152\", \"profile\": \"active_10\"}"
  },
  {
    "config": "prefix",
    "group": "pr-diagnostics",
    "state": "Device=0 num_rows=262144 profile=active_1",
    "stable": "False",
    "descending": "False",
    "rounds": 3,
    "ratio": 1.3760326789665533,
    "ratio_ci_low": 1.3323688327700427,
    "ratio_ci_high": 1.4342202792809555,
    "accepted": false,
    "axes": "{\"num_rows\": \"262144\", \"profile\": \"active_1\"}"
  },
  {
    "config": "prefix",
    "group": "pr-diagnostics",
    "state": "Device=0 num_rows=2097152 profile=active_1",
    "stable": "False",
    "descending": "False",
    "rounds": 3,
    "ratio": 1.6501695711811755,
    "ratio_ci_low": 1.6251359482486596,
    "ratio_ci_high": 1.6775766340718326,
    "accepted": false,
    "axes": "{\"num_rows\": \"2097152\", \"profile\": \"active_1\"}"
  },
  {
    "config": "prefix",
    "group": "pr-diagnostics",
    "state": "Device=0 num_rows=262144 profile=active_0_1",
    "stable": "False",
    "descending": "False",
    "rounds": 3,
    "ratio": 1.3968833271521857,
    "ratio_ci_low": 1.2294630203001349,
    "ratio_ci_high": 1.527326525046934,
    "accepted": false,
    "axes": "{\"num_rows\": \"262144\", \"profile\": \"active_0_1\"}"
  },
  {
    "config": "prefix",
    "group": "pr-diagnostics",
    "state": "Device=0 num_rows=2097152 profile=active_0_1",
    "stable": "False",
    "descending": "False",
    "rounds": 3,
    "ratio": 1.51546148325701,
    "ratio_ci_low": 1.4981001454779506,
    "ratio_ci_high": 1.5342082545133613,
    "accepted": false,
    "axes": "{\"num_rows\": \"2097152\", \"profile\": \"active_0_1\"}"
  },
  {
    "config": "prefix",
    "group": "pr-diagnostics",
    "state": "Device=0 num_rows=262144 profile=duplicates_6",
    "stable": "False",
    "descending": "False",
    "rounds": 3,
    "ratio": 1.220145082248198,
    "ratio_ci_low": 1.1995019651944745,
    "ratio_ci_high": 1.2377753948407582,
    "accepted": false,
    "axes": "{\"num_rows\": \"262144\", \"profile\": \"duplicates_6\"}"
  },
  {
    "config": "prefix",
    "group": "pr-diagnostics",
    "state": "Device=0 num_rows=262144 profile=duplicates_8",
    "stable": "False",
    "descending": "False",
    "rounds": 3,
    "ratio": 1.2176014366768664,
    "ratio_ci_low": 1.1426333444260872,
    "ratio_ci_high": 1.273516484709947,
    "accepted": false,
    "axes": "{\"num_rows\": \"262144\", \"profile\": \"duplicates_8\"}"
  },
  {
    "config": "prefix",
    "group": "pr-diagnostics",
    "state": "Device=0 num_rows=262144 profile=duplicates_12",
    "stable": "False",
    "descending": "False",
    "rounds": 3,
    "ratio": 1.27945505656097,
    "ratio_ci_low": 1.2517233966593722,
    "ratio_ci_high": 1.2982057032173562,
    "accepted": false,
    "axes": "{\"num_rows\": \"262144\", \"profile\": \"duplicates_12\"}"
  },
  {
    "config": "prefix",
    "group": "pr-diagnostics",
    "state": "Device=0 num_rows=262144 profile=duplicates_16",
    "stable": "False",
    "descending": "False",
    "rounds": 3,
    "ratio": 1.8535486085637265,
    "ratio_ci_low": 1.8058071016953963,
    "ratio_ci_high": 1.8932452324054627,
    "accepted": false,
    "axes": "{\"num_rows\": \"262144\", \"profile\": \"duplicates_16\"}"
  },
  {
    "config": "prefix",
    "group": "pr-diagnostics",
    "state": "Device=0 num_rows=2097152 profile=duplicates_16",
    "stable": "False",
    "descending": "False",
    "rounds": 3,
    "ratio": 1.2113674679322435,
    "ratio_ci_low": 1.197064404136791,
    "ratio_ci_high": 1.223623880927239,
    "accepted": false,
    "axes": "{\"num_rows\": \"2097152\", \"profile\": \"duplicates_16\"}"
  },
  {
    "config": "prefix",
    "group": "pr-diagnostics",
    "state": "Device=0 num_rows=262144 profile=duplicates_24",
    "stable": "False",
    "descending": "False",
    "rounds": 3,
    "ratio": 2.1735578170987044,
    "ratio_ci_low": 2.1398155181524694,
    "ratio_ci_high": 2.2043973655699793,
    "accepted": false,
    "axes": "{\"num_rows\": \"262144\", \"profile\": \"duplicates_24\"}"
  },
  {
    "config": "prefix",
    "group": "pr-diagnostics",
    "state": "Device=0 num_rows=2097152 profile=duplicates_24",
    "stable": "False",
    "descending": "False",
    "rounds": 3,
    "ratio": 1.3505319803654385,
    "ratio_ci_low": 1.334065543829161,
    "ratio_ci_high": 1.366709005932843,
    "accepted": false,
    "axes": "{\"num_rows\": \"2097152\", \"profile\": \"duplicates_24\"}"
  },
  {
    "config": "prefix",
    "group": "pr-diagnostics",
    "state": "Device=0 num_rows=262144 profile=duplicates_32",
    "stable": "False",
    "descending": "False",
    "rounds": 3,
    "ratio": 2.417619841916139,
    "ratio_ci_low": 2.372134279302797,
    "ratio_ci_high": 2.456596844090557,
    "accepted": false,
    "axes": "{\"num_rows\": \"262144\", \"profile\": \"duplicates_32\"}"
  },
  {
    "config": "prefix",
    "group": "pr-diagnostics",
    "state": "Device=0 num_rows=2097152 profile=duplicates_32",
    "stable": "False",
    "descending": "False",
    "rounds": 3,
    "ratio": 1.4165081701206992,
    "ratio_ci_low": 1.3960802570708442,
    "ratio_ci_high": 1.434320879005011,
    "accepted": false,
    "axes": "{\"num_rows\": \"2097152\", \"profile\": \"duplicates_32\"}"
  },
  {
    "config": "prefix",
    "group": "pr-diagnostics",
    "state": "Device=0 num_rows=262144 profile=rle_misaligned",
    "stable": "False",
    "descending": "False",
    "rounds": 3,
    "ratio": 4.329910631617027,
    "ratio_ci_low": 4.222759949869055,
    "ratio_ci_high": 4.436488081559885,
    "accepted": false,
    "axes": "{\"num_rows\": \"262144\", \"profile\": \"rle_misaligned\"}"
  },
  {
    "config": "prefix",
    "group": "pr-diagnostics",
    "state": "Device=0 num_rows=2097152 profile=rle_misaligned",
    "stable": "False",
    "descending": "False",
    "rounds": 3,
    "ratio": 3.5428754876816586,
    "ratio_ci_low": 3.516329270883788,
    "ratio_ci_high": 3.562664789100487,
    "accepted": false,
    "axes": "{\"num_rows\": \"2097152\", \"profile\": \"rle_misaligned\"}"
  },
  {
    "config": "prefix",
    "group": "end-to-end",
    "state": "Device=0 min_width=0 max_width=32 num_rows=262144 workload=normal",
    "stable": "False",
    "descending": "False",
    "rounds": 3,
    "ratio": 2.134027735144293,
    "ratio_ci_low": 2.0808238430609634,
    "ratio_ci_high": 2.176136386957253,
    "accepted": false,
    "axes": "{\"max_width\": \"32\", \"min_width\": \"0\", \"num_rows\": \"262144\", \"workload\": \"normal\"}"
  },
  {
    "config": "prefix",
    "group": "end-to-end",
    "state": "Device=0 min_width=0 max_width=256 num_rows=262144 workload=normal",
    "stable": "False",
    "descending": "False",
    "rounds": 3,
    "ratio": 5.346269596558432,
    "ratio_ci_low": 5.289339668918878,
    "ratio_ci_high": 5.425338677143241,
    "accepted": false,
    "axes": "{\"max_width\": \"256\", \"min_width\": \"0\", \"num_rows\": \"262144\", \"workload\": \"normal\"}"
  },
  {
    "config": "prefix",
    "group": "end-to-end",
    "state": "Device=0 min_width=0 max_width=32 num_rows=2097152 workload=normal",
    "stable": "False",
    "descending": "False",
    "rounds": 3,
    "ratio": 1.8822557079681734,
    "ratio_ci_low": 1.842062287859162,
    "ratio_ci_high": 1.9285075471256605,
    "accepted": false,
    "axes": "{\"max_width\": \"32\", \"min_width\": \"0\", \"num_rows\": \"2097152\", \"workload\": \"normal\"}"
  },
  {
    "config": "prefix",
    "group": "end-to-end",
    "state": "Device=0 min_width=0 max_width=256 num_rows=2097152 workload=normal",
    "stable": "False",
    "descending": "False",
    "rounds": 3,
    "ratio": 2.3045315762875553,
    "ratio_ci_low": 2.2689087427759462,
    "ratio_ci_high": 2.3315529340358045,
    "accepted": false,
    "axes": "{\"max_width\": \"256\", \"min_width\": \"0\", \"num_rows\": \"2097152\", \"workload\": \"normal\"}"
  },
  {
    "config": "prefix",
    "group": "end-to-end",
    "state": "Device=0 min_width=0 max_width=32 num_rows=262144 workload=duplicates",
    "stable": "False",
    "descending": "False",
    "rounds": 3,
    "ratio": 2.329237951818421,
    "ratio_ci_low": 2.291583680832917,
    "ratio_ci_high": 2.365720996093921,
    "accepted": false,
    "axes": "{\"max_width\": \"32\", \"min_width\": \"0\", \"num_rows\": \"262144\", \"workload\": \"duplicates\"}"
  },
  {
    "config": "prefix",
    "group": "end-to-end",
    "state": "Device=0 min_width=0 max_width=256 num_rows=262144 workload=duplicates",
    "stable": "False",
    "descending": "False",
    "rounds": 3,
    "ratio": 5.7026589503014,
    "ratio_ci_low": 5.667102247969209,
    "ratio_ci_high": 5.722303864374194,
    "accepted": false,
    "axes": "{\"max_width\": \"256\", \"min_width\": \"0\", \"num_rows\": \"262144\", \"workload\": \"duplicates\"}"
  },
  {
    "config": "prefix",
    "group": "end-to-end",
    "state": "Device=0 min_width=0 max_width=32 num_rows=2097152 workload=duplicates",
    "stable": "False",
    "descending": "False",
    "rounds": 3,
    "ratio": 1.3822895835679494,
    "ratio_ci_low": 1.3772189617620636,
    "ratio_ci_high": 1.3933035062052816,
    "accepted": false,
    "axes": "{\"max_width\": \"32\", \"min_width\": \"0\", \"num_rows\": \"2097152\", \"workload\": \"duplicates\"}"
  },
  {
    "config": "prefix",
    "group": "end-to-end",
    "state": "Device=0 min_width=0 max_width=256 num_rows=2097152 workload=duplicates",
    "stable": "False",
    "descending": "False",
    "rounds": 3,
    "ratio": 2.260948956950246,
    "ratio_ci_low": 2.2419703159344566,
    "ratio_ci_high": 2.2864970306850534,
    "accepted": false,
    "axes": "{\"max_width\": \"256\", \"min_width\": \"0\", \"num_rows\": \"2097152\", \"workload\": \"duplicates\"}"
  },
  {
    "config": "prefix",
    "group": "end-to-end",
    "state": "Device=0 min_width=0 max_width=32 num_rows=262144 workload=shared_prefix",
    "stable": "False",
    "descending": "False",
    "rounds": 3,
    "ratio": 2.7897826255786464,
    "ratio_ci_low": 2.753864748362112,
    "ratio_ci_high": 2.831108663827141,
    "accepted": false,
    "axes": "{\"max_width\": \"32\", \"min_width\": \"0\", \"num_rows\": \"262144\", \"workload\": \"shared_prefix\"}"
  },
  {
    "config": "prefix",
    "group": "end-to-end",
    "state": "Device=0 min_width=0 max_width=256 num_rows=262144 workload=shared_prefix",
    "stable": "False",
    "descending": "False",
    "rounds": 3,
    "ratio": 4.955712291081107,
    "ratio_ci_low": 4.942165389876275,
    "ratio_ci_high": 4.979454696992422,
    "accepted": false,
    "axes": "{\"max_width\": \"256\", \"min_width\": \"0\", \"num_rows\": \"262144\", \"workload\": \"shared_prefix\"}"
  },
  {
    "config": "prefix",
    "group": "end-to-end",
    "state": "Device=0 min_width=0 max_width=32 num_rows=2097152 workload=shared_prefix",
    "stable": "False",
    "descending": "False",
    "rounds": 3,
    "ratio": 3.2490223266506546,
    "ratio_ci_low": 3.2356819220578954,
    "ratio_ci_high": 3.2580091308738486,
    "accepted": false,
    "axes": "{\"max_width\": \"32\", \"min_width\": \"0\", \"num_rows\": \"2097152\", \"workload\": \"shared_prefix\"}"
  },
  {
    "config": "prefix",
    "group": "end-to-end",
    "state": "Device=0 min_width=0 max_width=256 num_rows=2097152 workload=shared_prefix",
    "stable": "False",
    "descending": "False",
    "rounds": 3,
    "ratio": 5.3526206283758695,
    "ratio_ci_low": 5.340071531876567,
    "ratio_ci_high": 5.361337569429522,
    "accepted": false,
    "axes": "{\"max_width\": \"256\", \"min_width\": \"0\", \"num_rows\": \"2097152\", \"workload\": \"shared_prefix\"}"
  },
  {
    "config": "prefix",
    "group": "end-to-end",
    "state": "Device=0 min_width=0 max_width=32 num_rows=262144 workload=variable",
    "stable": "False",
    "descending": "False",
    "rounds": 3,
    "ratio": 1.035238929989401,
    "ratio_ci_low": 1.0032160999209079,
    "ratio_ci_high": 1.0729307102659857,
    "accepted": false,
    "axes": "{\"max_width\": \"32\", \"min_width\": \"0\", \"num_rows\": \"262144\", \"workload\": \"variable\"}"
  },
  {
    "config": "prefix",
    "group": "end-to-end",
    "state": "Device=0 min_width=0 max_width=256 num_rows=262144 workload=variable",
    "stable": "False",
    "descending": "False",
    "rounds": 3,
    "ratio": 1.2145249653528445,
    "ratio_ci_low": 1.183168492358965,
    "ratio_ci_high": 1.2412192454193247,
    "accepted": false,
    "axes": "{\"max_width\": \"256\", \"min_width\": \"0\", \"num_rows\": \"262144\", \"workload\": \"variable\"}"
  },
  {
    "config": "prefix",
    "group": "end-to-end",
    "state": "Device=0 min_width=0 max_width=32 num_rows=2097152 workload=variable",
    "stable": "False",
    "descending": "False",
    "rounds": 3,
    "ratio": 1.6224609911494439,
    "ratio_ci_low": 1.5869741390719783,
    "ratio_ci_high": 1.650486422165085,
    "accepted": false,
    "axes": "{\"max_width\": \"32\", \"min_width\": \"0\", \"num_rows\": \"2097152\", \"workload\": \"variable\"}"
  },
  {
    "config": "prefix",
    "group": "end-to-end",
    "state": "Device=0 min_width=0 max_width=256 num_rows=2097152 workload=variable",
    "stable": "False",
    "descending": "False",
    "rounds": 3,
    "ratio": 1.5912983678985495,
    "ratio_ci_low": 1.5731774669664627,
    "ratio_ci_high": 1.611867532776442,
    "accepted": false,
    "axes": "{\"max_width\": \"256\", \"min_width\": \"0\", \"num_rows\": \"2097152\", \"workload\": \"variable\"}"
  },
  {
    "config": "prefix",
    "group": "pr-zero-collisions",
    "state": "Device=0 num_rows=32768 profile=zero_collision_pass2",
    "stable": "False",
    "descending": "False",
    "rounds": 3,
    "ratio": 1.8821786285654818,
    "ratio_ci_low": 1.8262634234652846,
    "ratio_ci_high": 1.9279696203320604,
    "accepted": false,
    "axes": "{\"num_rows\": \"32768\", \"profile\": \"zero_collision_pass2\"}"
  },
  {
    "config": "prefix",
    "group": "main",
    "state": "Device=0 min_width=1 max_width=8 num_rows=32768",
    "stable": "False",
    "descending": "False",
    "rounds": 3,
    "ratio": 1.1202377083693662,
    "ratio_ci_low": 1.0405187762820571,
    "ratio_ci_high": 1.1694829139354683,
    "accepted": false,
    "axes": "{\"max_width\": \"8\", \"min_width\": \"1\", \"num_rows\": \"32768\"}"
  },
  {
    "config": "prefix",
    "group": "main",
    "state": "Device=0 min_width=1 max_width=32 num_rows=32768",
    "stable": "False",
    "descending": "False",
    "rounds": 3,
    "ratio": 3.3447905909466185,
    "ratio_ci_low": 3.3110977365843355,
    "ratio_ci_high": 3.3753852821662527,
    "accepted": false,
    "axes": "{\"max_width\": \"32\", \"min_width\": \"1\", \"num_rows\": \"32768\"}"
  },
  {
    "config": "prefix",
    "group": "main",
    "state": "Device=0 min_width=1 max_width=64 num_rows=32768",
    "stable": "False",
    "descending": "False",
    "rounds": 3,
    "ratio": 5.899517645910419,
    "ratio_ci_low": 5.881048082543368,
    "ratio_ci_high": 5.922402845252461,
    "accepted": false,
    "axes": "{\"max_width\": \"64\", \"min_width\": \"1\", \"num_rows\": \"32768\"}"
  },
  {
    "config": "prefix",
    "group": "main",
    "state": "Device=0 min_width=1 max_width=128 num_rows=32768",
    "stable": "False",
    "descending": "False",
    "rounds": 3,
    "ratio": 9.385596564396982,
    "ratio_ci_low": 9.237306108756279,
    "ratio_ci_high": 9.52789044839332,
    "accepted": false,
    "axes": "{\"max_width\": \"128\", \"min_width\": \"1\", \"num_rows\": \"32768\"}"
  },
  {
    "config": "prefix",
    "group": "main",
    "state": "Device=0 min_width=1 max_width=256 num_rows=32768",
    "stable": "False",
    "descending": "False",
    "rounds": 3,
    "ratio": 13.000401340271297,
    "ratio_ci_low": 12.726585158844633,
    "ratio_ci_high": 13.276742964207767,
    "accepted": false,
    "axes": "{\"max_width\": \"256\", \"min_width\": \"1\", \"num_rows\": \"32768\"}"
  },
  {
    "config": "prefix",
    "group": "main",
    "state": "Device=0 min_width=1 max_width=8 num_rows=262144",
    "stable": "False",
    "descending": "False",
    "rounds": 3,
    "ratio": 1.1581549170674021,
    "ratio_ci_low": 1.151825613642066,
    "ratio_ci_high": 1.1674486595180715,
    "accepted": false,
    "axes": "{\"max_width\": \"8\", \"min_width\": \"1\", \"num_rows\": \"262144\"}"
  },
  {
    "config": "prefix",
    "group": "main",
    "state": "Device=0 min_width=1 max_width=32 num_rows=262144",
    "stable": "False",
    "descending": "False",
    "rounds": 3,
    "ratio": 2.5493192075648965,
    "ratio_ci_low": 2.5381982675701944,
    "ratio_ci_high": 2.5658427782570867,
    "accepted": false,
    "axes": "{\"max_width\": \"32\", \"min_width\": \"1\", \"num_rows\": \"262144\"}"
  },
  {
    "config": "prefix",
    "group": "main",
    "state": "Device=0 min_width=1 max_width=64 num_rows=262144",
    "stable": "False",
    "descending": "False",
    "rounds": 3,
    "ratio": 3.736312059781619,
    "ratio_ci_low": 3.6744421070554174,
    "ratio_ci_high": 3.7951872511717157,
    "accepted": false,
    "axes": "{\"max_width\": \"64\", \"min_width\": \"1\", \"num_rows\": \"262144\"}"
  },
  {
    "config": "prefix",
    "group": "main",
    "state": "Device=0 min_width=1 max_width=128 num_rows=262144",
    "stable": "False",
    "descending": "False",
    "rounds": 3,
    "ratio": 4.750296106615292,
    "ratio_ci_low": 4.691514732151012,
    "ratio_ci_high": 4.836369211809585,
    "accepted": false,
    "axes": "{\"max_width\": \"128\", \"min_width\": \"1\", \"num_rows\": \"262144\"}"
  },
  {
    "config": "prefix",
    "group": "main",
    "state": "Device=0 min_width=1 max_width=256 num_rows=262144",
    "stable": "False",
    "descending": "False",
    "rounds": 3,
    "ratio": 5.636415180080436,
    "ratio_ci_low": 5.5712773856417375,
    "ratio_ci_high": 5.682298013052756,
    "accepted": false,
    "axes": "{\"max_width\": \"256\", \"min_width\": \"1\", \"num_rows\": \"262144\"}"
  },
  {
    "config": "prefix",
    "group": "main",
    "state": "Device=0 min_width=1 max_width=8 num_rows=2097152",
    "stable": "False",
    "descending": "False",
    "rounds": 3,
    "ratio": 1.791807176378639,
    "ratio_ci_low": 1.7705761169570324,
    "ratio_ci_high": 1.8183509796791526,
    "accepted": false,
    "axes": "{\"max_width\": \"8\", \"min_width\": \"1\", \"num_rows\": \"2097152\"}"
  },
  {
    "config": "prefix",
    "group": "main",
    "state": "Device=0 min_width=1 max_width=32 num_rows=2097152",
    "stable": "False",
    "descending": "False",
    "rounds": 3,
    "ratio": 2.1272273854162354,
    "ratio_ci_low": 2.096915573711957,
    "ratio_ci_high": 2.152082756110516,
    "accepted": false,
    "axes": "{\"max_width\": \"32\", \"min_width\": \"1\", \"num_rows\": \"2097152\"}"
  },
  {
    "config": "prefix",
    "group": "main",
    "state": "Device=0 min_width=1 max_width=64 num_rows=2097152",
    "stable": "False",
    "descending": "False",
    "rounds": 3,
    "ratio": 2.5032737390400897,
    "ratio_ci_low": 2.4591188611606296,
    "ratio_ci_high": 2.555641082404911,
    "accepted": false,
    "axes": "{\"max_width\": \"64\", \"min_width\": \"1\", \"num_rows\": \"2097152\"}"
  },
  {
    "config": "prefix",
    "group": "main",
    "state": "Device=0 min_width=1 max_width=128 num_rows=2097152",
    "stable": "False",
    "descending": "False",
    "rounds": 3,
    "ratio": 2.6041248050544548,
    "ratio_ci_low": 2.5867910876774878,
    "ratio_ci_high": 2.640124661697188,
    "accepted": false,
    "axes": "{\"max_width\": \"128\", \"min_width\": \"1\", \"num_rows\": \"2097152\"}"
  },
  {
    "config": "prefix",
    "group": "main",
    "state": "Device=0 min_width=1 max_width=256 num_rows=2097152",
    "stable": "False",
    "descending": "False",
    "rounds": 3,
    "ratio": 2.4382529899847203,
    "ratio_ci_low": 2.433419552914549,
    "ratio_ci_high": 2.446957024894132,
    "accepted": false,
    "axes": "{\"max_width\": \"256\", \"min_width\": \"1\", \"num_rows\": \"2097152\"}"
  },
  {
    "config": "prefix",
    "group": "main",
    "state": "Device=0 min_width=1 max_width=8 num_rows=16777216",
    "stable": "False",
    "descending": "False",
    "rounds": 3,
    "ratio": 2.371644696203393,
    "ratio_ci_low": 2.360030849645479,
    "ratio_ci_high": 2.385550919166697,
    "accepted": false,
    "axes": "{\"max_width\": \"8\", \"min_width\": \"1\", \"num_rows\": \"16777216\"}"
  },
  {
    "config": "prefix",
    "group": "main",
    "state": "Device=0 min_width=1 max_width=32 num_rows=16777216",
    "stable": "False",
    "descending": "False",
    "rounds": 3,
    "ratio": 2.5328889242483394,
    "ratio_ci_low": 2.5079475632286785,
    "ratio_ci_high": 2.567774232174429,
    "accepted": false,
    "axes": "{\"max_width\": \"32\", \"min_width\": \"1\", \"num_rows\": \"16777216\"}"
  },
  {
    "config": "prefix",
    "group": "main",
    "state": "Device=0 min_width=1 max_width=64 num_rows=16777216",
    "stable": "False",
    "descending": "False",
    "rounds": 3,
    "ratio": 2.3616262316698413,
    "ratio_ci_low": 2.342403608199889,
    "ratio_ci_high": 2.3904744109475566,
    "accepted": false,
    "axes": "{\"max_width\": \"64\", \"min_width\": \"1\", \"num_rows\": \"16777216\"}"
  },
  {
    "config": "prefix",
    "group": "main",
    "state": "Device=0 min_width=1 max_width=128 num_rows=16777216",
    "stable": "False",
    "descending": "False",
    "rounds": 3,
    "ratio": 2.205987252842386,
    "ratio_ci_low": 2.188395367821132,
    "ratio_ci_high": 2.2175450963552046,
    "accepted": false,
    "axes": "{\"max_width\": \"128\", \"min_width\": \"1\", \"num_rows\": \"16777216\"}"
  },
  {
    "config": "prefix",
    "group": "main",
    "state": "Device=0 min_width=1 max_width=256 num_rows=16777216",
    "stable": "False",
    "descending": "False",
    "rounds": 3,
    "ratio": 2.518905157461763,
    "ratio_ci_low": 2.5010108891547373,
    "ratio_ci_high": 2.5319467013287147,
    "accepted": false,
    "axes": "{\"max_width\": \"256\", \"min_width\": \"1\", \"num_rows\": \"16777216\"}"
  },
  {
    "config": "prefix",
    "group": "main",
    "state": "Device=0 num_rows=262144 profile=cardinality_64_width_128",
    "stable": "False",
    "descending": "False",
    "rounds": 3,
    "ratio": 5.3007676875973715,
    "ratio_ci_low": 5.266268684870458,
    "ratio_ci_high": 5.348510384063753,
    "accepted": false,
    "axes": "{\"num_rows\": \"262144\", \"profile\": \"cardinality_64_width_128\"}"
  },
  {
    "config": "prefix",
    "group": "main",
    "state": "Device=0 num_rows=2097152 profile=cardinality_64_width_128",
    "stable": "False",
    "descending": "False",
    "rounds": 3,
    "ratio": 2.079858214897586,
    "ratio_ci_low": 2.059925865482626,
    "ratio_ci_high": 2.1017486639676592,
    "accepted": false,
    "axes": "{\"num_rows\": \"2097152\", \"profile\": \"cardinality_64_width_128\"}"
  },
  {
    "config": "prefix",
    "group": "main",
    "state": "Device=0 num_rows=262144 profile=shared_prefix_64",
    "stable": "False",
    "descending": "False",
    "rounds": 3,
    "ratio": 4.267660233533902,
    "ratio_ci_low": 4.221453865826225,
    "ratio_ci_high": 4.305999084248698,
    "accepted": false,
    "axes": "{\"num_rows\": \"262144\", \"profile\": \"shared_prefix_64\"}"
  },
  {
    "config": "prefix",
    "group": "main",
    "state": "Device=0 num_rows=2097152 profile=shared_prefix_64",
    "stable": "False",
    "descending": "False",
    "rounds": 3,
    "ratio": 4.778565757892645,
    "ratio_ci_low": 4.776073827017797,
    "ratio_ci_high": 4.781708318707092,
    "accepted": false,
    "axes": "{\"num_rows\": \"2097152\", \"profile\": \"shared_prefix_64\"}"
  },
  {
    "config": "prefix",
    "group": "main",
    "state": "Device=0 num_rows=262144 profile=variable_128",
    "stable": "False",
    "descending": "False",
    "rounds": 3,
    "ratio": 1.1568664360781433,
    "ratio_ci_low": 1.1392583055886971,
    "ratio_ci_high": 1.1676176904084985,
    "accepted": false,
    "axes": "{\"num_rows\": \"262144\", \"profile\": \"variable_128\"}"
  },
  {
    "config": "prefix",
    "group": "main",
    "state": "Device=0 num_rows=2097152 profile=variable_128",
    "stable": "False",
    "descending": "False",
    "rounds": 3,
    "ratio": 2.1357613332814345,
    "ratio_ci_low": 2.1184029940325497,
    "ratio_ci_high": 2.1648371595609177,
    "accepted": false,
    "axes": "{\"num_rows\": \"2097152\", \"profile\": \"variable_128\"}"
  },
  {
    "config": "prefix",
    "group": "main",
    "state": "Device=0 num_rows=262144 profile=fixed_8 null_percent=0",
    "stable": "False",
    "descending": "False",
    "rounds": 3,
    "ratio": 1.243099714702352,
    "ratio_ci_low": 1.2271907125059818,
    "ratio_ci_high": 1.2683009744067837,
    "accepted": false,
    "axes": "{\"null_percent\": \"0\", \"num_rows\": \"262144\", \"profile\": \"fixed_8\"}"
  },
  {
    "config": "prefix",
    "group": "main",
    "state": "Device=0 num_rows=2097152 profile=fixed_8 null_percent=0",
    "stable": "False",
    "descending": "False",
    "rounds": 3,
    "ratio": 2.477823445597483,
    "ratio_ci_low": 2.465121601071632,
    "ratio_ci_high": 2.4844297095746946,
    "accepted": false,
    "axes": "{\"null_percent\": \"0\", \"num_rows\": \"2097152\", \"profile\": \"fixed_8\"}"
  },
  {
    "config": "prefix",
    "group": "main",
    "state": "Device=0 num_rows=262144 profile=variable_128 null_percent=0",
    "stable": "False",
    "descending": "False",
    "rounds": 3,
    "ratio": 1.1743728753683822,
    "ratio_ci_low": 1.1401813444724047,
    "ratio_ci_high": 1.1998307575213913,
    "accepted": false,
    "axes": "{\"null_percent\": \"0\", \"num_rows\": \"262144\", \"profile\": \"variable_128\"}"
  },
  {
    "config": "prefix",
    "group": "main",
    "state": "Device=0 num_rows=2097152 profile=variable_128 null_percent=0",
    "stable": "False",
    "descending": "False",
    "rounds": 3,
    "ratio": 2.1247647105690795,
    "ratio_ci_low": 2.118048830996542,
    "ratio_ci_high": 2.1290930429266073,
    "accepted": false,
    "axes": "{\"null_percent\": \"0\", \"num_rows\": \"2097152\", \"profile\": \"variable_128\"}"
  },
  {
    "config": "prefix",
    "group": "main",
    "state": "Device=0 num_rows=262144 profile=fixed_8 null_percent=50",
    "stable": "False",
    "descending": "False",
    "rounds": 3,
    "ratio": 1.6186037885402556,
    "ratio_ci_low": 1.598328685947238,
    "ratio_ci_high": 1.647599940400321,
    "accepted": false,
    "axes": "{\"null_percent\": \"50\", \"num_rows\": \"262144\", \"profile\": \"fixed_8\"}"
  },
  {
    "config": "prefix",
    "group": "main",
    "state": "Device=0 num_rows=2097152 profile=fixed_8 null_percent=50",
    "stable": "False",
    "descending": "False",
    "rounds": 3,
    "ratio": 1.5882903046717136,
    "ratio_ci_low": 1.5792825108215502,
    "ratio_ci_high": 1.5956521565955244,
    "accepted": false,
    "axes": "{\"null_percent\": \"50\", \"num_rows\": \"2097152\", \"profile\": \"fixed_8\"}"
  },
  {
    "config": "prefix",
    "group": "main",
    "state": "Device=0 num_rows=262144 profile=variable_128 null_percent=50",
    "stable": "False",
    "descending": "False",
    "rounds": 3,
    "ratio": 1.3955972182996874,
    "ratio_ci_low": 1.3829825706655017,
    "ratio_ci_high": 1.4113355582980571,
    "accepted": false,
    "axes": "{\"null_percent\": \"50\", \"num_rows\": \"262144\", \"profile\": \"variable_128\"}"
  },
  {
    "config": "prefix",
    "group": "main",
    "state": "Device=0 num_rows=2097152 profile=variable_128 null_percent=50",
    "stable": "False",
    "descending": "False",
    "rounds": 3,
    "ratio": 1.5655017280226502,
    "ratio_ci_low": 1.5529908482538484,
    "ratio_ci_high": 1.5740646217590222,
    "accepted": false,
    "axes": "{\"null_percent\": \"50\", \"num_rows\": \"2097152\", \"profile\": \"variable_128\"}"
  },
  {
    "config": "prefix",
    "group": "target",
    "state": "Device=0 num_rows=262144 max_width=128 cardinality=1",
    "stable": "False",
    "descending": "False",
    "rounds": 3,
    "ratio": 4.036332948584126,
    "ratio_ci_low": 3.920477443851831,
    "ratio_ci_high": 4.129273140959938,
    "accepted": false,
    "axes": "{\"cardinality\": \"1\", \"max_width\": \"128\", \"num_rows\": \"262144\"}"
  },
  {
    "config": "prefix",
    "group": "target",
    "state": "Device=0 num_rows=2097152 max_width=128 cardinality=1",
    "stable": "False",
    "descending": "False",
    "rounds": 3,
    "ratio": 5.015513628581068,
    "ratio_ci_low": 4.95573415336968,
    "ratio_ci_high": 5.05672720653057,
    "accepted": false,
    "axes": "{\"cardinality\": \"1\", \"max_width\": \"128\", \"num_rows\": \"2097152\"}"
  },
  {
    "config": "prefix",
    "group": "target",
    "state": "Device=0 num_rows=262144 max_width=32 cardinality=64",
    "stable": "False",
    "descending": "False",
    "rounds": 3,
    "ratio": 2.7463228929951335,
    "ratio_ci_low": 2.6949151322532643,
    "ratio_ci_high": 2.789668264038339,
    "accepted": false,
    "axes": "{\"cardinality\": \"64\", \"max_width\": \"32\", \"num_rows\": \"262144\"}"
  },
  {
    "config": "prefix",
    "group": "target",
    "state": "Device=0 num_rows=2097152 max_width=32 cardinality=64",
    "stable": "False",
    "descending": "False",
    "rounds": 3,
    "ratio": 1.5639213140079848,
    "ratio_ci_low": 1.5036883941401067,
    "ratio_ci_high": 1.6122578570652142,
    "accepted": false,
    "axes": "{\"cardinality\": \"64\", \"max_width\": \"32\", \"num_rows\": \"2097152\"}"
  },
  {
    "config": "prefix",
    "group": "target",
    "state": "Device=0 num_rows=262144 max_width=128 cardinality=64",
    "stable": "False",
    "descending": "False",
    "rounds": 3,
    "ratio": 5.269050711764631,
    "ratio_ci_low": 5.117726377830432,
    "ratio_ci_high": 5.431701664860468,
    "accepted": false,
    "axes": "{\"cardinality\": \"64\", \"max_width\": \"128\", \"num_rows\": \"262144\"}"
  },
  {
    "config": "prefix",
    "group": "target",
    "state": "Device=0 num_rows=2097152 max_width=128 cardinality=64",
    "stable": "False",
    "descending": "False",
    "rounds": 3,
    "ratio": 2.0840796447786425,
    "ratio_ci_low": 2.0377887972180293,
    "ratio_ci_high": 2.1451982646357908,
    "accepted": false,
    "axes": "{\"cardinality\": \"64\", \"max_width\": \"128\", \"num_rows\": \"2097152\"}"
  },
  {
    "config": "prefix",
    "group": "target",
    "state": "Device=0 num_rows=2097152 max_width=32 cardinality=0",
    "stable": "False",
    "descending": "False",
    "rounds": 3,
    "ratio": 2.0972314707684956,
    "ratio_ci_low": 2.0325386373438556,
    "ratio_ci_high": 2.1429728501478698,
    "accepted": false,
    "axes": "{\"cardinality\": \"0\", \"max_width\": \"32\", \"num_rows\": \"2097152\"}"
  },
  {
    "config": "prefix",
    "group": "target",
    "state": "Device=0 num_rows=262144 max_width=128 cardinality=0",
    "stable": "False",
    "descending": "False",
    "rounds": 3,
    "ratio": 1.180150382513566,
    "ratio_ci_low": 1.122485732569661,
    "ratio_ci_high": 1.2242667976709627,
    "accepted": false,
    "axes": "{\"cardinality\": \"0\", \"max_width\": \"128\", \"num_rows\": \"262144\"}"
  },
  {
    "config": "prefix",
    "group": "target",
    "state": "Device=0 num_rows=2097152 max_width=128 cardinality=0",
    "stable": "False",
    "descending": "False",
    "rounds": 3,
    "ratio": 2.1554083403105206,
    "ratio_ci_low": 2.076667018848014,
    "ratio_ci_high": 2.2115487196808763,
    "accepted": false,
    "axes": "{\"cardinality\": \"0\", \"max_width\": \"128\", \"num_rows\": \"2097152\"}"
  },
  {
    "config": "prefix",
    "group": "target",
    "state": "Device=0 num_rows=262144 prefix_width=4 suffix_width=32 prefix_cardinality=1",
    "stable": "False",
    "descending": "False",
    "rounds": 3,
    "ratio": 1.253289967693942,
    "ratio_ci_low": 1.1566756190045162,
    "ratio_ci_high": 1.3252499152317552,
    "accepted": false,
    "axes": "{\"num_rows\": \"262144\", \"prefix_cardinality\": \"1\", \"prefix_width\": \"4\", \"suffix_width\": \"32\"}"
  },
  {
    "config": "prefix",
    "group": "target",
    "state": "Device=0 num_rows=2097152 prefix_width=4 suffix_width=32 prefix_cardinality=1",
    "stable": "False",
    "descending": "False",
    "rounds": 3,
    "ratio": 2.334499491222479,
    "ratio_ci_low": 2.2716551592239114,
    "ratio_ci_high": 2.381364174257086,
    "accepted": false,
    "axes": "{\"num_rows\": \"2097152\", \"prefix_cardinality\": \"1\", \"prefix_width\": \"4\", \"suffix_width\": \"32\"}"
  },
  {
    "config": "prefix",
    "group": "target",
    "state": "Device=0 num_rows=262144 prefix_width=8 suffix_width=32 prefix_cardinality=1",
    "stable": "False",
    "descending": "False",
    "rounds": 3,
    "ratio": 1.2975361106402417,
    "ratio_ci_low": 1.2683114517748897,
    "ratio_ci_high": 1.3190310843634354,
    "accepted": false,
    "axes": "{\"num_rows\": \"262144\", \"prefix_cardinality\": \"1\", \"prefix_width\": \"8\", \"suffix_width\": \"32\"}"
  },
  {
    "config": "prefix",
    "group": "target",
    "state": "Device=0 num_rows=2097152 prefix_width=8 suffix_width=32 prefix_cardinality=1",
    "stable": "False",
    "descending": "False",
    "rounds": 3,
    "ratio": 1.5236533448200895,
    "ratio_ci_low": 1.5156474727398173,
    "ratio_ci_high": 1.531526655391277,
    "accepted": false,
    "axes": "{\"num_rows\": \"2097152\", \"prefix_cardinality\": \"1\", \"prefix_width\": \"8\", \"suffix_width\": \"32\"}"
  },
  {
    "config": "prefix",
    "group": "target",
    "state": "Device=0 num_rows=262144 prefix_width=10 suffix_width=32 prefix_cardinality=1",
    "stable": "False",
    "descending": "False",
    "rounds": 3,
    "ratio": 1.5418485595408675,
    "ratio_ci_low": 1.5124685132928255,
    "ratio_ci_high": 1.5839214674056838,
    "accepted": false,
    "axes": "{\"num_rows\": \"262144\", \"prefix_cardinality\": \"1\", \"prefix_width\": \"10\", \"suffix_width\": \"32\"}"
  },
  {
    "config": "prefix",
    "group": "target",
    "state": "Device=0 num_rows=2097152 prefix_width=10 suffix_width=32 prefix_cardinality=1",
    "stable": "False",
    "descending": "False",
    "rounds": 3,
    "ratio": 1.782484450123554,
    "ratio_ci_low": 1.7811326058212098,
    "ratio_ci_high": 1.782979929502205,
    "accepted": false,
    "axes": "{\"num_rows\": \"2097152\", \"prefix_cardinality\": \"1\", \"prefix_width\": \"10\", \"suffix_width\": \"32\"}"
  },
  {
    "config": "prefix",
    "group": "target",
    "state": "Device=0 num_rows=262144 prefix_width=11 suffix_width=32 prefix_cardinality=1",
    "stable": "False",
    "descending": "False",
    "rounds": 3,
    "ratio": 1.699090111644362,
    "ratio_ci_low": 1.6705487792732123,
    "ratio_ci_high": 1.7257135703583162,
    "accepted": false,
    "axes": "{\"num_rows\": \"262144\", \"prefix_cardinality\": \"1\", \"prefix_width\": \"11\", \"suffix_width\": \"32\"}"
  },
  {
    "config": "prefix",
    "group": "target",
    "state": "Device=0 num_rows=2097152 prefix_width=11 suffix_width=32 prefix_cardinality=1",
    "stable": "False",
    "descending": "False",
    "rounds": 3,
    "ratio": 1.9206007016914535,
    "ratio_ci_low": 1.9073290739597992,
    "ratio_ci_high": 1.930963773174458,
    "accepted": false,
    "axes": "{\"num_rows\": \"2097152\", \"prefix_cardinality\": \"1\", \"prefix_width\": \"11\", \"suffix_width\": \"32\"}"
  },
  {
    "config": "prefix",
    "group": "target",
    "state": "Device=0 num_rows=262144 prefix_width=12 suffix_width=32 prefix_cardinality=1",
    "stable": "False",
    "descending": "False",
    "rounds": 3,
    "ratio": 1.8371073950624228,
    "ratio_ci_low": 1.8001145643834866,
    "ratio_ci_high": 1.8692401609040301,
    "accepted": false,
    "axes": "{\"num_rows\": \"262144\", \"prefix_cardinality\": \"1\", \"prefix_width\": \"12\", \"suffix_width\": \"32\"}"
  },
  {
    "config": "prefix",
    "group": "target",
    "state": "Device=0 num_rows=2097152 prefix_width=12 suffix_width=32 prefix_cardinality=1",
    "stable": "False",
    "descending": "False",
    "rounds": 3,
    "ratio": 2.0773089073526325,
    "ratio_ci_low": 2.071668317976309,
    "ratio_ci_high": 2.0864674473438294,
    "accepted": false,
    "axes": "{\"num_rows\": \"2097152\", \"prefix_cardinality\": \"1\", \"prefix_width\": \"12\", \"suffix_width\": \"32\"}"
  },
  {
    "config": "prefix",
    "group": "target",
    "state": "Device=0 num_rows=262144 prefix_width=64 suffix_width=32 prefix_cardinality=1",
    "stable": "False",
    "descending": "False",
    "rounds": 3,
    "ratio": 4.275083893492203,
    "ratio_ci_low": 4.1922913491216995,
    "ratio_ci_high": 4.348862200965888,
    "accepted": false,
    "axes": "{\"num_rows\": \"262144\", \"prefix_cardinality\": \"1\", \"prefix_width\": \"64\", \"suffix_width\": \"32\"}"
  },
  {
    "config": "prefix",
    "group": "target",
    "state": "Device=0 num_rows=2097152 prefix_width=64 suffix_width=32 prefix_cardinality=1",
    "stable": "False",
    "descending": "False",
    "rounds": 3,
    "ratio": 4.798383399254706,
    "ratio_ci_low": 4.76837096576095,
    "ratio_ci_high": 4.819720164431465,
    "accepted": false,
    "axes": "{\"num_rows\": \"2097152\", \"prefix_cardinality\": \"1\", \"prefix_width\": \"64\", \"suffix_width\": \"32\"}"
  },
  {
    "config": "prefix",
    "group": "target",
    "state": "Device=0 num_rows=262144 prefix_width=4 suffix_width=32 prefix_cardinality=64",
    "stable": "False",
    "descending": "False",
    "rounds": 3,
    "ratio": 1.3046662060507892,
    "ratio_ci_low": 1.2059267552047372,
    "ratio_ci_high": 1.3737520778990273,
    "accepted": false,
    "axes": "{\"num_rows\": \"262144\", \"prefix_cardinality\": \"64\", \"prefix_width\": \"4\", \"suffix_width\": \"32\"}"
  },
  {
    "config": "prefix",
    "group": "target",
    "state": "Device=0 num_rows=2097152 prefix_width=4 suffix_width=32 prefix_cardinality=64",
    "stable": "False",
    "descending": "False",
    "rounds": 3,
    "ratio": 2.535828256350862,
    "ratio_ci_low": 2.4689291766628063,
    "ratio_ci_high": 2.584551477083801,
    "accepted": false,
    "axes": "{\"num_rows\": \"2097152\", \"prefix_cardinality\": \"64\", \"prefix_width\": \"4\", \"suffix_width\": \"32\"}"
  },
  {
    "config": "prefix",
    "group": "target",
    "state": "Device=0 num_rows=262144 prefix_width=8 suffix_width=32 prefix_cardinality=64",
    "stable": "False",
    "descending": "False",
    "rounds": 3,
    "ratio": 1.2723263630465127,
    "ratio_ci_low": 1.2148478715692204,
    "ratio_ci_high": 1.3135781724904962,
    "accepted": false,
    "axes": "{\"num_rows\": \"262144\", \"prefix_cardinality\": \"64\", \"prefix_width\": \"8\", \"suffix_width\": \"32\"}"
  },
  {
    "config": "prefix",
    "group": "target",
    "state": "Device=0 num_rows=2097152 prefix_width=8 suffix_width=32 prefix_cardinality=64",
    "stable": "False",
    "descending": "False",
    "rounds": 3,
    "ratio": 1.083041755231793,
    "ratio_ci_low": 1.077543174873088,
    "ratio_ci_high": 1.0899574268089187,
    "accepted": false,
    "axes": "{\"num_rows\": \"2097152\", \"prefix_cardinality\": \"64\", \"prefix_width\": \"8\", \"suffix_width\": \"32\"}"
  },
  {
    "config": "prefix",
    "group": "target",
    "state": "Device=0 num_rows=262144 prefix_width=10 suffix_width=32 prefix_cardinality=64",
    "stable": "False",
    "descending": "False",
    "rounds": 3,
    "ratio": 1.472885760423847,
    "ratio_ci_low": 1.4181853669765507,
    "ratio_ci_high": 1.51085822543384,
    "accepted": false,
    "axes": "{\"num_rows\": \"262144\", \"prefix_cardinality\": \"64\", \"prefix_width\": \"10\", \"suffix_width\": \"32\"}"
  },
  {
    "config": "prefix",
    "group": "target",
    "state": "Device=0 num_rows=2097152 prefix_width=10 suffix_width=32 prefix_cardinality=64",
    "stable": "False",
    "descending": "False",
    "rounds": 3,
    "ratio": 1.207657998449135,
    "ratio_ci_low": 1.2018779903688936,
    "ratio_ci_high": 1.213950379051826,
    "accepted": false,
    "axes": "{\"num_rows\": \"2097152\", \"prefix_cardinality\": \"64\", \"prefix_width\": \"10\", \"suffix_width\": \"32\"}"
  },
  {
    "config": "prefix",
    "group": "target",
    "state": "Device=0 num_rows=262144 prefix_width=11 suffix_width=32 prefix_cardinality=64",
    "stable": "False",
    "descending": "False",
    "rounds": 3,
    "ratio": 1.5676948051191775,
    "ratio_ci_low": 1.5089709536808786,
    "ratio_ci_high": 1.613181702377039,
    "accepted": false,
    "axes": "{\"num_rows\": \"262144\", \"prefix_cardinality\": \"64\", \"prefix_width\": \"11\", \"suffix_width\": \"32\"}"
  },
  {
    "config": "prefix",
    "group": "target",
    "state": "Device=0 num_rows=2097152 prefix_width=11 suffix_width=32 prefix_cardinality=64",
    "stable": "False",
    "descending": "False",
    "rounds": 3,
    "ratio": 1.3067906997225007,
    "ratio_ci_low": 1.30069988743985,
    "ratio_ci_high": 1.3133319790604574,
    "accepted": false,
    "axes": "{\"num_rows\": \"2097152\", \"prefix_cardinality\": \"64\", \"prefix_width\": \"11\", \"suffix_width\": \"32\"}"
  },
  {
    "config": "prefix",
    "group": "target",
    "state": "Device=0 num_rows=262144 prefix_width=12 suffix_width=32 prefix_cardinality=64",
    "stable": "False",
    "descending": "False",
    "rounds": 3,
    "ratio": 1.6517265491776865,
    "ratio_ci_low": 1.6191104785118844,
    "ratio_ci_high": 1.6948238194645073,
    "accepted": false,
    "axes": "{\"num_rows\": \"262144\", \"prefix_cardinality\": \"64\", \"prefix_width\": \"12\", \"suffix_width\": \"32\"}"
  },
  {
    "config": "prefix",
    "group": "target",
    "state": "Device=0 num_rows=2097152 prefix_width=12 suffix_width=32 prefix_cardinality=64",
    "stable": "False",
    "descending": "False",
    "rounds": 3,
    "ratio": 1.4099032702848386,
    "ratio_ci_low": 1.39836714827104,
    "ratio_ci_high": 1.418462308163305,
    "accepted": false,
    "axes": "{\"num_rows\": \"2097152\", \"prefix_cardinality\": \"64\", \"prefix_width\": \"12\", \"suffix_width\": \"32\"}"
  },
  {
    "config": "prefix",
    "group": "target",
    "state": "Device=0 num_rows=262144 prefix_width=64 suffix_width=32 prefix_cardinality=64",
    "stable": "False",
    "descending": "False",
    "rounds": 3,
    "ratio": 4.163274363637304,
    "ratio_ci_low": 4.084751132693472,
    "ratio_ci_high": 4.2181454690235825,
    "accepted": false,
    "axes": "{\"num_rows\": \"262144\", \"prefix_cardinality\": \"64\", \"prefix_width\": \"64\", \"suffix_width\": \"32\"}"
  },
  {
    "config": "prefix",
    "group": "target",
    "state": "Device=0 num_rows=2097152 prefix_width=64 suffix_width=32 prefix_cardinality=64",
    "stable": "False",
    "descending": "False",
    "rounds": 3,
    "ratio": 3.179204747832071,
    "ratio_ci_low": 3.17288730766318,
    "ratio_ci_high": 3.1839184592598735,
    "accepted": false,
    "axes": "{\"num_rows\": \"2097152\", \"prefix_cardinality\": \"64\", \"prefix_width\": \"64\", \"suffix_width\": \"32\"}"
  },
  {
    "config": "prefix",
    "group": "constant",
    "state": "Device=0 num_rows=262144 prefix_width=32 suffix_width=0 prefix_cardinality=1",
    "stable": "False",
    "descending": "False",
    "rounds": 3,
    "ratio": 2.395225809340101,
    "ratio_ci_low": 2.342103096615203,
    "ratio_ci_high": 2.4849578709440934,
    "accepted": false,
    "axes": "{\"num_rows\": \"262144\", \"prefix_cardinality\": \"1\", \"prefix_width\": \"32\", \"suffix_width\": \"0\"}"
  },
  {
    "config": "prefix",
    "group": "constant",
    "state": "Device=0 num_rows=2097152 prefix_width=32 suffix_width=0 prefix_cardinality=1",
    "stable": "False",
    "descending": "False",
    "rounds": 3,
    "ratio": 2.341168831400322,
    "ratio_ci_low": 2.3288047469703548,
    "ratio_ci_high": 2.3696746171418033,
    "accepted": false,
    "axes": "{\"num_rows\": \"2097152\", \"prefix_cardinality\": \"1\", \"prefix_width\": \"32\", \"suffix_width\": \"0\"}"
  }
]
