config,group,benchmark,state,stable,descending,gpu_ms,round_min_ms,round_max_ms,noise_max_pct,peak_MiB,axes
pr2-p32-c4096,pr-workload,sorted_order_strings_workload,Device=0 min_width=0 max_width=32 num_rows=32768 workload=normal,False,False,0.34185759872198107,0.3402224004268647,0.3504704013466835,1.3975640817048232,1.3583993911743164,"{""max_width"": ""32"", ""min_width"": ""0"", ""num_rows"": ""32768"", ""workload"": ""normal""}"
pr2-p32-c4096,pr-workload,sorted_order_strings_workload,Device=0 min_width=0 max_width=64 num_rows=32768 workload=normal,False,False,0.3960464030504226,0.39545279890298846,0.40294559895992277,0.8021013330483298,1.3583993911743164,"{""max_width"": ""64"", ""min_width"": ""0"", ""num_rows"": ""32768"", ""workload"": ""normal""}"
pr2-p32-c4096,pr-workload,sorted_order_strings_workload,Device=0 min_width=0 max_width=128 num_rows=32768 workload=normal,False,False,0.49385919719934457,0.4896607980132103,0.5003535985946657,0.855910686582359,1.3583993911743164,"{""max_width"": ""128"", ""min_width"": ""0"", ""num_rows"": ""32768"", ""workload"": ""normal""}"
pr2-p32-c4096,pr-workload,sorted_order_strings_workload,Device=0 min_width=0 max_width=256 num_rows=32768 workload=normal,False,False,0.634748789668083,0.6340000003576279,0.637727999687195,0.5179043137301627,1.3583993911743164,"{""max_width"": ""256"", ""min_width"": ""0"", ""num_rows"": ""32768"", ""workload"": ""normal""}"
pr2-p32-c4096,pr-workload,sorted_order_strings_workload,Device=0 min_width=0 max_width=32 num_rows=262144 workload=normal,False,False,0.41229600012302403,0.4099792003631592,0.4162079975008963,1.3160350378207528,10.804566383361816,"{""max_width"": ""32"", ""min_width"": ""0"", ""num_rows"": ""262144"", ""workload"": ""normal""}"
pr2-p32-c4096,pr-workload,sorted_order_strings_workload,Device=0 min_width=0 max_width=64 num_rows=262144 workload=normal,False,False,0.48912319839000695,0.48548000007867814,0.48939199745655065,3.2135644850143628,10.804566383361816,"{""max_width"": ""64"", ""min_width"": ""0"", ""num_rows"": ""262144"", ""workload"": ""normal""}"
pr2-p32-c4096,pr-workload,sorted_order_strings_workload,Device=0 min_width=0 max_width=128 num_rows=262144 workload=normal,False,False,0.6430367946624755,0.639387196302414,0.6466720044612884,1.0896207758157015,10.804566383361816,"{""max_width"": ""128"", ""min_width"": ""0"", ""num_rows"": ""262144"", ""workload"": ""normal""}"
pr2-p32-c4096,pr-workload,sorted_order_strings_workload,Device=0 min_width=0 max_width=256 num_rows=262144 workload=normal,False,False,0.997369599342346,0.9969983994960786,1.0036480098962786,0.7653962119286043,10.804566383361816,"{""max_width"": ""256"", ""min_width"": ""0"", ""num_rows"": ""262144"", ""workload"": ""normal""}"
pr2-p32-c4096,pr-workload,sorted_order_strings_workload,Device=0 min_width=0 max_width=32 num_rows=2097152 workload=normal,False,False,0.9165264010429384,0.9160928040742873,0.9197152018547058,2.410880666450691,86.37292575836182,"{""max_width"": ""32"", ""min_width"": ""0"", ""num_rows"": ""2097152"", ""workload"": ""normal""}"
pr2-p32-c4096,pr-workload,sorted_order_strings_workload,Device=0 min_width=0 max_width=64 num_rows=2097152 workload=normal,False,False,1.0934080064296725,1.0919408082962034,1.1019183993339539,0.9561417104476124,86.37292575836182,"{""max_width"": ""64"", ""min_width"": ""0"", ""num_rows"": ""2097152"", ""workload"": ""normal""}"
pr2-p32-c4096,pr-workload,sorted_order_strings_workload,Device=0 min_width=0 max_width=128 num_rows=2097152 workload=normal,False,False,1.743132799863815,1.7419407904148096,1.746006393432617,0.7760440499160878,86.37292575836182,"{""max_width"": ""128"", ""min_width"": ""0"", ""num_rows"": ""2097152"", ""workload"": ""normal""}"
pr2-p32-c4096,pr-workload,sorted_order_strings_workload,Device=0 min_width=0 max_width=256 num_rows=2097152 workload=normal,False,False,3.53452318906784,3.529356801509857,3.5415711760520923,0.7349719404254125,86.37292575836182,"{""max_width"": ""256"", ""min_width"": ""0"", ""num_rows"": ""2097152"", ""workload"": ""normal""}"
pr2-p32-c4096,pr-workload,sorted_order_strings_workload,Device=0 min_width=0 max_width=32 num_rows=32768 workload=duplicates,False,False,0.2508992001414299,0.25076959952712063,0.2590367987751961,0.9651754471820758,1.3583993911743164,"{""max_width"": ""32"", ""min_width"": ""0"", ""num_rows"": ""32768"", ""workload"": ""duplicates""}"
pr2-p32-c4096,pr-workload,sorted_order_strings_workload,Device=0 min_width=0 max_width=64 num_rows=32768 workload=duplicates,False,False,0.2720271974802017,0.2693168014287948,0.2761615961790085,2.5404974662308386,1.3583993911743164,"{""max_width"": ""64"", ""min_width"": ""0"", ""num_rows"": ""32768"", ""workload"": ""duplicates""}"
pr2-p32-c4096,pr-workload,sorted_order_strings_workload,Device=0 min_width=0 max_width=128 num_rows=32768 workload=duplicates,False,False,0.3115823999047279,0.3111504018306733,0.3148704007267952,1.9593969282098211,1.3583993911743164,"{""max_width"": ""128"", ""min_width"": ""0"", ""num_rows"": ""32768"", ""workload"": ""duplicates""}"
pr2-p32-c4096,pr-workload,sorted_order_strings_workload,Device=0 min_width=0 max_width=256 num_rows=32768 workload=duplicates,False,False,0.38757120072841644,0.386284801363945,0.39179840087890627,1.3475582284191734,1.3583993911743164,"{""max_width"": ""256"", ""min_width"": ""0"", ""num_rows"": ""32768"", ""workload"": ""duplicates""}"
pr2-p32-c4096,pr-workload,sorted_order_strings_workload,Device=0 min_width=0 max_width=32 num_rows=262144 workload=duplicates,False,False,0.7529504090547561,0.7475535959005356,0.756017604470253,3.3660418181333087,10.804566383361816,"{""max_width"": ""32"", ""min_width"": ""0"", ""num_rows"": ""262144"", ""workload"": ""duplicates""}"
pr2-p32-c4096,pr-workload,sorted_order_strings_workload,Device=0 min_width=0 max_width=64 num_rows=262144 workload=duplicates,False,False,1.2442943930625916,1.2432703971862793,1.258336001634598,1.8383301888189387,10.804566383361816,"{""max_width"": ""64"", ""min_width"": ""0"", ""num_rows"": ""262144"", ""workload"": ""duplicates""}"
pr2-p32-c4096,pr-workload,sorted_order_strings_workload,Device=0 min_width=0 max_width=128 num_rows=262144 workload=duplicates,False,False,2.5420688033103946,2.5125328183174136,2.5694911837577816,24.642391402859406,10.804566383361816,"{""max_width"": ""128"", ""min_width"": ""0"", ""num_rows"": ""262144"", ""workload"": ""duplicates""}"
pr2-p32-c4096,pr-workload,sorted_order_strings_workload,Device=0 min_width=0 max_width=256 num_rows=262144 workload=duplicates,False,False,4.684716773033143,4.66253764629364,4.729364776611328,0.6258326048272976,10.804566383361816,"{""max_width"": ""256"", ""min_width"": ""0"", ""num_rows"": ""262144"", ""workload"": ""duplicates""}"
pr2-p32-c4096,pr-workload,sorted_order_strings_workload,Device=0 min_width=0 max_width=32 num_rows=2097152 workload=duplicates,False,False,1.775318396091461,1.7691855967044834,1.7767808079719547,0.8994977882236725,86.37292575836182,"{""max_width"": ""32"", ""min_width"": ""0"", ""num_rows"": ""2097152"", ""workload"": ""duplicates""}"
pr2-p32-c4096,pr-workload,sorted_order_strings_workload,Device=0 min_width=0 max_width=64 num_rows=2097152 workload=duplicates,False,False,3.3166384100913997,3.298604786396026,3.320105612277984,1.206136613872436,86.37292575836182,"{""max_width"": ""64"", ""min_width"": ""0"", ""num_rows"": ""2097152"", ""workload"": ""duplicates""}"
pr2-p32-c4096,pr-workload,sorted_order_strings_workload,Device=0 min_width=0 max_width=128 num_rows=2097152 workload=duplicates,False,False,6.764313578605652,6.739356756210328,6.764644813537597,0.8074114043232093,86.37292575836182,"{""max_width"": ""128"", ""min_width"": ""0"", ""num_rows"": ""2097152"", ""workload"": ""duplicates""}"
pr2-p32-c4096,pr-workload,sorted_order_strings_workload,Device=0 min_width=0 max_width=256 num_rows=2097152 workload=duplicates,False,False,13.696897459030147,13.667767953872682,13.707239961624147,0.4604454262234552,86.37292575836182,"{""max_width"": ""256"", ""min_width"": ""0"", ""num_rows"": ""2097152"", ""workload"": ""duplicates""}"
pr2-p32-c4096,pr-workload,sorted_order_strings_workload,Device=0 min_width=0 max_width=32 num_rows=32768 workload=shared_prefix,False,False,1.3042687952518461,1.3023647964000704,1.3128015935420994,0.444231675537721,1.3583993911743164,"{""max_width"": ""32"", ""min_width"": ""0"", ""num_rows"": ""32768"", ""workload"": ""shared_prefix""}"
pr2-p32-c4096,pr-workload,sorted_order_strings_workload,Device=0 min_width=0 max_width=64 num_rows=32768 workload=shared_prefix,False,False,2.359640026092529,2.3562335968017574,2.3645728111267093,1.3051847875863027,1.3583993911743164,"{""max_width"": ""64"", ""min_width"": ""0"", ""num_rows"": ""32768"", ""workload"": ""shared_prefix""}"
pr2-p32-c4096,pr-workload,sorted_order_strings_workload,Device=0 min_width=0 max_width=128 num_rows=32768 workload=shared_prefix,False,False,4.4664448261261,4.455367994308473,4.472055983543396,0.678925112560426,1.3583993911743164,"{""max_width"": ""128"", ""min_width"": ""0"", ""num_rows"": ""32768"", ""workload"": ""shared_prefix""}"
pr2-p32-c4096,pr-workload,sorted_order_strings_workload,Device=0 min_width=0 max_width=256 num_rows=32768 workload=shared_prefix,False,False,8.657318401336669,8.651263999938966,8.677303981781007,0.3453008277123281,1.3583993911743164,"{""max_width"": ""256"", ""min_width"": ""0"", ""num_rows"": ""32768"", ""workload"": ""shared_prefix""}"
pr2-p32-c4096,pr-workload,sorted_order_strings_workload,Device=0 min_width=0 max_width=32 num_rows=262144 workload=shared_prefix,False,False,6.929766392707826,6.927238368988037,6.9352319717407225,0.11354165450855822,10.804566383361816,"{""max_width"": ""32"", ""min_width"": ""0"", ""num_rows"": ""262144"", ""workload"": ""shared_prefix""}"
pr2-p32-c4096,pr-workload,sorted_order_strings_workload,Device=0 min_width=0 max_width=64 num_rows=262144 workload=shared_prefix,False,False,12.83208804130554,12.825444793701175,12.840897607803347,0.08061162708508714,10.804566383361816,"{""max_width"": ""64"", ""min_width"": ""0"", ""num_rows"": ""262144"", ""workload"": ""shared_prefix""}"
pr2-p32-c4096,pr-workload,sorted_order_strings_workload,Device=0 min_width=0 max_width=128 num_rows=262144 workload=shared_prefix,False,False,24.915564727783202,24.8915807723999,24.936086368560797,0.04889605851902105,10.804566383361816,"{""max_width"": ""128"", ""min_width"": ""0"", ""num_rows"": ""262144"", ""workload"": ""shared_prefix""}"
pr2-p32-c4096,pr-workload,sorted_order_strings_workload,Device=0 min_width=0 max_width=256 num_rows=262144 workload=shared_prefix,False,False,49.10144462585449,49.08937664031982,49.130318069458,0.06820211264717596,10.804566383361816,"{""max_width"": ""256"", ""min_width"": ""0"", ""num_rows"": ""262144"", ""workload"": ""shared_prefix""}"
pr2-p32-c4096,pr-workload,sorted_order_strings_workload,Device=0 min_width=0 max_width=32 num_rows=2097152 workload=shared_prefix,False,False,67.25088462829589,67.24062347412108,67.25246505737304,0.02630119687766267,86.37292575836182,"{""max_width"": ""32"", ""min_width"": ""0"", ""num_rows"": ""2097152"", ""workload"": ""shared_prefix""}"
pr2-p32-c4096,pr-workload,sorted_order_strings_workload,Device=0 min_width=0 max_width=64 num_rows=2097152 workload=shared_prefix,False,False,133.4197296142578,133.40870361328126,133.42698287963867,0.024439427903828283,86.37292575836182,"{""max_width"": ""64"", ""min_width"": ""0"", ""num_rows"": ""2097152"", ""workload"": ""shared_prefix""}"
pr2-p32-c4096,pr-workload,sorted_order_strings_workload,Device=0 min_width=0 max_width=128 num_rows=2097152 workload=shared_prefix,False,False,265.89050750732423,265.87574310302733,265.93862457275384,0.01719730149489442,86.37292575836182,"{""max_width"": ""128"", ""min_width"": ""0"", ""num_rows"": ""2097152"", ""workload"": ""shared_prefix""}"
pr2-p32-c4096,pr-workload,sorted_order_strings_workload,Device=0 min_width=0 max_width=256 num_rows=2097152 workload=shared_prefix,False,False,531.126724243164,531.0896331787111,531.1529388427734,0.010559948043428347,86.37292575836182,"{""max_width"": ""256"", ""min_width"": ""0"", ""num_rows"": ""2097152"", ""workload"": ""shared_prefix""}"
pr2-p32-c4096,pr-workload,sorted_order_strings_workload,Device=0 min_width=0 max_width=32 num_rows=32768 workload=variable,False,False,0.3204799979925156,0.31985600143671034,0.3273663982748985,2.929071290399225,1.3583993911743164,"{""max_width"": ""32"", ""min_width"": ""0"", ""num_rows"": ""32768"", ""workload"": ""variable""}"
pr2-p32-c4096,pr-workload,sorted_order_strings_workload,Device=0 min_width=0 max_width=64 num_rows=32768 workload=variable,False,False,0.3322959989309311,0.32966880202293397,0.3387135997414588,1.2578542057100963,1.3583993911743164,"{""max_width"": ""64"", ""min_width"": ""0"", ""num_rows"": ""32768"", ""workload"": ""variable""}"
pr2-p32-c4096,pr-workload,sorted_order_strings_workload,Device=0 min_width=0 max_width=128 num_rows=32768 workload=variable,False,False,0.35450720041990286,0.3536768004298209,0.3574207976460457,0.8929319013564302,1.3583993911743164,"{""max_width"": ""128"", ""min_width"": ""0"", ""num_rows"": ""32768"", ""workload"": ""variable""}"
pr2-p32-c4096,pr-workload,sorted_order_strings_workload,Device=0 min_width=0 max_width=256 num_rows=32768 workload=variable,False,False,0.3801232025027275,0.37988800108432774,0.38255679905414575,0.5321721310109602,1.3583993911743164,"{""max_width"": ""256"", ""min_width"": ""0"", ""num_rows"": ""32768"", ""workload"": ""variable""}"
pr2-p32-c4096,pr-workload,sorted_order_strings_workload,Device=0 min_width=0 max_width=32 num_rows=262144 workload=variable,False,False,0.34960480332374566,0.34933439940214156,0.36114879995584487,3.925010093066695,10.804566383361816,"{""max_width"": ""32"", ""min_width"": ""0"", ""num_rows"": ""262144"", ""workload"": ""variable""}"
pr2-p32-c4096,pr-workload,sorted_order_strings_workload,Device=0 min_width=0 max_width=64 num_rows=262144 workload=variable,False,False,0.35867200195789334,0.3566080033779144,0.3669647976756096,1.2763625067486823,10.804566383361816,"{""max_width"": ""64"", ""min_width"": ""0"", ""num_rows"": ""262144"", ""workload"": ""variable""}"
pr2-p32-c4096,pr-workload,sorted_order_strings_workload,Device=0 min_width=0 max_width=128 num_rows=262144 workload=variable,False,False,0.37968479841947556,0.3767808020114899,0.3992127999663352,4.387939782100057,10.804566383361816,"{""max_width"": ""128"", ""min_width"": ""0"", ""num_rows"": ""262144"", ""workload"": ""variable""}"
pr2-p32-c4096,pr-workload,sorted_order_strings_workload,Device=0 min_width=0 max_width=256 num_rows=262144 workload=variable,False,False,0.4268816009163857,0.42492800205945974,0.4332208007574082,1.0827024928685718,10.804566383361816,"{""max_width"": ""256"", ""min_width"": ""0"", ""num_rows"": ""262144"", ""workload"": ""variable""}"
pr2-p32-c4096,pr-workload,sorted_order_strings_workload,Device=0 min_width=0 max_width=32 num_rows=2097152 workload=variable,False,False,0.8602927953004836,0.8540383994579315,0.8761568099260331,4.06390234453314,86.37292575836182,"{""max_width"": ""32"", ""min_width"": ""0"", ""num_rows"": ""2097152"", ""workload"": ""variable""}"
pr2-p32-c4096,pr-workload,sorted_order_strings_workload,Device=0 min_width=0 max_width=64 num_rows=2097152 workload=variable,False,False,0.8226336002349853,0.8190144032239915,0.8321040034294128,0.8743070816301591,86.37292575836182,"{""max_width"": ""64"", ""min_width"": ""0"", ""num_rows"": ""2097152"", ""workload"": ""variable""}"
pr2-p32-c4096,pr-workload,sorted_order_strings_workload,Device=0 min_width=0 max_width=128 num_rows=2097152 workload=variable,False,False,0.8144975990056994,0.8134352058172227,0.8216672003269195,0.6476420351591545,86.37292575836182,"{""max_width"": ""128"", ""min_width"": ""0"", ""num_rows"": ""2097152"", ""workload"": ""variable""}"
pr2-p32-c4096,pr-workload,sorted_order_strings_workload,Device=0 min_width=0 max_width=256 num_rows=2097152 workload=variable,False,False,0.784161600470543,0.7832752019166944,0.7908431977033612,0.7751682095753992,86.37292575836182,"{""max_width"": ""256"", ""min_width"": ""0"", ""num_rows"": ""2097152"", ""workload"": ""variable""}"
pr1-p32-c512,pr-workload,sorted_order_strings_workload,Device=0 min_width=0 max_width=32 num_rows=32768 workload=normal,False,False,0.37714880108833315,0.376484800875187,0.3796992018818855,1.0964000082902954,1.377981185913086,"{""max_width"": ""32"", ""min_width"": ""0"", ""num_rows"": ""32768"", ""workload"": ""normal""}"
pr1-p32-c512,pr-workload,sorted_order_strings_workload,Device=0 min_width=0 max_width=64 num_rows=32768 workload=normal,False,False,0.459427198767662,0.4572624012827872,0.4606800019741058,1.2499658268619485,1.3805561065673828,"{""max_width"": ""64"", ""min_width"": ""0"", ""num_rows"": ""32768"", ""workload"": ""normal""}"
pr1-p32-c512,pr-workload,sorted_order_strings_workload,Device=0 min_width=0 max_width=128 num_rows=32768 workload=normal,False,False,0.6129616022109984,0.6119600027799604,0.6143775999546052,0.4232682545036193,1.3809566497802734,"{""max_width"": ""128"", ""min_width"": ""0"", ""num_rows"": ""32768"", ""workload"": ""normal""}"
pr1-p32-c512,pr-workload,sorted_order_strings_workload,Device=0 min_width=0 max_width=256 num_rows=32768 workload=normal,False,False,0.9691839933395386,0.9676992028951645,0.9692272007465363,0.5172668962639804,1.381052017211914,"{""max_width"": ""256"", ""min_width"": ""0"", ""num_rows"": ""32768"", ""workload"": ""normal""}"
pr1-p32-c512,pr-workload,sorted_order_strings_workload,Device=0 min_width=0 max_width=32 num_rows=262144 workload=normal,False,False,0.5077056020498275,0.5074239999055864,0.5083311975002288,1.495710613046977,10.811402320861816,"{""max_width"": ""32"", ""min_width"": ""0"", ""num_rows"": ""262144"", ""workload"": ""normal""}"
pr1-p32-c512,pr-workload,sorted_order_strings_workload,Device=0 min_width=0 max_width=64 num_rows=262144 workload=normal,False,False,0.7019167989492415,0.7009071975946426,0.7082384049892426,2.691038591175069,10.811402320861816,"{""max_width"": ""64"", ""min_width"": ""0"", ""num_rows"": ""262144"", ""workload"": ""normal""}"
pr1-p32-c512,pr-workload,sorted_order_strings_workload,Device=0 min_width=0 max_width=128 num_rows=262144 workload=normal,False,False,1.2234319984912871,1.2222288012504579,1.2319840013980865,3.4667177051922016,10.811402320861816,"{""max_width"": ""128"", ""min_width"": ""0"", ""num_rows"": ""262144"", ""workload"": ""normal""}"
pr1-p32-c512,pr-workload,sorted_order_strings_workload,Device=0 min_width=0 max_width=256 num_rows=262144 workload=normal,False,False,2.5665344119071962,2.5445135951042173,2.5922351956367495,4.282783706180823,10.811402320861816,"{""max_width"": ""256"", ""min_width"": ""0"", ""num_rows"": ""262144"", ""workload"": ""normal""}"
pr1-p32-c512,pr-workload,sorted_order_strings_workload,Device=0 min_width=0 max_width=32 num_rows=2097152 workload=normal,False,False,1.9461504101753238,1.9459216058254238,1.9461600005626676,0.733929447490466,86.42761325836182,"{""max_width"": ""32"", ""min_width"": ""0"", ""num_rows"": ""2097152"", ""workload"": ""normal""}"
pr1-p32-c512,pr-workload,sorted_order_strings_workload,Device=0 min_width=0 max_width=64 num_rows=2097152 workload=normal,False,False,3.8423935890197756,3.833947229385376,3.846303999423981,0.5057000701493097,86.42761325836182,"{""max_width"": ""64"", ""min_width"": ""0"", ""num_rows"": ""2097152"", ""workload"": ""normal""}"
pr1-p32-c512,pr-workload,sorted_order_strings_workload,Device=0 min_width=0 max_width=128 num_rows=2097152 workload=normal,False,False,7.678496026992798,7.613843131065368,7.748398375511169,8.247804146688022,86.42761325836182,"{""max_width"": ""128"", ""min_width"": ""0"", ""num_rows"": ""2097152"", ""workload"": ""normal""}"
pr1-p32-c512,pr-workload,sorted_order_strings_workload,Device=0 min_width=0 max_width=256 num_rows=2097152 workload=normal,False,False,15.213777637481687,15.196564769744871,15.27984004020691,0.7044391651596683,86.42761325836182,"{""max_width"": ""256"", ""min_width"": ""0"", ""num_rows"": ""2097152"", ""workload"": ""normal""}"
pr1-p32-c512,pr-workload,sorted_order_strings_workload,Device=0 min_width=0 max_width=32 num_rows=32768 workload=duplicates,False,False,0.7358975976705552,0.7326272070407867,0.7372224003076554,0.9278024701928433,1.3592538833618164,"{""max_width"": ""32"", ""min_width"": ""0"", ""num_rows"": ""32768"", ""workload"": ""duplicates""}"
pr1-p32-c512,pr-workload,sorted_order_strings_workload,Device=0 min_width=0 max_width=64 num_rows=32768 workload=duplicates,False,False,1.2717616081237793,1.2702527940273285,1.2730176031589506,0.7758608491987845,1.3592538833618164,"{""max_width"": ""64"", ""min_width"": ""0"", ""num_rows"": ""32768"", ""workload"": ""duplicates""}"
pr1-p32-c512,pr-workload,sorted_order_strings_workload,Device=0 min_width=0 max_width=128 num_rows=32768 workload=duplicates,False,False,2.2935440063476564,2.2923119902610773,2.299121606349945,1.768741114246246,1.3592538833618164,"{""max_width"": ""128"", ""min_width"": ""0"", ""num_rows"": ""32768"", ""workload"": ""duplicates""}"
pr1-p32-c512,pr-workload,sorted_order_strings_workload,Device=0 min_width=0 max_width=256 num_rows=32768 workload=duplicates,False,False,4.534825563430785,4.531335973739624,4.53501763343811,0.8503359098285186,1.3592538833618164,"{""max_width"": ""256"", ""min_width"": ""0"", ""num_rows"": ""32768"", ""workload"": ""duplicates""}"
pr1-p32-c512,pr-workload,sorted_order_strings_workload,Device=0 min_width=0 max_width=32 num_rows=262144 workload=duplicates,False,False,0.7325407952070238,0.7320480018854142,0.7362479984760284,1.2072347596372859,10.811402320861816,"{""max_width"": ""32"", ""min_width"": ""0"", ""num_rows"": ""262144"", ""workload"": ""duplicates""}"
pr1-p32-c512,pr-workload,sorted_order_strings_workload,Device=0 min_width=0 max_width=64 num_rows=262144 workload=duplicates,False,False,1.181360000371933,1.175091201066971,1.1819055974483488,0.6330234922619747,10.811402320861816,"{""max_width"": ""64"", ""min_width"": ""0"", ""num_rows"": ""262144"", ""workload"": ""duplicates""}"
pr1-p32-c512,pr-workload,sorted_order_strings_workload,Device=0 min_width=0 max_width=128 num_rows=262144 workload=duplicates,False,False,2.2439727902412416,2.24099360704422,2.256304001808166,0.8068102010322797,10.811402320861816,"{""max_width"": ""128"", ""min_width"": ""0"", ""num_rows"": ""262144"", ""workload"": ""duplicates""}"
pr1-p32-c512,pr-workload,sorted_order_strings_workload,Device=0 min_width=0 max_width=256 num_rows=262144 workload=duplicates,False,False,4.413328027725221,4.3934192180633564,4.417791962623595,0.7969672388836996,10.811402320861816,"{""max_width"": ""256"", ""min_width"": ""0"", ""num_rows"": ""262144"", ""workload"": ""duplicates""}"
pr1-p32-c512,pr-workload,sorted_order_strings_workload,Device=0 min_width=0 max_width=32 num_rows=2097152 workload=duplicates,False,False,1.779371201992035,1.7774704039096836,1.7828480005264284,0.6793923635193265,86.42761325836182,"{""max_width"": ""32"", ""min_width"": ""0"", ""num_rows"": ""2097152"", ""workload"": ""duplicates""}"
pr1-p32-c512,pr-workload,sorted_order_strings_workload,Device=0 min_width=0 max_width=64 num_rows=2097152 workload=duplicates,False,False,3.3548864126205444,3.351631999015808,3.3591135978698734,1.3543695265084232,86.42761325836182,"{""max_width"": ""64"", ""min_width"": ""0"", ""num_rows"": ""2097152"", ""workload"": ""duplicates""}"
pr1-p32-c512,pr-workload,sorted_order_strings_workload,Device=0 min_width=0 max_width=128 num_rows=2097152 workload=duplicates,False,False,6.768863940238954,6.766567993164063,6.7753120183944695,0.5792928817064699,86.42761325836182,"{""max_width"": ""128"", ""min_width"": ""0"", ""num_rows"": ""2097152"", ""workload"": ""duplicates""}"
pr1-p32-c512,pr-workload,sorted_order_strings_workload,Device=0 min_width=0 max_width=256 num_rows=2097152 workload=duplicates,False,False,13.717779111862182,13.713927936553954,13.730908775329587,0.2883583836271803,86.42761325836182,"{""max_width"": ""256"", ""min_width"": ""0"", ""num_rows"": ""2097152"", ""workload"": ""duplicates""}"
pr1-p32-c512,pr-workload,sorted_order_strings_workload,Device=0 min_width=0 max_width=32 num_rows=32768 workload=shared_prefix,False,False,1.3115744113922119,1.3115455925464627,1.3139584004879001,0.4977114045893797,1.3592538833618164,"{""max_width"": ""32"", ""min_width"": ""0"", ""num_rows"": ""32768"", ""workload"": ""shared_prefix""}"
pr1-p32-c512,pr-workload,sorted_order_strings_workload,Device=0 min_width=0 max_width=64 num_rows=32768 workload=shared_prefix,False,False,2.366604816913605,2.366275203227997,2.368092787265778,0.8922726160246536,1.3592538833618164,"{""max_width"": ""64"", ""min_width"": ""0"", ""num_rows"": ""32768"", ""workload"": ""shared_prefix""}"
pr1-p32-c512,pr-workload,sorted_order_strings_workload,Device=0 min_width=0 max_width=128 num_rows=32768 workload=shared_prefix,False,False,4.4649200439453125,4.460873603820802,4.469203209877014,0.16389822347293656,1.3592538833618164,"{""max_width"": ""128"", ""min_width"": ""0"", ""num_rows"": ""32768"", ""workload"": ""shared_prefix""}"
pr1-p32-c512,pr-workload,sorted_order_strings_workload,Device=0 min_width=0 max_width=256 num_rows=32768 workload=shared_prefix,False,False,8.673867321014402,8.668291234970093,8.674608039855956,0.30331111678295103,1.3592538833618164,"{""max_width"": ""256"", ""min_width"": ""0"", ""num_rows"": ""32768"", ""workload"": ""shared_prefix""}"
pr1-p32-c512,pr-workload,sorted_order_strings_workload,Device=0 min_width=0 max_width=32 num_rows=262144 workload=shared_prefix,False,False,6.9359967708587655,6.933659172058106,6.936958336830139,0.11517773901812405,10.811402320861816,"{""max_width"": ""32"", ""min_width"": ""0"", ""num_rows"": ""262144"", ""workload"": ""shared_prefix""}"
pr1-p32-c512,pr-workload,sorted_order_strings_workload,Device=0 min_width=0 max_width=64 num_rows=262144 workload=shared_prefix,False,False,12.854627227783203,12.848167991638185,12.871456050872801,0.9707723777015413,10.811402320861816,"{""max_width"": ""64"", ""min_width"": ""0"", ""num_rows"": ""262144"", ""workload"": ""shared_prefix""}"
pr1-p32-c512,pr-workload,sorted_order_strings_workload,Device=0 min_width=0 max_width=128 num_rows=262144 workload=shared_prefix,False,False,24.928408145904545,24.927295970916745,24.93964319229126,0.09596325414252813,10.811402320861816,"{""max_width"": ""128"", ""min_width"": ""0"", ""num_rows"": ""262144"", ""workload"": ""shared_prefix""}"
pr1-p32-c512,pr-workload,sorted_order_strings_workload,Device=0 min_width=0 max_width=256 num_rows=262144 workload=shared_prefix,False,False,49.11592025756836,49.112427139282225,49.12495326995848,0.11037184330944666,10.811402320861816,"{""max_width"": ""256"", ""min_width"": ""0"", ""num_rows"": ""262144"", ""workload"": ""shared_prefix""}"
pr1-p32-c512,pr-workload,sorted_order_strings_workload,Device=0 min_width=0 max_width=32 num_rows=2097152 workload=shared_prefix,False,False,67.26057815551756,67.25507392883301,67.26247215270996,0.05662876366858133,86.42761325836182,"{""max_width"": ""32"", ""min_width"": ""0"", ""num_rows"": ""2097152"", ""workload"": ""shared_prefix""}"
pr1-p32-c512,pr-workload,sorted_order_strings_workload,Device=0 min_width=0 max_width=64 num_rows=2097152 workload=shared_prefix,False,False,133.42604980468747,133.41973876953122,133.44417572021482,0.02824835063912086,86.42761325836182,"{""max_width"": ""64"", ""min_width"": ""0"", ""num_rows"": ""2097152"", ""workload"": ""shared_prefix""}"
pr1-p32-c512,pr-workload,sorted_order_strings_workload,Device=0 min_width=0 max_width=128 num_rows=2097152 workload=shared_prefix,False,False,265.9110580444336,265.88675384521486,265.9292587280274,0.020855152846506842,86.42761325836182,"{""max_width"": ""128"", ""min_width"": ""0"", ""num_rows"": ""2097152"", ""workload"": ""shared_prefix""}"
pr1-p32-c512,pr-workload,sorted_order_strings_workload,Device=0 min_width=0 max_width=256 num_rows=2097152 workload=shared_prefix,False,False,531.1126861572267,531.0997222900393,531.1973632812501,0.00843929841913598,86.42761325836182,"{""max_width"": ""256"", ""min_width"": ""0"", ""num_rows"": ""2097152"", ""workload"": ""shared_prefix""}"
pr1-p32-c512,pr-workload,sorted_order_strings_workload,Device=0 min_width=0 max_width=32 num_rows=32768 workload=variable,False,False,0.31975360065698627,0.31549919992685327,0.3208431988954544,4.724562664069584,1.3592538833618164,"{""max_width"": ""32"", ""min_width"": ""0"", ""num_rows"": ""32768"", ""workload"": ""variable""}"
pr1-p32-c512,pr-workload,sorted_order_strings_workload,Device=0 min_width=0 max_width=64 num_rows=32768 workload=variable,False,False,0.3306224018335343,0.32951679974794396,0.33197760283946987,0.7762077307811457,1.3592538833618164,"{""max_width"": ""64"", ""min_width"": ""0"", ""num_rows"": ""32768"", ""workload"": ""variable""}"
pr1-p32-c512,pr-workload,sorted_order_strings_workload,Device=0 min_width=0 max_width=128 num_rows=32768 workload=variable,False,False,0.34942400306463234,0.34677279889583584,0.3503519982099534,1.7815244296400183,1.3592538833618164,"{""max_width"": ""128"", ""min_width"": ""0"", ""num_rows"": ""32768"", ""workload"": ""variable""}"
pr1-p32-c512,pr-workload,sorted_order_strings_workload,Device=0 min_width=0 max_width=256 num_rows=32768 workload=variable,False,False,0.37219679951667783,0.3711904004216195,0.37360319942235953,1.2828654993786577,1.3592538833618164,"{""max_width"": ""256"", ""min_width"": ""0"", ""num_rows"": ""32768"", ""workload"": ""variable""}"
pr1-p32-c512,pr-workload,sorted_order_strings_workload,Device=0 min_width=0 max_width=32 num_rows=262144 workload=variable,False,False,0.3568368017673493,0.35351839810609825,0.35691520124673837,1.2790106527918759,10.811402320861816,"{""max_width"": ""32"", ""min_width"": ""0"", ""num_rows"": ""262144"", ""workload"": ""variable""}"
pr1-p32-c512,pr-workload,sorted_order_strings_workload,Device=0 min_width=0 max_width=64 num_rows=262144 workload=variable,False,False,0.36627999991178517,0.36561120003461844,0.36691359728574746,1.1150235106856534,10.811402320861816,"{""max_width"": ""64"", ""min_width"": ""0"", ""num_rows"": ""262144"", ""workload"": ""variable""}"
pr1-p32-c512,pr-workload,sorted_order_strings_workload,Device=0 min_width=0 max_width=128 num_rows=262144 workload=variable,False,False,0.3754016011953354,0.3753744021058082,0.37636159658432006,1.2599934648659923,10.811402320861816,"{""max_width"": ""128"", ""min_width"": ""0"", ""num_rows"": ""262144"", ""workload"": ""variable""}"
pr1-p32-c512,pr-workload,sorted_order_strings_workload,Device=0 min_width=0 max_width=256 num_rows=262144 workload=variable,False,False,0.41462559700012197,0.41362400054931636,0.4169712021946907,0.7221393632644137,10.811402320861816,"{""max_width"": ""256"", ""min_width"": ""0"", ""num_rows"": ""262144"", ""workload"": ""variable""}"
pr1-p32-c512,pr-workload,sorted_order_strings_workload,Device=0 min_width=0 max_width=32 num_rows=2097152 workload=variable,False,False,0.8584559977054596,0.8576576054096223,0.8590895950794221,0.6707939419092326,86.42761325836182,"{""max_width"": ""32"", ""min_width"": ""0"", ""num_rows"": ""2097152"", ""workload"": ""variable""}"
pr1-p32-c512,pr-workload,sorted_order_strings_workload,Device=0 min_width=0 max_width=64 num_rows=2097152 workload=variable,False,False,0.8195776015520095,0.8162224024534225,0.8199503988027574,0.4932937625437948,86.42761325836182,"{""max_width"": ""64"", ""min_width"": ""0"", ""num_rows"": ""2097152"", ""workload"": ""variable""}"
pr1-p32-c512,pr-workload,sorted_order_strings_workload,Device=0 min_width=0 max_width=128 num_rows=2097152 workload=variable,False,False,0.8059823989868163,0.8037376046180725,0.8140239983797073,1.9037288050706682,86.42761325836182,"{""max_width"": ""128"", ""min_width"": ""0"", ""num_rows"": ""2097152"", ""workload"": ""variable""}"
pr1-p32-c512,pr-workload,sorted_order_strings_workload,Device=0 min_width=0 max_width=256 num_rows=2097152 workload=variable,False,False,0.7674208045005797,0.76633760035038,0.7675823986530302,0.7004514570549611,86.42761325836182,"{""max_width"": ""256"", ""min_width"": ""0"", ""num_rows"": ""2097152"", ""workload"": ""variable""}"
pr2-p32-c4096,pr-zero-collisions,sorted_order_strings_segmented_diagnostics,Device=0 num_rows=32768 profile=zero_collision_pass1,False,False,0.7210192054510117,0.7205039978027343,0.7291359961032867,0.48640010277680584,1.2343807220458984,"{""num_rows"": ""32768"", ""profile"": ""zero_collision_pass1""}"
pr2-p32-c4096,pr-zero-collisions,sorted_order_strings_segmented_diagnostics,Device=0 num_rows=32768 profile=zero_collision_pass2,False,False,0.9921120017766955,0.9905935972929002,1.0023008078336715,0.6376605581108462,1.2343807220458984,"{""num_rows"": ""32768"", ""profile"": ""zero_collision_pass2""}"
pr1-p32-c512,pr-zero-collisions,sorted_order_strings_segmented_diagnostics,Device=0 num_rows=32768 profile=zero_collision_pass1,False,False,0.6023343980312348,0.6013823986053466,0.6065504014492035,0.6745472327692598,1.2352352142333984,"{""num_rows"": ""32768"", ""profile"": ""zero_collision_pass1""}"
pr1-p32-c512,pr-zero-collisions,sorted_order_strings_segmented_diagnostics,Device=0 num_rows=32768 profile=zero_collision_pass2,False,False,0.8769040018320082,0.875764799118042,0.8770399987697602,0.4216240272837497,1.2352352142333984,"{""num_rows"": ""32768"", ""profile"": ""zero_collision_pass2""}"
optimized,pr-diagnostics,sorted_order_strings_segmented_diagnostics,Device=0 num_rows=262144 profile=finish_257,False,False,0.21641919836401932,0.21220479980111123,0.21697439998388288,1.6010334396609187,9.053221702575684,"{""num_rows"": ""262144"", ""profile"": ""finish_257""}"
optimized,pr-diagnostics,sorted_order_strings_segmented_diagnostics,Device=0 num_rows=2097152 profile=finish_257,False,False,0.4159727975726128,0.41051840186119076,0.4191743984818458,0.7569028076408728,72.36474514007568,"{""num_rows"": ""2097152"", ""profile"": ""finish_257""}"
optimized,pr-diagnostics,sorted_order_strings_segmented_diagnostics,Device=0 num_rows=262144 profile=finish_1024,False,False,0.2414688013494015,0.23702399879693986,0.24243839979171758,1.4818676192335654,9.053221702575684,"{""num_rows"": ""262144"", ""profile"": ""finish_1024""}"
optimized,pr-diagnostics,sorted_order_strings_segmented_diagnostics,Device=0 num_rows=2097152 profile=finish_1024,False,False,0.4395023971796036,0.4318496018648148,0.4443808004260063,2.296470178019335,72.36474514007568,"{""num_rows"": ""2097152"", ""profile"": ""finish_1024""}"
optimized,pr-diagnostics,sorted_order_strings_segmented_diagnostics,Device=0 num_rows=262144 profile=finish_4096,False,False,0.28002559989690773,0.2761632025241851,0.2801151990890503,1.2448293236275194,9.053221702575684,"{""num_rows"": ""262144"", ""profile"": ""finish_4096""}"
optimized,pr-diagnostics,sorted_order_strings_segmented_diagnostics,Device=0 num_rows=2097152 profile=finish_4096,False,False,0.4807487994432449,0.4766815990209579,0.48754079937934874,0.9718993182621366,72.36474514007568,"{""num_rows"": ""2097152"", ""profile"": ""finish_4096""}"
optimized,pr-diagnostics,sorted_order_strings_segmented_diagnostics,Device=0 num_rows=262144 profile=active_50,False,False,0.33400159776210786,0.3316703990101814,0.33471360057592386,0.6365535162104563,9.053221702575684,"{""num_rows"": ""262144"", ""profile"": ""active_50""}"
optimized,pr-diagnostics,sorted_order_strings_segmented_diagnostics,Device=0 num_rows=2097152 profile=active_50,False,False,0.8688367933034896,0.8632303982973099,0.8708847999572757,0.547639246343359,72.36474514007568,"{""num_rows"": ""2097152"", ""profile"": ""active_50""}"
optimized,pr-diagnostics,sorted_order_strings_segmented_diagnostics,Device=0 num_rows=262144 profile=active_10,False,False,0.2986751988530159,0.29267840087413793,0.30306399911642073,5.422572252115785,9.053221702575684,"{""num_rows"": ""262144"", ""profile"": ""active_10""}"
optimized,pr-diagnostics,sorted_order_strings_segmented_diagnostics,Device=0 num_rows=2097152 profile=active_10,False,False,0.5456591993570328,0.5401952028274536,0.5464864015579223,0.6004117079071354,72.36474514007568,"{""num_rows"": ""2097152"", ""profile"": ""active_10""}"
optimized,pr-diagnostics,sorted_order_strings_segmented_diagnostics,Device=0 num_rows=262144 profile=active_1,False,False,0.2386784002184868,0.23783680126070972,0.2411136008799076,12.100291760694915,9.053221702575684,"{""num_rows"": ""262144"", ""profile"": ""active_1""}"
optimized,pr-diagnostics,sorted_order_strings_segmented_diagnostics,Device=0 num_rows=2097152 profile=active_1,False,False,0.4933135971426965,0.48789439946413043,0.49515199959278117,0.6350302441541764,72.36474514007568,"{""num_rows"": ""2097152"", ""profile"": ""active_1""}"
optimized,pr-diagnostics,sorted_order_strings_segmented_diagnostics,Device=0 num_rows=262144 profile=active_0_1,False,False,0.19717280045151708,0.19384159967303274,0.19723040163516997,1.4380579674166178,9.053221702575684,"{""num_rows"": ""262144"", ""profile"": ""active_0_1""}"
optimized,pr-diagnostics,sorted_order_strings_segmented_diagnostics,Device=0 num_rows=2097152 profile=active_0_1,False,False,0.42152800112962724,0.41514879912137975,0.4223360016942025,0.914122413675013,72.36474514007568,"{""num_rows"": ""2097152"", ""profile"": ""active_0_1""}"
optimized,pr-diagnostics,sorted_order_strings_segmented_diagnostics,Device=0 num_rows=262144 profile=duplicates_6,False,False,0.2359808005392551,0.22763039916753772,0.23696639984846118,0.7782997660768542,9.053221702575684,"{""num_rows"": ""262144"", ""profile"": ""duplicates_6""}"
optimized,pr-diagnostics,sorted_order_strings_segmented_diagnostics,Device=0 num_rows=2097152 profile=duplicates_6,False,False,0.41347360014915474,0.4088303983211517,0.41465600132942204,0.6959422958477413,72.36474514007568,"{""num_rows"": ""2097152"", ""profile"": ""duplicates_6""}"
optimized,pr-diagnostics,sorted_order_strings_segmented_diagnostics,Device=0 num_rows=262144 profile=duplicates_8,False,False,0.23581119999289507,0.22826559916138653,0.23648959994316102,1.0488528725022257,9.053221702575684,"{""num_rows"": ""262144"", ""profile"": ""duplicates_8""}"
optimized,pr-diagnostics,sorted_order_strings_segmented_diagnostics,Device=0 num_rows=2097152 profile=duplicates_8,False,False,0.41360479593276966,0.409460799396038,0.4197536006569862,6.481894477331916,72.36474514007568,"{""num_rows"": ""2097152"", ""profile"": ""duplicates_8""}"
optimized,pr-diagnostics,sorted_order_strings_segmented_diagnostics,Device=0 num_rows=262144 profile=duplicates_12,False,False,0.3524495959281921,0.3443919956684113,0.3546256020665168,0.8472544242744394,9.053221702575684,"{""num_rows"": ""262144"", ""profile"": ""duplicates_12""}"
optimized,pr-diagnostics,sorted_order_strings_segmented_diagnostics,Device=0 num_rows=2097152 profile=duplicates_12,False,False,0.4623424008488655,0.45455039888620385,0.46309919953346257,1.1613250972418463,72.36474514007568,"{""num_rows"": ""2097152"", ""profile"": ""duplicates_12""}"
optimized,pr-diagnostics,sorted_order_strings_segmented_diagnostics,Device=0 num_rows=262144 profile=duplicates_16,False,False,0.30378879755735394,0.2947951957583427,0.3039279997348786,1.9921234126380134,9.053221702575684,"{""num_rows"": ""262144"", ""profile"": ""duplicates_16""}"
optimized,pr-diagnostics,sorted_order_strings_segmented_diagnostics,Device=0 num_rows=2097152 profile=duplicates_16,False,False,0.4474063992500305,0.4427360013127326,0.4489840000867844,0.9660708089866644,72.36474514007568,"{""num_rows"": ""2097152"", ""profile"": ""duplicates_16""}"
optimized,pr-diagnostics,sorted_order_strings_segmented_diagnostics,Device=0 num_rows=262144 profile=duplicates_24,False,False,0.36004479825496677,0.3558031991124153,0.3608320012688637,1.4182727145563239,9.053221702575684,"{""num_rows"": ""262144"", ""profile"": ""duplicates_24""}"
optimized,pr-diagnostics,sorted_order_strings_segmented_diagnostics,Device=0 num_rows=2097152 profile=duplicates_24,False,False,0.4725823983550071,0.46907040029764174,0.47728959619998934,0.6872498361466025,72.36474514007568,"{""num_rows"": ""2097152"", ""profile"": ""duplicates_24""}"
optimized,pr-diagnostics,sorted_order_strings_segmented_diagnostics,Device=0 num_rows=262144 profile=duplicates_32,False,False,0.4025392010807991,0.4005167990922928,0.40524800270795824,0.7537774400465005,9.053221702575684,"{""num_rows"": ""262144"", ""profile"": ""duplicates_32""}"
optimized,pr-diagnostics,sorted_order_strings_segmented_diagnostics,Device=0 num_rows=2097152 profile=duplicates_32,False,False,0.4933503970503808,0.4871808007359503,0.49892800301313395,0.786034462169873,72.36474514007568,"{""num_rows"": ""2097152"", ""profile"": ""duplicates_32""}"
optimized,pr-diagnostics,sorted_order_strings_segmented_diagnostics,Device=0 num_rows=262144 profile=rle_misaligned,False,False,0.4370959967374802,0.4334192022681236,0.4391679987311364,1.3321361624873729,9.053221702575684,"{""num_rows"": ""262144"", ""profile"": ""rle_misaligned""}"
optimized,pr-diagnostics,sorted_order_strings_segmented_diagnostics,Device=0 num_rows=2097152 profile=rle_misaligned,False,False,2.3509535670280455,2.346934366226196,2.3524400234222416,0.26422158809783125,72.36474514007568,"{""num_rows"": ""2097152"", ""profile"": ""rle_misaligned""}"
pr2-p32-c4096,end-to-end,sort_strings_workload,Device=0 min_width=0 max_width=32 num_rows=262144 workload=normal,False,False,0.5212303966283799,0.5109919965267181,0.5225824028253555,1.6653809348645914,10.804566383361816,"{""max_width"": ""32"", ""min_width"": ""0"", ""num_rows"": ""262144"", ""workload"": ""normal""}"
pr2-p32-c4096,end-to-end,sort_strings_workload,Device=0 min_width=0 max_width=256 num_rows=262144 workload=normal,False,False,1.1394224047660828,1.1327263891696928,1.1434575915336607,0.6587704931596914,33.687255859375,"{""max_width"": ""256"", ""min_width"": ""0"", ""num_rows"": ""262144"", ""workload"": ""normal""}"
pr2-p32-c4096,end-to-end,sort_strings_workload,Device=0 min_width=0 max_width=32 num_rows=2097152 workload=normal,False,False,1.2659040212631225,1.2602464020252226,1.2661904036998748,1.5433663905969206,95.72902488708496,"{""max_width"": ""32"", ""min_width"": ""0"", ""num_rows"": ""2097152"", ""workload"": ""normal""}"
pr2-p32-c4096,end-to-end,sort_strings_workload,Device=0 min_width=0 max_width=256 num_rows=2097152 workload=normal,False,False,4.0911921024322515,4.089121603965759,4.118993616104126,1.1215558679668285,269.3055658340454,"{""max_width"": ""256"", ""min_width"": ""0"", ""num_rows"": ""2097152"", ""workload"": ""normal""}"
pr2-p32-c4096,end-to-end,sort_strings_workload,Device=0 min_width=0 max_width=32 num_rows=262144 workload=duplicates,False,False,0.8518576085567474,0.8441599994897843,0.852623999118805,0.9422064157088578,10.804566383361816,"{""max_width"": ""32"", ""min_width"": ""0"", ""num_rows"": ""262144"", ""workload"": ""duplicates""}"
pr2-p32-c4096,end-to-end,sort_strings_workload,Device=0 min_width=0 max_width=256 num_rows=262144 workload=duplicates,False,False,4.85077760219574,4.788728046417238,4.855731248855589,0.8366168930354021,34.63582420349121,"{""max_width"": ""256"", ""min_width"": ""0"", ""num_rows"": ""262144"", ""workload"": ""duplicates""}"
pr2-p32-c4096,end-to-end,sort_strings_workload,Device=0 min_width=0 max_width=32 num_rows=2097152 workload=duplicates,False,False,2.1865488052368165,2.1786256074905395,2.1888911843299863,0.4191827015132924,96.68649291992188,"{""max_width"": ""32"", ""min_width"": ""0"", ""num_rows"": ""2097152"", ""workload"": ""duplicates""}"
pr2-p32-c4096,end-to-end,sort_strings_workload,Device=0 min_width=0 max_width=256 num_rows=2097152 workload=duplicates,False,False,14.374217557907103,14.32274560928345,14.376777553558348,3.7217086718573578,277.07898902893066,"{""max_width"": ""256"", ""min_width"": ""0"", ""num_rows"": ""2097152"", ""workload"": ""duplicates""}"
pr2-p32-c4096,end-to-end,sort_strings_workload,Device=0 min_width=0 max_width=32 num_rows=262144 workload=shared_prefix,False,False,7.014543962478638,7.008038473129273,7.055740761756896,0.10176428125602609,10.804566383361816,"{""max_width"": ""32"", ""min_width"": ""0"", ""num_rows"": ""262144"", ""workload"": ""shared_prefix""}"
pr2-p32-c4096,end-to-end,sort_strings_workload,Device=0 min_width=0 max_width=256 num_rows=262144 workload=shared_prefix,False,False,49.02369918823242,49.016383743286134,49.29513149261474,0.119376521605007,65.03126335144043,"{""max_width"": ""256"", ""min_width"": ""0"", ""num_rows"": ""262144"", ""workload"": ""shared_prefix""}"
pr2-p32-c4096,end-to-end,sort_strings_workload,Device=0 min_width=0 max_width=32 num_rows=2097152 workload=shared_prefix,False,False,67.5157489776611,67.49949607849122,67.81519966125488,0.05811603362421691,120.06652927398682,"{""max_width"": ""32"", ""min_width"": ""0"", ""num_rows"": ""2097152"", ""workload"": ""shared_prefix""}"
pr2-p32-c4096,end-to-end,sort_strings_workload,Device=0 min_width=0 max_width=256 num_rows=2097152 workload=shared_prefix,False,False,529.9930755615234,529.9422393798827,531.9100128173828,0.017573332614754626,520.2527341842651,"{""max_width"": ""256"", ""min_width"": ""0"", ""num_rows"": ""2097152"", ""workload"": ""shared_prefix""}"
pr2-p32-c4096,end-to-end,sort_strings_workload,Device=0 min_width=0 max_width=32 num_rows=262144 workload=variable,False,False,0.46118880212306984,0.45179519802331924,0.4615391999483109,1.2230973884034002,10.804566383361816,"{""max_width"": ""32"", ""min_width"": ""0"", ""num_rows"": ""262144"", ""workload"": ""variable""}"
pr2-p32-c4096,end-to-end,sort_strings_workload,Device=0 min_width=0 max_width=256 num_rows=262144 workload=variable,False,False,0.5736079961061478,0.5712080001831056,0.5774848014116287,2.421514371161335,34.01968002319336,"{""max_width"": ""256"", ""min_width"": ""0"", ""num_rows"": ""262144"", ""workload"": ""variable""}"
pr2-p32-c4096,end-to-end,sort_strings_workload,Device=0 min_width=0 max_width=32 num_rows=2097152 workload=variable,False,False,1.2607679963111877,1.251814419031143,1.2612000048160554,0.34916604931468065,96.05874729156494,"{""max_width"": ""32"", ""min_width"": ""0"", ""num_rows"": ""2097152"", ""workload"": ""variable""}"
pr2-p32-c4096,end-to-end,sort_strings_workload,Device=0 min_width=0 max_width=256 num_rows=2097152 workload=variable,False,False,1.3894432008266449,1.3847935974597934,1.3932752013206482,0.4663806086775935,272.17790508270264,"{""max_width"": ""256"", ""min_width"": ""0"", ""num_rows"": ""2097152"", ""workload"": ""variable""}"
baseline,pr-workload,sorted_order_strings_workload,Device=0 min_width=0 max_width=32 num_rows=32768 workload=normal,False,False,0.19930879920721056,0.19684960022568704,0.19982079938054087,1.3586180859431465,1.1391592025756836,"{""max_width"": ""32"", ""min_width"": ""0"", ""num_rows"": ""32768"", ""workload"": ""normal""}"
baseline,pr-workload,sorted_order_strings_workload,Device=0 min_width=0 max_width=64 num_rows=32768 workload=normal,False,False,0.22390559837222102,0.2216367997229099,0.2241375990211964,1.5114916401256975,1.1391592025756836,"{""max_width"": ""64"", ""min_width"": ""0"", ""num_rows"": ""32768"", ""workload"": ""normal""}"
baseline,pr-workload,sorted_order_strings_workload,Device=0 min_width=0 max_width=128 num_rows=32768 workload=normal,False,False,0.28041120171546935,0.27881119847297675,0.2821072012186051,0.7609368816908318,1.1391592025756836,"{""max_width"": ""128"", ""min_width"": ""0"", ""num_rows"": ""32768"", ""workload"": ""normal""}"
baseline,pr-workload,sorted_order_strings_workload,Device=0 min_width=0 max_width=256 num_rows=32768 workload=normal,False,False,0.40339520275592805,0.39823680371046066,0.4049407988786696,0.7482928248420487,1.1391592025756836,"{""max_width"": ""256"", ""min_width"": ""0"", ""num_rows"": ""32768"", ""workload"": ""normal""}"
baseline,pr-workload,sorted_order_strings_workload,Device=0 min_width=0 max_width=32 num_rows=262144 workload=normal,False,False,0.41171359568834315,0.40995040088891965,0.412425598502159,1.159593428061252,9.053221702575684,"{""max_width"": ""32"", ""min_width"": ""0"", ""num_rows"": ""262144"", ""workload"": ""normal""}"
baseline,pr-workload,sorted_order_strings_workload,Device=0 min_width=0 max_width=64 num_rows=262144 workload=normal,False,False,0.5285695970058442,0.5230399966239929,0.5332527995109557,1.4283418267117365,9.053221702575684,"{""max_width"": ""64"", ""min_width"": ""0"", ""num_rows"": ""262144"", ""workload"": ""normal""}"
baseline,pr-workload,sorted_order_strings_workload,Device=0 min_width=0 max_width=128 num_rows=262144 workload=normal,False,False,0.8671552002429963,0.8598688036203385,0.8740352094173435,1.603099577443103,9.053221702575684,"{""max_width"": ""128"", ""min_width"": ""0"", ""num_rows"": ""262144"", ""workload"": ""normal""}"
baseline,pr-workload,sorted_order_strings_workload,Device=0 min_width=0 max_width=256 num_rows=262144 workload=normal,False,False,1.5107791960239412,1.4866800010204313,1.5157024025917052,2.4162553350780533,9.053221702575684,"{""max_width"": ""256"", ""min_width"": ""0"", ""num_rows"": ""262144"", ""workload"": ""normal""}"
baseline,pr-workload,sorted_order_strings_workload,Device=0 min_width=0 max_width=32 num_rows=2097152 workload=normal,False,False,1.380361586809158,1.3741792023181918,1.3866991877555845,1.752360860778036,72.36474514007568,"{""max_width"": ""32"", ""min_width"": ""0"", ""num_rows"": ""2097152"", ""workload"": ""normal""}"
baseline,pr-workload,sorted_order_strings_workload,Device=0 min_width=0 max_width=64 num_rows=2097152 workload=normal,False,False,2.046702408790588,2.0463008046150204,2.0734495997428892,1.8940158845635953,72.36474514007568,"{""max_width"": ""64"", ""min_width"": ""0"", ""num_rows"": ""2097152"", ""workload"": ""normal""}"
baseline,pr-workload,sorted_order_strings_workload,Device=0 min_width=0 max_width=128 num_rows=2097152 workload=normal,False,False,3.7113264083862307,3.7043408036232006,3.7297983765602107,2.7913087751056245,72.36474514007568,"{""max_width"": ""128"", ""min_width"": ""0"", ""num_rows"": ""2097152"", ""workload"": ""normal""}"
baseline,pr-workload,sorted_order_strings_workload,Device=0 min_width=0 max_width=256 num_rows=2097152 workload=normal,False,False,7.950215983390808,7.930497550964356,7.992188835144043,2.5440629903838006,72.36474514007568,"{""max_width"": ""256"", ""min_width"": ""0"", ""num_rows"": ""2097152"", ""workload"": ""normal""}"
baseline,pr-workload,sorted_order_strings_workload,Device=0 min_width=0 max_width=32 num_rows=32768 workload=duplicates,False,False,0.2314528018236161,0.22811679914593685,0.23301919996738435,1.6431699689600086,1.1391592025756836,"{""max_width"": ""32"", ""min_width"": ""0"", ""num_rows"": ""32768"", ""workload"": ""duplicates""}"
baseline,pr-workload,sorted_order_strings_workload,Device=0 min_width=0 max_width=64 num_rows=32768 workload=duplicates,False,False,0.29488160014152526,0.29373119771480555,0.2964624017477035,0.6562631311746105,1.1391592025756836,"{""max_width"": ""64"", ""min_width"": ""0"", ""num_rows"": ""32768"", ""workload"": ""duplicates""}"
baseline,pr-workload,sorted_order_strings_workload,Device=0 min_width=0 max_width=128 num_rows=32768 workload=duplicates,False,False,0.43321440219879154,0.42857280075550075,0.433756797015667,1.081917007004581,1.1391592025756836,"{""max_width"": ""128"", ""min_width"": ""0"", ""num_rows"": ""32768"", ""workload"": ""duplicates""}"
baseline,pr-workload,sorted_order_strings_workload,Device=0 min_width=0 max_width=256 num_rows=32768 workload=duplicates,False,False,0.8050191998481748,0.8034672021865845,0.8097887933254243,1.2432721860843774,1.1391592025756836,"{""max_width"": ""256"", ""min_width"": ""0"", ""num_rows"": ""32768"", ""workload"": ""duplicates""}"
baseline,pr-workload,sorted_order_strings_workload,Device=0 min_width=0 max_width=32 num_rows=262144 workload=duplicates,False,False,0.4358511999249458,0.4278032019734383,0.43613920062780376,2.176166210630388,9.053221702575684,"{""max_width"": ""32"", ""min_width"": ""0"", ""num_rows"": ""262144"", ""workload"": ""duplicates""}"
baseline,pr-workload,sorted_order_strings_workload,Device=0 min_width=0 max_width=64 num_rows=262144 workload=duplicates,False,False,0.5904752075672149,0.5839456021785737,0.5927343934774398,2.2547573876696823,9.053221702575684,"{""max_width"": ""64"", ""min_width"": ""0"", ""num_rows"": ""262144"", ""workload"": ""duplicates""}"
baseline,pr-workload,sorted_order_strings_workload,Device=0 min_width=0 max_width=128 num_rows=262144 workload=duplicates,False,False,0.928582400083542,0.925436794757843,0.9291167974472048,2.4747202590239423,9.053221702575684,"{""max_width"": ""128"", ""min_width"": ""0"", ""num_rows"": ""262144"", ""workload"": ""duplicates""}"
baseline,pr-workload,sorted_order_strings_workload,Device=0 min_width=0 max_width=256 num_rows=262144 workload=duplicates,False,False,1.7348080039024354,1.7259824037551876,1.7473311960697178,1.5207999030383446,9.053221702575684,"{""max_width"": ""256"", ""min_width"": ""0"", ""num_rows"": ""262144"", ""workload"": ""duplicates""}"
baseline,pr-workload,sorted_order_strings_workload,Device=0 min_width=0 max_width=32 num_rows=2097152 workload=duplicates,False,False,2.2203776121139525,2.208665609359741,2.221431982517242,1.668856327054798,72.36474514007568,"{""max_width"": ""32"", ""min_width"": ""0"", ""num_rows"": ""2097152"", ""workload"": ""duplicates""}"
baseline,pr-workload,sorted_order_strings_workload,Device=0 min_width=0 max_width=64 num_rows=2097152 workload=duplicates,False,False,3.316881620883941,3.299647986888886,3.3354512214660654,1.661968265735483,72.36474514007568,"{""max_width"": ""64"", ""min_width"": ""0"", ""num_rows"": ""2097152"", ""workload"": ""duplicates""}"
baseline,pr-workload,sorted_order_strings_workload,Device=0 min_width=0 max_width=128 num_rows=2097152 workload=duplicates,False,False,5.484107208251953,5.480436801910401,5.491139197349548,2.6132163020869204,72.36474514007568,"{""max_width"": ""128"", ""min_width"": ""0"", ""num_rows"": ""2097152"", ""workload"": ""duplicates""}"
baseline,pr-workload,sorted_order_strings_workload,Device=0 min_width=0 max_width=256 num_rows=2097152 workload=duplicates,False,False,9.90508155822754,9.874332761764526,9.943942260742189,3.4626322243834275,72.36474514007568,"{""max_width"": ""256"", ""min_width"": ""0"", ""num_rows"": ""2097152"", ""workload"": ""duplicates""}"
baseline,pr-workload,sorted_order_strings_workload,Device=0 min_width=0 max_width=32 num_rows=32768 workload=shared_prefix,False,False,0.46824799776077275,0.46462880074977875,0.4695664003491401,0.4297654477036237,1.1391592025756836,"{""max_width"": ""32"", ""min_width"": ""0"", ""num_rows"": ""32768"", ""workload"": ""shared_prefix""}"
baseline,pr-workload,sorted_order_strings_workload,Device=0 min_width=0 max_width=64 num_rows=32768 workload=shared_prefix,False,False,0.7335616022348403,0.7279679954051972,0.7360832005739212,0.4745299757978034,1.1391592025756836,"{""max_width"": ""64"", ""min_width"": ""0"", ""num_rows"": ""32768"", ""workload"": ""shared_prefix""}"
baseline,pr-workload,sorted_order_strings_workload,Device=0 min_width=0 max_width=128 num_rows=32768 workload=shared_prefix,False,False,1.3388559997081755,1.333052802085876,1.3536688029766084,0.5412666730701365,1.1391592025756836,"{""max_width"": ""128"", ""min_width"": ""0"", ""num_rows"": ""32768"", ""workload"": ""shared_prefix""}"
baseline,pr-workload,sorted_order_strings_workload,Device=0 min_width=0 max_width=256 num_rows=32768 workload=shared_prefix,False,False,3.346388792991638,3.3444511890411373,3.3605919957160952,0.24148088581754804,1.1391592025756836,"{""max_width"": ""256"", ""min_width"": ""0"", ""num_rows"": ""32768"", ""workload"": ""shared_prefix""}"
baseline,pr-workload,sorted_order_strings_workload,Device=0 min_width=0 max_width=32 num_rows=262144 workload=shared_prefix,False,False,0.7400063961744308,0.7368927985429764,0.7444943964481354,0.5334010174720851,9.053221702575684,"{""max_width"": ""32"", ""min_width"": ""0"", ""num_rows"": ""262144"", ""workload"": ""shared_prefix""}"
baseline,pr-workload,sorted_order_strings_workload,Device=0 min_width=0 max_width=64 num_rows=262144 workload=shared_prefix,False,False,1.2559679925441742,1.2507247865200044,1.2601328015327455,2.1006172547934,9.053221702575684,"{""max_width"": ""64"", ""min_width"": ""0"", ""num_rows"": ""262144"", ""workload"": ""shared_prefix""}"
baseline,pr-workload,sorted_order_strings_workload,Device=0 min_width=0 max_width=128 num_rows=262144 workload=shared_prefix,False,False,2.684960007667541,2.675284790992737,2.6933920145034795,0.9860231373456171,9.053221702575684,"{""max_width"": ""128"", ""min_width"": ""0"", ""num_rows"": ""262144"", ""workload"": ""shared_prefix""}"
baseline,pr-workload,sorted_order_strings_workload,Device=0 min_width=0 max_width=256 num_rows=262144 workload=shared_prefix,False,False,7.760057640075683,7.7483552455902105,7.782044744491577,0.16166290984819368,9.053221702575684,"{""max_width"": ""256"", ""min_width"": ""0"", ""num_rows"": ""262144"", ""workload"": ""shared_prefix""}"
baseline,pr-workload,sorted_order_strings_workload,Device=0 min_width=0 max_width=32 num_rows=2097152 workload=shared_prefix,False,False,5.564935994148255,5.550089645385742,5.583140802383423,0.4672420710766507,72.36474514007568,"{""max_width"": ""32"", ""min_width"": ""0"", ""num_rows"": ""2097152"", ""workload"": ""shared_prefix""}"
baseline,pr-workload,sorted_order_strings_workload,Device=0 min_width=0 max_width=64 num_rows=2097152 workload=shared_prefix,False,False,10.288756990432738,10.287331295013427,10.32790093421936,0.3386589161685536,72.36474514007568,"{""max_width"": ""64"", ""min_width"": ""0"", ""num_rows"": ""2097152"", ""workload"": ""shared_prefix""}"
baseline,pr-workload,sorted_order_strings_workload,Device=0 min_width=0 max_width=128 num_rows=2097152 workload=shared_prefix,False,False,23.314542579650873,23.306627178192144,23.363929462432864,0.22853839804937476,72.36474514007568,"{""max_width"": ""128"", ""min_width"": ""0"", ""num_rows"": ""2097152"", ""workload"": ""shared_prefix""}"
baseline,pr-workload,sorted_order_strings_workload,Device=0 min_width=0 max_width=256 num_rows=2097152 workload=shared_prefix,False,False,50.00007724761962,49.97391338348388,50.031598472595206,0.1796719299508588,72.36474514007568,"{""max_width"": ""256"", ""min_width"": ""0"", ""num_rows"": ""2097152"", ""workload"": ""shared_prefix""}"
baseline,pr-workload,sorted_order_strings_workload,Device=0 min_width=0 max_width=32 num_rows=32768 workload=variable,False,False,0.19329279884696007,0.1910015992820263,0.19469439908862118,1.5698231922345447,1.1391592025756836,"{""max_width"": ""32"", ""min_width"": ""0"", ""num_rows"": ""32768"", ""workload"": ""variable""}"
baseline,pr-workload,sorted_order_strings_workload,Device=0 min_width=0 max_width=64 num_rows=32768 workload=variable,False,False,0.1906832002103329,0.18741759955883028,0.19117600023746492,1.6954550524442031,1.1391592025756836,"{""max_width"": ""64"", ""min_width"": ""0"", ""num_rows"": ""32768"", ""workload"": ""variable""}"
baseline,pr-workload,sorted_order_strings_workload,Device=0 min_width=0 max_width=128 num_rows=32768 workload=variable,False,False,0.17768319994211196,0.17505760118365282,0.1781759992241859,1.4904819348592337,1.1391592025756836,"{""max_width"": ""128"", ""min_width"": ""0"", ""num_rows"": ""32768"", ""workload"": ""variable""}"
baseline,pr-workload,sorted_order_strings_workload,Device=0 min_width=0 max_width=256 num_rows=32768 workload=variable,False,False,0.1792240008711815,0.17168960049748422,0.17931520268321036,2.31855669761196,1.1391592025756836,"{""max_width"": ""256"", ""min_width"": ""0"", ""num_rows"": ""32768"", ""workload"": ""variable""}"
baseline,pr-workload,sorted_order_strings_workload,Device=0 min_width=0 max_width=32 num_rows=262144 workload=variable,False,False,0.26403200179338454,0.2595632001757621,0.27156160175800326,10.24146268222844,9.053221702575684,"{""max_width"": ""32"", ""min_width"": ""0"", ""num_rows"": ""262144"", ""workload"": ""variable""}"
baseline,pr-workload,sorted_order_strings_workload,Device=0 min_width=0 max_width=64 num_rows=262144 workload=variable,False,False,0.2624623984098434,0.2579312011599541,0.26353759616613387,1.5002215153756058,9.053221702575684,"{""max_width"": ""64"", ""min_width"": ""0"", ""num_rows"": ""262144"", ""workload"": ""variable""}"
baseline,pr-workload,sorted_order_strings_workload,Device=0 min_width=0 max_width=128 num_rows=262144 workload=variable,False,False,0.2680255964398384,0.2650703996419907,0.2687983989715576,0.9004161803943725,9.053221702575684,"{""max_width"": ""128"", ""min_width"": ""0"", ""num_rows"": ""262144"", ""workload"": ""variable""}"
baseline,pr-workload,sorted_order_strings_workload,Device=0 min_width=0 max_width=256 num_rows=262144 workload=variable,False,False,0.24922239929437637,0.24732959792017936,0.2498688012361526,0.782740677699561,9.053221702575684,"{""max_width"": ""256"", ""min_width"": ""0"", ""num_rows"": ""262144"", ""workload"": ""variable""}"
baseline,pr-workload,sorted_order_strings_workload,Device=0 min_width=0 max_width=32 num_rows=2097152 workload=variable,False,False,0.5344608038663865,0.5279391944408416,0.5348559945821763,0.6273290327183376,72.36474514007568,"{""max_width"": ""32"", ""min_width"": ""0"", ""num_rows"": ""2097152"", ""workload"": ""variable""}"
baseline,pr-workload,sorted_order_strings_workload,Device=0 min_width=0 max_width=64 num_rows=2097152 workload=variable,False,False,0.5232704043388366,0.5179376035928727,0.5259232074022295,0.7288137443856619,72.36474514007568,"{""max_width"": ""64"", ""min_width"": ""0"", ""num_rows"": ""2097152"", ""workload"": ""variable""}"
baseline,pr-workload,sorted_order_strings_workload,Device=0 min_width=0 max_width=128 num_rows=2097152 workload=variable,False,False,0.5378687977790833,0.5308432042598725,0.5401455968618394,0.5852511470413418,72.36474514007568,"{""max_width"": ""128"", ""min_width"": ""0"", ""num_rows"": ""2097152"", ""workload"": ""variable""}"
baseline,pr-workload,sorted_order_strings_workload,Device=0 min_width=0 max_width=256 num_rows=2097152 workload=variable,False,False,0.5331759959459307,0.5276128023862837,0.5353920012712479,0.6356495735614993,72.36474514007568,"{""max_width"": ""256"", ""min_width"": ""0"", ""num_rows"": ""2097152"", ""workload"": ""variable""}"
optimized,target,sorted_order_strings_cardinality,Device=0 num_rows=262144 max_width=32 cardinality=1,False,False,0.008214399963617326,0.008123200037516655,0.008299200097098947,6.418850222739401,1.0,"{""cardinality"": ""1"", ""max_width"": ""32"", ""num_rows"": ""262144""}"
optimized,target,sorted_order_strings_cardinality,Device=0 num_rows=2097152 max_width=32 cardinality=1,False,False,0.008675200026482342,0.008511999994516373,0.008734399965032934,8.11030432939837,8.0,"{""cardinality"": ""1"", ""max_width"": ""32"", ""num_rows"": ""2097152""}"
optimized,target,sorted_order_strings_cardinality,Device=0 num_rows=262144 max_width=128 cardinality=1,False,False,0.21724319979548454,0.2138879999518394,0.21887839883565904,2.577999281901474,9.053221702575684,"{""cardinality"": ""1"", ""max_width"": ""128"", ""num_rows"": ""262144""}"
optimized,target,sorted_order_strings_cardinality,Device=0 num_rows=2097152 max_width=128 cardinality=1,False,False,0.5167632043361664,0.5153664082288743,0.517424002289772,1.0562140060708278,72.36474514007568,"{""cardinality"": ""1"", ""max_width"": ""128"", ""num_rows"": ""2097152""}"
optimized,target,sorted_order_strings_cardinality,Device=0 num_rows=262144 max_width=32 cardinality=64,False,False,0.46368640214204787,0.4623759999871253,0.4642480000853538,2.4277679182491285,9.053221702575684,"{""cardinality"": ""64"", ""max_width"": ""32"", ""num_rows"": ""262144""}"
optimized,target,sorted_order_strings_cardinality,Device=0 num_rows=2097152 max_width=32 cardinality=64,False,False,0.5211135983467102,0.5159151941537856,0.5211584001779556,3.6993944005263972,72.36474514007568,"{""cardinality"": ""64"", ""max_width"": ""32"", ""num_rows"": ""2097152""}"
optimized,target,sorted_order_strings_cardinality,Device=0 num_rows=262144 max_width=128 cardinality=64,False,False,0.9911776006221767,0.9905887961387636,1.0032400012016298,2.567272655917092,9.053221702575684,"{""cardinality"": ""64"", ""max_width"": ""128"", ""num_rows"": ""262144""}"
optimized,target,sorted_order_strings_cardinality,Device=0 num_rows=2097152 max_width=128 cardinality=64,False,False,0.7008192032575606,0.6998832046985627,0.7077119976282119,0.8133690544174668,72.36474514007568,"{""cardinality"": ""64"", ""max_width"": ""128"", ""num_rows"": ""2097152""}"
optimized,target,sorted_order_strings_cardinality,Device=0 num_rows=262144 max_width=32 cardinality=0,False,False,0.2615872010588646,0.2611424043774605,0.266449598968029,0.9246455127105881,9.053221702575684,"{""cardinality"": ""0"", ""max_width"": ""32"", ""num_rows"": ""262144""}"
optimized,target,sorted_order_strings_cardinality,Device=0 num_rows=2097152 max_width=32 cardinality=0,False,False,0.5085839986801147,0.5071663960814476,0.5104336023330689,0.6610081693756196,72.36474514007568,"{""cardinality"": ""0"", ""max_width"": ""32"", ""num_rows"": ""2097152""}"
optimized,target,sorted_order_strings_cardinality,Device=0 num_rows=262144 max_width=128 cardinality=0,False,False,0.2611984014511108,0.2579088017344474,0.26415360271930693,1.4938014730161764,9.053221702575684,"{""cardinality"": ""0"", ""max_width"": ""128"", ""num_rows"": ""262144""}"
optimized,target,sorted_order_strings_cardinality,Device=0 num_rows=2097152 max_width=128 cardinality=0,False,False,0.5199152022600172,0.518609604239464,0.5246560096740723,0.6505747909906487,72.36474514007568,"{""cardinality"": ""0"", ""max_width"": ""128"", ""num_rows"": ""2097152""}"
optimized,target,sorted_order_strings_prefixes,Device=0 num_rows=262144 prefix_width=4 suffix_width=32 prefix_cardinality=1,False,False,0.2382031999528408,0.23782559931278227,0.23924000188708303,0.8293505002799036,9.053221702575684,"{""num_rows"": ""262144"", ""prefix_cardinality"": ""1"", ""prefix_width"": ""4"", ""suffix_width"": ""32""}"
optimized,target,sorted_order_strings_prefixes,Device=0 num_rows=2097152 prefix_width=4 suffix_width=32 prefix_cardinality=1,False,False,0.44032319784164425,0.43947200030088424,0.4447120010852813,0.7831473231654429,72.36474514007568,"{""num_rows"": ""2097152"", ""prefix_cardinality"": ""1"", ""prefix_width"": ""4"", ""suffix_width"": ""32""}"
optimized,target,sorted_order_strings_prefixes,Device=0 num_rows=262144 prefix_width=8 suffix_width=32 prefix_cardinality=1,False,False,0.5687631964683532,0.5686223983764648,0.5754767954349519,0.6689073575135887,9.053221702575684,"{""num_rows"": ""262144"", ""prefix_cardinality"": ""1"", ""prefix_width"": ""8"", ""suffix_width"": ""32""}"
optimized,target,sorted_order_strings_prefixes,Device=0 num_rows=2097152 prefix_width=8 suffix_width=32 prefix_cardinality=1,False,False,4.165158367156982,4.152288031578064,4.175886416435241,0.6338369033060024,72.36474514007568,"{""num_rows"": ""2097152"", ""prefix_cardinality"": ""1"", ""prefix_width"": ""8"", ""suffix_width"": ""32""}"
optimized,target,sorted_order_strings_prefixes,Device=0 num_rows=262144 prefix_width=10 suffix_width=32 prefix_cardinality=1,False,False,0.6104607969522475,0.6059455990791321,0.6123759984970094,1.0260104920704005,9.053221702575684,"{""num_rows"": ""262144"", ""prefix_cardinality"": ""1"", ""prefix_width"": ""10"", ""suffix_width"": ""32""}"
optimized,target,sorted_order_strings_prefixes,Device=0 num_rows=2097152 prefix_width=10 suffix_width=32 prefix_cardinality=1,False,False,4.385148859024048,4.38414719104767,4.3889071464538585,0.38314760481182475,72.36474514007568,"{""num_rows"": ""2097152"", ""prefix_cardinality"": ""1"", ""prefix_width"": ""10"", ""suffix_width"": ""32""}"
optimized,target,sorted_order_strings_prefixes,Device=0 num_rows=262144 prefix_width=11 suffix_width=32 prefix_cardinality=1,False,False,0.6179295957088472,0.6170928001403809,0.6214832007884978,0.7193099499630411,9.053221702575684,"{""num_rows"": ""262144"", ""prefix_cardinality"": ""1"", ""prefix_width"": ""11"", ""suffix_width"": ""32""}"
optimized,target,sorted_order_strings_prefixes,Device=0 num_rows=2097152 prefix_width=11 suffix_width=32 prefix_cardinality=1,False,False,4.448670339584351,4.444996786117554,4.451563167572022,0.2882698427576938,72.36474514007568,"{""num_rows"": ""2097152"", ""prefix_cardinality"": ""1"", ""prefix_width"": ""11"", ""suffix_width"": ""32""}"
optimized,target,sorted_order_strings_prefixes,Device=0 num_rows=262144 prefix_width=12 suffix_width=32 prefix_cardinality=1,False,False,0.6292175978422165,0.6274576038122177,0.6333279967308044,0.8165007475410841,9.053221702575684,"{""num_rows"": ""262144"", ""prefix_cardinality"": ""1"", ""prefix_width"": ""12"", ""suffix_width"": ""32""}"
optimized,target,sorted_order_strings_prefixes,Device=0 num_rows=2097152 prefix_width=12 suffix_width=32 prefix_cardinality=1,False,False,4.507324862480164,4.501436829566956,4.511228823661804,0.2907712563492896,72.36474514007568,"{""num_rows"": ""2097152"", ""prefix_cardinality"": ""1"", ""prefix_width"": ""12"", ""suffix_width"": ""32""}"
optimized,target,sorted_order_strings_prefixes,Device=0 num_rows=262144 prefix_width=64 suffix_width=32 prefix_cardinality=1,False,False,0.6861664026975632,0.6825008094310762,0.6900112062692644,0.8626189939737097,9.053221702575684,"{""num_rows"": ""262144"", ""prefix_cardinality"": ""1"", ""prefix_width"": ""64"", ""suffix_width"": ""32""}"
optimized,target,sorted_order_strings_prefixes,Device=0 num_rows=2097152 prefix_width=64 suffix_width=32 prefix_cardinality=1,False,False,5.233159971237183,5.2297103881835945,5.2373679876327515,0.9605827627706571,72.36474514007568,"{""num_rows"": ""2097152"", ""prefix_cardinality"": ""1"", ""prefix_width"": ""64"", ""suffix_width"": ""32""}"
optimized,target,sorted_order_strings_prefixes,Device=0 num_rows=262144 prefix_width=4 suffix_width=32 prefix_cardinality=64,False,False,0.20458080023527145,0.203049598634243,0.20558559969067577,1.9491457232236429,9.053221702575684,"{""num_rows"": ""262144"", ""prefix_cardinality"": ""64"", ""prefix_width"": ""4"", ""suffix_width"": ""32""}"
optimized,target,sorted_order_strings_prefixes,Device=0 num_rows=2097152 prefix_width=4 suffix_width=32 prefix_cardinality=64,False,False,0.4199760004878044,0.41624960005283357,0.4211872011423112,0.8035182945187582,72.36474514007568,"{""num_rows"": ""2097152"", ""prefix_cardinality"": ""64"", ""prefix_width"": ""4"", ""suffix_width"": ""32""}"
optimized,target,sorted_order_strings_prefixes,Device=0 num_rows=262144 prefix_width=8 suffix_width=32 prefix_cardinality=64,False,False,0.45378879904747005,0.45360800176858895,0.45626560151577,0.5591645569286074,9.053221702575684,"{""num_rows"": ""262144"", ""prefix_cardinality"": ""64"", ""prefix_width"": ""8"", ""suffix_width"": ""32""}"
optimized,target,sorted_order_strings_prefixes,Device=0 num_rows=2097152 prefix_width=8 suffix_width=32 prefix_cardinality=64,False,False,3.8700367927551267,3.8694607734680178,3.8772735834121708,0.31552490223096225,72.36474514007568,"{""num_rows"": ""2097152"", ""prefix_cardinality"": ""64"", ""prefix_width"": ""8"", ""suffix_width"": ""32""}"
optimized,target,sorted_order_strings_prefixes,Device=0 num_rows=262144 prefix_width=10 suffix_width=32 prefix_cardinality=64,False,False,0.4877919986844064,0.48715680092573177,0.4888271987438201,0.8198943534352854,9.053221702575684,"{""num_rows"": ""262144"", ""prefix_cardinality"": ""64"", ""prefix_width"": ""10"", ""suffix_width"": ""32""}"
optimized,target,sorted_order_strings_prefixes,Device=0 num_rows=2097152 prefix_width=10 suffix_width=32 prefix_cardinality=64,False,False,4.178392052650452,4.177796745300293,4.18489282131195,0.287153894479973,72.36474514007568,"{""num_rows"": ""2097152"", ""prefix_cardinality"": ""64"", ""prefix_width"": ""10"", ""suffix_width"": ""32""}"
optimized,target,sorted_order_strings_prefixes,Device=0 num_rows=262144 prefix_width=11 suffix_width=32 prefix_cardinality=64,False,False,0.5004624009132386,0.5001391991972923,0.5041984051465987,0.5271260569823544,9.053221702575684,"{""num_rows"": ""262144"", ""prefix_cardinality"": ""64"", ""prefix_width"": ""11"", ""suffix_width"": ""32""}"
optimized,target,sorted_order_strings_prefixes,Device=0 num_rows=2097152 prefix_width=11 suffix_width=32 prefix_cardinality=64,False,False,4.247297644615174,4.241881608963013,4.251894402503968,0.4294376025812097,72.36474514007568,"{""num_rows"": ""2097152"", ""prefix_cardinality"": ""64"", ""prefix_width"": ""11"", ""suffix_width"": ""32""}"
optimized,target,sorted_order_strings_prefixes,Device=0 num_rows=262144 prefix_width=12 suffix_width=32 prefix_cardinality=64,False,False,0.509281599521637,0.5086591988801956,0.511303997039795,0.50521101352108,9.053221702575684,"{""num_rows"": ""262144"", ""prefix_cardinality"": ""64"", ""prefix_width"": ""12"", ""suffix_width"": ""32""}"
optimized,target,sorted_order_strings_prefixes,Device=0 num_rows=2097152 prefix_width=12 suffix_width=32 prefix_cardinality=64,False,False,4.309145617485047,4.301364779472352,4.310049605369567,0.3249378068160957,72.36474514007568,"{""num_rows"": ""2097152"", ""prefix_cardinality"": ""64"", ""prefix_width"": ""12"", ""suffix_width"": ""32""}"
optimized,target,sorted_order_strings_prefixes,Device=0 num_rows=262144 prefix_width=64 suffix_width=32 prefix_cardinality=64,False,False,1.0798143923282622,1.0758703947067263,1.0829072058200837,0.45171276769014534,9.053221702575684,"{""num_rows"": ""262144"", ""prefix_cardinality"": ""64"", ""prefix_width"": ""64"", ""suffix_width"": ""32""}"
optimized,target,sorted_order_strings_prefixes,Device=0 num_rows=2097152 prefix_width=64 suffix_width=32 prefix_cardinality=64,False,False,4.8381007432937615,4.8319056034088135,4.847305536270142,0.9735519373159843,72.36474514007568,"{""num_rows"": ""2097152"", ""prefix_cardinality"": ""64"", ""prefix_width"": ""64"", ""suffix_width"": ""32""}"
baseline,constant,sorted_order_strings_prefixes,Device=0 num_rows=262144 prefix_width=32 suffix_width=0 prefix_cardinality=1,False,False,0.483263999223709,0.47391199916601184,0.4840015977621078,0.9655222080370187,9.053221702575684,"{""num_rows"": ""262144"", ""prefix_cardinality"": ""1"", ""prefix_width"": ""32"", ""suffix_width"": ""0""}"
baseline,constant,sorted_order_strings_prefixes,Device=0 num_rows=2097152 prefix_width=32 suffix_width=0 prefix_cardinality=1,False,False,2.808894395828247,2.7870671987533573,2.810691177845001,0.30582987555804275,72.36474514007568,"{""num_rows"": ""2097152"", ""prefix_cardinality"": ""1"", ""prefix_width"": ""32"", ""suffix_width"": ""0""}"
optimized,stable-warps-1,sorted_order_strings_segments,Device=0 num_rows=32768 shared_suffix=0 segment_profile=pairs,True,True,0.15921600013971327,0.15913759917020795,0.16110560148954392,2.7203639447472416,1.1391592025756836,"{""num_rows"": ""32768"", ""segment_profile"": ""pairs"", ""shared_suffix"": ""0""}"
optimized,stable-warps-1,sorted_order_strings_segments,Device=0 num_rows=2097152 shared_suffix=0 segment_profile=pairs,True,True,0.648972800374031,0.646460798382759,0.65313920378685,1.1321955297791513,72.36474514007568,"{""num_rows"": ""2097152"", ""segment_profile"": ""pairs"", ""shared_suffix"": ""0""}"
optimized,stable-warps-1,sorted_order_strings_segments,Device=0 num_rows=32768 shared_suffix=64 segment_profile=pairs,True,True,0.1615935981273651,0.16148800030350685,0.16282240152359012,1.2298800483393622,1.1391592025756836,"{""num_rows"": ""32768"", ""segment_profile"": ""pairs"", ""shared_suffix"": ""64""}"
optimized,stable-warps-1,sorted_order_strings_segments,Device=0 num_rows=2097152 shared_suffix=64 segment_profile=pairs,True,True,0.8200704038143158,0.8190144002437593,0.8286224007606507,1.1166430924267052,72.36474514007568,"{""num_rows"": ""2097152"", ""segment_profile"": ""pairs"", ""shared_suffix"": ""64""}"
optimized,stable-warps-1,sorted_order_strings_segments,Device=0 num_rows=32768 shared_suffix=0 segment_profile=tiny4,True,True,0.15729920044541362,0.15618399903178212,0.15824159979820251,1.8514354562249136,1.1391592025756836,"{""num_rows"": ""32768"", ""segment_profile"": ""tiny4"", ""shared_suffix"": ""0""}"
optimized,stable-warps-1,sorted_order_strings_segments,Device=0 num_rows=2097152 shared_suffix=0 segment_profile=tiny4,True,True,0.5764928072690962,0.5750399887561798,0.579956802725792,0.8392348527523806,72.36474514007568,"{""num_rows"": ""2097152"", ""segment_profile"": ""tiny4"", ""shared_suffix"": ""0""}"
optimized,stable-warps-1,sorted_order_strings_segments,Device=0 num_rows=32768 shared_suffix=64 segment_profile=tiny4,True,True,0.16700640097260472,0.1664895989000797,0.16971519887447356,2.2975106310346662,1.1391592025756836,"{""num_rows"": ""32768"", ""segment_profile"": ""tiny4"", ""shared_suffix"": ""64""}"
optimized,stable-warps-1,sorted_order_strings_segments,Device=0 num_rows=2097152 shared_suffix=64 segment_profile=tiny4,True,True,0.9108016014099122,0.9067360013723375,0.9219343990087512,6.651362295238206,72.36474514007568,"{""num_rows"": ""2097152"", ""segment_profile"": ""tiny4"", ""shared_suffix"": ""64""}"
optimized,stable-warps-1,sorted_order_strings_segments,Device=0 num_rows=32768 shared_suffix=0 segment_profile=tiny8,True,True,0.15838559940457345,0.15813920050859454,0.16176480054855344,4.619203754440425,1.1391592025756836,"{""num_rows"": ""32768"", ""segment_profile"": ""tiny8"", ""shared_suffix"": ""0""}"
optimized,stable-warps-1,sorted_order_strings_segments,Device=0 num_rows=2097152 shared_suffix=0 segment_profile=tiny8,True,True,0.5783232003450394,0.5772272020578385,0.583156794309616,0.774246169386901,72.36474514007568,"{""num_rows"": ""2097152"", ""segment_profile"": ""tiny8"", ""shared_suffix"": ""0""}"
optimized,stable-warps-1,sorted_order_strings_segments,Device=0 num_rows=32768 shared_suffix=64 segment_profile=tiny8,True,True,0.17658399939537045,0.17612959966063502,0.17793279811739926,1.4245902984962608,1.1391592025756836,"{""num_rows"": ""32768"", ""segment_profile"": ""tiny8"", ""shared_suffix"": ""64""}"
optimized,stable-warps-1,sorted_order_strings_segments,Device=0 num_rows=2097152 shared_suffix=64 segment_profile=tiny8,True,True,1.137607991695404,1.1352768063545227,1.1415807902812956,0.4277745341392008,72.36474514007568,"{""num_rows"": ""2097152"", ""segment_profile"": ""tiny8"", ""shared_suffix"": ""64""}"
optimized,stable-warps-1,sorted_order_strings_segments,Device=0 num_rows=32768 shared_suffix=0 segment_profile=tiny16,True,True,0.16097280159592628,0.16048480123281478,0.16194399967789652,1.709755686762561,1.1391592025756836,"{""num_rows"": ""32768"", ""segment_profile"": ""tiny16"", ""shared_suffix"": ""0""}"
optimized,stable-warps-1,sorted_order_strings_segments,Device=0 num_rows=2097152 shared_suffix=0 segment_profile=tiny16,True,True,0.6081984013319015,0.6036399960517881,0.6097727984189989,0.6367557968950264,72.36474514007568,"{""num_rows"": ""2097152"", ""segment_profile"": ""tiny16"", ""shared_suffix"": ""0""}"
optimized,stable-warps-1,sorted_order_strings_segments,Device=0 num_rows=32768 shared_suffix=64 segment_profile=tiny16,True,True,0.18397280126810076,0.1833744004368782,0.18474079966545107,1.37224724816651,1.1391592025756836,"{""num_rows"": ""32768"", ""segment_profile"": ""tiny16"", ""shared_suffix"": ""64""}"
optimized,stable-warps-1,sorted_order_strings_segments,Device=0 num_rows=2097152 shared_suffix=64 segment_profile=tiny16,True,True,1.3447119951248172,1.3436736047267912,1.349436789751053,0.3713782671545917,72.36474514007568,"{""num_rows"": ""2097152"", ""segment_profile"": ""tiny16"", ""shared_suffix"": ""64""}"
optimized,stable-warps-1,sorted_order_strings_segments,Device=0 num_rows=32768 shared_suffix=0 segment_profile=tiny32,True,True,0.1633935987949371,0.16180639937520028,0.17125599831342694,20.306330928537385,1.1391592025756836,"{""num_rows"": ""32768"", ""segment_profile"": ""tiny32"", ""shared_suffix"": ""0""}"
optimized,stable-warps-1,sorted_order_strings_segments,Device=0 num_rows=2097152 shared_suffix=0 segment_profile=tiny32,True,True,0.6629503995180129,0.6587824046611785,0.6658368051052093,4.281667269520189,72.36474514007568,"{""num_rows"": ""2097152"", ""segment_profile"": ""tiny32"", ""shared_suffix"": ""0""}"
optimized,stable-warps-1,sorted_order_strings_segments,Device=0 num_rows=32768 shared_suffix=64 segment_profile=tiny32,True,True,0.19370399862527846,0.19367840066552164,0.19577120169997214,1.5729309330641488,1.1391592025756836,"{""num_rows"": ""32768"", ""segment_profile"": ""tiny32"", ""shared_suffix"": ""64""}"
optimized,stable-warps-1,sorted_order_strings_segments,Device=0 num_rows=2097152 shared_suffix=64 segment_profile=tiny32,True,True,1.641087990999222,1.6375263988971713,1.642367994785309,0.29259271466938,72.36474514007568,"{""num_rows"": ""2097152"", ""segment_profile"": ""tiny32"", ""shared_suffix"": ""64""}"
pr2-p32-c4096,main,sorted_order_strings,Device=0 min_width=1 max_width=8 num_rows=32768,False,False,0.23779680058360098,0.23665760084986684,0.2439440004527569,1.8070654952216874,1.3583993911743164,"{""max_width"": ""8"", ""min_width"": ""1"", ""num_rows"": ""32768""}"
pr2-p32-c4096,main,sorted_order_strings,Device=0 min_width=1 max_width=32 num_rows=32768,False,False,0.3328896015882492,0.3320863962173462,0.3385759979486465,2.3368780610230075,1.3583993911743164,"{""max_width"": ""32"", ""min_width"": ""1"", ""num_rows"": ""32768""}"
pr2-p32-c4096,main,sorted_order_strings,Device=0 min_width=1 max_width=64 num_rows=32768,False,False,0.3891535967588424,0.38424319773912424,0.3919151991605758,1.6132662903134667,1.3583993911743164,"{""max_width"": ""64"", ""min_width"": ""1"", ""num_rows"": ""32768""}"
pr2-p32-c4096,main,sorted_order_strings,Device=0 min_width=1 max_width=128 num_rows=32768,False,False,0.47389280200004574,0.4644480004906655,0.47480320036411294,1.442022156303398,1.3583993911743164,"{""max_width"": ""128"", ""min_width"": ""1"", ""num_rows"": ""32768""}"
pr2-p32-c4096,main,sorted_order_strings,Device=0 min_width=1 max_width=256 num_rows=32768,False,False,0.6828480005264282,0.6806831896305083,0.6943119913339617,10.610990474984725,1.3583993911743164,"{""max_width"": ""256"", ""min_width"": ""1"", ""num_rows"": ""32768""}"
pr2-p32-c4096,main,sorted_order_strings,Device=0 min_width=1 max_width=8 num_rows=262144,False,False,0.2745487987995148,0.27432960122823713,0.27476000040769577,1.9343979585430926,10.804566383361816,"{""max_width"": ""8"", ""min_width"": ""1"", ""num_rows"": ""262144""}"
pr2-p32-c4096,main,sorted_order_strings,Device=0 min_width=1 max_width=32 num_rows=262144,False,False,0.40345599800348286,0.39983679652214066,0.411065597832203,1.2468367679044878,10.804566383361816,"{""max_width"": ""32"", ""min_width"": ""1"", ""num_rows"": ""262144""}"
pr2-p32-c4096,main,sorted_order_strings,Device=0 min_width=1 max_width=64 num_rows=262144,False,False,0.4891263976693153,0.48611360043287277,0.49092959910631195,0.9724108947582478,10.804566383361816,"{""max_width"": ""64"", ""min_width"": ""1"", ""num_rows"": ""262144""}"
pr2-p32-c4096,main,sorted_order_strings,Device=0 min_width=1 max_width=128 num_rows=262144,False,False,0.6898511976003646,0.6788335978984831,0.6915264040231704,2.2135097326027857,10.804566383361816,"{""max_width"": ""128"", ""min_width"": ""1"", ""num_rows"": ""262144""}"
pr2-p32-c4096,main,sorted_order_strings,Device=0 min_width=1 max_width=256 num_rows=262144,False,False,1.147328007221222,1.13986080288887,1.151198410987854,0.7454430294809918,10.804566383361816,"{""max_width"": ""256"", ""min_width"": ""1"", ""num_rows"": ""262144""}"
pr2-p32-c4096,main,sorted_order_strings,Device=0 min_width=1 max_width=8 num_rows=2097152,False,False,0.6102111965417862,0.6051568001508713,0.611470404267311,1.0216512239985218,86.37292575836182,"{""max_width"": ""8"", ""min_width"": ""1"", ""num_rows"": ""2097152""}"
pr2-p32-c4096,main,sorted_order_strings,Device=0 min_width=1 max_width=32 num_rows=2097152,False,False,0.8660895973443986,0.8599088013172149,0.8672127962112426,0.7712472473964334,86.37292575836182,"{""max_width"": ""32"", ""min_width"": ""1"", ""num_rows"": ""2097152""}"
pr2-p32-c4096,main,sorted_order_strings,Device=0 min_width=1 max_width=64 num_rows=2097152,False,False,1.0569391965866086,1.0545199990272522,1.0606800019741058,1.0629651713970112,86.37292575836182,"{""max_width"": ""64"", ""min_width"": ""1"", ""num_rows"": ""2097152""}"
pr2-p32-c4096,main,sorted_order_strings,Device=0 min_width=1 max_width=128 num_rows=2097152,False,False,2.020100802183151,2.0154879868030546,2.02468478679657,1.5238643943149366,86.37292575836182,"{""max_width"": ""128"", ""min_width"": ""1"", ""num_rows"": ""2097152""}"
pr2-p32-c4096,main,sorted_order_strings,Device=0 min_width=1 max_width=256 num_rows=2097152,False,False,3.7820224046707156,3.7668703913688657,3.7895440220832834,0.8549232863130415,86.37292575836182,"{""max_width"": ""256"", ""min_width"": ""1"", ""num_rows"": ""2097152""}"
pr2-p32-c4096,main,sorted_order_strings,Device=0 min_width=1 max_width=8 num_rows=16777216,False,False,2.3310239791870115,2.3299840092659,2.3339280247688294,0.3454320794040048,690.9158945083618,"{""max_width"": ""8"", ""min_width"": ""1"", ""num_rows"": ""16777216""}"
pr2-p32-c4096,main,sorted_order_strings,Device=0 min_width=1 max_width=32 num_rows=16777216,False,False,6.807388758659361,6.806827163696291,6.814912033081054,0.8615805367950856,690.9158945083618,"{""max_width"": ""32"", ""min_width"": ""1"", ""num_rows"": ""16777216""}"
pr2-p32-c4096,main,sorted_order_strings,Device=0 min_width=1 max_width=64 num_rows=16777216,False,False,12.94958710670471,12.929030418395998,12.964643239974977,0.1748919069323779,690.9158945083618,"{""max_width"": ""64"", ""min_width"": ""1"", ""num_rows"": ""16777216""}"
pr2-p32-c4096,main,sorted_order_strings,Device=0 min_width=1 max_width=128 num_rows=16777216,False,False,25.925051212310784,25.898991966247557,25.958004856109625,0.23248123793197412,690.9158945083618,"{""max_width"": ""128"", ""min_width"": ""1"", ""num_rows"": ""16777216""}"
pr2-p32-c4096,main,sorted_order_strings,Device=0 min_width=1 max_width=256 num_rows=16777216,False,False,52.967606353759756,52.87041606903075,53.04690685272215,0.14852369196960175,690.9158945083618,"{""max_width"": ""256"", ""min_width"": ""1"", ""num_rows"": ""16777216""}"
pr2-p32-c4096,main,sorted_order_strings_distribution,Device=0 num_rows=262144 profile=cardinality_1_width_32,False,False,0.00725599993020296,0.007241600030101836,0.0076336000114679324,12.376921992955303,1.0,"{""num_rows"": ""262144"", ""profile"": ""cardinality_1_width_32""}"
pr2-p32-c4096,main,sorted_order_strings_distribution,Device=0 num_rows=2097152 profile=cardinality_1_width_32,False,False,0.008782400051131845,0.008615999994799495,0.008859199937433004,8.15152696855097,8.0,"{""num_rows"": ""2097152"", ""profile"": ""cardinality_1_width_32""}"
pr2-p32-c4096,main,sorted_order_strings_distribution,Device=0 num_rows=262144 profile=cardinality_64_width_128,False,False,2.480691194534302,2.4712976098060615,2.4855919837951665,1.2069507779817934,10.804566383361816,"{""num_rows"": ""262144"", ""profile"": ""cardinality_64_width_128""}"
pr2-p32-c4096,main,sorted_order_strings_distribution,Device=0 num_rows=2097152 profile=cardinality_64_width_128,False,False,7.0406015634536745,7.008009600639344,7.043526434898378,0.3018799438451145,86.37292575836182,"{""num_rows"": ""2097152"", ""profile"": ""cardinality_64_width_128""}"
pr2-p32-c4096,main,sorted_order_strings_distribution,Device=0 num_rows=262144 profile=shared_prefix_64,False,False,14.288361597061154,14.268169546127318,14.366782283782959,0.06870171335842346,10.804566383361816,"{""num_rows"": ""262144"", ""profile"": ""shared_prefix_64""}"
pr2-p32-c4096,main,sorted_order_strings_distribution,Device=0 num_rows=2097152 profile=shared_prefix_64,False,False,149.68851623535153,149.67249450683593,150.3004943847656,0.03017083082245967,86.37292575836182,"{""num_rows"": ""2097152"", ""profile"": ""shared_prefix_64""}"
pr2-p32-c4096,main,sorted_order_strings_distribution,Device=0 num_rows=262144 profile=variable_128,False,False,0.38082880079746245,0.372691199183464,0.3816799983382224,1.0545543543592146,10.804566383361816,"{""num_rows"": ""262144"", ""profile"": ""variable_128""}"
pr2-p32-c4096,main,sorted_order_strings_distribution,Device=0 num_rows=2097152 profile=variable_128,False,False,0.8190767943859102,0.8103647977113725,0.821478393673897,0.6921723381742068,86.37292575836182,"{""num_rows"": ""2097152"", ""profile"": ""variable_128""}"
pr2-p32-c4096,main,sorted_order_strings_nulls,Device=0 num_rows=262144 profile=fixed_8 null_percent=0,False,False,0.30235520005226135,0.29928799867630007,0.30751359611749657,4.2956177884516755,10.804566383361816,"{""null_percent"": ""0"", ""num_rows"": ""262144"", ""profile"": ""fixed_8""}"
pr2-p32-c4096,main,sorted_order_strings_nulls,Device=0 num_rows=2097152 profile=fixed_8 null_percent=0,False,False,0.8585791975259779,0.8581504017114638,0.8644415974617007,1.768605862494481,86.37292575836182,"{""null_percent"": ""0"", ""num_rows"": ""2097152"", ""profile"": ""fixed_8""}"
pr2-p32-c4096,main,sorted_order_strings_nulls,Device=0 num_rows=262144 profile=variable_128 null_percent=0,False,False,0.380137600004673,0.3722047969698906,0.381241600215435,1.0372767136263907,10.804566383361816,"{""null_percent"": ""0"", ""num_rows"": ""262144"", ""profile"": ""variable_128""}"
pr2-p32-c4096,main,sorted_order_strings_nulls,Device=0 num_rows=2097152 profile=variable_128 null_percent=0,False,False,0.8185551971197127,0.8113775998353958,0.8211520016193389,2.362600717742477,86.37292575836182,"{""null_percent"": ""0"", ""num_rows"": ""2097152"", ""profile"": ""variable_128""}"
pr2-p32-c4096,main,sorted_order_strings_nulls,Device=0 num_rows=262144 profile=fixed_8 null_percent=50,False,False,0.3567759975790977,0.3537839993834496,0.3568735986948014,0.947850311150833,6.538372993469238,"{""null_percent"": ""50"", ""num_rows"": ""262144"", ""profile"": ""fixed_8""}"
pr2-p32-c4096,main,sorted_order_strings_nulls,Device=0 num_rows=2097152 profile=fixed_8 null_percent=50,False,False,0.7794784009456633,0.7762319922447203,0.7803695976734161,0.6893553763520975,52.20299243927002,"{""null_percent"": ""50"", ""num_rows"": ""2097152"", ""profile"": ""fixed_8""}"
pr2-p32-c4096,main,sorted_order_strings_nulls,Device=0 num_rows=262144 profile=variable_128 null_percent=50,False,False,0.40412319600582125,0.40026079714298246,0.4048735976219178,1.161860280211895,6.538372993469238,"{""null_percent"": ""50"", ""num_rows"": ""262144"", ""profile"": ""variable_128""}"
pr2-p32-c4096,main,sorted_order_strings_nulls,Device=0 num_rows=2097152 profile=variable_128 null_percent=50,False,False,0.5564000040292739,0.5486576020717622,0.5606415987014771,3.730845631907859,52.20299243927002,"{""null_percent"": ""50"", ""num_rows"": ""2097152"", ""profile"": ""variable_128""}"
pr2-p32-c4096,main,sorted_order_strings_nulls,Device=0 num_rows=262144 profile=fixed_8 null_percent=100,False,False,0.007334399991668762,0.00715840000193566,0.00751680003013462,5.1074078856418845,1.0,"{""null_percent"": ""100"", ""num_rows"": ""262144"", ""profile"": ""fixed_8""}"
pr2-p32-c4096,main,sorted_order_strings_nulls,Device=0 num_rows=2097152 profile=fixed_8 null_percent=100,False,False,0.008516799937933684,0.008516799937933684,0.00886720009148121,15.745618928782223,8.0,"{""null_percent"": ""100"", ""num_rows"": ""2097152"", ""profile"": ""fixed_8""}"
pr2-p32-c4096,main,sorted_order_strings_nulls,Device=0 num_rows=262144 profile=variable_128 null_percent=100,False,False,0.0072704000165686004,0.0072271999903023255,0.0076431999914348125,8.536338137995797,1.0,"{""null_percent"": ""100"", ""num_rows"": ""262144"", ""profile"": ""variable_128""}"
pr2-p32-c4096,main,sorted_order_strings_nulls,Device=0 num_rows=2097152 profile=variable_128 null_percent=100,False,False,0.008592000044882298,0.008551999973133209,0.008956800075247883,10.941982932450959,8.0,"{""null_percent"": ""100"", ""num_rows"": ""2097152"", ""profile"": ""variable_128""}"
prefix,segments,sorted_order_strings_segments,Device=0 num_rows=32768 shared_suffix=0 segment_profile=singletons,False,False,0.13443199917674065,0.13216479793190955,0.13528479933738707,1.2776987241735764,0.5005626678466797,"{""num_rows"": ""32768"", ""segment_profile"": ""singletons"", ""shared_suffix"": ""0""}"
prefix,segments,sorted_order_strings_segments,Device=0 num_rows=2097152 shared_suffix=0 segment_profile=singletons,False,False,0.9650351971387864,0.9642943948507309,0.9705712020397188,1.1390755583982393,32.00227165222168,"{""num_rows"": ""2097152"", ""segment_profile"": ""singletons"", ""shared_suffix"": ""0""}"
prefix,segments,sorted_order_strings_segments,Device=0 num_rows=32768 shared_suffix=64 segment_profile=singletons,False,False,0.1352352015674114,0.13284319937229155,0.13599840179085732,0.5626807244870528,0.5005626678466797,"{""num_rows"": ""32768"", ""segment_profile"": ""singletons"", ""shared_suffix"": ""64""}"
prefix,segments,sorted_order_strings_segments,Device=0 num_rows=2097152 shared_suffix=64 segment_profile=singletons,False,False,1.0068719923496245,1.004065614938736,1.0112224042415618,0.5849053977809034,32.00227165222168,"{""num_rows"": ""2097152"", ""segment_profile"": ""singletons"", ""shared_suffix"": ""64""}"
prefix,segments,sorted_order_strings_segments,Device=0 num_rows=32768 shared_suffix=0 segment_profile=pairs,False,False,0.21920159980654713,0.21640639901161193,0.22036480084061622,0.9696963383157403,0.5005626678466797,"{""num_rows"": ""32768"", ""segment_profile"": ""pairs"", ""shared_suffix"": ""0""}"
prefix,segments,sorted_order_strings_segments,Device=0 num_rows=2097152 shared_suffix=0 segment_profile=pairs,False,False,1.1316303968429562,1.1256560087203982,1.1355135917663575,0.46405876085739073,32.00227165222168,"{""num_rows"": ""2097152"", ""segment_profile"": ""pairs"", ""shared_suffix"": ""0""}"
prefix,segments,sorted_order_strings_segments,Device=0 num_rows=32768 shared_suffix=64 segment_profile=pairs,False,False,0.7305071979761123,0.7265455961227416,0.7309776067733765,0.41022032233855676,0.5005626678466797,"{""num_rows"": ""32768"", ""segment_profile"": ""pairs"", ""shared_suffix"": ""64""}"
prefix,segments,sorted_order_strings_segments,Device=0 num_rows=2097152 shared_suffix=64 segment_profile=pairs,False,False,1.8663103997707364,1.8549984097480772,1.8670687973499298,0.41627355139367384,32.00227165222168,"{""num_rows"": ""2097152"", ""segment_profile"": ""pairs"", ""shared_suffix"": ""64""}"
prefix,segments,sorted_order_strings_segments,Device=0 num_rows=32768 shared_suffix=0 segment_profile=tiny4,False,False,0.2508575990796089,0.24883999973535537,0.25222080200910574,0.8311218849197033,0.5005626678466797,"{""num_rows"": ""32768"", ""segment_profile"": ""tiny4"", ""shared_suffix"": ""0""}"
prefix,segments,sorted_order_strings_segments,Device=0 num_rows=2097152 shared_suffix=0 segment_profile=tiny4,False,False,1.3199263989925383,1.3146559953689574,1.3230415940284728,0.47188951422973047,32.00227165222168,"{""num_rows"": ""2097152"", ""segment_profile"": ""tiny4"", ""shared_suffix"": ""0""}"
prefix,segments,sorted_order_strings_segments,Device=0 num_rows=32768 shared_suffix=64 segment_profile=tiny4,False,False,0.9431871950626376,0.9351312041282653,0.944489595293999,0.49986641405572496,0.5005626678466797,"{""num_rows"": ""32768"", ""segment_profile"": ""tiny4"", ""shared_suffix"": ""64""}"
prefix,segments,sorted_order_strings_segments,Device=0 num_rows=2097152 shared_suffix=64 segment_profile=tiny4,False,False,2.775153625011444,2.773136007785797,2.780753576755523,0.8600659398102601,32.00227165222168,"{""num_rows"": ""2097152"", ""segment_profile"": ""tiny4"", ""shared_suffix"": ""64""}"
prefix,segments,sorted_order_strings_segments,Device=0 num_rows=32768 shared_suffix=0 segment_profile=tiny8,False,False,0.28492479771375656,0.28221119791269295,0.28695840239524845,1.0439411284276838,0.5005626678466797,"{""num_rows"": ""32768"", ""segment_profile"": ""tiny8"", ""shared_suffix"": ""0""}"
prefix,segments,sorted_order_strings_segments,Device=0 num_rows=2097152 shared_suffix=0 segment_profile=tiny8,False,False,1.5733023881912231,1.5707903921604156,1.5775951981544494,0.35945046219273336,32.00227165222168,"{""num_rows"": ""2097152"", ""segment_profile"": ""tiny8"", ""shared_suffix"": ""0""}"
prefix,segments,sorted_order_strings_segments,Device=0 num_rows=32768 shared_suffix=64 segment_profile=tiny8,False,False,1.1800496041774748,1.1707855999469758,1.1803391993045809,0.5608662307302615,0.5005626678466797,"{""num_rows"": ""32768"", ""segment_profile"": ""tiny8"", ""shared_suffix"": ""64""}"
prefix,segments,sorted_order_strings_segments,Device=0 num_rows=2097152 shared_suffix=64 segment_profile=tiny8,False,False,4.7719599246978746,4.76102397441864,4.777963185310365,0.6145926307663728,32.00227165222168,"{""num_rows"": ""2097152"", ""segment_profile"": ""tiny8"", ""shared_suffix"": ""64""}"
prefix,segments,sorted_order_strings_segments,Device=0 num_rows=32768 shared_suffix=0 segment_profile=tiny16,False,False,0.3189135998487473,0.3157407984137535,0.3190352007746696,0.678542786483427,0.5005626678466797,"{""num_rows"": ""32768"", ""segment_profile"": ""tiny16"", ""shared_suffix"": ""0""}"
prefix,segments,sorted_order_strings_segments,Device=0 num_rows=2097152 shared_suffix=0 segment_profile=tiny16,False,False,1.8722864031791686,1.8676032006740566,1.873937600851059,0.24374625522403118,32.00227165222168,"{""num_rows"": ""2097152"", ""segment_profile"": ""tiny16"", ""shared_suffix"": ""0""}"
prefix,segments,sorted_order_strings_segments,Device=0 num_rows=32768 shared_suffix=64 segment_profile=tiny16,False,False,1.4143376111984254,1.4046944022178651,1.4146255910396577,0.4320047514070659,0.5005626678466797,"{""num_rows"": ""32768"", ""segment_profile"": ""tiny16"", ""shared_suffix"": ""64""}"
prefix,segments,sorted_order_strings_segments,Device=0 num_rows=2097152 shared_suffix=64 segment_profile=tiny16,False,False,7.077567982673646,7.073718428611755,7.0783680200576775,0.6066813394324071,32.00227165222168,"{""num_rows"": ""2097152"", ""segment_profile"": ""tiny16"", ""shared_suffix"": ""64""}"
prefix,segments,sorted_order_strings_segments,Device=0 num_rows=32768 shared_suffix=0 segment_profile=tiny32,False,False,0.3536047980189323,0.35045279860496525,0.35413600057363515,0.4719285504950872,0.5005626678466797,"{""num_rows"": ""32768"", ""segment_profile"": ""tiny32"", ""shared_suffix"": ""0""}"
prefix,segments,sorted_order_strings_segments,Device=0 num_rows=2097152 shared_suffix=0 segment_profile=tiny32,False,False,2.197984004020691,2.194697594642639,2.203515183925629,0.24977172169338988,32.00227165222168,"{""num_rows"": ""2097152"", ""segment_profile"": ""tiny32"", ""shared_suffix"": ""0""}"
prefix,segments,sorted_order_strings_segments,Device=0 num_rows=32768 shared_suffix=64 segment_profile=tiny32,False,False,1.6614351868629456,1.6484528064727784,1.6648255944252013,0.34869306237539316,0.5005626678466797,"{""num_rows"": ""32768"", ""segment_profile"": ""tiny32"", ""shared_suffix"": ""64""}"
prefix,segments,sorted_order_strings_segments,Device=0 num_rows=2097152 shared_suffix=64 segment_profile=tiny32,False,False,9.677009582519531,9.675814485549928,9.689670276641845,0.7742905946540738,32.00227165222168,"{""num_rows"": ""2097152"", ""segment_profile"": ""tiny32"", ""shared_suffix"": ""64""}"
prefix,segments,sorted_order_strings_segments,Device=0 num_rows=32768 shared_suffix=0 segment_profile=block256,False,False,0.4701631993055344,0.4666288003325462,0.471622397005558,0.3987927444994166,0.5005626678466797,"{""num_rows"": ""32768"", ""segment_profile"": ""block256"", ""shared_suffix"": ""0""}"
prefix,segments,sorted_order_strings_segments,Device=0 num_rows=2097152 shared_suffix=0 segment_profile=block256,False,False,3.371731233596802,3.3671183705329897,3.374254405498504,0.20566257263645596,32.00227165222168,"{""num_rows"": ""2097152"", ""segment_profile"": ""block256"", ""shared_suffix"": ""0""}"
prefix,segments,sorted_order_strings_segments,Device=0 num_rows=32768 shared_suffix=64 segment_profile=block256,False,False,2.492884790897369,2.4812064170837393,2.49793757200241,0.35969762237139036,0.5005626678466797,"{""num_rows"": ""32768"", ""segment_profile"": ""block256"", ""shared_suffix"": ""64""}"
prefix,segments,sorted_order_strings_segments,Device=0 num_rows=2097152 shared_suffix=64 segment_profile=block256,False,False,19.2326192855835,19.18164472579956,19.240937709808346,0.4686810343426865,32.00227165222168,"{""num_rows"": ""2097152"", ""segment_profile"": ""block256"", ""shared_suffix"": ""64""}"
prefix,segments,sorted_order_strings_segments,Device=0 num_rows=32768 shared_suffix=0 segment_profile=logarithmic,False,False,0.6819375991821289,0.6780927985906601,0.6865983992815018,0.5780327385108427,0.5005626678466797,"{""num_rows"": ""32768"", ""segment_profile"": ""logarithmic"", ""shared_suffix"": ""0""}"
prefix,segments,sorted_order_strings_segments,Device=0 num_rows=2097152 shared_suffix=0 segment_profile=logarithmic,False,False,5.083449578285217,5.076420855522157,5.0849807977676384,0.14203890973989877,32.00227165222168,"{""num_rows"": ""2097152"", ""segment_profile"": ""logarithmic"", ""shared_suffix"": ""0""}"
prefix,segments,sorted_order_strings_segments,Device=0 num_rows=32768 shared_suffix=64 segment_profile=logarithmic,False,False,3.681164801120758,3.6657248139381413,3.689183986186982,0.27307406494979314,0.5005626678466797,"{""num_rows"": ""32768"", ""segment_profile"": ""logarithmic"", ""shared_suffix"": ""64""}"
prefix,segments,sorted_order_strings_segments,Device=0 num_rows=2097152 shared_suffix=64 segment_profile=logarithmic,False,False,32.88078403472901,32.84212150573732,32.897908973693845,0.34458417282677223,32.00227165222168,"{""num_rows"": ""2097152"", ""segment_profile"": ""logarithmic"", ""shared_suffix"": ""64""}"
prefix,segments,sorted_order_strings_segments,Device=0 num_rows=32768 shared_suffix=0 segment_profile=tiny_plus_giant,False,False,0.44127200245857245,0.436422398686409,0.4426240026950836,0.6300095076290656,0.5005626678466797,"{""num_rows"": ""32768"", ""segment_profile"": ""tiny_plus_giant"", ""shared_suffix"": ""0""}"
prefix,segments,sorted_order_strings_segments,Device=0 num_rows=2097152 shared_suffix=0 segment_profile=tiny_plus_giant,False,False,3.464779210090638,3.4577871680259706,3.464806389808655,1.186148203343938,32.00227165222168,"{""num_rows"": ""2097152"", ""segment_profile"": ""tiny_plus_giant"", ""shared_suffix"": ""0""}"
prefix,segments,sorted_order_strings_segments,Device=0 num_rows=32768 shared_suffix=64 segment_profile=tiny_plus_giant,False,False,2.1475039958953857,2.1352303981781007,2.1526912212371823,0.6572737491121795,0.5005626678466797,"{""num_rows"": ""32768"", ""segment_profile"": ""tiny_plus_giant"", ""shared_suffix"": ""64""}"
prefix,segments,sorted_order_strings_segments,Device=0 num_rows=2097152 shared_suffix=64 segment_profile=tiny_plus_giant,False,False,16.722558498382565,16.668691158294674,16.78380184173584,1.7178965983455359,32.00227165222168,"{""num_rows"": ""2097152"", ""segment_profile"": ""tiny_plus_giant"", ""shared_suffix"": ""64""}"
prefix,segments,sorted_order_strings_segments,Device=0 num_rows=32768 shared_suffix=0 segment_profile=hot90,False,False,0.7608880072832106,0.7571023970842362,0.7648687928915023,0.4148989107573436,0.5005626678466797,"{""num_rows"": ""32768"", ""segment_profile"": ""hot90"", ""shared_suffix"": ""0""}"
prefix,segments,sorted_order_strings_segments,Device=0 num_rows=2097152 shared_suffix=0 segment_profile=hot90,False,False,9.117948865890503,9.110396766662598,9.122427082061767,0.46458179321054294,32.00227165222168,"{""num_rows"": ""2097152"", ""segment_profile"": ""hot90"", ""shared_suffix"": ""0""}"
prefix,segments,sorted_order_strings_segments,Device=0 num_rows=32768 shared_suffix=64 segment_profile=hot90,False,False,4.1648640632629395,4.144225597381592,4.167038416862488,0.3665993720553552,0.5005626678466797,"{""num_rows"": ""32768"", ""segment_profile"": ""hot90"", ""shared_suffix"": ""64""}"
prefix,segments,sorted_order_strings_segments,Device=0 num_rows=2097152 shared_suffix=64 segment_profile=hot90,False,False,68.69032821655273,68.57546272277834,68.7211269378662,0.2772056627752679,32.00227165222168,"{""num_rows"": ""2097152"", ""segment_profile"": ""hot90"", ""shared_suffix"": ""64""}"
prefix,segments,sorted_order_strings_segments,Device=0 num_rows=32768 shared_suffix=0 segment_profile=few_giants,False,False,0.408715197443962,0.40581440180540085,0.4114735990762711,0.47732937910025186,0.5005626678466797,"{""num_rows"": ""32768"", ""segment_profile"": ""few_giants"", ""shared_suffix"": ""0""}"
prefix,segments,sorted_order_strings_segments,Device=0 num_rows=2097152 shared_suffix=0 segment_profile=few_giants,False,False,3.365452790260315,3.3637631773948673,3.382257604598999,1.0807259991221425,32.00227165222168,"{""num_rows"": ""2097152"", ""segment_profile"": ""few_giants"", ""shared_suffix"": ""0""}"
prefix,segments,sorted_order_strings_segments,Device=0 num_rows=32768 shared_suffix=64 segment_profile=few_giants,False,False,1.9886720001697535,1.9774047970771789,1.990361607074738,0.49557810819665915,0.5005626678466797,"{""num_rows"": ""32768"", ""segment_profile"": ""few_giants"", ""shared_suffix"": ""64""}"
prefix,segments,sorted_order_strings_segments,Device=0 num_rows=2097152 shared_suffix=64 segment_profile=few_giants,False,False,16.739363288879392,16.655416011810303,16.748219108581537,1.5940738343012395,32.00227165222168,"{""num_rows"": ""2097152"", ""segment_profile"": ""few_giants"", ""shared_suffix"": ""64""}"
prefix,segments,sorted_order_strings_segments,Device=0 num_rows=32768 shared_suffix=0 segment_profile=one_segment,False,False,0.776449602842331,0.7721136093139649,0.7812960028648376,0.31587593990890217,0.5005626678466797,"{""num_rows"": ""32768"", ""segment_profile"": ""one_segment"", ""shared_suffix"": ""0""}"
prefix,segments,sorted_order_strings_segments,Device=0 num_rows=2097152 shared_suffix=0 segment_profile=one_segment,False,False,9.95818724632263,9.957043170928955,9.965660810470585,0.47123183283959164,32.00227165222168,"{""num_rows"": ""2097152"", ""segment_profile"": ""one_segment"", ""shared_suffix"": ""0""}"
prefix,segments,sorted_order_strings_segments,Device=0 num_rows=32768 shared_suffix=64 segment_profile=one_segment,False,False,4.371420884132386,4.345070338249206,4.373583960533142,0.43548727480602967,0.5005626678466797,"{""num_rows"": ""32768"", ""segment_profile"": ""one_segment"", ""shared_suffix"": ""64""}"
prefix,segments,sorted_order_strings_segments,Device=0 num_rows=2097152 shared_suffix=64 segment_profile=one_segment,False,False,78.1727149963379,78.1628505706787,78.1865406036377,0.21676993097757596,32.00227165222168,"{""num_rows"": ""2097152"", ""segment_profile"": ""one_segment"", ""shared_suffix"": ""64""}"
pr1-p32-c512,pr-source,sorted_order_strings_source_parity,Device=0 num_rows=262144 profile=unique_32,False,False,5.572316765785217,5.5325632095336905,5.585689568519593,0.16191364901308175,9.81140422821045,"{""num_rows"": ""262144"", ""profile"": ""unique_32""}"
pr1-p32-c512,pr-source,sorted_order_strings_source_parity,Device=0 num_rows=2097152 profile=unique_32,False,False,57.123922920227066,56.87625904083252,57.13110351562499,0.07720739905761013,78.42761516571045,"{""num_rows"": ""2097152"", ""profile"": ""unique_32""}"
pr1-p32-c512,pr-source,sorted_order_strings_source_parity,Device=0 num_rows=262144 profile=duplicates_32,False,False,5.00367522239685,4.96794879436493,5.014608025550841,0.1528814680644497,10.811402320861816,"{""num_rows"": ""262144"", ""profile"": ""duplicates_32""}"
pr1-p32-c512,pr-source,sorted_order_strings_source_parity,Device=0 num_rows=2097152 profile=duplicates_32,False,False,52.593807983398435,52.39339046478271,52.605928039550776,0.03350972861835185,86.42761325836182,"{""num_rows"": ""2097152"", ""profile"": ""duplicates_32""}"
pr1-p32-c512,pr-source,sorted_order_strings_source_parity,Device=0 num_rows=262144 profile=shared_prefix_24,False,False,5.584687924385071,5.538760018348693,5.587515234947204,0.8754727226857639,9.81140422821045,"{""num_rows"": ""262144"", ""profile"": ""shared_prefix_24""}"
pr1-p32-c512,pr-source,sorted_order_strings_source_parity,Device=0 num_rows=2097152 profile=shared_prefix_24,False,False,57.11076049804688,56.882283020019536,57.11711883544922,0.13502463305457585,78.42761516571045,"{""num_rows"": ""2097152"", ""profile"": ""shared_prefix_24""}"
pr1-p32-c512,pr-source,sorted_order_strings_source_parity,Device=0 num_rows=262144 profile=raw_unique_40,False,False,0.22874080017209059,0.22437279894948003,0.23178239986300467,1.3819388814306173,9.811159133911133,"{""num_rows"": ""262144"", ""profile"": ""raw_unique_40""}"
pr1-p32-c512,pr-source,sorted_order_strings_source_parity,Device=0 num_rows=2097152 profile=raw_unique_40,False,False,0.4681648001074792,0.46492000371217734,0.4700031980872154,0.7752986047371164,78.42737007141113,"{""num_rows"": ""2097152"", ""profile"": ""raw_unique_40""}"
pr1-p32-c512,pr-source,sorted_order_strings_source_parity,Device=0 num_rows=262144 profile=raw_duplicates_40,False,False,0.7068575978279112,0.7034991979598999,0.7119471967220307,0.7970655019635178,10.811402320861816,"{""num_rows"": ""262144"", ""profile"": ""raw_duplicates_40""}"
pr1-p32-c512,pr-source,sorted_order_strings_source_parity,Device=0 num_rows=2097152 profile=raw_duplicates_40,False,False,2.516035223007202,2.492880034446716,2.520446395874023,1.3803926186587874,86.42761325836182,"{""num_rows"": ""2097152"", ""profile"": ""raw_duplicates_40""}"
pr1-p32-c512,pr-source,sorted_order_strings_source_parity,Device=0 num_rows=262144 profile=raw_shared_prefix_24_width_40,False,False,6.902833580970763,6.858643221855163,6.913358378410341,0.10428334693828051,9.81140422821045,"{""num_rows"": ""262144"", ""profile"": ""raw_shared_prefix_24_width_40""}"
pr1-p32-c512,pr-source,sorted_order_strings_source_parity,Device=0 num_rows=2097152 profile=raw_shared_prefix_24_width_40,False,False,66.59122238159179,66.28874168395996,66.59808845520018,0.040151950815893754,78.42761516571045,"{""num_rows"": ""2097152"", ""profile"": ""raw_shared_prefix_24_width_40""}"
prefix,pr-source,sorted_order_strings_source_parity,Device=0 num_rows=262144 profile=unique_32,False,False,1.1414927899837495,1.1374560058116912,1.1491887986660005,0.42024451420205206,4.00056266784668,"{""num_rows"": ""262144"", ""profile"": ""unique_32""}"
prefix,pr-source,sorted_order_strings_source_parity,Device=0 num_rows=2097152 profile=unique_32,False,False,6.4444080114364635,6.425694417953491,6.458727979660034,1.4245602950338896,32.00227165222168,"{""num_rows"": ""2097152"", ""profile"": ""unique_32""}"
prefix,pr-source,sorted_order_strings_source_parity,Device=0 num_rows=262144 profile=duplicates_32,False,False,1.9258095979690555,1.9228512108325955,1.9394495964050296,0.32345505815543985,4.00056266784668,"{""num_rows"": ""262144"", ""profile"": ""duplicates_32""}"
prefix,pr-source,sorted_order_strings_source_parity,Device=0 num_rows=2097152 profile=duplicates_32,False,False,12.8493935585022,12.813203287124633,12.889470481872559,1.0696710340766957,32.00227165222168,"{""num_rows"": ""2097152"", ""profile"": ""duplicates_32""}"
prefix,pr-source,sorted_order_strings_source_parity,Device=0 num_rows=262144 profile=shared_prefix_24,False,False,1.1428303956985473,1.1379503846168517,1.1462783932685852,0.5358116834135564,4.00056266784668,"{""num_rows"": ""262144"", ""profile"": ""shared_prefix_24""}"
prefix,pr-source,sorted_order_strings_source_parity,Device=0 num_rows=2097152 profile=shared_prefix_24,False,False,6.473086404800414,6.465865540504456,6.49752962589264,1.4512431182308543,32.00227165222168,"{""num_rows"": ""2097152"", ""profile"": ""shared_prefix_24""}"
prefix,pr-source,sorted_order_strings_source_parity,Device=0 num_rows=262144 profile=raw_unique_40,False,False,0.2182848006486893,0.21459040120244025,0.22025759890675545,1.0358955608686005,4.00056266784668,"{""num_rows"": ""262144"", ""profile"": ""raw_unique_40""}"
prefix,pr-source,sorted_order_strings_source_parity,Device=0 num_rows=2097152 profile=raw_unique_40,False,False,0.9808815985918045,0.9784223943948747,0.9846879988908767,0.7018947327476491,32.00227165222168,"{""num_rows"": ""2097152"", ""profile"": ""raw_unique_40""}"
prefix,pr-source,sorted_order_strings_source_parity,Device=0 num_rows=262144 profile=raw_duplicates_40,False,False,1.2468832015991211,1.2436160027980805,1.2580480158329008,0.46180079167114657,4.00056266784668,"{""num_rows"": ""262144"", ""profile"": ""raw_duplicates_40""}"
prefix,pr-source,sorted_order_strings_source_parity,Device=0 num_rows=2097152 profile=raw_duplicates_40,False,False,4.677963209152222,4.666155147552491,4.700956797599792,0.3309396900584214,32.00227165222168,"{""num_rows"": ""2097152"", ""profile"": ""raw_duplicates_40""}"
prefix,pr-source,sorted_order_strings_source_parity,Device=0 num_rows=262144 profile=raw_shared_prefix_24_width_40,False,False,1.8573904097080232,1.8544000089168553,1.869382405281067,0.35574637146542837,4.00056266784668,"{""num_rows"": ""262144"", ""profile"": ""raw_shared_prefix_24_width_40""}"
prefix,pr-source,sorted_order_strings_source_parity,Device=0 num_rows=2097152 profile=raw_shared_prefix_24_width_40,False,False,20.986601638793946,20.97964468002319,21.035673522949217,0.3496974459667762,32.00227165222168,"{""num_rows"": ""2097152"", ""profile"": ""raw_shared_prefix_24_width_40""}"
prefix,pr-workload,sorted_order_strings_workload,Device=0 min_width=0 max_width=32 num_rows=32768 workload=normal,False,False,0.6407312005758284,0.637059199810028,0.6435424000024795,0.35320724998075204,0.5005626678466797,"{""max_width"": ""32"", ""min_width"": ""0"", ""num_rows"": ""32768"", ""workload"": ""normal""}"
prefix,pr-workload,sorted_order_strings_workload,Device=0 min_width=0 max_width=64 num_rows=32768 workload=normal,False,False,1.313444799184799,1.3069247961044315,1.316150403022766,0.4535110054509204,0.5005626678466797,"{""max_width"": ""64"", ""min_width"": ""0"", ""num_rows"": ""32768"", ""workload"": ""normal""}"
prefix,pr-workload,sorted_order_strings_workload,Device=0 min_width=0 max_width=128 num_rows=32768 workload=normal,False,False,2.7325248003005984,2.7224735975265495,2.7459936022758487,0.9187195065112066,0.5005626678466797,"{""max_width"": ""128"", ""min_width"": ""0"", ""num_rows"": ""32768"", ""workload"": ""normal""}"
prefix,pr-workload,sorted_order_strings_workload,Device=0 min_width=0 max_width=256 num_rows=32768 workload=normal,False,False,5.699588751792907,5.685246419906616,5.705876779556274,1.07414628901159,0.5005626678466797,"{""max_width"": ""256"", ""min_width"": ""0"", ""num_rows"": ""32768"", ""workload"": ""normal""}"
prefix,pr-workload,sorted_order_strings_workload,Device=0 min_width=0 max_width=32 num_rows=262144 workload=normal,False,False,0.9878464043140409,0.987270399928093,0.9905328065156938,0.3874336299274489,4.00056266784668,"{""max_width"": ""32"", ""min_width"": ""0"", ""num_rows"": ""262144"", ""workload"": ""normal""}"
prefix,pr-workload,sorted_order_strings_workload,Device=0 min_width=0 max_width=64 num_rows=262144 workload=normal,False,False,1.973267209529876,1.9640704035758976,1.9745487987995147,0.3998139772685171,4.00056266784668,"{""max_width"": ""64"", ""min_width"": ""0"", ""num_rows"": ""262144"", ""workload"": ""normal""}"
prefix,pr-workload,sorted_order_strings_workload,Device=0 min_width=0 max_width=128 num_rows=262144 workload=normal,False,False,4.028532814979553,4.009404838085175,4.029683208465577,0.26074011189814483,4.00056266784668,"{""max_width"": ""128"", ""min_width"": ""0"", ""num_rows"": ""262144"", ""workload"": ""normal""}"
prefix,pr-workload,sorted_order_strings_workload,Device=0 min_width=0 max_width=256 num_rows=262144 workload=normal,False,False,8.630318355560302,8.55920166969299,8.631654405593872,1.0578039249379945,4.00056266784668,"{""max_width"": ""256"", ""min_width"": ""0"", ""num_rows"": ""262144"", ""workload"": ""normal""}"
prefix,pr-workload,sorted_order_strings_workload,Device=0 min_width=0 max_width=32 num_rows=2097152 workload=normal,False,False,2.880566394329071,2.875587201118469,2.881203210353851,0.4107903788739446,32.00227165222168,"{""max_width"": ""32"", ""min_width"": ""0"", ""num_rows"": ""2097152"", ""workload"": ""normal""}"
prefix,pr-workload,sorted_order_strings_workload,Device=0 min_width=0 max_width=64 num_rows=2097152 workload=normal,False,False,5.029255962371826,5.010027194023133,5.030367994308472,0.22272929759079052,32.00227165222168,"{""max_width"": ""64"", ""min_width"": ""0"", ""num_rows"": ""2097152"", ""workload"": ""normal""}"
prefix,pr-workload,sorted_order_strings_workload,Device=0 min_width=0 max_width=128 num_rows=2097152 workload=normal,False,False,9.576292848587038,9.550783967971801,9.58227195739746,0.29721929120469376,32.00227165222168,"{""max_width"": ""128"", ""min_width"": ""0"", ""num_rows"": ""2097152"", ""workload"": ""normal""}"
prefix,pr-workload,sorted_order_strings_workload,Device=0 min_width=0 max_width=256 num_rows=2097152 workload=normal,False,False,19.221209621429445,19.166755294799806,19.234699440002434,0.39492123919209615,32.00227165222168,"{""max_width"": ""256"", ""min_width"": ""0"", ""num_rows"": ""2097152"", ""workload"": ""normal""}"
prefix,pr-workload,sorted_order_strings_workload,Device=0 min_width=0 max_width=32 num_rows=32768 workload=duplicates,False,False,0.7138640016317368,0.71355200111866,0.7150031954050062,0.5550561366685869,0.5005626678466797,"{""max_width"": ""32"", ""min_width"": ""0"", ""num_rows"": ""32768"", ""workload"": ""duplicates""}"
prefix,pr-workload,sorted_order_strings_workload,Device=0 min_width=0 max_width=64 num_rows=32768 workload=duplicates,False,False,1.4746608018875123,1.4657792031764985,1.4764015913009643,0.36133607116555233,0.5005626678466797,"{""max_width"": ""64"", ""min_width"": ""0"", ""num_rows"": ""32768"", ""workload"": ""duplicates""}"
prefix,pr-workload,sorted_order_strings_workload,Device=0 min_width=0 max_width=128 num_rows=32768 workload=duplicates,False,False,3.047686409950256,3.0300719976425174,3.0477152109146126,0.23118664758621724,0.5005626678466797,"{""max_width"": ""128"", ""min_width"": ""0"", ""num_rows"": ""32768"", ""workload"": ""duplicates""}"
prefix,pr-workload,sorted_order_strings_workload,Device=0 min_width=0 max_width=256 num_rows=32768 workload=duplicates,False,False,6.120804810523986,6.0933824300766,6.12759199142456,0.17697160726494301,0.5005626678466797,"{""max_width"": ""256"", ""min_width"": ""0"", ""num_rows"": ""32768"", ""workload"": ""duplicates""}"
prefix,pr-workload,sorted_order_strings_workload,Device=0 min_width=0 max_width=32 num_rows=262144 workload=duplicates,False,False,1.1360480129718782,1.1343168020248418,1.136142414808273,0.4677097576079954,4.00056266784668,"{""max_width"": ""32"", ""min_width"": ""0"", ""num_rows"": ""262144"", ""workload"": ""duplicates""}"
prefix,pr-workload,sorted_order_strings_workload,Device=0 min_width=0 max_width=64 num_rows=262144 workload=duplicates,False,False,2.2922303795814516,2.283067178726196,2.296216011047363,0.3817314206870555,4.00056266784668,"{""max_width"": ""64"", ""min_width"": ""0"", ""num_rows"": ""262144"", ""workload"": ""duplicates""}"
prefix,pr-workload,sorted_order_strings_workload,Device=0 min_width=0 max_width=128 num_rows=262144 workload=duplicates,False,False,4.790375995635985,4.762339186668396,4.790689611434936,0.283752745835857,4.00056266784668,"{""max_width"": ""128"", ""min_width"": ""0"", ""num_rows"": ""262144"", ""workload"": ""duplicates""}"
prefix,pr-workload,sorted_order_strings_workload,Device=0 min_width=0 max_width=256 num_rows=262144 workload=duplicates,False,False,10.531779050827025,10.49752163887024,10.53835678100586,0.6473036695276888,4.00056266784668,"{""max_width"": ""256"", ""min_width"": ""0"", ""num_rows"": ""262144"", ""workload"": ""duplicates""}"
prefix,pr-workload,sorted_order_strings_workload,Device=0 min_width=0 max_width=32 num_rows=2097152 workload=duplicates,False,False,3.207246398925781,3.206425595283508,3.2129536032676693,0.6665636044255976,32.00227165222168,"{""max_width"": ""32"", ""min_width"": ""0"", ""num_rows"": ""2097152"", ""workload"": ""duplicates""}"
prefix,pr-workload,sorted_order_strings_workload,Device=0 min_width=0 max_width=64 num_rows=2097152 workload=duplicates,False,False,5.960169577598571,5.940091204643249,5.9637024164199826,0.3347984328069729,32.00227165222168,"{""max_width"": ""64"", ""min_width"": ""0"", ""num_rows"": ""2097152"", ""workload"": ""duplicates""}"
prefix,pr-workload,sorted_order_strings_workload,Device=0 min_width=0 max_width=128 num_rows=2097152 workload=duplicates,False,False,11.7875648021698,11.760063982009887,11.830286359786989,0.9190228472486501,32.00227165222168,"{""max_width"": ""128"", ""min_width"": ""0"", ""num_rows"": ""2097152"", ""workload"": ""duplicates""}"
prefix,pr-workload,sorted_order_strings_workload,Device=0 min_width=0 max_width=256 num_rows=2097152 workload=duplicates,False,False,22.940350341796872,22.88929281234741,22.96289768218994,0.2851600979244582,32.00227165222168,"{""max_width"": ""256"", ""min_width"": ""0"", ""num_rows"": ""2097152"", ""workload"": ""duplicates""}"
prefix,pr-workload,sorted_order_strings_workload,Device=0 min_width=0 max_width=32 num_rows=32768 workload=shared_prefix,False,False,1.636939203739166,1.629126399755478,1.6379984080791474,0.6535729055110193,0.5005626678466797,"{""max_width"": ""32"", ""min_width"": ""0"", ""num_rows"": ""32768"", ""workload"": ""shared_prefix""}"
prefix,pr-workload,sorted_order_strings_workload,Device=0 min_width=0 max_width=64 num_rows=32768 workload=shared_prefix,False,False,4.014737558364868,3.999396753311157,4.017185640335083,0.2762231622501228,0.5005626678466797,"{""max_width"": ""64"", ""min_width"": ""0"", ""num_rows"": ""32768"", ""workload"": ""shared_prefix""}"
prefix,pr-workload,sorted_order_strings_workload,Device=0 min_width=0 max_width=128 num_rows=32768 workload=shared_prefix,False,False,9.01121606826782,8.977428674697874,9.017833614349366,0.1223202578286457,0.5005626678466797,"{""max_width"": ""128"", ""min_width"": ""0"", ""num_rows"": ""32768"", ""workload"": ""shared_prefix""}"
prefix,pr-workload,sorted_order_strings_workload,Device=0 min_width=0 max_width=256 num_rows=32768 workload=shared_prefix,False,False,19.23882236480713,19.15766544342041,19.242260837554934,0.16986603218918628,0.5005626678466797,"{""max_width"": ""256"", ""min_width"": ""0"", ""num_rows"": ""32768"", ""workload"": ""shared_prefix""}"
prefix,pr-workload,sorted_order_strings_workload,Device=0 min_width=0 max_width=32 num_rows=262144 workload=shared_prefix,False,False,2.2970720291137696,2.285200023651123,2.2975808143615724,0.24716609689381855,4.00056266784668,"{""max_width"": ""32"", ""min_width"": ""0"", ""num_rows"": ""262144"", ""workload"": ""shared_prefix""}"
prefix,pr-workload,sorted_order_strings_workload,Device=0 min_width=0 max_width=64 num_rows=262144 workload=shared_prefix,False,False,5.587359976768495,5.56131682395935,5.589772748947143,0.5410944899267727,4.00056266784668,"{""max_width"": ""64"", ""min_width"": ""0"", ""num_rows"": ""262144"", ""workload"": ""shared_prefix""}"
prefix,pr-workload,sorted_order_strings_workload,Device=0 min_width=0 max_width=128 num_rows=262144 workload=shared_prefix,False,False,13.348697519302366,13.299406385421753,13.40101442337036,1.040940783112859,4.00056266784668,"{""max_width"": ""128"", ""min_width"": ""0"", ""num_rows"": ""262144"", ""workload"": ""shared_prefix""}"
prefix,pr-workload,sorted_order_strings_workload,Device=0 min_width=0 max_width=256 num_rows=262144 workload=shared_prefix,False,False,39.39006881713866,39.247830772399894,39.393201637268064,0.13485431921770927,4.00056266784668,"{""max_width"": ""256"", ""min_width"": ""0"", ""num_rows"": ""262144"", ""workload"": ""shared_prefix""}"
prefix,pr-workload,sorted_order_strings_workload,Device=0 min_width=0 max_width=32 num_rows=2097152 workload=shared_prefix,False,False,19.39479684829712,19.33835191726684,19.412503910064697,0.46386084473171985,32.00227165222168,"{""max_width"": ""32"", ""min_width"": ""0"", ""num_rows"": ""2097152"", ""workload"": ""shared_prefix""}"
prefix,pr-workload,sorted_order_strings_workload,Device=0 min_width=0 max_width=64 num_rows=2097152 workload=shared_prefix,False,False,52.80728302001954,52.755040168762186,52.81156463623046,0.3795878999315729,32.00227165222168,"{""max_width"": ""64"", ""min_width"": ""0"", ""num_rows"": ""2097152"", ""workload"": ""shared_prefix""}"
prefix,pr-workload,sorted_order_strings_workload,Device=0 min_width=0 max_width=128 num_rows=2097152 workload=shared_prefix,False,False,122.90893058776857,122.85848464965824,123.00756645202637,0.36607867906369773,32.00227165222168,"{""max_width"": ""128"", ""min_width"": ""0"", ""num_rows"": ""2097152"", ""workload"": ""shared_prefix""}"
prefix,pr-workload,sorted_order_strings_workload,Device=0 min_width=0 max_width=256 num_rows=2097152 workload=shared_prefix,False,False,270.3093948364258,270.16580352783205,270.45010070800777,0.21612708747325826,32.00227165222168,"{""max_width"": ""256"", ""min_width"": ""0"", ""num_rows"": ""2097152"", ""workload"": ""shared_prefix""}"
prefix,pr-workload,sorted_order_strings_workload,Device=0 min_width=0 max_width=32 num_rows=32768 workload=variable,False,False,0.16895200088620185,0.16730400025844572,0.1692383997142315,0.9443875905697553,0.5005626678466797,"{""max_width"": ""32"", ""min_width"": ""0"", ""num_rows"": ""32768"", ""workload"": ""variable""}"
prefix,pr-workload,sorted_order_strings_workload,Device=0 min_width=0 max_width=64 num_rows=32768 workload=variable,False,False,0.17417759969830512,0.17295040115714072,0.17437600046396254,0.8044001637998793,0.5005626678466797,"{""max_width"": ""64"", ""min_width"": ""0"", ""num_rows"": ""32768"", ""workload"": ""variable""}"
prefix,pr-workload,sorted_order_strings_workload,Device=0 min_width=0 max_width=128 num_rows=32768 workload=variable,False,False,0.17341120019555092,0.17186239957809452,0.1738736003637314,0.7628644972729358,0.5005626678466797,"{""max_width"": ""128"", ""min_width"": ""0"", ""num_rows"": ""32768"", ""workload"": ""variable""}"
prefix,pr-workload,sorted_order_strings_workload,Device=0 min_width=0 max_width=256 num_rows=32768 workload=variable,False,False,0.17433759942650795,0.17319200038909915,0.17446239888668058,0.528345246522184,0.5005626678466797,"{""max_width"": ""256"", ""min_width"": ""0"", ""num_rows"": ""32768"", ""workload"": ""variable""}"
prefix,pr-workload,sorted_order_strings_workload,Device=0 min_width=0 max_width=32 num_rows=262144 workload=variable,False,False,0.2821904018521309,0.2813376009464264,0.2828879997134208,2.8809981036301924,4.00056266784668,"{""max_width"": ""32"", ""min_width"": ""0"", ""num_rows"": ""262144"", ""workload"": ""variable""}"
prefix,pr-workload,sorted_order_strings_workload,Device=0 min_width=0 max_width=64 num_rows=262144 workload=variable,False,False,0.2928864002227783,0.29007680118083956,0.293342399597168,0.322491647322088,4.00056266784668,"{""max_width"": ""64"", ""min_width"": ""0"", ""num_rows"": ""262144"", ""workload"": ""variable""}"
prefix,pr-workload,sorted_order_strings_workload,Device=0 min_width=0 max_width=128 num_rows=262144 workload=variable,False,False,0.3065808013081551,0.30409279912710196,0.30755520015954974,0.5965646631582533,4.00056266784668,"{""max_width"": ""128"", ""min_width"": ""0"", ""num_rows"": ""262144"", ""workload"": ""variable""}"
prefix,pr-workload,sorted_order_strings_workload,Device=0 min_width=0 max_width=256 num_rows=262144 workload=variable,False,False,0.3320479989051819,0.3293200001120567,0.3325664058327675,0.6346388449389219,4.00056266784668,"{""max_width"": ""256"", ""min_width"": ""0"", ""num_rows"": ""262144"", ""workload"": ""variable""}"
prefix,pr-workload,sorted_order_strings_workload,Device=0 min_width=0 max_width=32 num_rows=2097152 workload=variable,False,False,1.10553440451622,1.1029439985752107,1.1057359874248507,0.48474336807410245,32.00227165222168,"{""max_width"": ""32"", ""min_width"": ""0"", ""num_rows"": ""2097152"", ""workload"": ""variable""}"
prefix,pr-workload,sorted_order_strings_workload,Device=0 min_width=0 max_width=64 num_rows=2097152 workload=variable,False,False,1.1152463972568512,1.111648005247116,1.116049599647522,0.6519179171618898,32.00227165222168,"{""max_width"": ""64"", ""min_width"": ""0"", ""num_rows"": ""2097152"", ""workload"": ""variable""}"
prefix,pr-workload,sorted_order_strings_workload,Device=0 min_width=0 max_width=128 num_rows=2097152 workload=variable,False,False,1.1457776129245758,1.141521590948105,1.1482784032821658,0.5476531086321497,32.00227165222168,"{""max_width"": ""128"", ""min_width"": ""0"", ""num_rows"": ""2097152"", ""workload"": ""variable""}"
prefix,pr-workload,sorted_order_strings_workload,Device=0 min_width=0 max_width=256 num_rows=2097152 workload=variable,False,False,1.198859202861786,1.1965919971466066,1.1992912113666534,0.3124735240589188,32.00227165222168,"{""max_width"": ""256"", ""min_width"": ""0"", ""num_rows"": ""2097152"", ""workload"": ""variable""}"
optimized,pr-workload,sorted_order_strings_workload,Device=0 min_width=0 max_width=32 num_rows=32768 workload=normal,False,False,0.19641439989209175,0.19599519968032836,0.20074400007724763,1.6718813923310212,1.1391592025756836,"{""max_width"": ""32"", ""min_width"": ""0"", ""num_rows"": ""32768"", ""workload"": ""normal""}"
optimized,pr-workload,sorted_order_strings_workload,Device=0 min_width=0 max_width=64 num_rows=32768 workload=normal,False,False,0.2209551982581615,0.22071839943528176,0.22318719923496247,0.7830925061141643,1.1391592025756836,"{""max_width"": ""64"", ""min_width"": ""0"", ""num_rows"": ""32768"", ""workload"": ""normal""}"
optimized,pr-workload,sorted_order_strings_workload,Device=0 min_width=0 max_width=128 num_rows=32768 workload=normal,False,False,0.2795008033514023,0.2784767970442772,0.2826560020446777,0.7788559777272877,1.1391592025756836,"{""max_width"": ""128"", ""min_width"": ""0"", ""num_rows"": ""32768"", ""workload"": ""normal""}"
optimized,pr-workload,sorted_order_strings_workload,Device=0 min_width=0 max_width=256 num_rows=32768 workload=normal,False,False,0.4002992004156113,0.4001824021339416,0.4037216007709504,0.769860116560544,1.1391592025756836,"{""max_width"": ""256"", ""min_width"": ""0"", ""num_rows"": ""32768"", ""workload"": ""normal""}"
optimized,pr-workload,sorted_order_strings_workload,Device=0 min_width=0 max_width=32 num_rows=262144 workload=normal,False,False,0.4042399987578393,0.4025087997317315,0.40620480030775064,0.896270101526128,9.053221702575684,"{""max_width"": ""32"", ""min_width"": ""0"", ""num_rows"": ""262144"", ""workload"": ""normal""}"
optimized,pr-workload,sorted_order_strings_workload,Device=0 min_width=0 max_width=64 num_rows=262144 workload=normal,False,False,0.522500804066658,0.5208880037069322,0.5240576028823853,1.5704673575659571,9.053221702575684,"{""max_width"": ""64"", ""min_width"": ""0"", ""num_rows"": ""262144"", ""workload"": ""normal""}"
optimized,pr-workload,sorted_order_strings_workload,Device=0 min_width=0 max_width=128 num_rows=262144 workload=normal,False,False,0.860454398393631,0.8590255945920946,0.8667968004941942,2.0569658106136495,9.053221702575684,"{""max_width"": ""128"", ""min_width"": ""0"", ""num_rows"": ""262144"", ""workload"": ""normal""}"
optimized,pr-workload,sorted_order_strings_workload,Device=0 min_width=0 max_width=256 num_rows=262144 workload=normal,False,False,1.5099663972854613,1.5016576230525973,1.5119423985481262,2.433005281272856,9.053221702575684,"{""max_width"": ""256"", ""min_width"": ""0"", ""num_rows"": ""262144"", ""workload"": ""normal""}"
optimized,pr-workload,sorted_order_strings_workload,Device=0 min_width=0 max_width=32 num_rows=2097152 workload=normal,False,False,1.3569999992847441,1.3452880024909974,1.3573840022087096,2.086146975401754,72.36474514007568,"{""max_width"": ""32"", ""min_width"": ""0"", ""num_rows"": ""2097152"", ""workload"": ""normal""}"
optimized,pr-workload,sorted_order_strings_workload,Device=0 min_width=0 max_width=64 num_rows=2097152 workload=normal,False,False,2.038443160057068,2.03473282456398,2.0418223798274995,2.1357559285582988,72.36474514007568,"{""max_width"": ""64"", ""min_width"": ""0"", ""num_rows"": ""2097152"", ""workload"": ""normal""}"
optimized,pr-workload,sorted_order_strings_workload,Device=0 min_width=0 max_width=128 num_rows=2097152 workload=normal,False,False,3.6726463794708244,3.6542000055313113,3.726406383514405,2.2615355408748803,72.36474514007568,"{""max_width"": ""128"", ""min_width"": ""0"", ""num_rows"": ""2097152"", ""workload"": ""normal""}"
optimized,pr-workload,sorted_order_strings_workload,Device=0 min_width=0 max_width=256 num_rows=2097152 workload=normal,False,False,7.956811213493349,7.8991439580917335,7.994172739982606,3.0296805790772936,72.36474514007568,"{""max_width"": ""256"", ""min_width"": ""0"", ""num_rows"": ""2097152"", ""workload"": ""normal""}"
optimized,pr-workload,sorted_order_strings_workload,Device=0 min_width=0 max_width=32 num_rows=32768 workload=duplicates,False,False,0.22796319946646695,0.2274512000381947,0.2295616000890732,1.0376565698249003,1.1391592025756836,"{""max_width"": ""32"", ""min_width"": ""0"", ""num_rows"": ""32768"", ""workload"": ""duplicates""}"
optimized,pr-workload,sorted_order_strings_workload,Device=0 min_width=0 max_width=64 num_rows=32768 workload=duplicates,False,False,0.29374720007181165,0.2935280025005341,0.29518079906702044,0.7561725312984223,1.1391592025756836,"{""max_width"": ""64"", ""min_width"": ""0"", ""num_rows"": ""32768"", ""workload"": ""duplicates""}"
optimized,pr-workload,sorted_order_strings_workload,Device=0 min_width=0 max_width=128 num_rows=32768 workload=duplicates,False,False,0.4303215950727462,0.4297968000173569,0.4319952040910721,0.750061780616438,1.1391592025756836,"{""max_width"": ""128"", ""min_width"": ""0"", ""num_rows"": ""32768"", ""workload"": ""duplicates""}"
optimized,pr-workload,sorted_order_strings_workload,Device=0 min_width=0 max_width=256 num_rows=32768 workload=duplicates,False,False,0.8065968036651613,0.8058143943548204,0.8081663995981216,1.180953309084213,1.1391592025756836,"{""max_width"": ""256"", ""min_width"": ""0"", ""num_rows"": ""32768"", ""workload"": ""duplicates""}"
optimized,pr-workload,sorted_order_strings_workload,Device=0 min_width=0 max_width=32 num_rows=262144 workload=duplicates,False,False,0.4281280025839805,0.4227744013071059,0.43252000063657764,1.8568410407915366,9.053221702575684,"{""max_width"": ""32"", ""min_width"": ""0"", ""num_rows"": ""262144"", ""workload"": ""duplicates""}"
optimized,pr-workload,sorted_order_strings_workload,Device=0 min_width=0 max_width=64 num_rows=262144 workload=duplicates,False,False,0.5915983974933625,0.5832128018140793,0.5938463985919953,2.5567978279880594,9.053221702575684,"{""max_width"": ""64"", ""min_width"": ""0"", ""num_rows"": ""262144"", ""workload"": ""duplicates""}"
optimized,pr-workload,sorted_order_strings_workload,Device=0 min_width=0 max_width=128 num_rows=262144 workload=duplicates,False,False,0.9148111999034881,0.913737601041794,0.9258576065301896,2.5346406674990685,9.053221702575684,"{""max_width"": ""128"", ""min_width"": ""0"", ""num_rows"": ""262144"", ""workload"": ""duplicates""}"
optimized,pr-workload,sorted_order_strings_workload,Device=0 min_width=0 max_width=256 num_rows=262144 workload=duplicates,False,False,1.7323040068149567,1.7294288098812105,1.7346335947513583,1.6819140762616012,9.053221702575684,"{""max_width"": ""256"", ""min_width"": ""0"", ""num_rows"": ""262144"", ""workload"": ""duplicates""}"
optimized,pr-workload,sorted_order_strings_workload,Device=0 min_width=0 max_width=32 num_rows=2097152 workload=duplicates,False,False,0.5067104041576386,0.5033903941512108,0.5087888002395629,0.6361689765353584,72.36474514007568,"{""max_width"": ""32"", ""min_width"": ""0"", ""num_rows"": ""2097152"", ""workload"": ""duplicates""}"
optimized,pr-workload,sorted_order_strings_workload,Device=0 min_width=0 max_width=64 num_rows=2097152 workload=duplicates,False,False,0.5676383972167969,0.5622160017490385,0.5680512011051178,0.515013635028584,72.36474514007568,"{""max_width"": ""64"", ""min_width"": ""0"", ""num_rows"": ""2097152"", ""workload"": ""duplicates""}"
optimized,pr-workload,sorted_order_strings_workload,Device=0 min_width=0 max_width=128 num_rows=2097152 workload=duplicates,False,False,0.6709520012140273,0.6699632018804549,0.6763952016830443,1.0394448051007261,72.36474514007568,"{""max_width"": ""128"", ""min_width"": ""0"", ""num_rows"": ""2097152"", ""workload"": ""duplicates""}"
optimized,pr-workload,sorted_order_strings_workload,Device=0 min_width=0 max_width=256 num_rows=2097152 workload=duplicates,False,False,0.8473151981830598,0.8467968076467512,0.8485743999481201,1.4111665008576892,72.36474514007568,"{""max_width"": ""256"", ""min_width"": ""0"", ""num_rows"": ""2097152"", ""workload"": ""duplicates""}"
optimized,pr-workload,sorted_order_strings_workload,Device=0 min_width=0 max_width=32 num_rows=32768 workload=shared_prefix,False,False,0.35665440261363984,0.3550336003303528,0.36134560108184816,1.1430211581114782,1.1391592025756836,"{""max_width"": ""32"", ""min_width"": ""0"", ""num_rows"": ""32768"", ""workload"": ""shared_prefix""}"
optimized,pr-workload,sorted_order_strings_workload,Device=0 min_width=0 max_width=64 num_rows=32768 workload=shared_prefix,False,False,0.36688640117645266,0.3633024007081986,0.3745472028851509,1.6431660055596775,1.1391592025756836,"{""max_width"": ""64"", ""min_width"": ""0"", ""num_rows"": ""32768"", ""workload"": ""shared_prefix""}"
optimized,pr-workload,sorted_order_strings_workload,Device=0 min_width=0 max_width=128 num_rows=32768 workload=shared_prefix,False,False,0.3992048010230065,0.39885760098695755,0.4018208011984826,0.7866078704863824,1.1391592025756836,"{""max_width"": ""128"", ""min_width"": ""0"", ""num_rows"": ""32768"", ""workload"": ""shared_prefix""}"
optimized,pr-workload,sorted_order_strings_workload,Device=0 min_width=0 max_width=256 num_rows=32768 workload=shared_prefix,False,False,0.4614720016717911,0.4612831979990006,0.4661503970623016,0.9125898516098407,1.1391592025756836,"{""max_width"": ""256"", ""min_width"": ""0"", ""num_rows"": ""32768"", ""workload"": ""shared_prefix""}"
optimized,pr-workload,sorted_order_strings_workload,Device=0 min_width=0 max_width=32 num_rows=262144 workload=shared_prefix,False,False,0.5210320025682448,0.5207488030195236,0.5287679970264435,1.0630698670779308,9.053221702575684,"{""max_width"": ""32"", ""min_width"": ""0"", ""num_rows"": ""262144"", ""workload"": ""shared_prefix""}"
optimized,pr-workload,sorted_order_strings_workload,Device=0 min_width=0 max_width=64 num_rows=262144 workload=shared_prefix,False,False,0.5507328003644943,0.548907196521759,0.552572801709175,0.7411894746240594,9.053221702575684,"{""max_width"": ""64"", ""min_width"": ""0"", ""num_rows"": ""262144"", ""workload"": ""shared_prefix""}"
optimized,pr-workload,sorted_order_strings_workload,Device=0 min_width=0 max_width=128 num_rows=262144 workload=shared_prefix,False,False,0.6216304004192352,0.620377603173256,0.6264528006315231,0.9297124532387777,9.053221702575684,"{""max_width"": ""128"", ""min_width"": ""0"", ""num_rows"": ""262144"", ""workload"": ""shared_prefix""}"
optimized,pr-workload,sorted_order_strings_workload,Device=0 min_width=0 max_width=256 num_rows=262144 workload=shared_prefix,False,False,0.6992959976196289,0.6937056005001069,0.7032799988985061,0.7766306480371084,9.053221702575684,"{""max_width"": ""256"", ""min_width"": ""0"", ""num_rows"": ""262144"", ""workload"": ""shared_prefix""}"
optimized,pr-workload,sorted_order_strings_workload,Device=0 min_width=0 max_width=32 num_rows=2097152 workload=shared_prefix,False,False,3.6169295907020573,3.616460800170899,3.6266175627708432,0.46409290200480435,72.36474514007568,"{""max_width"": ""32"", ""min_width"": ""0"", ""num_rows"": ""2097152"", ""workload"": ""shared_prefix""}"
optimized,pr-workload,sorted_order_strings_workload,Device=0 min_width=0 max_width=64 num_rows=2097152 workload=shared_prefix,False,False,3.9612672209739674,3.9582272052764895,3.9628080129623404,0.4857431229785305,72.36474514007568,"{""max_width"": ""64"", ""min_width"": ""0"", ""num_rows"": ""2097152"", ""workload"": ""shared_prefix""}"
optimized,pr-workload,sorted_order_strings_workload,Device=0 min_width=0 max_width=128 num_rows=2097152 workload=shared_prefix,False,False,4.757739281654358,4.748313641548157,4.759286403656006,0.3348911881552484,72.36474514007568,"{""max_width"": ""128"", ""min_width"": ""0"", ""num_rows"": ""2097152"", ""workload"": ""shared_prefix""}"
optimized,pr-workload,sorted_order_strings_workload,Device=0 min_width=0 max_width=256 num_rows=2097152 workload=shared_prefix,False,False,5.126481580734253,5.118007946014405,5.128267192840575,0.29062595684833886,72.36474514007568,"{""max_width"": ""256"", ""min_width"": ""0"", ""num_rows"": ""2097152"", ""workload"": ""shared_prefix""}"
optimized,pr-workload,sorted_order_strings_workload,Device=0 min_width=0 max_width=32 num_rows=32768 workload=variable,False,False,0.18996800035238268,0.1891504004597664,0.1918064005672932,1.2379601361503476,1.1391592025756836,"{""max_width"": ""32"", ""min_width"": ""0"", ""num_rows"": ""32768"", ""workload"": ""variable""}"
optimized,pr-workload,sorted_order_strings_workload,Device=0 min_width=0 max_width=64 num_rows=32768 workload=variable,False,False,0.18805280104279518,0.18735680133104324,0.19032000079751016,1.9058536814230063,1.1391592025756836,"{""max_width"": ""64"", ""min_width"": ""0"", ""num_rows"": ""32768"", ""workload"": ""variable""}"
optimized,pr-workload,sorted_order_strings_workload,Device=0 min_width=0 max_width=128 num_rows=32768 workload=variable,False,False,0.17545600011944767,0.17511200010776523,0.17719520032405853,1.0050366648291096,1.1391592025756836,"{""max_width"": ""128"", ""min_width"": ""0"", ""num_rows"": ""32768"", ""workload"": ""variable""}"
optimized,pr-workload,sorted_order_strings_workload,Device=0 min_width=0 max_width=256 num_rows=32768 workload=variable,False,False,0.173700799793005,0.1703199982643127,0.17926720008254055,2.2169764601467983,1.1391592025756836,"{""max_width"": ""256"", ""min_width"": ""0"", ""num_rows"": ""32768"", ""workload"": ""variable""}"
optimized,pr-workload,sorted_order_strings_workload,Device=0 min_width=0 max_width=32 num_rows=262144 workload=variable,False,False,0.25957279652357096,0.25816960185766225,0.26244960129261014,1.5716296074946738,9.053221702575684,"{""max_width"": ""32"", ""min_width"": ""0"", ""num_rows"": ""262144"", ""workload"": ""variable""}"
optimized,pr-workload,sorted_order_strings_workload,Device=0 min_width=0 max_width=64 num_rows=262144 workload=variable,False,False,0.25666240155696873,0.25451519787311555,0.2585135996341705,1.1037676232792049,9.053221702575684,"{""max_width"": ""64"", ""min_width"": ""0"", ""num_rows"": ""262144"", ""workload"": ""variable""}"
optimized,pr-workload,sorted_order_strings_workload,Device=0 min_width=0 max_width=128 num_rows=262144 workload=variable,False,False,0.26276159882545463,0.2621296003460884,0.2645999982953072,6.6658697805746625,9.053221702575684,"{""max_width"": ""128"", ""min_width"": ""0"", ""num_rows"": ""262144"", ""workload"": ""variable""}"
optimized,pr-workload,sorted_order_strings_workload,Device=0 min_width=0 max_width=256 num_rows=262144 workload=variable,False,False,0.24662239998579025,0.24360159859061242,0.24744319990277286,1.7358603945126685,9.053221702575684,"{""max_width"": ""256"", ""min_width"": ""0"", ""num_rows"": ""262144"", ""workload"": ""variable""}"
optimized,pr-workload,sorted_order_strings_workload,Device=0 min_width=0 max_width=32 num_rows=2097152 workload=variable,False,False,0.5117760002613068,0.5067472070455552,0.5126944035291672,0.69350442638666,72.36474514007568,"{""max_width"": ""32"", ""min_width"": ""0"", ""num_rows"": ""2097152"", ""workload"": ""variable""}"
optimized,pr-workload,sorted_order_strings_workload,Device=0 min_width=0 max_width=64 num_rows=2097152 workload=variable,False,False,0.5089583992958069,0.5087120026350022,0.5129616051912308,1.2939050428965098,72.36474514007568,"{""max_width"": ""64"", ""min_width"": ""0"", ""num_rows"": ""2097152"", ""workload"": ""variable""}"
optimized,pr-workload,sorted_order_strings_workload,Device=0 min_width=0 max_width=128 num_rows=2097152 workload=variable,False,False,0.5199775993824006,0.5160943955183028,0.5236639976501465,0.8884595682038084,72.36474514007568,"{""max_width"": ""128"", ""min_width"": ""0"", ""num_rows"": ""2097152"", ""workload"": ""variable""}"
optimized,pr-workload,sorted_order_strings_workload,Device=0 min_width=0 max_width=256 num_rows=2097152 workload=variable,False,False,0.5258399993181229,0.5256624013185502,0.5310128003358842,0.815880694093948,72.36474514007568,"{""max_width"": ""256"", ""min_width"": ""0"", ""num_rows"": ""2097152"", ""workload"": ""variable""}"
pr2-p32-c4096,segments,sorted_order_strings_segments,Device=0 num_rows=32768 shared_suffix=0 segment_profile=singletons,False,False,0.19056639969348907,0.18701920062303545,0.19182559922337533,1.624588801518911,1.2331562042236328,"{""num_rows"": ""32768"", ""segment_profile"": ""singletons"", ""shared_suffix"": ""0""}"
pr2-p32-c4096,segments,sorted_order_strings_segments,Device=0 num_rows=2097152 shared_suffix=0 segment_profile=singletons,False,False,0.39519999772310255,0.3935775995254517,0.6237232029438019,162.0384759935605,78.37268257141113,"{""num_rows"": ""2097152"", ""segment_profile"": ""singletons"", ""shared_suffix"": ""0""}"
pr2-p32-c4096,segments,sorted_order_strings_segments,Device=0 num_rows=32768 shared_suffix=64 segment_profile=singletons,False,False,0.22483999952673914,0.2229136005043984,0.22523520067334177,1.577702566625399,1.2331562042236328,"{""num_rows"": ""32768"", ""segment_profile"": ""singletons"", ""shared_suffix"": ""64""}"
pr2-p32-c4096,segments,sorted_order_strings_segments,Device=0 num_rows=2097152 shared_suffix=64 segment_profile=singletons,False,False,0.48145280033349996,0.47755359858274465,0.4817391991615295,0.6369863834132378,78.37268257141113,"{""num_rows"": ""2097152"", ""segment_profile"": ""singletons"", ""shared_suffix"": ""64""}"
pr2-p32-c4096,segments,sorted_order_strings_segments,Device=0 num_rows=32768 shared_suffix=0 segment_profile=pairs,False,False,0.5349552005529403,0.5316944003105164,0.5360768020153048,0.7556420389250935,1.6567440032958984,"{""num_rows"": ""32768"", ""segment_profile"": ""pairs"", ""shared_suffix"": ""0""}"
pr2-p32-c4096,segments,sorted_order_strings_segments,Device=0 num_rows=2097152 shared_suffix=0 segment_profile=pairs,False,False,13.706067180633543,13.69310727119446,13.709814357757569,0.07235116907105558,106.0081844329834,"{""num_rows"": ""2097152"", ""segment_profile"": ""pairs"", ""shared_suffix"": ""0""}"
pr2-p32-c4096,segments,sorted_order_strings_segments,Device=0 num_rows=32768 shared_suffix=64 segment_profile=pairs,False,False,0.7173184067010879,0.7112783998250961,0.7211631983518599,2.646290169566825,1.6567440032958984,"{""num_rows"": ""32768"", ""segment_profile"": ""pairs"", ""shared_suffix"": ""64""}"
pr2-p32-c4096,segments,sorted_order_strings_segments,Device=0 num_rows=2097152 shared_suffix=64 segment_profile=pairs,False,False,25.01694898605347,24.89468326568604,25.02093601226807,0.07665382925940797,106.0081844329834,"{""num_rows"": ""2097152"", ""segment_profile"": ""pairs"", ""shared_suffix"": ""64""}"
pr2-p32-c4096,segments,sorted_order_strings_segments,Device=0 num_rows=32768 shared_suffix=0 segment_profile=tiny4,False,False,0.47538719922304157,0.47042239755392073,0.4755840018391607,0.9278927944611672,1.5004940032958984,"{""num_rows"": ""32768"", ""segment_profile"": ""tiny4"", ""shared_suffix"": ""0""}"
pr2-p32-c4096,segments,sorted_order_strings_segments,Device=0 num_rows=2097152 shared_suffix=0 segment_profile=tiny4,False,False,8.841700792312622,8.799260854721068,8.8542254447937,0.3750069638735158,96.0081844329834,"{""num_rows"": ""2097152"", ""segment_profile"": ""tiny4"", ""shared_suffix"": ""0""}"
pr2-p32-c4096,segments,sorted_order_strings_segments,Device=0 num_rows=32768 shared_suffix=64 segment_profile=tiny4,False,False,0.7261888027191162,0.7256911993026732,0.7263648003339767,5.122961620841799,1.5004940032958984,"{""num_rows"": ""32768"", ""segment_profile"": ""tiny4"", ""shared_suffix"": ""64""}"
pr2-p32-c4096,segments,sorted_order_strings_segments,Device=0 num_rows=2097152 shared_suffix=64 segment_profile=tiny4,False,False,23.658627223968505,23.527332878112784,23.6603886604309,0.10330511094386935,96.0081844329834,"{""num_rows"": ""2097152"", ""segment_profile"": ""tiny4"", ""shared_suffix"": ""64""}"
pr2-p32-c4096,segments,sorted_order_strings_segments,Device=0 num_rows=32768 shared_suffix=0 segment_profile=tiny8,False,False,0.36499520093202587,0.3628240004181862,0.3662080019712447,0.6096215956048974,1.4223690032958984,"{""num_rows"": ""32768"", ""segment_profile"": ""tiny8"", ""shared_suffix"": ""0""}"
pr2-p32-c4096,segments,sorted_order_strings_segments,Device=0 num_rows=2097152 shared_suffix=0 segment_profile=tiny8,False,False,5.896324801445008,5.862286376953127,5.901777577400207,0.09523875637565457,91.0081844329834,"{""num_rows"": ""2097152"", ""segment_profile"": ""tiny8"", ""shared_suffix"": ""0""}"
pr2-p32-c4096,segments,sorted_order_strings_segments,Device=0 num_rows=32768 shared_suffix=64 segment_profile=tiny8,False,False,0.6222144037485122,0.6161935985088348,0.632364797592163,1.7810843350280765,1.4223690032958984,"{""num_rows"": ""32768"", ""segment_profile"": ""tiny8"", ""shared_suffix"": ""64""}"
pr2-p32-c4096,segments,sorted_order_strings_segments,Device=0 num_rows=2097152 shared_suffix=64 segment_profile=tiny8,False,False,21.0659854888916,20.926359939575192,21.06623382568359,0.07734593155785771,91.0081844329834,"{""num_rows"": ""2097152"", ""segment_profile"": ""tiny8"", ""shared_suffix"": ""64""}"
pr2-p32-c4096,segments,sorted_order_strings_segments,Device=0 num_rows=32768 shared_suffix=0 segment_profile=tiny16,False,False,0.3445712015032768,0.3417951986193657,0.34464479982852936,0.8477196176220012,1.3833065032958984,"{""num_rows"": ""32768"", ""segment_profile"": ""tiny16"", ""shared_suffix"": ""0""}"
pr2-p32-c4096,segments,sorted_order_strings_segments,Device=0 num_rows=2097152 shared_suffix=0 segment_profile=tiny16,False,False,4.20959358215332,4.184393548965454,4.210006380081176,0.3683033374420696,88.5081844329834,"{""num_rows"": ""2097152"", ""segment_profile"": ""tiny16"", ""shared_suffix"": ""0""}"
pr2-p32-c4096,segments,sorted_order_strings_segments,Device=0 num_rows=32768 shared_suffix=64 segment_profile=tiny16,False,False,0.5805823981761934,0.5778383940458298,0.5875567972660064,5.081988792771018,1.3833065032958984,"{""num_rows"": ""32768"", ""segment_profile"": ""tiny16"", ""shared_suffix"": ""64""}"
pr2-p32-c4096,segments,sorted_order_strings_segments,Device=0 num_rows=2097152 shared_suffix=64 segment_profile=tiny16,False,False,17.57313919067383,17.468294429779053,17.580641365051267,0.09886290797911529,88.5081844329834,"{""num_rows"": ""2097152"", ""segment_profile"": ""tiny16"", ""shared_suffix"": ""64""}"
pr2-p32-c4096,segments,sorted_order_strings_segments,Device=0 num_rows=32768 shared_suffix=0 segment_profile=tiny32,False,False,0.33394400030374527,0.3333216026425362,0.3350383996963501,1.2375359931248116,1.3637752532958984,"{""num_rows"": ""32768"", ""segment_profile"": ""tiny32"", ""shared_suffix"": ""0""}"
pr2-p32-c4096,segments,sorted_order_strings_segments,Device=0 num_rows=2097152 shared_suffix=0 segment_profile=tiny32,False,False,3.116911995410919,3.094463980197906,3.1194672226905826,0.4823174845257115,87.2581844329834,"{""num_rows"": ""2097152"", ""segment_profile"": ""tiny32"", ""shared_suffix"": ""0""}"
pr2-p32-c4096,segments,sorted_order_strings_segments,Device=0 num_rows=32768 shared_suffix=64 segment_profile=tiny32,False,False,0.5336304008960724,0.5305088013410569,0.5339712023735045,1.4871292662894748,1.3637752532958984,"{""num_rows"": ""32768"", ""segment_profile"": ""tiny32"", ""shared_suffix"": ""64""}"
pr2-p32-c4096,segments,sorted_order_strings_segments,Device=0 num_rows=2097152 shared_suffix=64 segment_profile=tiny32,False,False,13.876948690414428,13.779902410507203,13.881833600997924,0.10385816711209649,87.2581844329834,"{""num_rows"": ""2097152"", ""segment_profile"": ""tiny32"", ""shared_suffix"": ""64""}"
pr2-p32-c4096,segments,sorted_order_strings_segments,Device=0 num_rows=32768 shared_suffix=0 segment_profile=block256,False,False,0.3673216000199318,0.3581839993596077,0.368215999007225,1.0645309430957017,1.3583993911743164,"{""num_rows"": ""32768"", ""segment_profile"": ""block256"", ""shared_suffix"": ""0""}"
pr2-p32-c4096,segments,sorted_order_strings_segments,Device=0 num_rows=2097152 shared_suffix=0 segment_profile=block256,False,False,1.8939552009105687,1.883110415935516,1.8954704046249387,0.4273654358270617,86.37292575836182,"{""num_rows"": ""2097152"", ""segment_profile"": ""block256"", ""shared_suffix"": ""0""}"
pr2-p32-c4096,segments,sorted_order_strings_segments,Device=0 num_rows=32768 shared_suffix=64 segment_profile=block256,False,False,0.6746847957372667,0.6709407985210419,0.6786351948976518,1.8101873005977234,1.3583993911743164,"{""num_rows"": ""32768"", ""segment_profile"": ""block256"", ""shared_suffix"": ""64""}"
pr2-p32-c4096,segments,sorted_order_strings_segments,Device=0 num_rows=2097152 shared_suffix=64 segment_profile=block256,False,False,10.831558418273925,10.746152067184449,10.832364845275878,0.20735824552742646,86.37292575836182,"{""num_rows"": ""2097152"", ""segment_profile"": ""block256"", ""shared_suffix"": ""64""}"
pr2-p32-c4096,segments,sorted_order_strings_segments,Device=0 num_rows=32768 shared_suffix=0 segment_profile=logarithmic,False,False,0.6694623947143556,0.663030394911766,0.6759136021137238,1.7256602586940384,1.444742202758789,"{""num_rows"": ""32768"", ""segment_profile"": ""logarithmic"", ""shared_suffix"": ""0""}"
pr2-p32-c4096,segments,sorted_order_strings_segments,Device=0 num_rows=2097152 shared_suffix=0 segment_profile=logarithmic,False,False,5.519390368461609,5.491379213333131,5.521711969375611,0.3296789943389818,92.43879127502441,"{""num_rows"": ""2097152"", ""segment_profile"": ""logarithmic"", ""shared_suffix"": ""0""}"
pr2-p32-c4096,segments,sorted_order_strings_segments,Device=0 num_rows=32768 shared_suffix=64 segment_profile=logarithmic,False,False,2.5807040095329286,2.5465392112731933,2.5876368045806886,5.773896155214781,1.444742202758789,"{""num_rows"": ""32768"", ""segment_profile"": ""logarithmic"", ""shared_suffix"": ""64""}"
pr2-p32-c4096,segments,sorted_order_strings_segments,Device=0 num_rows=2097152 shared_suffix=64 segment_profile=logarithmic,False,False,13.27180323600769,13.23262252807617,13.30199198722839,1.5721841430529369,92.43879127502441,"{""num_rows"": ""2097152"", ""segment_profile"": ""logarithmic"", ""shared_suffix"": ""64""}"
pr2-p32-c4096,segments,sorted_order_strings_segments,Device=0 num_rows=32768 shared_suffix=0 segment_profile=tiny_plus_giant,False,False,0.40930720269680027,0.4082607999444008,0.41081920266151434,1.5459117983849553,1.3619632720947266,"{""num_rows"": ""32768"", ""segment_profile"": ""tiny_plus_giant"", ""shared_suffix"": ""0""}"
pr2-p32-c4096,segments,sorted_order_strings_segments,Device=0 num_rows=2097152 shared_suffix=0 segment_profile=tiny_plus_giant,False,False,5.173203229904175,5.137787175178528,5.174776005744935,0.1372974563092316,87.32393074035645,"{""num_rows"": ""2097152"", ""segment_profile"": ""tiny_plus_giant"", ""shared_suffix"": ""0""}"
pr2-p32-c4096,segments,sorted_order_strings_segments,Device=0 num_rows=32768 shared_suffix=64 segment_profile=tiny_plus_giant,False,False,1.2856976091861723,1.274004805088043,1.2872911989688873,0.6620118584423498,1.3619632720947266,"{""num_rows"": ""32768"", ""segment_profile"": ""tiny_plus_giant"", ""shared_suffix"": ""64""}"
pr2-p32-c4096,segments,sorted_order_strings_segments,Device=0 num_rows=2097152 shared_suffix=64 segment_profile=tiny_plus_giant,False,False,24.846342468261717,24.67123832702637,24.848545646667475,0.0800879756477423,87.32393074035645,"{""num_rows"": ""2097152"", ""segment_profile"": ""tiny_plus_giant"", ""shared_suffix"": ""64""}"
pr2-p32-c4096,segments,sorted_order_strings_segments,Device=0 num_rows=32768 shared_suffix=0 segment_profile=hot90,False,False,0.8479855924844742,0.8366287976503372,0.8481424063444138,0.7947084787697881,1.4971752166748047,"{""num_rows"": ""32768"", ""segment_profile"": ""hot90"", ""shared_suffix"": ""0""}"
pr2-p32-c4096,segments,sorted_order_strings_segments,Device=0 num_rows=2097152 shared_suffix=0 segment_profile=hot90,False,False,22.81748495101928,22.69836015701294,22.82038078308105,0.07267362830097773,86.37292575836182,"{""num_rows"": ""2097152"", ""segment_profile"": ""hot90"", ""shared_suffix"": ""0""}"
pr2-p32-c4096,segments,sorted_order_strings_segments,Device=0 num_rows=32768 shared_suffix=64 segment_profile=hot90,False,False,2.905849599838257,2.8921599864959715,2.909075200557709,0.7217254356989836,1.4971752166748047,"{""num_rows"": ""32768"", ""segment_profile"": ""hot90"", ""shared_suffix"": ""64""}"
pr2-p32-c4096,segments,sorted_order_strings_segments,Device=0 num_rows=2097152 shared_suffix=64 segment_profile=hot90,False,False,138.26175384521483,137.6980682373047,138.2741439819336,0.02685456520259409,86.37292575836182,"{""num_rows"": ""2097152"", ""segment_profile"": ""hot90"", ""shared_suffix"": ""64""}"
pr2-p32-c4096,segments,sorted_order_strings_segments,Device=0 num_rows=32768 shared_suffix=0 segment_profile=few_giants,False,False,0.37551680207252497,0.3713839992880821,0.37568160146474844,1.0079190433413727,1.3614864349365234,"{""num_rows"": ""32768"", ""segment_profile"": ""few_giants"", ""shared_suffix"": ""0""}"
pr2-p32-c4096,segments,sorted_order_strings_segments,Device=0 num_rows=2097152 shared_suffix=0 segment_profile=few_giants,False,False,4.170616030693053,4.147705578804015,4.191254377365111,1.7120481156403762,88.38283348083496,"{""num_rows"": ""2097152"", ""segment_profile"": ""few_giants"", ""shared_suffix"": ""0""}"
pr2-p32-c4096,segments,sorted_order_strings_segments,Device=0 num_rows=32768 shared_suffix=64 segment_profile=few_giants,False,False,0.8792975962162018,0.8730943977832794,0.879755198955536,1.0638573880303503,1.3614864349365234,"{""num_rows"": ""32768"", ""segment_profile"": ""few_giants"", ""shared_suffix"": ""64""}"
pr2-p32-c4096,segments,sorted_order_strings_segments,Device=0 num_rows=2097152 shared_suffix=64 segment_profile=few_giants,False,False,16.03107032775879,15.919699287414552,16.04703378677368,0.3071431926031011,88.38283348083496,"{""num_rows"": ""2097152"", ""segment_profile"": ""few_giants"", ""shared_suffix"": ""64""}"
pr2-p32-c4096,segments,sorted_order_strings_segments,Device=0 num_rows=32768 shared_suffix=0 segment_profile=one_segment,False,False,0.8552703917026518,0.8465184032917022,0.8648959964513778,5.927575505549163,1.504232406616211,"{""num_rows"": ""32768"", ""segment_profile"": ""one_segment"", ""shared_suffix"": ""0""}"
pr2-p32-c4096,segments,sorted_order_strings_segments,Device=0 num_rows=2097152 shared_suffix=0 segment_profile=one_segment,False,False,25.18547849655151,25.05283832550049,25.188012695312494,0.05411728702957809,86.37292575836182,"{""num_rows"": ""2097152"", ""segment_profile"": ""one_segment"", ""shared_suffix"": ""0""}"
pr2-p32-c4096,segments,sorted_order_strings_segments,Device=0 num_rows=32768 shared_suffix=64 segment_profile=one_segment,False,False,2.9594815850257867,2.952811205387116,2.9640336275100703,0.6161163569480412,1.504232406616211,"{""num_rows"": ""32768"", ""segment_profile"": ""one_segment"", ""shared_suffix"": ""64""}"
pr2-p32-c4096,segments,sorted_order_strings_segments,Device=0 num_rows=2097152 shared_suffix=64 segment_profile=one_segment,False,False,154.52341079711917,153.9402229309082,154.53671951293944,0.022110696295422446,86.37292575836182,"{""num_rows"": ""2097152"", ""segment_profile"": ""one_segment"", ""shared_suffix"": ""64""}"
pr1-p32-c512,constant,sorted_order_strings_prefixes,Device=0 num_rows=262144 prefix_width=32 suffix_width=0 prefix_cardinality=1,False,False,4.634481596946716,4.629547190666198,4.634809637069702,0.15343487593256383,9.81140422821045,"{""num_rows"": ""262144"", ""prefix_cardinality"": ""1"", ""prefix_width"": ""32"", ""suffix_width"": ""0""}"
pr1-p32-c512,constant,sorted_order_strings_prefixes,Device=0 num_rows=2097152 prefix_width=32 suffix_width=0 prefix_cardinality=1,False,False,49.784739112854005,49.782953834533686,49.79015865325927,0.07523989318715994,78.42761516571045,"{""num_rows"": ""2097152"", ""prefix_cardinality"": ""1"", ""prefix_width"": ""32"", ""suffix_width"": ""0""}"
prefix,pr-diagnostics,sorted_order_strings_segmented_diagnostics,Device=0 num_rows=262144 profile=finish_257,False,False,0.48373439610004426,0.4812799990177155,0.4839088037610054,0.19030572655150663,4.00056266784668,"{""num_rows"": ""262144"", ""profile"": ""finish_257""}"
prefix,pr-diagnostics,sorted_order_strings_segmented_diagnostics,Device=0 num_rows=2097152 profile=finish_257,False,False,0.778940799832344,0.7762288004159927,0.7819616019725799,0.7659863646074307,32.00227165222168,"{""num_rows"": ""2097152"", ""profile"": ""finish_257""}"
prefix,pr-diagnostics,sorted_order_strings_segmented_diagnostics,Device=0 num_rows=262144 profile=finish_1024,False,False,0.6016368031501768,0.5993087977170943,0.6031296014785766,0.22076088897541207,4.00056266784668,"{""num_rows"": ""262144"", ""profile"": ""finish_1024""}"
prefix,pr-diagnostics,sorted_order_strings_segmented_diagnostics,Device=0 num_rows=2097152 profile=finish_1024,False,False,0.9206224054098128,0.9195471972227096,0.920750403404236,0.5336284820229164,32.00227165222168,"{""num_rows"": ""2097152"", ""profile"": ""finish_1024""}"
prefix,pr-diagnostics,sorted_order_strings_segmented_diagnostics,Device=0 num_rows=262144 profile=finish_4096,False,False,0.9111727923154829,0.9002975940704345,0.9129455983638766,1.0622651528970144,4.00056266784668,"{""num_rows"": ""262144"", ""profile"": ""finish_4096""}"
prefix,pr-diagnostics,sorted_order_strings_segmented_diagnostics,Device=0 num_rows=2097152 profile=finish_4096,False,False,1.224851202964783,1.2188256025314335,1.2266848087310793,0.848724818753962,32.00227165222168,"{""num_rows"": ""2097152"", ""profile"": ""finish_4096""}"
prefix,pr-diagnostics,sorted_order_strings_segmented_diagnostics,Device=0 num_rows=262144 profile=active_50,False,False,0.6371903985738754,0.636995205283165,0.6404847919940948,0.8137861298489553,4.00056266784668,"{""num_rows"": ""262144"", ""profile"": ""active_50""}"
prefix,pr-diagnostics,sorted_order_strings_segmented_diagnostics,Device=0 num_rows=2097152 profile=active_50,False,False,1.3684255897998807,1.3680320084095001,1.374129593372345,0.7401076363868824,32.00227165222168,"{""num_rows"": ""2097152"", ""profile"": ""active_50""}"
prefix,pr-diagnostics,sorted_order_strings_segmented_diagnostics,Device=0 num_rows=262144 profile=active_10,False,False,0.5532096028327943,0.5531103968620299,0.5551567941904066,0.935016184677872,4.00056266784668,"{""num_rows"": ""262144"", ""profile"": ""active_10""}"
prefix,pr-diagnostics,sorted_order_strings_segmented_diagnostics,Device=0 num_rows=2097152 profile=active_10,False,False,0.9272592008113861,0.9216255962848664,0.9290384024381638,0.4303456495952144,32.00227165222168,"{""num_rows"": ""2097152"", ""profile"": ""active_10""}"
prefix,pr-diagnostics,sorted_order_strings_segmented_diagnostics,Device=0 num_rows=262144 profile=active_1,False,False,0.3309920027852059,0.3285279989242553,0.338401597738266,10.307945590833755,4.00056266784668,"{""num_rows"": ""262144"", ""profile"": ""active_1""}"
prefix,pr-diagnostics,sorted_order_strings_segmented_diagnostics,Device=0 num_rows=2097152 profile=active_1,False,False,0.8128656029701232,0.811294400691986,0.8166079998016357,0.8047613675007042,32.00227165222168,"{""num_rows"": ""2097152"", ""profile"": ""active_1""}"
prefix,pr-diagnostics,sorted_order_strings_segmented_diagnostics,Device=0 num_rows=262144 profile=active_0_1,False,False,0.2780960008502007,0.27681600302457815,0.2789087980985642,0.7817788569184155,4.00056266784668,"{""num_rows"": ""262144"", ""profile"": ""active_0_1""}"
prefix,pr-diagnostics,sorted_order_strings_segmented_diagnostics,Device=0 num_rows=2097152 profile=active_0_1,False,False,0.6419616043567659,0.6405744016170503,0.6426687955856323,0.8024216462610433,32.00227165222168,"{""num_rows"": ""2097152"", ""profile"": ""active_0_1""}"
prefix,pr-diagnostics,sorted_order_strings_segmented_diagnostics,Device=0 num_rows=262144 profile=duplicates_6,False,False,0.2901055991649627,0.2887295976281167,0.2908863991498947,0.5693335211532917,4.00056266784668,"{""num_rows"": ""262144"", ""profile"": ""duplicates_6""}"
prefix,pr-diagnostics,sorted_order_strings_segmented_diagnostics,Device=0 num_rows=2097152 profile=duplicates_6,False,False,0.900603199005127,0.8974415987730026,0.9009376108646393,0.4463757695700556,32.00227165222168,"{""num_rows"": ""2097152"", ""profile"": ""duplicates_6""}"
prefix,pr-diagnostics,sorted_order_strings_segmented_diagnostics,Device=0 num_rows=262144 profile=duplicates_8,False,False,0.29062879979610445,0.2888144001364708,0.29269440025091165,0.558474258818833,4.00056266784668,"{""num_rows"": ""262144"", ""profile"": ""duplicates_8""}"
prefix,pr-diagnostics,sorted_order_strings_segmented_diagnostics,Device=0 num_rows=2097152 profile=duplicates_8,False,False,0.8984176009893416,0.8979215979576112,0.8992959976196289,0.4543254182796985,32.00227165222168,"{""num_rows"": ""2097152"", ""profile"": ""duplicates_8""}"
prefix,pr-diagnostics,sorted_order_strings_segmented_diagnostics,Device=0 num_rows=262144 profile=duplicates_12,False,False,0.450638398528099,0.4481487974524499,0.45087199956178675,0.5876033954121535,4.00056266784668,"{""num_rows"": ""262144"", ""profile"": ""duplicates_12""}"
prefix,pr-diagnostics,sorted_order_strings_segmented_diagnostics,Device=0 num_rows=2097152 profile=duplicates_12,False,False,1.5059216082096103,1.5022368013858793,1.5062784016132353,0.3583227044203753,32.00227165222168,"{""num_rows"": ""2097152"", ""profile"": ""duplicates_12""}"
prefix,pr-diagnostics,sorted_order_strings_segmented_diagnostics,Device=0 num_rows=262144 profile=duplicates_16,False,False,0.5620255947113039,0.5598944038152694,0.5629264056682588,0.5058902168252727,4.00056266784668,"{""num_rows"": ""262144"", ""profile"": ""duplicates_16""}"
prefix,pr-diagnostics,sorted_order_strings_segmented_diagnostics,Device=0 num_rows=2097152 profile=duplicates_16,False,False,1.938073593378067,1.9350047945976256,1.9423519849777222,0.3111119841645419,32.00227165222168,"{""num_rows"": ""2097152"", ""profile"": ""duplicates_16""}"
prefix,pr-diagnostics,sorted_order_strings_segmented_diagnostics,Device=0 num_rows=262144 profile=duplicates_24,False,False,0.7870991945266723,0.78541119992733,0.7896463990211486,0.3987858687850089,4.00056266784668,"{""num_rows"": ""262144"", ""profile"": ""duplicates_24""}"
prefix,pr-diagnostics,sorted_order_strings_segmented_diagnostics,Device=0 num_rows=2097152 profile=duplicates_24,False,False,2.7869232177734373,2.7866320013999935,2.7973183870315554,0.4506912541922331,32.00227165222168,"{""num_rows"": ""2097152"", ""profile"": ""duplicates_24""}"
prefix,pr-diagnostics,sorted_order_strings_segmented_diagnostics,Device=0 num_rows=262144 profile=duplicates_32,False,False,0.9726336121559144,0.9719743996858597,0.9765631973743438,0.3891455328644419,4.00056266784668,"{""num_rows"": ""262144"", ""profile"": ""duplicates_32""}"
prefix,pr-diagnostics,sorted_order_strings_segmented_diagnostics,Device=0 num_rows=2097152 profile=duplicates_32,False,False,3.53789119720459,3.534457576274872,3.550470399856567,0.2977407171343792,32.00227165222168,"{""num_rows"": ""2097152"", ""profile"": ""duplicates_32""}"
prefix,pr-diagnostics,sorted_order_strings_segmented_diagnostics,Device=0 num_rows=262144 profile=rle_misaligned,False,False,2.7170223951339723,2.7137248158454894,2.733412826061249,0.4664597810387307,4.00056266784668,"{""num_rows"": ""262144"", ""profile"": ""rle_misaligned""}"
prefix,pr-diagnostics,sorted_order_strings_segmented_diagnostics,Device=0 num_rows=2097152 profile=rle_misaligned,False,False,13.596955251693728,13.590304040908812,13.602662324905396,0.45800873382593305,32.00227165222168,"{""num_rows"": ""2097152"", ""profile"": ""rle_misaligned""}"
optimized,stable-warps-0,sorted_order_strings_segments,Device=0 num_rows=32768 shared_suffix=0 segment_profile=pairs,True,False,0.15980799868702883,0.15862240046262738,0.15998880118131634,1.8003159024302984,1.1391592025756836,"{""num_rows"": ""32768"", ""segment_profile"": ""pairs"", ""shared_suffix"": ""0""}"
optimized,stable-warps-0,sorted_order_strings_segments,Device=0 num_rows=2097152 shared_suffix=0 segment_profile=pairs,True,False,0.6485119938850402,0.6474480003118515,0.6549711972475052,1.0738260060664442,72.36474514007568,"{""num_rows"": ""2097152"", ""segment_profile"": ""pairs"", ""shared_suffix"": ""0""}"
optimized,stable-warps-0,sorted_order_strings_segments,Device=0 num_rows=32768 shared_suffix=64 segment_profile=pairs,True,False,0.16221440061926837,0.16061760038137438,0.1661888010799885,9.106166399494754,1.1391592025756836,"{""num_rows"": ""32768"", ""segment_profile"": ""pairs"", ""shared_suffix"": ""64""}"
optimized,stable-warps-0,sorted_order_strings_segments,Device=0 num_rows=2097152 shared_suffix=64 segment_profile=pairs,True,False,0.8179887980222702,0.8169487982988357,0.8277680039405821,0.9434569063585804,72.36474514007568,"{""num_rows"": ""2097152"", ""segment_profile"": ""pairs"", ""shared_suffix"": ""64""}"
optimized,stable-warps-0,sorted_order_strings_segments,Device=0 num_rows=32768 shared_suffix=0 segment_profile=tiny4,True,False,0.15634879991412162,0.15580960139632224,0.15852479934692384,1.6687973858007779,1.1391592025756836,"{""num_rows"": ""32768"", ""segment_profile"": ""tiny4"", ""shared_suffix"": ""0""}"
optimized,stable-warps-0,sorted_order_strings_segments,Device=0 num_rows=2097152 shared_suffix=0 segment_profile=tiny4,True,False,0.5794959992170333,0.5746800035238265,0.5841023951768874,6.748845037162371,72.36474514007568,"{""num_rows"": ""2097152"", ""segment_profile"": ""tiny4"", ""shared_suffix"": ""0""}"
optimized,stable-warps-0,sorted_order_strings_segments,Device=0 num_rows=32768 shared_suffix=64 segment_profile=tiny4,True,False,0.1696191996335983,0.16706559881567953,0.172988798469305,1.8590746865821568,1.1391592025756836,"{""num_rows"": ""32768"", ""segment_profile"": ""tiny4"", ""shared_suffix"": ""64""}"
optimized,stable-warps-0,sorted_order_strings_segments,Device=0 num_rows=2097152 shared_suffix=64 segment_profile=tiny4,True,False,0.9116959959268569,0.9081120073795317,0.9134319931268691,0.7727579531066378,72.36474514007568,"{""num_rows"": ""2097152"", ""segment_profile"": ""tiny4"", ""shared_suffix"": ""64""}"
optimized,stable-warps-0,sorted_order_strings_segments,Device=0 num_rows=32768 shared_suffix=0 segment_profile=tiny8,True,False,0.15941279903054234,0.15822240039706234,0.1634879998862743,11.032702420069572,1.1391592025756836,"{""num_rows"": ""32768"", ""segment_profile"": ""tiny8"", ""shared_suffix"": ""0""}"
optimized,stable-warps-0,sorted_order_strings_segments,Device=0 num_rows=2097152 shared_suffix=0 segment_profile=tiny8,True,False,0.5784191995859146,0.577512001991272,0.5844624012708662,0.9955355054091392,72.36474514007568,"{""num_rows"": ""2097152"", ""segment_profile"": ""tiny8"", ""shared_suffix"": ""0""}"
optimized,stable-warps-0,sorted_order_strings_segments,Device=0 num_rows=32768 shared_suffix=64 segment_profile=tiny8,True,False,0.1791423998773098,0.175313600897789,0.1801391988992691,6.477508164050458,1.1391592025756836,"{""num_rows"": ""32768"", ""segment_profile"": ""tiny8"", ""shared_suffix"": ""64""}"
optimized,stable-warps-0,sorted_order_strings_segments,Device=0 num_rows=2097152 shared_suffix=64 segment_profile=tiny8,True,False,1.1362896025180818,1.131788820028305,1.1421744108200071,0.4637137989491504,72.36474514007568,"{""num_rows"": ""2097152"", ""segment_profile"": ""tiny8"", ""shared_suffix"": ""64""}"
optimized,stable-warps-0,sorted_order_strings_segments,Device=0 num_rows=32768 shared_suffix=0 segment_profile=tiny16,True,False,0.16151680052280426,0.1604208007454872,0.16192959994077682,1.9225860469477785,1.1391592025756836,"{""num_rows"": ""32768"", ""segment_profile"": ""tiny16"", ""shared_suffix"": ""0""}"
optimized,stable-warps-0,sorted_order_strings_segments,Device=0 num_rows=2097152 shared_suffix=0 segment_profile=tiny16,True,False,0.6058528035879136,0.6056431978940964,0.6102352023124694,0.6226692490954249,72.36474514007568,"{""num_rows"": ""2097152"", ""segment_profile"": ""tiny16"", ""shared_suffix"": ""0""}"
optimized,stable-warps-0,sorted_order_strings_segments,Device=0 num_rows=32768 shared_suffix=64 segment_profile=tiny16,True,False,0.18445599898695944,0.18352480009198188,0.1847951993346214,1.837403670494029,1.1391592025756836,"{""num_rows"": ""32768"", ""segment_profile"": ""tiny16"", ""shared_suffix"": ""64""}"
optimized,stable-warps-0,sorted_order_strings_segments,Device=0 num_rows=2097152 shared_suffix=64 segment_profile=tiny16,True,False,1.3468639969825742,1.3442303895950318,1.3523263990879055,0.4286669633989016,72.36474514007568,"{""num_rows"": ""2097152"", ""segment_profile"": ""tiny16"", ""shared_suffix"": ""64""}"
optimized,stable-warps-0,sorted_order_strings_segments,Device=0 num_rows=32768 shared_suffix=0 segment_profile=tiny32,True,False,0.16212800145149228,0.16184320002794267,0.16318560019135475,2.157977392305593,1.1391592025756836,"{""num_rows"": ""32768"", ""segment_profile"": ""tiny32"", ""shared_suffix"": ""0""}"
optimized,stable-warps-0,sorted_order_strings_segments,Device=0 num_rows=2097152 shared_suffix=0 segment_profile=tiny32,True,False,0.65900319814682,0.658348798751831,0.6615968018770216,0.4453294814228948,72.36474514007568,"{""num_rows"": ""2097152"", ""segment_profile"": ""tiny32"", ""shared_suffix"": ""0""}"
optimized,stable-warps-0,sorted_order_strings_segments,Device=0 num_rows=32768 shared_suffix=64 segment_profile=tiny32,True,False,0.19341760054230692,0.19306240007281303,0.19487519934773445,2.0106937606782873,1.1391592025756836,"{""num_rows"": ""32768"", ""segment_profile"": ""tiny32"", ""shared_suffix"": ""64""}"
optimized,stable-warps-0,sorted_order_strings_segments,Device=0 num_rows=2097152 shared_suffix=64 segment_profile=tiny32,True,False,1.639022397994995,1.631832009553909,1.6445599973201752,0.3123508908256799,72.36474514007568,"{""num_rows"": ""2097152"", ""segment_profile"": ""tiny32"", ""shared_suffix"": ""64""}"
baseline,pr-zero-collisions,sorted_order_strings_segmented_diagnostics,Device=0 num_rows=32768 profile=zero_collision_pass1,False,False,0.21458719894289977,0.2103952005505562,0.21703199967741965,1.5310986355389513,1.1391592025756836,"{""num_rows"": ""32768"", ""profile"": ""zero_collision_pass1""}"
baseline,pr-zero-collisions,sorted_order_strings_segmented_diagnostics,Device=0 num_rows=32768 profile=zero_collision_pass2,False,False,0.29161440432071695,0.29015840142965327,0.2959056019783019,1.1909169275404334,1.1391592025756836,"{""num_rows"": ""32768"", ""profile"": ""zero_collision_pass2""}"
baseline,main,sorted_order_strings,Device=0 min_width=1 max_width=8 num_rows=32768,False,False,0.1663903996348381,0.16603039950132367,0.1737056002020836,18.981078939947416,1.1391592025756836,"{""max_width"": ""8"", ""min_width"": ""1"", ""num_rows"": ""32768""}"
baseline,main,sorted_order_strings,Device=0 min_width=1 max_width=32 num_rows=32768,False,False,0.20123519971966744,0.2007968008518219,0.20164000019431116,1.505581746181365,1.1391592025756836,"{""max_width"": ""32"", ""min_width"": ""1"", ""num_rows"": ""32768""}"
baseline,main,sorted_order_strings,Device=0 min_width=1 max_width=64 num_rows=32768,False,False,0.23185760006308556,0.23169279992580413,0.2327120006084442,0.956452745040888,1.1391592025756836,"{""max_width"": ""64"", ""min_width"": ""1"", ""num_rows"": ""32768""}"
baseline,main,sorted_order_strings,Device=0 min_width=1 max_width=128 num_rows=32768,False,False,0.3005711987614631,0.2996623978018761,0.3027487978339195,0.8224814319985322,1.1391592025756836,"{""max_width"": ""128"", ""min_width"": ""1"", ""num_rows"": ""32768""}"
baseline,main,sorted_order_strings,Device=0 min_width=1 max_width=256 num_rows=32768,False,False,0.44266079664230346,0.44079519957304014,0.44707999378442764,0.7286256262444573,1.1391592025756836,"{""max_width"": ""256"", ""min_width"": ""1"", ""num_rows"": ""32768""}"
baseline,main,sorted_order_strings,Device=0 min_width=1 max_width=8 num_rows=262144,False,False,0.26122239679098125,0.25886240154504775,0.26181440055370336,1.7647328948200498,9.053221702575684,"{""max_width"": ""8"", ""min_width"": ""1"", ""num_rows"": ""262144""}"
baseline,main,sorted_order_strings,Device=0 min_width=1 max_width=32 num_rows=262144,False,False,0.3959024026989937,0.39338239878416065,0.39636959880590444,1.2451766121565022,9.053221702575684,"{""max_width"": ""32"", ""min_width"": ""1"", ""num_rows"": ""262144""}"
baseline,main,sorted_order_strings,Device=0 min_width=1 max_width=64 num_rows=262144,False,False,0.5317375987768174,0.5313855946063996,0.5356191962957382,1.3915642959442711,9.053221702575684,"{""max_width"": ""64"", ""min_width"": ""1"", ""num_rows"": ""262144""}"
baseline,main,sorted_order_strings,Device=0 min_width=1 max_width=128 num_rows=262144,False,False,0.8617696017026901,0.8553935974836349,0.8641055941581728,1.8781456964092273,9.053221702575684,"{""max_width"": ""128"", ""min_width"": ""1"", ""num_rows"": ""262144""}"
baseline,main,sorted_order_strings,Device=0 min_width=1 max_width=256 num_rows=262144,False,False,1.54960480928421,1.5471871972084048,1.5707231879234311,2.140311669167819,9.053221702575684,"{""max_width"": ""256"", ""min_width"": ""1"", ""num_rows"": ""262144""}"
baseline,main,sorted_order_strings,Device=0 min_width=1 max_width=8 num_rows=2097152,False,False,0.6625087946653367,0.6575311988592148,0.6644544005393983,0.6582228203583512,72.36474514007568,"{""max_width"": ""8"", ""min_width"": ""1"", ""num_rows"": ""2097152""}"
baseline,main,sorted_order_strings,Device=0 min_width=1 max_width=32 num_rows=2097152,False,False,1.3699567973613738,1.3674911916255947,1.3785456120967865,1.8982683113235417,72.36474514007568,"{""max_width"": ""32"", ""min_width"": ""1"", ""num_rows"": ""2097152""}"
baseline,main,sorted_order_strings,Device=0 min_width=1 max_width=64 num_rows=2097152,False,False,2.0781375765800476,2.0566351890563963,2.0885327816009522,1.8513520770672305,72.36474514007568,"{""max_width"": ""64"", ""min_width"": ""1"", ""num_rows"": ""2097152""}"
baseline,main,sorted_order_strings,Device=0 min_width=1 max_width=128 num_rows=2097152,False,False,3.74616640806198,3.7164496064186086,3.7576447963714608,2.973884856235306,72.36474514007568,"{""max_width"": ""128"", ""min_width"": ""1"", ""num_rows"": ""2097152""}"
baseline,main,sorted_order_strings,Device=0 min_width=1 max_width=256 num_rows=2097152,False,False,8.028035140037536,7.991793656349184,8.030833649635316,2.6503649778598586,72.36474514007568,"{""max_width"": ""256"", ""min_width"": ""1"", ""num_rows"": ""2097152""}"
baseline,main,sorted_order_strings,Device=0 min_width=1 max_width=8 num_rows=16777216,False,False,4.694238400459289,4.679751992225646,4.7047808170318595,0.23221164271762185,578.8530263900757,"{""max_width"": ""8"", ""min_width"": ""1"", ""num_rows"": ""16777216""}"
baseline,main,sorted_order_strings,Device=0 min_width=1 max_width=32 num_rows=16777216,False,False,10.393964862823488,10.323694419860841,10.406863975524901,0.8110777568382634,578.8530263900757,"{""max_width"": ""32"", ""min_width"": ""1"", ""num_rows"": ""16777216""}"
baseline,main,sorted_order_strings,Device=0 min_width=1 max_width=64 num_rows=16777216,False,False,15.931651353836063,15.83321766853333,15.940364885330201,0.8652117479398896,578.8530263900757,"{""max_width"": ""64"", ""min_width"": ""1"", ""num_rows"": ""16777216""}"
baseline,main,sorted_order_strings,Device=0 min_width=1 max_width=128 num_rows=16777216,False,False,29.339992046356205,29.330284786224365,29.514734649658195,1.2019109720864882,578.8530263900757,"{""max_width"": ""128"", ""min_width"": ""1"", ""num_rows"": ""16777216""}"
baseline,main,sorted_order_strings,Device=0 min_width=1 max_width=256 num_rows=16777216,False,False,58.753692817688,58.72144813537598,58.97893123626707,0.8110300680722535,578.8530263900757,"{""max_width"": ""256"", ""min_width"": ""1"", ""num_rows"": ""16777216""}"
baseline,main,sorted_order_strings_distribution,Device=0 num_rows=262144 profile=cardinality_1_width_32,False,False,0.00794720002450049,0.007123200036585332,0.008059200015850365,5.078621041964591,1.0,"{""num_rows"": ""262144"", ""profile"": ""cardinality_1_width_32""}"
baseline,main,sorted_order_strings_distribution,Device=0 num_rows=2097152 profile=cardinality_1_width_32,False,False,0.008476799866184593,0.00842399997636676,0.008643199969083071,4.253485904760906,8.0,"{""num_rows"": ""2097152"", ""profile"": ""cardinality_1_width_32""}"
baseline,main,sorted_order_strings_distribution,Device=0 num_rows=262144 profile=cardinality_64_width_128,False,False,0.9951120108366014,0.9903423964977267,0.9960351914167405,2.61662421872848,9.053221702575684,"{""num_rows"": ""262144"", ""profile"": ""cardinality_64_width_128""}"
baseline,main,sorted_order_strings_distribution,Device=0 num_rows=2097152 profile=cardinality_64_width_128,False,False,6.158195185661317,6.141065549850463,6.177889561653136,1.7832847049856886,72.36474514007568,"{""num_rows"": ""2097152"", ""profile"": ""cardinality_64_width_128""}"
baseline,main,sorted_order_strings_distribution,Device=0 num_rows=262144 profile=shared_prefix_64,False,False,1.5373279988765716,1.5338192045688628,1.5424368023872381,0.8140097650357321,9.053221702575684,"{""num_rows"": ""262144"", ""profile"": ""shared_prefix_64""}"
baseline,main,sorted_order_strings_distribution,Device=0 num_rows=2097152 profile=shared_prefix_64,False,False,13.5148353099823,13.511524724960328,13.517614459991453,0.3049970341204903,72.36474514007568,"{""num_rows"": ""2097152"", ""profile"": ""shared_prefix_64""}"
baseline,main,sorted_order_strings_distribution,Device=0 num_rows=262144 profile=variable_128,False,False,0.2638575986027718,0.2632095977663994,0.26733760088682174,1.5144226102644054,9.053221702575684,"{""num_rows"": ""262144"", ""profile"": ""variable_128""}"
baseline,main,sorted_order_strings_distribution,Device=0 num_rows=2097152 profile=variable_128,False,False,0.5367183983325957,0.5326335936784744,0.5371647924184798,0.7576603271134298,72.36474514007568,"{""num_rows"": ""2097152"", ""profile"": ""variable_128""}"
baseline,main,sorted_order_strings_nulls,Device=0 num_rows=262144 profile=fixed_8 null_percent=0,False,False,0.1879919983446598,0.1877824001014233,0.18805280104279518,1.4309341965710531,9.053221702575684,"{""null_percent"": ""0"", ""num_rows"": ""262144"", ""profile"": ""fixed_8""}"
baseline,main,sorted_order_strings_nulls,Device=0 num_rows=2097152 profile=fixed_8 null_percent=0,False,False,0.39313600212335587,0.3931343972682952,0.39548800438642495,1.0258970668189542,72.36474514007568,"{""null_percent"": ""0"", ""num_rows"": ""2097152"", ""profile"": ""fixed_8""}"
baseline,main,sorted_order_strings_nulls,Device=0 num_rows=262144 profile=variable_128 null_percent=0,False,False,0.2596000030636788,0.25854879915714263,0.2659360006451607,1.2247608470453546,9.053221702575684,"{""null_percent"": ""0"", ""num_rows"": ""262144"", ""profile"": ""variable_128""}"
baseline,main,sorted_order_strings_nulls,Device=0 num_rows=2097152 profile=variable_128 null_percent=0,False,False,0.5371007949113846,0.5368063986301423,0.539158406853676,0.6641181559445142,72.36474514007568,"{""null_percent"": ""0"", ""num_rows"": ""2097152"", ""profile"": ""variable_128""}"
baseline,main,sorted_order_strings_nulls,Device=0 num_rows=262144 profile=fixed_8 null_percent=50,False,False,0.20136959999799728,0.20000479966402054,0.20224799886345862,2.050858110554791,15.104979515075684,"{""null_percent"": ""50"", ""num_rows"": ""262144"", ""profile"": ""fixed_8""}"
baseline,main,sorted_order_strings_nulls,Device=0 num_rows=2097152 profile=fixed_8 null_percent=50,False,False,0.6278288006782531,0.6266687989234924,0.6310144007205963,0.6995158336731349,120.77197170257568,"{""null_percent"": ""50"", ""num_rows"": ""2097152"", ""profile"": ""fixed_8""}"
baseline,main,sorted_order_strings_nulls,Device=0 num_rows=262144 profile=variable_128 null_percent=50,False,False,0.26426879912614826,0.2624816000461578,0.26648959964513774,1.6266402019071806,15.104979515075684,"{""null_percent"": ""50"", ""num_rows"": ""262144"", ""profile"": ""variable_128""}"
baseline,main,sorted_order_strings_nulls,Device=0 num_rows=2097152 profile=variable_128 null_percent=50,False,False,0.7200176030397415,0.718852797150612,0.7232048004865644,0.5403990146910771,120.77197170257568,"{""null_percent"": ""50"", ""num_rows"": ""2097152"", ""profile"": ""variable_128""}"
baseline,main,sorted_order_strings_nulls,Device=0 num_rows=262144 profile=fixed_8 null_percent=100,False,False,0.00712480004876852,0.006633600033819676,0.007467200024984778,14.98975987713895,1.0,"{""null_percent"": ""100"", ""num_rows"": ""262144"", ""profile"": ""fixed_8""}"
baseline,main,sorted_order_strings_nulls,Device=0 num_rows=2097152 profile=fixed_8 null_percent=100,False,False,0.008692799927666783,0.008492799988016482,0.008734399918466806,10.741954616278202,8.0,"{""null_percent"": ""100"", ""num_rows"": ""2097152"", ""profile"": ""fixed_8""}"
baseline,main,sorted_order_strings_nulls,Device=0 num_rows=262144 profile=variable_128 null_percent=100,False,False,0.007291199965402485,0.006777599989436567,0.007414399995468558,8.683766588618452,1.0,"{""null_percent"": ""100"", ""num_rows"": ""262144"", ""profile"": ""variable_128""}"
baseline,main,sorted_order_strings_nulls,Device=0 num_rows=2097152 profile=variable_128 null_percent=100,False,False,0.00852319994010031,0.008475199993699788,0.00865760003216565,3.9871742488708235,8.0,"{""null_percent"": ""100"", ""num_rows"": ""2097152"", ""profile"": ""variable_128""}"
optimized,pr-zero-collisions,sorted_order_strings_segmented_diagnostics,Device=0 num_rows=32768 profile=zero_collision_pass1,False,False,0.21497280001640315,0.21256640031933785,0.2214496001601219,10.960517444569449,1.1391592025756836,"{""num_rows"": ""32768"", ""profile"": ""zero_collision_pass1""}"
optimized,pr-zero-collisions,sorted_order_strings_segmented_diagnostics,Device=0 num_rows=32768 profile=zero_collision_pass2,False,False,0.2908720001578331,0.28992479741573335,0.29277919977903366,1.398870115287571,1.1391592025756836,"{""num_rows"": ""32768"", ""profile"": ""zero_collision_pass2""}"
prefix,end-to-end,sort_strings_workload,Device=0 min_width=0 max_width=32 num_rows=262144 workload=normal,False,False,1.0841168105602264,1.0837743997573854,1.0862464010715482,0.45536902884190283,5.9611005783081055,"{""max_width"": ""32"", ""min_width"": ""0"", ""num_rows"": ""262144"", ""workload"": ""normal""}"
prefix,end-to-end,sort_strings_workload,Device=0 min_width=0 max_width=256 num_rows=262144 workload=normal,False,False,8.747840070724488,8.715433597564697,8.755182504653932,1.0170652847003891,33.687255859375,"{""max_width"": ""256"", ""min_width"": ""0"", ""num_rows"": ""262144"", ""workload"": ""normal""}"
prefix,end-to-end,sort_strings_workload,Device=0 min_width=0 max_width=32 num_rows=2097152 workload=normal,False,False,3.2538720130920415,3.250100815296174,3.2614751935005186,0.28701844939035004,95.72902488708496,"{""max_width"": ""32"", ""min_width"": ""0"", ""num_rows"": ""2097152"", ""workload"": ""normal""}"
prefix,end-to-end,sort_strings_workload,Device=0 min_width=0 max_width=256 num_rows=2097152 workload=normal,False,False,19.757206344604494,19.73618869781494,19.804200172424313,0.3848305715144391,269.3055658340454,"{""max_width"": ""256"", ""min_width"": ""0"", ""num_rows"": ""2097152"", ""workload"": ""normal""}"
prefix,end-to-end,sort_strings_workload,Device=0 min_width=0 max_width=32 num_rows=262144 workload=duplicates,False,False,1.2348687946796417,1.2299760043621062,1.239038395881653,0.5965697747292258,6.077927589416504,"{""max_width"": ""32"", ""min_width"": ""0"", ""num_rows"": ""262144"", ""workload"": ""duplicates""}"
prefix,end-to-end,sort_strings_workload,Device=0 min_width=0 max_width=256 num_rows=262144 workload=duplicates,False,False,10.660094356536867,10.620644712448122,10.678286409378051,0.6748491580151453,34.63582420349121,"{""max_width"": ""256"", ""min_width"": ""0"", ""num_rows"": ""262144"", ""workload"": ""duplicates""}"
prefix,end-to-end,sort_strings_workload,Device=0 min_width=0 max_width=32 num_rows=2097152 workload=duplicates,False,False,3.610206413269043,3.6041455984115593,3.616854417324066,0.5640464586916976,96.68649291992188,"{""max_width"": ""32"", ""min_width"": ""0"", ""num_rows"": ""2097152"", ""workload"": ""duplicates""}"
prefix,end-to-end,sort_strings_workload,Device=0 min_width=0 max_width=256 num_rows=2097152 workload=duplicates,False,False,23.50987186431885,23.477580833435063,23.56100635528565,0.20941189913335884,277.07898902893066,"{""max_width"": ""256"", ""min_width"": ""0"", ""num_rows"": ""2097152"", ""workload"": ""duplicates""}"
prefix,end-to-end,sort_strings_workload,Device=0 min_width=0 max_width=32 num_rows=262144 workload=shared_prefix,False,False,2.4189424037933356,2.4110928058624266,2.4212256312370295,0.20847061909198505,9.03126335144043,"{""max_width"": ""32"", ""min_width"": ""0"", ""num_rows"": ""262144"", ""workload"": ""shared_prefix""}"
prefix,end-to-end,sort_strings_workload,Device=0 min_width=0 max_width=256 num_rows=262144 workload=shared_prefix,False,False,39.44882583618165,39.43217544555663,39.56822719573975,0.1352559934162949,65.03126335144043,"{""max_width"": ""256"", ""min_width"": ""0"", ""num_rows"": ""262144"", ""workload"": ""shared_prefix""}"
prefix,end-to-end,sort_strings_workload,Device=0 min_width=0 max_width=32 num_rows=2097152 workload=shared_prefix,False,False,19.896072101593017,19.890615940093998,19.904672050476073,0.3619874835416083,120.06652927398682,"{""max_width"": ""32"", ""min_width"": ""0"", ""num_rows"": ""2097152"", ""workload"": ""shared_prefix""}"
prefix,end-to-end,sort_strings_workload,Device=0 min_width=0 max_width=256 num_rows=2097152 workload=shared_prefix,False,False,271.30086517333984,271.00322418212886,271.4538192749023,0.21176778330505946,520.2527341842651,"{""max_width"": ""256"", ""min_width"": ""0"", ""num_rows"": ""2097152"", ""workload"": ""shared_prefix""}"
prefix,end-to-end,sort_strings_workload,Device=0 min_width=0 max_width=32 num_rows=262144 workload=variable,False,False,0.3828032001852989,0.3822239995002746,0.385684797167778,1.415515315636801,6.002902030944824,"{""max_width"": ""32"", ""min_width"": ""0"", ""num_rows"": ""262144"", ""workload"": ""variable""}"
prefix,end-to-end,sort_strings_workload,Device=0 min_width=0 max_width=256 num_rows=262144 workload=variable,False,False,0.47341600060462957,0.4714351996779441,0.4759679988026619,0.5764437021870847,34.01968002319336,"{""max_width"": ""256"", ""min_width"": ""0"", ""num_rows"": ""262144"", ""workload"": ""variable""}"
prefix,end-to-end,sort_strings_workload,Device=0 min_width=0 max_width=32 num_rows=2097152 workload=variable,False,False,1.4984816074371339,1.4970799982547762,1.504807996749878,0.3530339977954219,96.05874729156494,"{""max_width"": ""32"", ""min_width"": ""0"", ""num_rows"": ""2097152"", ""workload"": ""variable""}"
prefix,end-to-end,sort_strings_workload,Device=0 min_width=0 max_width=256 num_rows=2097152 workload=variable,False,False,1.805265611410141,1.8014575958251955,1.8063983976840976,0.33877690145953765,272.17790508270264,"{""max_width"": ""256"", ""min_width"": ""0"", ""num_rows"": ""2097152"", ""workload"": ""variable""}"
pr1-p32-c512,target,sorted_order_strings_cardinality,Device=0 num_rows=262144 max_width=32 cardinality=1,False,False,0.008068800088949502,0.008068799949251115,0.008070400077849626,8.212756008099898,1.0,"{""cardinality"": ""1"", ""max_width"": ""32"", ""num_rows"": ""262144""}"
pr1-p32-c512,target,sorted_order_strings_cardinality,Device=0 num_rows=2097152 max_width=32 cardinality=1,False,False,0.008681600028648973,0.008532799966633321,0.008927999995648863,22.715439635602834,8.0,"{""cardinality"": ""1"", ""max_width"": ""32"", ""num_rows"": ""2097152""}"
pr1-p32-c512,target,sorted_order_strings_cardinality,Device=0 num_rows=262144 max_width=128 cardinality=1,False,False,19.423609352111814,19.39523525238037,19.50879354476929,2.4830216840059487,9.81140422821045,"{""cardinality"": ""1"", ""max_width"": ""128"", ""num_rows"": ""262144""}"
pr1-p32-c512,target,sorted_order_strings_cardinality,Device=0 num_rows=2097152 max_width=128 cardinality=1,False,False,212.96088790893558,212.93931198120117,213.67395553588872,0.020485214039677874,78.42761516571045,"{""cardinality"": ""1"", ""max_width"": ""128"", ""num_rows"": ""2097152""}"
pr1-p32-c512,target,sorted_order_strings_cardinality,Device=0 num_rows=262144 max_width=32 cardinality=64,False,False,0.737899202108383,0.737732794880867,0.7379439979791641,1.2061377801999071,10.811402320861816,"{""cardinality"": ""64"", ""max_width"": ""32"", ""num_rows"": ""262144""}"
pr1-p32-c512,target,sorted_order_strings_cardinality,Device=0 num_rows=2097152 max_width=32 cardinality=64,False,False,1.7250976085662837,1.72353441119194,1.7321823954582216,0.5371187103169026,86.42761325836182,"{""cardinality"": ""64"", ""max_width"": ""32"", ""num_rows"": ""2097152""}"
pr1-p32-c512,target,sorted_order_strings_cardinality,Device=0 num_rows=262144 max_width=128 cardinality=64,False,False,2.399395203590393,2.395190417766571,2.4118304133415225,1.0154242657844215,10.811402320861816,"{""cardinality"": ""64"", ""max_width"": ""128"", ""num_rows"": ""262144""}"
pr1-p32-c512,target,sorted_order_strings_cardinality,Device=0 num_rows=2097152 max_width=128 cardinality=64,False,False,7.012009572982788,6.994398450851438,7.019247961044313,0.4153048341006685,86.42761325836182,"{""cardinality"": ""64"", ""max_width"": ""128"", ""num_rows"": ""2097152""}"
pr1-p32-c512,target,sorted_order_strings_cardinality,Device=0 num_rows=262144 max_width=32 cardinality=0,False,False,0.34936800301074983,0.34928960055112834,0.3495424032211304,1.0017190853162585,10.811402320861816,"{""cardinality"": ""0"", ""max_width"": ""32"", ""num_rows"": ""262144""}"
pr1-p32-c512,target,sorted_order_strings_cardinality,Device=0 num_rows=2097152 max_width=32 cardinality=0,False,False,0.848780804872513,0.848248001933098,0.850718393921852,0.8328719886101787,86.42761325836182,"{""cardinality"": ""0"", ""max_width"": ""32"", ""num_rows"": ""2097152""}"
pr1-p32-c512,target,sorted_order_strings_cardinality,Device=0 num_rows=262144 max_width=128 cardinality=0,False,False,0.37156320214271543,0.3631983980536461,0.37157600075006486,1.0075955873967424,10.811402320861816,"{""cardinality"": ""0"", ""max_width"": ""128"", ""num_rows"": ""262144""}"
pr1-p32-c512,target,sorted_order_strings_cardinality,Device=0 num_rows=2097152 max_width=128 cardinality=0,False,False,0.7920943945646285,0.7920160055160521,0.798041597008705,1.4410532764231194,86.42761325836182,"{""cardinality"": ""0"", ""max_width"": ""128"", ""num_rows"": ""2097152""}"
pr1-p32-c512,target,sorted_order_strings_prefixes,Device=0 num_rows=262144 prefix_width=4 suffix_width=32 prefix_cardinality=1,False,False,0.3525503993034363,0.35240640193223954,0.3556783989071846,3.1217982728142384,10.823320388793945,"{""num_rows"": ""262144"", ""prefix_cardinality"": ""1"", ""prefix_width"": ""4"", ""suffix_width"": ""32""}"
pr1-p32-c512,target,sorted_order_strings_prefixes,Device=0 num_rows=2097152 prefix_width=4 suffix_width=32 prefix_cardinality=1,False,False,1.184507203102112,1.1804863929748535,1.1855536103248594,0.35054799130511527,86.90658760070801,"{""num_rows"": ""2097152"", ""prefix_cardinality"": ""1"", ""prefix_width"": ""4"", ""suffix_width"": ""32""}"
pr1-p32-c512,target,sorted_order_strings_prefixes,Device=0 num_rows=262144 prefix_width=8 suffix_width=32 prefix_cardinality=1,False,False,4.016812777519226,4.015886425971986,4.03948483467102,0.287386247031916,10.811402320861816,"{""num_rows"": ""262144"", ""prefix_cardinality"": ""1"", ""prefix_width"": ""8"", ""suffix_width"": ""32""}"
pr1-p32-c512,target,sorted_order_strings_prefixes,Device=0 num_rows=2097152 prefix_width=8 suffix_width=32 prefix_cardinality=1,False,False,34.31811504364014,34.31212005615234,34.52407855987549,0.054408111557856166,86.42761325836182,"{""num_rows"": ""2097152"", ""prefix_cardinality"": ""1"", ""prefix_width"": ""8"", ""suffix_width"": ""32""}"
pr1-p32-c512,target,sorted_order_strings_prefixes,Device=0 num_rows=262144 prefix_width=10 suffix_width=32 prefix_cardinality=1,False,False,3.4219295620918273,3.4207167983055116,3.447662377357483,0.8411442933627852,10.811402320861816,"{""num_rows"": ""262144"", ""prefix_cardinality"": ""1"", ""prefix_width"": ""10"", ""suffix_width"": ""32""}"
pr1-p32-c512,target,sorted_order_strings_prefixes,Device=0 num_rows=2097152 prefix_width=10 suffix_width=32 prefix_cardinality=1,False,False,29.73774394989013,29.734899330139164,29.89987840652466,0.03572183094152162,86.45393562316895,"{""num_rows"": ""2097152"", ""prefix_cardinality"": ""1"", ""prefix_width"": ""10"", ""suffix_width"": ""32""}"
pr1-p32-c512,target,sorted_order_strings_prefixes,Device=0 num_rows=262144 prefix_width=11 suffix_width=32 prefix_cardinality=1,False,False,3.2257679939270028,3.2248543858528134,3.2428400158882145,0.19170290524512584,10.812276840209961,"{""num_rows"": ""262144"", ""prefix_cardinality"": ""1"", ""prefix_width"": ""11"", ""suffix_width"": ""32""}"
pr1-p32-c512,target,sorted_order_strings_prefixes,Device=0 num_rows=2097152 prefix_width=11 suffix_width=32 prefix_cardinality=1,False,False,28.257971096038816,28.248092842102047,28.403107261657716,0.18996111144930528,86.49570655822754,"{""num_rows"": ""2097152"", ""prefix_cardinality"": ""1"", ""prefix_width"": ""11"", ""suffix_width"": ""32""}"
pr1-p32-c512,target,sorted_order_strings_prefixes,Device=0 num_rows=262144 prefix_width=12 suffix_width=32 prefix_cardinality=1,False,False,3.024737596511841,3.0227776050567625,3.0510400056838987,0.9343827270823231,10.823320388793945,"{""num_rows"": ""262144"", ""prefix_cardinality"": ""1"", ""prefix_width"": ""12"", ""suffix_width"": ""32""}"
pr1-p32-c512,target,sorted_order_strings_prefixes,Device=0 num_rows=2097152 prefix_width=12 suffix_width=32 prefix_cardinality=1,False,False,26.908958339691164,26.905307006835944,27.049332904815667,0.05055532062945384,86.90658760070801,"{""num_rows"": ""2097152"", ""prefix_cardinality"": ""1"", ""prefix_width"": ""12"", ""suffix_width"": ""32""}"
pr1-p32-c512,target,sorted_order_strings_prefixes,Device=0 num_rows=262144 prefix_width=64 suffix_width=32 prefix_cardinality=1,False,False,14.280089664459227,14.27279210090637,14.366902351379393,0.06682989114511093,10.811402320861816,"{""num_rows"": ""262144"", ""prefix_cardinality"": ""1"", ""prefix_width"": ""64"", ""suffix_width"": ""32""}"
pr1-p32-c512,target,sorted_order_strings_prefixes,Device=0 num_rows=2097152 prefix_width=64 suffix_width=32 prefix_cardinality=1,False,False,149.6505569458008,149.6437995910644,150.29087677001954,0.02988112810117328,86.42761325836182,"{""num_rows"": ""2097152"", ""prefix_cardinality"": ""1"", ""prefix_width"": ""64"", ""suffix_width"": ""32""}"
pr1-p32-c512,target,sorted_order_strings_prefixes,Device=0 num_rows=262144 prefix_width=4 suffix_width=32 prefix_cardinality=64,False,False,0.34415679872035976,0.34214240014553066,0.34578399956226347,1.3848383329887437,10.811402320861816,"{""num_rows"": ""262144"", ""prefix_cardinality"": ""64"", ""prefix_width"": ""4"", ""suffix_width"": ""32""}"
pr1-p32-c512,target,sorted_order_strings_prefixes,Device=0 num_rows=2097152 prefix_width=4 suffix_width=32 prefix_cardinality=64,False,False,0.5982256054878234,0.5969376027584077,0.5986831992864609,0.5953387465040128,86.42761325836182,"{""num_rows"": ""2097152"", ""prefix_cardinality"": ""64"", ""prefix_width"": ""4"", ""suffix_width"": ""32""}"
pr1-p32-c512,target,sorted_order_strings_prefixes,Device=0 num_rows=262144 prefix_width=8 suffix_width=32 prefix_cardinality=64,False,False,0.5586223930120466,0.5553984045982361,0.560774400830269,4.556672796399267,10.811402320861816,"{""num_rows"": ""262144"", ""prefix_cardinality"": ""64"", ""prefix_width"": ""8"", ""suffix_width"": ""32""}"
pr1-p32-c512,target,sorted_order_strings_prefixes,Device=0 num_rows=2097152 prefix_width=8 suffix_width=32 prefix_cardinality=64,False,False,1.4363344073295592,1.433435201644897,1.438761615753174,0.5621414234082834,86.42761325836182,"{""num_rows"": ""2097152"", ""prefix_cardinality"": ""64"", ""prefix_width"": ""8"", ""suffix_width"": ""32""}"
pr1-p32-c512,target,sorted_order_strings_prefixes,Device=0 num_rows=262144 prefix_width=10 suffix_width=32 prefix_cardinality=64,False,False,0.5415456026792527,0.5388463944196701,0.5463423997163774,2.3089785989147176,10.811402320861816,"{""num_rows"": ""262144"", ""prefix_cardinality"": ""64"", ""prefix_width"": ""10"", ""suffix_width"": ""32""}"
pr1-p32-c512,target,sorted_order_strings_prefixes,Device=0 num_rows=2097152 prefix_width=10 suffix_width=32 prefix_cardinality=64,False,False,1.3668703973293306,1.3664047956466674,1.3724207937717439,0.4117226388344714,86.42761325836182,"{""num_rows"": ""2097152"", ""prefix_cardinality"": ""64"", ""prefix_width"": ""10"", ""suffix_width"": ""32""}"
pr1-p32-c512,target,sorted_order_strings_prefixes,Device=0 num_rows=262144 prefix_width=11 suffix_width=32 prefix_cardinality=64,False,False,0.5402592062950133,0.539694395661354,0.5475407987833022,0.9307890131298199,10.811402320861816,"{""num_rows"": ""262144"", ""prefix_cardinality"": ""64"", ""prefix_width"": ""11"", ""suffix_width"": ""32""}"
pr1-p32-c512,target,sorted_order_strings_prefixes,Device=0 num_rows=2097152 prefix_width=11 suffix_width=32 prefix_cardinality=64,False,False,1.3496144115924835,1.3478927910327914,1.3497199952602386,0.5505458366827598,86.42761325836182,"{""num_rows"": ""2097152"", ""prefix_cardinality"": ""64"", ""prefix_width"": ""11"", ""suffix_width"": ""32""}"
pr1-p32-c512,target,sorted_order_strings_prefixes,Device=0 num_rows=262144 prefix_width=12 suffix_width=32 prefix_cardinality=64,False,False,0.5317616015672684,0.5295695960521698,0.5329503983259201,1.404005028258711,10.811402320861816,"{""num_rows"": ""262144"", ""prefix_cardinality"": ""64"", ""prefix_width"": ""12"", ""suffix_width"": ""32""}"
pr1-p32-c512,target,sorted_order_strings_prefixes,Device=0 num_rows=2097152 prefix_width=12 suffix_width=32 prefix_cardinality=64,False,False,1.3319855988025662,1.3285568058490755,1.3335040032863614,0.6978930635925437,86.42761325836182,"{""num_rows"": ""2097152"", ""prefix_cardinality"": ""64"", ""prefix_width"": ""12"", ""suffix_width"": ""32""}"
pr1-p32-c512,target,sorted_order_strings_prefixes,Device=0 num_rows=262144 prefix_width=64 suffix_width=32 prefix_cardinality=64,False,False,1.738168013095856,1.7357472121715545,1.751246410608292,1.0893084576153158,10.811402320861816,"{""num_rows"": ""262144"", ""prefix_cardinality"": ""64"", ""prefix_width"": ""64"", ""suffix_width"": ""32""}"
pr1-p32-c512,target,sorted_order_strings_prefixes,Device=0 num_rows=2097152 prefix_width=64 suffix_width=32 prefix_cardinality=64,False,False,6.022820782661437,6.002529621124266,6.023713612556457,0.588510653938446,86.42761325836182,"{""num_rows"": ""2097152"", ""prefix_cardinality"": ""64"", ""prefix_width"": ""64"", ""suffix_width"": ""32""}"
pr1-p32-c512,end-to-end,sort_strings_workload,Device=0 min_width=0 max_width=32 num_rows=262144 workload=normal,False,False,0.6109759986400605,0.6107551962137222,0.6210015982389451,6.1776649895468125,10.811402320861816,"{""max_width"": ""32"", ""min_width"": ""0"", ""num_rows"": ""262144"", ""workload"": ""normal""}"
pr1-p32-c512,end-to-end,sort_strings_workload,Device=0 min_width=0 max_width=256 num_rows=262144 workload=normal,False,False,2.722979187965393,2.6900672078132626,2.7656720161437987,5.5612756861128805,33.687255859375,"{""max_width"": ""256"", ""min_width"": ""0"", ""num_rows"": ""262144"", ""workload"": ""normal""}"
pr1-p32-c512,end-to-end,sort_strings_workload,Device=0 min_width=0 max_width=32 num_rows=2097152 workload=normal,False,False,2.2996000051498413,2.2933984279632567,2.310054385662079,0.931695150836921,95.72902488708496,"{""max_width"": ""32"", ""min_width"": ""0"", ""num_rows"": ""2097152"", ""workload"": ""normal""}"
pr1-p32-c512,end-to-end,sort_strings_workload,Device=0 min_width=0 max_width=256 num_rows=2097152 workload=normal,False,False,15.970047998428342,15.86818714141846,16.025399971008298,4.282533781174256,269.3055658340454,"{""max_width"": ""256"", ""min_width"": ""0"", ""num_rows"": ""2097152"", ""workload"": ""normal""}"
pr1-p32-c512,end-to-end,sort_strings_workload,Device=0 min_width=0 max_width=32 num_rows=262144 workload=duplicates,False,False,0.8322160035371783,0.8316240012645723,0.8328496009111404,1.1107413420822823,10.811402320861816,"{""max_width"": ""32"", ""min_width"": ""0"", ""num_rows"": ""262144"", ""workload"": ""duplicates""}"
pr1-p32-c512,end-to-end,sort_strings_workload,Device=0 min_width=0 max_width=256 num_rows=262144 workload=duplicates,False,False,4.530831980705261,4.5270112514495855,4.544393563270569,0.8514481949445601,34.63582420349121,"{""max_width"": ""256"", ""min_width"": ""0"", ""num_rows"": ""262144"", ""workload"": ""duplicates""}"
pr1-p32-c512,end-to-end,sort_strings_workload,Device=0 min_width=0 max_width=32 num_rows=2097152 workload=duplicates,False,False,2.192203176021575,2.1889823913574222,2.2058944106101985,2.7822622764799383,96.68649291992188,"{""max_width"": ""32"", ""min_width"": ""0"", ""num_rows"": ""2097152"", ""workload"": ""duplicates""}"
pr1-p32-c512,end-to-end,sort_strings_workload,Device=0 min_width=0 max_width=256 num_rows=2097152 workload=duplicates,False,False,14.308494329452511,14.267318439483642,14.308883142471316,0.2692791375710055,277.07898902893066,"{""max_width"": ""256"", ""min_width"": ""0"", ""num_rows"": ""2097152"", ""workload"": ""duplicates""}"
pr1-p32-c512,end-to-end,sort_strings_workload,Device=0 min_width=0 max_width=32 num_rows=262144 workload=shared_prefix,False,False,7.0562960386276234,7.01410081386566,7.059361529350281,0.0890357738635118,10.811402320861816,"{""max_width"": ""32"", ""min_width"": ""0"", ""num_rows"": ""262144"", ""workload"": ""shared_prefix""}"
pr1-p32-c512,end-to-end,sort_strings_workload,Device=0 min_width=0 max_width=256 num_rows=262144 workload=shared_prefix,False,False,49.30856609344482,49.02052783966064,49.31407985687256,0.11657885551510973,65.03126335144043,"{""max_width"": ""256"", ""min_width"": ""0"", ""num_rows"": ""262144"", ""workload"": ""shared_prefix""}"
pr1-p32-c512,end-to-end,sort_strings_workload,Device=0 min_width=0 max_width=32 num_rows=2097152 workload=shared_prefix,False,False,67.80700454711912,67.50672264099121,67.81147651672362,0.027086409269072124,120.06652927398682,"{""max_width"": ""32"", ""min_width"": ""0"", ""num_rows"": ""2097152"", ""workload"": ""shared_prefix""}"
pr1-p32-c512,end-to-end,sort_strings_workload,Device=0 min_width=0 max_width=256 num_rows=2097152 workload=shared_prefix,False,False,531.9225402832031,529.9923034667969,531.9233825683593,0.01349363576621014,520.2527341842651,"{""max_width"": ""256"", ""min_width"": ""0"", ""num_rows"": ""2097152"", ""workload"": ""shared_prefix""}"
pr1-p32-c512,end-to-end,sort_strings_workload,Device=0 min_width=0 max_width=32 num_rows=262144 workload=variable,False,False,0.45983680039644254,0.4574111998081207,0.46248160004615785,1.3714259503535438,10.811402320861816,"{""max_width"": ""32"", ""min_width"": ""0"", ""num_rows"": ""262144"", ""workload"": ""variable""}"
pr1-p32-c512,end-to-end,sort_strings_workload,Device=0 min_width=0 max_width=256 num_rows=262144 workload=variable,False,False,0.5595951944589613,0.559556794166565,0.5597600013017655,0.9607982560919869,34.01968002319336,"{""max_width"": ""256"", ""min_width"": ""0"", ""num_rows"": ""262144"", ""workload"": ""variable""}"
pr1-p32-c512,end-to-end,sort_strings_workload,Device=0 min_width=0 max_width=32 num_rows=2097152 workload=variable,False,False,1.2560559988021853,1.2551808059215546,1.2591664075851439,0.5924006056681622,96.05874729156494,"{""max_width"": ""32"", ""min_width"": ""0"", ""num_rows"": ""2097152"", ""workload"": ""variable""}"
pr1-p32-c512,end-to-end,sort_strings_workload,Device=0 min_width=0 max_width=256 num_rows=2097152 workload=variable,False,False,1.3738752067089084,1.3665503919124606,1.3880975902080532,3.9241697215655806,272.17790508270264,"{""max_width"": ""256"", ""min_width"": ""0"", ""num_rows"": ""2097152"", ""workload"": ""variable""}"
baseline,pr-source,sorted_order_strings_source_parity,Device=0 num_rows=262144 profile=unique_32,False,False,0.47586880028247835,0.47161919921636586,0.48168799728155126,0.7878516457826517,9.053221702575684,"{""num_rows"": ""262144"", ""profile"": ""unique_32""}"
baseline,pr-source,sorted_order_strings_source_parity,Device=0 num_rows=2097152 profile=unique_32,False,False,2.802275204658508,2.7952880144119265,2.8092527747154237,0.3510215528815578,72.36474514007568,"{""num_rows"": ""2097152"", ""profile"": ""unique_32""}"
baseline,pr-source,sorted_order_strings_source_parity,Device=0 num_rows=262144 profile=duplicates_32,False,False,0.6150639951229098,0.6149055927991867,0.6244128078222274,3.8413224715755168,9.053221702575684,"{""num_rows"": ""262144"", ""profile"": ""duplicates_32""}"
baseline,pr-source,sorted_order_strings_source_parity,Device=0 num_rows=2097152 profile=duplicates_32,False,False,4.058297586441038,4.049595212936402,4.072953581809997,0.10688809557767326,72.36474514007568,"{""num_rows"": ""2097152"", ""profile"": ""duplicates_32""}"
baseline,pr-source,sorted_order_strings_source_parity,Device=0 num_rows=262144 profile=shared_prefix_24,False,False,0.4773104012012482,0.4738208025693893,0.4777967989444733,0.4623046206223771,9.053221702575684,"{""num_rows"": ""262144"", ""profile"": ""shared_prefix_24""}"
baseline,pr-source,sorted_order_strings_source_parity,Device=0 num_rows=2097152 profile=shared_prefix_24,False,False,2.8002464056015013,2.7914224028587333,2.8051488041877746,0.36760963230753885,72.36474514007568,"{""num_rows"": ""2097152"", ""profile"": ""shared_prefix_24""}"
baseline,pr-source,sorted_order_strings_source_parity,Device=0 num_rows=262144 profile=raw_unique_40,False,False,0.17403360009193425,0.17096159979701045,0.1774671994149685,1.7007077409962879,9.053221702575684,"{""num_rows"": ""262144"", ""profile"": ""raw_unique_40""}"
baseline,pr-source,sorted_order_strings_source_parity,Device=0 num_rows=2097152 profile=raw_unique_40,False,False,0.4134640008211135,0.4134463965892791,0.41781599819660187,1.0218349831718097,72.36474514007568,"{""num_rows"": ""2097152"", ""profile"": ""raw_unique_40""}"
baseline,pr-source,sorted_order_strings_source_parity,Device=0 num_rows=262144 profile=raw_duplicates_40,False,False,0.4816079989075661,0.4789359956979751,0.48294240087270734,0.9411045912153786,9.053221702575684,"{""num_rows"": ""262144"", ""profile"": ""raw_duplicates_40""}"
baseline,pr-source,sorted_order_strings_source_parity,Device=0 num_rows=2097152 profile=raw_duplicates_40,False,False,3.169358396530152,3.164310395717621,3.1839855909347543,0.2587073372638419,72.36474514007568,"{""num_rows"": ""2097152"", ""profile"": ""raw_duplicates_40""}"
baseline,pr-source,sorted_order_strings_source_parity,Device=0 num_rows=262144 profile=raw_shared_prefix_24_width_40,False,False,0.6581423968076706,0.6557007998228073,0.6629887998104095,0.6357544543336647,9.053221702575684,"{""num_rows"": ""262144"", ""profile"": ""raw_shared_prefix_24_width_40""}"
baseline,pr-source,sorted_order_strings_source_parity,Device=0 num_rows=2097152 profile=raw_shared_prefix_24_width_40,False,False,5.726446366310119,5.718380784988405,5.731888031959535,0.4492756043039907,72.36474514007568,"{""num_rows"": ""2097152"", ""profile"": ""raw_shared_prefix_24_width_40""}"
pr1-p32-c512,main,sorted_order_strings,Device=0 min_width=1 max_width=8 num_rows=32768,False,False,0.2456687986850738,0.2344608001410961,0.24676000028848646,1.9180289231168495,1.3592538833618164,"{""max_width"": ""8"", ""min_width"": ""1"", ""num_rows"": ""32768""}"
pr1-p32-c512,main,sorted_order_strings,Device=0 min_width=1 max_width=32 num_rows=32768,False,False,0.3813023984432219,0.3684495970606804,0.38195839822292327,0.9902871888079173,1.3793163299560547,"{""max_width"": ""32"", ""min_width"": ""1"", ""num_rows"": ""32768""}"
pr1-p32-c512,main,sorted_order_strings,Device=0 min_width=1 max_width=64 num_rows=32768,False,False,0.4649552002549171,0.4521232023835181,0.4703584000468254,5.934270061156431,1.380880355834961,"{""max_width"": ""64"", ""min_width"": ""1"", ""num_rows"": ""32768""}"
pr1-p32-c512,main,sorted_order_strings,Device=0 min_width=1 max_width=128 num_rows=32768,False,False,0.6961903989315034,0.6853487998247146,0.6971919983625412,0.608999475930031,1.3813190460205078,"{""max_width"": ""128"", ""min_width"": ""1"", ""num_rows"": ""32768""}"
pr1-p32-c512,main,sorted_order_strings,Device=0 min_width=1 max_width=256 num_rows=32768,False,False,0.9907951980829238,0.9790576010942458,0.9914591997861864,0.3990611422185461,1.381338119506836,"{""max_width"": ""256"", ""min_width"": ""1"", ""num_rows"": ""32768""}"
pr1-p32-c512,main,sorted_order_strings,Device=0 min_width=1 max_width=8 num_rows=262144,False,False,0.27852640002965934,0.2712880000472069,0.2792848005890846,1.4109581075961677,10.811402320861816,"{""max_width"": ""8"", ""min_width"": ""1"", ""num_rows"": ""262144""}"
pr1-p32-c512,main,sorted_order_strings,Device=0 min_width=1 max_width=32 num_rows=262144,False,False,0.5144160032272338,0.5007760062813759,0.5158639967441558,0.7541269719047996,10.811402320861816,"{""max_width"": ""32"", ""min_width"": ""1"", ""num_rows"": ""262144""}"
pr1-p32-c512,main,sorted_order_strings,Device=0 min_width=1 max_width=64 num_rows=262144,False,False,0.7053455978631974,0.6890303999185564,0.7067231982946395,1.8580368105210565,10.811402320861816,"{""max_width"": ""64"", ""min_width"": ""1"", ""num_rows"": ""262144""}"
pr1-p32-c512,main,sorted_order_strings,Device=0 min_width=1 max_width=128 num_rows=262144,False,False,1.281707215309143,1.2511088132858281,1.2848480045795445,5.0100196858315815,10.811402320861816,"{""max_width"": ""128"", ""min_width"": ""1"", ""num_rows"": ""262144""}"
pr1-p32-c512,main,sorted_order_strings,Device=0 min_width=1 max_width=256 num_rows=262144,False,False,2.724836814403534,2.707784008979797,2.742918407917023,4.497202433576017,10.811402320861816,"{""max_width"": ""256"", ""min_width"": ""1"", ""num_rows"": ""262144""}"
pr1-p32-c512,main,sorted_order_strings,Device=0 min_width=1 max_width=8 num_rows=2097152,False,False,0.6134064018726348,0.6035600036382676,0.6163824051618577,2.171409215884228,86.42761325836182,"{""max_width"": ""8"", ""min_width"": ""1"", ""num_rows"": ""2097152""}"
pr1-p32-c512,main,sorted_order_strings,Device=0 min_width=1 max_width=32 num_rows=2097152,False,False,2.0094319880008698,1.9894064128398894,2.010739171504974,0.8894889965323541,86.42761325836182,"{""max_width"": ""32"", ""min_width"": ""1"", ""num_rows"": ""2097152""}"
pr1-p32-c512,main,sorted_order_strings,Device=0 min_width=1 max_width=64 num_rows=2097152,False,False,3.8750767946243285,3.86555198431015,3.8859103679656974,1.4318943528657193,86.42761325836182,"{""max_width"": ""64"", ""min_width"": ""1"", ""num_rows"": ""2097152""}"
pr1-p32-c512,main,sorted_order_strings,Device=0 min_width=1 max_width=128 num_rows=2097152,False,False,7.872868824005128,7.827743983268736,7.88047842979431,7.847501970809659,86.42761325836182,"{""max_width"": ""128"", ""min_width"": ""1"", ""num_rows"": ""2097152""}"
pr1-p32-c512,main,sorted_order_strings,Device=0 min_width=1 max_width=256 num_rows=2097152,False,False,15.26686244010925,15.216055965423584,15.371847915649415,1.1935765956705722,86.42761325836182,"{""max_width"": ""256"", ""min_width"": ""1"", ""num_rows"": ""2097152""}"
pr1-p32-c512,main,sorted_order_strings,Device=0 min_width=1 max_width=8 num_rows=16777216,False,False,2.3376831769943234,2.329787218570709,2.3385504126548766,0.29478512325863454,691.3533945083618,"{""max_width"": ""8"", ""min_width"": ""1"", ""num_rows"": ""16777216""}"
pr1-p32-c512,main,sorted_order_strings,Device=0 min_width=1 max_width=32 num_rows=16777216,False,False,6.947230410575866,6.921406388282777,6.963244771957397,0.2715652530057494,691.3533945083618,"{""max_width"": ""32"", ""min_width"": ""1"", ""num_rows"": ""16777216""}"
pr1-p32-c512,main,sorted_order_strings,Device=0 min_width=1 max_width=64 num_rows=16777216,False,False,13.312633609771728,13.269190406799316,13.319335985183718,0.18685034670621872,691.3533945083618,"{""max_width"": ""64"", ""min_width"": ""1"", ""num_rows"": ""16777216""}"
pr1-p32-c512,main,sorted_order_strings,Device=0 min_width=1 max_width=128 num_rows=16777216,False,False,26.76444311141967,26.662502384185792,26.769960021972647,0.15062610969039028,691.3533945083618,"{""max_width"": ""128"", ""min_width"": ""1"", ""num_rows"": ""16777216""}"
pr1-p32-c512,main,sorted_order_strings,Device=0 min_width=1 max_width=256 num_rows=16777216,False,False,54.65206069946289,54.44329624176024,54.674782371521,0.21233409899710018,691.3533945083618,"{""max_width"": ""256"", ""min_width"": ""1"", ""num_rows"": ""16777216""}"
pr1-p32-c512,main,sorted_order_strings_distribution,Device=0 num_rows=262144 profile=cardinality_1_width_32,False,False,0.007478400063700975,0.006665599998086692,0.007480000006034972,5.572380826704301,1.0,"{""num_rows"": ""262144"", ""profile"": ""cardinality_1_width_32""}"
pr1-p32-c512,main,sorted_order_strings_distribution,Device=0 num_rows=2097152 profile=cardinality_1_width_32,False,False,0.008700800081714989,0.008515200018882752,0.00871999994851649,3.8166662753662135,8.0,"{""num_rows"": ""2097152"", ""profile"": ""cardinality_1_width_32""}"
pr1-p32-c512,main,sorted_order_strings_distribution,Device=0 num_rows=262144 profile=cardinality_64_width_128,False,False,2.435519981384277,2.412654399871826,2.438167989253998,0.6116365648727555,10.811402320861816,"{""num_rows"": ""262144"", ""profile"": ""cardinality_64_width_128""}"
pr1-p32-c512,main,sorted_order_strings_distribution,Device=0 num_rows=2097152 profile=cardinality_64_width_128,False,False,7.065700793266297,7.035737609863281,7.069003224372865,0.38512622116407735,86.42761325836182,"{""num_rows"": ""2097152"", ""profile"": ""cardinality_64_width_128""}"
pr1-p32-c512,main,sorted_order_strings_distribution,Device=0 num_rows=262144 profile=shared_prefix_64,False,False,14.375651168823241,14.25527834892273,14.37880320549011,0.04592829006777402,10.811402320861816,"{""num_rows"": ""262144"", ""profile"": ""shared_prefix_64""}"
pr1-p32-c512,main,sorted_order_strings_distribution,Device=0 num_rows=2097152 profile=shared_prefix_64,False,False,150.29248275756834,149.63880462646483,150.3014183044434,0.023644283863049207,86.42761325836182,"{""num_rows"": ""2097152"", ""profile"": ""shared_prefix_64""}"
pr1-p32-c512,main,sorted_order_strings_distribution,Device=0 num_rows=262144 profile=variable_128,False,False,0.37883679866790776,0.3677263990044593,0.38297439664602273,2.8448059567151756,10.811402320861816,"{""num_rows"": ""262144"", ""profile"": ""variable_128""}"
pr1-p32-c512,main,sorted_order_strings_distribution,Device=0 num_rows=2097152 profile=variable_128,False,False,0.8063407927751542,0.795798408985138,0.8110288083553315,1.3063243168121748,86.42761325836182,"{""num_rows"": ""2097152"", ""profile"": ""variable_128""}"
pr1-p32-c512,main,sorted_order_strings_nulls,Device=0 num_rows=262144 profile=fixed_8 null_percent=0,False,False,0.30868000239133836,0.2974176004528999,0.30964000076055526,1.3623006637522155,10.811402320861816,"{""null_percent"": ""0"", ""num_rows"": ""262144"", ""profile"": ""fixed_8""}"
pr1-p32-c512,main,sorted_order_strings_nulls,Device=0 num_rows=2097152 profile=fixed_8 null_percent=0,False,False,0.8656864017248155,0.855899205803871,0.8693231999874114,0.6677020900459036,86.42761325836182,"{""null_percent"": ""0"", ""num_rows"": ""2097152"", ""profile"": ""fixed_8""}"
pr1-p32-c512,main,sorted_order_strings_nulls,Device=0 num_rows=262144 profile=variable_128 null_percent=0,False,False,0.37547679990530014,0.3652720019221306,0.3788879975676537,1.1064729903626733,10.811402320861816,"{""null_percent"": ""0"", ""num_rows"": ""262144"", ""profile"": ""variable_128""}"
pr1-p32-c512,main,sorted_order_strings_nulls,Device=0 num_rows=2097152 profile=variable_128 null_percent=0,False,False,0.8033951997756958,0.7929136008024215,0.8079775989055633,0.5782809120380489,86.42761325836182,"{""null_percent"": ""0"", ""num_rows"": ""2097152"", ""profile"": ""variable_128""}"
pr1-p32-c512,main,sorted_order_strings_nulls,Device=0 num_rows=262144 profile=fixed_8 null_percent=50,False,False,0.35926559865474705,0.3510384038090707,0.3594095990061759,1.0095780895186919,6.541790962219238,"{""null_percent"": ""50"", ""num_rows"": ""262144"", ""profile"": ""fixed_8""}"
pr1-p32-c512,main,sorted_order_strings_nulls,Device=0 num_rows=2097152 profile=fixed_8 null_percent=50,False,False,0.7862287998199463,0.7731071949005126,0.787758395075798,1.736936056653669,52.23033618927002,"{""null_percent"": ""50"", ""num_rows"": ""2097152"", ""profile"": ""fixed_8""}"
pr1-p32-c512,main,sorted_order_strings_nulls,Device=0 num_rows=262144 profile=variable_128 null_percent=50,False,False,0.40141599923372256,0.38717280030250545,0.401851199567318,1.1449460734114114,6.541790962219238,"{""null_percent"": ""50"", ""num_rows"": ""262144"", ""profile"": ""variable_128""}"
pr1-p32-c512,main,sorted_order_strings_nulls,Device=0 num_rows=2097152 profile=variable_128 null_percent=50,False,False,0.5538063973188401,0.5475951969623566,0.5555231988430024,1.2160622893624877,52.23033618927002,"{""null_percent"": ""50"", ""num_rows"": ""2097152"", ""profile"": ""variable_128""}"
pr1-p32-c512,main,sorted_order_strings_nulls,Device=0 num_rows=262144 profile=fixed_8 null_percent=100,False,False,0.007396800001151862,0.006603200011886657,0.007657599961385132,10.029343016641313,1.0,"{""null_percent"": ""100"", ""num_rows"": ""262144"", ""profile"": ""fixed_8""}"
pr1-p32-c512,main,sorted_order_strings_nulls,Device=0 num_rows=2097152 profile=fixed_8 null_percent=100,False,False,0.008622399996966122,0.00860319994390011,0.008822400076314808,11.723221367311885,8.0,"{""null_percent"": ""100"", ""num_rows"": ""2097152"", ""profile"": ""fixed_8""}"
pr1-p32-c512,main,sorted_order_strings_nulls,Device=0 num_rows=262144 profile=variable_128 null_percent=100,False,False,0.007539199967868627,0.006575999991036952,0.007724800030700862,12.403791710920936,1.0,"{""null_percent"": ""100"", ""num_rows"": ""262144"", ""profile"": ""variable_128""}"
pr1-p32-c512,main,sorted_order_strings_nulls,Device=0 num_rows=2097152 profile=variable_128 null_percent=100,False,False,0.008635200001299382,0.008497599977999926,0.008729600021615627,4.120910856740454,8.0,"{""null_percent"": ""100"", ""num_rows"": ""2097152"", ""profile"": ""variable_128""}"
optimized,segments,sorted_order_strings_segments,Device=0 num_rows=32768 shared_suffix=0 segment_profile=singletons,False,False,0.14039360061287876,0.14003999978303908,0.1412880003452301,1.974721438587955,1.1391592025756836,"{""num_rows"": ""32768"", ""segment_profile"": ""singletons"", ""shared_suffix"": ""0""}"
optimized,segments,sorted_order_strings_segments,Device=0 num_rows=2097152 shared_suffix=0 segment_profile=singletons,False,False,0.354440000653267,0.35148000270128243,0.583358407020569,172.90289070471624,72.36474514007568,"{""num_rows"": ""2097152"", ""segment_profile"": ""singletons"", ""shared_suffix"": ""0""}"
optimized,segments,sorted_order_strings_segments,Device=0 num_rows=32768 shared_suffix=64 segment_profile=singletons,False,False,0.1411727994680405,0.14004639908671382,0.14132480025291444,2.3556867216814705,1.1391592025756836,"{""num_rows"": ""32768"", ""segment_profile"": ""singletons"", ""shared_suffix"": ""64""}"
optimized,segments,sorted_order_strings_segments,Device=0 num_rows=2097152 shared_suffix=64 segment_profile=singletons,False,False,0.39250400066375735,0.38895039856433866,0.39382719844579694,0.9526528274092422,72.36474514007568,"{""num_rows"": ""2097152"", ""segment_profile"": ""singletons"", ""shared_suffix"": ""64""}"
optimized,segments,sorted_order_strings_segments,Device=0 num_rows=32768 shared_suffix=0 segment_profile=pairs,False,False,0.15730879977345466,0.15523359924554828,0.16065280064940454,2.7150499165170534,1.1391592025756836,"{""num_rows"": ""32768"", ""segment_profile"": ""pairs"", ""shared_suffix"": ""0""}"
optimized,segments,sorted_order_strings_segments,Device=0 num_rows=2097152 shared_suffix=0 segment_profile=pairs,False,False,0.6510592013597488,0.649062407016754,0.6566608011722563,1.3959175790536618,72.36474514007568,"{""num_rows"": ""2097152"", ""segment_profile"": ""pairs"", ""shared_suffix"": ""0""}"
optimized,segments,sorted_order_strings_segments,Device=0 num_rows=32768 shared_suffix=64 segment_profile=pairs,False,False,0.16053440049290657,0.15935520008206372,0.1658592000603676,4.452682255638519,1.1391592025756836,"{""num_rows"": ""32768"", ""segment_profile"": ""pairs"", ""shared_suffix"": ""64""}"
optimized,segments,sorted_order_strings_segments,Device=0 num_rows=2097152 shared_suffix=64 segment_profile=pairs,False,False,0.8221199989318848,0.8214240014553069,0.8330128014087677,0.8581531015143322,72.36474514007568,"{""num_rows"": ""2097152"", ""segment_profile"": ""pairs"", ""shared_suffix"": ""64""}"
optimized,segments,sorted_order_strings_segments,Device=0 num_rows=32768 shared_suffix=0 segment_profile=tiny4,False,False,0.15763519927859307,0.15613279938697816,0.16647680029273035,1.3104543585717532,1.1391592025756836,"{""num_rows"": ""32768"", ""segment_profile"": ""tiny4"", ""shared_suffix"": ""0""}"
optimized,segments,sorted_order_strings_segments,Device=0 num_rows=2097152 shared_suffix=0 segment_profile=tiny4,False,False,0.5781695991754532,0.5752000033855439,0.5852943956851958,0.9538564502794651,72.36474514007568,"{""num_rows"": ""2097152"", ""segment_profile"": ""tiny4"", ""shared_suffix"": ""0""}"
optimized,segments,sorted_order_strings_segments,Device=0 num_rows=32768 shared_suffix=64 segment_profile=tiny4,False,False,0.16856960058212278,0.16708000004291532,0.17205919921398166,2.0975069654613887,1.1391592025756836,"{""num_rows"": ""32768"", ""segment_profile"": ""tiny4"", ""shared_suffix"": ""64""}"
optimized,segments,sorted_order_strings_segments,Device=0 num_rows=2097152 shared_suffix=64 segment_profile=tiny4,False,False,0.9121136009693145,0.907192012667656,0.9152208030223846,0.652918152586389,72.36474514007568,"{""num_rows"": ""2097152"", ""segment_profile"": ""tiny4"", ""shared_suffix"": ""64""}"
optimized,segments,sorted_order_strings_segments,Device=0 num_rows=32768 shared_suffix=0 segment_profile=tiny8,False,False,0.16031040176749228,0.15914080142974857,0.16213920116424557,2.1378711735442657,1.1391592025756836,"{""num_rows"": ""32768"", ""segment_profile"": ""tiny8"", ""shared_suffix"": ""0""}"
optimized,segments,sorted_order_strings_segments,Device=0 num_rows=2097152 shared_suffix=0 segment_profile=tiny8,False,False,0.585734397172928,0.5839504003524781,0.593463996052742,0.7105394292288638,72.36474514007568,"{""num_rows"": ""2097152"", ""segment_profile"": ""tiny8"", ""shared_suffix"": ""0""}"
optimized,segments,sorted_order_strings_segments,Device=0 num_rows=32768 shared_suffix=64 segment_profile=tiny8,False,False,0.17924320101737976,0.1762832008302212,0.18022240102291107,2.03308190192191,1.1391592025756836,"{""num_rows"": ""32768"", ""segment_profile"": ""tiny8"", ""shared_suffix"": ""64""}"
optimized,segments,sorted_order_strings_segments,Device=0 num_rows=2097152 shared_suffix=64 segment_profile=tiny8,False,False,1.1451775908470154,1.1408480048179626,1.1521728038787842,0.4543319589077684,72.36474514007568,"{""num_rows"": ""2097152"", ""segment_profile"": ""tiny8"", ""shared_suffix"": ""64""}"
optimized,segments,sorted_order_strings_segments,Device=0 num_rows=32768 shared_suffix=0 segment_profile=tiny16,False,False,0.16352160125970838,0.1631183996796608,0.16415680125355717,1.7460176256704565,1.1391592025756836,"{""num_rows"": ""32768"", ""segment_profile"": ""tiny16"", ""shared_suffix"": ""0""}"
optimized,segments,sorted_order_strings_segments,Device=0 num_rows=2097152 shared_suffix=0 segment_profile=tiny16,False,False,0.6233920007944108,0.6190848052501677,0.6279231995344163,0.6686671018361623,72.36474514007568,"{""num_rows"": ""2097152"", ""segment_profile"": ""tiny16"", ""shared_suffix"": ""0""}"
optimized,segments,sorted_order_strings_segments,Device=0 num_rows=32768 shared_suffix=64 segment_profile=tiny16,False,False,0.18609120100736623,0.18476319834589955,0.18692640066146848,1.192998667565358,1.1391592025756836,"{""num_rows"": ""32768"", ""segment_profile"": ""tiny16"", ""shared_suffix"": ""64""}"
optimized,segments,sorted_order_strings_segments,Device=0 num_rows=2097152 shared_suffix=64 segment_profile=tiny16,False,False,1.360964798927307,1.357878416776657,1.3653119921684267,0.34174460285328023,72.36474514007568,"{""num_rows"": ""2097152"", ""segment_profile"": ""tiny16"", ""shared_suffix"": ""64""}"
optimized,segments,sorted_order_strings_segments,Device=0 num_rows=32768 shared_suffix=0 segment_profile=tiny32,False,False,0.16403680145740507,0.16307520121335986,0.16481920033693312,1.2220670544017271,1.1391592025756836,"{""num_rows"": ""32768"", ""segment_profile"": ""tiny32"", ""shared_suffix"": ""0""}"
optimized,segments,sorted_order_strings_segments,Device=0 num_rows=2097152 shared_suffix=0 segment_profile=tiny32,False,False,0.671574392914772,0.667163199186325,0.6761791884899141,0.5261296993494048,72.36474514007568,"{""num_rows"": ""2097152"", ""segment_profile"": ""tiny32"", ""shared_suffix"": ""0""}"
optimized,segments,sorted_order_strings_segments,Device=0 num_rows=32768 shared_suffix=64 segment_profile=tiny32,False,False,0.19630240052938458,0.19443199932575225,0.1965456001460552,1.6694264753990602,1.1391592025756836,"{""num_rows"": ""32768"", ""segment_profile"": ""tiny32"", ""shared_suffix"": ""64""}"
optimized,segments,sorted_order_strings_segments,Device=0 num_rows=2097152 shared_suffix=64 segment_profile=tiny32,False,False,1.6485376000404355,1.64543998837471,1.6573679983615877,0.25466288316942565,72.36474514007568,"{""num_rows"": ""2097152"", ""segment_profile"": ""tiny32"", ""shared_suffix"": ""64""}"
optimized,segments,sorted_order_strings_segments,Device=0 num_rows=32768 shared_suffix=0 segment_profile=block256,False,False,0.17434880062937733,0.17235519886016848,0.174753600358963,1.0273093801840796,1.1391592025756836,"{""num_rows"": ""32768"", ""segment_profile"": ""block256"", ""shared_suffix"": ""0""}"
optimized,segments,sorted_order_strings_segments,Device=0 num_rows=2097152 shared_suffix=0 segment_profile=block256,False,False,1.1172639966011049,1.1118000030517576,1.1219807863235474,0.4072546902375495,72.36474514007568,"{""num_rows"": ""2097152"", ""segment_profile"": ""block256"", ""shared_suffix"": ""0""}"
optimized,segments,sorted_order_strings_segments,Device=0 num_rows=32768 shared_suffix=64 segment_profile=block256,False,False,0.23830720037221906,0.23690400049090385,0.24281120002269743,1.2122333990667609,1.1391592025756836,"{""num_rows"": ""32768"", ""segment_profile"": ""block256"", ""shared_suffix"": ""64""}"
optimized,segments,sorted_order_strings_segments,Device=0 num_rows=2097152 shared_suffix=64 segment_profile=block256,False,False,3.1959983944892882,3.1938992023468016,3.2138080120086667,0.2532150237990913,72.36474514007568,"{""num_rows"": ""2097152"", ""segment_profile"": ""block256"", ""shared_suffix"": ""64""}"
optimized,segments,sorted_order_strings_segments,Device=0 num_rows=32768 shared_suffix=0 segment_profile=logarithmic,False,False,0.3528399974107742,0.3512112006545067,0.35790080130100255,1.168474760873519,1.1391592025756836,"{""num_rows"": ""32768"", ""segment_profile"": ""logarithmic"", ""shared_suffix"": ""0""}"
optimized,segments,sorted_order_strings_segments,Device=0 num_rows=2097152 shared_suffix=0 segment_profile=logarithmic,False,False,2.560827207565308,2.550855982303619,2.5776735901832577,2.6700868276593552,72.36474514007568,"{""num_rows"": ""2097152"", ""segment_profile"": ""logarithmic"", ""shared_suffix"": ""0""}"
optimized,segments,sorted_order_strings_segments,Device=0 num_rows=32768 shared_suffix=64 segment_profile=logarithmic,False,False,0.9070447951555254,0.9043808072805406,0.9152128040790559,0.5026556455719513,1.1391592025756836,"{""num_rows"": ""32768"", ""segment_profile"": ""logarithmic"", ""shared_suffix"": ""64""}"
optimized,segments,sorted_order_strings_segments,Device=0 num_rows=2097152 shared_suffix=64 segment_profile=logarithmic,False,False,8.37472791671753,8.362667179107667,8.37794713973999,0.2641542972198082,72.36474514007568,"{""num_rows"": ""2097152"", ""segment_profile"": ""logarithmic"", ""shared_suffix"": ""64""}"
optimized,segments,sorted_order_strings_segments,Device=0 num_rows=32768 shared_suffix=0 segment_profile=tiny_plus_giant,False,False,0.2755408018827438,0.2735327988862991,0.27836960256099696,1.0988263788173314,1.1391592025756836,"{""num_rows"": ""32768"", ""segment_profile"": ""tiny_plus_giant"", ""shared_suffix"": ""0""}"
optimized,segments,sorted_order_strings_segments,Device=0 num_rows=2097152 shared_suffix=0 segment_profile=tiny_plus_giant,False,False,1.0756047964096067,1.0711359977722168,1.082214397192001,0.39682360805029115,72.36474514007568,"{""num_rows"": ""2097152"", ""segment_profile"": ""tiny_plus_giant"", ""shared_suffix"": ""0""}"
optimized,segments,sorted_order_strings_segments,Device=0 num_rows=32768 shared_suffix=64 segment_profile=tiny_plus_giant,False,False,0.6829951971769335,0.6792144000530242,0.6847840011119842,2.274479125776395,1.1391592025756836,"{""num_rows"": ""32768"", ""segment_profile"": ""tiny_plus_giant"", ""shared_suffix"": ""64""}"
optimized,segments,sorted_order_strings_segments,Device=0 num_rows=2097152 shared_suffix=64 segment_profile=tiny_plus_giant,False,False,2.0123807787895203,2.0078271985054017,2.0221888065338134,0.2642429507555824,72.36474514007568,"{""num_rows"": ""2097152"", ""segment_profile"": ""tiny_plus_giant"", ""shared_suffix"": ""64""}"
optimized,segments,sorted_order_strings_segments,Device=0 num_rows=32768 shared_suffix=0 segment_profile=hot90,False,False,0.3448160007596016,0.34225920140743255,0.34647680222988125,0.9363874100764699,1.1391592025756836,"{""num_rows"": ""32768"", ""segment_profile"": ""hot90"", ""shared_suffix"": ""0""}"
optimized,segments,sorted_order_strings_segments,Device=0 num_rows=2097152 shared_suffix=0 segment_profile=hot90,False,False,3.7129663825035086,3.708667194843292,3.7262143850326535,0.2767793353996706,72.36474514007568,"{""num_rows"": ""2097152"", ""segment_profile"": ""hot90"", ""shared_suffix"": ""0""}"
optimized,segments,sorted_order_strings_segments,Device=0 num_rows=32768 shared_suffix=64 segment_profile=hot90,False,False,0.4029823973774911,0.3951312005519867,0.40373919904232025,1.0511271087835719,1.1391592025756836,"{""num_rows"": ""32768"", ""segment_profile"": ""hot90"", ""shared_suffix"": ""64""}"
optimized,segments,sorted_order_strings_segments,Device=0 num_rows=2097152 shared_suffix=64 segment_profile=hot90,False,False,4.646847987174988,4.64551682472229,4.656094360351562,0.23619255562480207,72.36474514007568,"{""num_rows"": ""2097152"", ""segment_profile"": ""hot90"", ""shared_suffix"": ""64""}"
optimized,segments,sorted_order_strings_segments,Device=0 num_rows=32768 shared_suffix=0 segment_profile=few_giants,False,False,0.22468960061669352,0.22327679917216303,0.22632319927215577,1.10154242250481,1.1391592025756836,"{""num_rows"": ""32768"", ""segment_profile"": ""few_giants"", ""shared_suffix"": ""0""}"
optimized,segments,sorted_order_strings_segments,Device=0 num_rows=2097152 shared_suffix=0 segment_profile=few_giants,False,False,1.0050239950418471,1.0029024064540861,1.0139344036579132,0.5304162698573133,72.36474514007568,"{""num_rows"": ""2097152"", ""segment_profile"": ""few_giants"", ""shared_suffix"": ""0""}"
optimized,segments,sorted_order_strings_segments,Device=0 num_rows=32768 shared_suffix=64 segment_profile=few_giants,False,False,0.39479519873857505,0.39281919896602624,0.3968256011605264,1.0372391622112591,1.1391592025756836,"{""num_rows"": ""32768"", ""segment_profile"": ""few_giants"", ""shared_suffix"": ""64""}"
optimized,segments,sorted_order_strings_segments,Device=0 num_rows=2097152 shared_suffix=64 segment_profile=few_giants,False,False,1.9757808029651642,1.9726848065853122,1.9845951855182649,0.19767386837708112,72.36474514007568,"{""num_rows"": ""2097152"", ""segment_profile"": ""few_giants"", ""shared_suffix"": ""64""}"
optimized,segments,sorted_order_strings_segments,Device=0 num_rows=32768 shared_suffix=0 segment_profile=one_segment,False,False,0.25999519973993307,0.2535936012864113,0.2685199990868568,12.507113442052766,1.1391592025756836,"{""num_rows"": ""32768"", ""segment_profile"": ""one_segment"", ""shared_suffix"": ""0""}"
optimized,segments,sorted_order_strings_segments,Device=0 num_rows=2097152 shared_suffix=0 segment_profile=one_segment,False,False,0.682923200726509,0.6753599941730498,0.6844736009836196,1.9873514037133635,72.36474514007568,"{""num_rows"": ""2097152"", ""segment_profile"": ""one_segment"", ""shared_suffix"": ""0""}"
optimized,segments,sorted_order_strings_segments,Device=0 num_rows=32768 shared_suffix=64 segment_profile=one_segment,False,False,0.2794208005070687,0.2708176001906395,0.2820432007312775,1.5245146105381528,1.1391592025756836,"{""num_rows"": ""32768"", ""segment_profile"": ""one_segment"", ""shared_suffix"": ""64""}"
optimized,segments,sorted_order_strings_segments,Device=0 num_rows=2097152 shared_suffix=64 segment_profile=one_segment,False,False,0.8235743999481201,0.8187184035778046,0.8282032042741776,0.6918429288750355,72.36474514007568,"{""num_rows"": ""2097152"", ""segment_profile"": ""one_segment"", ""shared_suffix"": ""64""}"
pr2-p32-c4096,pr-source,sorted_order_strings_source_parity,Device=0 num_rows=262144 profile=unique_32,False,False,5.585603165626526,5.541092801094055,5.5861551523208615,0.1026524436722524,9.80456829071045,"{""num_rows"": ""262144"", ""profile"": ""unique_32""}"
pr2-p32-c4096,pr-source,sorted_order_strings_source_parity,Device=0 num_rows=2097152 profile=unique_32,False,False,57.12002716064453,56.87398242950439,57.13280677795411,0.03286648737463574,78.37292766571045,"{""num_rows"": ""2097152"", ""profile"": ""unique_32""}"
pr2-p32-c4096,pr-source,sorted_order_strings_source_parity,Device=0 num_rows=262144 profile=duplicates_32,False,False,5.0117935895919805,4.969446372985838,5.017118382453918,0.6049606638524115,10.804566383361816,"{""num_rows"": ""262144"", ""profile"": ""duplicates_32""}"
pr2-p32-c4096,pr-source,sorted_order_strings_source_parity,Device=0 num_rows=2097152 profile=duplicates_32,False,False,52.599916839599615,52.39484615325927,52.601684951782225,0.03833352444412839,86.37292575836182,"{""num_rows"": ""2097152"", ""profile"": ""duplicates_32""}"
pr2-p32-c4096,pr-source,sorted_order_strings_source_parity,Device=0 num_rows=262144 profile=shared_prefix_24,False,False,5.583335995674133,5.54795205593109,5.585688018798828,0.6311639821779179,9.80456829071045,"{""num_rows"": ""262144"", ""profile"": ""shared_prefix_24""}"
pr2-p32-c4096,pr-source,sorted_order_strings_source_parity,Device=0 num_rows=2097152 profile=shared_prefix_24,False,False,57.119960212707525,56.87599220275878,57.12311668395996,0.03699545248332153,78.37292766571045,"{""num_rows"": ""2097152"", ""profile"": ""shared_prefix_24""}"
pr2-p32-c4096,pr-source,sorted_order_strings_source_parity,Device=0 num_rows=262144 profile=raw_unique_40,False,False,0.23122399896383283,0.2256864003837109,0.2443903997540474,24.659296235847375,9.804323196411133,"{""num_rows"": ""262144"", ""profile"": ""raw_unique_40""}"
pr2-p32-c4096,pr-source,sorted_order_strings_source_parity,Device=0 num_rows=2097152 profile=raw_unique_40,False,False,0.46623520106077204,0.4609872013330458,0.4664608016610145,0.7713921832913043,78.37268257141113,"{""num_rows"": ""2097152"", ""profile"": ""raw_unique_40""}"
pr2-p32-c4096,pr-source,sorted_order_strings_source_parity,Device=0 num_rows=262144 profile=raw_duplicates_40,False,False,0.7141951948404313,0.7129471987485885,0.7161135971546174,5.7020546667808345,10.804566383361816,"{""num_rows"": ""262144"", ""profile"": ""raw_duplicates_40""}"
pr2-p32-c4096,pr-source,sorted_order_strings_source_parity,Device=0 num_rows=2097152 profile=raw_duplicates_40,False,False,2.510699188709259,2.4923727989196784,2.5142992138862605,0.7752971456361576,86.37292575836182,"{""num_rows"": ""2097152"", ""profile"": ""raw_duplicates_40""}"
pr2-p32-c4096,pr-source,sorted_order_strings_source_parity,Device=0 num_rows=262144 profile=raw_shared_prefix_24_width_40,False,False,6.911883211135865,6.856092786788941,6.912585616111755,0.0798673856534305,9.80456829071045,"{""num_rows"": ""262144"", ""profile"": ""raw_shared_prefix_24_width_40""}"
pr2-p32-c4096,pr-source,sorted_order_strings_source_parity,Device=0 num_rows=2097152 profile=raw_shared_prefix_24_width_40,False,False,66.59027938842773,66.27311973571777,66.59848747253417,0.0303779851424368,78.37292766571045,"{""num_rows"": ""2097152"", ""profile"": ""raw_shared_prefix_24_width_40""}"
pr2-p32-c4096,constant,sorted_order_strings_prefixes,Device=0 num_rows=262144 prefix_width=32 suffix_width=0 prefix_cardinality=1,False,False,4.618558430671693,4.602788758277893,4.631900811195374,0.1544250163471868,9.80456829071045,"{""num_rows"": ""262144"", ""prefix_cardinality"": ""1"", ""prefix_width"": ""32"", ""suffix_width"": ""0""}"
pr2-p32-c4096,constant,sorted_order_strings_prefixes,Device=0 num_rows=2097152 prefix_width=32 suffix_width=0 prefix_cardinality=1,False,False,49.776140594482435,49.610526084899895,49.85187358856201,0.6452814636388647,78.37292766571045,"{""num_rows"": ""2097152"", ""prefix_cardinality"": ""1"", ""prefix_width"": ""32"", ""suffix_width"": ""0""}"
baseline,segments,sorted_order_strings_segments,Device=0 num_rows=32768 shared_suffix=0 segment_profile=singletons,False,False,0.13860799968242649,0.13822079971432683,0.1402752004563808,1.9152286314186318,1.1391592025756836,"{""num_rows"": ""32768"", ""segment_profile"": ""singletons"", ""shared_suffix"": ""0""}"
baseline,segments,sorted_order_strings_segments,Device=0 num_rows=2097152 shared_suffix=0 segment_profile=singletons,False,False,0.35236479789018627,0.35064640343189235,0.35545919686555866,1.0995263208235817,72.36474514007568,"{""num_rows"": ""2097152"", ""segment_profile"": ""singletons"", ""shared_suffix"": ""0""}"
baseline,segments,sorted_order_strings_segments,Device=0 num_rows=32768 shared_suffix=64 segment_profile=singletons,False,False,0.1394656002521515,0.13887359872460364,0.14104640036821367,2.8827529625069697,1.1391592025756836,"{""num_rows"": ""32768"", ""segment_profile"": ""singletons"", ""shared_suffix"": ""64""}"
baseline,segments,sorted_order_strings_segments,Device=0 num_rows=2097152 shared_suffix=64 segment_profile=singletons,False,False,0.39020960181951525,0.38825279921293254,0.39400960057973866,0.9527439604220472,72.36474514007568,"{""num_rows"": ""2097152"", ""segment_profile"": ""singletons"", ""shared_suffix"": ""64""}"
baseline,segments,sorted_order_strings_segments,Device=0 num_rows=32768 shared_suffix=0 segment_profile=pairs,False,False,0.15590080022811886,0.15551679953932765,0.16216960027813912,2.682568493983913,1.1391592025756836,"{""num_rows"": ""32768"", ""segment_profile"": ""pairs"", ""shared_suffix"": ""0""}"
baseline,segments,sorted_order_strings_segments,Device=0 num_rows=2097152 shared_suffix=0 segment_profile=pairs,False,False,0.6470256060361862,0.6411936044692992,0.6501392006874084,1.3333260142741385,72.36474514007568,"{""num_rows"": ""2097152"", ""segment_profile"": ""pairs"", ""shared_suffix"": ""0""}"
baseline,segments,sorted_order_strings_segments,Device=0 num_rows=32768 shared_suffix=64 segment_profile=pairs,False,False,0.15966079905629157,0.15755359902977942,0.1634912006556988,2.0773315428842634,1.1391592025756836,"{""num_rows"": ""32768"", ""segment_profile"": ""pairs"", ""shared_suffix"": ""64""}"
baseline,segments,sorted_order_strings_segments,Device=0 num_rows=2097152 shared_suffix=64 segment_profile=pairs,False,False,0.8221871972084047,0.8134080022573472,0.825532802939415,0.6929266330770684,72.36474514007568,"{""num_rows"": ""2097152"", ""segment_profile"": ""pairs"", ""shared_suffix"": ""64""}"
baseline,segments,sorted_order_strings_segments,Device=0 num_rows=32768 shared_suffix=0 segment_profile=tiny4,False,False,0.156615998595953,0.15564319938421248,0.16169760003685957,2.3217804715765222,1.1391592025756836,"{""num_rows"": ""32768"", ""segment_profile"": ""tiny4"", ""shared_suffix"": ""0""}"
baseline,segments,sorted_order_strings_segments,Device=0 num_rows=2097152 shared_suffix=0 segment_profile=tiny4,False,False,0.578561595082283,0.5735167980194091,0.5813440024852753,1.2097761496892696,72.36474514007568,"{""num_rows"": ""2097152"", ""segment_profile"": ""tiny4"", ""shared_suffix"": ""0""}"
baseline,segments,sorted_order_strings_segments,Device=0 num_rows=32768 shared_suffix=64 segment_profile=tiny4,False,False,0.16733759865164755,0.16705440059304233,0.17158720046281817,1.9838058667139107,1.1391592025756836,"{""num_rows"": ""32768"", ""segment_profile"": ""tiny4"", ""shared_suffix"": ""64""}"
baseline,segments,sorted_order_strings_segments,Device=0 num_rows=2097152 shared_suffix=64 segment_profile=tiny4,False,False,0.9109184026718139,0.9058335989713667,0.9143919944763184,0.6889896816518157,72.36474514007568,"{""num_rows"": ""2097152"", ""segment_profile"": ""tiny4"", ""shared_suffix"": ""64""}"
baseline,segments,sorted_order_strings_segments,Device=0 num_rows=32768 shared_suffix=0 segment_profile=tiny8,False,False,0.15930400043725967,0.1589887998998165,0.16203039959073068,2.116338486859894,1.1391592025756836,"{""num_rows"": ""32768"", ""segment_profile"": ""tiny8"", ""shared_suffix"": ""0""}"
baseline,segments,sorted_order_strings_segments,Device=0 num_rows=2097152 shared_suffix=0 segment_profile=tiny8,False,False,0.5905951976776123,0.588059201836586,0.5945839971303942,0.7896361815987284,72.36474514007568,"{""num_rows"": ""2097152"", ""segment_profile"": ""tiny8"", ""shared_suffix"": ""0""}"
baseline,segments,sorted_order_strings_segments,Device=0 num_rows=32768 shared_suffix=64 segment_profile=tiny8,False,False,0.17732320204377172,0.17678079977631572,0.18341280072927477,1.776233700709311,1.1391592025756836,"{""num_rows"": ""32768"", ""segment_profile"": ""tiny8"", ""shared_suffix"": ""64""}"
baseline,segments,sorted_order_strings_segments,Device=0 num_rows=2097152 shared_suffix=64 segment_profile=tiny8,False,False,1.1524752080440521,1.1446671903133394,1.1550496101379395,0.4331815145893565,72.36474514007568,"{""num_rows"": ""2097152"", ""segment_profile"": ""tiny8"", ""shared_suffix"": ""64""}"
baseline,segments,sorted_order_strings_segments,Device=0 num_rows=32768 shared_suffix=0 segment_profile=tiny16,False,False,0.16366399973630905,0.1634367987513542,0.16632800102233886,2.9357105522937332,1.1391592025756836,"{""num_rows"": ""32768"", ""segment_profile"": ""tiny16"", ""shared_suffix"": ""0""}"
baseline,segments,sorted_order_strings_segments,Device=0 num_rows=2097152 shared_suffix=0 segment_profile=tiny16,False,False,0.6305376023054122,0.6288639962673188,0.6360735982656479,0.6543719979528073,72.36474514007568,"{""num_rows"": ""2097152"", ""segment_profile"": ""tiny16"", ""shared_suffix"": ""0""}"
baseline,segments,sorted_order_strings_segments,Device=0 num_rows=32768 shared_suffix=64 segment_profile=tiny16,False,False,0.18709439933300018,0.18565919995307922,0.18712640032172204,2.257486763831785,1.1391592025756836,"{""num_rows"": ""32768"", ""segment_profile"": ""tiny16"", ""shared_suffix"": ""64""}"
baseline,segments,sorted_order_strings_segments,Device=0 num_rows=2097152 shared_suffix=64 segment_profile=tiny16,False,False,1.367657607793808,1.3622304022312166,1.373774403333664,0.3798868001023146,72.36474514007568,"{""num_rows"": ""2097152"", ""segment_profile"": ""tiny16"", ""shared_suffix"": ""64""}"
baseline,segments,sorted_order_strings_segments,Device=0 num_rows=32768 shared_suffix=0 segment_profile=tiny32,False,False,0.16233120039105417,0.1622688002884388,0.16403200179338456,1.7670882301668158,1.1391592025756836,"{""num_rows"": ""32768"", ""segment_profile"": ""tiny32"", ""shared_suffix"": ""0""}"
baseline,segments,sorted_order_strings_segments,Device=0 num_rows=2097152 shared_suffix=0 segment_profile=tiny32,False,False,0.6880128026008605,0.6841552019119262,0.7712336033582687,51.15559164864,72.36474514007568,"{""num_rows"": ""2097152"", ""segment_profile"": ""tiny32"", ""shared_suffix"": ""0""}"
baseline,segments,sorted_order_strings_segments,Device=0 num_rows=32768 shared_suffix=64 segment_profile=tiny32,False,False,0.19503360092639924,0.19437439963221553,0.19642400071024896,1.467158043163504,1.1391592025756836,"{""num_rows"": ""32768"", ""segment_profile"": ""tiny32"", ""shared_suffix"": ""64""}"
baseline,segments,sorted_order_strings_segments,Device=0 num_rows=2097152 shared_suffix=64 segment_profile=tiny32,False,False,1.6598240017890928,1.6513824045658112,1.6629487991333014,0.2599886369763402,72.36474514007568,"{""num_rows"": ""2097152"", ""segment_profile"": ""tiny32"", ""shared_suffix"": ""64""}"
baseline,segments,sorted_order_strings_segments,Device=0 num_rows=32768 shared_suffix=0 segment_profile=block256,False,False,0.17310239896178245,0.1730480007827282,0.1755247995257377,2.3738903555512234,1.1391592025756836,"{""num_rows"": ""32768"", ""segment_profile"": ""block256"", ""shared_suffix"": ""0""}"
baseline,segments,sorted_order_strings_segments,Device=0 num_rows=2097152 shared_suffix=0 segment_profile=block256,False,False,1.1530943989753721,1.147308784723282,1.15583039522171,0.28762133046890354,72.36474514007568,"{""num_rows"": ""2097152"", ""segment_profile"": ""block256"", ""shared_suffix"": ""0""}"
baseline,segments,sorted_order_strings_segments,Device=0 num_rows=32768 shared_suffix=64 segment_profile=block256,False,False,0.2388560004532337,0.2374528005719185,0.24056959971785538,1.6519774813495938,1.1391592025756836,"{""num_rows"": ""32768"", ""segment_profile"": ""block256"", ""shared_suffix"": ""64""}"
baseline,segments,sorted_order_strings_segments,Device=0 num_rows=2097152 shared_suffix=64 segment_profile=block256,False,False,3.2244575858116153,3.210988807678222,3.2309327840805055,0.29058677340843136,72.36474514007568,"{""num_rows"": ""2097152"", ""segment_profile"": ""block256"", ""shared_suffix"": ""64""}"
baseline,segments,sorted_order_strings_segments,Device=0 num_rows=32768 shared_suffix=0 segment_profile=logarithmic,False,False,0.3571792006492614,0.35665280073881145,0.36392639875412,0.9429257714321564,1.1391592025756836,"{""num_rows"": ""32768"", ""segment_profile"": ""logarithmic"", ""shared_suffix"": ""0""}"
baseline,segments,sorted_order_strings_segments,Device=0 num_rows=2097152 shared_suffix=0 segment_profile=logarithmic,False,False,2.5780127882957466,2.5671792030334477,2.5807711958885187,1.7210763344010658,72.36474514007568,"{""num_rows"": ""2097152"", ""segment_profile"": ""logarithmic"", ""shared_suffix"": ""0""}"
baseline,segments,sorted_order_strings_segments,Device=0 num_rows=32768 shared_suffix=64 segment_profile=logarithmic,False,False,0.9156863987445834,0.9102160006761552,0.9204688042402266,0.4039444527474319,1.1391592025756836,"{""num_rows"": ""32768"", ""segment_profile"": ""logarithmic"", ""shared_suffix"": ""64""}"
baseline,segments,sorted_order_strings_segments,Device=0 num_rows=2097152 shared_suffix=64 segment_profile=logarithmic,False,False,8.390316772460938,8.376150417327882,8.393495893478393,0.3022576607786799,72.36474514007568,"{""num_rows"": ""2097152"", ""segment_profile"": ""logarithmic"", ""shared_suffix"": ""64""}"
baseline,segments,sorted_order_strings_segments,Device=0 num_rows=32768 shared_suffix=0 segment_profile=tiny_plus_giant,False,False,0.2798159986734391,0.27790559828281397,0.2809631988406181,0.9330876928032807,1.1391592025756836,"{""num_rows"": ""32768"", ""segment_profile"": ""tiny_plus_giant"", ""shared_suffix"": ""0""}"
baseline,segments,sorted_order_strings_segments,Device=0 num_rows=2097152 shared_suffix=0 segment_profile=tiny_plus_giant,False,False,1.0923840105533602,1.0865311980247498,1.0977360129356384,0.3265660380266708,72.36474514007568,"{""num_rows"": ""2097152"", ""segment_profile"": ""tiny_plus_giant"", ""shared_suffix"": ""0""}"
baseline,segments,sorted_order_strings_segments,Device=0 num_rows=32768 shared_suffix=64 segment_profile=tiny_plus_giant,False,False,0.6873344004154205,0.6849919974803925,0.6876800030469895,3.119775771757371,1.1391592025756836,"{""num_rows"": ""32768"", ""segment_profile"": ""tiny_plus_giant"", ""shared_suffix"": ""64""}"
baseline,segments,sorted_order_strings_segments,Device=0 num_rows=2097152 shared_suffix=64 segment_profile=tiny_plus_giant,False,False,3.201390409469605,3.1886912107467653,3.2137903690338137,0.30448522671858264,72.36474514007568,"{""num_rows"": ""2097152"", ""segment_profile"": ""tiny_plus_giant"", ""shared_suffix"": ""64""}"
baseline,segments,sorted_order_strings_segments,Device=0 num_rows=32768 shared_suffix=0 segment_profile=hot90,False,False,0.3466672033071518,0.345014400780201,0.3524783983826637,1.1450906764809996,1.1391592025756836,"{""num_rows"": ""32768"", ""segment_profile"": ""hot90"", ""shared_suffix"": ""0""}"
baseline,segments,sorted_order_strings_segments,Device=0 num_rows=2097152 shared_suffix=0 segment_profile=hot90,False,False,3.782852804660797,3.7727423906326294,3.789583992958069,0.19766650065544167,72.36474514007568,"{""num_rows"": ""2097152"", ""segment_profile"": ""hot90"", ""shared_suffix"": ""0""}"
baseline,segments,sorted_order_strings_segments,Device=0 num_rows=32768 shared_suffix=64 segment_profile=hot90,False,False,0.7832911998033523,0.7790272057056427,0.7910335958003997,0.6941912303328303,1.1391592025756836,"{""num_rows"": ""32768"", ""segment_profile"": ""hot90"", ""shared_suffix"": ""64""}"
baseline,segments,sorted_order_strings_segments,Device=0 num_rows=2097152 shared_suffix=64 segment_profile=hot90,False,False,13.282911920547486,13.257208013534546,13.2869056224823,0.35961562254066876,72.36474514007568,"{""num_rows"": ""2097152"", ""segment_profile"": ""hot90"", ""shared_suffix"": ""64""}"
baseline,segments,sorted_order_strings_segments,Device=0 num_rows=32768 shared_suffix=0 segment_profile=few_giants,False,False,0.22548799887299537,0.2253504000604153,0.22660160139203067,0.935237199190546,1.1391592025756836,"{""num_rows"": ""32768"", ""segment_profile"": ""few_giants"", ""shared_suffix"": ""0""}"
baseline,segments,sorted_order_strings_segments,Device=0 num_rows=2097152 shared_suffix=0 segment_profile=few_giants,False,False,1.0207664012908935,1.012489604949951,1.0216864109039303,1.5372459933394744,72.36474514007568,"{""num_rows"": ""2097152"", ""segment_profile"": ""few_giants"", ""shared_suffix"": ""0""}"
baseline,segments,sorted_order_strings_segments,Device=0 num_rows=32768 shared_suffix=64 segment_profile=few_giants,False,False,0.39434719830751414,0.3923935979604721,0.39505439847707746,1.0811660570819617,1.1391592025756836,"{""num_rows"": ""32768"", ""segment_profile"": ""few_giants"", ""shared_suffix"": ""64""}"
baseline,segments,sorted_order_strings_segments,Device=0 num_rows=2097152 shared_suffix=64 segment_profile=few_giants,False,False,3.054998409748078,3.0458335995674135,3.0610031723976134,0.25068134859518343,72.36474514007568,"{""num_rows"": ""2097152"", ""segment_profile"": ""few_giants"", ""shared_suffix"": ""64""}"
baseline,segments,sorted_order_strings_segments,Device=0 num_rows=32768 shared_suffix=0 segment_profile=one_segment,False,False,0.3292864009737969,0.3288015991449356,0.33236479908227917,0.8510328219456154,1.1391592025756836,"{""num_rows"": ""32768"", ""segment_profile"": ""one_segment"", ""shared_suffix"": ""0""}"
baseline,segments,sorted_order_strings_segments,Device=0 num_rows=2097152 shared_suffix=0 segment_profile=one_segment,False,False,3.9379855751991277,3.9286160230636606,3.9487407922744753,0.49822661840216764,72.36474514007568,"{""num_rows"": ""2097152"", ""segment_profile"": ""one_segment"", ""shared_suffix"": ""0""}"
baseline,segments,sorted_order_strings_segments,Device=0 num_rows=32768 shared_suffix=64 segment_profile=one_segment,False,False,0.7338144004344938,0.7327167958021163,0.7370239973068238,0.43263566818739435,1.1391592025756836,"{""num_rows"": ""32768"", ""segment_profile"": ""one_segment"", ""shared_suffix"": ""64""}"
baseline,segments,sorted_order_strings_segments,Device=0 num_rows=2097152 shared_suffix=64 segment_profile=one_segment,False,False,13.696243238449096,13.677083253860472,13.70676803588867,0.9579404876578237,72.36474514007568,"{""num_rows"": ""2097152"", ""segment_profile"": ""one_segment"", ""shared_suffix"": ""64""}"
prefix,pr-zero-collisions,sorted_order_strings_segmented_diagnostics,Device=0 num_rows=32768 profile=zero_collision_pass1,False,False,0.18852160051465033,0.18730720058083536,0.19036639928817747,3.4276861761983404,0.5005626678466797,"{""num_rows"": ""32768"", ""profile"": ""zero_collision_pass1""}"
prefix,pr-zero-collisions,sorted_order_strings_segmented_diagnostics,Device=0 num_rows=32768 profile=zero_collision_pass2,False,False,0.548870399594307,0.5485615968704224,0.5494112014770507,0.545085030433098,0.5005626678466797,"{""num_rows"": ""32768"", ""profile"": ""zero_collision_pass2""}"
baseline,pr-diagnostics,sorted_order_strings_segmented_diagnostics,Device=0 num_rows=262144 profile=finish_257,False,False,0.21761120185256008,0.2157872013747692,0.22439520061016086,18.310903356775075,9.053221702575684,"{""num_rows"": ""262144"", ""profile"": ""finish_257""}"
baseline,pr-diagnostics,sorted_order_strings_segmented_diagnostics,Device=0 num_rows=2097152 profile=finish_257,False,False,0.4158032029867172,0.4157232001423835,0.4169823989272118,0.9879788421194324,72.36474514007568,"{""num_rows"": ""2097152"", ""profile"": ""finish_257""}"
baseline,pr-diagnostics,sorted_order_strings_segmented_diagnostics,Device=0 num_rows=262144 profile=finish_1024,False,False,0.24158239960670475,0.24081760048866271,0.2426192007958889,1.1633205413792405,9.053221702575684,"{""num_rows"": ""262144"", ""profile"": ""finish_1024""}"
baseline,pr-diagnostics,sorted_order_strings_segmented_diagnostics,Device=0 num_rows=2097152 profile=finish_1024,False,False,0.4396367996931075,0.4387199997901916,0.44042240381240855,0.7161450434635344,72.36474514007568,"{""num_rows"": ""2097152"", ""profile"": ""finish_1024""}"
baseline,pr-diagnostics,sorted_order_strings_segmented_diagnostics,Device=0 num_rows=262144 profile=finish_4096,False,False,0.28229279965162274,0.28201919943094245,0.28237759917974464,1.407529351195322,9.053221702575684,"{""num_rows"": ""262144"", ""profile"": ""finish_4096""}"
baseline,pr-diagnostics,sorted_order_strings_segmented_diagnostics,Device=0 num_rows=2097152 profile=finish_4096,False,False,0.48349119871854773,0.48313440084457393,0.48479839563369753,0.9077478779659979,72.36474514007568,"{""num_rows"": ""2097152"", ""profile"": ""finish_4096""}"
baseline,pr-diagnostics,sorted_order_strings_segmented_diagnostics,Device=0 num_rows=262144 profile=active_50,False,False,0.33728320151567465,0.3352991998195648,0.3385967999696732,0.6849051598537123,9.053221702575684,"{""num_rows"": ""262144"", ""profile"": ""active_50""}"
baseline,pr-diagnostics,sorted_order_strings_segmented_diagnostics,Device=0 num_rows=2097152 profile=active_50,False,False,0.885806405544281,0.8829727977514267,0.889374405145645,0.36465715228756557,72.36474514007568,"{""num_rows"": ""2097152"", ""profile"": ""active_50""}"
baseline,pr-diagnostics,sorted_order_strings_segmented_diagnostics,Device=0 num_rows=262144 profile=active_10,False,False,0.29737439900636686,0.2963455975055695,0.29977280348539354,0.4764854194871904,9.053221702575684,"{""num_rows"": ""262144"", ""profile"": ""active_10""}"
baseline,pr-diagnostics,sorted_order_strings_segmented_diagnostics,Device=0 num_rows=2097152 profile=active_10,False,False,0.5462847977876661,0.5461647927761079,0.5494975954294204,0.8316638485038201,72.36474514007568,"{""num_rows"": ""2097152"", ""profile"": ""active_10""}"
baseline,pr-diagnostics,sorted_order_strings_segmented_diagnostics,Device=0 num_rows=262144 profile=active_1,False,False,0.2405408009886742,0.2405248001217842,0.24077599868178368,1.6080554177716755,9.053221702575684,"{""num_rows"": ""262144"", ""profile"": ""active_1""}"
baseline,pr-diagnostics,sorted_order_strings_segmented_diagnostics,Device=0 num_rows=2097152 profile=active_1,False,False,0.49259519577026367,0.4912831991910934,0.49434559941291817,0.6784276553575082,72.36474514007568,"{""num_rows"": ""2097152"", ""profile"": ""active_1""}"
baseline,pr-diagnostics,sorted_order_strings_segmented_diagnostics,Device=0 num_rows=262144 profile=active_0_1,False,False,0.1990831986069679,0.19730240032076835,0.21242720037698748,27.8787401214989,9.053221702575684,"{""num_rows"": ""262144"", ""profile"": ""active_0_1""}"
baseline,pr-diagnostics,sorted_order_strings_segmented_diagnostics,Device=0 num_rows=2097152 profile=active_0_1,False,False,0.42360799759626383,0.4215872004628181,0.4246944025158883,1.0026540699465112,72.36474514007568,"{""num_rows"": ""2097152"", ""profile"": ""active_0_1""}"
baseline,pr-diagnostics,sorted_order_strings_segmented_diagnostics,Device=0 num_rows=262144 profile=duplicates_6,False,False,0.23776319995522496,0.2373167999088764,0.2386896006762981,0.7543167889849693,9.053221702575684,"{""num_rows"": ""262144"", ""profile"": ""duplicates_6""}"
baseline,pr-diagnostics,sorted_order_strings_segmented_diagnostics,Device=0 num_rows=2097152 profile=duplicates_6,False,False,0.985643196105957,0.9846719980239871,0.9912480026483534,0.3265882614996572,72.36474514007568,"{""num_rows"": ""2097152"", ""profile"": ""duplicates_6""}"
baseline,pr-diagnostics,sorted_order_strings_segmented_diagnostics,Device=0 num_rows=262144 profile=duplicates_8,False,False,0.23868959993124014,0.2378015987575054,0.24657920151948928,16.00233334198753,9.053221702575684,"{""num_rows"": ""262144"", ""profile"": ""duplicates_8""}"
baseline,pr-diagnostics,sorted_order_strings_segmented_diagnostics,Device=0 num_rows=2097152 profile=duplicates_8,False,False,0.9859584033489227,0.9846288084983826,0.9907232075929638,0.4078793360806542,72.36474514007568,"{""num_rows"": ""2097152"", ""profile"": ""duplicates_8""}"
baseline,pr-diagnostics,sorted_order_strings_segmented_diagnostics,Device=0 num_rows=262144 profile=duplicates_12,False,False,0.3522111982107163,0.35201120376586914,0.3545408040285111,0.5960172762283764,9.053221702575684,"{""num_rows"": ""262144"", ""profile"": ""duplicates_12""}"
baseline,pr-diagnostics,sorted_order_strings_segmented_diagnostics,Device=0 num_rows=2097152 profile=duplicates_12,False,False,2.0623872041702267,2.054761588573456,2.0868720054626464,6.3255450334001235,72.36474514007568,"{""num_rows"": ""2097152"", ""profile"": ""duplicates_12""}"
baseline,pr-diagnostics,sorted_order_strings_segmented_diagnostics,Device=0 num_rows=262144 profile=duplicates_16,False,False,0.3032159999012947,0.3020063981413841,0.3060048013925552,1.4338239696293338,9.053221702575684,"{""num_rows"": ""262144"", ""profile"": ""duplicates_16""}"
baseline,pr-diagnostics,sorted_order_strings_segmented_diagnostics,Device=0 num_rows=2097152 profile=duplicates_16,False,False,1.5999055981636046,1.598652803897858,1.6065103948116302,0.2729974121903782,72.36474514007568,"{""num_rows"": ""2097152"", ""profile"": ""duplicates_16""}"
baseline,pr-diagnostics,sorted_order_strings_segmented_diagnostics,Device=0 num_rows=262144 profile=duplicates_24,False,False,0.36212480217218396,0.36156480461359025,0.36392800211906434,0.5727386420421133,9.053221702575684,"{""num_rows"": ""262144"", ""profile"": ""duplicates_24""}"
baseline,pr-diagnostics,sorted_order_strings_segmented_diagnostics,Device=0 num_rows=2097152 profile=duplicates_24,False,False,2.0635743975639347,2.061780798435211,2.0739776253700253,0.22258757777423466,72.36474514007568,"{""num_rows"": ""2097152"", ""profile"": ""duplicates_24""}"
baseline,pr-diagnostics,sorted_order_strings_segmented_diagnostics,Device=0 num_rows=262144 profile=duplicates_32,False,False,0.40231040269136426,0.40188319981098186,0.4059135988354683,0.6578124054053031,9.053221702575684,"{""num_rows"": ""262144"", ""profile"": ""duplicates_32""}"
baseline,pr-diagnostics,sorted_order_strings_segmented_diagnostics,Device=0 num_rows=2097152 profile=duplicates_32,False,False,2.4976143956184385,2.4965183973312373,2.5128000020980834,0.14399590176085486,72.36474514007568,"{""num_rows"": ""2097152"", ""profile"": ""duplicates_32""}"
baseline,pr-diagnostics,sorted_order_strings_segmented_diagnostics,Device=0 num_rows=262144 profile=rle_misaligned,False,False,0.6275008022785187,0.6253951996564864,0.6333471983671188,1.9264094997658434,9.053221702575684,"{""num_rows"": ""262144"", ""profile"": ""rle_misaligned""}"
baseline,pr-diagnostics,sorted_order_strings_segmented_diagnostics,Device=0 num_rows=2097152 profile=rle_misaligned,False,False,3.837830400466918,3.8341375827789306,3.852516794204712,0.23015147777836034,72.36474514007568,"{""num_rows"": ""2097152"", ""profile"": ""rle_misaligned""}"
pr2-p32-c4096,target,sorted_order_strings_cardinality,Device=0 num_rows=262144 max_width=32 cardinality=1,False,False,0.00824479996226728,0.008012799918651581,0.00838720006868243,9.369788062808762,1.0,"{""cardinality"": ""1"", ""max_width"": ""32"", ""num_rows"": ""262144""}"
pr2-p32-c4096,target,sorted_order_strings_cardinality,Device=0 num_rows=2097152 max_width=32 cardinality=1,False,False,0.008729600021615621,0.008672000002115966,0.008793599950149654,15.648130140185993,8.0,"{""cardinality"": ""1"", ""max_width"": ""32"", ""num_rows"": ""2097152""}"
pr2-p32-c4096,target,sorted_order_strings_cardinality,Device=0 num_rows=262144 max_width=128 cardinality=1,False,False,19.554419136047365,19.439032077789303,19.599953556060786,3.206921202492098,9.80456829071045,"{""cardinality"": ""1"", ""max_width"": ""128"", ""num_rows"": ""262144""}"
pr2-p32-c4096,target,sorted_order_strings_cardinality,Device=0 num_rows=2097152 max_width=128 cardinality=1,False,False,213.64586334228514,212.9487289428711,213.699488067627,0.021840084975627266,78.37292766571045,"{""cardinality"": ""1"", ""max_width"": ""128"", ""num_rows"": ""2097152""}"
pr2-p32-c4096,target,sorted_order_strings_cardinality,Device=0 num_rows=262144 max_width=32 cardinality=64,False,False,0.7438016057014466,0.7387615948915481,0.7442767977714538,0.3964549879369438,10.804566383361816,"{""cardinality"": ""64"", ""max_width"": ""32"", ""num_rows"": ""262144""}"
pr2-p32-c4096,target,sorted_order_strings_cardinality,Device=0 num_rows=2097152 max_width=32 cardinality=64,False,False,1.7307136058807375,1.7281728029251098,1.7335200011730194,0.5506721806060872,86.37292575836182,"{""cardinality"": ""64"", ""max_width"": ""32"", ""num_rows"": ""2097152""}"
pr2-p32-c4096,target,sorted_order_strings_cardinality,Device=0 num_rows=262144 max_width=128 cardinality=64,False,False,2.4874320030212407,2.48581919670105,2.520569586753845,1.4361614595956202,10.804566383361816,"{""cardinality"": ""64"", ""max_width"": ""128"", ""num_rows"": ""262144""}"
pr2-p32-c4096,target,sorted_order_strings_cardinality,Device=0 num_rows=2097152 max_width=128 cardinality=64,False,False,7.034260845184326,7.020265603065493,7.03589918613434,0.317827418669507,86.37292575836182,"{""cardinality"": ""64"", ""max_width"": ""128"", ""num_rows"": ""2097152""}"
pr2-p32-c4096,target,sorted_order_strings_cardinality,Device=0 num_rows=262144 max_width=32 cardinality=0,False,False,0.353412801027298,0.34888159930706025,0.3548479989171027,1.3304793959560464,10.804566383361816,"{""cardinality"": ""0"", ""max_width"": ""32"", ""num_rows"": ""262144""}"
pr2-p32-c4096,target,sorted_order_strings_cardinality,Device=0 num_rows=2097152 max_width=32 cardinality=0,False,False,0.8619056075811387,0.8545823991298676,0.8672975987195969,0.5568211442374201,86.37292575836182,"{""cardinality"": ""0"", ""max_width"": ""32"", ""num_rows"": ""2097152""}"
pr2-p32-c4096,target,sorted_order_strings_cardinality,Device=0 num_rows=262144 max_width=128 cardinality=0,False,False,0.3818767979741096,0.3732015982270241,0.3827888011932373,0.7962984707254749,10.804566383361816,"{""cardinality"": ""0"", ""max_width"": ""128"", ""num_rows"": ""262144""}"
pr2-p32-c4096,target,sorted_order_strings_cardinality,Device=0 num_rows=2097152 max_width=128 cardinality=0,False,False,0.820292803645134,0.812561595439911,0.8210304021835328,1.5139348325121138,86.37292575836182,"{""cardinality"": ""0"", ""max_width"": ""128"", ""num_rows"": ""2097152""}"
pr2-p32-c4096,target,sorted_order_strings_prefixes,Device=0 num_rows=262144 prefix_width=4 suffix_width=32 prefix_cardinality=1,False,False,0.3601807981729507,0.3574016019701958,0.36228320300579075,1.0204529272666378,10.814481735229492,"{""num_rows"": ""262144"", ""prefix_cardinality"": ""1"", ""prefix_width"": ""4"", ""suffix_width"": ""32""}"
pr2-p32-c4096,target,sorted_order_strings_prefixes,Device=0 num_rows=2097152 prefix_width=4 suffix_width=32 prefix_cardinality=1,False,False,1.1871824085712432,1.1857840061187745,1.195032000541687,0.4246733145413879,86.83736610412598,"{""num_rows"": ""2097152"", ""prefix_cardinality"": ""1"", ""prefix_width"": ""4"", ""suffix_width"": ""32""}"
pr2-p32-c4096,target,sorted_order_strings_prefixes,Device=0 num_rows=262144 prefix_width=8 suffix_width=32 prefix_cardinality=1,False,False,4.042206382751465,4.021804785728455,4.0432080030441275,0.26514774579286277,10.804566383361816,"{""num_rows"": ""262144"", ""prefix_cardinality"": ""1"", ""prefix_width"": ""8"", ""suffix_width"": ""32""}"
pr2-p32-c4096,target,sorted_order_strings_prefixes,Device=0 num_rows=2097152 prefix_width=8 suffix_width=32 prefix_cardinality=1,False,False,34.520569419860834,34.33158073425293,34.53900489807128,0.035311723500096974,86.37292575836182,"{""num_rows"": ""2097152"", ""prefix_cardinality"": ""1"", ""prefix_width"": ""8"", ""suffix_width"": ""32""}"
pr2-p32-c4096,target,sorted_order_strings_prefixes,Device=0 num_rows=262144 prefix_width=10 suffix_width=32 prefix_cardinality=1,False,False,3.4479647755622866,3.429102408885956,3.4529568076133734,0.1292652089811703,10.804566383361816,"{""num_rows"": ""262144"", ""prefix_cardinality"": ""1"", ""prefix_width"": ""10"", ""suffix_width"": ""32""}"
pr2-p32-c4096,target,sorted_order_strings_prefixes,Device=0 num_rows=2097152 prefix_width=10 suffix_width=32 prefix_cardinality=1,False,False,29.887627315521236,29.738270282745365,29.905965042114264,0.036743160702739704,86.38603019714355,"{""num_rows"": ""2097152"", ""prefix_cardinality"": ""1"", ""prefix_width"": ""10"", ""suffix_width"": ""32""}"
pr2-p32-c4096,target,sorted_order_strings_prefixes,Device=0 num_rows=262144 prefix_width=11 suffix_width=32 prefix_cardinality=1,False,False,3.246215999126434,3.233208000659942,3.2538911819458014,0.16142337784089109,10.804566383361816,"{""num_rows"": ""262144"", ""prefix_cardinality"": ""1"", ""prefix_width"": ""11"", ""suffix_width"": ""32""}"
pr2-p32-c4096,target,sorted_order_strings_prefixes,Device=0 num_rows=2097152 prefix_width=11 suffix_width=32 prefix_cardinality=1,False,False,28.39272155761718,28.253956699371347,28.41699523925781,0.05453901475884012,86.42692375183105,"{""num_rows"": ""2097152"", ""prefix_cardinality"": ""1"", ""prefix_width"": ""11"", ""suffix_width"": ""32""}"
pr2-p32-c4096,target,sorted_order_strings_prefixes,Device=0 num_rows=262144 prefix_width=12 suffix_width=32 prefix_cardinality=1,False,False,3.0435135960578923,3.0329072117805485,3.0512239933013916,0.26019182154822046,10.814481735229492,"{""num_rows"": ""262144"", ""prefix_cardinality"": ""1"", ""prefix_width"": ""12"", ""suffix_width"": ""32""}"
pr2-p32-c4096,target,sorted_order_strings_prefixes,Device=0 num_rows=2097152 prefix_width=12 suffix_width=32 prefix_cardinality=1,False,False,27.03978223800659,26.920339012145995,27.05474882125855,0.098774164589521,86.83736610412598,"{""num_rows"": ""2097152"", ""prefix_cardinality"": ""1"", ""prefix_width"": ""12"", ""suffix_width"": ""32""}"
pr2-p32-c4096,target,sorted_order_strings_prefixes,Device=0 num_rows=262144 prefix_width=64 suffix_width=32 prefix_cardinality=1,False,False,14.365041637420658,14.292726373672483,14.377294301986694,0.10245425063713212,10.804566383361816,"{""num_rows"": ""262144"", ""prefix_cardinality"": ""1"", ""prefix_width"": ""64"", ""suffix_width"": ""32""}"
pr2-p32-c4096,target,sorted_order_strings_prefixes,Device=0 num_rows=2097152 prefix_width=64 suffix_width=32 prefix_cardinality=1,False,False,150.2407295227051,149.67095260620115,150.2971725463867,0.015387994075693757,86.37292575836182,"{""num_rows"": ""2097152"", ""prefix_cardinality"": ""1"", ""prefix_width"": ""64"", ""suffix_width"": ""32""}"
pr2-p32-c4096,target,sorted_order_strings_prefixes,Device=0 num_rows=262144 prefix_width=4 suffix_width=32 prefix_cardinality=64,False,False,0.3478848010301591,0.34564000070095063,0.35071680247783665,1.07034141101653,10.804566383361816,"{""num_rows"": ""262144"", ""prefix_cardinality"": ""64"", ""prefix_width"": ""4"", ""suffix_width"": ""32""}"
pr2-p32-c4096,target,sorted_order_strings_prefixes,Device=0 num_rows=2097152 prefix_width=4 suffix_width=32 prefix_cardinality=64,False,False,0.6063311964273451,0.5998400062322617,0.606894400715828,0.7235560063940939,86.37292575836182,"{""num_rows"": ""2097152"", ""prefix_cardinality"": ""64"", ""prefix_width"": ""4"", ""suffix_width"": ""32""}"
pr2-p32-c4096,target,sorted_order_strings_prefixes,Device=0 num_rows=262144 prefix_width=8 suffix_width=32 prefix_cardinality=64,False,False,0.6790240019559861,0.6713280022144319,0.6823392033576966,0.9480611384413161,10.804566383361816,"{""num_rows"": ""262144"", ""prefix_cardinality"": ""64"", ""prefix_width"": ""8"", ""suffix_width"": ""32""}"
pr2-p32-c4096,target,sorted_order_strings_prefixes,Device=0 num_rows=2097152 prefix_width=8 suffix_width=32 prefix_cardinality=64,False,False,1.4376864194869996,1.435550397634506,1.443804806470871,0.4147435744787567,86.37292575836182,"{""num_rows"": ""2097152"", ""prefix_cardinality"": ""64"", ""prefix_width"": ""8"", ""suffix_width"": ""32""}"
pr2-p32-c4096,target,sorted_order_strings_prefixes,Device=0 num_rows=262144 prefix_width=10 suffix_width=32 prefix_cardinality=64,False,False,0.7513584017753602,0.7477375984191895,0.7561680018901824,3.3975937040220145,10.804566383361816,"{""num_rows"": ""262144"", ""prefix_cardinality"": ""64"", ""prefix_width"": ""10"", ""suffix_width"": ""32""}"
pr2-p32-c4096,target,sorted_order_strings_prefixes,Device=0 num_rows=2097152 prefix_width=10 suffix_width=32 prefix_cardinality=64,False,False,1.3721967995166782,1.3690303981304168,1.3780975937843323,0.5191658420540106,86.37292575836182,"{""num_rows"": ""2097152"", ""prefix_cardinality"": ""64"", ""prefix_width"": ""10"", ""suffix_width"": ""32""}"
pr2-p32-c4096,target,sorted_order_strings_prefixes,Device=0 num_rows=262144 prefix_width=11 suffix_width=32 prefix_cardinality=64,False,False,0.7928783982992171,0.7908047944307328,0.8024112015962601,2.5689964215641696,10.804566383361816,"{""num_rows"": ""262144"", ""prefix_cardinality"": ""64"", ""prefix_width"": ""11"", ""suffix_width"": ""32""}"
pr2-p32-c4096,target,sorted_order_strings_prefixes,Device=0 num_rows=2097152 prefix_width=11 suffix_width=32 prefix_cardinality=64,False,False,1.3537168085575104,1.3461264014244079,1.3564079999923704,0.5076477988754263,86.37292575836182,"{""num_rows"": ""2097152"", ""prefix_cardinality"": ""64"", ""prefix_width"": ""11"", ""suffix_width"": ""32""}"
pr2-p32-c4096,target,sorted_order_strings_prefixes,Device=0 num_rows=262144 prefix_width=12 suffix_width=32 prefix_cardinality=64,False,False,0.8343871951103209,0.8281408011913298,0.8402736037969588,1.0410384767832555,10.804566383361816,"{""num_rows"": ""262144"", ""prefix_cardinality"": ""64"", ""prefix_width"": ""12"", ""suffix_width"": ""32""}"
pr2-p32-c4096,target,sorted_order_strings_prefixes,Device=0 num_rows=2097152 prefix_width=12 suffix_width=32 prefix_cardinality=64,False,False,1.3420127987861634,1.3321728110313413,1.342519998550415,2.1671869126081753,86.37292575836182,"{""num_rows"": ""2097152"", ""prefix_cardinality"": ""64"", ""prefix_width"": ""12"", ""suffix_width"": ""32""}"
pr2-p32-c4096,target,sorted_order_strings_prefixes,Device=0 num_rows=262144 prefix_width=64 suffix_width=32 prefix_cardinality=64,False,False,4.47624156475067,4.460646390914916,4.477249574661255,0.646961322030379,10.804566383361816,"{""num_rows"": ""262144"", ""prefix_cardinality"": ""64"", ""prefix_width"": ""64"", ""suffix_width"": ""32""}"
pr2-p32-c4096,target,sorted_order_strings_prefixes,Device=0 num_rows=2097152 prefix_width=64 suffix_width=32 prefix_cardinality=64,False,False,6.032475280761718,6.02521595954895,6.035031986236572,0.7949370415723624,86.37292575836182,"{""num_rows"": ""2097152"", ""prefix_cardinality"": ""64"", ""prefix_width"": ""64"", ""suffix_width"": ""32""}"
pr1-p32-c512,segments,sorted_order_strings_segments,Device=0 num_rows=32768 shared_suffix=0 segment_profile=singletons,False,False,0.1879040002822876,0.18771200031042098,0.19279039949178692,2.070248242076355,1.2340106964111328,"{""num_rows"": ""32768"", ""segment_profile"": ""singletons"", ""shared_suffix"": ""0""}"
pr1-p32-c512,segments,sorted_order_strings_segments,Device=0 num_rows=2097152 shared_suffix=0 segment_profile=singletons,False,False,0.39385760128498076,0.39193760156631463,0.619337612390518,160.3892771187491,78.42737007141113,"{""num_rows"": ""2097152"", ""segment_profile"": ""singletons"", ""shared_suffix"": ""0""}"
pr1-p32-c512,segments,sorted_order_strings_segments,Device=0 num_rows=32768 shared_suffix=64 segment_profile=singletons,False,False,0.22441919967532156,0.22324160262942316,0.22651360034942622,2.466573931507352,1.2340106964111328,"{""num_rows"": ""32768"", ""segment_profile"": ""singletons"", ""shared_suffix"": ""64""}"
pr1-p32-c512,segments,sorted_order_strings_segments,Device=0 num_rows=2097152 shared_suffix=64 segment_profile=singletons,False,False,0.4795392036437989,0.47643200010061265,0.47998400032520283,0.7259660725361449,78.42737007141113,"{""num_rows"": ""2097152"", ""segment_profile"": ""singletons"", ""shared_suffix"": ""64""}"
pr1-p32-c512,segments,sorted_order_strings_segments,Device=0 num_rows=32768 shared_suffix=0 segment_profile=pairs,False,False,0.5335775941610337,0.5298624068498612,0.5354607999324797,0.7456934798203226,1.6575984954833984,"{""num_rows"": ""32768"", ""segment_profile"": ""pairs"", ""shared_suffix"": ""0""}"
pr1-p32-c512,segments,sorted_order_strings_segments,Device=0 num_rows=2097152 shared_suffix=0 segment_profile=pairs,False,False,13.312007904052733,13.307324790954592,13.347651243209839,0.10682957786712932,106.0628719329834,"{""num_rows"": ""2097152"", ""segment_profile"": ""pairs"", ""shared_suffix"": ""0""}"
pr1-p32-c512,segments,sorted_order_strings_segments,Device=0 num_rows=32768 shared_suffix=64 segment_profile=pairs,False,False,0.6613952040672303,0.6587344020605086,0.6713807910680772,0.7872068643860678,1.6575984954833984,"{""num_rows"": ""32768"", ""segment_profile"": ""pairs"", ""shared_suffix"": ""64""}"
pr1-p32-c512,segments,sorted_order_strings_segments,Device=0 num_rows=2097152 shared_suffix=64 segment_profile=pairs,False,False,20.502873325347903,20.481959915161127,20.57567348480224,0.06436554472193666,106.0628719329834,"{""num_rows"": ""2097152"", ""segment_profile"": ""pairs"", ""shared_suffix"": ""64""}"
pr1-p32-c512,segments,sorted_order_strings_segments,Device=0 num_rows=32768 shared_suffix=0 segment_profile=tiny4,False,False,0.4729904010891915,0.47200480103492737,0.47896799892187114,0.7599450990777421,1.5013484954833984,"{""num_rows"": ""32768"", ""segment_profile"": ""tiny4"", ""shared_suffix"": ""0""}"
pr1-p32-c512,segments,sorted_order_strings_segments,Device=0 num_rows=2097152 shared_suffix=0 segment_profile=tiny4,False,False,8.568825674057006,8.561937570571898,8.590812873840333,0.08458307284868267,96.0628719329834,"{""num_rows"": ""2097152"", ""segment_profile"": ""tiny4"", ""shared_suffix"": ""0""}"
pr1-p32-c512,segments,sorted_order_strings_segments,Device=0 num_rows=32768 shared_suffix=64 segment_profile=tiny4,False,False,0.6904240012168885,0.6881471991539002,0.7050976037979126,2.3973993143416625,1.5013484954833984,"{""num_rows"": ""32768"", ""segment_profile"": ""tiny4"", ""shared_suffix"": ""64""}"
pr1-p32-c512,segments,sorted_order_strings_segments,Device=0 num_rows=2097152 shared_suffix=64 segment_profile=tiny4,False,False,20.836672210693358,20.827948665618898,20.946692752838135,0.09243557776496741,96.0628719329834,"{""num_rows"": ""2097152"", ""segment_profile"": ""tiny4"", ""shared_suffix"": ""64""}"
pr1-p32-c512,segments,sorted_order_strings_segments,Device=0 num_rows=32768 shared_suffix=0 segment_profile=tiny8,False,False,0.3648464024066925,0.36174080371856693,0.36683359891176226,0.9840590480996512,1.4232234954833984,"{""num_rows"": ""32768"", ""segment_profile"": ""tiny8"", ""shared_suffix"": ""0""}"
pr1-p32-c512,segments,sorted_order_strings_segments,Device=0 num_rows=2097152 shared_suffix=0 segment_profile=tiny8,False,False,5.717150402069092,5.71188476085663,5.728655982017518,0.09986918322932646,91.0628719329834,"{""num_rows"": ""2097152"", ""segment_profile"": ""tiny8"", ""shared_suffix"": ""0""}"
pr1-p32-c512,segments,sorted_order_strings_segments,Device=0 num_rows=32768 shared_suffix=64 segment_profile=tiny8,False,False,0.6055824041366578,0.6026624023914336,0.6077280014753341,2.036432807242917,1.4232234954833984,"{""num_rows"": ""32768"", ""segment_profile"": ""tiny8"", ""shared_suffix"": ""64""}"
pr1-p32-c512,segments,sorted_order_strings_segments,Device=0 num_rows=2097152 shared_suffix=64 segment_profile=tiny8,False,False,19.258336067199707,19.254257488250733,19.36804304122925,0.05747494440603494,91.0628719329834,"{""num_rows"": ""2097152"", ""segment_profile"": ""tiny8"", ""shared_suffix"": ""64""}"
pr1-p32-c512,segments,sorted_order_strings_segments,Device=0 num_rows=32768 shared_suffix=0 segment_profile=tiny16,False,False,0.3428240016102791,0.3392767995595931,0.3459119990468025,0.8678375556889155,1.3841609954833984,"{""num_rows"": ""32768"", ""segment_profile"": ""tiny16"", ""shared_suffix"": ""0""}"
pr1-p32-c512,segments,sorted_order_strings_segments,Device=0 num_rows=2097152 shared_suffix=0 segment_profile=tiny16,False,False,4.0689759969711305,4.065275263786317,4.078523206710816,0.14513864890937153,88.5628719329834,"{""num_rows"": ""2097152"", ""segment_profile"": ""tiny16"", ""shared_suffix"": ""0""}"
pr1-p32-c512,segments,sorted_order_strings_segments,Device=0 num_rows=32768 shared_suffix=64 segment_profile=tiny16,False,False,0.5639200031757354,0.5614368051290514,0.5658911973237992,0.7929171408709915,1.3841609954833984,"{""num_rows"": ""32768"", ""segment_profile"": ""tiny16"", ""shared_suffix"": ""64""}"
pr1-p32-c512,segments,sorted_order_strings_segments,Device=0 num_rows=2097152 shared_suffix=64 segment_profile=tiny16,False,False,16.4109055519104,16.40393447875977,16.508281612396242,0.06771359523140258,88.5628719329834,"{""num_rows"": ""2097152"", ""segment_profile"": ""tiny16"", ""shared_suffix"": ""64""}"
pr1-p32-c512,segments,sorted_order_strings_segments,Device=0 num_rows=32768 shared_suffix=0 segment_profile=tiny32,False,False,0.3315087988972664,0.32972960025072096,0.3353295981884003,0.9114347946069445,1.3646297454833984,"{""num_rows"": ""32768"", ""segment_profile"": ""tiny32"", ""shared_suffix"": ""0""}"
pr1-p32-c512,segments,sorted_order_strings_segments,Device=0 num_rows=2097152 shared_suffix=0 segment_profile=tiny32,False,False,3.0125744104385372,3.0095360040664674,3.013948798179627,0.20084723090950984,87.3128719329834,"{""num_rows"": ""2097152"", ""segment_profile"": ""tiny32"", ""shared_suffix"": ""0""}"
pr1-p32-c512,segments,sorted_order_strings_segments,Device=0 num_rows=32768 shared_suffix=64 segment_profile=tiny32,False,False,0.5267904043197632,0.5201456040143966,0.5279311984777451,1.4209117842499797,1.3646297454833984,"{""num_rows"": ""32768"", ""segment_profile"": ""tiny32"", ""shared_suffix"": ""64""}"
pr1-p32-c512,segments,sorted_order_strings_segments,Device=0 num_rows=2097152 shared_suffix=64 segment_profile=tiny32,False,False,13.134547233581543,13.12640795707703,13.204710483551024,0.04533074798540267,87.3128719329834,"{""num_rows"": ""2097152"", ""segment_profile"": ""tiny32"", ""shared_suffix"": ""64""}"
pr1-p32-c512,segments,sorted_order_strings_segments,Device=0 num_rows=32768 shared_suffix=0 segment_profile=block256,False,False,0.36397919952869406,0.3599648013710976,0.37887999862432487,9.751533784396562,1.3592538833618164,"{""num_rows"": ""32768"", ""segment_profile"": ""block256"", ""shared_suffix"": ""0""}"
pr1-p32-c512,segments,sorted_order_strings_segments,Device=0 num_rows=2097152 shared_suffix=0 segment_profile=block256,False,False,1.7871055960655216,1.7856383979320523,1.7905791878700252,0.49834228234555855,86.42761325836182,"{""num_rows"": ""2097152"", ""segment_profile"": ""block256"", ""shared_suffix"": ""0""}"
pr1-p32-c512,segments,sorted_order_strings_segments,Device=0 num_rows=32768 shared_suffix=64 segment_profile=block256,False,False,0.664004796743393,0.660275200009346,0.6655120015144349,2.19782419789307,1.3592538833618164,"{""num_rows"": ""32768"", ""segment_profile"": ""block256"", ""shared_suffix"": ""64""}"
pr1-p32-c512,segments,sorted_order_strings_segments,Device=0 num_rows=2097152 shared_suffix=64 segment_profile=block256,False,False,10.290964889526366,10.288441419601439,10.354836845397951,0.1486005145011138,86.42761325836182,"{""num_rows"": ""2097152"", ""segment_profile"": ""block256"", ""shared_suffix"": ""64""}"
pr1-p32-c512,segments,sorted_order_strings_segments,Device=0 num_rows=32768 shared_suffix=0 segment_profile=logarithmic,False,False,0.6028815984725951,0.5993760019540786,0.6134799987077714,0.6986625929453868,1.4554004669189453,"{""num_rows"": ""32768"", ""segment_profile"": ""logarithmic"", ""shared_suffix"": ""0""}"
pr1-p32-c512,segments,sorted_order_strings_segments,Device=0 num_rows=2097152 shared_suffix=0 segment_profile=logarithmic,False,False,5.68475203514099,5.67894241809845,5.688107204437255,0.19014640734522137,93.0735034942627,"{""num_rows"": ""2097152"", ""segment_profile"": ""logarithmic"", ""shared_suffix"": ""0""}"
pr1-p32-c512,segments,sorted_order_strings_segments,Device=0 num_rows=32768 shared_suffix=64 segment_profile=logarithmic,False,False,1.9113200008869171,1.871099197864532,1.914947199821472,1.3710778769812957,1.4554004669189453,"{""num_rows"": ""32768"", ""segment_profile"": ""logarithmic"", ""shared_suffix"": ""64""}"
pr1-p32-c512,segments,sorted_order_strings_segments,Device=0 num_rows=2097152 shared_suffix=64 segment_profile=logarithmic,False,False,10.52861270904541,10.479348897933962,10.529236841201783,0.3472462402461335,93.0735034942627,"{""num_rows"": ""2097152"", ""segment_profile"": ""logarithmic"", ""shared_suffix"": ""64""}"
pr1-p32-c512,segments,sorted_order_strings_segments,Device=0 num_rows=32768 shared_suffix=0 segment_profile=tiny_plus_giant,False,False,0.47624319493770606,0.4734991952776909,0.4816560000181198,1.586202193318777,1.3711719512939453,"{""num_rows"": ""32768"", ""segment_profile"": ""tiny_plus_giant"", ""shared_suffix"": ""0""}"
pr1-p32-c512,segments,sorted_order_strings_segments,Device=0 num_rows=2097152 shared_suffix=0 segment_profile=tiny_plus_giant,False,False,5.063915205001832,5.061342430114745,5.075803208351133,0.7124109563652541,87.37861824035645,"{""num_rows"": ""2097152"", ""segment_profile"": ""tiny_plus_giant"", ""shared_suffix"": ""0""}"
pr1-p32-c512,segments,sorted_order_strings_segments,Device=0 num_rows=32768 shared_suffix=64 segment_profile=tiny_plus_giant,False,False,1.488148790597916,1.45488800406456,1.4978015959262847,0.8088535583931435,1.3711719512939453,"{""num_rows"": ""32768"", ""segment_profile"": ""tiny_plus_giant"", ""shared_suffix"": ""64""}"
pr1-p32-c512,segments,sorted_order_strings_segments,Device=0 num_rows=2097152 shared_suffix=64 segment_profile=tiny_plus_giant,False,False,24.09937896728516,24.061489772796627,24.222596740722654,0.08436883019027723,87.37861824035645,"{""num_rows"": ""2097152"", ""segment_profile"": ""tiny_plus_giant"", ""shared_suffix"": ""64""}"
pr1-p32-c512,segments,sorted_order_strings_segments,Device=0 num_rows=32768 shared_suffix=0 segment_profile=hot90,False,False,0.8438639998435974,0.8395664036273955,0.8518511980772018,0.4402033437398188,1.4980297088623047,"{""num_rows"": ""32768"", ""segment_profile"": ""hot90"", ""shared_suffix"": ""0""}"
pr1-p32-c512,segments,sorted_order_strings_segments,Device=0 num_rows=2097152 shared_suffix=0 segment_profile=hot90,False,False,22.649912071228027,22.64484167098999,22.755358409881588,0.06083376488516172,86.42761325836182,"{""num_rows"": ""2097152"", ""segment_profile"": ""hot90"", ""shared_suffix"": ""0""}"
pr1-p32-c512,segments,sorted_order_strings_segments,Device=0 num_rows=32768 shared_suffix=64 segment_profile=hot90,False,False,2.892161595821381,2.8724656105041504,2.9068799972534185,1.6285240867495852,1.4980297088623047,"{""num_rows"": ""32768"", ""segment_profile"": ""hot90"", ""shared_suffix"": ""64""}"
pr1-p32-c512,segments,sorted_order_strings_segments,Device=0 num_rows=2097152 shared_suffix=64 segment_profile=hot90,False,False,137.56116104125977,137.54857101440427,138.0959831237793,0.023139801135772003,86.42761325836182,"{""num_rows"": ""2097152"", ""segment_profile"": ""hot90"", ""shared_suffix"": ""64""}"
pr1-p32-c512,segments,sorted_order_strings_segments,Device=0 num_rows=32768 shared_suffix=0 segment_profile=few_giants,False,False,0.4325487986207009,0.4307519972324371,0.436742402613163,1.3959174555102851,1.3643245697021484,"{""num_rows"": ""32768"", ""segment_profile"": ""few_giants"", ""shared_suffix"": ""0""}"
pr1-p32-c512,segments,sorted_order_strings_segments,Device=0 num_rows=2097152 shared_suffix=0 segment_profile=few_giants,False,False,4.082399988174439,4.0816511631011965,4.091518449783325,0.46632434638666925,88.43752098083496,"{""num_rows"": ""2097152"", ""segment_profile"": ""few_giants"", ""shared_suffix"": ""0""}"
pr1-p32-c512,segments,sorted_order_strings_segments,Device=0 num_rows=32768 shared_suffix=64 segment_profile=few_giants,False,False,1.3960559964179993,1.3799823880195616,1.401078391075134,1.1596853448290774,1.3643245697021484,"{""num_rows"": ""32768"", ""segment_profile"": ""few_giants"", ""shared_suffix"": ""64""}"
pr1-p32-c512,segments,sorted_order_strings_segments,Device=0 num_rows=2097152 shared_suffix=64 segment_profile=few_giants,False,False,15.368767976760862,15.36683521270752,15.42367520332336,0.09343983327019346,88.43752098083496,"{""num_rows"": ""2097152"", ""segment_profile"": ""few_giants"", ""shared_suffix"": ""64""}"
pr1-p32-c512,segments,sorted_order_strings_segments,Device=0 num_rows=32768 shared_suffix=0 segment_profile=one_segment,False,False,0.8503792017698288,0.8468784034252168,0.8621984034776689,1.1062548876432163,1.505086898803711,"{""num_rows"": ""32768"", ""segment_profile"": ""one_segment"", ""shared_suffix"": ""0""}"
pr1-p32-c512,segments,sorted_order_strings_segments,Device=0 num_rows=2097152 shared_suffix=0 segment_profile=one_segment,False,False,25.01663818359374,25.01017093658447,25.146502399444575,0.27146567575729863,86.42761325836182,"{""num_rows"": ""2097152"", ""segment_profile"": ""one_segment"", ""shared_suffix"": ""0""}"
pr1-p32-c512,segments,sorted_order_strings_segments,Device=0 num_rows=32768 shared_suffix=64 segment_profile=one_segment,False,False,2.966751992702484,2.920342409610748,2.969395184516906,1.5449179284093193,1.505086898803711,"{""num_rows"": ""32768"", ""segment_profile"": ""one_segment"", ""shared_suffix"": ""64""}"
pr1-p32-c512,segments,sorted_order_strings_segments,Device=0 num_rows=2097152 shared_suffix=64 segment_profile=one_segment,False,False,153.89322509765626,153.87528228759766,154.4360176086426,0.02871321163762731,86.42761325836182,"{""num_rows"": ""2097152"", ""segment_profile"": ""one_segment"", ""shared_suffix"": ""64""}"
baseline,stable-warps-0,sorted_order_strings_segments,Device=0 num_rows=32768 shared_suffix=0 segment_profile=pairs,True,False,0.15719360187649725,0.156580800563097,0.15935999974608417,2.5221585277436653,1.1391592025756836,"{""num_rows"": ""32768"", ""segment_profile"": ""pairs"", ""shared_suffix"": ""0""}"
baseline,stable-warps-0,sorted_order_strings_segments,Device=0 num_rows=2097152 shared_suffix=0 segment_profile=pairs,True,False,0.6550959944725038,0.6512928038835524,0.6633312076330183,1.2080253244226318,72.36474514007568,"{""num_rows"": ""2097152"", ""segment_profile"": ""pairs"", ""shared_suffix"": ""0""}"
baseline,stable-warps-0,sorted_order_strings_segments,Device=0 num_rows=32768 shared_suffix=64 segment_profile=pairs,True,False,0.1636927992105484,0.1608287990093231,0.16483520120382308,3.3712887632568753,1.1391592025756836,"{""num_rows"": ""32768"", ""segment_profile"": ""pairs"", ""shared_suffix"": ""64""}"
baseline,stable-warps-0,sorted_order_strings_segments,Device=0 num_rows=2097152 shared_suffix=64 segment_profile=pairs,True,False,0.8633087962865831,0.856911998987198,0.8633632004261017,0.8820569345945449,72.36474514007568,"{""num_rows"": ""2097152"", ""segment_profile"": ""pairs"", ""shared_suffix"": ""64""}"
baseline,stable-warps-0,sorted_order_strings_segments,Device=0 num_rows=32768 shared_suffix=0 segment_profile=tiny4,True,False,0.15764640048146245,0.1561695992946625,0.15939039885997774,1.5407353304627118,1.1391592025756836,"{""num_rows"": ""32768"", ""segment_profile"": ""tiny4"", ""shared_suffix"": ""0""}"
baseline,stable-warps-0,sorted_order_strings_segments,Device=0 num_rows=2097152 shared_suffix=0 segment_profile=tiny4,True,False,0.6195312052965165,0.6184095948934556,0.6248848021030426,0.9297668461441665,72.36474514007568,"{""num_rows"": ""2097152"", ""segment_profile"": ""tiny4"", ""shared_suffix"": ""0""}"
baseline,stable-warps-0,sorted_order_strings_segments,Device=0 num_rows=32768 shared_suffix=64 segment_profile=tiny4,True,False,0.17339360043406488,0.1721760004758835,0.17511199787259102,1.7726440724478338,1.1391592025756836,"{""num_rows"": ""32768"", ""segment_profile"": ""tiny4"", ""shared_suffix"": ""64""}"
baseline,stable-warps-0,sorted_order_strings_segments,Device=0 num_rows=2097152 shared_suffix=64 segment_profile=tiny4,True,False,1.062766408920288,1.0599999964237214,1.0646880030632022,0.5124704596913064,72.36474514007568,"{""num_rows"": ""2097152"", ""segment_profile"": ""tiny4"", ""shared_suffix"": ""64""}"
baseline,stable-warps-0,sorted_order_strings_segments,Device=0 num_rows=32768 shared_suffix=0 segment_profile=tiny8,True,False,0.167288002371788,0.16679039895534514,0.1686751998960972,1.2462846057674826,1.1391592025756836,"{""num_rows"": ""32768"", ""segment_profile"": ""tiny8"", ""shared_suffix"": ""0""}"
baseline,stable-warps-0,sorted_order_strings_segments,Device=0 num_rows=2097152 shared_suffix=0 segment_profile=tiny8,True,False,0.7095119923353194,0.7041679918766023,0.7117359876632691,0.6729991218926278,72.36474514007568,"{""num_rows"": ""2097152"", ""segment_profile"": ""tiny8"", ""shared_suffix"": ""0""}"
baseline,stable-warps-0,sorted_order_strings_segments,Device=0 num_rows=32768 shared_suffix=64 segment_profile=tiny8,True,False,0.19202720150351524,0.19177760034799576,0.19380639940500263,1.9023349101215508,1.1391592025756836,"{""num_rows"": ""32768"", ""segment_profile"": ""tiny8"", ""shared_suffix"": ""64""}"
baseline,stable-warps-0,sorted_order_strings_segments,Device=0 num_rows=2097152 shared_suffix=64 segment_profile=tiny8,True,False,1.5048335909843442,1.497564798593521,1.5055040121078491,0.3936151049882687,72.36474514007568,"{""num_rows"": ""2097152"", ""segment_profile"": ""tiny8"", ""shared_suffix"": ""64""}"
baseline,stable-warps-0,sorted_order_strings_segments,Device=0 num_rows=32768 shared_suffix=0 segment_profile=tiny16,True,False,0.1735952004790306,0.1718896009027958,0.17569279968738555,2.1606328354953144,1.1391592025756836,"{""num_rows"": ""32768"", ""segment_profile"": ""tiny16"", ""shared_suffix"": ""0""}"
baseline,stable-warps-0,sorted_order_strings_segments,Device=0 num_rows=2097152 shared_suffix=0 segment_profile=tiny16,True,False,0.8056144028902055,0.8020576000213624,0.8056448072195054,0.5579364420677894,72.36474514007568,"{""num_rows"": ""2097152"", ""segment_profile"": ""tiny16"", ""shared_suffix"": ""0""}"
baseline,stable-warps-0,sorted_order_strings_segments,Device=0 num_rows=32768 shared_suffix=64 segment_profile=tiny16,True,False,0.209356801956892,0.20617279931902885,0.21014080196619037,1.8346072001454297,1.1391592025756836,"{""num_rows"": ""32768"", ""segment_profile"": ""tiny16"", ""shared_suffix"": ""64""}"
baseline,stable-warps-0,sorted_order_strings_segments,Device=0 num_rows=2097152 shared_suffix=64 segment_profile=tiny16,True,False,1.9887920022010805,1.9843007981777192,2.18854238986969,42.75415744486924,72.36474514007568,"{""num_rows"": ""2097152"", ""segment_profile"": ""tiny16"", ""shared_suffix"": ""64""}"
baseline,stable-warps-0,sorted_order_strings_segments,Device=0 num_rows=32768 shared_suffix=0 segment_profile=tiny32,True,False,0.1760175988078117,0.1744431994855404,0.17755040004849434,2.093318265830062,1.1391592025756836,"{""num_rows"": ""32768"", ""segment_profile"": ""tiny32"", ""shared_suffix"": ""0""}"
baseline,stable-warps-0,sorted_order_strings_segments,Device=0 num_rows=2097152 shared_suffix=0 segment_profile=tiny32,True,False,0.9330320000648498,0.9281552016735077,0.9337728023529054,0.34879667569422174,72.36474514007568,"{""num_rows"": ""2097152"", ""segment_profile"": ""tiny32"", ""shared_suffix"": ""0""}"
baseline,stable-warps-0,sorted_order_strings_segments,Device=0 num_rows=32768 shared_suffix=64 segment_profile=tiny32,True,False,0.22466880083084106,0.2226000003516674,0.22468639984726907,1.2405994427377822,1.1391592025756836,"{""num_rows"": ""32768"", ""segment_profile"": ""tiny32"", ""shared_suffix"": ""64""}"
baseline,stable-warps-0,sorted_order_strings_segments,Device=0 num_rows=2097152 shared_suffix=64 segment_profile=tiny32,True,False,2.517145597934723,2.51288161277771,2.5282735705375674,0.2521563341740026,72.36474514007568,"{""num_rows"": ""2097152"", ""segment_profile"": ""tiny32"", ""shared_suffix"": ""64""}"
pr2-p32-c4096,pr-diagnostics,sorted_order_strings_segmented_diagnostics,Device=0 num_rows=262144 profile=finish_257,False,False,0.34255839735269544,0.3399824023246766,0.34789600074291227,1.301742923470368,9.804346084594727,"{""num_rows"": ""262144"", ""profile"": ""finish_257""}"
pr2-p32-c4096,pr-diagnostics,sorted_order_strings_segmented_diagnostics,Device=0 num_rows=2097152 profile=finish_257,False,False,0.5454144060611725,0.5421120017766953,0.5470544010400772,0.7231725901059729,78.37270545959473,"{""num_rows"": ""2097152"", ""profile"": ""finish_257""}"
pr2-p32-c4096,pr-diagnostics,sorted_order_strings_segmented_diagnostics,Device=0 num_rows=262144 profile=finish_1024,False,False,0.395236799120903,0.395048001408577,0.4018207997083664,2.776869353598451,9.804365158081055,"{""num_rows"": ""262144"", ""profile"": ""finish_1024""}"
pr2-p32-c4096,pr-diagnostics,sorted_order_strings_segmented_diagnostics,Device=0 num_rows=2097152 profile=finish_1024,False,False,0.59303839802742,0.5843071997165681,0.5936624050140381,2.952429839663231,78.37272453308105,"{""num_rows"": ""2097152"", ""profile"": ""finish_1024""}"
pr2-p32-c4096,pr-diagnostics,sorted_order_strings_segmented_diagnostics,Device=0 num_rows=262144 profile=finish_4096,False,False,0.5292879998683929,0.5236656069755555,0.5308768004179002,1.0982378326546458,9.80456829071045,"{""num_rows"": ""262144"", ""profile"": ""finish_4096""}"
pr2-p32-c4096,pr-diagnostics,sorted_order_strings_segmented_diagnostics,Device=0 num_rows=2097152 profile=finish_4096,False,False,0.7395904004573822,0.7348560005426406,0.7440383970737457,0.8278322467928926,78.37292766571045,"{""num_rows"": ""2097152"", ""profile"": ""finish_4096""}"
pr2-p32-c4096,pr-diagnostics,sorted_order_strings_segmented_diagnostics,Device=0 num_rows=262144 profile=active_50,False,False,1.4554272055625914,1.4458032011985777,1.4565967917442324,1.4429662091610505,9.80456829071045,"{""num_rows"": ""262144"", ""profile"": ""active_50""}"
pr2-p32-c4096,pr-diagnostics,sorted_order_strings_segmented_diagnostics,Device=0 num_rows=2097152 profile=active_50,False,False,10.8703631401062,10.803852891921995,10.871135902404784,0.16976221800533212,78.37292766571045,"{""num_rows"": ""2097152"", ""profile"": ""active_50""}"
pr2-p32-c4096,pr-diagnostics,sorted_order_strings_segmented_diagnostics,Device=0 num_rows=262144 profile=active_10,False,False,0.5294351994991302,0.5276383996009827,0.5297375977039336,8.055987183957386,9.80456829071045,"{""num_rows"": ""262144"", ""profile"": ""active_10""}"
pr2-p32-c4096,pr-diagnostics,sorted_order_strings_segmented_diagnostics,Device=0 num_rows=2097152 profile=active_10,False,False,2.432750368118286,2.416660785675049,2.4360095977783205,0.8413419860883317,78.37292766571045,"{""num_rows"": ""2097152"", ""profile"": ""active_10""}"
pr2-p32-c4096,pr-diagnostics,sorted_order_strings_segmented_diagnostics,Device=0 num_rows=262144 profile=active_1,False,False,0.3157743990421295,0.3135999977588653,0.31645919978618625,1.0529119230069888,9.804441452026367,"{""num_rows"": ""262144"", ""profile"": ""active_1""}"
pr2-p32-c4096,pr-diagnostics,sorted_order_strings_segmented_diagnostics,Device=0 num_rows=2097152 profile=active_1,False,False,0.7125727891921997,0.6696336001157761,0.7212128102779388,27.721529779807693,78.37292766571045,"{""num_rows"": ""2097152"", ""profile"": ""active_1""}"
pr2-p32-c4096,pr-diagnostics,sorted_order_strings_segmented_diagnostics,Device=0 num_rows=262144 profile=active_0_1,False,False,0.2832384005188942,0.2822127997875214,0.2838944017887115,1.2665408399178848,9.804346084594727,"{""num_rows"": ""262144"", ""profile"": ""active_0_1""}"
pr2-p32-c4096,pr-diagnostics,sorted_order_strings_segmented_diagnostics,Device=0 num_rows=2097152 profile=active_0_1,False,False,0.4925328001379967,0.4893760010600089,0.49515039622783663,0.9199247765678595,78.37278175354004,"{""num_rows"": ""2097152"", ""profile"": ""active_0_1""}"
pr2-p32-c4096,pr-diagnostics,sorted_order_strings_segmented_diagnostics,Device=0 num_rows=262144 profile=duplicates_6,False,False,0.2176176004111767,0.21193920001387595,0.218681600689888,5.8586175135086815,10.804566383361816,"{""num_rows"": ""262144"", ""profile"": ""duplicates_6""}"
pr2-p32-c4096,pr-diagnostics,sorted_order_strings_segmented_diagnostics,Device=0 num_rows=2097152 profile=duplicates_6,False,False,0.3811648026108741,0.3794767990708351,0.38505920022726053,0.9740485151924411,86.37292575836182,"{""num_rows"": ""2097152"", ""profile"": ""duplicates_6""}"
pr2-p32-c4096,pr-diagnostics,sorted_order_strings_segmented_diagnostics,Device=0 num_rows=262144 profile=duplicates_8,False,False,0.21674239933490755,0.21392640024423598,0.21915040090680124,1.6933026950816623,10.804566383361816,"{""num_rows"": ""262144"", ""profile"": ""duplicates_8""}"
pr2-p32-c4096,pr-diagnostics,sorted_order_strings_segmented_diagnostics,Device=0 num_rows=2097152 profile=duplicates_8,False,False,0.38483199626207354,0.3808960020542145,0.39166560173034665,1.3867795387026898,86.37292575836182,"{""num_rows"": ""2097152"", ""profile"": ""duplicates_8""}"
pr2-p32-c4096,pr-diagnostics,sorted_order_strings_segmented_diagnostics,Device=0 num_rows=262144 profile=duplicates_12,False,False,0.3348576009273529,0.3321999996900558,0.3355824008584023,1.2694155900850426,10.804566383361816,"{""num_rows"": ""262144"", ""profile"": ""duplicates_12""}"
pr2-p32-c4096,pr-diagnostics,sorted_order_strings_segmented_diagnostics,Device=0 num_rows=2097152 profile=duplicates_12,False,False,0.9169792026281359,0.9097632020711899,0.9184415966272351,0.98321543607015,86.37292575836182,"{""num_rows"": ""2097152"", ""profile"": ""duplicates_12""}"
pr2-p32-c4096,pr-diagnostics,sorted_order_strings_segmented_diagnostics,Device=0 num_rows=262144 profile=duplicates_16,False,False,0.33474240154027934,0.3323040023446082,0.3361567988991737,1.2298978777365428,10.804566383361816,"{""num_rows"": ""262144"", ""profile"": ""duplicates_16""}"
pr2-p32-c4096,pr-diagnostics,sorted_order_strings_segmented_diagnostics,Device=0 num_rows=2097152 profile=duplicates_16,False,False,0.9113536059856415,0.9085471987724306,0.9205312013626099,0.9117545752510827,86.37292575836182,"{""num_rows"": ""2097152"", ""profile"": ""duplicates_16""}"
pr2-p32-c4096,pr-diagnostics,sorted_order_strings_segmented_diagnostics,Device=0 num_rows=262144 profile=duplicates_24,False,False,0.45493919700384144,0.4487439990043639,0.4587696000933647,2.7067850016586545,10.804566383361816,"{""num_rows"": ""262144"", ""profile"": ""duplicates_24""}"
pr2-p32-c4096,pr-diagnostics,sorted_order_strings_segmented_diagnostics,Device=0 num_rows=2097152 profile=duplicates_24,False,False,1.4473327994346614,1.4449407935142518,1.4515487909317017,0.7372182311710236,86.37292575836182,"{""num_rows"": ""2097152"", ""profile"": ""duplicates_24""}"
pr2-p32-c4096,pr-diagnostics,sorted_order_strings_segmented_diagnostics,Device=0 num_rows=262144 profile=duplicates_32,False,False,0.5696655988693238,0.5660800009965897,0.5761776000261307,4.233535073184171,10.804566383361816,"{""num_rows"": ""262144"", ""profile"": ""duplicates_32""}"
pr2-p32-c4096,pr-diagnostics,sorted_order_strings_segmented_diagnostics,Device=0 num_rows=2097152 profile=duplicates_32,False,False,2.0136111915111545,2.0041039884090424,2.02241438627243,0.48709819824512707,86.37292575836182,"{""num_rows"": ""2097152"", ""profile"": ""duplicates_32""}"
pr2-p32-c4096,pr-diagnostics,sorted_order_strings_segmented_diagnostics,Device=0 num_rows=262144 profile=rle_misaligned,False,False,9.00425763130188,8.945945501327518,9.004636669158934,0.18285768499635852,10.829473495483398,"{""num_rows"": ""262144"", ""profile"": ""rle_misaligned""}"
pr2-p32-c4096,pr-diagnostics,sorted_order_strings_segmented_diagnostics,Device=0 num_rows=2097152 profile=rle_misaligned,False,False,91.71793060302734,91.36428642272948,91.72749252319336,0.06629013227048496,86.37292575836182,"{""num_rows"": ""2097152"", ""profile"": ""rle_misaligned""}"
baseline,target,sorted_order_strings_cardinality,Device=0 num_rows=262144 max_width=32 cardinality=1,False,False,0.007953600049950181,0.00698399997781962,0.00804319998715073,17.042335839524277,1.0,"{""cardinality"": ""1"", ""max_width"": ""32"", ""num_rows"": ""262144""}"
baseline,target,sorted_order_strings_cardinality,Device=0 num_rows=2097152 max_width=32 cardinality=1,False,False,0.008592000044882298,0.008422399824485182,0.008796799974516035,13.530349591922977,8.0,"{""cardinality"": ""1"", ""max_width"": ""32"", ""num_rows"": ""2097152""}"
baseline,target,sorted_order_strings_cardinality,Device=0 num_rows=262144 max_width=128 cardinality=1,False,False,1.0241743803024297,1.023115199804306,1.0394880056381226,0.2821171205161527,9.053221702575684,"{""cardinality"": ""1"", ""max_width"": ""128"", ""num_rows"": ""262144""}"
baseline,target,sorted_order_strings_cardinality,Device=0 num_rows=2097152 max_width=128 cardinality=1,False,False,7.096726417541506,7.093084788322448,7.141947150230409,0.41308019106001775,72.36474514007568,"{""cardinality"": ""1"", ""max_width"": ""128"", ""num_rows"": ""2097152""}"
baseline,target,sorted_order_strings_cardinality,Device=0 num_rows=262144 max_width=32 cardinality=64,False,False,0.44882879853248603,0.44873760044574734,0.4528399989008904,2.1107981057087204,9.053221702575684,"{""cardinality"": ""64"", ""max_width"": ""32"", ""num_rows"": ""262144""}"
baseline,target,sorted_order_strings_cardinality,Device=0 num_rows=2097152 max_width=32 cardinality=64,False,False,2.1122719883918766,2.1107488036155697,2.1494303822517398,1.6685007186246763,72.36474514007568,"{""cardinality"": ""64"", ""max_width"": ""32"", ""num_rows"": ""2097152""}"
baseline,target,sorted_order_strings_cardinality,Device=0 num_rows=262144 max_width=128 cardinality=64,False,False,0.9968559920787812,0.9880959987640383,1.0070864021778105,2.7018402572342373,9.053221702575684,"{""cardinality"": ""64"", ""max_width"": ""128"", ""num_rows"": ""262144""}"
baseline,target,sorted_order_strings_cardinality,Device=0 num_rows=2097152 max_width=128 cardinality=64,False,False,6.131708836555481,6.074708771705627,6.151051235198975,1.8649897502147819,72.36474514007568,"{""cardinality"": ""64"", ""max_width"": ""128"", ""num_rows"": ""2097152""}"
baseline,target,sorted_order_strings_cardinality,Device=0 num_rows=262144 max_width=32 cardinality=0,False,False,0.36252480149269106,0.25973279774188995,0.3879551962018013,146.9609213105411,9.053221702575684,"{""cardinality"": ""0"", ""max_width"": ""32"", ""num_rows"": ""262144""}"
baseline,target,sorted_order_strings_cardinality,Device=0 num_rows=2097152 max_width=32 cardinality=0,False,False,0.5244063973426819,0.5235615938901901,0.5334879994392395,0.7203625402565008,72.36474514007568,"{""cardinality"": ""0"", ""max_width"": ""32"", ""num_rows"": ""2097152""}"
baseline,target,sorted_order_strings_cardinality,Device=0 num_rows=262144 max_width=128 cardinality=0,False,False,0.25919679850339894,0.25693440139293666,0.2662128016352654,4.430267758667736,9.053221702575684,"{""cardinality"": ""0"", ""max_width"": ""128"", ""num_rows"": ""262144""}"
baseline,target,sorted_order_strings_cardinality,Device=0 num_rows=2097152 max_width=128 cardinality=0,False,False,0.5306175976991653,0.5298480004072189,0.5413872033357621,0.878050565033684,72.36474514007568,"{""cardinality"": ""0"", ""max_width"": ""128"", ""num_rows"": ""2097152""}"
baseline,target,sorted_order_strings_prefixes,Device=0 num_rows=262144 prefix_width=4 suffix_width=32 prefix_cardinality=1,False,False,0.2322207987308502,0.23099679872393605,0.24255040138959888,1.24046487268454,9.053221702575684,"{""num_rows"": ""262144"", ""prefix_cardinality"": ""1"", ""prefix_width"": ""4"", ""suffix_width"": ""32""}"
baseline,target,sorted_order_strings_prefixes,Device=0 num_rows=2097152 prefix_width=4 suffix_width=32 prefix_cardinality=1,False,False,0.47380639910697947,0.4725983962416649,0.48058560192585,0.9228101868278389,72.36474514007568,"{""num_rows"": ""2097152"", ""prefix_cardinality"": ""1"", ""prefix_width"": ""4"", ""suffix_width"": ""32""}"
baseline,target,sorted_order_strings_prefixes,Device=0 num_rows=262144 prefix_width=8 suffix_width=32 prefix_cardinality=1,False,False,0.5741824001073838,0.5725744068622589,0.5802527964115143,0.7893663677231236,9.053221702575684,"{""num_rows"": ""262144"", ""prefix_cardinality"": ""1"", ""prefix_width"": ""8"", ""suffix_width"": ""32""}"
baseline,target,sorted_order_strings_prefixes,Device=0 num_rows=2097152 prefix_width=8 suffix_width=32 prefix_cardinality=1,False,False,4.23858721256256,4.233347153663636,4.248172783851624,0.3955721671157989,72.36474514007568,"{""num_rows"": ""2097152"", ""prefix_cardinality"": ""1"", ""prefix_width"": ""8"", ""suffix_width"": ""32""}"
baseline,target,sorted_order_strings_prefixes,Device=0 num_rows=262144 prefix_width=10 suffix_width=32 prefix_cardinality=1,False,False,0.6179616004228593,0.6118671953678132,0.6187904000282288,1.6581250668223049,9.053221702575684,"{""num_rows"": ""262144"", ""prefix_cardinality"": ""1"", ""prefix_width"": ""10"", ""suffix_width"": ""32""}"
baseline,target,sorted_order_strings_prefixes,Device=0 num_rows=2097152 prefix_width=10 suffix_width=32 prefix_cardinality=1,False,False,4.449983978271484,4.443951988220214,4.458905673027038,0.42481364590900156,72.36474514007568,"{""num_rows"": ""2097152"", ""prefix_cardinality"": ""1"", ""prefix_width"": ""10"", ""suffix_width"": ""32""}"
baseline,target,sorted_order_strings_prefixes,Device=0 num_rows=262144 prefix_width=11 suffix_width=32 prefix_cardinality=1,False,False,0.6210815995931626,0.6184687972068788,0.6261760026216506,0.6664737878908302,9.053221702575684,"{""num_rows"": ""262144"", ""prefix_cardinality"": ""1"", ""prefix_width"": ""11"", ""suffix_width"": ""32""}"
baseline,target,sorted_order_strings_prefixes,Device=0 num_rows=2097152 prefix_width=11 suffix_width=32 prefix_cardinality=1,False,False,4.508975982666016,4.504561614990234,4.524801588058472,0.28274155629062286,72.36474514007568,"{""num_rows"": ""2097152"", ""prefix_cardinality"": ""1"", ""prefix_width"": ""11"", ""suffix_width"": ""32""}"
baseline,target,sorted_order_strings_prefixes,Device=0 num_rows=262144 prefix_width=12 suffix_width=32 prefix_cardinality=1,False,False,0.6299120038747787,0.6277887940406799,0.6362848043441772,0.4395271849717511,9.053221702575684,"{""num_rows"": ""262144"", ""prefix_cardinality"": ""1"", ""prefix_width"": ""12"", ""suffix_width"": ""32""}"
baseline,target,sorted_order_strings_prefixes,Device=0 num_rows=2097152 prefix_width=12 suffix_width=32 prefix_cardinality=1,False,False,4.569927954673767,4.559094381332397,4.572216033935547,0.32879296652163265,72.36474514007568,"{""num_rows"": ""2097152"", ""prefix_cardinality"": ""1"", ""prefix_width"": ""12"", ""suffix_width"": ""32""}"
baseline,target,sorted_order_strings_prefixes,Device=0 num_rows=262144 prefix_width=64 suffix_width=32 prefix_cardinality=1,False,False,1.5291216075420377,1.524076789617538,1.5401344001293185,0.8747481583400496,9.053221702575684,"{""num_rows"": ""262144"", ""prefix_cardinality"": ""1"", ""prefix_width"": ""64"", ""suffix_width"": ""32""}"
baseline,target,sorted_order_strings_prefixes,Device=0 num_rows=2097152 prefix_width=64 suffix_width=32 prefix_cardinality=1,False,False,13.458470392227174,13.452812719345092,13.501735973358155,0.3155246643894224,72.36474514007568,"{""num_rows"": ""2097152"", ""prefix_cardinality"": ""1"", ""prefix_width"": ""64"", ""suffix_width"": ""32""}"
baseline,target,sorted_order_strings_prefixes,Device=0 num_rows=262144 prefix_width=4 suffix_width=32 prefix_cardinality=64,False,False,0.19664800167083737,0.1952848009765148,0.20540959984064106,0.6771629206058897,9.053221702575684,"{""num_rows"": ""262144"", ""prefix_cardinality"": ""64"", ""prefix_width"": ""4"", ""suffix_width"": ""32""}"
baseline,target,sorted_order_strings_prefixes,Device=0 num_rows=2097152 prefix_width=4 suffix_width=32 prefix_cardinality=64,False,False,0.4155600011348724,0.4155280023813248,0.4215184003114701,0.8900206448797854,72.36474514007568,"{""num_rows"": ""2097152"", ""prefix_cardinality"": ""64"", ""prefix_width"": ""4"", ""suffix_width"": ""32""}"
baseline,target,sorted_order_strings_prefixes,Device=0 num_rows=262144 prefix_width=8 suffix_width=32 prefix_cardinality=64,False,False,0.45060639679431913,0.4489551991224289,0.46211680173873904,0.7478844748874497,9.053221702575684,"{""num_rows"": ""262144"", ""prefix_cardinality"": ""64"", ""prefix_width"": ""8"", ""suffix_width"": ""32""}"
baseline,target,sorted_order_strings_prefixes,Device=0 num_rows=2097152 prefix_width=8 suffix_width=32 prefix_cardinality=64,False,False,3.880476796627044,3.8770143985748295,3.886195194721221,0.3026358747127604,72.36474514007568,"{""num_rows"": ""2097152"", ""prefix_cardinality"": ""64"", ""prefix_width"": ""8"", ""suffix_width"": ""32""}"
baseline,target,sorted_order_strings_prefixes,Device=0 num_rows=262144 prefix_width=10 suffix_width=32 prefix_cardinality=64,False,False,0.4855599999427795,0.4840208008885383,0.49568160027265545,0.47152470423648907,9.053221702575684,"{""num_rows"": ""262144"", ""prefix_cardinality"": ""64"", ""prefix_width"": ""10"", ""suffix_width"": ""32""}"
baseline,target,sorted_order_strings_prefixes,Device=0 num_rows=2097152 prefix_width=10 suffix_width=32 prefix_cardinality=64,False,False,4.193518400192261,4.18889274597168,4.2004496335983275,0.33617553155631497,72.36474514007568,"{""num_rows"": ""2097152"", ""prefix_cardinality"": ""64"", ""prefix_width"": ""10"", ""suffix_width"": ""32""}"
baseline,target,sorted_order_strings_prefixes,Device=0 num_rows=262144 prefix_width=11 suffix_width=32 prefix_cardinality=64,False,False,0.49898080229759206,0.4970512002706528,0.5089920043945312,1.0785522241576453,9.053221702575684,"{""num_rows"": ""262144"", ""prefix_cardinality"": ""64"", ""prefix_width"": ""11"", ""suffix_width"": ""32""}"
baseline,target,sorted_order_strings_prefixes,Device=0 num_rows=2097152 prefix_width=11 suffix_width=32 prefix_cardinality=64,False,False,4.2579231500625605,4.251889610290528,4.262888026237486,0.3580783634048761,72.36474514007568,"{""num_rows"": ""2097152"", ""prefix_cardinality"": ""64"", ""prefix_width"": ""11"", ""suffix_width"": ""32""}"
baseline,target,sorted_order_strings_prefixes,Device=0 num_rows=262144 prefix_width=12 suffix_width=32 prefix_cardinality=64,False,False,0.5145520001649856,0.507764807343483,0.5180224061012267,1.8163553557432253,9.053221702575684,"{""num_rows"": ""262144"", ""prefix_cardinality"": ""64"", ""prefix_width"": ""12"", ""suffix_width"": ""32""}"
baseline,target,sorted_order_strings_prefixes,Device=0 num_rows=2097152 prefix_width=12 suffix_width=32 prefix_cardinality=64,False,False,4.315078425407409,4.311777567863466,4.332667183876037,0.4323099567768604,72.36474514007568,"{""num_rows"": ""2097152"", ""prefix_cardinality"": ""64"", ""prefix_width"": ""12"", ""suffix_width"": ""32""}"
baseline,target,sorted_order_strings_prefixes,Device=0 num_rows=262144 prefix_width=64 suffix_width=32 prefix_cardinality=64,False,False,1.0773520112037658,1.0760800063610074,1.0886415898799897,0.3311320013332258,9.053221702575684,"{""num_rows"": ""262144"", ""prefix_cardinality"": ""64"", ""prefix_width"": ""64"", ""suffix_width"": ""32""}"
baseline,target,sorted_order_strings_prefixes,Device=0 num_rows=2097152 prefix_width=64 suffix_width=32 prefix_cardinality=64,False,False,11.63605771064758,11.63556480407715,11.647084856033326,0.3353403089676739,72.36474514007568,"{""num_rows"": ""2097152"", ""prefix_cardinality"": ""64"", ""prefix_width"": ""64"", ""suffix_width"": ""32""}"
prefix,main,sorted_order_strings,Device=0 min_width=1 max_width=8 num_rows=32768,False,False,0.18639679998159406,0.1852352008223534,0.18656639903783798,0.9708454611470698,0.5005626678466797,"{""max_width"": ""8"", ""min_width"": ""1"", ""num_rows"": ""32768""}"
prefix,main,sorted_order_strings,Device=0 min_width=1 max_width=32 num_rows=32768,False,False,0.6730896025896073,0.6708016008138656,0.6742384016513825,0.5039274265536049,0.5005626678466797,"{""max_width"": ""32"", ""min_width"": ""1"", ""num_rows"": ""32768""}"
prefix,main,sorted_order_strings,Device=0 min_width=1 max_width=64 num_rows=32768,False,False,1.367848002910614,1.3662319958209994,1.3750527977943419,0.2029295680142367,0.5005626678466797,"{""max_width"": ""64"", ""min_width"": ""1"", ""num_rows"": ""32768""}"
prefix,main,sorted_order_strings,Device=0 min_width=1 max_width=128 num_rows=32768,False,False,2.8210400104522706,2.814916813373566,2.8353088021278383,0.2773049236451216,0.5005626678466797,"{""max_width"": ""128"", ""min_width"": ""1"", ""num_rows"": ""32768""}"
prefix,main,sorted_order_strings,Device=0 min_width=1 max_width=256 num_rows=32768,False,False,5.754768013954162,5.754246401786805,5.786047983169555,0.21986655772380098,0.5005626678466797,"{""max_width"": ""256"", ""min_width"": ""1"", ""num_rows"": ""32768""}"
prefix,main,sorted_order_strings,Device=0 min_width=1 max_width=8 num_rows=262144,False,False,0.3025360032916069,0.301115196943283,0.30304000228643413,1.2005306296007263,4.00056266784668,"{""max_width"": ""8"", ""min_width"": ""1"", ""num_rows"": ""262144""}"
prefix,main,sorted_order_strings,Device=0 min_width=1 max_width=32 num_rows=262144,False,False,1.009281599521637,1.0060496032238004,1.0104271948337553,0.4686903166165996,4.00056266784668,"{""max_width"": ""32"", ""min_width"": ""1"", ""num_rows"": ""262144""}"
prefix,main,sorted_order_strings,Device=0 min_width=1 max_width=64 num_rows=262144,False,False,1.9867376029491426,1.9866704106330877,1.996796798706055,0.30194775774115784,4.00056266784668,"{""max_width"": ""64"", ""min_width"": ""1"", ""num_rows"": ""262144""}"
prefix,main,sorted_order_strings,Device=0 min_width=1 max_width=128 num_rows=262144,False,False,4.0936607837677,4.087657642364501,4.114209604263306,0.6830369012093348,4.00056266784668,"{""max_width"": ""128"", ""min_width"": ""1"", ""num_rows"": ""262144""}"
prefix,main,sorted_order_strings,Device=0 min_width=1 max_width=256 num_rows=262144,False,False,8.73421607017517,8.728292703628542,8.798900842666626,0.5230794918644959,4.00056266784668,"{""max_width"": ""256"", ""min_width"": ""1"", ""num_rows"": ""262144""}"
prefix,main,sorted_order_strings,Device=0 min_width=1 max_width=8 num_rows=2097152,False,False,1.1870880126953125,1.1858031928539274,1.1878623962402346,0.3777169575102326,32.00227165222168,"{""max_width"": ""8"", ""min_width"": ""1"", ""num_rows"": ""2097152""}"
prefix,main,sorted_order_strings,Device=0 min_width=1 max_width=32 num_rows=2097152,False,False,2.9142096161842344,2.908390367031097,2.9210496187210087,0.542395401663515,32.00227165222168,"{""max_width"": ""32"", ""min_width"": ""1"", ""num_rows"": ""2097152""}"
prefix,main,sorted_order_strings,Device=0 min_width=1 max_width=64 num_rows=2097152,False,False,5.202147221565246,5.186248040199279,5.212619256973267,0.5223272708410088,32.00227165222168,"{""max_width"": ""64"", ""min_width"": ""1"", ""num_rows"": ""2097152""}"
prefix,main,sorted_order_strings,Device=0 min_width=1 max_width=128 num_rows=2097152,False,False,9.75548486709595,9.754112005233766,9.812352132797242,0.32629372904224446,32.00227165222168,"{""max_width"": ""128"", ""min_width"": ""1"", ""num_rows"": ""2097152""}"
prefix,main,sorted_order_strings,Device=0 min_width=1 max_width=256 num_rows=2097152,False,False,19.574380683898926,19.526334285736088,19.587112140655517,0.33943084701524207,32.00227165222168,"{""max_width"": ""256"", ""min_width"": ""1"", ""num_rows"": ""2097152""}"
prefix,main,sorted_order_strings,Device=0 min_width=1 max_width=8 num_rows=16777216,False,False,11.133065605163573,11.13015513420105,11.142199897766114,0.4053067639805096,256.0152111053467,"{""max_width"": ""8"", ""min_width"": ""1"", ""num_rows"": ""16777216""}"
prefix,main,sorted_order_strings,Device=0 min_width=1 max_width=32 num_rows=16777216,False,False,26.326758480072023,26.3152943611145,26.34168634414673,0.11097748342342904,256.0152111053467,"{""max_width"": ""32"", ""min_width"": ""1"", ""num_rows"": ""16777216""}"
prefix,main,sorted_order_strings,Device=0 min_width=1 max_width=64 num_rows=16777216,False,False,37.624605751037585,37.61758422851562,37.64299030303955,0.16131198950234027,256.0152111053467,"{""max_width"": ""64"", ""min_width"": ""1"", ""num_rows"": ""16777216""}"
prefix,main,sorted_order_strings,Device=0 min_width=1 max_width=128 num_rows=16777216,False,False,64.72364845275878,64.72077560424806,64.81952171325685,0.18760221299050947,256.0152111053467,"{""max_width"": ""128"", ""min_width"": ""1"", ""num_rows"": ""16777216""}"
prefix,main,sorted_order_strings,Device=0 min_width=1 max_width=256 num_rows=16777216,False,False,147.99497985839844,147.9434700012207,148.09529190063475,0.2897860126038828,256.0152111053467,"{""max_width"": ""256"", ""min_width"": ""1"", ""num_rows"": ""16777216""}"
prefix,main,sorted_order_strings_distribution,Device=0 num_rows=262144 profile=cardinality_1_width_32,False,False,0.00811999994330108,0.00809759998228401,0.008243199926801026,29.059252476858155,1.0,"{""num_rows"": ""262144"", ""profile"": ""cardinality_1_width_32""}"
prefix,main,sorted_order_strings_distribution,Device=0 num_rows=2097152 profile=cardinality_1_width_32,False,False,0.008484799833968281,0.008390399999916554,0.008905599964782598,4.5002093797495535,8.0,"{""num_rows"": ""2097152"", ""profile"": ""cardinality_1_width_32""}"
prefix,main,sorted_order_strings_distribution,Device=0 num_rows=262144 profile=cardinality_64_width_128,False,False,5.274857592582702,5.27032482624054,5.278222393989564,0.3567881795851169,4.00056266784668,"{""num_rows"": ""262144"", ""profile"": ""cardinality_64_width_128""}"
prefix,main,sorted_order_strings_distribution,Device=0 num_rows=2097152 profile=cardinality_64_width_128,False,False,12.808172845840454,12.803854465484617,12.833879899978637,0.5823111236837029,32.00227165222168,"{""num_rows"": ""2097152"", ""profile"": ""cardinality_64_width_128""}"
prefix,main,sorted_order_strings_distribution,Device=0 num_rows=262144 profile=shared_prefix_64,False,False,6.560793566703795,6.547419238090516,6.561838459968566,0.577004639657811,4.00056266784668,"{""num_rows"": ""262144"", ""profile"": ""shared_prefix_64""}"
prefix,main,sorted_order_strings_distribution,Device=0 num_rows=2097152 profile=shared_prefix_64,False,False,64.58152923583985,64.57983703613282,64.59383544921874,0.1802552927914343,32.00227165222168,"{""num_rows"": ""2097152"", ""profile"": ""shared_prefix_64""}"
prefix,main,sorted_order_strings_distribution,Device=0 num_rows=262144 profile=variable_128,False,False,0.3052479997277259,0.3038896039128304,0.3070768013596535,0.36782109535268864,4.00056266784668,"{""num_rows"": ""262144"", ""profile"": ""variable_128""}"
prefix,main,sorted_order_strings_distribution,Device=0 num_rows=2097152 profile=variable_128,False,False,1.1463024020195007,1.145646393299103,1.1483744084835052,0.3952188259578331,32.00227165222168,"{""num_rows"": ""2097152"", ""profile"": ""variable_128""}"
prefix,main,sorted_order_strings_nulls,Device=0 num_rows=262144 profile=fixed_8 null_percent=0,False,False,0.2336927995085716,0.23365919813513758,0.23607359975576397,1.109286094042297,4.00056266784668,"{""null_percent"": ""0"", ""num_rows"": ""262144"", ""profile"": ""fixed_8""}"
prefix,main,sorted_order_strings_nulls,Device=0 num_rows=2097152 profile=fixed_8 null_percent=0,False,False,0.974121603369713,0.9734255999326706,0.9770095974206926,0.5860752201881273,32.00227165222168,"{""null_percent"": ""0"", ""num_rows"": ""2097152"", ""profile"": ""fixed_8""}"
prefix,main,sorted_order_strings_nulls,Device=0 num_rows=262144 profile=variable_128 null_percent=0,False,False,0.3048672020435333,0.3047183990478516,0.3074368000030518,0.385796894669415,4.00056266784668,"{""null_percent"": ""0"", ""num_rows"": ""262144"", ""profile"": ""variable_128""}"
prefix,main,sorted_order_strings_nulls,Device=0 num_rows=2097152 profile=variable_128 null_percent=0,False,False,1.1412128150463106,1.1406751990318298,1.1435552060604097,0.45353681820242564,32.00227165222168,"{""null_percent"": ""0"", ""num_rows"": ""2097152"", ""profile"": ""variable_128""}"
prefix,main,sorted_order_strings_nulls,Device=0 num_rows=262144 profile=fixed_8 null_percent=50,False,False,0.32593759745359424,0.3259120002388955,0.3276880010962486,0.6050812425965825,4.00056266784668,"{""null_percent"": ""50"", ""num_rows"": ""262144"", ""profile"": ""fixed_8""}"
prefix,main,sorted_order_strings_nulls,Device=0 num_rows=2097152 profile=fixed_8 null_percent=50,False,False,0.9971743971109391,0.9952240020036697,1.0007456034421922,0.5625762651339613,32.00227165222168,"{""null_percent"": ""50"", ""num_rows"": ""2097152"", ""profile"": ""fixed_8""}"
prefix,main,sorted_order_strings_nulls,Device=0 num_rows=262144 profile=variable_128 null_percent=50,False,False,0.3688128009438514,0.36836799830198297,0.3710288032889366,0.8494916837096538,4.00056266784668,"{""null_percent"": ""50"", ""num_rows"": ""262144"", ""profile"": ""variable_128""}"
prefix,main,sorted_order_strings_nulls,Device=0 num_rows=2097152 profile=variable_128 null_percent=50,False,False,1.127188801765442,1.1256912052631378,1.1274975955486297,0.6612772348807522,32.00227165222168,"{""null_percent"": ""50"", ""num_rows"": ""2097152"", ""profile"": ""variable_128""}"
prefix,main,sorted_order_strings_nulls,Device=0 num_rows=262144 profile=fixed_8 null_percent=100,False,False,0.007283199951052666,0.007203200040385127,0.007684800005517899,11.058644662182061,1.0,"{""null_percent"": ""100"", ""num_rows"": ""262144"", ""profile"": ""fixed_8""}"
prefix,main,sorted_order_strings_nulls,Device=0 num_rows=2097152 profile=fixed_8 null_percent=100,False,False,0.008743999991565941,0.008390399953350426,0.008744000038132072,11.390420667737681,8.0,"{""null_percent"": ""100"", ""num_rows"": ""2097152"", ""profile"": ""fixed_8""}"
prefix,main,sorted_order_strings_nulls,Device=0 num_rows=262144 profile=variable_128 null_percent=100,False,False,0.00738879998680204,0.006955199968069792,0.00747040002606809,8.983889282073397,1.0,"{""null_percent"": ""100"", ""num_rows"": ""262144"", ""profile"": ""variable_128""}"
prefix,main,sorted_order_strings_nulls,Device=0 num_rows=2097152 profile=variable_128 null_percent=100,False,False,0.008579199854284524,0.00836479989811778,0.009086399944499134,9.475529501602075,8.0,"{""null_percent"": ""100"", ""num_rows"": ""2097152"", ""profile"": ""variable_128""}"
optimized,constant,sorted_order_strings_prefixes,Device=0 num_rows=262144 prefix_width=32 suffix_width=0 prefix_cardinality=1,False,False,0.17794240042567255,0.1776912003755569,0.17819519862532612,1.3625962904674698,9.053221702575684,"{""num_rows"": ""262144"", ""prefix_cardinality"": ""1"", ""prefix_width"": ""32"", ""suffix_width"": ""0""}"
optimized,constant,sorted_order_strings_prefixes,Device=0 num_rows=2097152 prefix_width=32 suffix_width=0 prefix_cardinality=1,False,False,0.39351039975881574,0.3933711990714074,0.3942688003182411,1.3397233444378938,72.36474514007568,"{""num_rows"": ""2097152"", ""prefix_cardinality"": ""1"", ""prefix_width"": ""32"", ""suffix_width"": ""0""}"
prefix,target,sorted_order_strings_cardinality,Device=0 num_rows=262144 max_width=32 cardinality=1,False,False,0.008211200009100141,0.007984000002034012,0.008310399996116758,9.46429184701058,1.0,"{""cardinality"": ""1"", ""max_width"": ""32"", ""num_rows"": ""262144""}"
prefix,target,sorted_order_strings_cardinality,Device=0 num_rows=2097152 max_width=32 cardinality=1,False,False,0.008574399817734956,0.008476800052449105,0.008716799970716239,7.402182431245924,8.0,"{""cardinality"": ""1"", ""max_width"": ""32"", ""num_rows"": ""2097152""}"
prefix,target,sorted_order_strings_cardinality,Device=0 num_rows=262144 max_width=128 cardinality=1,False,False,4.1339087963104255,4.133896017074584,4.151608037948609,0.8164989968539973,4.00056266784668,"{""cardinality"": ""1"", ""max_width"": ""128"", ""num_rows"": ""262144""}"
prefix,target,sorted_order_strings_cardinality,Device=0 num_rows=2097152 max_width=128 cardinality=1,False,False,35.59372806549072,35.58611526489259,35.605908966064455,0.36922094014064283,32.00227165222168,"{""cardinality"": ""1"", ""max_width"": ""128"", ""num_rows"": ""2097152""}"
prefix,target,sorted_order_strings_cardinality,Device=0 num_rows=262144 max_width=32 cardinality=64,False,False,1.232628804445267,1.2321296036243437,1.2378719866275787,0.690948953666372,4.00056266784668,"{""cardinality"": ""64"", ""max_width"": ""32"", ""num_rows"": ""262144""}"
prefix,target,sorted_order_strings_cardinality,Device=0 num_rows=2097152 max_width=32 cardinality=64,False,False,3.3034271836280826,3.2945615887641906,3.3238080143928523,0.5346848496339859,32.00227165222168,"{""cardinality"": ""64"", ""max_width"": ""32"", ""num_rows"": ""2097152""}"
prefix,target,sorted_order_strings_cardinality,Device=0 num_rows=262144 max_width=128 cardinality=64,False,False,5.252484774589539,5.245164799690246,5.277081632614136,0.40254285238296117,4.00056266784668,"{""cardinality"": ""64"", ""max_width"": ""128"", ""num_rows"": ""262144""}"
prefix,target,sorted_order_strings_cardinality,Device=0 num_rows=2097152 max_width=128 cardinality=64,False,False,12.778969573974608,12.749152088165284,12.85343198776245,0.5550106316901855,32.00227165222168,"{""cardinality"": ""64"", ""max_width"": ""128"", ""num_rows"": ""2097152""}"
prefix,target,sorted_order_strings_cardinality,Device=0 num_rows=262144 max_width=32 cardinality=0,False,False,0.2811232030391693,0.27902720123529434,0.282548800110817,1.0801409232468449,4.00056266784668,"{""cardinality"": ""0"", ""max_width"": ""32"", ""num_rows"": ""262144""}"
prefix,target,sorted_order_strings_cardinality,Device=0 num_rows=2097152 max_width=32 cardinality=0,False,False,1.0998015999794009,1.099108797311783,1.1015104055404663,0.5254901210833561,32.00227165222168,"{""cardinality"": ""0"", ""max_width"": ""32"", ""num_rows"": ""2097152""}"
prefix,target,sorted_order_strings_cardinality,Device=0 num_rows=262144 max_width=128 cardinality=0,False,False,0.30589120090007793,0.3035568013787269,0.3075808018445969,0.4604074344121913,4.00056266784668,"{""cardinality"": ""0"", ""max_width"": ""128"", ""num_rows"": ""262144""}"
prefix,target,sorted_order_strings_cardinality,Device=0 num_rows=2097152 max_width=128 cardinality=0,False,False,1.1436975955963133,1.1424864053726194,1.1464991867542267,0.5199364007277145,32.00227165222168,"{""cardinality"": ""0"", ""max_width"": ""128"", ""num_rows"": ""2097152""}"
prefix,target,sorted_order_strings_prefixes,Device=0 num_rows=262144 prefix_width=4 suffix_width=32 prefix_cardinality=1,False,False,0.2910399973392486,0.2894319996237755,0.2931392014026642,0.5768479925853878,4.00056266784668,"{""num_rows"": ""262144"", ""prefix_cardinality"": ""1"", ""prefix_width"": ""4"", ""suffix_width"": ""32""}"
prefix,target,sorted_order_strings_prefixes,Device=0 num_rows=2097152 prefix_width=4 suffix_width=32 prefix_cardinality=1,False,False,1.1061007976531982,1.104796814918518,1.10799840092659,0.5815521951768867,32.00227165222168,"{""num_rows"": ""2097152"", ""prefix_cardinality"": ""1"", ""prefix_width"": ""4"", ""suffix_width"": ""32""}"
prefix,target,sorted_order_strings_prefixes,Device=0 num_rows=262144 prefix_width=8 suffix_width=32 prefix_cardinality=1,False,False,0.7450223982334138,0.741915202140808,0.746787202358246,0.46689578898018586,4.00056266784668,"{""num_rows"": ""262144"", ""prefix_cardinality"": ""1"", ""prefix_width"": ""8"", ""suffix_width"": ""32""}"
prefix,target,sorted_order_strings_prefixes,Device=0 num_rows=2097152 prefix_width=8 suffix_width=32 prefix_cardinality=1,False,False,6.458137583732605,6.4567279577255245,6.465044784545898,0.39446413880667314,32.00227165222168,"{""num_rows"": ""2097152"", ""prefix_cardinality"": ""1"", ""prefix_width"": ""8"", ""suffix_width"": ""32""}"
prefix,target,sorted_order_strings_prefixes,Device=0 num_rows=262144 prefix_width=10 suffix_width=32 prefix_cardinality=1,False,False,0.9528032034635547,0.9511824041604996,0.9572495937347412,0.4338506553180639,4.00056266784668,"{""num_rows"": ""262144"", ""prefix_cardinality"": ""1"", ""prefix_width"": ""10"", ""suffix_width"": ""32""}"
prefix,target,sorted_order_strings_prefixes,Device=0 num_rows=2097152 prefix_width=10 suffix_width=32 prefix_cardinality=1,False,False,7.932027244567871,7.918310379981993,7.945174407958985,0.312311344936453,32.00227165222168,"{""num_rows"": ""2097152"", ""prefix_cardinality"": ""1"", ""prefix_width"": ""10"", ""suffix_width"": ""32""}"
prefix,target,sorted_order_strings_prefixes,Device=0 num_rows=262144 prefix_width=11 suffix_width=32 prefix_cardinality=1,False,False,1.0552736043930055,1.05304799079895,1.059476798772812,0.35241891333499403,4.00056266784668,"{""num_rows"": ""262144"", ""prefix_cardinality"": ""1"", ""prefix_width"": ""11"", ""suffix_width"": ""32""}"
prefix,target,sorted_order_strings_prefixes,Device=0 num_rows=2097152 prefix_width=11 suffix_width=32 prefix_cardinality=1,False,False,8.65994243621826,8.650039911270142,8.671545553207396,0.48131237493618695,32.00227165222168,"{""num_rows"": ""2097152"", ""prefix_cardinality"": ""1"", ""prefix_width"": ""11"", ""suffix_width"": ""32""}"
prefix,target,sorted_order_strings_prefixes,Device=0 num_rows=262144 prefix_width=12 suffix_width=32 prefix_cardinality=1,False,False,1.1572160005569456,1.1547023952007294,1.1622735977172851,0.2809090813062942,4.00056266784668,"{""num_rows"": ""262144"", ""prefix_cardinality"": ""1"", ""prefix_width"": ""12"", ""suffix_width"": ""32""}"
prefix,target,sorted_order_strings_prefixes,Device=0 num_rows=2097152 prefix_width=12 suffix_width=32 prefix_cardinality=1,False,False,9.493152046203612,9.492926502227782,9.499524784088134,0.3212392379247894,32.00227165222168,"{""num_rows"": ""2097152"", ""prefix_cardinality"": ""1"", ""prefix_width"": ""12"", ""suffix_width"": ""32""}"
prefix,target,sorted_order_strings_prefixes,Device=0 num_rows=262144 prefix_width=64 suffix_width=32 prefix_cardinality=1,False,False,6.537123155593871,6.5141136169433596,6.561545658111572,0.6840891186714337,4.00056266784668,"{""num_rows"": ""262144"", ""prefix_cardinality"": ""1"", ""prefix_width"": ""64"", ""suffix_width"": ""32""}"
prefix,target,sorted_order_strings_prefixes,Device=0 num_rows=2097152 prefix_width=64 suffix_width=32 prefix_cardinality=1,False,False,64.57890090942384,64.56778907775879,64.59213409423826,0.14650605395195415,32.00227165222168,"{""num_rows"": ""2097152"", ""prefix_cardinality"": ""1"", ""prefix_width"": ""64"", ""suffix_width"": ""32""}"
prefix,target,sorted_order_strings_prefixes,Device=0 num_rows=262144 prefix_width=4 suffix_width=32 prefix_cardinality=64,False,False,0.25656000226736064,0.2543167993426323,0.257785601913929,0.74318834447674,4.00056266784668,"{""num_rows"": ""262144"", ""prefix_cardinality"": ""64"", ""prefix_width"": ""4"", ""suffix_width"": ""32""}"
prefix,target,sorted_order_strings_prefixes,Device=0 num_rows=2097152 prefix_width=4 suffix_width=32 prefix_cardinality=64,False,False,1.0537887930870056,1.0536543905735016,1.0566704034805299,0.48131510449487835,32.00227165222168,"{""num_rows"": ""2097152"", ""prefix_cardinality"": ""64"", ""prefix_width"": ""4"", ""suffix_width"": ""32""}"
prefix,target,sorted_order_strings_prefixes,Device=0 num_rows=262144 prefix_width=8 suffix_width=32 prefix_cardinality=64,False,False,0.5733183979988098,0.5713680028915404,0.575316795706749,0.5806895854099396,4.00056266784668,"{""num_rows"": ""262144"", ""prefix_cardinality"": ""64"", ""prefix_width"": ""8"", ""suffix_width"": ""32""}"
prefix,target,sorted_order_strings_prefixes,Device=0 num_rows=2097152 prefix_width=8 suffix_width=32 prefix_cardinality=64,False,False,4.2027184009552,4.20140643119812,4.214523220062256,0.5120602005501887,32.00227165222168,"{""num_rows"": ""2097152"", ""prefix_cardinality"": ""64"", ""prefix_width"": ""8"", ""suffix_width"": ""32""}"
prefix,target,sorted_order_strings_prefixes,Device=0 num_rows=262144 prefix_width=10 suffix_width=32 prefix_cardinality=64,False,False,0.7151744097471239,0.7118879973888397,0.7176639974117278,0.3844370106857579,4.00056266784668,"{""num_rows"": ""262144"", ""prefix_cardinality"": ""64"", ""prefix_width"": ""10"", ""suffix_width"": ""32""}"
prefix,target,sorted_order_strings_prefixes,Device=0 num_rows=2097152 prefix_width=10 suffix_width=32 prefix_cardinality=64,False,False,5.064336037635804,5.062038397789001,5.072447967529296,0.43791701864866656,32.00227165222168,"{""num_rows"": ""2097152"", ""prefix_cardinality"": ""64"", ""prefix_width"": ""10"", ""suffix_width"": ""32""}"
prefix,target,sorted_order_strings_prefixes,Device=0 num_rows=262144 prefix_width=11 suffix_width=32 prefix_cardinality=64,False,False,0.7822496116161344,0.7819072037935257,0.7838655978441237,0.3837793695129046,4.00056266784668,"{""num_rows"": ""262144"", ""prefix_cardinality"": ""64"", ""prefix_width"": ""11"", ""suffix_width"": ""32""}"
prefix,target,sorted_order_strings_prefixes,Device=0 num_rows=2097152 prefix_width=11 suffix_width=32 prefix_cardinality=64,False,False,5.564214372634888,5.561244797706604,5.56846239566803,0.2449082142604782,32.00227165222168,"{""num_rows"": ""2097152"", ""prefix_cardinality"": ""64"", ""prefix_width"": ""11"", ""suffix_width"": ""32""}"
prefix,target,sorted_order_strings_prefixes,Device=0 num_rows=262144 prefix_width=12 suffix_width=32 prefix_cardinality=64,False,False,0.849899199604988,0.8496464014053345,0.851993602514267,0.546514302871722,4.00056266784668,"{""num_rows"": ""262144"", ""prefix_cardinality"": ""64"", ""prefix_width"": ""12"", ""suffix_width"": ""32""}"
prefix,target,sorted_order_strings_prefixes,Device=0 num_rows=2097152 prefix_width=12 suffix_width=32 prefix_cardinality=64,False,False,6.083843183517457,6.082204747200012,6.0858303785324095,0.14748039179558622,32.00227165222168,"{""num_rows"": ""2097152"", ""prefix_cardinality"": ""64"", ""prefix_width"": ""12"", ""suffix_width"": ""32""}"
prefix,target,sorted_order_strings_prefixes,Device=0 num_rows=262144 prefix_width=64 suffix_width=32 prefix_cardinality=64,False,False,4.485312008857727,4.485308766365051,4.486759996414182,0.443959464385678,4.00056266784668,"{""num_rows"": ""262144"", ""prefix_cardinality"": ""64"", ""prefix_width"": ""64"", ""suffix_width"": ""32""}"
prefix,target,sorted_order_strings_prefixes,Device=0 num_rows=2097152 prefix_width=64 suffix_width=32 prefix_cardinality=64,False,False,36.99340991973877,36.98365440368653,37.00848140716554,0.3199548610463144,32.00227165222168,"{""num_rows"": ""2097152"", ""prefix_cardinality"": ""64"", ""prefix_width"": ""64"", ""suffix_width"": ""32""}"
baseline,end-to-end,sort_strings_workload,Device=0 min_width=0 max_width=32 num_rows=262144 workload=normal,False,False,0.5080143958330154,0.5056303977966309,0.51564639210701,1.2947328779284513,9.053221702575684,"{""max_width"": ""32"", ""min_width"": ""0"", ""num_rows"": ""262144"", ""workload"": ""normal""}"
baseline,end-to-end,sort_strings_workload,Device=0 min_width=0 max_width=256 num_rows=262144 workload=normal,False,False,1.6362512052059173,1.6175360023975374,1.6406223893165588,1.8835837198266048,33.687255859375,"{""max_width"": ""256"", ""min_width"": ""0"", ""num_rows"": ""262144"", ""workload"": ""normal""}"
baseline,end-to-end,sort_strings_workload,Device=0 min_width=0 max_width=32 num_rows=2097152 workload=normal,False,False,1.7287088036537173,1.7134943962097169,1.7390752136707308,1.5706064330751224,95.72902488708496,"{""max_width"": ""32"", ""min_width"": ""0"", ""num_rows"": ""2097152"", ""workload"": ""normal""}"
baseline,end-to-end,sort_strings_workload,Device=0 min_width=0 max_width=256 num_rows=2097152 workload=normal,False,False,8.573198366165162,8.567699193954468,8.640633535385133,2.4477040100564484,269.3055658340454,"{""max_width"": ""256"", ""min_width"": ""0"", ""num_rows"": ""2097152"", ""workload"": ""normal""}"
baseline,end-to-end,sort_strings_workload,Device=0 min_width=0 max_width=32 num_rows=262144 workload=duplicates,False,False,0.5301600009202957,0.5264511972665786,0.5341808021068573,1.7752077056555322,9.053221702575684,"{""max_width"": ""32"", ""min_width"": ""0"", ""num_rows"": ""262144"", ""workload"": ""duplicates""}"
baseline,end-to-end,sort_strings_workload,Device=0 min_width=0 max_width=256 num_rows=262144 workload=duplicates,False,False,1.8693199872970578,1.8691839993000032,1.873612797260284,1.1463551850341016,34.63582420349121,"{""max_width"": ""256"", ""min_width"": ""0"", ""num_rows"": ""262144"", ""workload"": ""duplicates""}"
baseline,end-to-end,sort_strings_workload,Device=0 min_width=0 max_width=32 num_rows=2097152 workload=duplicates,False,False,2.6117583870887757,2.5953295826911926,2.611961603164673,1.4688026495786,96.68649291992188,"{""max_width"": ""32"", ""min_width"": ""0"", ""num_rows"": ""2097152"", ""workload"": ""duplicates""}"
baseline,end-to-end,sort_strings_workload,Device=0 min_width=0 max_width=256 num_rows=2097152 workload=duplicates,False,False,10.398232030868533,10.359180831909182,10.401878452301025,1.7223414884890331,277.07898902893066,"{""max_width"": ""256"", ""min_width"": ""0"", ""num_rows"": ""2097152"", ""workload"": ""duplicates""}"
baseline,end-to-end,sort_strings_workload,Device=0 min_width=0 max_width=32 num_rows=262144 workload=shared_prefix,False,False,0.8670720010995866,0.8615359991788865,0.8683551967144014,2.0588241853084086,9.053221702575684,"{""max_width"": ""32"", ""min_width"": ""0"", ""num_rows"": ""262144"", ""workload"": ""shared_prefix""}"
baseline,end-to-end,sort_strings_workload,Device=0 min_width=0 max_width=256 num_rows=262144 workload=shared_prefix,False,False,7.960273623466494,7.954494380950926,7.962367987632751,0.34043550332320593,65.03126335144043,"{""max_width"": ""256"", ""min_width"": ""0"", ""num_rows"": ""262144"", ""workload"": ""shared_prefix""}"
baseline,end-to-end,sort_strings_workload,Device=0 min_width=0 max_width=32 num_rows=2097152 workload=shared_prefix,False,False,6.123710489273073,6.123524785041808,6.1372991800308245,0.34409776699943,120.06652927398682,"{""max_width"": ""32"", ""min_width"": ""0"", ""num_rows"": ""2097152"", ""workload"": ""shared_prefix""}"
baseline,end-to-end,sort_strings_workload,Device=0 min_width=0 max_width=256 num_rows=2097152 workload=shared_prefix,False,False,50.6856143951416,50.67140808105469,50.72751216888427,0.15801994104455577,520.2527341842651,"{""max_width"": ""256"", ""min_width"": ""0"", ""num_rows"": ""2097152"", ""workload"": ""shared_prefix""}"
baseline,end-to-end,sort_strings_workload,Device=0 min_width=0 max_width=32 num_rows=262144 workload=variable,False,False,0.3697728022933007,0.36622079908847804,0.3731631994247437,5.347040359283904,9.053221702575684,"{""max_width"": ""32"", ""min_width"": ""0"", ""num_rows"": ""262144"", ""workload"": ""variable""}"
baseline,end-to-end,sort_strings_workload,Device=0 min_width=0 max_width=256 num_rows=262144 workload=variable,False,False,0.3897951990365982,0.3886688008904457,0.3939888045191765,1.2071286553699359,34.01968002319336,"{""max_width"": ""256"", ""min_width"": ""0"", ""num_rows"": ""262144"", ""workload"": ""variable""}"
baseline,end-to-end,sort_strings_workload,Device=0 min_width=0 max_width=32 num_rows=2097152 workload=variable,False,False,0.9235855996608733,0.9233135938644411,0.9338527977466582,0.43194925850348687,96.05874729156494,"{""max_width"": ""32"", ""min_width"": ""0"", ""num_rows"": ""2097152"", ""workload"": ""variable""}"
baseline,end-to-end,sort_strings_workload,Device=0 min_width=0 max_width=256 num_rows=2097152 workload=variable,False,False,1.1344607949256897,1.1279967904090882,1.1368960022926329,1.9459099730778144,272.17790508270264,"{""max_width"": ""256"", ""min_width"": ""0"", ""num_rows"": ""2097152"", ""workload"": ""variable""}"
pr1-p32-c512,pr-diagnostics,sorted_order_strings_segmented_diagnostics,Device=0 num_rows=262144 profile=finish_257,False,False,0.34717120081186287,0.34484640210866935,0.34907679855823515,1.3281494613106901,9.811182022094727,"{""num_rows"": ""262144"", ""profile"": ""finish_257""}"
pr1-p32-c512,pr-diagnostics,sorted_order_strings_segmented_diagnostics,Device=0 num_rows=2097152 profile=finish_257,False,False,0.5407632023096084,0.5376223951578141,0.5416288048028947,1.1084047261807248,78.42739295959473,"{""num_rows"": ""2097152"", ""profile"": ""finish_257""}"
pr1-p32-c512,pr-diagnostics,sorted_order_strings_segmented_diagnostics,Device=0 num_rows=262144 profile=finish_1024,False,False,0.4765583977103233,0.46856959909200663,0.47706879973411564,8.87409414817417,9.81140422821045,"{""num_rows"": ""262144"", ""profile"": ""finish_1024""}"
pr1-p32-c512,pr-diagnostics,sorted_order_strings_segmented_diagnostics,Device=0 num_rows=2097152 profile=finish_1024,False,False,0.6924064069986343,0.6860047966241836,0.6969167947769165,5.17278678983343,78.42761516571045,"{""num_rows"": ""2097152"", ""profile"": ""finish_1024""}"
pr1-p32-c512,pr-diagnostics,sorted_order_strings_segmented_diagnostics,Device=0 num_rows=262144 profile=finish_4096,False,False,0.5308256000280381,0.5305695921182634,0.5329952001571656,1.3012365797139007,9.81140422821045,"{""num_rows"": ""262144"", ""profile"": ""finish_4096""}"
pr1-p32-c512,pr-diagnostics,sorted_order_strings_segmented_diagnostics,Device=0 num_rows=2097152 profile=finish_4096,False,False,0.7422960072755813,0.7397103995084763,0.7472496032714845,0.8575681289218141,78.42761516571045,"{""num_rows"": ""2097152"", ""profile"": ""finish_4096""}"
pr1-p32-c512,pr-diagnostics,sorted_order_strings_segmented_diagnostics,Device=0 num_rows=262144 profile=active_50,False,False,1.4488720118999479,1.4433359980583191,1.4496384084224703,0.32770496925005616,9.81140422821045,"{""num_rows"": ""262144"", ""profile"": ""active_50""}"
pr1-p32-c512,pr-diagnostics,sorted_order_strings_segmented_diagnostics,Device=0 num_rows=2097152 profile=active_50,False,False,10.80577278137207,10.801174402236938,10.806856012344362,0.13978480784883773,78.42761516571045,"{""num_rows"": ""2097152"", ""profile"": ""active_50""}"
pr1-p32-c512,pr-diagnostics,sorted_order_strings_segmented_diagnostics,Device=0 num_rows=262144 profile=active_10,False,False,0.5267423987388611,0.5244800001382828,0.528643199801445,1.0356158493633838,9.81140422821045,"{""num_rows"": ""262144"", ""profile"": ""active_10""}"
pr1-p32-c512,pr-diagnostics,sorted_order_strings_segmented_diagnostics,Device=0 num_rows=2097152 profile=active_10,False,False,2.4219776034355163,2.420187187194824,2.4311424136161808,2.0999730007649857,78.42761516571045,"{""num_rows"": ""2097152"", ""profile"": ""active_10""}"
pr1-p32-c512,pr-diagnostics,sorted_order_strings_segmented_diagnostics,Device=0 num_rows=262144 profile=active_1,False,False,0.29331359714269634,0.2926464021205902,0.2938991993665695,1.0689963082126281,9.81140422821045,"{""num_rows"": ""262144"", ""profile"": ""active_1""}"
pr1-p32-c512,pr-diagnostics,sorted_order_strings_segmented_diagnostics,Device=0 num_rows=2097152 profile=active_1,False,False,0.6740480035543441,0.6698543995618819,0.7078960001468658,19.700518000575137,78.42761516571045,"{""num_rows"": ""2097152"", ""profile"": ""active_1""}"
pr1-p32-c512,pr-diagnostics,sorted_order_strings_segmented_diagnostics,Device=0 num_rows=262144 profile=active_0_1,False,False,0.2836240008473396,0.28173600137233734,0.28771360069513324,6.802047427745585,9.811182022094727,"{""num_rows"": ""262144"", ""profile"": ""active_0_1""}"
pr1-p32-c512,pr-diagnostics,sorted_order_strings_segmented_diagnostics,Device=0 num_rows=2097152 profile=active_0_1,False,False,0.4814960017800331,0.47817920148372656,0.48250720351934434,0.8112834167350483,78.42761516571045,"{""num_rows"": ""2097152"", ""profile"": ""active_0_1""}"
pr1-p32-c512,pr-diagnostics,sorted_order_strings_segmented_diagnostics,Device=0 num_rows=262144 profile=duplicates_6,False,False,0.22046559900045395,0.21619199961423874,0.22310399934649464,7.176217907225553,10.811402320861816,"{""num_rows"": ""262144"", ""profile"": ""duplicates_6""}"
pr1-p32-c512,pr-diagnostics,sorted_order_strings_segmented_diagnostics,Device=0 num_rows=2097152 profile=duplicates_6,False,False,0.3868720009922982,0.3815680027008057,0.3872448027133941,1.4678902761794341,86.42761325836182,"{""num_rows"": ""2097152"", ""profile"": ""duplicates_6""}"
pr1-p32-c512,pr-diagnostics,sorted_order_strings_segmented_diagnostics,Device=0 num_rows=262144 profile=duplicates_8,False,False,0.21776000037789353,0.2170304007828236,0.21899360045790672,1.0203356053874653,10.811402320861816,"{""num_rows"": ""262144"", ""profile"": ""duplicates_8""}"
pr1-p32-c512,pr-diagnostics,sorted_order_strings_segmented_diagnostics,Device=0 num_rows=2097152 profile=duplicates_8,False,False,0.386777599155903,0.3853024020791053,0.3874287962913513,1.3593826080483997,86.42761325836182,"{""num_rows"": ""2097152"", ""profile"": ""duplicates_8""}"
pr1-p32-c512,pr-diagnostics,sorted_order_strings_segmented_diagnostics,Device=0 num_rows=262144 profile=duplicates_12,False,False,0.33388160020112995,0.33265280276536935,0.33428799808025367,0.9637765783145781,10.811402320861816,"{""num_rows"": ""262144"", ""profile"": ""duplicates_12""}"
pr1-p32-c512,pr-diagnostics,sorted_order_strings_segmented_diagnostics,Device=0 num_rows=2097152 profile=duplicates_12,False,False,0.9170831978321075,0.9143968015909194,0.917353591322899,0.861069790549597,86.42761325836182,"{""num_rows"": ""2097152"", ""profile"": ""duplicates_12""}"
pr1-p32-c512,pr-diagnostics,sorted_order_strings_segmented_diagnostics,Device=0 num_rows=262144 profile=duplicates_16,False,False,0.3351855978369712,0.3347055971622467,0.3380272015929222,2.7404996463814184,10.811402320861816,"{""num_rows"": ""262144"", ""profile"": ""duplicates_16""}"
pr1-p32-c512,pr-diagnostics,sorted_order_strings_segmented_diagnostics,Device=0 num_rows=2097152 profile=duplicates_16,False,False,0.9181328028440474,0.9179360002279284,0.9223679989576342,4.741872871362463,86.42761325836182,"{""num_rows"": ""2097152"", ""profile"": ""duplicates_16""}"
pr1-p32-c512,pr-diagnostics,sorted_order_strings_segmented_diagnostics,Device=0 num_rows=262144 profile=duplicates_24,False,False,0.4558000013232232,0.45570079982280726,0.45777440071105957,0.8579840375335619,10.811402320861816,"{""num_rows"": ""262144"", ""profile"": ""duplicates_24""}"
pr1-p32-c512,pr-diagnostics,sorted_order_strings_segmented_diagnostics,Device=0 num_rows=2097152 profile=duplicates_24,False,False,1.4492400109767913,1.4425552189350128,1.453192001581192,0.7512304336449639,86.42761325836182,"{""num_rows"": ""2097152"", ""profile"": ""duplicates_24""}"
pr1-p32-c512,pr-diagnostics,sorted_order_strings_segmented_diagnostics,Device=0 num_rows=262144 profile=duplicates_32,False,False,0.5709008008241654,0.568979200720787,0.5744144022464752,1.1117106136304562,10.811402320861816,"{""num_rows"": ""262144"", ""profile"": ""duplicates_32""}"
pr1-p32-c512,pr-diagnostics,sorted_order_strings_segmented_diagnostics,Device=0 num_rows=2097152 profile=duplicates_32,False,False,2.0210752010345456,2.011742383241653,2.0233280062675476,0.40064026209395787,86.42761325836182,"{""num_rows"": ""2097152"", ""profile"": ""duplicates_32""}"
pr1-p32-c512,pr-diagnostics,sorted_order_strings_segmented_diagnostics,Device=0 num_rows=262144 profile=rle_misaligned,False,False,9.149796772003175,9.14088640213013,9.159335947036743,0.2038720877751474,10.914434432983398,"{""num_rows"": ""262144"", ""profile"": ""rle_misaligned""}"
pr1-p32-c512,pr-diagnostics,sorted_order_strings_segmented_diagnostics,Device=0 num_rows=2097152 profile=rle_misaligned,False,False,91.52506065368651,91.50586585998535,91.52514839172363,0.027296352315063055,86.42761325836182,"{""num_rows"": ""2097152"", ""profile"": ""rle_misaligned""}"
optimized,end-to-end,sort_strings_workload,Device=0 min_width=0 max_width=32 num_rows=262144 workload=normal,False,False,0.5007455959916116,0.495950397849083,0.5071887999773025,1.2763193322564987,9.053221702575684,"{""max_width"": ""32"", ""min_width"": ""0"", ""num_rows"": ""262144"", ""workload"": ""normal""}"
optimized,end-to-end,sort_strings_workload,Device=0 min_width=0 max_width=256 num_rows=262144 workload=normal,False,False,1.6341024041175845,1.6292976081371304,1.646491205692291,2.4505939423117225,33.687255859375,"{""max_width"": ""256"", ""min_width"": ""0"", ""num_rows"": ""262144"", ""workload"": ""normal""}"
optimized,end-to-end,sort_strings_workload,Device=0 min_width=0 max_width=32 num_rows=2097152 workload=normal,False,False,1.6983232021331787,1.694777595996857,1.707846397161484,1.579074524353457,95.72902488708496,"{""max_width"": ""32"", ""min_width"": ""0"", ""num_rows"": ""2097152"", ""workload"": ""normal""}"
optimized,end-to-end,sort_strings_workload,Device=0 min_width=0 max_width=256 num_rows=2097152 workload=normal,False,False,8.53436002731323,8.522764825820925,8.551660776138306,2.0751061251728107,269.3055658340454,"{""max_width"": ""256"", ""min_width"": ""0"", ""num_rows"": ""2097152"", ""workload"": ""normal""}"
optimized,end-to-end,sort_strings_workload,Device=0 min_width=0 max_width=32 num_rows=262144 workload=duplicates,False,False,0.5239984124898911,0.5236448019742964,0.5306351959705353,1.6430563285386244,9.053221702575684,"{""max_width"": ""32"", ""min_width"": ""0"", ""num_rows"": ""262144"", ""workload"": ""duplicates""}"
optimized,end-to-end,sort_strings_workload,Device=0 min_width=0 max_width=256 num_rows=262144 workload=duplicates,False,False,1.8662223994731904,1.8639024138450624,1.872649604082108,1.41268369858965,34.63582420349121,"{""max_width"": ""256"", ""min_width"": ""0"", ""num_rows"": ""262144"", ""workload"": ""duplicates""}"
optimized,end-to-end,sort_strings_workload,Device=0 min_width=0 max_width=32 num_rows=2097152 workload=duplicates,False,False,0.8959471970796588,0.8956656008958817,0.9016143947839736,0.653136027810366,96.68649291992188,"{""max_width"": ""32"", ""min_width"": ""0"", ""num_rows"": ""2097152"", ""workload"": ""duplicates""}"
optimized,end-to-end,sort_strings_workload,Device=0 min_width=0 max_width=256 num_rows=2097152 workload=duplicates,False,False,1.4464544117450713,1.4436879873275759,1.4491408050060273,0.5082178836471423,277.07898902893066,"{""max_width"": ""256"", ""min_width"": ""0"", ""num_rows"": ""2097152"", ""workload"": ""duplicates""}"
optimized,end-to-end,sort_strings_workload,Device=0 min_width=0 max_width=32 num_rows=262144 workload=shared_prefix,False,False,0.6511007994413375,0.6510496050119401,0.7648336023092269,68.73540188495058,9.053221702575684,"{""max_width"": ""32"", ""min_width"": ""0"", ""num_rows"": ""262144"", ""workload"": ""shared_prefix""}"
optimized,end-to-end,sort_strings_workload,Device=0 min_width=0 max_width=256 num_rows=262144 workload=shared_prefix,False,False,0.8553231954574585,0.8544768095016481,0.8605056047439575,0.6634721294064573,65.03126335144043,"{""max_width"": ""256"", ""min_width"": ""0"", ""num_rows"": ""262144"", ""workload"": ""shared_prefix""}"
optimized,end-to-end,sort_strings_workload,Device=0 min_width=0 max_width=32 num_rows=2097152 workload=shared_prefix,False,False,4.178411221504213,4.176459193229675,4.185425639152527,0.3568817446345103,120.06652927398682,"{""max_width"": ""32"", ""min_width"": ""0"", ""num_rows"": ""2097152"", ""workload"": ""shared_prefix""}"
optimized,end-to-end,sort_strings_workload,Device=0 min_width=0 max_width=256 num_rows=2097152 workload=shared_prefix,False,False,5.847193598747253,5.83964958190918,5.859254384040834,0.24722930650965522,520.2527341842651,"{""max_width"": ""256"", ""min_width"": ""0"", ""num_rows"": ""2097152"", ""workload"": ""shared_prefix""}"
optimized,end-to-end,sort_strings_workload,Device=0 min_width=0 max_width=32 num_rows=262144 workload=variable,False,False,0.3625903993844986,0.3618831977248192,0.36539839953184133,1.1968237580060426,9.053221702575684,"{""max_width"": ""32"", ""min_width"": ""0"", ""num_rows"": ""262144"", ""workload"": ""variable""}"
optimized,end-to-end,sort_strings_workload,Device=0 min_width=0 max_width=256 num_rows=262144 workload=variable,False,False,0.3877344027161599,0.38754720091819755,0.3928319975733757,0.9424566128231264,34.01968002319336,"{""max_width"": ""256"", ""min_width"": ""0"", ""num_rows"": ""262144"", ""workload"": ""variable""}"
optimized,end-to-end,sort_strings_workload,Device=0 min_width=0 max_width=32 num_rows=2097152 workload=variable,False,False,0.907519996166229,0.9048703908920288,0.9127088069915773,0.4820535972328822,96.05874729156494,"{""max_width"": ""32"", ""min_width"": ""0"", ""num_rows"": ""2097152"", ""workload"": ""variable""}"
optimized,end-to-end,sort_strings_workload,Device=0 min_width=0 max_width=256 num_rows=2097152 workload=variable,False,False,1.1293840050697326,1.1274255990982058,1.1341871917247777,0.31671880015587867,272.17790508270264,"{""max_width"": ""256"", ""min_width"": ""0"", ""num_rows"": ""2097152"", ""workload"": ""variable""}"
optimized,pr-source,sorted_order_strings_source_parity,Device=0 num_rows=262144 profile=unique_32,False,False,0.24235839992761615,0.23759679943323134,0.24343840107321743,1.792593680356799,9.053221702575684,"{""num_rows"": ""262144"", ""profile"": ""unique_32""}"
optimized,pr-source,sorted_order_strings_source_parity,Device=0 num_rows=2097152 profile=unique_32,False,False,0.5809744000434874,0.5806944072246552,0.5871903985738754,3.1871749551105735,72.36474514007568,"{""num_rows"": ""2097152"", ""profile"": ""unique_32""}"
optimized,pr-source,sorted_order_strings_source_parity,Device=0 num_rows=262144 profile=duplicates_32,False,False,0.21530079916119577,0.21430080085992811,0.2164015993475914,4.363353805213442,9.053221702575684,"{""num_rows"": ""262144"", ""profile"": ""duplicates_32""}"
optimized,pr-source,sorted_order_strings_source_parity,Device=0 num_rows=2097152 profile=duplicates_32,False,False,0.5081007927656173,0.5077871963381767,0.5086912035942077,1.2002123713950101,72.36474514007568,"{""num_rows"": ""2097152"", ""profile"": ""duplicates_32""}"
optimized,pr-source,sorted_order_strings_source_parity,Device=0 num_rows=262144 profile=shared_prefix_24,False,False,0.2433679990470409,0.23617439940571788,0.2438608005642891,1.4614571349172738,9.053221702575684,"{""num_rows"": ""262144"", ""profile"": ""shared_prefix_24""}"
optimized,pr-source,sorted_order_strings_source_parity,Device=0 num_rows=2097152 profile=shared_prefix_24,False,False,0.5813872009515761,0.5778783947229386,0.5829439938068389,0.9916858479524128,72.36474514007568,"{""num_rows"": ""2097152"", ""profile"": ""shared_prefix_24""}"
optimized,pr-source,sorted_order_strings_source_parity,Device=0 num_rows=262144 profile=raw_unique_40,False,False,0.17630719840526585,0.17589439898729325,0.18380160033702844,15.426239476499934,9.053221702575684,"{""num_rows"": ""262144"", ""profile"": ""raw_unique_40""}"
optimized,pr-source,sorted_order_strings_source_parity,Device=0 num_rows=2097152 profile=raw_unique_40,False,False,0.41739200055599224,0.4140032023191452,0.41795359998941434,0.8221767079370587,72.36474514007568,"{""num_rows"": ""2097152"", ""profile"": ""raw_unique_40""}"
optimized,pr-source,sorted_order_strings_source_parity,Device=0 num_rows=262144 profile=raw_duplicates_40,False,False,0.47968160063028326,0.476539197564125,0.48259200155735016,0.6661952779746518,9.053221702575684,"{""num_rows"": ""262144"", ""profile"": ""raw_duplicates_40""}"
optimized,pr-source,sorted_order_strings_source_parity,Device=0 num_rows=2097152 profile=raw_duplicates_40,False,False,0.5381439983844758,0.533809596300125,0.539776000380516,0.8934324933008293,72.36474514007568,"{""num_rows"": ""2097152"", ""profile"": ""raw_duplicates_40""}"
optimized,pr-source,sorted_order_strings_source_parity,Device=0 num_rows=262144 profile=raw_shared_prefix_24_width_40,False,False,0.5264000028371811,0.52469439804554,0.5304960012435913,0.5000870764961778,9.053221702575684,"{""num_rows"": ""262144"", ""profile"": ""raw_shared_prefix_24_width_40""}"
optimized,pr-source,sorted_order_strings_source_parity,Device=0 num_rows=2097152 profile=raw_shared_prefix_24_width_40,False,False,3.881068789958953,3.8778543949127195,3.882969617843627,0.2796676477484212,72.36474514007568,"{""num_rows"": ""2097152"", ""profile"": ""raw_shared_prefix_24_width_40""}"
prefix,constant,sorted_order_strings_prefixes,Device=0 num_rows=262144 prefix_width=32 suffix_width=0 prefix_cardinality=1,False,False,1.1575264036655424,1.1543968081474303,1.1647439897060392,0.8818041451723049,4.00056266784668,"{""num_rows"": ""262144"", ""prefix_cardinality"": ""1"", ""prefix_width"": ""32"", ""suffix_width"": ""0""}"
prefix,constant,sorted_order_strings_prefixes,Device=0 num_rows=2097152 prefix_width=32 suffix_width=0 prefix_cardinality=1,False,False,6.576096010208131,6.560593581199646,6.611764764785766,1.298273121501551,32.00227165222168,"{""num_rows"": ""2097152"", ""prefix_cardinality"": ""1"", ""prefix_width"": ""32"", ""suffix_width"": ""0""}"
baseline,stable-warps-1,sorted_order_strings_segments,Device=0 num_rows=32768 shared_suffix=0 segment_profile=pairs,True,True,0.15833759978413578,0.15729119926691054,0.16014399901032447,2.8387612538825433,1.1391592025756836,"{""num_rows"": ""32768"", ""segment_profile"": ""pairs"", ""shared_suffix"": ""0""}"
baseline,stable-warps-1,sorted_order_strings_segments,Device=0 num_rows=2097152 shared_suffix=0 segment_profile=pairs,True,True,0.6541792005300523,0.6539584010839463,0.65522880256176,1.1299803417331282,72.36474514007568,"{""num_rows"": ""2097152"", ""segment_profile"": ""pairs"", ""shared_suffix"": ""0""}"
baseline,stable-warps-1,sorted_order_strings_segments,Device=0 num_rows=32768 shared_suffix=64 segment_profile=pairs,True,True,0.16388320103287699,0.1634640008211136,0.17066240087151527,23.188125880570706,1.1391592025756836,"{""num_rows"": ""32768"", ""segment_profile"": ""pairs"", ""shared_suffix"": ""64""}"
baseline,stable-warps-1,sorted_order_strings_segments,Device=0 num_rows=2097152 shared_suffix=64 segment_profile=pairs,True,True,0.8585648089647294,0.8585072070360182,0.8603599965572356,0.8282851870714891,72.36474514007568,"{""num_rows"": ""2097152"", ""segment_profile"": ""pairs"", ""shared_suffix"": ""64""}"
baseline,stable-warps-1,sorted_order_strings_segments,Device=0 num_rows=32768 shared_suffix=0 segment_profile=tiny4,True,True,0.15848800018429757,0.1576720006763935,0.15853760018944743,1.2589544485297528,1.1391592025756836,"{""num_rows"": ""32768"", ""segment_profile"": ""tiny4"", ""shared_suffix"": ""0""}"
baseline,stable-warps-1,sorted_order_strings_segments,Device=0 num_rows=2097152 shared_suffix=0 segment_profile=tiny4,True,True,0.6194288045167923,0.6187680006027221,0.6215200066566468,0.9096794639780568,72.36474514007568,"{""num_rows"": ""2097152"", ""segment_profile"": ""tiny4"", ""shared_suffix"": ""0""}"
baseline,stable-warps-1,sorted_order_strings_segments,Device=0 num_rows=32768 shared_suffix=64 segment_profile=tiny4,True,True,0.17386719956994057,0.17382400035858153,0.17389599978923798,1.4517976574955331,1.1391592025756836,"{""num_rows"": ""32768"", ""segment_profile"": ""tiny4"", ""shared_suffix"": ""64""}"
baseline,stable-warps-1,sorted_order_strings_segments,Device=0 num_rows=2097152 shared_suffix=64 segment_profile=tiny4,True,True,1.0608591973781585,1.0600928068161009,1.0626751840114592,0.4677503693978278,72.36474514007568,"{""num_rows"": ""2097152"", ""segment_profile"": ""tiny4"", ""shared_suffix"": ""64""}"
baseline,stable-warps-1,sorted_order_strings_segments,Device=0 num_rows=32768 shared_suffix=0 segment_profile=tiny8,True,True,0.1680688008666039,0.16775839999318123,0.18178559988737103,35.697366462398875,1.1391592025756836,"{""num_rows"": ""32768"", ""segment_profile"": ""tiny8"", ""shared_suffix"": ""0""}"
baseline,stable-warps-1,sorted_order_strings_segments,Device=0 num_rows=2097152 shared_suffix=0 segment_profile=tiny8,True,True,0.706662404537201,0.7046512037515641,0.7070064038038253,0.6581614681084255,72.36474514007568,"{""num_rows"": ""2097152"", ""segment_profile"": ""tiny8"", ""shared_suffix"": ""0""}"
baseline,stable-warps-1,sorted_order_strings_segments,Device=0 num_rows=32768 shared_suffix=64 segment_profile=tiny8,True,True,0.19266399890184405,0.19265760108828545,0.1928608000278473,1.4265330056292074,1.1391592025756836,"{""num_rows"": ""32768"", ""segment_profile"": ""tiny8"", ""shared_suffix"": ""64""}"
baseline,stable-warps-1,sorted_order_strings_segments,Device=0 num_rows=2097152 shared_suffix=64 segment_profile=tiny8,True,True,1.4992719948291775,1.4990336000919344,1.4999295949935914,0.3481477670315638,72.36474514007568,"{""num_rows"": ""2097152"", ""segment_profile"": ""tiny8"", ""shared_suffix"": ""64""}"
baseline,stable-warps-1,sorted_order_strings_segments,Device=0 num_rows=32768 shared_suffix=0 segment_profile=tiny16,True,True,0.17321119979023936,0.17317919880151747,0.17329120039939877,1.4030835209736423,1.1391592025756836,"{""num_rows"": ""32768"", ""segment_profile"": ""tiny16"", ""shared_suffix"": ""0""}"
baseline,stable-warps-1,sorted_order_strings_segments,Device=0 num_rows=2097152 shared_suffix=0 segment_profile=tiny16,True,True,0.8007792025804519,0.7981151968240738,0.8012224018573763,0.5423017252423027,72.36474514007568,"{""num_rows"": ""2097152"", ""segment_profile"": ""tiny16"", ""shared_suffix"": ""0""}"
baseline,stable-warps-1,sorted_order_strings_segments,Device=0 num_rows=32768 shared_suffix=64 segment_profile=tiny16,True,True,0.20798719897866247,0.20794720202684397,0.20806239992380143,1.4135738082572231,1.1391592025756836,"{""num_rows"": ""32768"", ""segment_profile"": ""tiny16"", ""shared_suffix"": ""64""}"
baseline,stable-warps-1,sorted_order_strings_segments,Device=0 num_rows=2097152 shared_suffix=64 segment_profile=tiny16,True,True,1.9774943888187408,1.9774111986160283,1.9782415866851808,0.28047790080983453,72.36474514007568,"{""num_rows"": ""2097152"", ""segment_profile"": ""tiny16"", ""shared_suffix"": ""64""}"
baseline,stable-warps-1,sorted_order_strings_segments,Device=0 num_rows=32768 shared_suffix=0 segment_profile=tiny32,True,True,0.17606720104813578,0.1756848007440567,0.1820575997233391,12.863144641772017,1.1391592025756836,"{""num_rows"": ""32768"", ""segment_profile"": ""tiny32"", ""shared_suffix"": ""0""}"
baseline,stable-warps-1,sorted_order_strings_segments,Device=0 num_rows=2097152 shared_suffix=0 segment_profile=tiny32,True,True,0.9294911980628968,0.9280415982007978,0.9305551975965501,0.41015041419718107,72.36474514007568,"{""num_rows"": ""2097152"", ""segment_profile"": ""tiny32"", ""shared_suffix"": ""0""}"
baseline,stable-warps-1,sorted_order_strings_segments,Device=0 num_rows=32768 shared_suffix=64 segment_profile=tiny32,True,True,0.2252864010632038,0.22350879982113836,0.22580800130963322,2.4463384104689734,1.1391592025756836,"{""num_rows"": ""32768"", ""segment_profile"": ""tiny32"", ""shared_suffix"": ""64""}"
baseline,stable-warps-1,sorted_order_strings_segments,Device=0 num_rows=2097152 shared_suffix=64 segment_profile=tiny32,True,True,2.5125039935112006,2.5123376011848455,2.5131568074226376,0.24381493933698467,72.36474514007568,"{""num_rows"": ""2097152"", ""segment_profile"": ""tiny32"", ""shared_suffix"": ""64""}"
optimized,main,sorted_order_strings,Device=0 min_width=1 max_width=8 num_rows=32768,False,False,0.1635264001786709,0.16350720077753067,0.1654767997562885,1.5447817962906352,1.1391592025756836,"{""max_width"": ""8"", ""min_width"": ""1"", ""num_rows"": ""32768""}"
optimized,main,sorted_order_strings,Device=0 min_width=1 max_width=32 num_rows=32768,False,False,0.1983104012906551,0.1980544000864029,0.19980479776859283,1.4226719433757313,1.1391592025756836,"{""max_width"": ""32"", ""min_width"": ""1"", ""num_rows"": ""32768""}"
optimized,main,sorted_order_strings,Device=0 min_width=1 max_width=64 num_rows=32768,False,False,0.23038399964570994,0.22970719859004018,0.23136959820985797,0.7916953888154445,1.1391592025756836,"{""max_width"": ""64"", ""min_width"": ""1"", ""num_rows"": ""32768""}"
optimized,main,sorted_order_strings,Device=0 min_width=1 max_width=128 num_rows=32768,False,False,0.2978431999683381,0.2976944044232368,0.30258079916238784,1.2800335746846545,1.1391592025756836,"{""max_width"": ""128"", ""min_width"": ""1"", ""num_rows"": ""32768""}"
optimized,main,sorted_order_strings,Device=0 min_width=1 max_width=256 num_rows=32768,False,False,0.4382016003131866,0.438035199046135,0.4447375982999802,0.859763879559155,1.1391592025756836,"{""max_width"": ""256"", ""min_width"": ""1"", ""num_rows"": ""32768""}"
optimized,main,sorted_order_strings,Device=0 min_width=1 max_width=8 num_rows=262144,False,False,0.253033597767353,0.2513631999492644,0.2542687997221947,6.880982983399235,9.053221702575684,"{""max_width"": ""8"", ""min_width"": ""1"", ""num_rows"": ""262144""}"
optimized,main,sorted_order_strings,Device=0 min_width=1 max_width=32 num_rows=262144,False,False,0.3872927978634834,0.387286400794983,0.3878943979740143,1.4507003413852586,9.053221702575684,"{""max_width"": ""32"", ""min_width"": ""1"", ""num_rows"": ""262144""}"
optimized,main,sorted_order_strings,Device=0 min_width=1 max_width=64 num_rows=262144,False,False,0.5233888089656829,0.5224111944437028,0.5260159969329833,1.5766773582764473,9.053221702575684,"{""max_width"": ""64"", ""min_width"": ""1"", ""num_rows"": ""262144""}"
optimized,main,sorted_order_strings,Device=0 min_width=1 max_width=128 num_rows=262144,False,False,0.854899200797081,0.8502287983894348,0.8564895987510682,2.444219374512478,9.053221702575684,"{""max_width"": ""128"", ""min_width"": ""1"", ""num_rows"": ""262144""}"
optimized,main,sorted_order_strings,Device=0 min_width=1 max_width=256 num_rows=262144,False,False,1.540887999534607,1.5319600045680999,1.5516272008419036,3.3349741716692103,9.053221702575684,"{""max_width"": ""256"", ""min_width"": ""1"", ""num_rows"": ""262144""}"
optimized,main,sorted_order_strings,Device=0 min_width=1 max_width=8 num_rows=2097152,False,False,0.6223600029945373,0.6179392009973528,0.6261855959892274,0.6124506865925801,72.36474514007568,"{""max_width"": ""8"", ""min_width"": ""1"", ""num_rows"": ""2097152""}"
optimized,main,sorted_order_strings,Device=0 min_width=1 max_width=32 num_rows=2097152,False,False,1.3420544028282166,1.333988791704178,1.3426416039466857,1.8561196618205422,72.36474514007568,"{""max_width"": ""32"", ""min_width"": ""1"", ""num_rows"": ""2097152""}"
optimized,main,sorted_order_strings,Device=0 min_width=1 max_width=64 num_rows=2097152,False,False,2.0513455748558047,2.04367361664772,2.0544175863265997,1.9426416734623018,72.36474514007568,"{""max_width"": ""64"", ""min_width"": ""1"", ""num_rows"": ""2097152""}"
optimized,main,sorted_order_strings,Device=0 min_width=1 max_width=128 num_rows=2097152,False,False,3.710699212551118,3.6926495909690855,3.7259391665458677,2.6081314709122383,72.36474514007568,"{""max_width"": ""128"", ""min_width"": ""1"", ""num_rows"": ""2097152""}"
optimized,main,sorted_order_strings,Device=0 min_width=1 max_width=256 num_rows=2097152,False,False,7.999526405334472,7.9707200050354015,8.021556782722472,2.3625091663312543,72.36474514007568,"{""max_width"": ""256"", ""min_width"": ""1"", ""num_rows"": ""2097152""}"
optimized,main,sorted_order_strings,Device=0 min_width=1 max_width=8 num_rows=16777216,False,False,3.2434096336364746,2.9960048079490655,3.8492752194404605,31.172507560694036,578.8530263900757,"{""max_width"": ""8"", ""min_width"": ""1"", ""num_rows"": ""16777216""}"
optimized,main,sorted_order_strings,Device=0 min_width=1 max_width=32 num_rows=16777216,False,False,5.981840014457703,5.878532814979554,6.403718423843382,15.983640207308616,578.8530263900757,"{""max_width"": ""32"", ""min_width"": ""1"", ""num_rows"": ""16777216""}"
optimized,main,sorted_order_strings,Device=0 min_width=1 max_width=64 num_rows=16777216,False,False,8.660731220245358,8.049444818496703,8.958433628082274,13.847385656161487,578.8530263900757,"{""max_width"": ""64"", ""min_width"": ""1"", ""num_rows"": ""16777216""}"
optimized,main,sorted_order_strings,Device=0 min_width=1 max_width=128 num_rows=16777216,False,False,12.877892684936523,12.784487962722778,13.04778079986572,5.090739585825228,578.8530263900757,"{""max_width"": ""128"", ""min_width"": ""1"", ""num_rows"": ""16777216""}"
optimized,main,sorted_order_strings,Device=0 min_width=1 max_width=256 num_rows=16777216,False,False,23.820833683013916,23.648734188079835,24.062483215332033,6.050846121522576,578.8530263900757,"{""max_width"": ""256"", ""min_width"": ""1"", ""num_rows"": ""16777216""}"
optimized,main,sorted_order_strings_distribution,Device=0 num_rows=262144 profile=cardinality_1_width_32,False,False,0.0073567999526858345,0.007091200025752188,0.00754399998113513,16.371110849275734,1.0,"{""num_rows"": ""262144"", ""profile"": ""cardinality_1_width_32""}"
optimized,main,sorted_order_strings_distribution,Device=0 num_rows=2097152 profile=cardinality_1_width_32,False,False,0.00870559993200004,0.008507200051099064,0.008823999995365737,12.36413656324278,8.0,"{""num_rows"": ""2097152"", ""profile"": ""cardinality_1_width_32""}"
optimized,main,sorted_order_strings_distribution,Device=0 num_rows=262144 profile=cardinality_64_width_128,False,False,0.9808559983968735,0.975414401292801,0.9937487930059433,2.79656912618959,9.053221702575684,"{""num_rows"": ""262144"", ""profile"": ""cardinality_64_width_128""}"
optimized,main,sorted_order_strings_distribution,Device=0 num_rows=2097152 profile=cardinality_64_width_128,False,False,0.6983567982912062,0.697680002450943,0.7018256008625031,0.7907583838510961,72.36474514007568,"{""num_rows"": ""2097152"", ""profile"": ""cardinality_64_width_128""}"
optimized,main,sorted_order_strings_distribution,Device=0 num_rows=262144 profile=shared_prefix_64,False,False,0.6815919965505599,0.6768031984567642,0.6863920003175736,0.8218079194395674,9.053221702575684,"{""num_rows"": ""262144"", ""profile"": ""shared_prefix_64""}"
optimized,main,sorted_order_strings_distribution,Device=0 num_rows=2097152 profile=shared_prefix_64,False,False,5.226151990890503,5.216692805290223,5.2262336015701285,0.2571962783517972,72.36474514007568,"{""num_rows"": ""2097152"", ""profile"": ""shared_prefix_64""}"
optimized,main,sorted_order_strings_distribution,Device=0 num_rows=262144 profile=variable_128,False,False,0.25652000010013576,0.2560496017336845,0.26471519917249686,1.1040991120179728,9.053221702575684,"{""num_rows"": ""262144"", ""profile"": ""variable_128""}"
optimized,main,sorted_order_strings_distribution,Device=0 num_rows=2097152 profile=variable_128,False,False,0.5133296012878418,0.5120511978864669,0.5187984079122543,0.6956816394513505,72.36474514007568,"{""num_rows"": ""2097152"", ""profile"": ""variable_128""}"
optimized,main,sorted_order_strings_nulls,Device=0 num_rows=262144 profile=fixed_8 null_percent=0,False,False,0.18688800111412995,0.1843664012849331,0.18857920095324518,1.9700631234532175,9.053221702575684,"{""null_percent"": ""0"", ""num_rows"": ""262144"", ""profile"": ""fixed_8""}"
optimized,main,sorted_order_strings_nulls,Device=0 num_rows=2097152 profile=fixed_8 null_percent=0,False,False,0.39292000234127045,0.3920736029744148,0.39572159647941585,0.9510422568128751,72.36474514007568,"{""null_percent"": ""0"", ""num_rows"": ""2097152"", ""profile"": ""fixed_8""}"
optimized,main,sorted_order_strings_nulls,Device=0 num_rows=262144 profile=variable_128 null_percent=0,False,False,0.2593712031841279,0.2554383993148804,0.2639792025089263,1.453951704870804,9.053221702575684,"{""null_percent"": ""0"", ""num_rows"": ""262144"", ""profile"": ""variable_128""}"
optimized,main,sorted_order_strings_nulls,Device=0 num_rows=2097152 profile=variable_128 null_percent=0,False,False,0.5169439971446991,0.5150608032941818,0.5211503982543947,0.7839982051720993,72.36474514007568,"{""null_percent"": ""0"", ""num_rows"": ""2097152"", ""profile"": ""variable_128""}"
optimized,main,sorted_order_strings_nulls,Device=0 num_rows=262144 profile=fixed_8 null_percent=50,False,False,0.20351040139794352,0.19706560224294667,0.2045263983309269,8.486323997315383,15.104979515075684,"{""null_percent"": ""50"", ""num_rows"": ""262144"", ""profile"": ""fixed_8""}"
optimized,main,sorted_order_strings_nulls,Device=0 num_rows=2097152 profile=fixed_8 null_percent=50,False,False,0.6249584019184112,0.6221120029687882,0.626516804099083,1.096510879883403,120.77197170257568,"{""null_percent"": ""50"", ""num_rows"": ""2097152"", ""profile"": ""fixed_8""}"
optimized,main,sorted_order_strings_nulls,Device=0 num_rows=262144 profile=variable_128 null_percent=50,False,False,0.25824320018291474,0.2553967997431756,0.2642368003726006,5.415271347936517,15.104979515075684,"{""null_percent"": ""50"", ""num_rows"": ""262144"", ""profile"": ""variable_128""}"
optimized,main,sorted_order_strings_nulls,Device=0 num_rows=2097152 profile=variable_128 null_percent=50,False,False,0.7028544038534166,0.70205759704113,0.707464000582695,0.6016920133590251,120.77197170257568,"{""null_percent"": ""50"", ""num_rows"": ""2097152"", ""profile"": ""variable_128""}"
optimized,main,sorted_order_strings_nulls,Device=0 num_rows=262144 profile=fixed_8 null_percent=100,False,False,0.0073152000317350035,0.007230400061234831,0.007414399995468555,7.233216170116926,1.0,"{""null_percent"": ""100"", ""num_rows"": ""262144"", ""profile"": ""fixed_8""}"
optimized,main,sorted_order_strings_nulls,Device=0 num_rows=2097152 profile=fixed_8 null_percent=100,False,False,0.008542399946600198,0.008504000026732683,0.00869120005518198,10.501546389398445,8.0,"{""null_percent"": ""100"", ""num_rows"": ""2097152"", ""profile"": ""fixed_8""}"
optimized,main,sorted_order_strings_nulls,Device=0 num_rows=262144 profile=variable_128 null_percent=100,False,False,0.007142400066368281,0.0071344000054523364,0.007593600032851099,6.1954617261653135,1.0,"{""null_percent"": ""100"", ""num_rows"": ""262144"", ""profile"": ""variable_128""}"
optimized,main,sorted_order_strings_nulls,Device=0 num_rows=2097152 profile=variable_128 null_percent=100,False,False,0.008471999922767284,0.008436799980700018,0.008600000012665988,4.943562348135476,8.0,"{""null_percent"": ""100"", ""num_rows"": ""2097152"", ""profile"": ""variable_128""}"
