config,group,state,stable,descending,rounds,ratio,ratio_ci_low,ratio_ci_high,accepted,axes
experiment-31,segments,Device=0 num_rows=32768 shared_suffix=0 segment_profile=singletons,False,False,3,1.0256364782655714,0.9831280221950158,1.0486121222598679,True,"{""num_rows"": ""32768"", ""segment_profile"": ""singletons"", ""shared_suffix"": ""0""}"
experiment-31,segments,Device=0 num_rows=2097152 shared_suffix=0 segment_profile=singletons,False,False,3,1.6479760041443674,0.6940537892864741,2.8661308572289004,True,"{""num_rows"": ""2097152"", ""segment_profile"": ""singletons"", ""shared_suffix"": ""0""}"
experiment-31,segments,Device=0 num_rows=32768 shared_suffix=64 segment_profile=singletons,False,False,3,1.0173402208459927,0.9769310662122084,1.0435392896790536,True,"{""num_rows"": ""32768"", ""segment_profile"": ""singletons"", ""shared_suffix"": ""64""}"
experiment-31,segments,Device=0 num_rows=2097152 shared_suffix=64 segment_profile=singletons,False,False,3,1.0125279247949106,0.978173901678683,1.0391411918315425,True,"{""num_rows"": ""2097152"", ""segment_profile"": ""singletons"", ""shared_suffix"": ""64""}"
experiment-31,segments,Device=0 num_rows=32768 shared_suffix=0 segment_profile=pairs,False,False,3,1.0515689328778286,0.941284518667916,1.1410121809903695,True,"{""num_rows"": ""32768"", ""segment_profile"": ""pairs"", ""shared_suffix"": ""0""}"
experiment-31,segments,Device=0 num_rows=2097152 shared_suffix=0 segment_profile=pairs,False,False,3,1.012094839779824,1.0009693632301406,1.0163386280616182,True,"{""num_rows"": ""2097152"", ""segment_profile"": ""pairs"", ""shared_suffix"": ""0""}"
experiment-31,segments,Device=0 num_rows=32768 shared_suffix=64 segment_profile=pairs,False,False,3,1.0136376038235075,0.9452077455028374,1.0647003710617529,True,"{""num_rows"": ""32768"", ""segment_profile"": ""pairs"", ""shared_suffix"": ""64""}"
experiment-31,segments,Device=0 num_rows=2097152 shared_suffix=64 segment_profile=pairs,False,False,3,1.0095801297689728,0.998055231715235,1.0153012678130129,True,"{""num_rows"": ""2097152"", ""segment_profile"": ""pairs"", ""shared_suffix"": ""64""}"
experiment-31,segments,Device=0 num_rows=32768 shared_suffix=0 segment_profile=tiny4,False,False,3,1.0128613263987858,0.9527789999754197,1.077773614042702,True,"{""num_rows"": ""32768"", ""segment_profile"": ""tiny4"", ""shared_suffix"": ""0""}"
experiment-31,segments,Device=0 num_rows=2097152 shared_suffix=0 segment_profile=tiny4,False,False,3,1.0084043347711764,0.9957725006690268,1.0185904068249305,True,"{""num_rows"": ""2097152"", ""segment_profile"": ""tiny4"", ""shared_suffix"": ""0""}"
experiment-31,segments,Device=0 num_rows=32768 shared_suffix=64 segment_profile=tiny4,False,False,3,1.0020640513875612,0.9699805932136291,1.020015270150241,True,"{""num_rows"": ""32768"", ""segment_profile"": ""tiny4"", ""shared_suffix"": ""64""}"
experiment-31,segments,Device=0 num_rows=2097152 shared_suffix=64 segment_profile=tiny4,False,False,3,1.0012389642513952,0.9939013944434917,1.00753143725273,True,"{""num_rows"": ""2097152"", ""segment_profile"": ""tiny4"", ""shared_suffix"": ""64""}"
experiment-31,segments,Device=0 num_rows=32768 shared_suffix=0 segment_profile=tiny8,False,False,3,1.014402320114397,0.945028940835844,1.054970027513008,True,"{""num_rows"": ""32768"", ""segment_profile"": ""tiny8"", ""shared_suffix"": ""0""}"
experiment-31,segments,Device=0 num_rows=2097152 shared_suffix=0 segment_profile=tiny8,False,False,3,0.99902444899818,0.9788886234591111,1.0147048802695424,True,"{""num_rows"": ""2097152"", ""segment_profile"": ""tiny8"", ""shared_suffix"": ""0""}"
experiment-31,segments,Device=0 num_rows=32768 shared_suffix=64 segment_profile=tiny8,False,False,3,1.0087396534010036,0.9335477666466618,1.0575722914571504,True,"{""num_rows"": ""32768"", ""segment_profile"": ""tiny8"", ""shared_suffix"": ""64""}"
experiment-31,segments,Device=0 num_rows=2097152 shared_suffix=64 segment_profile=tiny8,False,False,3,0.9992610180009602,0.9901068629363572,1.0041367401133006,True,"{""num_rows"": ""2097152"", ""segment_profile"": ""tiny8"", ""shared_suffix"": ""64""}"
experiment-31,segments,Device=0 num_rows=32768 shared_suffix=0 segment_profile=tiny16,False,False,3,0.9969060941438759,0.9851754979452964,1.0137531125570316,True,"{""num_rows"": ""32768"", ""segment_profile"": ""tiny16"", ""shared_suffix"": ""0""}"
experiment-31,segments,Device=0 num_rows=2097152 shared_suffix=0 segment_profile=tiny16,False,False,3,0.9856964078850018,0.9681532752237625,1.000690115169366,True,"{""num_rows"": ""2097152"", ""segment_profile"": ""tiny16"", ""shared_suffix"": ""0""}"
experiment-31,segments,Device=0 num_rows=32768 shared_suffix=64 segment_profile=tiny16,False,False,3,1.0066811842731067,0.975138471489573,1.031440194370301,True,"{""num_rows"": ""32768"", ""segment_profile"": ""tiny16"", ""shared_suffix"": ""64""}"
experiment-31,segments,Device=0 num_rows=2097152 shared_suffix=64 segment_profile=tiny16,False,False,3,0.9967436594751322,0.9914992457570607,1.0008364567492471,True,"{""num_rows"": ""2097152"", ""segment_profile"": ""tiny16"", ""shared_suffix"": ""64""}"
experiment-31,segments,Device=0 num_rows=32768 shared_suffix=0 segment_profile=tiny32,False,False,3,1.0176754598373672,1.0003465079923703,1.0299011859964151,True,"{""num_rows"": ""32768"", ""segment_profile"": ""tiny32"", ""shared_suffix"": ""0""}"
experiment-31,segments,Device=0 num_rows=2097152 shared_suffix=0 segment_profile=tiny32,False,False,3,0.9860741239627658,0.9705628172899722,0.9968426050755004,True,"{""num_rows"": ""2097152"", ""segment_profile"": ""tiny32"", ""shared_suffix"": ""0""}"
experiment-31,segments,Device=0 num_rows=32768 shared_suffix=64 segment_profile=tiny32,False,False,3,1.0039011090314727,0.9711574370286474,1.0355832214968834,True,"{""num_rows"": ""32768"", ""segment_profile"": ""tiny32"", ""shared_suffix"": ""64""}"
experiment-31,segments,Device=0 num_rows=2097152 shared_suffix=64 segment_profile=tiny32,False,False,3,0.9976602252720463,0.9885586610299109,1.0079993320493246,True,"{""num_rows"": ""2097152"", ""segment_profile"": ""tiny32"", ""shared_suffix"": ""64""}"
experiment-31,segments,Device=0 num_rows=32768 shared_suffix=0 segment_profile=block256,False,False,3,1.0252826840147369,0.9730951963736518,1.0480825094219897,True,"{""num_rows"": ""32768"", ""segment_profile"": ""block256"", ""shared_suffix"": ""0""}"
experiment-31,segments,Device=0 num_rows=2097152 shared_suffix=0 segment_profile=block256,False,False,3,0.9732002324737491,0.9633825950663675,0.9784864019085056,True,"{""num_rows"": ""2097152"", ""segment_profile"": ""block256"", ""shared_suffix"": ""0""}"
experiment-31,segments,Device=0 num_rows=32768 shared_suffix=64 segment_profile=block256,False,False,3,1.0070639404367656,0.9724762452024194,1.0305853099614102,True,"{""num_rows"": ""32768"", ""segment_profile"": ""block256"", ""shared_suffix"": ""64""}"
experiment-31,segments,Device=0 num_rows=2097152 shared_suffix=64 segment_profile=block256,False,False,3,0.9955855136445477,0.9911931970990796,0.9996522498171059,True,"{""num_rows"": ""2097152"", ""segment_profile"": ""block256"", ""shared_suffix"": ""64""}"
experiment-31,segments,Device=0 num_rows=32768 shared_suffix=0 segment_profile=logarithmic,False,False,3,0.9965070365042622,0.9770564817062308,1.0037151449077448,True,"{""num_rows"": ""32768"", ""segment_profile"": ""logarithmic"", ""shared_suffix"": ""0""}"
experiment-31,segments,Device=0 num_rows=2097152 shared_suffix=0 segment_profile=logarithmic,False,False,3,0.9946873924288596,0.9894134022753897,0.9992976973292086,True,"{""num_rows"": ""2097152"", ""segment_profile"": ""logarithmic"", ""shared_suffix"": ""0""}"
experiment-31,segments,Device=0 num_rows=32768 shared_suffix=64 segment_profile=logarithmic,False,False,3,0.9934196151038722,0.9725872020944203,1.011382898269396,True,"{""num_rows"": ""32768"", ""segment_profile"": ""logarithmic"", ""shared_suffix"": ""64""}"
experiment-31,segments,Device=0 num_rows=2097152 shared_suffix=64 segment_profile=logarithmic,False,False,3,0.9983453034237214,0.9953220874141466,1.0010907085756053,True,"{""num_rows"": ""2097152"", ""segment_profile"": ""logarithmic"", ""shared_suffix"": ""64""}"
experiment-31,segments,Device=0 num_rows=32768 shared_suffix=0 segment_profile=tiny_plus_giant,False,False,3,1.0014240693696548,0.9720307712022783,1.0138576973909434,True,"{""num_rows"": ""32768"", ""segment_profile"": ""tiny_plus_giant"", ""shared_suffix"": ""0""}"
experiment-31,segments,Device=0 num_rows=2097152 shared_suffix=0 segment_profile=tiny_plus_giant,False,False,3,0.9899271495068486,0.9781572918648301,1.0019096020390716,True,"{""num_rows"": ""2097152"", ""segment_profile"": ""tiny_plus_giant"", ""shared_suffix"": ""0""}"
experiment-31,segments,Device=0 num_rows=32768 shared_suffix=64 segment_profile=tiny_plus_giant,False,False,3,0.9988155666381577,0.9883037395335389,1.0038954214870637,True,"{""num_rows"": ""32768"", ""segment_profile"": ""tiny_plus_giant"", ""shared_suffix"": ""64""}"
experiment-31,segments,Device=0 num_rows=2097152 shared_suffix=64 segment_profile=tiny_plus_giant,False,False,3,0.6412373428880856,0.638570764172606,0.6424733509679975,True,"{""num_rows"": ""2097152"", ""segment_profile"": ""tiny_plus_giant"", ""shared_suffix"": ""64""}"
experiment-31,segments,Device=0 num_rows=32768 shared_suffix=0 segment_profile=hot90,False,False,3,1.0066043629264232,0.9734929377952289,1.0223194625662344,True,"{""num_rows"": ""32768"", ""segment_profile"": ""hot90"", ""shared_suffix"": ""0""}"
experiment-31,segments,Device=0 num_rows=2097152 shared_suffix=0 segment_profile=hot90,False,False,3,0.983089292480758,0.9790483416905619,0.9877590391722743,True,"{""num_rows"": ""2097152"", ""segment_profile"": ""hot90"", ""shared_suffix"": ""0""}"
experiment-31,segments,Device=0 num_rows=32768 shared_suffix=64 segment_profile=hot90,False,False,3,0.5193278941195657,0.5003857788137216,0.5324354477100537,True,"{""num_rows"": ""32768"", ""segment_profile"": ""hot90"", ""shared_suffix"": ""64""}"
experiment-31,segments,Device=0 num_rows=2097152 shared_suffix=64 segment_profile=hot90,False,False,3,0.37383623417143275,0.3724087116949055,0.375072840417788,True,"{""num_rows"": ""2097152"", ""segment_profile"": ""hot90"", ""shared_suffix"": ""64""}"
experiment-31,segments,Device=0 num_rows=32768 shared_suffix=0 segment_profile=few_giants,False,False,3,1.0163798387854555,0.9524771961018619,1.0964363186403059,True,"{""num_rows"": ""32768"", ""segment_profile"": ""few_giants"", ""shared_suffix"": ""0""}"
experiment-31,segments,Device=0 num_rows=2097152 shared_suffix=0 segment_profile=few_giants,False,False,3,0.9947275175939371,0.9817704558469192,1.0004437372617976,True,"{""num_rows"": ""2097152"", ""segment_profile"": ""few_giants"", ""shared_suffix"": ""0""}"
experiment-31,segments,Device=0 num_rows=32768 shared_suffix=64 segment_profile=few_giants,False,False,3,1.0038049244778704,0.9923548948979817,1.010807168277488,True,"{""num_rows"": ""32768"", ""segment_profile"": ""few_giants"", ""shared_suffix"": ""64""}"
experiment-31,segments,Device=0 num_rows=2097152 shared_suffix=64 segment_profile=few_giants,False,False,3,0.662073317954895,0.6586550277169747,0.6643458886669324,True,"{""num_rows"": ""2097152"", ""segment_profile"": ""few_giants"", ""shared_suffix"": ""64""}"
experiment-31,segments,Device=0 num_rows=32768 shared_suffix=0 segment_profile=one_segment,False,False,3,0.7946415225467516,0.7868489318509777,0.8034325038160174,True,"{""num_rows"": ""32768"", ""segment_profile"": ""one_segment"", ""shared_suffix"": ""0""}"
experiment-31,segments,Device=0 num_rows=2097152 shared_suffix=0 segment_profile=one_segment,False,False,3,0.2645483685868381,0.2573524852336954,0.27370930930590004,True,"{""num_rows"": ""2097152"", ""segment_profile"": ""one_segment"", ""shared_suffix"": ""0""}"
experiment-31,segments,Device=0 num_rows=32768 shared_suffix=64 segment_profile=one_segment,False,False,3,0.38666406829277694,0.36215852304151724,0.4050197240298098,True,"{""num_rows"": ""32768"", ""segment_profile"": ""one_segment"", ""shared_suffix"": ""64""}"
experiment-31,segments,Device=0 num_rows=2097152 shared_suffix=64 segment_profile=one_segment,False,False,3,0.08559112084018211,0.08509457060782238,0.08585742737342644,True,"{""num_rows"": ""2097152"", ""segment_profile"": ""one_segment"", ""shared_suffix"": ""64""}"
experiment-31,pr-workload,Device=0 min_width=0 max_width=32 num_rows=32768 workload=normal,False,False,3,0.992714149070448,0.9678054272850204,1.0227293010970013,True,"{""max_width"": ""32"", ""min_width"": ""0"", ""num_rows"": ""32768"", ""workload"": ""normal""}"
experiment-31,pr-workload,Device=0 min_width=0 max_width=64 num_rows=32768 workload=normal,False,False,3,0.9895396827834836,0.9800829832697079,1.0008457977772856,True,"{""max_width"": ""64"", ""min_width"": ""0"", ""num_rows"": ""32768"", ""workload"": ""normal""}"
experiment-31,pr-workload,Device=0 min_width=0 max_width=128 num_rows=32768 workload=normal,False,False,3,0.9914758766416519,0.9903480181968832,0.9945175455863327,True,"{""max_width"": ""128"", ""min_width"": ""0"", ""num_rows"": ""32768"", ""workload"": ""normal""}"
experiment-31,pr-workload,Device=0 min_width=0 max_width=256 num_rows=32768 workload=normal,False,False,3,0.9876476167968585,0.9803115814247909,1.0064067939503303,True,"{""max_width"": ""256"", ""min_width"": ""0"", ""num_rows"": ""32768"", ""workload"": ""normal""}"
experiment-31,pr-workload,Device=0 min_width=0 max_width=32 num_rows=262144 workload=normal,False,False,3,0.9785078466093918,0.9608771652721215,0.9953760964843064,True,"{""max_width"": ""32"", ""min_width"": ""0"", ""num_rows"": ""262144"", ""workload"": ""normal""}"
experiment-31,pr-workload,Device=0 min_width=0 max_width=64 num_rows=262144 workload=normal,False,False,3,0.9843172262191595,0.9789206465693925,0.9900171412154916,True,"{""max_width"": ""64"", ""min_width"": ""0"", ""num_rows"": ""262144"", ""workload"": ""normal""}"
experiment-31,pr-workload,Device=0 min_width=0 max_width=128 num_rows=262144 workload=normal,False,False,3,0.9872832056401942,0.9772485596535344,1.0070954959566827,True,"{""max_width"": ""128"", ""min_width"": ""0"", ""num_rows"": ""262144"", ""workload"": ""normal""}"
experiment-31,pr-workload,Device=0 min_width=0 max_width=256 num_rows=262144 workload=normal,False,False,3,0.9938637225308875,0.9848766189937124,0.9975122182682814,True,"{""max_width"": ""256"", ""min_width"": ""0"", ""num_rows"": ""262144"", ""workload"": ""normal""}"
experiment-31,pr-workload,Device=0 min_width=0 max_width=32 num_rows=2097152 workload=normal,False,False,3,0.9780956381688195,0.9548749608667351,0.9991556102825239,True,"{""max_width"": ""32"", ""min_width"": ""0"", ""num_rows"": ""2097152"", ""workload"": ""normal""}"
experiment-31,pr-workload,Device=0 min_width=0 max_width=64 num_rows=2097152 workload=normal,False,False,3,0.9851506909528116,0.9831905601150713,0.987565231881732,True,"{""max_width"": ""64"", ""min_width"": ""0"", ""num_rows"": ""2097152"", ""workload"": ""normal""}"
experiment-31,pr-workload,Device=0 min_width=0 max_width=128 num_rows=2097152 workload=normal,False,False,3,0.9941555663698604,0.9880409764307888,1.0003902988898898,True,"{""max_width"": ""128"", ""min_width"": ""0"", ""num_rows"": ""2097152"", ""workload"": ""normal""}"
experiment-31,pr-workload,Device=0 min_width=0 max_width=256 num_rows=2097152 workload=normal,False,False,3,0.9997494788272624,0.9729454776860788,1.0196406496176287,True,"{""max_width"": ""256"", ""min_width"": ""0"", ""num_rows"": ""2097152"", ""workload"": ""normal""}"
experiment-31,pr-workload,Device=0 min_width=0 max_width=32 num_rows=32768 workload=duplicates,False,False,3,0.9823917581552044,0.9551054351021592,1.015966042652409,True,"{""max_width"": ""32"", ""min_width"": ""0"", ""num_rows"": ""32768"", ""workload"": ""duplicates""}"
experiment-31,pr-workload,Device=0 min_width=0 max_width=64 num_rows=32768 workload=duplicates,False,False,3,0.9899962390521546,0.9636062625441306,1.018166361785938,True,"{""max_width"": ""64"", ""min_width"": ""0"", ""num_rows"": ""32768"", ""workload"": ""duplicates""}"
experiment-31,pr-workload,Device=0 min_width=0 max_width=128 num_rows=32768 workload=duplicates,False,False,3,0.986070103353644,0.9824791308123749,0.9941451647871218,True,"{""max_width"": ""128"", ""min_width"": ""0"", ""num_rows"": ""32768"", ""workload"": ""duplicates""}"
experiment-31,pr-workload,Device=0 min_width=0 max_width=256 num_rows=32768 workload=duplicates,False,False,3,0.9951466342310805,0.9876919889848,1.0016867216398782,True,"{""max_width"": ""256"", ""min_width"": ""0"", ""num_rows"": ""32768"", ""workload"": ""duplicates""}"
experiment-31,pr-workload,Device=0 min_width=0 max_width=32 num_rows=262144 workload=duplicates,False,False,3,0.9759177180427691,0.9501582002728465,1.0212108414140584,True,"{""max_width"": ""32"", ""min_width"": ""0"", ""num_rows"": ""262144"", ""workload"": ""duplicates""}"
experiment-31,pr-workload,Device=0 min_width=0 max_width=64 num_rows=262144 workload=duplicates,False,False,3,0.98021193100777,0.9529168243352825,1.0091502348528523,True,"{""max_width"": ""64"", ""min_width"": ""0"", ""num_rows"": ""262144"", ""workload"": ""duplicates""}"
experiment-31,pr-workload,Device=0 min_width=0 max_width=128 num_rows=262144 workload=duplicates,False,False,3,0.9927178577993263,0.9734100007320137,1.0114804605163834,True,"{""max_width"": ""128"", ""min_width"": ""0"", ""num_rows"": ""262144"", ""workload"": ""duplicates""}"
experiment-31,pr-workload,Device=0 min_width=0 max_width=256 num_rows=262144 workload=duplicates,False,False,3,0.994859781279496,0.983806229671229,1.0049442616766526,True,"{""max_width"": ""256"", ""min_width"": ""0"", ""num_rows"": ""262144"", ""workload"": ""duplicates""}"
experiment-31,pr-workload,Device=0 min_width=0 max_width=32 num_rows=2097152 workload=duplicates,False,False,3,0.34868880583373396,0.34527119905257636,0.3516744584205068,True,"{""max_width"": ""32"", ""min_width"": ""0"", ""num_rows"": ""2097152"", ""workload"": ""duplicates""}"
experiment-31,pr-workload,Device=0 min_width=0 max_width=64 num_rows=2097152 workload=duplicates,False,False,3,0.2474297325436375,0.2461211883903123,0.2492110232828165,True,"{""max_width"": ""64"", ""min_width"": ""0"", ""num_rows"": ""2097152"", ""workload"": ""duplicates""}"
experiment-31,pr-workload,Device=0 min_width=0 max_width=128 num_rows=2097152 workload=duplicates,False,False,3,0.16791166952483091,0.16754522452300924,0.16874617069743317,True,"{""max_width"": ""128"", ""min_width"": ""0"", ""num_rows"": ""2097152"", ""workload"": ""duplicates""}"
experiment-31,pr-workload,Device=0 min_width=0 max_width=256 num_rows=2097152 workload=duplicates,False,False,3,0.10851476386104775,0.107683649355961,0.10896203095625445,True,"{""max_width"": ""256"", ""min_width"": ""0"", ""num_rows"": ""2097152"", ""workload"": ""duplicates""}"
experiment-31,pr-workload,Device=0 min_width=0 max_width=32 num_rows=32768 workload=shared_prefix,False,False,3,0.753003311798624,0.7434353918908884,0.7694486918014749,True,"{""max_width"": ""32"", ""min_width"": ""0"", ""num_rows"": ""32768"", ""workload"": ""shared_prefix""}"
experiment-31,pr-workload,Device=0 min_width=0 max_width=64 num_rows=32768 workload=shared_prefix,False,False,3,0.5006077455134492,0.4884962398568238,0.5205654974663587,True,"{""max_width"": ""64"", ""min_width"": ""0"", ""num_rows"": ""32768"", ""workload"": ""shared_prefix""}"
experiment-31,pr-workload,Device=0 min_width=0 max_width=128 num_rows=32768 workload=shared_prefix,False,False,3,0.30024435444998065,0.2975922516999419,0.30354605337885576,True,"{""max_width"": ""128"", ""min_width"": ""0"", ""num_rows"": ""32768"", ""workload"": ""shared_prefix""}"
experiment-31,pr-workload,Device=0 min_width=0 max_width=256 num_rows=32768 workload=shared_prefix,False,False,3,0.13708197132754033,0.13489748157947665,0.14037044561770387,True,"{""max_width"": ""256"", ""min_width"": ""0"", ""num_rows"": ""32768"", ""workload"": ""shared_prefix""}"
experiment-31,pr-workload,Device=0 min_width=0 max_width=32 num_rows=262144 workload=shared_prefix,False,False,3,0.7643470364063047,0.7579379760698647,0.7773542372304045,True,"{""max_width"": ""32"", ""min_width"": ""0"", ""num_rows"": ""262144"", ""workload"": ""shared_prefix""}"
experiment-31,pr-workload,Device=0 min_width=0 max_width=64 num_rows=262144 workload=shared_prefix,False,False,3,0.4721040185346537,0.4678785634296044,0.4768341905234634,True,"{""max_width"": ""64"", ""min_width"": ""0"", ""num_rows"": ""262144"", ""workload"": ""shared_prefix""}"
experiment-31,pr-workload,Device=0 min_width=0 max_width=128 num_rows=262144 workload=shared_prefix,False,False,3,0.24543191446245516,0.24471976791233158,0.24668326280246514,True,"{""max_width"": ""128"", ""min_width"": ""0"", ""num_rows"": ""262144"", ""workload"": ""shared_prefix""}"
experiment-31,pr-workload,Device=0 min_width=0 max_width=256 num_rows=262144 workload=shared_prefix,False,False,3,0.09453696702753735,0.09323145653668802,0.09652465164136366,True,"{""max_width"": ""256"", ""min_width"": ""0"", ""num_rows"": ""262144"", ""workload"": ""shared_prefix""}"
experiment-31,pr-workload,Device=0 min_width=0 max_width=32 num_rows=2097152 workload=shared_prefix,False,False,3,0.7130154794708861,0.7072887581099155,0.7197568841709575,True,"{""max_width"": ""32"", ""min_width"": ""0"", ""num_rows"": ""2097152"", ""workload"": ""shared_prefix""}"
experiment-31,pr-workload,Device=0 min_width=0 max_width=64 num_rows=2097152 workload=shared_prefix,False,False,3,0.41746752974097007,0.41659196001408805,0.4182948842719106,True,"{""max_width"": ""64"", ""min_width"": ""0"", ""num_rows"": ""2097152"", ""workload"": ""shared_prefix""}"
experiment-31,pr-workload,Device=0 min_width=0 max_width=128 num_rows=2097152 workload=shared_prefix,False,False,3,0.21770788055673593,0.2174150012111806,0.2181950467161963,True,"{""max_width"": ""128"", ""min_width"": ""0"", ""num_rows"": ""2097152"", ""workload"": ""shared_prefix""}"
experiment-31,pr-workload,Device=0 min_width=0 max_width=256 num_rows=2097152 workload=shared_prefix,False,False,3,0.10831005057976581,0.10818143058416774,0.10843793257560104,True,"{""max_width"": ""256"", ""min_width"": ""0"", ""num_rows"": ""2097152"", ""workload"": ""shared_prefix""}"
experiment-31,pr-workload,Device=0 min_width=0 max_width=32 num_rows=32768 workload=variable,False,False,3,0.9638453799084116,0.9463653490003833,1.0025131217722374,True,"{""max_width"": ""32"", ""min_width"": ""0"", ""num_rows"": ""32768"", ""workload"": ""variable""}"
experiment-31,pr-workload,Device=0 min_width=0 max_width=64 num_rows=32768 workload=variable,False,False,3,0.9795902880234391,0.9376034087106553,1.030827908308905,True,"{""max_width"": ""64"", ""min_width"": ""0"", ""num_rows"": ""32768"", ""workload"": ""variable""}"
experiment-31,pr-workload,Device=0 min_width=0 max_width=128 num_rows=32768 workload=variable,False,False,3,0.9783251321382943,0.9465129333143684,1.0240191368385934,True,"{""max_width"": ""128"", ""min_width"": ""0"", ""num_rows"": ""32768"", ""workload"": ""variable""}"
experiment-31,pr-workload,Device=0 min_width=0 max_width=256 num_rows=32768 workload=variable,False,False,3,0.9549913986262103,0.920025518400972,1.0470251629596383,True,"{""max_width"": ""256"", ""min_width"": ""0"", ""num_rows"": ""32768"", ""workload"": ""variable""}"
experiment-31,pr-workload,Device=0 min_width=0 max_width=32 num_rows=262144 workload=variable,False,False,3,0.9757345248350582,0.9673343411133237,0.9950914846607998,True,"{""max_width"": ""32"", ""min_width"": ""0"", ""num_rows"": ""262144"", ""workload"": ""variable""}"
experiment-31,pr-workload,Device=0 min_width=0 max_width=64 num_rows=262144 workload=variable,False,False,3,0.971510084956732,0.9416142619813662,1.035944019410145,True,"{""max_width"": ""64"", ""min_width"": ""0"", ""num_rows"": ""262144"", ""workload"": ""variable""}"
experiment-31,pr-workload,Device=0 min_width=0 max_width=128 num_rows=262144 workload=variable,False,False,3,0.9620156511455698,0.9287617684758881,1.009925584751316,True,"{""max_width"": ""128"", ""min_width"": ""0"", ""num_rows"": ""262144"", ""workload"": ""variable""}"
experiment-31,pr-workload,Device=0 min_width=0 max_width=256 num_rows=262144 workload=variable,False,False,3,0.9676213121801933,0.9475949658718408,1.0062653841423972,True,"{""max_width"": ""256"", ""min_width"": ""0"", ""num_rows"": ""262144"", ""workload"": ""variable""}"
experiment-31,pr-workload,Device=0 min_width=0 max_width=32 num_rows=2097152 workload=variable,False,False,3,0.9702433584847575,0.9557374285863939,0.997539462982876,True,"{""max_width"": ""32"", ""min_width"": ""0"", ""num_rows"": ""2097152"", ""workload"": ""variable""}"
experiment-31,pr-workload,Device=0 min_width=0 max_width=64 num_rows=2097152 workload=variable,False,False,3,0.9747582712524666,0.9591207500290613,1.0025774075246647,True,"{""max_width"": ""64"", ""min_width"": ""0"", ""num_rows"": ""2097152"", ""workload"": ""variable""}"
experiment-31,pr-workload,Device=0 min_width=0 max_width=128 num_rows=2097152 workload=variable,False,False,3,0.9625293079816882,0.9565648036767418,0.9788490711683008,True,"{""max_width"": ""128"", ""min_width"": ""0"", ""num_rows"": ""2097152"", ""workload"": ""variable""}"
experiment-31,pr-workload,Device=0 min_width=0 max_width=256 num_rows=2097152 workload=variable,False,False,3,0.9854361249176198,0.9799338719455343,0.9982456508200945,True,"{""max_width"": ""256"", ""min_width"": ""0"", ""num_rows"": ""2097152"", ""workload"": ""variable""}"
experiment-31,target,Device=0 num_rows=262144 max_width=32 cardinality=1,False,False,3,0.9429796259993105,0.9024569450473511,0.9904850139565823,True,"{""cardinality"": ""1"", ""max_width"": ""32"", ""num_rows"": ""262144""}"
experiment-31,target,Device=0 num_rows=2097152 max_width=32 cardinality=1,False,False,3,1.0125284864516364,0.971887428791616,1.0396456618340961,True,"{""cardinality"": ""1"", ""max_width"": ""32"", ""num_rows"": ""2097152""}"
experiment-31,target,Device=0 num_rows=262144 max_width=128 cardinality=1,False,False,3,0.24905966825384218,0.24665945399409483,0.25117048266523956,True,"{""cardinality"": ""1"", ""max_width"": ""128"", ""num_rows"": ""262144""}"
experiment-31,target,Device=0 num_rows=2097152 max_width=128 cardinality=1,False,False,3,0.12084335758940874,0.11972628353678756,0.12216449841513043,True,"{""cardinality"": ""1"", ""max_width"": ""128"", ""num_rows"": ""2097152""}"
experiment-31,target,Device=0 num_rows=262144 max_width=32 cardinality=64,False,False,3,1.0210311562199517,1.0058915196463212,1.0344336201491509,False,"{""cardinality"": ""64"", ""max_width"": ""32"", ""num_rows"": ""262144""}"
experiment-31,target,Device=0 num_rows=2097152 max_width=32 cardinality=64,False,False,3,0.3580308386876652,0.35562047663721347,0.3598459623271947,True,"{""cardinality"": ""64"", ""max_width"": ""32"", ""num_rows"": ""2097152""}"
experiment-31,target,Device=0 num_rows=262144 max_width=128 cardinality=64,False,False,3,0.994386980861614,0.9807075107705828,1.0049603767924502,True,"{""cardinality"": ""64"", ""max_width"": ""128"", ""num_rows"": ""262144""}"
experiment-31,target,Device=0 num_rows=2097152 max_width=128 cardinality=64,False,False,3,0.1505293128688055,0.14820375577469824,0.1529708782482638,True,"{""cardinality"": ""64"", ""max_width"": ""128"", ""num_rows"": ""2097152""}"
experiment-31,target,Device=0 num_rows=262144 max_width=32 cardinality=0,False,False,3,0.9769428102787401,0.9532270711413359,1.0105250143614055,True,"{""cardinality"": ""0"", ""max_width"": ""32"", ""num_rows"": ""262144""}"
experiment-31,target,Device=0 num_rows=2097152 max_width=32 cardinality=0,False,False,3,0.8153289768801386,0.6781011434877011,1.1119721935781686,True,"{""cardinality"": ""0"", ""max_width"": ""32"", ""num_rows"": ""2097152""}"
experiment-31,target,Device=0 num_rows=262144 max_width=128 cardinality=0,False,False,3,0.9629914990863854,0.9427843000529263,1.009098929314536,True,"{""cardinality"": ""0"", ""max_width"": ""128"", ""num_rows"": ""262144""}"
experiment-31,target,Device=0 num_rows=2097152 max_width=128 cardinality=0,False,False,3,0.963550312883168,0.9513338692932128,0.9827134110594672,True,"{""cardinality"": ""0"", ""max_width"": ""128"", ""num_rows"": ""2097152""}"
experiment-31,target,Device=0 num_rows=262144 prefix_width=4 suffix_width=32 prefix_cardinality=1,False,False,3,0.957423938228344,0.9382590809000416,1.0086676256287337,True,"{""num_rows"": ""262144"", ""prefix_cardinality"": ""1"", ""prefix_width"": ""4"", ""suffix_width"": ""32""}"
experiment-31,target,Device=0 num_rows=2097152 prefix_width=4 suffix_width=32 prefix_cardinality=1,False,False,3,0.9402283587567953,0.9355571735043221,0.9439658738375465,True,"{""num_rows"": ""2097152"", ""prefix_cardinality"": ""1"", ""prefix_width"": ""4"", ""suffix_width"": ""32""}"
experiment-31,target,Device=0 num_rows=262144 prefix_width=8 suffix_width=32 prefix_cardinality=1,False,False,3,0.983911154956084,0.9820833046249574,0.9846419528889679,True,"{""num_rows"": ""262144"", ""prefix_cardinality"": ""1"", ""prefix_width"": ""8"", ""suffix_width"": ""32""}"
experiment-31,target,Device=0 num_rows=2097152 prefix_width=8 suffix_width=32 prefix_cardinality=1,False,False,3,0.980612982203557,0.9794660838201277,0.9818199558353431,True,"{""num_rows"": ""2097152"", ""prefix_cardinality"": ""1"", ""prefix_width"": ""8"", ""suffix_width"": ""32""}"
experiment-31,target,Device=0 num_rows=262144 prefix_width=10 suffix_width=32 prefix_cardinality=1,False,False,3,0.9797702172700142,0.9704029935142534,0.9953505326481094,True,"{""num_rows"": ""262144"", ""prefix_cardinality"": ""1"", ""prefix_width"": ""10"", ""suffix_width"": ""32""}"
experiment-31,target,Device=0 num_rows=2097152 prefix_width=10 suffix_width=32 prefix_cardinality=1,False,False,3,0.9837872745302549,0.9430789065562365,1.0520443785040745,True,"{""num_rows"": ""2097152"", ""prefix_cardinality"": ""1"", ""prefix_width"": ""10"", ""suffix_width"": ""32""}"
experiment-31,target,Device=0 num_rows=262144 prefix_width=11 suffix_width=32 prefix_cardinality=1,False,False,3,0.9920338093804941,0.9749915388119257,1.0010430107986783,True,"{""num_rows"": ""262144"", ""prefix_cardinality"": ""1"", ""prefix_width"": ""11"", ""suffix_width"": ""32""}"
experiment-31,target,Device=0 num_rows=2097152 prefix_width=11 suffix_width=32 prefix_cardinality=1,False,False,3,0.9852343593346703,0.982468124905402,0.9878076492931884,True,"{""num_rows"": ""2097152"", ""prefix_cardinality"": ""1"", ""prefix_width"": ""11"", ""suffix_width"": ""32""}"
experiment-31,target,Device=0 num_rows=262144 prefix_width=12 suffix_width=32 prefix_cardinality=1,False,False,3,0.985532239007984,0.9790210890734145,0.9923715941806008,True,"{""num_rows"": ""262144"", ""prefix_cardinality"": ""1"", ""prefix_width"": ""12"", ""suffix_width"": ""32""}"
experiment-31,target,Device=0 num_rows=2097152 prefix_width=12 suffix_width=32 prefix_cardinality=1,False,False,3,0.9839620543825721,0.9817342526093281,0.9864448353172767,True,"{""num_rows"": ""2097152"", ""prefix_cardinality"": ""1"", ""prefix_width"": ""12"", ""suffix_width"": ""32""}"
experiment-31,target,Device=0 num_rows=262144 prefix_width=64 suffix_width=32 prefix_cardinality=1,False,False,3,0.4685577023291163,0.4636669716340772,0.4761777686983449,True,"{""num_rows"": ""262144"", ""prefix_cardinality"": ""1"", ""prefix_width"": ""64"", ""suffix_width"": ""32""}"
experiment-31,target,Device=0 num_rows=2097152 prefix_width=64 suffix_width=32 prefix_cardinality=1,False,False,3,0.4129586381976045,0.412324211258054,0.41351434203242265,True,"{""num_rows"": ""2097152"", ""prefix_cardinality"": ""1"", ""prefix_width"": ""64"", ""suffix_width"": ""32""}"
experiment-31,target,Device=0 num_rows=262144 prefix_width=4 suffix_width=32 prefix_cardinality=64,False,False,3,0.9641226649297209,0.9509259919122169,1.0007628043003967,True,"{""num_rows"": ""262144"", ""prefix_cardinality"": ""64"", ""prefix_width"": ""4"", ""suffix_width"": ""32""}"
experiment-31,target,Device=0 num_rows=2097152 prefix_width=4 suffix_width=32 prefix_cardinality=64,False,False,3,0.9860765953078517,0.9721473112345989,1.0084585392025402,True,"{""num_rows"": ""2097152"", ""prefix_cardinality"": ""64"", ""prefix_width"": ""4"", ""suffix_width"": ""32""}"
experiment-31,target,Device=0 num_rows=262144 prefix_width=8 suffix_width=32 prefix_cardinality=64,False,False,3,0.9754521127181326,0.9699713623509726,0.990494184764712,True,"{""num_rows"": ""262144"", ""prefix_cardinality"": ""64"", ""prefix_width"": ""8"", ""suffix_width"": ""32""}"
experiment-31,target,Device=0 num_rows=2097152 prefix_width=8 suffix_width=32 prefix_cardinality=64,False,False,3,0.9958255737026919,0.9945540121694708,0.9972171670315265,True,"{""num_rows"": ""2097152"", ""prefix_cardinality"": ""64"", ""prefix_width"": ""8"", ""suffix_width"": ""32""}"
experiment-31,target,Device=0 num_rows=262144 prefix_width=10 suffix_width=32 prefix_cardinality=64,False,False,3,0.97870115556352,0.9748155816087805,0.9882544527322218,True,"{""num_rows"": ""262144"", ""prefix_cardinality"": ""64"", ""prefix_width"": ""10"", ""suffix_width"": ""32""}"
experiment-31,target,Device=0 num_rows=2097152 prefix_width=10 suffix_width=32 prefix_cardinality=64,False,False,3,0.9953244778204812,0.9933502629984544,0.9968170477040391,True,"{""num_rows"": ""2097152"", ""prefix_cardinality"": ""64"", ""prefix_width"": ""10"", ""suffix_width"": ""32""}"
experiment-31,target,Device=0 num_rows=262144 prefix_width=11 suffix_width=32 prefix_cardinality=64,False,False,3,0.975231824860315,0.9704243116168945,0.9881957227356053,True,"{""num_rows"": ""262144"", ""prefix_cardinality"": ""64"", ""prefix_width"": ""11"", ""suffix_width"": ""32""}"
experiment-31,target,Device=0 num_rows=2097152 prefix_width=11 suffix_width=32 prefix_cardinality=64,False,False,3,0.9954726804813033,0.9900623470357245,1.0005913446470698,True,"{""num_rows"": ""2097152"", ""prefix_cardinality"": ""64"", ""prefix_width"": ""11"", ""suffix_width"": ""32""}"
experiment-31,target,Device=0 num_rows=262144 prefix_width=12 suffix_width=32 prefix_cardinality=64,False,False,3,0.9772633367961645,0.9651777445339141,0.9948709182030203,True,"{""num_rows"": ""262144"", ""prefix_cardinality"": ""64"", ""prefix_width"": ""12"", ""suffix_width"": ""32""}"
experiment-31,target,Device=0 num_rows=2097152 prefix_width=12 suffix_width=32 prefix_cardinality=64,False,False,3,0.9967153013615365,0.9947222353554467,0.9985784518292856,True,"{""num_rows"": ""2097152"", ""prefix_cardinality"": ""64"", ""prefix_width"": ""12"", ""suffix_width"": ""32""}"
experiment-31,target,Device=0 num_rows=262144 prefix_width=64 suffix_width=32 prefix_cardinality=64,False,False,3,0.9893909298639983,0.9835424523406545,0.9959883225817814,True,"{""num_rows"": ""262144"", ""prefix_cardinality"": ""64"", ""prefix_width"": ""64"", ""suffix_width"": ""32""}"
experiment-31,target,Device=0 num_rows=2097152 prefix_width=64 suffix_width=32 prefix_cardinality=64,False,False,3,0.43683597227730914,0.43527638061801405,0.4382661898907208,True,"{""num_rows"": ""2097152"", ""prefix_cardinality"": ""64"", ""prefix_width"": ""64"", ""suffix_width"": ""32""}"
experiment-15,constant,Device=0 num_rows=262144 prefix_width=32 suffix_width=0 prefix_cardinality=1,False,False,3,0.4723831772746493,0.45517906606784236,0.48433909931367286,True,"{""num_rows"": ""262144"", ""prefix_cardinality"": ""1"", ""prefix_width"": ""32"", ""suffix_width"": ""0""}"
experiment-15,constant,Device=0 num_rows=2097152 prefix_width=32 suffix_width=0 prefix_cardinality=1,False,False,3,0.27124902494739916,0.27050479214945966,0.2721111177716773,True,"{""num_rows"": ""2097152"", ""prefix_cardinality"": ""1"", ""prefix_width"": ""32"", ""suffix_width"": ""0""}"
experiment-3,main,Device=0 min_width=1 max_width=8 num_rows=32768,False,False,3,1.0182900783709232,0.9715949697032481,1.0554872456719657,True,"{""max_width"": ""8"", ""min_width"": ""1"", ""num_rows"": ""32768""}"
experiment-3,main,Device=0 min_width=1 max_width=32 num_rows=32768,False,False,3,0.9873314553635207,0.9538120665067801,1.0128995837192287,True,"{""max_width"": ""32"", ""min_width"": ""1"", ""num_rows"": ""32768""}"
experiment-3,main,Device=0 min_width=1 max_width=64 num_rows=32768,False,False,3,0.9914347413715718,0.9621971838395154,1.0102590810581966,True,"{""max_width"": ""64"", ""min_width"": ""1"", ""num_rows"": ""32768""}"
experiment-3,main,Device=0 min_width=1 max_width=128 num_rows=32768,False,False,3,0.9928017282635414,0.9782647993958831,1.0025672115970514,True,"{""max_width"": ""128"", ""min_width"": ""1"", ""num_rows"": ""32768""}"
experiment-3,main,Device=0 min_width=1 max_width=256 num_rows=32768,False,False,3,0.9949499621086361,0.9888365099621231,1.0042334276694256,True,"{""max_width"": ""256"", ""min_width"": ""1"", ""num_rows"": ""32768""}"
experiment-3,main,Device=0 min_width=1 max_width=8 num_rows=262144,False,False,3,0.9509582568441541,0.915022245380525,1.0062518382246528,True,"{""max_width"": ""8"", ""min_width"": ""1"", ""num_rows"": ""262144""}"
experiment-3,main,Device=0 min_width=1 max_width=32 num_rows=262144,False,False,3,0.9755479706665278,0.9693539789074961,0.9877788555060307,True,"{""max_width"": ""32"", ""min_width"": ""1"", ""num_rows"": ""262144""}"
experiment-3,main,Device=0 min_width=1 max_width=64 num_rows=262144,False,False,3,0.9830353490912024,0.973212328242317,0.9918452579917678,True,"{""max_width"": ""64"", ""min_width"": ""1"", ""num_rows"": ""262144""}"
experiment-3,main,Device=0 min_width=1 max_width=128 num_rows=262144,False,False,3,0.9893438062576786,0.975810157046537,1.0088460342500527,True,"{""max_width"": ""128"", ""min_width"": ""1"", ""num_rows"": ""262144""}"
experiment-3,main,Device=0 min_width=1 max_width=256 num_rows=262144,False,False,3,0.993982843438496,0.9760293372415028,1.0110852627979774,True,"{""max_width"": ""256"", ""min_width"": ""1"", ""num_rows"": ""262144""}"
experiment-3,main,Device=0 min_width=1 max_width=8 num_rows=2097152,False,False,3,0.9457080798822609,0.9334884694361996,0.9539539678436056,True,"{""max_width"": ""8"", ""min_width"": ""1"", ""num_rows"": ""2097152""}"
experiment-3,main,Device=0 min_width=1 max_width=32 num_rows=2097152,False,False,3,0.9764077844836281,0.9691517805407819,0.9834064029372762,True,"{""max_width"": ""32"", ""min_width"": ""1"", ""num_rows"": ""2097152""}"
experiment-3,main,Device=0 min_width=1 max_width=64 num_rows=2097152,False,False,3,0.9886518545330707,0.9817275272093742,0.9938807053250487,True,"{""max_width"": ""64"", ""min_width"": ""1"", ""num_rows"": ""2097152""}"
experiment-3,main,Device=0 min_width=1 max_width=128 num_rows=2097152,False,False,3,0.9951747389419744,0.9768535258664419,1.0114643483345174,True,"{""max_width"": ""128"", ""min_width"": ""1"", ""num_rows"": ""2097152""}"
experiment-3,main,Device=0 min_width=1 max_width=256 num_rows=2097152,False,False,3,0.9976878803562909,0.9660657641642975,1.0365705826060834,True,"{""max_width"": ""256"", ""min_width"": ""1"", ""num_rows"": ""2097152""}"
experiment-3,main,Device=0 min_width=1 max_width=8 num_rows=16777216,False,False,3,0.9480866817920723,0.9469013039678701,0.9503188228154781,True,"{""max_width"": ""8"", ""min_width"": ""1"", ""num_rows"": ""16777216""}"
experiment-3,main,Device=0 min_width=1 max_width=32 num_rows=16777216,False,False,3,0.9804815024612307,0.9769352909492657,0.9849206866407616,True,"{""max_width"": ""32"", ""min_width"": ""1"", ""num_rows"": ""16777216""}"
experiment-3,main,Device=0 min_width=1 max_width=64 num_rows=16777216,False,False,3,0.9886906632960911,0.9799624981861231,0.9979864765058595,True,"{""max_width"": ""64"", ""min_width"": ""1"", ""num_rows"": ""16777216""}"
experiment-3,main,Device=0 min_width=1 max_width=128 num_rows=16777216,False,False,3,0.9930502644539171,0.9885685238776585,0.9971773559810139,True,"{""max_width"": ""128"", ""min_width"": ""1"", ""num_rows"": ""16777216""}"
experiment-3,main,Device=0 min_width=1 max_width=256 num_rows=16777216,False,False,3,1.0017840085530043,0.9954535872456429,1.0079655502211904,True,"{""max_width"": ""256"", ""min_width"": ""1"", ""num_rows"": ""16777216""}"
experiment-3,main,Device=0 num_rows=262144 profile=cardinality_1_width_32,False,False,3,0.996840441284873,0.8028948273537087,1.1504008853440757,True,"{""num_rows"": ""262144"", ""profile"": ""cardinality_1_width_32""}"
experiment-3,main,Device=0 num_rows=2097152 profile=cardinality_1_width_32,False,False,3,1.0061406644874538,0.9955533775535881,1.0164645225128344,True,"{""num_rows"": ""2097152"", ""profile"": ""cardinality_1_width_32""}"
experiment-3,main,Device=0 num_rows=262144 profile=cardinality_64_width_128,False,False,3,0.990567015039111,0.9800324988031639,1.0021217568521248,True,"{""num_rows"": ""262144"", ""profile"": ""cardinality_64_width_128""}"
experiment-3,main,Device=0 num_rows=2097152 profile=cardinality_64_width_128,False,False,3,0.9975819412697154,0.9845619601578566,1.0114381812575595,True,"{""num_rows"": ""2097152"", ""profile"": ""cardinality_64_width_128""}"
experiment-3,main,Device=0 num_rows=262144 profile=shared_prefix_64,False,False,3,0.9911845545869983,0.9850141415178868,1.0012011039457909,True,"{""num_rows"": ""262144"", ""profile"": ""shared_prefix_64""}"
experiment-3,main,Device=0 num_rows=2097152 profile=shared_prefix_64,False,False,3,0.9966995246576672,0.9941956206628042,0.9985800833948747,True,"{""num_rows"": ""2097152"", ""profile"": ""shared_prefix_64""}"
experiment-3,main,Device=0 num_rows=262144 profile=variable_128,False,False,3,0.966723803840989,0.9356463020533475,1.0252557195582601,True,"{""num_rows"": ""262144"", ""profile"": ""variable_128""}"
experiment-3,main,Device=0 num_rows=2097152 profile=variable_128,False,False,3,0.9949580527927318,0.9772103166483853,1.005547596664166,True,"{""num_rows"": ""2097152"", ""profile"": ""variable_128""}"
experiment-3,main,Device=0 num_rows=262144 profile=fixed_8 null_percent=0,False,False,3,0.9863197714509991,0.9259345699474641,1.0573765130834836,True,"{""null_percent"": ""0"", ""num_rows"": ""262144"", ""profile"": ""fixed_8""}"
experiment-3,main,Device=0 num_rows=2097152 profile=fixed_8 null_percent=0,False,False,3,1.000273536844132,0.987990840235467,1.0083966973138663,True,"{""null_percent"": ""0"", ""num_rows"": ""2097152"", ""profile"": ""fixed_8""}"
experiment-3,main,Device=0 num_rows=262144 profile=variable_128 null_percent=0,False,False,3,0.9664825667387935,0.9472729880719954,1.0113878147101572,True,"{""null_percent"": ""0"", ""num_rows"": ""262144"", ""profile"": ""variable_128""}"
experiment-3,main,Device=0 num_rows=2097152 profile=variable_128 null_percent=0,False,False,3,0.9842209404000742,0.9789408293954448,0.9986717476338904,True,"{""null_percent"": ""0"", ""num_rows"": ""2097152"", ""profile"": ""variable_128""}"
experiment-3,main,Device=0 num_rows=262144 profile=fixed_8 null_percent=50,False,False,3,0.9860774321109852,0.945791177982555,1.0322281859102103,True,"{""null_percent"": ""50"", ""num_rows"": ""262144"", ""profile"": ""fixed_8""}"
experiment-3,main,Device=0 num_rows=2097152 profile=fixed_8 null_percent=50,False,False,3,0.9879522551618334,0.9768824643423162,1.0083495990237639,True,"{""null_percent"": ""50"", ""num_rows"": ""2097152"", ""profile"": ""fixed_8""}"
experiment-3,main,Device=0 num_rows=262144 profile=variable_128 null_percent=50,False,False,3,0.9835250929464922,0.9479352923650973,1.0198520049979325,True,"{""null_percent"": ""50"", ""num_rows"": ""262144"", ""profile"": ""variable_128""}"
experiment-3,main,Device=0 num_rows=2097152 profile=variable_128 null_percent=50,False,False,3,0.9872718634539228,0.9822695651816505,0.9942675408036872,True,"{""null_percent"": ""50"", ""num_rows"": ""2097152"", ""profile"": ""variable_128""}"
experiment-3,main,Device=0 num_rows=262144 profile=fixed_8 null_percent=100,False,False,3,0.9970972484190235,0.9081791179790679,1.0681788506506822,True,"{""null_percent"": ""100"", ""num_rows"": ""262144"", ""profile"": ""fixed_8""}"
experiment-3,main,Device=0 num_rows=2097152 profile=fixed_8 null_percent=100,False,False,3,1.0258523742062988,0.9469451767026865,1.0715321666097082,True,"{""null_percent"": ""100"", ""num_rows"": ""2097152"", ""profile"": ""fixed_8""}"
experiment-3,main,Device=0 num_rows=262144 profile=variable_128 null_percent=100,False,False,3,1.021297683086781,0.7814237130836074,1.2424152312958343,True,"{""null_percent"": ""100"", ""num_rows"": ""262144"", ""profile"": ""variable_128""}"
experiment-3,main,Device=0 num_rows=2097152 profile=variable_128 null_percent=100,False,False,3,0.9817458911984557,0.9397817822011033,1.032248010399811,True,"{""null_percent"": ""100"", ""num_rows"": ""2097152"", ""profile"": ""variable_128""}"
experiment-3,pr-source,Device=0 num_rows=262144 profile=unique_32,False,False,3,0.9857094565400358,0.9740407027817304,1.004757707454089,True,"{""num_rows"": ""262144"", ""profile"": ""unique_32""}"
experiment-3,pr-source,Device=0 num_rows=2097152 profile=unique_32,False,False,3,0.9840517756345475,0.9801380029509342,0.9882488509811309,True,"{""num_rows"": ""2097152"", ""profile"": ""unique_32""}"
experiment-3,pr-source,Device=0 num_rows=262144 profile=duplicates_32,False,False,3,0.9865576585207643,0.6956291904029288,1.7211520397487425,True,"{""num_rows"": ""262144"", ""profile"": ""duplicates_32""}"
experiment-3,pr-source,Device=0 num_rows=2097152 profile=duplicates_32,False,False,3,0.9837263494214482,0.9814253011009157,0.9870238181128534,True,"{""num_rows"": ""2097152"", ""profile"": ""duplicates_32""}"
experiment-3,pr-source,Device=0 num_rows=262144 profile=shared_prefix_24,False,False,3,0.9857326332457909,0.9753100071902746,0.9980637309923557,True,"{""num_rows"": ""262144"", ""profile"": ""shared_prefix_24""}"
experiment-3,pr-source,Device=0 num_rows=2097152 profile=shared_prefix_24,False,False,3,0.9853884482360796,0.9805641859973769,0.9884655843858293,True,"{""num_rows"": ""2097152"", ""profile"": ""shared_prefix_24""}"
experiment-3,pr-source,Device=0 num_rows=262144 profile=raw_unique_40,False,False,3,1.0016485655650667,0.9808353400735589,1.0269987876011952,True,"{""num_rows"": ""262144"", ""profile"": ""raw_unique_40""}"
experiment-3,pr-source,Device=0 num_rows=2097152 profile=raw_unique_40,False,False,3,0.9928328098323647,0.9794284745892883,1.0194362433410906,True,"{""num_rows"": ""2097152"", ""profile"": ""raw_unique_40""}"
experiment-3,pr-source,Device=0 num_rows=262144 profile=raw_duplicates_40,False,False,3,0.9972957353288902,0.9839197267471989,1.0192278643391246,True,"{""num_rows"": ""262144"", ""profile"": ""raw_duplicates_40""}"
experiment-3,pr-source,Device=0 num_rows=2097152 profile=raw_duplicates_40,False,False,3,0.9936681884660172,0.9880471201572955,0.997649391136362,True,"{""num_rows"": ""2097152"", ""profile"": ""raw_duplicates_40""}"
experiment-3,pr-source,Device=0 num_rows=262144 profile=raw_shared_prefix_24_width_40,False,False,3,0.9842979738850502,0.9724426036280233,1.0023130167898937,True,"{""num_rows"": ""262144"", ""profile"": ""raw_shared_prefix_24_width_40""}"
experiment-3,pr-source,Device=0 num_rows=2097152 profile=raw_shared_prefix_24_width_40,False,False,3,0.987371110756185,0.9847290424005607,0.9916305314518247,True,"{""num_rows"": ""2097152"", ""profile"": ""raw_shared_prefix_24_width_40""}"
experiment-15,main,Device=0 min_width=1 max_width=8 num_rows=32768,False,False,3,0.9955610382457443,0.96133601076569,1.0272855375347094,True,"{""max_width"": ""8"", ""min_width"": ""1"", ""num_rows"": ""32768""}"
experiment-15,main,Device=0 min_width=1 max_width=32 num_rows=32768,False,False,3,0.9961339348573809,0.9497719701834576,1.0300004393785573,True,"{""max_width"": ""32"", ""min_width"": ""1"", ""num_rows"": ""32768""}"
experiment-15,main,Device=0 min_width=1 max_width=64 num_rows=32768,False,False,3,0.9955377849888823,0.9624214651635269,1.0175604476915177,True,"{""max_width"": ""64"", ""min_width"": ""1"", ""num_rows"": ""32768""}"
experiment-15,main,Device=0 min_width=1 max_width=128 num_rows=32768,False,False,3,1.0047118904009797,0.9782008354843215,1.0234001192826665,True,"{""max_width"": ""128"", ""min_width"": ""1"", ""num_rows"": ""32768""}"
experiment-15,main,Device=0 min_width=1 max_width=256 num_rows=32768,False,False,3,1.0114196542541936,0.9854969482469831,1.028272947339755,True,"{""max_width"": ""256"", ""min_width"": ""1"", ""num_rows"": ""32768""}"
experiment-15,main,Device=0 min_width=1 max_width=8 num_rows=262144,False,False,3,0.9729454518387118,0.9474749520202463,1.0077761165472048,True,"{""max_width"": ""8"", ""min_width"": ""1"", ""num_rows"": ""262144""}"
experiment-15,main,Device=0 min_width=1 max_width=32 num_rows=262144,False,False,3,0.9818831993064929,0.9656921551179721,1.0078412759938828,True,"{""max_width"": ""32"", ""min_width"": ""1"", ""num_rows"": ""262144""}"
experiment-15,main,Device=0 min_width=1 max_width=64 num_rows=262144,False,False,3,0.9828140938450153,0.978106188434285,0.9893480763656448,True,"{""max_width"": ""64"", ""min_width"": ""1"", ""num_rows"": ""262144""}"
experiment-15,main,Device=0 min_width=1 max_width=128 num_rows=262144,False,False,3,0.998100489996448,0.9816748299496009,1.0177299466631662,True,"{""max_width"": ""128"", ""min_width"": ""1"", ""num_rows"": ""262144""}"
experiment-15,main,Device=0 min_width=1 max_width=256 num_rows=262144,False,False,3,0.989985069625065,0.9863169103710946,0.9999656852739085,True,"{""max_width"": ""256"", ""min_width"": ""1"", ""num_rows"": ""262144""}"
experiment-15,main,Device=0 min_width=1 max_width=8 num_rows=2097152,False,False,3,0.9472358793384883,0.937543625632905,0.9550967541408429,True,"{""max_width"": ""8"", ""min_width"": ""1"", ""num_rows"": ""2097152""}"
experiment-15,main,Device=0 min_width=1 max_width=32 num_rows=2097152,False,False,3,0.9768151435360233,0.9570204702039666,1.0013279475397983,True,"{""max_width"": ""32"", ""min_width"": ""1"", ""num_rows"": ""2097152""}"
experiment-15,main,Device=0 min_width=1 max_width=64 num_rows=2097152,False,False,3,0.9884623253937905,0.9770211589079765,0.998616525352247,True,"{""max_width"": ""64"", ""min_width"": ""1"", ""num_rows"": ""2097152""}"
experiment-15,main,Device=0 min_width=1 max_width=128 num_rows=2097152,False,False,3,0.9942310288406832,0.9783811559377293,1.0067091534211565,True,"{""max_width"": ""128"", ""min_width"": ""1"", ""num_rows"": ""2097152""}"
experiment-15,main,Device=0 min_width=1 max_width=256 num_rows=2097152,False,False,3,1.000647666127861,0.9856712064487686,1.0203874700474844,True,"{""max_width"": ""256"", ""min_width"": ""1"", ""num_rows"": ""2097152""}"
experiment-15,main,Device=0 min_width=1 max_width=8 num_rows=16777216,False,False,3,0.9496554129276795,0.9467752786334975,0.9522915977947106,True,"{""max_width"": ""8"", ""min_width"": ""1"", ""num_rows"": ""16777216""}"
experiment-15,main,Device=0 min_width=1 max_width=32 num_rows=16777216,False,False,3,0.9799647869257776,0.9766233155387821,0.983517527357638,True,"{""max_width"": ""32"", ""min_width"": ""1"", ""num_rows"": ""16777216""}"
experiment-15,main,Device=0 min_width=1 max_width=64 num_rows=16777216,False,False,3,0.9906000900079461,0.9857172671023234,0.9961477195667432,True,"{""max_width"": ""64"", ""min_width"": ""1"", ""num_rows"": ""16777216""}"
experiment-15,main,Device=0 min_width=1 max_width=128 num_rows=16777216,False,False,3,0.9967306297959063,0.9913285270079762,1.0004679410725517,True,"{""max_width"": ""128"", ""min_width"": ""1"", ""num_rows"": ""16777216""}"
experiment-15,main,Device=0 min_width=1 max_width=256 num_rows=16777216,False,False,3,1.0007481538029703,0.994243365809387,1.0066917594261044,True,"{""max_width"": ""256"", ""min_width"": ""1"", ""num_rows"": ""16777216""}"
experiment-15,main,Device=0 num_rows=262144 profile=cardinality_1_width_32,False,False,3,0.9945836070629798,0.8634810144502559,1.1157448171930855,True,"{""num_rows"": ""262144"", ""profile"": ""cardinality_1_width_32""}"
experiment-15,main,Device=0 num_rows=2097152 profile=cardinality_1_width_32,False,False,3,0.996464453264591,0.9693821187348631,1.0488003703577222,True,"{""num_rows"": ""2097152"", ""profile"": ""cardinality_1_width_32""}"
experiment-15,main,Device=0 num_rows=262144 profile=cardinality_64_width_128,False,False,3,0.9966620985845206,0.9914868571576212,1.0057849162025578,True,"{""num_rows"": ""262144"", ""profile"": ""cardinality_64_width_128""}"
experiment-15,main,Device=0 num_rows=2097152 profile=cardinality_64_width_128,False,False,3,0.6015070132957229,0.599998410077525,0.6054826947702971,True,"{""num_rows"": ""2097152"", ""profile"": ""cardinality_64_width_128""}"
experiment-15,main,Device=0 num_rows=262144 profile=shared_prefix_64,False,False,3,0.4727847102525591,0.47080360577037256,0.47589744113874605,True,"{""num_rows"": ""262144"", ""profile"": ""shared_prefix_64""}"
experiment-15,main,Device=0 num_rows=2097152 profile=shared_prefix_64,False,False,3,0.41291145887600494,0.4119398060943663,0.41382720569643566,True,"{""num_rows"": ""2097152"", ""profile"": ""shared_prefix_64""}"
experiment-15,main,Device=0 num_rows=262144 profile=variable_128,False,False,3,0.9947857362124131,0.9709658097415396,1.0317182177872355,True,"{""num_rows"": ""262144"", ""profile"": ""variable_128""}"
experiment-15,main,Device=0 num_rows=2097152 profile=variable_128,False,False,3,0.9999608646769095,0.9768586458290097,1.0165792944996364,True,"{""num_rows"": ""2097152"", ""profile"": ""variable_128""}"
experiment-15,main,Device=0 num_rows=262144 profile=fixed_8 null_percent=0,False,False,3,1.0057407283100448,0.9716757838649062,1.0505287410365356,True,"{""null_percent"": ""0"", ""num_rows"": ""262144"", ""profile"": ""fixed_8""}"
experiment-15,main,Device=0 num_rows=2097152 profile=fixed_8 null_percent=0,False,False,3,1.0098594021305554,0.986074600995088,1.0264050427147369,True,"{""null_percent"": ""0"", ""num_rows"": ""2097152"", ""profile"": ""fixed_8""}"
experiment-15,main,Device=0 num_rows=262144 profile=variable_128 null_percent=0,False,False,3,1.006737670291912,0.9696107179651574,1.0549658793208871,True,"{""null_percent"": ""0"", ""num_rows"": ""262144"", ""profile"": ""variable_128""}"
experiment-15,main,Device=0 num_rows=2097152 profile=variable_128 null_percent=0,False,False,3,0.993907746668046,0.9840026535073689,1.007308400313387,True,"{""null_percent"": ""0"", ""num_rows"": ""2097152"", ""profile"": ""variable_128""}"
experiment-15,main,Device=0 num_rows=262144 profile=fixed_8 null_percent=50,False,False,3,1.000906437592627,0.9653136866478974,1.0601293753655654,True,"{""null_percent"": ""50"", ""num_rows"": ""262144"", ""profile"": ""fixed_8""}"
experiment-15,main,Device=0 num_rows=2097152 profile=fixed_8 null_percent=50,False,False,3,0.9958340259284888,0.9864912609114416,1.012139881304839,True,"{""null_percent"": ""50"", ""num_rows"": ""2097152"", ""profile"": ""fixed_8""}"
experiment-15,main,Device=0 num_rows=262144 profile=variable_128 null_percent=50,False,False,3,1.0030940075904136,0.9767753963947952,1.0251141588374275,True,"{""null_percent"": ""50"", ""num_rows"": ""262144"", ""profile"": ""variable_128""}"
experiment-15,main,Device=0 num_rows=2097152 profile=variable_128 null_percent=50,False,False,3,0.9929228792427554,0.9778572977086303,1.0041449695734084,True,"{""null_percent"": ""50"", ""num_rows"": ""2097152"", ""profile"": ""variable_128""}"
experiment-15,main,Device=0 num_rows=262144 profile=fixed_8 null_percent=100,False,False,3,0.9895984605946259,0.8114858111547845,1.1445947717512153,True,"{""null_percent"": ""100"", ""num_rows"": ""262144"", ""profile"": ""fixed_8""}"
experiment-15,main,Device=0 num_rows=2097152 profile=fixed_8 null_percent=100,False,False,3,1.0434619689922189,0.9800176334997743,1.0825416364417342,True,"{""null_percent"": ""100"", ""num_rows"": ""2097152"", ""profile"": ""fixed_8""}"
experiment-15,main,Device=0 num_rows=262144 profile=variable_128 null_percent=100,False,False,3,1.030955934886774,0.8483141034802366,1.1447002688269794,True,"{""null_percent"": ""100"", ""num_rows"": ""262144"", ""profile"": ""variable_128""}"
experiment-15,main,Device=0 num_rows=2097152 profile=variable_128 null_percent=100,False,False,3,0.9895174503344286,0.9498974543695247,1.0468303235374172,True,"{""null_percent"": ""100"", ""num_rows"": ""2097152"", ""profile"": ""variable_128""}"
experiment-15,target,Device=0 num_rows=262144 max_width=32 cardinality=1,False,False,3,1.0012861740607257,0.8436122900070202,1.1939602598191694,True,"{""cardinality"": ""1"", ""max_width"": ""32"", ""num_rows"": ""262144""}"
experiment-15,target,Device=0 num_rows=2097152 max_width=32 cardinality=1,False,False,3,1.0030372123524436,0.9170064936696954,1.130323320333306,True,"{""cardinality"": ""1"", ""max_width"": ""32"", ""num_rows"": ""2097152""}"
experiment-15,target,Device=0 num_rows=262144 max_width=128 cardinality=1,False,False,3,0.25541447436813347,0.2511873152239818,0.2592269363731977,True,"{""cardinality"": ""1"", ""max_width"": ""128"", ""num_rows"": ""262144""}"
experiment-15,target,Device=0 num_rows=2097152 max_width=128 cardinality=1,False,False,3,0.12134039391007084,0.1204959605673404,0.12218412256631256,True,"{""cardinality"": ""1"", ""max_width"": ""128"", ""num_rows"": ""2097152""}"
experiment-15,target,Device=0 num_rows=262144 max_width=32 cardinality=64,False,False,3,0.994508496335057,0.9781682551022628,1.007903504268788,True,"{""cardinality"": ""64"", ""max_width"": ""32"", ""num_rows"": ""262144""}"
experiment-15,target,Device=0 num_rows=2097152 max_width=32 cardinality=64,False,False,3,0.7224238337567559,0.7171458614399979,0.7279591188396498,True,"{""cardinality"": ""64"", ""max_width"": ""32"", ""num_rows"": ""2097152""}"
experiment-15,target,Device=0 num_rows=262144 max_width=128 cardinality=64,False,False,3,0.9947883684821589,0.9703849364015543,1.010251039006211,True,"{""cardinality"": ""64"", ""max_width"": ""128"", ""num_rows"": ""262144""}"
experiment-15,target,Device=0 num_rows=2097152 max_width=128 cardinality=64,False,False,3,0.6032976706087204,0.5911580861090382,0.6128619169951821,True,"{""cardinality"": ""64"", ""max_width"": ""128"", ""num_rows"": ""2097152""}"
experiment-15,target,Device=0 num_rows=262144 max_width=32 cardinality=0,False,False,3,0.9997067483236893,0.986326932466171,1.0107767693764835,True,"{""cardinality"": ""0"", ""max_width"": ""32"", ""num_rows"": ""262144""}"
experiment-15,target,Device=0 num_rows=2097152 max_width=32 cardinality=0,False,False,3,0.8259408981145746,0.6732106220346817,1.1374038823372883,True,"{""cardinality"": ""0"", ""max_width"": ""32"", ""num_rows"": ""2097152""}"
experiment-15,target,Device=0 num_rows=262144 max_width=128 cardinality=0,False,False,3,0.994694011697104,0.9584331566162926,1.045248527294446,True,"{""cardinality"": ""0"", ""max_width"": ""128"", ""num_rows"": ""262144""}"
experiment-15,target,Device=0 num_rows=2097152 max_width=128 cardinality=0,False,False,3,0.9954426786546894,0.9905077522349754,1.0070286707290985,True,"{""cardinality"": ""0"", ""max_width"": ""128"", ""num_rows"": ""2097152""}"
experiment-15,target,Device=0 num_rows=262144 prefix_width=4 suffix_width=32 prefix_cardinality=1,False,False,3,0.9972525067570591,0.9667331915497971,1.0386473230149824,True,"{""num_rows"": ""262144"", ""prefix_cardinality"": ""1"", ""prefix_width"": ""4"", ""suffix_width"": ""32""}"
experiment-15,target,Device=0 num_rows=2097152 prefix_width=4 suffix_width=32 prefix_cardinality=1,False,False,3,0.9495634561845425,0.91594680959782,0.9826897196231996,True,"{""num_rows"": ""2097152"", ""prefix_cardinality"": ""1"", ""prefix_width"": ""4"", ""suffix_width"": ""32""}"
experiment-15,target,Device=0 num_rows=262144 prefix_width=8 suffix_width=32 prefix_cardinality=1,False,False,3,0.988388149752195,0.9741580247697262,1.0000151760860405,True,"{""num_rows"": ""262144"", ""prefix_cardinality"": ""1"", ""prefix_width"": ""8"", ""suffix_width"": ""32""}"
experiment-15,target,Device=0 num_rows=2097152 prefix_width=8 suffix_width=32 prefix_cardinality=1,False,False,3,0.9822312660507732,0.9814628288598136,0.9839950539453243,True,"{""num_rows"": ""2097152"", ""prefix_cardinality"": ""1"", ""prefix_width"": ""8"", ""suffix_width"": ""32""}"
experiment-15,target,Device=0 num_rows=262144 prefix_width=10 suffix_width=32 prefix_cardinality=1,False,False,3,0.9870686417247789,0.9841564768888464,0.9926023554711599,True,"{""num_rows"": ""262144"", ""prefix_cardinality"": ""1"", ""prefix_width"": ""10"", ""suffix_width"": ""32""}"
experiment-15,target,Device=0 num_rows=2097152 prefix_width=10 suffix_width=32 prefix_cardinality=1,False,False,3,0.9843543419177992,0.9833676658013975,0.986063452644546,True,"{""num_rows"": ""2097152"", ""prefix_cardinality"": ""1"", ""prefix_width"": ""10"", ""suffix_width"": ""32""}"
experiment-15,target,Device=0 num_rows=262144 prefix_width=11 suffix_width=32 prefix_cardinality=1,False,False,3,0.9941356048794895,0.9800387214455195,1.00452418066353,True,"{""num_rows"": ""262144"", ""prefix_cardinality"": ""1"", ""prefix_width"": ""11"", ""suffix_width"": ""32""}"
experiment-15,target,Device=0 num_rows=2097152 prefix_width=11 suffix_width=32 prefix_cardinality=1,False,False,3,0.9867709508857258,0.9863277670871538,0.9871958483716305,True,"{""num_rows"": ""2097152"", ""prefix_cardinality"": ""1"", ""prefix_width"": ""11"", ""suffix_width"": ""32""}"
experiment-15,target,Device=0 num_rows=262144 prefix_width=12 suffix_width=32 prefix_cardinality=1,False,False,3,0.9920287985813143,0.9824937557077933,1.0032133231519849,True,"{""num_rows"": ""262144"", ""prefix_cardinality"": ""1"", ""prefix_width"": ""12"", ""suffix_width"": ""32""}"
experiment-15,target,Device=0 num_rows=2097152 prefix_width=12 suffix_width=32 prefix_cardinality=1,False,False,3,0.9858082636754014,0.9838598046164415,0.9881849304403286,True,"{""num_rows"": ""2097152"", ""prefix_cardinality"": ""1"", ""prefix_width"": ""12"", ""suffix_width"": ""32""}"
experiment-15,target,Device=0 num_rows=262144 prefix_width=64 suffix_width=32 prefix_cardinality=1,False,False,3,0.4719652597030999,0.46955099008803625,0.4774183126681437,True,"{""num_rows"": ""262144"", ""prefix_cardinality"": ""1"", ""prefix_width"": ""64"", ""suffix_width"": ""32""}"
experiment-15,target,Device=0 num_rows=2097152 prefix_width=64 suffix_width=32 prefix_cardinality=1,False,False,3,0.4133124670550955,0.4126820643261816,0.4138340792715667,True,"{""num_rows"": ""2097152"", ""prefix_cardinality"": ""1"", ""prefix_width"": ""64"", ""suffix_width"": ""32""}"
experiment-15,target,Device=0 num_rows=262144 prefix_width=4 suffix_width=32 prefix_cardinality=64,False,False,3,1.0061167240312858,0.9802624754793,1.0464654034193435,True,"{""num_rows"": ""262144"", ""prefix_cardinality"": ""64"", ""prefix_width"": ""4"", ""suffix_width"": ""32""}"
experiment-15,target,Device=0 num_rows=2097152 prefix_width=4 suffix_width=32 prefix_cardinality=64,False,False,3,1.000447426738533,0.9836856689223956,1.0158451350063638,True,"{""num_rows"": ""2097152"", ""prefix_cardinality"": ""64"", ""prefix_width"": ""4"", ""suffix_width"": ""32""}"
experiment-15,target,Device=0 num_rows=262144 prefix_width=8 suffix_width=32 prefix_cardinality=64,False,False,3,0.9908146335683667,0.9770534289070969,1.0074017666496742,True,"{""num_rows"": ""262144"", ""prefix_cardinality"": ""64"", ""prefix_width"": ""8"", ""suffix_width"": ""32""}"
experiment-15,target,Device=0 num_rows=2097152 prefix_width=8 suffix_width=32 prefix_cardinality=64,False,False,3,0.9962284712117796,0.9951338273855601,0.9989044038439786,True,"{""num_rows"": ""2097152"", ""prefix_cardinality"": ""64"", ""prefix_width"": ""8"", ""suffix_width"": ""32""}"
experiment-15,target,Device=0 num_rows=262144 prefix_width=10 suffix_width=32 prefix_cardinality=64,False,False,3,0.9907337005638674,0.9814004093707005,1.0055002622810576,True,"{""num_rows"": ""262144"", ""prefix_cardinality"": ""64"", ""prefix_width"": ""10"", ""suffix_width"": ""32""}"
experiment-15,target,Device=0 num_rows=2097152 prefix_width=10 suffix_width=32 prefix_cardinality=64,False,False,3,0.9971475645966764,0.9958900338940261,0.9979824852399991,True,"{""num_rows"": ""2097152"", ""prefix_cardinality"": ""64"", ""prefix_width"": ""10"", ""suffix_width"": ""32""}"
experiment-15,target,Device=0 num_rows=262144 prefix_width=11 suffix_width=32 prefix_cardinality=64,False,False,3,0.9904197656381066,0.974900782092495,1.0098325809167394,True,"{""num_rows"": ""262144"", ""prefix_cardinality"": ""64"", ""prefix_width"": ""11"", ""suffix_width"": ""32""}"
experiment-15,target,Device=0 num_rows=2097152 prefix_width=11 suffix_width=32 prefix_cardinality=64,False,False,3,0.9964306595702008,0.9930148960459952,1.001355618638543,True,"{""num_rows"": ""2097152"", ""prefix_cardinality"": ""64"", ""prefix_width"": ""11"", ""suffix_width"": ""32""}"
experiment-15,target,Device=0 num_rows=262144 prefix_width=12 suffix_width=32 prefix_cardinality=64,False,False,3,0.99040276443834,0.9813328448462484,1.0012421859762015,True,"{""num_rows"": ""262144"", ""prefix_cardinality"": ""64"", ""prefix_width"": ""12"", ""suffix_width"": ""32""}"
experiment-15,target,Device=0 num_rows=2097152 prefix_width=12 suffix_width=32 prefix_cardinality=64,False,False,3,0.9971471154207228,0.9926358204862363,1.0032270891125163,True,"{""num_rows"": ""2097152"", ""prefix_cardinality"": ""64"", ""prefix_width"": ""12"", ""suffix_width"": ""32""}"
experiment-15,target,Device=0 num_rows=262144 prefix_width=64 suffix_width=32 prefix_cardinality=64,False,False,3,0.9959983479970533,0.9752490331085987,1.0239458983773684,True,"{""num_rows"": ""262144"", ""prefix_cardinality"": ""64"", ""prefix_width"": ""64"", ""suffix_width"": ""32""}"
experiment-15,target,Device=0 num_rows=2097152 prefix_width=64 suffix_width=32 prefix_cardinality=64,False,False,3,0.7366341255556795,0.7344432823756448,0.7383591582908798,True,"{""num_rows"": ""2097152"", ""prefix_cardinality"": ""64"", ""prefix_width"": ""64"", ""suffix_width"": ""32""}"
experiment-3,constant,Device=0 num_rows=262144 prefix_width=32 suffix_width=0 prefix_cardinality=1,False,False,3,0.9818843856032636,0.9408881680963893,1.0246445139961153,True,"{""num_rows"": ""262144"", ""prefix_cardinality"": ""1"", ""prefix_width"": ""32"", ""suffix_width"": ""0""}"
experiment-3,constant,Device=0 num_rows=2097152 prefix_width=32 suffix_width=0 prefix_cardinality=1,False,False,3,0.9827066631192318,0.9790886581692395,0.9863532664949318,True,"{""num_rows"": ""2097152"", ""prefix_cardinality"": ""1"", ""prefix_width"": ""32"", ""suffix_width"": ""0""}"
experiment-3,pr-workload,Device=0 min_width=0 max_width=32 num_rows=32768 workload=normal,False,False,3,0.9969344198632146,0.9646219394758928,1.0309644842961723,True,"{""max_width"": ""32"", ""min_width"": ""0"", ""num_rows"": ""32768"", ""workload"": ""normal""}"
experiment-3,pr-workload,Device=0 min_width=0 max_width=64 num_rows=32768 workload=normal,False,False,3,0.9934649941636083,0.9750195928637799,1.0160976617486652,True,"{""max_width"": ""64"", ""min_width"": ""0"", ""num_rows"": ""32768"", ""workload"": ""normal""}"
experiment-3,pr-workload,Device=0 min_width=0 max_width=128 num_rows=32768 workload=normal,False,False,3,0.9958523649699742,0.9695720616306107,1.029794147687917,True,"{""max_width"": ""128"", ""min_width"": ""0"", ""num_rows"": ""32768"", ""workload"": ""normal""}"
experiment-3,pr-workload,Device=0 min_width=0 max_width=256 num_rows=32768 workload=normal,False,False,3,0.9932785623072083,0.9835806391700921,1.0146345576694344,True,"{""max_width"": ""256"", ""min_width"": ""0"", ""num_rows"": ""32768"", ""workload"": ""normal""}"
experiment-3,pr-workload,Device=0 min_width=0 max_width=32 num_rows=262144 workload=normal,False,False,3,0.9834062184029854,0.960055285444559,1.0175952827608812,True,"{""max_width"": ""32"", ""min_width"": ""0"", ""num_rows"": ""262144"", ""workload"": ""normal""}"
experiment-3,pr-workload,Device=0 min_width=0 max_width=64 num_rows=262144 workload=normal,False,False,3,0.9875040210860098,0.9696227364429567,1.0024777699185543,True,"{""max_width"": ""64"", ""min_width"": ""0"", ""num_rows"": ""262144"", ""workload"": ""normal""}"
experiment-3,pr-workload,Device=0 min_width=0 max_width=128 num_rows=262144 workload=normal,False,False,3,0.9919941502487,0.9894266665277002,0.9961128934932363,True,"{""max_width"": ""128"", ""min_width"": ""0"", ""num_rows"": ""262144"", ""workload"": ""normal""}"
experiment-3,pr-workload,Device=0 min_width=0 max_width=256 num_rows=262144 workload=normal,False,False,3,0.9992933157370778,0.9704018091479889,1.0190625337031174,True,"{""max_width"": ""256"", ""min_width"": ""0"", ""num_rows"": ""262144"", ""workload"": ""normal""}"
experiment-3,pr-workload,Device=0 min_width=0 max_width=32 num_rows=2097152 workload=normal,False,False,3,0.98361487560044,0.9534896815319986,1.008158822234471,True,"{""max_width"": ""32"", ""min_width"": ""0"", ""num_rows"": ""2097152"", ""workload"": ""normal""}"
experiment-3,pr-workload,Device=0 min_width=0 max_width=64 num_rows=2097152 workload=normal,False,False,3,0.9838438883718714,0.9687893211126638,1.004695247795735,True,"{""max_width"": ""64"", ""min_width"": ""0"", ""num_rows"": ""2097152"", ""workload"": ""normal""}"
experiment-3,pr-workload,Device=0 min_width=0 max_width=128 num_rows=2097152 workload=normal,False,False,3,0.9923060557003324,0.9837539972585382,1.0040331206619368,True,"{""max_width"": ""128"", ""min_width"": ""0"", ""num_rows"": ""2097152"", ""workload"": ""normal""}"
experiment-3,pr-workload,Device=0 min_width=0 max_width=256 num_rows=2097152 workload=normal,False,False,3,0.998157142540661,0.9748343254635355,1.0157792817545424,True,"{""max_width"": ""256"", ""min_width"": ""0"", ""num_rows"": ""2097152"", ""workload"": ""normal""}"
experiment-3,pr-workload,Device=0 min_width=0 max_width=32 num_rows=32768 workload=duplicates,False,False,3,0.9986019745180502,0.959288489425281,1.0269623747334842,True,"{""max_width"": ""32"", ""min_width"": ""0"", ""num_rows"": ""32768"", ""workload"": ""duplicates""}"
experiment-3,pr-workload,Device=0 min_width=0 max_width=64 num_rows=32768 workload=duplicates,False,False,3,0.9986197897819576,0.9571868568408252,1.0339459887588385,True,"{""max_width"": ""64"", ""min_width"": ""0"", ""num_rows"": ""32768"", ""workload"": ""duplicates""}"
experiment-3,pr-workload,Device=0 min_width=0 max_width=128 num_rows=32768 workload=duplicates,False,False,3,0.9919281292093846,0.976255087117918,1.0111842479735764,True,"{""max_width"": ""128"", ""min_width"": ""0"", ""num_rows"": ""32768"", ""workload"": ""duplicates""}"
experiment-3,pr-workload,Device=0 min_width=0 max_width=256 num_rows=32768 workload=duplicates,False,False,3,0.9959515562556993,0.9772566914335916,1.0187952185382418,True,"{""max_width"": ""256"", ""min_width"": ""0"", ""num_rows"": ""32768"", ""workload"": ""duplicates""}"
experiment-3,pr-workload,Device=0 min_width=0 max_width=32 num_rows=262144 workload=duplicates,False,False,3,0.9912797216551577,0.9492222937316199,1.040381314623996,True,"{""max_width"": ""32"", ""min_width"": ""0"", ""num_rows"": ""262144"", ""workload"": ""duplicates""}"
experiment-3,pr-workload,Device=0 min_width=0 max_width=64 num_rows=262144 workload=duplicates,False,False,3,0.9830330674767239,0.9515101249783553,1.0124512259304728,True,"{""max_width"": ""64"", ""min_width"": ""0"", ""num_rows"": ""262144"", ""workload"": ""duplicates""}"
experiment-3,pr-workload,Device=0 min_width=0 max_width=128 num_rows=262144 workload=duplicates,False,False,3,0.9971560700382479,0.9676240829516491,1.0205962105116302,True,"{""max_width"": ""128"", ""min_width"": ""0"", ""num_rows"": ""262144"", ""workload"": ""duplicates""}"
experiment-3,pr-workload,Device=0 min_width=0 max_width=256 num_rows=262144 workload=duplicates,False,False,3,0.999143762767433,0.9896729773998005,1.0055060451992073,True,"{""max_width"": ""256"", ""min_width"": ""0"", ""num_rows"": ""262144"", ""workload"": ""duplicates""}"
experiment-3,pr-workload,Device=0 min_width=0 max_width=32 num_rows=2097152 workload=duplicates,False,False,3,0.991454092642568,0.9813821192979739,1.005546904747295,True,"{""max_width"": ""32"", ""min_width"": ""0"", ""num_rows"": ""2097152"", ""workload"": ""duplicates""}"
experiment-3,pr-workload,Device=0 min_width=0 max_width=64 num_rows=2097152 workload=duplicates,False,False,3,0.9964619775011099,0.9906563008850948,1.002305777716166,True,"{""max_width"": ""64"", ""min_width"": ""0"", ""num_rows"": ""2097152"", ""workload"": ""duplicates""}"
experiment-3,pr-workload,Device=0 min_width=0 max_width=128 num_rows=2097152 workload=duplicates,False,False,3,0.9924613978235851,0.9767767141363127,1.019432682756418,True,"{""max_width"": ""128"", ""min_width"": ""0"", ""num_rows"": ""2097152"", ""workload"": ""duplicates""}"
experiment-3,pr-workload,Device=0 min_width=0 max_width=256 num_rows=2097152 workload=duplicates,False,False,3,0.9992740873824525,0.983282656715023,1.0057745825472948,True,"{""max_width"": ""256"", ""min_width"": ""0"", ""num_rows"": ""2097152"", ""workload"": ""duplicates""}"
experiment-3,pr-workload,Device=0 min_width=0 max_width=32 num_rows=32768 workload=shared_prefix,False,False,3,0.9876657091057964,0.9658669807414372,1.0122495134252218,True,"{""max_width"": ""32"", ""min_width"": ""0"", ""num_rows"": ""32768"", ""workload"": ""shared_prefix""}"
experiment-3,pr-workload,Device=0 min_width=0 max_width=64 num_rows=32768 workload=shared_prefix,False,False,3,0.9939837256766237,0.9831950114238918,1.0028580823740036,True,"{""max_width"": ""64"", ""min_width"": ""0"", ""num_rows"": ""32768"", ""workload"": ""shared_prefix""}"
experiment-3,pr-workload,Device=0 min_width=0 max_width=128 num_rows=32768 workload=shared_prefix,False,False,3,0.9994593654272981,0.9781815317967937,1.015659480759484,True,"{""max_width"": ""128"", ""min_width"": ""0"", ""num_rows"": ""32768"", ""workload"": ""shared_prefix""}"
experiment-3,pr-workload,Device=0 min_width=0 max_width=256 num_rows=32768 workload=shared_prefix,False,False,3,0.9985815740695971,0.9927075143077404,1.0033749110846835,True,"{""max_width"": ""256"", ""min_width"": ""0"", ""num_rows"": ""32768"", ""workload"": ""shared_prefix""}"
experiment-3,pr-workload,Device=0 min_width=0 max_width=32 num_rows=262144 workload=shared_prefix,False,False,3,0.9850216919393362,0.9729617436738874,0.9994514582869678,True,"{""max_width"": ""32"", ""min_width"": ""0"", ""num_rows"": ""262144"", ""workload"": ""shared_prefix""}"
experiment-3,pr-workload,Device=0 min_width=0 max_width=64 num_rows=262144 workload=shared_prefix,False,False,3,0.9939191650744861,0.9651167170497116,1.017957619198111,True,"{""max_width"": ""64"", ""min_width"": ""0"", ""num_rows"": ""262144"", ""workload"": ""shared_prefix""}"
experiment-3,pr-workload,Device=0 min_width=0 max_width=128 num_rows=262144 workload=shared_prefix,False,False,3,0.9926751987386767,0.988093524316329,1.0024431012322346,True,"{""max_width"": ""128"", ""min_width"": ""0"", ""num_rows"": ""262144"", ""workload"": ""shared_prefix""}"
experiment-3,pr-workload,Device=0 min_width=0 max_width=256 num_rows=262144 workload=shared_prefix,False,False,3,0.9982920630208497,0.997186908381186,0.9997600415897299,True,"{""max_width"": ""256"", ""min_width"": ""0"", ""num_rows"": ""262144"", ""workload"": ""shared_prefix""}"
experiment-3,pr-workload,Device=0 min_width=0 max_width=32 num_rows=2097152 workload=shared_prefix,False,False,3,0.9881284971959874,0.9790036167277261,0.9946700700238564,True,"{""max_width"": ""32"", ""min_width"": ""0"", ""num_rows"": ""2097152"", ""workload"": ""shared_prefix""}"
experiment-3,pr-workload,Device=0 min_width=0 max_width=64 num_rows=2097152 workload=shared_prefix,False,False,3,0.996281798553023,0.9917854937798221,0.9997299099538867,True,"{""max_width"": ""64"", ""min_width"": ""0"", ""num_rows"": ""2097152"", ""workload"": ""shared_prefix""}"
experiment-3,pr-workload,Device=0 min_width=0 max_width=128 num_rows=2097152 workload=shared_prefix,False,False,3,0.9972781749615099,0.9947080047649233,1.0006667247888543,True,"{""max_width"": ""128"", ""min_width"": ""0"", ""num_rows"": ""2097152"", ""workload"": ""shared_prefix""}"
experiment-3,pr-workload,Device=0 min_width=0 max_width=256 num_rows=2097152 workload=shared_prefix,False,False,3,0.9986969147873745,0.9969894036582634,1.0009089363134949,True,"{""max_width"": ""256"", ""min_width"": ""0"", ""num_rows"": ""2097152"", ""workload"": ""shared_prefix""}"
experiment-3,pr-workload,Device=0 min_width=0 max_width=32 num_rows=32768 workload=variable,False,False,3,0.9908300590591761,0.937215045480463,1.0405233591923948,True,"{""max_width"": ""32"", ""min_width"": ""0"", ""num_rows"": ""32768"", ""workload"": ""variable""}"
experiment-3,pr-workload,Device=0 min_width=0 max_width=64 num_rows=32768 workload=variable,False,False,3,0.9920839504938537,0.9504341985941324,1.0391738824026713,True,"{""max_width"": ""64"", ""min_width"": ""0"", ""num_rows"": ""32768"", ""workload"": ""variable""}"
experiment-3,pr-workload,Device=0 min_width=0 max_width=128 num_rows=32768 workload=variable,False,False,3,0.9991242534700179,0.9290801468800399,1.0734877459893715,True,"{""max_width"": ""128"", ""min_width"": ""0"", ""num_rows"": ""32768"", ""workload"": ""variable""}"
experiment-3,pr-workload,Device=0 min_width=0 max_width=256 num_rows=32768 workload=variable,False,False,3,1.0004706217649495,0.8986868575528022,1.1064387934897286,True,"{""max_width"": ""256"", ""min_width"": ""0"", ""num_rows"": ""32768"", ""workload"": ""variable""}"
experiment-3,pr-workload,Device=0 min_width=0 max_width=32 num_rows=262144 workload=variable,False,False,3,0.9864213093730236,0.9511992408829412,1.0246922615795897,True,"{""max_width"": ""32"", ""min_width"": ""0"", ""num_rows"": ""262144"", ""workload"": ""variable""}"
experiment-3,pr-workload,Device=0 min_width=0 max_width=64 num_rows=262144 workload=variable,False,False,3,0.9776433752311431,0.9384851349874902,1.0259290704193238,True,"{""max_width"": ""64"", ""min_width"": ""0"", ""num_rows"": ""262144"", ""workload"": ""variable""}"
experiment-3,pr-workload,Device=0 min_width=0 max_width=128 num_rows=262144 workload=variable,False,False,3,0.9896958021501262,0.9350309262717506,1.0406639779965086,True,"{""max_width"": ""128"", ""min_width"": ""0"", ""num_rows"": ""262144"", ""workload"": ""variable""}"
experiment-3,pr-workload,Device=0 min_width=0 max_width=256 num_rows=262144 workload=variable,False,False,3,0.9942272576065961,0.9532535172840374,1.0257818924740087,True,"{""max_width"": ""256"", ""min_width"": ""0"", ""num_rows"": ""262144"", ""workload"": ""variable""}"
experiment-3,pr-workload,Device=0 min_width=0 max_width=32 num_rows=2097152 workload=variable,False,False,3,0.9870850915527928,0.9570336077756941,1.0174150786280285,True,"{""max_width"": ""32"", ""min_width"": ""0"", ""num_rows"": ""2097152"", ""workload"": ""variable""}"
experiment-3,pr-workload,Device=0 min_width=0 max_width=64 num_rows=2097152 workload=variable,False,False,3,0.9884181490247037,0.9577138638789607,1.02139122836637,True,"{""max_width"": ""64"", ""min_width"": ""0"", ""num_rows"": ""2097152"", ""workload"": ""variable""}"
experiment-3,pr-workload,Device=0 min_width=0 max_width=128 num_rows=2097152 workload=variable,False,False,3,0.9943585368729853,0.9662914058022781,1.020060069647943,True,"{""max_width"": ""128"", ""min_width"": ""0"", ""num_rows"": ""2097152"", ""workload"": ""variable""}"
experiment-3,pr-workload,Device=0 min_width=0 max_width=256 num_rows=2097152 workload=variable,False,False,3,0.9956109596237891,0.9690488160779054,1.0197327505286196,True,"{""max_width"": ""256"", ""min_width"": ""0"", ""num_rows"": ""2097152"", ""workload"": ""variable""}"
experiment-31,stable-warps-1,Device=0 num_rows=32768 shared_suffix=0 segment_profile=pairs,True,True,3,1.0220982894861188,0.8636003258392244,1.14387786992161,True,"{""num_rows"": ""32768"", ""segment_profile"": ""pairs"", ""shared_suffix"": ""0""}"
experiment-31,stable-warps-1,Device=0 num_rows=2097152 shared_suffix=0 segment_profile=pairs,True,True,3,0.9921634631148034,0.9870239275301914,0.9980418968749024,True,"{""num_rows"": ""2097152"", ""segment_profile"": ""pairs"", ""shared_suffix"": ""0""}"
experiment-31,stable-warps-1,Device=0 num_rows=32768 shared_suffix=64 segment_profile=pairs,True,True,3,0.9996420767929497,0.9719829919060845,1.0124782847649205,True,"{""num_rows"": ""32768"", ""segment_profile"": ""pairs"", ""shared_suffix"": ""64""}"
experiment-31,stable-warps-1,Device=0 num_rows=2097152 shared_suffix=64 segment_profile=pairs,True,True,3,0.9583317847801798,0.9462365491263249,0.9630549827598096,True,"{""num_rows"": ""2097152"", ""segment_profile"": ""pairs"", ""shared_suffix"": ""64""}"
experiment-31,stable-warps-1,Device=0 num_rows=32768 shared_suffix=0 segment_profile=tiny4,True,True,3,0.988730707238182,0.9651556140762674,1.0068548722655666,True,"{""num_rows"": ""32768"", ""segment_profile"": ""tiny4"", ""shared_suffix"": ""0""}"
experiment-31,stable-warps-1,Device=0 num_rows=2097152 shared_suffix=0 segment_profile=tiny4,True,True,3,0.9265147651275337,0.9206286847595512,0.9343085448373637,True,"{""num_rows"": ""2097152"", ""segment_profile"": ""tiny4"", ""shared_suffix"": ""0""}"
experiment-31,stable-warps-1,Device=0 num_rows=32768 shared_suffix=64 segment_profile=tiny4,True,True,3,0.9611601954276096,0.9568949179370433,0.9691527849294104,True,"{""num_rows"": ""32768"", ""segment_profile"": ""tiny4"", ""shared_suffix"": ""64""}"
experiment-31,stable-warps-1,Device=0 num_rows=2097152 shared_suffix=64 segment_profile=tiny4,True,True,3,0.8518391407421285,0.8458842425889868,0.857041798768885,True,"{""num_rows"": ""2097152"", ""segment_profile"": ""tiny4"", ""shared_suffix"": ""64""}"
experiment-31,stable-warps-1,Device=0 num_rows=32768 shared_suffix=0 segment_profile=tiny8,True,True,3,0.9468316800924336,0.9375601265467891,0.9540534987522005,True,"{""num_rows"": ""32768"", ""segment_profile"": ""tiny8"", ""shared_suffix"": ""0""}"
experiment-31,stable-warps-1,Device=0 num_rows=2097152 shared_suffix=0 segment_profile=tiny8,True,True,3,0.8196831452924597,0.8135019220605572,0.8219536983335767,True,"{""num_rows"": ""2097152"", ""segment_profile"": ""tiny8"", ""shared_suffix"": ""0""}"
experiment-31,stable-warps-1,Device=0 num_rows=32768 shared_suffix=64 segment_profile=tiny8,True,True,3,0.9164592306721635,0.9095105703090313,0.9247023968666116,True,"{""num_rows"": ""32768"", ""segment_profile"": ""tiny8"", ""shared_suffix"": ""64""}"
experiment-31,stable-warps-1,Device=0 num_rows=2097152 shared_suffix=64 segment_profile=tiny8,True,True,3,0.7566663610875655,0.7501051961225564,0.7603092843852769,True,"{""num_rows"": ""2097152"", ""segment_profile"": ""tiny8"", ""shared_suffix"": ""64""}"
experiment-31,stable-warps-1,Device=0 num_rows=32768 shared_suffix=0 segment_profile=tiny16,True,True,3,0.9367483037735204,0.9123123821309491,0.9532392960534968,True,"{""num_rows"": ""32768"", ""segment_profile"": ""tiny16"", ""shared_suffix"": ""0""}"
experiment-31,stable-warps-1,Device=0 num_rows=2097152 shared_suffix=0 segment_profile=tiny16,True,True,3,0.756206900625749,0.7501503206070601,0.7606790174334619,True,"{""num_rows"": ""2097152"", ""segment_profile"": ""tiny16"", ""shared_suffix"": ""0""}"
experiment-31,stable-warps-1,Device=0 num_rows=32768 shared_suffix=64 segment_profile=tiny16,True,True,3,0.8907774237150401,0.8690898821821483,0.9138407314913476,True,"{""num_rows"": ""32768"", ""segment_profile"": ""tiny16"", ""shared_suffix"": ""64""}"
experiment-31,stable-warps-1,Device=0 num_rows=2097152 shared_suffix=64 segment_profile=tiny16,True,True,3,0.6785352116364095,0.6754949011537689,0.6812107399564943,True,"{""num_rows"": ""2097152"", ""segment_profile"": ""tiny16"", ""shared_suffix"": ""64""}"
experiment-31,stable-warps-1,Device=0 num_rows=32768 shared_suffix=0 segment_profile=tiny32,True,True,3,0.9209389318832064,0.8793235724864857,0.9482852076024195,True,"{""num_rows"": ""32768"", ""segment_profile"": ""tiny32"", ""shared_suffix"": ""0""}"
experiment-31,stable-warps-1,Device=0 num_rows=2097152 shared_suffix=0 segment_profile=tiny32,True,True,3,0.7062218081452813,0.6979003490432514,0.7141749522905717,True,"{""num_rows"": ""2097152"", ""segment_profile"": ""tiny32"", ""shared_suffix"": ""0""}"
experiment-31,stable-warps-1,Device=0 num_rows=32768 shared_suffix=64 segment_profile=tiny32,True,True,3,0.8585795687429237,0.8498254358402574,0.8667900420089941,True,"{""num_rows"": ""32768"", ""segment_profile"": ""tiny32"", ""shared_suffix"": ""64""}"
experiment-31,stable-warps-1,Device=0 num_rows=2097152 shared_suffix=64 segment_profile=tiny32,True,True,3,0.6490870595593857,0.64641712913552,0.6517740378245813,True,"{""num_rows"": ""2097152"", ""segment_profile"": ""tiny32"", ""shared_suffix"": ""64""}"
experiment-31,constant,Device=0 num_rows=262144 prefix_width=32 suffix_width=0 prefix_cardinality=1,False,False,3,0.4698269056577923,0.45717875921970336,0.4768976597821839,True,"{""num_rows"": ""262144"", ""prefix_cardinality"": ""1"", ""prefix_width"": ""32"", ""suffix_width"": ""0""}"
experiment-31,constant,Device=0 num_rows=2097152 prefix_width=32 suffix_width=0 prefix_cardinality=1,False,False,3,0.27120214088505884,0.26924071712347963,0.2735183042412889,True,"{""num_rows"": ""2097152"", ""prefix_cardinality"": ""1"", ""prefix_width"": ""32"", ""suffix_width"": ""0""}"
experiment-31,pr-zero-collisions,Device=0 num_rows=32768 profile=zero_collision_pass1,False,False,3,0.9975968505072969,0.9369648027333609,1.0583776806080902,True,"{""num_rows"": ""32768"", ""profile"": ""zero_collision_pass1""}"
experiment-31,pr-zero-collisions,Device=0 num_rows=32768 profile=zero_collision_pass2,False,False,3,0.99423868677956,0.9490044527083581,1.0395288578856468,True,"{""num_rows"": ""32768"", ""profile"": ""zero_collision_pass2""}"
experiment-15,pr-workload,Device=0 min_width=0 max_width=32 num_rows=32768 workload=normal,False,False,3,0.9942266073047538,0.9670096118508957,1.0197772837584522,True,"{""max_width"": ""32"", ""min_width"": ""0"", ""num_rows"": ""32768"", ""workload"": ""normal""}"
experiment-15,pr-workload,Device=0 min_width=0 max_width=64 num_rows=32768 workload=normal,False,False,3,0.9885403741999578,0.9590649739535134,1.0173659797617016,True,"{""max_width"": ""64"", ""min_width"": ""0"", ""num_rows"": ""32768"", ""workload"": ""normal""}"
experiment-15,pr-workload,Device=0 min_width=0 max_width=128 num_rows=32768 workload=normal,False,False,3,0.9930891770435817,0.9816975663150044,1.0034309425094985,True,"{""max_width"": ""128"", ""min_width"": ""0"", ""num_rows"": ""32768"", ""workload"": ""normal""}"
experiment-15,pr-workload,Device=0 min_width=0 max_width=256 num_rows=32768 workload=normal,False,False,3,0.9894915637119513,0.9721558821840258,1.0132191506768524,True,"{""max_width"": ""256"", ""min_width"": ""0"", ""num_rows"": ""32768"", ""workload"": ""normal""}"
experiment-15,pr-workload,Device=0 min_width=0 max_width=32 num_rows=262144 workload=normal,False,False,3,0.9750606950022266,0.9541792826402465,1.0016065274549306,True,"{""max_width"": ""32"", ""min_width"": ""0"", ""num_rows"": ""262144"", ""workload"": ""normal""}"
experiment-15,pr-workload,Device=0 min_width=0 max_width=64 num_rows=262144 workload=normal,False,False,3,0.982595209840739,0.9723434218890215,0.9925511918028013,True,"{""max_width"": ""64"", ""min_width"": ""0"", ""num_rows"": ""262144"", ""workload"": ""normal""}"
experiment-15,pr-workload,Device=0 min_width=0 max_width=128 num_rows=262144 workload=normal,False,False,3,0.9854006754886789,0.9758123980609664,1.0021445492528158,True,"{""max_width"": ""128"", ""min_width"": ""0"", ""num_rows"": ""262144"", ""workload"": ""normal""}"
experiment-15,pr-workload,Device=0 min_width=0 max_width=256 num_rows=262144 workload=normal,False,False,3,1.000493504446164,0.9727881546136742,1.0130030529911311,True,"{""max_width"": ""256"", ""min_width"": ""0"", ""num_rows"": ""262144"", ""workload"": ""normal""}"
experiment-15,pr-workload,Device=0 min_width=0 max_width=32 num_rows=2097152 workload=normal,False,False,3,0.9812721433823169,0.9649496227591114,0.9943800108031362,True,"{""max_width"": ""32"", ""min_width"": ""0"", ""num_rows"": ""2097152"", ""workload"": ""normal""}"
experiment-15,pr-workload,Device=0 min_width=0 max_width=64 num_rows=2097152 workload=normal,False,False,3,0.9817856961478584,0.9785427176673978,0.98742679466892,True,"{""max_width"": ""64"", ""min_width"": ""0"", ""num_rows"": ""2097152"", ""workload"": ""normal""}"
experiment-15,pr-workload,Device=0 min_width=0 max_width=128 num_rows=2097152 workload=normal,False,False,3,0.9879529690754161,0.9794941067230063,1.0030313403898303,True,"{""max_width"": ""128"", ""min_width"": ""0"", ""num_rows"": ""2097152"", ""workload"": ""normal""}"
experiment-15,pr-workload,Device=0 min_width=0 max_width=256 num_rows=2097152 workload=normal,False,False,3,0.9966429744745433,0.9758371771185939,1.0147926914020224,True,"{""max_width"": ""256"", ""min_width"": ""0"", ""num_rows"": ""2097152"", ""workload"": ""normal""}"
experiment-15,pr-workload,Device=0 min_width=0 max_width=32 num_rows=32768 workload=duplicates,False,False,3,0.9914160687257443,0.9378720072667688,1.0333633868775423,True,"{""max_width"": ""32"", ""min_width"": ""0"", ""num_rows"": ""32768"", ""workload"": ""duplicates""}"
experiment-15,pr-workload,Device=0 min_width=0 max_width=64 num_rows=32768 workload=duplicates,False,False,3,0.9946530695019082,0.9334286894682128,1.0443459366966714,True,"{""max_width"": ""64"", ""min_width"": ""0"", ""num_rows"": ""32768"", ""workload"": ""duplicates""}"
experiment-15,pr-workload,Device=0 min_width=0 max_width=128 num_rows=32768 workload=duplicates,False,False,3,0.9902834405735091,0.982360736442529,1.003709628669416,True,"{""max_width"": ""128"", ""min_width"": ""0"", ""num_rows"": ""32768"", ""workload"": ""duplicates""}"
experiment-15,pr-workload,Device=0 min_width=0 max_width=256 num_rows=32768 workload=duplicates,False,False,3,0.995675981395329,0.9795235234835483,1.0095337157776008,True,"{""max_width"": ""256"", ""min_width"": ""0"", ""num_rows"": ""32768"", ""workload"": ""duplicates""}"
experiment-15,pr-workload,Device=0 min_width=0 max_width=32 num_rows=262144 workload=duplicates,False,False,3,0.9783654539444805,0.9583845007628113,1.0079129176652173,True,"{""max_width"": ""32"", ""min_width"": ""0"", ""num_rows"": ""262144"", ""workload"": ""duplicates""}"
experiment-15,pr-workload,Device=0 min_width=0 max_width=64 num_rows=262144 workload=duplicates,False,False,3,0.982337149955536,0.9542731354841154,1.00640996494393,True,"{""max_width"": ""64"", ""min_width"": ""0"", ""num_rows"": ""262144"", ""workload"": ""duplicates""}"
experiment-15,pr-workload,Device=0 min_width=0 max_width=128 num_rows=262144 workload=duplicates,False,False,3,0.997947983644492,0.9883905402332874,1.005900964341792,True,"{""max_width"": ""128"", ""min_width"": ""0"", ""num_rows"": ""262144"", ""workload"": ""duplicates""}"
experiment-15,pr-workload,Device=0 min_width=0 max_width=256 num_rows=262144 workload=duplicates,False,False,3,0.9954186370793265,0.9822599963481095,1.0068655858754356,True,"{""max_width"": ""256"", ""min_width"": ""0"", ""num_rows"": ""262144"", ""workload"": ""duplicates""}"
experiment-15,pr-workload,Device=0 min_width=0 max_width=32 num_rows=2097152 workload=duplicates,False,False,3,0.7421127219003009,0.7385991997839839,0.7452104316949917,True,"{""max_width"": ""32"", ""min_width"": ""0"", ""num_rows"": ""2097152"", ""workload"": ""duplicates""}"
experiment-15,pr-workload,Device=0 min_width=0 max_width=64 num_rows=2097152 workload=duplicates,False,False,3,0.6886020149435264,0.6810920740928268,0.696470270914829,True,"{""max_width"": ""64"", ""min_width"": ""0"", ""num_rows"": ""2097152"", ""workload"": ""duplicates""}"
experiment-15,pr-workload,Device=0 min_width=0 max_width=128 num_rows=2097152 workload=duplicates,False,False,3,0.6180921003611253,0.6156369904815774,0.6213303976842003,True,"{""max_width"": ""128"", ""min_width"": ""0"", ""num_rows"": ""2097152"", ""workload"": ""duplicates""}"
experiment-15,pr-workload,Device=0 min_width=0 max_width=256 num_rows=2097152 workload=duplicates,False,False,3,0.5873934407351755,0.578418616411499,0.5935388314820046,True,"{""max_width"": ""256"", ""min_width"": ""0"", ""num_rows"": ""2097152"", ""workload"": ""duplicates""}"
experiment-15,pr-workload,Device=0 min_width=0 max_width=32 num_rows=32768 workload=shared_prefix,False,False,3,0.9815856625090331,0.9539069144868304,1.0058344957282321,True,"{""max_width"": ""32"", ""min_width"": ""0"", ""num_rows"": ""32768"", ""workload"": ""shared_prefix""}"
experiment-15,pr-workload,Device=0 min_width=0 max_width=64 num_rows=32768 workload=shared_prefix,False,False,3,0.988362427711165,0.9800462874987982,0.9954013183018253,True,"{""max_width"": ""64"", ""min_width"": ""0"", ""num_rows"": ""32768"", ""workload"": ""shared_prefix""}"
experiment-15,pr-workload,Device=0 min_width=0 max_width=128 num_rows=32768 workload=shared_prefix,False,False,3,0.9933790253464585,0.9900954821212683,1.0003968550905493,True,"{""max_width"": ""128"", ""min_width"": ""0"", ""num_rows"": ""32768"", ""workload"": ""shared_prefix""}"
experiment-15,pr-workload,Device=0 min_width=0 max_width=256 num_rows=32768 workload=shared_prefix,False,False,3,0.9979813116214229,0.9963492355404344,0.9994751833722565,True,"{""max_width"": ""256"", ""min_width"": ""0"", ""num_rows"": ""32768"", ""workload"": ""shared_prefix""}"
experiment-15,pr-workload,Device=0 min_width=0 max_width=32 num_rows=262144 workload=shared_prefix,False,False,3,0.7590962180294605,0.7552233817311997,0.7654368602242512,True,"{""max_width"": ""32"", ""min_width"": ""0"", ""num_rows"": ""262144"", ""workload"": ""shared_prefix""}"
experiment-15,pr-workload,Device=0 min_width=0 max_width=64 num_rows=262144 workload=shared_prefix,False,False,3,0.4704679473463206,0.46523454607136333,0.47711017619410845,True,"{""max_width"": ""64"", ""min_width"": ""0"", ""num_rows"": ""262144"", ""workload"": ""shared_prefix""}"
experiment-15,pr-workload,Device=0 min_width=0 max_width=128 num_rows=262144 workload=shared_prefix,False,False,3,0.24474139966095648,0.2414791538009244,0.24890666074534173,True,"{""max_width"": ""128"", ""min_width"": ""0"", ""num_rows"": ""262144"", ""workload"": ""shared_prefix""}"
experiment-15,pr-workload,Device=0 min_width=0 max_width=256 num_rows=262144 workload=shared_prefix,False,False,3,0.094668918042322,0.09377676320283751,0.09551061801725481,True,"{""max_width"": ""256"", ""min_width"": ""0"", ""num_rows"": ""262144"", ""workload"": ""shared_prefix""}"
experiment-15,pr-workload,Device=0 min_width=0 max_width=32 num_rows=2097152 workload=shared_prefix,False,False,3,0.7134531163765685,0.7095464231626329,0.7174973616205852,True,"{""max_width"": ""32"", ""min_width"": ""0"", ""num_rows"": ""2097152"", ""workload"": ""shared_prefix""}"
experiment-15,pr-workload,Device=0 min_width=0 max_width=64 num_rows=2097152 workload=shared_prefix,False,False,3,0.4170766507115778,0.4167554835709894,0.4174747404713222,True,"{""max_width"": ""64"", ""min_width"": ""0"", ""num_rows"": ""2097152"", ""workload"": ""shared_prefix""}"
experiment-15,pr-workload,Device=0 min_width=0 max_width=128 num_rows=2097152 workload=shared_prefix,False,False,3,0.21741156491143399,0.21671705680154818,0.218095754400548,True,"{""max_width"": ""128"", ""min_width"": ""0"", ""num_rows"": ""2097152"", ""workload"": ""shared_prefix""}"
experiment-15,pr-workload,Device=0 min_width=0 max_width=256 num_rows=2097152 workload=shared_prefix,False,False,3,0.10827203973563859,0.10804322557838919,0.10849548307647844,True,"{""max_width"": ""256"", ""min_width"": ""0"", ""num_rows"": ""2097152"", ""workload"": ""shared_prefix""}"
experiment-15,pr-workload,Device=0 min_width=0 max_width=32 num_rows=32768 workload=variable,False,False,3,0.9796093676407632,0.9238550283308928,1.0310702299429078,True,"{""max_width"": ""32"", ""min_width"": ""0"", ""num_rows"": ""32768"", ""workload"": ""variable""}"
experiment-15,pr-workload,Device=0 min_width=0 max_width=64 num_rows=32768 workload=variable,False,False,3,0.9790507576729559,0.9358222414978336,1.0253287195480014,True,"{""max_width"": ""64"", ""min_width"": ""0"", ""num_rows"": ""32768"", ""workload"": ""variable""}"
experiment-15,pr-workload,Device=0 min_width=0 max_width=128 num_rows=32768 workload=variable,False,False,3,0.9914979050169577,0.9038580935117314,1.073582683187217,True,"{""max_width"": ""128"", ""min_width"": ""0"", ""num_rows"": ""32768"", ""workload"": ""variable""}"
experiment-15,pr-workload,Device=0 min_width=0 max_width=256 num_rows=32768 workload=variable,False,False,3,0.961734093127006,0.9035361190960977,1.056763776588849,True,"{""max_width"": ""256"", ""min_width"": ""0"", ""num_rows"": ""32768"", ""workload"": ""variable""}"
experiment-15,pr-workload,Device=0 min_width=0 max_width=32 num_rows=262144 workload=variable,False,False,3,0.9761476550846646,0.9547469124167636,1.0039150549807323,True,"{""max_width"": ""32"", ""min_width"": ""0"", ""num_rows"": ""262144"", ""workload"": ""variable""}"
experiment-15,pr-workload,Device=0 min_width=0 max_width=64 num_rows=262144 workload=variable,False,False,3,0.9716076329942578,0.9460142184371431,1.008463777820801,True,"{""max_width"": ""64"", ""min_width"": ""0"", ""num_rows"": ""262144"", ""workload"": ""variable""}"
experiment-15,pr-workload,Device=0 min_width=0 max_width=128 num_rows=262144 workload=variable,False,False,3,0.9686487973174069,0.9459386227867789,0.9923020759853761,True,"{""max_width"": ""128"", ""min_width"": ""0"", ""num_rows"": ""262144"", ""workload"": ""variable""}"
experiment-15,pr-workload,Device=0 min_width=0 max_width=256 num_rows=262144 workload=variable,False,False,3,0.9856771721681069,0.9487413901262818,1.014998701114294,True,"{""max_width"": ""256"", ""min_width"": ""0"", ""num_rows"": ""262144"", ""workload"": ""variable""}"
experiment-15,pr-workload,Device=0 min_width=0 max_width=32 num_rows=2097152 workload=variable,False,False,3,0.9720780675948701,0.9470514418524217,1.0044276856418641,True,"{""max_width"": ""32"", ""min_width"": ""0"", ""num_rows"": ""2097152"", ""workload"": ""variable""}"
experiment-15,pr-workload,Device=0 min_width=0 max_width=64 num_rows=2097152 workload=variable,False,False,3,0.9768851814134613,0.962770497296,1.0003418851729453,True,"{""max_width"": ""64"", ""min_width"": ""0"", ""num_rows"": ""2097152"", ""workload"": ""variable""}"
experiment-15,pr-workload,Device=0 min_width=0 max_width=128 num_rows=2097152 workload=variable,False,False,3,0.9813778483158316,0.9623008616787823,1.004178109741094,True,"{""max_width"": ""128"", ""min_width"": ""0"", ""num_rows"": ""2097152"", ""workload"": ""variable""}"
experiment-15,pr-workload,Device=0 min_width=0 max_width=256 num_rows=2097152 workload=variable,False,False,3,0.9865740143061764,0.9724847425965578,1.0052611891935574,True,"{""max_width"": ""256"", ""min_width"": ""0"", ""num_rows"": ""2097152"", ""workload"": ""variable""}"
experiment-3,end-to-end,Device=0 min_width=0 max_width=32 num_rows=262144 workload=normal,False,False,3,0.9955514601918183,0.9592148855695702,1.0168799989998822,True,"{""max_width"": ""32"", ""min_width"": ""0"", ""num_rows"": ""262144"", ""workload"": ""normal""}"
experiment-3,end-to-end,Device=0 min_width=0 max_width=256 num_rows=262144 workload=normal,False,False,3,0.9949628967513621,0.9906131284341108,1.0062990286801399,True,"{""max_width"": ""256"", ""min_width"": ""0"", ""num_rows"": ""262144"", ""workload"": ""normal""}"
experiment-3,end-to-end,Device=0 min_width=0 max_width=32 num_rows=2097152 workload=normal,False,False,3,0.9849221799895279,0.9689459326389739,0.9983057282728296,True,"{""max_width"": ""32"", ""min_width"": ""0"", ""num_rows"": ""2097152"", ""workload"": ""normal""}"
experiment-3,end-to-end,Device=0 min_width=0 max_width=256 num_rows=2097152 workload=normal,False,False,3,1.0019798324988949,0.9839397862374376,1.019494188269119,True,"{""max_width"": ""256"", ""min_width"": ""0"", ""num_rows"": ""2097152"", ""workload"": ""normal""}"
experiment-3,end-to-end,Device=0 min_width=0 max_width=32 num_rows=262144 workload=duplicates,False,False,3,0.9984703448546366,0.9616831584950309,1.0282275531727483,True,"{""max_width"": ""32"", ""min_width"": ""0"", ""num_rows"": ""262144"", ""workload"": ""duplicates""}"
experiment-3,end-to-end,Device=0 min_width=0 max_width=256 num_rows=262144 workload=duplicates,False,False,3,0.9966726622461626,0.9855422394812272,1.0078508638052475,True,"{""max_width"": ""256"", ""min_width"": ""0"", ""num_rows"": ""262144"", ""workload"": ""duplicates""}"
experiment-3,end-to-end,Device=0 min_width=0 max_width=32 num_rows=2097152 workload=duplicates,False,False,3,0.9921541541318378,0.9885067213564016,1.0003099029854847,True,"{""max_width"": ""32"", ""min_width"": ""0"", ""num_rows"": ""2097152"", ""workload"": ""duplicates""}"
experiment-3,end-to-end,Device=0 min_width=0 max_width=256 num_rows=2097152 workload=duplicates,False,False,3,0.9934387736336605,0.9899355940621919,1.0009210030337485,True,"{""max_width"": ""256"", ""min_width"": ""0"", ""num_rows"": ""2097152"", ""workload"": ""duplicates""}"
experiment-3,end-to-end,Device=0 min_width=0 max_width=32 num_rows=262144 workload=shared_prefix,False,False,3,0.9947863599788321,0.9865331079696799,0.9984637223216053,True,"{""max_width"": ""32"", ""min_width"": ""0"", ""num_rows"": ""262144"", ""workload"": ""shared_prefix""}"
experiment-3,end-to-end,Device=0 min_width=0 max_width=256 num_rows=262144 workload=shared_prefix,False,False,3,0.9994267820253682,0.9957832510189488,1.0018455360134362,True,"{""max_width"": ""256"", ""min_width"": ""0"", ""num_rows"": ""262144"", ""workload"": ""shared_prefix""}"
experiment-3,end-to-end,Device=0 min_width=0 max_width=32 num_rows=2097152 workload=shared_prefix,False,False,3,0.9877020860868612,0.985710302996681,0.9903052887711558,True,"{""max_width"": ""32"", ""min_width"": ""0"", ""num_rows"": ""2097152"", ""workload"": ""shared_prefix""}"
experiment-3,end-to-end,Device=0 min_width=0 max_width=256 num_rows=2097152 workload=shared_prefix,False,False,3,0.9990938238021896,0.9987315659471163,0.9996302393211475,True,"{""max_width"": ""256"", ""min_width"": ""0"", ""num_rows"": ""2097152"", ""workload"": ""shared_prefix""}"
experiment-3,end-to-end,Device=0 min_width=0 max_width=32 num_rows=262144 workload=variable,False,False,3,0.9909299477532048,0.9666856890419967,1.0204566994905848,True,"{""max_width"": ""32"", ""min_width"": ""0"", ""num_rows"": ""262144"", ""workload"": ""variable""}"
experiment-3,end-to-end,Device=0 min_width=0 max_width=256 num_rows=262144 workload=variable,False,False,3,0.9967484162850786,0.9758906880791721,1.0097299638576243,True,"{""max_width"": ""256"", ""min_width"": ""0"", ""num_rows"": ""262144"", ""workload"": ""variable""}"
experiment-3,end-to-end,Device=0 min_width=0 max_width=32 num_rows=2097152 workload=variable,False,False,3,0.9924270143637838,0.9810384494129434,1.0027742231475107,True,"{""max_width"": ""32"", ""min_width"": ""0"", ""num_rows"": ""2097152"", ""workload"": ""variable""}"
experiment-3,end-to-end,Device=0 min_width=0 max_width=256 num_rows=2097152 workload=variable,False,False,3,1.0009243089313697,0.98811391262503,1.0074296658805382,True,"{""max_width"": ""256"", ""min_width"": ""0"", ""num_rows"": ""2097152"", ""workload"": ""variable""}"
experiment-3,target,Device=0 num_rows=262144 max_width=32 cardinality=1,False,False,3,0.9894962311335239,0.8873071743770635,1.135001392037267,True,"{""cardinality"": ""1"", ""max_width"": ""32"", ""num_rows"": ""262144""}"
experiment-3,target,Device=0 num_rows=2097152 max_width=32 cardinality=1,False,False,3,1.0330296270146306,0.9098857510391781,1.2015930656817786,True,"{""cardinality"": ""1"", ""max_width"": ""32"", ""num_rows"": ""2097152""}"
experiment-3,target,Device=0 num_rows=262144 max_width=128 cardinality=1,False,False,3,0.9948735995037404,0.9892751508513791,0.9981896695276994,True,"{""cardinality"": ""1"", ""max_width"": ""128"", ""num_rows"": ""262144""}"
experiment-3,target,Device=0 num_rows=2097152 max_width=128 cardinality=1,False,False,3,0.9953628740852946,0.9943231849138094,0.9974795855416203,True,"{""cardinality"": ""1"", ""max_width"": ""128"", ""num_rows"": ""2097152""}"
experiment-3,target,Device=0 num_rows=262144 max_width=32 cardinality=64,False,False,3,0.9889527690268386,0.9737189314128065,1.012462828928339,True,"{""cardinality"": ""64"", ""max_width"": ""32"", ""num_rows"": ""262144""}"
experiment-3,target,Device=0 num_rows=2097152 max_width=32 cardinality=64,False,False,3,0.9877526352158528,0.9697885919815269,1.0056033519085699,True,"{""cardinality"": ""64"", ""max_width"": ""32"", ""num_rows"": ""2097152""}"
experiment-3,target,Device=0 num_rows=262144 max_width=128 cardinality=64,False,False,3,1.0040380831698152,0.9657536068457871,1.0296264534247286,True,"{""cardinality"": ""64"", ""max_width"": ""128"", ""num_rows"": ""262144""}"
experiment-3,target,Device=0 num_rows=2097152 max_width=128 cardinality=64,False,False,3,1.0009346885819468,0.9698923405105633,1.0403518724895333,True,"{""cardinality"": ""64"", ""max_width"": ""128"", ""num_rows"": ""2097152""}"
experiment-3,target,Device=0 num_rows=262144 max_width=32 cardinality=0,False,False,3,0.9971102200641625,0.974806521937199,1.0126444903303238,True,"{""cardinality"": ""0"", ""max_width"": ""32"", ""num_rows"": ""262144""}"
experiment-3,target,Device=0 num_rows=2097152 max_width=32 cardinality=0,False,False,3,0.829358835365073,0.6751659201394546,1.1408992312402848,True,"{""cardinality"": ""0"", ""max_width"": ""32"", ""num_rows"": ""2097152""}"
experiment-3,target,Device=0 num_rows=262144 max_width=128 cardinality=0,False,False,3,0.9900186772229512,0.9831809781639395,0.9963069835092426,True,"{""cardinality"": ""0"", ""max_width"": ""128"", ""num_rows"": ""262144""}"
experiment-3,target,Device=0 num_rows=2097152 max_width=128 cardinality=0,False,False,3,0.9913183752358357,0.9803459255383455,1.0036686988417354,True,"{""cardinality"": ""0"", ""max_width"": ""128"", ""num_rows"": ""2097152""}"
experiment-3,target,Device=0 num_rows=262144 prefix_width=4 suffix_width=32 prefix_cardinality=1,False,False,3,0.991938898037058,0.97699330962746,0.9981355204056896,True,"{""num_rows"": ""262144"", ""prefix_cardinality"": ""1"", ""prefix_width"": ""4"", ""suffix_width"": ""32""}"
experiment-3,target,Device=0 num_rows=2097152 prefix_width=4 suffix_width=32 prefix_cardinality=1,False,False,3,1.0025793818589428,0.9798661509244615,1.0113701864241391,True,"{""num_rows"": ""2097152"", ""prefix_cardinality"": ""1"", ""prefix_width"": ""4"", ""suffix_width"": ""32""}"
experiment-3,target,Device=0 num_rows=262144 prefix_width=8 suffix_width=32 prefix_cardinality=1,False,False,3,0.9855941845977405,0.9691876593581439,0.995831293791047,True,"{""num_rows"": ""262144"", ""prefix_cardinality"": ""1"", ""prefix_width"": ""8"", ""suffix_width"": ""32""}"
experiment-3,target,Device=0 num_rows=2097152 prefix_width=8 suffix_width=32 prefix_cardinality=1,False,False,3,0.9784857864008335,0.97527313029629,0.9830764718236014,True,"{""num_rows"": ""2097152"", ""prefix_cardinality"": ""1"", ""prefix_width"": ""8"", ""suffix_width"": ""32""}"
experiment-3,target,Device=0 num_rows=262144 prefix_width=10 suffix_width=32 prefix_cardinality=1,False,False,3,0.9831972882595125,0.9670344348747734,0.9944447443130071,True,"{""num_rows"": ""262144"", ""prefix_cardinality"": ""1"", ""prefix_width"": ""10"", ""suffix_width"": ""32""}"
experiment-3,target,Device=0 num_rows=2097152 prefix_width=10 suffix_width=32 prefix_cardinality=1,False,False,3,0.9828273153455785,0.9821571908688473,0.9836911044095938,True,"{""num_rows"": ""2097152"", ""prefix_cardinality"": ""1"", ""prefix_width"": ""10"", ""suffix_width"": ""32""}"
experiment-3,target,Device=0 num_rows=262144 prefix_width=11 suffix_width=32 prefix_cardinality=1,False,False,3,0.9908629834004995,0.9761307243061567,0.9982716329200361,True,"{""num_rows"": ""262144"", ""prefix_cardinality"": ""1"", ""prefix_width"": ""11"", ""suffix_width"": ""32""}"
experiment-3,target,Device=0 num_rows=2097152 prefix_width=11 suffix_width=32 prefix_cardinality=1,False,False,3,0.9844071988858027,0.981966270756341,0.9861254198285134,True,"{""num_rows"": ""2097152"", ""prefix_cardinality"": ""1"", ""prefix_width"": ""11"", ""suffix_width"": ""32""}"
experiment-3,target,Device=0 num_rows=262144 prefix_width=12 suffix_width=32 prefix_cardinality=1,False,False,3,0.9917450157555866,0.9763363395036391,0.9990694961574268,True,"{""num_rows"": ""262144"", ""prefix_cardinality"": ""1"", ""prefix_width"": ""12"", ""suffix_width"": ""32""}"
experiment-3,target,Device=0 num_rows=2097152 prefix_width=12 suffix_width=32 prefix_cardinality=1,False,False,3,0.9836312481798761,0.9830652217929515,0.9840414221704833,True,"{""num_rows"": ""2097152"", ""prefix_cardinality"": ""1"", ""prefix_width"": ""12"", ""suffix_width"": ""32""}"
experiment-3,target,Device=0 num_rows=262144 prefix_width=64 suffix_width=32 prefix_cardinality=1,False,False,3,0.9909145628545681,0.988501021945282,0.9933507182462875,True,"{""num_rows"": ""262144"", ""prefix_cardinality"": ""1"", ""prefix_width"": ""64"", ""suffix_width"": ""32""}"
experiment-3,target,Device=0 num_rows=2097152 prefix_width=64 suffix_width=32 prefix_cardinality=1,False,False,3,0.9964174750876765,0.9939629136812853,0.9994874878327392,True,"{""num_rows"": ""2097152"", ""prefix_cardinality"": ""1"", ""prefix_width"": ""64"", ""suffix_width"": ""32""}"
experiment-3,target,Device=0 num_rows=262144 prefix_width=4 suffix_width=32 prefix_cardinality=64,False,False,3,1.0088704284152028,0.9840561059753234,1.021547670807323,True,"{""num_rows"": ""262144"", ""prefix_cardinality"": ""64"", ""prefix_width"": ""4"", ""suffix_width"": ""32""}"
experiment-3,target,Device=0 num_rows=2097152 prefix_width=4 suffix_width=32 prefix_cardinality=64,False,False,3,0.9957667670268587,0.9784077955336836,1.0109560555714672,True,"{""num_rows"": ""2097152"", ""prefix_cardinality"": ""64"", ""prefix_width"": ""4"", ""suffix_width"": ""32""}"
experiment-3,target,Device=0 num_rows=262144 prefix_width=8 suffix_width=32 prefix_cardinality=64,False,False,3,0.986904992696441,0.9840540101272445,0.9890190578607089,True,"{""num_rows"": ""262144"", ""prefix_cardinality"": ""64"", ""prefix_width"": ""8"", ""suffix_width"": ""32""}"
experiment-3,target,Device=0 num_rows=2097152 prefix_width=8 suffix_width=32 prefix_cardinality=64,False,False,3,0.9945188179401322,0.9931332872009522,0.9959874249336133,True,"{""num_rows"": ""2097152"", ""prefix_cardinality"": ""64"", ""prefix_width"": ""8"", ""suffix_width"": ""32""}"
experiment-3,target,Device=0 num_rows=262144 prefix_width=10 suffix_width=32 prefix_cardinality=64,False,False,3,0.9861719743769967,0.9828934089030128,0.9924442787822625,True,"{""num_rows"": ""262144"", ""prefix_cardinality"": ""64"", ""prefix_width"": ""10"", ""suffix_width"": ""32""}"
experiment-3,target,Device=0 num_rows=2097152 prefix_width=10 suffix_width=32 prefix_cardinality=64,False,False,3,0.9946367172349031,0.9920087470550123,0.9969046076701824,True,"{""num_rows"": ""2097152"", ""prefix_cardinality"": ""64"", ""prefix_width"": ""10"", ""suffix_width"": ""32""}"
experiment-3,target,Device=0 num_rows=262144 prefix_width=11 suffix_width=32 prefix_cardinality=64,False,False,3,0.9874277138222469,0.9813360076231276,0.9903253834376422,True,"{""num_rows"": ""262144"", ""prefix_cardinality"": ""64"", ""prefix_width"": ""11"", ""suffix_width"": ""32""}"
experiment-3,target,Device=0 num_rows=2097152 prefix_width=11 suffix_width=32 prefix_cardinality=64,False,False,3,0.9936953183424216,0.9935803857099058,0.9938331386702014,True,"{""num_rows"": ""2097152"", ""prefix_cardinality"": ""64"", ""prefix_width"": ""11"", ""suffix_width"": ""32""}"
experiment-3,target,Device=0 num_rows=262144 prefix_width=12 suffix_width=32 prefix_cardinality=64,False,False,3,0.9871995344901897,0.9812986949450156,0.9900515764399199,True,"{""num_rows"": ""262144"", ""prefix_cardinality"": ""64"", ""prefix_width"": ""12"", ""suffix_width"": ""32""}"
experiment-3,target,Device=0 num_rows=2097152 prefix_width=12 suffix_width=32 prefix_cardinality=64,False,False,3,0.9948498124876045,0.9914324562688107,0.9978126865928064,True,"{""num_rows"": ""2097152"", ""prefix_cardinality"": ""64"", ""prefix_width"": ""12"", ""suffix_width"": ""32""}"
experiment-3,target,Device=0 num_rows=262144 prefix_width=64 suffix_width=32 prefix_cardinality=64,False,False,3,0.9951558176995452,0.9850750333490556,1.0013787845636863,True,"{""num_rows"": ""262144"", ""prefix_cardinality"": ""64"", ""prefix_width"": ""64"", ""suffix_width"": ""32""}"
experiment-3,target,Device=0 num_rows=2097152 prefix_width=64 suffix_width=32 prefix_cardinality=64,False,False,3,0.9983542242281089,0.9927930689308079,1.003842816569363,True,"{""num_rows"": ""2097152"", ""prefix_cardinality"": ""64"", ""prefix_width"": ""64"", ""suffix_width"": ""32""}"
experiment-15,stable-warps-1,Device=0 num_rows=32768 shared_suffix=0 segment_profile=pairs,True,True,3,1.0251491937790584,0.8741812704402352,1.1272452627023846,True,"{""num_rows"": ""32768"", ""segment_profile"": ""pairs"", ""shared_suffix"": ""0""}"
experiment-15,stable-warps-1,Device=0 num_rows=2097152 shared_suffix=0 segment_profile=pairs,True,True,3,0.9955785195666492,0.9853809906078826,1.0045725994793562,True,"{""num_rows"": ""2097152"", ""segment_profile"": ""pairs"", ""shared_suffix"": ""0""}"
experiment-15,stable-warps-1,Device=0 num_rows=32768 shared_suffix=64 segment_profile=pairs,True,True,3,1.0041260290992444,0.9696410663963607,1.0312701372421624,True,"{""num_rows"": ""32768"", ""segment_profile"": ""pairs"", ""shared_suffix"": ""64""}"
experiment-15,stable-warps-1,Device=0 num_rows=2097152 shared_suffix=64 segment_profile=pairs,True,True,3,0.9578739815139046,0.9392088551906755,0.9733358260909986,True,"{""num_rows"": ""2097152"", ""segment_profile"": ""pairs"", ""shared_suffix"": ""64""}"
experiment-15,stable-warps-1,Device=0 num_rows=32768 shared_suffix=0 segment_profile=tiny4,True,True,3,0.993547338691488,0.8127944103727995,1.3566234702068363,True,"{""num_rows"": ""32768"", ""segment_profile"": ""tiny4"", ""shared_suffix"": ""0""}"
experiment-15,stable-warps-1,Device=0 num_rows=2097152 shared_suffix=0 segment_profile=tiny4,True,True,3,0.924670517796782,0.9121512336943863,0.944796978944887,True,"{""num_rows"": ""2097152"", ""segment_profile"": ""tiny4"", ""shared_suffix"": ""0""}"
experiment-15,stable-warps-1,Device=0 num_rows=32768 shared_suffix=64 segment_profile=tiny4,True,True,3,0.9737771249915241,0.9134485349523498,1.033973555084774,True,"{""num_rows"": ""32768"", ""segment_profile"": ""tiny4"", ""shared_suffix"": ""64""}"
experiment-15,stable-warps-1,Device=0 num_rows=2097152 shared_suffix=64 segment_profile=tiny4,True,True,3,0.8525466770740063,0.8441336223187617,0.8596498517152271,True,"{""num_rows"": ""2097152"", ""segment_profile"": ""tiny4"", ""shared_suffix"": ""64""}"
experiment-15,stable-warps-1,Device=0 num_rows=32768 shared_suffix=0 segment_profile=tiny8,True,True,3,0.9596680544223332,0.9368460163529025,0.9787723796942684,True,"{""num_rows"": ""32768"", ""segment_profile"": ""tiny8"", ""shared_suffix"": ""0""}"
experiment-15,stable-warps-1,Device=0 num_rows=2097152 shared_suffix=0 segment_profile=tiny8,True,True,3,0.8192321240976979,0.8099890117841563,0.8304009538726297,True,"{""num_rows"": ""2097152"", ""segment_profile"": ""tiny8"", ""shared_suffix"": ""0""}"
experiment-15,stable-warps-1,Device=0 num_rows=32768 shared_suffix=64 segment_profile=tiny8,True,True,3,0.9241847786446594,0.8898939564904856,0.9591961553718803,True,"{""num_rows"": ""32768"", ""segment_profile"": ""tiny8"", ""shared_suffix"": ""64""}"
experiment-15,stable-warps-1,Device=0 num_rows=2097152 shared_suffix=64 segment_profile=tiny8,True,True,3,0.756560066448624,0.7504546944461365,0.7617732406436718,True,"{""num_rows"": ""2097152"", ""segment_profile"": ""tiny8"", ""shared_suffix"": ""64""}"
experiment-15,stable-warps-1,Device=0 num_rows=32768 shared_suffix=0 segment_profile=tiny16,True,True,3,0.9332322528633102,0.902941578188657,0.9641296395048579,True,"{""num_rows"": ""32768"", ""segment_profile"": ""tiny16"", ""shared_suffix"": ""0""}"
experiment-15,stable-warps-1,Device=0 num_rows=2097152 shared_suffix=0 segment_profile=tiny16,True,True,3,0.7574607299701774,0.7437909979073788,0.7672383207966035,True,"{""num_rows"": ""2097152"", ""segment_profile"": ""tiny16"", ""shared_suffix"": ""0""}"
experiment-15,stable-warps-1,Device=0 num_rows=32768 shared_suffix=64 segment_profile=tiny16,True,True,3,0.8859929805352372,0.8571330759860164,0.9210890716029012,True,"{""num_rows"": ""32768"", ""segment_profile"": ""tiny16"", ""shared_suffix"": ""64""}"
experiment-15,stable-warps-1,Device=0 num_rows=2097152 shared_suffix=64 segment_profile=tiny16,True,True,3,0.6783226050026665,0.6747617213523445,0.6835710120786328,True,"{""num_rows"": ""2097152"", ""segment_profile"": ""tiny16"", ""shared_suffix"": ""64""}"
experiment-15,stable-warps-1,Device=0 num_rows=32768 shared_suffix=0 segment_profile=tiny32,True,True,3,0.922255107233001,0.8838267998179531,0.9504033538272711,True,"{""num_rows"": ""32768"", ""segment_profile"": ""tiny32"", ""shared_suffix"": ""0""}"
experiment-15,stable-warps-1,Device=0 num_rows=2097152 shared_suffix=0 segment_profile=tiny32,True,True,3,0.7073989076381588,0.6969522161460934,0.7160005220051665,True,"{""num_rows"": ""2097152"", ""segment_profile"": ""tiny32"", ""shared_suffix"": ""0""}"
experiment-15,stable-warps-1,Device=0 num_rows=32768 shared_suffix=64 segment_profile=tiny32,True,True,3,0.8647938207428609,0.843926515843985,0.8805676519881099,True,"{""num_rows"": ""32768"", ""segment_profile"": ""tiny32"", ""shared_suffix"": ""64""}"
experiment-15,stable-warps-1,Device=0 num_rows=2097152 shared_suffix=64 segment_profile=tiny32,True,True,3,0.6494092468679545,0.6485837028823478,0.6510118285725283,True,"{""num_rows"": ""2097152"", ""segment_profile"": ""tiny32"", ""shared_suffix"": ""64""}"
experiment-15,stable-warps-0,Device=0 num_rows=32768 shared_suffix=0 segment_profile=pairs,True,False,3,0.9998280675097057,0.9680393177983401,1.0243982037463466,True,"{""num_rows"": ""32768"", ""segment_profile"": ""pairs"", ""shared_suffix"": ""0""}"
experiment-15,stable-warps-0,Device=0 num_rows=2097152 shared_suffix=0 segment_profile=pairs,True,False,3,0.9870961323602014,0.9727141045919434,1.001269291949809,True,"{""num_rows"": ""2097152"", ""segment_profile"": ""pairs"", ""shared_suffix"": ""0""}"
experiment-15,stable-warps-0,Device=0 num_rows=32768 shared_suffix=64 segment_profile=pairs,True,False,3,0.9903010445706912,0.968051307726679,1.004479433355711,True,"{""num_rows"": ""32768"", ""segment_profile"": ""pairs"", ""shared_suffix"": ""64""}"
experiment-15,stable-warps-0,Device=0 num_rows=2097152 shared_suffix=64 segment_profile=pairs,True,False,3,0.9533700129434934,0.9487359007644032,0.9560638115664591,True,"{""num_rows"": ""2097152"", ""segment_profile"": ""pairs"", ""shared_suffix"": ""64""}"
experiment-15,stable-warps-0,Device=0 num_rows=32768 shared_suffix=0 segment_profile=tiny4,True,False,3,0.9882767651222709,0.9559526813413892,1.0135752287919564,True,"{""num_rows"": ""32768"", ""segment_profile"": ""tiny4"", ""shared_suffix"": ""0""}"
experiment-15,stable-warps-0,Device=0 num_rows=2097152 shared_suffix=0 segment_profile=tiny4,True,False,3,0.9266008227508475,0.9137739811129788,0.9409969018633095,True,"{""num_rows"": ""2097152"", ""segment_profile"": ""tiny4"", ""shared_suffix"": ""0""}"
experiment-15,stable-warps-0,Device=0 num_rows=32768 shared_suffix=64 segment_profile=tiny4,True,False,3,0.961116650198482,0.9347535448539042,0.9861620699681717,True,"{""num_rows"": ""32768"", ""segment_profile"": ""tiny4"", ""shared_suffix"": ""64""}"
experiment-15,stable-warps-0,Device=0 num_rows=2097152 shared_suffix=64 segment_profile=tiny4,True,False,3,0.8533513178884445,0.8508625263566739,0.8571848744850035,True,"{""num_rows"": ""2097152"", ""segment_profile"": ""tiny4"", ""shared_suffix"": ""64""}"
experiment-15,stable-warps-0,Device=0 num_rows=32768 shared_suffix=0 segment_profile=tiny8,True,False,3,0.9427572754980382,0.9370217333476616,0.9517697429884389,True,"{""num_rows"": ""32768"", ""segment_profile"": ""tiny8"", ""shared_suffix"": ""0""}"
experiment-15,stable-warps-0,Device=0 num_rows=2097152 shared_suffix=0 segment_profile=tiny8,True,False,3,0.8186565305684651,0.810370093585103,0.8230107302538788,True,"{""num_rows"": ""2097152"", ""segment_profile"": ""tiny8"", ""shared_suffix"": ""0""}"
experiment-15,stable-warps-0,Device=0 num_rows=32768 shared_suffix=64 segment_profile=tiny8,True,False,3,0.9147186692491316,0.8539228376762935,0.9565347514800984,True,"{""num_rows"": ""32768"", ""segment_profile"": ""tiny8"", ""shared_suffix"": ""64""}"
experiment-15,stable-warps-0,Device=0 num_rows=2097152 shared_suffix=64 segment_profile=tiny8,True,False,3,0.7551966886385476,0.7526383007409112,0.7566805173451466,True,"{""num_rows"": ""2097152"", ""segment_profile"": ""tiny8"", ""shared_suffix"": ""64""}"
experiment-15,stable-warps-0,Device=0 num_rows=32768 shared_suffix=0 segment_profile=tiny16,True,False,3,0.929801901357524,0.9121523675954467,0.9459940551356082,True,"{""num_rows"": ""32768"", ""segment_profile"": ""tiny16"", ""shared_suffix"": ""0""}"
experiment-15,stable-warps-0,Device=0 num_rows=2097152 shared_suffix=0 segment_profile=tiny16,True,False,3,0.7553053420850115,0.7469239326089698,0.762020713287629,True,"{""num_rows"": ""2097152"", ""segment_profile"": ""tiny16"", ""shared_suffix"": ""0""}"
experiment-15,stable-warps-0,Device=0 num_rows=32768 shared_suffix=64 segment_profile=tiny16,True,False,3,0.8853231442748085,0.8675848328680872,0.899525409679288,True,"{""num_rows"": ""32768"", ""segment_profile"": ""tiny16"", ""shared_suffix"": ""64""}"
experiment-15,stable-warps-0,Device=0 num_rows=2097152 shared_suffix=64 segment_profile=tiny16,True,False,3,0.6773207888216336,0.6731903299846587,0.6799647563725315,True,"{""num_rows"": ""2097152"", ""segment_profile"": ""tiny16"", ""shared_suffix"": ""64""}"
experiment-15,stable-warps-0,Device=0 num_rows=32768 shared_suffix=0 segment_profile=tiny32,True,False,3,0.9209583338270525,0.8982002038233269,0.9486492917471977,True,"{""num_rows"": ""32768"", ""segment_profile"": ""tiny32"", ""shared_suffix"": ""0""}"
experiment-15,stable-warps-0,Device=0 num_rows=2097152 shared_suffix=0 segment_profile=tiny32,True,False,3,0.705864346812508,0.6986916605924949,0.7120523464950482,True,"{""num_rows"": ""2097152"", ""segment_profile"": ""tiny32"", ""shared_suffix"": ""0""}"
experiment-15,stable-warps-0,Device=0 num_rows=32768 shared_suffix=64 segment_profile=tiny32,True,False,3,0.8626204510956679,0.8579583131517108,0.8651688379616923,True,"{""num_rows"": ""32768"", ""segment_profile"": ""tiny32"", ""shared_suffix"": ""64""}"
experiment-15,stable-warps-0,Device=0 num_rows=2097152 shared_suffix=64 segment_profile=tiny32,True,False,3,0.64894359830019,0.6475204817678718,0.6506005464872605,True,"{""num_rows"": ""2097152"", ""segment_profile"": ""tiny32"", ""shared_suffix"": ""64""}"
experiment-31,pr-source,Device=0 num_rows=262144 profile=unique_32,False,False,3,0.5841200621613796,0.5579650353189254,0.6209966489592449,True,"{""num_rows"": ""262144"", ""profile"": ""unique_32""}"
experiment-31,pr-source,Device=0 num_rows=2097152 profile=unique_32,False,False,3,0.3356934212515763,0.33229738538615855,0.33988514469462033,True,"{""num_rows"": ""2097152"", ""profile"": ""unique_32""}"
experiment-31,pr-source,Device=0 num_rows=262144 profile=duplicates_32,False,False,3,0.4111650534580164,0.39841541172628187,0.42834400135280687,True,"{""num_rows"": ""262144"", ""profile"": ""duplicates_32""}"
experiment-31,pr-source,Device=0 num_rows=2097152 profile=duplicates_32,False,False,3,0.21413445557387628,0.21185911987501016,0.21613845956215602,True,"{""num_rows"": ""2097152"", ""profile"": ""duplicates_32""}"
experiment-31,pr-source,Device=0 num_rows=262144 profile=shared_prefix_24,False,False,3,0.5830412378839815,0.5517855110376433,0.6271914769041582,True,"{""num_rows"": ""262144"", ""profile"": ""shared_prefix_24""}"
experiment-31,pr-source,Device=0 num_rows=2097152 profile=shared_prefix_24,False,False,3,0.3357588113935518,0.3324147081610331,0.33977144574853324,True,"{""num_rows"": ""2097152"", ""profile"": ""shared_prefix_24""}"
experiment-31,pr-source,Device=0 num_rows=262144 profile=raw_unique_40,False,False,3,0.9727080953915456,0.9134598678982594,1.0727502211902407,True,"{""num_rows"": ""262144"", ""profile"": ""raw_unique_40""}"
experiment-31,pr-source,Device=0 num_rows=2097152 profile=raw_unique_40,False,False,3,0.9885819216500858,0.943619398533705,1.0403914931028464,True,"{""num_rows"": ""2097152"", ""profile"": ""raw_unique_40""}"
experiment-31,pr-source,Device=0 num_rows=262144 profile=raw_duplicates_40,False,False,3,0.9885629441605891,0.974330433254945,1.0091060985948648,True,"{""num_rows"": ""262144"", ""profile"": ""raw_duplicates_40""}"
experiment-31,pr-source,Device=0 num_rows=2097152 profile=raw_duplicates_40,False,False,3,0.2530884979540487,0.2497107430774297,0.25708156413166433,True,"{""num_rows"": ""2097152"", ""profile"": ""raw_duplicates_40""}"
experiment-31,pr-source,Device=0 num_rows=262144 profile=raw_shared_prefix_24_width_40,False,False,3,0.8621739373889463,0.8443180977681476,0.8810023616826331,True,"{""num_rows"": ""262144"", ""profile"": ""raw_shared_prefix_24_width_40""}"
experiment-31,pr-source,Device=0 num_rows=2097152 profile=raw_shared_prefix_24_width_40,False,False,3,0.7405680648989202,0.7375394665530862,0.7442815461691463,True,"{""num_rows"": ""2097152"", ""profile"": ""raw_shared_prefix_24_width_40""}"
experiment-31,end-to-end,Device=0 min_width=0 max_width=32 num_rows=262144 workload=normal,False,False,3,0.9995743698175741,0.9569649142878913,1.0339234760983098,True,"{""max_width"": ""32"", ""min_width"": ""0"", ""num_rows"": ""262144"", ""workload"": ""normal""}"
experiment-31,end-to-end,Device=0 min_width=0 max_width=256 num_rows=262144 workload=normal,False,False,3,0.996819994987317,0.9664579049320275,1.0324188135980106,True,"{""max_width"": ""256"", ""min_width"": ""0"", ""num_rows"": ""262144"", ""workload"": ""normal""}"
experiment-31,end-to-end,Device=0 min_width=0 max_width=32 num_rows=2097152 workload=normal,False,False,3,0.9875366671718893,0.9659159193365008,1.0061754764677142,True,"{""max_width"": ""32"", ""min_width"": ""0"", ""num_rows"": ""2097152"", ""workload"": ""normal""}"
experiment-31,end-to-end,Device=0 min_width=0 max_width=256 num_rows=2097152 workload=normal,False,False,3,1.003135867408699,0.9755395372572533,1.0258053983942286,True,"{""max_width"": ""256"", ""min_width"": ""0"", ""num_rows"": ""2097152"", ""workload"": ""normal""}"
experiment-31,end-to-end,Device=0 min_width=0 max_width=32 num_rows=262144 workload=duplicates,False,False,3,0.9982068133476111,0.9644575981354137,1.0202897179435786,True,"{""max_width"": ""32"", ""min_width"": ""0"", ""num_rows"": ""262144"", ""workload"": ""duplicates""}"
experiment-31,end-to-end,Device=0 min_width=0 max_width=256 num_rows=262144 workload=duplicates,False,False,3,0.9998566387809941,0.9937236051937594,1.0065772435636222,True,"{""max_width"": ""256"", ""min_width"": ""0"", ""num_rows"": ""262144"", ""workload"": ""duplicates""}"
experiment-31,end-to-end,Device=0 min_width=0 max_width=32 num_rows=2097152 workload=duplicates,False,False,3,0.44741497533245095,0.43862110576396857,0.45878506285576426,True,"{""max_width"": ""32"", ""min_width"": ""0"", ""num_rows"": ""2097152"", ""workload"": ""duplicates""}"
experiment-31,end-to-end,Device=0 min_width=0 max_width=256 num_rows=2097152 workload=duplicates,False,False,3,0.1725539260931074,0.15277564770762317,0.1878397432364195,True,"{""max_width"": ""256"", ""min_width"": ""0"", ""num_rows"": ""2097152"", ""workload"": ""duplicates""}"
experiment-31,end-to-end,Device=0 min_width=0 max_width=32 num_rows=262144 workload=shared_prefix,False,False,3,0.8079720899925726,0.7884472534091642,0.8289917036651394,True,"{""max_width"": ""32"", ""min_width"": ""0"", ""num_rows"": ""262144"", ""workload"": ""shared_prefix""}"
experiment-31,end-to-end,Device=0 min_width=0 max_width=256 num_rows=262144 workload=shared_prefix,False,False,3,0.11340920979184803,0.11097775052478924,0.11517216049243129,True,"{""max_width"": ""256"", ""min_width"": ""0"", ""num_rows"": ""262144"", ""workload"": ""shared_prefix""}"
experiment-31,end-to-end,Device=0 min_width=0 max_width=32 num_rows=2097152 workload=shared_prefix,False,False,3,0.7394741411698603,0.7386743580252678,0.7405017148561515,True,"{""max_width"": ""32"", ""min_width"": ""0"", ""num_rows"": ""2097152"", ""workload"": ""shared_prefix""}"
experiment-31,end-to-end,Device=0 min_width=0 max_width=256 num_rows=2097152 workload=shared_prefix,False,False,3,0.12112859095513699,0.12100382451991139,0.12135358842533245,True,"{""max_width"": ""256"", ""min_width"": ""0"", ""num_rows"": ""2097152"", ""workload"": ""shared_prefix""}"
experiment-31,end-to-end,Device=0 min_width=0 max_width=32 num_rows=262144 workload=variable,False,False,3,0.9984591414671383,0.9556351349227211,1.0367843996303525,True,"{""max_width"": ""32"", ""min_width"": ""0"", ""num_rows"": ""262144"", ""workload"": ""variable""}"
experiment-31,end-to-end,Device=0 min_width=0 max_width=256 num_rows=262144 workload=variable,False,False,3,1.0044234892156803,0.9682870789591128,1.0302836235274857,True,"{""max_width"": ""256"", ""min_width"": ""0"", ""num_rows"": ""262144"", ""workload"": ""variable""}"
experiment-31,end-to-end,Device=0 min_width=0 max_width=32 num_rows=2097152 workload=variable,False,False,3,0.9933117449339265,0.9615705717237502,1.0289636446105324,True,"{""max_width"": ""32"", ""min_width"": ""0"", ""num_rows"": ""2097152"", ""workload"": ""variable""}"
experiment-31,end-to-end,Device=0 min_width=0 max_width=256 num_rows=2097152 workload=variable,False,False,3,1.0042183449685538,0.9844072796445121,1.019008550070092,True,"{""max_width"": ""256"", ""min_width"": ""0"", ""num_rows"": ""2097152"", ""workload"": ""variable""}"
experiment-15,pr-diagnostics,Device=0 num_rows=262144 profile=finish_257,False,False,3,0.997614530151519,0.9924937928429421,1.005997347196591,True,"{""num_rows"": ""262144"", ""profile"": ""finish_257""}"
experiment-15,pr-diagnostics,Device=0 num_rows=2097152 profile=finish_257,False,False,3,0.9959169498259854,0.9819189521853696,1.019707680400852,True,"{""num_rows"": ""2097152"", ""profile"": ""finish_257""}"
experiment-15,pr-diagnostics,Device=0 num_rows=262144 profile=finish_1024,False,False,3,1.0033524264732254,0.9307524974717564,1.114979654089454,True,"{""num_rows"": ""262144"", ""profile"": ""finish_1024""}"
experiment-15,pr-diagnostics,Device=0 num_rows=2097152 profile=finish_1024,False,False,3,0.9990573815997729,0.9842248240826242,1.0198853056771335,True,"{""num_rows"": ""2097152"", ""profile"": ""finish_1024""}"
experiment-15,pr-diagnostics,Device=0 num_rows=262144 profile=finish_4096,False,False,3,0.9886331060438941,0.9768650668392211,1.0089160510676336,True,"{""num_rows"": ""262144"", ""profile"": ""finish_4096""}"
experiment-15,pr-diagnostics,Device=0 num_rows=2097152 profile=finish_4096,False,False,3,0.9956889328989258,0.9769333539384616,1.0267562217778523,True,"{""num_rows"": ""2097152"", ""profile"": ""finish_4096""}"
experiment-15,pr-diagnostics,Device=0 num_rows=262144 profile=active_50,False,False,3,1.0034150457537399,0.9893355731505649,1.027093451674549,True,"{""num_rows"": ""262144"", ""profile"": ""active_50""}"
experiment-15,pr-diagnostics,Device=0 num_rows=2097152 profile=active_50,False,False,3,0.9796902201904858,0.9698146212783436,0.9916135362281835,True,"{""num_rows"": ""2097152"", ""profile"": ""active_50""}"
experiment-15,pr-diagnostics,Device=0 num_rows=262144 profile=active_10,False,False,3,0.9902858721781157,0.9735247927174712,1.0111913088179671,True,"{""num_rows"": ""262144"", ""profile"": ""active_10""}"
experiment-15,pr-diagnostics,Device=0 num_rows=2097152 profile=active_10,False,False,3,0.9988046032038401,0.9887448509554926,1.0115367507352435,True,"{""num_rows"": ""2097152"", ""profile"": ""active_10""}"
experiment-15,pr-diagnostics,Device=0 num_rows=262144 profile=active_1,False,False,3,0.9888941207477968,0.96693733580198,1.000092623352206,True,"{""num_rows"": ""262144"", ""profile"": ""active_1""}"
experiment-15,pr-diagnostics,Device=0 num_rows=2097152 profile=active_1,False,False,3,0.9918603795567471,0.9711984978579206,1.0140994487266053,True,"{""num_rows"": ""2097152"", ""profile"": ""active_1""}"
experiment-15,pr-diagnostics,Device=0 num_rows=262144 profile=active_0_1,False,False,3,0.992504436265087,0.9543833910542536,1.0238888939781792,True,"{""num_rows"": ""262144"", ""profile"": ""active_0_1""}"
experiment-15,pr-diagnostics,Device=0 num_rows=2097152 profile=active_0_1,False,False,3,0.9959231987738786,0.97134898646185,1.0235456914356829,True,"{""num_rows"": ""2097152"", ""profile"": ""active_0_1""}"
experiment-15,pr-diagnostics,Device=0 num_rows=262144 profile=duplicates_6,False,False,3,0.9860282507751024,0.9713579151284155,1.017877885696891,True,"{""num_rows"": ""262144"", ""profile"": ""duplicates_6""}"
experiment-15,pr-diagnostics,Device=0 num_rows=2097152 profile=duplicates_6,False,False,3,0.97512652663214,0.9703560727457022,0.9820989487142664,True,"{""num_rows"": ""2097152"", ""profile"": ""duplicates_6""}"
experiment-15,pr-diagnostics,Device=0 num_rows=262144 profile=duplicates_8,False,False,3,1.001330734787287,0.9569374087481622,1.057712349925894,True,"{""num_rows"": ""262144"", ""profile"": ""duplicates_8""}"
experiment-15,pr-diagnostics,Device=0 num_rows=2097152 profile=duplicates_8,False,False,3,0.9757747145520215,0.9709408273834726,0.9831227289275919,True,"{""num_rows"": ""2097152"", ""profile"": ""duplicates_8""}"
experiment-15,pr-diagnostics,Device=0 num_rows=262144 profile=duplicates_12,False,False,3,0.9964694098742888,0.9717525860056337,1.0305100773377938,True,"{""num_rows"": ""262144"", ""profile"": ""duplicates_12""}"
experiment-15,pr-diagnostics,Device=0 num_rows=2097152 profile=duplicates_12,False,False,3,0.9977434476015677,0.9932303096301953,1.0023847225796871,True,"{""num_rows"": ""2097152"", ""profile"": ""duplicates_12""}"
experiment-15,pr-diagnostics,Device=0 num_rows=262144 profile=duplicates_16,False,False,3,0.9870675870868899,0.9590780515398306,1.0359002446686012,True,"{""num_rows"": ""262144"", ""profile"": ""duplicates_16""}"
experiment-15,pr-diagnostics,Device=0 num_rows=2097152 profile=duplicates_16,False,False,3,0.9839052585659815,0.9797012627830634,0.9880719146943717,True,"{""num_rows"": ""2097152"", ""profile"": ""duplicates_16""}"
experiment-15,pr-diagnostics,Device=0 num_rows=262144 profile=duplicates_24,False,False,3,0.9930045035689637,0.9853824010490877,1.0062337052485415,True,"{""num_rows"": ""262144"", ""profile"": ""duplicates_24""}"
experiment-15,pr-diagnostics,Device=0 num_rows=2097152 profile=duplicates_24,False,False,3,0.9870436576878732,0.9820124175072269,0.9929309773357221,True,"{""num_rows"": ""2097152"", ""profile"": ""duplicates_24""}"
experiment-15,pr-diagnostics,Device=0 num_rows=262144 profile=duplicates_32,False,False,3,0.9952820470769177,0.9820940603645302,1.0110064756232617,True,"{""num_rows"": ""262144"", ""profile"": ""duplicates_32""}"
experiment-15,pr-diagnostics,Device=0 num_rows=2097152 profile=duplicates_32,False,False,3,0.9888218299678319,0.9852328957283845,0.9931149207352734,True,"{""num_rows"": ""2097152"", ""profile"": ""duplicates_32""}"
experiment-15,pr-diagnostics,Device=0 num_rows=262144 profile=rle_misaligned,False,False,3,0.767747413353448,0.7521431853155326,0.7881342222614965,True,"{""num_rows"": ""262144"", ""profile"": ""rle_misaligned""}"
experiment-15,pr-diagnostics,Device=0 num_rows=2097152 profile=rle_misaligned,False,False,3,0.7011373618799186,0.6992041734131756,0.7040303229557101,True,"{""num_rows"": ""2097152"", ""profile"": ""rle_misaligned""}"
experiment-31,main,Device=0 min_width=1 max_width=8 num_rows=32768,False,False,3,1.0008839115385573,0.9316181498759051,1.1060967631818983,True,"{""max_width"": ""8"", ""min_width"": ""1"", ""num_rows"": ""32768""}"
experiment-31,main,Device=0 min_width=1 max_width=32 num_rows=32768,False,False,3,1.0044172246292595,0.9497601583595331,1.038361513824923,True,"{""max_width"": ""32"", ""min_width"": ""1"", ""num_rows"": ""32768""}"
experiment-31,main,Device=0 min_width=1 max_width=64 num_rows=32768,False,False,3,0.9976652733614547,0.9602513497085066,1.0242337240717394,True,"{""max_width"": ""64"", ""min_width"": ""1"", ""num_rows"": ""32768""}"
experiment-31,main,Device=0 min_width=1 max_width=128 num_rows=32768,False,False,3,1.0042060825182957,0.9742721554781956,1.019844934891142,True,"{""max_width"": ""128"", ""min_width"": ""1"", ""num_rows"": ""32768""}"
experiment-31,main,Device=0 min_width=1 max_width=256 num_rows=32768,False,False,3,1.0152407103190224,0.9772521555684033,1.0350637611514453,True,"{""max_width"": ""256"", ""min_width"": ""1"", ""num_rows"": ""32768""}"
experiment-31,main,Device=0 min_width=1 max_width=8 num_rows=262144,False,False,3,0.9701050276969392,0.914021629537647,1.0244506468815222,True,"{""max_width"": ""8"", ""min_width"": ""1"", ""num_rows"": ""262144""}"
experiment-31,main,Device=0 min_width=1 max_width=32 num_rows=262144,False,False,3,0.9806670595827826,0.9520163445138318,1.0120910178884945,True,"{""max_width"": ""32"", ""min_width"": ""1"", ""num_rows"": ""262144""}"
experiment-31,main,Device=0 min_width=1 max_width=64 num_rows=262144,False,False,3,0.9835675501305277,0.9693956776208958,1.003587901629869,True,"{""max_width"": ""64"", ""min_width"": ""1"", ""num_rows"": ""262144""}"
experiment-31,main,Device=0 min_width=1 max_width=128 num_rows=262144,False,False,3,0.9956216598598979,0.969763098492378,1.0203816293131915,True,"{""max_width"": ""128"", ""min_width"": ""1"", ""num_rows"": ""262144""}"
experiment-31,main,Device=0 min_width=1 max_width=256 num_rows=262144,False,False,3,0.995827190824427,0.9879062687577355,1.0092681736561042,True,"{""max_width"": ""256"", ""min_width"": ""1"", ""num_rows"": ""262144""}"
experiment-31,main,Device=0 min_width=1 max_width=8 num_rows=2097152,False,False,3,0.9482334485614866,0.9291515359613164,0.9596414087946045,True,"{""max_width"": ""8"", ""min_width"": ""1"", ""num_rows"": ""2097152""}"
experiment-31,main,Device=0 min_width=1 max_width=32 num_rows=2097152,False,False,3,0.9801413672534038,0.975282573704111,0.9836205133804402,True,"{""max_width"": ""32"", ""min_width"": ""1"", ""num_rows"": ""2097152""}"
experiment-31,main,Device=0 min_width=1 max_width=64 num_rows=2097152,False,False,3,0.9878290538888932,0.9757500887035666,1.0020915971936035,True,"{""max_width"": ""64"", ""min_width"": ""1"", ""num_rows"": ""2097152""}"
experiment-31,main,Device=0 min_width=1 max_width=128 num_rows=2097152,False,False,3,0.9941118539772378,0.9854716844218376,0.9973973561316033,True,"{""max_width"": ""128"", ""min_width"": ""1"", ""num_rows"": ""2097152""}"
experiment-31,main,Device=0 min_width=1 max_width=256 num_rows=2097152,False,False,3,0.999006950017087,0.9832744632322112,1.0220129854616349,True,"{""max_width"": ""256"", ""min_width"": ""1"", ""num_rows"": ""2097152""}"
experiment-31,main,Device=0 min_width=1 max_width=8 num_rows=16777216,False,False,3,0.7362274295138875,0.6816304012476989,0.8252586433849459,True,"{""max_width"": ""8"", ""min_width"": ""1"", ""num_rows"": ""16777216""}"
experiment-31,main,Device=0 min_width=1 max_width=32 num_rows=16777216,False,False,3,0.6033271408000707,0.5774203302031192,0.6416152008510797,True,"{""max_width"": ""32"", ""min_width"": ""1"", ""num_rows"": ""16777216""}"
experiment-31,main,Device=0 min_width=1 max_width=64 num_rows=16777216,False,False,3,0.5442832237563062,0.5329208071992025,0.5609033229699807,True,"{""max_width"": ""64"", ""min_width"": ""1"", ""num_rows"": ""16777216""}"
experiment-31,main,Device=0 min_width=1 max_width=128 num_rows=16777216,False,False,3,0.4488156275162502,0.44741124535306903,0.4507315641779309,True,"{""max_width"": ""128"", ""min_width"": ""1"", ""num_rows"": ""16777216""}"
experiment-31,main,Device=0 min_width=1 max_width=256 num_rows=16777216,False,False,3,0.4145001930771926,0.40489768245672303,0.4212174379917417,True,"{""max_width"": ""256"", ""min_width"": ""1"", ""num_rows"": ""16777216""}"
experiment-31,main,Device=0 num_rows=262144 profile=cardinality_1_width_32,False,False,3,0.9478672894106921,0.7432894653081098,1.1458005837645742,True,"{""num_rows"": ""262144"", ""profile"": ""cardinality_1_width_32""}"
experiment-31,main,Device=0 num_rows=2097152 profile=cardinality_1_width_32,False,False,3,1.0215854130129485,0.9494289937580286,1.092663978262206,True,"{""num_rows"": ""2097152"", ""profile"": ""cardinality_1_width_32""}"
experiment-31,main,Device=0 num_rows=262144 profile=cardinality_64_width_128,False,False,3,0.9946818755441135,0.9683582388526105,1.0211633273208927,True,"{""num_rows"": ""262144"", ""profile"": ""cardinality_64_width_128""}"
experiment-31,main,Device=0 num_rows=2097152 profile=cardinality_64_width_128,False,False,3,0.15078544097122584,0.1485314672165415,0.15327094134963257,True,"{""num_rows"": ""2097152"", ""profile"": ""cardinality_64_width_128""}"
experiment-31,main,Device=0 num_rows=262144 profile=shared_prefix_64,False,False,3,0.47439129951445363,0.4622809018321847,0.4841265232583924,True,"{""num_rows"": ""262144"", ""profile"": ""shared_prefix_64""}"
experiment-31,main,Device=0 num_rows=2097152 profile=shared_prefix_64,False,False,3,0.4130015376788536,0.41113526738680045,0.4144588716830595,True,"{""num_rows"": ""2097152"", ""profile"": ""shared_prefix_64""}"
experiment-31,main,Device=0 num_rows=262144 profile=variable_128,False,False,3,0.9941001394102097,0.9274314848370692,1.0604043045824711,True,"{""num_rows"": ""262144"", ""profile"": ""variable_128""}"
experiment-31,main,Device=0 num_rows=2097152 profile=variable_128,False,False,3,0.9842630978735685,0.950661949233951,1.0020532665629545,True,"{""num_rows"": ""2097152"", ""profile"": ""variable_128""}"
experiment-31,main,Device=0 num_rows=262144 profile=fixed_8 null_percent=0,False,False,3,1.004628529927309,0.9216466225709722,1.0827126559791724,True,"{""null_percent"": ""0"", ""num_rows"": ""262144"", ""profile"": ""fixed_8""}"
experiment-31,main,Device=0 num_rows=2097152 profile=fixed_8 null_percent=0,False,False,3,1.008728529442284,0.9860216952348448,1.0197853790083826,True,"{""null_percent"": ""0"", ""num_rows"": ""2097152"", ""profile"": ""fixed_8""}"
experiment-31,main,Device=0 num_rows=262144 profile=variable_128 null_percent=0,False,False,3,1.0036251641310048,0.9294256747029324,1.0687672688228695,True,"{""null_percent"": ""0"", ""num_rows"": ""262144"", ""profile"": ""variable_128""}"
experiment-31,main,Device=0 num_rows=2097152 profile=variable_128 null_percent=0,False,False,3,0.9751570810866877,0.9542036647353688,0.9948590676255309,True,"{""null_percent"": ""0"", ""num_rows"": ""2097152"", ""profile"": ""variable_128""}"
experiment-31,main,Device=0 num_rows=262144 profile=fixed_8 null_percent=50,False,False,3,0.9987516595665168,0.935954010575415,1.0510393229211208,True,"{""null_percent"": ""50"", ""num_rows"": ""262144"", ""profile"": ""fixed_8""}"
experiment-31,main,Device=0 num_rows=2097152 profile=fixed_8 null_percent=50,False,False,3,0.9951880222461186,0.9743454871664947,1.0212935938282792,True,"{""null_percent"": ""50"", ""num_rows"": ""2097152"", ""profile"": ""fixed_8""}"
experiment-31,main,Device=0 num_rows=262144 profile=variable_128 null_percent=50,False,False,3,1.0036238816956387,0.9475545017163062,1.0411616978055909,True,"{""null_percent"": ""50"", ""num_rows"": ""262144"", ""profile"": ""variable_128""}"
experiment-31,main,Device=0 num_rows=2097152 profile=variable_128 null_percent=50,False,False,3,0.9891184546237813,0.9637491644592172,1.0039351947539565,True,"{""null_percent"": ""50"", ""num_rows"": ""2097152"", ""profile"": ""variable_128""}"
experiment-31,main,Device=0 num_rows=262144 profile=fixed_8 null_percent=100,False,False,3,0.9946782793813914,0.8178896544220868,1.1339414545375246,True,"{""null_percent"": ""100"", ""num_rows"": ""262144"", ""profile"": ""fixed_8""}"
experiment-31,main,Device=0 num_rows=2097152 profile=fixed_8 null_percent=100,False,False,3,1.0088048028451577,0.9866118396656912,1.0375099325689452,True,"{""null_percent"": ""100"", ""num_rows"": ""2097152"", ""profile"": ""fixed_8""}"
experiment-31,main,Device=0 num_rows=262144 profile=variable_128 null_percent=100,False,False,3,1.0203070933433838,0.7953870684211563,1.195772640017105,True,"{""null_percent"": ""100"", ""num_rows"": ""262144"", ""profile"": ""variable_128""}"
experiment-31,main,Device=0 num_rows=2097152 profile=variable_128 null_percent=100,False,False,3,0.9701789358529636,0.9229746793784064,1.0560746241440442,True,"{""null_percent"": ""100"", ""num_rows"": ""2097152"", ""profile"": ""variable_128""}"
experiment-3,pr-zero-collisions,Device=0 num_rows=32768 profile=zero_collision_pass1,False,False,3,1.0083279139144778,0.9538452048148996,1.0344095740868156,True,"{""num_rows"": ""32768"", ""profile"": ""zero_collision_pass1""}"
experiment-3,pr-zero-collisions,Device=0 num_rows=32768 profile=zero_collision_pass2,False,False,3,1.0100850463570943,0.9540530270878139,1.0339447379347186,True,"{""num_rows"": ""32768"", ""profile"": ""zero_collision_pass2""}"
experiment-3,pr-diagnostics,Device=0 num_rows=262144 profile=finish_257,False,False,3,1.0076982092967364,0.9822885791773047,1.0237726331846038,True,"{""num_rows"": ""262144"", ""profile"": ""finish_257""}"
experiment-3,pr-diagnostics,Device=0 num_rows=2097152 profile=finish_257,False,False,3,1.007878651444906,0.9784004871484109,1.0319594877863947,True,"{""num_rows"": ""2097152"", ""profile"": ""finish_257""}"
experiment-3,pr-diagnostics,Device=0 num_rows=262144 profile=finish_1024,False,False,3,1.007250130153284,0.9618460586028872,1.0404099119414716,True,"{""num_rows"": ""262144"", ""profile"": ""finish_1024""}"
experiment-3,pr-diagnostics,Device=0 num_rows=2097152 profile=finish_1024,False,False,3,1.0079680349969478,0.9881952085949653,1.0219130973683157,True,"{""num_rows"": ""2097152"", ""profile"": ""finish_1024""}"
experiment-3,pr-diagnostics,Device=0 num_rows=262144 profile=finish_4096,False,False,3,0.9978701536359322,0.9719919329440322,1.0232731493942246,True,"{""num_rows"": ""262144"", ""profile"": ""finish_4096""}"
experiment-3,pr-diagnostics,Device=0 num_rows=2097152 profile=finish_4096,False,False,3,1.0071090779357865,0.9829854036430666,1.0229944323163356,True,"{""num_rows"": ""2097152"", ""profile"": ""finish_4096""}"
experiment-3,pr-diagnostics,Device=0 num_rows=262144 profile=active_50,False,False,3,1.0079197870759404,0.9627521963729633,1.0428190898614746,True,"{""num_rows"": ""262144"", ""profile"": ""active_50""}"
experiment-3,pr-diagnostics,Device=0 num_rows=2097152 profile=active_50,False,False,3,0.9805578993844649,0.964432049066321,0.9911017300407955,True,"{""num_rows"": ""2097152"", ""profile"": ""active_50""}"
experiment-3,pr-diagnostics,Device=0 num_rows=262144 profile=active_10,False,False,3,0.9972485682282684,0.9690926849387564,1.0318627975084993,True,"{""num_rows"": ""262144"", ""profile"": ""active_10""}"
experiment-3,pr-diagnostics,Device=0 num_rows=2097152 profile=active_10,False,False,3,0.9969582770589932,0.9804188787498932,1.0083134382063161,True,"{""num_rows"": ""2097152"", ""profile"": ""active_10""}"
experiment-3,pr-diagnostics,Device=0 num_rows=262144 profile=active_1,False,False,3,0.9905882419013059,0.9582563241644307,1.0106465480422118,True,"{""num_rows"": ""262144"", ""profile"": ""active_1""}"
experiment-3,pr-diagnostics,Device=0 num_rows=2097152 profile=active_1,False,False,3,1.0028818807612394,0.9798317768664452,1.014324940250506,True,"{""num_rows"": ""2097152"", ""profile"": ""active_1""}"
experiment-3,pr-diagnostics,Device=0 num_rows=262144 profile=active_0_1,False,False,3,0.9969511002165792,0.9585467077513992,1.0297039413529079,True,"{""num_rows"": ""262144"", ""profile"": ""active_0_1""}"
experiment-3,pr-diagnostics,Device=0 num_rows=2097152 profile=active_0_1,False,False,3,1.000890251356928,0.9756864640994289,1.0192973616232657,True,"{""num_rows"": ""2097152"", ""profile"": ""active_0_1""}"
experiment-3,pr-diagnostics,Device=0 num_rows=262144 profile=duplicates_6,False,False,3,1.0125855938855572,0.936502565622972,1.0752235611377743,True,"{""num_rows"": ""262144"", ""profile"": ""duplicates_6""}"
experiment-3,pr-diagnostics,Device=0 num_rows=2097152 profile=duplicates_6,False,False,3,0.9789409586196063,0.965026886187482,0.991552530983021,True,"{""num_rows"": ""2097152"", ""profile"": ""duplicates_6""}"
experiment-3,pr-diagnostics,Device=0 num_rows=262144 profile=duplicates_8,False,False,3,1.0252418137179635,0.9521358112742937,1.0764088603503723,True,"{""num_rows"": ""262144"", ""profile"": ""duplicates_8""}"
experiment-3,pr-diagnostics,Device=0 num_rows=2097152 profile=duplicates_8,False,False,3,0.9794055715755955,0.9706753107495723,0.9863309041868576,True,"{""num_rows"": ""2097152"", ""profile"": ""duplicates_8""}"
experiment-3,pr-diagnostics,Device=0 num_rows=262144 profile=duplicates_12,False,False,3,1.0129593860668216,0.9762845664773127,1.038818315946982,True,"{""num_rows"": ""262144"", ""profile"": ""duplicates_12""}"
experiment-3,pr-diagnostics,Device=0 num_rows=2097152 profile=duplicates_12,False,False,3,0.9995213492998584,0.9924771981560395,1.004652341438655,True,"{""num_rows"": ""2097152"", ""profile"": ""duplicates_12""}"
experiment-3,pr-diagnostics,Device=0 num_rows=262144 profile=duplicates_16,False,False,3,1.0089037367018494,0.9518744045906958,1.0607990573914525,True,"{""num_rows"": ""262144"", ""profile"": ""duplicates_16""}"
experiment-3,pr-diagnostics,Device=0 num_rows=2097152 profile=duplicates_16,False,False,3,0.9864583235231721,0.9788196049692629,0.9909197918815141,True,"{""num_rows"": ""2097152"", ""profile"": ""duplicates_16""}"
experiment-3,pr-diagnostics,Device=0 num_rows=262144 profile=duplicates_24,False,False,3,1.000289441418496,0.9817935493540186,1.0158962887812613,True,"{""num_rows"": ""262144"", ""profile"": ""duplicates_24""}"
experiment-3,pr-diagnostics,Device=0 num_rows=2097152 profile=duplicates_24,False,False,3,0.9888524599008601,0.9813160932573808,0.9949069028752987,True,"{""num_rows"": ""2097152"", ""profile"": ""duplicates_24""}"
experiment-3,pr-diagnostics,Device=0 num_rows=262144 profile=duplicates_32,False,False,3,1.0021292608199872,0.9829718246596627,1.0167702957674942,True,"{""num_rows"": ""262144"", ""profile"": ""duplicates_32""}"
experiment-3,pr-diagnostics,Device=0 num_rows=2097152 profile=duplicates_32,False,False,3,0.9906504071690292,0.9853392407183486,0.9949706170382636,True,"{""num_rows"": ""2097152"", ""profile"": ""duplicates_32""}"
experiment-3,pr-diagnostics,Device=0 num_rows=262144 profile=rle_misaligned,False,False,3,1.0023440296567354,0.9820709242429214,1.0179570995208258,True,"{""num_rows"": ""262144"", ""profile"": ""rle_misaligned""}"
experiment-3,pr-diagnostics,Device=0 num_rows=2097152 profile=rle_misaligned,False,False,3,0.9907988570870343,0.9879943946447103,0.9930480705226643,True,"{""num_rows"": ""2097152"", ""profile"": ""rle_misaligned""}"
experiment-15,pr-zero-collisions,Device=0 num_rows=32768 profile=zero_collision_pass1,False,False,3,0.9750615765312822,0.8971856143820138,1.0715531514226024,True,"{""num_rows"": ""32768"", ""profile"": ""zero_collision_pass1""}"
experiment-15,pr-zero-collisions,Device=0 num_rows=32768 profile=zero_collision_pass2,False,False,3,0.9766077761608485,0.9215304893005604,1.0467607025349015,True,"{""num_rows"": ""32768"", ""profile"": ""zero_collision_pass2""}"
experiment-15,pr-source,Device=0 num_rows=262144 profile=unique_32,False,False,3,0.5824470216301004,0.5621918800473669,0.6155102816553024,True,"{""num_rows"": ""262144"", ""profile"": ""unique_32""}"
experiment-15,pr-source,Device=0 num_rows=2097152 profile=unique_32,False,False,3,0.33597278273234144,0.3332033507589289,0.3397089163821004,True,"{""num_rows"": ""2097152"", ""profile"": ""unique_32""}"
experiment-15,pr-source,Device=0 num_rows=262144 profile=duplicates_32,False,False,3,0.4136397164927907,0.4024721541245218,0.4254235380874561,True,"{""num_rows"": ""262144"", ""profile"": ""duplicates_32""}"
experiment-15,pr-source,Device=0 num_rows=2097152 profile=duplicates_32,False,False,3,0.215215233156007,0.21119428310905283,0.21814059243553865,True,"{""num_rows"": ""2097152"", ""profile"": ""duplicates_32""}"
experiment-15,pr-source,Device=0 num_rows=262144 profile=shared_prefix_24,False,False,3,0.5876236046168988,0.5677320241445584,0.6160047731370651,True,"{""num_rows"": ""262144"", ""profile"": ""shared_prefix_24""}"
experiment-15,pr-source,Device=0 num_rows=2097152 profile=shared_prefix_24,False,False,3,0.33630745345473395,0.33324726719680403,0.3397338470180766,True,"{""num_rows"": ""2097152"", ""profile"": ""shared_prefix_24""}"
experiment-15,pr-source,Device=0 num_rows=262144 profile=raw_unique_40,False,False,3,0.9984329722966226,0.9595690987314042,1.0473835683395571,True,"{""num_rows"": ""262144"", ""profile"": ""raw_unique_40""}"
experiment-15,pr-source,Device=0 num_rows=2097152 profile=raw_unique_40,False,False,3,0.9831599467836918,0.9408130680791214,1.0379424683562892,True,"{""num_rows"": ""2097152"", ""profile"": ""raw_unique_40""}"
experiment-15,pr-source,Device=0 num_rows=262144 profile=raw_duplicates_40,False,False,3,0.987092091808242,0.9477908426569568,1.0505124830019896,True,"{""num_rows"": ""262144"", ""profile"": ""raw_duplicates_40""}"
experiment-15,pr-source,Device=0 num_rows=2097152 profile=raw_duplicates_40,False,False,3,0.992118403002662,0.9875257213259507,0.9965129084718104,True,"{""num_rows"": ""2097152"", ""profile"": ""raw_duplicates_40""}"
experiment-15,pr-source,Device=0 num_rows=262144 profile=raw_shared_prefix_24_width_40,False,False,3,0.8652185721114495,0.8568100962502228,0.8808140248262207,True,"{""num_rows"": ""262144"", ""profile"": ""raw_shared_prefix_24_width_40""}"
experiment-15,pr-source,Device=0 num_rows=2097152 profile=raw_shared_prefix_24_width_40,False,False,3,0.7397176674231377,0.7355262946953258,0.744465136080917,True,"{""num_rows"": ""2097152"", ""profile"": ""raw_shared_prefix_24_width_40""}"
experiment-3,stable-warps-1,Device=0 num_rows=32768 shared_suffix=0 segment_profile=pairs,True,True,3,1.018738200231357,0.8695802901835054,1.114008028725086,True,"{""num_rows"": ""32768"", ""segment_profile"": ""pairs"", ""shared_suffix"": ""0""}"
experiment-3,stable-warps-1,Device=0 num_rows=2097152 shared_suffix=0 segment_profile=pairs,True,True,3,0.9961940958819729,0.9787195216052402,1.0089339968921416,True,"{""num_rows"": ""2097152"", ""segment_profile"": ""pairs"", ""shared_suffix"": ""0""}"
experiment-3,stable-warps-1,Device=0 num_rows=32768 shared_suffix=64 segment_profile=pairs,True,True,3,1.0099123987233232,0.9481447238741741,1.059357725059662,True,"{""num_rows"": ""32768"", ""segment_profile"": ""pairs"", ""shared_suffix"": ""64""}"
experiment-3,stable-warps-1,Device=0 num_rows=2097152 shared_suffix=64 segment_profile=pairs,True,True,3,0.957429221796632,0.9386344835145806,0.9752228076158278,True,"{""num_rows"": ""2097152"", ""segment_profile"": ""pairs"", ""shared_suffix"": ""64""}"
experiment-3,stable-warps-1,Device=0 num_rows=32768 shared_suffix=0 segment_profile=tiny4,True,True,3,0.9913727479374393,0.9626911630817765,1.0175345506054427,True,"{""num_rows"": ""32768"", ""segment_profile"": ""tiny4"", ""shared_suffix"": ""0""}"
experiment-3,stable-warps-1,Device=0 num_rows=2097152 shared_suffix=0 segment_profile=tiny4,True,True,3,0.9311910406754823,0.9072632371955444,0.9528307772974307,True,"{""num_rows"": ""2097152"", ""segment_profile"": ""tiny4"", ""shared_suffix"": ""0""}"
experiment-3,stable-warps-1,Device=0 num_rows=32768 shared_suffix=64 segment_profile=tiny4,True,True,3,0.9680740913297154,0.9404189078052066,0.9852842089752488,True,"{""num_rows"": ""32768"", ""segment_profile"": ""tiny4"", ""shared_suffix"": ""64""}"
experiment-3,stable-warps-1,Device=0 num_rows=2097152 shared_suffix=64 segment_profile=tiny4,True,True,3,0.8521149638707332,0.8398634381152158,0.8629305190267983,True,"{""num_rows"": ""2097152"", ""segment_profile"": ""tiny4"", ""shared_suffix"": ""64""}"
experiment-3,stable-warps-1,Device=0 num_rows=32768 shared_suffix=0 segment_profile=tiny8,True,True,3,0.9482707336274566,0.9479510281249103,0.9489952376931982,True,"{""num_rows"": ""32768"", ""segment_profile"": ""tiny8"", ""shared_suffix"": ""0""}"
experiment-3,stable-warps-1,Device=0 num_rows=2097152 shared_suffix=0 segment_profile=tiny8,True,True,3,0.8161019350998181,0.809527587558222,0.8249785265224748,True,"{""num_rows"": ""2097152"", ""segment_profile"": ""tiny8"", ""shared_suffix"": ""0""}"
experiment-3,stable-warps-1,Device=0 num_rows=32768 shared_suffix=64 segment_profile=tiny8,True,True,3,0.9184322465539848,0.900380799971818,0.9329063346278287,True,"{""num_rows"": ""32768"", ""segment_profile"": ""tiny8"", ""shared_suffix"": ""64""}"
experiment-3,stable-warps-1,Device=0 num_rows=2097152 shared_suffix=64 segment_profile=tiny8,True,True,3,0.7566482908801405,0.7517671399740761,0.7585415479352627,True,"{""num_rows"": ""2097152"", ""segment_profile"": ""tiny8"", ""shared_suffix"": ""64""}"
experiment-3,stable-warps-1,Device=0 num_rows=32768 shared_suffix=0 segment_profile=tiny16,True,True,3,0.9290743892208139,0.9116887649423202,0.942213160586946,True,"{""num_rows"": ""32768"", ""segment_profile"": ""tiny16"", ""shared_suffix"": ""0""}"
experiment-3,stable-warps-1,Device=0 num_rows=2097152 shared_suffix=0 segment_profile=tiny16,True,True,3,0.7540181564116063,0.7494013423582404,0.7582723522864834,True,"{""num_rows"": ""2097152"", ""segment_profile"": ""tiny16"", ""shared_suffix"": ""0""}"
experiment-3,stable-warps-1,Device=0 num_rows=32768 shared_suffix=64 segment_profile=tiny16,True,True,3,0.8861862088429662,0.8749777228539631,0.8917030845692965,True,"{""num_rows"": ""32768"", ""segment_profile"": ""tiny16"", ""shared_suffix"": ""64""}"
experiment-3,stable-warps-1,Device=0 num_rows=2097152 shared_suffix=64 segment_profile=tiny16,True,True,3,0.6792068669116583,0.6757224033063836,0.6813820958554548,True,"{""num_rows"": ""2097152"", ""segment_profile"": ""tiny16"", ""shared_suffix"": ""64""}"
experiment-3,stable-warps-1,Device=0 num_rows=32768 shared_suffix=0 segment_profile=tiny32,True,True,3,0.9230085014463657,0.8786261092315558,0.9583342889482086,True,"{""num_rows"": ""32768"", ""segment_profile"": ""tiny32"", ""shared_suffix"": ""0""}"
experiment-3,stable-warps-1,Device=0 num_rows=2097152 shared_suffix=0 segment_profile=tiny32,True,True,3,0.7065092426035738,0.6921557447163647,0.718734772406617,True,"{""num_rows"": ""2097152"", ""segment_profile"": ""tiny32"", ""shared_suffix"": ""0""}"
experiment-3,stable-warps-1,Device=0 num_rows=32768 shared_suffix=64 segment_profile=tiny32,True,True,3,0.8633295326885251,0.8528351248515935,0.871813918412466,True,"{""num_rows"": ""32768"", ""segment_profile"": ""tiny32"", ""shared_suffix"": ""64""}"
experiment-3,stable-warps-1,Device=0 num_rows=2097152 shared_suffix=64 segment_profile=tiny32,True,True,3,0.6494946942386912,0.6465732938132236,0.6522927647777883,True,"{""num_rows"": ""2097152"", ""segment_profile"": ""tiny32"", ""shared_suffix"": ""64""}"
experiment-3,segments,Device=0 num_rows=32768 shared_suffix=0 segment_profile=singletons,False,False,3,1.0293680041999478,0.9166957618526707,1.1226564000185741,True,"{""num_rows"": ""32768"", ""segment_profile"": ""singletons"", ""shared_suffix"": ""0""}"
experiment-3,segments,Device=0 num_rows=2097152 shared_suffix=0 segment_profile=singletons,False,False,3,1.0160303356504452,0.9575704746501962,1.0632903280226151,True,"{""num_rows"": ""2097152"", ""segment_profile"": ""singletons"", ""shared_suffix"": ""0""}"
experiment-3,segments,Device=0 num_rows=32768 shared_suffix=64 segment_profile=singletons,False,False,3,1.0241071294931388,0.9468350355588736,1.087277859784187,True,"{""num_rows"": ""32768"", ""segment_profile"": ""singletons"", ""shared_suffix"": ""64""}"
experiment-3,segments,Device=0 num_rows=2097152 shared_suffix=64 segment_profile=singletons,False,False,3,1.0164052161355666,0.9617163844031109,1.0540889717954458,True,"{""num_rows"": ""2097152"", ""segment_profile"": ""singletons"", ""shared_suffix"": ""64""}"
experiment-3,segments,Device=0 num_rows=32768 shared_suffix=0 segment_profile=pairs,False,False,3,1.0239541960507692,0.9462123370675497,1.1021099214808623,True,"{""num_rows"": ""32768"", ""segment_profile"": ""pairs"", ""shared_suffix"": ""0""}"
experiment-3,segments,Device=0 num_rows=2097152 shared_suffix=0 segment_profile=pairs,False,False,3,1.0164816936870507,0.9778666769040216,1.0438787123288362,True,"{""num_rows"": ""2097152"", ""segment_profile"": ""pairs"", ""shared_suffix"": ""0""}"
experiment-3,segments,Device=0 num_rows=32768 shared_suffix=64 segment_profile=pairs,False,False,3,1.0118798784013023,0.9229113702844313,1.1005137521217896,True,"{""num_rows"": ""32768"", ""segment_profile"": ""pairs"", ""shared_suffix"": ""64""}"
experiment-3,segments,Device=0 num_rows=2097152 shared_suffix=64 segment_profile=pairs,False,False,3,1.0083999899619347,0.9971386446243267,1.020163083449415,True,"{""num_rows"": ""2097152"", ""segment_profile"": ""pairs"", ""shared_suffix"": ""64""}"
experiment-3,segments,Device=0 num_rows=32768 shared_suffix=0 segment_profile=tiny4,False,False,3,1.016566776017216,0.9377799973484275,1.0972142856513096,True,"{""num_rows"": ""32768"", ""segment_profile"": ""tiny4"", ""shared_suffix"": ""0""}"
experiment-3,segments,Device=0 num_rows=2097152 shared_suffix=0 segment_profile=tiny4,False,False,3,1.0140435157409724,0.9811596364717183,1.038138478095939,True,"{""num_rows"": ""2097152"", ""segment_profile"": ""tiny4"", ""shared_suffix"": ""0""}"
experiment-3,segments,Device=0 num_rows=32768 shared_suffix=64 segment_profile=tiny4,False,False,3,1.0248069604632442,0.9158079158974342,1.1169359041485016,True,"{""num_rows"": ""32768"", ""segment_profile"": ""tiny4"", ""shared_suffix"": ""64""}"
experiment-3,segments,Device=0 num_rows=2097152 shared_suffix=64 segment_profile=tiny4,False,False,3,1.0032255224785653,0.9908568516665144,1.0144257099339082,True,"{""num_rows"": ""2097152"", ""segment_profile"": ""tiny4"", ""shared_suffix"": ""64""}"
experiment-3,segments,Device=0 num_rows=32768 shared_suffix=0 segment_profile=tiny8,False,False,3,1.016789210395375,0.9193337616686603,1.0964631366041102,True,"{""num_rows"": ""32768"", ""segment_profile"": ""tiny8"", ""shared_suffix"": ""0""}"
experiment-3,segments,Device=0 num_rows=2097152 shared_suffix=0 segment_profile=tiny8,False,False,3,0.9999293651167124,0.9672208890339067,1.029036916125293,True,"{""num_rows"": ""2097152"", ""segment_profile"": ""tiny8"", ""shared_suffix"": ""0""}"
experiment-3,segments,Device=0 num_rows=32768 shared_suffix=64 segment_profile=tiny8,False,False,3,1.0212404376785413,0.9037771077215567,1.1152539279611557,True,"{""num_rows"": ""32768"", ""segment_profile"": ""tiny8"", ""shared_suffix"": ""64""}"
experiment-3,segments,Device=0 num_rows=2097152 shared_suffix=64 segment_profile=tiny8,False,False,3,0.9998803141662411,0.9828028441583185,1.0133465136238413,True,"{""num_rows"": ""2097152"", ""segment_profile"": ""tiny8"", ""shared_suffix"": ""64""}"
experiment-3,segments,Device=0 num_rows=32768 shared_suffix=0 segment_profile=tiny16,False,False,3,1.0070816117175936,0.9491352064916673,1.0586433686515702,True,"{""num_rows"": ""32768"", ""segment_profile"": ""tiny16"", ""shared_suffix"": ""0""}"
experiment-3,segments,Device=0 num_rows=2097152 shared_suffix=0 segment_profile=tiny16,False,False,3,0.9880423462390379,0.9616598325921142,1.0087856800945554,True,"{""num_rows"": ""2097152"", ""segment_profile"": ""tiny16"", ""shared_suffix"": ""0""}"
experiment-3,segments,Device=0 num_rows=32768 shared_suffix=64 segment_profile=tiny16,False,False,3,1.0081822832190328,0.9412100813318497,1.085716507736042,True,"{""num_rows"": ""32768"", ""segment_profile"": ""tiny16"", ""shared_suffix"": ""64""}"
experiment-3,segments,Device=0 num_rows=2097152 shared_suffix=64 segment_profile=tiny16,False,False,3,0.9984291095414921,0.9855182377876904,1.0078053450501498,True,"{""num_rows"": ""2097152"", ""segment_profile"": ""tiny16"", ""shared_suffix"": ""64""}"
experiment-3,segments,Device=0 num_rows=32768 shared_suffix=0 segment_profile=tiny32,False,False,3,1.0200341709827547,0.941950147559432,1.092553742055744,True,"{""num_rows"": ""32768"", ""segment_profile"": ""tiny32"", ""shared_suffix"": ""0""}"
experiment-3,segments,Device=0 num_rows=2097152 shared_suffix=0 segment_profile=tiny32,False,False,3,0.9883423611123747,0.963088611970171,1.0058367777772124,True,"{""num_rows"": ""2097152"", ""segment_profile"": ""tiny32"", ""shared_suffix"": ""0""}"
experiment-3,segments,Device=0 num_rows=32768 shared_suffix=64 segment_profile=tiny32,False,False,3,1.0080162120830243,0.9589100885299333,1.0531194661771808,True,"{""num_rows"": ""32768"", ""segment_profile"": ""tiny32"", ""shared_suffix"": ""64""}"
experiment-3,segments,Device=0 num_rows=2097152 shared_suffix=64 segment_profile=tiny32,False,False,3,0.9981214227974026,0.98881815527909,1.0066054883676259,True,"{""num_rows"": ""2097152"", ""segment_profile"": ""tiny32"", ""shared_suffix"": ""64""}"
experiment-3,segments,Device=0 num_rows=32768 shared_suffix=0 segment_profile=block256,False,False,3,1.0360426650095766,0.920561269451133,1.1185962270667478,True,"{""num_rows"": ""32768"", ""segment_profile"": ""block256"", ""shared_suffix"": ""0""}"
experiment-3,segments,Device=0 num_rows=2097152 shared_suffix=0 segment_profile=block256,False,False,3,0.9725763710440221,0.9474863595229982,1.0019306564398571,True,"{""num_rows"": ""2097152"", ""segment_profile"": ""block256"", ""shared_suffix"": ""0""}"
experiment-3,segments,Device=0 num_rows=32768 shared_suffix=64 segment_profile=block256,False,False,3,1.0072192625453085,0.9509583690752217,1.0576795016806964,True,"{""num_rows"": ""32768"", ""segment_profile"": ""block256"", ""shared_suffix"": ""64""}"
experiment-3,segments,Device=0 num_rows=2097152 shared_suffix=64 segment_profile=block256,False,False,3,0.9957562562467671,0.9902238537864964,1.0002881304205329,True,"{""num_rows"": ""2097152"", ""segment_profile"": ""block256"", ""shared_suffix"": ""64""}"
experiment-3,segments,Device=0 num_rows=32768 shared_suffix=0 segment_profile=logarithmic,False,False,3,0.9979212850413389,0.9585409008592417,1.0325135831985848,True,"{""num_rows"": ""32768"", ""segment_profile"": ""logarithmic"", ""shared_suffix"": ""0""}"
experiment-3,segments,Device=0 num_rows=2097152 shared_suffix=0 segment_profile=logarithmic,False,False,3,0.9961188626967747,0.9885450502637441,1.00190382671233,True,"{""num_rows"": ""2097152"", ""segment_profile"": ""logarithmic"", ""shared_suffix"": ""0""}"
experiment-3,segments,Device=0 num_rows=32768 shared_suffix=64 segment_profile=logarithmic,False,False,3,0.9956264686148049,0.9806039868136369,1.0078484532486645,True,"{""num_rows"": ""32768"", ""segment_profile"": ""logarithmic"", ""shared_suffix"": ""64""}"
experiment-3,segments,Device=0 num_rows=2097152 shared_suffix=64 segment_profile=logarithmic,False,False,3,0.9989275325421146,0.9948560527281503,1.002121773596646,True,"{""num_rows"": ""2097152"", ""segment_profile"": ""logarithmic"", ""shared_suffix"": ""64""}"
experiment-3,segments,Device=0 num_rows=32768 shared_suffix=0 segment_profile=tiny_plus_giant,False,False,3,1.0045686357041599,0.9512478862582101,1.041016207705832,True,"{""num_rows"": ""32768"", ""segment_profile"": ""tiny_plus_giant"", ""shared_suffix"": ""0""}"
experiment-3,segments,Device=0 num_rows=2097152 shared_suffix=0 segment_profile=tiny_plus_giant,False,False,3,0.9857693974330455,0.9641509474954151,1.0004144418898564,True,"{""num_rows"": ""2097152"", ""segment_profile"": ""tiny_plus_giant"", ""shared_suffix"": ""0""}"
experiment-3,segments,Device=0 num_rows=32768 shared_suffix=64 segment_profile=tiny_plus_giant,False,False,3,1.0004096250578673,0.9755778072006976,1.0179783764193495,True,"{""num_rows"": ""32768"", ""segment_profile"": ""tiny_plus_giant"", ""shared_suffix"": ""64""}"
experiment-3,segments,Device=0 num_rows=2097152 shared_suffix=64 segment_profile=tiny_plus_giant,False,False,3,0.9958928565621014,0.9900237335996459,1.0007766490533752,True,"{""num_rows"": ""2097152"", ""segment_profile"": ""tiny_plus_giant"", ""shared_suffix"": ""64""}"
experiment-3,segments,Device=0 num_rows=32768 shared_suffix=0 segment_profile=hot90,False,False,3,1.0036108907790462,0.9235212226802647,1.0642418027458895,True,"{""num_rows"": ""32768"", ""segment_profile"": ""hot90"", ""shared_suffix"": ""0""}"
experiment-3,segments,Device=0 num_rows=2097152 shared_suffix=0 segment_profile=hot90,False,False,3,0.9821466568864134,0.9725713260665769,0.9907656108202904,True,"{""num_rows"": ""2097152"", ""segment_profile"": ""hot90"", ""shared_suffix"": ""0""}"
experiment-3,segments,Device=0 num_rows=32768 shared_suffix=64 segment_profile=hot90,False,False,3,0.9941178683874037,0.9686122453400491,1.017317204950263,True,"{""num_rows"": ""32768"", ""segment_profile"": ""hot90"", ""shared_suffix"": ""64""}"
experiment-3,segments,Device=0 num_rows=2097152 shared_suffix=64 segment_profile=hot90,False,False,3,0.9961556596400827,0.9932275974005433,0.9998041995527841,True,"{""num_rows"": ""2097152"", ""segment_profile"": ""hot90"", ""shared_suffix"": ""64""}"
experiment-3,segments,Device=0 num_rows=32768 shared_suffix=0 segment_profile=few_giants,False,False,3,1.00753901580329,0.9679180681764038,1.0374568240806337,True,"{""num_rows"": ""32768"", ""segment_profile"": ""few_giants"", ""shared_suffix"": ""0""}"
experiment-3,segments,Device=0 num_rows=2097152 shared_suffix=0 segment_profile=few_giants,False,False,3,0.9875131429212438,0.9664719864738596,1.002756053619951,True,"{""num_rows"": ""2097152"", ""segment_profile"": ""few_giants"", ""shared_suffix"": ""0""}"
experiment-3,segments,Device=0 num_rows=32768 shared_suffix=64 segment_profile=few_giants,False,False,3,1.0096941772167969,0.9726229697720259,1.041027283167068,True,"{""num_rows"": ""32768"", ""segment_profile"": ""few_giants"", ""shared_suffix"": ""64""}"
experiment-3,segments,Device=0 num_rows=2097152 shared_suffix=64 segment_profile=few_giants,False,False,3,0.9973225360515466,0.9895333580418054,1.0039617341037967,True,"{""num_rows"": ""2097152"", ""segment_profile"": ""few_giants"", ""shared_suffix"": ""64""}"
experiment-3,segments,Device=0 num_rows=32768 shared_suffix=0 segment_profile=one_segment,False,False,3,0.985489672087742,0.9373218314337645,1.0359152091548873,True,"{""num_rows"": ""32768"", ""segment_profile"": ""one_segment"", ""shared_suffix"": ""0""}"
experiment-3,segments,Device=0 num_rows=2097152 shared_suffix=0 segment_profile=one_segment,False,False,3,0.9805281365119758,0.97558635063298,0.9868718007757336,True,"{""num_rows"": ""2097152"", ""segment_profile"": ""one_segment"", ""shared_suffix"": ""0""}"
experiment-3,segments,Device=0 num_rows=32768 shared_suffix=64 segment_profile=one_segment,False,False,3,0.9967833682731991,0.9777257357249172,1.0109839844581539,True,"{""num_rows"": ""32768"", ""segment_profile"": ""one_segment"", ""shared_suffix"": ""64""}"
experiment-3,segments,Device=0 num_rows=2097152 shared_suffix=64 segment_profile=one_segment,False,False,3,0.9953078407423629,0.9872346824358745,1.0036496610518661,True,"{""num_rows"": ""2097152"", ""segment_profile"": ""one_segment"", ""shared_suffix"": ""64""}"
experiment-31,pr-diagnostics,Device=0 num_rows=262144 profile=finish_257,False,False,3,0.9943862493987204,0.9681940860907798,1.0212452768663827,True,"{""num_rows"": ""262144"", ""profile"": ""finish_257""}"
experiment-31,pr-diagnostics,Device=0 num_rows=2097152 profile=finish_257,False,False,3,0.9962626939035916,0.9863657949173977,1.012858096889591,True,"{""num_rows"": ""2097152"", ""profile"": ""finish_257""}"
experiment-31,pr-diagnostics,Device=0 num_rows=262144 profile=finish_1024,False,False,3,0.9901042721226391,0.9705052607941869,1.0151802223374595,True,"{""num_rows"": ""262144"", ""profile"": ""finish_1024""}"
experiment-31,pr-diagnostics,Device=0 num_rows=2097152 profile=finish_1024,False,False,3,1.0001730586191957,0.9822430377218347,1.0207167226677347,True,"{""num_rows"": ""2097152"", ""profile"": ""finish_1024""}"
experiment-31,pr-diagnostics,Device=0 num_rows=262144 profile=finish_4096,False,False,3,0.9890234980348894,0.9823461079381043,1.0035320127630203,True,"{""num_rows"": ""262144"", ""profile"": ""finish_4096""}"
experiment-31,pr-diagnostics,Device=0 num_rows=2097152 profile=finish_4096,False,False,3,0.9968799303394338,0.9775614368226011,1.0211186578127678,True,"{""num_rows"": ""2097152"", ""profile"": ""finish_4096""}"
experiment-31,pr-diagnostics,Device=0 num_rows=262144 profile=active_50,False,False,3,1.002690197969147,0.9884526367515404,1.028443414940648,True,"{""num_rows"": ""262144"", ""profile"": ""active_50""}"
experiment-31,pr-diagnostics,Device=0 num_rows=2097152 profile=active_50,False,False,3,0.9809981224634428,0.9697131001467455,0.9934561082635843,True,"{""num_rows"": ""2097152"", ""profile"": ""active_50""}"
experiment-31,pr-diagnostics,Device=0 num_rows=262144 profile=active_10,False,False,3,1.0054811305945033,0.9713518437900456,1.0383184875315696,True,"{""num_rows"": ""262144"", ""profile"": ""active_10""}"
experiment-31,pr-diagnostics,Device=0 num_rows=2097152 profile=active_10,False,False,3,0.9970174464419943,0.9807892977839968,1.0174033725548477,True,"{""num_rows"": ""2097152"", ""profile"": ""active_10""}"
experiment-31,pr-diagnostics,Device=0 num_rows=262144 profile=active_1,False,False,3,0.9841277245141442,0.9438018199936001,1.0223273848257657,True,"{""num_rows"": ""262144"", ""profile"": ""active_1""}"
experiment-31,pr-diagnostics,Device=0 num_rows=2097152 profile=active_1,False,False,3,0.9990766069263016,0.9745913879615642,1.026354873129395,True,"{""num_rows"": ""2097152"", ""profile"": ""active_1""}"
experiment-31,pr-diagnostics,Device=0 num_rows=262144 profile=active_0_1,False,False,3,0.9923246143247019,0.9676525671882696,1.0113583274765285,True,"{""num_rows"": ""262144"", ""profile"": ""active_0_1""}"
experiment-31,pr-diagnostics,Device=0 num_rows=2097152 profile=active_0_1,False,False,3,0.9914299171092517,0.9766592339851646,1.0139182367497035,True,"{""num_rows"": ""2097152"", ""profile"": ""active_0_1""}"
experiment-31,pr-diagnostics,Device=0 num_rows=262144 profile=duplicates_6,False,False,3,0.9801319757814899,0.9340789031682035,1.0568185315343184,True,"{""num_rows"": ""262144"", ""profile"": ""duplicates_6""}"
experiment-31,pr-diagnostics,Device=0 num_rows=2097152 profile=duplicates_6,False,False,3,0.6837616707763298,0.6793930885646824,0.6920871931502425,True,"{""num_rows"": ""2097152"", ""profile"": ""duplicates_6""}"
experiment-31,pr-diagnostics,Device=0 num_rows=262144 profile=duplicates_8,False,False,3,0.9982210296524867,0.9687628448796763,1.0337784895967586,True,"{""num_rows"": ""262144"", ""profile"": ""duplicates_8""}"
experiment-31,pr-diagnostics,Device=0 num_rows=2097152 profile=duplicates_8,False,False,3,0.6871025452444758,0.6781933731676373,0.6998234715685571,True,"{""num_rows"": ""2097152"", ""profile"": ""duplicates_8""}"
experiment-31,pr-diagnostics,Device=0 num_rows=262144 profile=duplicates_12,False,False,3,0.994074126626817,0.9665711907516004,1.032256362614222,True,"{""num_rows"": ""262144"", ""profile"": ""duplicates_12""}"
experiment-31,pr-diagnostics,Device=0 num_rows=2097152 profile=duplicates_12,False,False,3,0.35887756625027406,0.35083529360639054,0.3647277726987417,True,"{""num_rows"": ""2097152"", ""profile"": ""duplicates_12""}"
experiment-31,pr-diagnostics,Device=0 num_rows=262144 profile=duplicates_16,False,False,3,0.9879408139402888,0.9527311852904948,1.0379025502371948,True,"{""num_rows"": ""262144"", ""profile"": ""duplicates_16""}"
experiment-31,pr-diagnostics,Device=0 num_rows=2097152 profile=duplicates_16,False,False,3,0.4518133074110413,0.4437077046692422,0.45803860078013753,True,"{""num_rows"": ""2097152"", ""profile"": ""duplicates_16""}"
experiment-31,pr-diagnostics,Device=0 num_rows=262144 profile=duplicates_24,False,False,3,0.993409714919528,0.9700312961560613,1.0222621293011083,True,"{""num_rows"": ""262144"", ""profile"": ""duplicates_24""}"
experiment-31,pr-diagnostics,Device=0 num_rows=2097152 profile=duplicates_24,False,False,3,0.3615442710713898,0.3591193823457774,0.36546096222417895,True,"{""num_rows"": ""2097152"", ""profile"": ""duplicates_24""}"
experiment-31,pr-diagnostics,Device=0 num_rows=262144 profile=duplicates_32,False,False,3,0.9978946918434786,0.9819028391742887,1.0091413745636335,True,"{""num_rows"": ""262144"", ""profile"": ""duplicates_32""}"
experiment-31,pr-diagnostics,Device=0 num_rows=2097152 profile=duplicates_32,False,False,3,0.3025456212505172,0.298365658452632,0.30700099777003254,True,"{""num_rows"": ""2097152"", ""profile"": ""duplicates_32""}"
experiment-31,pr-diagnostics,Device=0 num_rows=262144 profile=rle_misaligned,False,False,3,0.7750672917283626,0.7524579500417704,0.7945316618230247,True,"{""num_rows"": ""262144"", ""profile"": ""rle_misaligned""}"
experiment-31,pr-diagnostics,Device=0 num_rows=2097152 profile=rle_misaligned,False,False,3,0.7020286793504358,0.6995075828376761,0.7060880128518184,True,"{""num_rows"": ""2097152"", ""profile"": ""rle_misaligned""}"
experiment-31,stable-warps-0,Device=0 num_rows=32768 shared_suffix=0 segment_profile=pairs,True,False,3,0.9944169015445182,0.9846768762623263,1.0055207056535556,True,"{""num_rows"": ""32768"", ""segment_profile"": ""pairs"", ""shared_suffix"": ""0""}"
experiment-31,stable-warps-0,Device=0 num_rows=2097152 shared_suffix=0 segment_profile=pairs,True,False,3,0.9888350414666912,0.9784900287318828,1.0062874251018232,True,"{""num_rows"": ""2097152"", ""segment_profile"": ""pairs"", ""shared_suffix"": ""0""}"
experiment-31,stable-warps-0,Device=0 num_rows=32768 shared_suffix=64 segment_profile=pairs,True,False,3,0.9845110700223219,0.9674241624535656,1.0023308940725824,True,"{""num_rows"": ""32768"", ""segment_profile"": ""pairs"", ""shared_suffix"": ""64""}"
experiment-31,stable-warps-0,Device=0 num_rows=2097152 shared_suffix=64 segment_profile=pairs,True,False,3,0.9496231897012108,0.9480943690726773,0.9533987069171308,True,"{""num_rows"": ""2097152"", ""segment_profile"": ""pairs"", ""shared_suffix"": ""64""}"
experiment-31,stable-warps-0,Device=0 num_rows=32768 shared_suffix=0 segment_profile=tiny4,True,False,3,0.9838944218696369,0.9430265869316724,1.0154431434399858,True,"{""num_rows"": ""32768"", ""segment_profile"": ""tiny4"", ""shared_suffix"": ""0""}"
experiment-31,stable-warps-0,Device=0 num_rows=2097152 shared_suffix=0 segment_profile=tiny4,True,False,3,0.9286562993881823,0.9196076403418016,0.9369108657992251,True,"{""num_rows"": ""2097152"", ""segment_profile"": ""tiny4"", ""shared_suffix"": ""0""}"
experiment-31,stable-warps-0,Device=0 num_rows=32768 shared_suffix=64 segment_profile=tiny4,True,False,3,0.9570554339886767,0.9350136747768367,0.9848236685557902,True,"{""num_rows"": ""32768"", ""segment_profile"": ""tiny4"", ""shared_suffix"": ""64""}"
experiment-31,stable-warps-0,Device=0 num_rows=2097152 shared_suffix=64 segment_profile=tiny4,True,False,3,0.8510703349087256,0.8474822066175005,0.8532566660357037,True,"{""num_rows"": ""2097152"", ""segment_profile"": ""tiny4"", ""shared_suffix"": ""64""}"
experiment-31,stable-warps-0,Device=0 num_rows=32768 shared_suffix=0 segment_profile=tiny8,True,False,3,0.9377862706722142,0.9193712729469576,0.9720181504679422,True,"{""num_rows"": ""32768"", ""segment_profile"": ""tiny8"", ""shared_suffix"": ""0""}"
experiment-31,stable-warps-0,Device=0 num_rows=2097152 shared_suffix=0 segment_profile=tiny8,True,False,3,0.8174781259205338,0.8128599406744972,0.8212699552119764,True,"{""num_rows"": ""2097152"", ""segment_profile"": ""tiny8"", ""shared_suffix"": ""0""}"
experiment-31,stable-warps-0,Device=0 num_rows=32768 shared_suffix=64 segment_profile=tiny8,True,False,3,0.9103630964999023,0.8492803461768331,0.9520265322632067,True,"{""num_rows"": ""32768"", ""segment_profile"": ""tiny8"", ""shared_suffix"": ""64""}"
experiment-31,stable-warps-0,Device=0 num_rows=2097152 shared_suffix=64 segment_profile=tiny8,True,False,3,0.7551998746989936,0.7506904809976445,0.761966258434404,True,"{""num_rows"": ""2097152"", ""segment_profile"": ""tiny8"", ""shared_suffix"": ""64""}"
experiment-31,stable-warps-0,Device=0 num_rows=32768 shared_suffix=0 segment_profile=tiny16,True,False,3,0.9219590497001983,0.9151817326134096,0.928733500106438,True,"{""num_rows"": ""32768"", ""segment_profile"": ""tiny16"", ""shared_suffix"": ""0""}"
experiment-31,stable-warps-0,Device=0 num_rows=2097152 shared_suffix=0 segment_profile=tiny16,True,False,3,0.7527752694017836,0.74891540295172,0.7567645291267584,True,"{""num_rows"": ""2097152"", ""segment_profile"": ""tiny16"", ""shared_suffix"": ""0""}"
experiment-31,stable-warps-0,Device=0 num_rows=32768 shared_suffix=64 segment_profile=tiny16,True,False,3,0.877401715303244,0.8510437528313746,0.9166849479549197,True,"{""num_rows"": ""32768"", ""segment_profile"": ""tiny16"", ""shared_suffix"": ""64""}"
experiment-31,stable-warps-0,Device=0 num_rows=2097152 shared_suffix=64 segment_profile=tiny16,True,False,3,0.6768785141151068,0.6723945932612639,0.6833939704253269,True,"{""num_rows"": ""2097152"", ""segment_profile"": ""tiny16"", ""shared_suffix"": ""64""}"
experiment-31,stable-warps-0,Device=0 num_rows=32768 shared_suffix=0 segment_profile=tiny32,True,False,3,0.9160142675276118,0.905561023441098,0.9230913471504564,True,"{""num_rows"": ""32768"", ""segment_profile"": ""tiny32"", ""shared_suffix"": ""0""}"
experiment-31,stable-warps-0,Device=0 num_rows=2097152 shared_suffix=0 segment_profile=tiny32,True,False,3,0.7065485332238474,0.7039813248342592,0.707870359408179,True,"{""num_rows"": ""2097152"", ""segment_profile"": ""tiny32"", ""shared_suffix"": ""0""}"
experiment-31,stable-warps-0,Device=0 num_rows=32768 shared_suffix=64 segment_profile=tiny32,True,False,3,0.8621001829948773,0.8525891015446582,0.867093454064116,True,"{""num_rows"": ""32768"", ""segment_profile"": ""tiny32"", ""shared_suffix"": ""64""}"
experiment-31,stable-warps-0,Device=0 num_rows=2097152 shared_suffix=64 segment_profile=tiny32,True,False,3,0.6491491866709225,0.6469145366872987,0.6512888386080607,True,"{""num_rows"": ""2097152"", ""segment_profile"": ""tiny32"", ""shared_suffix"": ""64""}"
experiment-15,segments,Device=0 num_rows=32768 shared_suffix=0 segment_profile=singletons,False,False,3,1.0269590467164995,0.9891546917962687,1.0430326673529688,True,"{""num_rows"": ""32768"", ""segment_profile"": ""singletons"", ""shared_suffix"": ""0""}"
experiment-15,segments,Device=0 num_rows=2097152 shared_suffix=0 segment_profile=singletons,False,False,3,1.6147973394790562,0.7004481949597487,2.69228128799289,True,"{""num_rows"": ""2097152"", ""segment_profile"": ""singletons"", ""shared_suffix"": ""0""}"
experiment-15,segments,Device=0 num_rows=32768 shared_suffix=64 segment_profile=singletons,False,False,3,1.018726509598181,0.979359885176067,1.0401509657076966,True,"{""num_rows"": ""32768"", ""segment_profile"": ""singletons"", ""shared_suffix"": ""64""}"
experiment-15,segments,Device=0 num_rows=2097152 shared_suffix=64 segment_profile=singletons,False,False,3,1.0077752527594843,0.9935987210047696,1.014121912791707,True,"{""num_rows"": ""2097152"", ""segment_profile"": ""singletons"", ""shared_suffix"": ""64""}"
experiment-15,segments,Device=0 num_rows=32768 shared_suffix=0 segment_profile=pairs,False,False,3,1.0101105246577293,0.9794624148966798,1.0306328556043616,True,"{""num_rows"": ""32768"", ""segment_profile"": ""pairs"", ""shared_suffix"": ""0""}"
experiment-15,segments,Device=0 num_rows=2097152 shared_suffix=0 segment_profile=pairs,False,False,3,1.0140230711544036,1.0017341282209393,1.0188338825008025,True,"{""num_rows"": ""2097152"", ""segment_profile"": ""pairs"", ""shared_suffix"": ""0""}"
experiment-15,segments,Device=0 num_rows=32768 shared_suffix=64 segment_profile=pairs,False,False,3,1.0127486320508723,0.95855539691557,1.0493579408209759,True,"{""num_rows"": ""32768"", ""segment_profile"": ""pairs"", ""shared_suffix"": ""64""}"
experiment-15,segments,Device=0 num_rows=2097152 shared_suffix=64 segment_profile=pairs,False,False,3,1.0100537590608525,0.9988587212157166,1.0183976911682284,True,"{""num_rows"": ""2097152"", ""segment_profile"": ""pairs"", ""shared_suffix"": ""64""}"
experiment-15,segments,Device=0 num_rows=32768 shared_suffix=0 segment_profile=tiny4,False,False,3,1.0020836794063503,0.9747848950679882,1.0248714439234667,True,"{""num_rows"": ""32768"", ""segment_profile"": ""tiny4"", ""shared_suffix"": ""0""}"
experiment-15,segments,Device=0 num_rows=2097152 shared_suffix=0 segment_profile=tiny4,False,False,3,1.011800136043894,0.9921231434215835,1.0196634147526775,True,"{""num_rows"": ""2097152"", ""segment_profile"": ""tiny4"", ""shared_suffix"": ""0""}"
experiment-15,segments,Device=0 num_rows=32768 shared_suffix=64 segment_profile=tiny4,False,False,3,1.0131392813959268,0.976272065260693,1.030046089006426,True,"{""num_rows"": ""32768"", ""segment_profile"": ""tiny4"", ""shared_suffix"": ""64""}"
experiment-15,segments,Device=0 num_rows=2097152 shared_suffix=64 segment_profile=tiny4,False,False,3,1.001002049263327,0.9931072589024049,1.0089089311625428,True,"{""num_rows"": ""2097152"", ""segment_profile"": ""tiny4"", ""shared_suffix"": ""64""}"
experiment-15,segments,Device=0 num_rows=32768 shared_suffix=0 segment_profile=tiny8,False,False,3,1.0046928916175604,0.9374890506078908,1.054513052542042,True,"{""num_rows"": ""32768"", ""segment_profile"": ""tiny8"", ""shared_suffix"": ""0""}"
experiment-15,segments,Device=0 num_rows=2097152 shared_suffix=0 segment_profile=tiny8,False,False,3,0.997777144771794,0.9821917593508928,1.0091980457587784,True,"{""num_rows"": ""2097152"", ""segment_profile"": ""tiny8"", ""shared_suffix"": ""0""}"
experiment-15,segments,Device=0 num_rows=32768 shared_suffix=64 segment_profile=tiny8,False,False,3,1.0032614692491142,0.9415905711398812,1.0427976324806592,True,"{""num_rows"": ""32768"", ""segment_profile"": ""tiny8"", ""shared_suffix"": ""64""}"
experiment-15,segments,Device=0 num_rows=2097152 shared_suffix=64 segment_profile=tiny8,False,False,3,0.9984482990352062,0.9905133672326492,1.0027371665304174,True,"{""num_rows"": ""2097152"", ""segment_profile"": ""tiny8"", ""shared_suffix"": ""64""}"
experiment-15,segments,Device=0 num_rows=32768 shared_suffix=0 segment_profile=tiny16,False,False,3,0.9977900652854721,0.9735727857855767,1.0197876230116643,True,"{""num_rows"": ""32768"", ""segment_profile"": ""tiny16"", ""shared_suffix"": ""0""}"
experiment-15,segments,Device=0 num_rows=2097152 shared_suffix=0 segment_profile=tiny16,False,False,3,0.9854177373398527,0.9761216613106038,0.9939152095978337,True,"{""num_rows"": ""2097152"", ""segment_profile"": ""tiny16"", ""shared_suffix"": ""0""}"
experiment-15,segments,Device=0 num_rows=32768 shared_suffix=64 segment_profile=tiny16,False,False,3,1.001188721352269,0.9842551045303326,1.0118979842858937,True,"{""num_rows"": ""32768"", ""segment_profile"": ""tiny16"", ""shared_suffix"": ""64""}"
experiment-15,segments,Device=0 num_rows=2097152 shared_suffix=64 segment_profile=tiny16,False,False,3,0.9976436556037923,0.9943842871940068,0.999494301341602,True,"{""num_rows"": ""2097152"", ""segment_profile"": ""tiny16"", ""shared_suffix"": ""64""}"
experiment-15,segments,Device=0 num_rows=32768 shared_suffix=0 segment_profile=tiny32,False,False,3,1.0050529675416748,0.9812814179577924,1.0304803016700204,True,"{""num_rows"": ""32768"", ""segment_profile"": ""tiny32"", ""shared_suffix"": ""0""}"
experiment-15,segments,Device=0 num_rows=2097152 shared_suffix=0 segment_profile=tiny32,False,False,3,0.9864513807640393,0.9758621782873853,0.9910928730591485,True,"{""num_rows"": ""2097152"", ""segment_profile"": ""tiny32"", ""shared_suffix"": ""0""}"
experiment-15,segments,Device=0 num_rows=32768 shared_suffix=64 segment_profile=tiny32,False,False,3,0.9969548325565489,0.97738907610322,1.0219454158087753,True,"{""num_rows"": ""32768"", ""segment_profile"": ""tiny32"", ""shared_suffix"": ""64""}"
experiment-15,segments,Device=0 num_rows=2097152 shared_suffix=64 segment_profile=tiny32,False,False,3,0.9969896483618587,0.9927228900293101,1.001090481097827,True,"{""num_rows"": ""2097152"", ""segment_profile"": ""tiny32"", ""shared_suffix"": ""64""}"
experiment-15,segments,Device=0 num_rows=32768 shared_suffix=0 segment_profile=block256,False,False,3,1.013815413052708,0.9788633206319843,1.0309508220688046,True,"{""num_rows"": ""32768"", ""segment_profile"": ""block256"", ""shared_suffix"": ""0""}"
experiment-15,segments,Device=0 num_rows=2097152 shared_suffix=0 segment_profile=block256,False,False,3,0.972655565580307,0.9628387242708634,0.9788090138219245,True,"{""num_rows"": ""2097152"", ""segment_profile"": ""block256"", ""shared_suffix"": ""0""}"
experiment-15,segments,Device=0 num_rows=32768 shared_suffix=64 segment_profile=block256,False,False,3,1.001796369636995,0.9806558650456566,1.0188742656129508,True,"{""num_rows"": ""32768"", ""segment_profile"": ""block256"", ""shared_suffix"": ""64""}"
experiment-15,segments,Device=0 num_rows=2097152 shared_suffix=64 segment_profile=block256,False,False,3,0.9962550712311283,0.9936455529199134,0.997507752528973,True,"{""num_rows"": ""2097152"", ""segment_profile"": ""block256"", ""shared_suffix"": ""64""}"
experiment-15,segments,Device=0 num_rows=32768 shared_suffix=0 segment_profile=logarithmic,False,False,3,0.9915594287196909,0.9787261381997152,0.9989860519189813,True,"{""num_rows"": ""32768"", ""segment_profile"": ""logarithmic"", ""shared_suffix"": ""0""}"
experiment-15,segments,Device=0 num_rows=2097152 shared_suffix=0 segment_profile=logarithmic,False,False,3,0.9955288522208172,0.991865512392993,0.9976646612510619,True,"{""num_rows"": ""2097152"", ""segment_profile"": ""logarithmic"", ""shared_suffix"": ""0""}"
experiment-15,segments,Device=0 num_rows=32768 shared_suffix=64 segment_profile=logarithmic,False,False,3,0.9924907884653739,0.9780819309681605,1.0070686401093212,True,"{""num_rows"": ""32768"", ""segment_profile"": ""logarithmic"", ""shared_suffix"": ""64""}"
experiment-15,segments,Device=0 num_rows=2097152 shared_suffix=64 segment_profile=logarithmic,False,False,3,0.9980724135601037,0.9941008458755882,1.0019842207903524,True,"{""num_rows"": ""2097152"", ""segment_profile"": ""logarithmic"", ""shared_suffix"": ""64""}"
experiment-15,segments,Device=0 num_rows=32768 shared_suffix=0 segment_profile=tiny_plus_giant,False,False,3,0.9944606869391082,0.9693207479578463,1.008225049311894,True,"{""num_rows"": ""32768"", ""segment_profile"": ""tiny_plus_giant"", ""shared_suffix"": ""0""}"
experiment-15,segments,Device=0 num_rows=2097152 shared_suffix=0 segment_profile=tiny_plus_giant,False,False,3,0.9886718935226931,0.9829569525366959,0.9908289246798672,True,"{""num_rows"": ""2097152"", ""segment_profile"": ""tiny_plus_giant"", ""shared_suffix"": ""0""}"
experiment-15,segments,Device=0 num_rows=32768 shared_suffix=64 segment_profile=tiny_plus_giant,False,False,3,0.9969359217265333,0.990679244997404,0.9999666514581879,True,"{""num_rows"": ""32768"", ""segment_profile"": ""tiny_plus_giant"", ""shared_suffix"": ""64""}"
experiment-15,segments,Device=0 num_rows=2097152 shared_suffix=64 segment_profile=tiny_plus_giant,False,False,3,0.6398579721766783,0.639022365336054,0.6404491576013488,True,"{""num_rows"": ""2097152"", ""segment_profile"": ""tiny_plus_giant"", ""shared_suffix"": ""64""}"
experiment-15,segments,Device=0 num_rows=32768 shared_suffix=0 segment_profile=hot90,False,False,3,1.0043966808659552,0.9582744436925764,1.0243687218130797,True,"{""num_rows"": ""32768"", ""segment_profile"": ""hot90"", ""shared_suffix"": ""0""}"
experiment-15,segments,Device=0 num_rows=2097152 shared_suffix=0 segment_profile=hot90,False,False,3,0.983649380664791,0.9769067430813562,0.9910534469890823,True,"{""num_rows"": ""2097152"", ""segment_profile"": ""hot90"", ""shared_suffix"": ""0""}"
experiment-15,segments,Device=0 num_rows=32768 shared_suffix=64 segment_profile=hot90,False,False,3,0.9927420967654553,0.9900861804293025,0.9995479942764735,True,"{""num_rows"": ""32768"", ""segment_profile"": ""hot90"", ""shared_suffix"": ""64""}"
experiment-15,segments,Device=0 num_rows=2097152 shared_suffix=64 segment_profile=hot90,False,False,3,0.37344680089799887,0.3727734363994495,0.37422001202918087,True,"{""num_rows"": ""2097152"", ""segment_profile"": ""hot90"", ""shared_suffix"": ""64""}"
experiment-15,segments,Device=0 num_rows=32768 shared_suffix=0 segment_profile=few_giants,False,False,3,0.9968813990185608,0.9870279902176586,1.0021936111396972,True,"{""num_rows"": ""32768"", ""segment_profile"": ""few_giants"", ""shared_suffix"": ""0""}"
experiment-15,segments,Device=0 num_rows=2097152 shared_suffix=0 segment_profile=few_giants,False,False,3,0.9865626647544324,0.9773083635632942,0.9911333509025123,True,"{""num_rows"": ""2097152"", ""segment_profile"": ""few_giants"", ""shared_suffix"": ""0""}"
experiment-15,segments,Device=0 num_rows=32768 shared_suffix=64 segment_profile=few_giants,False,False,3,1.0052884755904459,0.9931617028874691,1.0135352706030172,True,"{""num_rows"": ""32768"", ""segment_profile"": ""few_giants"", ""shared_suffix"": ""64""}"
experiment-15,segments,Device=0 num_rows=2097152 shared_suffix=64 segment_profile=few_giants,False,False,3,0.9958034118867659,0.9949396883878945,0.9966360979134516,True,"{""num_rows"": ""2097152"", ""segment_profile"": ""few_giants"", ""shared_suffix"": ""64""}"
experiment-15,segments,Device=0 num_rows=32768 shared_suffix=0 segment_profile=one_segment,False,False,3,0.9864120472581501,0.9712890672187535,1.0054337465008265,True,"{""num_rows"": ""32768"", ""segment_profile"": ""one_segment"", ""shared_suffix"": ""0""}"
experiment-15,segments,Device=0 num_rows=2097152 shared_suffix=0 segment_profile=one_segment,False,False,3,0.26502542962581577,0.2606175438545196,0.26823070632296586,True,"{""num_rows"": ""2097152"", ""segment_profile"": ""one_segment"", ""shared_suffix"": ""0""}"
experiment-15,segments,Device=0 num_rows=32768 shared_suffix=64 segment_profile=one_segment,False,False,3,0.9985482501529443,0.9792168472181646,1.0200892333634894,True,"{""num_rows"": ""32768"", ""segment_profile"": ""one_segment"", ""shared_suffix"": ""64""}"
experiment-15,segments,Device=0 num_rows=2097152 shared_suffix=64 segment_profile=one_segment,False,False,3,0.08551685615801699,0.08437982707128018,0.0862668705267045,True,"{""num_rows"": ""2097152"", ""segment_profile"": ""one_segment"", ""shared_suffix"": ""64""}"
experiment-3,stable-warps-0,Device=0 num_rows=32768 shared_suffix=0 segment_profile=pairs,True,False,3,0.9764539290537358,0.9535241529871109,1.0104544072237613,True,"{""num_rows"": ""32768"", ""segment_profile"": ""pairs"", ""shared_suffix"": ""0""}"
experiment-3,stable-warps-0,Device=0 num_rows=2097152 shared_suffix=0 segment_profile=pairs,True,False,3,0.9875514507350069,0.9638456114435328,1.007936542483165,True,"{""num_rows"": ""2097152"", ""segment_profile"": ""pairs"", ""shared_suffix"": ""0""}"
experiment-3,stable-warps-0,Device=0 num_rows=32768 shared_suffix=64 segment_profile=pairs,True,False,3,0.9597444891676598,0.9163148011487084,1.0228890774762591,True,"{""num_rows"": ""32768"", ""segment_profile"": ""pairs"", ""shared_suffix"": ""64""}"
experiment-3,stable-warps-0,Device=0 num_rows=2097152 shared_suffix=64 segment_profile=pairs,True,False,3,0.9474686735878652,0.9370883290598934,0.9610111029863149,True,"{""num_rows"": ""2097152"", ""segment_profile"": ""pairs"", ""shared_suffix"": ""64""}"
experiment-3,stable-warps-0,Device=0 num_rows=32768 shared_suffix=0 segment_profile=tiny4,True,False,3,0.9815921975905149,0.930777917193215,1.0231390955791395,True,"{""num_rows"": ""32768"", ""segment_profile"": ""tiny4"", ""shared_suffix"": ""0""}"
experiment-3,stable-warps-0,Device=0 num_rows=2097152 shared_suffix=0 segment_profile=tiny4,True,False,3,0.9241527285380012,0.9120985976475936,0.934822930376707,True,"{""num_rows"": ""2097152"", ""segment_profile"": ""tiny4"", ""shared_suffix"": ""0""}"
experiment-3,stable-warps-0,Device=0 num_rows=32768 shared_suffix=64 segment_profile=tiny4,True,False,3,0.9684798673551733,0.8909588949381887,1.0586123573499377,True,"{""num_rows"": ""32768"", ""segment_profile"": ""tiny4"", ""shared_suffix"": ""64""}"
experiment-3,stable-warps-0,Device=0 num_rows=2097152 shared_suffix=64 segment_profile=tiny4,True,False,3,0.8491248194839024,0.8404904958569656,0.8600074187543895,True,"{""num_rows"": ""2097152"", ""segment_profile"": ""tiny4"", ""shared_suffix"": ""64""}"
experiment-3,stable-warps-0,Device=0 num_rows=32768 shared_suffix=0 segment_profile=tiny8,True,False,3,0.9381386218863189,0.9298854529925119,0.9535511720438279,True,"{""num_rows"": ""32768"", ""segment_profile"": ""tiny8"", ""shared_suffix"": ""0""}"
experiment-3,stable-warps-0,Device=0 num_rows=2097152 shared_suffix=0 segment_profile=tiny8,True,False,3,0.8126071038237199,0.8040657348692407,0.8218986551617372,True,"{""num_rows"": ""2097152"", ""segment_profile"": ""tiny8"", ""shared_suffix"": ""0""}"
experiment-3,stable-warps-0,Device=0 num_rows=32768 shared_suffix=64 segment_profile=tiny8,True,False,3,0.9164907039100482,0.8929826812632878,0.9258832887579383,True,"{""num_rows"": ""32768"", ""segment_profile"": ""tiny8"", ""shared_suffix"": ""64""}"
experiment-3,stable-warps-0,Device=0 num_rows=2097152 shared_suffix=64 segment_profile=tiny8,True,False,3,0.7523182981930145,0.7446130916439127,0.7618217116597592,True,"{""num_rows"": ""2097152"", ""segment_profile"": ""tiny8"", ""shared_suffix"": ""64""}"
experiment-3,stable-warps-0,Device=0 num_rows=32768 shared_suffix=0 segment_profile=tiny16,True,False,3,0.9168104502609821,0.9017276826623454,0.934688508079411,True,"{""num_rows"": ""32768"", ""segment_profile"": ""tiny16"", ""shared_suffix"": ""0""}"
experiment-3,stable-warps-0,Device=0 num_rows=2097152 shared_suffix=0 segment_profile=tiny16,True,False,3,0.7490029264623741,0.7414160784899825,0.7613148140377196,True,"{""num_rows"": ""2097152"", ""segment_profile"": ""tiny16"", ""shared_suffix"": ""0""}"
experiment-3,stable-warps-0,Device=0 num_rows=32768 shared_suffix=64 segment_profile=tiny16,True,False,3,0.874919567814009,0.8728508110959033,0.8767886765010902,True,"{""num_rows"": ""32768"", ""segment_profile"": ""tiny16"", ""shared_suffix"": ""64""}"
experiment-3,stable-warps-0,Device=0 num_rows=2097152 shared_suffix=64 segment_profile=tiny16,True,False,3,0.6765470076798048,0.6745354690597444,0.6783771089904866,True,"{""num_rows"": ""2097152"", ""segment_profile"": ""tiny16"", ""shared_suffix"": ""64""}"
experiment-3,stable-warps-0,Device=0 num_rows=32768 shared_suffix=0 segment_profile=tiny32,True,False,3,0.9085029029534937,0.8859777727079864,0.9303201035687619,True,"{""num_rows"": ""32768"", ""segment_profile"": ""tiny32"", ""shared_suffix"": ""0""}"
experiment-3,stable-warps-0,Device=0 num_rows=2097152 shared_suffix=0 segment_profile=tiny32,True,False,3,0.7025460388943159,0.6960193948284231,0.71074743480229,True,"{""num_rows"": ""2097152"", ""segment_profile"": ""tiny32"", ""shared_suffix"": ""0""}"
experiment-3,stable-warps-0,Device=0 num_rows=32768 shared_suffix=64 segment_profile=tiny32,True,False,3,0.8630338187474159,0.8397333315692387,0.8876898543273571,True,"{""num_rows"": ""32768"", ""segment_profile"": ""tiny32"", ""shared_suffix"": ""64""}"
experiment-3,stable-warps-0,Device=0 num_rows=2097152 shared_suffix=64 segment_profile=tiny32,True,False,3,0.6482091558270346,0.6452884052051083,0.6509734499410944,True,"{""num_rows"": ""2097152"", ""segment_profile"": ""tiny32"", ""shared_suffix"": ""64""}"
experiment-15,end-to-end,Device=0 min_width=0 max_width=32 num_rows=262144 workload=normal,False,False,3,0.9961694105726375,0.9404628922481524,1.0402394377183988,True,"{""max_width"": ""32"", ""min_width"": ""0"", ""num_rows"": ""262144"", ""workload"": ""normal""}"
experiment-15,end-to-end,Device=0 min_width=0 max_width=256 num_rows=262144 workload=normal,False,False,3,0.9901151983601402,0.9769730572321924,1.0134846234994217,True,"{""max_width"": ""256"", ""min_width"": ""0"", ""num_rows"": ""262144"", ""workload"": ""normal""}"
experiment-15,end-to-end,Device=0 min_width=0 max_width=32 num_rows=2097152 workload=normal,False,False,3,0.9842018090517353,0.9639330814181518,1.0007385607120973,True,"{""max_width"": ""32"", ""min_width"": ""0"", ""num_rows"": ""2097152"", ""workload"": ""normal""}"
experiment-15,end-to-end,Device=0 min_width=0 max_width=256 num_rows=2097152 workload=normal,False,False,3,0.9976497816471728,0.9824497354298071,1.018004995632117,True,"{""max_width"": ""256"", ""min_width"": ""0"", ""num_rows"": ""2097152"", ""workload"": ""normal""}"
experiment-15,end-to-end,Device=0 min_width=0 max_width=32 num_rows=262144 workload=duplicates,False,False,3,1.0062125145063912,0.9537510313569701,1.041321430714999,True,"{""max_width"": ""32"", ""min_width"": ""0"", ""num_rows"": ""262144"", ""workload"": ""duplicates""}"
experiment-15,end-to-end,Device=0 min_width=0 max_width=256 num_rows=262144 workload=duplicates,False,False,3,0.999148327223656,0.9868355923641473,1.0118352248999887,True,"{""max_width"": ""256"", ""min_width"": ""0"", ""num_rows"": ""262144"", ""workload"": ""duplicates""}"
experiment-15,end-to-end,Device=0 min_width=0 max_width=32 num_rows=2097152 workload=duplicates,False,False,3,0.7775925009429827,0.7728485997570527,0.7868204863658786,True,"{""max_width"": ""32"", ""min_width"": ""0"", ""num_rows"": ""2097152"", ""workload"": ""duplicates""}"
experiment-15,end-to-end,Device=0 min_width=0 max_width=256 num_rows=2097152 workload=duplicates,False,False,3,0.6116035506854836,0.6083578830249583,0.6159769117494595,True,"{""max_width"": ""256"", ""min_width"": ""0"", ""num_rows"": ""2097152"", ""workload"": ""duplicates""}"
experiment-15,end-to-end,Device=0 min_width=0 max_width=32 num_rows=262144 workload=shared_prefix,False,False,3,0.8090757651232635,0.776455588548309,0.8353092125313725,True,"{""max_width"": ""32"", ""min_width"": ""0"", ""num_rows"": ""262144"", ""workload"": ""shared_prefix""}"
experiment-15,end-to-end,Device=0 min_width=0 max_width=256 num_rows=262144 workload=shared_prefix,False,False,3,0.11309972273379808,0.11106087674027142,0.11479971223193976,True,"{""max_width"": ""256"", ""min_width"": ""0"", ""num_rows"": ""262144"", ""workload"": ""shared_prefix""}"
experiment-15,end-to-end,Device=0 min_width=0 max_width=32 num_rows=2097152 workload=shared_prefix,False,False,3,0.7390080220115768,0.7354025531166053,0.7423602071123778,True,"{""max_width"": ""32"", ""min_width"": ""0"", ""num_rows"": ""2097152"", ""workload"": ""shared_prefix""}"
experiment-15,end-to-end,Device=0 min_width=0 max_width=256 num_rows=2097152 workload=shared_prefix,False,False,3,0.12115241216899227,0.12072468655855025,0.12162885108375886,True,"{""max_width"": ""256"", ""min_width"": ""0"", ""num_rows"": ""2097152"", ""workload"": ""shared_prefix""}"
experiment-15,end-to-end,Device=0 min_width=0 max_width=32 num_rows=262144 workload=variable,False,False,3,1.0051216014919357,0.9302164451788373,1.0845573761929492,True,"{""max_width"": ""32"", ""min_width"": ""0"", ""num_rows"": ""262144"", ""workload"": ""variable""}"
experiment-15,end-to-end,Device=0 min_width=0 max_width=256 num_rows=262144 workload=variable,False,False,3,1.001522636304005,0.9513352816571334,1.0607871863637748,True,"{""max_width"": ""256"", ""min_width"": ""0"", ""num_rows"": ""262144"", ""workload"": ""variable""}"
experiment-15,end-to-end,Device=0 min_width=0 max_width=32 num_rows=2097152 workload=variable,False,False,3,0.9985647049067585,0.9687007710594757,1.0254194006785065,True,"{""max_width"": ""32"", ""min_width"": ""0"", ""num_rows"": ""2097152"", ""workload"": ""variable""}"
experiment-15,end-to-end,Device=0 min_width=0 max_width=256 num_rows=2097152 workload=variable,False,False,3,1.0071474865837151,0.9824657003751758,1.026956751559148,True,"{""max_width"": ""256"", ""min_width"": ""0"", ""num_rows"": ""2097152"", ""workload"": ""variable""}"
